# 260406_15:28:17.558662
t	CH1	CH2
0.000000e+00	-8.406672e-03	2.313271e+00
1.000000e-08	-7.264989e-03	2.049645e+00
2.000000e-08	-6.764903e-03	1.716834e+00
3.000000e-08	-6.427189e-03	1.411146e+00
4.000000e-08	-6.542300e-03	1.115407e+00
5.000000e-08	-6.308986e-03	7.711389e-01
6.000000e-08	-5.691747e-03	5.584036e-01
7.000000e-08	-4.611856e-03	2.307982e-01
8.000000e-08	-2.457862e-03	-4.159262e-02
9.000000e-08	7.377691e-03	-2.857005e-01
1.000000e-07	-3.580553e-03	-5.163330e-01
1.100000e-07	2.245326e-03	-8.620165e-01
1.200000e-07	-2.198724e-03	-1.083071e+00
1.300000e-07	2.426750e-03	-1.408482e+00
1.400000e-07	-3.004993e-03	-1.661569e+00
1.500000e-07	2.133583e-02	-1.853700e+00
1.600000e-07	7.615819e-02	-2.103128e+00
1.700000e-07	3.573422e-02	-2.502116e+00
1.800000e-07	-9.789299e-02	-2.881516e+00
1.900000e-07	1.822839e-02	-3.220341e+00
2.000000e-07	-4.705423e-02	-3.441116e+00
2.100000e-07	-4.272722e-02	-3.650441e+00
2.200000e-07	-1.960943e-02	-3.861475e+00
2.300000e-07	1.789801e-01	-4.059022e+00
2.400000e-07	-1.890319e-01	-4.334180e+00
2.500000e-07	1.703634e-01	-4.645865e+00
2.600000e-07	-7.350036e-02	-4.850566e+00
2.700000e-07	-4.069747e-02	-5.175732e+00
2.800000e-07	1.270831e-01	-5.449449e+00
2.900000e-07	-1.482173e-01	-5.785308e+00
3.000000e-07	1.646021e-01	-5.988337e+00
3.100000e-07	-7.474084e-02	-6.281014e+00
3.200000e-07	-3.636884e-03	-6.596360e+00
3.300000e-07	6.975852e-02	-6.866889e+00
3.400000e-07	-1.032219e-01	-7.162652e+00
3.500000e-07	1.274383e-01	-7.375365e+00
3.600000e-07	-1.203487e-01	-7.668067e+00
3.700000e-07	1.165587e-01	-7.943784e+00
3.800000e-07	-2.077669e-02	-8.165310e+00
3.900000e-07	-1.025858e-02	-8.388025e+00
4.000000e-07	6.868550e-02	-8.620580e+00
4.100000e-07	-7.264431e-02	-8.903707e+00
4.200000e-07	7.813406e-02	-9.131259e+00
4.300000e-07	-6.914877e-02	-9.355757e+00
4.400000e-07	8.790853e-02	-9.593888e+00
4.500000e-07	-2.014376e-02	-9.827394e+00
4.600000e-07	2.233471e-02	-1.003699e+01
4.700000e-07	-3.450029e-03	-1.026797e+01
4.800000e-07	8.227814e-03	-1.046003e+01
4.900000e-07	3.852365e-02	-1.063803e+01
5.000000e-07	-2.082917e-02	-1.084793e+01
5.100000e-07	4.925107e-02	-1.101605e+01
5.200000e-07	-1.643023e-02	-1.123900e+01
5.300000e-07	3.694086e-02	-1.142698e+01
5.400000e-07	-1.910728e-02	-1.164757e+01
5.500000e-07	5.260605e-02	-1.184706e+01
5.600000e-07	-3.929091e-03	-1.205602e+01
5.700000e-07	2.327255e-02	-1.224655e+01
5.800000e-07	4.094481e-03	-1.235434e+01
5.900000e-07	3.220143e-02	-1.254332e+01
6.000000e-07	1.442626e-02	-1.268171e+01
6.100000e-07	1.066028e-02	-1.289071e+01
6.200000e-07	2.417829e-02	-1.300745e+01
6.300000e-07	1.398134e-02	-1.318337e+01
6.400000e-07	2.478187e-02	-1.331272e+01
6.500000e-07	1.249294e-02	-1.347968e+01
6.600000e-07	3.654718e-02	-1.362638e+01
6.700000e-07	1.312117e-02	-1.377272e+01
6.800000e-07	2.513257e-02	-1.387909e+01
6.900000e-07	1.904350e-02	-1.403541e+01
7.000000e-07	3.402529e-02	-1.413132e+01
7.100000e-07	2.020456e-02	-1.426703e+01
7.200000e-07	2.600691e-02	-1.438030e+01
7.300000e-07	2.779126e-02	-1.448583e+01
7.400000e-07	2.913165e-02	-1.456235e+01
7.500000e-07	2.971614e-02	-1.465558e+01
7.600000e-07	3.087062e-02	-1.470174e+01
7.700000e-07	3.277349e-02	-1.482295e+01
7.800000e-07	2.879790e-02	-1.486806e+01
7.900000e-07	3.098296e-02	-1.496172e+01
8.000000e-07	3.490196e-02	-1.496188e+01
8.100000e-07	3.563907e-02	-1.500556e+01
8.200000e-07	3.442480e-02	-1.504696e+01
8.300000e-07	3.610007e-02	-1.509117e+01
8.400000e-07	3.711865e-02	-1.511238e+01
8.500000e-07	3.732686e-02	-1.519388e+01
8.600000e-07	3.904904e-02	-1.519533e+01
8.700000e-07	4.345229e-02	-1.522596e+01
8.800000e-07	4.233606e-02	-1.526659e+01
8.900000e-07	4.233665e-02	-1.528661e+01
9.000000e-07	4.447255e-02	-1.527857e+01
9.100000e-07	4.542689e-02	-1.531767e+01
9.200000e-07	4.655086e-02	-1.528759e+01
9.300000e-07	4.671024e-02	-1.524699e+01
9.400000e-07	5.207015e-02	-1.524659e+01
9.500000e-07	5.293782e-02	-1.525549e+01
9.600000e-07	5.523012e-02	-1.523546e+01
9.700000e-07	5.765906e-02	-1.511391e+01
9.800000e-07	5.946396e-02	-1.513280e+01
9.900000e-07	6.213947e-02	-1.508072e+01
1.000000e-06	6.583787e-02	-1.504766e+01
1.010000e-06	7.016536e-02	-1.500341e+01
1.020000e-06	7.224540e-02	-1.496285e+01
1.030000e-06	7.449511e-02	-1.490867e+01
1.040000e-06	7.738071e-02	-1.478449e+01
1.050000e-06	7.831991e-02	-1.469228e+01
1.060000e-06	7.693433e-02	-1.460404e+01
1.070000e-06	7.579881e-02	-1.457188e+01
1.080000e-06	7.537405e-02	-1.442707e+01
1.090000e-06	7.277790e-02	-1.434185e+01
1.100000e-06	6.724247e-02	-1.422799e+01
1.110000e-06	6.308128e-02	-1.411125e+01
1.120000e-06	6.074264e-02	-1.398544e+01
1.130000e-06	5.733337e-02	-1.384908e+01
1.140000e-06	5.362313e-02	-1.378236e+01
1.150000e-06	5.037076e-02	-1.361549e+01
1.160000e-06	4.810877e-02	-1.344115e+01
1.170000e-06	4.355626e-02	-1.334170e+01
1.180000e-06	3.995020e-02	-1.319647e+01
1.190000e-06	3.723653e-02	-1.302907e+01
1.200000e-06	3.646213e-02	-1.296188e+01
1.210000e-06	3.415883e-02	-1.280486e+01
1.220000e-06	3.246389e-02	-1.259652e+01
1.230000e-06	2.996990e-02	-1.252860e+01
1.240000e-06	2.949335e-02	-1.226867e+01
1.250000e-06	2.790813e-02	-1.213288e+01
1.260000e-06	2.552405e-02	-1.194230e+01
1.270000e-06	2.392759e-02	-1.173171e+01
1.280000e-06	2.301359e-02	-1.155079e+01
1.290000e-06	2.185839e-02	-1.128130e+01
1.300000e-06	2.025333e-02	-1.112075e+01
1.310000e-06	1.972055e-02	-1.090133e+01
1.320000e-06	1.823103e-02	-1.070175e+01
1.330000e-06	1.758877e-02	-1.055280e+01
1.340000e-06	1.592630e-02	-1.028128e+01
1.350000e-06	1.553700e-02	-1.011970e+01
1.360000e-06	1.484365e-02	-9.810597e+00
1.370000e-06	1.396785e-02	-9.689119e+00
1.380000e-06	1.188724e-02	-9.408042e+00
1.390000e-06	1.157940e-02	-9.227491e+00
1.400000e-06	1.070988e-02	-8.935882e+00
1.410000e-06	9.816535e-03	-8.712356e+00
1.420000e-06	9.189965e-03	-8.501753e+00
1.430000e-06	7.914665e-03	-8.250144e+00
1.440000e-06	8.010009e-03	-8.019613e+00
1.450000e-06	7.395517e-03	-7.754381e+00
1.460000e-06	7.070679e-03	-7.469657e+00
1.470000e-06	6.335239e-03	-7.209566e+00
1.480000e-06	5.315037e-03	-6.995412e+00
1.490000e-06	5.525428e-03	-6.714328e+00
1.500000e-06	3.636688e-03	-6.502125e+00
1.510000e-06	3.907743e-03	-6.169167e+00
1.520000e-06	3.759369e-03	-5.915930e+00
1.530000e-06	3.557152e-03	-5.673278e+00
1.540000e-06	2.667221e-03	-5.400063e+00
1.550000e-06	2.834889e-03	-5.132357e+00
1.560000e-06	1.872877e-03	-4.758091e+00
1.570000e-06	1.962048e-03	-4.515273e+00
1.580000e-06	1.799871e-03	-4.273326e+00
1.590000e-06	1.924642e-03	-4.019067e+00
1.600000e-06	1.066472e-03	-3.716961e+00
1.610000e-06	-1.581463e-03	-3.461703e+00
1.620000e-06	-1.894776e-04	-3.180960e+00
1.630000e-06	-2.756811e-03	-2.853229e+00
1.640000e-06	-2.742718e-04	-2.640140e+00
1.650000e-06	-2.946238e-03	-2.308406e+00
1.660000e-06	-1.420910e-03	-2.022668e+00
1.670000e-06	-2.836277e-03	-1.748034e+00
1.680000e-06	-1.058382e-03	-1.504849e+00
1.690000e-06	-4.778346e-03	-1.175957e+00
1.700000e-06	-3.239907e-03	-8.751707e-01
1.710000e-06	-3.921155e-03	-5.764638e-01
1.720000e-06	-3.022516e-03	-3.042734e-01
1.730000e-06	-4.649962e-03	1.093241e-02
1.740000e-06	5.784482e-03	2.936417e-01
1.750000e-06	8.219264e-04	5.262531e-01
1.760000e-06	-1.003895e-03	7.998597e-01
1.770000e-06	1.850541e-04	1.074694e+00
1.780000e-06	-3.062667e-03	1.336708e+00
1.790000e-06	-1.572822e-03	1.692094e+00
1.800000e-06	1.119684e-03	1.915231e+00
1.810000e-06	2.150298e-02	2.113182e+00
1.820000e-06	7.607964e-02	2.391061e+00
1.830000e-06	1.643994e-04	2.766760e+00
1.840000e-06	-7.773262e-02	3.032070e+00
1.850000e-06	-1.601747e-02	3.303278e+00
1.860000e-06	-2.301061e-02	3.619441e+00
1.870000e-06	-3.880479e-02	3.849551e+00
1.880000e-06	-3.780104e-02	4.051475e+00
1.890000e-06	1.118981e-01	4.323620e+00
1.900000e-06	-3.658391e-02	4.566333e+00
1.910000e-06	-6.542527e-02	4.826869e+00
1.920000e-06	1.455582e-01	5.195106e+00
1.930000e-06	-1.620553e-01	5.420479e+00
1.940000e-06	8.587556e-02	5.703625e+00
1.950000e-06	-5.175088e-02	5.926388e+00
1.960000e-06	1.221433e-02	6.248993e+00
1.970000e-06	8.249469e-03	6.502104e+00
1.980000e-06	-3.686101e-02	6.797415e+00
1.990000e-06	3.638982e-02	7.047501e+00
2.000000e-06	-5.533203e-02	7.363208e+00
2.010000e-06	1.628168e-02	7.629946e+00
2.020000e-06	-4.398730e-02	7.871527e+00
2.030000e-06	2.009347e-02	8.173791e+00
2.040000e-06	1.922248e-02	8.356918e+00
2.050000e-06	-4.816230e-02	8.605995e+00
2.060000e-06	1.283165e-02	8.839025e+00
2.070000e-06	-2.598913e-02	9.069125e+00
2.080000e-06	4.201087e-05	9.345234e+00
2.090000e-06	-3.107244e-02	9.493761e+00
2.100000e-06	1.984491e-03	9.805810e+00
2.110000e-06	-8.616485e-03	9.997350e+00
2.120000e-06	-1.936089e-02	1.023692e+01
2.130000e-06	-2.333997e-02	1.042740e+01
2.140000e-06	-1.158268e-02	1.063847e+01
2.150000e-06	-2.378827e-03	1.082740e+01
2.160000e-06	-2.776943e-02	1.101845e+01
2.170000e-06	-1.575229e-02	1.121645e+01
2.180000e-06	-7.434860e-03	1.142645e+01
2.190000e-06	-1.177479e-02	1.162840e+01
2.200000e-06	-3.116970e-02	1.178795e+01
2.210000e-06	-1.182353e-02	1.198600e+01
2.220000e-06	-1.521518e-02	1.219379e+01
2.230000e-06	-2.279743e-02	1.235427e+01
2.240000e-06	-2.705765e-02	1.255277e+01
2.250000e-06	-1.196619e-02	1.267964e+01
2.260000e-06	-1.962205e-02	1.289808e+01
2.270000e-06	-2.998814e-02	1.297695e+01
2.280000e-06	-2.224036e-02	1.316229e+01
2.290000e-06	-2.069783e-02	1.333069e+01
2.300000e-06	-2.413685e-02	1.345858e+01
2.310000e-06	-3.267021e-02	1.361488e+01
2.320000e-06	-1.788678e-02	1.374225e+01
2.330000e-06	-2.757898e-02	1.387869e+01
2.340000e-06	-2.803190e-02	1.400540e+01
2.350000e-06	-3.211838e-02	1.419230e+01
2.360000e-06	-2.520887e-02	1.429914e+01
2.370000e-06	-3.032967e-02	1.440551e+01
2.380000e-06	-3.429354e-02	1.447071e+01
2.390000e-06	-2.873833e-02	1.460435e+01
2.400000e-06	-3.391762e-02	1.468014e+01
2.410000e-06	-3.201130e-02	1.477333e+01
2.420000e-06	-3.694225e-02	1.486708e+01
2.430000e-06	-3.238893e-02	1.487109e+01
2.440000e-06	-4.024408e-02	1.492185e+01
2.450000e-06	-3.844145e-02	1.500450e+01
2.460000e-06	-3.935494e-02	1.504819e+01
2.470000e-06	-3.892440e-02	1.504064e+01
2.480000e-06	-4.258848e-02	1.513284e+01
2.490000e-06	-4.448795e-02	1.515436e+01
2.500000e-06	-4.221392e-02	1.522543e+01
2.510000e-06	-4.638252e-02	1.525754e+01
2.520000e-06	-4.596837e-02	1.527909e+01
2.530000e-06	-4.863203e-02	1.527862e+01
2.540000e-06	-4.552081e-02	1.532067e+01
2.550000e-06	-5.063643e-02	1.536182e+01
2.560000e-06	-5.216085e-02	1.534083e+01
2.570000e-06	-5.271001e-02	1.536073e+01
2.580000e-06	-5.517610e-02	1.533875e+01
2.590000e-06	-5.559187e-02	1.533825e+01
2.600000e-06	-5.850418e-02	1.527978e+01
2.610000e-06	-5.769834e-02	1.528957e+01
2.620000e-06	-6.297249e-02	1.524607e+01
2.630000e-06	-6.438816e-02	1.519554e+01
2.640000e-06	-6.824052e-02	1.517486e+01
2.650000e-06	-7.094829e-02	1.511280e+01
2.660000e-06	-7.514156e-02	1.506962e+01
2.670000e-06	-7.787169e-02	1.499554e+01
2.680000e-06	-7.962504e-02	1.493385e+01
2.690000e-06	-8.350996e-02	1.486018e+01
2.700000e-06	-8.389625e-02	1.484544e+01
2.710000e-06	-8.501956e-02	1.471530e+01
2.720000e-06	-8.396018e-02	1.463712e+01
2.730000e-06	-8.359005e-02	1.453228e+01
2.740000e-06	-7.843193e-02	1.444802e+01
2.750000e-06	-7.570484e-02	1.437386e+01
2.760000e-06	-7.178015e-02	1.421657e+01
2.770000e-06	-6.922560e-02	1.410028e+01
2.780000e-06	-6.491318e-02	1.393383e+01
2.790000e-06	-6.186841e-02	1.381017e+01
2.800000e-06	-5.759916e-02	1.375068e+01
2.810000e-06	-5.560073e-02	1.358546e+01
2.820000e-06	-4.943629e-02	1.344907e+01
2.830000e-06	-5.043589e-02	1.333028e+01
2.840000e-06	-4.753906e-02	1.318430e+01
2.850000e-06	-4.618731e-02	1.298907e+01
2.860000e-06	-4.154131e-02	1.285015e+01
2.870000e-06	-4.115122e-02	1.272223e+01
2.880000e-06	-3.741356e-02	1.258491e+01
2.890000e-06	-3.665317e-02	1.236641e+01
2.900000e-06	-3.416319e-02	1.219752e+01
2.910000e-06	-3.493370e-02	1.207822e+01
2.920000e-06	-3.224962e-02	1.185967e+01
2.930000e-06	-3.146328e-02	1.165015e+01
2.940000e-06	-2.936676e-02	1.142165e+01
2.950000e-06	-2.853695e-02	1.127862e+01
2.960000e-06	-2.708785e-02	1.105120e+01
2.970000e-06	-2.635814e-02	1.090270e+01
2.980000e-06	-2.604813e-02	1.064030e+01
2.990000e-06	-2.375455e-02	1.040859e+01
3.000000e-06	-2.372385e-02	1.018760e+01
3.010000e-06	-2.217682e-02	9.977591e+00
3.020000e-06	-2.184191e-02	9.746492e+00
3.030000e-06	-2.092700e-02	9.545361e+00
3.040000e-06	-2.101263e-02	9.334856e+00
3.050000e-06	-2.050434e-02	9.083232e+00
3.060000e-06	-1.864788e-02	8.891571e+00
3.070000e-06	-1.923567e-02	8.599567e+00
3.080000e-06	-1.832443e-02	8.418062e+00
3.090000e-06	-1.890469e-02	8.176511e+00
3.100000e-06	-1.624689e-02	7.895835e+00
3.110000e-06	-1.667069e-02	7.681719e+00
3.120000e-06	-1.623934e-02	7.398490e+00
3.130000e-06	-1.509386e-02	7.125806e+00
3.140000e-06	-1.397458e-02	6.893250e+00
3.150000e-06	-1.389441e-02	6.649068e+00
3.160000e-06	-1.404501e-02	6.365989e+00
3.170000e-06	-1.315400e-02	6.124828e+00
3.180000e-06	-1.318526e-02	5.851849e+00
3.190000e-06	-1.276614e-02	5.598041e+00
3.200000e-06	-1.126409e-02	5.314859e+00
3.210000e-06	-1.095975e-02	4.997045e+00
3.220000e-06	-1.070322e-02	4.675276e+00
3.230000e-06	-1.142046e-02	4.461592e+00
3.240000e-06	-1.101422e-02	4.137440e+00
3.250000e-06	-9.899270e-03	3.892203e+00
3.260000e-06	-9.725383e-03	3.619639e+00
3.270000e-06	-9.832460e-03	3.315781e+00
3.280000e-06	-9.449451e-03	3.021172e+00
3.290000e-06	-9.894382e-03	2.809585e+00
3.300000e-06	-8.159286e-03	2.483779e+00
3.310000e-06	-7.980890e-03	2.170510e+00
3.320000e-06	-7.510514e-03	1.947903e+00
3.330000e-06	-5.965486e-03	1.641145e+00
3.340000e-06	-5.834750e-03	1.307426e+00
3.350000e-06	-6.894179e-03	9.517518e-01
3.360000e-06	-5.940565e-03	7.053758e-01
3.370000e-06	-6.218939e-03	4.526405e-01
3.380000e-06	-4.517150e-03	1.304901e-01
3.390000e-06	-8.474101e-04	-1.362291e-01
3.400000e-06	1.028419e-02	-3.783635e-01
3.410000e-06	-5.227357e-03	-6.511625e-01
3.420000e-06	6.637616e-03	-9.152031e-01
3.430000e-06	-5.469760e-03	-1.188888e+00
3.440000e-06	3.351472e-03	-1.515300e+00
3.450000e-06	-4.086647e-03	-1.716731e+00
3.460000e-06	3.476345e-02	-1.996812e+00
3.470000e-06	9.836182e-02	-2.187955e+00
3.480000e-06	-4.311576e-02	-2.617864e+00
3.490000e-06	-4.834122e-02	-2.988301e+00
3.500000e-06	-9.293451e-03	-3.294578e+00
3.510000e-06	-2.584418e-02	-3.523655e+00
3.520000e-06	-8.329522e-02	-3.714229e+00
3.530000e-06	1.024857e-01	-3.931684e+00
3.540000e-06	6.893922e-02	-4.106182e+00
3.550000e-06	-1.428705e-01	-4.439518e+00
3.560000e-06	1.975847e-01	-4.650525e+00
3.570000e-06	-1.865038e-01	-4.975310e+00
3.580000e-06	1.080084e-01	-5.271044e+00
3.590000e-06	-2.744658e-03	-5.533286e+00
3.600000e-06	-6.882536e-02	-5.869495e+00
3.610000e-06	1.570872e-01	-6.051174e+00
3.620000e-06	-1.440216e-01	-6.364886e+00
3.630000e-06	1.043277e-01	-6.679544e+00
3.640000e-06	-4.149207e-02	-6.881627e+00
3.650000e-06	-1.184755e-02	-7.177943e+00
3.660000e-06	6.850384e-02	-7.458999e+00
3.670000e-06	-9.755103e-02	-7.744658e+00
3.680000e-06	1.513426e-01	-8.046942e+00
3.690000e-06	-9.967802e-02	-8.278524e+00
3.700000e-06	7.689456e-02	-8.511608e+00
3.710000e-06	-1.343666e-02	-8.751742e+00
3.720000e-06	-1.172458e-02	-8.997441e+00
3.730000e-06	4.009200e-02	-9.188370e+00
3.740000e-06	-4.497991e-02	-9.399000e+00
3.750000e-06	9.549174e-02	-9.668054e+00
3.760000e-06	-5.187325e-02	-9.901105e+00
3.770000e-06	5.347181e-02	-1.011108e+01
3.780000e-06	-3.922299e-02	-1.031121e+01
3.790000e-06	5.309896e-02	-1.051273e+01
3.800000e-06	-4.981388e-03	-1.071216e+01
3.810000e-06	1.631335e-02	-1.092110e+01
3.820000e-06	2.380906e-02	-1.109061e+01
3.830000e-06	2.851679e-03	-1.129173e+01
3.840000e-06	2.006125e-02	-1.145913e+01
3.850000e-06	-4.739008e-03	-1.170124e+01
3.860000e-06	4.959993e-02	-1.193214e+01
3.870000e-06	-1.109795e-02	-1.212168e+01
3.880000e-06	2.956681e-02	-1.226853e+01
3.890000e-06	3.680450e-04	-1.239748e+01
3.900000e-06	4.191477e-02	-1.263755e+01
3.910000e-06	-1.068502e-03	-1.275429e+01
3.920000e-06	2.434187e-02	-1.293269e+01
3.930000e-06	1.369339e-02	-1.306011e+01
3.940000e-06	2.363539e-02	-1.325700e+01
3.950000e-06	1.545168e-02	-1.338290e+01
3.960000e-06	2.314823e-02	-1.357217e+01
3.970000e-06	2.918989e-02	-1.365658e+01
3.980000e-06	1.582972e-02	-1.375395e+01
3.990000e-06	2.423886e-02	-1.393317e+01
4.000000e-06	2.269254e-02	-1.406756e+01
4.010000e-06	3.139046e-02	-1.415335e+01
4.020000e-06	1.970929e-02	-1.428961e+01
4.030000e-06	2.891287e-02	-1.439238e+01
4.040000e-06	2.652647e-02	-1.451914e+01
4.050000e-06	2.977360e-02	-1.457490e+01
4.060000e-06	2.809849e-02	-1.463953e+01
4.070000e-06	3.250705e-02	-1.473127e+01
4.080000e-06	3.072266e-02	-1.484498e+01
4.090000e-06	2.888679e-02	-1.489759e+01
4.100000e-06	3.176814e-02	-1.492122e+01
4.110000e-06	3.611884e-02	-1.497346e+01
4.120000e-06	3.510078e-02	-1.502704e+01
4.130000e-06	3.477743e-02	-1.506959e+01
4.140000e-06	3.667900e-02	-1.508182e+01
4.150000e-06	3.764650e-02	-1.513385e+01
4.160000e-06	3.748178e-02	-1.518381e+01
4.170000e-06	4.024271e-02	-1.520491e+01
4.180000e-06	4.376779e-02	-1.524556e+01
4.190000e-06	4.254649e-02	-1.527648e+01
4.200000e-06	4.481360e-02	-1.530811e+01
4.210000e-06	4.390082e-02	-1.528864e+01
4.220000e-06	4.586015e-02	-1.528712e+01
4.230000e-06	4.645929e-02	-1.527954e+01
4.240000e-06	4.934105e-02	-1.525556e+01
4.250000e-06	5.170425e-02	-1.522606e+01
4.260000e-06	5.273587e-02	-1.525496e+01
4.270000e-06	5.538632e-02	-1.519548e+01
4.280000e-06	5.816791e-02	-1.521388e+01
4.290000e-06	5.987715e-02	-1.512280e+01
4.300000e-06	6.398864e-02	-1.504964e+01
4.310000e-06	6.683338e-02	-1.501809e+01
4.320000e-06	7.206675e-02	-1.495393e+01
4.330000e-06	7.343381e-02	-1.494077e+01
4.340000e-06	7.569288e-02	-1.489809e+01
4.350000e-06	7.839045e-02	-1.479439e+01
4.360000e-06	7.795517e-02	-1.467267e+01
4.370000e-06	7.657891e-02	-1.460649e+01
4.380000e-06	7.624424e-02	-1.456980e+01
4.390000e-06	7.456465e-02	-1.444437e+01
4.400000e-06	7.073621e-02	-1.423980e+01
4.410000e-06	6.607820e-02	-1.418291e+01
4.420000e-06	6.304406e-02	-1.409912e+01
4.430000e-06	5.941379e-02	-1.393284e+01
4.440000e-06	5.608716e-02	-1.378654e+01
4.450000e-06	5.295759e-02	-1.372880e+01
4.460000e-06	5.017311e-02	-1.356383e+01
4.470000e-06	4.547364e-02	-1.339757e+01
4.480000e-06	4.231153e-02	-1.331970e+01
4.490000e-06	3.908654e-02	-1.315363e+01
4.500000e-06	3.689424e-02	-1.300651e+01
4.510000e-06	3.530625e-02	-1.285812e+01
4.520000e-06	3.542669e-02	-1.270277e+01
4.530000e-06	3.220509e-02	-1.253494e+01
4.540000e-06	2.957103e-02	-1.242797e+01
4.550000e-06	2.691607e-02	-1.223857e+01
4.560000e-06	2.663565e-02	-1.205970e+01
4.570000e-06	2.549838e-02	-1.185914e+01
4.580000e-06	2.228628e-02	-1.171910e+01
4.590000e-06	2.255353e-02	-1.147863e+01
4.600000e-06	2.247941e-02	-1.123815e+01
4.610000e-06	1.986327e-02	-1.100907e+01
4.620000e-06	1.839909e-02	-1.086714e+01
4.630000e-06	1.740578e-02	-1.062920e+01
4.640000e-06	1.723051e-02	-1.046749e+01
4.650000e-06	1.579632e-02	-1.020607e+01
4.660000e-06	1.517904e-02	-1.001854e+01
4.670000e-06	1.465440e-02	-9.755985e+00
4.680000e-06	1.282114e-02	-9.535909e+00
4.690000e-06	1.065951e-02	-9.375955e+00
4.700000e-06	1.114150e-02	-9.102782e+00
4.710000e-06	1.102125e-02	-8.871626e+00
4.720000e-06	1.022076e-02	-8.620143e+00
4.730000e-06	8.438048e-03	-8.377492e+00
4.740000e-06	8.339326e-03	-8.196310e+00
4.750000e-06	7.143988e-03	-7.963406e+00
4.760000e-06	5.401256e-03	-7.669595e+00
4.770000e-06	6.898550e-03	-7.406040e+00
4.780000e-06	5.355746e-03	-7.105382e+00
4.790000e-06	6.513538e-03	-6.892774e+00
4.800000e-06	4.337385e-03	-6.598590e+00
4.810000e-06	5.915278e-03	-6.419510e+00
4.820000e-06	2.881521e-03	-6.094355e+00
4.830000e-06	4.764772e-03	-5.830222e+00
4.840000e-06	1.854014e-03	-5.609087e+00
4.850000e-06	3.462339e-03	-5.283331e+00
4.860000e-06	2.360569e-03	-4.979095e+00
4.870000e-06	3.205677e-03	-4.652729e+00
4.880000e-06	7.388086e-04	-4.430591e+00
4.890000e-06	1.925258e-03	-4.200109e+00
4.900000e-06	4.686189e-04	-3.946409e+00
4.910000e-06	1.231667e-03	-3.641643e+00
4.920000e-06	-1.568281e-03	-3.399460e+00
4.930000e-06	-7.588700e-05	-3.053278e+00
4.940000e-06	-2.373598e-03	-2.790568e+00
4.950000e-06	6.330579e-05	-2.518301e+00
4.960000e-06	-1.908499e-03	-2.272816e+00
4.970000e-06	-2.674384e-03	-1.927007e+00
4.980000e-06	-3.601556e-03	-1.714273e+00
4.990000e-06	-2.967734e-03	-1.378483e+00
5.000000e-06	-4.233490e-03	-1.073192e+00
5.010000e-06	-3.543861e-03	-7.791313e-01
5.020000e-06	-3.036343e-03	-4.737007e-01
5.030000e-06	-4.044579e-03	-1.710126e-01
5.040000e-06	-9.065035e-04	3.092806e-03
5.050000e-06	8.592872e-03	3.788872e-01
5.060000e-06	-5.836343e-03	6.104426e-01
5.070000e-06	3.405046e-03	8.724740e-01
5.080000e-06	-4.546772e-03	1.227256e+00
5.090000e-06	2.485620e-04	1.492623e+00
5.100000e-06	-7.122155e-03	1.757888e+00
5.110000e-06	1.002000e-02	1.948365e+00
5.120000e-06	2.918972e-02	2.198441e+00
5.130000e-06	8.930062e-02	2.493047e+00
5.140000e-06	-6.405853e-02	2.800993e+00
5.150000e-06	-3.942989e-02	3.135653e+00
5.160000e-06	-3.159308e-02	3.398464e+00
5.170000e-06	-4.281105e-03	3.682654e+00
5.180000e-06	-7.198829e-02	3.923709e+00
5.190000e-06	1.475266e-02	4.084174e+00
5.200000e-06	1.131974e-01	4.397990e+00
5.210000e-06	-1.294895e-01	4.712522e+00
5.220000e-06	6.796979e-02	4.910626e+00
5.230000e-06	2.736117e-02	5.249015e+00
5.240000e-06	-1.005454e-01	5.555713e+00
5.250000e-06	8.154504e-02	5.825367e+00
5.260000e-06	-6.441249e-02	6.043549e+00
5.270000e-06	3.939005e-02	6.313186e+00
5.280000e-06	-2.757493e-02	6.579391e+00
5.290000e-06	-1.168756e-02	6.901075e+00
5.300000e-06	1.438272e-02	7.143638e+00
5.310000e-06	-5.025035e-02	7.417466e+00
5.320000e-06	2.175473e-02	7.692653e+00
5.330000e-06	-5.332011e-02	7.994886e+00
5.340000e-06	5.007319e-02	8.230573e+00
5.350000e-06	-1.774385e-02	8.460655e+00
5.360000e-06	-3.158831e-02	8.651105e+00
5.370000e-06	1.493909e-02	8.911158e+00
5.380000e-06	-3.825649e-02	9.145341e+00
5.390000e-06	1.001429e-02	9.387371e+00
5.400000e-06	-4.637636e-02	9.616919e+00
5.410000e-06	2.452039e-02	9.867530e+00
5.420000e-06	-3.061450e-02	1.001947e+01
5.430000e-06	-8.926626e-03	1.027053e+01
5.440000e-06	-2.735237e-02	1.043060e+01
5.450000e-06	-2.199529e-03	1.075024e+01
5.460000e-06	-6.720872e-03	1.089058e+01
5.470000e-06	-3.531877e-02	1.106054e+01
5.480000e-06	-2.056954e-03	1.130958e+01
5.490000e-06	-1.802427e-02	1.148059e+01
5.500000e-06	-9.882279e-03	1.168114e+01
5.510000e-06	-3.880049e-02	1.185961e+01
5.520000e-06	-7.026330e-04	1.204859e+01
5.530000e-06	-2.213609e-02	1.223753e+01
5.540000e-06	-2.199643e-02	1.238540e+01
5.550000e-06	-2.306734e-02	1.259428e+01
5.560000e-06	-1.308740e-02	1.279324e+01
5.570000e-06	-2.125262e-02	1.289013e+01
5.580000e-06	-3.412848e-02	1.304809e+01
5.590000e-06	-1.503045e-02	1.325588e+01
5.600000e-06	-2.629609e-02	1.336290e+01
5.610000e-06	-2.345029e-02	1.346062e+01
5.620000e-06	-3.247885e-02	1.369761e+01
5.630000e-06	-1.627459e-02	1.377783e+01
5.640000e-06	-2.780683e-02	1.391927e+01
5.650000e-06	-2.976613e-02	1.407859e+01
5.660000e-06	-2.828724e-02	1.419343e+01
5.670000e-06	-2.937058e-02	1.434230e+01
5.680000e-06	-3.025555e-02	1.439748e+01
5.690000e-06	-3.540762e-02	1.450120e+01
5.700000e-06	-2.784643e-02	1.458593e+01
5.710000e-06	-3.547683e-02	1.467779e+01
5.720000e-06	-3.184400e-02	1.474488e+01
5.730000e-06	-3.502204e-02	1.485856e+01
5.740000e-06	-3.446427e-02	1.488030e+01
5.750000e-06	-3.972484e-02	1.495432e+01
5.760000e-06	-3.950070e-02	1.501651e+01
5.770000e-06	-3.705243e-02	1.503916e+01
5.780000e-06	-4.160781e-02	1.511174e+01
5.790000e-06	-4.228138e-02	1.518385e+01
5.800000e-06	-4.484788e-02	1.519533e+01
5.810000e-06	-4.173271e-02	1.523597e+01
5.820000e-06	-4.620271e-02	1.525861e+01
5.830000e-06	-4.645399e-02	1.531915e+01
5.840000e-06	-4.662626e-02	1.535162e+01
5.850000e-06	-4.809100e-02	1.533122e+01
5.860000e-06	-5.050970e-02	1.532974e+01
5.870000e-06	-5.396477e-02	1.533018e+01
5.880000e-06	-5.214985e-02	1.534070e+01
5.890000e-06	-5.721477e-02	1.533078e+01
5.900000e-06	-5.587362e-02	1.530117e+01
5.910000e-06	-5.916098e-02	1.530109e+01
5.920000e-06	-5.927740e-02	1.524652e+01
5.930000e-06	-6.248807e-02	1.523759e+01
5.940000e-06	-6.482284e-02	1.522649e+01
5.950000e-06	-6.867467e-02	1.516436e+01
5.960000e-06	-7.311283e-02	1.510167e+01
5.970000e-06	-7.498957e-02	1.503852e+01
5.980000e-06	-7.898348e-02	1.498594e+01
5.990000e-06	-8.101361e-02	1.494125e+01
6.000000e-06	-8.403128e-02	1.486819e+01
6.010000e-06	-8.465478e-02	1.477286e+01
6.020000e-06	-8.331232e-02	1.471220e+01
6.030000e-06	-8.290296e-02	1.463749e+01
6.040000e-06	-8.153823e-02	1.449183e+01
6.050000e-06	-7.783050e-02	1.440502e+01
6.060000e-06	-7.441258e-02	1.431125e+01
6.070000e-06	-7.057259e-02	1.419689e+01
6.080000e-06	-6.763563e-02	1.405667e+01
6.090000e-06	-6.343104e-02	1.387376e+01
6.100000e-06	-5.969807e-02	1.377599e+01
6.110000e-06	-5.740976e-02	1.365910e+01
6.120000e-06	-5.362676e-02	1.350330e+01
6.130000e-06	-5.093180e-02	1.340606e+01
6.140000e-06	-4.808410e-02	1.325919e+01
6.150000e-06	-4.662037e-02	1.306280e+01
6.160000e-06	-4.397331e-02	1.298288e+01
6.170000e-06	-4.183526e-02	1.278702e+01
6.180000e-06	-3.915080e-02	1.263859e+01
6.190000e-06	-3.828278e-02	1.252280e+01
6.200000e-06	-3.621710e-02	1.230436e+01
6.210000e-06	-3.555623e-02	1.218591e+01
6.220000e-06	-3.244856e-02	1.194596e+01
6.230000e-06	-3.229227e-02	1.179752e+01
6.240000e-06	-2.997484e-02	1.158754e+01
6.250000e-06	-3.033991e-02	1.139605e+01
6.260000e-06	-2.719999e-02	1.117842e+01
6.270000e-06	-2.705954e-02	1.099651e+01
6.280000e-06	-2.669230e-02	1.080856e+01
6.290000e-06	-2.579816e-02	1.057694e+01
6.300000e-06	-2.439336e-02	1.042541e+01
6.310000e-06	-2.319933e-02	1.015481e+01
6.320000e-06	-2.171776e-02	9.912810e+00
6.330000e-06	-2.096424e-02	9.733176e+00
6.340000e-06	-2.066539e-02	9.482122e+00
6.350000e-06	-2.089508e-02	9.259124e+00
6.360000e-06	-2.018787e-02	8.978092e+00
6.370000e-06	-1.841606e-02	8.757391e+00
6.380000e-06	-1.912886e-02	8.555409e+00
6.390000e-06	-1.870765e-02	8.312932e+00
6.400000e-06	-1.748760e-02	8.103124e+00
6.410000e-06	-1.627218e-02	7.820569e+00
6.420000e-06	-1.663869e-02	7.575936e+00
6.430000e-06	-1.593162e-02	7.303256e+00
6.440000e-06	-1.426531e-02	7.050517e+00
6.450000e-06	-1.510590e-02	6.811568e+00
6.460000e-06	-1.391668e-02	6.517835e+00
6.470000e-06	-1.305447e-02	6.302173e+00
6.480000e-06	-1.240988e-02	6.042097e+00
6.490000e-06	-1.282090e-02	5.767439e+00
6.500000e-06	-1.255444e-02	5.504226e+00
6.510000e-06	-1.131142e-02	5.240122e+00
6.520000e-06	-1.132919e-02	4.853128e+00
6.530000e-06	-1.133120e-02	4.590595e+00
6.540000e-06	-1.081944e-02	4.367984e+00
6.550000e-06	-1.025415e-02	4.051776e+00
6.560000e-06	-9.681312e-03	3.757564e+00
6.570000e-06	-1.044099e-02	3.517352e+00
6.580000e-06	-9.314588e-03	3.221619e+00
6.590000e-06	-8.775018e-03	2.936431e+00
6.600000e-06	-8.485674e-03	2.716826e+00
6.610000e-06	-8.083600e-03	2.350611e+00
6.620000e-06	-7.751750e-03	2.115253e+00
6.630000e-06	-7.883724e-03	1.822221e+00
6.640000e-06	-6.186662e-03	1.517440e+00
6.650000e-06	-5.967796e-03	1.192172e+00
6.660000e-06	-6.285171e-03	8.834769e-01
6.670000e-06	-6.385238e-03	6.120901e-01
6.680000e-06	-5.061949e-03	3.584551e-01
6.690000e-06	-2.403016e-03	4.407160e-02
6.700000e-06	1.783332e-03	-1.899413e-01
6.710000e-06	4.552780e-03	-4.606440e-01
6.720000e-06	-4.281746e-03	-7.662807e-01
6.730000e-06	3.461999e-03	-1.008893e+00
6.740000e-06	-3.370379e-03	-1.293595e+00
6.750000e-06	8.298311e-04	-1.577911e+00
6.760000e-06	6.236165e-03	-1.848966e+00
6.770000e-06	5.038058e-02	-2.038944e+00
6.780000e-06	9.386797e-02	-2.334728e+00
6.790000e-06	-1.002281e-01	-2.734224e+00
6.800000e-06	3.616348e-03	-3.132174e+00
6.810000e-06	-4.114248e-02	-3.356285e+00
6.820000e-06	-1.821572e-02	-3.567312e+00
6.830000e-06	-9.509781e-02	-3.797916e+00
6.840000e-06	1.936123e-01	-3.964841e+00
6.850000e-06	-9.103228e-02	-4.229963e+00
6.860000e-06	8.962017e-03	-4.511775e+00
6.870000e-06	1.131273e-01	-4.732709e+00
6.880000e-06	-1.733926e-01	-5.090620e+00
6.890000e-06	1.833752e-01	-5.334212e+00
6.900000e-06	-1.212076e-01	-5.639546e+00
6.910000e-06	6.138814e-02	-5.953705e+00
6.920000e-06	6.520001e-02	-6.165281e+00
6.930000e-06	-1.198982e-01	-6.482672e+00
6.940000e-06	1.390632e-01	-6.744662e+00
6.950000e-06	-1.211644e-01	-6.988467e+00
6.960000e-06	9.111198e-02	-7.312582e+00
6.970000e-06	-3.682420e-02	-7.554681e+00
6.980000e-06	1.730476e-03	-7.830523e+00
6.990000e-06	9.543165e-02	-8.081526e+00
7.000000e-06	-9.659945e-02	-8.343714e+00
7.010000e-06	1.103327e-01	-8.594262e+00
7.020000e-06	-7.663947e-02	-8.890997e+00
7.030000e-06	5.490965e-02	-9.089576e+00
7.040000e-06	-2.394997e-02	-9.259131e+00
7.050000e-06	2.237857e-02	-9.532711e+00
7.060000e-06	4.811097e-02	-9.733786e+00
7.070000e-06	-3.235643e-02	-9.932238e+00
7.080000e-06	4.261588e-02	-1.010184e+01
7.090000e-06	-3.792104e-02	-1.037235e+01
7.100000e-06	6.843108e-02	-1.057635e+01
7.110000e-06	-3.145521e-02	-1.078286e+01
7.120000e-06	5.010627e-02	-1.096437e+01
7.130000e-06	-8.187669e-03	-1.119234e+01
7.140000e-06	2.588924e-02	-1.142394e+01
7.150000e-06	-6.507426e-03	-1.158279e+01
7.160000e-06	2.653438e-02	-1.178432e+01
7.170000e-06	2.391267e-02	-1.196487e+01
7.180000e-06	1.890029e-03	-1.211477e+01
7.190000e-06	2.137891e-02	-1.233069e+01
7.200000e-06	1.163774e-02	-1.252021e+01
7.210000e-06	3.426449e-02	-1.262861e+01
7.220000e-06	-2.298125e-03	-1.284590e+01
7.230000e-06	3.073963e-02	-1.298530e+01
7.240000e-06	8.652647e-03	-1.312179e+01
7.250000e-06	2.803492e-02	-1.327959e+01
7.260000e-06	1.097971e-02	-1.343748e+01
7.270000e-06	3.352938e-02	-1.356285e+01
7.280000e-06	1.885661e-02	-1.375024e+01
7.290000e-06	2.095994e-02	-1.384851e+01
7.300000e-06	2.106410e-02	-1.397379e+01
7.310000e-06	2.914651e-02	-1.410014e+01
7.320000e-06	2.485647e-02	-1.422448e+01
7.330000e-06	2.183972e-02	-1.434967e+01
7.340000e-06	2.898818e-02	-1.444503e+01
7.350000e-06	2.654609e-02	-1.455117e+01
7.360000e-06	2.872969e-02	-1.460545e+01
7.370000e-06	2.930650e-02	-1.468969e+01
7.380000e-06	3.389468e-02	-1.475330e+01
7.390000e-06	2.932938e-02	-1.487704e+01
7.400000e-06	2.887811e-02	-1.490009e+01
7.410000e-06	3.389236e-02	-1.492175e+01
7.420000e-06	3.621799e-02	-1.497551e+01
7.430000e-06	3.339170e-02	-1.504761e+01
7.440000e-06	3.617644e-02	-1.507012e+01
7.450000e-06	3.602732e-02	-1.513127e+01
7.460000e-06	3.801050e-02	-1.516296e+01
7.470000e-06	3.790597e-02	-1.518341e+01
7.480000e-06	4.152873e-02	-1.520491e+01
7.490000e-06	4.268018e-02	-1.522753e+01
7.500000e-06	4.179319e-02	-1.532764e+01
7.510000e-06	4.451068e-02	-1.528849e+01
7.520000e-06	4.508627e-02	-1.530710e+01
7.530000e-06	4.635471e-02	-1.527664e+01
7.540000e-06	4.715672e-02	-1.527859e+01
7.550000e-06	5.084956e-02	-1.529591e+01
7.560000e-06	5.227232e-02	-1.524646e+01
7.570000e-06	5.465826e-02	-1.525454e+01
7.580000e-06	5.626832e-02	-1.519393e+01
7.590000e-06	5.896875e-02	-1.513385e+01
7.600000e-06	6.089374e-02	-1.509119e+01
7.610000e-06	6.435791e-02	-1.502959e+01
7.620000e-06	6.812065e-02	-1.501439e+01
7.630000e-06	7.228318e-02	-1.498130e+01
7.640000e-06	7.502116e-02	-1.492967e+01
7.650000e-06	7.621252e-02	-1.484501e+01
7.660000e-06	7.926398e-02	-1.473330e+01
7.670000e-06	7.675155e-02	-1.467854e+01
7.680000e-06	7.725761e-02	-1.458488e+01
7.690000e-06	7.603256e-02	-1.451820e+01
7.700000e-06	7.360780e-02	-1.439346e+01
7.710000e-06	7.000129e-02	-1.428930e+01
7.720000e-06	6.557457e-02	-1.414185e+01
7.730000e-06	6.175753e-02	-1.405712e+01
7.740000e-06	5.786064e-02	-1.386125e+01
7.750000e-06	5.488494e-02	-1.379496e+01
7.760000e-06	5.266125e-02	-1.365660e+01
7.770000e-06	4.925495e-02	-1.348232e+01
7.780000e-06	4.440781e-02	-1.339538e+01
7.790000e-06	4.200901e-02	-1.323862e+01
7.800000e-06	3.841264e-02	-1.313172e+01
7.810000e-06	3.707599e-02	-1.297638e+01
7.820000e-06	3.530832e-02	-1.284751e+01
7.830000e-06	3.352161e-02	-1.267162e+01
7.840000e-06	3.157076e-02	-1.255027e+01
7.850000e-06	2.865032e-02	-1.235378e+01
7.860000e-06	2.697388e-02	-1.220748e+01
7.870000e-06	2.706609e-02	-1.199496e+01
7.880000e-06	2.417979e-02	-1.181594e+01
7.890000e-06	2.346273e-02	-1.159699e+01
7.900000e-06	2.176746e-02	-1.138402e+01
7.910000e-06	2.138281e-02	-1.114394e+01
7.920000e-06	1.922451e-02	-1.091646e+01
7.930000e-06	1.931074e-02	-1.076548e+01
7.940000e-06	1.821033e-02	-1.058654e+01
7.950000e-06	1.661867e-02	-1.035491e+01
7.960000e-06	1.548097e-02	-1.017333e+01
7.970000e-06	1.552351e-02	-9.933331e+00
7.980000e-06	1.413692e-02	-9.703856e+00
7.990000e-06	1.283538e-02	-9.462223e+00
8.000000e-06	1.167218e-02	-9.249619e+00
8.010000e-06	1.143119e-02	-9.040147e+00
8.020000e-06	1.066879e-02	-8.808040e+00
8.030000e-06	9.048266e-03	-8.565936e+00
8.040000e-06	8.360768e-03	-8.304281e+00
8.050000e-06	8.157221e-03	-8.104322e+00
8.060000e-06	6.715787e-03	-7.839670e+00
8.070000e-06	6.779351e-03	-7.545340e+00
8.080000e-06	7.578253e-03	-7.292802e+00
8.090000e-06	5.906144e-03	-7.051768e+00
8.100000e-06	5.153018e-03	-6.778539e+00
8.110000e-06	3.913978e-03	-6.576407e+00
8.120000e-06	5.333876e-03	-6.322901e+00
8.130000e-06	3.430023e-03	-6.062067e+00
8.140000e-06	3.803532e-03	-5.795912e+00
8.150000e-06	1.329019e-03	-5.533828e+00
8.160000e-06	4.292954e-03	-5.218517e+00
8.170000e-06	1.488254e-03	-4.885805e+00
8.180000e-06	2.419275e-03	-4.587961e+00
8.190000e-06	1.166787e-03	-4.377406e+00
8.200000e-06	2.861497e-03	-4.095355e+00
8.210000e-06	3.545185e-04	-3.841749e+00
8.220000e-06	-1.759968e-03	-3.576410e+00
8.230000e-06	-1.844816e-03	-3.304851e+00
8.240000e-06	-7.268734e-04	-3.018589e+00
8.250000e-06	-4.403539e-04	-2.704848e+00
8.260000e-06	-2.012857e-03	-2.451142e+00
8.270000e-06	-1.246466e-03	-2.146777e+00
8.280000e-06	-2.099550e-03	-1.885244e+00
8.290000e-06	-2.354752e-03	-1.589613e+00
8.300000e-06	-4.560275e-03	-1.251096e+00
8.310000e-06	-2.603605e-03	-9.588824e-01
8.320000e-06	-4.530623e-03	-6.933783e-01
8.330000e-06	-3.034733e-03	-4.079824e-01
8.340000e-06	-4.814195e-03	-8.637468e-02
8.350000e-06	1.405525e-03	1.978547e-01
8.360000e-06	6.868188e-03	4.514978e-01
8.370000e-06	-6.768461e-03	7.236255e-01
8.380000e-06	3.856989e-03	9.773345e-01
8.390000e-06	-5.288829e-03	1.272022e+00
8.400000e-06	2.366903e-03	1.585277e+00
8.410000e-06	-6.826283e-03	1.842124e+00
8.420000e-06	1.627742e-02	2.029548e+00
8.430000e-06	4.683072e-02	2.293201e+00
8.440000e-06	6.784288e-02	2.609386e+00
8.450000e-06	-9.674814e-02	2.935755e+00
8.460000e-06	-1.399070e-02	3.200415e+00
8.470000e-06	-3.957472e-02	3.514203e+00
8.480000e-06	-6.116941e-03	3.746835e+00
8.490000e-06	-7.510947e-02	3.955370e+00
8.500000e-06	6.947203e-02	4.176315e+00
8.510000e-06	6.645606e-02	4.492049e+00
8.520000e-06	-1.543748e-01	4.743735e+00
8.530000e-06	1.654910e-01	5.026265e+00
8.540000e-06	-1.077776e-01	5.305259e+00
8.550000e-06	6.724742e-03	5.596414e+00
8.560000e-06	1.835077e-02	5.873577e+00
8.570000e-06	-3.807727e-02	6.135263e+00
8.580000e-06	3.707976e-02	6.427389e+00
8.590000e-06	-4.460526e-02	6.682133e+00
8.600000e-06	2.262639e-02	6.935808e+00
8.610000e-06	-2.523581e-02	7.186451e+00
8.620000e-06	-1.959053e-02	7.472156e+00
8.630000e-06	-4.647640e-03	7.776891e+00
8.640000e-06	-2.828041e-02	8.092096e+00
8.650000e-06	4.880501e-02	8.284186e+00
8.660000e-06	-4.389834e-02	8.563765e+00
8.670000e-06	-8.772427e-03	8.784314e+00
8.680000e-06	-6.802350e-04	9.007423e+00
8.690000e-06	-2.688807e-02	9.228951e+00
8.700000e-06	-4.865825e-04	9.439549e+00
8.710000e-06	-3.211333e-02	9.672629e+00
8.720000e-06	2.008066e-02	9.931139e+00
8.730000e-06	-3.432521e-02	1.016324e+01
8.740000e-06	-1.312722e-02	1.035226e+01
8.750000e-06	-2.421009e-02	1.056229e+01
8.760000e-06	7.000960e-04	1.074574e+01
8.770000e-06	-1.488740e-02	1.097527e+01
8.780000e-06	-3.182960e-02	1.113172e+01
8.790000e-06	8.684280e-04	1.134179e+01
8.800000e-06	-1.851584e-02	1.153380e+01
8.810000e-06	-1.707931e-02	1.174329e+01
8.820000e-06	-3.098822e-02	1.191321e+01
8.830000e-06	-3.099937e-03	1.214063e+01
8.840000e-06	-2.283519e-02	1.231066e+01
8.850000e-06	-2.580390e-02	1.249954e+01
8.860000e-06	-1.627720e-02	1.261895e+01
8.870000e-06	-1.762320e-02	1.279492e+01
8.880000e-06	-2.415564e-02	1.295332e+01
8.890000e-06	-3.131715e-02	1.313074e+01
8.900000e-06	-1.509388e-02	1.325703e+01
8.910000e-06	-2.547388e-02	1.341590e+01
8.920000e-06	-2.709940e-02	1.354379e+01
8.930000e-06	-2.624694e-02	1.366964e+01
8.940000e-06	-2.150568e-02	1.384708e+01
8.950000e-06	-2.863802e-02	1.394387e+01
8.960000e-06	-3.270221e-02	1.410017e+01
8.970000e-06	-2.423080e-02	1.421761e+01
8.980000e-06	-3.045277e-02	1.435435e+01
8.990000e-06	-3.097090e-02	1.448911e+01
9.000000e-06	-3.383489e-02	1.459175e+01
9.010000e-06	-2.943226e-02	1.465904e+01
9.020000e-06	-3.493780e-02	1.471182e+01
9.030000e-06	-3.520801e-02	1.478596e+01
9.040000e-06	-3.234026e-02	1.486062e+01
9.050000e-06	-3.880201e-02	1.493222e+01
9.060000e-06	-3.818163e-02	1.498485e+01
9.070000e-06	-4.142154e-02	1.499753e+01
9.080000e-06	-3.666008e-02	1.507975e+01
9.090000e-06	-4.149535e-02	1.511125e+01
9.100000e-06	-4.374815e-02	1.517435e+01
9.110000e-06	-4.366462e-02	1.524696e+01
9.120000e-06	-4.433215e-02	1.526752e+01
9.130000e-06	-4.601087e-02	1.527707e+01
9.140000e-06	-4.849768e-02	1.530815e+01
9.150000e-06	-4.551668e-02	1.532012e+01
9.160000e-06	-5.048692e-02	1.533267e+01
9.170000e-06	-5.131815e-02	1.537232e+01
9.180000e-06	-5.410138e-02	1.533018e+01
9.190000e-06	-5.264726e-02	1.532173e+01
9.200000e-06	-5.698556e-02	1.535970e+01
9.210000e-06	-5.770976e-02	1.529917e+01
9.220000e-06	-5.838260e-02	1.528765e+01
9.230000e-06	-6.121165e-02	1.525754e+01
9.240000e-06	-6.275463e-02	1.522656e+01
9.250000e-06	-6.767246e-02	1.520491e+01
9.260000e-06	-6.955390e-02	1.510330e+01
9.270000e-06	-7.475460e-02	1.506063e+01
9.280000e-06	-7.602034e-02	1.502912e+01
9.290000e-06	-7.931204e-02	1.496235e+01
9.300000e-06	-8.259966e-02	1.489132e+01
9.310000e-06	-8.412256e-02	1.481609e+01
9.320000e-06	-8.578410e-02	1.479431e+01
9.330000e-06	-8.368206e-02	1.466069e+01
9.340000e-06	-8.328975e-02	1.457540e+01
9.350000e-06	-7.921468e-02	1.447917e+01
9.360000e-06	-7.743160e-02	1.437536e+01
9.370000e-06	-7.286052e-02	1.431009e+01
9.380000e-06	-7.107033e-02	1.414331e+01
9.390000e-06	-6.631222e-02	1.404606e+01
9.400000e-06	-6.234784e-02	1.385060e+01
9.410000e-06	-5.846076e-02	1.377285e+01
9.420000e-06	-5.743869e-02	1.360607e+01
9.430000e-06	-5.183521e-02	1.348065e+01
9.440000e-06	-5.046278e-02	1.336443e+01
9.450000e-06	-4.760866e-02	1.317601e+01
9.460000e-06	-4.613986e-02	1.304969e+01
9.470000e-06	-4.252080e-02	1.291183e+01
9.480000e-06	-4.108348e-02	1.275436e+01
9.490000e-06	-3.795133e-02	1.257601e+01
9.500000e-06	-3.782376e-02	1.247907e+01
9.510000e-06	-3.498054e-02	1.224019e+01
9.520000e-06	-3.492335e-02	1.213273e+01
9.530000e-06	-3.062157e-02	1.193378e+01
9.540000e-06	-3.197963e-02	1.175193e+01
9.550000e-06	-3.034672e-02	1.151383e+01
9.560000e-06	-2.933404e-02	1.133386e+01
9.570000e-06	-2.734848e-02	1.111475e+01
9.580000e-06	-2.630417e-02	1.095428e+01
9.590000e-06	-2.625283e-02	1.073331e+01
9.600000e-06	-2.528887e-02	1.057373e+01
9.610000e-06	-2.373857e-02	1.028273e+01
9.620000e-06	-2.229266e-02	1.011273e+01
9.630000e-06	-2.187332e-02	9.820198e+00
9.640000e-06	-2.068636e-02	9.607069e+00
9.650000e-06	-2.094909e-02	9.407435e+00
9.660000e-06	-2.103140e-02	9.206864e+00
9.670000e-06	-1.985886e-02	8.966835e+00
9.680000e-06	-1.832912e-02	8.682756e+00
9.690000e-06	-1.783667e-02	8.481701e+00
9.700000e-06	-1.822569e-02	8.238772e+00
9.710000e-06	-1.664792e-02	7.998410e+00
9.720000e-06	-1.624918e-02	7.733859e+00
9.730000e-06	-1.624877e-02	7.492702e+00
9.740000e-06	-1.629013e-02	7.218536e+00
9.750000e-06	-1.488450e-02	6.976881e+00
9.760000e-06	-1.405894e-02	6.705778e+00
9.770000e-06	-1.450366e-02	6.431523e+00
9.780000e-06	-1.324943e-02	6.179986e+00
9.790000e-06	-1.249964e-02	5.985910e+00
9.800000e-06	-1.240985e-02	5.702749e+00
9.810000e-06	-1.187423e-02	5.420567e+00
9.820000e-06	-1.190942e-02	5.075278e+00
9.830000e-06	-1.110666e-02	4.769965e+00
9.840000e-06	-1.098897e-02	4.534878e+00
9.850000e-06	-1.071023e-02	4.264351e+00
9.860000e-06	-1.064340e-02	3.978936e+00
9.870000e-06	-9.402177e-03	3.703846e+00
9.880000e-06	-9.871996e-03	3.504245e+00
9.890000e-06	-8.022922e-03	3.175888e+00
9.900000e-06	-9.455475e-03	2.852722e+00
9.910000e-06	-7.423501e-03	2.628564e+00
9.920000e-06	-7.149719e-03	2.314827e+00
9.930000e-06	-6.969538e-03	2.051017e+00
9.940000e-06	-7.816497e-03	1.736884e+00
9.950000e-06	-6.755357e-03	1.430095e+00
9.960000e-06	-6.743671e-03	1.108429e+00
9.970000e-06	-6.416746e-03	8.410865e-01
9.980000e-06	-5.389160e-03	5.273009e-01
9.990000e-06	-3.962865e-03	2.562944e-01
1.000000e-05	-2.404285e-03	-4.006270e-02
1.001000e-05	6.873240e-03	-3.032542e-01
1.002000e-05	-1.057334e-03	-4.857782e-01
1.003000e-05	2.098552e-03	-8.025190e-01
1.004000e-05	-1.905273e-03	-1.052623e+00
1.005000e-05	1.815432e-03	-1.386038e+00
1.006000e-05	-2.723226e-03	-1.662073e+00
1.007000e-05	2.040419e-02	-1.874623e+00
1.008000e-05	7.311974e-02	-2.103152e+00
1.009000e-05	4.381039e-02	-2.471515e+00
1.010000e-05	-1.012096e-01	-2.840968e+00
1.011000e-05	1.950881e-02	-3.188936e+00
1.012000e-05	-4.660700e-02	-3.410053e+00
1.013000e-05	-3.848364e-02	-3.599944e+00
1.014000e-05	-3.326541e-02	-3.830053e+00
1.015000e-05	1.874804e-01	-4.058546e+00
1.016000e-05	-1.888047e-01	-4.334808e+00
1.017000e-05	1.595040e-01	-4.575338e+00
1.018000e-05	-5.661231e-02	-4.870569e+00
1.019000e-05	-6.026800e-02	-5.144265e+00
1.020000e-05	1.392452e-01	-5.426949e+00
1.021000e-05	-1.574652e-01	-5.764310e+00
1.022000e-05	1.601995e-01	-5.967292e+00
1.023000e-05	-5.841978e-02	-6.228995e+00
1.024000e-05	-1.524086e-02	-6.536267e+00
1.025000e-05	8.211055e-02	-6.795969e+00
1.026000e-05	-1.142377e-01	-7.140656e+00
1.027000e-05	1.295373e-01	-7.364811e+00
1.028000e-05	-1.186611e-01	-7.647469e+00
1.029000e-05	1.102675e-01	-7.911286e+00
1.030000e-05	-7.234149e-03	-8.155366e+00
1.031000e-05	-2.288518e-02	-8.458998e+00
1.032000e-05	7.672149e-02	-8.659992e+00
1.033000e-05	-7.888811e-02	-8.964807e+00
1.034000e-05	8.118793e-02	-9.093288e+00
1.035000e-05	-6.739884e-02	-9.374813e+00
1.036000e-05	8.497559e-02	-9.555945e+00
1.037000e-05	-1.513283e-02	-9.777469e+00
1.038000e-05	1.441716e-02	-1.002852e+01
1.039000e-05	1.043021e-03	-1.017742e+01
1.040000e-05	3.861337e-03	-1.044905e+01
1.041000e-05	4.471579e-02	-1.065850e+01
1.042000e-05	-2.519851e-02	-1.085847e+01
1.043000e-05	5.139029e-02	-1.105650e+01
1.044000e-05	-1.605353e-02	-1.122808e+01
1.045000e-05	3.817988e-02	-1.143845e+01
1.046000e-05	-2.094767e-02	-1.161807e+01
1.047000e-05	4.958331e-02	-1.181711e+01
1.048000e-05	-2.407178e-03	-1.204560e+01
1.049000e-05	2.133917e-02	-1.222745e+01
1.050000e-05	6.546524e-03	-1.237435e+01
1.051000e-05	3.132206e-02	-1.254229e+01
1.052000e-05	1.694717e-02	-1.270071e+01
1.053000e-05	7.542624e-03	-1.285963e+01
1.054000e-05	2.491704e-02	-1.303700e+01
1.055000e-05	1.205521e-02	-1.317439e+01
1.056000e-05	2.632077e-02	-1.334079e+01
1.057000e-05	1.117494e-02	-1.346958e+01
1.058000e-05	3.671509e-02	-1.364498e+01
1.059000e-05	1.292156e-02	-1.377376e+01
1.060000e-05	2.622658e-02	-1.389911e+01
1.061000e-05	1.872729e-02	-1.404548e+01
1.062000e-05	3.397327e-02	-1.412035e+01
1.063000e-05	2.082384e-02	-1.427659e+01
1.064000e-05	2.565959e-02	-1.437435e+01
1.065000e-05	2.678372e-02	-1.443656e+01
1.066000e-05	2.841799e-02	-1.456267e+01
1.067000e-05	2.968128e-02	-1.461653e+01
1.068000e-05	3.050890e-02	-1.467977e+01
1.069000e-05	3.314598e-02	-1.479295e+01
1.070000e-05	2.818611e-02	-1.486648e+01
1.071000e-05	3.054681e-02	-1.492074e+01
1.072000e-05	3.495917e-02	-1.496245e+01
1.073000e-05	3.587079e-02	-1.501355e+01
1.074000e-05	3.400468e-02	-1.502764e+01
1.075000e-05	3.600213e-02	-1.511112e+01
1.076000e-05	3.624927e-02	-1.513272e+01
1.077000e-05	3.843817e-02	-1.520390e+01
1.078000e-05	3.906375e-02	-1.516538e+01
1.079000e-05	4.247344e-02	-1.525648e+01
1.080000e-05	4.189306e-02	-1.522651e+01
1.081000e-05	4.333380e-02	-1.524656e+01
1.082000e-05	4.466021e-02	-1.528652e+01
1.083000e-05	4.623531e-02	-1.529709e+01
1.084000e-05	4.492174e-02	-1.530802e+01
1.085000e-05	4.769466e-02	-1.525701e+01
1.086000e-05	5.135590e-02	-1.523644e+01
1.087000e-05	5.361216e-02	-1.527348e+01
1.088000e-05	5.434145e-02	-1.519593e+01
1.089000e-05	5.703065e-02	-1.521336e+01
1.090000e-05	5.891883e-02	-1.513380e+01
1.091000e-05	6.222537e-02	-1.512012e+01
1.092000e-05	6.584209e-02	-1.502604e+01
1.093000e-05	6.983756e-02	-1.499501e+01
1.094000e-05	7.270404e-02	-1.496033e+01
1.095000e-05	7.386971e-02	-1.488817e+01
1.096000e-05	7.769834e-02	-1.479701e+01
1.097000e-05	7.731292e-02	-1.470325e+01
1.098000e-05	7.732167e-02	-1.458751e+01
1.099000e-05	7.595164e-02	-1.457233e+01
1.100000e-05	7.580506e-02	-1.448807e+01
1.101000e-05	7.279766e-02	-1.433170e+01
1.102000e-05	6.803339e-02	-1.420604e+01
1.103000e-05	6.420634e-02	-1.413270e+01
1.104000e-05	6.079275e-02	-1.401546e+01
1.105000e-05	5.688980e-02	-1.382765e+01
1.106000e-05	5.322205e-02	-1.377285e+01
1.107000e-05	5.106741e-02	-1.362699e+01
1.108000e-05	4.760489e-02	-1.348870e+01
1.109000e-05	4.299730e-02	-1.333133e+01
1.110000e-05	3.951693e-02	-1.319501e+01
1.111000e-05	3.843550e-02	-1.305862e+01
1.112000e-05	3.708119e-02	-1.294220e+01
1.113000e-05	3.361899e-02	-1.277491e+01
1.114000e-05	3.276117e-02	-1.258751e+01
1.115000e-05	3.078171e-02	-1.249012e+01
1.116000e-05	2.896213e-02	-1.229072e+01
1.117000e-05	2.607175e-02	-1.216037e+01
1.118000e-05	2.584261e-02	-1.193328e+01
1.119000e-05	2.429855e-02	-1.169133e+01
1.120000e-05	2.379658e-02	-1.155381e+01
1.121000e-05	2.177964e-02	-1.128277e+01
1.122000e-05	2.027334e-02	-1.111170e+01
1.123000e-05	1.939709e-02	-1.089225e+01
1.124000e-05	1.781227e-02	-1.072378e+01
1.125000e-05	1.810781e-02	-1.052238e+01
1.126000e-05	1.558726e-02	-1.027175e+01
1.127000e-05	1.601829e-02	-1.008967e+01
1.128000e-05	1.475712e-02	-9.850712e+00
1.129000e-05	1.455469e-02	-9.690944e+00
1.130000e-05	1.198781e-02	-9.409066e+00
1.131000e-05	1.166101e-02	-9.167487e+00
1.132000e-05	1.141851e-02	-8.935485e+00
1.133000e-05	1.022830e-02	-8.712305e+00
1.134000e-05	8.775934e-03	-8.492225e+00
1.135000e-05	7.952449e-03	-8.230067e+00
1.136000e-05	8.397268e-03	-8.018067e+00
1.137000e-05	7.560811e-03	-7.765935e+00
1.138000e-05	6.434440e-03	-7.463668e+00
1.139000e-05	6.459316e-03	-7.226120e+00
1.140000e-05	4.900500e-03	-6.978514e+00
1.141000e-05	5.057073e-03	-6.723330e+00
1.142000e-05	4.718213e-03	-6.472199e+00
1.143000e-05	4.664786e-03	-6.209639e+00
1.144000e-05	4.217746e-03	-5.945857e+00
1.145000e-05	3.697451e-03	-5.702252e+00
1.146000e-05	2.121827e-03	-5.466582e+00
1.147000e-05	3.016419e-03	-5.124811e+00
1.148000e-05	1.347361e-03	-4.776968e+00
1.149000e-05	2.035477e-03	-4.505302e+00
1.150000e-05	1.326986e-03	-4.282772e+00
1.151000e-05	1.659967e-03	-4.039642e+00
1.152000e-05	1.435300e-03	-3.756376e+00
1.153000e-05	-1.384519e-03	-3.494297e+00
1.154000e-05	1.431633e-04	-3.200565e+00
1.155000e-05	-2.797354e-03	-2.866275e+00
1.156000e-05	7.911952e-05	-2.621089e+00
1.157000e-05	-2.740243e-03	-2.338875e+00
1.158000e-05	-9.881551e-05	-2.031570e+00
1.159000e-05	-4.077542e-03	-1.799509e+00
1.160000e-05	-3.303360e-03	-1.475348e+00
1.161000e-05	-4.492856e-03	-1.136955e+00
1.162000e-05	-1.671712e-03	-8.752682e-01
1.163000e-05	-2.425168e-03	-5.475162e-01
1.164000e-05	-2.341498e-03	-2.643246e-01
1.165000e-05	-4.993201e-03	-4.308903e-02
1.166000e-05	5.519968e-03	2.520966e-01
1.167000e-05	1.304135e-03	5.452794e-01
1.168000e-05	-2.151589e-03	7.984623e-01
1.169000e-05	-3.410817e-04	1.031548e+00
1.170000e-05	-3.113618e-03	1.325807e+00
1.171000e-05	-8.065467e-04	1.660618e+00
1.172000e-05	-1.409767e-03	1.884703e+00
1.173000e-05	2.025496e-02	2.104228e+00
1.174000e-05	7.406449e-02	2.386866e+00
1.175000e-05	9.643641e-03	2.726727e+00
1.176000e-05	-8.288471e-02	3.040019e+00
1.177000e-05	-1.423294e-02	3.324150e+00
1.178000e-05	-2.523760e-02	3.637945e+00
1.179000e-05	-3.423466e-02	3.821024e+00
1.180000e-05	-4.592869e-02	4.038446e+00
1.181000e-05	1.082176e-01	4.242573e+00
1.182000e-05	-2.349304e-02	4.566337e+00
1.183000e-05	-8.035262e-02	4.796476e+00
1.184000e-05	1.554095e-01	5.133681e+00
1.185000e-05	-1.644875e-01	5.430124e+00
1.186000e-05	8.277880e-02	5.693158e+00
1.187000e-05	-4.762405e-02	5.966865e+00
1.188000e-05	7.406948e-03	6.237920e+00
1.189000e-05	1.237530e-02	6.493703e+00
1.190000e-05	-3.936529e-02	6.798312e+00
1.191000e-05	3.612683e-02	7.028049e+00
1.192000e-05	-5.436918e-02	7.324257e+00
1.193000e-05	1.414028e-02	7.578467e+00
1.194000e-05	-3.895339e-02	7.879577e+00
1.195000e-05	1.536152e-02	8.154392e+00
1.196000e-05	2.148533e-02	8.357818e+00
1.197000e-05	-5.086437e-02	8.605997e+00
1.198000e-05	1.151107e-02	8.808971e+00
1.199000e-05	-2.400188e-02	9.090056e+00
1.200000e-05	-2.571876e-03	9.280689e+00
1.201000e-05	-2.904707e-02	9.492735e+00
1.202000e-05	3.665259e-04	9.795915e+00
1.203000e-05	-6.002847e-03	9.954845e+00
1.204000e-05	-2.178423e-02	1.025894e+01
1.205000e-05	-2.239982e-02	1.038793e+01
1.206000e-05	-1.217215e-02	1.060645e+01
1.207000e-05	-2.247497e-03	1.083605e+01
1.208000e-05	-2.755525e-02	1.102688e+01
1.209000e-05	-1.764429e-02	1.120700e+01
1.210000e-05	-6.694846e-03	1.142545e+01
1.211000e-05	-1.134928e-02	1.161693e+01
1.212000e-05	-3.082597e-02	1.179597e+01
1.213000e-05	-1.280874e-02	1.199485e+01
1.214000e-05	-1.417651e-02	1.218540e+01
1.215000e-05	-2.207466e-02	1.234324e+01
1.216000e-05	-2.776179e-02	1.252159e+01
1.217000e-05	-1.119883e-02	1.265911e+01
1.218000e-05	-2.016876e-02	1.290958e+01
1.219000e-05	-2.985619e-02	1.299600e+01
1.220000e-05	-2.214518e-02	1.314080e+01
1.221000e-05	-1.940333e-02	1.332127e+01
1.222000e-05	-2.431367e-02	1.345904e+01
1.223000e-05	-3.284944e-02	1.359642e+01
1.224000e-05	-1.947503e-02	1.370264e+01
1.225000e-05	-2.503565e-02	1.387924e+01
1.226000e-05	-2.769997e-02	1.399496e+01
1.227000e-05	-3.221158e-02	1.419232e+01
1.228000e-05	-2.493909e-02	1.430917e+01
1.229000e-05	-3.008478e-02	1.435490e+01
1.230000e-05	-3.411610e-02	1.452959e+01
1.231000e-05	-3.011380e-02	1.459380e+01
1.232000e-05	-3.264197e-02	1.467899e+01
1.233000e-05	-3.236577e-02	1.474390e+01
1.234000e-05	-3.650659e-02	1.483698e+01
1.235000e-05	-3.223168e-02	1.489069e+01
1.236000e-05	-4.055255e-02	1.494227e+01
1.237000e-05	-3.768315e-02	1.498646e+01
1.238000e-05	-4.006007e-02	1.504796e+01
1.239000e-05	-3.862893e-02	1.507976e+01
1.240000e-05	-4.201491e-02	1.517235e+01
1.241000e-05	-4.380840e-02	1.521236e+01
1.242000e-05	-4.229932e-02	1.522541e+01
1.243000e-05	-4.745811e-02	1.525711e+01
1.244000e-05	-4.548270e-02	1.528854e+01
1.245000e-05	-4.816229e-02	1.532004e+01
1.246000e-05	-4.528104e-02	1.530167e+01
1.247000e-05	-5.071367e-02	1.535020e+01
1.248000e-05	-5.282006e-02	1.534223e+01
1.249000e-05	-5.326252e-02	1.535170e+01
1.250000e-05	-5.446581e-02	1.534028e+01
1.251000e-05	-5.575118e-02	1.527025e+01
1.252000e-05	-5.898779e-02	1.530870e+01
1.253000e-05	-5.750713e-02	1.527904e+01
1.254000e-05	-6.256212e-02	1.527712e+01
1.255000e-05	-6.466787e-02	1.522499e+01
1.256000e-05	-6.860526e-02	1.516336e+01
1.257000e-05	-7.038862e-02	1.512280e+01
1.258000e-05	-7.499179e-02	1.504957e+01
1.259000e-05	-7.850395e-02	1.497798e+01
1.260000e-05	-7.922827e-02	1.496530e+01
1.261000e-05	-8.573868e-02	1.489814e+01
1.262000e-05	-8.203252e-02	1.479601e+01
1.263000e-05	-8.732876e-02	1.468521e+01
1.264000e-05	-8.048973e-02	1.463654e+01
1.265000e-05	-8.443715e-02	1.456285e+01
1.266000e-05	-7.636912e-02	1.443759e+01
1.267000e-05	-7.651553e-02	1.433440e+01
1.268000e-05	-7.359464e-02	1.420646e+01
1.269000e-05	-7.063910e-02	1.417075e+01
1.270000e-05	-6.547301e-02	1.393446e+01
1.271000e-05	-5.967036e-02	1.382810e+01
1.272000e-05	-5.803894e-02	1.374023e+01
1.273000e-05	-5.556778e-02	1.357446e+01
1.274000e-05	-5.159415e-02	1.341853e+01
1.275000e-05	-5.085135e-02	1.333082e+01
1.276000e-05	-4.576161e-02	1.315388e+01
1.277000e-05	-4.618462e-02	1.299704e+01
1.278000e-05	-4.079870e-02	1.287962e+01
1.279000e-05	-4.149463e-02	1.269168e+01
1.280000e-05	-3.702614e-02	1.255593e+01
1.281000e-05	-3.757322e-02	1.240546e+01
1.282000e-05	-3.546238e-02	1.218911e+01
1.283000e-05	-3.472621e-02	1.205857e+01
1.284000e-05	-3.093974e-02	1.185357e+01
1.285000e-05	-3.010740e-02	1.169972e+01
1.286000e-05	-2.929874e-02	1.145965e+01
1.287000e-05	-2.827318e-02	1.125967e+01
1.288000e-05	-2.788158e-02	1.105927e+01
1.289000e-05	-2.691758e-02	1.088217e+01
1.290000e-05	-2.717278e-02	1.063972e+01
1.291000e-05	-2.391440e-02	1.047919e+01
1.292000e-05	-2.215470e-02	1.023959e+01
1.293000e-05	-2.247339e-02	1.004804e+01
1.294000e-05	-2.173383e-02	9.767959e+00
1.295000e-05	-2.152652e-02	9.536359e+00
1.296000e-05	-1.969091e-02	9.324330e+00
1.297000e-05	-2.110292e-02	9.042201e+00
1.298000e-05	-1.895392e-02	8.871694e+00
1.299000e-05	-1.924508e-02	8.620016e+00
1.300000e-05	-1.776792e-02	8.408612e+00
1.301000e-05	-1.772666e-02	8.144910e+00
1.302000e-05	-1.754764e-02	7.923331e+00
1.303000e-05	-1.667440e-02	7.651669e+00
1.304000e-05	-1.509840e-02	7.397491e+00
1.305000e-05	-1.534446e-02	7.085455e+00
1.306000e-05	-1.392318e-02	6.863225e+00
1.307000e-05	-1.355397e-02	6.609591e+00
1.308000e-05	-1.329497e-02	6.358382e+00
1.309000e-05	-1.249935e-02	6.127276e+00
1.310000e-05	-1.389538e-02	5.852248e+00
1.311000e-05	-1.236124e-02	5.598536e+00
1.312000e-05	-1.065580e-02	5.344851e+00
1.313000e-05	-1.335515e-02	5.018450e+00
1.314000e-05	-1.062003e-02	4.674826e+00
1.315000e-05	-1.468370e-02	4.451093e+00
1.316000e-05	-7.168285e-03	4.198388e+00
1.317000e-05	-9.069548e-03	3.872774e+00
1.318000e-05	-9.232066e-03	3.589564e+00
1.319000e-05	-9.240433e-03	3.316333e+00
1.320000e-05	-1.073390e-02	3.052167e+00
1.321000e-05	-7.315201e-03	2.819562e+00
1.322000e-05	-1.071638e-02	2.454377e+00
1.323000e-05	-6.800248e-03	2.200089e+00
1.324000e-05	-6.573955e-03	1.965907e+00
1.325000e-05	-6.527925e-03	1.662666e+00
1.326000e-05	-5.509956e-03	1.328930e+00
1.327000e-05	-7.083795e-03	1.004514e+00
1.328000e-05	-5.693105e-03	7.178259e-01
1.329000e-05	-5.989604e-03	4.636890e-01
1.330000e-05	-4.141087e-03	1.780074e-01
1.331000e-05	-2.111966e-03	-1.547781e-01
1.332000e-05	8.666984e-03	-3.673635e-01
1.333000e-05	-5.976320e-03	-6.701441e-01
1.334000e-05	6.345297e-03	-9.043317e-01
1.335000e-05	-6.367621e-03	-1.188388e+00
1.336000e-05	4.223295e-03	-1.472154e+00
1.337000e-05	-4.013427e-03	-1.754683e+00
1.338000e-05	3.380870e-02	-1.927415e+00
1.339000e-05	9.831415e-02	-2.236887e+00
1.340000e-05	-3.436234e-02	-2.586411e+00
1.341000e-05	-5.457297e-02	-2.934853e+00
1.342000e-05	-5.548426e-03	-3.281626e+00
1.343000e-05	-2.919833e-02	-3.492654e+00
1.344000e-05	-7.956398e-02	-3.673653e+00
1.345000e-05	9.050728e-02	-3.861704e+00
1.346000e-05	9.161543e-02	-4.114231e+00
1.347000e-05	-1.568273e-01	-4.409544e+00
1.348000e-05	2.033110e-01	-4.671069e+00
1.349000e-05	-1.785516e-01	-4.965385e+00
1.350000e-05	9.371393e-02	-5.248073e+00
1.351000e-05	1.358022e-02	-5.552586e+00
1.352000e-05	-8.293343e-02	-5.839571e+00
1.353000e-05	1.664771e-01	-6.058574e+00
1.354000e-05	-1.433270e-01	-6.333757e+00
1.355000e-05	9.337639e-02	-6.658479e+00
1.356000e-05	-2.824298e-02	-6.851149e+00
1.357000e-05	-2.357688e-02	-7.237895e+00
1.358000e-05	8.010596e-02	-7.459521e+00
1.359000e-05	-1.069567e-01	-7.754239e+00
1.360000e-05	1.536692e-01	-8.016398e+00
1.361000e-05	-9.555720e-02	-8.229049e+00
1.362000e-05	6.819645e-02	-8.510657e+00
1.363000e-05	-4.878673e-03	-8.733212e+00
1.364000e-05	-2.111676e-02	-8.996418e+00
1.365000e-05	4.682328e-02	-9.195319e+00
1.366000e-05	-4.943377e-02	-9.448074e+00
1.367000e-05	9.929829e-02	-9.629998e+00
1.368000e-05	-5.052815e-02	-9.928658e+00
1.369000e-05	5.054744e-02	-1.010066e+01
1.370000e-05	-3.813412e-02	-1.028913e+01
1.371000e-05	4.850439e-02	-1.054274e+01
1.372000e-05	-1.166094e-03	-1.071108e+01
1.373000e-05	1.161494e-02	-1.093166e+01
1.374000e-05	2.840398e-02	-1.107866e+01
1.375000e-05	-5.269690e-04	-1.133026e+01
1.376000e-05	2.368021e-02	-1.146918e+01
1.377000e-05	-8.340694e-03	-1.170058e+01
1.378000e-05	5.152181e-02	-1.191116e+01
1.379000e-05	-1.172869e-02	-1.209066e+01
1.380000e-05	2.943499e-02	-1.226858e+01
1.381000e-05	-7.969759e-04	-1.244800e+01
1.382000e-05	4.161719e-02	-1.260598e+01
1.383000e-05	8.387477e-04	-1.277325e+01
1.384000e-05	2.296816e-02	-1.294272e+01
1.385000e-05	1.444661e-02	-1.305859e+01
1.386000e-05	2.255128e-02	-1.322805e+01
1.387000e-05	1.717990e-02	-1.339330e+01
1.388000e-05	2.233097e-02	-1.354179e+01
1.389000e-05	3.047746e-02	-1.363801e+01
1.390000e-05	1.316534e-02	-1.379648e+01
1.391000e-05	2.359534e-02	-1.393022e+01
1.392000e-05	2.246951e-02	-1.402756e+01
1.393000e-05	3.275483e-02	-1.413438e+01
1.394000e-05	1.913982e-02	-1.431066e+01
1.395000e-05	2.821699e-02	-1.436438e+01
1.396000e-05	2.655758e-02	-1.448119e+01
1.397000e-05	2.883611e-02	-1.457383e+01
1.398000e-05	2.856503e-02	-1.463956e+01
1.399000e-05	3.230739e-02	-1.472230e+01
1.400000e-05	3.109286e-02	-1.483651e+01
1.401000e-05	2.817370e-02	-1.491864e+01
1.402000e-05	3.078094e-02	-1.497120e+01
1.403000e-05	3.694869e-02	-1.500495e+01
1.404000e-05	3.457459e-02	-1.504498e+01
1.405000e-05	3.520116e-02	-1.505061e+01
1.406000e-05	3.632939e-02	-1.507177e+01
1.407000e-05	3.799830e-02	-1.513328e+01
1.408000e-05	3.786638e-02	-1.512545e+01
1.409000e-05	3.929651e-02	-1.524548e+01
1.410000e-05	4.265191e-02	-1.521699e+01
1.411000e-05	4.227575e-02	-1.521649e+01
1.412000e-05	4.359237e-02	-1.528759e+01
1.413000e-05	4.469037e-02	-1.525757e+01
1.414000e-05	4.706139e-02	-1.527859e+01
1.415000e-05	4.713280e-02	-1.525807e+01
1.416000e-05	4.912649e-02	-1.525711e+01
1.417000e-05	5.116814e-02	-1.524704e+01
1.418000e-05	5.359037e-02	-1.523554e+01
1.419000e-05	5.570694e-02	-1.520591e+01
1.420000e-05	5.778144e-02	-1.515438e+01
1.421000e-05	6.006993e-02	-1.512228e+01
1.422000e-05	6.327535e-02	-1.505859e+01
1.423000e-05	6.718331e-02	-1.501591e+01
1.424000e-05	7.118776e-02	-1.499294e+01
1.425000e-05	7.403141e-02	-1.492122e+01
1.426000e-05	7.621881e-02	-1.488709e+01
1.427000e-05	7.775186e-02	-1.478301e+01
1.428000e-05	7.799113e-02	-1.467962e+01
1.429000e-05	7.698785e-02	-1.460599e+01
1.430000e-05	7.649447e-02	-1.454275e+01
1.431000e-05	7.456401e-02	-1.444649e+01
1.432000e-05	7.152882e-02	-1.431075e+01
1.433000e-05	6.637272e-02	-1.419684e+01
1.434000e-05	6.343217e-02	-1.407018e+01
1.435000e-05	5.927383e-02	-1.392371e+01
1.436000e-05	5.605643e-02	-1.380709e+01
1.437000e-05	5.278197e-02	-1.373062e+01
1.438000e-05	5.026139e-02	-1.356430e+01
1.439000e-05	4.627777e-02	-1.342764e+01
1.440000e-05	4.200671e-02	-1.332072e+01
1.441000e-05	4.025911e-02	-1.314483e+01
1.442000e-05	3.727398e-02	-1.300806e+01
1.443000e-05	3.584297e-02	-1.291917e+01
1.444000e-05	3.368730e-02	-1.269285e+01
1.445000e-05	3.194075e-02	-1.258438e+01
1.446000e-05	3.051983e-02	-1.240746e+01
1.447000e-05	2.789257e-02	-1.222612e+01
1.448000e-05	2.639302e-02	-1.209167e+01
1.449000e-05	2.532908e-02	-1.181025e+01
1.450000e-05	2.335903e-02	-1.170223e+01
1.451000e-05	2.293703e-02	-1.144817e+01
1.452000e-05	2.114986e-02	-1.121964e+01
1.453000e-05	2.001954e-02	-1.102949e+01
1.454000e-05	1.908984e-02	-1.086809e+01
1.455000e-05	1.728305e-02	-1.065957e+01
1.456000e-05	1.738439e-02	-1.046812e+01
1.457000e-05	1.678754e-02	-1.017914e+01
1.458000e-05	1.596810e-02	-1.002904e+01
1.459000e-05	1.515779e-02	-9.778510e+00
1.460000e-05	1.281810e-02	-9.586409e+00
1.461000e-05	1.205153e-02	-9.346880e+00
1.462000e-05	9.958616e-03	-9.152830e+00
1.463000e-05	1.104254e-02	-8.891806e+00
1.464000e-05	9.945613e-03	-8.671143e+00
1.465000e-05	8.059371e-03	-8.408916e+00
1.466000e-05	8.130527e-03	-8.196910e+00
1.467000e-05	8.202297e-03	-7.935332e+00
1.468000e-05	7.391065e-03	-7.650599e+00
1.469000e-05	7.138225e-03	-7.408535e+00
1.470000e-05	5.439326e-03	-7.163856e+00
1.471000e-05	5.447797e-03	-6.913726e+00
1.472000e-05	5.342096e-03	-6.651136e+00
1.473000e-05	5.232183e-03	-6.376413e+00
1.474000e-05	4.004273e-03	-6.124306e+00
1.475000e-05	3.748254e-03	-5.863192e+00
1.476000e-05	3.106582e-03	-5.590538e+00
1.477000e-05	4.309327e-03	-5.312850e+00
1.478000e-05	2.510642e-03	-5.050039e+00
1.479000e-05	3.615026e-03	-4.713201e+00
1.480000e-05	1.152468e-03	-4.462167e+00
1.481000e-05	2.234828e-03	-4.209510e+00
1.482000e-05	-3.540705e-04	-3.927332e+00
1.483000e-05	1.312696e-03	-3.631619e+00
1.484000e-05	-9.650696e-04	-3.388937e+00
1.485000e-05	-1.133593e-03	-3.115375e+00
1.486000e-05	-1.714532e-03	-2.810059e+00
1.487000e-05	5.034694e-04	-2.556905e+00
1.488000e-05	-1.510418e-03	-2.262266e+00
1.489000e-05	-1.997786e-03	-1.966905e+00
1.490000e-05	-3.517157e-03	-1.675195e+00
1.491000e-05	-1.728581e-03	-1.358009e+00
1.492000e-05	-2.666405e-03	-1.062695e+00
1.493000e-05	-3.955424e-03	-7.989063e-01
1.494000e-05	-3.793355e-03	-4.637180e-01
1.495000e-05	-3.992033e-03	-1.796088e-01
1.496000e-05	-1.732732e-03	4.109901e-02
1.497000e-05	8.115982e-03	3.868347e-01
1.498000e-05	-4.431944e-03	5.984151e-01
1.499000e-05	3.027282e-03	8.330713e-01
1.500000e-05	-4.862014e-03	1.186890e+00
1.501000e-05	1.545178e-04	1.411520e+00
1.502000e-05	-6.053071e-03	1.757843e+00
1.503000e-05	9.420892e-03	1.986866e+00
1.504000e-05	2.684553e-02	2.187890e+00
1.505000e-05	9.036804e-02	2.462696e+00
1.506000e-05	-5.803072e-02	2.780944e+00
1.507000e-05	-4.467997e-02	3.133707e+00
1.508000e-05	-3.071322e-02	3.387890e+00
1.509000e-05	-5.356303e-03	3.682653e+00
1.510000e-05	-6.854395e-02	3.905184e+00
1.511000e-05	8.488434e-03	4.041654e+00
1.512000e-05	1.172585e-01	4.385265e+00
1.513000e-05	-1.224064e-01	4.671051e+00
1.514000e-05	5.361072e-02	4.859678e+00
1.515000e-05	4.267898e-02	5.240492e+00
1.516000e-05	-1.117036e-01	5.513286e+00
1.517000e-05	8.616626e-02	5.737840e+00
1.518000e-05	-6.714478e-02	6.061599e+00
1.519000e-05	3.660518e-02	6.281807e+00
1.520000e-05	-2.239686e-02	6.546419e+00
1.521000e-05	-1.372497e-02	6.871079e+00
1.522000e-05	1.809307e-02	7.093735e+00
1.523000e-05	-5.402570e-02	7.448420e+00
1.524000e-05	2.211621e-02	7.701628e+00
1.525000e-05	-5.399305e-02	7.965363e+00
1.526000e-05	4.775709e-02	8.258552e+00
1.527000e-05	-1.453559e-02	8.460478e+00
1.528000e-05	-3.464260e-02	8.670607e+00
1.529000e-05	1.704836e-02	8.952712e+00
1.530000e-05	-3.889552e-02	9.144290e+00
1.531000e-05	1.191257e-02	9.395924e+00
1.532000e-05	-4.518251e-02	9.595920e+00
1.533000e-05	2.379403e-02	9.846174e+00
1.534000e-05	-2.925088e-02	1.003961e+01
1.535000e-05	-1.031222e-02	1.024955e+01
1.536000e-05	-2.933264e-02	1.044908e+01
1.537000e-05	-4.364842e-03	1.065866e+01
1.538000e-05	-5.100163e-03	1.085013e+01
1.539000e-05	-3.444397e-02	1.103963e+01
1.540000e-05	-3.897883e-03	1.124958e+01
1.541000e-05	-1.681004e-02	1.148916e+01
1.542000e-05	-8.679996e-03	1.172066e+01
1.543000e-05	-3.743116e-02	1.185906e+01
1.544000e-05	-2.035428e-03	1.205005e+01
1.545000e-05	-2.212288e-02	1.225710e+01
1.546000e-05	-2.175327e-02	1.241645e+01
1.547000e-05	-2.476615e-02	1.259682e+01
1.548000e-05	-1.373138e-02	1.270269e+01
1.549000e-05	-2.009844e-02	1.288119e+01
1.550000e-05	-3.315199e-02	1.301751e+01
1.551000e-05	-1.541997e-02	1.318595e+01
1.552000e-05	-2.537473e-02	1.335180e+01
1.553000e-05	-2.218707e-02	1.346961e+01
1.554000e-05	-3.339821e-02	1.365851e+01
1.555000e-05	-1.684445e-02	1.377395e+01
1.556000e-05	-2.982828e-02	1.389924e+01
1.557000e-05	-2.948943e-02	1.405916e+01
1.558000e-05	-2.825849e-02	1.419430e+01
1.559000e-05	-2.678439e-02	1.430230e+01
1.560000e-05	-3.057301e-02	1.441751e+01
1.561000e-05	-3.682772e-02	1.450177e+01
1.562000e-05	-2.762060e-02	1.464703e+01
1.563000e-05	-3.424878e-02	1.468964e+01
1.564000e-05	-3.259012e-02	1.474582e+01
1.565000e-05	-3.687374e-02	1.486859e+01
1.566000e-05	-3.362501e-02	1.490177e+01
1.567000e-05	-3.899871e-02	1.498388e+01
1.568000e-05	-4.019680e-02	1.501501e+01
1.569000e-05	-3.824360e-02	1.506851e+01
1.570000e-05	-4.069993e-02	1.510224e+01
1.571000e-05	-4.041813e-02	1.513235e+01
1.572000e-05	-4.504888e-02	1.519399e+01
1.573000e-05	-4.308302e-02	1.522649e+01
1.574000e-05	-4.730953e-02	1.524764e+01
1.575000e-05	-4.606486e-02	1.531067e+01
1.576000e-05	-4.698275e-02	1.533124e+01
1.577000e-05	-4.853592e-02	1.533019e+01
1.578000e-05	-5.047767e-02	1.533977e+01
1.579000e-05	-5.278913e-02	1.531925e+01
1.580000e-05	-5.156179e-02	1.533018e+01
1.581000e-05	-5.699431e-02	1.534032e+01
1.582000e-05	-5.690271e-02	1.531915e+01
1.583000e-05	-5.865973e-02	1.531009e+01
1.584000e-05	-5.932908e-02	1.526702e+01
1.585000e-05	-6.306612e-02	1.520604e+01
1.586000e-05	-6.647589e-02	1.519446e+01
1.587000e-05	-6.775695e-02	1.515428e+01
1.588000e-05	-7.285317e-02	1.513067e+01
1.589000e-05	-7.474964e-02	1.502900e+01
1.590000e-05	-7.918023e-02	1.498543e+01
1.591000e-05	-8.032680e-02	1.491035e+01
1.592000e-05	-8.466832e-02	1.486662e+01
1.593000e-05	-8.507875e-02	1.479438e+01
1.594000e-05	-8.475367e-02	1.468077e+01
1.595000e-05	-8.337046e-02	1.462696e+01
1.596000e-05	-8.224359e-02	1.450978e+01
1.597000e-05	-7.806273e-02	1.437754e+01
1.598000e-05	-7.488434e-02	1.430131e+01
1.599000e-05	-7.097295e-02	1.418551e+01
1.600000e-05	-6.751973e-02	1.405757e+01
1.601000e-05	-6.358667e-02	1.390328e+01
1.602000e-05	-6.120923e-02	1.379354e+01
1.603000e-05	-5.835369e-02	1.369855e+01
1.604000e-05	-5.330306e-02	1.352273e+01
1.605000e-05	-5.094204e-02	1.338743e+01
1.606000e-05	-4.939940e-02	1.326670e+01
1.607000e-05	-4.746336e-02	1.308228e+01
1.608000e-05	-4.396820e-02	1.298541e+01
1.609000e-05	-4.068134e-02	1.283744e+01
1.610000e-05	-4.002707e-02	1.264064e+01
1.611000e-05	-3.829318e-02	1.253223e+01
1.612000e-05	-3.616697e-02	1.232438e+01
1.613000e-05	-3.479449e-02	1.213638e+01
1.614000e-05	-3.235814e-02	1.197751e+01
1.615000e-05	-3.315312e-02	1.178756e+01
1.616000e-05	-2.950670e-02	1.158556e+01
1.617000e-05	-2.939435e-02	1.140647e+01
1.618000e-05	-2.720184e-02	1.119746e+01
1.619000e-05	-2.752405e-02	1.097751e+01
1.620000e-05	-2.663790e-02	1.082814e+01
1.621000e-05	-2.527339e-02	1.058851e+01
1.622000e-05	-2.367925e-02	1.039601e+01
1.623000e-05	-2.261809e-02	1.016756e+01
1.624000e-05	-2.228403e-02	9.933306e+00
1.625000e-05	-2.073784e-02	9.693203e+00
1.626000e-05	-2.186380e-02	9.462125e+00
1.627000e-05	-2.070871e-02	9.250189e+00
1.628000e-05	-1.988770e-02	9.029113e+00
1.629000e-05	-1.774934e-02	8.766439e+00
1.630000e-05	-1.892989e-02	8.535931e+00
1.631000e-05	-1.952084e-02	8.294351e+00
1.632000e-05	-1.751241e-02	8.101152e+00
1.633000e-05	-1.585813e-02	7.811123e+00
1.634000e-05	-1.559893e-02	7.588509e+00
1.635000e-05	-1.693109e-02	7.325276e+00
1.636000e-05	-1.460767e-02	7.010619e+00
1.637000e-05	-1.433872e-02	6.791063e+00
1.638000e-05	-1.293121e-02	6.574411e+00
1.639000e-05	-1.268089e-02	6.272297e+00
1.640000e-05	-1.277761e-02	6.072515e+00
1.641000e-05	-1.342865e-02	5.798385e+00
1.642000e-05	-1.234542e-02	5.497324e+00
1.643000e-05	-1.204374e-02	5.220617e+00
1.644000e-05	-1.162046e-02	4.923779e+00
1.645000e-05	-1.150501e-02	4.601008e+00
1.646000e-05	-1.033546e-02	4.377981e+00
1.647000e-05	-9.753672e-03	4.032120e+00
1.648000e-05	-9.949490e-03	3.779511e+00
1.649000e-05	-9.940662e-03	3.567427e+00
1.650000e-05	-8.462638e-03	3.263064e+00
1.651000e-05	-8.007411e-03	2.969402e+00
1.652000e-05	-8.778983e-03	2.714347e+00
1.653000e-05	-7.580443e-03	2.379986e+00
1.654000e-05	-7.693886e-03	2.106223e+00
1.655000e-05	-7.249816e-03	1.873844e+00
1.656000e-05	-7.009950e-03	1.548405e+00
1.657000e-05	-6.873950e-03	1.231792e+00
1.658000e-05	-6.428170e-03	9.458233e-01
1.659000e-05	-5.604812e-03	6.112414e-01
1.660000e-05	-5.053380e-03	3.874821e-01
1.661000e-05	-3.969737e-03	2.421808e-02
1.662000e-05	2.428533e-03	-2.379687e-01
1.663000e-05	6.195249e-03	-4.310490e-01
1.664000e-05	-4.985180e-03	-7.564109e-01
1.665000e-05	3.955049e-03	-9.974886e-01
1.666000e-05	-3.331083e-03	-1.251602e+00
1.667000e-05	2.160105e-03	-1.618837e+00
1.668000e-05	4.897107e-03	-1.819915e+00
1.669000e-05	4.714045e-02	-2.001546e+00
1.670000e-05	9.821001e-02	-2.376825e+00
1.671000e-05	-9.586535e-02	-2.673276e+00
1.672000e-05	6.333358e-04	-3.073248e+00
1.673000e-05	-3.940899e-02	-3.367313e+00
1.674000e-05	-1.622112e-02	-3.564812e+00
1.675000e-05	-9.846680e-02	-3.765915e+00
1.676000e-05	1.880191e-01	-3.986364e+00
1.677000e-05	-7.557540e-02	-4.229968e+00
1.678000e-05	-1.115439e-02	-4.552729e+00
1.679000e-05	1.317889e-01	-4.713757e+00
1.680000e-05	-1.823576e-01	-5.060098e+00
1.681000e-05	1.819309e-01	-5.344315e+00
1.682000e-05	-1.122208e-01	-5.631067e+00
1.683000e-05	5.042199e-02	-5.912236e+00
1.684000e-05	7.923938e-02	-6.142762e+00
1.685000e-05	-1.259877e-01	-6.451100e+00
1.686000e-05	1.403411e-01	-6.714609e+00
1.687000e-05	-1.161182e-01	-7.035993e+00
1.688000e-05	8.244540e-02	-7.281656e+00
1.689000e-05	-2.987643e-02	-7.482258e+00
1.690000e-05	-1.446474e-02	-7.828998e+00
1.691000e-05	1.070680e-01	-8.070105e+00
1.692000e-05	-1.018219e-01	-8.314289e+00
1.693000e-05	1.158568e-01	-8.545270e+00
1.694000e-05	-7.398621e-02	-8.817499e+00
1.695000e-05	5.107452e-02	-9.059580e+00
1.696000e-05	-1.726815e-02	-9.239055e+00
1.697000e-05	1.507013e-02	-9.510213e+00
1.698000e-05	5.480341e-02	-9.732236e+00
1.699000e-05	-3.852832e-02	-9.942842e+00
1.700000e-05	4.455191e-02	-1.012416e+01
1.701000e-05	-4.117993e-02	-1.040494e+01
1.702000e-05	6.850302e-02	-1.062641e+01
1.703000e-05	-3.063752e-02	-1.079537e+01
1.704000e-05	4.856437e-02	-1.094482e+01
1.705000e-05	-2.383089e-03	-1.118474e+01
1.706000e-05	2.521901e-02	-1.140394e+01
1.707000e-05	-4.820571e-03	-1.151329e+01
1.708000e-05	2.217493e-02	-1.174640e+01
1.709000e-05	2.784128e-02	-1.195132e+01
1.710000e-05	-3.225169e-04	-1.216425e+01
1.711000e-05	2.098631e-02	-1.227134e+01
1.712000e-05	1.015176e-02	-1.249968e+01
1.713000e-05	3.809504e-02	-1.262816e+01
1.714000e-05	-2.341140e-03	-1.285595e+01
1.715000e-05	2.924702e-02	-1.294440e+01
1.716000e-05	8.116806e-03	-1.311174e+01
1.717000e-05	2.921328e-02	-1.331021e+01
1.718000e-05	9.096074e-03	-1.343406e+01
1.719000e-05	3.247198e-02	-1.358277e+01
1.720000e-05	2.030984e-02	-1.368109e+01
1.721000e-05	2.166248e-02	-1.382801e+01
1.722000e-05	2.030287e-02	-1.394230e+01
1.723000e-05	2.709227e-02	-1.407871e+01
1.724000e-05	2.651243e-02	-1.420495e+01
1.725000e-05	2.226370e-02	-1.432029e+01
1.726000e-05	2.907876e-02	-1.446751e+01
1.727000e-05	2.612415e-02	-1.451169e+01
1.728000e-05	2.822935e-02	-1.459542e+01
1.729000e-05	2.870550e-02	-1.469909e+01
1.730000e-05	3.392411e-02	-1.474188e+01
1.731000e-05	2.864912e-02	-1.480591e+01
1.732000e-05	2.942766e-02	-1.490062e+01
1.733000e-05	3.280612e-02	-1.497337e+01
1.734000e-05	3.804330e-02	-1.497353e+01
1.735000e-05	3.426003e-02	-1.503748e+01
1.736000e-05	3.539378e-02	-1.505977e+01
1.737000e-05	3.564928e-02	-1.510132e+01
1.738000e-05	3.702055e-02	-1.517392e+01
1.739000e-05	3.728461e-02	-1.518443e+01
1.740000e-05	4.031817e-02	-1.521503e+01
1.741000e-05	4.362952e-02	-1.526556e+01
1.742000e-05	4.375315e-02	-1.525656e+01
1.743000e-05	4.487291e-02	-1.525796e+01
1.744000e-05	4.450706e-02	-1.529761e+01
1.745000e-05	4.592412e-02	-1.530624e+01
1.746000e-05	4.681489e-02	-1.530804e+01
1.747000e-05	4.993283e-02	-1.525857e+01
1.748000e-05	5.234240e-02	-1.523746e+01
1.749000e-05	5.363991e-02	-1.523551e+01
1.750000e-05	5.617032e-02	-1.519391e+01
1.751000e-05	5.883029e-02	-1.512282e+01
1.752000e-05	6.091788e-02	-1.509975e+01
1.753000e-05	6.422590e-02	-1.503017e+01
1.754000e-05	6.876461e-02	-1.500651e+01
1.755000e-05	7.285185e-02	-1.497225e+01
1.756000e-05	7.494978e-02	-1.490012e+01
1.757000e-05	7.563501e-02	-1.483557e+01
1.758000e-05	7.741010e-02	-1.475285e+01
1.759000e-05	7.670774e-02	-1.466959e+01
1.760000e-05	7.528660e-02	-1.457435e+01
1.761000e-05	7.490536e-02	-1.448816e+01
1.762000e-05	7.371668e-02	-1.443540e+01
1.763000e-05	7.164007e-02	-1.423804e+01
1.764000e-05	6.601156e-02	-1.414393e+01
1.765000e-05	6.193591e-02	-1.402904e+01
1.766000e-05	5.749881e-02	-1.390080e+01
1.767000e-05	5.488796e-02	-1.382386e+01
1.768000e-05	5.160334e-02	-1.368747e+01
1.769000e-05	4.775667e-02	-1.351372e+01
1.770000e-05	4.446181e-02	-1.337301e+01
1.771000e-05	4.234575e-02	-1.324905e+01
1.772000e-05	3.988342e-02	-1.310120e+01
1.773000e-05	3.639425e-02	-1.299591e+01
1.774000e-05	3.471787e-02	-1.283754e+01
1.775000e-05	3.403790e-02	-1.264910e+01
1.776000e-05	3.169965e-02	-1.252175e+01
1.777000e-05	2.854440e-02	-1.237386e+01
1.778000e-05	2.655304e-02	-1.217553e+01
1.779000e-05	2.637110e-02	-1.202537e+01
1.780000e-05	2.430378e-02	-1.181747e+01
1.781000e-05	2.274435e-02	-1.161859e+01
1.782000e-05	2.201332e-02	-1.136594e+01
1.783000e-05	2.194264e-02	-1.117591e+01
1.784000e-05	2.187832e-02	-1.099743e+01
1.785000e-05	1.876335e-02	-1.076696e+01
1.786000e-05	1.672953e-02	-1.060593e+01
1.787000e-05	1.604679e-02	-1.033638e+01
1.788000e-05	1.653908e-02	-1.018443e+01
1.789000e-05	1.492767e-02	-9.905280e+00
1.790000e-05	1.308933e-02	-9.732398e+00
1.791000e-05	1.159110e-02	-9.483352e+00
1.792000e-05	1.245144e-02	-9.299048e+00
1.793000e-05	1.248249e-02	-9.060165e+00
1.794000e-05	1.075298e-02	-8.847038e+00
1.795000e-05	7.826722e-03	-8.595463e+00
1.796000e-05	9.547197e-03	-8.315254e+00
1.797000e-05	8.240438e-03	-8.092249e+00
1.798000e-05	6.149502e-03	-7.832043e+00
1.799000e-05	5.768363e-03	-7.585416e+00
1.800000e-05	6.947855e-03	-7.324876e+00
1.801000e-05	6.805207e-03	-7.060747e+00
1.802000e-05	4.591342e-03	-6.839460e+00
1.803000e-05	4.645301e-03	-6.546385e+00
1.804000e-05	6.857506e-03	-6.334773e+00
1.805000e-05	4.618897e-03	-6.060614e+00
1.806000e-05	3.148169e-03	-5.748434e+00
1.807000e-05	2.057676e-03	-5.535876e+00
1.808000e-05	4.154295e-03	-5.240565e+00
1.809000e-05	1.881432e-03	-4.912802e+00
1.810000e-05	1.879182e-03	-4.618412e+00
1.811000e-05	8.253336e-04	-4.356955e+00
1.812000e-05	3.087404e-03	-4.135405e+00
1.813000e-05	9.851882e-04	-3.821119e+00
1.814000e-05	8.411455e-05	-3.568512e+00
1.815000e-05	-3.793460e-04	-3.314798e+00
1.816000e-05	-1.041093e-03	-3.029611e+00
1.817000e-05	-8.996521e-04	-2.697852e+00
1.818000e-05	-1.683696e-03	-2.482094e+00
1.819000e-05	-1.678285e-03	-2.158380e+00
1.820000e-05	-2.722828e-03	-1.872794e+00
1.821000e-05	-2.350827e-03	-1.570611e+00
1.822000e-05	-3.115317e-03	-1.272199e+00
1.823000e-05	-2.873814e-03	-9.785298e-01
1.824000e-05	-3.896517e-03	-7.032971e-01
1.825000e-05	-3.263471e-03	-3.910336e-01
1.826000e-05	-3.413551e-03	-1.048234e-01
1.827000e-05	2.209564e-04	1.443596e-01
1.828000e-05	6.762235e-03	4.524962e-01
1.829000e-05	-6.469286e-03	6.737055e-01
1.830000e-05	4.514856e-03	9.153307e-01
1.831000e-05	-6.075443e-03	1.171044e+00
1.832000e-05	1.913358e-03	1.534927e+00
1.833000e-05	-6.843544e-03	1.790598e+00
1.834000e-05	1.670883e-02	1.991068e+00
1.835000e-05	4.348064e-02	2.272122e+00
1.836000e-05	7.300220e-02	2.606936e+00
1.837000e-05	-9.639954e-02	2.954733e+00
1.838000e-05	-1.509906e-02	3.187445e+00
1.839000e-05	-3.970089e-02	3.505233e+00
1.840000e-05	-4.338484e-03	3.755862e+00
1.841000e-05	-7.748305e-02	3.937365e+00
1.842000e-05	6.452308e-02	4.166359e+00
1.843000e-05	7.718217e-02	4.461148e+00
1.844000e-05	-1.577906e-01	4.694236e+00
1.845000e-05	1.601353e-01	4.996365e+00
1.846000e-05	-9.569957e-02	5.304808e+00
1.847000e-05	-4.270908e-03	5.585420e+00
1.848000e-05	2.533642e-02	5.889255e+00
1.849000e-05	-4.377118e-02	6.134257e+00
1.850000e-05	3.813652e-02	6.385944e+00
1.851000e-05	-4.346313e-02	6.691203e+00
1.852000e-05	1.982905e-02	6.943786e+00
1.853000e-05	-2.002249e-02	7.206944e+00
1.854000e-05	-2.303047e-02	7.480238e+00
1.855000e-05	-6.914633e-04	7.764863e+00
1.856000e-05	-3.313365e-02	8.039130e+00
1.857000e-05	5.058326e-02	8.323763e+00
1.858000e-05	-4.258822e-02	8.493764e+00
1.859000e-05	-1.034262e-02	8.734364e+00
1.860000e-05	1.877294e-03	8.985925e+00
1.861000e-05	-2.948643e-02	9.236943e+00
1.862000e-05	1.316143e-03	9.449478e+00
1.863000e-05	-3.629010e-02	9.659181e+00
1.864000e-05	2.215300e-02	9.881236e+00
1.865000e-05	-3.481446e-02	1.010224e+01
1.866000e-05	-1.058269e-02	1.035376e+01
1.867000e-05	-2.386772e-02	1.054277e+01
1.868000e-05	3.858267e-04	1.074272e+01
1.869000e-05	-1.456249e-02	1.095372e+01
1.870000e-05	-3.476306e-02	1.110377e+01
1.871000e-05	1.918003e-03	1.134282e+01
1.872000e-05	-1.743305e-02	1.153332e+01
1.873000e-05	-1.393186e-02	1.175377e+01
1.874000e-05	-3.160513e-02	1.193122e+01
1.875000e-05	-2.743071e-03	1.212071e+01
1.876000e-05	-2.446195e-02	1.228909e+01
1.877000e-05	-2.549229e-02	1.242808e+01
1.878000e-05	-1.741708e-02	1.259703e+01
1.879000e-05	-1.610727e-02	1.277539e+01
1.880000e-05	-2.247218e-02	1.298432e+01
1.881000e-05	-3.094073e-02	1.308116e+01
1.882000e-05	-1.416902e-02	1.327809e+01
1.883000e-05	-2.723952e-02	1.341600e+01
1.884000e-05	-2.636066e-02	1.353332e+01
1.885000e-05	-2.749300e-02	1.370117e+01
1.886000e-05	-2.095655e-02	1.379598e+01
1.887000e-05	-2.840953e-02	1.396173e+01
1.888000e-05	-3.208115e-02	1.411874e+01
1.889000e-05	-2.423980e-02	1.424596e+01
1.890000e-05	-3.102337e-02	1.435085e+01
1.891000e-05	-3.083219e-02	1.447813e+01
1.892000e-05	-3.398479e-02	1.458280e+01
1.893000e-05	-2.872865e-02	1.460608e+01
1.894000e-05	-3.409766e-02	1.471277e+01
1.895000e-05	-3.426434e-02	1.484593e+01
1.896000e-05	-3.245884e-02	1.490009e+01
1.897000e-05	-3.802085e-02	1.496225e+01
1.898000e-05	-3.877953e-02	1.495493e+01
1.899000e-05	-4.140705e-02	1.503601e+01
1.900000e-05	-3.643008e-02	1.507964e+01
1.901000e-05	-4.197034e-02	1.510282e+01
1.902000e-05	-4.280884e-02	1.521388e+01
1.903000e-05	-4.393688e-02	1.517648e+01
1.904000e-05	-4.491312e-02	1.527797e+01
1.905000e-05	-4.653927e-02	1.525654e+01
1.906000e-05	-4.849302e-02	1.529964e+01
1.907000e-05	-4.587817e-02	1.529067e+01
1.908000e-05	-4.982655e-02	1.530975e+01
1.909000e-05	-5.020168e-02	1.536067e+01
1.910000e-05	-5.406762e-02	1.532017e+01
1.911000e-05	-5.273752e-02	1.531065e+01
1.912000e-05	-5.690714e-02	1.532170e+01
1.913000e-05	-5.685507e-02	1.531972e+01
1.914000e-05	-5.818509e-02	1.526819e+01
1.915000e-05	-6.195236e-02	1.527862e+01
1.916000e-05	-6.340791e-02	1.523541e+01
1.917000e-05	-6.745683e-02	1.521541e+01
1.918000e-05	-6.851208e-02	1.514236e+01
1.919000e-05	-7.519983e-02	1.508010e+01
1.920000e-05	-7.621113e-02	1.500957e+01
1.921000e-05	-7.909143e-02	1.496486e+01
1.922000e-05	-8.149057e-02	1.488275e+01
1.923000e-05	-8.401654e-02	1.482654e+01
1.924000e-05	-8.596276e-02	1.475295e+01
1.925000e-05	-8.363796e-02	1.468007e+01
1.926000e-05	-8.360527e-02	1.457591e+01
1.927000e-05	-7.965550e-02	1.445065e+01
1.928000e-05	-7.774693e-02	1.437591e+01
1.929000e-05	-7.278715e-02	1.426017e+01
1.930000e-05	-7.062522e-02	1.418188e+01
1.931000e-05	-6.576691e-02	1.406549e+01
1.932000e-05	-6.413174e-02	1.387913e+01
1.933000e-05	-5.860989e-02	1.377336e+01
1.934000e-05	-5.635456e-02	1.361747e+01
1.935000e-05	-5.231350e-02	1.347059e+01
1.936000e-05	-5.154748e-02	1.336438e+01
1.937000e-05	-4.842257e-02	1.323644e+01
1.938000e-05	-4.510262e-02	1.304014e+01
1.939000e-05	-4.253186e-02	1.298228e+01
1.940000e-05	-4.226030e-02	1.271491e+01
1.941000e-05	-3.869307e-02	1.258854e+01
1.942000e-05	-3.689747e-02	1.250009e+01
1.943000e-05	-3.529097e-02	1.227217e+01
1.944000e-05	-3.522763e-02	1.212125e+01
1.945000e-05	-3.177664e-02	1.192373e+01
1.946000e-05	-3.165223e-02	1.176290e+01
1.947000e-05	-3.019832e-02	1.154486e+01
1.948000e-05	-2.984443e-02	1.134382e+01
1.949000e-05	-2.754829e-02	1.114378e+01
1.950000e-05	-2.655722e-02	1.092385e+01
1.951000e-05	-2.653564e-02	1.070388e+01
1.952000e-05	-2.575362e-02	1.055680e+01
1.953000e-05	-2.342337e-02	1.032322e+01
1.954000e-05	-2.291280e-02	1.011378e+01
1.955000e-05	-2.199648e-02	9.839149e+00
1.956000e-05	-2.130230e-02	9.620468e+00
1.957000e-05	-2.024068e-02	9.377536e+00
1.958000e-05	-2.046020e-02	9.176835e+00
1.959000e-05	-1.966569e-02	8.986858e+00
1.960000e-05	-2.008519e-02	8.663675e+00
1.961000e-05	-1.923016e-02	8.514698e+00
1.962000e-05	-1.994349e-02	8.242644e+00
1.963000e-05	-1.750989e-02	8.036459e+00
1.964000e-05	-1.595724e-02	7.735356e+00
1.965000e-05	-1.514543e-02	7.432697e+00
1.966000e-05	-1.448321e-02	7.238965e+00
1.967000e-05	-1.476347e-02	6.936429e+00
1.968000e-05	-1.501745e-02	6.763852e+00
1.969000e-05	-1.394490e-02	6.431568e+00
1.970000e-05	-1.336592e-02	6.179009e+00
1.971000e-05	-1.238182e-02	5.965879e+00
1.972000e-05	-1.272347e-02	5.702771e+00
1.973000e-05	-1.227521e-02	5.441098e+00
1.974000e-05	-1.208380e-02	5.145879e+00
1.975000e-05	-1.176364e-02	4.808387e+00
1.976000e-05	-1.122905e-02	4.506350e+00
1.977000e-05	-1.083871e-02	4.295253e+00
1.978000e-05	-9.790381e-03	3.997934e+00
1.979000e-05	-1.026023e-02	3.705723e+00
1.980000e-05	-8.891486e-03	3.423124e+00
1.981000e-05	-9.306998e-03	3.147456e+00
1.982000e-05	-9.488249e-03	2.881747e+00
1.983000e-05	-9.010944e-03	2.612068e+00
1.984000e-05	-7.919910e-03	2.286746e+00
1.985000e-05	-7.688225e-03	2.042590e+00
1.986000e-05	-7.143005e-03	1.738879e+00
1.987000e-05	-6.829478e-03	1.454641e+00
1.988000e-05	-6.228472e-03	1.148501e+00
1.989000e-05	-5.898978e-03	8.024564e-01
1.990000e-05	-5.494173e-03	5.383523e-01
1.991000e-05	-4.647604e-03	2.656709e-01
1.992000e-05	-2.684658e-03	-3.951650e-02
1.993000e-05	6.886374e-03	-2.741269e-01
1.994000e-05	-9.861100e-04	-5.569045e-01
1.995000e-05	9.671415e-04	-8.224464e-01
1.996000e-05	-9.146440e-04	-1.072703e+00
1.997000e-05	1.192481e-03	-1.378462e+00
1.998000e-05	-2.974878e-03	-1.662024e+00
1.999000e-05	1.747963e-02	-1.912205e+00
2.000000e-05	7.102773e-02	-2.123205e+00
2.001000e-05	5.203049e-02	-2.462120e+00
2.002000e-05	-1.044709e-01	-2.809569e+00
2.003000e-05	2.003112e-02	-3.176895e+00
2.004000e-05	-4.796902e-02	-3.409499e+00
2.005000e-05	-3.436649e-02	-3.597946e+00
2.006000e-05	-4.488881e-02	-3.826755e+00
2.007000e-05	1.999393e-01	-4.030023e+00
2.008000e-05	-1.841786e-01	-4.314731e+00
2.009000e-05	1.477269e-01	-4.594938e+00
2.010000e-05	-3.887164e-02	-4.859065e+00
2.011000e-05	-8.081231e-02	-5.135383e+00
2.012000e-05	1.477843e-01	-5.437419e+00
2.013000e-05	-1.624796e-01	-5.714812e+00
2.014000e-05	1.543888e-01	-5.986316e+00
2.015000e-05	-4.300901e-02	-6.238020e+00
2.016000e-05	-2.805844e-02	-6.556916e+00
2.017000e-05	9.197890e-02	-6.827469e+00
2.018000e-05	-1.204194e-01	-7.131732e+00
2.019000e-05	1.307316e-01	-7.366391e+00
2.020000e-05	-1.131365e-01	-7.637493e+00
2.021000e-05	1.000424e-01	-7.912157e+00
2.022000e-05	5.275216e-03	-8.165342e+00
2.023000e-05	-3.220178e-02	-8.397952e+00
2.024000e-05	8.358455e-02	-8.650002e+00
2.025000e-05	-8.299120e-02	-8.903336e+00
2.026000e-05	8.270186e-02	-9.101785e+00
2.027000e-05	-6.480701e-02	-9.353286e+00
2.028000e-05	7.857683e-02	-9.583896e+00
2.029000e-05	-9.050194e-03	-9.798416e+00
2.030000e-05	1.074762e-02	-9.996926e+00
2.031000e-05	7.204026e-03	-1.024705e+01
2.032000e-05	-3.140501e-03	-1.048858e+01
2.033000e-05	4.756282e-02	-1.060800e+01
2.034000e-05	-2.766019e-02	-1.080658e+01
2.035000e-05	5.275519e-02	-1.102753e+01
2.036000e-05	-1.717544e-02	-1.124595e+01
2.037000e-05	3.959536e-02	-1.142501e+01
2.038000e-05	-1.911579e-02	-1.164650e+01
2.039000e-05	4.830228e-02	-1.184603e+01
2.040000e-05	-1.641456e-03	-1.201690e+01
2.041000e-05	1.920031e-02	-1.220593e+01
2.042000e-05	8.509856e-03	-1.236337e+01
2.043000e-05	3.029093e-02	-1.253137e+01
2.044000e-05	1.904061e-02	-1.267066e+01
2.045000e-05	5.663138e-03	-1.287971e+01
2.046000e-05	2.645427e-02	-1.302696e+01
2.047000e-05	1.219549e-02	-1.318434e+01
2.048000e-05	2.624989e-02	-1.333174e+01
2.049000e-05	1.000765e-02	-1.349014e+01
2.050000e-05	3.679808e-02	-1.360598e+01
2.051000e-05	1.338890e-02	-1.373134e+01
2.052000e-05	2.489241e-02	-1.387067e+01
2.053000e-05	1.915666e-02	-1.398488e+01
2.054000e-05	3.344208e-02	-1.411182e+01
2.055000e-05	2.061029e-02	-1.423553e+01
2.056000e-05	2.494352e-02	-1.435345e+01
2.057000e-05	2.752172e-02	-1.449646e+01
2.058000e-05	2.914224e-02	-1.454232e+01
2.059000e-05	2.996871e-02	-1.461645e+01
2.060000e-05	2.970734e-02	-1.471074e+01
2.061000e-05	3.197388e-02	-1.477440e+01
2.062000e-05	2.831756e-02	-1.486659e+01
2.063000e-05	3.123980e-02	-1.490920e+01
2.064000e-05	3.522398e-02	-1.499285e+01
2.065000e-05	3.713930e-02	-1.501546e+01
2.066000e-05	3.397933e-02	-1.503856e+01
2.067000e-05	3.600890e-02	-1.509072e+01
2.068000e-05	3.667335e-02	-1.512387e+01
2.069000e-05	3.839158e-02	-1.520338e+01
2.070000e-05	3.994213e-02	-1.519290e+01
2.071000e-05	4.265272e-02	-1.522543e+01
2.072000e-05	4.198263e-02	-1.524754e+01
2.073000e-05	4.261287e-02	-1.528746e+01
2.074000e-05	4.420312e-02	-1.525702e+01
2.075000e-05	4.593350e-02	-1.523919e+01
2.076000e-05	4.667520e-02	-1.526649e+01
2.077000e-05	4.764655e-02	-1.526757e+01
2.078000e-05	5.095733e-02	-1.526606e+01
2.079000e-05	5.377113e-02	-1.523601e+01
2.080000e-05	5.388787e-02	-1.520438e+01
2.081000e-05	5.709911e-02	-1.514388e+01
2.082000e-05	5.886908e-02	-1.513235e+01
2.083000e-05	6.200946e-02	-1.505125e+01
2.084000e-05	6.543482e-02	-1.503902e+01
2.085000e-05	6.994840e-02	-1.500393e+01
2.086000e-05	7.301817e-02	-1.495022e+01
2.087000e-05	7.397134e-02	-1.489862e+01
2.088000e-05	7.756928e-02	-1.484436e+01
2.089000e-05	7.823543e-02	-1.470168e+01
2.090000e-05	7.796309e-02	-1.462749e+01
2.091000e-05	7.653283e-02	-1.457035e+01
2.092000e-05	7.617918e-02	-1.447759e+01
2.093000e-05	7.248146e-02	-1.436337e+01
2.094000e-05	6.766307e-02	-1.421707e+01
2.095000e-05	6.450729e-02	-1.414077e+01
2.096000e-05	6.071751e-02	-1.402491e+01
2.097000e-05	5.725599e-02	-1.382062e+01
2.098000e-05	5.365058e-02	-1.376235e+01
2.099000e-05	5.095431e-02	-1.364589e+01
2.100000e-05	4.820446e-02	-1.346060e+01
2.101000e-05	4.273631e-02	-1.336228e+01
2.102000e-05	4.068666e-02	-1.324501e+01
2.103000e-05	3.859639e-02	-1.308167e+01
2.104000e-05	3.607280e-02	-1.296230e+01
2.105000e-05	3.409306e-02	-1.278430e+01
2.106000e-05	3.294642e-02	-1.256697e+01
2.107000e-05	3.105047e-02	-1.252817e+01
2.108000e-05	2.910181e-02	-1.229070e+01
2.109000e-05	2.698727e-02	-1.211435e+01
2.110000e-05	2.618204e-02	-1.196340e+01
2.111000e-05	2.352418e-02	-1.178125e+01
2.112000e-05	2.294927e-02	-1.158316e+01
2.113000e-05	2.198639e-02	-1.131215e+01
2.114000e-05	2.009752e-02	-1.111122e+01
2.115000e-05	1.921217e-02	-1.092163e+01
2.116000e-05	1.775662e-02	-1.073227e+01
2.117000e-05	1.793856e-02	-1.054373e+01
2.118000e-05	1.624339e-02	-1.030273e+01
2.119000e-05	1.546663e-02	-1.012062e+01
2.120000e-05	1.493240e-02	-9.851115e+00
2.121000e-05	1.328113e-02	-9.670139e+00
2.122000e-05	1.162890e-02	-9.377040e+00
2.123000e-05	1.148133e-02	-9.218437e+00
2.124000e-05	1.161825e-02	-8.965735e+00
2.125000e-05	1.042679e-02	-8.765377e+00
2.126000e-05	8.416722e-03	-8.502721e+00
2.127000e-05	7.652399e-03	-8.248614e+00
2.128000e-05	8.491276e-03	-8.041137e+00
2.129000e-05	8.245027e-03	-7.774302e+00
2.130000e-05	6.886489e-03	-7.482269e+00
2.131000e-05	6.032377e-03	-7.222089e+00
2.132000e-05	6.112527e-03	-6.976336e+00
2.133000e-05	5.200620e-03	-6.713322e+00
2.134000e-05	3.807185e-03	-6.493149e+00
2.135000e-05	3.442886e-03	-6.230041e+00
2.136000e-05	4.065560e-03	-5.944907e+00
2.137000e-05	3.275664e-03	-5.703648e+00
2.138000e-05	2.993977e-03	-5.430089e+00
2.139000e-05	2.957156e-03	-5.104252e+00
2.140000e-05	2.155681e-03	-4.788985e+00
2.141000e-05	2.176903e-03	-4.545648e+00
2.142000e-05	1.428083e-03	-4.296819e+00
2.143000e-05	1.474728e-03	-4.010565e+00
2.144000e-05	8.359224e-04	-3.784903e+00
2.145000e-05	-3.139395e-04	-3.492692e+00
2.146000e-05	-6.623632e-04	-3.210063e+00
2.147000e-05	-1.650277e-03	-2.914278e+00
2.148000e-05	-5.029899e-04	-2.641138e+00
2.149000e-05	-1.431964e-03	-2.345902e+00
2.150000e-05	-1.323035e-03	-2.072645e+00
2.151000e-05	-3.493570e-03	-1.799959e+00
2.152000e-05	-2.777622e-03	-1.526374e+00
2.153000e-05	-3.443529e-03	-1.177456e+00
2.154000e-05	-3.237752e-03	-9.132670e-01
2.155000e-05	-4.666894e-03	-5.505061e-01
2.156000e-05	-3.136917e-03	-3.262459e-01
2.157000e-05	-4.137300e-03	-3.263984e-02
2.158000e-05	5.493332e-03	2.431228e-01
2.159000e-05	9.854409e-04	4.967868e-01
2.160000e-05	-2.272048e-03	7.173884e-01
2.161000e-05	1.752435e-03	1.031698e+00
2.162000e-05	-2.513490e-03	1.314334e+00
2.163000e-05	-1.774903e-03	1.640074e+00
2.164000e-05	-3.064052e-03	1.893683e+00
2.165000e-05	2.083470e-02	2.083183e+00
2.166000e-05	7.052564e-02	2.366862e+00
2.167000e-05	1.794874e-02	2.734256e+00
2.168000e-05	-8.700662e-02	3.029570e+00
2.169000e-05	-1.344190e-02	3.293685e+00
2.170000e-05	-2.768237e-02	3.588969e+00
2.171000e-05	-3.054269e-02	3.849621e+00
2.172000e-05	-4.937807e-02	4.030501e+00
2.173000e-05	1.067498e-01	4.331682e+00
2.174000e-05	-1.175617e-02	4.554812e+00
2.175000e-05	-9.520079e-02	4.817923e+00
2.176000e-05	1.630273e-01	5.093282e+00
2.177000e-05	-1.650654e-01	5.400045e+00
2.178000e-05	7.711108e-02	5.692105e+00
2.179000e-05	-3.989660e-02	5.926388e+00
2.180000e-05	4.126515e-03	6.218549e+00
2.181000e-05	1.662711e-02	6.480733e+00
2.182000e-05	-4.372286e-02	6.768844e+00
2.183000e-05	3.587910e-02	7.014950e+00
2.184000e-05	-5.210464e-02	7.320213e+00
2.185000e-05	1.155331e-02	7.575899e+00
2.186000e-05	-3.682518e-02	7.899653e+00
2.187000e-05	1.055477e-02	8.133266e+00
2.188000e-05	2.589541e-02	8.364871e+00
2.189000e-05	-5.148787e-02	8.596469e+00
2.190000e-05	8.969922e-03	8.807425e+00
2.191000e-05	-2.031131e-02	9.078605e+00
2.192000e-05	-4.024557e-03	9.271735e+00
2.193000e-05	-2.574494e-02	9.493238e+00
2.194000e-05	-4.348913e-03	9.776299e+00
2.195000e-05	-1.479936e-03	9.996842e+00
2.196000e-05	-2.228890e-02	1.016693e+01
2.197000e-05	-2.209794e-02	1.040600e+01
2.198000e-05	-1.428670e-02	1.059705e+01
2.199000e-05	-2.008394e-03	1.079645e+01
2.200000e-05	-2.586177e-02	1.102690e+01
2.201000e-05	-1.918713e-02	1.121645e+01
2.202000e-05	-4.723848e-03	1.138903e+01
2.203000e-05	-1.281451e-02	1.160590e+01
2.204000e-05	-3.092827e-02	1.182745e+01
2.205000e-05	-1.500473e-02	1.200447e+01
2.206000e-05	-1.124327e-02	1.214400e+01
2.207000e-05	-2.167164e-02	1.234224e+01
2.208000e-05	-2.708989e-02	1.248227e+01
2.209000e-05	-1.339136e-02	1.268909e+01
2.210000e-05	-1.998126e-02	1.281805e+01
2.211000e-05	-2.901612e-02	1.300798e+01
2.212000e-05	-2.215251e-02	1.314329e+01
2.213000e-05	-1.862532e-02	1.329122e+01
2.214000e-05	-2.470498e-02	1.344759e+01
2.215000e-05	-3.247635e-02	1.355495e+01
2.216000e-05	-1.937779e-02	1.375272e+01
2.217000e-05	-2.621660e-02	1.385019e+01
2.218000e-05	-2.801792e-02	1.405646e+01
2.219000e-05	-3.332825e-02	1.414322e+01
2.220000e-05	-2.464905e-02	1.426809e+01
2.221000e-05	-3.034343e-02	1.437491e+01
2.222000e-05	-3.366465e-02	1.447017e+01
2.223000e-05	-2.950752e-02	1.460341e+01
2.224000e-05	-3.209992e-02	1.464814e+01
2.225000e-05	-3.281749e-02	1.476472e+01
2.226000e-05	-3.664108e-02	1.475745e+01
2.227000e-05	-3.149504e-02	1.485957e+01
2.228000e-05	-3.984304e-02	1.495282e+01
2.229000e-05	-3.864826e-02	1.499440e+01
2.230000e-05	-4.020647e-02	1.504811e+01
2.231000e-05	-3.790471e-02	1.507024e+01
2.232000e-05	-4.226966e-02	1.515278e+01
2.233000e-05	-4.367000e-02	1.516341e+01
2.234000e-05	-4.162230e-02	1.524499e+01
2.235000e-05	-4.585130e-02	1.528707e+01
2.236000e-05	-4.643086e-02	1.525812e+01
2.237000e-05	-4.916530e-02	1.529962e+01
2.238000e-05	-4.570597e-02	1.531025e+01
2.239000e-05	-5.001740e-02	1.534962e+01
2.240000e-05	-5.132897e-02	1.532073e+01
2.241000e-05	-5.255281e-02	1.532075e+01
2.242000e-05	-5.425409e-02	1.532225e+01
2.243000e-05	-5.652391e-02	1.536125e+01
2.244000e-05	-5.911927e-02	1.530970e+01
2.245000e-05	-5.814832e-02	1.527815e+01
2.246000e-05	-6.323324e-02	1.524764e+01
2.247000e-05	-6.428276e-02	1.523442e+01
2.248000e-05	-6.871500e-02	1.517448e+01
2.249000e-05	-6.979958e-02	1.515070e+01
2.250000e-05	-7.487288e-02	1.506965e+01
2.251000e-05	-7.733175e-02	1.501846e+01
2.252000e-05	-8.053436e-02	1.496228e+01
2.253000e-05	-8.345768e-02	1.492877e+01
2.254000e-05	-8.379281e-02	1.480746e+01
2.255000e-05	-8.473271e-02	1.474382e+01
2.256000e-05	-8.249966e-02	1.464912e+01
2.257000e-05	-8.368263e-02	1.457225e+01
2.258000e-05	-7.907532e-02	1.446904e+01
2.259000e-05	-7.687105e-02	1.435378e+01
2.260000e-05	-7.206683e-02	1.423744e+01
2.261000e-05	-6.930512e-02	1.412030e+01
2.262000e-05	-6.508110e-02	1.400441e+01
2.263000e-05	-6.142281e-02	1.384854e+01
2.264000e-05	-5.727739e-02	1.371122e+01
2.265000e-05	-5.542382e-02	1.354638e+01
2.266000e-05	-5.200109e-02	1.341909e+01
2.267000e-05	-4.997413e-02	1.333182e+01
2.268000e-05	-4.747752e-02	1.314536e+01
2.269000e-05	-4.429035e-02	1.302849e+01
2.270000e-05	-4.129184e-02	1.288907e+01
2.271000e-05	-4.019699e-02	1.273223e+01
2.272000e-05	-3.808576e-02	1.259633e+01
2.273000e-05	-3.788446e-02	1.239591e+01
2.274000e-05	-3.427715e-02	1.221959e+01
2.275000e-05	-3.371990e-02	1.206914e+01
2.276000e-05	-3.063270e-02	1.186064e+01
2.277000e-05	-3.027377e-02	1.171075e+01
2.278000e-05	-2.990917e-02	1.145065e+01
2.279000e-05	-2.971318e-02	1.127110e+01
2.280000e-05	-2.898808e-02	1.105005e+01
2.281000e-05	-2.656769e-02	1.092022e+01
2.282000e-05	-2.561724e-02	1.067114e+01
2.283000e-05	-2.372812e-02	1.051004e+01
2.284000e-05	-2.353942e-02	1.021902e+01
2.285000e-05	-2.269834e-02	1.002704e+01
2.286000e-05	-2.185440e-02	9.776909e+00
2.287000e-05	-2.144705e-02	9.546332e+00
2.288000e-05	-2.082886e-02	9.335275e+00
2.289000e-05	-2.031494e-02	9.113325e+00
2.290000e-05	-1.853948e-02	8.902123e+00
2.291000e-05	-1.908414e-02	8.640539e+00
2.292000e-05	-1.762743e-02	8.419614e+00
2.293000e-05	-1.809443e-02	8.174956e+00
2.294000e-05	-1.659293e-02	7.932702e+00
2.295000e-05	-1.663482e-02	7.672593e+00
2.296000e-05	-1.584995e-02	7.377459e+00
2.297000e-05	-1.523921e-02	7.146831e+00
2.298000e-05	-1.506202e-02	6.923226e+00
2.299000e-05	-1.396496e-02	6.659071e+00
2.300000e-05	-1.450462e-02	6.367811e+00
2.301000e-05	-1.248317e-02	6.134300e+00
2.302000e-05	-1.338547e-02	5.842818e+00
2.303000e-05	-1.216569e-02	5.591010e+00
2.304000e-05	-1.145640e-02	5.333878e+00
2.305000e-05	-1.131742e-02	5.001045e+00
2.306000e-05	-1.134969e-02	4.714798e+00
2.307000e-05	-1.142816e-02	4.432143e+00
2.308000e-05	-1.057967e-02	4.169436e+00
2.309000e-05	-1.054365e-02	3.913369e+00
2.310000e-05	-9.542383e-03	3.651087e+00
2.311000e-05	-8.860685e-03	3.346332e+00
2.312000e-05	-8.319733e-03	3.082666e+00
2.313000e-05	-8.610091e-03	2.809009e+00
2.314000e-05	-7.671922e-03	2.467152e+00
2.315000e-05	-7.635323e-03	2.210410e+00
2.316000e-05	-8.049024e-03	1.978356e+00
2.317000e-05	-7.858476e-03	1.674667e+00
2.318000e-05	-6.880222e-03	1.347406e+00
2.319000e-05	-6.879021e-03	1.041064e+00
2.320000e-05	-6.073870e-03	7.392946e-01
2.321000e-05	-5.336686e-03	4.531127e-01
2.322000e-05	-3.617627e-03	1.788549e-01
2.323000e-05	-1.348129e-03	-1.063069e-01
2.324000e-05	9.816049e-03	-3.763660e-01
2.325000e-05	-6.782873e-03	-6.211690e-01
2.326000e-05	5.732814e-03	-8.932306e-01
2.327000e-05	-5.653181e-03	-1.165414e+00
2.328000e-05	4.466789e-03	-1.474250e+00
2.329000e-05	-4.106944e-03	-1.702785e+00
2.330000e-05	3.162625e-02	-1.956365e+00
2.331000e-05	9.649845e-02	-2.185994e+00
2.332000e-05	-2.520503e-02	-2.564910e+00
2.333000e-05	-6.086139e-02	-2.965228e+00
2.334000e-05	-1.463256e-03	-3.292672e+00
2.335000e-05	-3.058213e-02	-3.482556e+00
2.336000e-05	-7.696477e-02	-3.662728e+00
2.337000e-05	7.506070e-02	-3.905254e+00
2.338000e-05	1.089700e-01	-4.102181e+00
2.339000e-05	-1.658836e-01	-4.409423e+00
2.340000e-05	2.050543e-01	-4.658594e+00
2.341000e-05	-1.721960e-01	-4.984787e+00
2.342000e-05	7.838494e-02	-5.197571e+00
2.343000e-05	2.944292e-02	-5.492684e+00
2.344000e-05	-9.710713e-02	-5.818524e+00
2.345000e-05	1.738975e-01	-6.019499e+00
2.346000e-05	-1.351824e-01	-6.335885e+00
2.347000e-05	8.248483e-02	-6.637598e+00
2.348000e-05	-1.734965e-02	-6.891253e+00
2.349000e-05	-3.752854e-02	-7.185547e+00
2.350000e-05	9.061927e-02	-7.436600e+00
2.351000e-05	-1.145433e-01	-7.714787e+00
2.352000e-05	1.557452e-01	-7.974894e+00
2.353000e-05	-8.804121e-02	-8.237549e+00
2.354000e-05	6.048107e-02	-8.471230e+00
2.355000e-05	5.048580e-03	-8.711261e+00
2.356000e-05	-3.001473e-02	-8.994897e+00
2.357000e-05	5.305481e-02	-9.186371e+00
2.358000e-05	-5.778712e-02	-9.426949e+00
2.359000e-05	9.962289e-02	-9.640680e+00
2.360000e-05	-4.834814e-02	-9.850078e+00
2.361000e-05	4.979816e-02	-1.004921e+01
2.362000e-05	-3.439087e-02	-1.029121e+01
2.363000e-05	4.494138e-02	-1.054279e+01
2.364000e-05	4.180667e-03	-1.068016e+01
2.365000e-05	6.582537e-03	-1.087071e+01
2.366000e-05	3.137145e-02	-1.109963e+01
2.367000e-05	-3.763670e-03	-1.131029e+01
2.368000e-05	2.614033e-02	-1.146969e+01
2.369000e-05	-1.114615e-02	-1.168821e+01
2.370000e-05	5.281599e-02	-1.188069e+01
2.371000e-05	-1.197280e-02	-1.209819e+01
2.372000e-05	2.999067e-02	-1.223906e+01
2.373000e-05	-6.293309e-04	-1.245658e+01
2.374000e-05	4.173169e-02	-1.259403e+01
2.375000e-05	9.033602e-04	-1.273332e+01
2.376000e-05	2.220574e-02	-1.294329e+01
2.377000e-05	1.580654e-02	-1.307756e+01
2.378000e-05	2.074637e-02	-1.322698e+01
2.379000e-05	1.701645e-02	-1.338337e+01
2.380000e-05	2.050889e-02	-1.351924e+01
2.381000e-05	3.228775e-02	-1.362708e+01
2.382000e-05	1.577329e-02	-1.378392e+01
2.383000e-05	2.402762e-02	-1.391277e+01
2.384000e-05	2.153071e-02	-1.404748e+01
2.385000e-05	3.318364e-02	-1.417378e+01
2.386000e-05	1.822772e-02	-1.431821e+01
2.387000e-05	2.790820e-02	-1.439295e+01
2.388000e-05	2.671921e-02	-1.449864e+01
2.389000e-05	2.996550e-02	-1.457133e+01
2.390000e-05	2.776623e-02	-1.462749e+01
2.391000e-05	3.128908e-02	-1.469230e+01
2.392000e-05	3.250038e-02	-1.478443e+01
2.393000e-05	2.850066e-02	-1.485911e+01
2.394000e-05	2.993488e-02	-1.497220e+01
2.395000e-05	3.782427e-02	-1.499340e+01
2.396000e-05	3.389638e-02	-1.500554e+01
2.397000e-05	3.792380e-02	-1.504856e+01
2.398000e-05	3.631913e-02	-1.511267e+01
2.399000e-05	3.677246e-02	-1.516332e+01
2.400000e-05	3.715046e-02	-1.517493e+01
2.401000e-05	3.757059e-02	-1.521495e+01
2.402000e-05	4.337295e-02	-1.523641e+01
2.403000e-05	4.203202e-02	-1.525756e+01
2.404000e-05	4.512012e-02	-1.526699e+01
2.405000e-05	4.598694e-02	-1.524762e+01
2.406000e-05	4.530407e-02	-1.528909e+01
2.407000e-05	4.583372e-02	-1.525859e+01
2.408000e-05	4.917575e-02	-1.525791e+01
2.409000e-05	5.318541e-02	-1.523646e+01
2.410000e-05	5.195106e-02	-1.521556e+01
2.411000e-05	5.337882e-02	-1.519543e+01
2.412000e-05	5.774035e-02	-1.516380e+01
2.413000e-05	6.049407e-02	-1.510080e+01
2.414000e-05	6.298611e-02	-1.505062e+01
2.415000e-05	6.637940e-02	-1.503699e+01
2.416000e-05	7.079887e-02	-1.499383e+01
2.417000e-05	7.425554e-02	-1.493075e+01
2.418000e-05	7.507338e-02	-1.488862e+01
2.419000e-05	7.814994e-02	-1.477441e+01
2.420000e-05	7.729831e-02	-1.465965e+01
2.421000e-05	7.677701e-02	-1.459651e+01
2.422000e-05	7.460975e-02	-1.452822e+01
2.423000e-05	7.474624e-02	-1.444501e+01
2.424000e-05	7.266433e-02	-1.425332e+01
2.425000e-05	6.709160e-02	-1.419548e+01
2.426000e-05	6.349252e-02	-1.406712e+01
2.427000e-05	5.991179e-02	-1.395476e+01
2.428000e-05	5.603699e-02	-1.382756e+01
2.429000e-05	5.209185e-02	-1.369960e+01
2.430000e-05	5.032591e-02	-1.359535e+01
2.431000e-05	4.578403e-02	-1.346801e+01
2.432000e-05	4.211693e-02	-1.331972e+01
2.433000e-05	3.858172e-02	-1.316285e+01
2.434000e-05	3.733800e-02	-1.301653e+01
2.435000e-05	3.689749e-02	-1.290972e+01
2.436000e-05	3.638116e-02	-1.271427e+01
2.437000e-05	3.172617e-02	-1.256696e+01
2.438000e-05	2.863103e-02	-1.241594e+01
2.439000e-05	2.617933e-02	-1.223004e+01
2.440000e-05	2.688795e-02	-1.209817e+01
2.441000e-05	2.653514e-02	-1.186972e+01
2.442000e-05	2.380312e-02	-1.172070e+01
2.443000e-05	2.244378e-02	-1.150020e+01
2.444000e-05	2.079120e-02	-1.121005e+01
2.445000e-05	2.021965e-02	-1.097854e+01
2.446000e-05	1.930209e-02	-1.086007e+01
2.447000e-05	1.851980e-02	-1.064010e+01
2.448000e-05	1.770723e-02	-1.050807e+01
2.449000e-05	1.597716e-02	-1.024062e+01
2.450000e-05	1.508789e-02	-1.000694e+01
2.451000e-05	1.532467e-02	-9.808036e+00
2.452000e-05	1.425379e-02	-9.556885e+00
2.453000e-05	1.157281e-02	-9.355845e+00
2.454000e-05	1.031136e-02	-9.084776e+00
2.455000e-05	1.062853e-02	-8.874218e+00
2.456000e-05	1.087504e-02	-8.599714e+00
2.457000e-05	1.006198e-02	-8.436591e+00
2.458000e-05	8.173525e-03	-8.176881e+00
2.459000e-05	7.127017e-03	-7.964728e+00
2.460000e-05	6.694778e-03	-7.690522e+00
2.461000e-05	6.495354e-03	-7.397914e+00
2.462000e-05	6.097322e-03	-7.136305e+00
2.463000e-05	6.037392e-03	-6.951221e+00
2.464000e-05	4.676185e-03	-6.620639e+00
2.465000e-05	5.453565e-03	-6.420035e+00
2.466000e-05	3.972821e-03	-6.135250e+00
2.467000e-05	5.061782e-03	-5.881166e+00
2.468000e-05	3.118998e-03	-5.619959e+00
2.469000e-05	3.282829e-03	-5.355231e+00
2.470000e-05	1.523573e-03	-5.050062e+00
2.471000e-05	2.766583e-03	-4.694773e+00
2.472000e-05	1.230546e-03	-4.482164e+00
2.473000e-05	2.410783e-03	-4.240512e+00
2.474000e-05	1.380863e-03	-3.936348e+00
2.475000e-05	1.318073e-03	-3.652640e+00
2.476000e-05	3.232435e-04	-3.409985e+00
2.477000e-05	-4.659181e-04	-3.067399e+00
2.478000e-05	-1.362447e-03	-2.830436e+00
2.479000e-05	4.678573e-04	-2.566830e+00
2.480000e-05	-2.919253e-03	-2.291640e+00
2.481000e-05	-2.331946e-03	-1.998901e+00
2.482000e-05	-3.504634e-03	-1.723673e+00
2.483000e-05	-1.260686e-03	-1.388885e+00
2.484000e-05	-3.952178e-03	-1.072617e+00
2.485000e-05	-3.456424e-03	-8.114574e-01
2.486000e-05	-3.950913e-03	-4.732454e-01
2.487000e-05	-2.878747e-03	-2.731378e-01
2.488000e-05	-2.320395e-03	4.160427e-02
2.489000e-05	7.733864e-03	3.179136e-01
2.490000e-05	-5.073696e-03	5.789176e-01
2.491000e-05	2.666322e-03	8.211278e-01
2.492000e-05	-4.318857e-03	1.146938e+00
2.493000e-05	-3.126029e-04	1.410520e+00
2.494000e-05	-5.715431e-03	1.696986e+00
2.495000e-05	8.753423e-03	1.967394e+00
2.496000e-05	2.577458e-02	2.157043e+00
2.497000e-05	8.898836e-02	2.482577e+00
2.498000e-05	-5.134334e-02	2.809495e+00
2.499000e-05	-4.858384e-02	3.093761e+00
2.500000e-05	-2.884130e-02	3.357493e+00
2.501000e-05	-7.182468e-03	3.652628e+00
2.502000e-05	-6.657167e-02	3.904284e+00
2.503000e-05	2.582117e-04	4.111157e+00
2.504000e-05	1.193281e-01	4.346415e+00
2.505000e-05	-1.130065e-01	4.628651e+00
2.506000e-05	3.850828e-02	4.849678e+00
2.507000e-05	6.021518e-02	5.228545e+00
2.508000e-05	-1.225861e-01	5.503807e+00
2.509000e-05	8.848634e-02	5.815395e+00
2.510000e-05	-6.693052e-02	6.031078e+00
2.511000e-05	3.523884e-02	6.325208e+00
2.512000e-05	-1.821920e-02	6.595396e+00
2.513000e-05	-1.747728e-02	6.880555e+00
2.514000e-05	2.208661e-02	7.121210e+00
2.515000e-05	-5.462907e-02	7.375975e+00
2.516000e-05	2.422524e-02	7.642682e+00
2.517000e-05	-5.434079e-02	7.933916e+00
2.518000e-05	4.457762e-02	8.229000e+00
2.519000e-05	-1.009434e-02	8.429104e+00
2.520000e-05	-3.740753e-02	8.661658e+00
2.521000e-05	1.697499e-02	8.931234e+00
2.522000e-05	-3.939657e-02	9.133371e+00
2.523000e-05	1.160401e-02	9.346423e+00
2.524000e-05	-4.433215e-02	9.595501e+00
2.525000e-05	2.282118e-02	9.796478e+00
2.526000e-05	-2.700215e-02	1.005865e+01
2.527000e-05	-9.734282e-03	1.024963e+01
2.528000e-05	-2.870161e-02	1.045011e+01
2.529000e-05	-5.839470e-03	1.066959e+01
2.530000e-05	-4.754087e-03	1.086859e+01
2.531000e-05	-3.380829e-02	1.104918e+01
2.532000e-05	-4.709227e-03	1.126856e+01
2.533000e-05	-1.665730e-02	1.149759e+01
2.534000e-05	-7.231026e-03	1.168071e+01
2.535000e-05	-3.750928e-02	1.185916e+01
2.536000e-05	-1.992928e-03	1.203766e+01
2.537000e-05	-2.072225e-02	1.224808e+01
2.538000e-05	-2.127154e-02	1.238690e+01
2.539000e-05	-2.571269e-02	1.256480e+01
2.540000e-05	-1.356746e-02	1.272131e+01
2.541000e-05	-1.996136e-02	1.287969e+01
2.542000e-05	-3.350738e-02	1.303816e+01
2.543000e-05	-1.612769e-02	1.319440e+01
2.544000e-05	-2.475331e-02	1.334330e+01
2.545000e-05	-2.143569e-02	1.344821e+01
2.546000e-05	-3.274817e-02	1.366756e+01
2.547000e-05	-1.690317e-02	1.374448e+01
2.548000e-05	-2.894562e-02	1.390069e+01
2.549000e-05	-3.069689e-02	1.404806e+01
2.550000e-05	-2.905719e-02	1.420435e+01
2.551000e-05	-2.762067e-02	1.430230e+01
2.552000e-05	-3.013571e-02	1.441648e+01
2.553000e-05	-3.687201e-02	1.455177e+01
2.554000e-05	-2.664264e-02	1.459550e+01
2.555000e-05	-3.522230e-02	1.472066e+01
2.556000e-05	-3.243193e-02	1.478548e+01
2.557000e-05	-3.672350e-02	1.484653e+01
2.558000e-05	-3.301501e-02	1.491227e+01
2.559000e-05	-4.058721e-02	1.496437e+01
2.560000e-05	-4.103824e-02	1.500546e+01
2.561000e-05	-3.910254e-02	1.505109e+01
2.562000e-05	-3.892687e-02	1.507177e+01
2.563000e-05	-4.364695e-02	1.517388e+01
2.564000e-05	-4.383715e-02	1.517546e+01
2.565000e-05	-4.228166e-02	1.526596e+01
2.566000e-05	-4.561766e-02	1.528752e+01
2.567000e-05	-4.612256e-02	1.530869e+01
2.568000e-05	-4.748935e-02	1.532017e+01
2.569000e-05	-4.796158e-02	1.531180e+01
2.570000e-05	-5.119858e-02	1.533125e+01
2.571000e-05	-5.432826e-02	1.533225e+01
2.572000e-05	-5.408084e-02	1.535185e+01
2.573000e-05	-5.603373e-02	1.533875e+01
2.574000e-05	-5.641320e-02	1.531027e+01
2.575000e-05	-5.706525e-02	1.527812e+01
2.576000e-05	-5.669760e-02	1.529860e+01
2.577000e-05	-6.063065e-02	1.525557e+01
2.578000e-05	-6.645066e-02	1.520496e+01
2.579000e-05	-7.148155e-02	1.514335e+01
2.580000e-05	-7.437449e-02	1.508170e+01
2.581000e-05	-7.444719e-02	1.501904e+01
2.582000e-05	-7.893509e-02	1.499496e+01
2.583000e-05	-7.986915e-02	1.492185e+01
2.584000e-05	-8.329799e-02	1.484752e+01
2.585000e-05	-8.187644e-02	1.473598e+01
2.586000e-05	-8.293058e-02	1.472120e+01
2.587000e-05	-8.375857e-02	1.461499e+01
2.588000e-05	-8.380661e-02	1.455178e+01
2.589000e-05	-7.826540e-02	1.440706e+01
2.590000e-05	-7.341066e-02	1.433125e+01
2.591000e-05	-7.055383e-02	1.420543e+01
2.592000e-05	-6.836268e-02	1.408964e+01
2.593000e-05	-6.432852e-02	1.391283e+01
2.594000e-05	-6.006305e-02	1.380446e+01
2.595000e-05	-5.607508e-02	1.368855e+01
2.596000e-05	-5.248852e-02	1.351328e+01
2.597000e-05	-5.055154e-02	1.339741e+01
2.598000e-05	-5.187318e-02	1.327962e+01
2.599000e-05	-4.795071e-02	1.310275e+01
2.600000e-05	-4.355591e-02	1.296186e+01
2.601000e-05	-4.020821e-02	1.281604e+01
2.602000e-05	-4.107485e-02	1.264957e+01
2.603000e-05	-3.825930e-02	1.253280e+01
2.604000e-05	-3.563314e-02	1.231433e+01
2.605000e-05	-3.310879e-02	1.219544e+01
2.606000e-05	-3.137810e-02	1.199794e+01
2.607000e-05	-3.183099e-02	1.181799e+01
2.608000e-05	-3.289314e-02	1.161656e+01
2.609000e-05	-3.103099e-02	1.140741e+01
2.610000e-05	-2.864227e-02	1.119797e+01
2.611000e-05	-2.629518e-02	1.098051e+01
2.612000e-05	-2.600885e-02	1.083796e+01
2.613000e-05	-2.646548e-02	1.058804e+01
2.614000e-05	-2.181882e-02	1.035539e+01
2.615000e-05	-2.169393e-02	1.014588e+01
2.616000e-05	-2.229561e-02	9.894828e+00
2.617000e-05	-2.150261e-02	9.743298e+00
2.618000e-05	-2.275304e-02	9.452623e+00
2.619000e-05	-2.061761e-02	9.301670e+00
2.620000e-05	-2.171869e-02	9.000115e+00
2.621000e-05	-1.921238e-02	8.807488e+00
2.622000e-05	-1.881045e-02	8.565429e+00
2.623000e-05	-1.742097e-02	8.353906e+00
2.624000e-05	-1.710122e-02	8.102599e+00
2.625000e-05	-1.677958e-02	7.809039e+00
2.626000e-05	-1.604956e-02	7.617961e+00
2.627000e-05	-1.658467e-02	7.285281e+00
2.628000e-05	-1.545684e-02	7.072091e+00
2.629000e-05	-1.576387e-02	6.857531e+00
2.630000e-05	-1.522342e-02	6.565883e+00
2.631000e-05	-1.285491e-02	6.283192e+00
2.632000e-05	-1.264470e-02	6.043214e+00
2.633000e-05	-1.201672e-02	5.787935e+00
2.634000e-05	-1.277037e-02	5.523277e+00
2.635000e-05	-1.178562e-02	5.231645e+00
2.636000e-05	-1.145332e-02	4.924152e+00
2.637000e-05	-1.089790e-02	4.602514e+00
2.638000e-05	-1.135298e-02	4.399482e+00
2.639000e-05	-1.061865e-02	4.085669e+00
2.640000e-05	-1.001546e-02	3.800434e+00
2.641000e-05	-1.028181e-02	3.557932e+00
2.642000e-05	-8.630339e-03	3.254168e+00
2.643000e-05	-7.619321e-03	2.989430e+00
2.644000e-05	-8.265170e-03	2.706375e+00
2.645000e-05	-7.968635e-03	2.390532e+00
2.646000e-05	-6.712403e-03	2.106277e+00
2.647000e-05	-6.834296e-03	1.834193e+00
2.648000e-05	-7.023038e-03	1.559509e+00
2.649000e-05	-7.105377e-03	1.283739e+00
2.650000e-05	-6.497874e-03	9.567768e-01
2.651000e-05	-5.684836e-03	6.331090e-01
2.652000e-05	-5.076865e-03	3.894323e-01
2.653000e-05	-4.424239e-03	5.516673e-02
2.654000e-05	3.131531e-03	-1.899674e-01
2.655000e-05	7.471180e-03	-4.115242e-01
2.656000e-05	-5.965902e-03	-6.958859e-01
2.657000e-05	3.565996e-03	-9.894200e-01
2.658000e-05	-4.134073e-03	-1.264153e+00
2.659000e-05	3.465078e-03	-1.568341e+00
2.660000e-05	2.910135e-03	-1.787047e+00
2.661000e-05	4.528830e-02	-2.039995e+00
2.662000e-05	1.011920e-01	-2.302183e+00
2.663000e-05	-9.126524e-02	-2.703777e+00
2.664000e-05	-5.590121e-03	-3.082146e+00
2.665000e-05	-3.647798e-02	-3.353886e+00
2.666000e-05	-1.619804e-02	-3.554789e+00
2.667000e-05	-1.014300e-01	-3.755916e+00
2.668000e-05	1.798702e-01	-3.996341e+00
2.669000e-05	-5.855577e-02	-4.229042e+00
2.670000e-05	-3.200290e-02	-4.482758e+00
2.671000e-05	1.440331e-01	-4.730862e+00
2.672000e-05	-1.895455e-01	-5.039101e+00
2.673000e-05	1.767575e-01	-5.351287e+00
2.674000e-05	-1.009781e-01	-5.629549e+00
2.675000e-05	3.094081e-02	-5.891184e+00
2.676000e-05	9.533072e-02	-6.091806e+00
2.677000e-05	-1.352043e-01	-6.481079e+00
2.678000e-05	1.415993e-01	-6.712135e+00
2.679000e-05	-1.098055e-01	-7.016470e+00
2.680000e-05	7.087844e-02	-7.278683e+00
2.681000e-05	-1.462081e-02	-7.502166e+00
2.682000e-05	-2.775748e-02	-7.858075e+00
2.683000e-05	1.187507e-01	-8.071155e+00
2.684000e-05	-1.069213e-01	-8.322760e+00
2.685000e-05	1.127759e-01	-8.583345e+00
2.686000e-05	-6.815799e-02	-8.817475e+00
2.687000e-05	4.197920e-02	-9.070056e+00
2.688000e-05	-1.058625e-02	-9.228579e+00
2.689000e-05	4.358460e-03	-9.520258e+00
2.690000e-05	6.310212e-02	-9.726762e+00
2.691000e-05	-4.040845e-02	-9.933338e+00
2.692000e-05	4.852875e-02	-1.012432e+01
2.693000e-05	-4.206612e-02	-1.035392e+01
2.694000e-05	6.823436e-02	-1.059590e+01
2.695000e-05	-2.871800e-02	-1.074434e+01
2.696000e-05	4.489568e-02	-1.094387e+01
2.697000e-05	-1.047842e-03	-1.116335e+01
2.698000e-05	2.181935e-02	-1.136437e+01
2.699000e-05	-1.291216e-03	-1.157085e+01
2.700000e-05	1.911268e-02	-1.176287e+01
2.701000e-05	3.114410e-02	-1.194129e+01
2.702000e-05	-2.577645e-03	-1.216184e+01
2.703000e-05	2.343035e-02	-1.229216e+01
2.704000e-05	7.936945e-03	-1.251061e+01
2.705000e-05	3.870733e-02	-1.265756e+01
2.706000e-05	-4.249762e-03	-1.277552e+01
2.707000e-05	3.056023e-02	-1.296438e+01
2.708000e-05	8.981460e-03	-1.311174e+01
2.709000e-05	2.893894e-02	-1.327871e+01
2.710000e-05	8.720933e-03	-1.339653e+01
2.711000e-05	3.075378e-02	-1.361385e+01
2.712000e-05	2.115936e-02	-1.371114e+01
2.713000e-05	2.043820e-02	-1.379806e+01
2.714000e-05	2.027375e-02	-1.393182e+01
2.715000e-05	2.774397e-02	-1.408869e+01
2.716000e-05	2.842728e-02	-1.419396e+01
2.717000e-05	2.187479e-02	-1.428119e+01
2.718000e-05	2.933372e-02	-1.440499e+01
2.719000e-05	2.607386e-02	-1.453017e+01
2.720000e-05	2.915985e-02	-1.462543e+01
2.721000e-05	2.840972e-02	-1.466961e+01
2.722000e-05	3.305529e-02	-1.472237e+01
2.723000e-05	2.924560e-02	-1.484654e+01
2.724000e-05	2.946960e-02	-1.490762e+01
2.725000e-05	3.242357e-02	-1.494133e+01
2.726000e-05	3.753156e-02	-1.499401e+01
2.727000e-05	3.396437e-02	-1.503501e+01
2.728000e-05	3.606693e-02	-1.505977e+01
2.729000e-05	3.751627e-02	-1.513180e+01
2.730000e-05	3.751855e-02	-1.519282e+01
2.731000e-05	3.696134e-02	-1.517390e+01
2.732000e-05	4.042510e-02	-1.518546e+01
2.733000e-05	4.275079e-02	-1.525551e+01
2.734000e-05	4.300918e-02	-1.526709e+01
2.735000e-05	4.449856e-02	-1.527801e+01
2.736000e-05	4.572876e-02	-1.525662e+01
2.737000e-05	4.579274e-02	-1.528807e+01
2.738000e-05	4.582326e-02	-1.528544e+01
2.739000e-05	5.029248e-02	-1.529713e+01
2.740000e-05	5.285859e-02	-1.525601e+01
2.741000e-05	5.343317e-02	-1.523441e+01
2.742000e-05	5.578350e-02	-1.520441e+01
2.743000e-05	5.868314e-02	-1.509477e+01
2.744000e-05	6.009420e-02	-1.504025e+01
2.745000e-05	6.399852e-02	-1.504964e+01
2.746000e-05	6.755404e-02	-1.501504e+01
2.747000e-05	7.229098e-02	-1.499279e+01
2.748000e-05	7.409197e-02	-1.493020e+01
2.749000e-05	7.610796e-02	-1.483702e+01
2.750000e-05	7.788963e-02	-1.472340e+01
2.751000e-05	7.743149e-02	-1.463955e+01
2.752000e-05	7.614835e-02	-1.459678e+01
2.753000e-05	7.558606e-02	-1.452777e+01
2.754000e-05	7.410080e-02	-1.436496e+01
2.755000e-05	6.993245e-02	-1.424004e+01
2.756000e-05	6.554103e-02	-1.419278e+01
2.757000e-05	6.211405e-02	-1.403709e+01
2.758000e-05	5.902989e-02	-1.393276e+01
2.759000e-05	5.416881e-02	-1.377443e+01
2.760000e-05	5.171420e-02	-1.365762e+01
2.761000e-05	4.878133e-02	-1.351230e+01
2.762000e-05	4.499791e-02	-1.339546e+01
2.763000e-05	4.136125e-02	-1.325910e+01
2.764000e-05	3.872742e-02	-1.312222e+01
2.765000e-05	3.615760e-02	-1.296595e+01
2.766000e-05	3.510430e-02	-1.285799e+01
2.767000e-05	3.412003e-02	-1.264162e+01
2.768000e-05	3.127635e-02	-1.254327e+01
2.769000e-05	2.919304e-02	-1.239523e+01
2.770000e-05	2.686070e-02	-1.216544e+01
2.771000e-05	2.674259e-02	-1.203643e+01
2.772000e-05	2.424106e-02	-1.181844e+01
2.773000e-05	2.249998e-02	-1.165654e+01
2.774000e-05	2.179233e-02	-1.139631e+01
2.775000e-05	2.118938e-02	-1.117528e+01
2.776000e-05	2.021380e-02	-1.097643e+01
2.777000e-05	1.815868e-02	-1.077795e+01
2.778000e-05	1.799812e-02	-1.061743e+01
2.779000e-05	1.759299e-02	-1.040644e+01
2.780000e-05	1.610537e-02	-1.017291e+01
2.781000e-05	1.368914e-02	-9.924827e+00
2.782000e-05	1.347301e-02	-9.723803e+00
2.783000e-05	1.252075e-02	-9.460851e+00
2.784000e-05	1.189691e-02	-9.280643e+00
2.785000e-05	1.121504e-02	-9.019113e+00
2.786000e-05	1.062635e-02	-8.860033e+00
2.787000e-05	1.007431e-02	-8.585306e+00
2.788000e-05	8.065788e-03	-8.304681e+00
2.789000e-05	7.730248e-03	-8.122776e+00
2.790000e-05	7.290587e-03	-7.880594e+00
2.791000e-05	7.179009e-03	-7.584916e+00
2.792000e-05	6.840589e-03	-7.342681e+00
2.793000e-05	4.973857e-03	-7.060692e+00
2.794000e-05	5.194680e-03	-6.790490e+00
2.795000e-05	4.970626e-03	-6.575882e+00
2.796000e-05	5.500876e-03	-6.293799e+00
2.797000e-05	3.274605e-03	-6.040565e+00
2.798000e-05	4.392137e-03	-5.786934e+00
2.799000e-05	2.849670e-03	-5.564754e+00
2.800000e-05	2.908881e-03	-5.259534e+00
2.801000e-05	1.110407e-03	-4.926777e+00
2.802000e-05	2.212331e-03	-4.658506e+00
2.803000e-05	1.393632e-03	-4.397984e+00
2.804000e-05	2.277630e-03	-4.154725e+00
2.805000e-05	1.242399e-03	-3.861688e+00
2.806000e-05	1.414077e-03	-3.588455e+00
2.807000e-05	-1.791395e-04	-3.315221e+00
2.808000e-05	-4.835034e-04	-3.012436e+00
2.809000e-05	-1.283159e-03	-2.736323e+00
2.810000e-05	-2.967012e-04	-2.462593e+00
2.811000e-05	-2.152813e-03	-2.167485e+00
2.812000e-05	-2.611878e-03	-1.894618e+00
2.813000e-05	-1.538438e-03	-1.621511e+00
2.814000e-05	-3.590553e-03	-1.294165e+00
2.815000e-05	-4.478334e-03	-9.693746e-01
2.816000e-05	-4.111974e-03	-7.057719e-01
2.817000e-05	-2.385468e-03	-3.994337e-01
2.818000e-05	-3.427304e-03	-1.272483e-01
2.819000e-05	-5.115341e-05	1.657797e-01
2.820000e-05	7.651085e-03	4.115241e-01
2.821000e-05	-6.591465e-03	6.832058e-01
2.822000e-05	4.522787e-03	9.067822e-01
2.823000e-05	-6.392263e-03	1.221573e+00
2.824000e-05	2.099506e-03	1.522776e+00
2.825000e-05	-6.409068e-03	1.810074e+00
2.826000e-05	1.619359e-02	2.010573e+00
2.827000e-05	4.000029e-02	2.310600e+00
2.828000e-05	7.820499e-02	2.618490e+00
2.829000e-05	-9.320361e-02	2.923758e+00
2.830000e-05	-1.730536e-02	3.198970e+00
2.831000e-05	-4.095355e-02	3.492813e+00
2.832000e-05	-2.460446e-03	3.737840e+00
2.833000e-05	-7.823594e-02	4.005391e+00
2.834000e-05	5.706725e-02	4.124866e+00
2.835000e-05	8.637748e-02	4.430552e+00
2.836000e-05	-1.609899e-01	4.733883e+00
2.837000e-05	1.519577e-01	4.936966e+00
2.838000e-05	-8.301688e-02	5.325311e+00
2.839000e-05	-1.614456e-02	5.580869e+00
2.840000e-05	3.658507e-02	5.869602e+00
2.841000e-05	-4.579463e-02	6.113788e+00
2.842000e-05	3.724598e-02	6.365546e+00
2.843000e-05	-4.401705e-02	6.689129e+00
2.844000e-05	1.512025e-02	6.924340e+00
2.845000e-05	-1.355297e-02	7.187546e+00
2.846000e-05	-2.675004e-02	7.479107e+00
2.847000e-05	4.434855e-03	7.745412e+00
2.848000e-05	-3.704635e-02	8.028655e+00
2.849000e-05	5.136496e-02	8.332212e+00
2.850000e-05	-3.997254e-02	8.493837e+00
2.851000e-05	-1.306864e-02	8.714371e+00
2.852000e-05	5.093302e-03	8.975925e+00
2.853000e-05	-3.245229e-02	9.207600e+00
2.854000e-05	2.500715e-03	9.420479e+00
2.855000e-05	-3.663254e-02	9.680207e+00
2.856000e-05	2.340834e-02	9.911162e+00
2.857000e-05	-3.309658e-02	1.010274e+01
2.858000e-05	-1.162716e-02	1.031439e+01
2.859000e-05	-2.492840e-02	1.050479e+01
2.860000e-05	6.021524e-04	1.074172e+01
2.861000e-05	-1.111053e-02	1.094329e+01
2.862000e-05	-3.353435e-02	1.111029e+01
2.863000e-05	1.219298e-03	1.128136e+01
2.864000e-05	-1.962708e-02	1.155288e+01
2.865000e-05	-1.466172e-02	1.179330e+01
2.866000e-05	-3.293492e-02	1.189177e+01
2.867000e-05	-7.771960e-04	1.210924e+01
2.868000e-05	-2.283630e-02	1.228066e+01
2.869000e-05	-2.437176e-02	1.249701e+01
2.870000e-05	-1.863064e-02	1.258656e+01
2.871000e-05	-1.573802e-02	1.279540e+01
2.872000e-05	-2.255677e-02	1.295188e+01
2.873000e-05	-3.265299e-02	1.306479e+01
2.874000e-05	-1.459885e-02	1.326811e+01
2.875000e-05	-2.606862e-02	1.339498e+01
2.876000e-05	-2.476121e-02	1.353275e+01
2.877000e-05	-2.797491e-02	1.367067e+01
2.878000e-05	-1.985688e-02	1.381458e+01
2.879000e-05	-2.808950e-02	1.393335e+01
2.880000e-05	-3.224004e-02	1.403972e+01
2.881000e-05	-2.559186e-02	1.423649e+01
2.882000e-05	-3.151856e-02	1.436188e+01
2.883000e-05	-2.988508e-02	1.445916e+01
2.884000e-05	-3.437787e-02	1.454283e+01
2.885000e-05	-2.859330e-02	1.462661e+01
2.886000e-05	-3.586814e-02	1.473074e+01
2.887000e-05	-3.384426e-02	1.478645e+01
2.888000e-05	-3.230503e-02	1.488116e+01
2.889000e-05	-3.735679e-02	1.492342e+01
2.890000e-05	-3.870173e-02	1.498440e+01
2.891000e-05	-4.120012e-02	1.502801e+01
2.892000e-05	-3.672883e-02	1.505916e+01
2.893000e-05	-4.238060e-02	1.506177e+01
2.894000e-05	-4.278854e-02	1.516338e+01
2.895000e-05	-4.390536e-02	1.521593e+01
2.896000e-05	-4.493537e-02	1.525749e+01
2.897000e-05	-4.615885e-02	1.526604e+01
2.898000e-05	-4.797914e-02	1.528870e+01
2.899000e-05	-4.533263e-02	1.533024e+01
2.900000e-05	-4.987644e-02	1.532017e+01
2.901000e-05	-5.055552e-02	1.532120e+01
2.902000e-05	-5.473365e-02	1.537117e+01
2.903000e-05	-5.276999e-02	1.532130e+01
2.904000e-05	-5.657528e-02	1.532922e+01
2.905000e-05	-5.670409e-02	1.529920e+01
2.906000e-05	-5.846749e-02	1.533760e+01
2.907000e-05	-6.115747e-02	1.528657e+01
2.908000e-05	-6.201874e-02	1.522694e+01
2.909000e-05	-6.708766e-02	1.518543e+01
2.910000e-05	-6.826199e-02	1.515083e+01
2.911000e-05	-7.438986e-02	1.509120e+01
2.912000e-05	-7.529516e-02	1.504851e+01
2.913000e-05	-7.955091e-02	1.497590e+01
2.914000e-05	-8.192009e-02	1.492025e+01
2.915000e-05	-8.422526e-02	1.484701e+01
2.916000e-05	-8.578278e-02	1.477585e+01
2.917000e-05	-8.278706e-02	1.470062e+01
2.918000e-05	-8.383476e-02	1.457188e+01
2.919000e-05	-7.904374e-02	1.449125e+01
2.920000e-05	-7.756688e-02	1.437440e+01
2.921000e-05	-7.266975e-02	1.425812e+01
2.922000e-05	-7.167631e-02	1.416585e+01
2.923000e-05	-6.633702e-02	1.402499e+01
2.924000e-05	-6.380449e-02	1.388177e+01
2.925000e-05	-5.897136e-02	1.375290e+01
2.926000e-05	-5.735469e-02	1.362804e+01
2.927000e-05	-5.269621e-02	1.346015e+01
2.928000e-05	-5.043388e-02	1.337433e+01
2.929000e-05	-4.773411e-02	1.322548e+01
2.930000e-05	-4.543455e-02	1.305962e+01
2.931000e-05	-4.368879e-02	1.298030e+01
2.932000e-05	-4.212104e-02	1.275483e+01
2.933000e-05	-3.914848e-02	1.261801e+01
2.934000e-05	-3.738486e-02	1.250814e+01
2.935000e-05	-3.439144e-02	1.229269e+01
2.936000e-05	-3.611011e-02	1.213225e+01
2.937000e-05	-3.188694e-02	1.191573e+01
2.938000e-05	-3.071660e-02	1.176388e+01
2.939000e-05	-2.906430e-02	1.156423e+01
2.940000e-05	-2.934530e-02	1.135286e+01
2.941000e-05	-2.703241e-02	1.112528e+01
2.942000e-05	-2.689371e-02	1.094635e+01
2.943000e-05	-2.655854e-02	1.074536e+01
2.944000e-05	-2.624805e-02	1.053280e+01
2.945000e-05	-2.396845e-02	1.032278e+01
2.946000e-05	-2.276963e-02	1.012423e+01
2.947000e-05	-2.277328e-02	9.890597e+00
2.948000e-05	-2.100736e-02	9.679018e+00
2.949000e-05	-2.017939e-02	9.396983e+00
2.950000e-05	-2.038971e-02	9.240434e+00
2.951000e-05	-2.080819e-02	8.946356e+00
2.952000e-05	-1.954801e-02	8.724226e+00
2.953000e-05	-1.855534e-02	8.521248e+00
2.954000e-05	-1.852442e-02	8.242694e+00
2.955000e-05	-1.829827e-02	7.946913e+00
2.956000e-05	-1.683942e-02	7.746954e+00
2.957000e-05	-1.592460e-02	7.493228e+00
2.958000e-05	-1.579902e-02	7.209984e+00
2.959000e-05	-1.474340e-02	6.988384e+00
2.960000e-05	-1.378268e-02	6.764801e+00
2.961000e-05	-1.413487e-02	6.481119e+00
2.962000e-05	-1.364498e-02	6.188935e+00
2.963000e-05	-1.242430e-02	5.978431e+00
2.964000e-05	-1.272884e-02	5.685149e+00
2.965000e-05	-1.257545e-02	5.461488e+00
2.966000e-05	-1.166354e-02	5.105827e+00
2.967000e-05	-1.185847e-02	4.816509e+00
2.968000e-05	-1.007941e-02	4.495828e+00
2.969000e-05	-1.143626e-02	4.334194e+00
2.970000e-05	-9.884487e-03	3.999506e+00
2.971000e-05	-1.029386e-02	3.706224e+00
2.972000e-05	-8.834311e-03	3.494697e+00
2.973000e-05	-9.744948e-03	3.136827e+00
2.974000e-05	-9.073617e-03	2.925743e+00
2.975000e-05	-8.003623e-03	2.641613e+00
2.976000e-05	-8.259971e-03	2.345200e+00
2.977000e-05	-7.804638e-03	2.041562e+00
2.978000e-05	-7.754512e-03	1.769529e+00
2.979000e-05	-5.923858e-03	1.463192e+00
2.980000e-05	-5.126721e-03	1.169880e+00
2.981000e-05	-6.483434e-03	8.116087e-01
2.982000e-05	-6.165903e-03	5.678072e-01
2.983000e-05	-5.351731e-03	3.051693e-01
2.984000e-05	-2.775831e-03	-2.004520e-02
2.985000e-05	6.012916e-03	-2.722018e-01
2.986000e-05	2.687745e-04	-4.933371e-01
2.987000e-05	6.466162e-04	-8.000728e-01
2.988000e-05	-1.248145e-03	-1.072152e+00
2.989000e-05	8.650561e-04	-1.347516e+00
2.990000e-05	-2.154442e-03	-1.619577e+00
2.991000e-05	1.657147e-02	-1.902655e+00
2.992000e-05	6.594853e-02	-2.042677e+00
2.993000e-05	6.097933e-02	-2.399023e+00
2.994000e-05	-1.066373e-01	-2.800571e+00
2.995000e-05	2.067557e-02	-3.179518e+00
2.996000e-05	-4.907737e-02	-3.429445e+00
2.997000e-05	-2.993182e-02	-3.587970e+00
2.998000e-05	-5.572735e-02	-3.827178e+00
2.999000e-05	2.049348e-01	-4.020598e+00
3.000000e-05	-1.769963e-01	-4.304287e+00
3.001000e-05	1.320975e-01	-4.565445e+00
3.002000e-05	-1.870228e-02	-4.817600e+00
3.003000e-05	-9.909199e-02	-5.153812e+00
3.004000e-05	1.578554e-01	-5.446927e+00
3.005000e-05	-1.590041e-01	-5.743308e+00
3.006000e-05	1.453820e-01	-5.986469e+00
3.007000e-05	-3.141326e-02	-6.238573e+00
3.008000e-05	-4.519385e-02	-6.522387e+00
3.009000e-05	1.034748e-01	-6.785924e+00
3.010000e-05	-1.246156e-01	-7.089760e+00
3.011000e-05	1.305027e-01	-7.325869e+00
3.012000e-05	-1.071440e-01	-7.617498e+00
3.013000e-05	8.725308e-02	-7.950812e+00
3.014000e-05	1.784571e-02	-8.155314e+00
3.015000e-05	-4.470071e-02	-8.416500e+00
3.016000e-05	9.367022e-02	-8.638574e+00
3.017000e-05	-8.516918e-02	-8.883208e+00
3.018000e-05	8.005927e-02	-9.102236e+00
3.019000e-05	-6.469123e-02	-9.330263e+00
3.020000e-05	7.410422e-02	-9.563418e+00
3.021000e-05	2.003376e-03	-9.784923e+00
3.022000e-05	5.679797e-03	-9.995926e+00
3.023000e-05	1.112160e-02	-1.022395e+01
3.024000e-05	-1.030557e-02	-1.044758e+01
3.025000e-05	5.146148e-02	-1.061853e+01
3.026000e-05	-3.057095e-02	-1.080755e+01
3.027000e-05	5.465479e-02	-1.100593e+01
3.028000e-05	-1.512397e-02	-1.121605e+01
3.029000e-05	3.928241e-02	-1.139753e+01
3.030000e-05	-2.017080e-02	-1.162602e+01
3.031000e-05	4.657826e-02	-1.185701e+01
3.032000e-05	2.802877e-03	-1.196602e+01
3.033000e-05	1.724487e-02	-1.222640e+01
3.034000e-05	7.514285e-03	-1.235389e+01
3.035000e-05	2.606588e-02	-1.256230e+01
3.036000e-05	2.173225e-02	-1.270974e+01
3.037000e-05	6.223030e-03	-1.283960e+01
3.038000e-05	2.797555e-02	-1.301555e+01
3.039000e-05	1.162073e-02	-1.321392e+01
3.040000e-05	2.716821e-02	-1.331329e+01
3.041000e-05	8.859000e-03	-1.347813e+01
3.042000e-05	3.705234e-02	-1.359497e+01
3.043000e-05	1.496679e-02	-1.371074e+01
3.044000e-05	2.499646e-02	-1.389106e+01
3.045000e-05	1.805152e-02	-1.401448e+01
3.046000e-05	3.295435e-02	-1.414027e+01
3.047000e-05	2.113452e-02	-1.427404e+01
3.048000e-05	2.535075e-02	-1.433182e+01
3.049000e-05	2.834660e-02	-1.446656e+01
3.050000e-05	2.833379e-02	-1.454278e+01
3.051000e-05	2.968592e-02	-1.462701e+01
3.052000e-05	3.094014e-02	-1.467022e+01
3.053000e-05	3.433620e-02	-1.479488e+01
3.054000e-05	2.771012e-02	-1.486654e+01
3.055000e-05	2.952910e-02	-1.492965e+01
3.056000e-05	3.406126e-02	-1.497232e+01
3.057000e-05	3.706918e-02	-1.499701e+01
3.058000e-05	3.416637e-02	-1.504014e+01
3.059000e-05	3.674765e-02	-1.503124e+01
3.060000e-05	3.705151e-02	-1.512380e+01
3.061000e-05	3.821285e-02	-1.518233e+01
3.062000e-05	3.846449e-02	-1.518488e+01
3.063000e-05	4.211498e-02	-1.524588e+01
3.064000e-05	4.329064e-02	-1.523714e+01
3.065000e-05	4.273833e-02	-1.525804e+01
3.066000e-05	4.409934e-02	-1.526604e+01
3.067000e-05	4.538597e-02	-1.528767e+01
3.068000e-05	4.682099e-02	-1.524709e+01
3.069000e-05	4.769269e-02	-1.523799e+01
3.070000e-05	5.126645e-02	-1.527759e+01
3.071000e-05	5.365288e-02	-1.525601e+01
3.072000e-05	5.448313e-02	-1.519393e+01
3.073000e-05	5.692393e-02	-1.515291e+01
3.074000e-05	5.881368e-02	-1.510230e+01
3.075000e-05	6.098596e-02	-1.508114e+01
3.076000e-05	6.452127e-02	-1.502756e+01
3.077000e-05	6.857469e-02	-1.500443e+01
3.078000e-05	7.357126e-02	-1.496225e+01
3.079000e-05	7.508244e-02	-1.489819e+01
3.080000e-05	7.811306e-02	-1.481596e+01
3.081000e-05	7.812469e-02	-1.471328e+01
3.082000e-05	7.741413e-02	-1.459802e+01
3.083000e-05	7.634356e-02	-1.454325e+01
3.084000e-05	7.527496e-02	-1.448809e+01
3.085000e-05	7.228646e-02	-1.435280e+01
3.086000e-05	6.827302e-02	-1.419446e+01
3.087000e-05	6.443130e-02	-1.416325e+01
3.088000e-05	6.073374e-02	-1.401438e+01
3.089000e-05	5.748328e-02	-1.384915e+01
3.090000e-05	5.379259e-02	-1.377390e+01
3.091000e-05	5.217548e-02	-1.361646e+01
3.092000e-05	4.793998e-02	-1.346069e+01
3.093000e-05	4.312654e-02	-1.335385e+01
3.094000e-05	4.013182e-02	-1.321656e+01
3.095000e-05	3.905257e-02	-1.304107e+01
3.096000e-05	3.617761e-02	-1.293227e+01
3.097000e-05	3.415898e-02	-1.276433e+01
3.098000e-05	3.258519e-02	-1.261004e+01
3.099000e-05	3.141490e-02	-1.248912e+01
3.100000e-05	2.828170e-02	-1.228067e+01
3.101000e-05	2.671237e-02	-1.215440e+01
3.102000e-05	2.557554e-02	-1.201480e+01
3.103000e-05	2.438830e-02	-1.178523e+01
3.104000e-05	2.312828e-02	-1.155583e+01
3.105000e-05	2.196910e-02	-1.130173e+01
3.106000e-05	2.076597e-02	-1.112222e+01
3.107000e-05	1.943326e-02	-1.094324e+01
3.108000e-05	1.752614e-02	-1.072267e+01
3.109000e-05	1.775294e-02	-1.055485e+01
3.110000e-05	1.617194e-02	-1.031317e+01
3.111000e-05	1.567758e-02	-1.013057e+01
3.112000e-05	1.470263e-02	-9.890592e+00
3.113000e-05	1.377013e-02	-9.681165e+00
3.114000e-05	1.181221e-02	-9.431111e+00
3.115000e-05	1.182899e-02	-9.208438e+00
3.116000e-05	1.052516e-02	-8.976956e+00
3.117000e-05	1.011537e-02	-8.744855e+00
3.118000e-05	9.378699e-03	-8.533148e+00
3.119000e-05	8.669422e-03	-8.271118e+00
3.120000e-05	6.323822e-03	-8.081088e+00
3.121000e-05	8.156023e-03	-7.776732e+00
3.122000e-05	5.856426e-03	-7.511199e+00
3.123000e-05	9.289466e-03	-7.240140e+00
3.124000e-05	6.404693e-03	-6.997981e+00
3.125000e-05	2.873497e-03	-6.714357e+00
3.126000e-05	5.366713e-03	-6.524116e+00
3.127000e-05	2.248777e-03	-6.269089e+00
3.128000e-05	5.518041e-03	-5.957910e+00
3.129000e-05	2.533874e-03	-5.705224e+00
3.130000e-05	3.426375e-03	-5.490116e+00
3.131000e-05	3.861001e-03	-5.166347e+00
3.132000e-05	9.492554e-04	-4.799493e+00
3.133000e-05	2.114323e-03	-4.554247e+00
3.134000e-05	1.793767e-03	-4.314220e+00
3.135000e-05	2.179817e-03	-4.012112e+00
3.136000e-05	9.127945e-04	-3.758830e+00
3.137000e-05	-1.163594e-03	-3.475193e+00
3.138000e-05	8.571040e-04	-3.252534e+00
3.139000e-05	-3.203649e-03	-2.933751e+00
3.140000e-05	-7.287351e-04	-2.671090e+00
3.141000e-05	-3.327928e-03	-2.398952e+00
3.142000e-05	-5.007178e-04	-2.072066e+00
3.143000e-05	-2.456765e-03	-1.752006e+00
3.144000e-05	-1.935022e-03	-1.536801e+00
3.145000e-05	-3.868321e-03	-1.187932e+00
3.146000e-05	-4.088453e-03	-8.962179e-01
3.147000e-05	-4.950534e-03	-5.804587e-01
3.148000e-05	-3.551819e-03	-3.152695e-01
3.149000e-05	-4.496436e-03	-5.359152e-02
3.150000e-05	5.297328e-03	2.411440e-01
3.151000e-05	2.994542e-03	5.556545e-01
3.152000e-05	-3.026967e-03	7.068459e-01
3.153000e-05	3.735479e-04	1.022044e+00
3.154000e-05	-4.343727e-03	1.345736e+00
3.155000e-05	-1.378366e-03	1.600120e+00
3.156000e-05	-3.507971e-03	1.862759e+00
3.157000e-05	1.922540e-02	2.072255e+00
3.158000e-05	6.730241e-02	2.345839e+00
3.159000e-05	2.643224e-02	2.746331e+00
3.160000e-05	-8.965584e-02	3.008071e+00
3.161000e-05	-1.216728e-02	3.251777e+00
3.162000e-05	-2.974612e-02	3.558440e+00
3.163000e-05	-2.463197e-02	3.821049e+00
3.164000e-05	-5.518763e-02	4.008975e+00
3.165000e-05	1.019064e-01	4.240202e+00
3.166000e-05	-2.313043e-04	4.555840e+00
3.167000e-05	-1.089536e-01	4.787973e+00
3.168000e-05	1.703230e-01	5.081231e+00
3.169000e-05	-1.623546e-01	5.398973e+00
3.170000e-05	7.444374e-02	5.702175e+00
3.171000e-05	-3.036395e-02	5.944866e+00
3.172000e-05	-2.803014e-03	6.215949e+00
3.173000e-05	1.669187e-02	6.490777e+00
3.174000e-05	-4.522763e-02	6.745391e+00
3.175000e-05	3.616617e-02	6.977450e+00
3.176000e-05	-4.985508e-02	7.279232e+00
3.177000e-05	7.189796e-03	7.555447e+00
3.178000e-05	-3.294566e-02	7.859079e+00
3.179000e-05	5.294840e-03	8.135291e+00
3.180000e-05	3.029570e-02	8.357844e+00
3.181000e-05	-5.048120e-02	8.556453e+00
3.182000e-05	9.481257e-03	8.755974e+00
3.183000e-05	-1.825782e-02	9.049661e+00
3.184000e-05	-9.155223e-03	9.272163e+00
3.185000e-05	-2.219855e-02	9.503791e+00
3.186000e-05	-8.766318e-03	9.772871e+00
3.187000e-05	1.206770e-03	9.963343e+00
3.188000e-05	-2.443404e-02	1.019390e+01
3.189000e-05	-2.064272e-02	1.042495e+01
3.190000e-05	-1.555043e-02	1.057697e+01
3.191000e-05	-1.228031e-03	1.081343e+01
3.192000e-05	-2.294352e-02	1.099592e+01
3.193000e-05	-2.146483e-02	1.122542e+01
3.194000e-05	-4.830988e-03	1.137560e+01
3.195000e-05	-1.424953e-02	1.160450e+01
3.196000e-05	-2.850463e-02	1.179643e+01
3.197000e-05	-1.722739e-02	1.199355e+01
3.198000e-05	-1.081404e-02	1.213290e+01
3.199000e-05	-2.140464e-02	1.230377e+01
3.200000e-05	-2.917445e-02	1.250024e+01
3.201000e-05	-1.323563e-02	1.266711e+01
3.202000e-05	-1.817527e-02	1.285808e+01
3.203000e-05	-2.718304e-02	1.296495e+01
3.204000e-05	-2.572317e-02	1.312179e+01
3.205000e-05	-1.889869e-02	1.332177e+01
3.206000e-05	-2.405913e-02	1.342758e+01
3.207000e-05	-3.240596e-02	1.362442e+01
3.208000e-05	-2.016951e-02	1.373170e+01
3.209000e-05	-2.444600e-02	1.386904e+01
3.210000e-05	-2.749607e-02	1.401541e+01
3.211000e-05	-3.459387e-02	1.416130e+01
3.212000e-05	-2.521008e-02	1.425819e+01
3.213000e-05	-3.024163e-02	1.440328e+01
3.214000e-05	-3.116419e-02	1.446964e+01
3.215000e-05	-3.001018e-02	1.462538e+01
3.216000e-05	-3.188427e-02	1.468662e+01
3.217000e-05	-3.385503e-02	1.473137e+01
3.218000e-05	-3.650220e-02	1.482801e+01
3.219000e-05	-3.174900e-02	1.488964e+01
3.220000e-05	-4.008724e-02	1.494177e+01
3.221000e-05	-3.789593e-02	1.496440e+01
3.222000e-05	-3.825859e-02	1.507806e+01
3.223000e-05	-3.916956e-02	1.508065e+01
3.224000e-05	-4.181419e-02	1.515127e+01
3.225000e-05	-4.447679e-02	1.518287e+01
3.226000e-05	-4.283358e-02	1.519593e+01
3.227000e-05	-4.541599e-02	1.524607e+01
3.228000e-05	-4.546107e-02	1.529802e+01
3.229000e-05	-4.853807e-02	1.531916e+01
3.230000e-05	-4.534247e-02	1.530872e+01
3.231000e-05	-5.098562e-02	1.534068e+01
3.232000e-05	-5.183428e-02	1.530970e+01
3.233000e-05	-5.303431e-02	1.530870e+01
3.234000e-05	-5.470475e-02	1.535028e+01
3.235000e-05	-5.576402e-02	1.532920e+01
3.236000e-05	-5.860271e-02	1.536919e+01
3.237000e-05	-5.767100e-02	1.526772e+01
3.238000e-05	-6.272725e-02	1.526702e+01
3.239000e-05	-6.373737e-02	1.522494e+01
3.240000e-05	-6.724172e-02	1.519383e+01
3.241000e-05	-7.079089e-02	1.510183e+01
3.242000e-05	-7.457203e-02	1.506916e+01
3.243000e-05	-7.763074e-02	1.499693e+01
3.244000e-05	-7.904988e-02	1.497382e+01
3.245000e-05	-8.249268e-02	1.487862e+01
3.246000e-05	-8.342548e-02	1.479649e+01
3.247000e-05	-8.538841e-02	1.474277e+01
3.248000e-05	-8.342488e-02	1.466864e+01
3.249000e-05	-8.317882e-02	1.457130e+01
3.250000e-05	-7.767034e-02	1.446809e+01
3.251000e-05	-7.641351e-02	1.432325e+01
3.252000e-05	-7.149015e-02	1.424847e+01
3.253000e-05	-6.944914e-02	1.413030e+01
3.254000e-05	-6.579346e-02	1.396493e+01
3.255000e-05	-6.227844e-02	1.384759e+01
3.256000e-05	-5.880362e-02	1.372215e+01
3.257000e-05	-5.531756e-02	1.361439e+01
3.258000e-05	-5.225631e-02	1.342809e+01
3.259000e-05	-5.043365e-02	1.332277e+01
3.260000e-05	-4.611369e-02	1.313383e+01
3.261000e-05	-4.510115e-02	1.300749e+01
3.262000e-05	-4.331793e-02	1.283959e+01
3.263000e-05	-4.168596e-02	1.274128e+01
3.264000e-05	-3.789186e-02	1.255691e+01
3.265000e-05	-3.710365e-02	1.242798e+01
3.266000e-05	-3.335200e-02	1.222856e+01
3.267000e-05	-3.612548e-02	1.207814e+01
3.268000e-05	-2.925794e-02	1.185119e+01
3.269000e-05	-3.186783e-02	1.168077e+01
3.270000e-05	-3.078114e-02	1.147362e+01
3.271000e-05	-2.924470e-02	1.128957e+01
3.272000e-05	-2.729357e-02	1.107109e+01
3.273000e-05	-2.548231e-02	1.092415e+01
3.274000e-05	-2.668609e-02	1.064219e+01
3.275000e-05	-2.433382e-02	1.044004e+01
3.276000e-05	-2.340355e-02	1.023904e+01
3.277000e-05	-2.252885e-02	1.008801e+01
3.278000e-05	-2.194038e-02	9.809507e+00
3.279000e-05	-2.141707e-02	9.566429e+00
3.280000e-05	-2.060817e-02	9.345801e+00
3.281000e-05	-1.994039e-02	9.123802e+00
3.282000e-05	-1.957014e-02	8.892718e+00
3.283000e-05	-1.917843e-02	8.619591e+00
3.284000e-05	-1.982719e-02	8.441042e+00
3.285000e-05	-1.823513e-02	8.197934e+00
3.286000e-05	-1.771374e-02	7.935356e+00
3.287000e-05	-1.657342e-02	7.671692e+00
3.288000e-05	-1.490191e-02	7.349059e+00
3.289000e-05	-1.509343e-02	7.146927e+00
3.290000e-05	-1.497212e-02	6.894748e+00
3.291000e-05	-1.466020e-02	6.671617e+00
3.292000e-05	-1.361768e-02	6.355911e+00
3.293000e-05	-1.288235e-02	6.146351e+00
3.294000e-05	-1.304808e-02	5.892223e+00
3.295000e-05	-1.259364e-02	5.609439e+00
3.296000e-05	-1.192443e-02	5.326301e+00
3.297000e-05	-1.134491e-02	5.030410e+00
3.298000e-05	-1.171915e-02	4.715300e+00
3.299000e-05	-1.133045e-02	4.463167e+00
3.300000e-05	-1.117945e-02	4.159483e+00
3.301000e-05	-9.968412e-03	3.883269e+00
3.302000e-05	-9.237362e-03	3.631515e+00
3.303000e-05	-9.448450e-03	3.409331e+00
3.304000e-05	-8.623950e-03	3.083168e+00
3.305000e-05	-8.165723e-03	2.851560e+00
3.306000e-05	-8.560583e-03	2.507277e+00
3.307000e-05	-7.614420e-03	2.230959e+00
3.308000e-05	-7.480474e-03	1.948855e+00
3.309000e-05	-6.719726e-03	1.673114e+00
3.310000e-05	-6.418298e-03	1.358804e+00
3.311000e-05	-6.932203e-03	1.074041e+00
3.312000e-05	-6.296538e-03	7.508295e-01
3.313000e-05	-6.269614e-03	4.340629e-01
3.314000e-05	-3.283051e-03	1.614296e-01
3.315000e-05	-2.624918e-03	-8.330184e-02
3.316000e-05	9.169843e-03	-3.853634e-01
3.317000e-05	-6.344437e-03	-6.226175e-01
3.318000e-05	5.584391e-03	-9.042332e-01
3.319000e-05	-6.240455e-03	-1.135386e+00
3.320000e-05	3.353872e-03	-1.473200e+00
3.321000e-05	-4.388512e-03	-1.742811e+00
3.322000e-05	3.088103e-02	-1.966891e+00
3.323000e-05	9.351469e-02	-2.165616e+00
3.324000e-05	-1.552193e-02	-2.565363e+00
3.325000e-05	-6.742365e-02	-2.924962e+00
3.326000e-05	3.484969e-03	-3.222102e+00
3.327000e-05	-3.442382e-02	-3.472682e+00
3.328000e-05	-7.333680e-02	-3.661234e+00
3.329000e-05	5.882043e-02	-3.922261e+00
3.330000e-05	1.280417e-01	-4.083183e+00
3.331000e-05	-1.772073e-01	-4.397998e+00
3.332000e-05	2.017905e-01	-4.577629e+00
3.333000e-05	-1.609524e-01	-4.933907e+00
3.334000e-05	6.441665e-02	-5.219075e+00
3.335000e-05	4.679431e-02	-5.523756e+00
3.336000e-05	-1.122651e-01	-5.828048e+00
3.337000e-05	1.738180e-01	-6.008571e+00
3.338000e-05	-1.289477e-01	-6.303211e+00
3.339000e-05	7.308786e-02	-6.627552e+00
3.340000e-05	-9.923604e-04	-6.851103e+00
3.341000e-05	-5.105019e-02	-7.187874e+00
3.342000e-05	9.937918e-02	-7.408000e+00
3.343000e-05	-1.206948e-01	-7.740337e+00
3.344000e-05	1.534474e-01	-7.985946e+00
3.345000e-05	-8.132964e-02	-8.239575e+00
3.346000e-05	4.940480e-02	-8.469662e+00
3.347000e-05	1.608024e-02	-8.722719e+00
3.348000e-05	-3.870856e-02	-8.986021e+00
3.349000e-05	5.901641e-02	-9.174819e+00
3.350000e-05	-6.085013e-02	-9.437074e+00
3.351000e-05	1.007805e-01	-9.647127e+00
3.352000e-05	-4.573390e-02	-9.849609e+00
3.353000e-05	4.491284e-02	-1.007864e+01
3.354000e-05	-3.096641e-02	-1.027904e+01
3.355000e-05	4.082160e-02	-1.055084e+01
3.356000e-05	1.098497e-02	-1.066113e+01
3.357000e-05	1.307202e-03	-1.089071e+01
3.358000e-05	3.356902e-02	-1.105921e+01
3.359000e-05	-5.435850e-03	-1.128024e+01
3.360000e-05	2.882759e-02	-1.142906e+01
3.361000e-05	-1.389791e-02	-1.168921e+01
3.362000e-05	5.359407e-02	-1.187919e+01
3.363000e-05	-1.248009e-02	-1.209861e+01
3.364000e-05	2.966509e-02	-1.222956e+01
3.365000e-05	-5.697730e-06	-1.239603e+01
3.366000e-05	4.225176e-02	-1.256490e+01
3.367000e-05	3.045366e-03	-1.273284e+01
3.368000e-05	2.000642e-02	-1.295229e+01
3.369000e-05	1.705166e-02	-1.302858e+01
3.370000e-05	2.011616e-02	-1.321555e+01
3.371000e-05	1.953361e-02	-1.337332e+01
3.372000e-05	1.850281e-02	-1.351074e+01
3.373000e-05	3.227446e-02	-1.364606e+01
3.374000e-05	1.379477e-02	-1.377538e+01
3.375000e-05	2.497089e-02	-1.390066e+01
3.376000e-05	2.183207e-02	-1.403664e+01
3.377000e-05	3.394986e-02	-1.418183e+01
3.378000e-05	1.851584e-02	-1.429716e+01
3.379000e-05	2.797116e-02	-1.436543e+01
3.380000e-05	2.665329e-02	-1.446764e+01
3.381000e-05	2.935461e-02	-1.453345e+01
3.382000e-05	2.884865e-02	-1.467756e+01
3.383000e-05	3.195713e-02	-1.472329e+01
3.384000e-05	3.176132e-02	-1.483445e+01
3.385000e-05	2.874818e-02	-1.488814e+01
3.386000e-05	3.011985e-02	-1.493172e+01
3.387000e-05	3.605113e-02	-1.498243e+01
3.388000e-05	3.533955e-02	-1.501603e+01
3.389000e-05	3.595598e-02	-1.504814e+01
3.390000e-05	3.511786e-02	-1.512224e+01
3.391000e-05	3.631171e-02	-1.515333e+01
3.392000e-05	3.832753e-02	-1.517330e+01
3.393000e-05	3.953054e-02	-1.521496e+01
3.394000e-05	4.330734e-02	-1.521703e+01
3.395000e-05	4.170274e-02	-1.523601e+01
3.396000e-05	4.409331e-02	-1.525611e+01
3.397000e-05	4.454336e-02	-1.527762e+01
3.398000e-05	4.518507e-02	-1.529707e+01
3.399000e-05	4.547602e-02	-1.527712e+01
3.400000e-05	4.852666e-02	-1.526716e+01
3.401000e-05	5.257572e-02	-1.523651e+01
3.402000e-05	5.349376e-02	-1.525499e+01
3.403000e-05	5.446789e-02	-1.520438e+01
3.404000e-05	5.840744e-02	-1.519335e+01
3.405000e-05	5.960847e-02	-1.512278e+01
3.406000e-05	6.374729e-02	-1.506122e+01
3.407000e-05	6.628711e-02	-1.499754e+01
3.408000e-05	7.018078e-02	-1.498435e+01
3.409000e-05	7.372962e-02	-1.493975e+01
3.410000e-05	7.631709e-02	-1.484854e+01
3.411000e-05	7.709313e-02	-1.480388e+01
3.412000e-05	7.798805e-02	-1.464972e+01
3.413000e-05	7.698326e-02	-1.461596e+01
3.414000e-05	7.717493e-02	-1.454125e+01
3.415000e-05	7.457428e-02	-1.444599e+01
3.416000e-05	7.062644e-02	-1.429217e+01
3.417000e-05	6.710889e-02	-1.423631e+01
3.418000e-05	6.317555e-02	-1.407769e+01
3.419000e-05	5.946203e-02	-1.397238e+01
3.420000e-05	5.595591e-02	-1.380861e+01
3.421000e-05	5.266084e-02	-1.371069e+01
3.422000e-05	5.072614e-02	-1.357485e+01
3.423000e-05	4.692043e-02	-1.340704e+01
3.424000e-05	4.200327e-02	-1.334067e+01
3.425000e-05	3.951403e-02	-1.316388e+01
3.426000e-05	3.815815e-02	-1.301803e+01
3.427000e-05	3.590319e-02	-1.291964e+01
3.428000e-05	3.342252e-02	-1.266332e+01
3.429000e-05	3.161789e-02	-1.259436e+01
3.430000e-05	3.073472e-02	-1.240699e+01
3.431000e-05	2.773856e-02	-1.222949e+01
3.432000e-05	2.628832e-02	-1.209067e+01
3.433000e-05	2.567768e-02	-1.190062e+01
3.434000e-05	2.443324e-02	-1.172162e+01
3.435000e-05	2.270340e-02	-1.146005e+01
3.436000e-05	2.101843e-02	-1.127902e+01
3.437000e-05	2.075214e-02	-1.108957e+01
3.438000e-05	1.946465e-02	-1.088957e+01
3.439000e-05	1.739848e-02	-1.065157e+01
3.440000e-05	1.689430e-02	-1.043125e+01
3.441000e-05	1.592856e-02	-1.023009e+01
3.442000e-05	1.564290e-02	-9.997462e+00
3.443000e-05	1.542860e-02	-9.826906e+00
3.444000e-05	1.341097e-02	-9.596885e+00
3.445000e-05	1.150156e-02	-9.372752e+00
3.446000e-05	1.128695e-02	-9.124252e+00
3.447000e-05	1.166722e-02	-8.894798e+00
3.448000e-05	1.046207e-02	-8.660722e+00
3.449000e-05	8.498769e-03	-8.429488e+00
3.450000e-05	7.254141e-03	-8.247929e+00
3.451000e-05	8.411632e-03	-7.917278e+00
3.452000e-05	7.910554e-03	-7.692620e+00
3.453000e-05	6.648535e-03	-7.398436e+00
3.454000e-05	5.045890e-03	-7.167456e+00
3.455000e-05	6.305988e-03	-6.894174e+00
3.456000e-05	4.909733e-03	-6.671639e+00
3.457000e-05	4.885791e-03	-6.431960e+00
3.458000e-05	3.139432e-03	-6.134878e+00
3.459000e-05	5.308348e-03	-5.892619e+00
3.460000e-05	2.196993e-03	-5.640507e+00
3.461000e-05	3.679539e-03	-5.364328e+00
3.462000e-05	1.387538e-03	-5.070539e+00
3.463000e-05	3.249292e-03	-4.726149e+00
3.464000e-05	1.262553e-03	-4.473013e+00
3.465000e-05	2.090814e-03	-4.210030e+00
3.466000e-05	4.393408e-04	-3.989800e+00
3.467000e-05	1.357312e-03	-3.683097e+00
3.468000e-05	-1.107892e-03	-3.411484e+00
3.469000e-05	-5.406970e-04	-3.148300e+00
3.470000e-05	-3.040819e-03	-2.819482e+00
3.471000e-05	-7.036893e-04	-2.589900e+00
3.472000e-05	-2.313545e-03	-2.343618e+00
3.473000e-05	-1.363838e-03	-1.987377e+00
3.474000e-05	-3.479806e-03	-1.734746e+00
3.475000e-05	-2.600894e-03	-1.390885e+00
3.476000e-05	-3.279091e-03	-1.104739e+00
3.477000e-05	-3.855486e-03	-8.219049e-01
3.478000e-05	-4.750820e-03	-4.746965e-01
3.479000e-05	-3.377905e-03	-2.325113e-01
3.480000e-05	-2.556390e-03	4.254769e-02
3.481000e-05	8.254927e-03	3.153609e-01
3.482000e-05	-4.585683e-03	5.570162e-01
3.483000e-05	1.659335e-03	7.910763e-01
3.484000e-05	-2.882099e-03	1.154894e+00
3.485000e-05	-3.526609e-04	1.409519e+00
3.486000e-05	-5.048832e-03	1.726415e+00
3.487000e-05	6.491503e-03	1.936391e+00
3.488000e-05	2.361318e-02	2.167442e+00
3.489000e-05	8.952263e-02	2.433571e+00
3.490000e-05	-4.387923e-02	2.801071e+00
3.491000e-05	-5.451855e-02	3.103334e+00
3.492000e-05	-2.771899e-02	3.375021e+00
3.493000e-05	-8.115057e-03	3.662156e+00
3.494000e-05	-6.242439e-02	3.842289e+00
3.495000e-05	-7.312461e-03	4.071803e+00
3.496000e-05	1.204120e-01	4.355013e+00
3.497000e-05	-1.021007e-01	4.599499e+00
3.498000e-05	2.044521e-02	4.832226e+00
3.499000e-05	7.710277e-02	5.229498e+00
3.500000e-05	-1.337901e-01	5.512262e+00
3.501000e-05	9.058546e-02	5.716970e+00
3.502000e-05	-6.579924e-02	6.039549e+00
3.503000e-05	3.469532e-02	6.270258e+00
3.504000e-05	-1.274822e-02	6.554370e+00
3.505000e-05	-2.167511e-02	6.848633e+00
3.506000e-05	2.606765e-02	7.083328e+00
3.507000e-05	-5.677932e-02	7.376844e+00
3.508000e-05	2.334337e-02	7.660155e+00
3.509000e-05	-5.431173e-02	7.953317e+00
3.510000e-05	4.327187e-02	8.196523e+00
3.511000e-05	-5.180009e-03	8.431129e+00
3.512000e-05	-4.121320e-02	8.670209e+00
3.513000e-05	1.757469e-02	8.890712e+00
3.514000e-05	-3.665388e-02	9.143317e+00
3.515000e-05	1.013472e-02	9.357348e+00
3.516000e-05	-4.416371e-02	9.565448e+00
3.517000e-05	2.056406e-02	9.788004e+00
3.518000e-05	-2.407738e-02	1.002860e+01
3.519000e-05	-1.116300e-02	1.021863e+01
3.520000e-05	-2.878489e-02	1.044816e+01
3.521000e-05	-6.014889e-03	1.063926e+01
3.522000e-05	-4.417080e-03	1.082916e+01
3.523000e-05	-3.400118e-02	1.100761e+01
3.524000e-05	-6.087539e-03	1.128713e+01
3.525000e-05	-1.479723e-02	1.147814e+01
3.526000e-05	-7.155047e-03	1.169822e+01
3.527000e-05	-3.776507e-02	1.186854e+01
3.528000e-05	-3.350938e-03	1.206811e+01
3.529000e-05	-2.104538e-02	1.221808e+01
3.530000e-05	-2.070137e-02	1.239340e+01
3.531000e-05	-2.598397e-02	1.256437e+01
3.532000e-05	-1.309790e-02	1.269079e+01
3.533000e-05	-1.968896e-02	1.289174e+01
3.534000e-05	-3.303120e-02	1.301851e+01
3.535000e-05	-1.702857e-02	1.321547e+01
3.536000e-05	-2.535576e-02	1.333385e+01
3.537000e-05	-2.219544e-02	1.345116e+01
3.538000e-05	-3.317184e-02	1.361668e+01
3.539000e-05	-1.693980e-02	1.377348e+01
3.540000e-05	-2.889749e-02	1.390327e+01
3.541000e-05	-2.979975e-02	1.401704e+01
3.542000e-05	-2.902532e-02	1.417440e+01
3.543000e-05	-2.680308e-02	1.427869e+01
3.544000e-05	-2.916232e-02	1.440654e+01
3.545000e-05	-3.645967e-02	1.448185e+01
3.546000e-05	-2.785570e-02	1.457498e+01
3.547000e-05	-3.528129e-02	1.467922e+01
3.548000e-05	-3.178150e-02	1.477385e+01
3.549000e-05	-3.629501e-02	1.480806e+01
3.550000e-05	-3.301225e-02	1.489080e+01
3.551000e-05	-4.031540e-02	1.494385e+01
3.552000e-05	-4.022618e-02	1.499695e+01
3.553000e-05	-3.807635e-02	1.504966e+01
3.554000e-05	-4.039985e-02	1.510034e+01
3.555000e-05	-4.187364e-02	1.514335e+01
3.556000e-05	-4.471459e-02	1.518451e+01
3.557000e-05	-4.216616e-02	1.521597e+01
3.558000e-05	-4.720987e-02	1.529857e+01
3.559000e-05	-4.545921e-02	1.527912e+01
3.560000e-05	-4.769093e-02	1.530970e+01
3.561000e-05	-4.790320e-02	1.533027e+01
3.562000e-05	-5.100984e-02	1.531975e+01
3.563000e-05	-5.422251e-02	1.532073e+01
3.564000e-05	-5.177716e-02	1.531075e+01
3.565000e-05	-5.646961e-02	1.531022e+01
3.566000e-05	-5.563482e-02	1.529062e+01
3.567000e-05	-5.864223e-02	1.530915e+01
3.568000e-05	-5.748548e-02	1.528817e+01
3.569000e-05	-6.270654e-02	1.524707e+01
3.570000e-05	-6.672979e-02	1.518554e+01
3.571000e-05	-6.851630e-02	1.516291e+01
3.572000e-05	-7.153356e-02	1.509228e+01
3.573000e-05	-7.399255e-02	1.502902e+01
3.574000e-05	-7.965440e-02	1.496695e+01
3.575000e-05	-7.913940e-02	1.495332e+01
3.576000e-05	-8.385314e-02	1.484804e+01
3.577000e-05	-8.444734e-02	1.479556e+01
3.578000e-05	-8.602274e-02	1.468277e+01
3.579000e-05	-8.319842e-02	1.461749e+01
3.580000e-05	-8.033772e-02	1.452020e+01
3.581000e-05	-7.703090e-02	1.439698e+01
3.582000e-05	-7.497448e-02	1.430117e+01
3.583000e-05	-7.214356e-02	1.422541e+01
3.584000e-05	-6.819271e-02	1.409909e+01
3.585000e-05	-6.434582e-02	1.391483e+01
3.586000e-05	-6.106255e-02	1.377744e+01
3.587000e-05	-5.748923e-02	1.363857e+01
3.588000e-05	-5.333567e-02	1.352328e+01
3.589000e-05	-5.013727e-02	1.340793e+01
3.590000e-05	-5.023740e-02	1.326014e+01
3.591000e-05	-4.686460e-02	1.309170e+01
3.592000e-05	-4.465888e-02	1.297540e+01
3.593000e-05	-4.132962e-02	1.283546e+01
3.594000e-05	-4.016066e-02	1.268104e+01
3.595000e-05	-3.858876e-02	1.252280e+01
3.596000e-05	-3.572414e-02	1.234430e+01
3.597000e-05	-3.488554e-02	1.216683e+01
3.598000e-05	-3.297589e-02	1.199646e+01
3.599000e-05	-3.264228e-02	1.178846e+01
3.600000e-05	-2.942678e-02	1.159754e+01
3.601000e-05	-2.920741e-02	1.144959e+01
3.602000e-05	-2.722153e-02	1.119897e+01
3.603000e-05	-2.778262e-02	1.102841e+01
3.604000e-05	-2.677852e-02	1.087607e+01
3.605000e-05	-2.603269e-02	1.058696e+01
3.606000e-05	-2.381814e-02	1.038884e+01
3.607000e-05	-2.289262e-02	1.016636e+01
3.608000e-05	-2.251674e-02	9.944857e+00
3.609000e-05	-2.058551e-02	9.713772e+00
3.610000e-05	-2.052833e-02	9.512219e+00
3.611000e-05	-1.999864e-02	9.293590e+00
3.612000e-05	-2.123141e-02	9.012135e+00
3.613000e-05	-1.992995e-02	8.799409e+00
3.614000e-05	-1.944943e-02	8.566806e+00
3.615000e-05	-1.840935e-02	8.357276e+00
3.616000e-05	-1.785414e-02	8.117101e+00
3.617000e-05	-1.630909e-02	7.851563e+00
3.618000e-05	-1.559241e-02	7.605910e+00
3.619000e-05	-1.500834e-02	7.345654e+00
3.620000e-05	-1.520834e-02	7.052162e+00
3.621000e-05	-1.515939e-02	6.819013e+00
3.622000e-05	-1.375469e-02	6.547803e+00
3.623000e-05	-1.333548e-02	6.333717e+00
3.624000e-05	-1.267803e-02	6.063615e+00
3.625000e-05	-1.337864e-02	5.777390e+00
3.626000e-05	-1.210786e-02	5.504726e+00
3.627000e-05	-1.165452e-02	5.262040e+00
3.628000e-05	-1.165008e-02	4.927250e+00
3.629000e-05	-1.090314e-02	4.662034e+00
3.630000e-05	-1.061992e-02	4.398451e+00
3.631000e-05	-9.199906e-03	4.094797e+00
3.632000e-05	-1.059611e-02	3.819906e+00
3.633000e-05	-1.061387e-02	3.587877e+00
3.634000e-05	-8.386553e-03	3.242114e+00
3.635000e-05	-6.776184e-03	3.010483e+00
3.636000e-05	-9.104836e-03	2.736846e+00
3.637000e-05	-8.770347e-03	2.461031e+00
3.638000e-05	-7.052485e-03	2.146823e+00
3.639000e-05	-6.333074e-03	1.875596e+00
3.640000e-05	-7.025069e-03	1.589404e+00
3.641000e-05	-7.493689e-03	1.274167e+00
3.642000e-05	-5.732949e-03	8.888996e-01
3.643000e-05	-4.504563e-03	6.750890e-01
3.644000e-05	-5.998857e-03	4.105022e-01
3.645000e-05	-4.789513e-03	8.579183e-02
3.646000e-05	9.480966e-04	-1.875201e-01
3.647000e-05	8.678089e-03	-4.500452e-01
3.648000e-05	-6.212171e-03	-7.148135e-01
3.649000e-05	4.248369e-03	-9.569924e-01
3.650000e-05	-3.892914e-03	-1.241725e+00
3.651000e-05	3.554502e-03	-1.556962e+00
3.652000e-05	1.299659e-03	-1.787594e+00
3.653000e-05	4.148148e-02	-1.999496e+00
3.654000e-05	1.034141e-01	-2.321329e+00
3.655000e-05	-8.457087e-02	-2.682807e+00
3.656000e-05	-1.168786e-02	-3.039702e+00
3.657000e-05	-3.360311e-02	-3.361837e+00
3.658000e-05	-1.508948e-02	-3.534815e+00
3.659000e-05	-1.026679e-01	-3.776898e+00
3.660000e-05	1.701740e-01	-3.946943e+00
3.661000e-05	-4.197757e-02	-4.177017e+00
3.662000e-05	-5.530063e-02	-4.472233e+00
3.663000e-05	1.606352e-01	-4.741864e+00
3.664000e-05	-1.946455e-01	-5.068073e+00
3.665000e-05	1.661889e-01	-5.322811e+00
3.666000e-05	-8.976612e-02	-5.608648e+00
3.667000e-05	1.512710e-02	-5.892211e+00
3.668000e-05	1.112697e-01	-6.123379e+00
3.669000e-05	-1.390018e-01	-6.458652e+00
3.670000e-05	1.399263e-01	-6.702186e+00
3.671000e-05	-1.026779e-01	-6.994444e+00
3.672000e-05	5.744345e-02	-7.282158e+00
3.673000e-05	-1.153701e-03	-7.501787e+00
3.674000e-05	-4.172159e-02	-7.818550e+00
3.675000e-05	1.290326e-01	-8.061152e+00
3.676000e-05	-1.103214e-01	-8.341791e+00
3.677000e-05	1.099703e-01	-8.545842e+00
3.678000e-05	-6.230814e-02	-8.855454e+00
3.679000e-05	3.497210e-02	-9.048078e+00
3.680000e-05	-1.980288e-03	-9.218106e+00
3.681000e-05	-5.675532e-03	-9.519213e+00
3.682000e-05	7.056758e-02	-9.731791e+00
3.683000e-05	-4.395625e-02	-9.924292e+00
3.684000e-05	5.085332e-02	-1.011334e+01
3.685000e-05	-4.310446e-02	-1.038389e+01
3.686000e-05	6.907296e-02	-1.056540e+01
3.687000e-05	-2.638148e-02	-1.074334e+01
3.688000e-05	3.807560e-02	-1.091234e+01
3.689000e-05	2.328346e-03	-1.115335e+01
3.690000e-05	2.078029e-02	-1.130287e+01
3.691000e-05	2.211986e-03	-1.155079e+01
3.692000e-05	1.318785e-02	-1.178292e+01
3.693000e-05	3.498123e-02	-1.194327e+01
3.694000e-05	-3.927108e-03	-1.215232e+01
3.695000e-05	2.504668e-02	-1.229064e+01
3.696000e-05	4.638729e-03	-1.248864e+01
3.697000e-05	4.135029e-02	-1.260706e+01
3.698000e-05	-3.909213e-03	-1.280450e+01
3.699000e-05	2.807867e-02	-1.296530e+01
3.700000e-05	9.428745e-03	-1.311979e+01
3.701000e-05	2.867098e-02	-1.329009e+01
3.702000e-05	1.041800e-02	-1.341706e+01
3.703000e-05	2.940577e-02	-1.355382e+01
3.704000e-05	2.259532e-02	-1.370914e+01
3.705000e-05	1.955517e-02	-1.383801e+01
3.706000e-05	2.138020e-02	-1.397287e+01
3.707000e-05	2.639247e-02	-1.409667e+01
3.708000e-05	2.804089e-02	-1.420548e+01
3.709000e-05	2.082668e-02	-1.431129e+01
3.710000e-05	2.905229e-02	-1.443345e+01
3.711000e-05	2.616013e-02	-1.448864e+01
3.712000e-05	2.969494e-02	-1.464645e+01
3.713000e-05	2.876169e-02	-1.464871e+01
3.714000e-05	3.324637e-02	-1.474392e+01
3.715000e-05	2.902926e-02	-1.484493e+01
3.716000e-05	2.843131e-02	-1.492962e+01
3.717000e-05	3.117977e-02	-1.496175e+01
3.718000e-05	3.778489e-02	-1.500498e+01
3.719000e-05	3.440633e-02	-1.499604e+01
3.720000e-05	3.537847e-02	-1.507072e+01
3.721000e-05	3.552570e-02	-1.513122e+01
3.722000e-05	3.872942e-02	-1.516340e+01
3.723000e-05	3.813518e-02	-1.523385e+01
3.724000e-05	4.094231e-02	-1.525489e+01
3.725000e-05	4.318337e-02	-1.525606e+01
3.726000e-05	4.181413e-02	-1.527704e+01
3.727000e-05	4.335922e-02	-1.527659e+01
3.728000e-05	4.384066e-02	-1.529767e+01
3.729000e-05	4.698519e-02	-1.528707e+01
3.730000e-05	4.706086e-02	-1.529701e+01
3.731000e-05	4.957402e-02	-1.525612e+01
3.732000e-05	5.373577e-02	-1.523649e+01
3.733000e-05	5.429631e-02	-1.523551e+01
3.734000e-05	5.554542e-02	-1.521493e+01
3.735000e-05	5.740474e-02	-1.514375e+01
3.736000e-05	6.051112e-02	-1.511125e+01
3.737000e-05	6.413859e-02	-1.505762e+01
3.738000e-05	6.762214e-02	-1.501451e+01
3.739000e-05	7.194269e-02	-1.500190e+01
3.740000e-05	7.564958e-02	-1.492815e+01
3.741000e-05	7.599167e-02	-1.485946e+01
3.742000e-05	7.791991e-02	-1.475428e+01
3.743000e-05	7.751821e-02	-1.468962e+01
3.744000e-05	7.798877e-02	-1.458541e+01
3.745000e-05	7.575841e-02	-1.452917e+01
3.746000e-05	7.247218e-02	-1.439443e+01
3.747000e-05	7.047232e-02	-1.425207e+01
3.748000e-05	6.650731e-02	-1.419325e+01
3.749000e-05	6.264279e-02	-1.403747e+01
3.750000e-05	5.724329e-02	-1.391217e+01
3.751000e-05	5.460704e-02	-1.378593e+01
3.752000e-05	5.331051e-02	-1.367746e+01
3.753000e-05	4.979198e-02	-1.354377e+01
3.754000e-05	4.540729e-02	-1.341593e+01
3.755000e-05	4.177769e-02	-1.329007e+01
3.756000e-05	3.977243e-02	-1.310225e+01
3.757000e-05	3.749253e-02	-1.300480e+01
3.758000e-05	3.495227e-02	-1.286749e+01
3.759000e-05	3.299481e-02	-1.266264e+01
3.760000e-05	3.250617e-02	-1.254220e+01
3.761000e-05	2.978837e-02	-1.238490e+01
3.762000e-05	2.663288e-02	-1.219743e+01
3.763000e-05	2.628941e-02	-1.202746e+01
3.764000e-05	2.596366e-02	-1.181639e+01
3.765000e-05	2.455293e-02	-1.164899e+01
3.766000e-05	2.193354e-02	-1.139588e+01
3.767000e-05	2.108334e-02	-1.122638e+01
3.768000e-05	1.941980e-02	-1.100730e+01
3.769000e-05	1.854610e-02	-1.082490e+01
3.770000e-05	1.734784e-02	-1.060848e+01
3.771000e-05	1.658544e-02	-1.039796e+01
3.772000e-05	1.704741e-02	-1.018528e+01
3.773000e-05	1.471375e-02	-9.943826e+00
3.774000e-05	1.428435e-02	-9.714776e+00
3.775000e-05	1.200417e-02	-9.483823e+00
3.776000e-05	1.196220e-02	-9.291096e+00
3.777000e-05	1.136191e-02	-9.072617e+00
3.778000e-05	1.053025e-02	-8.890010e+00
3.779000e-05	9.387872e-03	-8.586404e+00
3.780000e-05	9.285435e-03	-8.356325e+00
3.781000e-05	9.781049e-03	-8.135823e+00
3.782000e-05	6.898296e-03	-7.842570e+00
3.783000e-05	6.370205e-03	-7.597407e+00
3.784000e-05	7.371781e-03	-7.345676e+00
3.785000e-05	6.799682e-03	-7.103165e+00
3.786000e-05	4.264770e-03	-6.850513e+00
3.787000e-05	4.342649e-03	-6.576853e+00
3.788000e-05	4.646602e-03	-6.327220e+00
3.789000e-05	3.840261e-03	-6.041636e+00
3.790000e-05	3.346977e-03	-5.798455e+00
3.791000e-05	2.125859e-03	-5.567373e+00
3.792000e-05	4.438372e-03	-5.311640e+00
3.793000e-05	2.319404e-03	-4.965847e+00
3.794000e-05	1.903971e-03	-4.601535e+00
3.795000e-05	5.652119e-04	-4.429426e+00
3.796000e-05	2.677196e-03	-4.166400e+00
3.797000e-05	1.030759e-03	-3.892664e+00
3.798000e-05	-1.963770e-04	-3.589376e+00
3.799000e-05	-3.665758e-04	-3.315746e+00
3.800000e-05	-6.822881e-04	-3.033561e+00
3.801000e-05	-1.664286e-03	-2.758296e+00
3.802000e-05	-8.858689e-04	-2.473667e+00
3.803000e-05	-4.109286e-04	-2.178927e+00
3.804000e-05	-2.305465e-03	-1.904692e+00
3.805000e-05	-2.847839e-03	-1.662110e+00
3.806000e-05	-3.842306e-03	-1.294717e+00
3.807000e-05	-2.724647e-03	-1.021400e+00
3.808000e-05	-4.353489e-03	-7.151955e-01
3.809000e-05	-3.289255e-03	-4.210059e-01
3.810000e-05	-5.022137e-03	-1.468482e-01
3.811000e-05	6.229325e-04	8.780484e-02
3.812000e-05	6.272269e-03	4.215978e-01
3.813000e-05	-5.608560e-03	6.827282e-01
3.814000e-05	3.160557e-03	8.842849e-01
3.815000e-05	-4.010965e-03	1.231094e+00
3.816000e-05	1.989744e-03	1.503852e+00
3.817000e-05	-5.521284e-03	1.769603e+00
3.818000e-05	1.534252e-02	1.990046e+00
3.819000e-05	3.758554e-02	2.244183e+00
3.820000e-05	8.104690e-02	2.576070e+00
3.821000e-05	-9.297408e-02	2.893762e+00
3.822000e-05	-2.127900e-02	3.167419e+00
3.823000e-05	-3.864529e-02	3.503732e+00
3.824000e-05	-3.166286e-04	3.714837e+00
3.825000e-05	-7.854660e-02	3.924317e+00
3.826000e-05	5.075306e-02	4.146416e+00
3.827000e-05	9.521320e-02	4.429654e+00
3.828000e-05	-1.609874e-01	4.714785e+00
3.829000e-05	1.402464e-01	4.924940e+00
3.830000e-05	-6.865416e-02	5.274792e+00
3.831000e-05	-3.122237e-02	5.567520e+00
3.832000e-05	4.331021e-02	5.837529e+00
3.833000e-05	-4.924856e-02	6.103264e+00
3.834000e-05	4.305386e-02	6.336890e+00
3.835000e-05	-4.013055e-02	6.649181e+00
3.836000e-05	1.114832e-02	6.893363e+00
3.837000e-05	-1.042388e-02	7.206494e+00
3.838000e-05	-3.259566e-02	7.461208e+00
3.839000e-05	8.594682e-03	7.724913e+00
3.840000e-05	-4.110041e-02	8.040053e+00
3.841000e-05	5.160651e-02	8.352262e+00
3.842000e-05	-3.832127e-02	8.492339e+00
3.843000e-05	-1.609721e-02	8.733345e+00
3.844000e-05	9.377920e-03	8.965394e+00
3.845000e-05	-3.329083e-02	9.217575e+00
3.846000e-05	6.597291e-03	9.418079e+00
3.847000e-05	-4.097207e-02	9.700082e+00
3.848000e-05	2.573919e-02	9.880188e+00
3.849000e-05	-3.483140e-02	1.010276e+01
3.850000e-05	-1.077361e-02	1.028187e+01
3.851000e-05	-2.790600e-02	1.051287e+01
3.852000e-05	-2.048855e-03	1.070385e+01
3.853000e-05	-1.011128e-02	1.094329e+01
3.854000e-05	-3.353730e-02	1.114139e+01
3.855000e-05	2.740917e-03	1.131177e+01
3.856000e-05	-2.119679e-02	1.154134e+01
3.857000e-05	-1.359961e-02	1.174227e+01
3.858000e-05	-3.517409e-02	1.191127e+01
3.859000e-05	-8.314593e-04	1.211074e+01
3.860000e-05	-2.307992e-02	1.225018e+01
3.861000e-05	-2.416550e-02	1.242751e+01
3.862000e-05	-2.016722e-02	1.260656e+01
3.863000e-05	-1.605722e-02	1.277487e+01
3.864000e-05	-2.156762e-02	1.293177e+01
3.865000e-05	-3.261456e-02	1.308919e+01
3.866000e-05	-1.360618e-02	1.324709e+01
3.867000e-05	-2.632608e-02	1.339545e+01
3.868000e-05	-2.584366e-02	1.354337e+01
3.869000e-05	-2.970883e-02	1.370856e+01
3.870000e-05	-1.929387e-02	1.377606e+01
3.871000e-05	-2.834228e-02	1.390090e+01
3.872000e-05	-3.354381e-02	1.406919e+01
3.873000e-05	-2.607700e-02	1.426553e+01
3.874000e-05	-2.817526e-02	1.433180e+01
3.875000e-05	-2.971140e-02	1.446861e+01
3.876000e-05	-3.455088e-02	1.456182e+01
3.877000e-05	-2.915726e-02	1.463703e+01
3.878000e-05	-3.576798e-02	1.467127e+01
3.879000e-05	-3.533683e-02	1.475601e+01
3.880000e-05	-3.342976e-02	1.485764e+01
3.881000e-05	-3.656976e-02	1.491222e+01
3.882000e-05	-3.886450e-02	1.496332e+01
3.883000e-05	-4.101348e-02	1.500758e+01
3.884000e-05	-3.672358e-02	1.508016e+01
3.885000e-05	-4.101105e-02	1.510275e+01
3.886000e-05	-4.193812e-02	1.513392e+01
3.887000e-05	-4.574731e-02	1.522496e+01
3.888000e-05	-4.449268e-02	1.525702e+01
3.889000e-05	-4.647534e-02	1.527904e+01
3.890000e-05	-4.732805e-02	1.529817e+01
3.891000e-05	-4.708155e-02	1.530072e+01
3.892000e-05	-5.028052e-02	1.533868e+01
3.893000e-05	-4.979015e-02	1.531975e+01
3.894000e-05	-5.271861e-02	1.533022e+01
3.895000e-05	-5.238278e-02	1.534982e+01
3.896000e-05	-5.611566e-02	1.533125e+01
3.897000e-05	-5.686966e-02	1.533972e+01
3.898000e-05	-5.859396e-02	1.530870e+01
3.899000e-05	-6.203332e-02	1.523706e+01
3.900000e-05	-6.271394e-02	1.521664e+01
3.901000e-05	-6.647747e-02	1.519393e+01
3.902000e-05	-6.832738e-02	1.514335e+01
3.903000e-05	-7.513487e-02	1.508064e+01
3.904000e-05	-7.462541e-02	1.501799e+01
3.905000e-05	-7.934724e-02	1.500540e+01
3.906000e-05	-8.082694e-02	1.488019e+01
3.907000e-05	-8.525582e-02	1.483761e+01
3.908000e-05	-8.484151e-02	1.477485e+01
3.909000e-05	-8.439515e-02	1.466917e+01
3.910000e-05	-8.408089e-02	1.459391e+01
3.911000e-05	-8.145692e-02	1.450062e+01
3.912000e-05	-7.759151e-02	1.440541e+01
3.913000e-05	-7.214045e-02	1.426917e+01
3.914000e-05	-7.122711e-02	1.420430e+01
3.915000e-05	-6.659549e-02	1.406743e+01
3.916000e-05	-6.434381e-02	1.386264e+01
3.917000e-05	-5.847022e-02	1.379338e+01
3.918000e-05	-5.726188e-02	1.363651e+01
3.919000e-05	-5.304994e-02	1.348161e+01
3.920000e-05	-5.033539e-02	1.336383e+01
3.921000e-05	-4.810355e-02	1.323799e+01
3.922000e-05	-4.576691e-02	1.303259e+01
3.923000e-05	-4.376682e-02	1.296122e+01
3.924000e-05	-4.078884e-02	1.277531e+01
3.925000e-05	-3.849059e-02	1.258846e+01
3.926000e-05	-3.801483e-02	1.248857e+01
3.927000e-05	-3.552601e-02	1.226219e+01
3.928000e-05	-3.551071e-02	1.216180e+01
3.929000e-05	-3.190952e-02	1.195480e+01
3.930000e-05	-3.169090e-02	1.175328e+01
3.931000e-05	-3.028206e-02	1.155530e+01
3.932000e-05	-2.974046e-02	1.133390e+01
3.933000e-05	-2.770103e-02	1.115418e+01
3.934000e-05	-2.680340e-02	1.095688e+01
3.935000e-05	-2.625838e-02	1.074430e+01
3.936000e-05	-2.551461e-02	1.058420e+01
3.937000e-05	-2.405309e-02	1.031275e+01
3.938000e-05	-2.228832e-02	1.011320e+01
3.939000e-05	-2.216126e-02	9.871595e+00
3.940000e-05	-2.145777e-02	9.629963e+00
3.941000e-05	-2.064573e-02	9.449535e+00
3.942000e-05	-2.103410e-02	9.216536e+00
3.943000e-05	-2.079869e-02	8.963726e+00
3.944000e-05	-1.927818e-02	8.705227e+00
3.945000e-05	-1.783401e-02	8.514167e+00
3.946000e-05	-1.720069e-02	8.253567e+00
3.947000e-05	-1.803673e-02	8.020461e+00
3.948000e-05	-1.665871e-02	7.745781e+00
3.949000e-05	-1.574261e-02	7.481670e+00
3.950000e-05	-1.570307e-02	7.238435e+00
3.951000e-05	-1.511915e-02	6.977330e+00
3.952000e-05	-1.399132e-02	6.734801e+00
3.953000e-05	-1.408272e-02	6.472594e+00
3.954000e-05	-1.314271e-02	6.219508e+00
3.955000e-05	-1.247936e-02	5.990405e+00
3.956000e-05	-1.234080e-02	5.724174e+00
3.957000e-05	-1.233001e-02	5.462057e+00
3.958000e-05	-1.264347e-02	5.138376e+00
3.959000e-05	-1.143602e-02	4.790534e+00
3.960000e-05	-1.098040e-02	4.555775e+00
3.961000e-05	-1.066946e-02	4.275743e+00
3.962000e-05	-9.872299e-03	4.009882e+00
3.963000e-05	-1.008591e-02	3.755223e+00
3.964000e-05	-8.262169e-03	3.494212e+00
3.965000e-05	-8.753563e-03	3.187450e+00
3.966000e-05	-9.100488e-03	2.904147e+00
3.967000e-05	-8.477986e-03	2.649914e+00
3.968000e-05	-8.294634e-03	2.326268e+00
3.969000e-05	-7.009296e-03	2.042535e+00
3.970000e-05	-7.739863e-03	1.791352e+00
3.971000e-05	-6.319472e-03	1.473664e+00
3.972000e-05	-6.310800e-03	1.199353e+00
3.973000e-05	-5.845501e-03	8.235037e-01
3.974000e-05	-6.038839e-03	5.483509e-01
3.975000e-05	-4.348102e-03	2.751956e-01
3.976000e-05	-2.750135e-03	-2.007269e-02
3.977000e-05	5.640514e-03	-2.337055e-01
3.978000e-05	5.440707e-04	-5.148360e-01
3.979000e-05	-4.055875e-04	-8.405979e-01
3.980000e-05	-2.333398e-04	-1.041204e+00
3.981000e-05	-2.359718e-05	-1.324015e+00
3.982000e-05	-2.290875e-03	-1.611529e+00
3.983000e-05	1.429328e-02	-1.851728e+00
3.984000e-05	6.295345e-02	-2.072679e+00
3.985000e-05	6.931723e-02	-2.417649e+00
3.986000e-05	-1.076780e-01	-2.779472e+00
3.987000e-05	1.934691e-02	-3.187016e+00
3.988000e-05	-4.866600e-02	-3.409620e+00
3.989000e-05	-2.701087e-02	-3.586520e+00
3.990000e-05	-6.842696e-02	-3.838133e+00
3.991000e-05	2.099468e-01	-3.998426e+00
3.992000e-05	-1.662437e-01	-4.304806e+00
3.993000e-05	1.163719e-01	-4.564866e+00
3.994000e-05	4.334552e-03	-4.787078e+00
3.995000e-05	-1.155930e-01	-5.114436e+00
3.996000e-05	1.684725e-01	-5.407997e+00
3.997000e-05	-1.592737e-01	-5.715362e+00
3.998000e-05	1.350906e-01	-5.956445e+00
3.999000e-05	-1.434757e-02	-6.227473e+00
4.000000e-05	-6.009718e-02	-6.514868e+00
4.001000e-05	1.126884e-01	-6.755919e+00
4.002000e-05	-1.275715e-01	-7.101112e+00
4.003000e-05	1.283014e-01	-7.353893e+00
4.004000e-05	-9.976463e-02	-7.596046e+00
4.005000e-05	7.282544e-02	-7.910313e+00
4.006000e-05	3.164271e-02	-8.114766e+00
4.007000e-05	-5.473433e-02	-8.406578e+00
4.008000e-05	9.904054e-02	-8.648081e+00
4.009000e-05	-8.735206e-02	-8.881713e+00
4.010000e-05	7.928375e-02	-9.092261e+00
4.011000e-05	-5.903479e-02	-9.323417e+00
4.012000e-05	6.541160e-02	-9.572448e+00
4.013000e-05	8.055839e-03	-9.755423e+00
4.014000e-05	-2.778687e-04	-1.000545e+01
4.015000e-05	1.813242e-02	-1.023605e+01
4.016000e-05	-1.482068e-02	-1.042858e+01
4.017000e-05	5.636442e-02	-1.061713e+01
4.018000e-05	-3.217865e-02	-1.082658e+01
4.019000e-05	5.480396e-02	-1.098791e+01
4.020000e-05	-1.729155e-02	-1.121653e+01
4.021000e-05	3.801228e-02	-1.140695e+01
4.022000e-05	-1.862909e-02	-1.159498e+01
4.023000e-05	4.397988e-02	-1.180603e+01
4.024000e-05	6.235986e-03	-1.202550e+01
4.025000e-05	1.531931e-02	-1.219600e+01
4.026000e-05	1.034048e-02	-1.237287e+01
4.027000e-05	2.422553e-02	-1.254232e+01
4.028000e-05	2.429093e-02	-1.266074e+01
4.029000e-05	2.372859e-03	-1.285814e+01
4.030000e-05	2.824309e-02	-1.300645e+01
4.031000e-05	1.100213e-02	-1.315240e+01
4.032000e-05	2.799848e-02	-1.329172e+01
4.033000e-05	7.162075e-03	-1.346811e+01
4.034000e-05	3.708058e-02	-1.360445e+01
4.035000e-05	1.511236e-02	-1.373124e+01
4.036000e-05	2.527569e-02	-1.390064e+01
4.037000e-05	1.839467e-02	-1.398440e+01
4.038000e-05	3.271674e-02	-1.413082e+01
4.039000e-05	2.237136e-02	-1.423506e+01
4.040000e-05	2.380654e-02	-1.432287e+01
4.041000e-05	2.740213e-02	-1.445504e+01
4.042000e-05	2.754233e-02	-1.456285e+01
4.043000e-05	2.968112e-02	-1.458598e+01
4.044000e-05	2.985103e-02	-1.468121e+01
4.045000e-05	3.290775e-02	-1.477440e+01
4.046000e-05	2.841183e-02	-1.487606e+01
4.047000e-05	3.042700e-02	-1.492977e+01
4.048000e-05	3.415698e-02	-1.498383e+01
4.049000e-05	3.624999e-02	-1.502606e+01
4.050000e-05	3.309409e-02	-1.504661e+01
4.051000e-05	3.640338e-02	-1.508177e+01
4.052000e-05	3.703698e-02	-1.513082e+01
4.053000e-05	3.809243e-02	-1.516290e+01
4.054000e-05	3.735243e-02	-1.523544e+01
4.055000e-05	4.216628e-02	-1.521401e+01
4.056000e-05	4.281676e-02	-1.526696e+01
4.057000e-05	4.240288e-02	-1.528911e+01
4.058000e-05	4.379181e-02	-1.527809e+01
4.059000e-05	4.689225e-02	-1.527769e+01
4.060000e-05	4.608226e-02	-1.533802e+01
4.061000e-05	4.671550e-02	-1.528859e+01
4.062000e-05	5.033069e-02	-1.527649e+01
4.063000e-05	5.322729e-02	-1.525599e+01
4.064000e-05	5.400542e-02	-1.523598e+01
4.065000e-05	5.642997e-02	-1.516485e+01
4.066000e-05	5.840518e-02	-1.512375e+01
4.067000e-05	6.208402e-02	-1.506224e+01
4.068000e-05	6.464065e-02	-1.500859e+01
4.069000e-05	6.907593e-02	-1.500388e+01
4.070000e-05	7.303008e-02	-1.496127e+01
4.071000e-05	7.405595e-02	-1.487862e+01
4.072000e-05	7.577993e-02	-1.482646e+01
4.073000e-05	7.894489e-02	-1.473279e+01
4.074000e-05	7.802612e-02	-1.462856e+01
4.075000e-05	7.698295e-02	-1.458335e+01
4.076000e-05	7.535593e-02	-1.452654e+01
4.077000e-05	7.278139e-02	-1.438332e+01
4.078000e-05	6.868932e-02	-1.423751e+01
4.079000e-05	6.444934e-02	-1.415028e+01
4.080000e-05	6.077926e-02	-1.403688e+01
4.081000e-05	5.736829e-02	-1.387107e+01
4.082000e-05	5.333185e-02	-1.377178e+01
4.083000e-05	5.183435e-02	-1.365491e+01
4.084000e-05	4.791426e-02	-1.346214e+01
4.085000e-05	4.426198e-02	-1.340428e+01
4.086000e-05	4.104124e-02	-1.323699e+01
4.087000e-05	3.804696e-02	-1.307114e+01
4.088000e-05	3.679015e-02	-1.296472e+01
4.089000e-05	3.481118e-02	-1.281493e+01
4.090000e-05	3.298762e-02	-1.263956e+01
4.091000e-05	3.032513e-02	-1.252057e+01
4.092000e-05	2.866162e-02	-1.231067e+01
4.093000e-05	2.680079e-02	-1.215488e+01
4.094000e-05	2.617065e-02	-1.196430e+01
4.095000e-05	2.483493e-02	-1.178488e+01
4.096000e-05	2.318652e-02	-1.157433e+01
4.097000e-05	2.245528e-02	-1.133380e+01
4.098000e-05	2.045153e-02	-1.113277e+01
4.099000e-05	1.882030e-02	-1.094307e+01
4.100000e-05	1.794781e-02	-1.072530e+01
4.101000e-05	1.782226e-02	-1.056332e+01
4.102000e-05	1.648057e-02	-1.033422e+01
4.103000e-05	1.575636e-02	-1.008012e+01
4.104000e-05	1.418114e-02	-9.862114e+00
4.105000e-05	1.333805e-02	-9.711615e+00
4.106000e-05	1.248152e-02	-9.439511e+00
4.107000e-05	1.148602e-02	-9.249007e+00
4.108000e-05	1.082004e-02	-8.976352e+00
4.109000e-05	1.022396e-02	-8.776830e+00
4.110000e-05	9.942208e-03	-8.523247e+00
4.111000e-05	8.720403e-03	-8.291667e+00
4.112000e-05	7.499450e-03	-8.082114e+00
4.113000e-05	6.705195e-03	-7.767402e+00
4.114000e-05	6.317788e-03	-7.545120e+00
4.115000e-05	6.510568e-03	-7.261064e+00
4.116000e-05	5.303939e-03	-7.029380e+00
4.117000e-05	5.259956e-03	-6.745752e+00
4.118000e-05	4.787450e-03	-6.545217e+00
4.119000e-05	3.664607e-03	-6.250436e+00
4.120000e-05	3.471742e-03	-5.976804e+00
4.121000e-05	3.751020e-03	-5.724196e+00
4.122000e-05	2.551703e-03	-5.461615e+00
4.123000e-05	3.842893e-03	-5.157276e+00
4.124000e-05	1.464398e-03	-4.869415e+00
4.125000e-05	3.291825e-03	-4.565326e+00
4.126000e-05	1.765217e-03	-4.305796e+00
4.127000e-05	1.555635e-03	-4.072638e+00
4.128000e-05	8.233262e-04	-3.789251e+00
4.129000e-05	-1.756186e-03	-3.514667e+00
4.130000e-05	-1.802402e-06	-3.233086e+00
4.131000e-05	-2.363378e-03	-2.915272e+00
4.132000e-05	-2.007455e-04	-2.653638e+00
4.133000e-05	-2.090673e-03	-2.398501e+00
4.134000e-05	-5.278702e-04	-2.093161e+00
4.135000e-05	-4.058294e-03	-1.799929e+00
4.136000e-05	-1.621981e-03	-1.558274e+00
4.137000e-05	-3.791027e-03	-1.199951e+00
4.138000e-05	-2.648659e-03	-9.042378e-01
4.139000e-05	-4.807317e-03	-6.035063e-01
4.140000e-05	-3.383191e-03	-3.362219e-01
4.141000e-05	-4.244983e-03	-7.258521e-02
4.142000e-05	3.540700e-03	2.396730e-01
4.143000e-05	3.799527e-03	4.737859e-01
4.144000e-05	-3.526245e-03	7.554184e-01
4.145000e-05	2.968342e-03	1.030099e+00
4.146000e-05	-4.385580e-03	1.304262e+00
4.147000e-05	5.234128e-04	1.609123e+00
4.148000e-05	-3.982765e-03	1.872756e+00
4.149000e-05	1.897746e-02	2.082758e+00
4.150000e-05	6.263355e-02	2.325390e+00
4.151000e-05	3.525228e-02	2.713659e+00
4.152000e-05	-9.162440e-02	2.958570e+00
4.153000e-05	-1.077295e-02	3.243231e+00
4.154000e-05	-3.242320e-02	3.547398e+00
4.155000e-05	-2.123741e-02	3.828577e+00
4.156000e-05	-5.920386e-02	3.957475e+00
4.157000e-05	9.783658e-02	4.230153e+00
4.158000e-05	1.485884e-02	4.534841e+00
4.159000e-05	-1.202204e-01	4.745895e+00
4.160000e-05	1.764223e-01	5.071762e+00
4.161000e-05	-1.591396e-01	5.389603e+00
4.162000e-05	6.340278e-02	5.649183e+00
4.163000e-05	-2.550568e-02	5.954420e+00
4.164000e-05	-6.071989e-03	6.177624e+00
4.165000e-05	2.294089e-02	6.428657e+00
4.166000e-05	-4.640290e-02	6.744369e+00
4.167000e-05	3.432710e-02	7.007497e+00
4.168000e-05	-4.580007e-02	7.251186e+00
4.169000e-05	4.847130e-03	7.555974e+00
4.170000e-05	-2.898132e-02	7.798582e+00
4.171000e-05	-6.745610e-04	8.092845e+00
4.172000e-05	3.473341e-02	8.355896e+00
4.173000e-05	-5.064368e-02	8.576478e+00
4.174000e-05	5.884826e-03	8.807023e+00
4.175000e-05	-1.484826e-02	9.048680e+00
4.176000e-05	-1.135802e-02	9.241660e+00
4.177000e-05	-1.847599e-02	9.461841e+00
4.178000e-05	-1.309434e-02	9.743370e+00
4.179000e-05	4.987333e-03	9.964902e+00
4.180000e-05	-2.445256e-02	1.016545e+01
4.181000e-05	-1.891445e-02	1.035503e+01
4.182000e-05	-1.920207e-02	1.059388e+01
4.183000e-05	-1.546650e-03	1.079490e+01
4.184000e-05	-2.164974e-02	1.099697e+01
4.185000e-05	-2.233537e-02	1.119440e+01
4.186000e-05	-2.772920e-03	1.137505e+01
4.187000e-05	-1.526887e-02	1.157440e+01
4.188000e-05	-2.401011e-02	1.180405e+01
4.189000e-05	-1.949312e-02	1.198400e+01
4.190000e-05	-1.055594e-02	1.214343e+01
4.191000e-05	-2.166214e-02	1.234226e+01
4.192000e-05	-2.765732e-02	1.251317e+01
4.193000e-05	-1.439417e-02	1.266864e+01
4.194000e-05	-1.880380e-02	1.283561e+01
4.195000e-05	-2.461854e-02	1.292393e+01
4.196000e-05	-2.619752e-02	1.314132e+01
4.197000e-05	-1.959745e-02	1.330075e+01
4.198000e-05	-2.454236e-02	1.340654e+01
4.199000e-05	-3.057151e-02	1.357385e+01
4.200000e-05	-2.084761e-02	1.374130e+01
4.201000e-05	-2.494628e-02	1.388916e+01
4.202000e-05	-2.634731e-02	1.399551e+01
4.203000e-05	-3.228766e-02	1.412232e+01
4.204000e-05	-2.551563e-02	1.428767e+01
4.205000e-05	-3.218727e-02	1.437398e+01
4.206000e-05	-3.279810e-02	1.448909e+01
4.207000e-05	-2.981198e-02	1.459290e+01
4.208000e-05	-3.097204e-02	1.466864e+01
4.209000e-05	-3.304590e-02	1.475235e+01
4.210000e-05	-3.650884e-02	1.483656e+01
4.211000e-05	-3.187137e-02	1.488009e+01
4.212000e-05	-4.083806e-02	1.492122e+01
4.213000e-05	-3.884483e-02	1.497543e+01
4.214000e-05	-4.019480e-02	1.503751e+01
4.215000e-05	-3.662148e-02	1.506969e+01
4.216000e-05	-4.127294e-02	1.513275e+01
4.217000e-05	-4.358718e-02	1.518538e+01
4.218000e-05	-4.207411e-02	1.521491e+01
4.219000e-05	-4.642213e-02	1.524709e+01
4.220000e-05	-4.592776e-02	1.527807e+01
4.221000e-05	-4.833403e-02	1.531819e+01
4.222000e-05	-4.517745e-02	1.530922e+01
4.223000e-05	-5.048999e-02	1.530127e+01
4.224000e-05	-5.150019e-02	1.533082e+01
4.225000e-05	-5.401032e-02	1.531975e+01
4.226000e-05	-5.406632e-02	1.533040e+01
4.227000e-05	-5.603398e-02	1.532010e+01
4.228000e-05	-5.778748e-02	1.530822e+01
4.229000e-05	-5.802386e-02	1.528864e+01
4.230000e-05	-6.286756e-02	1.524857e+01
4.231000e-05	-6.340213e-02	1.522549e+01
4.232000e-05	-6.811177e-02	1.515533e+01
4.233000e-05	-7.039313e-02	1.515182e+01
4.234000e-05	-7.484706e-02	1.506009e+01
4.235000e-05	-7.633084e-02	1.501753e+01
4.236000e-05	-7.893345e-02	1.494530e+01
4.237000e-05	-8.326377e-02	1.488970e+01
4.238000e-05	-8.365621e-02	1.480586e+01
4.239000e-05	-8.447284e-02	1.470370e+01
4.240000e-05	-8.331030e-02	1.463799e+01
4.241000e-05	-8.460718e-02	1.458078e+01
4.242000e-05	-7.845626e-02	1.444961e+01
4.243000e-05	-7.613296e-02	1.435280e+01
4.244000e-05	-7.172246e-02	1.418801e+01
4.245000e-05	-6.982295e-02	1.416277e+01
4.246000e-05	-6.780194e-02	1.401431e+01
4.247000e-05	-6.065856e-02	1.386004e+01
4.248000e-05	-6.173969e-02	1.375170e+01
4.249000e-05	-5.311182e-02	1.360576e+01
4.250000e-05	-5.257618e-02	1.344007e+01
4.251000e-05	-4.906338e-02	1.333377e+01
4.252000e-05	-4.760283e-02	1.317593e+01
4.253000e-05	-4.758272e-02	1.300799e+01
4.254000e-05	-4.168654e-02	1.288107e+01
4.255000e-05	-4.224049e-02	1.275120e+01
4.256000e-05	-3.764532e-02	1.257540e+01
4.257000e-05	-3.559337e-02	1.241646e+01
4.258000e-05	-3.511793e-02	1.222951e+01
4.259000e-05	-3.421251e-02	1.209909e+01
4.260000e-05	-3.196570e-02	1.190064e+01
4.261000e-05	-3.113567e-02	1.172017e+01
4.262000e-05	-2.974236e-02	1.146115e+01
4.263000e-05	-2.995265e-02	1.128857e+01
4.264000e-05	-2.758730e-02	1.107157e+01
4.265000e-05	-2.674207e-02	1.090319e+01
4.266000e-05	-2.651041e-02	1.065109e+01
4.267000e-05	-2.391628e-02	1.050152e+01
4.268000e-05	-2.333611e-02	1.023054e+01
4.269000e-05	-2.181837e-02	1.008909e+01
4.270000e-05	-2.223781e-02	9.809434e+00
4.271000e-05	-2.080297e-02	9.525754e+00
4.272000e-05	-2.029707e-02	9.346301e+00
4.273000e-05	-2.038574e-02	9.125224e+00
4.274000e-05	-2.098326e-02	8.892595e+00
4.275000e-05	-2.051832e-02	8.651537e+00
4.276000e-05	-1.836714e-02	8.438987e+00
4.277000e-05	-1.684449e-02	8.199357e+00
4.278000e-05	-1.435802e-02	7.926697e+00
4.279000e-05	-1.612860e-02	7.672594e+00
4.280000e-05	-1.678772e-02	7.408957e+00
4.281000e-05	-1.601577e-02	7.137297e+00
4.282000e-05	-1.478317e-02	6.933719e+00
4.283000e-05	-1.394760e-02	6.631092e+00
4.284000e-05	-1.381844e-02	6.376826e+00
4.285000e-05	-1.282086e-02	6.136300e+00
4.286000e-05	-1.340443e-02	5.914142e+00
4.287000e-05	-1.291425e-02	5.622911e+00
4.288000e-05	-1.145755e-02	5.357373e+00
4.289000e-05	-1.046895e-02	4.999936e+00
4.290000e-05	-1.211339e-02	4.723247e+00
4.291000e-05	-1.194094e-02	4.483065e+00
4.292000e-05	-1.096474e-02	4.198858e+00
4.293000e-05	-9.474248e-03	3.905697e+00
4.294000e-05	-9.163464e-03	3.664138e+00
4.295000e-05	-9.729748e-03	3.329705e+00
4.296000e-05	-9.564936e-03	3.074588e+00
4.297000e-05	-8.728726e-03	2.832531e+00
4.298000e-05	-7.109210e-03	2.516218e+00
4.299000e-05	-7.781200e-03	2.231507e+00
4.300000e-05	-7.139783e-03	1.988401e+00
4.301000e-05	-6.655378e-03	1.684092e+00
4.302000e-05	-6.512286e-03	1.329376e+00
4.303000e-05	-7.100446e-03	1.062989e+00
4.304000e-05	-5.798210e-03	7.877720e-01
4.305000e-05	-4.394359e-03	4.841405e-01
4.306000e-05	-4.157091e-03	2.208488e-01
4.307000e-05	-2.684384e-03	-9.480310e-02
4.308000e-05	8.656873e-03	-3.464136e-01
4.309000e-05	-5.429209e-03	-6.396765e-01
4.310000e-05	5.464291e-03	-8.837582e-01
4.311000e-05	-5.340388e-03	-1.156390e+00
4.312000e-05	4.242099e-03	-1.464304e+00
4.313000e-05	-5.484919e-03	-1.693262e+00
4.314000e-05	2.778640e-02	-1.944890e+00
4.315000e-05	9.097513e-02	-2.217015e+00
4.316000e-05	-4.459259e-03	-2.514938e+00
4.317000e-05	-7.477869e-02	-2.893863e+00
4.318000e-05	5.949902e-03	-3.271208e+00
4.319000e-05	-3.473801e-02	-3.461732e+00
4.320000e-05	-6.645272e-02	-3.630230e+00
4.321000e-05	4.201333e-02	-3.943786e+00
4.322000e-05	1.433847e-01	-4.091336e+00
4.323000e-05	-1.864840e-01	-4.367074e+00
4.324000e-05	1.980005e-01	-4.638155e+00
4.325000e-05	-1.462676e-01	-4.943408e+00
4.326000e-05	4.870387e-02	-5.227625e+00
4.327000e-05	6.786651e-02	-5.500311e+00
4.328000e-05	-1.204723e-01	-5.828575e+00
4.329000e-05	1.759858e-01	-6.028554e+00
4.330000e-05	-1.231585e-01	-6.332792e+00
4.331000e-05	5.733556e-02	-6.618576e+00
4.332000e-05	1.251618e-02	-6.850258e+00
4.333000e-05	-6.299914e-02	-7.207471e+00
4.334000e-05	1.102794e-01	-7.408578e+00
4.335000e-05	-1.231024e-01	-7.719891e+00
4.336000e-05	1.488790e-01	-7.974996e+00
4.337000e-05	-7.239809e-02	-8.208125e+00
4.338000e-05	3.887617e-02	-8.510209e+00
4.339000e-05	2.741012e-02	-8.701817e+00
4.340000e-05	-4.725806e-02	-9.005426e+00
4.341000e-05	6.459688e-02	-9.165400e+00
4.342000e-05	-6.418270e-02	-9.397104e+00
4.343000e-05	1.021972e-01	-9.638058e+00
4.344000e-05	-4.361931e-02	-9.809132e+00
4.345000e-05	4.166772e-02	-1.010021e+01
4.346000e-05	-2.706384e-02	-1.026826e+01
4.347000e-05	3.373621e-02	-1.051179e+01
4.348000e-05	1.617736e-02	-1.067121e+01
4.349000e-05	-2.063015e-03	-1.088921e+01
4.350000e-05	3.845001e-02	-1.106864e+01
4.351000e-05	-9.331459e-03	-1.128066e+01
4.352000e-05	3.123217e-02	-1.148859e+01
4.353000e-05	-1.529196e-02	-1.169922e+01
4.354000e-05	5.405348e-02	-1.188816e+01
4.355000e-05	-1.059121e-02	-1.205873e+01
4.356000e-05	2.917593e-02	-1.221903e+01
4.357000e-05	-3.044727e-04	-1.242655e+01
4.358000e-05	3.955430e-02	-1.258350e+01
4.359000e-05	5.276947e-03	-1.272330e+01
4.360000e-05	1.811211e-02	-1.292072e+01
4.361000e-05	1.843956e-02	-1.304864e+01
4.362000e-05	1.885825e-02	-1.320608e+01
4.363000e-05	2.104028e-02	-1.335188e+01
4.364000e-05	1.732192e-02	-1.350072e+01
4.365000e-05	3.284047e-02	-1.362661e+01
4.366000e-05	1.451371e-02	-1.377297e+01
4.367000e-05	2.483689e-02	-1.392077e+01
4.368000e-05	1.869977e-02	-1.406658e+01
4.369000e-05	3.402151e-02	-1.416243e+01
4.370000e-05	1.996385e-02	-1.427819e+01
4.371000e-05	2.908833e-02	-1.438343e+01
4.372000e-05	2.581204e-02	-1.449871e+01
4.373000e-05	2.875616e-02	-1.458338e+01
4.374000e-05	2.806692e-02	-1.465946e+01
4.375000e-05	3.173865e-02	-1.471277e+01
4.376000e-05	3.183163e-02	-1.479496e+01
4.377000e-05	2.944667e-02	-1.489907e+01
4.378000e-05	3.105870e-02	-1.496027e+01
4.379000e-05	3.545562e-02	-1.499348e+01
4.380000e-05	3.503964e-02	-1.503395e+01
4.381000e-05	3.526590e-02	-1.505969e+01
4.382000e-05	3.701302e-02	-1.512122e+01
4.383000e-05	3.652693e-02	-1.515192e+01
4.384000e-05	3.717056e-02	-1.518338e+01
4.385000e-05	4.028054e-02	-1.524441e+01
4.386000e-05	4.334853e-02	-1.527444e+01
4.387000e-05	4.153675e-02	-1.522604e+01
4.388000e-05	4.226363e-02	-1.523816e+01
4.389000e-05	4.407795e-02	-1.528814e+01
4.390000e-05	4.640541e-02	-1.529867e+01
4.391000e-05	4.646899e-02	-1.527757e+01
4.392000e-05	4.880750e-02	-1.526706e+01
4.393000e-05	5.086590e-02	-1.524696e+01
4.394000e-05	5.431528e-02	-1.526556e+01
4.395000e-05	5.376106e-02	-1.521390e+01
4.396000e-05	5.726689e-02	-1.516433e+01
4.397000e-05	6.034926e-02	-1.515277e+01
4.398000e-05	6.391255e-02	-1.506865e+01
4.399000e-05	6.638848e-02	-1.500811e+01
4.400000e-05	6.947362e-02	-1.501337e+01
4.401000e-05	7.400630e-02	-1.490970e+01
4.402000e-05	7.619083e-02	-1.490606e+01
4.403000e-05	7.593035e-02	-1.476540e+01
4.404000e-05	7.907483e-02	-1.472125e+01
4.405000e-05	7.479273e-02	-1.461603e+01
4.406000e-05	7.957250e-02	-1.455185e+01
4.407000e-05	7.408887e-02	-1.445646e+01
4.408000e-05	7.236841e-02	-1.430325e+01
4.409000e-05	6.883984e-02	-1.419401e+01
4.410000e-05	6.138608e-02	-1.407070e+01
4.411000e-05	6.127442e-02	-1.392378e+01
4.412000e-05	5.364472e-02	-1.383801e+01
4.413000e-05	5.492734e-02	-1.375222e+01
4.414000e-05	5.066232e-02	-1.356438e+01
4.415000e-05	4.670294e-02	-1.341907e+01
4.416000e-05	4.239833e-02	-1.334865e+01
4.417000e-05	4.082035e-02	-1.316438e+01
4.418000e-05	3.815523e-02	-1.299801e+01
4.419000e-05	3.679545e-02	-1.291012e+01
4.420000e-05	3.211092e-02	-1.274285e+01
4.421000e-05	3.295657e-02	-1.259633e+01
4.422000e-05	2.964020e-02	-1.243746e+01
4.423000e-05	2.876848e-02	-1.227111e+01
4.424000e-05	2.620468e-02	-1.212060e+01
4.425000e-05	2.667374e-02	-1.190267e+01
4.426000e-05	2.449191e-02	-1.173215e+01
4.427000e-05	2.321181e-02	-1.148807e+01
4.428000e-05	2.220028e-02	-1.130049e+01
4.429000e-05	2.026403e-02	-1.105862e+01
4.430000e-05	1.991000e-02	-1.088009e+01
4.431000e-05	1.722656e-02	-1.069014e+01
4.432000e-05	1.690326e-02	-1.047013e+01
4.433000e-05	1.477322e-02	-1.025052e+01
4.434000e-05	1.654923e-02	-1.000946e+01
4.435000e-05	1.499793e-02	-9.817959e+00
4.436000e-05	1.456717e-02	-9.627483e+00
4.437000e-05	1.218998e-02	-9.354850e+00
4.438000e-05	1.124701e-02	-9.126299e+00
4.439000e-05	1.103545e-02	-8.924323e+00
4.440000e-05	1.005893e-02	-8.690142e+00
4.441000e-05	8.725973e-03	-8.449962e+00
4.442000e-05	7.594963e-03	-8.217929e+00
4.443000e-05	6.696625e-03	-8.006327e+00
4.444000e-05	6.643911e-03	-7.710618e+00
4.445000e-05	7.035715e-03	-7.428560e+00
4.446000e-05	6.194793e-03	-7.135875e+00
4.447000e-05	5.256906e-03	-6.893797e+00
4.448000e-05	4.755524e-03	-6.642160e+00
4.449000e-05	5.643684e-03	-6.432510e+00
4.450000e-05	3.794645e-03	-6.167298e+00
4.451000e-05	4.598562e-03	-5.933721e+00
4.452000e-05	1.399060e-03	-5.652458e+00
4.453000e-05	3.263758e-03	-5.354825e+00
4.454000e-05	2.124759e-03	-5.071533e+00
4.455000e-05	2.684090e-03	-4.755299e+00
4.456000e-05	1.286336e-03	-4.473564e+00
4.457000e-05	2.909580e-03	-4.241535e+00
4.458000e-05	7.023295e-04	-3.987405e+00
4.459000e-05	1.643132e-03	-3.663686e+00
4.460000e-05	-2.141152e-03	-3.421035e+00
4.461000e-05	-3.254671e-04	-3.187249e+00
4.462000e-05	-2.637658e-03	-2.852509e+00
4.463000e-05	8.829552e-04	-2.597799e+00
4.464000e-05	-2.370717e-03	-2.344194e+00
4.465000e-05	-9.658224e-04	-1.999903e+00
4.466000e-05	-3.460318e-03	-1.756345e+00
4.467000e-05	-2.007943e-03	-1.441459e+00
4.468000e-05	-3.389818e-03	-1.093669e+00
4.469000e-05	-3.164478e-03	-8.320575e-01
4.470000e-05	-4.143776e-03	-5.346940e-01
4.471000e-05	-4.198363e-03	-2.720586e-01
4.472000e-05	-2.640100e-03	1.049266e-03
4.473000e-05	6.916879e-03	3.358137e-01
4.474000e-05	-3.149334e-03	5.869738e-01
4.475000e-05	1.216534e-03	7.990027e-01
4.476000e-05	-2.753293e-03	1.103361e+00
4.477000e-05	-4.789270e-04	1.378473e+00
4.478000e-05	-4.739760e-03	1.685816e+00
4.479000e-05	6.042547e-03	1.945342e+00
4.480000e-05	1.989361e-02	2.175891e+00
4.481000e-05	8.954975e-02	2.450202e+00
4.482000e-05	-3.747598e-02	2.798048e+00
4.483000e-05	-5.521291e-02	3.092806e+00
4.484000e-05	-2.484070e-02	3.345996e+00
4.485000e-05	-8.539117e-03	3.661104e+00
4.486000e-05	-5.811064e-02	3.884212e+00
4.487000e-05	-1.559201e-02	4.061178e+00
4.488000e-05	1.214778e-01	4.353894e+00
4.489000e-05	-9.363532e-02	4.607627e+00
4.490000e-05	1.537058e-03	4.878632e+00
4.491000e-05	9.256707e-02	5.187526e+00
4.492000e-05	-1.414901e-01	5.452736e+00
4.493000e-05	9.780300e-02	5.764364e+00
4.494000e-05	-6.051830e-02	5.988578e+00
4.495000e-05	2.869040e-02	6.292181e+00
4.496000e-05	-1.489635e-02	6.554421e+00
4.497000e-05	-2.849480e-02	6.838129e+00
4.498000e-05	3.140398e-02	7.081210e+00
4.499000e-05	-5.700154e-02	7.343923e+00
4.500000e-05	2.210277e-02	7.669282e+00
4.501000e-05	-5.445165e-02	7.901790e+00
4.502000e-05	3.770603e-02	8.217579e+00
4.503000e-05	2.674053e-03	8.408604e+00
4.504000e-05	-4.055850e-02	8.649132e+00
4.505000e-05	1.933010e-02	8.878785e+00
4.506000e-05	-4.058626e-02	9.111269e+00
4.507000e-05	6.037513e-03	9.333943e+00
4.508000e-05	-4.237719e-02	9.574999e+00
4.509000e-05	2.047633e-02	9.805957e+00
4.510000e-05	-2.211730e-02	1.002956e+01
4.511000e-05	-1.299760e-02	1.020908e+01
4.512000e-05	-2.744474e-02	1.046958e+01
4.513000e-05	-6.040930e-03	1.062911e+01
4.514000e-05	-2.264740e-03	1.082916e+01
4.515000e-05	-3.276278e-02	1.102909e+01
4.516000e-05	-1.002243e-02	1.123663e+01
4.517000e-05	-1.479211e-02	1.145766e+01
4.518000e-05	-8.517197e-03	1.165816e+01
4.519000e-05	-3.679317e-02	1.184956e+01
4.520000e-05	-5.537678e-03	1.205653e+01
4.521000e-05	-1.865210e-02	1.220548e+01
4.522000e-05	-2.082863e-02	1.238493e+01
4.523000e-05	-2.497886e-02	1.251392e+01
4.524000e-05	-1.224671e-02	1.272272e+01
4.525000e-05	-2.041837e-02	1.285114e+01
4.526000e-05	-3.435664e-02	1.302498e+01
4.527000e-05	-1.839673e-02	1.319343e+01
4.528000e-05	-2.368429e-02	1.334277e+01
4.529000e-05	-2.160075e-02	1.345969e+01
4.530000e-05	-3.308326e-02	1.363511e+01
4.531000e-05	-1.596941e-02	1.376500e+01
4.532000e-05	-2.761563e-02	1.391174e+01
4.533000e-05	-2.963468e-02	1.400719e+01
4.534000e-05	-3.069667e-02	1.417345e+01
4.535000e-05	-2.651414e-02	1.429872e+01
4.536000e-05	-2.949639e-02	1.441598e+01
4.537000e-05	-3.554989e-02	1.452024e+01
4.538000e-05	-2.717870e-02	1.456493e+01
4.539000e-05	-3.488689e-02	1.468062e+01
4.540000e-05	-3.056618e-02	1.477438e+01
4.541000e-05	-3.669526e-02	1.480811e+01
4.542000e-05	-3.417524e-02	1.490969e+01
4.543000e-05	-4.038488e-02	1.495182e+01
4.544000e-05	-3.954736e-02	1.498803e+01
4.545000e-05	-3.732767e-02	1.504906e+01
4.546000e-05	-4.016213e-02	1.510124e+01
4.547000e-05	-4.066892e-02	1.514333e+01
4.548000e-05	-4.463607e-02	1.518499e+01
4.549000e-05	-4.228536e-02	1.524554e+01
4.550000e-05	-4.709970e-02	1.527752e+01
4.551000e-05	-4.626021e-02	1.528912e+01
4.552000e-05	-4.784390e-02	1.526970e+01
4.553000e-05	-4.730448e-02	1.532129e+01
4.554000e-05	-5.007955e-02	1.535087e+01
4.555000e-05	-5.315620e-02	1.533122e+01
4.556000e-05	-5.177567e-02	1.535977e+01
4.557000e-05	-5.642833e-02	1.531927e+01
4.558000e-05	-5.562093e-02	1.531972e+01
4.559000e-05	-5.802958e-02	1.528759e+01
4.560000e-05	-5.863853e-02	1.527767e+01
4.561000e-05	-6.276031e-02	1.525709e+01
4.562000e-05	-6.585671e-02	1.518491e+01
4.563000e-05	-6.775590e-02	1.517288e+01
4.564000e-05	-7.293225e-02	1.511070e+01
4.565000e-05	-7.465377e-02	1.499754e+01
4.566000e-05	-7.866158e-02	1.498688e+01
4.567000e-05	-8.048609e-02	1.499277e+01
4.568000e-05	-8.414751e-02	1.486754e+01
4.569000e-05	-8.391220e-02	1.481578e+01
4.570000e-05	-8.480384e-02	1.469174e+01
4.571000e-05	-8.264315e-02	1.465736e+01
4.572000e-05	-8.156513e-02	1.452130e+01
4.573000e-05	-7.778883e-02	1.443754e+01
4.574000e-05	-7.551305e-02	1.430122e+01
4.575000e-05	-7.219486e-02	1.420691e+01
4.576000e-05	-6.822109e-02	1.406707e+01
4.577000e-05	-6.460503e-02	1.394265e+01
4.578000e-05	-5.982650e-02	1.381644e+01
4.579000e-05	-5.796394e-02	1.368057e+01
4.580000e-05	-5.412630e-02	1.353420e+01
4.581000e-05	-5.132180e-02	1.342648e+01
4.582000e-05	-4.912343e-02	1.329704e+01
4.583000e-05	-4.694362e-02	1.314122e+01
4.584000e-05	-4.531077e-02	1.298338e+01
4.585000e-05	-4.288404e-02	1.278801e+01
4.586000e-05	-3.990244e-02	1.266012e+01
4.587000e-05	-3.787726e-02	1.255175e+01
4.588000e-05	-3.647146e-02	1.231378e+01
4.589000e-05	-3.542994e-02	1.217738e+01
4.590000e-05	-3.257109e-02	1.203689e+01
4.591000e-05	-3.223685e-02	1.183701e+01
4.592000e-05	-3.048896e-02	1.162651e+01
4.593000e-05	-3.052342e-02	1.141849e+01
4.594000e-05	-2.751554e-02	1.120898e+01
4.595000e-05	-2.698220e-02	1.101848e+01
4.596000e-05	-2.662423e-02	1.088861e+01
4.597000e-05	-2.563085e-02	1.058896e+01
4.598000e-05	-2.265364e-02	1.042788e+01
4.599000e-05	-2.382859e-02	1.018843e+01
4.600000e-05	-2.240629e-02	9.975301e+00
4.601000e-05	-2.104297e-02	9.735247e+00
4.602000e-05	-2.086789e-02	9.471567e+00
4.603000e-05	-2.210865e-02	9.322665e+00
4.604000e-05	-2.155445e-02	9.029985e+00
4.605000e-05	-1.964377e-02	8.808484e+00
4.606000e-05	-1.775247e-02	8.557801e+00
4.607000e-05	-1.802394e-02	8.356247e+00
4.608000e-05	-1.650265e-02	8.093594e+00
4.609000e-05	-1.478503e-02	7.839461e+00
4.610000e-05	-1.493321e-02	7.617880e+00
4.611000e-05	-1.690666e-02	7.344173e+00
4.612000e-05	-1.633817e-02	7.052110e+00
4.613000e-05	-1.543163e-02	6.841415e+00
4.614000e-05	-1.494589e-02	6.577327e+00
4.615000e-05	-1.405333e-02	6.273773e+00
4.616000e-05	-1.275882e-02	6.093112e+00
4.617000e-05	-1.198418e-02	5.766935e+00
4.618000e-05	-1.074504e-02	5.536296e+00
4.619000e-05	-1.136857e-02	5.232640e+00
4.620000e-05	-1.180821e-02	4.935145e+00
4.621000e-05	-1.212489e-02	4.652484e+00
4.622000e-05	-1.215933e-02	4.409455e+00
4.623000e-05	-1.146431e-02	4.122664e+00
4.624000e-05	-1.095624e-02	3.820981e+00
4.625000e-05	-8.230710e-03	3.568905e+00
4.626000e-05	-8.524829e-03	3.273988e+00
4.627000e-05	-8.284614e-03	2.998930e+00
4.628000e-05	-8.766098e-03	2.727773e+00
4.629000e-05	-7.325176e-03	2.410455e+00
4.630000e-05	-7.261966e-03	2.136322e+00
4.631000e-05	-7.354461e-03	1.895689e+00
4.632000e-05	-7.042947e-03	1.588801e+00
4.633000e-05	-7.205566e-03	1.295139e+00
4.634000e-05	-6.217147e-03	9.382459e-01
4.635000e-05	-6.749143e-03	6.746076e-01
4.636000e-05	-4.668902e-03	4.094784e-01
4.637000e-05	-2.184943e-03	9.406647e-02
4.638000e-05	-5.006125e-04	-1.774426e-01
4.639000e-05	9.806829e-03	-3.906016e-01
4.640000e-05	-9.708002e-03	-7.449111e-01
4.641000e-05	9.089579e-03	-9.670439e-01
4.642000e-05	-5.741913e-03	-1.220679e+00
4.643000e-05	5.208532e-03	-1.557421e+00
4.644000e-05	2.983863e-04	-1.768045e+00
4.645000e-05	3.911235e-02	-1.978524e+00
4.646000e-05	1.048420e-01	-2.302861e+00
4.647000e-05	-7.965319e-02	-2.651258e+00
4.648000e-05	-1.673170e-02	-3.070179e+00
4.649000e-05	-2.939614e-02	-3.314342e+00
4.650000e-05	-1.653303e-02	-3.554416e+00
4.651000e-05	-1.000473e-01	-3.724869e+00
4.652000e-05	1.585181e-01	-3.956317e+00
4.653000e-05	-2.124585e-02	-4.198123e+00
4.654000e-05	-7.813675e-02	-4.453309e+00
4.655000e-05	1.717773e-01	-4.722292e+00
4.656000e-05	-1.986951e-01	-4.998675e+00
4.657000e-05	1.576197e-01	-5.282336e+00
4.658000e-05	-7.105557e-02	-5.608053e+00
4.659000e-05	-3.004876e-03	-5.871735e+00
4.660000e-05	1.213538e-01	-6.092844e+00
4.661000e-05	-1.455966e-01	-6.439675e+00
4.662000e-05	1.361457e-01	-6.690713e+00
4.663000e-05	-9.308534e-02	-7.014073e+00
4.664000e-05	4.458634e-02	-7.272209e+00
4.665000e-05	1.405460e-02	-7.491265e+00
4.666000e-05	-5.403340e-02	-7.798606e+00
4.667000e-05	1.359594e-01	-8.029158e+00
4.668000e-05	-1.107784e-01	-8.282340e+00
4.669000e-05	1.071564e-01	-8.544944e+00
4.670000e-05	-5.336071e-02	-8.765928e+00
4.671000e-05	2.515582e-02	-9.018532e+00
4.672000e-05	6.528495e-03	-9.256629e+00
4.673000e-05	-1.314007e-02	-9.510166e+00
4.674000e-05	7.784156e-02	-9.692267e+00
4.675000e-05	-4.842132e-02	-9.931791e+00
4.676000e-05	5.325494e-02	-1.014092e+01
4.677000e-05	-4.466010e-02	-1.034337e+01
4.678000e-05	6.630201e-02	-1.053485e+01
4.679000e-05	-2.184928e-02	-1.070394e+01
4.680000e-05	3.597042e-02	-1.092145e+01
4.681000e-05	6.652236e-03	-1.112140e+01
4.682000e-05	1.571473e-02	-1.136197e+01
4.683000e-05	5.741128e-03	-1.155032e+01
4.684000e-05	1.000565e-02	-1.174287e+01
4.685000e-05	3.770402e-02	-1.194480e+01
4.686000e-05	-6.147306e-03	-1.216182e+01
4.687000e-05	2.678846e-02	-1.230074e+01
4.688000e-05	3.450760e-03	-1.245969e+01
4.689000e-05	4.183185e-02	-1.264611e+01
4.690000e-05	-3.474624e-03	-1.279600e+01
4.691000e-05	2.950912e-02	-1.298335e+01
4.692000e-05	8.882803e-03	-1.309027e+01
4.693000e-05	2.719573e-02	-1.326956e+01
4.694000e-05	1.064016e-02	-1.340705e+01
4.695000e-05	2.866657e-02	-1.353285e+01
4.696000e-05	2.429827e-02	-1.369864e+01
4.697000e-05	1.897420e-02	-1.383658e+01
4.698000e-05	2.243016e-02	-1.394287e+01
4.699000e-05	2.515614e-02	-1.405774e+01
4.700000e-05	2.811197e-02	-1.423498e+01
4.701000e-05	2.049693e-02	-1.428982e+01
4.702000e-05	2.960273e-02	-1.443601e+01
4.703000e-05	2.491512e-02	-1.451970e+01
4.704000e-05	3.110110e-02	-1.456548e+01
4.705000e-05	2.669240e-02	-1.468109e+01
4.706000e-05	3.689526e-02	-1.477335e+01
4.707000e-05	2.955330e-02	-1.484654e+01
4.708000e-05	2.844854e-02	-1.488717e+01
4.709000e-05	3.222282e-02	-1.493135e+01
4.710000e-05	3.493840e-02	-1.495451e+01
4.711000e-05	3.591975e-02	-1.505708e+01
4.712000e-05	3.425792e-02	-1.504917e+01
4.713000e-05	3.841688e-02	-1.510080e+01
4.714000e-05	3.716014e-02	-1.516335e+01
4.715000e-05	3.734625e-02	-1.519538e+01
4.716000e-05	4.053438e-02	-1.522396e+01
4.717000e-05	4.225642e-02	-1.523701e+01
4.718000e-05	4.200562e-02	-1.525704e+01
4.719000e-05	4.457038e-02	-1.524804e+01
4.720000e-05	4.510904e-02	-1.527759e+01
4.721000e-05	4.616666e-02	-1.526604e+01
4.722000e-05	4.595000e-02	-1.528752e+01
4.723000e-05	5.015130e-02	-1.524856e+01
4.724000e-05	5.119709e-02	-1.528451e+01
4.725000e-05	5.227272e-02	-1.525696e+01
4.726000e-05	5.619182e-02	-1.519441e+01
4.727000e-05	5.949490e-02	-1.515437e+01
4.728000e-05	6.133437e-02	-1.510220e+01
4.729000e-05	6.292898e-02	-1.506864e+01
4.730000e-05	6.725972e-02	-1.501746e+01
4.731000e-05	7.164725e-02	-1.495333e+01
4.732000e-05	7.454081e-02	-1.493065e+01
4.733000e-05	7.689268e-02	-1.486754e+01
4.734000e-05	7.793481e-02	-1.478438e+01
4.735000e-05	7.773362e-02	-1.465009e+01
4.736000e-05	7.606313e-02	-1.458443e+01
4.737000e-05	7.572271e-02	-1.453017e+01
4.738000e-05	7.295073e-02	-1.441343e+01
4.739000e-05	7.118632e-02	-1.429859e+01
4.740000e-05	6.608150e-02	-1.421228e+01
4.741000e-05	6.364206e-02	-1.405762e+01
4.742000e-05	5.894481e-02	-1.392222e+01
4.743000e-05	5.429281e-02	-1.380643e+01
4.744000e-05	5.218864e-02	-1.368811e+01
4.745000e-05	4.986943e-02	-1.353327e+01
4.746000e-05	4.503930e-02	-1.340646e+01
4.747000e-05	4.111065e-02	-1.328809e+01
4.748000e-05	3.954846e-02	-1.314322e+01
4.749000e-05	3.776227e-02	-1.296638e+01
4.750000e-05	3.513380e-02	-1.287696e+01
4.751000e-05	3.371785e-02	-1.269114e+01
4.752000e-05	3.232236e-02	-1.255272e+01
4.753000e-05	2.947798e-02	-1.240433e+01
4.754000e-05	2.699978e-02	-1.219793e+01
4.755000e-05	2.598608e-02	-1.202743e+01
4.756000e-05	2.500744e-02	-1.183711e+01
4.757000e-05	2.357405e-02	-1.166796e+01
4.758000e-05	2.160318e-02	-1.144596e+01
4.759000e-05	2.116398e-02	-1.121491e+01
4.760000e-05	2.078461e-02	-1.097733e+01
4.761000e-05	1.925572e-02	-1.078891e+01
4.762000e-05	1.703746e-02	-1.064696e+01
4.763000e-05	1.712672e-02	-1.041548e+01
4.764000e-05	1.554402e-02	-1.021630e+01
4.765000e-05	1.538204e-02	-9.925328e+00
4.766000e-05	1.267601e-02	-9.755823e+00
4.767000e-05	1.285665e-02	-9.512771e+00
4.768000e-05	1.259646e-02	-9.313723e+00
4.769000e-05	1.142613e-02	-9.041614e+00
4.770000e-05	1.070514e-02	-8.901059e+00
4.771000e-05	8.545835e-03	-8.608957e+00
4.772000e-05	9.815739e-03	-8.364850e+00
4.773000e-05	8.955617e-03	-8.155744e+00
4.774000e-05	5.246788e-03	-7.891118e+00
4.775000e-05	8.212365e-03	-7.608909e+00
4.776000e-05	4.730365e-03	-7.325299e+00
4.777000e-05	8.653099e-03	-7.114670e+00
4.778000e-05	6.045673e-03	-6.869932e+00
4.779000e-05	3.671839e-03	-6.567349e+00
4.780000e-05	5.408689e-03	-6.357772e+00
4.781000e-05	1.076715e-03	-6.092590e+00
4.782000e-05	5.788715e-03	-5.829481e+00
4.783000e-05	1.085338e-03	-5.597276e+00
4.784000e-05	5.594110e-03	-5.282535e+00
4.785000e-05	7.139862e-04	-4.947398e+00
4.786000e-05	2.158667e-03	-4.661581e+00
4.787000e-05	8.372467e-05	-4.401455e+00
4.788000e-05	3.504460e-03	-4.167826e+00
4.789000e-05	4.202738e-05	-3.924292e+00
4.790000e-05	6.075657e-04	-3.610505e+00
4.791000e-05	-1.625603e-03	-3.357242e+00
4.792000e-05	3.221835e-04	-3.052141e+00
4.793000e-05	-1.947288e-03	-2.756796e+00
4.794000e-05	-6.059850e-04	-2.514112e+00
4.795000e-05	-2.419375e-03	-2.209378e+00
4.796000e-05	-2.022667e-03	-1.905694e+00
4.797000e-05	-1.919474e-03	-1.642084e+00
4.798000e-05	-2.628760e-03	-1.346616e+00
4.799000e-05	-2.434558e-03	-9.799521e-01
4.800000e-05	-5.176159e-03	-7.783219e-01
4.801000e-05	-3.595803e-03	-4.209536e-01
4.802000e-05	-4.419479e-03	-1.578482e-01
4.803000e-05	1.234173e-04	1.047847e-01
4.804000e-05	8.592671e-03	3.795241e-01
4.805000e-05	-6.150519e-03	6.721768e-01
4.806000e-05	5.107065e-03	8.733872e-01
4.807000e-05	-5.847288e-03	1.200100e+00
4.808000e-05	1.358244e-03	1.503811e+00
4.809000e-05	-8.304102e-03	1.799573e+00
4.810000e-05	1.550059e-02	1.990550e+00
4.811000e-05	3.579902e-02	2.261178e+00
4.812000e-05	8.645189e-02	2.547016e+00
4.813000e-05	-8.824638e-02	2.873186e+00
4.814000e-05	-2.311221e-02	3.137370e+00
4.815000e-05	-3.978302e-02	3.489686e+00
4.816000e-05	2.327658e-04	3.725344e+00
4.817000e-05	-7.863675e-02	3.925817e+00
4.818000e-05	4.288344e-02	4.136444e+00
4.819000e-05	1.012706e-01	4.381152e+00
4.820000e-05	-1.574027e-01	4.702785e+00
4.821000e-05	1.303654e-01	4.893993e+00
4.822000e-05	-5.020464e-02	5.291837e+00
4.823000e-05	-4.535366e-02	5.535517e+00
4.824000e-05	5.203017e-02	5.830562e+00
4.825000e-05	-5.471421e-02	6.103762e+00
4.826000e-05	4.064782e-02	6.345396e+00
4.827000e-05	-3.986448e-02	6.659134e+00
4.828000e-05	7.358330e-03	6.913239e+00
4.829000e-05	-5.319035e-03	7.146369e+00
4.830000e-05	-3.359962e-02	7.479663e+00
4.831000e-05	1.174394e-02	7.703873e+00
4.832000e-05	-4.309274e-02	8.007580e+00
4.833000e-05	5.217429e-02	8.291189e+00
4.834000e-05	-3.523059e-02	8.493314e+00
4.835000e-05	-2.197166e-02	8.711868e+00
4.836000e-05	1.037045e-02	8.955504e+00
4.837000e-05	-3.431911e-02	9.206525e+00
4.838000e-05	8.441892e-03	9.408028e+00
4.839000e-05	-4.272142e-02	9.608581e+00
4.840000e-05	2.692146e-02	9.870242e+00
4.841000e-05	-3.474124e-02	1.011174e+01
4.842000e-05	-9.445104e-03	1.027027e+01
4.843000e-05	-2.739862e-02	1.048182e+01
4.844000e-05	-9.825770e-04	1.072282e+01
4.845000e-05	-9.384032e-03	1.089237e+01
4.846000e-05	-3.631400e-02	1.107224e+01
4.847000e-05	1.012058e-03	1.131029e+01
4.848000e-05	-1.938671e-02	1.154027e+01
4.849000e-05	-1.210754e-02	1.171182e+01
4.850000e-05	-3.559053e-02	1.191180e+01
4.851000e-05	-1.203776e-04	1.205974e+01
4.852000e-05	-2.275399e-02	1.226766e+01
4.853000e-05	-2.454622e-02	1.241859e+01
4.854000e-05	-2.122827e-02	1.259758e+01
4.855000e-05	-1.488534e-02	1.275440e+01
4.856000e-05	-2.167014e-02	1.290137e+01
4.857000e-05	-3.293173e-02	1.308022e+01
4.858000e-05	-1.482424e-02	1.325651e+01
4.859000e-05	-2.630612e-02	1.336700e+01
4.860000e-05	-2.596626e-02	1.354239e+01
4.861000e-05	-3.067729e-02	1.366819e+01
4.862000e-05	-1.826364e-02	1.379454e+01
4.863000e-05	-2.814837e-02	1.390127e+01
4.864000e-05	-3.145747e-02	1.404717e+01
4.865000e-05	-2.616639e-02	1.418499e+01
4.866000e-05	-2.968896e-02	1.435285e+01
4.867000e-05	-3.078387e-02	1.444763e+01
4.868000e-05	-3.606296e-02	1.452128e+01
4.869000e-05	-2.743393e-02	1.460756e+01
4.870000e-05	-3.444341e-02	1.473337e+01
4.871000e-05	-3.355846e-02	1.479596e+01
4.872000e-05	-3.472813e-02	1.484809e+01
4.873000e-05	-3.564895e-02	1.489982e+01
4.874000e-05	-3.956334e-02	1.496433e+01
4.875000e-05	-4.131464e-02	1.502551e+01
4.876000e-05	-3.621064e-02	1.506916e+01
4.877000e-05	-4.040542e-02	1.509117e+01
4.878000e-05	-4.198256e-02	1.515435e+01
4.879000e-05	-4.532012e-02	1.520541e+01
4.880000e-05	-4.376737e-02	1.525651e+01
4.881000e-05	-4.687312e-02	1.526754e+01
4.882000e-05	-4.771734e-02	1.526809e+01
4.883000e-05	-4.576670e-02	1.530869e+01
4.884000e-05	-4.921992e-02	1.531072e+01
4.885000e-05	-4.999809e-02	1.528970e+01
4.886000e-05	-5.426947e-02	1.535120e+01
4.887000e-05	-5.251001e-02	1.533174e+01
4.888000e-05	-5.727320e-02	1.532017e+01
4.889000e-05	-5.719111e-02	1.530862e+01
4.890000e-05	-5.817846e-02	1.528812e+01
4.891000e-05	-6.013137e-02	1.526751e+01
4.892000e-05	-6.271372e-02	1.526661e+01
4.893000e-05	-6.680252e-02	1.516439e+01
4.894000e-05	-6.794864e-02	1.518430e+01
4.895000e-05	-7.403014e-02	1.512017e+01
4.896000e-05	-7.504011e-02	1.503552e+01
4.897000e-05	-7.981789e-02	1.498438e+01
4.898000e-05	-8.111737e-02	1.490072e+01
4.899000e-05	-8.404183e-02	1.484751e+01
4.900000e-05	-8.522731e-02	1.475532e+01
4.901000e-05	-8.378418e-02	1.466109e+01
4.902000e-05	-8.338688e-02	1.459481e+01
4.903000e-05	-7.979954e-02	1.450015e+01
4.904000e-05	-7.749646e-02	1.437536e+01
4.905000e-05	-7.278552e-02	1.430012e+01
4.906000e-05	-7.143521e-02	1.417441e+01
4.907000e-05	-6.885247e-02	1.400594e+01
4.908000e-05	-6.401809e-02	1.387110e+01
4.909000e-05	-5.828710e-02	1.379378e+01
4.910000e-05	-5.648953e-02	1.360899e+01
4.911000e-05	-5.336421e-02	1.349062e+01
4.912000e-05	-5.126636e-02	1.335536e+01
4.913000e-05	-4.839307e-02	1.323551e+01
4.914000e-05	-4.581938e-02	1.307259e+01
4.915000e-05	-4.386085e-02	1.295265e+01
4.916000e-05	-4.165352e-02	1.277588e+01
4.917000e-05	-3.957655e-02	1.260893e+01
4.918000e-05	-3.757027e-02	1.251907e+01
4.919000e-05	-3.558751e-02	1.230265e+01
4.920000e-05	-3.548085e-02	1.215322e+01
4.921000e-05	-3.150447e-02	1.196573e+01
4.922000e-05	-3.195807e-02	1.176485e+01
4.923000e-05	-2.947528e-02	1.157528e+01
4.924000e-05	-2.961867e-02	1.136632e+01
4.925000e-05	-2.781174e-02	1.115475e+01
4.926000e-05	-2.670585e-02	1.097587e+01
4.927000e-05	-2.654527e-02	1.073540e+01
4.928000e-05	-2.547865e-02	1.057528e+01
4.929000e-05	-2.484886e-02	1.032365e+01
4.930000e-05	-2.332238e-02	1.013370e+01
4.931000e-05	-2.238306e-02	9.873017e+00
4.932000e-05	-2.064658e-02	9.637965e+00
4.933000e-05	-2.022232e-02	9.387956e+00
4.934000e-05	-2.040392e-02	9.219431e+00
4.935000e-05	-2.007309e-02	8.978830e+00
4.936000e-05	-1.953947e-02	8.734223e+00
4.937000e-05	-1.914491e-02	8.514246e+00
4.938000e-05	-1.821391e-02	8.313592e+00
4.939000e-05	-1.687282e-02	8.028483e+00
4.940000e-05	-1.716394e-02	7.748226e+00
4.941000e-05	-1.566434e-02	7.513166e+00
4.942000e-05	-1.632065e-02	7.241439e+00
4.943000e-05	-1.398840e-02	7.009352e+00
4.944000e-05	-1.511248e-02	6.737277e+00
4.945000e-05	-1.378793e-02	6.472592e+00
4.946000e-05	-1.351260e-02	6.229431e+00
4.947000e-05	-1.247571e-02	5.969856e+00
4.948000e-05	-1.355005e-02	5.725203e+00
4.949000e-05	-1.267011e-02	5.472138e+00
4.950000e-05	-1.135539e-02	5.178304e+00
4.951000e-05	-1.139010e-02	4.830932e+00
4.952000e-05	-1.112225e-02	4.556723e+00
4.953000e-05	-1.062287e-02	4.334118e+00
4.954000e-05	-9.969187e-03	4.042983e+00
4.955000e-05	-1.019056e-02	3.756222e+00
4.956000e-05	-9.960076e-03	3.505592e+00
4.957000e-05	-9.278633e-03	3.199375e+00
4.958000e-05	-9.048985e-03	2.936171e+00
4.959000e-05	-8.384515e-03	2.600942e+00
4.960000e-05	-8.113924e-03	2.314693e+00
4.961000e-05	-7.515176e-03	2.043034e+00
4.962000e-05	-7.479512e-03	1.798826e+00
4.963000e-05	-6.528049e-03	1.496039e+00
4.964000e-05	-6.713102e-03	1.198377e+00
4.965000e-05	-5.609611e-03	8.439812e-01
4.966000e-05	-6.305232e-03	5.498746e-01
4.967000e-05	-4.932439e-03	3.542968e-01
4.968000e-05	-3.279404e-03	-8.524082e-03
4.969000e-05	5.580189e-03	-2.836842e-01
4.970000e-05	5.963190e-04	-5.033585e-01
4.971000e-05	-6.024236e-04	-8.099740e-01
4.972000e-05	1.149193e-03	-1.060233e+00
4.973000e-05	-2.691778e-04	-1.365561e+00
4.974000e-05	-1.409787e-03	-1.601554e+00
4.975000e-05	1.204460e-02	-1.861679e+00
4.976000e-05	5.829699e-02	-2.032732e+00
4.977000e-05	7.578912e-02	-2.398624e+00
4.978000e-05	-1.093390e-01	-2.757074e+00
4.979000e-05	1.882548e-02	-3.145468e+00
4.980000e-05	-4.823309e-02	-3.409100e+00
4.981000e-05	-2.241501e-02	-3.597025e+00
4.982000e-05	-7.877948e-02	-3.829129e+00
4.983000e-05	2.116616e-01	-3.989550e+00
4.984000e-05	-1.539013e-01	-4.292412e+00
4.985000e-05	9.936401e-02	-4.536341e+00
4.986000e-05	2.946882e-02	-4.818126e+00
4.987000e-05	-1.313578e-01	-5.122761e+00
4.988000e-05	1.754328e-01	-5.365974e+00
4.989000e-05	-1.549227e-01	-5.671360e+00
4.990000e-05	1.216288e-01	-5.925895e+00
4.991000e-05	1.540759e-03	-6.217108e+00
4.992000e-05	-7.371049e-02	-6.513896e+00
4.993000e-05	1.212849e-01	-6.745472e+00
4.994000e-05	-1.308679e-01	-7.090161e+00
4.995000e-05	1.232579e-01	-7.303470e+00
4.996000e-05	-8.997228e-02	-7.564548e+00
4.997000e-05	6.031618e-02	-7.880815e+00
4.998000e-05	4.656345e-02	-8.123887e+00
4.999000e-05	-6.622897e-02	-8.386001e+00
