# 260406_15:28:39.713190
t	CH1	CH2
0.000000e+00	-7.459178e-03	2.294711e+00
1.000000e-08	-7.559415e-03	2.053032e+00
2.000000e-08	-8.042632e-03	1.777330e+00
3.000000e-08	-6.198320e-03	1.451608e+00
4.000000e-08	-6.388080e-03	1.188870e+00
5.000000e-08	-6.083063e-03	8.515790e-01
6.000000e-08	-6.121683e-03	5.877948e-01
7.000000e-08	-4.976313e-03	2.852057e-01
8.000000e-08	-3.572958e-03	-2.960252e-02
9.000000e-08	5.304136e-03	-2.642345e-01
1.000000e-07	4.752520e-04	-4.877882e-01
1.100000e-07	-6.675492e-04	-7.809987e-01
1.200000e-07	1.575517e-04	-1.064034e+00
1.300000e-07	4.716235e-04	-1.307892e+00
1.400000e-07	-7.717829e-04	-1.642553e+00
1.500000e-07	1.349797e-02	-1.844084e+00
1.600000e-07	6.342755e-02	-2.052557e+00
1.700000e-07	7.356946e-02	-2.431949e+00
1.800000e-07	-1.125661e-01	-2.779953e+00
1.900000e-07	2.248152e-02	-3.119324e+00
2.000000e-07	-4.984910e-02	-3.390927e+00
2.100000e-07	-2.526302e-02	-3.598403e+00
2.200000e-07	-6.747906e-02	-3.760879e+00
2.300000e-07	2.118857e-01	-4.000875e+00
2.400000e-07	-1.719034e-01	-4.273611e+00
2.500000e-07	1.116126e-01	-4.508195e+00
2.600000e-07	1.134550e-02	-4.800825e+00
2.700000e-07	-1.196311e-01	-5.096190e+00
2.800000e-07	1.792185e-01	-5.309675e+00
2.900000e-07	-1.582277e-01	-5.657088e+00
3.000000e-07	1.338162e-01	-5.906272e+00
3.100000e-07	-6.524376e-03	-6.159326e+00
3.200000e-07	-7.432159e-02	-6.507591e+00
3.300000e-07	1.208538e-01	-6.757770e+00
3.400000e-07	-1.297399e-01	-7.013434e+00
3.500000e-07	1.305111e-01	-7.297065e+00
3.600000e-07	-9.008893e-02	-7.508800e+00
3.700000e-07	6.632207e-02	-7.864388e+00
3.800000e-07	3.923695e-02	-8.067589e+00
3.900000e-07	-6.617371e-02	-8.359254e+00
4.000000e-07	1.127499e-01	-8.548726e+00
4.100000e-07	-9.255915e-02	-8.866412e+00
4.200000e-07	8.448967e-02	-9.042989e+00
4.300000e-07	-5.431755e-02	-9.244966e+00
4.400000e-07	5.935222e-02	-9.487021e+00
4.500000e-07	1.375721e-02	-9.698124e+00
4.600000e-07	-6.463361e-03	-9.929177e+00
4.700000e-07	3.017507e-02	-1.011665e+01
4.800000e-07	-2.519953e-02	-1.036171e+01
4.900000e-07	6.812008e-02	-1.051115e+01
5.000000e-07	-3.357676e-02	-1.075018e+01
5.100000e-07	6.121007e-02	-1.089807e+01
5.200000e-07	-1.843760e-02	-1.115105e+01
5.300000e-07	3.689481e-02	-1.134007e+01
5.400000e-07	-1.590022e-02	-1.152810e+01
5.500000e-07	4.184360e-02	-1.170858e+01
5.600000e-07	1.610120e-02	-1.187952e+01
5.700000e-07	1.493456e-02	-1.210965e+01
5.800000e-07	1.636650e-02	-1.225594e+01
5.900000e-07	1.963685e-02	-1.244594e+01
6.000000e-07	3.146786e-02	-1.256374e+01
6.100000e-07	1.142897e-03	-1.277169e+01
6.200000e-07	3.375456e-02	-1.291965e+01
6.300000e-07	1.138944e-02	-1.305602e+01
6.400000e-07	3.250035e-02	-1.320476e+01
6.500000e-07	7.349799e-03	-1.333017e+01
6.600000e-07	4.041741e-02	-1.345742e+01
6.700000e-07	2.027132e-02	-1.366629e+01
6.800000e-07	2.714817e-02	-1.373218e+01
6.900000e-07	2.046586e-02	-1.383735e+01
7.000000e-07	3.585786e-02	-1.402421e+01
7.100000e-07	2.856172e-02	-1.408057e+01
7.200000e-07	2.537095e-02	-1.420579e+01
7.300000e-07	2.988751e-02	-1.433051e+01
7.400000e-07	3.115818e-02	-1.442534e+01
7.500000e-07	3.521827e-02	-1.456013e+01
7.600000e-07	3.565290e-02	-1.460329e+01
7.700000e-07	3.908006e-02	-1.465642e+01
7.800000e-07	3.421643e-02	-1.473098e+01
7.900000e-07	3.493865e-02	-1.480368e+01
8.000000e-07	3.884790e-02	-1.485540e+01
8.100000e-07	4.224393e-02	-1.485853e+01
8.200000e-07	3.937802e-02	-1.491110e+01
8.300000e-07	4.343922e-02	-1.495116e+01
8.400000e-07	4.422007e-02	-1.502469e+01
8.500000e-07	4.715600e-02	-1.504429e+01
8.600000e-07	4.733875e-02	-1.508774e+01
8.700000e-07	5.179260e-02	-1.507942e+01
8.800000e-07	5.383578e-02	-1.514042e+01
8.900000e-07	5.353019e-02	-1.515206e+01
9.000000e-07	5.586328e-02	-1.515248e+01
9.100000e-07	5.850234e-02	-1.516148e+01
9.200000e-07	5.912260e-02	-1.514058e+01
9.300000e-07	6.031359e-02	-1.513998e+01
9.400000e-07	6.509243e-02	-1.513048e+01
9.500000e-07	6.924532e-02	-1.509948e+01
9.600000e-07	7.092092e-02	-1.506887e+01
9.700000e-07	7.519089e-02	-1.502679e+01
9.800000e-07	7.953043e-02	-1.503621e+01
9.900000e-07	8.431503e-02	-1.500216e+01
1.000000e-06	9.073249e-02	-1.494010e+01
1.010000e-06	9.675008e-02	-1.489985e+01
1.020000e-06	1.021052e-01	-1.483537e+01
1.030000e-06	1.033258e-01	-1.477156e+01
1.040000e-06	1.055743e-01	-1.466748e+01
1.050000e-06	1.044289e-01	-1.462277e+01
1.060000e-06	1.008860e-01	-1.453970e+01
1.070000e-06	9.505366e-02	-1.447437e+01
1.080000e-06	9.025437e-02	-1.435195e+01
1.090000e-06	8.547486e-02	-1.422482e+01
1.100000e-06	7.854909e-02	-1.412000e+01
1.110000e-06	7.064156e-02	-1.399324e+01
1.120000e-06	6.620014e-02	-1.390735e+01
1.130000e-06	6.131382e-02	-1.375168e+01
1.140000e-06	5.623700e-02	-1.365637e+01
1.150000e-06	5.299752e-02	-1.350942e+01
1.160000e-06	4.915797e-02	-1.337113e+01
1.170000e-06	4.544154e-02	-1.324687e+01
1.180000e-06	4.132443e-02	-1.311753e+01
1.190000e-06	3.768227e-02	-1.299173e+01
1.200000e-06	3.632625e-02	-1.283481e+01
1.210000e-06	3.534155e-02	-1.271684e+01
1.220000e-06	3.311937e-02	-1.256962e+01
1.230000e-06	3.019807e-02	-1.238121e+01
1.240000e-06	2.783926e-02	-1.221381e+01
1.250000e-06	2.746832e-02	-1.206537e+01
1.260000e-06	2.554533e-02	-1.183429e+01
1.270000e-06	2.379720e-02	-1.167527e+01
1.280000e-06	2.270917e-02	-1.149567e+01
1.290000e-06	2.241387e-02	-1.126281e+01
1.300000e-06	2.036158e-02	-1.098528e+01
1.310000e-06	1.835041e-02	-1.085334e+01
1.320000e-06	1.794444e-02	-1.067439e+01
1.330000e-06	1.832349e-02	-1.047344e+01
1.340000e-06	1.691032e-02	-1.022334e+01
1.350000e-06	1.565405e-02	-1.000183e+01
1.360000e-06	1.446222e-02	-9.800809e+00
1.370000e-06	1.442299e-02	-9.601805e+00
1.380000e-06	1.210060e-02	-9.361128e+00
1.390000e-06	1.097319e-02	-9.127675e+00
1.400000e-06	1.036320e-02	-8.928671e+00
1.410000e-06	1.015492e-02	-8.705492e+00
1.420000e-06	1.004353e-02	-8.403863e+00
1.430000e-06	9.285449e-03	-8.241383e+00
1.440000e-06	8.266576e-03	-7.970771e+00
1.450000e-06	8.321689e-03	-7.705916e+00
1.460000e-06	7.248394e-03	-7.444413e+00
1.470000e-06	5.300213e-03	-7.203357e+00
1.480000e-06	5.273538e-03	-6.947672e+00
1.490000e-06	4.871266e-03	-6.705541e+00
1.500000e-06	5.762463e-03	-6.483486e+00
1.510000e-06	3.764055e-03	-6.168851e+00
1.520000e-06	4.213027e-03	-5.937643e+00
1.530000e-06	4.095338e-03	-5.695510e+00
1.540000e-06	3.835927e-03	-5.428354e+00
1.550000e-06	3.100867e-03	-5.116143e+00
1.560000e-06	9.984450e-04	-4.780708e+00
1.570000e-06	3.124738e-03	-4.477717e+00
1.580000e-06	1.909422e-03	-4.293539e+00
1.590000e-06	1.863501e-03	-4.041483e+00
1.600000e-06	2.554018e-04	-3.757768e+00
1.610000e-06	-5.785060e-04	-3.492512e+00
1.620000e-06	5.363237e-04	-3.198975e+00
1.630000e-06	-2.232842e-03	-2.923634e+00
1.640000e-06	1.784429e-05	-2.630975e+00
1.650000e-06	-2.601995e-03	-2.398870e+00
1.660000e-06	-3.606436e-04	-2.041981e+00
1.670000e-06	-4.057896e-03	-1.820897e+00
1.680000e-06	-1.081744e-03	-1.486238e+00
1.690000e-06	-4.354618e-03	-1.168322e+00
1.700000e-06	-1.455615e-03	-8.922080e-01
1.710000e-06	-5.431125e-03	-5.593961e-01
1.720000e-06	-2.634165e-03	-3.552619e-01
1.730000e-06	-4.086646e-03	-7.907776e-02
1.740000e-06	3.629020e-03	1.937118e-01
1.750000e-06	3.702570e-03	4.862932e-01
1.760000e-06	-4.399827e-03	7.484198e-01
1.770000e-06	2.715035e-03	1.013581e+00
1.780000e-06	-5.027898e-03	1.308313e+00
1.790000e-06	-4.514990e-04	1.562658e+00
1.800000e-06	-4.558028e-03	1.874212e+00
1.810000e-06	1.980484e-02	2.074711e+00
1.820000e-06	6.266084e-02	2.308946e+00
1.830000e-06	3.822762e-02	2.675742e+00
1.840000e-06	-9.688448e-02	2.970328e+00
1.850000e-06	-1.008574e-02	3.263067e+00
1.860000e-06	-3.622513e-02	3.559905e+00
1.870000e-06	-2.196129e-02	3.808935e+00
1.880000e-06	-6.265866e-02	4.051526e+00
1.890000e-06	1.052926e-01	4.152409e+00
1.900000e-06	6.901686e-03	4.507769e+00
1.910000e-06	-1.231617e-01	4.709821e+00
1.920000e-06	1.767222e-01	5.003038e+00
1.930000e-06	-1.633991e-01	5.348953e+00
1.940000e-06	6.986089e-02	5.662531e+00
1.950000e-06	-1.948335e-02	5.909745e+00
1.960000e-06	-9.867557e-03	6.151275e+00
1.970000e-06	1.877317e-02	6.450939e+00
1.980000e-06	-5.243124e-02	6.707672e+00
1.990000e-06	3.171704e-02	6.950752e+00
2.000000e-06	-4.377735e-02	7.224563e+00
2.010000e-06	1.961378e-03	7.521599e+00
2.020000e-06	-2.710480e-02	7.770206e+00
2.030000e-06	-5.213180e-03	8.048140e+00
2.040000e-06	3.601368e-02	8.299745e+00
2.050000e-06	-5.429135e-02	8.518722e+00
2.060000e-06	8.404480e-03	8.761754e+00
2.070000e-06	-1.554500e-02	8.944311e+00
2.080000e-06	-2.058769e-02	9.233388e+00
2.090000e-06	-1.473854e-02	9.465489e+00
2.100000e-06	-1.846128e-02	9.684971e+00
2.110000e-06	4.751621e-03	9.868575e+00
2.120000e-06	-2.651416e-02	1.014912e+01
2.130000e-06	-1.798390e-02	1.030912e+01
2.140000e-06	-2.118562e-02	1.049860e+01
2.150000e-06	-3.357400e-03	1.067063e+01
2.160000e-06	-1.891367e-02	1.086863e+01
2.170000e-06	-2.546253e-02	1.109867e+01
2.180000e-06	-7.267699e-03	1.129757e+01
2.190000e-06	-1.901784e-02	1.153002e+01
2.200000e-06	-2.567646e-02	1.170063e+01
2.210000e-06	-2.344941e-02	1.191950e+01
2.220000e-06	-9.475622e-03	1.204597e+01
2.230000e-06	-2.224167e-02	1.223439e+01
2.240000e-06	-2.881014e-02	1.242446e+01
2.250000e-06	-1.858899e-02	1.258224e+01
2.260000e-06	-2.046631e-02	1.273916e+01
2.270000e-06	-2.724985e-02	1.287862e+01
2.280000e-06	-3.123291e-02	1.301479e+01
2.290000e-06	-2.114849e-02	1.322529e+01
2.300000e-06	-2.542364e-02	1.332965e+01
2.310000e-06	-3.361760e-02	1.350705e+01
2.320000e-06	-2.538776e-02	1.363324e+01
2.330000e-06	-2.581598e-02	1.373108e+01
2.340000e-06	-2.912967e-02	1.388233e+01
2.350000e-06	-3.786556e-02	1.400532e+01
2.360000e-06	-2.826894e-02	1.419116e+01
2.370000e-06	-3.243651e-02	1.426742e+01
2.380000e-06	-3.637947e-02	1.435414e+01
2.390000e-06	-3.612602e-02	1.447590e+01
2.400000e-06	-3.714646e-02	1.458366e+01
2.410000e-06	-3.777807e-02	1.465537e+01
2.420000e-06	-4.129998e-02	1.468008e+01
2.430000e-06	-3.534965e-02	1.475274e+01
2.440000e-06	-4.309477e-02	1.482492e+01
2.450000e-06	-4.373392e-02	1.487803e+01
2.460000e-06	-4.738392e-02	1.492103e+01
2.470000e-06	-4.497377e-02	1.499321e+01
2.480000e-06	-4.810024e-02	1.501529e+01
2.490000e-06	-5.236765e-02	1.506838e+01
2.500000e-06	-4.996823e-02	1.508093e+01
2.510000e-06	-5.615302e-02	1.508903e+01
2.520000e-06	-5.561189e-02	1.514208e+01
2.530000e-06	-5.751635e-02	1.514267e+01
2.540000e-06	-5.531348e-02	1.516419e+01
2.550000e-06	-5.955193e-02	1.519567e+01
2.560000e-06	-6.356501e-02	1.520529e+01
2.570000e-06	-6.691293e-02	1.518424e+01
2.580000e-06	-6.812323e-02	1.523529e+01
2.590000e-06	-7.024844e-02	1.517474e+01
2.600000e-06	-7.425005e-02	1.514414e+01
2.610000e-06	-7.487265e-02	1.516098e+01
2.620000e-06	-8.154759e-02	1.513106e+01
2.630000e-06	-8.324170e-02	1.505936e+01
2.640000e-06	-8.921994e-02	1.508887e+01
2.650000e-06	-9.369954e-02	1.500477e+01
2.660000e-06	-1.009617e-01	1.498213e+01
2.670000e-06	-1.056965e-01	1.486957e+01
2.680000e-06	-1.087975e-01	1.483492e+01
2.690000e-06	-1.128862e-01	1.476326e+01
2.700000e-06	-1.099114e-01	1.471947e+01
2.710000e-06	-1.095695e-01	1.463529e+01
2.720000e-06	-1.030749e-01	1.452161e+01
2.730000e-06	-9.935946e-02	1.440480e+01
2.740000e-06	-8.944424e-02	1.435058e+01
2.750000e-06	-8.485949e-02	1.424484e+01
2.760000e-06	-7.891077e-02	1.410108e+01
2.770000e-06	-7.588706e-02	1.402436e+01
2.780000e-06	-6.991685e-02	1.384839e+01
2.790000e-06	-6.533840e-02	1.377164e+01
2.800000e-06	-6.023552e-02	1.362374e+01
2.810000e-06	-5.721273e-02	1.345700e+01
2.820000e-06	-5.149595e-02	1.338063e+01
2.830000e-06	-5.112383e-02	1.320441e+01
2.840000e-06	-4.641770e-02	1.306792e+01
2.850000e-06	-4.657342e-02	1.292950e+01
2.860000e-06	-4.220294e-02	1.280266e+01
2.870000e-06	-4.174946e-02	1.266386e+01
2.880000e-06	-3.700453e-02	1.249803e+01
2.890000e-06	-3.741706e-02	1.230955e+01
2.900000e-06	-3.428473e-02	1.215121e+01
2.910000e-06	-3.502456e-02	1.196164e+01
2.920000e-06	-3.080796e-02	1.179331e+01
2.930000e-06	-3.106603e-02	1.158271e+01
2.940000e-06	-3.032063e-02	1.140368e+01
2.950000e-06	-2.822130e-02	1.119129e+01
2.960000e-06	-2.726001e-02	1.098233e+01
2.970000e-06	-2.630626e-02	1.083088e+01
2.980000e-06	-2.692947e-02	1.063423e+01
2.990000e-06	-2.437796e-02	1.038079e+01
3.000000e-06	-2.322330e-02	1.017223e+01
3.010000e-06	-2.274003e-02	9.969725e+00
3.020000e-06	-2.227390e-02	9.746528e+00
3.030000e-06	-2.064301e-02	9.496568e+00
3.040000e-06	-2.054849e-02	9.286617e+00
3.050000e-06	-2.135088e-02	9.043862e+00
3.060000e-06	-1.969259e-02	8.803807e+00
3.070000e-06	-1.976737e-02	8.601229e+00
3.080000e-06	-1.832130e-02	8.359803e+00
3.090000e-06	-1.835051e-02	8.076551e+00
3.100000e-06	-1.664915e-02	7.884988e+00
3.110000e-06	-1.733580e-02	7.652362e+00
3.120000e-06	-1.629610e-02	7.337754e+00
3.130000e-06	-1.606874e-02	7.106040e+00
3.140000e-06	-1.490789e-02	6.853487e+00
3.150000e-06	-1.391024e-02	6.580831e+00
3.160000e-06	-1.418753e-02	6.337294e+00
3.170000e-06	-1.386861e-02	6.106118e+00
3.180000e-06	-1.339216e-02	5.843507e+00
3.190000e-06	-1.379606e-02	5.588824e+00
3.200000e-06	-1.262548e-02	5.297293e+00
3.210000e-06	-1.177892e-02	4.969875e+00
3.220000e-06	-1.142784e-02	4.707167e+00
3.230000e-06	-1.039893e-02	4.472084e+00
3.240000e-06	-1.123117e-02	4.149721e+00
3.250000e-06	-1.013127e-02	3.865089e+00
3.260000e-06	-9.728984e-03	3.619983e+00
3.270000e-06	-1.047384e-02	3.348195e+00
3.280000e-06	-9.377602e-03	3.082561e+00
3.290000e-06	-8.429166e-03	2.830480e+00
3.300000e-06	-7.611871e-03	2.532861e+00
3.310000e-06	-7.894702e-03	2.190926e+00
3.320000e-06	-7.955289e-03	1.976917e+00
3.330000e-06	-6.251417e-03	1.693559e+00
3.340000e-06	-7.031836e-03	1.317820e+00
3.350000e-06	-6.925837e-03	1.060062e+00
3.360000e-06	-5.688949e-03	7.283934e-01
3.370000e-06	-5.130554e-03	4.932066e-01
3.380000e-06	-3.757513e-03	1.874711e-01
3.390000e-06	-3.070752e-03	-1.258157e-01
3.400000e-06	9.770306e-03	-3.873710e-01
3.410000e-06	-5.718636e-03	-6.205302e-01
3.420000e-06	6.126703e-03	-8.962130e-01
3.430000e-06	-5.712670e-03	-1.137920e+00
3.440000e-06	4.508742e-03	-1.454709e+00
3.450000e-06	-4.189970e-03	-1.684686e+00
3.460000e-06	2.861041e-02	-1.936770e+00
3.470000e-06	9.014160e-02	-2.129392e+00
3.480000e-06	-1.577526e-03	-2.548793e+00
3.490000e-06	-7.910644e-02	-2.917292e+00
3.500000e-06	1.246669e-02	-3.233109e+00
3.510000e-06	-3.898883e-02	-3.443586e+00
3.520000e-06	-6.587918e-02	-3.644039e+00
3.530000e-06	4.188530e-02	-3.856038e+00
3.540000e-06	1.382129e-01	-4.054684e+00
3.550000e-06	-1.962803e-01	-4.369375e+00
3.560000e-06	2.114161e-01	-4.549826e+00
3.570000e-06	-1.465027e-01	-4.906117e+00
3.580000e-06	4.070058e-02	-5.169355e+00
3.590000e-06	7.536877e-02	-5.475438e+00
3.600000e-06	-1.249052e-01	-5.779277e+00
3.610000e-06	1.831596e-01	-6.041327e+00
3.620000e-06	-1.263286e-01	-6.285092e+00
3.630000e-06	5.064695e-02	-6.568851e+00
3.640000e-06	2.074068e-02	-6.781935e+00
3.650000e-06	-6.572253e-02	-7.149680e+00
3.660000e-06	1.174677e-01	-7.340304e+00
3.670000e-06	-1.238229e-01	-7.624542e+00
3.680000e-06	1.481985e-01	-7.898675e+00
3.690000e-06	-7.277279e-02	-8.161305e+00
3.700000e-06	3.639886e-02	-8.431912e+00
3.710000e-06	4.028060e-02	-8.625412e+00
3.720000e-06	-5.430208e-02	-8.918600e+00
3.730000e-06	7.598252e-02	-9.087121e+00
3.740000e-06	-7.095701e-02	-9.308572e+00
3.750000e-06	1.030282e-01	-9.640658e+00
3.760000e-06	-4.340033e-02	-9.802279e+00
3.770000e-06	4.617182e-02	-9.972888e+00
3.780000e-06	-2.183021e-02	-1.013268e+01
3.790000e-06	2.665102e-02	-1.045594e+01
3.800000e-06	2.787577e-02	-1.060336e+01
3.810000e-06	-7.969297e-03	-1.080218e+01
3.820000e-06	4.702491e-02	-1.093381e+01
3.830000e-06	-1.404921e-02	-1.121476e+01
3.840000e-06	3.766410e-02	-1.139281e+01
3.850000e-06	-1.863913e-02	-1.157228e+01
3.860000e-06	5.601140e-02	-1.176116e+01
3.870000e-06	-3.944202e-03	-1.197271e+01
3.880000e-06	3.305429e-02	-1.218118e+01
3.890000e-06	2.738804e-04	-1.231010e+01
3.900000e-06	3.657783e-02	-1.249650e+01
3.910000e-06	1.089242e-02	-1.261774e+01
3.920000e-06	1.769304e-02	-1.285532e+01
3.930000e-06	2.477470e-02	-1.295116e+01
3.940000e-06	2.061050e-02	-1.310050e+01
3.950000e-06	2.612256e-02	-1.327545e+01
3.960000e-06	1.489505e-02	-1.339369e+01
3.970000e-06	3.827300e-02	-1.355308e+01
3.980000e-06	1.747792e-02	-1.365642e+01
3.990000e-06	2.914137e-02	-1.379319e+01
4.000000e-06	2.022884e-02	-1.395006e+01
4.010000e-06	3.779238e-02	-1.403534e+01
4.020000e-06	2.233309e-02	-1.413203e+01
4.030000e-06	3.209249e-02	-1.427872e+01
4.040000e-06	3.056903e-02	-1.439163e+01
4.050000e-06	3.442659e-02	-1.446742e+01
4.060000e-06	3.204897e-02	-1.453163e+01
4.070000e-06	3.528097e-02	-1.463329e+01
4.080000e-06	3.932393e-02	-1.470697e+01
4.090000e-06	3.492478e-02	-1.473111e+01
4.100000e-06	3.641803e-02	-1.480376e+01
4.110000e-06	4.037516e-02	-1.482634e+01
4.120000e-06	4.188172e-02	-1.491740e+01
4.130000e-06	4.159363e-02	-1.495108e+01
4.140000e-06	4.372765e-02	-1.502369e+01
4.150000e-06	4.563549e-02	-1.500374e+01
4.160000e-06	4.748971e-02	-1.505727e+01
4.170000e-06	4.740966e-02	-1.506730e+01
4.180000e-06	5.247233e-02	-1.512000e+01
4.190000e-06	5.324543e-02	-1.514041e+01
4.200000e-06	5.525079e-02	-1.514898e+01
4.210000e-06	5.711012e-02	-1.514093e+01
4.220000e-06	5.849729e-02	-1.516154e+01
4.230000e-06	5.915541e-02	-1.516003e+01
4.240000e-06	6.242519e-02	-1.514053e+01
4.250000e-06	6.728295e-02	-1.513045e+01
4.260000e-06	6.876034e-02	-1.508888e+01
4.270000e-06	7.198232e-02	-1.505842e+01
4.280000e-06	7.675789e-02	-1.503729e+01
4.290000e-06	8.242742e-02	-1.501519e+01
4.300000e-06	8.663965e-02	-1.499263e+01
4.310000e-06	9.264833e-02	-1.493898e+01
4.320000e-06	9.894427e-02	-1.484640e+01
4.330000e-06	1.019564e-01	-1.482423e+01
4.340000e-06	1.046640e-01	-1.474951e+01
4.350000e-06	1.059042e-01	-1.465693e+01
4.360000e-06	1.038167e-01	-1.458306e+01
4.370000e-06	9.926501e-02	-1.451750e+01
4.380000e-06	9.520078e-02	-1.445319e+01
4.390000e-06	8.595900e-02	-1.432693e+01
4.400000e-06	8.277017e-02	-1.420511e+01
4.410000e-06	7.497852e-02	-1.406785e+01
4.420000e-06	7.136960e-02	-1.393361e+01
4.430000e-06	6.555168e-02	-1.386532e+01
4.440000e-06	5.934798e-02	-1.374953e+01
4.450000e-06	5.615863e-02	-1.359229e+01
4.460000e-06	4.990766e-02	-1.344682e+01
4.470000e-06	4.799951e-02	-1.335963e+01
4.480000e-06	4.224915e-02	-1.320371e+01
4.490000e-06	4.182364e-02	-1.307640e+01
4.500000e-06	3.739730e-02	-1.295002e+01
4.510000e-06	3.538211e-02	-1.280983e+01
4.520000e-06	3.322355e-02	-1.261576e+01
4.530000e-06	3.272950e-02	-1.252555e+01
4.540000e-06	2.899971e-02	-1.231816e+01
4.550000e-06	2.739921e-02	-1.214960e+01
4.560000e-06	2.694450e-02	-1.197976e+01
4.570000e-06	2.609260e-02	-1.177216e+01
4.580000e-06	2.289544e-02	-1.163273e+01
4.590000e-06	2.243422e-02	-1.137113e+01
4.600000e-06	2.044545e-02	-1.117050e+01
4.610000e-06	2.024885e-02	-1.096918e+01
4.620000e-06	1.907331e-02	-1.075023e+01
4.630000e-06	1.826914e-02	-1.057181e+01
4.640000e-06	1.861300e-02	-1.040060e+01
4.650000e-06	1.553646e-02	-1.018873e+01
4.660000e-06	1.516887e-02	-9.938547e+00
4.670000e-06	1.350153e-02	-9.738696e+00
4.680000e-06	1.328194e-02	-9.518498e+00
4.690000e-06	1.204179e-02	-9.316494e+00
4.700000e-06	1.177388e-02	-9.062013e+00
4.710000e-06	1.103088e-02	-8.882038e+00
4.720000e-06	9.694250e-03	-8.609328e+00
4.730000e-06	9.132384e-03	-8.351777e+00
4.740000e-06	8.948036e-03	-8.157697e+00
4.750000e-06	8.656547e-03	-7.905916e+00
4.760000e-06	6.482355e-03	-7.611856e+00
4.770000e-06	7.314173e-03	-7.337700e+00
4.780000e-06	5.939733e-03	-7.147723e+00
4.790000e-06	6.293263e-03	-6.854034e+00
4.800000e-06	4.194515e-03	-6.621283e+00
4.810000e-06	4.829102e-03	-6.417255e+00
4.820000e-06	3.590270e-03	-6.093038e+00
4.830000e-06	4.618565e-03	-5.833285e+00
4.840000e-06	3.059704e-03	-5.610954e+00
4.850000e-06	4.056423e-03	-5.305090e+00
4.860000e-06	2.517931e-03	-5.011801e+00
4.870000e-06	2.267336e-03	-4.672485e+00
4.880000e-06	7.688783e-04	-4.443006e+00
4.890000e-06	3.087791e-03	-4.230929e+00
4.900000e-06	1.065430e-03	-3.937713e+00
4.910000e-06	2.431066e-03	-3.663482e+00
4.920000e-06	-1.313958e-03	-3.400299e+00
4.930000e-06	7.856583e-04	-3.144693e+00
4.940000e-06	-3.238853e-03	-2.799453e+00
4.950000e-06	1.142057e-03	-2.537242e+00
4.960000e-06	-2.216487e-03	-2.253533e+00
4.970000e-06	-2.487136e-04	-1.977873e+00
4.980000e-06	-3.551523e-03	-1.715063e+00
4.990000e-06	-1.925865e-03	-1.388448e+00
5.000000e-06	-3.700024e-03	-1.092205e+00
5.010000e-06	-2.814240e-03	-8.289711e-01
5.020000e-06	-5.546197e-03	-4.755854e-01
5.030000e-06	-3.793225e-03	-2.400302e-01
5.040000e-06	-2.381062e-03	3.115664e-02
5.050000e-06	8.025764e-03	3.468909e-01
5.060000e-06	-3.567530e-03	5.814735e-01
5.070000e-06	1.450814e-03	8.305801e-01
5.080000e-06	-3.361201e-03	1.106916e+00
5.090000e-06	-8.523974e-04	1.389481e+00
5.100000e-06	-4.958241e-03	1.735293e+00
5.110000e-06	4.708204e-03	1.947945e+00
5.120000e-06	2.433957e-02	2.161349e+00
5.130000e-06	8.607991e-02	2.432656e+00
5.140000e-06	-3.390301e-02	2.798978e+00
5.150000e-06	-6.246402e-02	3.054215e+00
5.160000e-06	-2.244151e-02	3.300750e+00
5.170000e-06	-1.455050e-02	3.604534e+00
5.180000e-06	-5.983448e-02	3.853743e+00
5.190000e-06	-1.152168e-02	4.023117e+00
5.200000e-06	1.263583e-01	4.347270e+00
5.210000e-06	-1.019697e-01	4.581983e+00
5.220000e-06	6.728892e-03	4.805442e+00
5.230000e-06	8.777472e-02	5.171357e+00
5.240000e-06	-1.454540e-01	5.475061e+00
5.250000e-06	1.019815e-01	5.668670e+00
5.260000e-06	-6.297078e-02	5.992383e+00
5.270000e-06	2.959060e-02	6.214061e+00
5.280000e-06	-1.490803e-02	6.488196e+00
5.290000e-06	-3.251212e-02	6.811983e+00
5.300000e-06	2.748943e-02	7.054613e+00
5.310000e-06	-5.641138e-02	7.369252e+00
5.320000e-06	2.321901e-02	7.644984e+00
5.330000e-06	-5.374091e-02	7.875568e+00
5.340000e-06	3.757535e-02	8.171751e+00
5.350000e-06	-5.172155e-03	8.391908e+00
5.360000e-06	-4.529481e-02	8.572856e+00
5.370000e-06	2.285267e-02	8.852943e+00
5.380000e-06	-4.018926e-02	9.016596e+00
5.390000e-06	7.800543e-03	9.307572e+00
5.400000e-06	-4.068675e-02	9.527625e+00
5.410000e-06	1.498490e-02	9.710627e+00
5.420000e-06	-2.568527e-02	9.980834e+00
5.430000e-06	-1.427355e-02	1.013081e+01
5.440000e-06	-2.745093e-02	1.035386e+01
5.450000e-06	-1.047674e-02	1.058371e+01
5.460000e-06	-2.031894e-03	1.081329e+01
5.470000e-06	-3.106630e-02	1.096223e+01
5.480000e-06	-1.002758e-02	1.116274e+01
5.490000e-06	-1.860017e-02	1.133911e+01
5.500000e-06	-1.096336e-02	1.157374e+01
5.510000e-06	-3.807210e-02	1.177369e+01
5.520000e-06	-6.400301e-03	1.193063e+01
5.530000e-06	-1.768112e-02	1.211013e+01
5.540000e-06	-2.117688e-02	1.229903e+01
5.550000e-06	-3.099082e-02	1.246652e+01
5.560000e-06	-1.785025e-02	1.263689e+01
5.570000e-06	-2.016417e-02	1.275424e+01
5.580000e-06	-3.485617e-02	1.289913e+01
5.590000e-06	-2.206473e-02	1.306893e+01
5.600000e-06	-2.533836e-02	1.325657e+01
5.610000e-06	-2.303218e-02	1.341423e+01
5.620000e-06	-3.756382e-02	1.355161e+01
5.630000e-06	-2.104501e-02	1.368842e+01
5.640000e-06	-2.914827e-02	1.377366e+01
5.650000e-06	-3.114566e-02	1.391143e+01
5.660000e-06	-3.558714e-02	1.404630e+01
5.670000e-06	-3.032160e-02	1.423419e+01
5.680000e-06	-3.218684e-02	1.426853e+01
5.690000e-06	-3.815720e-02	1.437322e+01
5.700000e-06	-3.169433e-02	1.450807e+01
5.710000e-06	-3.910621e-02	1.460326e+01
5.720000e-06	-3.629429e-02	1.469595e+01
5.730000e-06	-4.191631e-02	1.476108e+01
5.740000e-06	-3.646335e-02	1.479429e+01
5.750000e-06	-4.477204e-02	1.485642e+01
5.760000e-06	-4.520793e-02	1.488008e+01
5.770000e-06	-4.565364e-02	1.493166e+01
5.780000e-06	-4.714885e-02	1.500374e+01
5.790000e-06	-4.844084e-02	1.507529e+01
5.800000e-06	-5.257782e-02	1.508890e+01
5.810000e-06	-4.917754e-02	1.507000e+01
5.820000e-06	-5.629117e-02	1.510058e+01
5.830000e-06	-5.574472e-02	1.515354e+01
5.840000e-06	-5.773797e-02	1.517214e+01
5.850000e-06	-5.756962e-02	1.520266e+01
5.860000e-06	-6.176603e-02	1.520572e+01
5.870000e-06	-6.504563e-02	1.520522e+01
5.880000e-06	-6.556212e-02	1.522474e+01
5.890000e-06	-6.911010e-02	1.516366e+01
5.900000e-06	-7.072684e-02	1.521516e+01
5.910000e-06	-7.469787e-02	1.516358e+01
5.920000e-06	-7.675413e-02	1.514451e+01
5.930000e-06	-8.339017e-02	1.510006e+01
5.940000e-06	-8.472109e-02	1.508835e+01
5.950000e-06	-9.037647e-02	1.502632e+01
5.960000e-06	-9.802925e-02	1.500427e+01
5.970000e-06	-1.029670e-01	1.495208e+01
5.980000e-06	-1.079032e-01	1.487797e+01
5.990000e-06	-1.091939e-01	1.483539e+01
6.000000e-06	-1.131645e-01	1.473218e+01
6.010000e-06	-1.089568e-01	1.469745e+01
6.020000e-06	-1.073289e-01	1.459519e+01
6.030000e-06	-1.017783e-01	1.449902e+01
6.040000e-06	-9.780966e-02	1.441519e+01
6.050000e-06	-8.875807e-02	1.430850e+01
6.060000e-06	-8.401807e-02	1.422324e+01
6.070000e-06	-7.778968e-02	1.411838e+01
6.080000e-06	-7.420825e-02	1.395008e+01
6.090000e-06	-6.695487e-02	1.380572e+01
6.100000e-06	-6.333879e-02	1.371750e+01
6.110000e-06	-5.875304e-02	1.359264e+01
6.120000e-06	-5.607918e-02	1.342485e+01
6.130000e-06	-5.089633e-02	1.333900e+01
6.140000e-06	-4.990179e-02	1.317273e+01
6.150000e-06	-4.553923e-02	1.301539e+01
6.160000e-06	-4.449047e-02	1.292595e+01
6.170000e-06	-4.089889e-02	1.273003e+01
6.180000e-06	-4.029276e-02	1.259270e+01
6.190000e-06	-3.760355e-02	1.243387e+01
6.200000e-06	-3.649994e-02	1.223492e+01
6.210000e-06	-3.485702e-02	1.208797e+01
6.220000e-06	-3.394721e-02	1.191810e+01
6.230000e-06	-3.169808e-02	1.174908e+01
6.240000e-06	-3.051920e-02	1.147913e+01
6.250000e-06	-2.925923e-02	1.132760e+01
6.260000e-06	-2.778972e-02	1.111960e+01
6.270000e-06	-2.719882e-02	1.094958e+01
6.280000e-06	-2.615811e-02	1.076823e+01
6.290000e-06	-2.600433e-02	1.054963e+01
6.300000e-06	-2.443458e-02	1.030910e+01
6.310000e-06	-2.288836e-02	1.009805e+01
6.320000e-06	-2.211248e-02	9.858417e+00
6.330000e-06	-2.100774e-02	9.625887e+00
6.340000e-06	-2.095795e-02	9.412883e+00
6.350000e-06	-2.144901e-02	9.224309e+00
6.360000e-06	-2.059219e-02	8.983280e+00
6.370000e-06	-1.881336e-02	8.739127e+00
6.380000e-06	-1.985790e-02	8.536645e+00
6.390000e-06	-1.839084e-02	8.285065e+00
6.400000e-06	-1.936500e-02	8.033812e+00
6.410000e-06	-1.747586e-02	7.802857e+00
6.420000e-06	-1.577558e-02	7.528171e+00
6.430000e-06	-1.625726e-02	7.245071e+00
6.440000e-06	-1.370902e-02	7.041433e+00
6.450000e-06	-1.465125e-02	6.761382e+00
6.460000e-06	-1.580985e-02	6.515142e+00
6.470000e-06	-1.421599e-02	6.255139e+00
6.480000e-06	-1.354241e-02	6.062483e+00
6.490000e-06	-1.234703e-02	5.699778e+00
6.500000e-06	-1.380736e-02	5.495114e+00
6.510000e-06	-1.219682e-02	5.251910e+00
6.520000e-06	-1.156391e-02	4.866116e+00
6.530000e-06	-1.093988e-02	4.592430e+00
6.540000e-06	-1.195843e-02	4.378822e+00
6.550000e-06	-1.064255e-02	4.062562e+00
6.560000e-06	-9.897963e-03	3.759481e+00
6.570000e-06	-8.873886e-03	3.527800e+00
6.580000e-06	-9.748978e-03	3.224082e+00
6.590000e-06	-9.470605e-03	3.007322e+00
6.600000e-06	-8.671994e-03	2.736292e+00
6.610000e-06	-8.929943e-03	2.460405e+00
6.620000e-06	-9.195818e-03	2.106714e+00
6.630000e-06	-7.521782e-03	1.912137e+00
6.640000e-06	-6.746794e-03	1.546322e+00
6.650000e-06	-5.889484e-03	1.251108e+00
6.660000e-06	-7.130788e-03	9.278395e-01
6.670000e-06	-5.665746e-03	6.626342e-01
6.680000e-06	-4.725907e-03	3.993712e-01
6.690000e-06	-2.559123e-03	8.563791e-02
6.700000e-06	1.535736e-03	-1.979985e-01
6.710000e-06	7.529278e-03	-4.005302e-01
6.720000e-06	-7.824061e-03	-7.372956e-01
6.730000e-06	4.705373e-03	-9.584235e-01
6.740000e-06	-4.885082e-03	-1.230555e+00
6.750000e-06	4.111526e-03	-1.528418e+00
6.760000e-06	1.050350e-03	-1.758852e+00
6.770000e-06	4.420873e-02	-2.012449e+00
6.780000e-06	1.061301e-01	-2.246138e+00
6.790000e-06	-7.885604e-02	-2.675236e+00
6.800000e-06	-1.873683e-02	-2.992991e+00
6.810000e-06	-2.635598e-02	-3.287191e+00
6.820000e-06	-2.031473e-02	-3.516765e+00
6.830000e-06	-1.029722e-01	-3.717717e+00
6.840000e-06	1.620127e-01	-3.927672e+00
6.850000e-06	-2.158785e-02	-4.128875e+00
6.860000e-06	-6.339284e-02	-4.444058e+00
6.870000e-06	1.746845e-01	-4.634168e+00
6.880000e-06	-2.094045e-01	-4.992330e+00
6.890000e-06	1.727291e-01	-5.264559e+00
6.900000e-06	-7.063894e-02	-5.550281e+00
6.910000e-06	-2.816430e-03	-5.873058e+00
6.920000e-06	1.254299e-01	-6.045110e+00
6.930000e-06	-1.541430e-01	-6.410384e+00
6.940000e-06	1.364403e-01	-6.646938e+00
6.950000e-06	-8.918821e-02	-6.905224e+00
6.960000e-06	4.585717e-02	-7.221484e+00
6.970000e-06	2.015721e-02	-7.465013e+00
6.980000e-06	-5.616543e-02	-7.750250e+00
6.990000e-06	1.396151e-01	-8.002834e+00
7.000000e-06	-1.176368e-01	-8.284512e+00
7.010000e-06	1.117654e-01	-8.507070e+00
7.020000e-06	-5.180951e-02	-8.730626e+00
7.030000e-06	2.384612e-02	-9.000830e+00
7.040000e-06	1.397761e-02	-9.151306e+00
7.050000e-06	-1.814132e-02	-9.362733e+00
7.060000e-06	8.315543e-02	-9.644470e+00
7.070000e-06	-5.166087e-02	-9.885442e+00
7.080000e-06	6.119218e-02	-1.005447e+01
7.090000e-06	-4.926186e-02	-1.024592e+01
7.100000e-06	6.746016e-02	-1.047709e+01
7.110000e-06	-1.791124e-02	-1.066559e+01
7.120000e-06	3.512790e-02	-1.086554e+01
7.130000e-06	1.220605e-02	-1.102439e+01
7.140000e-06	1.157082e-02	-1.126549e+01
7.150000e-06	1.388058e-02	-1.141439e+01
7.160000e-06	5.077348e-03	-1.168739e+01
7.170000e-06	4.530724e-02	-1.181581e+01
7.180000e-06	-4.602775e-03	-1.206584e+01
7.190000e-06	3.242752e-02	-1.219334e+01
7.200000e-06	3.150842e-04	-1.240126e+01
7.210000e-06	4.344781e-02	-1.254856e+01
7.220000e-06	-2.090754e-03	-1.269805e+01
7.230000e-06	3.190069e-02	-1.285552e+01
7.240000e-06	1.453424e-02	-1.300286e+01
7.250000e-06	3.062151e-02	-1.318166e+01
7.260000e-06	1.438964e-02	-1.329748e+01
7.270000e-06	2.875186e-02	-1.341374e+01
7.280000e-06	3.021740e-02	-1.357383e+01
7.290000e-06	2.087053e-02	-1.371812e+01
7.300000e-06	2.512881e-02	-1.379632e+01
7.310000e-06	2.776198e-02	-1.396221e+01
7.320000e-06	3.561534e-02	-1.408830e+01
7.330000e-06	2.267943e-02	-1.417366e+01
7.340000e-06	3.351172e-02	-1.429750e+01
7.350000e-06	2.996385e-02	-1.441316e+01
7.360000e-06	3.465590e-02	-1.452755e+01
7.370000e-06	3.192840e-02	-1.457271e+01
7.380000e-06	3.860416e-02	-1.466629e+01
7.390000e-06	3.680555e-02	-1.471796e+01
7.400000e-06	3.492421e-02	-1.477324e+01
7.410000e-06	3.737930e-02	-1.482524e+01
7.420000e-06	4.147255e-02	-1.488745e+01
7.430000e-06	4.113670e-02	-1.495001e+01
7.440000e-06	4.275512e-02	-1.495261e+01
7.450000e-06	4.490424e-02	-1.501276e+01
7.460000e-06	4.618540e-02	-1.505476e+01
7.470000e-06	4.648601e-02	-1.504782e+01
7.480000e-06	4.910774e-02	-1.505734e+01
7.490000e-06	5.346173e-02	-1.508888e+01
7.500000e-06	5.318580e-02	-1.514948e+01
7.510000e-06	5.629764e-02	-1.513055e+01
7.520000e-06	5.754106e-02	-1.515208e+01
7.530000e-06	5.990157e-02	-1.518158e+01
7.540000e-06	6.008702e-02	-1.513198e+01
7.550000e-06	6.411621e-02	-1.514151e+01
7.560000e-06	6.823798e-02	-1.514790e+01
7.570000e-06	6.855408e-02	-1.505789e+01
7.580000e-06	7.293586e-02	-1.508734e+01
7.590000e-06	7.736779e-02	-1.505519e+01
7.600000e-06	8.281619e-02	-1.498469e+01
7.610000e-06	8.767680e-02	-1.495256e+01
7.620000e-06	9.524327e-02	-1.491897e+01
7.630000e-06	1.016567e-01	-1.486627e+01
7.640000e-06	1.047281e-01	-1.479324e+01
7.650000e-06	1.056894e-01	-1.473900e+01
7.660000e-06	1.051361e-01	-1.464532e+01
7.670000e-06	1.011883e-01	-1.458161e+01
7.680000e-06	9.740427e-02	-1.447647e+01
7.690000e-06	9.104451e-02	-1.437149e+01
7.700000e-06	8.632967e-02	-1.424974e+01
7.710000e-06	8.032955e-02	-1.419171e+01
7.720000e-06	7.425279e-02	-1.406580e+01
7.730000e-06	6.915390e-02	-1.391906e+01
7.740000e-06	6.368035e-02	-1.380471e+01
7.750000e-06	5.808107e-02	-1.371595e+01
7.760000e-06	5.394471e-02	-1.357003e+01
7.770000e-06	5.051686e-02	-1.344379e+01
7.780000e-06	4.515931e-02	-1.329698e+01
7.790000e-06	4.179494e-02	-1.317063e+01
7.800000e-06	3.975755e-02	-1.303421e+01
7.810000e-06	3.737715e-02	-1.289547e+01
7.820000e-06	3.600369e-02	-1.276055e+01
7.830000e-06	3.441166e-02	-1.260123e+01
7.840000e-06	3.225848e-02	-1.246442e+01
7.850000e-06	2.907715e-02	-1.224697e+01
7.860000e-06	2.730843e-02	-1.213655e+01
7.870000e-06	2.577491e-02	-1.187901e+01
7.880000e-06	2.454570e-02	-1.173708e+01
7.890000e-06	2.294543e-02	-1.153708e+01
7.900000e-06	2.214738e-02	-1.129753e+01
7.910000e-06	2.192609e-02	-1.112642e+01
7.920000e-06	1.983840e-02	-1.090710e+01
7.930000e-06	1.896733e-02	-1.069807e+01
7.940000e-06	1.850484e-02	-1.055757e+01
7.950000e-06	1.772675e-02	-1.030855e+01
7.960000e-06	1.544834e-02	-1.010595e+01
7.970000e-06	1.474268e-02	-9.853942e+00
7.980000e-06	1.491615e-02	-9.645492e+00
7.990000e-06	1.272182e-02	-9.435362e+00
8.000000e-06	1.239467e-02	-9.192810e+00
8.010000e-06	1.160409e-02	-9.011780e+00
8.020000e-06	1.147238e-02	-8.751631e+00
8.030000e-06	9.800759e-03	-8.527572e+00
8.040000e-06	9.106840e-03	-8.306541e+00
8.050000e-06	8.410260e-03	-8.063487e+00
8.060000e-06	6.902882e-03	-7.810831e+00
8.070000e-06	6.892578e-03	-7.528073e+00
8.080000e-06	6.548726e-03	-7.305111e+00
8.090000e-06	5.559384e-03	-7.052806e+00
8.100000e-06	5.876239e-03	-6.748749e+00
8.110000e-06	4.444808e-03	-6.526696e+00
8.120000e-06	5.259315e-03	-6.284516e+00
8.130000e-06	3.102371e-03	-6.023454e+00
8.140000e-06	4.896862e-03	-5.748771e+00
8.150000e-06	1.688966e-03	-5.515641e+00
8.160000e-06	3.957457e-03	-5.220908e+00
8.170000e-06	1.304792e-03	-4.895462e+00
8.180000e-06	3.638106e-03	-4.609252e+00
8.190000e-06	1.552369e-03	-4.377301e+00
8.200000e-06	2.523698e-03	-4.125692e+00
8.210000e-06	1.491284e-03	-3.881510e+00
8.220000e-06	-1.056019e-04	-3.548801e+00
8.230000e-06	-6.713503e-04	-3.275186e+00
8.240000e-06	-9.898970e-04	-2.990403e+00
8.250000e-06	-7.592057e-05	-2.725164e+00
8.260000e-06	-1.950422e-03	-2.463155e+00
8.270000e-06	-1.785114e-03	-2.178220e+00
8.280000e-06	-2.181053e-03	-1.894135e+00
8.290000e-06	-3.138488e-03	-1.650550e+00
8.300000e-06	-1.940029e-03	-1.302609e+00
8.310000e-06	-6.165504e-03	-9.984473e-01
8.320000e-06	-1.088288e-03	-7.142392e-01
8.330000e-06	-3.587150e-03	-3.904735e-01
8.340000e-06	-3.239127e-03	-1.562954e-01
8.350000e-06	-1.651374e-03	1.073450e-01
8.360000e-06	6.886545e-03	4.115554e-01
8.370000e-06	-6.394326e-03	6.542095e-01
8.380000e-06	3.394345e-03	8.959172e-01
8.390000e-06	-5.585234e-03	1.202104e+00
8.400000e-06	2.238575e-03	1.476712e+00
8.410000e-06	-8.061463e-03	1.800979e+00
8.420000e-06	1.471053e-02	2.021030e+00
8.430000e-06	3.601193e-02	2.204109e+00
8.440000e-06	8.535443e-02	2.499349e+00
8.450000e-06	-9.031638e-02	2.875217e+00
8.460000e-06	-2.495919e-02	3.169899e+00
8.470000e-06	-3.998231e-02	3.426108e+00
8.480000e-06	-3.673907e-03	3.717697e+00
8.490000e-06	-7.905771e-02	3.897665e+00
8.500000e-06	5.097471e-02	4.100249e+00
8.510000e-06	9.702936e-02	4.402507e+00
8.520000e-06	-1.670194e-01	4.655015e+00
8.530000e-06	1.399493e-01	4.877221e+00
8.540000e-06	-5.740926e-02	5.276541e+00
8.550000e-06	-3.957842e-02	5.549821e+00
8.560000e-06	5.508753e-02	5.774557e+00
8.570000e-06	-5.552205e-02	6.056163e+00
8.580000e-06	3.835032e-02	6.297748e+00
8.590000e-06	-4.328014e-02	6.591959e+00
8.600000e-06	4.174093e-03	6.875592e+00
8.610000e-06	-3.671130e-03	7.128625e+00
8.620000e-06	-3.521407e-02	7.373912e+00
8.630000e-06	9.208996e-03	7.687547e+00
8.640000e-06	-4.495843e-02	7.950708e+00
8.650000e-06	5.389150e-02	8.235039e+00
8.660000e-06	-3.819524e-02	8.427066e+00
8.670000e-06	-2.022036e-02	8.665595e+00
8.680000e-06	1.139058e-02	8.927575e+00
8.690000e-06	-4.189359e-02	9.131204e+00
8.700000e-06	9.766977e-03	9.341730e+00
8.710000e-06	-4.343759e-02	9.594384e+00
8.720000e-06	2.492312e-02	9.805417e+00
8.730000e-06	-3.775622e-02	1.005499e+01
8.740000e-06	-8.774824e-03	1.022439e+01
8.750000e-06	-3.056922e-02	1.048854e+01
8.760000e-06	-4.466754e-03	1.059492e+01
8.770000e-06	-7.703847e-03	1.083649e+01
8.780000e-06	-3.613281e-02	1.103502e+01
8.790000e-06	-1.692749e-03	1.125482e+01
8.800000e-06	-2.302856e-02	1.137587e+01
8.810000e-06	-1.114906e-02	1.161449e+01
8.820000e-06	-3.821655e-02	1.183391e+01
8.830000e-06	-2.360905e-03	1.199486e+01
8.840000e-06	-2.256721e-02	1.214273e+01
8.850000e-06	-2.565374e-02	1.238116e+01
8.860000e-06	-2.567273e-02	1.249062e+01
8.870000e-06	-1.987679e-02	1.270800e+01
8.880000e-06	-2.124659e-02	1.281659e+01
8.890000e-06	-3.595138e-02	1.293318e+01
8.900000e-06	-1.645211e-02	1.317256e+01
8.910000e-06	-2.804650e-02	1.325957e+01
8.920000e-06	-2.652476e-02	1.345587e+01
8.930000e-06	-3.443088e-02	1.358264e+01
8.940000e-06	-2.216137e-02	1.368945e+01
8.950000e-06	-3.028216e-02	1.380627e+01
8.960000e-06	-3.661587e-02	1.399201e+01
8.970000e-06	-3.117190e-02	1.412051e+01
8.980000e-06	-3.236786e-02	1.423527e+01
8.990000e-06	-3.237295e-02	1.430053e+01
9.000000e-06	-3.986590e-02	1.441527e+01
9.010000e-06	-3.289388e-02	1.452145e+01
9.020000e-06	-3.996395e-02	1.460489e+01
9.030000e-06	-3.841905e-02	1.471795e+01
9.040000e-06	-3.906137e-02	1.475213e+01
9.050000e-06	-3.955432e-02	1.479579e+01
9.060000e-06	-4.448846e-02	1.485700e+01
9.070000e-06	-4.712762e-02	1.490910e+01
9.080000e-06	-4.339929e-02	1.497166e+01
9.090000e-06	-4.829028e-02	1.503574e+01
9.100000e-06	-5.006642e-02	1.502832e+01
9.110000e-06	-5.218257e-02	1.508885e+01
9.120000e-06	-5.054879e-02	1.511896e+01
9.130000e-06	-5.575479e-02	1.513158e+01
9.140000e-06	-5.805055e-02	1.515166e+01
9.150000e-06	-5.618867e-02	1.515364e+01
9.160000e-06	-5.984179e-02	1.515367e+01
9.170000e-06	-6.162115e-02	1.523616e+01
9.180000e-06	-6.678515e-02	1.516669e+01
9.190000e-06	-6.481782e-02	1.517419e+01
9.200000e-06	-7.036853e-02	1.518369e+01
9.210000e-06	-7.204658e-02	1.518467e+01
9.220000e-06	-7.377868e-02	1.516201e+01
9.230000e-06	-7.823603e-02	1.516104e+01
9.240000e-06	-8.272274e-02	1.507846e+01
9.250000e-06	-8.926184e-02	1.506780e+01
9.260000e-06	-9.082655e-02	1.503532e+01
9.270000e-06	-9.903741e-02	1.500369e+01
9.280000e-06	-1.025306e-01	1.495003e+01
9.290000e-06	-1.088472e-01	1.487705e+01
9.300000e-06	-1.104323e-01	1.477481e+01
9.310000e-06	-1.115397e-01	1.473111e+01
9.320000e-06	-1.088733e-01	1.462585e+01
9.330000e-06	-1.051787e-01	1.457121e+01
9.340000e-06	-1.020613e-01	1.448697e+01
9.350000e-06	-9.407253e-02	1.440524e+01
9.360000e-06	-8.745550e-02	1.429937e+01
9.370000e-06	-8.118392e-02	1.418164e+01
9.380000e-06	-7.570832e-02	1.404632e+01
9.390000e-06	-7.109715e-02	1.392945e+01
9.400000e-06	-6.590164e-02	1.378271e+01
9.410000e-06	-6.238143e-02	1.365690e+01
9.420000e-06	-5.861433e-02	1.352101e+01
9.430000e-06	-5.397942e-02	1.336326e+01
9.440000e-06	-5.127859e-02	1.330802e+01
9.450000e-06	-4.948620e-02	1.316853e+01
9.460000e-06	-4.610369e-02	1.297326e+01
9.470000e-06	-4.256810e-02	1.282479e+01
9.480000e-06	-4.077039e-02	1.265795e+01
9.490000e-06	-3.906305e-02	1.255105e+01
9.500000e-06	-3.667889e-02	1.238321e+01
9.510000e-06	-3.467312e-02	1.222176e+01
9.520000e-06	-3.388872e-02	1.205684e+01
9.530000e-06	-3.181693e-02	1.188689e+01
9.540000e-06	-3.086238e-02	1.169590e+01
9.550000e-06	-2.910065e-02	1.144687e+01
9.560000e-06	-2.985416e-02	1.122682e+01
9.570000e-06	-2.716819e-02	1.107546e+01
9.580000e-06	-2.735532e-02	1.084605e+01
9.590000e-06	-2.511956e-02	1.067647e+01
9.600000e-06	-2.559953e-02	1.045590e+01
9.610000e-06	-2.403582e-02	1.022489e+01
9.620000e-06	-2.259651e-02	1.007391e+01
9.630000e-06	-2.232066e-02	9.791757e+00
9.640000e-06	-2.159299e-02	9.550286e+00
9.650000e-06	-2.134943e-02	9.351253e+00
9.660000e-06	-1.946210e-02	9.119605e+00
9.670000e-06	-1.985469e-02	8.914971e+00
9.680000e-06	-2.021406e-02	8.654490e+00
9.690000e-06	-1.877645e-02	8.474439e+00
9.700000e-06	-1.766139e-02	8.222383e+00
9.710000e-06	-1.759175e-02	7.930678e+00
9.720000e-06	-1.791361e-02	7.707572e+00
9.730000e-06	-1.572041e-02	7.444959e+00
9.740000e-06	-1.569561e-02	7.152274e+00
9.750000e-06	-1.460740e-02	6.960220e+00
9.760000e-06	-1.600039e-02	6.718565e+00
9.770000e-06	-1.408075e-02	6.412863e+00
9.780000e-06	-1.297022e-02	6.180802e+00
9.790000e-06	-1.286189e-02	5.917721e+00
9.800000e-06	-1.304757e-02	5.666639e+00
9.810000e-06	-1.250226e-02	5.412359e+00
9.820000e-06	-1.190545e-02	5.088590e+00
9.830000e-06	-1.135381e-02	4.780376e+00
9.840000e-06	-1.167664e-02	4.517168e+00
9.850000e-06	-1.048315e-02	4.314565e+00
9.860000e-06	-9.595137e-03	3.989775e+00
9.870000e-06	-9.510081e-03	3.686666e+00
9.880000e-06	-1.025975e-02	3.432488e+00
9.890000e-06	-9.438232e-03	3.138250e+00
9.900000e-06	-8.074705e-03	2.854189e+00
9.910000e-06	-8.246282e-03	2.631426e+00
9.920000e-06	-8.216101e-03	2.304692e+00
9.930000e-06	-7.751748e-03	2.032527e+00
9.940000e-06	-7.382119e-03	1.789371e+00
9.950000e-06	-6.809325e-03	1.461632e+00
9.960000e-06	-7.769617e-03	1.139422e+00
9.970000e-06	-6.462492e-03	8.719978e-01
9.980000e-06	-4.476786e-03	5.403448e-01
9.990000e-06	-4.390844e-03	3.536384e-01
1.000000e-05	-3.814811e-03	-1.010263e-02
1.001000e-05	5.102769e-03	-2.732093e-01
1.002000e-05	2.733141e-03	-4.883121e-01
1.003000e-05	-7.654445e-04	-8.009750e-01
1.004000e-05	-4.109309e-04	-1.042610e+00
1.005000e-05	-2.531185e-04	-1.346796e+00
1.006000e-05	-3.984824e-04	-1.609506e+00
1.007000e-05	1.437080e-02	-1.862155e+00
1.008000e-05	6.231206e-02	-2.053083e+00
1.009000e-05	7.524459e-02	-2.429558e+00
1.010000e-05	-1.117064e-01	-2.800451e+00
1.011000e-05	2.076481e-02	-3.166947e+00
1.012000e-05	-4.982293e-02	-3.380402e+00
1.013000e-05	-2.491315e-02	-3.580377e+00
1.014000e-05	-6.841724e-02	-3.789380e+00
1.015000e-05	2.148856e-01	-3.991504e+00
1.016000e-05	-1.688935e-01	-4.265610e+00
1.017000e-05	1.027324e-01	-4.528218e+00
1.018000e-05	1.845490e-02	-4.769454e+00
1.019000e-05	-1.257653e-01	-5.066693e+00
1.020000e-05	1.814595e-01	-5.349253e+00
1.021000e-05	-1.555563e-01	-5.636543e+00
1.022000e-05	1.298667e-01	-5.917672e+00
1.023000e-05	-8.950313e-04	-6.129776e+00
1.024000e-05	-7.975697e-02	-6.457118e+00
1.025000e-05	1.226512e-01	-6.688250e+00
1.026000e-05	-1.304729e-01	-6.974833e+00
1.027000e-05	1.285731e-01	-7.266117e+00
1.028000e-05	-8.644064e-02	-7.539648e+00
1.029000e-05	6.117808e-02	-7.795541e+00
1.030000e-05	4.260147e-02	-8.066592e+00
1.031000e-05	-6.957922e-02	-8.339750e+00
1.032000e-05	1.146416e-01	-8.538653e+00
1.033000e-05	-9.289786e-02	-8.843461e+00
1.034000e-05	8.245377e-02	-9.054416e+00
1.035000e-05	-5.271434e-02	-9.245916e+00
1.036000e-05	5.663253e-02	-9.489448e+00
1.037000e-05	1.594609e-02	-9.687678e+00
1.038000e-05	-8.836210e-03	-9.959724e+00
1.039000e-05	3.147574e-02	-1.010855e+01
1.040000e-05	-2.810030e-02	-1.034030e+01
1.041000e-05	6.744169e-02	-1.054068e+01
1.042000e-05	-3.282157e-02	-1.073070e+01
1.043000e-05	5.988214e-02	-1.093707e+01
1.044000e-05	-1.628233e-02	-1.106958e+01
1.045000e-05	3.573409e-02	-1.134960e+01
1.046000e-05	-1.391430e-02	-1.153047e+01
1.047000e-05	3.664439e-02	-1.174955e+01
1.048000e-05	1.722914e-02	-1.193997e+01
1.049000e-05	1.498610e-02	-1.208760e+01
1.050000e-05	1.731247e-02	-1.223534e+01
1.051000e-05	1.599025e-02	-1.248446e+01
1.052000e-05	3.132988e-02	-1.257273e+01
1.053000e-05	2.077594e-03	-1.277171e+01
1.054000e-05	3.366783e-02	-1.292012e+01
1.055000e-05	1.100064e-02	-1.304692e+01
1.056000e-05	3.340763e-02	-1.322384e+01
1.057000e-05	9.997664e-03	-1.334066e+01
1.058000e-05	3.897133e-02	-1.350837e+01
1.059000e-05	1.948076e-02	-1.362532e+01
1.060000e-05	2.778427e-02	-1.376068e+01
1.061000e-05	2.145421e-02	-1.389687e+01
1.062000e-05	3.429881e-02	-1.401466e+01
1.063000e-05	2.744577e-02	-1.407943e+01
1.064000e-05	2.622378e-02	-1.421427e+01
1.065000e-05	3.248647e-02	-1.432148e+01
1.066000e-05	3.141167e-02	-1.440634e+01
1.067000e-05	3.352592e-02	-1.452918e+01
1.068000e-05	3.222170e-02	-1.457371e+01
1.069000e-05	3.956263e-02	-1.463792e+01
1.070000e-05	3.542460e-02	-1.471055e+01
1.071000e-05	3.516524e-02	-1.479376e+01
1.072000e-05	3.919775e-02	-1.486587e+01
1.073000e-05	4.199714e-02	-1.487792e+01
1.074000e-05	4.042808e-02	-1.495105e+01
1.075000e-05	4.245843e-02	-1.497316e+01
1.076000e-05	4.486086e-02	-1.499566e+01
1.077000e-05	4.688816e-02	-1.502627e+01
1.078000e-05	4.733628e-02	-1.507734e+01
1.079000e-05	5.108325e-02	-1.507932e+01
1.080000e-05	5.408556e-02	-1.509886e+01
1.081000e-05	5.403088e-02	-1.514095e+01
1.082000e-05	5.632016e-02	-1.517161e+01
1.083000e-05	5.796917e-02	-1.517158e+01
1.084000e-05	5.885639e-02	-1.513946e+01
1.085000e-05	6.067463e-02	-1.513148e+01
1.086000e-05	6.517713e-02	-1.512893e+01
1.087000e-05	6.902373e-02	-1.514140e+01
1.088000e-05	7.025823e-02	-1.509932e+01
1.089000e-05	7.509817e-02	-1.505637e+01
1.090000e-05	8.021358e-02	-1.505779e+01
1.091000e-05	8.513716e-02	-1.500421e+01
1.092000e-05	9.003732e-02	-1.495000e+01
1.093000e-05	9.640646e-02	-1.487695e+01
1.094000e-05	1.005495e-01	-1.485527e+01
1.095000e-05	1.041139e-01	-1.477211e+01
1.096000e-05	1.058604e-01	-1.465743e+01
1.097000e-05	1.053179e-01	-1.460431e+01
1.098000e-05	1.008339e-01	-1.453908e+01
1.099000e-05	9.536477e-02	-1.442332e+01
1.100000e-05	9.057017e-02	-1.435103e+01
1.101000e-05	8.400993e-02	-1.423582e+01
1.102000e-05	7.791989e-02	-1.415000e+01
1.103000e-05	7.198260e-02	-1.400269e+01
1.104000e-05	6.637400e-02	-1.387685e+01
1.105000e-05	6.039113e-02	-1.379268e+01
1.106000e-05	5.631415e-02	-1.364537e+01
1.107000e-05	5.298432e-02	-1.350902e+01
1.108000e-05	4.861860e-02	-1.339269e+01
1.109000e-05	4.445984e-02	-1.325547e+01
1.110000e-05	4.267362e-02	-1.309800e+01
1.111000e-05	3.936954e-02	-1.297271e+01
1.112000e-05	3.590083e-02	-1.284597e+01
1.113000e-05	3.372176e-02	-1.268747e+01
1.114000e-05	3.257315e-02	-1.254805e+01
1.115000e-05	3.204125e-02	-1.242226e+01
1.116000e-05	2.846405e-02	-1.224324e+01
1.117000e-05	2.782468e-02	-1.205437e+01
1.118000e-05	2.630933e-02	-1.186640e+01
1.119000e-05	2.392866e-02	-1.163687e+01
1.120000e-05	2.263258e-02	-1.149542e+01
1.121000e-05	2.158410e-02	-1.124571e+01
1.122000e-05	2.015780e-02	-1.103679e+01
1.123000e-05	1.940356e-02	-1.086391e+01
1.124000e-05	1.907579e-02	-1.066432e+01
1.125000e-05	1.868078e-02	-1.048607e+01
1.126000e-05	1.646107e-02	-1.022231e+01
1.127000e-05	1.479358e-02	-1.003381e+01
1.128000e-05	1.438166e-02	-9.811337e+00
1.129000e-05	1.569034e-02	-9.621208e+00
1.130000e-05	1.287158e-02	-9.388651e+00
1.131000e-05	1.229432e-02	-9.139197e+00
1.132000e-05	1.122290e-02	-8.897648e+00
1.133000e-05	1.000453e-02	-8.657467e+00
1.134000e-05	8.549229e-03	-8.443436e+00
1.135000e-05	8.132589e-03	-8.232356e+00
1.136000e-05	1.072371e-02	-7.892704e+00
1.137000e-05	8.204733e-03	-7.706021e+00
1.138000e-05	6.732637e-03	-7.433860e+00
1.139000e-05	6.415927e-03	-7.212408e+00
1.140000e-05	5.798413e-03	-6.988626e+00
1.141000e-05	4.717430e-03	-6.695116e+00
1.142000e-05	6.253949e-03	-6.433537e+00
1.143000e-05	4.913423e-03	-6.221756e+00
1.144000e-05	4.422053e-03	-5.936168e+00
1.145000e-05	4.044643e-03	-5.715536e+00
1.146000e-05	3.116441e-03	-5.410900e+00
1.147000e-05	3.578642e-03	-5.115170e+00
1.148000e-05	1.829447e-03	-4.799828e+00
1.149000e-05	2.990123e-03	-4.516616e+00
1.150000e-05	1.886719e-03	-4.274615e+00
1.151000e-05	2.775271e-03	-4.041532e+00
1.152000e-05	1.988671e-03	-3.737165e+00
1.153000e-05	-4.286696e-04	-3.491662e+00
1.154000e-05	6.897702e-04	-3.211378e+00
1.155000e-05	-3.420724e-03	-2.916139e+00
1.156000e-05	2.105704e-04	-2.630032e+00
1.157000e-05	-1.551086e-03	-2.387843e+00
1.158000e-05	6.796374e-04	-2.053578e+00
1.159000e-05	-3.792248e-03	-1.799826e+00
1.160000e-05	-2.064159e-03	-1.543166e+00
1.161000e-05	-4.178186e-03	-1.196793e+00
1.162000e-05	-2.937341e-03	-8.922091e-01
1.163000e-05	-5.004030e-03	-5.785698e-01
1.164000e-05	-2.867996e-03	-3.331893e-01
1.165000e-05	-4.932502e-03	-4.247904e-02
1.166000e-05	3.341774e-03	1.916066e-01
1.167000e-05	3.087749e-03	4.867619e-01
1.168000e-05	-4.899080e-03	7.874223e-01
1.169000e-05	3.511455e-03	1.011537e+00
1.170000e-05	-5.139260e-03	1.316717e+00
1.171000e-05	2.393055e-05	1.571207e+00
1.172000e-05	-4.455764e-03	1.854085e+00
1.173000e-05	1.983371e-02	2.054087e+00
1.174000e-05	6.148662e-02	2.336771e+00
1.175000e-05	3.932823e-02	2.714733e+00
1.176000e-05	-9.725246e-02	2.961029e+00
1.177000e-05	-9.215239e-03	3.214585e+00
1.178000e-05	-3.528813e-02	3.519402e+00
1.179000e-05	-2.053078e-02	3.821409e+00
1.180000e-05	-6.434529e-02	3.959321e+00
1.181000e-05	1.021420e-01	4.172388e+00
1.182000e-05	9.620517e-03	4.507244e+00
1.183000e-05	-1.264564e-01	4.750251e+00
1.184000e-05	1.785313e-01	4.994559e+00
1.185000e-05	-1.599325e-01	5.350874e+00
1.186000e-05	6.629121e-02	5.622986e+00
1.187000e-05	-1.665118e-02	5.898245e+00
1.188000e-05	-1.218282e-02	6.139774e+00
1.189000e-05	1.815783e-02	6.395537e+00
1.190000e-05	-5.182499e-02	6.697121e+00
1.191000e-05	3.218262e-02	6.910276e+00
1.192000e-05	-4.049898e-02	7.257041e+00
1.193000e-05	8.414968e-04	7.537622e+00
1.194000e-05	-2.758564e-02	7.759805e+00
1.195000e-05	-5.351327e-03	8.019945e+00
1.196000e-05	3.429069e-02	8.328720e+00
1.197000e-05	-5.454565e-02	8.501645e+00
1.198000e-05	8.690299e-03	8.751281e+00
1.199000e-05	-1.398716e-02	8.981232e+00
1.200000e-05	-1.854219e-02	9.233386e+00
1.201000e-05	-1.338526e-02	9.437893e+00
1.202000e-05	-1.787319e-02	9.705491e+00
1.203000e-05	5.681530e-03	9.829095e+00
1.204000e-05	-3.032945e-02	1.010807e+01
1.205000e-05	-1.783329e-02	1.031917e+01
1.206000e-05	-2.251048e-02	1.049800e+01
1.207000e-05	-1.903303e-03	1.069010e+01
1.208000e-05	-1.776028e-02	1.092015e+01
1.209000e-05	-2.573668e-02	1.108652e+01
1.210000e-05	-6.501198e-03	1.128705e+01
1.211000e-05	-1.922808e-02	1.147805e+01
1.212000e-05	-2.512202e-02	1.172810e+01
1.213000e-05	-2.435492e-02	1.186805e+01
1.214000e-05	-8.796294e-03	1.206854e+01
1.215000e-05	-2.160370e-02	1.222534e+01
1.216000e-05	-2.989328e-02	1.241539e+01
1.217000e-05	-2.071765e-02	1.255323e+01
1.218000e-05	-2.101720e-02	1.272308e+01
1.219000e-05	-2.713063e-02	1.287902e+01
1.220000e-05	-3.074340e-02	1.305579e+01
1.221000e-05	-2.085734e-02	1.322479e+01
1.222000e-05	-2.517816e-02	1.331158e+01
1.223000e-05	-3.319780e-02	1.350800e+01
1.224000e-05	-2.703868e-02	1.360477e+01
1.225000e-05	-2.698750e-02	1.376058e+01
1.226000e-05	-2.995041e-02	1.384890e+01
1.227000e-05	-3.846305e-02	1.397482e+01
1.228000e-05	-2.941145e-02	1.415059e+01
1.229000e-05	-3.309549e-02	1.426637e+01
1.230000e-05	-3.578392e-02	1.440161e+01
1.231000e-05	-3.641626e-02	1.448150e+01
1.232000e-05	-3.650423e-02	1.455058e+01
1.233000e-05	-3.756954e-02	1.461544e+01
1.234000e-05	-4.131469e-02	1.469958e+01
1.235000e-05	-3.665439e-02	1.477374e+01
1.236000e-05	-4.376699e-02	1.480534e+01
1.237000e-05	-4.342816e-02	1.489848e+01
1.238000e-05	-4.739035e-02	1.493171e+01
1.239000e-05	-4.698098e-02	1.496221e+01
1.240000e-05	-4.754633e-02	1.500374e+01
1.241000e-05	-5.286138e-02	1.505640e+01
1.242000e-05	-4.832892e-02	1.505938e+01
1.243000e-05	-5.322523e-02	1.513146e+01
1.244000e-05	-5.412831e-02	1.518116e+01
1.245000e-05	-5.908560e-02	1.519364e+01
1.246000e-05	-5.845194e-02	1.520362e+01
1.247000e-05	-6.260758e-02	1.519622e+01
1.248000e-05	-6.435160e-02	1.516474e+01
1.249000e-05	-6.587695e-02	1.521374e+01
1.250000e-05	-6.643627e-02	1.520424e+01
1.251000e-05	-7.021016e-02	1.516126e+01
1.252000e-05	-7.304870e-02	1.513364e+01
1.253000e-05	-7.365228e-02	1.511114e+01
1.254000e-05	-8.006505e-02	1.507061e+01
1.255000e-05	-8.441441e-02	1.508795e+01
1.256000e-05	-9.177240e-02	1.503585e+01
1.257000e-05	-9.497082e-02	1.500427e+01
1.258000e-05	-1.014008e-01	1.500269e+01
1.259000e-05	-1.048397e-01	1.491857e+01
1.260000e-05	-1.086938e-01	1.484544e+01
1.261000e-05	-1.123964e-01	1.482374e+01
1.262000e-05	-1.098412e-01	1.472961e+01
1.263000e-05	-1.090844e-01	1.462380e+01
1.264000e-05	-1.020614e-01	1.455013e+01
1.265000e-05	-9.819385e-02	1.442534e+01
1.266000e-05	-9.005653e-02	1.432056e+01
1.267000e-05	-8.622963e-02	1.424581e+01
1.268000e-05	-8.128802e-02	1.410811e+01
1.269000e-05	-7.541436e-02	1.399379e+01
1.270000e-05	-6.896808e-02	1.388892e+01
1.271000e-05	-6.496435e-02	1.372013e+01
1.272000e-05	-5.861482e-02	1.363484e+01
1.273000e-05	-5.682433e-02	1.347690e+01
1.274000e-05	-5.163847e-02	1.334211e+01
1.275000e-05	-5.254156e-02	1.323384e+01
1.276000e-05	-4.720164e-02	1.307787e+01
1.277000e-05	-4.596438e-02	1.292903e+01
1.278000e-05	-4.366470e-02	1.274326e+01
1.279000e-05	-4.199486e-02	1.261389e+01
1.280000e-05	-3.837167e-02	1.249705e+01
1.281000e-05	-3.695983e-02	1.228910e+01
1.282000e-05	-3.331857e-02	1.215163e+01
1.283000e-05	-3.556232e-02	1.193124e+01
1.284000e-05	-2.997591e-02	1.180274e+01
1.285000e-05	-3.104806e-02	1.162124e+01
1.286000e-05	-3.005662e-02	1.138373e+01
1.287000e-05	-2.846058e-02	1.120069e+01
1.288000e-05	-2.777211e-02	1.103231e+01
1.289000e-05	-2.788046e-02	1.080549e+01
1.290000e-05	-2.791680e-02	1.059133e+01
1.291000e-05	-2.409762e-02	1.035326e+01
1.292000e-05	-2.308898e-02	1.017131e+01
1.293000e-05	-2.243773e-02	9.940284e+00
1.294000e-05	-2.106639e-02	9.748155e+00
1.295000e-05	-2.017780e-02	9.485091e+00
1.296000e-05	-2.122159e-02	9.275120e+00
1.297000e-05	-2.101510e-02	9.044442e+00
1.298000e-05	-2.027068e-02	8.815307e+00
1.299000e-05	-1.929212e-02	8.612803e+00
1.300000e-05	-2.065494e-02	8.349807e+00
1.301000e-05	-1.950077e-02	8.118646e+00
1.302000e-05	-1.643438e-02	7.886019e+00
1.303000e-05	-1.427518e-02	7.632837e+00
1.304000e-05	-1.585852e-02	7.379676e+00
1.305000e-05	-1.534466e-02	7.095616e+00
1.306000e-05	-1.564812e-02	6.855040e+00
1.307000e-05	-1.559705e-02	6.622255e+00
1.308000e-05	-1.491276e-02	6.308175e+00
1.309000e-05	-1.293191e-02	6.096117e+00
1.310000e-05	-1.293710e-02	5.855416e+00
1.311000e-05	-1.251281e-02	5.588825e+00
1.312000e-05	-1.260374e-02	5.305667e+00
1.313000e-05	-1.094802e-02	4.982251e+00
1.314000e-05	-1.054874e-02	4.696116e+00
1.315000e-05	-1.073958e-02	4.452537e+00
1.316000e-05	-1.103828e-02	4.179325e+00
1.317000e-05	-1.050427e-02	3.884642e+00
1.318000e-05	-1.058578e-02	3.652432e+00
1.319000e-05	-9.770165e-03	3.316820e+00
1.320000e-05	-9.393360e-03	3.072157e+00
1.321000e-05	-8.560414e-03	2.822054e+00
1.322000e-05	-7.995496e-03	2.495220e+00
1.323000e-05	-7.570491e-03	2.230481e+00
1.324000e-05	-6.035994e-03	1.995871e+00
1.325000e-05	-6.290413e-03	1.642205e+00
1.326000e-05	-6.661104e-03	1.318322e+00
1.327000e-05	-7.132779e-03	1.020559e+00
1.328000e-05	-5.974268e-03	7.367959e-01
1.329000e-05	-5.080509e-03	4.721827e-01
1.330000e-05	-4.608238e-03	1.989748e-01
1.331000e-05	-1.532986e-03	-9.473934e-02
1.332000e-05	9.280770e-03	-3.273198e-01
1.333000e-05	-4.550964e-03	-5.890991e-01
1.334000e-05	6.059585e-03	-8.847092e-01
1.335000e-05	-4.623988e-03	-1.127246e+00
1.336000e-05	4.613667e-03	-1.472712e+00
1.337000e-05	-3.300270e-03	-1.696237e+00
1.338000e-05	2.822063e-02	-1.917317e+00
1.339000e-05	8.900528e-02	-2.153345e+00
1.340000e-05	1.810994e-03	-2.517816e+00
1.341000e-05	-8.129402e-02	-2.888292e+00
1.342000e-05	1.369166e-02	-3.244610e+00
1.343000e-05	-3.911627e-02	-3.453561e+00
1.344000e-05	-6.409576e-02	-3.631089e+00
1.345000e-05	3.714354e-02	-3.825061e+00
1.346000e-05	1.437263e-01	-4.064038e+00
1.347000e-05	-1.987567e-01	-4.369903e+00
1.348000e-05	2.087453e-01	-4.580374e+00
1.349000e-05	-1.397149e-01	-4.885166e+00
1.350000e-05	3.240662e-02	-5.179330e+00
1.351000e-05	8.079016e-02	-5.413438e+00
1.352000e-05	-1.276981e-01	-5.769851e+00
1.353000e-05	1.842820e-01	-5.970351e+00
1.354000e-05	-1.209994e-01	-6.255817e+00
1.355000e-05	4.281494e-02	-6.549379e+00
1.356000e-05	2.353409e-02	-6.802888e+00
1.357000e-05	-7.033021e-02	-7.150152e+00
1.358000e-05	1.205091e-01	-7.382279e+00
1.359000e-05	-1.232061e-01	-7.634989e+00
1.360000e-05	1.448030e-01	-7.910176e+00
1.361000e-05	-6.800169e-02	-8.141202e+00
1.362000e-05	3.192227e-02	-8.411459e+00
1.363000e-05	4.352368e-02	-8.605361e+00
1.364000e-05	-5.657407e-02	-8.898644e+00
1.365000e-05	7.706851e-02	-9.097645e+00
1.366000e-05	-7.009053e-02	-9.328149e+00
1.367000e-05	1.009887e-01	-9.520284e+00
1.368000e-05	-4.141816e-02	-9.772755e+00
1.369000e-05	4.432805e-02	-1.000381e+01
1.370000e-05	-1.925055e-02	-1.016124e+01
1.371000e-05	2.383253e-02	-1.041431e+01
1.372000e-05	2.879464e-02	-1.057326e+01
1.373000e-05	-8.732585e-03	-1.081184e+01
1.374000e-05	4.908316e-02	-1.096168e+01
1.375000e-05	-1.539570e-02	-1.124284e+01
1.376000e-05	3.760392e-02	-1.139224e+01
1.377000e-05	-2.020374e-02	-1.156224e+01
1.378000e-05	5.565230e-02	-1.176116e+01
1.379000e-05	-2.521025e-03	-1.196179e+01
1.380000e-05	3.138047e-02	-1.215013e+01
1.381000e-05	7.597741e-04	-1.226858e+01
1.382000e-05	3.548963e-02	-1.246803e+01
1.383000e-05	1.196514e-02	-1.259626e+01
1.384000e-05	1.704294e-02	-1.283477e+01
1.385000e-05	2.502436e-02	-1.296171e+01
1.386000e-05	2.107471e-02	-1.313956e+01
1.387000e-05	2.590728e-02	-1.326590e+01
1.388000e-05	1.396356e-02	-1.341173e+01
1.389000e-05	3.901703e-02	-1.352198e+01
1.390000e-05	1.765905e-02	-1.366595e+01
1.391000e-05	2.924484e-02	-1.380374e+01
1.392000e-05	2.068840e-02	-1.389998e+01
1.393000e-05	3.794690e-02	-1.406574e+01
1.394000e-05	2.413345e-02	-1.412111e+01
1.395000e-05	3.148243e-02	-1.422737e+01
1.396000e-05	3.063672e-02	-1.436216e+01
1.397000e-05	3.316356e-02	-1.448585e+01
1.398000e-05	3.249061e-02	-1.453063e+01
1.399000e-05	3.529003e-02	-1.462529e+01
1.400000e-05	3.952393e-02	-1.467785e+01
1.401000e-05	3.515026e-02	-1.476964e+01
1.402000e-05	3.760988e-02	-1.482372e+01
1.403000e-05	3.875530e-02	-1.484439e+01
1.404000e-05	4.171791e-02	-1.489943e+01
1.405000e-05	4.028567e-02	-1.495261e+01
1.406000e-05	4.440356e-02	-1.498514e+01
1.407000e-05	4.665742e-02	-1.500571e+01
1.408000e-05	4.755575e-02	-1.506785e+01
1.409000e-05	4.845603e-02	-1.509685e+01
1.410000e-05	5.061894e-02	-1.509790e+01
1.411000e-05	5.248863e-02	-1.513048e+01
1.412000e-05	5.395344e-02	-1.512996e+01
1.413000e-05	5.830779e-02	-1.515198e+01
1.414000e-05	5.852620e-02	-1.516152e+01
1.415000e-05	5.936462e-02	-1.516110e+01
1.416000e-05	6.001050e-02	-1.516040e+01
1.417000e-05	6.814039e-02	-1.517150e+01
1.418000e-05	6.826633e-02	-1.509893e+01
1.419000e-05	7.150932e-02	-1.507783e+01
1.420000e-05	7.663018e-02	-1.504675e+01
1.421000e-05	8.296666e-02	-1.503372e+01
1.422000e-05	8.512324e-02	-1.494159e+01
1.423000e-05	9.149379e-02	-1.491695e+01
1.424000e-05	9.756491e-02	-1.486592e+01
1.425000e-05	1.025576e-01	-1.482377e+01
1.426000e-05	1.037577e-01	-1.476003e+01
1.427000e-05	1.060804e-01	-1.466794e+01
1.428000e-05	1.039799e-01	-1.457326e+01
1.429000e-05	9.982255e-02	-1.451697e+01
1.430000e-05	9.301278e-02	-1.444179e+01
1.431000e-05	8.736970e-02	-1.432842e+01
1.432000e-05	8.167742e-02	-1.419474e+01
1.433000e-05	7.602850e-02	-1.409890e+01
1.434000e-05	6.907949e-02	-1.392061e+01
1.435000e-05	6.532876e-02	-1.382582e+01
1.436000e-05	5.977731e-02	-1.369953e+01
1.437000e-05	5.393665e-02	-1.363224e+01
1.438000e-05	5.199007e-02	-1.347587e+01
1.439000e-05	4.646360e-02	-1.334010e+01
1.440000e-05	4.467941e-02	-1.319321e+01
1.441000e-05	4.043225e-02	-1.305547e+01
1.442000e-05	3.805797e-02	-1.295062e+01
1.443000e-05	3.589329e-02	-1.279329e+01
1.444000e-05	3.402378e-02	-1.262284e+01
1.445000e-05	3.215578e-02	-1.248808e+01
1.446000e-05	2.925873e-02	-1.228912e+01
1.447000e-05	2.820011e-02	-1.219058e+01
1.448000e-05	2.694340e-02	-1.198159e+01
1.449000e-05	2.603896e-02	-1.179168e+01
1.450000e-05	2.405391e-02	-1.161374e+01
1.451000e-05	2.333143e-02	-1.137070e+01
1.452000e-05	2.157182e-02	-1.120068e+01
1.453000e-05	1.950981e-02	-1.096226e+01
1.454000e-05	1.951706e-02	-1.077026e+01
1.455000e-05	1.862551e-02	-1.061268e+01
1.456000e-05	1.779430e-02	-1.042118e+01
1.457000e-05	1.622441e-02	-1.016863e+01
1.458000e-05	1.544713e-02	-9.937151e+00
1.459000e-05	1.492719e-02	-9.749179e+00
1.460000e-05	1.355918e-02	-9.517021e+00
1.461000e-05	1.205546e-02	-9.285991e+00
1.462000e-05	1.104947e-02	-9.045939e+00
1.463000e-05	1.182878e-02	-8.865011e+00
1.464000e-05	9.885734e-03	-8.611805e+00
1.465000e-05	9.042993e-03	-8.279621e+00
1.466000e-05	8.185013e-03	-8.147622e+00
1.467000e-05	8.485538e-03	-7.883966e+00
1.468000e-05	7.462884e-03	-7.632829e+00
1.469000e-05	7.083955e-03	-7.340679e+00
1.470000e-05	5.070172e-03	-7.116696e+00
1.471000e-05	6.220185e-03	-6.892535e+00
1.472000e-05	5.245680e-03	-6.580279e+00
1.473000e-05	5.257981e-03	-6.408221e+00
1.474000e-05	2.987158e-03	-6.085115e+00
1.475000e-05	5.142105e-03	-5.833060e+00
1.476000e-05	2.855358e-03	-5.628929e+00
1.477000e-05	3.735973e-03	-5.326995e+00
1.478000e-05	2.454734e-03	-5.040409e+00
1.479000e-05	3.308540e-03	-4.723089e+00
1.480000e-05	1.793195e-03	-4.422600e+00
1.481000e-05	2.008544e-03	-4.219880e+00
1.482000e-05	8.249166e-04	-3.896293e+00
1.483000e-05	2.070670e-03	-3.671557e+00
1.484000e-05	-3.976557e-04	-3.398270e+00
1.485000e-05	3.804531e-04	-3.147693e+00
1.486000e-05	-3.026015e-03	-2.830929e+00
1.487000e-05	1.730112e-03	-2.524720e+00
1.488000e-05	-2.879687e-03	-2.292733e+00
1.489000e-05	-1.654431e-03	-1.938371e+00
1.490000e-05	-3.983971e-03	-1.724263e+00
1.491000e-05	-1.717174e-03	-1.437449e+00
1.492000e-05	-3.463496e-03	-1.072134e+00
1.493000e-05	-3.294247e-03	-8.099514e-01
1.494000e-05	-4.475430e-03	-4.952567e-01
1.495000e-05	-4.480370e-03	-2.510775e-01
1.496000e-05	-3.094315e-03	2.129326e-03
1.497000e-05	7.869405e-03	3.587722e-01
1.498000e-05	-2.149594e-03	5.703975e-01
1.499000e-05	3.791341e-04	7.935027e-01
1.500000e-05	-2.554696e-03	1.136371e+00
1.501000e-05	-9.622671e-04	1.370929e+00
1.502000e-05	-4.899702e-03	1.737792e+00
1.503000e-05	4.471253e-03	1.916319e+00
1.504000e-05	2.383902e-02	2.116397e+00
1.505000e-05	8.677455e-02	2.394163e+00
1.506000e-05	-3.119887e-02	2.811501e+00
1.507000e-05	-6.484677e-02	3.095717e+00
1.508000e-05	-2.256354e-02	3.307819e+00
1.509000e-05	-1.576875e-02	3.633562e+00
1.510000e-05	-5.833288e-02	3.836066e+00
1.511000e-05	-1.510162e-02	4.043034e+00
1.512000e-05	1.274976e-01	4.310622e+00
1.513000e-05	-9.664925e-02	4.550480e+00
1.514000e-05	1.305493e-03	4.814911e+00
1.515000e-05	9.161754e-02	5.152282e+00
1.516000e-05	-1.475874e-01	5.423536e+00
1.517000e-05	1.023722e-01	5.678270e+00
1.518000e-05	-5.953761e-02	6.001859e+00
1.519000e-05	2.662000e-02	6.243463e+00
1.520000e-05	-1.392940e-02	6.490171e+00
1.521000e-05	-3.297388e-02	6.812385e+00
1.522000e-05	2.862985e-02	7.023989e+00
1.523000e-05	-5.596349e-02	7.309721e+00
1.524000e-05	2.310825e-02	7.571379e+00
1.525000e-05	-5.165924e-02	7.825546e+00
1.526000e-05	3.652218e-02	8.151282e+00
1.527000e-05	-4.334660e-03	8.371879e+00
1.528000e-05	-4.602856e-02	8.573383e+00
1.529000e-05	2.356474e-02	8.823015e+00
1.530000e-05	-3.934806e-02	9.087469e+00
1.531000e-05	5.846950e-03	9.297643e+00
1.532000e-05	-3.991994e-02	9.519202e+00
1.533000e-05	1.560804e-02	9.719676e+00
1.534000e-05	-2.311039e-02	1.000030e+01
1.535000e-05	-1.435404e-02	1.014976e+01
1.536000e-05	-2.871196e-02	1.037031e+01
1.537000e-05	-1.292197e-02	1.054376e+01
1.538000e-05	-1.894145e-03	1.077231e+01
1.539000e-05	-2.991361e-02	1.099123e+01
1.540000e-05	-1.019042e-02	1.115074e+01
1.541000e-05	-1.854830e-02	1.134013e+01
1.542000e-05	-1.149748e-02	1.160271e+01
1.543000e-05	-3.793354e-02	1.177173e+01
1.544000e-05	-8.177194e-03	1.194016e+01
1.545000e-05	-1.848540e-02	1.211860e+01
1.546000e-05	-2.109623e-02	1.230150e+01
1.547000e-05	-3.014121e-02	1.247702e+01
1.548000e-05	-1.893486e-02	1.263634e+01
1.549000e-05	-2.104895e-02	1.275281e+01
1.550000e-05	-3.366354e-02	1.291210e+01
1.551000e-05	-2.121711e-02	1.306995e+01
1.552000e-05	-2.600352e-02	1.326644e+01
1.553000e-05	-2.339300e-02	1.337478e+01
1.554000e-05	-3.705255e-02	1.350050e+01
1.555000e-05	-2.114067e-02	1.367740e+01
1.556000e-05	-3.097987e-02	1.377566e+01
1.557000e-05	-3.192760e-02	1.389145e+01
1.558000e-05	-3.568331e-02	1.405835e+01
1.559000e-05	-3.007058e-02	1.417529e+01
1.560000e-05	-3.295204e-02	1.430850e+01
1.561000e-05	-3.983005e-02	1.436469e+01
1.562000e-05	-3.304531e-02	1.454098e+01
1.563000e-05	-3.971525e-02	1.461221e+01
1.564000e-05	-3.667653e-02	1.464838e+01
1.565000e-05	-4.240860e-02	1.480166e+01
1.566000e-05	-3.633514e-02	1.476379e+01
1.567000e-05	-4.369242e-02	1.486592e+01
1.568000e-05	-4.538449e-02	1.492048e+01
1.569000e-05	-4.660718e-02	1.495069e+01
1.570000e-05	-4.742673e-02	1.500369e+01
1.571000e-05	-4.757141e-02	1.502485e+01
1.572000e-05	-5.241917e-02	1.506728e+01
1.573000e-05	-4.945606e-02	1.516091e+01
1.574000e-05	-5.584049e-02	1.512006e+01
1.575000e-05	-5.532524e-02	1.515258e+01
1.576000e-05	-5.795812e-02	1.517359e+01
1.577000e-05	-5.804918e-02	1.518364e+01
1.578000e-05	-6.157732e-02	1.521519e+01
1.579000e-05	-6.444781e-02	1.515377e+01
1.580000e-05	-6.542935e-02	1.522474e+01
1.581000e-05	-6.959769e-02	1.517224e+01
1.582000e-05	-7.023671e-02	1.515371e+01
1.583000e-05	-7.354729e-02	1.517114e+01
1.584000e-05	-7.595478e-02	1.513213e+01
1.585000e-05	-8.249074e-02	1.509994e+01
1.586000e-05	-8.611472e-02	1.506885e+01
1.587000e-05	-9.097804e-02	1.503534e+01
1.588000e-05	-9.644646e-02	1.503422e+01
1.589000e-05	-1.015619e-01	1.495111e+01
1.590000e-05	-1.076094e-01	1.490747e+01
1.591000e-05	-1.091591e-01	1.482486e+01
1.592000e-05	-1.114414e-01	1.477159e+01
1.593000e-05	-1.090986e-01	1.469842e+01
1.594000e-05	-1.071922e-01	1.461481e+01
1.595000e-05	-1.028817e-01	1.452911e+01
1.596000e-05	-9.769230e-02	1.444466e+01
1.597000e-05	-8.991008e-02	1.428951e+01
1.598000e-05	-8.416684e-02	1.418426e+01
1.599000e-05	-7.811413e-02	1.406885e+01
1.600000e-05	-7.288726e-02	1.396154e+01
1.601000e-05	-6.760711e-02	1.382664e+01
1.602000e-05	-6.358527e-02	1.367943e+01
1.603000e-05	-5.890165e-02	1.362316e+01
1.604000e-05	-5.541931e-02	1.343580e+01
1.605000e-05	-5.007875e-02	1.330807e+01
1.606000e-05	-5.077597e-02	1.319123e+01
1.607000e-05	-4.651671e-02	1.303377e+01
1.608000e-05	-4.485119e-02	1.289550e+01
1.609000e-05	-4.110913e-02	1.273861e+01
1.610000e-05	-4.082149e-02	1.256215e+01
1.611000e-05	-3.695391e-02	1.246444e+01
1.612000e-05	-3.643710e-02	1.229739e+01
1.613000e-05	-3.373182e-02	1.207698e+01
1.614000e-05	-3.443709e-02	1.192900e+01
1.615000e-05	-3.185871e-02	1.177963e+01
1.616000e-05	-2.992018e-02	1.153013e+01
1.617000e-05	-2.987425e-02	1.133098e+01
1.618000e-05	-2.782001e-02	1.111963e+01
1.619000e-05	-2.848488e-02	1.091920e+01
1.620000e-05	-2.611213e-02	1.076055e+01
1.621000e-05	-2.649197e-02	1.051710e+01
1.622000e-05	-2.433473e-02	1.030897e+01
1.623000e-05	-2.421894e-02	1.010765e+01
1.624000e-05	-2.213185e-02	9.885370e+00
1.625000e-05	-2.193963e-02	9.683544e+00
1.626000e-05	-2.132000e-02	9.454411e+00
1.627000e-05	-2.044060e-02	9.242857e+00
1.628000e-05	-2.102518e-02	9.001305e+00
1.629000e-05	-1.983916e-02	8.737225e+00
1.630000e-05	-1.925906e-02	8.508175e+00
1.631000e-05	-1.838728e-02	8.255476e+00
1.632000e-05	-1.834441e-02	8.022439e+00
1.633000e-05	-1.765927e-02	7.813807e+00
1.634000e-05	-1.565153e-02	7.510182e+00
1.635000e-05	-1.626154e-02	7.295011e+00
1.636000e-05	-1.505671e-02	6.962384e+00
1.637000e-05	-1.493547e-02	6.761300e+00
1.638000e-05	-1.364069e-02	6.505598e+00
1.639000e-05	-1.407087e-02	6.254487e+00
1.640000e-05	-1.365728e-02	6.052859e+00
1.641000e-05	-1.377287e-02	5.717301e+00
1.642000e-05	-1.209050e-02	5.505119e+00
1.643000e-05	-1.210095e-02	5.210984e+00
1.644000e-05	-1.214562e-02	4.874138e+00
1.645000e-05	-1.113826e-02	4.571905e+00
1.646000e-05	-1.112950e-02	4.358824e+00
1.647000e-05	-1.068565e-02	4.054132e+00
1.648000e-05	-1.072103e-02	3.800424e+00
1.649000e-05	-9.568208e-03	3.577271e+00
1.650000e-05	-9.028147e-03	3.233584e+00
1.651000e-05	-8.886268e-03	2.990326e+00
1.652000e-05	-9.812738e-03	2.705847e+00
1.653000e-05	-7.069842e-03	2.400854e+00
1.654000e-05	-7.107883e-03	2.116267e+00
1.655000e-05	-6.812448e-03	1.871562e+00
1.656000e-05	-6.971133e-03	1.578879e+00
1.657000e-05	-7.067298e-03	1.255707e+00
1.658000e-05	-6.350700e-03	9.077962e-01
1.659000e-05	-5.413634e-03	6.530780e-01
1.660000e-05	-4.593774e-03	3.994713e-01
1.661000e-05	-3.509291e-03	9.260665e-02
1.662000e-05	2.157322e-04	-1.778523e-01
1.663000e-05	8.309709e-03	-3.909765e-01
1.664000e-05	-6.164743e-03	-6.858407e-01
1.665000e-05	5.729123e-03	-9.799460e-01
1.666000e-05	-4.906591e-03	-1.243030e+00
1.667000e-05	4.062505e-03	-1.558290e+00
1.668000e-05	1.130041e-03	-1.719875e+00
1.669000e-05	4.286493e-02	-1.999949e+00
1.670000e-05	1.035315e-01	-2.245137e+00
1.671000e-05	-7.695177e-02	-2.635059e+00
1.672000e-05	-2.038556e-02	-3.001479e+00
1.673000e-05	-2.401799e-02	-3.315643e+00
1.674000e-05	-2.021490e-02	-3.517291e+00
1.675000e-05	-1.000118e-01	-3.727168e+00
1.676000e-05	1.573683e-01	-3.930668e+00
1.677000e-05	-1.779364e-02	-4.159823e+00
1.678000e-05	-6.961540e-02	-4.413039e+00
1.679000e-05	1.789147e-01	-4.677135e+00
1.680000e-05	-2.100718e-01	-4.960954e+00
1.681000e-05	1.687855e-01	-5.223559e+00
1.682000e-05	-6.327373e-02	-5.589376e+00
1.683000e-05	-7.254298e-03	-5.853512e+00
1.684000e-05	1.289606e-01	-6.035589e+00
1.685000e-05	-1.557269e-01	-6.370905e+00
1.686000e-05	1.314286e-01	-6.644014e+00
1.687000e-05	-8.618675e-02	-6.916645e+00
1.688000e-05	4.251610e-02	-7.222484e+00
1.689000e-05	2.559044e-02	-7.413435e+00
1.690000e-05	-6.021594e-02	-7.739173e+00
1.691000e-05	1.387211e-01	-8.014358e+00
1.692000e-05	-1.167864e-01	-8.225009e+00
1.693000e-05	1.102734e-01	-8.475622e+00
1.694000e-05	-4.786313e-02	-8.719225e+00
1.695000e-05	2.029200e-02	-9.041326e+00
1.696000e-05	1.582185e-02	-9.161333e+00
1.697000e-05	-2.274244e-02	-9.334257e+00
1.698000e-05	8.248937e-02	-9.633989e+00
1.699000e-05	-5.099306e-02	-9.835070e+00
1.700000e-05	6.350219e-02	-1.005704e+01
1.701000e-05	-4.644393e-02	-1.025584e+01
1.702000e-05	6.649330e-02	-1.046709e+01
1.703000e-05	-1.681895e-02	-1.068604e+01
1.704000e-05	3.292361e-02	-1.084755e+01
1.705000e-05	1.313631e-02	-1.105592e+01
1.706000e-05	9.143171e-03	-1.127537e+01
1.707000e-05	1.572400e-02	-1.142632e+01
1.708000e-05	3.379695e-03	-1.165480e+01
1.709000e-05	4.710954e-02	-1.179629e+01
1.710000e-05	-3.633443e-03	-1.203494e+01
1.711000e-05	3.263210e-02	-1.223226e+01
1.712000e-05	3.420738e-04	-1.237276e+01
1.713000e-05	4.364933e-02	-1.253963e+01
1.714000e-05	-9.927862e-04	-1.272060e+01
1.715000e-05	3.060855e-02	-1.289750e+01
1.716000e-05	1.404318e-02	-1.300476e+01
1.717000e-05	3.121535e-02	-1.315171e+01
1.718000e-05	1.456669e-02	-1.329755e+01
1.719000e-05	2.778370e-02	-1.343531e+01
1.720000e-05	3.032329e-02	-1.354176e+01
1.721000e-05	2.228446e-02	-1.370110e+01
1.722000e-05	2.673393e-02	-1.380579e+01
1.723000e-05	2.717761e-02	-1.398294e+01
1.724000e-05	3.524830e-02	-1.406835e+01
1.725000e-05	2.245909e-02	-1.418569e+01
1.726000e-05	3.294700e-02	-1.429790e+01
1.727000e-05	2.872851e-02	-1.440377e+01
1.728000e-05	3.436016e-02	-1.449753e+01
1.729000e-05	3.293859e-02	-1.458218e+01
1.730000e-05	3.948843e-02	-1.461532e+01
1.731000e-05	3.686515e-02	-1.470043e+01
1.732000e-05	3.517138e-02	-1.478266e+01
1.733000e-05	3.695081e-02	-1.481529e+01
1.734000e-05	4.176159e-02	-1.488697e+01
1.735000e-05	3.992550e-02	-1.490003e+01
1.736000e-05	4.247439e-02	-1.497211e+01
1.737000e-05	4.503285e-02	-1.497471e+01
1.738000e-05	4.646791e-02	-1.502614e+01
1.739000e-05	4.684029e-02	-1.507680e+01
1.740000e-05	4.960354e-02	-1.507785e+01
1.741000e-05	5.320519e-02	-1.508885e+01
1.742000e-05	5.325004e-02	-1.514105e+01
1.743000e-05	5.578364e-02	-1.513148e+01
1.744000e-05	5.780842e-02	-1.514204e+01
1.745000e-05	5.862614e-02	-1.513206e+01
1.746000e-05	5.824480e-02	-1.516305e+01
1.747000e-05	6.402492e-02	-1.509195e+01
1.748000e-05	6.795252e-02	-1.511000e+01
1.749000e-05	6.962635e-02	-1.510837e+01
1.750000e-05	7.289593e-02	-1.507687e+01
1.751000e-05	7.957145e-02	-1.508717e+01
1.752000e-05	8.279270e-02	-1.498174e+01
1.753000e-05	8.754655e-02	-1.493100e+01
1.754000e-05	9.312778e-02	-1.488747e+01
1.755000e-05	9.995444e-02	-1.489435e+01
1.756000e-05	1.032034e-01	-1.478318e+01
1.757000e-05	1.048382e-01	-1.467948e+01
1.758000e-05	1.054245e-01	-1.461535e+01
1.759000e-05	1.027963e-01	-1.458263e+01
1.760000e-05	9.737503e-02	-1.445697e+01
1.761000e-05	9.221476e-02	-1.437116e+01
1.762000e-05	8.719566e-02	-1.426787e+01
1.763000e-05	8.047476e-02	-1.414954e+01
1.764000e-05	7.338804e-02	-1.403582e+01
1.765000e-05	6.775994e-02	-1.392901e+01
1.766000e-05	6.250708e-02	-1.385279e+01
1.767000e-05	5.827096e-02	-1.365850e+01
1.768000e-05	5.423443e-02	-1.357900e+01
1.769000e-05	5.105610e-02	-1.343681e+01
1.770000e-05	4.539198e-02	-1.331647e+01
1.771000e-05	4.271438e-02	-1.316203e+01
1.772000e-05	4.040067e-02	-1.301486e+01
1.773000e-05	3.632937e-02	-1.285747e+01
1.774000e-05	3.515461e-02	-1.274003e+01
1.775000e-05	3.398985e-02	-1.258276e+01
1.776000e-05	3.196866e-02	-1.244381e+01
1.777000e-05	2.956812e-02	-1.221491e+01
1.778000e-05	2.695936e-02	-1.211900e+01
1.779000e-05	2.720920e-02	-1.193743e+01
1.780000e-05	2.524228e-02	-1.173902e+01
1.781000e-05	2.353431e-02	-1.151812e+01
1.782000e-05	2.281585e-02	-1.130805e+01
1.783000e-05	2.124752e-02	-1.108900e+01
1.784000e-05	1.997930e-02	-1.092957e+01
1.785000e-05	1.902231e-02	-1.071022e+01
1.786000e-05	1.780572e-02	-1.054122e+01
1.787000e-05	1.746357e-02	-1.028747e+01
1.788000e-05	1.569417e-02	-1.005847e+01
1.789000e-05	1.613113e-02	-9.885491e+00
1.790000e-05	1.562652e-02	-9.706969e+00
1.791000e-05	1.338283e-02	-9.433862e+00
1.792000e-05	1.226690e-02	-9.212863e+00
1.793000e-05	1.115412e-02	-9.031281e+00
1.794000e-05	1.187669e-02	-8.761281e+00
1.795000e-05	9.176237e-03	-8.529096e+00
1.796000e-05	9.196248e-03	-8.316497e+00
1.797000e-05	9.106815e-03	-8.062989e+00
1.798000e-05	8.298445e-03	-7.799781e+00
1.799000e-05	7.048682e-03	-7.536043e+00
1.800000e-05	6.898330e-03	-7.314961e+00
1.801000e-05	5.783175e-03	-7.042858e+00
1.802000e-05	6.119772e-03	-6.781776e+00
1.803000e-05	4.702892e-03	-6.528196e+00
1.804000e-05	4.487344e-03	-6.305588e+00
1.805000e-05	3.888651e-03	-5.970430e+00
1.806000e-05	5.245292e-03	-5.768296e+00
1.807000e-05	2.207036e-03	-5.545090e+00
1.808000e-05	3.871081e-03	-5.201330e+00
1.809000e-05	1.537765e-03	-4.866092e+00
1.810000e-05	3.712437e-03	-4.579825e+00
1.811000e-05	1.063164e-03	-4.367875e+00
1.812000e-05	2.158563e-03	-4.146137e+00
1.813000e-05	1.050857e-03	-3.861450e+00
1.814000e-05	-3.542102e-05	-3.587824e+00
1.815000e-05	-1.539863e-04	-3.323163e+00
1.816000e-05	-1.248842e-03	-3.007951e+00
1.817000e-05	-1.249991e-03	-2.736243e+00
1.818000e-05	-9.347199e-04	-2.442580e+00
1.819000e-05	-2.052637e-03	-2.169243e+00
1.820000e-05	-1.802452e-03	-1.884210e+00
1.821000e-05	-3.047696e-03	-1.641003e+00
1.822000e-05	-3.344896e-03	-1.274637e+00
1.823000e-05	-2.971152e-03	-9.678958e-01
1.824000e-05	-3.890040e-03	-6.951869e-01
1.825000e-05	-3.699869e-03	-4.180223e-01
1.826000e-05	-4.598601e-03	-1.472658e-01
1.827000e-05	-2.339103e-04	1.078411e-01
1.828000e-05	8.216560e-03	4.220291e-01
1.829000e-05	-7.423567e-03	6.711642e-01
1.830000e-05	4.225359e-03	8.762872e-01
1.831000e-05	-5.707087e-03	1.222481e+00
1.832000e-05	1.429786e-03	1.487193e+00
1.833000e-05	-7.598001e-03	1.810925e+00
1.834000e-05	1.392694e-02	2.019427e+00
1.835000e-05	3.589551e-02	2.303062e+00
1.836000e-05	8.444780e-02	2.530374e+00
1.837000e-05	-8.773176e-02	2.865688e+00
1.838000e-05	-2.433327e-02	3.150426e+00
1.839000e-05	-3.856759e-02	3.443658e+00
1.840000e-05	-2.402401e-03	3.676241e+00
1.841000e-05	-8.005979e-02	3.925795e+00
1.842000e-05	4.828343e-02	4.106670e+00
1.843000e-05	9.814204e-02	4.402008e+00
1.844000e-05	-1.640878e-01	4.645686e+00
1.845000e-05	1.347097e-01	4.930149e+00
1.846000e-05	-5.429275e-02	5.236642e+00
1.847000e-05	-4.435495e-02	5.520295e+00
1.848000e-05	5.993367e-02	5.804879e+00
1.849000e-05	-5.397715e-02	6.105141e+00
1.850000e-05	3.851518e-02	6.302299e+00
1.851000e-05	-4.339958e-02	6.602380e+00
1.852000e-05	2.135913e-03	6.866617e+00
1.853000e-05	-2.587213e-03	7.149876e+00
1.854000e-05	-3.567107e-02	7.384886e+00
1.855000e-05	9.331783e-03	7.677171e+00
1.856000e-05	-4.538231e-02	7.921733e+00
1.857000e-05	5.079998e-02	8.267088e+00
1.858000e-05	-3.710174e-02	8.454013e+00
1.859000e-05	-2.038665e-02	8.655096e+00
1.860000e-05	1.442971e-02	8.859149e+00
1.861000e-05	-4.098201e-02	9.150754e+00
1.862000e-05	9.403838e-03	9.350255e+00
1.863000e-05	-4.377020e-02	9.592312e+00
1.864000e-05	2.520173e-02	9.794488e+00
1.865000e-05	-3.735685e-02	1.005651e+01
1.866000e-05	-8.993012e-03	1.018589e+01
1.867000e-05	-3.082671e-02	1.037494e+01
1.868000e-05	-5.242972e-03	1.065389e+01
1.869000e-05	-7.418141e-03	1.086449e+01
1.870000e-05	-3.487881e-02	1.102344e+01
1.871000e-05	-1.397720e-03	1.123484e+01
1.872000e-05	-2.392067e-02	1.136579e+01
1.873000e-05	-1.183378e-02	1.161634e+01
1.874000e-05	-3.903379e-02	1.180441e+01
1.875000e-05	-2.910692e-03	1.197327e+01
1.876000e-05	-2.283115e-02	1.216163e+01
1.877000e-05	-2.452678e-02	1.236215e+01
1.878000e-05	-2.582858e-02	1.253065e+01
1.879000e-05	-1.984164e-02	1.268750e+01
1.880000e-05	-2.132178e-02	1.279589e+01
1.881000e-05	-3.577325e-02	1.297271e+01
1.882000e-05	-1.722771e-02	1.313268e+01
1.883000e-05	-2.835143e-02	1.327705e+01
1.884000e-05	-2.610561e-02	1.341574e+01
1.885000e-05	-3.431487e-02	1.361473e+01
1.886000e-05	-2.163351e-02	1.368748e+01
1.887000e-05	-3.103426e-02	1.383267e+01
1.888000e-05	-3.573583e-02	1.397316e+01
1.889000e-05	-3.125350e-02	1.412110e+01
1.890000e-05	-3.276257e-02	1.423629e+01
1.891000e-05	-3.314461e-02	1.431201e+01
1.892000e-05	-3.970920e-02	1.442622e+01
1.893000e-05	-3.158512e-02	1.459055e+01
1.894000e-05	-3.962106e-02	1.461474e+01
1.895000e-05	-3.897182e-02	1.466958e+01
1.896000e-05	-4.005221e-02	1.474221e+01
1.897000e-05	-4.000502e-02	1.478431e+01
1.898000e-05	-4.306364e-02	1.489742e+01
1.899000e-05	-4.781088e-02	1.490955e+01
1.900000e-05	-4.520271e-02	1.493318e+01
1.901000e-05	-4.896594e-02	1.501522e+01
1.902000e-05	-4.927004e-02	1.502590e+01
1.903000e-05	-5.188156e-02	1.507847e+01
1.904000e-05	-5.149329e-02	1.510951e+01
1.905000e-05	-5.495442e-02	1.514104e+01
1.906000e-05	-5.734243e-02	1.514166e+01
1.907000e-05	-5.659840e-02	1.520169e+01
1.908000e-05	-6.055862e-02	1.516619e+01
1.909000e-05	-6.190256e-02	1.524321e+01
1.910000e-05	-6.550492e-02	1.514319e+01
1.911000e-05	-6.464141e-02	1.517479e+01
1.912000e-05	-7.050880e-02	1.519419e+01
1.913000e-05	-7.049495e-02	1.518261e+01
1.914000e-05	-7.362779e-02	1.516214e+01
1.915000e-05	-7.857353e-02	1.513011e+01
1.916000e-05	-8.335750e-02	1.509843e+01
1.917000e-05	-8.866358e-02	1.504780e+01
1.918000e-05	-9.057623e-02	1.503482e+01
1.919000e-05	-9.950619e-02	1.496418e+01
1.920000e-05	-1.031784e-01	1.495960e+01
1.921000e-05	-1.091539e-01	1.487589e+01
1.922000e-05	-1.113918e-01	1.480531e+01
1.923000e-05	-1.117841e-01	1.474913e+01
1.924000e-05	-1.088950e-01	1.465687e+01
1.925000e-05	-1.050048e-01	1.456276e+01
1.926000e-05	-1.006757e-01	1.444782e+01
1.927000e-05	-9.409827e-02	1.438171e+01
1.928000e-05	-8.833326e-02	1.427842e+01
1.929000e-05	-8.268386e-02	1.417011e+01
1.930000e-05	-7.631729e-02	1.404595e+01
1.931000e-05	-7.139715e-02	1.389888e+01
1.932000e-05	-6.589353e-02	1.379311e+01
1.933000e-05	-6.151119e-02	1.363635e+01
1.934000e-05	-5.945704e-02	1.351801e+01
1.935000e-05	-5.419128e-02	1.341476e+01
1.936000e-05	-5.123496e-02	1.328744e+01
1.937000e-05	-4.896670e-02	1.311853e+01
1.938000e-05	-4.696674e-02	1.299218e+01
1.939000e-05	-4.386753e-02	1.277484e+01
1.940000e-05	-4.152639e-02	1.267703e+01
1.941000e-05	-3.930324e-02	1.254860e+01
1.942000e-05	-3.757511e-02	1.237173e+01
1.943000e-05	-3.485170e-02	1.218484e+01
1.944000e-05	-3.491258e-02	1.205529e+01
1.945000e-05	-3.306307e-02	1.184544e+01
1.946000e-05	-3.244801e-02	1.168597e+01
1.947000e-05	-2.836041e-02	1.144786e+01
1.948000e-05	-2.937402e-02	1.126592e+01
1.949000e-05	-2.857940e-02	1.107447e+01
1.950000e-05	-2.869329e-02	1.086542e+01
1.951000e-05	-2.557960e-02	1.070744e+01
1.952000e-05	-2.413786e-02	1.051545e+01
1.953000e-05	-2.444620e-02	1.026339e+01
1.954000e-05	-2.253123e-02	1.005497e+01
1.955000e-05	-2.273930e-02	9.813806e+00
1.956000e-05	-2.062263e-02	9.580679e+00
1.957000e-05	-2.205932e-02	9.359725e+00
1.958000e-05	-2.077164e-02	9.137600e+00
1.959000e-05	-2.093183e-02	8.915619e+00
1.960000e-05	-1.957037e-02	8.673515e+00
1.961000e-05	-1.908697e-02	8.433510e+00
1.962000e-05	-1.769979e-02	8.220834e+00
1.963000e-05	-1.654802e-02	7.968752e+00
1.964000e-05	-1.759204e-02	7.727042e+00
1.965000e-05	-1.607958e-02	7.435462e+00
1.966000e-05	-1.558341e-02	7.202259e+00
1.967000e-05	-1.499822e-02	6.919099e+00
1.968000e-05	-1.461413e-02	6.695615e+00
1.969000e-05	-1.400843e-02	6.392387e+00
1.970000e-05	-1.473714e-02	6.179278e+00
1.971000e-05	-1.245165e-02	5.949779e+00
1.972000e-05	-1.209959e-02	5.685536e+00
1.973000e-05	-1.119603e-02	5.433380e+00
1.974000e-05	-1.141370e-02	5.117090e+00
1.975000e-05	-1.142314e-02	4.789854e+00
1.976000e-05	-1.117244e-02	4.556191e+00
1.977000e-05	-1.024685e-02	4.282664e+00
1.978000e-05	-1.059983e-02	3.948876e+00
1.979000e-05	-1.020951e-02	3.686192e+00
1.980000e-05	-9.075645e-03	3.431991e+00
1.981000e-05	-8.518141e-03	3.178321e+00
1.982000e-05	-8.134293e-03	2.875138e+00
1.983000e-05	-7.724100e-03	2.599500e+00
1.984000e-05	-6.555290e-03	2.293663e+00
1.985000e-05	-7.209452e-03	2.042505e+00
1.986000e-05	-7.271751e-03	1.809355e+00
1.987000e-05	-6.940498e-03	1.483088e+00
1.988000e-05	-5.322827e-03	1.210895e+00
1.989000e-05	-5.995836e-03	8.031041e-01
1.990000e-05	-5.587167e-03	5.678472e-01
1.991000e-05	-5.340242e-03	3.042118e-01
1.992000e-05	-1.968232e-03	1.931300e-03
1.993000e-05	5.869355e-03	-2.827068e-01
1.994000e-05	1.726122e-03	-4.961908e-01
1.995000e-05	-1.080116e-03	-8.110476e-01
1.996000e-05	1.744599e-03	-1.063679e+00
1.997000e-05	4.309223e-04	-1.378792e+00
1.998000e-05	-1.359833e-03	-1.611524e+00
1.999000e-05	1.327271e-02	-1.833084e+00
2.000000e-05	6.188085e-02	-2.072062e+00
2.001000e-05	7.813439e-02	-2.381481e+00
2.002000e-05	-1.117366e-01	-2.739451e+00
2.003000e-05	1.992800e-02	-3.157346e+00
2.004000e-05	-4.798306e-02	-3.379899e+00
2.005000e-05	-2.508931e-02	-3.591423e+00
2.006000e-05	-7.117297e-02	-3.751474e+00
2.007000e-05	2.125401e-01	-3.970825e+00
2.008000e-05	-1.621454e-01	-4.276089e+00
2.009000e-05	9.465107e-02	-4.487566e+00
2.010000e-05	2.109448e-02	-4.738800e+00
2.011000e-05	-1.305390e-01	-5.077090e+00
2.012000e-05	1.842855e-01	-5.320150e+00
2.013000e-05	-1.515860e-01	-5.655088e+00
2.014000e-05	1.231842e-01	-5.906666e+00
2.015000e-05	3.891403e-03	-6.120751e+00
2.016000e-05	-8.482675e-02	-6.467067e+00
2.017000e-05	1.256730e-01	-6.729746e+00
2.018000e-05	-1.272274e-01	-7.033839e+00
2.019000e-05	1.258603e-01	-7.256068e+00
2.020000e-05	-8.327192e-02	-7.508626e+00
2.021000e-05	5.476876e-02	-7.843889e+00
2.022000e-05	4.695917e-02	-8.095566e+00
2.023000e-05	-7.183130e-02	-8.298704e+00
2.024000e-05	1.152818e-01	-8.540680e+00
2.025000e-05	-9.127581e-02	-8.844363e+00
2.026000e-05	8.072287e-02	-9.063437e+00
2.027000e-05	-5.037305e-02	-9.225944e+00
2.028000e-05	5.410826e-02	-9.427046e+00
2.029000e-05	1.959629e-02	-9.647649e+00
2.030000e-05	-1.084387e-02	-9.909175e+00
2.031000e-05	3.281302e-02	-1.013115e+01
2.032000e-05	-2.949906e-02	-1.035966e+01
2.033000e-05	6.750302e-02	-1.052120e+01
2.034000e-05	-3.264994e-02	-1.072118e+01
2.035000e-05	5.903614e-02	-1.087905e+01
2.036000e-05	-1.490259e-02	-1.111112e+01
2.037000e-05	3.483281e-02	-1.133860e+01
2.038000e-05	-1.218191e-02	-1.147700e+01
2.039000e-05	3.665007e-02	-1.170795e+01
2.040000e-05	1.912392e-02	-1.191995e+01
2.041000e-05	1.338395e-02	-1.215807e+01
2.042000e-05	1.863582e-02	-1.224592e+01
2.043000e-05	1.626189e-02	-1.247389e+01
2.044000e-05	3.189876e-02	-1.255124e+01
2.045000e-05	5.509687e-04	-1.275318e+01
2.046000e-05	3.347800e-02	-1.289760e+01
2.047000e-05	1.240464e-02	-1.305795e+01
2.048000e-05	3.448386e-02	-1.319327e+01
2.049000e-05	8.791459e-03	-1.334958e+01
2.050000e-05	3.903339e-02	-1.346787e+01
2.051000e-05	2.074905e-02	-1.361481e+01
2.052000e-05	2.856931e-02	-1.374013e+01
2.053000e-05	2.177757e-02	-1.385837e+01
2.054000e-05	3.418923e-02	-1.398324e+01
2.055000e-05	2.751191e-02	-1.413100e+01
2.056000e-05	2.569353e-02	-1.420579e+01
2.057000e-05	3.247744e-02	-1.439146e+01
2.058000e-05	3.050902e-02	-1.440537e+01
2.059000e-05	3.512651e-02	-1.452950e+01
2.060000e-05	3.368224e-02	-1.457373e+01
2.061000e-05	4.131985e-02	-1.463635e+01
2.062000e-05	3.595483e-02	-1.473953e+01
2.063000e-05	3.546434e-02	-1.476266e+01
2.064000e-05	3.726252e-02	-1.482634e+01
2.065000e-05	4.052694e-02	-1.488095e+01
2.066000e-05	3.889178e-02	-1.492898e+01
2.067000e-05	4.272734e-02	-1.493166e+01
2.068000e-05	4.530725e-02	-1.500319e+01
2.069000e-05	4.843555e-02	-1.501624e+01
2.070000e-05	4.721913e-02	-1.505925e+01
2.071000e-05	5.025600e-02	-1.508090e+01
2.072000e-05	5.297245e-02	-1.509940e+01
2.073000e-05	5.336632e-02	-1.515043e+01
2.074000e-05	5.539607e-02	-1.515195e+01
2.075000e-05	5.699315e-02	-1.518163e+01
2.076000e-05	5.866621e-02	-1.512958e+01
2.077000e-05	6.045837e-02	-1.510998e+01
2.078000e-05	6.546231e-02	-1.514946e+01
2.079000e-05	6.892277e-02	-1.513145e+01
2.080000e-05	7.069214e-02	-1.510827e+01
2.081000e-05	7.437852e-02	-1.506737e+01
2.082000e-05	7.892584e-02	-1.504572e+01
2.083000e-05	8.383606e-02	-1.500314e+01
2.084000e-05	8.924446e-02	-1.491106e+01
2.085000e-05	9.638337e-02	-1.489687e+01
2.086000e-05	1.013000e-01	-1.484624e+01
2.087000e-05	1.041420e-01	-1.477059e+01
2.088000e-05	1.064938e-01	-1.468845e+01
2.089000e-05	1.053595e-01	-1.462482e+01
2.090000e-05	1.012251e-01	-1.458008e+01
2.091000e-05	9.455265e-02	-1.446587e+01
2.092000e-05	8.970680e-02	-1.430058e+01
2.093000e-05	8.441820e-02	-1.427674e+01
2.094000e-05	7.799955e-02	-1.415095e+01
2.095000e-05	7.154253e-02	-1.405366e+01
2.096000e-05	6.717206e-02	-1.386800e+01
2.097000e-05	6.213892e-02	-1.377005e+01
2.098000e-05	5.701003e-02	-1.363389e+01
2.099000e-05	5.336222e-02	-1.348948e+01
2.100000e-05	4.944416e-02	-1.341271e+01
2.101000e-05	4.407874e-02	-1.324487e+01
2.102000e-05	4.217738e-02	-1.311953e+01
2.103000e-05	3.870930e-02	-1.299066e+01
2.104000e-05	3.569545e-02	-1.285392e+01
2.105000e-05	3.460578e-02	-1.266739e+01
2.106000e-05	3.353528e-02	-1.254760e+01
2.107000e-05	3.245291e-02	-1.238323e+01
2.108000e-05	2.791882e-02	-1.219428e+01
2.109000e-05	2.754460e-02	-1.208300e+01
2.110000e-05	2.451597e-02	-1.186489e+01
2.111000e-05	2.530354e-02	-1.165487e+01
2.112000e-05	2.242591e-02	-1.147387e+01
2.113000e-05	1.997189e-02	-1.125574e+01
2.114000e-05	2.174074e-02	-1.103384e+01
2.115000e-05	1.818094e-02	-1.080392e+01
2.116000e-05	2.159032e-02	-1.064539e+01
2.117000e-05	1.966645e-02	-1.045502e+01
2.118000e-05	1.653825e-02	-1.022271e+01
2.119000e-05	1.736000e-02	-9.992779e+00
2.120000e-05	1.083039e-02	-9.781830e+00
2.121000e-05	1.466772e-02	-9.578859e+00
2.122000e-05	1.035956e-02	-9.368699e+00
2.123000e-05	1.459057e-02	-9.149171e+00
2.124000e-05	1.212506e-02	-8.958571e+00
2.125000e-05	1.068670e-02	-8.685589e+00
2.126000e-05	1.036416e-02	-8.464361e+00
2.127000e-05	1.104439e-02	-8.221254e+00
2.128000e-05	9.886587e-03	-7.970778e+00
2.129000e-05	5.908955e-03	-7.667177e+00
2.130000e-05	5.157084e-03	-7.432435e+00
2.131000e-05	6.144904e-03	-7.190332e+00
2.132000e-05	5.117749e-03	-6.979246e+00
2.133000e-05	5.635543e-03	-6.674538e+00
2.134000e-05	6.038890e-03	-6.482888e+00
2.135000e-05	6.721098e-03	-6.210751e+00
2.136000e-05	4.101796e-03	-5.916693e+00
2.137000e-05	3.724235e-03	-5.694088e+00
2.138000e-05	3.671230e-03	-5.390854e+00
2.139000e-05	4.277449e-03	-5.085640e+00
2.140000e-05	1.186880e-03	-4.769299e+00
2.141000e-05	5.367070e-04	-4.484691e+00
2.142000e-05	1.514710e-03	-4.295115e+00
2.143000e-05	2.800003e-03	-4.023005e+00
2.144000e-05	3.571858e-03	-3.758743e+00
2.145000e-05	-5.218778e-04	-3.494661e+00
2.146000e-05	2.683671e-05	-3.238506e+00
2.147000e-05	-1.675272e-03	-2.916138e+00
2.148000e-05	-1.029606e-03	-2.651530e+00
2.149000e-05	-2.654797e-03	-2.356795e+00
2.150000e-05	-4.566511e-04	-2.055109e+00
2.151000e-05	-4.034018e-03	-1.820547e+00
2.152000e-05	-2.396255e-03	-1.556736e+00
2.153000e-05	-4.464561e-03	-1.159370e+00
2.154000e-05	-1.420128e-03	-9.237128e-01
2.155000e-05	-3.822885e-03	-6.393961e-01
2.156000e-05	-2.787696e-03	-3.548119e-01
2.157000e-05	-4.640880e-03	-1.531519e-03
2.158000e-05	5.034468e-03	2.141329e-01
2.159000e-05	2.630450e-03	4.563159e-01
2.160000e-05	-4.800840e-03	7.383184e-01
2.161000e-05	3.128288e-03	1.022125e+00
2.162000e-05	-5.621141e-03	1.288186e+00
2.163000e-05	-7.908949e-04	1.612678e+00
2.164000e-05	-4.241193e-03	1.855610e+00
2.165000e-05	2.117992e-02	2.065137e+00
2.166000e-05	6.114648e-02	2.309795e+00
2.167000e-05	4.287972e-02	2.664161e+00
2.168000e-05	-9.758930e-02	2.970399e+00
2.169000e-05	-9.516161e-03	3.244061e+00
2.170000e-05	-3.605819e-02	3.527853e+00
2.171000e-05	-2.038778e-02	3.780905e+00
2.172000e-05	-6.492413e-02	3.982352e+00
2.173000e-05	1.029301e-01	4.171984e+00
2.174000e-05	1.490246e-02	4.476671e+00
2.175000e-05	-1.284266e-01	4.748821e+00
2.176000e-05	1.779865e-01	5.013481e+00
2.177000e-05	-1.544841e-01	5.361349e+00
2.178000e-05	6.161527e-02	5.613934e+00
2.179000e-05	-1.551443e-02	5.917594e+00
2.180000e-05	-1.471832e-02	6.149300e+00
2.181000e-05	2.222802e-02	6.394413e+00
2.182000e-05	-4.977903e-02	6.736171e+00
2.183000e-05	2.970550e-02	6.909201e+00
2.184000e-05	-4.000596e-02	7.224513e+00
2.185000e-05	1.586109e-03	7.525771e+00
2.186000e-05	-2.497680e-02	7.740805e+00
2.187000e-05	-6.516009e-03	8.078042e+00
2.188000e-05	3.549164e-02	8.288144e+00
2.189000e-05	-5.338661e-02	8.518149e+00
2.190000e-05	7.361045e-03	8.761749e+00
2.191000e-05	-1.407695e-02	8.952308e+00
2.192000e-05	-1.920768e-02	9.233389e+00
2.193000e-05	-1.244910e-02	9.444949e+00
2.194000e-05	-1.814214e-02	9.685520e+00
2.195000e-05	6.392858e-03	9.928529e+00
2.196000e-05	-3.033401e-02	1.007760e+01
2.197000e-05	-1.675360e-02	1.026860e+01
2.198000e-05	-2.427707e-02	1.050865e+01
2.199000e-05	-2.108821e-03	1.072960e+01
2.200000e-05	-1.763540e-02	1.089868e+01
2.201000e-05	-2.691163e-02	1.109850e+01
2.202000e-05	-5.183903e-03	1.125898e+01
2.203000e-05	-1.941824e-02	1.148060e+01
2.204000e-05	-2.457397e-02	1.168968e+01
2.205000e-05	-2.506158e-02	1.191703e+01
2.206000e-05	-8.808620e-03	1.205650e+01
2.207000e-05	-2.098635e-02	1.221682e+01
2.208000e-05	-2.940162e-02	1.242584e+01
2.209000e-05	-2.002402e-02	1.259271e+01
2.210000e-05	-2.108455e-02	1.269010e+01
2.211000e-05	-2.752949e-02	1.287800e+01
2.212000e-05	-3.192524e-02	1.303677e+01
2.213000e-05	-2.019289e-02	1.322474e+01
2.214000e-05	-2.477343e-02	1.332016e+01
2.215000e-05	-3.244130e-02	1.345900e+01
2.216000e-05	-2.739931e-02	1.360517e+01
2.217000e-05	-2.636965e-02	1.374003e+01
2.218000e-05	-3.000609e-02	1.386893e+01
2.219000e-05	-3.845871e-02	1.402422e+01
2.220000e-05	-2.884953e-02	1.415159e+01
2.221000e-05	-3.392943e-02	1.424840e+01
2.222000e-05	-3.623499e-02	1.434366e+01
2.223000e-05	-3.640490e-02	1.446037e+01
2.224000e-05	-3.575077e-02	1.457448e+01
2.225000e-05	-3.705549e-02	1.463599e+01
2.226000e-05	-4.133198e-02	1.468845e+01
2.227000e-05	-3.620399e-02	1.477326e+01
2.228000e-05	-4.346601e-02	1.482480e+01
2.229000e-05	-4.383590e-02	1.486837e+01
2.230000e-05	-4.776838e-02	1.492016e+01
2.231000e-05	-4.377024e-02	1.499316e+01
2.232000e-05	-4.871199e-02	1.501479e+01
2.233000e-05	-5.136732e-02	1.503635e+01
2.234000e-05	-5.076975e-02	1.506846e+01
2.235000e-05	-5.344857e-02	1.510103e+01
2.236000e-05	-5.438229e-02	1.515261e+01
2.237000e-05	-5.859452e-02	1.516159e+01
2.238000e-05	-5.607680e-02	1.516369e+01
2.239000e-05	-6.146466e-02	1.520576e+01
2.240000e-05	-6.320460e-02	1.520419e+01
2.241000e-05	-6.558393e-02	1.521371e+01
2.242000e-05	-6.693678e-02	1.521322e+01
2.243000e-05	-7.045355e-02	1.521266e+01
2.244000e-05	-7.316904e-02	1.517366e+01
2.245000e-05	-7.465698e-02	1.517154e+01
2.246000e-05	-8.079043e-02	1.514158e+01
2.247000e-05	-8.303545e-02	1.508898e+01
2.248000e-05	-8.961891e-02	1.505580e+01
2.249000e-05	-9.339557e-02	1.501371e+01
2.250000e-05	-1.014196e-01	1.496168e+01
2.251000e-05	-1.055440e-01	1.490903e+01
2.252000e-05	-1.095531e-01	1.483542e+01
2.253000e-05	-1.121862e-01	1.477171e+01
2.254000e-05	-1.102420e-01	1.469000e+01
2.255000e-05	-1.085389e-01	1.465626e+01
2.256000e-05	-1.008836e-01	1.455158e+01
2.257000e-05	-9.944656e-02	1.440684e+01
2.258000e-05	-9.127785e-02	1.437216e+01
2.259000e-05	-8.613594e-02	1.418582e+01
2.260000e-05	-7.937553e-02	1.416000e+01
2.261000e-05	-7.589680e-02	1.401174e+01
2.262000e-05	-6.886368e-02	1.390739e+01
2.263000e-05	-6.615831e-02	1.372203e+01
2.264000e-05	-5.965622e-02	1.362432e+01
2.265000e-05	-5.751801e-02	1.348642e+01
2.266000e-05	-5.192824e-02	1.337013e+01
2.267000e-05	-5.116955e-02	1.321332e+01
2.268000e-05	-4.774930e-02	1.308672e+01
2.269000e-05	-4.637259e-02	1.296018e+01
2.270000e-05	-4.209896e-02	1.278271e+01
2.271000e-05	-4.257769e-02	1.262382e+01
2.272000e-05	-3.779542e-02	1.248752e+01
2.273000e-05	-3.842459e-02	1.233957e+01
2.274000e-05	-3.390023e-02	1.219018e+01
2.275000e-05	-3.640002e-02	1.199568e+01
2.276000e-05	-3.099515e-02	1.184376e+01
2.277000e-05	-3.113435e-02	1.158323e+01
2.278000e-05	-2.909965e-02	1.142218e+01
2.279000e-05	-2.733180e-02	1.115321e+01
2.280000e-05	-2.809073e-02	1.102473e+01
2.281000e-05	-2.680375e-02	1.082326e+01
2.282000e-05	-2.706578e-02	1.059275e+01
2.283000e-05	-2.603102e-02	1.038423e+01
2.284000e-05	-2.449004e-02	1.019180e+01
2.285000e-05	-2.269733e-02	9.939655e+00
2.286000e-05	-1.979951e-02	9.738134e+00
2.287000e-05	-2.164257e-02	9.516595e+00
2.288000e-05	-2.174678e-02	9.286142e+00
2.289000e-05	-2.053305e-02	9.066939e+00
2.290000e-05	-2.029844e-02	8.794386e+00
2.291000e-05	-2.067661e-02	8.571779e+00
2.292000e-05	-1.895890e-02	8.381828e+00
2.293000e-05	-1.855679e-02	8.128576e+00
2.294000e-05	-1.715831e-02	7.895019e+00
2.295000e-05	-1.741044e-02	7.682963e+00
2.296000e-05	-1.449820e-02	7.369707e+00
2.297000e-05	-1.479390e-02	7.095690e+00
2.298000e-05	-1.482713e-02	6.895012e+00
2.299000e-05	-1.740919e-02	6.621877e+00
2.300000e-05	-1.257955e-02	6.348224e+00
2.301000e-05	-1.237735e-02	6.126718e+00
2.302000e-05	-1.295612e-02	5.834413e+00
2.303000e-05	-1.249579e-02	5.590324e+00
2.304000e-05	-1.069553e-02	5.337145e+00
2.305000e-05	-1.150395e-02	4.980829e+00
2.306000e-05	-1.091496e-02	4.666642e+00
2.307000e-05	-1.215640e-02	4.453560e+00
2.308000e-05	-1.020109e-02	4.169751e+00
2.309000e-05	-1.194707e-02	3.876510e+00
2.310000e-05	-1.072029e-02	3.612535e+00
2.311000e-05	-9.272639e-03	3.347345e+00
2.312000e-05	-6.660318e-03	3.121588e+00
2.313000e-05	-8.367637e-03	2.801007e+00
2.314000e-05	-7.720481e-03	2.507616e+00
2.315000e-05	-7.749261e-03	2.270974e+00
2.316000e-05	-7.477198e-03	1.958850e+00
2.317000e-05	-6.991255e-03	1.663212e+00
2.318000e-05	-6.366283e-03	1.348844e+00
2.319000e-05	-6.125767e-03	1.011688e+00
2.320000e-05	-6.498112e-03	7.483447e-01
2.321000e-05	-5.517407e-03	4.926805e-01
2.322000e-05	-3.575211e-03	2.105009e-01
2.323000e-05	-1.140766e-03	-1.062631e-01
2.324000e-05	1.005126e-02	-3.477922e-01
2.325000e-05	-6.329550e-03	-5.920527e-01
2.326000e-05	5.208991e-03	-8.651143e-01
2.327000e-05	-3.833685e-03	-1.117318e+00
2.328000e-05	3.836699e-03	-1.413082e+00
2.329000e-05	-4.280936e-03	-1.694163e+00
2.330000e-05	2.762731e-02	-1.936268e+00
2.331000e-05	8.819542e-02	-2.128793e+00
2.332000e-05	5.233145e-03	-2.518297e+00
2.333000e-05	-8.379938e-02	-2.866188e+00
2.334000e-05	1.388168e-02	-3.224108e+00
2.335000e-05	-3.993395e-02	-3.453508e+00
2.336000e-05	-6.317982e-02	-3.632058e+00
2.337000e-05	3.296769e-02	-3.873959e+00
2.338000e-05	1.480874e-01	-4.055034e+00
2.339000e-05	-2.001532e-01	-4.359376e+00
2.340000e-05	2.054157e-01	-4.551796e+00
2.341000e-05	-1.311680e-01	-4.875166e+00
2.342000e-05	2.589024e-02	-5.182328e+00
2.343000e-05	8.484778e-02	-5.416038e+00
2.344000e-05	-1.296608e-01	-5.760276e+00
2.345000e-05	1.813590e-01	-6.009826e+00
2.346000e-05	-1.162443e-01	-6.274588e+00
2.347000e-05	3.801108e-02	-6.550279e+00
2.348000e-05	2.867739e-02	-6.792909e+00
2.349000e-05	-7.209383e-02	-7.127696e+00
2.350000e-05	1.215980e-01	-7.359798e+00
2.351000e-05	-1.221074e-01	-7.612934e+00
2.352000e-05	1.420129e-01	-7.927694e+00
2.353000e-05	-6.470382e-02	-8.170328e+00
2.354000e-05	2.696793e-02	-8.414387e+00
2.355000e-05	4.637020e-02	-8.624861e+00
2.356000e-05	-5.836969e-02	-8.900547e+00
2.357000e-05	7.995437e-02	-9.087097e+00
2.358000e-05	-6.988691e-02	-9.317702e+00
2.359000e-05	1.001051e-01	-9.589830e+00
2.360000e-05	-3.960068e-02	-9.770255e+00
2.361000e-05	4.285554e-02	-1.000131e+01
2.362000e-05	-1.770787e-02	-1.018073e+01
2.363000e-05	2.186896e-02	-1.046441e+01
2.364000e-05	3.219286e-02	-1.061333e+01
2.365000e-05	-8.689343e-03	-1.083376e+01
2.366000e-05	4.893423e-02	-1.092076e+01
2.367000e-05	-1.632258e-02	-1.122429e+01
2.368000e-05	3.880756e-02	-1.135321e+01
2.369000e-05	-1.952303e-02	-1.159221e+01
2.370000e-05	5.530497e-02	-1.178266e+01
2.371000e-05	-1.132458e-03	-1.200419e+01
2.372000e-05	3.256733e-02	-1.215068e+01
2.373000e-05	4.356394e-04	-1.231913e+01
2.374000e-05	3.424859e-02	-1.250845e+01
2.375000e-05	1.308128e-02	-1.264631e+01
2.376000e-05	1.797325e-02	-1.278381e+01
2.377000e-05	2.548495e-02	-1.295068e+01
2.378000e-05	2.009053e-02	-1.308053e+01
2.379000e-05	2.736074e-02	-1.323637e+01
2.380000e-05	1.523920e-02	-1.343416e+01
2.381000e-05	3.889650e-02	-1.351051e+01
2.382000e-05	1.747294e-02	-1.369699e+01
2.383000e-05	3.004165e-02	-1.378271e+01
2.384000e-05	2.070965e-02	-1.391996e+01
2.385000e-05	3.738887e-02	-1.405537e+01
2.386000e-05	2.373476e-02	-1.416161e+01
2.387000e-05	3.151026e-02	-1.426885e+01
2.388000e-05	3.084724e-02	-1.436211e+01
2.389000e-05	3.294643e-02	-1.446784e+01
2.390000e-05	3.249522e-02	-1.455113e+01
2.391000e-05	3.598488e-02	-1.459324e+01
2.392000e-05	3.906707e-02	-1.470695e+01
2.393000e-05	3.531819e-02	-1.475059e+01
2.394000e-05	3.543133e-02	-1.480421e+01
2.395000e-05	3.906196e-02	-1.485582e+01
2.396000e-05	4.103863e-02	-1.492903e+01
2.397000e-05	4.038258e-02	-1.495056e+01
2.398000e-05	4.398800e-02	-1.500319e+01
2.399000e-05	4.548792e-02	-1.503474e+01
2.400000e-05	4.814457e-02	-1.504829e+01
2.401000e-05	4.699031e-02	-1.506780e+01
2.402000e-05	5.163988e-02	-1.506785e+01
2.403000e-05	5.302558e-02	-1.510945e+01
2.404000e-05	5.438507e-02	-1.514148e+01
2.405000e-05	5.591506e-02	-1.513108e+01
2.406000e-05	5.888958e-02	-1.515008e+01
2.407000e-05	5.915116e-02	-1.516155e+01
2.408000e-05	6.185614e-02	-1.513961e+01
2.409000e-05	6.659334e-02	-1.511005e+01
2.410000e-05	6.924915e-02	-1.511992e+01
2.411000e-05	7.143720e-02	-1.505687e+01
2.412000e-05	7.597913e-02	-1.503830e+01
2.413000e-05	8.097310e-02	-1.502374e+01
2.414000e-05	8.617065e-02	-1.496356e+01
2.415000e-05	9.165913e-02	-1.489895e+01
2.416000e-05	9.808907e-02	-1.486734e+01
2.417000e-05	1.024826e-01	-1.484426e+01
2.418000e-05	1.050862e-01	-1.475958e+01
2.419000e-05	1.059800e-01	-1.466689e+01
2.420000e-05	1.035018e-01	-1.459376e+01
2.421000e-05	9.930996e-02	-1.449903e+01
2.422000e-05	9.308253e-02	-1.442431e+01
2.423000e-05	8.820464e-02	-1.430737e+01
2.424000e-05	8.293629e-02	-1.417561e+01
2.425000e-05	7.671113e-02	-1.406840e+01
2.426000e-05	6.974804e-02	-1.395856e+01
2.427000e-05	6.468745e-02	-1.387630e+01
2.428000e-05	5.916761e-02	-1.371010e+01
2.429000e-05	5.568781e-02	-1.360319e+01
2.430000e-05	5.287648e-02	-1.344592e+01
2.431000e-05	4.754358e-02	-1.337858e+01
2.432000e-05	4.365405e-02	-1.321324e+01
2.433000e-05	4.056266e-02	-1.311535e+01
2.434000e-05	3.719100e-02	-1.293960e+01
2.435000e-05	3.557049e-02	-1.280061e+01
2.436000e-05	3.481788e-02	-1.260434e+01
2.437000e-05	3.311231e-02	-1.250687e+01
2.438000e-05	3.097903e-02	-1.234803e+01
2.439000e-05	2.858277e-02	-1.214220e+01
2.440000e-05	2.686701e-02	-1.201371e+01
2.441000e-05	2.429562e-02	-1.182374e+01
2.442000e-05	2.379124e-02	-1.162369e+01
2.443000e-05	2.271187e-02	-1.141218e+01
2.444000e-05	2.152062e-02	-1.118016e+01
2.445000e-05	2.125660e-02	-1.098076e+01
2.446000e-05	1.961462e-02	-1.079076e+01
2.447000e-05	1.866014e-02	-1.060126e+01
2.448000e-05	1.806909e-02	-1.039218e+01
2.449000e-05	1.630042e-02	-1.017970e+01
2.450000e-05	1.592454e-02	-9.938701e+00
2.451000e-05	1.490154e-02	-9.750200e+00
2.452000e-05	1.382660e-02	-9.528049e+00
2.453000e-05	1.175000e-02	-9.327542e+00
2.454000e-05	1.151997e-02	-9.094463e+00
2.455000e-05	9.798345e-03	-8.875416e+00
2.456000e-05	1.028724e-02	-8.631807e+00
2.457000e-05	8.675852e-03	-8.360651e+00
2.458000e-05	8.818309e-03	-8.138176e+00
2.459000e-05	8.150754e-03	-7.905521e+00
2.460000e-05	7.337747e-03	-7.663264e+00
2.461000e-05	8.077719e-03	-7.348278e+00
2.462000e-05	5.218466e-03	-7.167117e+00
2.463000e-05	5.128656e-03	-6.873890e+00
2.464000e-05	3.696856e-03	-6.660908e+00
2.465000e-05	5.468967e-03	-6.358800e+00
2.466000e-05	4.413699e-03	-6.135041e+00
2.467000e-05	6.054369e-03	-5.821538e+00
2.468000e-05	1.339510e-03	-5.580383e+00
2.469000e-05	3.716312e-03	-5.325120e+00
2.470000e-05	1.124123e-03	-5.041356e+00
2.471000e-05	4.023966e-03	-4.674996e+00
2.472000e-05	2.485610e-04	-4.462532e+00
2.473000e-05	1.691918e-03	-4.180926e+00
2.474000e-05	5.822817e-04	-3.934220e+00
2.475000e-05	2.060520e-03	-3.682982e+00
2.476000e-05	-1.915702e-03	-3.389321e+00
2.477000e-05	-2.486507e-04	-3.134814e+00
2.478000e-05	-2.139856e-03	-2.819947e+00
2.479000e-05	1.376857e-03	-2.548268e+00
2.480000e-05	-4.287533e-03	-2.311704e+00
2.481000e-05	-1.006117e-03	-1.977371e+00
2.482000e-05	-3.697679e-03	-1.717216e+00
2.483000e-05	-1.788703e-03	-1.410525e+00
2.484000e-05	-4.874869e-03	-1.053133e+00
2.485000e-05	-2.188771e-03	-7.703987e-01
2.486000e-05	-3.633778e-03	-4.836354e-01
2.487000e-05	-3.543612e-03	-2.736566e-01
2.488000e-05	-4.207315e-03	3.515808e-02
2.489000e-05	8.065252e-03	3.473933e-01
2.490000e-05	-2.484780e-03	5.888998e-01
2.491000e-05	5.525299e-04	8.334365e-01
2.492000e-05	-2.228763e-03	1.138245e+00
2.493000e-05	-9.315466e-04	1.329478e+00
2.494000e-05	-4.006447e-03	1.734916e+00
2.495000e-05	3.327855e-03	1.907291e+00
2.496000e-05	2.323476e-02	2.139317e+00
2.497000e-05	8.528778e-02	2.444008e+00
2.498000e-05	-2.723643e-02	2.769476e+00
2.499000e-05	-6.500530e-02	3.055093e+00
2.500000e-05	-2.247038e-02	3.318324e+00
2.501000e-05	-1.543815e-02	3.643512e+00
2.502000e-05	-5.714741e-02	3.843113e+00
2.503000e-05	-1.714733e-02	4.005539e+00
2.504000e-05	1.263972e-01	4.317791e+00
2.505000e-05	-9.214617e-02	4.572481e+00
2.506000e-05	-2.387780e-03	4.782405e+00
2.507000e-05	9.587343e-02	5.182280e+00
2.508000e-05	-1.474756e-01	5.453112e+00
2.509000e-05	9.940048e-02	5.699195e+00
2.510000e-05	-6.017995e-02	5.981005e+00
2.511000e-05	2.609279e-02	6.253534e+00
2.512000e-05	-1.052396e-02	6.478249e+00
2.513000e-05	-3.302997e-02	6.821433e+00
2.514000e-05	2.832448e-02	7.033468e+00
2.515000e-05	-5.436680e-02	7.269673e+00
2.516000e-05	2.282956e-02	7.612989e+00
2.517000e-05	-5.064327e-02	7.838096e+00
2.518000e-05	3.431164e-02	8.160355e+00
2.519000e-05	-1.492557e-03	8.361283e+00
2.520000e-05	-4.670596e-02	8.551229e+00
2.521000e-05	2.135769e-02	8.823916e+00
2.522000e-05	-3.898144e-02	9.065992e+00
2.523000e-05	6.096698e-03	9.278120e+00
2.524000e-05	-3.802395e-02	9.490148e+00
2.525000e-05	1.287192e-02	9.729154e+00
2.526000e-05	-2.224315e-02	1.001181e+01
2.527000e-05	-1.476563e-02	1.012271e+01
2.528000e-05	-2.780495e-02	1.037468e+01
2.529000e-05	-1.262429e-02	1.057320e+01
2.530000e-05	-2.300967e-03	1.079189e+01
2.531000e-05	-3.052739e-02	1.096176e+01
2.532000e-05	-1.154628e-02	1.115163e+01
2.533000e-05	-1.848268e-02	1.132111e+01
2.534000e-05	-1.102556e-02	1.156178e+01
2.535000e-05	-3.749608e-02	1.177279e+01
2.536000e-05	-9.731335e-03	1.194113e+01
2.537000e-05	-1.840768e-02	1.212963e+01
2.538000e-05	-2.131890e-02	1.226052e+01
2.539000e-05	-3.028873e-02	1.245754e+01
2.540000e-05	-1.902678e-02	1.263631e+01
2.541000e-05	-2.013233e-02	1.280121e+01
2.542000e-05	-3.315004e-02	1.292011e+01
2.543000e-05	-2.274345e-02	1.304935e+01
2.544000e-05	-2.507561e-02	1.324592e+01
2.545000e-05	-2.254075e-02	1.337321e+01
2.546000e-05	-3.675240e-02	1.350968e+01
2.547000e-05	-2.183227e-02	1.363685e+01
2.548000e-05	-3.001139e-02	1.377424e+01
2.549000e-05	-3.051666e-02	1.387191e+01
2.550000e-05	-3.596987e-02	1.406642e+01
2.551000e-05	-3.091036e-02	1.419369e+01
2.552000e-05	-3.264689e-02	1.425995e+01
2.553000e-05	-3.962446e-02	1.437577e+01
2.554000e-05	-3.275912e-02	1.448950e+01
2.555000e-05	-3.950222e-02	1.461414e+01
2.556000e-05	-3.595285e-02	1.464597e+01
2.557000e-05	-4.210363e-02	1.473006e+01
2.558000e-05	-3.684188e-02	1.480381e+01
2.559000e-05	-4.471486e-02	1.483599e+01
2.560000e-05	-4.439297e-02	1.491955e+01
2.561000e-05	-4.534946e-02	1.494060e+01
2.562000e-05	-4.626529e-02	1.501519e+01
2.563000e-05	-4.783370e-02	1.504585e+01
2.564000e-05	-5.219011e-02	1.507640e+01
2.565000e-05	-4.976337e-02	1.510038e+01
2.566000e-05	-5.577733e-02	1.512103e+01
2.567000e-05	-5.541151e-02	1.512369e+01
2.568000e-05	-5.843323e-02	1.517257e+01
2.569000e-05	-5.732328e-02	1.520471e+01
2.570000e-05	-6.170890e-02	1.519374e+01
2.571000e-05	-6.539827e-02	1.520529e+01
2.572000e-05	-6.502052e-02	1.518411e+01
2.573000e-05	-6.838327e-02	1.515367e+01
2.574000e-05	-7.027119e-02	1.519264e+01
2.575000e-05	-7.509465e-02	1.515056e+01
2.576000e-05	-7.574100e-02	1.510359e+01
2.577000e-05	-8.202232e-02	1.513043e+01
2.578000e-05	-8.462492e-02	1.508891e+01
2.579000e-05	-9.086088e-02	1.501582e+01
2.580000e-05	-9.694922e-02	1.500519e+01
2.581000e-05	-1.011618e-01	1.499011e+01
2.582000e-05	-1.074286e-01	1.489097e+01
2.583000e-05	-1.099180e-01	1.480439e+01
2.584000e-05	-1.124221e-01	1.477024e+01
2.585000e-05	-1.092964e-01	1.464795e+01
2.586000e-05	-1.079342e-01	1.463576e+01
2.587000e-05	-1.019919e-01	1.451843e+01
2.588000e-05	-9.794944e-02	1.439419e+01
2.589000e-05	-9.047225e-02	1.428193e+01
2.590000e-05	-8.497615e-02	1.420316e+01
2.591000e-05	-7.678209e-02	1.409703e+01
2.592000e-05	-7.314831e-02	1.394121e+01
2.593000e-05	-6.857831e-02	1.380476e+01
2.594000e-05	-6.534749e-02	1.370900e+01
2.595000e-05	-5.933034e-02	1.358316e+01
2.596000e-05	-5.582586e-02	1.343736e+01
2.597000e-05	-5.110950e-02	1.329762e+01
2.598000e-05	-5.067795e-02	1.314014e+01
2.599000e-05	-4.664366e-02	1.306636e+01
2.600000e-05	-4.555242e-02	1.288699e+01
2.601000e-05	-4.165750e-02	1.273955e+01
2.602000e-05	-4.091224e-02	1.257126e+01
2.603000e-05	-3.796565e-02	1.242484e+01
2.604000e-05	-3.685269e-02	1.225742e+01
2.605000e-05	-3.442915e-02	1.214745e+01
2.606000e-05	-3.288334e-02	1.193005e+01
2.607000e-05	-3.207895e-02	1.175957e+01
2.608000e-05	-3.109340e-02	1.156953e+01
2.609000e-05	-3.062523e-02	1.129855e+01
2.610000e-05	-2.741250e-02	1.115002e+01
2.611000e-05	-2.779489e-02	1.094963e+01
2.612000e-05	-2.615000e-02	1.079083e+01
2.613000e-05	-2.635979e-02	1.058207e+01
2.614000e-05	-2.419520e-02	1.031862e+01
2.615000e-05	-2.354263e-02	1.012957e+01
2.616000e-05	-2.273606e-02	9.856990e+00
2.617000e-05	-2.147095e-02	9.673920e+00
2.618000e-05	-2.086897e-02	9.403336e+00
2.619000e-05	-2.106179e-02	9.212937e+00
2.620000e-05	-2.122978e-02	9.000728e+00
2.621000e-05	-1.907840e-02	8.758222e+00
2.622000e-05	-1.866896e-02	8.508648e+00
2.623000e-05	-1.881559e-02	8.276065e+00
2.624000e-05	-1.735710e-02	8.014913e+00
2.625000e-05	-1.693539e-02	7.760280e+00
2.626000e-05	-1.621608e-02	7.509572e+00
2.627000e-05	-1.610335e-02	7.284438e+00
2.628000e-05	-1.544954e-02	7.022409e+00
2.629000e-05	-1.415381e-02	6.790756e+00
2.630000e-05	-1.352078e-02	6.508196e+00
2.631000e-05	-1.404394e-02	6.274086e+00
2.632000e-05	-1.268729e-02	6.061009e+00
2.633000e-05	-1.293682e-02	5.768229e+00
2.634000e-05	-1.281440e-02	5.526716e+00
2.635000e-05	-1.169374e-02	5.232459e+00
2.636000e-05	-1.220470e-02	4.864539e+00
2.637000e-05	-1.104136e-02	4.630456e+00
2.638000e-05	-1.078463e-02	4.368426e+00
2.639000e-05	-1.045480e-02	4.044009e+00
2.640000e-05	-1.023723e-02	3.799974e+00
2.641000e-05	-8.909647e-03	3.577800e+00
2.642000e-05	-9.592965e-03	3.273534e+00
2.643000e-05	-8.240447e-03	2.969800e+00
2.644000e-05	-8.907385e-03	2.765266e+00
2.645000e-05	-7.216098e-03	2.461374e+00
2.646000e-05	-8.664654e-03	2.136842e+00
2.647000e-05	-7.383400e-03	1.863659e+00
2.648000e-05	-6.601324e-03	1.557350e+00
2.649000e-05	-6.461989e-03	1.284209e+00
2.650000e-05	-6.517536e-03	9.068685e-01
2.651000e-05	-5.487178e-03	7.001328e-01
2.652000e-05	-4.771114e-03	4.094962e-01
2.653000e-05	-3.500372e-03	5.631696e-02
2.654000e-05	5.440039e-04	-1.595224e-01
2.655000e-05	8.261888e-03	-4.295288e-01
2.656000e-05	-6.476783e-03	-7.372407e-01
2.657000e-05	5.616718e-03	-9.598472e-01
2.658000e-05	-4.820456e-03	-1.192605e+00
2.659000e-05	3.675245e-03	-1.526396e+00
2.660000e-05	3.615861e-04	-1.779422e+00
2.661000e-05	4.152989e-02	-1.979976e+00
2.662000e-05	1.036606e-01	-2.246659e+00
2.663000e-05	-7.450087e-02	-2.614534e+00
2.664000e-05	-2.398005e-02	-3.023534e+00
2.665000e-05	-2.216182e-02	-3.296718e+00
2.666000e-05	-2.114871e-02	-3.486790e+00
2.667000e-05	-9.885649e-02	-3.708151e+00
2.668000e-05	1.523180e-01	-3.898317e+00
2.669000e-05	-9.726613e-03	-4.138775e+00
2.670000e-05	-7.293468e-02	-4.452057e+00
2.671000e-05	1.815539e-01	-4.605514e+00
2.672000e-05	-2.074586e-01	-4.961328e+00
2.673000e-05	1.638012e-01	-5.246090e+00
2.674000e-05	-5.799250e-02	-5.537801e+00
2.675000e-05	-1.209543e-02	-5.823589e+00
2.676000e-05	1.312920e-01	-6.073061e+00
2.677000e-05	-1.539090e-01	-6.401335e+00
2.678000e-05	1.284534e-01	-6.684009e+00
2.679000e-05	-8.203542e-02	-6.917544e+00
2.680000e-05	3.740524e-02	-7.192459e+00
2.681000e-05	2.930118e-02	-7.442092e+00
2.682000e-05	-6.269722e-02	-7.710773e+00
2.683000e-05	1.418107e-01	-8.062287e+00
2.684000e-05	-1.154736e-01	-8.252418e+00
2.685000e-05	1.061931e-01	-8.486019e+00
2.686000e-05	-4.484207e-02	-8.679051e+00
2.687000e-05	1.846819e-02	-8.989734e+00
2.688000e-05	2.010711e-02	-9.110279e+00
2.689000e-05	-2.414289e-02	-9.391338e+00
2.690000e-05	8.484730e-02	-9.634916e+00
2.691000e-05	-5.124863e-02	-9.885466e+00
2.692000e-05	6.124628e-02	-1.005589e+01
2.693000e-05	-4.622073e-02	-1.026684e+01
2.694000e-05	6.503535e-02	-1.049710e+01
2.695000e-05	-1.401306e-02	-1.064754e+01
2.696000e-05	3.123947e-02	-1.085452e+01
2.697000e-05	1.521450e-02	-1.102732e+01
2.698000e-05	9.406644e-03	-1.129749e+01
2.699000e-05	1.715637e-02	-1.140487e+01
2.700000e-05	2.705615e-03	-1.165779e+01
2.701000e-05	4.551507e-02	-1.185432e+01
2.702000e-05	-3.838258e-03	-1.205579e+01
2.703000e-05	3.384263e-02	-1.219171e+01
2.704000e-05	8.273644e-04	-1.238276e+01
2.705000e-05	4.291453e-02	-1.254813e+01
2.706000e-05	-1.831783e-03	-1.269842e+01
2.707000e-05	3.114498e-02	-1.287644e+01
2.708000e-05	1.485029e-02	-1.300381e+01
2.709000e-05	3.055193e-02	-1.313014e+01
2.710000e-05	1.598268e-02	-1.328747e+01
2.711000e-05	2.820576e-02	-1.342487e+01
2.712000e-05	3.058451e-02	-1.357311e+01
2.713000e-05	2.078201e-02	-1.371058e+01
2.714000e-05	2.600962e-02	-1.382682e+01
2.715000e-05	2.596944e-02	-1.395061e+01
2.716000e-05	3.503260e-02	-1.408735e+01
2.717000e-05	2.248159e-02	-1.417466e+01
2.718000e-05	3.386357e-02	-1.430843e+01
2.719000e-05	3.039410e-02	-1.443419e+01
2.720000e-05	3.498622e-02	-1.449850e+01
2.721000e-05	3.142075e-02	-1.460168e+01
2.722000e-05	3.835147e-02	-1.462532e+01
2.723000e-05	3.657062e-02	-1.471903e+01
2.724000e-05	3.644898e-02	-1.478214e+01
2.725000e-05	3.467938e-02	-1.482584e+01
2.726000e-05	4.158665e-02	-1.485847e+01
2.727000e-05	3.943878e-02	-1.489940e+01
2.728000e-05	4.338333e-02	-1.496306e+01
2.729000e-05	4.561426e-02	-1.500316e+01
2.730000e-05	4.771002e-02	-1.502576e+01
2.731000e-05	4.768904e-02	-1.505830e+01
2.732000e-05	4.693288e-02	-1.506835e+01
2.733000e-05	5.270468e-02	-1.510990e+01
2.734000e-05	5.050866e-02	-1.510147e+01
2.735000e-05	5.634585e-02	-1.512198e+01
2.736000e-05	5.535716e-02	-1.515203e+01
2.737000e-05	5.969098e-02	-1.516104e+01
2.738000e-05	6.013159e-02	-1.513148e+01
2.739000e-05	6.650136e-02	-1.516868e+01
2.740000e-05	6.869873e-02	-1.513090e+01
2.741000e-05	6.971674e-02	-1.509850e+01
2.742000e-05	7.050370e-02	-1.507682e+01
2.743000e-05	7.674207e-02	-1.503572e+01
2.744000e-05	8.087761e-02	-1.502366e+01
2.745000e-05	8.844851e-02	-1.497061e+01
2.746000e-05	9.446122e-02	-1.489950e+01
2.747000e-05	1.013483e-01	-1.483529e+01
2.748000e-05	1.041216e-01	-1.478476e+01
2.749000e-05	1.057768e-01	-1.469948e+01
2.750000e-05	1.064664e-01	-1.467637e+01
2.751000e-05	1.014578e-01	-1.455215e+01
2.752000e-05	9.615700e-02	-1.445502e+01
2.753000e-05	9.179809e-02	-1.439468e+01
2.754000e-05	8.645985e-02	-1.427782e+01
2.755000e-05	8.020619e-02	-1.419311e+01
2.756000e-05	7.336351e-02	-1.404677e+01
2.757000e-05	6.907060e-02	-1.392151e+01
2.758000e-05	6.361757e-02	-1.380271e+01
2.759000e-05	5.830703e-02	-1.367757e+01
2.760000e-05	5.510266e-02	-1.354170e+01
2.761000e-05	5.152806e-02	-1.346624e+01
2.762000e-05	4.615425e-02	-1.328647e+01
2.763000e-05	4.199554e-02	-1.315113e+01
2.764000e-05	3.883087e-02	-1.304429e+01
2.765000e-05	3.770785e-02	-1.290862e+01
2.766000e-05	3.545888e-02	-1.268020e+01
2.767000e-05	3.427060e-02	-1.262371e+01
2.768000e-05	3.270918e-02	-1.246287e+01
2.769000e-05	2.952565e-02	-1.227596e+01
2.770000e-05	2.675285e-02	-1.214857e+01
2.771000e-05	2.651081e-02	-1.191010e+01
2.772000e-05	2.542763e-02	-1.170845e+01
2.773000e-05	2.408313e-02	-1.151060e+01
2.774000e-05	2.271798e-02	-1.127755e+01
2.775000e-05	2.091428e-02	-1.110605e+01
2.776000e-05	1.987096e-02	-1.092755e+01
2.777000e-05	1.883550e-02	-1.073605e+01
2.778000e-05	1.849292e-02	-1.056028e+01
2.779000e-05	1.733450e-02	-1.030852e+01
2.780000e-05	1.497741e-02	-1.012709e+01
2.781000e-05	1.556555e-02	-9.874942e+00
2.782000e-05	1.370415e-02	-9.664944e+00
2.783000e-05	1.292780e-02	-9.444413e+00
2.784000e-05	1.177749e-02	-9.184404e+00
2.785000e-05	1.175660e-02	-8.970855e+00
2.786000e-05	1.144398e-02	-8.827784e+00
2.787000e-05	8.595522e-03	-8.538523e+00
2.788000e-05	7.828007e-03	-8.284617e+00
2.789000e-05	8.733887e-03	-8.106591e+00
2.790000e-05	9.603720e-03	-7.800353e+00
2.791000e-05	5.872629e-03	-7.509172e+00
2.792000e-05	5.968533e-03	-7.316563e+00
2.793000e-05	5.179351e-03	-7.052958e+00
2.794000e-05	6.660547e-03	-6.769248e+00
2.795000e-05	3.853826e-03	-6.568645e+00
2.796000e-05	4.361445e-03	-6.314112e+00
2.797000e-05	3.206651e-03	-6.031326e+00
2.798000e-05	5.085588e-03	-5.778323e+00
2.799000e-05	2.625767e-03	-5.495708e+00
2.800000e-05	3.699155e-03	-5.252355e+00
2.801000e-05	1.509601e-03	-4.907518e+00
2.802000e-05	3.473633e-03	-4.569894e+00
2.803000e-05	3.491989e-04	-4.410371e+00
2.804000e-05	2.290932e-03	-4.155192e+00
2.805000e-05	1.011569e-03	-3.893533e+00
2.806000e-05	3.330645e-04	-3.577821e+00
2.807000e-05	-4.677653e-04	-3.294216e+00
2.808000e-05	-1.835966e-03	-3.028976e+00
2.809000e-05	-1.766972e-03	-2.725241e+00
2.810000e-05	-1.469964e-03	-2.461131e+00
2.811000e-05	-1.170072e-03	-2.157820e+00
2.812000e-05	-2.833040e-03	-1.895188e+00
2.813000e-05	-2.356873e-03	-1.629551e+00
2.814000e-05	-4.446922e-03	-1.294738e+00
2.815000e-05	-3.481809e-03	-9.994186e-01
2.816000e-05	-4.694587e-03	-7.437166e-01
2.817000e-05	-2.125935e-03	-3.999749e-01
2.818000e-05	-3.894806e-03	-1.958405e-01
2.819000e-05	-9.623381e-04	8.579097e-02
2.820000e-05	8.841772e-03	4.005553e-01
2.821000e-05	-9.148429e-03	6.142068e-01
2.822000e-05	5.527830e-03	8.791899e-01
2.823000e-05	-7.005004e-03	1.232506e+00
2.824000e-05	3.625698e-03	1.456261e+00
2.825000e-05	-6.829488e-03	1.809526e+00
2.826000e-05	1.559197e-02	1.980952e+00
2.827000e-05	3.519822e-02	2.213104e+00
2.828000e-05	8.445543e-02	2.499850e+00
2.829000e-05	-8.636832e-02	2.904165e+00
2.830000e-05	-2.635381e-02	3.168951e+00
2.831000e-05	-3.786379e-02	3.435040e+00
2.832000e-05	-2.219803e-03	3.725195e+00
2.833000e-05	-7.823855e-02	3.896698e+00
2.834000e-05	4.757499e-02	4.086745e+00
2.835000e-05	1.016288e-01	4.391960e+00
2.836000e-05	-1.614625e-01	4.674087e+00
2.837000e-05	1.288814e-01	4.887174e+00
2.838000e-05	-4.954442e-02	5.245567e+00
2.839000e-05	-4.966783e-02	5.498302e+00
2.840000e-05	5.966037e-02	5.783333e+00
2.841000e-05	-5.452953e-02	6.075092e+00
2.842000e-05	3.974396e-02	6.320171e+00
2.843000e-05	-3.953323e-02	6.561282e+00
2.844000e-05	1.126447e-03	6.855618e+00
2.845000e-05	-1.659617e-03	7.109705e+00
2.846000e-05	-3.685026e-02	7.374382e+00
2.847000e-05	9.914482e-03	7.688093e+00
2.848000e-05	-4.581673e-02	7.940780e+00
2.849000e-05	5.061611e-02	8.232963e+00
2.850000e-05	-3.728994e-02	8.444092e+00
2.851000e-05	-2.257616e-02	8.686516e+00
2.852000e-05	1.438449e-02	8.876175e+00
2.853000e-05	-4.026789e-02	9.160749e+00
2.854000e-05	1.085753e-02	9.340754e+00
2.855000e-05	-4.274078e-02	9.552890e+00
2.856000e-05	2.340517e-02	9.793861e+00
2.857000e-05	-3.818446e-02	1.005507e+01
2.858000e-05	-1.052290e-02	1.025489e+01
2.859000e-05	-3.086873e-02	1.039546e+01
2.860000e-05	-6.016988e-03	1.059497e+01
2.861000e-05	-7.428642e-03	1.082747e+01
2.862000e-05	-3.366047e-02	1.101439e+01
2.863000e-05	-1.826519e-03	1.123536e+01
2.864000e-05	-2.202842e-02	1.138486e+01
2.865000e-05	-1.231388e-02	1.168539e+01
2.866000e-05	-3.955495e-02	1.182436e+01
2.867000e-05	-4.120060e-03	1.201527e+01
2.868000e-05	-2.382281e-02	1.216271e+01
2.869000e-05	-2.473463e-02	1.237208e+01
2.870000e-05	-2.548639e-02	1.252858e+01
2.871000e-05	-1.925780e-02	1.265840e+01
2.872000e-05	-2.097426e-02	1.287544e+01
2.873000e-05	-3.581267e-02	1.296118e+01
2.874000e-05	-1.732463e-02	1.317253e+01
2.875000e-05	-2.774522e-02	1.330807e+01
2.876000e-05	-2.665068e-02	1.345582e+01
2.877000e-05	-3.487427e-02	1.356171e+01
2.878000e-05	-2.241098e-02	1.367947e+01
2.879000e-05	-2.974278e-02	1.379569e+01
2.880000e-05	-3.588771e-02	1.398156e+01
2.881000e-05	-3.095635e-02	1.408151e+01
2.882000e-05	-3.146912e-02	1.423482e+01
2.883000e-05	-3.255103e-02	1.434306e+01
2.884000e-05	-4.014816e-02	1.444619e+01
2.885000e-05	-3.232604e-02	1.455156e+01
2.886000e-05	-3.909857e-02	1.464329e+01
2.887000e-05	-3.958921e-02	1.469755e+01
2.888000e-05	-3.990500e-02	1.473123e+01
2.889000e-05	-3.937165e-02	1.482484e+01
2.890000e-05	-4.228487e-02	1.485900e+01
2.891000e-05	-4.631637e-02	1.489958e+01
2.892000e-05	-4.424437e-02	1.498116e+01
2.893000e-05	-4.770107e-02	1.499427e+01
2.894000e-05	-4.851562e-02	1.506637e+01
2.895000e-05	-5.267847e-02	1.504843e+01
2.896000e-05	-5.177365e-02	1.507005e+01
2.897000e-05	-5.477622e-02	1.515046e+01
2.898000e-05	-5.699402e-02	1.514156e+01
2.899000e-05	-5.719295e-02	1.517314e+01
2.900000e-05	-5.925022e-02	1.519416e+01
2.901000e-05	-6.132273e-02	1.515417e+01
2.902000e-05	-6.492606e-02	1.517572e+01
2.903000e-05	-6.584983e-02	1.521322e+01
2.904000e-05	-7.004430e-02	1.518516e+01
2.905000e-05	-7.120956e-02	1.516209e+01
2.906000e-05	-7.379371e-02	1.516112e+01
2.907000e-05	-7.924272e-02	1.510199e+01
2.908000e-05	-8.214942e-02	1.511798e+01
2.909000e-05	-8.707973e-02	1.508933e+01
2.910000e-05	-9.059550e-02	1.501527e+01
2.911000e-05	-9.910972e-02	1.498315e+01
2.912000e-05	-1.035502e-01	1.489861e+01
2.913000e-05	-1.097118e-01	1.484695e+01
2.914000e-05	-1.104033e-01	1.480281e+01
2.915000e-05	-1.119790e-01	1.472055e+01
2.916000e-05	-1.092201e-01	1.462743e+01
2.917000e-05	-1.050673e-01	1.456171e+01
2.918000e-05	-1.014610e-01	1.446795e+01
2.919000e-05	-9.380455e-02	1.440266e+01
2.920000e-05	-8.856642e-02	1.424842e+01
2.921000e-05	-8.331482e-02	1.413153e+01
2.922000e-05	-7.590294e-02	1.403430e+01
2.923000e-05	-7.090049e-02	1.388145e+01
2.924000e-05	-6.600251e-02	1.379418e+01
2.925000e-05	-6.316163e-02	1.365640e+01
2.926000e-05	-5.917671e-02	1.352005e+01
2.927000e-05	-5.465146e-02	1.341221e+01
2.928000e-05	-5.171883e-02	1.325595e+01
2.929000e-05	-5.063071e-02	1.313801e+01
2.930000e-05	-4.637399e-02	1.299476e+01
2.931000e-05	-4.280806e-02	1.283377e+01
2.932000e-05	-4.176007e-02	1.268755e+01
2.933000e-05	-3.987957e-02	1.252967e+01
2.934000e-05	-3.768948e-02	1.240321e+01
2.935000e-05	-3.534445e-02	1.223478e+01
2.936000e-05	-3.521515e-02	1.206537e+01
2.937000e-05	-3.250991e-02	1.185594e+01
2.938000e-05	-3.187862e-02	1.167649e+01
2.939000e-05	-2.981458e-02	1.146789e+01
2.940000e-05	-3.060303e-02	1.127742e+01
2.941000e-05	-2.839518e-02	1.108647e+01
2.942000e-05	-2.647663e-02	1.090757e+01
2.943000e-05	-2.529713e-02	1.063800e+01
2.944000e-05	-2.638831e-02	1.044649e+01
2.945000e-05	-2.465645e-02	1.022453e+01
2.946000e-05	-2.285083e-02	1.004254e+01
2.947000e-05	-2.205272e-02	9.812332e+00
2.948000e-05	-2.188444e-02	9.570757e+00
2.949000e-05	-2.155232e-02	9.339725e+00
2.950000e-05	-2.045673e-02	9.160223e+00
2.951000e-05	-2.008883e-02	8.897070e+00
2.952000e-05	-1.915786e-02	8.675492e+00
2.953000e-05	-1.892331e-02	8.444940e+00
2.954000e-05	-1.854019e-02	8.221832e+00
2.955000e-05	-1.757140e-02	7.949753e+00
2.956000e-05	-1.794619e-02	7.726148e+00
2.957000e-05	-1.497250e-02	7.464455e+00
2.958000e-05	-1.574005e-02	7.170880e+00
2.959000e-05	-1.473499e-02	6.949276e+00
2.960000e-05	-1.420588e-02	6.696717e+00
2.961000e-05	-1.370952e-02	6.432987e+00
2.962000e-05	-1.427895e-02	6.190378e+00
2.963000e-05	-1.339736e-02	5.967225e+00
2.964000e-05	-1.223373e-02	5.714061e+00
2.965000e-05	-1.275997e-02	5.410358e+00
2.966000e-05	-1.212039e-02	5.143545e+00
2.967000e-05	-1.217036e-02	4.780848e+00
2.968000e-05	-1.039791e-02	4.548193e+00
2.969000e-05	-1.050195e-02	4.273563e+00
2.970000e-05	-1.044251e-02	3.969805e+00
2.971000e-05	-9.848912e-03	3.738163e+00
2.972000e-05	-8.897575e-03	3.443559e+00
2.973000e-05	-8.226510e-03	3.148372e+00
2.974000e-05	-9.338857e-03	2.905109e+00
2.975000e-05	-8.637957e-03	2.638953e+00
2.976000e-05	-8.124448e-03	2.315712e+00
2.977000e-05	-7.461815e-03	2.040559e+00
2.978000e-05	-7.292984e-03	1.797251e+00
2.979000e-05	-7.341088e-03	1.472611e+00
2.980000e-05	-6.235881e-03	1.201447e+00
2.981000e-05	-5.365272e-03	9.014765e-01
2.982000e-05	-5.594210e-03	5.578699e-01
2.983000e-05	-4.663697e-03	3.431892e-01
2.984000e-05	-3.041711e-03	-7.025131e-03
2.985000e-05	5.141897e-03	-2.636342e-01
2.986000e-05	9.807116e-04	-4.852068e-01
2.987000e-05	-2.600604e-03	-7.914001e-01
2.988000e-05	1.184034e-03	-1.041155e+00
2.989000e-05	3.118960e-04	-1.349191e+00
2.990000e-05	-5.745473e-04	-1.630030e+00
2.991000e-05	1.210710e-02	-1.862609e+00
2.992000e-05	5.994447e-02	-2.042578e+00
2.993000e-05	7.813038e-02	-2.409901e+00
2.994000e-05	-1.103521e-01	-2.779449e+00
2.995000e-05	1.884240e-02	-3.117846e+00
2.996000e-05	-4.817400e-02	-3.400403e+00
2.997000e-05	-2.454511e-02	-3.589850e+00
2.998000e-05	-7.330230e-02	-3.759879e+00
2.999000e-05	2.105286e-01	-3.938926e+00
3.000000e-05	-1.562068e-01	-4.265138e+00
3.001000e-05	8.767549e-02	-4.526692e+00
3.002000e-05	2.560341e-02	-4.711208e+00
3.003000e-05	-1.312803e-01	-5.106692e+00
3.004000e-05	1.840244e-01	-5.319747e+00
3.005000e-05	-1.516454e-01	-5.695139e+00
3.006000e-05	1.189744e-01	-5.886166e+00
3.007000e-05	6.699818e-03	-6.129269e+00
3.008000e-05	-8.635569e-02	-6.487138e+00
3.009000e-05	1.247339e-01	-6.729244e+00
3.010000e-05	-1.254360e-01	-6.962383e+00
3.011000e-05	1.228399e-01	-7.287066e+00
3.012000e-05	-7.911806e-02	-7.558646e+00
3.013000e-05	5.092860e-02	-7.823932e+00
3.014000e-05	5.161615e-02	-8.065541e+00
3.015000e-05	-7.361025e-02	-8.329226e+00
3.016000e-05	1.162430e-01	-8.557125e+00
3.017000e-05	-8.976120e-02	-8.832908e+00
3.018000e-05	7.909604e-02	-9.023011e+00
3.019000e-05	-4.750050e-02	-9.254987e+00
3.020000e-05	4.979304e-02	-9.427369e+00
3.021000e-05	2.205472e-02	-9.689596e+00
3.022000e-05	-1.195957e-02	-9.909127e+00
3.023000e-05	3.509952e-02	-1.010910e+01
3.024000e-05	-2.986309e-02	-1.035973e+01
3.025000e-05	6.865493e-02	-1.052868e+01
3.026000e-05	-3.231142e-02	-1.074120e+01
3.027000e-05	5.829904e-02	-1.089860e+01
3.028000e-05	-1.445325e-02	-1.112910e+01
3.029000e-05	3.476948e-02	-1.131907e+01
3.030000e-05	-1.152889e-02	-1.148952e+01
3.031000e-05	3.480724e-02	-1.172952e+01
3.032000e-05	2.145133e-02	-1.190956e+01
3.033000e-05	1.267512e-02	-1.210810e+01
3.034000e-05	1.794691e-02	-1.223642e+01
3.035000e-05	1.490583e-02	-1.242442e+01
3.036000e-05	3.382577e-02	-1.261468e+01
3.037000e-05	7.356503e-04	-1.275118e+01
3.038000e-05	3.454147e-02	-1.292110e+01
3.039000e-05	1.221958e-02	-1.304490e+01
3.040000e-05	3.400998e-02	-1.316329e+01
3.041000e-05	8.137778e-03	-1.332118e+01
3.042000e-05	3.831440e-02	-1.345034e+01
3.043000e-05	2.073521e-02	-1.364482e+01
3.044000e-05	2.742726e-02	-1.373066e+01
3.045000e-05	2.098953e-02	-1.383648e+01
3.046000e-05	3.468009e-02	-1.400264e+01
3.047000e-05	2.888631e-02	-1.411945e+01
3.048000e-05	2.618656e-02	-1.425621e+01
3.049000e-05	3.179961e-02	-1.431158e+01
3.050000e-05	3.073451e-02	-1.440539e+01
3.051000e-05	3.485092e-02	-1.456905e+01
3.052000e-05	3.221545e-02	-1.458279e+01
3.053000e-05	4.026788e-02	-1.465387e+01
3.054000e-05	3.459176e-02	-1.475955e+01
3.055000e-05	3.447995e-02	-1.479129e+01
3.056000e-05	3.730684e-02	-1.485634e+01
3.057000e-05	4.216500e-02	-1.490840e+01
3.058000e-05	4.078218e-02	-1.493111e+01
3.059000e-05	4.366920e-02	-1.501269e+01
3.060000e-05	4.386426e-02	-1.502471e+01
3.061000e-05	4.528284e-02	-1.502575e+01
3.062000e-05	4.616043e-02	-1.506487e+01
3.063000e-05	5.018842e-02	-1.507988e+01
3.064000e-05	5.346677e-02	-1.513043e+01
3.065000e-05	5.339549e-02	-1.512155e+01
3.066000e-05	5.712905e-02	-1.514151e+01
3.067000e-05	5.701818e-02	-1.515300e+01
3.068000e-05	5.888990e-02	-1.510001e+01
3.069000e-05	6.025357e-02	-1.517005e+01
3.070000e-05	6.561869e-02	-1.515060e+01
3.071000e-05	6.835099e-02	-1.510895e+01
3.072000e-05	6.903646e-02	-1.507595e+01
3.073000e-05	7.491659e-02	-1.501739e+01
3.074000e-05	8.044273e-02	-1.501724e+01
3.075000e-05	8.460154e-02	-1.499466e+01
3.076000e-05	9.010222e-02	-1.495953e+01
3.077000e-05	9.551187e-02	-1.487792e+01
3.078000e-05	1.013044e-01	-1.482379e+01
3.079000e-05	1.026126e-01	-1.478120e+01
3.080000e-05	1.071162e-01	-1.467753e+01
3.081000e-05	1.063266e-01	-1.464369e+01
3.082000e-05	1.002752e-01	-1.456968e+01
3.083000e-05	9.463432e-02	-1.446582e+01
3.084000e-05	9.047673e-02	-1.433926e+01
3.085000e-05	8.547790e-02	-1.423529e+01
3.086000e-05	7.738906e-02	-1.413058e+01
3.087000e-05	7.282509e-02	-1.402324e+01
3.088000e-05	6.665017e-02	-1.387650e+01
3.089000e-05	6.207952e-02	-1.375378e+01
3.090000e-05	5.601216e-02	-1.366292e+01
3.091000e-05	5.432541e-02	-1.348748e+01
3.092000e-05	4.982001e-02	-1.340173e+01
3.093000e-05	4.470432e-02	-1.329497e+01
3.094000e-05	4.195539e-02	-1.310063e+01
3.095000e-05	3.845127e-02	-1.298068e+01
3.096000e-05	3.658822e-02	-1.287592e+01
3.097000e-05	3.450776e-02	-1.269705e+01
3.098000e-05	3.344292e-02	-1.255865e+01
3.099000e-05	3.045040e-02	-1.240321e+01
3.100000e-05	2.851100e-02	-1.220184e+01
3.101000e-05	2.712554e-02	-1.205390e+01
3.102000e-05	2.688878e-02	-1.186692e+01
3.103000e-05	2.483096e-02	-1.165742e+01
3.104000e-05	2.242555e-02	-1.146594e+01
3.105000e-05	2.102795e-02	-1.122389e+01
3.106000e-05	2.017262e-02	-1.099523e+01
3.107000e-05	2.006591e-02	-1.089344e+01
3.108000e-05	1.802275e-02	-1.066396e+01
3.109000e-05	1.816573e-02	-1.044447e+01
3.110000e-05	1.670713e-02	-1.026334e+01
3.111000e-05	1.549121e-02	-1.001133e+01
3.112000e-05	1.455432e-02	-9.821760e+00
3.113000e-05	1.313827e-02	-9.621881e+00
3.114000e-05	1.275687e-02	-9.389651e+00
3.115000e-05	1.177818e-02	-9.139297e+00
3.116000e-05	1.033742e-02	-8.916675e+00
3.117000e-05	8.987223e-03	-8.697441e+00
3.118000e-05	9.706948e-03	-8.452909e+00
3.119000e-05	9.099694e-03	-8.169884e+00
3.120000e-05	8.346480e-03	-7.949484e+00
3.121000e-05	7.767488e-03	-7.776646e+00
3.122000e-05	7.659702e-03	-7.461389e+00
3.123000e-05	6.036070e-03	-7.209407e+00
3.124000e-05	4.487947e-03	-6.958269e+00
3.125000e-05	4.915114e-03	-6.714542e+00
3.126000e-05	5.247879e-03	-6.474060e+00
3.127000e-05	3.720708e-03	-6.191382e+00
3.128000e-05	3.548467e-03	-5.942746e+00
3.129000e-05	3.624957e-03	-5.674565e+00
3.130000e-05	4.101663e-03	-5.400383e+00
3.131000e-05	2.636420e-03	-5.146641e+00
3.132000e-05	1.196855e-03	-4.810776e+00
3.133000e-05	2.384881e-03	-4.525640e+00
3.134000e-05	2.655025e-03	-4.314666e+00
3.135000e-05	1.311681e-03	-4.053058e+00
3.136000e-05	9.354385e-05	-3.765291e+00
3.137000e-05	-1.927854e-03	-3.494688e+00
3.138000e-05	3.926140e-04	-3.231504e+00
3.139000e-05	-2.678139e-03	-2.915139e+00
3.140000e-05	5.663774e-04	-2.651529e+00
3.141000e-05	-1.272263e-03	-2.376846e+00
3.142000e-05	1.242579e-04	-2.071684e+00
3.143000e-05	-4.440539e-03	-1.799475e+00
3.144000e-05	-1.515947e-03	-1.503819e+00
3.145000e-05	-4.176395e-03	-1.187421e+00
3.146000e-05	-2.988577e-03	-9.041580e-01
3.147000e-05	-6.187130e-03	-6.214960e-01
3.148000e-05	-2.670043e-03	-3.052696e-01
3.149000e-05	-4.312130e-03	-7.262783e-02
3.150000e-05	3.503787e-03	2.120816e-01
3.151000e-05	4.004570e-03	4.862370e-01
3.152000e-05	-3.965717e-03	7.177722e-01
3.153000e-05	3.521772e-03	9.541290e-01
3.154000e-05	-5.756988e-03	1.257713e+00
3.155000e-05	-6.997926e-04	1.532575e+00
3.156000e-05	-4.776505e-03	1.853133e+00
3.157000e-05	1.982943e-02	2.064614e+00
3.158000e-05	5.882866e-02	2.328271e+00
3.159000e-05	4.489927e-02	2.655686e+00
3.160000e-05	-9.724826e-02	3.009476e+00
3.161000e-05	-1.060549e-02	3.234132e+00
3.162000e-05	-3.653316e-02	3.559850e+00
3.163000e-05	-1.927595e-02	3.792002e+00
3.164000e-05	-6.504226e-02	3.970875e+00
3.165000e-05	1.000981e-01	4.213502e+00
3.166000e-05	1.908533e-02	4.538641e+00
3.167000e-05	-1.300345e-01	4.717202e+00
3.168000e-05	1.764082e-01	5.013892e+00
3.169000e-05	-1.530198e-01	5.350324e+00
3.170000e-05	5.570809e-02	5.612988e+00
3.171000e-05	-1.269917e-02	5.908172e+00
3.172000e-05	-1.419652e-02	6.121721e+00
3.173000e-05	2.415270e-02	6.384438e+00
3.174000e-05	-5.020710e-02	6.689674e+00
3.175000e-05	2.931839e-02	6.920277e+00
3.176000e-05	-3.891781e-02	7.193860e+00
3.177000e-05	-2.402165e-03	7.488617e+00
3.178000e-05	-2.480541e-02	7.740305e+00
3.179000e-05	-8.007975e-03	8.027039e+00
3.180000e-05	3.590508e-02	8.298745e+00
3.181000e-05	-5.382975e-02	8.478169e+00
3.182000e-05	7.246255e-03	8.731302e+00
3.183000e-05	-1.132693e-02	8.943276e+00
3.184000e-05	-2.207011e-02	9.234859e+00
3.185000e-05	-1.295891e-02	9.392388e+00
3.186000e-05	-1.911618e-02	9.607465e+00
3.187000e-05	7.875976e-03	9.828546e+00
3.188000e-05	-3.123005e-02	1.007812e+01
3.189000e-05	-1.692272e-02	1.027910e+01
3.190000e-05	-2.305033e-02	1.048772e+01
3.191000e-05	-2.218093e-03	1.071055e+01
3.192000e-05	-1.808239e-02	1.092817e+01
3.193000e-05	-2.689810e-02	1.108760e+01
3.194000e-05	-5.355485e-03	1.126700e+01
3.195000e-05	-1.971203e-02	1.148895e+01
3.196000e-05	-2.427981e-02	1.177013e+01
3.197000e-05	-2.483953e-02	1.185745e+01
3.198000e-05	-8.997286e-03	1.201747e+01
3.199000e-05	-2.286606e-02	1.217529e+01
3.200000e-05	-2.898347e-02	1.238531e+01
3.201000e-05	-1.999871e-02	1.259123e+01
3.202000e-05	-2.064541e-02	1.274963e+01
3.203000e-05	-2.694656e-02	1.284697e+01
3.204000e-05	-3.191405e-02	1.302576e+01
3.205000e-05	-1.974426e-02	1.319381e+01
3.206000e-05	-2.539090e-02	1.336261e+01
3.207000e-05	-3.255832e-02	1.347740e+01
3.208000e-05	-2.774332e-02	1.358382e+01
3.209000e-05	-2.525574e-02	1.373018e+01
3.210000e-05	-3.054823e-02	1.384035e+01
3.211000e-05	-3.719747e-02	1.397572e+01
3.212000e-05	-2.939095e-02	1.416118e+01
3.213000e-05	-3.388541e-02	1.424742e+01
3.214000e-05	-3.575934e-02	1.434373e+01
3.215000e-05	-3.641098e-02	1.446939e+01
3.216000e-05	-3.432632e-02	1.460123e+01
3.217000e-05	-3.704188e-02	1.464680e+01
3.218000e-05	-4.154449e-02	1.473998e+01
3.219000e-05	-3.703844e-02	1.474266e+01
3.220000e-05	-4.275355e-02	1.482584e+01
3.221000e-05	-4.309841e-02	1.492800e+01
3.222000e-05	-4.721534e-02	1.491110e+01
3.223000e-05	-4.415419e-02	1.498164e+01
3.224000e-05	-4.833634e-02	1.499432e+01
3.225000e-05	-5.090544e-02	1.505690e+01
3.226000e-05	-5.065340e-02	1.508795e+01
3.227000e-05	-5.413361e-02	1.511056e+01
3.228000e-05	-5.450503e-02	1.513058e+01
3.229000e-05	-5.769756e-02	1.511159e+01
3.230000e-05	-5.576100e-02	1.516519e+01
3.231000e-05	-6.113821e-02	1.523524e+01
3.232000e-05	-6.210055e-02	1.518466e+01
3.233000e-05	-6.620608e-02	1.519372e+01
3.234000e-05	-6.813111e-02	1.520316e+01
3.235000e-05	-7.062601e-02	1.520474e+01
3.236000e-05	-7.255440e-02	1.515359e+01
3.237000e-05	-7.358121e-02	1.519261e+01
3.238000e-05	-8.126990e-02	1.507999e+01
3.239000e-05	-8.394662e-02	1.510847e+01
3.240000e-05	-8.900440e-02	1.504640e+01
3.241000e-05	-9.365948e-02	1.500527e+01
3.242000e-05	-1.017043e-01	1.498371e+01
3.243000e-05	-1.056291e-01	1.490053e+01
3.244000e-05	-1.080876e-01	1.486637e+01
3.245000e-05	-1.120050e-01	1.477214e+01
3.246000e-05	-1.107379e-01	1.471848e+01
3.247000e-05	-1.096023e-01	1.462522e+01
3.248000e-05	-1.019404e-01	1.455061e+01
3.249000e-05	-9.839924e-02	1.443630e+01
3.250000e-05	-9.104814e-02	1.435206e+01
3.251000e-05	-8.668177e-02	1.428632e+01
3.252000e-05	-8.067898e-02	1.416915e+01
3.253000e-05	-7.543392e-02	1.400424e+01
3.254000e-05	-6.904426e-02	1.387790e+01
3.255000e-05	-6.573064e-02	1.378258e+01
3.256000e-05	-5.999511e-02	1.363527e+01
3.257000e-05	-5.793342e-02	1.346697e+01
3.258000e-05	-5.191102e-02	1.334018e+01
3.259000e-05	-5.216492e-02	1.324532e+01
3.260000e-05	-4.805862e-02	1.304792e+01
3.261000e-05	-4.596283e-02	1.294108e+01
3.262000e-05	-4.156941e-02	1.276426e+01
3.263000e-05	-4.278013e-02	1.262534e+01
3.264000e-05	-3.809423e-02	1.247562e+01
3.265000e-05	-3.766812e-02	1.230953e+01
3.266000e-05	-3.431672e-02	1.220171e+01
3.267000e-05	-3.602203e-02	1.201216e+01
3.268000e-05	-3.153736e-02	1.182181e+01
3.269000e-05	-3.041821e-02	1.162236e+01
3.270000e-05	-2.946077e-02	1.140323e+01
3.271000e-05	-2.974857e-02	1.122278e+01
3.272000e-05	-2.778835e-02	1.102231e+01
3.273000e-05	-2.664433e-02	1.089239e+01
3.274000e-05	-2.642091e-02	1.059423e+01
3.275000e-05	-2.522606e-02	1.038226e+01
3.276000e-05	-2.366435e-02	1.017983e+01
3.277000e-05	-2.241066e-02	9.919675e+00
3.278000e-05	-2.228526e-02	9.787099e+00
3.279000e-05	-2.094141e-02	9.498616e+00
3.280000e-05	-2.074562e-02	9.294664e+00
3.281000e-05	-2.034584e-02	9.045537e+00
3.282000e-05	-1.999820e-02	8.834386e+00
3.283000e-05	-1.988466e-02	8.591404e+00
3.284000e-05	-1.924494e-02	8.399752e+00
3.285000e-05	-1.779497e-02	8.187050e+00
3.286000e-05	-1.578305e-02	7.925488e+00
3.287000e-05	-1.736089e-02	7.694015e+00
3.288000e-05	-1.637991e-02	7.360308e+00
3.289000e-05	-1.566794e-02	7.105096e+00
3.290000e-05	-1.463522e-02	6.914539e+00
3.291000e-05	-1.403156e-02	6.621854e+00
3.292000e-05	-1.340305e-02	6.337220e+00
3.293000e-05	-1.373678e-02	6.106217e+00
3.294000e-05	-1.387458e-02	5.853488e+00
3.295000e-05	-1.266676e-02	5.609303e+00
3.296000e-05	-1.181549e-02	5.296616e+00
3.297000e-05	-1.157839e-02	4.961776e+00
3.298000e-05	-1.196898e-02	4.707640e+00
3.299000e-05	-1.155793e-02	4.462532e+00
3.300000e-05	-1.106233e-02	4.208274e+00
3.301000e-05	-1.064981e-02	3.885587e+00
3.302000e-05	-8.934460e-03	3.611484e+00
3.303000e-05	-8.998445e-03	3.367246e+00
3.304000e-05	-9.482345e-03	3.072584e+00
3.305000e-05	-9.602251e-03	2.831053e+00
3.306000e-05	-8.100195e-03	2.516192e+00
3.307000e-05	-7.621677e-03	2.219929e+00
3.308000e-05	-7.987723e-03	1.987845e+00
3.309000e-05	-7.268847e-03	1.713732e+00
3.310000e-05	-6.523054e-03	1.355795e+00
3.311000e-05	-6.191062e-03	1.032567e+00
3.312000e-05	-6.282294e-03	7.583923e-01
3.313000e-05	-5.167616e-03	4.831844e-01
3.314000e-05	-4.615249e-03	2.104451e-01
3.315000e-05	-2.470738e-03	-9.573809e-02
3.316000e-05	9.102759e-03	-3.483208e-01
3.317000e-05	-4.753014e-03	-6.225490e-01
3.318000e-05	4.610611e-03	-8.851616e-01
3.319000e-05	-3.935869e-03	-1.148390e+00
3.320000e-05	3.681763e-03	-1.454534e+00
3.321000e-05	-5.264585e-03	-1.656187e+00
3.322000e-05	2.680381e-02	-1.916767e+00
3.323000e-05	8.728495e-02	-2.097196e+00
3.324000e-05	8.339958e-03	-2.458249e+00
3.325000e-05	-8.422170e-02	-2.865691e+00
3.326000e-05	1.333738e-02	-3.222505e+00
3.327000e-05	-4.122216e-02	-3.424083e+00
3.328000e-05	-6.186406e-02	-3.623535e+00
3.329000e-05	3.001473e-02	-3.833542e+00
3.330000e-05	1.507915e-01	-4.043662e+00
3.331000e-05	-1.989718e-01	-4.357874e+00
3.332000e-05	2.015442e-01	-4.571359e+00
3.333000e-05	-1.252697e-01	-4.906593e+00
3.334000e-05	1.931030e-02	-5.200375e+00
3.335000e-05	8.716609e-02	-5.453460e+00
3.336000e-05	-1.307488e-01	-5.748296e+00
3.337000e-05	1.799192e-01	-5.981331e+00
3.338000e-05	-1.110190e-01	-6.237515e+00
3.339000e-05	3.360630e-02	-6.551300e+00
3.340000e-05	3.320968e-02	-6.784404e+00
3.341000e-05	-7.634417e-02	-7.089176e+00
3.342000e-05	1.212176e-01	-7.368249e+00
3.343000e-05	-1.200892e-01	-7.644413e+00
3.344000e-05	1.398704e-01	-7.838699e+00
3.345000e-05	-5.918087e-02	-8.140723e+00
3.346000e-05	2.238591e-02	-8.402887e+00
3.347000e-05	4.870564e-02	-8.625457e+00
3.348000e-05	-6.010326e-02	-8.929143e+00
3.349000e-05	8.038400e-02	-9.079097e+00
3.350000e-05	-6.880156e-02	-9.299650e+00
3.351000e-05	9.808115e-02	-9.591274e+00
3.352000e-05	-3.710128e-02	-9.781307e+00
3.353000e-05	3.979944e-02	-9.992782e+00
3.354000e-05	-1.514986e-02	-1.016076e+01
3.355000e-05	2.010367e-02	-1.043431e+01
3.356000e-05	3.267265e-02	-1.058331e+01
3.357000e-05	-1.059488e-02	-1.080229e+01
3.358000e-05	5.057431e-02	-1.094073e+01
3.359000e-05	-1.482048e-02	-1.117286e+01
3.360000e-05	3.882384e-02	-1.139026e+01
3.361000e-05	-1.871842e-02	-1.154079e+01
3.362000e-05	5.408944e-02	-1.174113e+01
3.363000e-05	-1.320245e-03	-1.196324e+01
3.364000e-05	3.054696e-02	-1.217218e+01
3.365000e-05	2.668660e-03	-1.228012e+01
3.366000e-05	3.501497e-02	-1.245652e+01
3.367000e-05	1.415067e-02	-1.261434e+01
3.368000e-05	1.523440e-02	-1.280486e+01
3.369000e-05	2.506269e-02	-1.294973e+01
3.370000e-05	2.017799e-02	-1.307005e+01
3.371000e-05	2.837066e-02	-1.322587e+01
3.372000e-05	1.334254e-02	-1.339271e+01
3.373000e-05	3.740854e-02	-1.352105e+01
3.374000e-05	1.715206e-02	-1.365700e+01
3.375000e-05	2.984600e-02	-1.380374e+01
3.376000e-05	2.054313e-02	-1.390808e+01
3.377000e-05	3.744833e-02	-1.406432e+01
3.378000e-05	2.380868e-02	-1.413063e+01
3.379000e-05	3.006520e-02	-1.427530e+01
3.380000e-05	3.144410e-02	-1.434404e+01
3.381000e-05	3.324794e-02	-1.446745e+01
3.382000e-05	3.272478e-02	-1.453963e+01
3.383000e-05	3.420429e-02	-1.460374e+01
3.384000e-05	3.833768e-02	-1.467597e+01
3.385000e-05	3.553077e-02	-1.477261e+01
3.386000e-05	3.676871e-02	-1.479520e+01
3.387000e-05	3.995258e-02	-1.486689e+01
3.388000e-05	4.026887e-02	-1.490847e+01
3.389000e-05	4.084955e-02	-1.494006e+01
3.390000e-05	4.454708e-02	-1.496416e+01
3.391000e-05	4.531241e-02	-1.502519e+01
3.392000e-05	4.667129e-02	-1.503677e+01
3.393000e-05	4.759965e-02	-1.505982e+01
3.394000e-05	5.280051e-02	-1.507895e+01
3.395000e-05	5.278779e-02	-1.511152e+01
3.396000e-05	5.447136e-02	-1.517033e+01
3.397000e-05	5.713066e-02	-1.514160e+01
3.398000e-05	5.808933e-02	-1.514059e+01
3.399000e-05	5.947822e-02	-1.512106e+01
3.400000e-05	6.193411e-02	-1.513000e+01
3.401000e-05	6.702556e-02	-1.511945e+01
3.402000e-05	6.932569e-02	-1.510790e+01
3.403000e-05	7.025423e-02	-1.506732e+01
3.404000e-05	7.663831e-02	-1.502737e+01
3.405000e-05	8.125361e-02	-1.501521e+01
3.406000e-05	8.616501e-02	-1.493218e+01
3.407000e-05	9.270049e-02	-1.491105e+01
3.408000e-05	9.832715e-02	-1.485694e+01
3.409000e-05	1.027221e-01	-1.481322e+01
3.410000e-05	1.037590e-01	-1.474051e+01
3.411000e-05	1.062411e-01	-1.467647e+01
3.412000e-05	1.038825e-01	-1.461331e+01
3.413000e-05	9.900447e-02	-1.451860e+01
3.414000e-05	9.417950e-02	-1.439279e+01
3.415000e-05	8.888670e-02	-1.428953e+01
3.416000e-05	8.289815e-02	-1.421471e+01
3.417000e-05	7.501691e-02	-1.408739e+01
3.418000e-05	6.993435e-02	-1.395113e+01
3.419000e-05	6.582240e-02	-1.384537e+01
3.420000e-05	5.904920e-02	-1.375062e+01
3.421000e-05	5.592712e-02	-1.359531e+01
3.422000e-05	5.381131e-02	-1.348537e+01
3.423000e-05	4.825368e-02	-1.334108e+01
3.424000e-05	4.296841e-02	-1.321476e+01
3.425000e-05	3.926942e-02	-1.307640e+01
3.426000e-05	3.906489e-02	-1.298025e+01
3.427000e-05	3.647539e-02	-1.285124e+01
3.428000e-05	3.439198e-02	-1.260529e+01
3.429000e-05	3.239579e-02	-1.250860e+01
3.430000e-05	3.048671e-02	-1.231803e+01
3.431000e-05	2.798550e-02	-1.216115e+01
3.432000e-05	2.603284e-02	-1.199214e+01
3.433000e-05	2.544693e-02	-1.178324e+01
3.434000e-05	2.440622e-02	-1.161379e+01
3.435000e-05	2.331600e-02	-1.141373e+01
3.436000e-05	2.136866e-02	-1.117208e+01
3.437000e-05	2.091403e-02	-1.096078e+01
3.438000e-05	1.883317e-02	-1.081228e+01
3.439000e-05	1.790796e-02	-1.063233e+01
3.440000e-05	1.777006e-02	-1.039071e+01
3.441000e-05	1.643202e-02	-1.019963e+01
3.442000e-05	1.606906e-02	-9.910723e+00
3.443000e-05	1.445080e-02	-9.688725e+00
3.444000e-05	1.319531e-02	-9.508670e+00
3.445000e-05	1.142528e-02	-9.346020e+00
3.446000e-05	1.108201e-02	-9.092463e+00
3.447000e-05	1.070717e-02	-8.874889e+00
3.448000e-05	1.026198e-02	-8.610933e+00
3.449000e-05	1.001043e-02	-8.389752e+00
3.450000e-05	7.934571e-03	-8.147197e+00
3.451000e-05	6.968213e-03	-7.886095e+00
3.452000e-05	6.665859e-03	-7.632364e+00
3.453000e-05	7.611873e-03	-7.387621e+00
3.454000e-05	5.701526e-03	-7.107116e+00
3.455000e-05	5.573759e-03	-6.923510e+00
3.456000e-05	5.464554e-03	-6.631356e+00
3.457000e-05	5.805919e-03	-6.378346e+00
3.458000e-05	3.309398e-03	-6.086143e+00
3.459000e-05	4.810844e-03	-5.852984e+00
3.460000e-05	2.149777e-03	-5.610933e+00
3.461000e-05	3.993223e-03	-5.307716e+00
3.462000e-05	1.624787e-03	-5.040484e+00
3.463000e-05	3.619881e-03	-4.686112e+00
3.464000e-05	1.688459e-03	-4.473006e+00
3.465000e-05	2.454304e-03	-4.190954e+00
3.466000e-05	3.267542e-04	-3.948348e+00
3.467000e-05	8.991535e-04	-3.663082e+00
3.468000e-05	-9.351468e-04	-3.419924e+00
3.469000e-05	1.520272e-03	-3.136841e+00
3.470000e-05	-2.577817e-03	-2.870976e+00
3.471000e-05	-5.702159e-04	-2.527695e+00
3.472000e-05	-2.790607e-03	-2.254658e+00
3.473000e-05	-1.766171e-03	-1.978322e+00
3.474000e-05	-3.466658e-03	-1.666262e+00
3.475000e-05	-2.029203e-03	-1.410600e+00
3.476000e-05	-4.378275e-03	-1.052132e+00
3.477000e-05	-2.879450e-03	-8.181011e-01
3.478000e-05	-4.445266e-03	-5.142355e-01
3.479000e-05	-3.789724e-03	-2.696324e-01
3.480000e-05	-3.138144e-03	2.052882e-02
3.481000e-05	6.643386e-03	3.268462e-01
3.482000e-05	-2.375062e-03	5.789965e-01
3.483000e-05	5.500286e-04	8.240816e-01
3.484000e-05	-1.850147e-03	1.115739e+00
3.485000e-05	-1.224866e-03	1.379956e+00
3.486000e-05	-3.862461e-03	1.726162e+00
3.487000e-05	3.146572e-03	1.898397e+00
3.488000e-05	2.332328e-02	2.139796e+00
3.489000e-05	8.394809e-02	2.432118e+00
3.490000e-05	-2.429906e-02	2.788453e+00
3.491000e-05	-6.710225e-02	3.043661e+00
3.492000e-05	-2.114898e-02	3.300244e+00
3.493000e-05	-1.651157e-02	3.652507e+00
3.494000e-05	-5.410324e-02	3.864586e+00
3.495000e-05	-1.943737e-02	4.002582e+00
3.496000e-05	1.248839e-01	4.298671e+00
3.497000e-05	-8.956722e-02	4.580804e+00
3.498000e-05	-8.174709e-03	4.801459e+00
3.499000e-05	9.898508e-02	5.120280e+00
3.500000e-05	-1.484916e-01	5.434568e+00
3.501000e-05	9.966435e-02	5.669097e+00
3.502000e-05	-5.615216e-02	6.002378e+00
3.503000e-05	2.258776e-02	6.201487e+00
3.504000e-05	-1.238300e-02	6.505670e+00
3.505000e-05	-3.526866e-02	6.771409e+00
3.506000e-05	2.976779e-02	7.064416e+00
3.507000e-05	-5.467350e-02	7.307669e+00
3.508000e-05	2.002793e-02	7.583310e+00
3.509000e-05	-5.100973e-02	7.877465e+00
3.510000e-05	3.262336e-02	8.110805e+00
3.511000e-05	-1.060419e-03	8.371353e+00
3.512000e-05	-4.711777e-02	8.563279e+00
3.513000e-05	2.268839e-02	8.793392e+00
3.514000e-05	-3.758656e-02	9.047992e+00
3.515000e-05	3.397598e-03	9.277592e+00
3.516000e-05	-3.863336e-02	9.497621e+00
3.517000e-05	1.218228e-02	9.709077e+00
3.518000e-05	-2.110161e-02	9.942357e+00
3.519000e-05	-1.561511e-02	1.017175e+01
3.520000e-05	-2.818065e-02	1.036081e+01
3.521000e-05	-1.417834e-02	1.051218e+01
3.522000e-05	-1.195798e-03	1.079379e+01
3.523000e-05	-2.910583e-02	1.098073e+01
3.524000e-05	-1.147014e-02	1.119218e+01
3.525000e-05	-1.721814e-02	1.132063e+01
3.526000e-05	-1.208611e-02	1.156320e+01
3.527000e-05	-3.781090e-02	1.177118e+01
3.528000e-05	-9.480031e-03	1.191118e+01
3.529000e-05	-1.737005e-02	1.212968e+01
3.530000e-05	-2.189952e-02	1.227744e+01
3.531000e-05	-3.017157e-02	1.245602e+01
3.532000e-05	-1.885441e-02	1.259442e+01
3.533000e-05	-1.992589e-02	1.277277e+01
3.534000e-05	-3.373498e-02	1.291866e+01
3.535000e-05	-2.276086e-02	1.303692e+01
3.536000e-05	-2.471712e-02	1.325692e+01
3.537000e-05	-2.236426e-02	1.336174e+01
3.538000e-05	-3.694318e-02	1.351061e+01
3.539000e-05	-2.166733e-02	1.362629e+01
3.540000e-05	-2.985125e-02	1.376326e+01
3.541000e-05	-3.136871e-02	1.393053e+01
3.542000e-05	-3.583072e-02	1.401890e+01
3.543000e-05	-3.040429e-02	1.423119e+01
3.544000e-05	-3.153816e-02	1.427845e+01
3.545000e-05	-3.858299e-02	1.439369e+01
3.546000e-05	-3.324867e-02	1.450007e+01
3.547000e-05	-3.944164e-02	1.459376e+01
3.548000e-05	-3.628566e-02	1.466592e+01
3.549000e-05	-4.021885e-02	1.479970e+01
3.550000e-05	-3.584767e-02	1.479524e+01
3.551000e-05	-4.391389e-02	1.483642e+01
3.552000e-05	-4.481522e-02	1.489955e+01
3.553000e-05	-4.519306e-02	1.496068e+01
3.554000e-05	-4.722467e-02	1.498366e+01
3.555000e-05	-4.888102e-02	1.501482e+01
3.556000e-05	-5.200451e-02	1.504843e+01
3.557000e-05	-4.928167e-02	1.507845e+01
3.558000e-05	-5.604694e-02	1.511046e+01
3.559000e-05	-5.556566e-02	1.516269e+01
3.560000e-05	-5.771889e-02	1.513069e+01
3.561000e-05	-5.697747e-02	1.519364e+01
3.562000e-05	-6.203209e-02	1.518617e+01
3.563000e-05	-6.473628e-02	1.519319e+01
3.564000e-05	-6.477655e-02	1.519473e+01
3.565000e-05	-6.956948e-02	1.519466e+01
3.566000e-05	-7.017575e-02	1.517367e+01
3.567000e-05	-7.405643e-02	1.514066e+01
3.568000e-05	-7.552123e-02	1.515208e+01
3.569000e-05	-8.263171e-02	1.513901e+01
3.570000e-05	-8.539240e-02	1.505793e+01
3.571000e-05	-8.996571e-02	1.502579e+01
3.572000e-05	-9.621995e-02	1.500373e+01
3.573000e-05	-1.020370e-01	1.492311e+01
3.574000e-05	-1.076766e-01	1.490952e+01
3.575000e-05	-1.100399e-01	1.480529e+01
3.576000e-05	-1.128147e-01	1.474118e+01
3.577000e-05	-1.094748e-01	1.467832e+01
3.578000e-05	-1.081640e-01	1.457437e+01
3.579000e-05	-1.024768e-01	1.448952e+01
3.580000e-05	-9.854498e-02	1.443282e+01
3.581000e-05	-8.927620e-02	1.433998e+01
3.582000e-05	-8.459841e-02	1.419375e+01
3.583000e-05	-7.799237e-02	1.410000e+01
3.584000e-05	-7.378454e-02	1.392169e+01
3.585000e-05	-6.845195e-02	1.384624e+01
3.586000e-05	-6.466710e-02	1.371895e+01
3.587000e-05	-6.003965e-02	1.356316e+01
3.588000e-05	-5.616915e-02	1.342587e+01
3.589000e-05	-5.073039e-02	1.329912e+01
3.590000e-05	-5.056243e-02	1.317166e+01
3.591000e-05	-4.752620e-02	1.303732e+01
3.592000e-05	-4.433960e-02	1.286648e+01
3.593000e-05	-4.210964e-02	1.270908e+01
3.594000e-05	-4.042856e-02	1.255231e+01
3.595000e-05	-3.693341e-02	1.246286e+01
3.596000e-05	-3.639598e-02	1.226639e+01
3.597000e-05	-3.462039e-02	1.208648e+01
3.598000e-05	-3.403111e-02	1.189912e+01
3.599000e-05	-2.989746e-02	1.171968e+01
3.600000e-05	-2.959445e-02	1.150908e+01
3.601000e-05	-2.981666e-02	1.131965e+01
3.602000e-05	-2.837477e-02	1.113010e+01
3.603000e-05	-2.744532e-02	1.094023e+01
3.604000e-05	-2.592216e-02	1.068918e+01
3.605000e-05	-2.682392e-02	1.055918e+01
3.606000e-05	-2.446025e-02	1.032758e+01
3.607000e-05	-2.303353e-02	1.011812e+01
3.608000e-05	-2.293057e-02	9.867025e+00
3.609000e-05	-2.217736e-02	9.605546e+00
3.610000e-05	-2.088332e-02	9.404862e+00
3.611000e-05	-2.074005e-02	9.252459e+00
3.612000e-05	-2.003655e-02	8.983805e+00
3.613000e-05	-1.904200e-02	8.789250e+00
3.614000e-05	-1.939359e-02	8.517723e+00
3.615000e-05	-1.913514e-02	8.286062e+00
3.616000e-05	-1.872887e-02	8.033837e+00
3.617000e-05	-1.778510e-02	7.811879e+00
3.618000e-05	-1.529029e-02	7.519276e+00
3.619000e-05	-1.484984e-02	7.304592e+00
3.620000e-05	-1.439657e-02	7.021934e+00
3.621000e-05	-1.547774e-02	6.791306e+00
3.622000e-05	-1.511470e-02	6.529074e+00
3.623000e-05	-1.469106e-02	6.244463e+00
3.624000e-05	-1.252586e-02	5.993984e+00
3.625000e-05	-1.233786e-02	5.761279e+00
3.626000e-05	-1.143528e-02	5.517667e+00
3.627000e-05	-1.161171e-02	5.221912e+00
3.628000e-05	-1.213445e-02	4.864586e+00
3.629000e-05	-1.136336e-02	4.600926e+00
3.630000e-05	-1.157232e-02	4.398400e+00
3.631000e-05	-1.001473e-02	4.104562e+00
3.632000e-05	-9.830427e-03	3.878401e+00
3.633000e-05	-9.982650e-03	3.548299e+00
3.634000e-05	-9.334667e-03	3.245509e+00
3.635000e-05	-1.001891e-02	3.009876e+00
3.636000e-05	-9.565870e-03	2.744316e+00
3.637000e-05	-8.405288e-03	2.428979e+00
3.638000e-05	-8.230581e-03	2.146868e+00
3.639000e-05	-6.767905e-03	1.886185e+00
3.640000e-05	-7.546472e-03	1.576924e+00
3.641000e-05	-6.937103e-03	1.285185e+00
3.642000e-05	-6.150789e-03	9.752433e-01
3.643000e-05	-5.368808e-03	6.531340e-01
3.644000e-05	-6.504179e-03	3.999500e-01
3.645000e-05	-3.854171e-03	9.328815e-02
3.646000e-05	8.916585e-04	-1.493960e-01
3.647000e-05	8.460426e-03	-4.299538e-01
3.648000e-05	-7.454261e-03	-6.857156e-01
3.649000e-05	5.668753e-03	-9.388473e-01
3.650000e-05	-4.906008e-03	-1.213005e+00
3.651000e-05	4.577601e-03	-1.485797e+00
3.652000e-05	2.764818e-04	-1.769348e+00
3.653000e-05	4.130357e-02	-1.960975e+00
3.654000e-05	1.024943e-01	-2.244129e+00
3.655000e-05	-7.095116e-02	-2.633108e+00
3.656000e-05	-2.647587e-02	-2.992480e+00
3.657000e-05	-2.111233e-02	-3.305267e+00
3.658000e-05	-2.118810e-02	-3.485267e+00
3.659000e-05	-9.841240e-02	-3.677668e+00
3.660000e-05	1.462546e-01	-3.908718e+00
3.661000e-05	-4.618254e-03	-4.139297e+00
3.662000e-05	-7.667847e-02	-4.453037e+00
3.663000e-05	1.837050e-01	-4.654964e+00
3.664000e-05	-2.054678e-01	-5.000853e+00
3.665000e-05	1.585532e-01	-5.234511e+00
3.666000e-05	-5.100464e-02	-5.569875e+00
3.667000e-05	-1.874839e-02	-5.815562e+00
3.668000e-05	1.346141e-01	-6.046988e+00
3.669000e-05	-1.529398e-01	-6.370382e+00
3.670000e-05	1.258001e-01	-6.633984e+00
3.671000e-05	-7.715868e-02	-6.867117e+00
3.672000e-05	3.261456e-02	-7.212432e+00
3.673000e-05	3.417787e-02	-7.434409e+00
3.674000e-05	-6.640846e-02	-7.699702e+00
3.675000e-05	1.403484e-01	-8.002882e+00
3.676000e-05	-1.134970e-01	-8.235965e+00
3.677000e-05	1.042093e-01	-8.486020e+00
3.678000e-05	-3.973880e-02	-8.760075e+00
3.679000e-05	1.452326e-02	-8.930803e+00
3.680000e-05	2.216490e-02	-9.161830e+00
3.681000e-05	-2.689306e-02	-9.330780e+00
3.682000e-05	8.547904e-02	-9.622967e+00
3.683000e-05	-5.030351e-02	-9.834915e+00
3.684000e-05	6.077318e-02	-1.001489e+01
3.685000e-05	-4.616738e-02	-1.024779e+01
3.686000e-05	6.275026e-02	-1.049757e+01
3.687000e-05	-1.189389e-02	-1.064497e+01
3.688000e-05	3.018622e-02	-1.086706e+01
3.689000e-05	1.665022e-02	-1.105579e+01
3.690000e-05	7.557574e-03	-1.128646e+01
3.691000e-05	1.682180e-02	-1.141381e+01
3.692000e-05	1.507478e-03	-1.162537e+01
3.693000e-05	4.668409e-02	-1.183524e+01
3.694000e-05	-3.442061e-03	-1.205587e+01
3.695000e-05	3.261162e-02	-1.222274e+01
3.696000e-05	1.622709e-04	-1.236264e+01
3.697000e-05	4.158006e-02	-1.252863e+01
3.698000e-05	-7.883007e-04	-1.266750e+01
3.699000e-05	3.021726e-02	-1.284655e+01
3.700000e-05	1.517131e-02	-1.299326e+01
3.701000e-05	3.032313e-02	-1.312171e+01
3.702000e-05	1.606236e-02	-1.329750e+01
3.703000e-05	2.737789e-02	-1.342679e+01
3.704000e-05	3.062474e-02	-1.353358e+01
3.705000e-05	1.984193e-02	-1.368810e+01
3.706000e-05	2.561932e-02	-1.385377e+01
3.707000e-05	2.608712e-02	-1.395313e+01
3.708000e-05	3.506682e-02	-1.406794e+01
3.709000e-05	2.318317e-02	-1.418329e+01
3.710000e-05	3.383100e-02	-1.429645e+01
3.711000e-05	3.022808e-02	-1.438319e+01
3.712000e-05	3.396080e-02	-1.448955e+01
3.713000e-05	3.104334e-02	-1.458221e+01
3.714000e-05	3.864525e-02	-1.463582e+01
3.715000e-05	3.754923e-02	-1.473900e+01
3.716000e-05	3.474033e-02	-1.477069e+01
3.717000e-05	3.617459e-02	-1.483582e+01
3.718000e-05	4.085262e-02	-1.487585e+01
3.719000e-05	4.147063e-02	-1.492000e+01
3.720000e-05	4.239738e-02	-1.494166e+01
3.721000e-05	4.478972e-02	-1.498326e+01
3.722000e-05	4.528686e-02	-1.503619e+01
3.723000e-05	4.741733e-02	-1.505789e+01
3.724000e-05	4.879493e-02	-1.508738e+01
3.725000e-05	5.347018e-02	-1.508943e+01
3.726000e-05	5.330301e-02	-1.514141e+01
3.727000e-05	5.634773e-02	-1.516111e+01
3.728000e-05	5.710113e-02	-1.515106e+01
3.729000e-05	5.815105e-02	-1.513018e+01
3.730000e-05	5.952184e-02	-1.513153e+01
3.731000e-05	6.394470e-02	-1.510103e+01
3.732000e-05	6.820744e-02	-1.509902e+01
3.733000e-05	7.026797e-02	-1.506895e+01
3.734000e-05	7.309111e-02	-1.505632e+01
3.735000e-05	7.935501e-02	-1.501629e+01
3.736000e-05	8.174151e-02	-1.498469e+01
3.737000e-05	8.705406e-02	-1.492150e+01
3.738000e-05	9.413380e-02	-1.490050e+01
3.739000e-05	1.010178e-01	-1.483589e+01
3.740000e-05	1.034026e-01	-1.478264e+01
3.741000e-05	1.052938e-01	-1.470898e+01
3.742000e-05	1.066477e-01	-1.463481e+01
3.743000e-05	1.018736e-01	-1.457166e+01
3.744000e-05	9.676179e-02	-1.448652e+01
3.745000e-05	9.317936e-02	-1.438318e+01
3.746000e-05	8.817591e-02	-1.425832e+01
3.747000e-05	8.106407e-02	-1.416156e+01
3.748000e-05	7.300458e-02	-1.405629e+01
3.749000e-05	6.891015e-02	-1.392003e+01
3.750000e-05	6.188354e-02	-1.379526e+01
3.751000e-05	5.816010e-02	-1.370640e+01
3.752000e-05	5.460675e-02	-1.350963e+01
3.753000e-05	5.141257e-02	-1.344472e+01
3.754000e-05	4.867200e-02	-1.329752e+01
3.755000e-05	4.341075e-02	-1.318271e+01
3.756000e-05	4.047894e-02	-1.303389e+01
3.757000e-05	3.626277e-02	-1.289857e+01
3.758000e-05	3.394782e-02	-1.272111e+01
3.759000e-05	3.201382e-02	-1.259317e+01
3.760000e-05	3.164553e-02	-1.246287e+01
3.761000e-05	2.926924e-02	-1.225595e+01
3.762000e-05	2.893190e-02	-1.215857e+01
3.763000e-05	2.657623e-02	-1.190858e+01
3.764000e-05	2.682257e-02	-1.175855e+01
3.765000e-05	2.489351e-02	-1.154060e+01
3.766000e-05	2.293850e-02	-1.129910e+01
3.767000e-05	1.878259e-02	-1.113855e+01
3.768000e-05	1.797493e-02	-1.088705e+01
3.769000e-05	1.738214e-02	-1.074869e+01
3.770000e-05	1.791845e-02	-1.056915e+01
3.771000e-05	1.868370e-02	-1.031750e+01
3.772000e-05	1.553080e-02	-1.006807e+01
3.773000e-05	1.512110e-02	-9.866444e+00
3.774000e-05	1.525300e-02	-9.675040e+00
3.775000e-05	1.492179e-02	-9.434436e+00
3.776000e-05	1.200423e-02	-9.212830e+00
3.777000e-05	1.141754e-02	-9.011904e+00
3.778000e-05	8.921265e-03	-8.789283e+00
3.779000e-05	7.799649e-03	-8.527650e+00
3.780000e-05	8.939189e-03	-8.288016e+00
3.781000e-05	8.696081e-03	-8.074114e+00
3.782000e-05	8.687661e-03	-7.821356e+00
3.783000e-05	7.054371e-03	-7.578646e+00
3.784000e-05	7.833651e-03	-7.307639e+00
3.785000e-05	5.898148e-03	-7.071362e+00
3.786000e-05	5.686092e-03	-6.790245e+00
3.787000e-05	3.800760e-03	-6.559546e+00
3.788000e-05	5.138657e-03	-6.264713e+00
3.789000e-05	2.649484e-03	-6.031884e+00
3.790000e-05	5.351767e-03	-5.748797e+00
3.791000e-05	2.680652e-03	-5.475117e+00
3.792000e-05	4.276313e-03	-5.231929e+00
3.793000e-05	1.283882e-03	-4.946193e+00
3.794000e-05	4.134937e-03	-4.600400e+00
3.795000e-05	1.538542e-03	-4.387326e+00
3.796000e-05	3.316064e-03	-4.106691e+00
3.797000e-05	1.256058e-03	-3.881934e+00
3.798000e-05	3.406064e-04	-3.578773e+00
3.799000e-05	-1.383977e-03	-3.294138e+00
3.800000e-05	-1.916342e-03	-3.019470e+00
3.801000e-05	-6.824395e-04	-2.737293e+00
3.802000e-05	3.446673e-04	-2.464133e+00
3.803000e-05	4.944645e-04	-2.195374e+00
3.804000e-05	-2.056879e-03	-1.884684e+00
3.805000e-05	-2.029759e-03	-1.650049e+00
3.806000e-05	-3.703840e-03	-1.294290e+00
3.807000e-05	-3.578614e-03	-9.969023e-01
3.808000e-05	-5.050722e-03	-7.152846e-01
3.809000e-05	-3.896348e-03	-4.320463e-01
3.810000e-05	-4.670979e-03	-1.663447e-01
3.811000e-05	5.808550e-04	9.521473e-02
3.812000e-05	8.131247e-03	4.010039e-01
3.813000e-05	-6.121460e-03	6.536380e-01
3.814000e-05	4.661856e-03	8.762133e-01
3.815000e-05	-5.997048e-03	1.210032e+00
3.816000e-05	1.525949e-03	1.455687e+00
3.817000e-05	-8.048915e-03	1.789483e+00
3.818000e-05	1.289070e-02	1.990976e+00
3.819000e-05	3.471051e-02	2.223107e+00
3.820000e-05	8.497140e-02	2.509303e+00
3.821000e-05	-8.302400e-02	2.875616e+00
3.822000e-05	-2.757380e-02	3.120424e+00
3.823000e-05	-3.646260e-02	3.404536e+00
3.824000e-05	-2.929578e-03	3.695716e+00
3.825000e-05	-7.886709e-02	3.916292e+00
3.826000e-05	4.187948e-02	4.068295e+00
3.827000e-05	1.013847e-01	4.401908e+00
3.828000e-05	-1.593322e-01	4.634669e+00
3.829000e-05	1.231689e-01	4.865646e+00
3.830000e-05	-4.287835e-02	5.255621e+00
3.831000e-05	-5.214064e-02	5.519721e+00
3.832000e-05	6.379856e-02	5.760780e+00
3.833000e-05	-5.470607e-02	6.056565e+00
3.834000e-05	3.769681e-02	6.308173e+00
3.835000e-05	-4.043853e-02	6.583431e+00
3.836000e-05	-1.650777e-03	6.855066e+00
3.837000e-05	-1.317652e-03	7.118721e+00
3.838000e-05	-3.867921e-02	7.382259e+00
3.839000e-05	1.071949e-02	7.677091e+00
3.840000e-05	-4.508154e-02	7.940704e+00
3.841000e-05	4.958729e-02	8.233433e+00
3.842000e-05	-3.443327e-02	8.464490e+00
3.843000e-05	-2.215774e-02	8.645065e+00
3.844000e-05	1.585107e-02	8.886620e+00
3.845000e-05	-4.219457e-02	9.099730e+00
3.846000e-05	7.746603e-03	9.359728e+00
3.847000e-05	-4.414495e-02	9.572783e+00
3.848000e-05	2.356040e-02	9.794361e+00
3.849000e-05	-3.642942e-02	1.003497e+01
3.850000e-05	-9.416120e-03	1.023441e+01
3.851000e-05	-3.006013e-02	1.038496e+01
3.852000e-05	-6.347237e-03	1.061481e+01
3.853000e-05	-7.495321e-03	1.082594e+01
3.854000e-05	-3.517551e-02	1.103389e+01
3.855000e-05	-1.455093e-03	1.122487e+01
3.856000e-05	-2.307415e-02	1.138569e+01
3.857000e-05	-1.282132e-02	1.164492e+01
3.858000e-05	-3.847535e-02	1.180334e+01
3.859000e-05	-3.351627e-03	1.195321e+01
3.860000e-05	-2.214254e-02	1.214221e+01
3.861000e-05	-2.498871e-02	1.231221e+01
3.862000e-05	-2.627792e-02	1.252060e+01
3.863000e-05	-1.958023e-02	1.265642e+01
3.864000e-05	-2.220031e-02	1.286487e+01
3.865000e-05	-3.638376e-02	1.293268e+01
3.866000e-05	-1.745156e-02	1.309110e+01
3.867000e-05	-2.761471e-02	1.330660e+01
3.868000e-05	-2.579745e-02	1.340579e+01
3.869000e-05	-3.534592e-02	1.353124e+01
3.870000e-05	-2.119852e-02	1.370953e+01
3.871000e-05	-3.028121e-02	1.378676e+01
3.872000e-05	-3.597475e-02	1.395106e+01
3.873000e-05	-3.149873e-02	1.406003e+01
3.874000e-05	-3.256507e-02	1.422577e+01
3.875000e-05	-3.243617e-02	1.432008e+01
3.876000e-05	-3.991621e-02	1.438782e+01
3.877000e-05	-3.150221e-02	1.453061e+01
3.878000e-05	-3.992886e-02	1.459634e+01
3.879000e-05	-3.785801e-02	1.467745e+01
3.880000e-05	-3.918759e-02	1.474071e+01
3.881000e-05	-3.896431e-02	1.476374e+01
3.882000e-05	-4.285454e-02	1.487799e+01
3.883000e-05	-4.648495e-02	1.494006e+01
3.884000e-05	-4.376891e-02	1.497221e+01
3.885000e-05	-4.788028e-02	1.498474e+01
3.886000e-05	-4.927218e-02	1.503634e+01
3.887000e-05	-5.306317e-02	1.502742e+01
3.888000e-05	-5.125647e-02	1.509896e+01
3.889000e-05	-5.528411e-02	1.513163e+01
3.890000e-05	-5.715454e-02	1.515169e+01
3.891000e-05	-5.558252e-02	1.518472e+01
3.892000e-05	-5.983495e-02	1.519319e+01
3.893000e-05	-6.163642e-02	1.517424e+01
3.894000e-05	-6.633987e-02	1.519321e+01
3.895000e-05	-6.478386e-02	1.518272e+01
3.896000e-05	-7.007710e-02	1.515269e+01
3.897000e-05	-7.139474e-02	1.513416e+01
3.898000e-05	-7.461370e-02	1.516063e+01
3.899000e-05	-7.734501e-02	1.513256e+01
3.900000e-05	-8.274846e-02	1.508108e+01
3.901000e-05	-8.834947e-02	1.504788e+01
3.902000e-05	-9.200538e-02	1.501490e+01
3.903000e-05	-9.889270e-02	1.497421e+01
3.904000e-05	-1.031420e-01	1.496060e+01
3.905000e-05	-1.084323e-01	1.487642e+01
3.906000e-05	-1.110638e-01	1.479481e+01
3.907000e-05	-1.126838e-01	1.471218e+01
3.908000e-05	-1.108007e-01	1.465542e+01
3.909000e-05	-1.044727e-01	1.456366e+01
3.910000e-05	-9.984107e-02	1.449895e+01
3.911000e-05	-9.363583e-02	1.437476e+01
3.912000e-05	-8.779233e-02	1.424892e+01
3.913000e-05	-8.295760e-02	1.416073e+01
3.914000e-05	-7.737723e-02	1.404532e+01
3.915000e-05	-7.207238e-02	1.389948e+01
3.916000e-05	-6.712764e-02	1.381679e+01
3.917000e-05	-6.192867e-02	1.366589e+01
3.918000e-05	-5.873434e-02	1.350055e+01
3.919000e-05	-5.370913e-02	1.344479e+01
3.920000e-05	-5.257137e-02	1.321597e+01
3.921000e-05	-4.991039e-02	1.310916e+01
3.922000e-05	-4.625951e-02	1.300218e+01
3.923000e-05	-4.367159e-02	1.282432e+01
3.924000e-05	-4.100418e-02	1.267752e+01
3.925000e-05	-3.949113e-02	1.255962e+01
3.926000e-05	-3.776574e-02	1.237129e+01
3.927000e-05	-3.612984e-02	1.218431e+01
3.928000e-05	-3.556989e-02	1.204382e+01
3.929000e-05	-3.167897e-02	1.187697e+01
3.930000e-05	-3.117578e-02	1.166505e+01
3.931000e-05	-2.927244e-02	1.147794e+01
3.932000e-05	-3.000885e-02	1.127795e+01
3.933000e-05	-2.716914e-02	1.103444e+01
3.934000e-05	-2.726764e-02	1.090667e+01
3.935000e-05	-2.662880e-02	1.068497e+01
3.936000e-05	-2.557241e-02	1.046600e+01
3.937000e-05	-2.356405e-02	1.024444e+01
3.938000e-05	-2.297685e-02	1.004496e+01
3.939000e-05	-2.194377e-02	9.793357e+00
3.940000e-05	-2.096412e-02	9.531782e+00
3.941000e-05	-2.170538e-02	9.329779e+00
3.942000e-05	-2.093012e-02	9.109228e+00
3.943000e-05	-2.014218e-02	8.888121e+00
3.944000e-05	-1.830467e-02	8.646492e+00
3.945000e-05	-1.784551e-02	8.452564e+00
3.946000e-05	-1.824215e-02	8.222358e+00
3.947000e-05	-1.679752e-02	7.980226e+00
3.948000e-05	-1.844362e-02	7.716672e+00
3.949000e-05	-1.585460e-02	7.455014e+00
3.950000e-05	-1.598883e-02	7.191327e+00
3.951000e-05	-1.431243e-02	6.969726e+00
3.952000e-05	-1.475032e-02	6.697091e+00
3.953000e-05	-1.437817e-02	6.442462e+00
3.954000e-05	-1.311723e-02	6.179850e+00
3.955000e-05	-1.293815e-02	5.947827e+00
3.956000e-05	-1.312258e-02	5.675564e+00
3.957000e-05	-1.256555e-02	5.440987e+00
3.958000e-05	-1.151460e-02	5.065193e+00
3.959000e-05	-1.139592e-02	4.781426e+00
3.960000e-05	-1.118494e-02	4.526695e+00
3.961000e-05	-1.095304e-02	4.263637e+00
3.962000e-05	-1.038885e-02	4.010349e+00
3.963000e-05	-1.177556e-02	3.695243e+00
3.964000e-05	-9.685106e-03	3.443188e+00
3.965000e-05	-9.595229e-03	3.178792e+00
3.966000e-05	-8.101542e-03	2.904163e+00
3.967000e-05	-9.315186e-03	2.623108e+00
3.968000e-05	-9.405474e-03	2.295268e+00
3.969000e-05	-7.284959e-03	2.041532e+00
3.970000e-05	-7.805534e-03	1.758875e+00
3.971000e-05	-7.106675e-03	1.452610e+00
3.972000e-05	-6.345860e-03	1.178446e+00
3.973000e-05	-6.020464e-03	8.320555e-01
3.974000e-05	-5.153797e-03	5.688237e-01
3.975000e-05	-5.351515e-03	2.942667e-01
3.976000e-05	-3.780754e-03	1.044838e-02
3.977000e-05	5.763004e-03	-2.936542e-01
3.978000e-05	2.156225e-03	-4.966895e-01
3.979000e-05	-1.764476e-03	-8.010276e-01
3.980000e-05	1.241956e-03	-1.021607e+00
3.981000e-05	1.396082e-04	-1.338342e+00
3.982000e-05	-9.192251e-04	-1.611478e+00
3.983000e-05	1.112246e-02	-1.831560e+00
3.984000e-05	5.988146e-02	-2.023534e+00
3.985000e-05	8.025881e-02	-2.403004e+00
3.986000e-05	-1.086734e-01	-2.760400e+00
3.987000e-05	1.714410e-02	-3.147322e+00
3.988000e-05	-4.712344e-02	-3.349904e+00
3.989000e-05	-2.440751e-02	-3.569371e+00
3.990000e-05	-7.601292e-02	-3.782303e+00
3.991000e-05	2.082254e-01	-3.990929e+00
3.992000e-05	-1.496764e-01	-4.255084e+00
3.993000e-05	7.980621e-02	-4.496648e+00
3.994000e-05	3.175238e-02	-4.770825e+00
3.995000e-05	-1.369068e-01	-5.107117e+00
3.996000e-05	1.846800e-01	-5.351295e+00
3.997000e-05	-1.461367e-01	-5.665562e+00
3.998000e-05	1.128936e-01	-5.897168e+00
3.999000e-05	1.417528e-02	-6.129226e+00
4.000000e-05	-9.052491e-02	-6.475191e+00
4.001000e-05	1.266628e-01	-6.705722e+00
4.002000e-05	-1.253164e-01	-7.044410e+00
4.003000e-05	1.185035e-01	-7.276119e+00
4.004000e-05	-7.222473e-02	-7.489703e+00
4.005000e-05	4.717915e-02	-7.815038e+00
4.006000e-05	5.572156e-02	-8.076092e+00
4.007000e-05	-7.712346e-02	-8.339221e+00
4.008000e-05	1.151460e-01	-8.529629e+00
4.009000e-05	-8.804528e-02	-8.814863e+00
4.010000e-05	7.544924e-02	-9.053987e+00
4.011000e-05	-4.338460e-02	-9.205492e+00
4.012000e-05	4.713115e-02	-9.467566e+00
4.013000e-05	2.520023e-02	-9.677095e+00
4.014000e-05	-1.523744e-02	-9.917194e+00
4.015000e-05	3.637915e-02	-1.008857e+01
4.016000e-05	-3.129491e-02	-1.030968e+01
4.017000e-05	6.829548e-02	-1.053872e+01
4.018000e-05	-3.239964e-02	-1.071065e+01
4.019000e-05	5.662555e-02	-1.090865e+01
4.020000e-05	-1.214631e-02	-1.111910e+01
4.021000e-05	3.320139e-02	-1.132762e+01
4.022000e-05	-9.055108e-03	-1.148810e+01
4.023000e-05	3.348450e-02	-1.170953e+01
4.024000e-05	1.996136e-02	-1.186945e+01
4.025000e-05	1.113613e-02	-1.208709e+01
4.026000e-05	1.844293e-02	-1.225742e+01
4.027000e-05	1.511684e-02	-1.241486e+01
4.028000e-05	3.330356e-02	-1.257283e+01
4.029000e-05	9.473235e-04	-1.275963e+01
4.030000e-05	3.335001e-02	-1.289955e+01
4.031000e-05	1.159999e-02	-1.306639e+01
4.032000e-05	3.423733e-02	-1.318579e+01
4.033000e-05	9.260115e-03	-1.333115e+01
4.034000e-05	3.738178e-02	-1.347786e+01
4.035000e-05	2.004005e-02	-1.361487e+01
4.036000e-05	2.733462e-02	-1.376063e+01
4.037000e-05	2.257091e-02	-1.384687e+01
4.038000e-05	3.353630e-02	-1.397476e+01
4.039000e-05	2.756809e-02	-1.410858e+01
4.040000e-05	2.505412e-02	-1.419532e+01
4.041000e-05	3.285282e-02	-1.432311e+01
4.042000e-05	3.155779e-02	-1.438634e+01
4.043000e-05	3.419889e-02	-1.450908e+01
4.044000e-05	3.253610e-02	-1.459316e+01
4.045000e-05	3.906069e-02	-1.464547e+01
4.046000e-05	3.510784e-02	-1.469963e+01
4.047000e-05	3.595698e-02	-1.480322e+01
4.048000e-05	3.821836e-02	-1.482634e+01
4.049000e-05	4.192793e-02	-1.486942e+01
4.050000e-05	3.831957e-02	-1.496058e+01
4.051000e-05	4.306029e-02	-1.496368e+01
4.052000e-05	4.538375e-02	-1.501274e+01
4.053000e-05	4.782278e-02	-1.504625e+01
4.054000e-05	4.729745e-02	-1.504732e+01
4.055000e-05	5.053275e-02	-1.509992e+01
4.056000e-05	5.353074e-02	-1.510943e+01
4.057000e-05	5.357720e-02	-1.515798e+01
4.058000e-05	5.565503e-02	-1.514253e+01
4.059000e-05	5.764686e-02	-1.517166e+01
4.060000e-05	5.894566e-02	-1.516163e+01
4.061000e-05	6.000795e-02	-1.513066e+01
4.062000e-05	6.548829e-02	-1.511000e+01
4.063000e-05	6.805976e-02	-1.508090e+01
4.064000e-05	7.054241e-02	-1.507742e+01
4.065000e-05	7.355064e-02	-1.505682e+01
4.066000e-05	7.950633e-02	-1.503629e+01
4.067000e-05	8.455679e-02	-1.501259e+01
4.068000e-05	8.961569e-02	-1.492158e+01
4.069000e-05	9.667310e-02	-1.492892e+01
4.070000e-05	1.018863e-01	-1.480679e+01
4.071000e-05	1.040189e-01	-1.477316e+01
4.072000e-05	1.047691e-01	-1.467753e+01
4.073000e-05	1.043780e-01	-1.464526e+01
4.074000e-05	1.017856e-01	-1.454058e+01
4.075000e-05	9.553581e-02	-1.447584e+01
4.076000e-05	9.067512e-02	-1.437008e+01
4.077000e-05	8.530344e-02	-1.420624e+01
4.078000e-05	7.990724e-02	-1.410003e+01
4.079000e-05	7.227401e-02	-1.403429e+01
4.080000e-05	6.611120e-02	-1.385905e+01
4.081000e-05	6.074694e-02	-1.374220e+01
4.082000e-05	5.661932e-02	-1.367539e+01
4.083000e-05	5.406193e-02	-1.353007e+01
4.084000e-05	5.008058e-02	-1.337221e+01
4.085000e-05	4.499322e-02	-1.322597e+01
4.086000e-05	4.155286e-02	-1.311813e+01
4.087000e-05	3.880653e-02	-1.301171e+01
4.088000e-05	3.623470e-02	-1.282647e+01
4.089000e-05	3.453693e-02	-1.265907e+01
4.090000e-05	3.479898e-02	-1.255158e+01
4.091000e-05	3.127651e-02	-1.240274e+01
4.092000e-05	2.832191e-02	-1.224476e+01
4.093000e-05	2.587933e-02	-1.206389e+01
4.094000e-05	2.612928e-02	-1.188747e+01
4.095000e-05	2.374518e-02	-1.163547e+01
4.096000e-05	2.300837e-02	-1.146489e+01
4.097000e-05	2.218915e-02	-1.124537e+01
4.098000e-05	2.137137e-02	-1.103439e+01
4.099000e-05	1.900464e-02	-1.084299e+01
4.100000e-05	1.780705e-02	-1.067547e+01
4.101000e-05	1.780252e-02	-1.048552e+01
4.102000e-05	1.615264e-02	-1.029589e+01
4.103000e-05	1.510847e-02	-1.002333e+01
4.104000e-05	1.511425e-02	-9.812860e+00
4.105000e-05	1.496772e-02	-9.591330e+00
4.106000e-05	1.270930e-02	-9.379750e+00
4.107000e-05	1.139325e-02	-9.129200e+00
4.108000e-05	1.118866e-02	-8.938722e+00
4.109000e-05	9.666381e-03	-8.676149e+00
4.110000e-05	1.052379e-02	-8.414387e+00
4.111000e-05	8.173567e-03	-8.221904e+00
4.112000e-05	7.711028e-03	-8.030906e+00
4.113000e-05	8.044626e-03	-7.686645e+00
4.114000e-05	5.545568e-03	-7.463412e+00
4.115000e-05	9.002124e-03	-7.241379e+00
4.116000e-05	7.556516e-03	-6.968674e+00
4.117000e-05	5.662650e-03	-6.706167e+00
4.118000e-05	6.063005e-03	-6.473983e+00
4.119000e-05	1.182499e-03	-6.218978e+00
4.120000e-05	3.951976e-03	-5.949217e+00
4.121000e-05	8.219867e-04	-5.695716e+00
4.122000e-05	3.703355e-03	-5.411881e+00
4.123000e-05	3.915222e-03	-5.138195e+00
4.124000e-05	3.780426e-03	-4.810756e+00
4.125000e-05	5.313577e-03	-4.536691e+00
4.126000e-05	3.612431e-03	-4.296137e+00
4.127000e-05	2.247772e-03	-4.023509e+00
4.128000e-05	5.090836e-05	-3.759245e+00
4.129000e-05	-2.637322e-03	-3.493664e+00
4.130000e-05	-1.069541e-03	-3.220474e+00
4.131000e-05	-3.534300e-03	-2.916641e+00
4.132000e-05	4.935111e-04	-2.652485e+00
4.133000e-05	-1.301328e-03	-2.388448e+00
4.134000e-05	1.643865e-03	-2.061658e+00
4.135000e-05	-2.708237e-03	-1.811501e+00
4.136000e-05	-2.144344e-04	-1.586391e+00
4.137000e-05	-4.515987e-03	-1.158892e+00
4.138000e-05	-2.829832e-03	-8.937592e-01
4.139000e-05	-6.550906e-03	-6.506038e-01
4.140000e-05	-3.465633e-03	-3.367906e-01
4.141000e-05	-4.412855e-03	-5.265527e-02
4.142000e-05	3.664813e-03	2.115762e-01
4.143000e-05	4.066187e-03	4.856858e-01
4.144000e-05	-3.731557e-03	7.572697e-01
4.145000e-05	4.271184e-03	1.002979e+00
4.146000e-05	-5.416727e-03	1.285211e+00
4.147000e-05	-9.078856e-04	1.611450e+00
4.148000e-05	-5.261764e-03	1.844636e+00
4.149000e-05	1.897609e-02	2.045137e+00
4.150000e-05	5.754032e-02	2.346297e+00
4.151000e-05	4.579420e-02	2.644167e+00
4.152000e-05	-9.681581e-02	2.970425e+00
4.153000e-05	-1.062949e-02	3.222536e+00
4.154000e-05	-3.637076e-02	3.537876e+00
4.155000e-05	-1.810220e-02	3.749855e+00
4.156000e-05	-6.735927e-02	3.959427e+00
4.157000e-05	9.677429e-02	4.122856e+00
4.158000e-05	2.025974e-02	4.488218e+00
4.159000e-05	-1.317815e-01	4.747252e+00
4.160000e-05	1.742729e-01	4.994912e+00
4.161000e-05	-1.481222e-01	5.381375e+00
4.162000e-05	5.281809e-02	5.611883e+00
4.163000e-05	-7.288908e-03	5.906745e+00
4.164000e-05	-1.700559e-02	6.079730e+00
4.165000e-05	2.342998e-02	6.442859e+00
4.166000e-05	-5.165665e-02	6.670166e+00
4.167000e-05	2.715549e-02	6.918301e+00
4.168000e-05	-3.727428e-02	7.213965e+00
4.169000e-05	-4.390289e-03	7.438022e+00
4.170000e-05	-2.230082e-02	7.760757e+00
4.171000e-05	-9.864224e-03	8.035468e+00
4.172000e-05	3.743026e-02	8.288644e+00
4.173000e-05	-5.309046e-02	8.498148e+00
4.174000e-05	5.067552e-03	8.709749e+00
4.175000e-05	-1.125016e-02	8.912807e+00
4.176000e-05	-2.254075e-02	9.222889e+00
4.177000e-05	-1.109182e-02	9.454413e+00
4.178000e-05	-2.044346e-02	9.634443e+00
4.179000e-05	8.153497e-03	9.878669e+00
4.180000e-05	-3.097133e-02	1.008765e+01
4.181000e-05	-1.561339e-02	1.027655e+01
4.182000e-05	-2.457761e-02	1.050912e+01
4.183000e-05	-3.279965e-03	1.071003e+01
4.184000e-05	-1.701668e-02	1.089857e+01
4.185000e-05	-2.732321e-02	1.108700e+01
4.186000e-05	-4.643528e-03	1.129850e+01
4.187000e-05	-1.895547e-02	1.144948e+01
4.188000e-05	-2.327389e-02	1.169908e+01
4.189000e-05	-2.704479e-02	1.189700e+01
4.190000e-05	-8.273131e-03	1.204645e+01
4.191000e-05	-2.174377e-02	1.220434e+01
4.192000e-05	-2.887528e-02	1.241442e+01
4.193000e-05	-2.122866e-02	1.257221e+01
4.194000e-05	-2.003136e-02	1.273859e+01
4.195000e-05	-2.642847e-02	1.286792e+01
4.196000e-05	-3.199286e-02	1.299489e+01
4.197000e-05	-1.968137e-02	1.319324e+01
4.198000e-05	-2.487481e-02	1.333963e+01
4.199000e-05	-3.209211e-02	1.347797e+01
4.200000e-05	-2.819206e-02	1.359527e+01
4.201000e-05	-2.577894e-02	1.371108e+01
4.202000e-05	-2.918037e-02	1.383780e+01
4.203000e-05	-3.838868e-02	1.404529e+01
4.204000e-05	-3.025118e-02	1.412316e+01
4.205000e-05	-3.351417e-02	1.422682e+01
4.206000e-05	-3.527708e-02	1.438064e+01
4.207000e-05	-3.682519e-02	1.445044e+01
4.208000e-05	-3.600815e-02	1.453063e+01
4.209000e-05	-3.726250e-02	1.463689e+01
4.210000e-05	-4.105768e-02	1.472005e+01
4.211000e-05	-3.579299e-02	1.479274e+01
4.212000e-05	-4.240874e-02	1.484589e+01
4.213000e-05	-4.332899e-02	1.484695e+01
4.214000e-05	-4.871791e-02	1.495110e+01
4.215000e-05	-4.579365e-02	1.500374e+01
4.216000e-05	-4.912268e-02	1.502625e+01
4.217000e-05	-5.053413e-02	1.503740e+01
4.218000e-05	-5.002368e-02	1.505998e+01
4.219000e-05	-5.392974e-02	1.507156e+01
4.220000e-05	-5.451046e-02	1.512113e+01
4.221000e-05	-5.878479e-02	1.518266e+01
4.222000e-05	-5.624797e-02	1.519316e+01
4.223000e-05	-6.202036e-02	1.521474e+01
4.224000e-05	-6.321079e-02	1.518462e+01
4.225000e-05	-6.617389e-02	1.521527e+01
4.226000e-05	-6.732841e-02	1.517569e+01
4.227000e-05	-7.060425e-02	1.513361e+01
4.228000e-05	-7.347976e-02	1.516216e+01
4.229000e-05	-7.471223e-02	1.512113e+01
4.230000e-05	-8.085988e-02	1.512058e+01
4.231000e-05	-8.333033e-02	1.507796e+01
4.232000e-05	-8.950563e-02	1.504740e+01
4.233000e-05	-9.325578e-02	1.499477e+01
4.234000e-05	-1.020397e-01	1.496270e+01
4.235000e-05	-1.056192e-01	1.489860e+01
4.236000e-05	-1.089837e-01	1.483697e+01
4.237000e-05	-1.114861e-01	1.478176e+01
4.238000e-05	-1.108117e-01	1.472053e+01
4.239000e-05	-1.089102e-01	1.464434e+01
4.240000e-05	-1.023559e-01	1.453163e+01
4.241000e-05	-9.938581e-02	1.444541e+01
4.242000e-05	-9.205225e-02	1.432251e+01
4.243000e-05	-8.629374e-02	1.425539e+01
4.244000e-05	-8.003942e-02	1.414958e+01
4.245000e-05	-7.572608e-02	1.400372e+01
4.246000e-05	-7.014835e-02	1.389087e+01
4.247000e-05	-6.519283e-02	1.374166e+01
4.248000e-05	-5.977465e-02	1.361579e+01
4.249000e-05	-5.693625e-02	1.347745e+01
4.250000e-05	-5.260631e-02	1.335065e+01
4.251000e-05	-5.206263e-02	1.322496e+01
4.252000e-05	-4.713186e-02	1.306790e+01
4.253000e-05	-4.648143e-02	1.294960e+01
4.254000e-05	-4.207927e-02	1.278379e+01
4.255000e-05	-4.318289e-02	1.264533e+01
4.256000e-05	-3.740335e-02	1.251807e+01
4.257000e-05	-3.785112e-02	1.228910e+01
4.258000e-05	-3.503151e-02	1.217208e+01
4.259000e-05	-3.488077e-02	1.198228e+01
4.260000e-05	-3.051383e-02	1.186383e+01
4.261000e-05	-3.141869e-02	1.161079e+01
4.262000e-05	-2.899869e-02	1.140223e+01
4.263000e-05	-2.835292e-02	1.119276e+01
4.264000e-05	-2.711497e-02	1.099288e+01
4.265000e-05	-2.742279e-02	1.081289e+01
4.266000e-05	-2.701131e-02	1.061434e+01
4.267000e-05	-2.504515e-02	1.039331e+01
4.268000e-05	-2.237101e-02	1.018233e+01
4.269000e-05	-2.182444e-02	9.971731e+00
4.270000e-05	-2.128533e-02	9.770149e+00
4.271000e-05	-2.126308e-02	9.497596e+00
4.272000e-05	-2.146114e-02	9.317595e+00
4.273000e-05	-2.116160e-02	9.024519e+00
4.274000e-05	-2.018816e-02	8.813459e+00
4.275000e-05	-1.949015e-02	8.601858e+00
4.276000e-05	-1.844454e-02	8.381304e+00
4.277000e-05	-1.892193e-02	8.147625e+00
4.278000e-05	-1.645649e-02	7.866618e+00
4.279000e-05	-1.679837e-02	7.623534e+00
4.280000e-05	-1.600851e-02	7.338749e+00
4.281000e-05	-1.606341e-02	7.095165e+00
4.282000e-05	-1.446630e-02	6.884113e+00
4.283000e-05	-1.470806e-02	6.622380e+00
4.284000e-05	-1.399007e-02	6.338774e+00
4.285000e-05	-1.461532e-02	6.127116e+00
4.286000e-05	-1.294952e-02	5.884016e+00
4.287000e-05	-1.305809e-02	5.569880e+00
4.288000e-05	-1.199446e-02	5.317245e+00
4.289000e-05	-1.175383e-02	4.960801e+00
4.290000e-05	-1.144158e-02	4.696192e+00
4.291000e-05	-1.097151e-02	4.452537e+00
4.292000e-05	-1.073252e-02	4.159724e+00
4.293000e-05	-1.101947e-02	3.886189e+00
4.294000e-05	-1.076597e-02	3.651558e+00
4.295000e-05	-1.003402e-02	3.368320e+00
4.296000e-05	-8.830563e-03	3.093612e+00
4.297000e-05	-8.910256e-03	2.801003e+00
4.298000e-05	-8.481774e-03	2.505170e+00
4.299000e-05	-7.364286e-03	2.200430e+00
4.300000e-05	-7.453984e-03	1.928801e+00
4.301000e-05	-7.321817e-03	1.694139e+00
4.302000e-05	-6.812288e-03	1.390424e+00
4.303000e-05	-6.285775e-03	1.041580e+00
4.304000e-05	-6.704478e-03	7.269208e-01
4.305000e-05	-5.938673e-03	4.831604e-01
4.306000e-05	-3.812013e-03	1.788949e-01
4.307000e-05	-2.171203e-03	-9.473185e-02
4.308000e-05	8.932558e-03	-3.478421e-01
4.309000e-05	-4.917540e-03	-6.330003e-01
4.310000e-05	5.325574e-03	-8.757105e-01
4.311000e-05	-4.487153e-03	-1.136745e+00
4.312000e-05	4.195291e-03	-1.434605e+00
4.313000e-05	-3.557962e-03	-1.676111e+00
4.314000e-05	2.668273e-02	-1.896792e+00
4.315000e-05	8.586816e-02	-2.109220e+00
4.316000e-05	1.191880e-02	-2.486796e+00
4.317000e-05	-8.600130e-02	-2.875238e+00
4.318000e-05	1.454843e-02	-3.231607e+00
4.319000e-05	-4.119643e-02	-3.412558e+00
4.320000e-05	-6.073697e-02	-3.655059e+00
4.321000e-05	2.402866e-02	-3.936912e+00
4.322000e-05	1.548299e-01	-4.033563e+00
4.323000e-05	-1.991017e-01	-4.349375e+00
4.324000e-05	1.971120e-01	-4.580299e+00
4.325000e-05	-1.189483e-01	-4.907089e+00
4.326000e-05	1.212712e-02	-5.141304e+00
4.327000e-05	9.067654e-02	-5.415484e+00
4.328000e-05	-1.324896e-01	-5.761850e+00
4.329000e-05	1.784884e-01	-5.950353e+00
4.330000e-05	-1.052561e-01	-6.244990e+00
4.331000e-05	2.969070e-02	-6.560804e+00
4.332000e-05	3.870176e-02	-6.772385e+00
4.333000e-05	-8.023091e-02	-7.079623e+00
4.334000e-05	1.209093e-01	-7.360226e+00
4.335000e-05	-1.192425e-01	-7.604863e+00
4.336000e-05	1.360339e-01	-7.928178e+00
4.337000e-05	-5.409248e-02	-8.129300e+00
4.338000e-05	1.948451e-02	-8.402317e+00
4.339000e-05	5.438650e-02	-8.575863e+00
4.340000e-05	-6.333352e-02	-8.887167e+00
4.341000e-05	7.843769e-02	-9.099193e+00
4.342000e-05	-6.831874e-02	-9.318172e+00
4.343000e-05	9.586528e-02	-9.571710e+00
4.344000e-05	-3.482863e-02	-9.782230e+00
4.345000e-05	3.627364e-02	-9.983262e+00
4.346000e-05	-1.178863e-02	-1.018273e+01
4.347000e-05	1.715235e-02	-1.039391e+01
4.348000e-05	3.491010e-02	-1.057173e+01
4.349000e-05	-1.300200e-02	-1.077384e+01
4.350000e-05	5.041917e-02	-1.096466e+01
4.351000e-05	-1.600459e-02	-1.119371e+01
4.352000e-05	3.766179e-02	-1.135073e+01
4.353000e-05	-1.863903e-02	-1.157318e+01
4.354000e-05	5.329944e-02	-1.178366e+01
4.355000e-05	-2.654443e-03	-1.199174e+01
4.356000e-05	2.897762e-02	-1.213165e+01
4.357000e-05	4.278841e-03	-1.227957e+01
4.358000e-05	3.433370e-02	-1.251750e+01
4.359000e-05	1.400754e-02	-1.261529e+01
4.360000e-05	1.465320e-02	-1.284484e+01
4.361000e-05	2.635154e-02	-1.295016e+01
4.362000e-05	1.858352e-02	-1.307955e+01
4.363000e-05	2.726311e-02	-1.325589e+01
4.364000e-05	1.321765e-02	-1.338476e+01
4.365000e-05	3.981757e-02	-1.354000e+01
4.366000e-05	1.638811e-02	-1.364795e+01
4.367000e-05	2.871956e-02	-1.378221e+01
4.368000e-05	2.138016e-02	-1.391746e+01
4.369000e-05	3.788722e-02	-1.404782e+01
4.370000e-05	2.373075e-02	-1.416110e+01
4.371000e-05	2.998344e-02	-1.424937e+01
4.372000e-05	3.105374e-02	-1.433511e+01
4.373000e-05	3.334166e-02	-1.443692e+01
4.374000e-05	3.211589e-02	-1.457073e+01
4.375000e-05	3.406735e-02	-1.460634e+01
4.376000e-05	3.841817e-02	-1.462790e+01
4.377000e-05	3.586037e-02	-1.477111e+01
4.378000e-05	3.612171e-02	-1.478519e+01
4.379000e-05	4.066727e-02	-1.482635e+01
4.380000e-05	4.070446e-02	-1.489955e+01
4.381000e-05	4.137256e-02	-1.496213e+01
4.382000e-05	4.339149e-02	-1.502369e+01
4.383000e-05	4.457633e-02	-1.501374e+01
4.384000e-05	4.631421e-02	-1.506579e+01
4.385000e-05	4.830761e-02	-1.506752e+01
4.386000e-05	5.232759e-02	-1.508832e+01
4.387000e-05	5.365939e-02	-1.510845e+01
4.388000e-05	5.503370e-02	-1.515106e+01
4.389000e-05	5.648261e-02	-1.515200e+01
4.390000e-05	5.782027e-02	-1.512203e+01
4.391000e-05	5.956614e-02	-1.512218e+01
4.392000e-05	6.125176e-02	-1.510000e+01
4.393000e-05	6.661640e-02	-1.511097e+01
4.394000e-05	6.933723e-02	-1.508797e+01
4.395000e-05	7.248374e-02	-1.508790e+01
4.396000e-05	7.560663e-02	-1.505632e+01
4.397000e-05	8.050965e-02	-1.502381e+01
4.398000e-05	8.617172e-02	-1.499166e+01
4.399000e-05	9.355594e-02	-1.489953e+01
4.400000e-05	9.901201e-02	-1.482689e+01
4.401000e-05	1.023683e-01	-1.481374e+01
4.402000e-05	1.040141e-01	-1.472108e+01
4.403000e-05	1.058252e-01	-1.465745e+01
4.404000e-05	1.027558e-01	-1.463221e+01
4.405000e-05	9.913577e-02	-1.448903e+01
4.406000e-05	9.391529e-02	-1.443429e+01
4.407000e-05	9.007711e-02	-1.429855e+01
4.408000e-05	8.292695e-02	-1.422424e+01
4.409000e-05	7.622012e-02	-1.411795e+01
4.410000e-05	7.080991e-02	-1.396311e+01
4.411000e-05	6.359322e-02	-1.385732e+01
4.412000e-05	5.862862e-02	-1.373965e+01
4.413000e-05	5.605367e-02	-1.363434e+01
4.414000e-05	5.300134e-02	-1.346784e+01
4.415000e-05	4.720860e-02	-1.339008e+01
4.416000e-05	4.191336e-02	-1.320279e+01
4.417000e-05	4.096033e-02	-1.304740e+01
4.418000e-05	3.856571e-02	-1.295110e+01
4.419000e-05	3.608923e-02	-1.279331e+01
4.420000e-05	3.439105e-02	-1.263541e+01
4.421000e-05	3.272260e-02	-1.248757e+01
4.422000e-05	3.008683e-02	-1.230962e+01
4.423000e-05	2.729407e-02	-1.219163e+01
4.424000e-05	2.611622e-02	-1.197276e+01
4.425000e-05	2.556188e-02	-1.182326e+01
4.426000e-05	2.387527e-02	-1.157379e+01
4.427000e-05	2.250618e-02	-1.140078e+01
4.428000e-05	2.146771e-02	-1.117275e+01
4.429000e-05	2.152596e-02	-1.097971e+01
4.430000e-05	1.958851e-02	-1.079173e+01
4.431000e-05	1.806522e-02	-1.062286e+01
4.432000e-05	1.700249e-02	-1.041274e+01
4.433000e-05	1.599603e-02	-1.014978e+01
4.434000e-05	1.593861e-02	-9.950124e+00
4.435000e-05	1.389525e-02	-9.749750e+00
4.436000e-05	1.210216e-02	-9.557125e+00
4.437000e-05	1.202899e-02	-9.318045e+00
4.438000e-05	1.167921e-02	-9.084539e+00
4.439000e-05	1.145268e-02	-8.894541e+00
4.440000e-05	1.028448e-02	-8.622433e+00
4.441000e-05	9.864158e-03	-8.399777e+00
4.442000e-05	9.188536e-03	-8.158699e+00
4.443000e-05	7.540194e-03	-7.918021e+00
4.444000e-05	7.053086e-03	-7.622835e+00
4.445000e-05	8.235486e-03	-7.400773e+00
4.446000e-05	6.868142e-03	-7.108721e+00
4.447000e-05	5.389964e-03	-6.863460e+00
4.448000e-05	4.521765e-03	-6.612455e+00
4.449000e-05	5.999200e-03	-6.391401e+00
4.450000e-05	3.719413e-03	-6.124615e+00
4.451000e-05	5.420315e-03	-5.872485e+00
4.452000e-05	2.357079e-03	-5.590353e+00
4.453000e-05	3.364240e-03	-5.325120e+00
4.454000e-05	2.364647e-03	-5.042409e+00
4.455000e-05	2.203035e-03	-4.685138e+00
4.456000e-05	2.017970e-03	-4.462032e+00
4.457000e-05	3.322067e-03	-4.221908e+00
4.458000e-05	1.672882e-03	-3.998320e+00
4.459000e-05	1.410207e-03	-3.674082e+00
4.460000e-05	-1.239199e-03	-3.440028e+00
4.461000e-05	8.923052e-04	-3.136670e+00
4.462000e-05	-2.470401e-03	-2.821925e+00
4.463000e-05	1.821784e-04	-2.568345e+00
4.464000e-05	-2.625020e-03	-2.313189e+00
4.465000e-05	-8.985596e-04	-1.969895e+00
4.466000e-05	-3.359993e-03	-1.696139e+00
4.467000e-05	-1.434916e-03	-1.458404e+00
4.468000e-05	-2.948993e-03	-1.074682e+00
4.469000e-05	-3.392738e-03	-8.410262e-01
4.470000e-05	-4.260526e-03	-4.847330e-01
4.471000e-05	-3.762821e-03	-2.815528e-01
4.472000e-05	-3.281092e-03	-1.844367e-02
4.473000e-05	7.208681e-03	3.473222e-01
4.474000e-05	-2.787511e-03	5.599499e-01
4.475000e-05	4.413180e-04	7.920313e-01
4.476000e-05	-1.715575e-03	1.135919e+00
4.477000e-05	-1.058340e-03	1.368424e+00
4.478000e-05	-3.595566e-03	1.684316e+00
4.479000e-05	3.313785e-03	1.937844e+00
4.480000e-05	2.296131e-02	2.108920e+00
4.481000e-05	8.300622e-02	2.409956e+00
4.482000e-05	-2.170460e-02	2.769850e+00
4.483000e-05	-6.946675e-02	3.064587e+00
4.484000e-05	-2.082663e-02	3.278169e+00
4.485000e-05	-1.796342e-02	3.602031e+00
4.486000e-05	-5.341227e-02	3.834534e+00
4.487000e-05	-2.166263e-02	4.011984e+00
4.488000e-05	1.249283e-01	4.277245e+00
4.489000e-05	-8.481894e-02	4.540380e+00
4.490000e-05	-1.416577e-02	4.781860e+00
4.491000e-05	1.042773e-01	5.160751e+00
4.492000e-05	-1.498271e-01	5.454063e+00
4.493000e-05	9.723291e-02	5.657596e+00
4.494000e-05	-5.654967e-02	5.981378e+00
4.495000e-05	2.309670e-02	6.193008e+00
4.496000e-05	-8.464462e-03	6.466171e+00
4.497000e-05	-3.650081e-02	6.792357e+00
4.498000e-05	2.844409e-02	6.983464e+00
4.499000e-05	-5.374794e-02	7.286098e+00
4.500000e-05	1.958972e-02	7.590908e+00
4.501000e-05	-4.992869e-02	7.815392e+00
4.502000e-05	3.065339e-02	8.159229e+00
4.503000e-05	2.251552e-03	8.362354e+00
4.504000e-05	-4.732765e-02	8.581829e+00
4.505000e-05	2.080777e-02	8.802413e+00
4.506000e-05	-3.664985e-02	8.996836e+00
4.507000e-05	3.781754e-03	9.276621e+00
4.508000e-05	-3.758708e-02	9.459474e+00
4.509000e-05	8.978544e-03	9.709702e+00
4.510000e-05	-2.035056e-02	9.982228e+00
4.511000e-05	-1.532490e-02	1.013083e+01
4.512000e-05	-2.560805e-02	1.030171e+01
4.513000e-05	-1.409846e-02	1.054068e+01
4.514000e-05	-3.381225e-03	1.075171e+01
4.515000e-05	-3.020995e-02	1.093273e+01
4.516000e-05	-1.250278e-02	1.114319e+01
4.517000e-05	-1.620201e-02	1.133220e+01
4.518000e-05	-1.208220e-02	1.152166e+01
4.519000e-05	-3.616871e-02	1.176273e+01
4.520000e-05	-9.993227e-03	1.193871e+01
4.521000e-05	-1.668556e-02	1.209762e+01
4.522000e-05	-2.130304e-02	1.226745e+01
4.523000e-05	-3.025892e-02	1.246657e+01
4.524000e-05	-1.886949e-02	1.258486e+01
4.525000e-05	-2.064688e-02	1.278221e+01
4.526000e-05	-3.413515e-02	1.291018e+01
4.527000e-05	-2.310806e-02	1.304935e+01
4.528000e-05	-2.333655e-02	1.324540e+01
4.529000e-05	-2.295641e-02	1.337379e+01
4.530000e-05	-3.664115e-02	1.352006e+01
4.531000e-05	-2.165903e-02	1.364692e+01
4.532000e-05	-2.977755e-02	1.374164e+01
4.533000e-05	-3.232223e-02	1.387048e+01
4.534000e-05	-3.598182e-02	1.400787e+01
4.535000e-05	-3.147058e-02	1.416474e+01
4.536000e-05	-2.999483e-02	1.429845e+01
4.537000e-05	-4.222317e-02	1.437524e+01
4.538000e-05	-3.038979e-02	1.450808e+01
4.539000e-05	-3.921009e-02	1.455218e+01
4.540000e-05	-3.527949e-02	1.465745e+01
4.541000e-05	-4.159449e-02	1.471908e+01
4.542000e-05	-3.824667e-02	1.479386e+01
4.543000e-05	-4.350305e-02	1.484699e+01
4.544000e-05	-4.637591e-02	1.489698e+01
4.545000e-05	-4.539981e-02	1.497211e+01
4.546000e-05	-4.624201e-02	1.499468e+01
4.547000e-05	-4.916312e-02	1.503530e+01
4.548000e-05	-5.263326e-02	1.508893e+01
4.549000e-05	-5.085208e-02	1.506848e+01
4.550000e-05	-5.511096e-02	1.513213e+01
4.551000e-05	-5.513138e-02	1.513206e+01
4.552000e-05	-5.835653e-02	1.515459e+01
4.553000e-05	-5.746792e-02	1.514372e+01
4.554000e-05	-6.305981e-02	1.521371e+01
4.555000e-05	-6.488428e-02	1.521366e+01
4.556000e-05	-6.601561e-02	1.517522e+01
4.557000e-05	-6.834454e-02	1.517416e+01
4.558000e-05	-7.001420e-02	1.517264e+01
4.559000e-05	-7.313133e-02	1.512219e+01
4.560000e-05	-7.588002e-02	1.512156e+01
4.561000e-05	-8.254417e-02	1.509903e+01
4.562000e-05	-8.525147e-02	1.506843e+01
4.563000e-05	-9.024813e-02	1.501532e+01
4.564000e-05	-9.690369e-02	1.502421e+01
4.565000e-05	-1.021270e-01	1.497215e+01
4.566000e-05	-1.067858e-01	1.489850e+01
4.567000e-05	-1.097941e-01	1.483537e+01
4.568000e-05	-1.132477e-01	1.472023e+01
4.569000e-05	-1.099652e-01	1.468900e+01
4.570000e-05	-1.070408e-01	1.461226e+01
4.571000e-05	-1.017420e-01	1.447955e+01
4.572000e-05	-9.817402e-02	1.441332e+01
4.573000e-05	-8.966275e-02	1.431905e+01
4.574000e-05	-8.486745e-02	1.419579e+01
4.575000e-05	-7.827512e-02	1.408800e+01
4.576000e-05	-7.497880e-02	1.396325e+01
4.577000e-05	-6.807400e-02	1.382524e+01
4.578000e-05	-6.346668e-02	1.371950e+01
4.579000e-05	-5.869372e-02	1.356369e+01
4.580000e-05	-5.643962e-02	1.344479e+01
4.581000e-05	-5.143393e-02	1.330755e+01
4.582000e-05	-5.000120e-02	1.313124e+01
4.583000e-05	-4.607559e-02	1.305531e+01
4.584000e-05	-4.552075e-02	1.287645e+01
4.585000e-05	-4.199188e-02	1.269063e+01
4.586000e-05	-4.126456e-02	1.258223e+01
4.587000e-05	-3.750774e-02	1.242387e+01
4.588000e-05	-3.619779e-02	1.228684e+01
4.589000e-05	-3.470241e-02	1.206800e+01
4.590000e-05	-3.271004e-02	1.192910e+01
4.591000e-05	-3.159790e-02	1.175118e+01
4.592000e-05	-2.983883e-02	1.153968e+01
4.593000e-05	-2.971566e-02	1.129113e+01
4.594000e-05	-2.767941e-02	1.111912e+01
4.595000e-05	-2.857850e-02	1.096023e+01
4.596000e-05	-2.637932e-02	1.073973e+01
4.597000e-05	-2.592193e-02	1.057815e+01
4.598000e-05	-2.423039e-02	1.032865e+01
4.599000e-05	-2.335657e-02	1.010760e+01
4.600000e-05	-2.233744e-02	9.867497e+00
4.601000e-05	-2.127807e-02	9.665491e+00
4.602000e-05	-2.117820e-02	9.422362e+00
4.603000e-05	-2.143552e-02	9.252413e+00
4.604000e-05	-2.032673e-02	9.010751e+00
4.605000e-05	-2.020699e-02	8.729680e+00
4.606000e-05	-1.880395e-02	8.527700e+00
4.607000e-05	-1.846006e-02	8.265071e+00
4.608000e-05	-1.731203e-02	8.034988e+00
4.609000e-05	-1.685914e-02	7.782333e+00
4.610000e-05	-1.667622e-02	7.537808e+00
4.611000e-05	-1.584066e-02	7.264541e+00
4.612000e-05	-1.467989e-02	7.012934e+00
4.613000e-05	-1.468601e-02	6.770409e+00
4.614000e-05	-1.391994e-02	6.507700e+00
4.615000e-05	-1.465892e-02	6.264488e+00
4.616000e-05	-1.270873e-02	6.032036e+00
4.617000e-05	-1.326943e-02	5.778701e+00
4.618000e-05	-1.213742e-02	5.496641e+00
4.619000e-05	-1.152033e-02	5.241985e+00
4.620000e-05	-1.228037e-02	4.876141e+00
4.621000e-05	-1.140519e-02	4.611033e+00
4.622000e-05	-1.113250e-02	4.369948e+00
4.623000e-05	-9.759492e-03	4.064061e+00
4.624000e-05	-1.037510e-02	3.791001e+00
4.625000e-05	-1.002117e-02	3.559324e+00
4.626000e-05	-9.537686e-03	3.245480e+00
4.627000e-05	-9.130384e-03	2.959374e+00
4.628000e-05	-8.573228e-03	2.696721e+00
4.629000e-05	-7.378062e-03	2.429876e+00
4.630000e-05	-8.074627e-03	2.106793e+00
4.631000e-05	-7.507849e-03	1.853132e+00
4.632000e-05	-7.220891e-03	1.538847e+00
4.633000e-05	-6.521064e-03	1.254182e+00
4.634000e-05	-5.614051e-03	9.558209e-01
4.635000e-05	-5.553398e-03	6.837053e-01
4.636000e-05	-5.243171e-03	4.300750e-01
4.637000e-05	-4.474213e-03	9.423416e-02
4.638000e-05	2.866903e-04	-1.689486e-01
4.639000e-05	8.645193e-03	-4.105051e-01
4.640000e-05	-5.676846e-03	-7.162946e-01
4.641000e-05	5.471141e-03	-9.588222e-01
4.642000e-05	-4.786512e-03	-1.202453e+00
4.643000e-05	4.960629e-03	-1.546892e+00
4.644000e-05	-2.567202e-04	-1.778846e+00
4.645000e-05	4.002850e-02	-1.999372e+00
4.646000e-05	1.023222e-01	-2.225038e+00
4.647000e-05	-6.684262e-02	-2.642558e+00
4.648000e-05	-2.853902e-02	-3.012506e+00
4.649000e-05	-1.799178e-02	-3.285267e+00
4.650000e-05	-2.215285e-02	-3.516740e+00
4.651000e-05	-9.734165e-02	-3.666643e+00
4.652000e-05	1.420697e-01	-3.907690e+00
4.653000e-05	1.682124e-03	-4.108321e+00
4.654000e-05	-8.134871e-02	-4.442087e+00
4.655000e-05	1.866419e-01	-4.654512e+00
4.656000e-05	-2.034512e-01	-4.970804e+00
4.657000e-05	1.536090e-01	-5.204041e+00
4.658000e-05	-4.543028e-02	-5.510801e+00
4.659000e-05	-2.258913e-02	-5.833087e+00
4.660000e-05	1.371304e-01	-6.053416e+00
4.661000e-05	-1.514886e-01	-6.381435e+00
4.662000e-05	1.219427e-01	-6.633487e+00
4.663000e-05	-7.136228e-02	-6.857600e+00
4.664000e-05	2.750214e-02	-7.213433e+00
4.665000e-05	3.747547e-02	-7.412989e+00
4.666000e-05	-6.981494e-02	-7.691649e+00
4.667000e-05	1.407295e-01	-7.982828e+00
4.668000e-05	-1.110601e-01	-8.283936e+00
4.669000e-05	1.020581e-01	-8.467067e+00
4.670000e-05	-3.597597e-02	-8.709150e+00
4.671000e-05	1.044868e-02	-8.971304e+00
4.672000e-05	2.520245e-02	-9.159255e+00
4.673000e-05	-2.959009e-02	-9.372861e+00
4.674000e-05	8.597903e-02	-9.615512e+00
4.675000e-05	-5.099298e-02	-9.854436e+00
4.676000e-05	6.098526e-02	-1.006447e+01
4.677000e-05	-4.477915e-02	-1.024734e+01
4.678000e-05	6.038425e-02	-1.049754e+01
4.679000e-05	-9.697871e-03	-1.061697e+01
4.680000e-05	2.758430e-02	-1.084646e+01
4.681000e-05	1.836849e-02	-1.101529e+01
4.682000e-05	5.945092e-03	-1.127595e+01
4.683000e-05	1.760543e-02	-1.139676e+01
4.684000e-05	-1.042944e-03	-1.164682e+01
4.685000e-05	4.771097e-02	-1.182581e+01
4.686000e-05	-3.525579e-03	-1.204654e+01
4.687000e-05	3.251662e-02	-1.221278e+01
4.688000e-05	1.749324e-05	-1.235326e+01
4.689000e-05	4.211874e-02	-1.253908e+01
4.690000e-05	1.243419e-05	-1.267942e+01
4.691000e-05	2.895523e-02	-1.285812e+01
4.692000e-05	1.622896e-02	-1.301431e+01
4.693000e-05	2.912596e-02	-1.316124e+01
4.694000e-05	1.620986e-02	-1.328852e+01
4.695000e-05	2.613543e-02	-1.342727e+01
4.696000e-05	3.201052e-02	-1.357208e+01
4.697000e-05	2.001213e-02	-1.372810e+01
4.698000e-05	2.533683e-02	-1.381529e+01
4.699000e-05	2.457931e-02	-1.393316e+01
4.700000e-05	3.537663e-02	-1.407787e+01
4.701000e-05	2.321348e-02	-1.419319e+01
4.702000e-05	3.340957e-02	-1.426935e+01
4.703000e-05	2.995124e-02	-1.442421e+01
4.704000e-05	3.476509e-02	-1.449647e+01
4.705000e-05	3.064004e-02	-1.457221e+01
4.706000e-05	3.847346e-02	-1.465477e+01
4.707000e-05	3.709313e-02	-1.467896e+01
4.708000e-05	3.529103e-02	-1.475219e+01
4.709000e-05	3.699097e-02	-1.480677e+01
4.710000e-05	4.076895e-02	-1.485792e+01
4.711000e-05	4.070827e-02	-1.492003e+01
4.712000e-05	4.193503e-02	-1.495263e+01
4.713000e-05	4.547787e-02	-1.500416e+01
4.714000e-05	4.608255e-02	-1.504579e+01
4.715000e-05	4.719096e-02	-1.504635e+01
4.716000e-05	4.870288e-02	-1.506790e+01
4.717000e-05	5.297246e-02	-1.508895e+01
4.718000e-05	5.313544e-02	-1.514100e+01
4.719000e-05	5.567300e-02	-1.513151e+01
4.720000e-05	5.701385e-02	-1.511213e+01
4.721000e-05	5.868077e-02	-1.516201e+01
4.722000e-05	5.936223e-02	-1.515161e+01
4.723000e-05	6.403954e-02	-1.513053e+01
4.724000e-05	6.739299e-02	-1.507900e+01
4.725000e-05	6.906195e-02	-1.511842e+01
4.726000e-05	7.288143e-02	-1.505682e+01
4.727000e-05	7.835596e-02	-1.507576e+01
4.728000e-05	8.350874e-02	-1.500366e+01
4.729000e-05	8.743551e-02	-1.492253e+01
4.730000e-05	9.360654e-02	-1.492842e+01
4.731000e-05	1.001195e-01	-1.483489e+01
4.732000e-05	1.036690e-01	-1.478328e+01
4.733000e-05	1.044728e-01	-1.470795e+01
4.734000e-05	1.061031e-01	-1.463584e+01
4.735000e-05	1.030897e-01	-1.458221e+01
4.736000e-05	9.743968e-02	-1.450747e+01
4.737000e-05	9.091603e-02	-1.439258e+01
4.738000e-05	8.661598e-02	-1.428898e+01
4.739000e-05	8.098413e-02	-1.416353e+01
4.740000e-05	7.381388e-02	-1.403637e+01
4.741000e-05	6.804432e-02	-1.390046e+01
4.742000e-05	6.293377e-02	-1.382479e+01
4.743000e-05	5.853917e-02	-1.365802e+01
4.744000e-05	5.489229e-02	-1.359171e+01
4.745000e-05	5.068964e-02	-1.342529e+01
4.746000e-05	4.574516e-02	-1.328792e+01
4.747000e-05	4.218596e-02	-1.318123e+01
4.748000e-05	3.988345e-02	-1.305439e+01
4.749000e-05	3.714897e-02	-1.288755e+01
4.750000e-05	3.567662e-02	-1.274120e+01
4.751000e-05	3.408049e-02	-1.259376e+01
4.752000e-05	3.177358e-02	-1.244432e+01
4.753000e-05	2.888206e-02	-1.227749e+01
4.754000e-05	2.728186e-02	-1.213907e+01
4.755000e-05	2.609056e-02	-1.189007e+01
4.756000e-05	2.494943e-02	-1.172858e+01
4.757000e-05	2.380314e-02	-1.155963e+01
4.758000e-05	2.222121e-02	-1.130765e+01
4.759000e-05	2.085327e-02	-1.109752e+01
4.760000e-05	1.920948e-02	-1.091807e+01
4.761000e-05	1.861873e-02	-1.069810e+01
4.762000e-05	1.820195e-02	-1.054918e+01
4.763000e-05	1.763973e-02	-1.032810e+01
4.764000e-05	1.586621e-02	-1.012650e+01
4.765000e-05	1.437934e-02	-9.885516e+00
4.766000e-05	1.481196e-02	-9.697488e+00
4.767000e-05	1.314378e-02	-9.455489e+00
4.768000e-05	1.250974e-02	-9.234335e+00
4.769000e-05	1.126075e-02	-9.041409e+00
4.770000e-05	1.053081e-02	-8.830758e+00
4.771000e-05	9.693463e-03	-8.558598e+00
4.772000e-05	8.934434e-03	-8.287091e+00
4.773000e-05	9.342442e-03	-8.096114e+00
4.774000e-05	8.700681e-03	-7.821384e+00
4.775000e-05	6.848547e-03	-7.549222e+00
4.776000e-05	8.038231e-03	-7.307667e+00
4.777000e-05	6.573610e-03	-7.042385e+00
4.778000e-05	6.355781e-03	-6.811331e+00
4.779000e-05	3.442138e-03	-6.536771e+00
4.780000e-05	4.201843e-03	-6.315038e+00
4.781000e-05	3.562812e-03	-6.014455e+00
4.782000e-05	5.686492e-03	-5.760749e+00
4.783000e-05	3.070140e-03	-5.536245e+00
4.784000e-05	4.372298e-03	-5.221804e+00
4.785000e-05	1.856158e-03	-4.947616e+00
4.786000e-05	2.759307e-03	-4.630404e+00
4.787000e-05	6.978052e-04	-4.408872e+00
4.788000e-05	2.463703e-03	-4.137246e+00
4.789000e-05	1.956202e-03	-3.872106e+00
4.790000e-05	1.253625e-03	-3.579848e+00
4.791000e-05	-7.278194e-04	-3.295216e+00
4.792000e-05	-1.557594e-03	-3.069930e+00
4.793000e-05	-2.506188e-04	-2.766767e+00
4.794000e-05	-1.433295e-03	-2.453058e+00
4.795000e-05	-1.262922e-03	-2.188495e+00
4.796000e-05	-2.372224e-03	-1.905186e+00
4.797000e-05	-1.419338e-03	-1.661578e+00
4.798000e-05	-2.989011e-03	-1.304212e+00
4.799000e-05	-3.187721e-03	-9.894998e-01
4.800000e-05	-4.821793e-03	-7.253207e-01
4.801000e-05	-3.268334e-03	-4.405477e-01
4.802000e-05	-4.863493e-03	-1.773669e-01
4.803000e-05	-6.251084e-04	5.526691e-02
4.804000e-05	8.117088e-03	3.815290e-01
4.805000e-05	-6.367734e-03	6.531331e-01
4.806000e-05	3.656364e-03	8.951619e-01
4.807000e-05	-6.290840e-03	1.172960e+00
4.808000e-05	8.114877e-04	1.465190e+00
4.809000e-05	-7.051079e-03	1.801376e+00
4.810000e-05	1.314797e-02	1.990006e+00
4.811000e-05	3.508707e-02	2.221556e+00
4.812000e-05	8.484872e-02	2.499319e+00
4.813000e-05	-8.112549e-02	2.844614e+00
4.814000e-05	-2.953196e-02	3.169344e+00
4.815000e-05	-3.631839e-02	3.395535e+00
4.816000e-05	-3.480472e-03	3.666192e+00
4.817000e-05	-7.773746e-02	3.898243e+00
4.818000e-05	4.040745e-02	4.055642e+00
4.819000e-05	1.026796e-01	4.392980e+00
4.820000e-05	-1.575991e-01	4.644062e+00
4.821000e-05	1.174020e-01	4.888120e+00
4.822000e-05	-3.463785e-02	5.234065e+00
4.823000e-05	-5.796547e-02	5.486700e+00
4.824000e-05	6.458469e-02	5.752853e+00
4.825000e-05	-5.513768e-02	6.056041e+00
4.826000e-05	3.855248e-02	6.266654e+00
4.827000e-05	-4.015707e-02	6.542754e+00
4.828000e-05	-2.551770e-03	6.864567e+00
4.829000e-05	1.659813e-03	7.107679e+00
4.830000e-05	-3.809127e-02	7.374256e+00
4.831000e-05	1.082556e-02	7.676044e+00
4.832000e-05	-4.573080e-02	7.952152e+00
4.833000e-05	5.070082e-02	8.244035e+00
4.834000e-05	-3.382696e-02	8.454490e+00
4.835000e-05	-2.422826e-02	8.626015e+00
4.836000e-05	1.572670e-02	8.878621e+00
4.837000e-05	-4.135492e-02	9.130675e+00
4.838000e-05	8.987835e-03	9.350228e+00
4.839000e-05	-4.313348e-02	9.564763e+00
4.840000e-05	2.283693e-02	9.784290e+00
4.841000e-05	-3.527298e-02	1.002452e+01
4.842000e-05	-9.466489e-03	1.021541e+01
4.843000e-05	-3.017904e-02	1.042342e+01
4.844000e-05	-7.249150e-03	1.060491e+01
4.845000e-05	-7.100428e-03	1.085494e+01
4.846000e-05	-3.489935e-02	1.101436e+01
4.847000e-05	-1.665744e-03	1.118539e+01
4.848000e-05	-2.177233e-02	1.140621e+01
4.849000e-05	-1.214189e-02	1.167539e+01
4.850000e-05	-3.986218e-02	1.180484e+01
4.851000e-05	-3.406881e-03	1.202329e+01
4.852000e-05	-2.245291e-02	1.213161e+01
4.853000e-05	-2.338990e-02	1.233058e+01
4.854000e-05	-2.655023e-02	1.249918e+01
4.855000e-05	-1.918502e-02	1.265745e+01
4.856000e-05	-2.100825e-02	1.278586e+01
4.857000e-05	-3.578171e-02	1.294063e+01
4.858000e-05	-1.834342e-02	1.311058e+01
4.859000e-05	-2.778776e-02	1.329747e+01
4.860000e-05	-2.536132e-02	1.341579e+01
4.861000e-05	-3.485513e-02	1.352121e+01
4.862000e-05	-2.243624e-02	1.366798e+01
4.863000e-05	-3.028477e-02	1.381669e+01
4.864000e-05	-3.436762e-02	1.392214e+01
4.865000e-05	-3.137536e-02	1.408898e+01
4.866000e-05	-3.285204e-02	1.422480e+01
4.867000e-05	-3.320270e-02	1.432110e+01
4.868000e-05	-3.938087e-02	1.441534e+01
4.869000e-05	-3.280447e-02	1.455211e+01
4.870000e-05	-4.031741e-02	1.460391e+01
4.871000e-05	-3.835807e-02	1.467842e+01
4.872000e-05	-3.899324e-02	1.474171e+01
4.873000e-05	-3.928532e-02	1.481479e+01
4.874000e-05	-4.421471e-02	1.483707e+01
4.875000e-05	-4.755533e-02	1.490108e+01
4.876000e-05	-4.375912e-02	1.496016e+01
4.877000e-05	-4.887144e-02	1.500274e+01
4.878000e-05	-4.916799e-02	1.504685e+01
4.879000e-05	-5.231445e-02	1.506743e+01
4.880000e-05	-5.154491e-02	1.510146e+01
4.881000e-05	-5.597284e-02	1.510058e+01
4.882000e-05	-5.775971e-02	1.513113e+01
4.883000e-05	-5.652338e-02	1.517259e+01
4.884000e-05	-5.959631e-02	1.516374e+01
4.885000e-05	-6.138014e-02	1.516422e+01
4.886000e-05	-6.679422e-02	1.516579e+01
4.887000e-05	-6.530807e-02	1.516579e+01
4.888000e-05	-6.978623e-02	1.520279e+01
4.889000e-05	-7.137919e-02	1.516364e+01
4.890000e-05	-7.442458e-02	1.514264e+01
4.891000e-05	-7.855026e-02	1.512213e+01
4.892000e-05	-8.283605e-02	1.511101e+01
4.893000e-05	-8.760790e-02	1.506840e+01
4.894000e-05	-9.174093e-02	1.502537e+01
4.895000e-05	-9.999072e-02	1.496529e+01
4.896000e-05	-1.032189e-01	1.490116e+01
4.897000e-05	-1.087354e-01	1.485750e+01
4.898000e-05	-1.111346e-01	1.478236e+01
4.899000e-05	-1.115572e-01	1.475110e+01
4.900000e-05	-1.087553e-01	1.466985e+01
4.901000e-05	-1.053591e-01	1.455228e+01
4.902000e-05	-1.014377e-01	1.442945e+01
4.903000e-05	-9.348547e-02	1.440366e+01
4.904000e-05	-8.817238e-02	1.427847e+01
4.905000e-05	-8.376660e-02	1.417168e+01
4.906000e-05	-7.651226e-02	1.402545e+01
4.907000e-05	-7.341861e-02	1.389013e+01
4.908000e-05	-6.403600e-02	1.380371e+01
4.909000e-05	-6.487391e-02	1.364740e+01
4.910000e-05	-5.642129e-02	1.350053e+01
4.911000e-05	-5.318700e-02	1.339181e+01
4.912000e-05	-5.078141e-02	1.325703e+01
4.913000e-05	-4.905439e-02	1.309955e+01
4.914000e-05	-4.894068e-02	1.300268e+01
4.915000e-05	-4.347189e-02	1.281547e+01
4.916000e-05	-4.426841e-02	1.268603e+01
4.917000e-05	-3.909829e-02	1.255165e+01
4.918000e-05	-3.727737e-02	1.242181e+01
4.919000e-05	-3.449806e-02	1.221476e+01
4.920000e-05	-3.364241e-02	1.204397e+01
4.921000e-05	-3.053164e-02	1.187447e+01
4.922000e-05	-3.006016e-02	1.166700e+01
4.923000e-05	-3.041887e-02	1.148742e+01
4.924000e-05	-3.147017e-02	1.123549e+01
4.925000e-05	-2.935794e-02	1.104600e+01
4.926000e-05	-2.867816e-02	1.087709e+01
4.927000e-05	-2.619422e-02	1.067652e+01
4.928000e-05	-2.499178e-02	1.049747e+01
4.929000e-05	-2.297801e-02	1.025554e+01
4.930000e-05	-2.163608e-02	1.007246e+01
4.931000e-05	-2.160523e-02	9.792858e+00
4.932000e-05	-2.168361e-02	9.591782e+00
4.933000e-05	-2.217961e-02	9.340775e+00
4.934000e-05	-2.153649e-02	9.149201e+00
4.935000e-05	-2.110170e-02	8.878145e+00
4.936000e-05	-2.025889e-02	8.664547e+00
4.937000e-05	-1.812109e-02	8.474010e+00
4.938000e-05	-1.862602e-02	8.245334e+00
4.939000e-05	-1.716860e-02	7.941300e+00
4.940000e-05	-1.643541e-02	7.748150e+00
4.941000e-05	-1.491501e-02	7.444966e+00
4.942000e-05	-1.553937e-02	7.189853e+00
4.943000e-05	-1.548827e-02	6.918747e+00
4.944000e-05	-1.604613e-02	6.707695e+00
4.945000e-05	-1.510484e-02	6.413008e+00
4.946000e-05	-1.385419e-02	6.180349e+00
4.947000e-05	-1.304278e-02	5.969900e+00
4.948000e-05	-1.293710e-02	5.705034e+00
4.949000e-05	-1.173104e-02	5.432434e+00
4.950000e-05	-1.108452e-02	5.095665e+00
4.951000e-05	-1.168870e-02	4.791903e+00
4.952000e-05	-1.114496e-02	4.528221e+00
4.953000e-05	-1.084229e-02	4.293113e+00
4.954000e-05	-1.074278e-02	3.959401e+00
4.955000e-05	-1.133940e-02	3.716217e+00
4.956000e-05	-9.659187e-03	3.503191e+00
4.957000e-05	-8.758313e-03	3.178373e+00
4.958000e-05	-8.840526e-03	2.903164e+00
4.959000e-05	-8.735722e-03	2.590079e+00
4.960000e-05	-7.615892e-03	2.346766e+00
4.961000e-05	-7.878512e-03	2.051132e+00
4.962000e-05	-6.873168e-03	1.798970e+00
4.963000e-05	-6.526552e-03	1.492257e+00
4.964000e-05	-7.416290e-03	1.198500e+00
4.965000e-05	-6.504776e-03	8.620806e-01
4.966000e-05	-4.373771e-03	5.579713e-01
4.967000e-05	-3.832101e-03	3.052683e-01
4.968000e-05	-2.973062e-03	9.475125e-03
4.969000e-05	4.590234e-03	-2.431592e-01
4.970000e-05	3.600572e-03	-4.756893e-01
4.971000e-05	-1.503820e-03	-8.109762e-01
4.972000e-05	3.615371e-04	-1.033129e+00
4.973000e-05	-2.250924e-03	-1.327841e+00
4.974000e-05	1.198302e-04	-1.601979e+00
4.975000e-05	1.209377e-02	-1.833605e+00
4.976000e-05	5.925185e-02	-2.032533e+00
4.977000e-05	8.214844e-02	-2.407379e+00
4.978000e-05	-1.067050e-01	-2.757901e+00
4.979000e-05	1.478157e-02	-3.157864e+00
4.980000e-05	-4.604193e-02	-3.378449e+00
4.981000e-05	-2.321563e-02	-3.589850e+00
4.982000e-05	-7.508367e-02	-3.801278e+00
4.983000e-05	2.070169e-01	-3.979352e+00
4.984000e-05	-1.441671e-01	-4.244565e+00
4.985000e-05	7.051288e-02	-4.496620e+00
4.986000e-05	3.795105e-02	-4.739796e+00
4.987000e-05	-1.406601e-01	-5.056617e+00
4.988000e-05	1.841594e-01	-5.310250e+00
4.989000e-05	-1.427306e-01	-5.626115e+00
4.990000e-05	1.088165e-01	-5.917119e+00
4.991000e-05	2.106951e-02	-6.098195e+00
4.992000e-05	-9.440060e-02	-6.466618e+00
4.993000e-05	1.258415e-01	-6.708695e+00
4.994000e-05	-1.245678e-01	-7.003332e+00
4.995000e-05	1.156149e-01	-7.286068e+00
4.996000e-05	-6.809816e-02	-7.499650e+00
4.997000e-05	4.134127e-02	-7.834309e+00
4.998000e-05	6.034050e-02	-8.056568e+00
4.999000e-05	-7.907293e-02	-8.338199e+00
