# 260406_15:05:11.803463
t	CH1	CH2
0.000000e+00	-3.955092e-03	3.242417e-01
1.000000e-08	-5.248641e-03	5.360534e-02
2.000000e-08	2.455452e-04	-9.373441e-02
3.000000e-08	2.651383e-03	-2.232081e-01
4.000000e-08	-2.138771e-03	-3.910501e-01
5.000000e-08	3.344844e-03	-5.999763e-01
6.000000e-08	-2.188797e-03	-8.109501e-01
7.000000e-08	1.502964e-03	-9.263947e-01
8.000000e-08	-1.231818e-03	-1.085713e+00
9.000000e-08	9.670281e-03	-1.294685e+00
1.000000e-07	7.637283e-02	-1.532811e+00
1.100000e-07	1.919475e-02	-1.696716e+00
1.200000e-07	-6.257172e-02	-1.948927e+00
1.300000e-07	-1.468436e-02	-2.212678e+00
1.400000e-07	-1.096569e-01	-2.379995e+00
1.500000e-07	9.292843e-02	-2.401026e+00
1.600000e-07	1.139201e-01	-2.485817e+00
1.700000e-07	-2.093153e-01	-2.758525e+00
1.800000e-07	1.600966e-01	-2.834688e+00
1.900000e-07	-1.027864e-02	-3.073710e+00
2.000000e-07	-1.827856e-01	-3.326396e+00
2.100000e-07	1.873090e-01	-3.424607e+00
2.200000e-07	-3.454997e-02	-3.580523e+00
2.300000e-07	-1.019266e-01	-3.811604e+00
2.400000e-07	2.061825e-01	-3.969403e+00
2.500000e-07	-1.621200e-01	-4.129553e+00
2.600000e-07	6.561907e-02	-4.318946e+00
2.700000e-07	4.533974e-02	-4.424159e+00
2.800000e-07	-1.197922e-01	-4.716367e+00
2.900000e-07	1.544208e-01	-4.791537e+00
3.000000e-07	-8.464643e-02	-4.970525e+00
3.100000e-07	7.296124e-03	-5.150901e+00
3.200000e-07	8.609918e-02	-5.358451e+00
3.300000e-07	-6.430015e-02	-5.579525e+00
3.400000e-07	8.351653e-02	-5.687342e+00
3.500000e-07	-9.011078e-02	-5.854213e+00
3.600000e-07	6.005729e-02	-5.991478e+00
3.700000e-07	3.990348e-02	-6.127921e+00
3.800000e-07	-7.099124e-02	-6.359970e+00
3.900000e-07	1.150875e-01	-6.454687e+00
4.000000e-07	-6.368853e-02	-6.601105e+00
4.100000e-07	3.900653e-02	-6.738394e+00
4.200000e-07	-6.379712e-03	-6.823662e+00
4.300000e-07	-3.172974e-03	-7.044729e+00
4.400000e-07	9.313928e-02	-7.169950e+00
4.500000e-07	-6.804616e-02	-7.296790e+00
4.600000e-07	4.166960e-02	-7.420030e+00
4.700000e-07	-1.818429e-03	-7.539871e+00
4.800000e-07	3.710220e-02	-7.704730e+00
4.900000e-07	9.679978e-03	-7.814054e+00
5.000000e-07	-1.415002e-02	-7.969973e+00
5.100000e-07	6.070145e-02	-8.064258e+00
5.200000e-07	-1.998438e-02	-8.182025e+00
5.300000e-07	2.627156e-02	-8.285813e+00
5.400000e-07	8.872914e-03	-8.390449e+00
5.500000e-07	3.644835e-02	-8.463232e+00
5.600000e-07	3.935512e-03	-8.552578e+00
5.700000e-07	6.303335e-04	-8.738391e+00
5.800000e-07	4.065460e-02	-8.822103e+00
5.900000e-07	1.697072e-02	-8.886738e+00
6.000000e-07	1.644385e-02	-8.938953e+00
6.100000e-07	8.468788e-03	-9.076679e+00
6.200000e-07	3.378835e-02	-9.118443e+00
6.300000e-07	1.666881e-02	-9.181000e+00
6.400000e-07	1.526095e-02	-9.233757e+00
6.500000e-07	2.714939e-02	-9.307891e+00
6.600000e-07	2.411195e-02	-9.423631e+00
6.700000e-07	1.671959e-02	-9.468265e+00
6.800000e-07	1.949117e-02	-9.527973e+00
6.900000e-07	3.447232e-02	-9.581501e+00
7.000000e-07	2.277575e-02	-9.662611e+00
7.100000e-07	2.127997e-02	-9.715790e+00
7.200000e-07	2.214557e-02	-9.737818e+00
7.300000e-07	2.678126e-02	-9.780476e+00
7.400000e-07	2.217899e-02	-9.782549e+00
7.500000e-07	2.819599e-02	-9.824534e+00
7.600000e-07	3.032271e-02	-9.846236e+00
7.700000e-07	2.544472e-02	-9.876238e+00
7.800000e-07	2.323421e-02	-9.917814e+00
7.900000e-07	3.066194e-02	-9.917288e+00
8.000000e-07	3.198781e-02	-9.938918e+00
8.100000e-07	2.590719e-02	-9.929843e+00
8.200000e-07	2.943175e-02	-9.938320e+00
8.300000e-07	3.270078e-02	-9.960970e+00
8.400000e-07	3.213131e-02	-9.930897e+00
8.500000e-07	2.948105e-02	-9.981550e+00
8.600000e-07	3.275643e-02	-9.941469e+00
8.700000e-07	3.495618e-02	-9.920446e+00
8.800000e-07	3.311843e-02	-9.948873e+00
8.900000e-07	3.540073e-02	-9.919345e+00
9.000000e-07	3.677558e-02	-9.947290e+00
9.100000e-07	3.777046e-02	-9.916315e+00
9.200000e-07	3.567633e-02	-9.917313e+00
9.300000e-07	3.936246e-02	-9.853730e+00
9.400000e-07	3.995375e-02	-9.792106e+00
9.500000e-07	4.047985e-02	-9.791553e+00
9.600000e-07	4.335755e-02	-9.749421e+00
9.700000e-07	4.522231e-02	-9.676319e+00
9.800000e-07	4.600386e-02	-9.686712e+00
9.900000e-07	4.530820e-02	-9.634154e+00
1.000000e-06	4.867677e-02	-9.600502e+00
1.010000e-06	5.005461e-02	-9.529842e+00
1.020000e-06	5.038371e-02	-9.455212e+00
1.030000e-06	5.236965e-02	-9.360448e+00
1.040000e-06	5.394368e-02	-9.328314e+00
1.050000e-06	5.211055e-02	-9.212055e+00
1.060000e-06	5.275446e-02	-9.138895e+00
1.070000e-06	5.275137e-02	-9.085209e+00
1.080000e-06	5.383922e-02	-9.013047e+00
1.090000e-06	5.034477e-02	-8.918316e+00
1.100000e-06	4.846892e-02	-8.834628e+00
1.110000e-06	4.682673e-02	-8.771399e+00
1.120000e-06	4.558835e-02	-8.695631e+00
1.130000e-06	4.429288e-02	-8.600400e+00
1.140000e-06	4.296872e-02	-8.445232e+00
1.150000e-06	4.118915e-02	-8.350421e+00
1.160000e-06	3.927523e-02	-8.275604e+00
1.170000e-06	3.774455e-02	-8.150420e+00
1.180000e-06	3.639002e-02	-8.083733e+00
1.190000e-06	3.449976e-02	-7.908472e+00
1.200000e-06	3.220548e-02	-7.906038e+00
1.210000e-06	3.172037e-02	-7.686268e+00
1.220000e-06	2.959670e-02	-7.568945e+00
1.230000e-06	2.748244e-02	-7.423018e+00
1.240000e-06	2.771755e-02	-7.286690e+00
1.250000e-06	2.562290e-02	-7.199925e+00
1.260000e-06	2.399247e-02	-7.043002e+00
1.270000e-06	2.171476e-02	-6.865160e+00
1.280000e-06	2.247375e-02	-6.716319e+00
1.290000e-06	2.119512e-02	-6.622023e+00
1.300000e-06	1.942846e-02	-6.414607e+00
1.310000e-06	1.799649e-02	-6.350845e+00
1.320000e-06	1.746141e-02	-6.140819e+00
1.330000e-06	1.628890e-02	-6.000921e+00
1.340000e-06	1.537762e-02	-5.894654e+00
1.350000e-06	1.376958e-02	-5.746319e+00
1.360000e-06	1.277266e-02	-5.599897e+00
1.370000e-06	1.236203e-02	-5.389578e+00
1.380000e-06	1.160068e-02	-5.211425e+00
1.390000e-06	1.146548e-02	-5.052054e+00
1.400000e-06	1.036970e-02	-4.873554e+00
1.410000e-06	8.758913e-03	-4.613604e+00
1.420000e-06	7.468799e-03	-4.494709e+00
1.430000e-06	8.613552e-03	-4.357970e+00
1.440000e-06	6.439462e-03	-4.212051e+00
1.450000e-06	7.283816e-03	-4.082005e+00
1.460000e-06	6.533587e-03	-3.966338e+00
1.470000e-06	5.215195e-03	-3.686239e+00
1.480000e-06	4.231910e-03	-3.518867e+00
1.490000e-06	6.030691e-03	-3.349370e+00
1.500000e-06	4.395864e-03	-3.211549e+00
1.510000e-06	4.221957e-03	-2.988549e+00
1.520000e-06	8.504632e-04	-2.830526e+00
1.530000e-06	3.151195e-03	-2.652608e+00
1.540000e-06	5.053737e-04	-2.492153e+00
1.550000e-06	3.502633e-03	-2.377812e+00
1.560000e-06	-7.587897e-05	-2.114177e+00
1.570000e-06	1.374580e-03	-1.917317e+00
1.580000e-06	-5.762045e-04	-1.746815e+00
1.590000e-06	1.326604e-03	-1.619945e+00
1.600000e-06	-2.336692e-03	-1.296365e+00
1.610000e-06	-1.970467e-03	-1.135713e+00
1.620000e-06	-2.718069e-03	-9.668121e-01
1.630000e-06	-2.847582e-03	-7.989122e-01
1.640000e-06	-4.233308e-03	-5.383433e-01
1.650000e-06	-3.093629e-03	-4.093699e-01
1.660000e-06	-2.160610e-03	-2.010224e-01
1.670000e-06	-3.067408e-03	7.923672e-03
1.680000e-06	8.176973e-04	1.167236e-01
1.690000e-06	6.790588e-04	3.483986e-01
1.700000e-06	-2.623635e-03	4.857672e-01
1.710000e-06	7.440222e-04	6.237330e-01
1.720000e-06	-5.913400e-03	8.205265e-01
1.730000e-06	-3.499010e-03	1.050528e+00
1.740000e-06	-4.166810e-03	1.230080e+00
1.750000e-06	4.408945e-03	1.379953e+00
1.760000e-06	3.838482e-02	1.591509e+00
1.770000e-06	6.133056e-02	1.843108e+00
1.780000e-06	-6.280152e-02	2.031503e+00
1.790000e-06	-3.379536e-02	2.211603e+00
1.800000e-06	-5.209139e-02	2.361975e+00
1.810000e-06	-7.804874e-02	2.474738e+00
1.820000e-06	1.228391e-01	2.646109e+00
1.830000e-06	1.714115e-02	2.842631e+00
1.840000e-06	-1.666077e-01	2.979474e+00
1.850000e-06	1.933026e-01	3.117417e+00
1.860000e-06	-1.010691e-01	3.347351e+00
1.870000e-06	-6.127500e-02	3.505417e+00
1.880000e-06	1.286567e-01	3.622661e+00
1.890000e-06	-9.099029e-02	3.823682e+00
1.900000e-06	-2.545853e-02	4.040078e+00
1.910000e-06	7.707919e-02	4.189608e+00
1.920000e-06	-8.228825e-02	4.402056e+00
1.930000e-06	2.251002e-02	4.527895e+00
1.940000e-06	-1.258428e-02	4.736896e+00
1.950000e-06	-3.389451e-02	4.885401e+00
1.960000e-06	1.410021e-02	5.117272e+00
1.970000e-06	-3.009053e-02	5.358922e+00
1.980000e-06	1.435914e-02	5.465317e+00
1.990000e-06	-8.285960e-03	5.602659e+00
2.000000e-06	-2.054812e-03	5.784136e+00
2.010000e-06	-3.635036e-02	5.960400e+00
2.020000e-06	-3.283743e-02	6.096820e+00
2.030000e-06	3.093504e-02	6.247637e+00
2.040000e-06	-3.788463e-02	6.389629e+00
2.050000e-06	-5.755349e-03	6.507322e+00
2.060000e-06	-1.410151e-02	6.708892e+00
2.070000e-06	-2.431010e-02	6.854211e+00
2.080000e-06	-2.672628e-03	6.980906e+00
2.090000e-06	-2.537320e-02	7.076793e+00
2.100000e-06	-4.689510e-03	7.181456e+00
2.110000e-06	-1.449270e-02	7.318897e+00
2.120000e-06	-2.275854e-02	7.528298e+00
2.130000e-06	-2.169009e-02	7.654638e+00
2.140000e-06	-1.180197e-02	7.801975e+00
2.150000e-06	-9.415129e-03	7.878241e+00
2.160000e-06	-2.688575e-02	8.024234e+00
2.170000e-06	-2.001786e-02	8.178918e+00
2.180000e-06	-7.413376e-03	8.255641e+00
2.190000e-06	-2.339342e-02	8.360003e+00
2.200000e-06	-2.250484e-02	8.423088e+00
2.210000e-06	-2.046390e-02	8.528342e+00
2.220000e-06	-1.673005e-02	8.603058e+00
2.230000e-06	-2.792292e-02	8.707796e+00
2.240000e-06	-2.602057e-02	8.771077e+00
2.250000e-06	-1.520241e-02	8.897766e+00
2.260000e-06	-2.398258e-02	9.014631e+00
2.270000e-06	-2.401726e-02	9.128322e+00
2.280000e-06	-2.411047e-02	9.140975e+00
2.290000e-06	-1.903580e-02	9.264162e+00
2.300000e-06	-3.045366e-02	9.329374e+00
2.310000e-06	-2.868511e-02	9.360057e+00
2.320000e-06	-2.287041e-02	9.424738e+00
2.330000e-06	-2.686197e-02	9.517793e+00
2.340000e-06	-3.039376e-02	9.550923e+00
2.350000e-06	-2.792313e-02	9.591657e+00
2.360000e-06	-2.272084e-02	9.655161e+00
2.370000e-06	-2.927670e-02	9.676319e+00
2.380000e-06	-2.887828e-02	9.742055e+00
2.390000e-06	-3.107065e-02	9.803561e+00
2.400000e-06	-3.216259e-02	9.886238e+00
2.410000e-06	-3.351657e-02	9.867195e+00
2.420000e-06	-3.114161e-02	9.939946e+00
2.430000e-06	-2.983469e-02	9.939424e+00
2.440000e-06	-3.684125e-02	9.960978e+00
2.450000e-06	-3.672578e-02	9.973607e+00
2.460000e-06	-3.196862e-02	9.984129e+00
2.470000e-06	-3.181916e-02	1.001261e+01
2.480000e-06	-3.696162e-02	1.003366e+01
2.490000e-06	-3.613131e-02	1.003471e+01
2.500000e-06	-3.697035e-02	1.008416e+01
2.510000e-06	-4.027217e-02	1.006521e+01
2.520000e-06	-4.067824e-02	1.003416e+01
2.530000e-06	-3.959512e-02	1.007365e+01
2.540000e-06	-3.850822e-02	1.001321e+01
2.550000e-06	-4.122739e-02	1.006360e+01
2.560000e-06	-4.212239e-02	1.002108e+01
2.570000e-06	-4.123372e-02	1.000260e+01
2.580000e-06	-4.270396e-02	9.930000e+00
2.590000e-06	-4.530309e-02	9.940399e+00
2.600000e-06	-4.815007e-02	9.876767e+00
2.610000e-06	-4.901396e-02	9.873805e+00
2.620000e-06	-4.935588e-02	9.821604e+00
2.630000e-06	-4.867274e-02	9.708924e+00
2.640000e-06	-5.091774e-02	9.706366e+00
2.650000e-06	-5.401818e-02	9.605630e+00
2.660000e-06	-5.494359e-02	9.550479e+00
2.670000e-06	-5.632228e-02	9.497342e+00
2.680000e-06	-5.799686e-02	9.444663e+00
2.690000e-06	-5.813355e-02	9.392049e+00
2.700000e-06	-5.937830e-02	9.317869e+00
2.710000e-06	-5.619972e-02	9.285261e+00
2.720000e-06	-5.934242e-02	9.232056e+00
2.730000e-06	-5.929959e-02	9.119896e+00
2.740000e-06	-5.887893e-02	8.984058e+00
2.750000e-06	-5.750681e-02	8.927850e+00
2.760000e-06	-5.501150e-02	8.833058e+00
2.770000e-06	-5.515980e-02	8.768420e+00
2.780000e-06	-5.106763e-02	8.675190e+00
2.790000e-06	-5.097985e-02	8.580879e+00
2.800000e-06	-4.939458e-02	8.525691e+00
2.810000e-06	-4.891766e-02	8.432079e+00
2.820000e-06	-4.492999e-02	8.367416e+00
2.830000e-06	-4.399196e-02	8.232528e+00
2.840000e-06	-4.194044e-02	8.086312e+00
2.850000e-06	-4.031636e-02	7.979974e+00
2.860000e-06	-3.736956e-02	7.864737e+00
2.870000e-06	-3.917577e-02	7.728846e+00
2.880000e-06	-3.605937e-02	7.572628e+00
2.890000e-06	-3.697166e-02	7.507785e+00
2.900000e-06	-3.065736e-02	7.287345e+00
2.910000e-06	-3.177084e-02	7.179399e+00
2.920000e-06	-2.936149e-02	7.043109e+00
2.930000e-06	-2.864700e-02	6.906790e+00
2.940000e-06	-2.971728e-02	6.780948e+00
2.950000e-06	-2.839920e-02	6.674282e+00
2.960000e-06	-2.767261e-02	6.494159e+00
2.970000e-06	-2.434085e-02	6.328344e+00
2.980000e-06	-2.361920e-02	6.210975e+00
2.990000e-06	-2.304867e-02	6.074160e+00
3.000000e-06	-2.109251e-02	5.947868e+00
3.010000e-06	-2.085361e-02	5.757921e+00
3.020000e-06	-2.005719e-02	5.581001e+00
3.030000e-06	-2.110130e-02	5.423080e+00
3.040000e-06	-2.007874e-02	5.286631e+00
3.050000e-06	-1.945482e-02	5.083610e+00
3.060000e-06	-1.758534e-02	4.834159e+00
3.070000e-06	-1.708747e-02	4.675212e+00
3.080000e-06	-1.747533e-02	4.528371e+00
3.090000e-06	-1.524272e-02	4.421000e+00
3.100000e-06	-1.494233e-02	4.260050e+00
3.110000e-06	-1.351278e-02	4.031078e+00
3.120000e-06	-1.288552e-02	3.865634e+00
3.130000e-06	-1.327256e-02	3.725316e+00
3.140000e-06	-1.376460e-02	3.589946e+00
3.150000e-06	-1.280746e-02	3.339397e+00
3.160000e-06	-1.180547e-02	3.180422e+00
3.170000e-06	-1.078743e-02	3.022503e+00
3.180000e-06	-1.075959e-02	2.843584e+00
3.190000e-06	-1.067926e-02	2.685838e+00
3.200000e-06	-1.006775e-02	2.453584e+00
3.210000e-06	-9.003248e-03	2.264659e+00
3.220000e-06	-8.220497e-03	2.116716e+00
3.230000e-06	-8.725683e-03	1.949396e+00
3.240000e-06	-7.412085e-03	1.746364e+00
3.250000e-06	-7.012805e-03	1.537790e+00
3.260000e-06	-5.576046e-03	1.377423e+00
3.270000e-06	-6.810171e-03	1.206875e+00
3.280000e-06	-7.305747e-03	9.267397e-01
3.290000e-06	-6.476973e-03	7.463209e-01
3.300000e-06	-5.698103e-03	5.863473e-01
3.310000e-06	-5.043684e-03	4.209726e-01
3.320000e-06	-4.118953e-03	2.379718e-01
3.330000e-06	-2.353152e-03	9.473687e-03
3.340000e-06	4.010267e-03	-1.389460e-01
3.350000e-06	-4.805670e-04	-3.353145e-01
3.360000e-06	-1.608305e-03	-4.322830e-01
3.370000e-06	-3.289828e-04	-6.241357e-01
3.380000e-06	-5.468151e-04	-8.631289e-01
3.390000e-06	-1.642204e-03	-1.010049e+00
3.400000e-06	2.539276e-03	-1.178946e+00
3.410000e-06	2.272600e-02	-1.340867e+00
3.420000e-06	1.035457e-01	-1.568846e+00
3.430000e-06	-6.464103e-02	-1.782580e+00
3.440000e-06	-1.323731e-02	-2.032607e+00
3.450000e-06	-6.620253e-02	-2.335793e+00
3.460000e-06	-7.659897e-02	-2.410046e+00
3.470000e-06	1.844789e-01	-2.412104e+00
3.480000e-06	-6.918007e-02	-2.622129e+00
3.490000e-06	-9.426954e-02	-2.823103e+00
3.500000e-06	2.254379e-01	-2.885820e+00
3.510000e-06	-1.706100e-01	-3.158501e+00
3.520000e-06	-3.087245e-03	-3.378973e+00
3.530000e-06	1.689343e-01	-3.538365e+00
3.540000e-06	-1.726970e-01	-3.664763e+00
3.550000e-06	9.100411e-02	-3.894288e+00
3.560000e-06	7.025982e-02	-4.054629e+00
3.570000e-06	-1.472233e-01	-4.284763e+00
3.580000e-06	1.637941e-01	-4.410475e+00
3.590000e-06	-1.072419e-01	-4.547895e+00
3.600000e-06	2.024345e-02	-4.799446e+00
3.610000e-06	1.055218e-01	-4.886261e+00
3.620000e-06	-1.338797e-01	-5.075816e+00
3.630000e-06	1.204711e-01	-5.253633e+00
3.640000e-06	-2.627408e-02	-5.482812e+00
3.650000e-06	1.563944e-02	-5.651657e+00
3.660000e-06	2.352759e-02	-5.750951e+00
3.670000e-06	-7.960044e-02	-5.948372e+00
3.680000e-06	1.257386e-01	-6.032132e+00
3.690000e-06	-6.704946e-02	-6.224681e+00
3.700000e-06	3.262911e-02	-6.402553e+00
3.710000e-06	5.097096e-02	-6.517370e+00
3.720000e-06	-5.763144e-02	-6.675793e+00
3.730000e-06	7.084320e-02	-6.780046e+00
3.740000e-06	-6.071007e-02	-6.919344e+00
3.750000e-06	8.093428e-02	-7.066290e+00
3.760000e-06	9.764748e-03	-7.201606e+00
3.770000e-06	-3.542507e-02	-7.360425e+00
3.780000e-06	4.498831e-02	-7.454686e+00
3.790000e-06	-7.878707e-03	-7.601080e+00
3.800000e-06	5.386970e-02	-7.748871e+00
3.810000e-06	-2.907822e-02	-7.886339e+00
3.820000e-06	3.501532e-02	-8.002529e+00
3.830000e-06	2.644764e-02	-8.126340e+00
3.840000e-06	-9.440491e-03	-8.234605e+00
3.850000e-06	2.978603e-02	-8.336414e+00
3.860000e-06	1.035537e-02	-8.402057e+00
3.870000e-06	3.456505e-02	-8.526845e+00
3.880000e-06	-1.323475e-02	-8.594712e+00
3.890000e-06	2.864565e-02	-8.748947e+00
3.900000e-06	3.228335e-02	-8.824208e+00
3.910000e-06	1.328178e-02	-8.908895e+00
3.920000e-06	1.381878e-02	-9.013053e+00
3.930000e-06	1.720945e-02	-9.075689e+00
3.940000e-06	3.303217e-02	-9.137821e+00
3.950000e-06	6.446097e-03	-9.192050e+00
3.960000e-06	2.417535e-02	-9.274216e+00
3.970000e-06	2.630095e-02	-9.332526e+00
3.980000e-06	2.114499e-02	-9.435181e+00
3.990000e-06	1.388442e-02	-9.488795e+00
4.000000e-06	2.676248e-02	-9.538995e+00
4.010000e-06	3.178180e-02	-9.593556e+00
4.020000e-06	1.907280e-02	-9.633709e+00
4.030000e-06	2.269553e-02	-9.696815e+00
4.040000e-06	2.419527e-02	-9.730337e+00
4.050000e-06	2.591937e-02	-9.790000e+00
4.060000e-06	2.121790e-02	-9.822556e+00
4.070000e-06	3.009332e-02	-9.834659e+00
4.080000e-06	3.032251e-02	-9.874159e+00
4.090000e-06	2.381209e-02	-9.897837e+00
4.100000e-06	2.646741e-02	-9.907316e+00
4.110000e-06	3.189710e-02	-9.906844e+00
4.120000e-06	3.008403e-02	-9.937869e+00
4.130000e-06	2.749043e-02	-9.928847e+00
4.140000e-06	3.036188e-02	-9.961395e+00
4.150000e-06	3.211317e-02	-9.950422e+00
4.160000e-06	3.018131e-02	-9.939974e+00
4.170000e-06	3.011856e-02	-9.940423e+00
4.180000e-06	3.500482e-02	-9.948949e+00
4.190000e-06	3.482543e-02	-9.929896e+00
4.200000e-06	3.324231e-02	-9.928921e+00
4.210000e-06	3.680146e-02	-9.928364e+00
4.220000e-06	3.710841e-02	-9.928868e+00
4.230000e-06	3.687177e-02	-9.937267e+00
4.240000e-06	3.748436e-02	-9.846237e+00
4.250000e-06	4.009723e-02	-9.844159e+00
4.260000e-06	4.005012e-02	-9.793107e+00
4.270000e-06	4.120752e-02	-9.781974e+00
4.280000e-06	4.483173e-02	-9.739394e+00
4.290000e-06	4.566926e-02	-9.725742e+00
4.300000e-06	4.659254e-02	-9.656183e+00
4.310000e-06	4.686447e-02	-9.601554e+00
4.320000e-06	5.013541e-02	-9.570369e+00
4.330000e-06	5.006962e-02	-9.486360e+00
4.340000e-06	5.186077e-02	-9.454061e+00
4.350000e-06	5.338460e-02	-9.338394e+00
4.360000e-06	5.202846e-02	-9.254607e+00
4.370000e-06	5.231186e-02	-9.170395e+00
4.380000e-06	5.302102e-02	-9.098816e+00
4.390000e-06	5.430893e-02	-9.024082e+00
4.400000e-06	5.194714e-02	-8.957342e+00
4.410000e-06	5.022080e-02	-8.885133e+00
4.420000e-06	4.874760e-02	-8.802553e+00
4.430000e-06	4.700981e-02	-8.698392e+00
4.440000e-06	4.453708e-02	-8.652504e+00
4.450000e-06	4.382853e-02	-8.497763e+00
4.460000e-06	4.341144e-02	-8.383548e+00
4.470000e-06	4.113151e-02	-8.336866e+00
4.480000e-06	3.887664e-02	-8.252502e+00
4.490000e-06	3.786228e-02	-8.096791e+00
4.500000e-06	3.621114e-02	-8.022522e+00
4.510000e-06	3.432958e-02	-7.937841e+00
4.520000e-06	3.168564e-02	-7.772369e+00
4.530000e-06	3.065024e-02	-7.634980e+00
4.540000e-06	2.927002e-02	-7.504212e+00
4.550000e-06	2.703727e-02	-7.360389e+00
4.560000e-06	2.611282e-02	-7.263607e+00
4.570000e-06	2.496002e-02	-7.156865e+00
4.580000e-06	2.359612e-02	-6.960466e+00
4.590000e-06	2.257938e-02	-6.802498e+00
4.600000e-06	2.098625e-02	-6.684758e+00
4.610000e-06	2.042958e-02	-6.539295e+00
4.620000e-06	1.874930e-02	-6.412001e+00
4.630000e-06	1.842269e-02	-6.295238e+00
4.640000e-06	1.612687e-02	-6.095186e+00
4.650000e-06	1.562739e-02	-5.948891e+00
4.660000e-06	1.447980e-02	-5.801950e+00
4.670000e-06	1.370035e-02	-5.644085e+00
4.680000e-06	1.260069e-02	-5.486262e+00
4.690000e-06	1.218049e-02	-5.296714e+00
4.700000e-06	1.003482e-02	-5.138235e+00
4.710000e-06	1.287994e-02	-4.959861e+00
4.720000e-06	7.698141e-03	-4.754344e+00
4.730000e-06	1.044774e-02	-4.588899e+00
4.740000e-06	6.577114e-03	-4.433979e+00
4.750000e-06	1.001685e-02	-4.286238e+00
4.760000e-06	5.624252e-03	-4.158838e+00
4.770000e-06	6.187545e-03	-3.981974e+00
4.780000e-06	4.267970e-03	-3.812451e+00
4.790000e-06	5.610470e-03	-3.631449e+00
4.800000e-06	4.258516e-03	-3.434183e+00
4.810000e-06	5.974072e-03	-3.292632e+00
4.820000e-06	4.115283e-03	-3.208392e+00
4.830000e-06	4.922131e-03	-2.875186e+00
4.840000e-06	1.611049e-03	-2.777870e+00
4.850000e-06	7.647694e-04	-2.598996e+00
4.860000e-06	7.908307e-04	-2.410503e+00
4.870000e-06	2.278294e-03	-2.230421e+00
4.880000e-06	3.642150e-03	-2.011999e+00
4.890000e-06	1.103628e-04	-1.854105e+00
4.900000e-06	-4.934441e-04	-1.703678e+00
4.910000e-06	-1.124622e-03	-1.512183e+00
4.920000e-06	1.136208e-03	-1.201573e+00
4.930000e-06	-1.743563e-03	-1.042506e+00
4.940000e-06	-2.771701e-03	-8.541515e-01
4.950000e-06	-5.311514e-03	-7.142119e-01
4.960000e-06	-3.102103e-03	-4.435815e-01
4.970000e-06	-1.701193e-03	-2.747368e-01
4.980000e-06	-2.986306e-03	-1.557657e-01
4.990000e-06	-9.358551e-04	1.063383e-02
5.000000e-06	3.730636e-03	2.115380e-01
5.010000e-06	-3.273807e-03	4.411551e-01
5.020000e-06	1.466544e-03	5.599710e-01
5.030000e-06	-2.760158e-03	7.169245e-01
5.040000e-06	-2.838594e-03	8.746892e-01
5.050000e-06	-6.129329e-03	1.116345e+00
5.060000e-06	2.598130e-04	1.273262e+00
5.070000e-06	9.111777e-03	1.442634e+00
5.080000e-06	6.924915e-02	1.755372e+00
5.090000e-06	5.186613e-03	1.916892e+00
5.100000e-06	-5.691272e-02	2.075792e+00
5.110000e-06	-3.357335e-02	2.285263e+00
5.120000e-06	-7.137684e-02	2.401083e+00
5.130000e-06	-2.561792e-02	2.548524e+00
5.140000e-06	1.737931e-01	2.756472e+00
5.150000e-06	-1.512140e-01	2.876241e+00
5.160000e-06	2.169225e-02	3.012125e+00
5.170000e-06	1.056540e-01	3.202604e+00
5.180000e-06	-1.496657e-01	3.441612e+00
5.190000e-06	5.080545e-02	3.590005e+00
5.200000e-06	6.825422e-02	3.716922e+00
5.210000e-06	-1.432013e-01	3.957421e+00
5.220000e-06	8.502912e-02	4.013686e+00
5.230000e-06	-1.696755e-02	4.306369e+00
5.240000e-06	-4.795927e-02	4.454083e+00
5.250000e-06	3.643867e-02	4.622211e+00
5.260000e-06	-5.855061e-02	4.810054e+00
5.270000e-06	7.518545e-03	4.943529e+00
5.280000e-06	-1.438295e-02	5.233083e+00
5.290000e-06	-7.312543e-03	5.391110e+00
5.300000e-06	3.357609e-03	5.528922e+00
5.310000e-06	-1.873742e-03	5.736317e+00
5.320000e-06	-1.425423e-02	5.906287e+00
5.330000e-06	-4.501243e-02	6.014207e+00
5.340000e-06	3.883649e-03	6.179528e+00
5.350000e-06	1.104094e-02	6.287892e+00
5.360000e-06	-4.076433e-02	6.453668e+00
5.370000e-06	6.771730e-03	6.603083e+00
5.380000e-06	-2.900771e-02	6.749004e+00
5.390000e-06	-1.270800e-02	6.916892e+00
5.400000e-06	-8.023237e-03	7.053033e+00
5.410000e-06	-2.600219e-02	7.118346e+00
5.420000e-06	5.652012e-03	7.252156e+00
5.430000e-06	-3.027257e-02	7.362634e+00
5.440000e-06	-1.453294e-02	7.562079e+00
5.450000e-06	-2.446137e-02	7.727843e+00
5.460000e-06	-2.733295e-03	7.801607e+00
5.470000e-06	-2.018601e-02	7.959568e+00
5.480000e-06	-2.951593e-02	8.067266e+00
5.490000e-06	-8.749357e-03	8.241558e+00
5.500000e-06	-1.883455e-02	8.337417e+00
5.510000e-06	-2.006552e-02	8.382131e+00
5.520000e-06	-2.713513e-02	8.465865e+00
5.530000e-06	-1.343377e-02	8.560076e+00
5.540000e-06	-2.360133e-02	8.663263e+00
5.550000e-06	-2.564846e-02	8.729974e+00
5.560000e-06	-2.110692e-02	8.804256e+00
5.570000e-06	-1.857609e-02	8.988020e+00
5.580000e-06	-2.572916e-02	9.034740e+00
5.590000e-06	-2.724342e-02	9.140399e+00
5.600000e-06	-1.830158e-02	9.181680e+00
5.610000e-06	-2.374703e-02	9.286263e+00
5.620000e-06	-2.879406e-02	9.349900e+00
5.630000e-06	-2.715961e-02	9.392135e+00
5.640000e-06	-2.244014e-02	9.466790e+00
5.650000e-06	-3.003880e-02	9.528399e+00
5.660000e-06	-3.002648e-02	9.581526e+00
5.670000e-06	-2.459342e-02	9.643087e+00
5.680000e-06	-2.658532e-02	9.667787e+00
5.690000e-06	-3.002546e-02	9.749025e+00
5.700000e-06	-3.227959e-02	9.785011e+00
5.710000e-06	-2.906554e-02	9.836163e+00
5.720000e-06	-3.356240e-02	9.817770e+00
5.730000e-06	-3.104626e-02	9.936901e+00
5.740000e-06	-3.069214e-02	9.949420e+00
5.750000e-06	-3.113592e-02	9.939497e+00
5.760000e-06	-3.820209e-02	9.971553e+00
5.770000e-06	-3.487678e-02	1.003308e+01
5.780000e-06	-3.209220e-02	1.003360e+01
5.790000e-06	-3.545275e-02	1.002264e+01
5.800000e-06	-3.638182e-02	1.001418e+01
5.810000e-06	-3.726093e-02	1.007471e+01
5.820000e-06	-3.713479e-02	1.006216e+01
5.830000e-06	-3.987247e-02	1.003410e+01
5.840000e-06	-3.936138e-02	1.003316e+01
5.850000e-06	-3.972556e-02	1.002355e+01
5.860000e-06	-4.032821e-02	1.005261e+01
5.870000e-06	-4.179537e-02	1.002258e+01
5.880000e-06	-4.241828e-02	9.982504e+00
5.890000e-06	-4.247783e-02	9.963028e+00
5.900000e-06	-4.530509e-02	9.948999e+00
5.910000e-06	-4.544927e-02	9.928349e+00
5.920000e-06	-4.707521e-02	9.896667e+00
5.930000e-06	-4.775634e-02	9.862636e+00
5.940000e-06	-5.088493e-02	9.782922e+00
5.950000e-06	-5.014739e-02	9.748765e+00
5.960000e-06	-5.121696e-02	9.646715e+00
5.970000e-06	-5.546464e-02	9.593424e+00
5.980000e-06	-5.681531e-02	9.539868e+00
5.990000e-06	-5.695680e-02	9.484218e+00
6.000000e-06	-5.581785e-02	9.425058e+00
6.010000e-06	-5.946538e-02	9.359899e+00
6.020000e-06	-5.996606e-02	9.286763e+00
6.030000e-06	-6.148155e-02	9.213659e+00
6.040000e-06	-5.959768e-02	9.171927e+00
6.050000e-06	-5.878269e-02	9.097217e+00
6.060000e-06	-5.698441e-02	8.971432e+00
6.070000e-06	-5.765367e-02	8.876262e+00
6.080000e-06	-5.520477e-02	8.831505e+00
6.090000e-06	-5.488791e-02	8.687768e+00
6.100000e-06	-5.094717e-02	8.613553e+00
6.110000e-06	-5.156631e-02	8.538841e+00
6.120000e-06	-4.766054e-02	8.443205e+00
6.130000e-06	-4.699824e-02	8.371525e+00
6.140000e-06	-4.404408e-02	8.283615e+00
6.150000e-06	-4.393808e-02	8.119389e+00
6.160000e-06	-4.011812e-02	8.074031e+00
6.170000e-06	-4.019226e-02	7.936817e+00
6.180000e-06	-3.749049e-02	7.811551e+00
6.190000e-06	-3.824141e-02	7.695637e+00
6.200000e-06	-3.417057e-02	7.580326e+00
6.210000e-06	-3.411475e-02	7.411558e+00
6.220000e-06	-3.183593e-02	7.254632e+00
6.230000e-06	-3.159405e-02	7.147389e+00
6.240000e-06	-3.031609e-02	6.981500e+00
6.250000e-06	-2.806716e-02	6.834636e+00
6.260000e-06	-2.889216e-02	6.738996e+00
6.270000e-06	-2.678348e-02	6.600900e+00
6.280000e-06	-2.556545e-02	6.411024e+00
6.290000e-06	-2.345503e-02	6.245209e+00
6.300000e-06	-2.354973e-02	6.126344e+00
6.310000e-06	-2.370834e-02	6.001503e+00
6.320000e-06	-2.147511e-02	5.905687e+00
6.330000e-06	-2.073985e-02	5.646162e+00
6.340000e-06	-2.009001e-02	5.485741e+00
6.350000e-06	-2.104029e-02	5.370396e+00
6.360000e-06	-1.919271e-02	5.199974e+00
6.370000e-06	-1.785405e-02	4.959916e+00
6.380000e-06	-1.639030e-02	4.800450e+00
6.390000e-06	-1.723241e-02	4.622655e+00
6.400000e-06	-1.629341e-02	4.474716e+00
6.410000e-06	-1.428890e-02	4.339871e+00
6.420000e-06	-1.426173e-02	4.138745e+00
6.430000e-06	-1.335480e-02	3.977445e+00
6.440000e-06	-1.345573e-02	3.800976e+00
6.450000e-06	-1.333572e-02	3.673107e+00
6.460000e-06	-1.332400e-02	3.543286e+00
6.470000e-06	-1.241507e-02	3.265057e+00
6.480000e-06	-1.091764e-02	3.125237e+00
6.490000e-06	-9.661604e-03	2.956891e+00
6.500000e-06	-9.980636e-03	2.790999e+00
6.510000e-06	-1.004680e-02	2.558325e+00
6.520000e-06	-1.096115e-02	2.401423e+00
6.530000e-06	-9.688788e-03	2.190600e+00
6.540000e-06	-7.834911e-03	2.033580e+00
6.550000e-06	-7.073172e-03	1.924081e+00
6.560000e-06	-7.505622e-03	1.632729e+00
6.570000e-06	-8.239471e-03	1.443710e+00
6.580000e-06	-6.341906e-03	1.294208e+00
6.590000e-06	-6.200852e-03	1.114107e+00
6.600000e-06	-6.764002e-03	8.321276e-01
6.610000e-06	-6.201150e-03	6.821330e-01
6.620000e-06	-4.518267e-03	4.947605e-01
6.630000e-06	-3.242990e-03	3.567107e-01
6.640000e-06	-5.948305e-03	7.471597e-02
6.650000e-06	-1.252758e-03	-6.273528e-02
6.660000e-06	2.885682e-03	-2.331039e-01
6.670000e-06	-2.193196e-03	-3.689974e-01
6.680000e-06	3.018219e-03	-5.390258e-01
6.690000e-06	-3.277047e-03	-8.063737e-01
6.700000e-06	2.820746e-03	-9.158395e-01
6.710000e-06	-2.084152e-03	-1.043210e+00
6.720000e-06	9.316219e-03	-1.242078e+00
6.730000e-06	5.862086e-02	-1.414984e+00
6.740000e-06	4.831799e-02	-1.663141e+00
6.750000e-06	-7.623734e-02	-1.915892e+00
6.760000e-06	-3.864691e-03	-2.169446e+00
6.770000e-06	-1.033820e-01	-2.378998e+00
6.780000e-06	4.760610e-02	-2.410025e+00
6.790000e-06	1.516274e-01	-2.474237e+00
6.800000e-06	-1.934038e-01	-2.767468e+00
6.810000e-06	1.208623e-01	-2.863634e+00
6.820000e-06	6.897173e-02	-3.002525e+00
6.830000e-06	-2.137607e-01	-3.295386e+00
6.840000e-06	1.577020e-01	-3.451559e+00
6.850000e-06	2.566371e-02	-3.569946e+00
6.860000e-06	-1.484072e-01	-3.820497e+00
6.870000e-06	2.006556e-01	-3.930420e+00
6.880000e-06	-1.270907e-01	-4.128895e+00
6.890000e-06	1.215835e-02	-4.337917e+00
6.900000e-06	9.444193e-02	-4.443106e+00
6.910000e-06	-1.419040e-01	-4.645736e+00
6.920000e-06	1.396273e-01	-4.812028e+00
6.930000e-06	-4.249896e-02	-4.950327e+00
6.940000e-06	-4.068386e-02	-5.139496e+00
6.950000e-06	1.135831e-01	-5.288322e+00
6.960000e-06	-7.166420e-02	-5.539925e+00
6.970000e-06	8.127378e-02	-5.686719e+00
6.980000e-06	-7.035008e-02	-5.812607e+00
6.990000e-06	2.461156e-02	-6.009999e+00
7.000000e-06	7.703637e-02	-6.115310e+00
7.010000e-06	-8.887410e-02	-6.318367e+00
7.020000e-06	1.107209e-01	-6.453684e+00
7.030000e-06	-4.637787e-02	-6.581554e+00
7.040000e-06	1.672459e-02	-6.767369e+00
7.050000e-06	1.971951e-02	-6.822199e+00
7.060000e-06	-2.771078e-02	-6.983559e+00
7.070000e-06	1.056673e-01	-7.139870e+00
7.080000e-06	-6.187013e-02	-7.277240e+00
7.090000e-06	2.636367e-02	-7.401946e+00
7.100000e-06	1.017150e-02	-7.527867e+00
7.110000e-06	2.572045e-02	-7.675287e+00
7.120000e-06	2.616007e-02	-7.772703e+00
7.130000e-06	-2.583357e-02	-7.928867e+00
7.140000e-06	6.172506e-02	-8.024188e+00
7.150000e-06	-1.326349e-02	-8.171420e+00
7.160000e-06	1.964961e-02	-8.285788e+00
7.170000e-06	1.265650e-02	-8.318898e+00
7.180000e-06	2.960724e-02	-8.424209e+00
7.190000e-06	1.207810e-02	-8.580473e+00
7.200000e-06	-4.446285e-03	-8.688295e+00
7.210000e-06	4.140610e-02	-8.770003e+00
7.220000e-06	1.803585e-02	-8.887237e+00
7.230000e-06	1.596457e-02	-8.970902e+00
7.240000e-06	6.977069e-03	-9.024237e+00
7.250000e-06	3.108434e-02	-9.117820e+00
7.260000e-06	1.951816e-02	-9.180450e+00
7.270000e-06	1.285530e-02	-9.232979e+00
7.280000e-06	2.759547e-02	-9.329807e+00
7.290000e-06	2.499881e-02	-9.393583e+00
7.300000e-06	1.647790e-02	-9.437640e+00
7.310000e-06	1.631570e-02	-9.519369e+00
7.320000e-06	3.301635e-02	-9.591000e+00
7.330000e-06	2.446744e-02	-9.644709e+00
7.340000e-06	2.167768e-02	-9.655740e+00
7.350000e-06	2.205133e-02	-9.749890e+00
7.360000e-06	2.593952e-02	-9.740925e+00
7.370000e-06	2.242710e-02	-9.761979e+00
7.380000e-06	2.522723e-02	-9.813579e+00
7.390000e-06	3.086976e-02	-9.844685e+00
7.400000e-06	2.648692e-02	-9.855237e+00
7.410000e-06	2.374539e-02	-9.918312e+00
7.420000e-06	2.984603e-02	-9.946790e+00
7.430000e-06	3.219537e-02	-9.938867e+00
7.440000e-06	2.598145e-02	-9.918269e+00
7.450000e-06	2.840507e-02	-9.928967e+00
7.460000e-06	3.253190e-02	-9.960872e+00
7.470000e-06	3.123289e-02	-9.949449e+00
7.480000e-06	2.851146e-02	-9.961999e+00
7.490000e-06	3.225307e-02	-9.960945e+00
7.500000e-06	3.633047e-02	-9.967897e+00
7.510000e-06	3.420619e-02	-9.940349e+00
7.520000e-06	3.366882e-02	-9.920367e+00
7.530000e-06	3.605756e-02	-9.898820e+00
7.540000e-06	3.819926e-02	-9.917738e+00
7.550000e-06	3.601833e-02	-9.905816e+00
7.560000e-06	3.863889e-02	-9.866257e+00
7.570000e-06	4.003240e-02	-9.814083e+00
7.580000e-06	4.089189e-02	-9.813576e+00
7.590000e-06	4.251976e-02	-9.740870e+00
7.600000e-06	4.428909e-02	-9.727287e+00
7.610000e-06	4.559699e-02	-9.716736e+00
7.620000e-06	4.640934e-02	-9.652632e+00
7.630000e-06	4.860634e-02	-9.583002e+00
7.640000e-06	4.976735e-02	-9.549819e+00
7.650000e-06	5.107876e-02	-9.484160e+00
7.660000e-06	5.243059e-02	-9.392998e+00
7.670000e-06	5.370343e-02	-9.316740e+00
7.680000e-06	5.200498e-02	-9.204606e+00
7.690000e-06	5.233096e-02	-9.148872e+00
7.700000e-06	5.302092e-02	-9.054239e+00
7.710000e-06	5.344350e-02	-9.014052e+00
7.720000e-06	5.206366e-02	-8.915794e+00
7.730000e-06	4.894661e-02	-8.844080e+00
7.740000e-06	4.962172e-02	-8.770475e+00
7.750000e-06	4.676238e-02	-8.687215e+00
7.760000e-06	4.390505e-02	-8.570423e+00
7.770000e-06	4.283710e-02	-8.454558e+00
7.780000e-06	4.268399e-02	-8.381397e+00
7.790000e-06	4.114422e-02	-8.235737e+00
7.800000e-06	3.826273e-02	-8.160995e+00
7.810000e-06	3.653425e-02	-8.095187e+00
7.820000e-06	3.535510e-02	-7.961516e+00
7.830000e-06	3.294005e-02	-7.903609e+00
7.840000e-06	3.052338e-02	-7.696765e+00
7.850000e-06	2.909444e-02	-7.549868e+00
7.860000e-06	2.719795e-02	-7.433105e+00
7.870000e-06	2.774586e-02	-7.306792e+00
7.880000e-06	2.557846e-02	-7.170493e+00
7.890000e-06	2.395054e-02	-7.034131e+00
7.900000e-06	2.275431e-02	-6.905757e+00
7.910000e-06	2.117072e-02	-6.779873e+00
7.920000e-06	2.091982e-02	-6.662075e+00
7.930000e-06	1.935987e-02	-6.495161e+00
7.940000e-06	1.939958e-02	-6.378470e+00
7.950000e-06	1.757071e-02	-6.200879e+00
7.960000e-06	1.522894e-02	-6.052451e+00
7.970000e-06	1.433127e-02	-5.865232e+00
7.980000e-06	1.397085e-02	-5.729890e+00
7.990000e-06	1.367063e-02	-5.600501e+00
8.000000e-06	1.190003e-02	-5.473598e+00
8.010000e-06	1.140667e-02	-5.252533e+00
8.020000e-06	1.093310e-02	-5.053559e+00
8.030000e-06	1.031780e-02	-4.845658e+00
8.040000e-06	9.282984e-03	-4.655585e+00
8.050000e-06	8.392760e-03	-4.546317e+00
8.060000e-06	7.105405e-03	-4.419921e+00
8.070000e-06	6.646654e-03	-4.233533e+00
8.080000e-06	8.784508e-03	-4.103708e+00
8.090000e-06	7.420059e-03	-3.938841e+00
8.100000e-06	4.046537e-03	-3.696667e+00
8.110000e-06	3.221625e-03	-3.558869e+00
8.120000e-06	5.350586e-03	-3.399871e+00
8.130000e-06	5.416338e-03	-3.232069e+00
8.140000e-06	5.090092e-03	-3.031130e+00
8.150000e-06	1.659819e-03	-2.821576e+00
8.160000e-06	3.142045e-03	-2.675659e+00
8.170000e-06	7.157015e-04	-2.484735e+00
8.180000e-06	1.755025e-04	-2.328413e+00
8.190000e-06	7.083820e-04	-2.074234e+00
8.200000e-06	2.896026e-03	-1.958717e+00
8.210000e-06	-3.656910e-04	-1.780395e+00
8.220000e-06	4.915641e-04	-1.612971e+00
8.230000e-06	-1.173916e-03	-1.378292e+00
8.240000e-06	3.202437e-05	-1.146766e+00
8.250000e-06	-3.433114e-03	-9.894435e-01
8.260000e-06	-3.042854e-03	-7.920198e-01
8.270000e-06	-4.454776e-03	-5.879724e-01
8.280000e-06	-2.555884e-03	-4.199473e-01
8.290000e-06	-3.348659e-03	-2.611224e-01
8.300000e-06	-2.334311e-03	-3.160782e-02
8.310000e-06	1.848961e-03	9.484110e-02
8.320000e-06	2.881583e-03	3.669221e-01
8.330000e-06	-4.158312e-03	4.942421e-01
8.340000e-06	1.086810e-03	6.332090e-01
8.350000e-06	-4.784870e-03	8.085775e-01
8.360000e-06	-2.368907e-03	9.694974e-01
8.370000e-06	-5.423911e-03	1.159550e+00
8.380000e-06	4.793000e-03	1.348899e+00
8.390000e-06	2.887761e-02	1.538970e+00
8.400000e-06	7.130173e-02	1.810079e+00
8.410000e-06	-5.235579e-02	1.990051e+00
8.420000e-06	-3.685277e-02	2.170024e+00
8.430000e-06	-4.628193e-02	2.340504e+00
8.440000e-06	-8.174589e-02	2.462684e+00
8.450000e-06	8.713240e-02	2.603634e+00
8.460000e-06	7.418016e-02	2.790531e+00
8.470000e-06	-1.915273e-01	2.967946e+00
8.480000e-06	1.737235e-01	3.086342e+00
8.490000e-06	-5.937101e-02	3.286316e+00
8.500000e-06	-9.299184e-02	3.527368e+00
8.510000e-06	1.244516e-01	3.631607e+00
8.520000e-06	-5.456360e-02	3.832707e+00
8.530000e-06	-6.462549e-02	3.970002e+00
8.540000e-06	9.455344e-02	4.158524e+00
8.550000e-06	-8.031454e-02	4.349501e+00
8.560000e-06	9.089958e-03	4.499347e+00
8.570000e-06	4.394028e-03	4.725917e+00
8.580000e-06	-4.796863e-02	4.893343e+00
8.590000e-06	1.825418e-02	5.087394e+00
8.600000e-06	-3.189929e-02	5.318844e+00
8.610000e-06	1.232708e-02	5.454187e+00
8.620000e-06	-8.632638e-03	5.611078e+00
8.630000e-06	-4.622924e-04	5.813578e+00
8.640000e-06	-3.131129e-02	5.959446e+00
8.650000e-06	-4.015447e-02	6.117819e+00
8.660000e-06	3.149946e-02	6.233561e+00
8.670000e-06	-2.844704e-02	6.391479e+00
8.680000e-06	-1.449680e-02	6.465216e+00
8.690000e-06	-1.022531e-02	6.697767e+00
8.700000e-06	-2.734461e-02	6.843611e+00
8.710000e-06	-3.746938e-03	6.950499e+00
8.720000e-06	-2.042779e-02	7.066235e+00
8.730000e-06	-9.554285e-03	7.160504e+00
8.740000e-06	-7.308604e-03	7.266842e+00
8.750000e-06	-2.688009e-02	7.517845e+00
8.760000e-06	-1.989515e-02	7.632607e+00
8.770000e-06	-1.665974e-02	7.740421e+00
8.780000e-06	-5.290864e-03	7.855666e+00
8.790000e-06	-2.600599e-02	8.003680e+00
8.800000e-06	-2.412299e-02	8.137943e+00
8.810000e-06	-8.144145e-03	8.295218e+00
8.820000e-06	-2.334958e-02	8.378902e+00
8.830000e-06	-1.945151e-02	8.423685e+00
8.840000e-06	-2.323302e-02	8.508868e+00
8.850000e-06	-1.557293e-02	8.622054e+00
8.860000e-06	-2.695810e-02	8.665820e+00
8.870000e-06	-2.481491e-02	8.781527e+00
8.880000e-06	-1.506647e-02	8.855186e+00
8.890000e-06	-2.331322e-02	8.981958e+00
8.900000e-06	-2.626555e-02	9.087843e+00
8.910000e-06	-2.553563e-02	9.120553e+00
8.920000e-06	-1.778369e-02	9.234660e+00
8.930000e-06	-2.792709e-02	9.317823e+00
8.940000e-06	-2.740858e-02	9.373453e+00
8.950000e-06	-2.318039e-02	9.422711e+00
8.960000e-06	-2.549120e-02	9.517315e+00
8.970000e-06	-3.138810e-02	9.518473e+00
8.980000e-06	-2.920480e-02	9.562553e+00
8.990000e-06	-2.267965e-02	9.653715e+00
9.000000e-06	-2.948533e-02	9.730394e+00
9.010000e-06	-2.996361e-02	9.783529e+00
9.020000e-06	-3.128775e-02	9.804686e+00
9.030000e-06	-2.994810e-02	9.874717e+00
9.040000e-06	-3.259309e-02	9.866819e+00
9.050000e-06	-3.006233e-02	9.899319e+00
9.060000e-06	-2.979597e-02	9.930947e+00
9.070000e-06	-3.485122e-02	9.962553e+00
9.080000e-06	-3.741578e-02	1.000205e+01
9.090000e-06	-3.289967e-02	1.004361e+01
9.100000e-06	-3.260026e-02	9.992632e+00
9.110000e-06	-3.702371e-02	1.002316e+01
9.120000e-06	-3.681059e-02	1.004418e+01
9.130000e-06	-3.641919e-02	1.005358e+01
9.140000e-06	-3.776019e-02	1.006516e+01
9.150000e-06	-3.985401e-02	1.006471e+01
9.160000e-06	-4.038927e-02	1.004366e+01
9.170000e-06	-3.976440e-02	1.004366e+01
9.180000e-06	-4.236060e-02	1.002206e+01
9.190000e-06	-4.215101e-02	9.992079e+00
9.200000e-06	-4.261402e-02	1.004203e+01
9.210000e-06	-4.236096e-02	9.982551e+00
9.220000e-06	-4.547054e-02	9.939895e+00
9.230000e-06	-4.657284e-02	9.876819e+00
9.240000e-06	-4.807012e-02	9.866190e+00
9.250000e-06	-4.834626e-02	9.864557e+00
9.260000e-06	-5.010623e-02	9.759999e+00
9.270000e-06	-5.199822e-02	9.697365e+00
9.280000e-06	-5.373919e-02	9.654507e+00
9.290000e-06	-5.506001e-02	9.571002e+00
9.300000e-06	-5.637159e-02	9.497320e+00
9.310000e-06	-5.787964e-02	9.466262e+00
9.320000e-06	-5.890905e-02	9.412053e+00
9.330000e-06	-5.841915e-02	9.318371e+00
9.340000e-06	-5.762483e-02	9.295186e+00
9.350000e-06	-5.927826e-02	9.223482e+00
9.360000e-06	-5.893809e-02	9.157895e+00
9.370000e-06	-5.876260e-02	9.045112e+00
9.380000e-06	-5.707038e-02	8.939947e+00
9.390000e-06	-5.789096e-02	8.873609e+00
9.400000e-06	-5.545747e-02	8.750924e+00
9.410000e-06	-5.169537e-02	8.686286e+00
9.420000e-06	-5.107334e-02	8.611953e+00
9.430000e-06	-4.954095e-02	8.485741e+00
9.440000e-06	-4.866200e-02	8.432556e+00
9.450000e-06	-4.629792e-02	8.318368e+00
9.460000e-06	-4.482369e-02	8.213162e+00
9.470000e-06	-4.238901e-02	8.134732e+00
9.480000e-06	-4.156468e-02	7.972476e+00
9.490000e-06	-3.843979e-02	7.864159e+00
9.500000e-06	-3.910548e-02	7.739399e+00
9.510000e-06	-3.468957e-02	7.634130e+00
9.520000e-06	-3.584815e-02	7.498767e+00
9.530000e-06	-3.242633e-02	7.349370e+00
9.540000e-06	-3.278291e-02	7.180498e+00
9.550000e-06	-2.964296e-02	7.074163e+00
9.560000e-06	-3.059180e-02	6.936342e+00
9.570000e-06	-2.852936e-02	6.822078e+00
9.580000e-06	-2.767007e-02	6.686758e+00
9.590000e-06	-2.560800e-02	6.505663e+00
9.600000e-06	-2.534774e-02	6.370422e+00
9.610000e-06	-2.337834e-02	6.252549e+00
9.620000e-06	-2.314860e-02	6.105111e+00
9.630000e-06	-2.203498e-02	5.949420e+00
9.640000e-06	-2.171445e-02	5.760955e+00
9.650000e-06	-2.206159e-02	5.583500e+00
9.660000e-06	-2.103545e-02	5.443181e+00
9.670000e-06	-1.936965e-02	5.313215e+00
9.680000e-06	-1.806085e-02	5.135791e+00
9.690000e-06	-1.738039e-02	4.883563e+00
9.700000e-06	-1.718104e-02	4.685745e+00
9.710000e-06	-1.542609e-02	4.589921e+00
9.720000e-06	-1.711568e-02	4.422551e+00
9.730000e-06	-1.638761e-02	4.304133e+00
9.740000e-06	-1.446378e-02	4.041559e+00
9.750000e-06	-1.359683e-02	3.883686e+00
9.760000e-06	-1.276143e-02	3.747321e+00
9.770000e-06	-1.514409e-02	3.588946e+00
9.780000e-06	-1.133075e-02	3.399450e+00
9.790000e-06	-1.199145e-02	3.211923e+00
9.800000e-06	-1.026771e-02	3.033078e+00
9.810000e-06	-1.104710e-02	2.883653e+00
9.820000e-06	-1.051605e-02	2.738865e+00
9.830000e-06	-9.499902e-03	2.464681e+00
9.840000e-06	-9.110461e-03	2.275286e+00
9.850000e-06	-9.603179e-03	2.156245e+00
9.860000e-06	-8.036268e-03	1.998347e+00
9.870000e-06	-7.293972e-03	1.799401e+00
9.880000e-06	-8.067757e-03	1.598396e+00
9.890000e-06	-7.462709e-03	1.379924e+00
9.900000e-06	-6.711171e-03	1.211599e+00
9.910000e-06	-6.568244e-03	9.878922e-01
9.920000e-06	-6.401058e-03	7.883751e-01
9.930000e-06	-6.165486e-03	5.990213e-01
9.940000e-06	-5.042966e-03	4.404513e-01
9.950000e-06	-4.072304e-03	2.526314e-01
9.960000e-06	-3.496459e-03	4.060500e-02
9.970000e-06	1.247241e-03	-1.578684e-01
9.980000e-06	3.655539e-04	-3.273182e-01
9.990000e-06	-2.159998e-03	-4.231590e-01
1.000000e-05	2.565935e-03	-6.737377e-01
1.001000e-05	-1.329970e-03	-8.416015e-01
1.002000e-05	-5.369662e-04	-9.784737e-01
1.003000e-05	1.276753e-03	-1.146870e+00
1.004000e-05	1.876026e-02	-1.286488e+00
1.005000e-05	1.011472e-01	-1.558866e+00
1.006000e-05	-4.305320e-02	-1.779551e+00
1.007000e-05	-2.753538e-02	-2.053158e+00
1.008000e-05	-4.943052e-02	-2.302361e+00
1.009000e-05	-9.699075e-02	-2.441501e+00
1.010000e-05	1.659890e-01	-2.421532e+00
1.011000e-05	-6.612760e-03	-2.560473e+00
1.012000e-05	-1.560639e-01	-2.831028e+00
1.013000e-05	2.140575e-01	-2.925761e+00
1.014000e-05	-1.327820e-01	-3.115821e+00
1.015000e-05	-6.692771e-02	-3.350499e+00
1.016000e-05	1.920871e-01	-3.494736e+00
1.017000e-05	-1.386256e-01	-3.642634e+00
1.018000e-05	3.142157e-02	-3.875256e+00
1.019000e-05	1.300917e-01	-3.980529e+00
1.020000e-05	-1.742921e-01	-4.213732e+00
1.021000e-05	1.494218e-01	-4.358970e+00
1.022000e-05	-6.405020e-02	-4.507865e+00
1.023000e-05	-2.886036e-02	-4.748922e+00
1.024000e-05	1.345439e-01	-4.826136e+00
1.025000e-05	-1.320913e-01	-5.024207e+00
1.026000e-05	9.387257e-02	-5.233183e+00
1.027000e-05	8.114334e-03	-5.443233e+00
1.028000e-05	-1.320105e-02	-5.643607e+00
1.029000e-05	5.194304e-02	-5.749446e+00
1.030000e-05	-9.522108e-02	-5.917892e+00
1.031000e-05	1.132993e-01	-6.024105e+00
1.032000e-05	-3.811354e-02	-6.164026e+00
1.033000e-05	-7.009875e-04	-6.381497e+00
1.034000e-05	8.003930e-02	-6.514787e+00
1.035000e-05	-6.912591e-02	-6.684683e+00
1.036000e-05	6.922324e-02	-6.759899e+00
1.037000e-05	-4.892792e-02	-6.875789e+00
1.038000e-05	5.747649e-02	-7.086316e+00
1.039000e-05	4.015108e-02	-7.201976e+00
1.040000e-05	-5.055124e-02	-7.339392e+00
1.041000e-05	4.939581e-02	-7.433659e+00
1.042000e-05	-1.252051e-02	-7.571501e+00
1.043000e-05	5.325255e-02	-7.689366e+00
1.044000e-05	-1.682814e-02	-7.835188e+00
1.045000e-05	1.959340e-02	-8.022005e+00
1.046000e-05	3.941276e-02	-8.077318e+00
1.047000e-05	-1.634852e-02	-8.202127e+00
1.048000e-05	3.165160e-02	-8.306818e+00
1.049000e-05	6.744002e-03	-8.361999e+00
1.050000e-05	3.938066e-02	-8.494865e+00
1.051000e-05	-1.117419e-02	-8.635628e+00
1.052000e-05	1.873615e-02	-8.718844e+00
1.053000e-05	3.533430e-02	-8.813555e+00
1.054000e-05	1.537802e-02	-8.907367e+00
1.055000e-05	1.513043e-02	-8.972003e+00
1.056000e-05	1.324204e-02	-9.085167e+00
1.057000e-05	3.425968e-02	-9.128893e+00
1.058000e-05	9.324637e-03	-9.200975e+00
1.059000e-05	2.129643e-02	-9.265161e+00
1.060000e-05	2.642207e-02	-9.339476e+00
1.061000e-05	2.289887e-02	-9.465685e+00
1.062000e-05	1.366233e-02	-9.526816e+00
1.063000e-05	2.314289e-02	-9.568952e+00
1.064000e-05	3.448026e-02	-9.622128e+00
1.065000e-05	2.063778e-02	-9.655708e+00
1.066000e-05	2.251248e-02	-9.686262e+00
1.067000e-05	2.286481e-02	-9.739422e+00
1.068000e-05	2.670339e-02	-9.761494e+00
1.069000e-05	2.306752e-02	-9.802049e+00
1.070000e-05	2.840917e-02	-9.852107e+00
1.071000e-05	3.097346e-02	-9.844712e+00
1.072000e-05	2.293993e-02	-9.885793e+00
1.073000e-05	2.489298e-02	-9.898267e+00
1.074000e-05	3.084861e-02	-9.928417e+00
1.075000e-05	3.184511e-02	-9.919340e+00
1.076000e-05	2.752070e-02	-9.949868e+00
1.077000e-05	3.071385e-02	-9.960921e+00
1.078000e-05	3.119476e-02	-9.959899e+00
1.079000e-05	3.087759e-02	-9.961446e+00
1.080000e-05	3.011179e-02	-9.960925e+00
1.081000e-05	3.517326e-02	-9.949949e+00
1.082000e-05	3.451915e-02	-9.939396e+00
1.083000e-05	3.343935e-02	-9.939393e+00
1.084000e-05	3.558754e-02	-9.926872e+00
1.085000e-05	3.704062e-02	-9.907417e+00
1.086000e-05	3.766081e-02	-9.907812e+00
1.087000e-05	3.695875e-02	-9.865263e+00
1.088000e-05	4.125453e-02	-9.826208e+00
1.089000e-05	4.072599e-02	-9.783127e+00
1.090000e-05	3.978106e-02	-9.792523e+00
1.091000e-05	4.451083e-02	-9.719474e+00
1.092000e-05	4.526317e-02	-9.707239e+00
1.093000e-05	4.687384e-02	-9.664685e+00
1.094000e-05	4.561002e-02	-9.584077e+00
1.095000e-05	4.961927e-02	-9.560445e+00
1.096000e-05	5.197152e-02	-9.508369e+00
1.097000e-05	5.238009e-02	-9.454203e+00
1.098000e-05	5.342635e-02	-9.349469e+00
1.099000e-05	5.089039e-02	-9.257214e+00
1.100000e-05	5.335008e-02	-9.172999e+00
1.101000e-05	5.268322e-02	-9.128343e+00
1.102000e-05	5.354405e-02	-9.055160e+00
1.103000e-05	5.198613e-02	-8.961846e+00
1.104000e-05	5.184907e-02	-8.885737e+00
1.105000e-05	4.950627e-02	-8.803028e+00
1.106000e-05	4.624786e-02	-8.758343e+00
1.107000e-05	4.413128e-02	-8.624629e+00
1.108000e-05	4.479316e-02	-8.518293e+00
1.109000e-05	4.346854e-02	-8.401952e+00
1.110000e-05	4.030626e-02	-8.368845e+00
1.111000e-05	3.947927e-02	-8.272551e+00
1.112000e-05	3.887592e-02	-8.129292e+00
1.113000e-05	3.578695e-02	-8.032607e+00
1.114000e-05	3.237039e-02	-7.947371e+00
1.115000e-05	3.110922e-02	-7.782450e+00
1.116000e-05	3.246006e-02	-7.646028e+00
1.117000e-05	2.974189e-02	-7.517840e+00
1.118000e-05	2.641711e-02	-7.370393e+00
1.119000e-05	2.571245e-02	-7.284629e+00
1.120000e-05	2.521063e-02	-7.159345e+00
1.121000e-05	2.285789e-02	-6.972423e+00
1.122000e-05	2.196640e-02	-6.832552e+00
1.123000e-05	2.082758e-02	-6.716811e+00
1.124000e-05	2.130854e-02	-6.570845e+00
1.125000e-05	1.837790e-02	-6.423052e+00
1.126000e-05	1.800488e-02	-6.305338e+00
1.127000e-05	1.612965e-02	-6.109762e+00
1.128000e-05	1.527727e-02	-5.970444e+00
1.129000e-05	1.389745e-02	-5.822677e+00
1.130000e-05	1.360181e-02	-5.684662e+00
1.131000e-05	1.239146e-02	-5.557888e+00
1.132000e-05	1.230399e-02	-5.297746e+00
1.133000e-05	1.027509e-02	-5.156845e+00
1.134000e-05	1.177820e-02	-4.970945e+00
1.135000e-05	8.333722e-03	-4.749496e+00
1.136000e-05	9.968069e-03	-4.630502e+00
1.137000e-05	6.678306e-03	-4.434655e+00
1.138000e-05	8.690979e-03	-4.335763e+00
1.139000e-05	4.775550e-03	-4.170396e+00
1.140000e-05	6.711617e-03	-3.973025e+00
1.141000e-05	5.687342e-03	-3.873700e+00
1.142000e-05	6.983975e-03	-3.642104e+00
1.143000e-05	4.087503e-03	-3.474759e+00
1.144000e-05	5.793342e-03	-3.327714e+00
1.145000e-05	2.822972e-03	-3.119942e+00
1.146000e-05	2.660743e-03	-2.945287e+00
1.147000e-05	1.659594e-03	-2.788923e+00
1.148000e-05	1.594850e-03	-2.641450e+00
1.149000e-05	1.361687e-03	-2.411500e+00
1.150000e-05	2.052803e-03	-2.270055e+00
1.151000e-05	1.902224e-03	-2.022473e+00
1.152000e-05	1.865023e-04	-1.883058e+00
1.153000e-05	-2.930771e-04	-1.695180e+00
1.154000e-05	-5.404782e-04	-1.527812e+00
1.155000e-05	4.352007e-04	-1.262528e+00
1.156000e-05	-3.637796e-03	-1.063680e+00
1.157000e-05	-2.429993e-03	-8.762330e-01
1.158000e-05	-2.444173e-03	-6.852156e-01
1.159000e-05	-2.737894e-03	-5.051629e-01
1.160000e-05	-3.582161e-03	-3.147631e-01
1.161000e-05	-4.441448e-03	-1.683158e-01
1.162000e-05	-1.563421e-04	-9.975025e-04
1.163000e-05	4.589518e-03	2.006305e-01
1.164000e-05	-2.460797e-03	3.690538e-01
1.165000e-05	-1.286117e-03	5.470011e-01
1.166000e-05	-2.372758e-03	6.852972e-01
1.167000e-05	-2.715861e-03	8.936341e-01
1.168000e-05	-5.750580e-03	1.115218e+00
1.169000e-05	-2.110599e-03	1.264162e+00
1.170000e-05	6.959075e-03	1.432658e+00
1.171000e-05	6.260817e-02	1.695266e+00
1.172000e-05	2.488861e-02	1.885268e+00
1.173000e-05	-6.243550e-02	2.064188e+00
1.174000e-05	-3.250044e-02	2.262713e+00
1.175000e-05	-6.671042e-02	2.400525e+00
1.176000e-05	-5.165026e-02	2.484447e+00
1.177000e-05	1.710296e-01	2.749342e+00
1.178000e-05	-1.018463e-01	2.903738e+00
1.179000e-05	-4.466543e-02	3.002553e+00
1.180000e-05	1.466688e-01	3.159906e+00
1.181000e-05	-1.490036e-01	3.428560e+00
1.182000e-05	1.421561e-02	3.579945e+00
1.183000e-05	9.798086e-02	3.696766e+00
1.184000e-05	-1.366009e-01	3.935266e+00
1.185000e-05	5.786824e-02	4.053184e+00
1.186000e-05	1.395227e-02	4.235789e+00
1.187000e-05	-6.359811e-02	4.431160e+00
1.188000e-05	3.701969e-02	4.562684e+00
1.189000e-05	-4.790111e-02	4.819503e+00
1.190000e-05	-3.947170e-03	4.962041e+00
1.191000e-05	-4.178225e-03	5.162561e+00
1.192000e-05	-1.583383e-02	5.361456e+00
1.193000e-05	7.262937e-03	5.558370e+00
1.194000e-05	-4.220146e-03	5.644213e+00
1.195000e-05	-9.139161e-03	5.885711e+00
1.196000e-05	-4.370464e-02	6.001603e+00
1.197000e-05	-9.797469e-03	6.129946e+00
1.198000e-05	2.265890e-02	6.297317e+00
1.199000e-05	-4.299677e-02	6.382133e+00
1.200000e-05	6.419700e-03	6.599103e+00
1.201000e-05	-2.788343e-02	6.730475e+00
1.202000e-05	-1.722881e-02	6.885793e+00
1.203000e-05	-5.189443e-03	6.962556e+00
1.204000e-05	-2.696040e-02	7.158369e+00
1.205000e-05	6.015312e-03	7.233057e+00
1.206000e-05	-2.617765e-02	7.342554e+00
1.207000e-05	-1.565921e-02	7.549471e+00
1.208000e-05	-2.631317e-02	7.706768e+00
1.209000e-05	-4.441921e-03	7.822003e+00
1.210000e-05	-1.652636e-02	7.898445e+00
1.211000e-05	-2.969054e-02	8.075266e+00
1.212000e-05	-1.137604e-02	8.201550e+00
1.213000e-05	-1.433770e-02	8.306320e+00
1.214000e-05	-2.129499e-02	8.380503e+00
1.215000e-05	-2.494208e-02	8.473269e+00
1.216000e-05	-1.547018e-02	8.562424e+00
1.217000e-05	-2.017772e-02	8.654212e+00
1.218000e-05	-2.524803e-02	8.739369e+00
1.219000e-05	-2.265409e-02	8.822132e+00
1.220000e-05	-1.727884e-02	8.907944e+00
1.221000e-05	-2.547006e-02	9.067637e+00
1.222000e-05	-2.533984e-02	9.118893e+00
1.223000e-05	-2.169942e-02	9.212529e+00
1.224000e-05	-2.183535e-02	9.284666e+00
1.225000e-05	-2.810234e-02	9.339921e+00
1.226000e-05	-2.686750e-02	9.412553e+00
1.227000e-05	-2.149330e-02	9.466214e+00
1.228000e-05	-2.972970e-02	9.517844e+00
1.229000e-05	-2.964799e-02	9.569977e+00
1.230000e-05	-2.533375e-02	9.584134e+00
1.231000e-05	-2.541437e-02	9.768195e+00
1.232000e-05	-2.936390e-02	9.727475e+00
1.233000e-05	-3.027279e-02	9.792134e+00
1.234000e-05	-3.024838e-02	9.805162e+00
1.235000e-05	-3.333558e-02	9.865294e+00
1.236000e-05	-3.096467e-02	9.907823e+00
1.237000e-05	-2.909726e-02	9.937872e+00
1.238000e-05	-2.948915e-02	9.989348e+00
1.239000e-05	-3.921188e-02	9.982526e+00
1.240000e-05	-3.516610e-02	1.003256e+01
1.241000e-05	-3.123117e-02	1.001258e+01
1.242000e-05	-3.394657e-02	1.004213e+01
1.243000e-05	-3.775241e-02	1.004568e+01
1.244000e-05	-3.659229e-02	1.007418e+01
1.245000e-05	-3.604177e-02	1.004416e+01
1.246000e-05	-3.927345e-02	1.007464e+01
1.247000e-05	-3.896409e-02	1.004364e+01
1.248000e-05	-3.979281e-02	1.000368e+01
1.249000e-05	-3.976774e-02	1.005356e+01
1.250000e-05	-4.290651e-02	1.000411e+01
1.251000e-05	-4.210632e-02	1.001253e+01
1.252000e-05	-4.287771e-02	9.990480e+00
1.253000e-05	-4.437709e-02	9.971419e+00
1.254000e-05	-4.528301e-02	9.938395e+00
1.255000e-05	-4.688360e-02	9.926868e+00
1.256000e-05	-4.851118e-02	9.823612e+00
1.257000e-05	-5.020667e-02	9.801505e+00
1.258000e-05	-4.962064e-02	9.737869e+00
1.259000e-05	-5.169159e-02	9.696262e+00
1.260000e-05	-5.545342e-02	9.612554e+00
1.261000e-05	-5.624651e-02	9.630399e+00
1.262000e-05	-5.602055e-02	9.486267e+00
1.263000e-05	-5.594585e-02	9.403583e+00
1.264000e-05	-5.878401e-02	9.371522e+00
1.265000e-05	-6.032467e-02	9.307816e+00
1.266000e-05	-6.105328e-02	9.264611e+00
1.267000e-05	-5.914203e-02	9.172022e+00
1.268000e-05	-5.942629e-02	9.107891e+00
1.269000e-05	-5.667514e-02	9.031978e+00
1.270000e-05	-5.793497e-02	8.906767e+00
1.271000e-05	-5.495029e-02	8.794002e+00
1.272000e-05	-5.464191e-02	8.718395e+00
1.273000e-05	-5.060571e-02	8.664634e+00
1.274000e-05	-5.201753e-02	8.549420e+00
1.275000e-05	-4.735818e-02	8.464660e+00
1.276000e-05	-4.771347e-02	8.381049e+00
1.277000e-05	-4.424607e-02	8.296734e+00
1.278000e-05	-4.405509e-02	8.149925e+00
1.279000e-05	-4.091901e-02	8.034134e+00
1.280000e-05	-4.004479e-02	7.967871e+00
1.281000e-05	-3.876032e-02	7.804552e+00
1.282000e-05	-3.738330e-02	7.726742e+00
1.283000e-05	-3.395047e-02	7.620547e+00
1.284000e-05	-3.458836e-02	7.461607e+00
1.285000e-05	-3.220401e-02	7.265179e+00
1.286000e-05	-3.291445e-02	7.139419e+00
1.287000e-05	-2.868964e-02	7.021526e+00
1.288000e-05	-2.965533e-02	6.904665e+00
1.289000e-05	-2.884930e-02	6.739428e+00
1.290000e-05	-2.614712e-02	6.610499e+00
1.291000e-05	-2.599390e-02	6.442078e+00
1.292000e-05	-2.293770e-02	6.295638e+00
1.293000e-05	-2.261922e-02	6.158416e+00
1.294000e-05	-2.310776e-02	6.033602e+00
1.295000e-05	-2.120199e-02	5.885338e+00
1.296000e-05	-2.253480e-02	5.685137e+00
1.297000e-05	-1.984554e-02	5.535815e+00
1.298000e-05	-2.152810e-02	5.340949e+00
1.299000e-05	-1.858014e-02	5.212602e+00
1.300000e-05	-1.838441e-02	5.031004e+00
1.301000e-05	-1.776277e-02	4.811002e+00
1.302000e-05	-1.637971e-02	4.623735e+00
1.303000e-05	-1.696602e-02	4.475187e+00
1.304000e-05	-1.528944e-02	4.388970e+00
1.305000e-05	-1.359791e-02	4.136800e+00
1.306000e-05	-1.449540e-02	3.989947e+00
1.307000e-05	-1.319369e-02	3.790553e+00
1.308000e-05	-1.415697e-02	3.663633e+00
1.309000e-05	-1.314305e-02	3.516295e+00
1.310000e-05	-1.172579e-02	3.265637e+00
1.311000e-05	-1.202305e-02	3.126842e+00
1.312000e-05	-1.032213e-02	2.989372e+00
1.313000e-05	-1.084059e-02	2.801026e+00
1.314000e-05	-9.868093e-03	2.663528e+00
1.315000e-05	-1.053125e-02	2.371526e+00
1.316000e-05	-9.211115e-03	2.242553e+00
1.317000e-05	-8.652509e-03	2.064081e+00
1.318000e-05	-9.670387e-03	1.924387e+00
1.319000e-05	-7.967030e-03	1.695166e+00
1.320000e-05	-7.541648e-03	1.494682e+00
1.321000e-05	-6.205287e-03	1.305762e+00
1.322000e-05	-7.608612e-03	1.124316e+00
1.323000e-05	-6.633552e-03	8.911317e-01
1.324000e-05	-6.011768e-03	6.957093e-01
1.325000e-05	-4.754134e-03	5.037121e-01
1.326000e-05	-4.979891e-03	3.893947e-01
1.327000e-05	-4.427556e-03	1.163670e-01
1.328000e-05	-2.788467e-03	-1.353527e-02
1.329000e-05	3.281453e-03	-1.806301e-01
1.330000e-05	-2.172190e-03	-3.684486e-01
1.331000e-05	1.133336e-03	-5.577924e-01
1.332000e-05	-2.005960e-03	-7.379448e-01
1.333000e-05	5.600601e-04	-8.963107e-01
1.334000e-05	-2.342083e-03	-1.032081e+00
1.335000e-05	6.660311e-03	-1.211954e+00
1.336000e-05	4.504304e-02	-1.430603e+00
1.337000e-05	7.230444e-02	-1.653631e+00
1.338000e-05	-8.199855e-02	-1.905319e+00
1.339000e-05	-1.213363e-04	-2.138398e+00
1.340000e-05	-9.498111e-02	-2.369869e+00
1.341000e-05	1.905328e-03	-2.430603e+00
1.342000e-05	1.761071e-01	-2.464129e+00
1.343000e-05	-1.672014e-01	-2.726363e+00
1.344000e-05	6.617739e-02	-2.872635e+00
1.345000e-05	1.447991e-01	-2.941002e+00
1.346000e-05	-2.149467e-01	-3.274108e+00
1.347000e-05	1.140375e-01	-3.411078e+00
1.348000e-05	7.676322e-02	-3.528446e+00
1.349000e-05	-1.745417e-01	-3.750942e+00
1.350000e-05	1.788568e-01	-3.939922e+00
1.351000e-05	-7.251411e-02	-4.116870e+00
1.352000e-05	-4.594127e-02	-4.328320e+00
1.353000e-05	1.313645e-01	-4.372028e+00
1.354000e-05	-1.480560e-01	-4.633609e+00
1.355000e-05	1.112421e-01	-4.790533e+00
1.356000e-05	6.475815e-03	-4.888342e+00
1.357000e-05	-8.118182e-02	-5.077919e+00
1.358000e-05	1.296787e-01	-5.306888e+00
1.359000e-05	-6.943259e-02	-5.458970e+00
1.360000e-05	6.934474e-02	-5.664287e+00
1.361000e-05	-3.897091e-02	-5.822129e+00
1.362000e-05	-1.485027e-02	-5.980947e+00
1.363000e-05	1.015008e-01	-6.053736e+00
1.364000e-05	-9.396059e-02	-6.275765e+00
1.365000e-05	9.671615e-02	-6.453031e+00
1.366000e-05	-1.724208e-02	-6.570525e+00
1.367000e-05	-8.623113e-03	-6.737366e+00
1.368000e-05	4.101357e-02	-6.790933e+00
1.369000e-05	-4.532317e-02	-7.020024e+00
1.370000e-05	1.059028e-01	-7.159923e+00
1.371000e-05	-4.616315e-02	-7.283716e+00
1.372000e-05	9.315001e-03	-7.381529e+00
1.373000e-05	2.249458e-02	-7.486266e+00
1.374000e-05	1.300382e-02	-7.602610e+00
1.375000e-05	3.682418e-02	-7.753425e+00
1.376000e-05	-3.123574e-02	-7.919943e+00
1.377000e-05	5.927819e-02	-8.014709e+00
1.378000e-05	-2.225801e-03	-8.118520e+00
1.379000e-05	9.855610e-03	-8.243732e+00
1.380000e-05	1.800316e-02	-8.360399e+00
1.381000e-05	2.453504e-02	-8.441585e+00
1.382000e-05	2.051504e-02	-8.579997e+00
1.383000e-05	-1.113283e-02	-8.696765e+00
1.384000e-05	3.789519e-02	-8.800498e+00
1.385000e-05	2.270768e-02	-8.846240e+00
1.386000e-05	1.598320e-02	-8.949467e+00
1.387000e-05	9.536165e-03	-9.023132e+00
1.388000e-05	2.684365e-02	-9.086814e+00
1.389000e-05	2.483919e-02	-9.159422e+00
1.390000e-05	9.292465e-03	-9.233082e+00
1.391000e-05	2.517176e-02	-9.278739e+00
1.392000e-05	2.517472e-02	-9.392003e+00
1.393000e-05	1.827989e-02	-9.445663e+00
1.394000e-05	1.515814e-02	-9.518393e+00
1.395000e-05	3.129768e-02	-9.610452e+00
1.396000e-05	2.807037e-02	-9.593608e+00
1.397000e-05	2.143185e-02	-9.676262e+00
1.398000e-05	2.119908e-02	-9.708269e+00
1.399000e-05	2.622621e-02	-9.719378e+00
1.400000e-05	2.342717e-02	-9.822578e+00
1.401000e-05	2.340731e-02	-9.833505e+00
1.402000e-05	2.948940e-02	-9.845706e+00
1.403000e-05	2.720130e-02	-9.885235e+00
1.404000e-05	2.426497e-02	-9.897290e+00
1.405000e-05	2.988334e-02	-9.907868e+00
1.406000e-05	3.198256e-02	-9.928867e+00
1.407000e-05	2.723690e-02	-9.928866e+00
1.408000e-05	2.824578e-02	-9.939868e+00
1.409000e-05	3.191695e-02	-9.939425e+00
1.410000e-05	3.234552e-02	-9.970347e+00
1.411000e-05	2.827571e-02	-9.949374e+00
1.412000e-05	3.287956e-02	-9.980449e+00
1.413000e-05	3.561116e-02	-9.939872e+00
1.414000e-05	3.499873e-02	-9.930421e+00
1.415000e-05	3.344424e-02	-9.939920e+00
1.416000e-05	3.735985e-02	-9.919347e+00
1.417000e-05	3.941552e-02	-9.898817e+00
1.418000e-05	3.555182e-02	-9.908265e+00
1.419000e-05	3.730861e-02	-9.876210e+00
1.420000e-05	3.946299e-02	-9.843157e+00
1.421000e-05	4.192262e-02	-9.823500e+00
1.422000e-05	4.364984e-02	-9.769399e+00
1.423000e-05	4.490138e-02	-9.747339e+00
1.424000e-05	4.629871e-02	-9.686762e+00
1.425000e-05	4.705929e-02	-9.642636e+00
1.426000e-05	4.780945e-02	-9.592127e+00
1.427000e-05	5.004084e-02	-9.568919e+00
1.428000e-05	4.991665e-02	-9.476712e+00
1.429000e-05	5.251587e-02	-9.423024e+00
1.430000e-05	5.427448e-02	-9.338691e+00
1.431000e-05	5.234573e-02	-9.202577e+00
1.432000e-05	5.271348e-02	-9.150947e+00
1.433000e-05	5.331132e-02	-9.097231e+00
1.434000e-05	5.372645e-02	-8.951548e+00
1.435000e-05	5.130924e-02	-8.927295e+00
1.436000e-05	4.806006e-02	-8.834078e+00
1.437000e-05	5.033825e-02	-8.781498e+00
1.438000e-05	4.712064e-02	-8.727261e+00
1.439000e-05	4.311009e-02	-8.642448e+00
1.440000e-05	4.355310e-02	-8.485711e+00
1.441000e-05	4.189899e-02	-8.382422e+00
1.442000e-05	4.220556e-02	-8.266236e+00
1.443000e-05	4.000272e-02	-8.202474e+00
1.444000e-05	3.619599e-02	-8.076213e+00
1.445000e-05	3.635758e-02	-8.011446e+00
1.446000e-05	3.147167e-02	-7.836684e+00
1.447000e-05	3.156692e-02	-7.687738e+00
1.448000e-05	2.782190e-02	-7.562398e+00
1.449000e-05	2.798903e-02	-7.445078e+00
1.450000e-05	2.673637e-02	-7.278268e+00
1.451000e-05	2.528542e-02	-7.173019e+00
1.452000e-05	2.610999e-02	-7.056684e+00
1.453000e-05	2.329487e-02	-6.887159e+00
1.454000e-05	2.205925e-02	-6.780371e+00
1.455000e-05	2.079728e-02	-6.644580e+00
1.456000e-05	1.739990e-02	-6.515233e+00
1.457000e-05	1.762054e-02	-6.431897e+00
1.458000e-05	1.649356e-02	-6.212077e+00
1.459000e-05	1.692971e-02	-6.043625e+00
1.460000e-05	1.554166e-02	-5.896714e+00
1.461000e-05	1.466780e-02	-5.758941e+00
1.462000e-05	1.344184e-02	-5.622575e+00
1.463000e-05	1.285649e-02	-5.486207e+00
1.464000e-05	1.196317e-02	-5.223474e+00
1.465000e-05	9.743841e-03	-5.035106e+00
1.466000e-05	9.404746e-03	-4.896756e+00
1.467000e-05	8.859125e-03	-4.665664e+00
1.468000e-05	7.841879e-03	-4.548867e+00
1.469000e-05	7.851954e-03	-4.430925e+00
1.470000e-05	8.483904e-03	-4.222708e+00
1.471000e-05	8.039348e-03	-4.086735e+00
1.472000e-05	7.637154e-03	-3.959438e+00
1.473000e-05	3.841808e-03	-3.728342e+00
1.474000e-05	4.269251e-03	-3.580395e+00
1.475000e-05	4.855957e-03	-3.402028e+00
1.476000e-05	4.533410e-03	-3.233003e+00
1.477000e-05	2.770423e-03	-3.104706e+00
1.478000e-05	2.015915e-03	-2.854032e+00
1.479000e-05	3.008012e-03	-2.704741e+00
1.480000e-05	1.851771e-03	-2.506641e+00
1.481000e-05	1.934601e-03	-2.380392e+00
1.482000e-05	-3.014497e-05	-2.166162e+00
1.483000e-05	2.095664e-03	-1.999345e+00
1.484000e-05	1.755657e-04	-1.791400e+00
1.485000e-05	-1.567024e-04	-1.613025e+00
1.486000e-05	-2.044471e-03	-1.388849e+00
1.487000e-05	9.330400e-04	-1.168895e+00
1.488000e-05	-1.251159e-03	-9.799487e-01
1.489000e-05	-1.835712e-03	-8.009712e-01
1.490000e-05	-4.319952e-03	-6.719240e-01
1.491000e-05	-3.123648e-03	-4.324963e-01
1.492000e-05	-2.164084e-03	-2.430303e-01
1.493000e-05	-4.313018e-03	-5.471033e-02
1.494000e-05	1.159384e-05	5.471422e-02
1.495000e-05	2.787191e-03	3.448133e-01
1.496000e-05	-2.551882e-03	4.526594e-01
1.497000e-05	1.716585e-03	5.990540e-01
1.498000e-05	-6.013858e-03	8.010024e-01
1.499000e-05	-2.336480e-03	9.278711e-01
1.500000e-05	-5.454982e-03	1.198551e+00
1.501000e-05	4.181380e-03	1.326401e+00
1.502000e-05	1.948509e-02	1.506925e+00
1.503000e-05	7.554816e-02	1.790451e+00
1.504000e-05	-3.717272e-02	1.968450e+00
1.505000e-05	-4.356099e-02	2.147951e+00
1.506000e-05	-4.226875e-02	2.336869e+00
1.507000e-05	-8.071244e-02	2.471158e+00
1.508000e-05	4.730104e-02	2.581680e+00
1.509000e-05	1.197228e-01	2.811577e+00
1.510000e-05	-1.965036e-01	2.947845e+00
1.511000e-05	1.369299e-01	3.064767e+00
1.512000e-05	-1.087313e-02	3.253815e+00
1.513000e-05	-1.199077e-01	3.474741e+00
1.514000e-05	1.065176e-01	3.601104e+00
1.515000e-05	-1.619499e-02	3.810483e+00
1.516000e-05	-9.874723e-02	3.978474e+00
1.517000e-05	1.030370e-01	4.136868e+00
1.518000e-05	-6.609112e-02	4.367997e+00
1.519000e-05	-8.924260e-03	4.485318e+00
1.520000e-05	1.739251e-02	4.686368e+00
1.521000e-05	-5.670253e-02	4.864219e+00
1.522000e-05	1.784564e-02	5.045295e+00
1.523000e-05	-3.067055e-02	5.317840e+00
1.524000e-05	6.065248e-03	5.456314e+00
1.525000e-05	-5.833415e-03	5.581978e+00
1.526000e-05	1.226520e-03	5.727953e+00
1.527000e-05	-2.496523e-02	5.938922e+00
1.528000e-05	-4.205327e-02	6.044293e+00
1.529000e-05	2.634614e-02	6.210586e+00
1.530000e-05	-1.750547e-02	6.390421e+00
1.531000e-05	-2.451741e-02	6.465785e+00
1.532000e-05	-4.460310e-03	6.647211e+00
1.533000e-05	-3.072572e-02	6.822103e+00
1.534000e-05	-7.295291e-03	6.929394e+00
1.535000e-05	-1.607550e-02	7.064183e+00
1.536000e-05	-1.487313e-02	7.171426e+00
1.537000e-05	5.319414e-04	7.286770e+00
1.538000e-05	-2.766034e-02	7.476289e+00
1.539000e-05	-1.667177e-02	7.591633e+00
1.540000e-05	-2.186096e-02	7.729924e+00
1.541000e-05	-4.009337e-03	7.844785e+00
1.542000e-05	-2.499891e-02	8.012010e+00
1.543000e-05	-2.645787e-02	8.108342e+00
1.544000e-05	-7.426167e-03	8.203209e+00
1.545000e-05	-2.256653e-02	8.349924e+00
1.546000e-05	-1.799723e-02	8.422581e+00
1.547000e-05	-2.356097e-02	8.506746e+00
1.548000e-05	-1.325184e-02	8.631554e+00
1.549000e-05	-2.645893e-02	8.667287e+00
1.550000e-05	-2.557646e-02	8.770530e+00
1.551000e-05	-1.771209e-02	8.844608e+00
1.552000e-05	-2.238214e-02	8.970978e+00
1.553000e-05	-2.677002e-02	9.088692e+00
1.554000e-05	-2.532330e-02	9.169950e+00
1.555000e-05	-1.661069e-02	9.262636e+00
1.556000e-05	-2.596146e-02	9.306817e+00
1.557000e-05	-2.795820e-02	9.371502e+00
1.558000e-05	-2.354017e-02	9.474159e+00
1.559000e-05	-2.387308e-02	9.477366e+00
1.560000e-05	-3.095630e-02	9.559950e+00
1.561000e-05	-3.034859e-02	9.571054e+00
1.562000e-05	-2.359897e-02	9.673162e+00
1.563000e-05	-2.765423e-02	9.716300e+00
1.564000e-05	-2.879963e-02	9.780503e+00
1.565000e-05	-3.208452e-02	9.784082e+00
1.566000e-05	-2.863951e-02	9.846661e+00
1.567000e-05	-3.202827e-02	9.927271e+00
1.568000e-05	-3.143812e-02	9.888367e+00
1.569000e-05	-3.027787e-02	9.940450e+00
1.570000e-05	-3.475395e-02	9.990525e+00
1.571000e-05	-3.662397e-02	9.983981e+00
1.572000e-05	-3.501398e-02	1.001308e+01
1.573000e-05	-3.334645e-02	1.001358e+01
1.574000e-05	-3.622227e-02	1.003468e+01
1.575000e-05	-3.552290e-02	1.007466e+01
1.576000e-05	-3.641772e-02	1.007521e+01
1.577000e-05	-3.725178e-02	1.004418e+01
1.578000e-05	-4.072389e-02	1.006471e+01
1.579000e-05	-3.969992e-02	1.006321e+01
1.580000e-05	-3.950384e-02	1.005356e+01
1.581000e-05	-4.218061e-02	1.001468e+01
1.582000e-05	-4.237042e-02	1.001263e+01
1.583000e-05	-4.263312e-02	9.961500e+00
1.584000e-05	-4.198929e-02	9.980028e+00
1.585000e-05	-4.384978e-02	9.927901e+00
1.586000e-05	-4.552006e-02	9.908346e+00
1.587000e-05	-4.638941e-02	9.867233e+00
1.588000e-05	-4.936748e-02	9.803083e+00
1.589000e-05	-4.992499e-02	9.751474e+00
1.590000e-05	-5.296624e-02	9.718316e+00
1.591000e-05	-5.405704e-02	9.615735e+00
1.592000e-05	-5.494074e-02	9.569450e+00
1.593000e-05	-5.580113e-02	9.549346e+00
1.594000e-05	-5.698449e-02	9.474691e+00
1.595000e-05	-5.885493e-02	9.412527e+00
1.596000e-05	-5.747779e-02	9.359848e+00
1.597000e-05	-5.833785e-02	9.275316e+00
1.598000e-05	-6.017816e-02	9.233607e+00
1.599000e-05	-5.915652e-02	9.129496e+00
1.600000e-05	-5.893104e-02	9.107763e+00
1.601000e-05	-5.594218e-02	8.968850e+00
1.602000e-05	-5.811173e-02	8.846733e+00
1.603000e-05	-5.488244e-02	8.779975e+00
1.604000e-05	-5.277141e-02	8.695815e+00
1.605000e-05	-4.955175e-02	8.602527e+00
1.606000e-05	-5.065791e-02	8.506816e+00
1.607000e-05	-4.777009e-02	8.412578e+00
1.608000e-05	-4.704848e-02	8.368369e+00
1.609000e-05	-4.373745e-02	8.213562e+00
1.610000e-05	-4.245047e-02	8.106915e+00
1.611000e-05	-4.133249e-02	7.951450e+00
1.612000e-05	-3.933334e-02	7.886764e+00
1.613000e-05	-3.730596e-02	7.719873e+00
1.614000e-05	-3.538357e-02	7.683585e+00
1.615000e-05	-3.566227e-02	7.536867e+00
1.616000e-05	-3.194892e-02	7.361475e+00
1.617000e-05	-3.123344e-02	7.232505e+00
1.618000e-05	-2.958494e-02	7.085211e+00
1.619000e-05	-3.048468e-02	6.937893e+00
1.620000e-05	-2.824097e-02	6.854129e+00
1.621000e-05	-2.738116e-02	6.687269e+00
1.622000e-05	-2.516884e-02	6.517287e+00
1.623000e-05	-2.557729e-02	6.379420e+00
1.624000e-05	-2.453676e-02	6.233132e+00
1.625000e-05	-2.216880e-02	6.085286e+00
1.626000e-05	-2.172156e-02	6.000473e+00
1.627000e-05	-2.135316e-02	5.801026e+00
1.628000e-05	-2.144811e-02	5.632001e+00
1.629000e-05	-1.973765e-02	5.504184e+00
1.630000e-05	-1.970485e-02	5.357792e+00
1.631000e-05	-1.849169e-02	5.138319e+00
1.632000e-05	-1.805349e-02	4.885212e+00
1.633000e-05	-1.674055e-02	4.758845e+00
1.634000e-05	-1.618338e-02	4.590922e+00
1.635000e-05	-1.546520e-02	4.421507e+00
1.636000e-05	-1.517291e-02	4.254685e+00
1.637000e-05	-1.447301e-02	4.063607e+00
1.638000e-05	-1.454477e-02	3.966788e+00
1.639000e-05	-1.351420e-02	3.798372e+00
1.640000e-05	-1.272837e-02	3.609995e+00
1.641000e-05	-1.242343e-02	3.401058e+00
1.642000e-05	-1.148056e-02	3.221529e+00
1.643000e-05	-1.103369e-02	3.044182e+00
1.644000e-05	-1.118738e-02	2.904636e+00
1.645000e-05	-1.107268e-02	2.786919e+00
1.646000e-05	-9.994181e-03	2.505194e+00
1.647000e-05	-8.963421e-03	2.345845e+00
1.648000e-05	-9.079619e-03	2.136847e+00
1.649000e-05	-9.772805e-03	2.001001e+00
1.650000e-05	-8.139237e-03	1.792450e+00
1.651000e-05	-7.554051e-03	1.612526e+00
1.652000e-05	-7.195242e-03	1.411026e+00
1.653000e-05	-7.787261e-03	1.241578e+00
1.654000e-05	-5.855265e-03	1.050554e+00
1.655000e-05	-4.861086e-03	7.999776e-01
1.656000e-05	-5.735227e-03	6.204778e-01
1.657000e-05	-5.788181e-03	4.416302e-01
1.658000e-05	-5.124871e-03	2.821880e-01
1.659000e-05	-3.862470e-03	3.155777e-02
1.660000e-05	6.615198e-05	-1.467945e-01
1.661000e-05	2.455470e-03	-2.852631e-01
1.662000e-05	-2.696633e-03	-4.421778e-01
1.663000e-05	3.182629e-03	-6.427540e-01
1.664000e-05	-2.785236e-03	-8.205250e-01
1.665000e-05	6.085531e-04	-9.979449e-01
1.666000e-05	-6.226908e-04	-1.106265e+00
1.667000e-05	1.411446e-02	-1.255212e+00
1.668000e-05	9.294552e-02	-1.467390e+00
1.669000e-05	-1.424615e-02	-1.759997e+00
1.670000e-05	-4.604559e-02	-1.990052e+00
1.671000e-05	-3.283698e-02	-2.275258e+00
1.672000e-05	-1.048220e-01	-2.399528e+00
1.673000e-05	1.362545e-01	-2.411054e+00
1.674000e-05	5.253944e-02	-2.529521e+00
1.675000e-05	-1.908675e-01	-2.811600e+00
1.676000e-05	1.960798e-01	-2.865306e+00
1.677000e-05	-8.339689e-02	-3.084787e+00
1.678000e-05	-1.257956e-01	-3.378422e+00
1.679000e-05	1.983454e-01	-3.474762e+00
1.680000e-05	-9.383217e-02	-3.603132e+00
1.681000e-05	-2.961567e-02	-3.864615e+00
1.682000e-05	1.726479e-01	-4.011004e+00
1.683000e-05	-1.778022e-01	-4.221554e+00
1.684000e-05	1.159979e-01	-4.349396e+00
1.685000e-05	-1.387779e-02	-4.495336e+00
1.686000e-05	-7.596020e-02	-4.717393e+00
1.687000e-05	1.512480e-01	-4.835056e+00
1.688000e-05	-1.156541e-01	-5.019107e+00
1.689000e-05	5.741563e-02	-5.190603e+00
1.690000e-05	4.584039e-02	-5.383129e+00
1.691000e-05	-4.080720e-02	-5.601027e+00
1.692000e-05	7.143552e-02	-5.726921e+00
1.693000e-05	-9.699931e-02	-5.926767e+00
1.694000e-05	9.056845e-02	-6.001076e+00
1.695000e-05	-2.127685e-03	-6.137947e+00
1.696000e-05	-3.654835e-02	-6.389498e+00
1.697000e-05	1.025609e-01	-6.463240e+00
1.698000e-05	-7.372682e-02	-6.602130e+00
1.699000e-05	5.881105e-02	-6.759471e+00
1.700000e-05	-3.236939e-02	-6.833718e+00
1.701000e-05	2.995416e-02	-7.087216e+00
1.702000e-05	6.741531e-02	-7.191549e+00
1.703000e-05	-6.216175e-02	-7.309844e+00
1.704000e-05	4.858680e-02	-7.435080e+00
1.705000e-05	-1.113269e-02	-7.551517e+00
1.706000e-05	4.635400e-02	-7.705811e+00
1.707000e-05	-5.454873e-03	-7.833211e+00
1.708000e-05	3.632735e-03	-7.991975e+00
1.709000e-05	5.139027e-02	-8.096288e+00
1.710000e-05	-1.949932e-02	-8.191156e+00
1.711000e-05	2.990337e-02	-8.296762e+00
1.712000e-05	5.010901e-03	-8.401427e+00
1.713000e-05	3.862319e-02	-8.475739e+00
1.714000e-05	-4.755949e-03	-8.573007e+00
1.715000e-05	9.751184e-03	-8.749920e+00
1.716000e-05	3.731525e-02	-8.792031e+00
1.717000e-05	1.547744e-02	-8.917292e+00
1.718000e-05	1.725878e-02	-8.980376e+00
1.719000e-05	9.684691e-03	-9.026186e+00
1.720000e-05	3.489541e-02	-9.128417e+00
1.721000e-05	1.092407e-02	-9.181526e+00
1.722000e-05	1.837095e-02	-9.254213e+00
1.723000e-05	2.588648e-02	-9.319916e+00
1.724000e-05	2.356449e-02	-9.413579e+00
1.725000e-05	1.423583e-02	-9.507290e+00
1.726000e-05	2.063270e-02	-9.570473e+00
1.727000e-05	3.405660e-02	-9.612478e+00
1.728000e-05	2.248797e-02	-9.645207e+00
1.729000e-05	2.215734e-02	-9.707264e+00
1.730000e-05	2.318593e-02	-9.739394e+00
1.731000e-05	2.593377e-02	-9.771373e+00
1.732000e-05	2.098846e-02	-9.831999e+00
1.733000e-05	2.644337e-02	-9.874629e+00
1.734000e-05	3.248703e-02	-9.873715e+00
1.735000e-05	2.554005e-02	-9.893287e+00
1.736000e-05	2.483833e-02	-9.907315e+00
1.737000e-05	2.918320e-02	-9.926818e+00
1.738000e-05	3.151149e-02	-9.967343e+00
1.739000e-05	2.727338e-02	-9.939395e+00
1.740000e-05	3.036701e-02	-9.938821e+00
1.741000e-05	3.164247e-02	-9.969950e+00
1.742000e-05	3.210064e-02	-9.917921e+00
1.743000e-05	2.939229e-02	-9.959375e+00
1.744000e-05	3.405410e-02	-9.961425e+00
1.745000e-05	3.400870e-02	-9.949967e+00
1.746000e-05	3.385697e-02	-9.928897e+00
1.747000e-05	3.638773e-02	-9.938420e+00
1.748000e-05	3.753765e-02	-9.938295e+00
1.749000e-05	3.706350e-02	-9.906842e+00
1.750000e-05	3.759992e-02	-9.907216e+00
1.751000e-05	4.091204e-02	-9.855206e+00
1.752000e-05	4.024732e-02	-9.833550e+00
1.753000e-05	3.948614e-02	-9.782472e+00
1.754000e-05	4.353382e-02	-9.700470e+00
1.755000e-05	4.614878e-02	-9.698292e+00
1.756000e-05	4.735628e-02	-9.665160e+00
1.757000e-05	4.549967e-02	-9.633657e+00
1.758000e-05	4.853334e-02	-9.581973e+00
1.759000e-05	5.147948e-02	-9.519440e+00
1.760000e-05	5.185872e-02	-9.448614e+00
1.761000e-05	5.283959e-02	-9.349977e+00
1.762000e-05	5.277911e-02	-9.276659e+00
1.763000e-05	5.241256e-02	-9.182505e+00
1.764000e-05	5.337953e-02	-9.138868e+00
1.765000e-05	5.203631e-02	-9.035734e+00
1.766000e-05	5.305493e-02	-8.952024e+00
1.767000e-05	5.225681e-02	-8.886258e+00
1.768000e-05	4.930624e-02	-8.832577e+00
1.769000e-05	4.724791e-02	-8.769369e+00
1.770000e-05	4.454791e-02	-8.655709e+00
1.771000e-05	4.514911e-02	-8.588822e+00
1.772000e-05	4.379597e-02	-8.403026e+00
1.773000e-05	3.997334e-02	-8.368369e+00
1.774000e-05	3.879778e-02	-8.254580e+00
1.775000e-05	3.756291e-02	-8.147917e+00
1.776000e-05	3.727154e-02	-8.073100e+00
1.777000e-05	3.463474e-02	-7.949921e+00
1.778000e-05	3.159324e-02	-7.803531e+00
1.779000e-05	3.050881e-02	-7.644708e+00
1.780000e-05	2.919086e-02	-7.526789e+00
1.781000e-05	2.715817e-02	-7.411446e+00
1.782000e-05	2.632635e-02	-7.273607e+00
1.783000e-05	2.512764e-02	-7.178394e+00
1.784000e-05	2.306372e-02	-7.012523e+00
1.785000e-05	2.181105e-02	-6.854581e+00
1.786000e-05	2.042234e-02	-6.698312e+00
1.787000e-05	2.045000e-02	-6.590901e+00
1.788000e-05	1.977164e-02	-6.423102e+00
1.789000e-05	1.734222e-02	-6.307367e+00
1.790000e-05	1.637702e-02	-6.157318e+00
1.791000e-05	1.590320e-02	-5.969991e+00
1.792000e-05	1.493263e-02	-5.864608e+00
1.793000e-05	1.357548e-02	-5.676162e+00
1.794000e-05	1.217059e-02	-5.600917e+00
1.795000e-05	1.227688e-02	-5.338847e+00
1.796000e-05	1.082242e-02	-5.170392e+00
1.797000e-05	1.187515e-02	-5.022473e+00
1.798000e-05	9.335658e-03	-4.842454e+00
1.799000e-05	1.002880e-02	-4.613024e+00
1.800000e-05	7.400474e-03	-4.473113e+00
1.801000e-05	8.933150e-03	-4.359393e+00
1.802000e-05	5.413237e-03	-4.220899e+00
1.803000e-05	7.575369e-03	-4.052578e+00
1.804000e-05	6.583752e-03	-3.885257e+00
1.805000e-05	5.658060e-03	-3.663054e+00
1.806000e-05	4.753550e-03	-3.555787e+00
1.807000e-05	5.250106e-03	-3.338320e+00
1.808000e-05	4.492903e-03	-3.190444e+00
1.809000e-05	3.657790e-03	-2.960298e+00
1.810000e-05	2.425739e-03	-2.801950e+00
1.811000e-05	2.585966e-03	-2.642099e+00
1.812000e-05	-2.268512e-04	-2.454000e+00
1.813000e-05	2.725084e-03	-2.305767e+00
1.814000e-05	1.249025e-03	-2.061555e+00
1.815000e-05	1.362691e-03	-1.904638e+00
1.816000e-05	-1.284884e-03	-1.755838e+00
1.817000e-05	1.257129e-03	-1.597388e+00
1.818000e-05	-1.856059e-04	-1.305153e+00
1.819000e-05	-1.230946e-03	-1.113683e+00
1.820000e-05	-2.654025e-03	-9.246382e-01
1.821000e-05	-2.590359e-03	-7.987609e-01
1.822000e-05	-2.853413e-03	-5.361644e-01
1.823000e-05	-3.303594e-03	-3.168197e-01
1.824000e-05	-3.633604e-03	-1.803951e-01
1.825000e-05	-1.215289e-03	9.475003e-03
1.826000e-05	3.026634e-03	1.575199e-01
1.827000e-05	-6.651001e-04	3.779711e-01
1.828000e-05	-2.265595e-03	5.069183e-01
1.829000e-05	-1.001784e-03	6.763946e-01
1.830000e-05	-3.968696e-03	8.220792e-01
1.831000e-05	-3.367923e-03	1.062238e+00
1.832000e-05	-2.839942e-03	1.223657e+00
1.833000e-05	5.707889e-03	1.380530e+00
1.834000e-05	4.956849e-02	1.634235e+00
1.835000e-05	4.302652e-02	1.853711e+00
1.836000e-05	-6.523113e-02	2.064661e+00
1.837000e-05	-3.173837e-02	2.214159e+00
1.838000e-05	-5.974602e-02	2.391525e+00
1.839000e-05	-6.587546e-02	2.486767e+00
1.840000e-05	1.540288e-01	2.725813e+00
1.841000e-05	-5.036632e-02	2.844158e+00
1.842000e-05	-1.093989e-01	2.970479e+00
1.843000e-05	1.752515e-01	3.138946e+00
1.844000e-05	-1.307838e-01	3.358028e+00
1.845000e-05	-2.015469e-02	3.558374e+00
1.846000e-05	1.169619e-01	3.662764e+00
1.847000e-05	-1.192845e-01	3.854714e+00
1.848000e-05	2.121825e-02	4.020055e+00
1.849000e-05	4.220033e-02	4.232164e+00
1.850000e-05	-7.661746e-02	4.411632e+00
1.851000e-05	3.512947e-02	4.570030e+00
1.852000e-05	-3.196855e-02	4.748479e+00
1.853000e-05	-1.875865e-02	4.875448e+00
1.854000e-05	4.844662e-03	5.161506e+00
1.855000e-05	-2.363373e-02	5.360449e+00
1.856000e-05	1.151617e-02	5.497321e+00
1.857000e-05	-6.507811e-03	5.673713e+00
1.858000e-05	-5.829429e-03	5.824108e+00
1.859000e-05	-4.006546e-02	5.991033e+00
1.860000e-05	-2.146855e-02	6.147446e+00
1.861000e-05	2.786072e-02	6.255242e+00
1.862000e-05	-4.236136e-02	6.402534e+00
1.863000e-05	2.579458e-03	6.543454e+00
1.864000e-05	-2.405271e-02	6.747424e+00
1.865000e-05	-2.245289e-02	6.883314e+00
1.866000e-05	-2.296358e-03	7.001975e+00
1.867000e-05	-2.661366e-02	7.136841e+00
1.868000e-05	3.044337e-03	7.213528e+00
1.869000e-05	-2.161636e-02	7.329954e+00
1.870000e-05	-1.823457e-02	7.528922e+00
1.871000e-05	-2.571919e-02	7.675792e+00
1.872000e-05	-7.270870e-03	7.832102e+00
1.873000e-05	-1.194736e-02	7.898874e+00
1.874000e-05	-2.801410e-02	8.026264e+00
1.875000e-05	-1.555190e-02	8.189446e+00
1.876000e-05	-1.323133e-02	8.296315e+00
1.877000e-05	-2.235969e-02	8.370426e+00
1.878000e-05	-2.352644e-02	8.435183e+00
1.879000e-05	-1.827631e-02	8.558898e+00
1.880000e-05	-1.820343e-02	8.664660e+00
1.881000e-05	-2.589933e-02	8.719394e+00
1.882000e-05	-2.379274e-02	8.801529e+00
1.883000e-05	-1.655071e-02	8.927369e+00
1.884000e-05	-2.395120e-02	9.024184e+00
1.885000e-05	-2.473466e-02	9.077342e+00
1.886000e-05	-2.390056e-02	9.161004e+00
1.887000e-05	-2.100268e-02	9.255790e+00
1.888000e-05	-2.834043e-02	9.338897e+00
1.889000e-05	-2.619662e-02	9.402032e+00
1.890000e-05	-2.222723e-02	9.494261e+00
1.891000e-05	-2.917821e-02	9.517869e+00
1.892000e-05	-2.949256e-02	9.549853e+00
1.893000e-05	-2.728155e-02	9.652556e+00
1.894000e-05	-2.449740e-02	9.665311e+00
1.895000e-05	-2.880074e-02	9.780296e+00
1.896000e-05	-3.032899e-02	9.824027e+00
1.897000e-05	-3.080857e-02	9.794182e+00
1.898000e-05	-3.314356e-02	9.866267e+00
1.899000e-05	-3.215321e-02	9.917791e+00
1.900000e-05	-3.024909e-02	9.948898e+00
1.901000e-05	-2.962663e-02	9.950976e+00
1.902000e-05	-3.687558e-02	9.979951e+00
1.903000e-05	-3.739357e-02	1.003103e+01
1.904000e-05	-3.189519e-02	1.000256e+01
1.905000e-05	-3.357196e-02	1.000208e+01
1.906000e-05	-3.757088e-02	1.002471e+01
1.907000e-05	-3.751410e-02	1.005361e+01
1.908000e-05	-3.652927e-02	1.005663e+01
1.909000e-05	-3.937829e-02	1.004321e+01
1.910000e-05	-4.045502e-02	1.004318e+01
1.911000e-05	-4.006735e-02	1.001418e+01
1.912000e-05	-3.975873e-02	1.005468e+01
1.913000e-05	-4.328138e-02	9.983084e+00
1.914000e-05	-4.225623e-02	1.000103e+01
1.915000e-05	-4.264137e-02	9.991028e+00
1.916000e-05	-4.426502e-02	9.958400e+00
1.917000e-05	-4.506000e-02	9.939948e+00
1.918000e-05	-4.738955e-02	9.906696e+00
1.919000e-05	-4.758020e-02	9.853666e+00
1.920000e-05	-5.045150e-02	9.791031e+00
1.921000e-05	-4.902140e-02	9.780348e+00
1.922000e-05	-5.203950e-02	9.667659e+00
1.923000e-05	-5.367305e-02	9.633030e+00
1.924000e-05	-5.661793e-02	9.549403e+00
1.925000e-05	-5.650911e-02	9.526269e+00
1.926000e-05	-5.637543e-02	9.463631e+00
1.927000e-05	-5.941834e-02	9.382429e+00
1.928000e-05	-5.893347e-02	9.276391e+00
1.929000e-05	-5.898371e-02	9.254682e+00
1.930000e-05	-5.842524e-02	9.171550e+00
1.931000e-05	-5.915292e-02	9.118918e+00
1.932000e-05	-5.841118e-02	8.992008e+00
1.933000e-05	-5.765622e-02	8.917343e+00
1.934000e-05	-5.549211e-02	8.823604e+00
1.935000e-05	-5.504267e-02	8.717370e+00
1.936000e-05	-5.109998e-02	8.674108e+00
1.937000e-05	-5.199422e-02	8.569425e+00
1.938000e-05	-4.805201e-02	8.475711e+00
1.939000e-05	-4.765335e-02	8.369974e+00
1.940000e-05	-4.347278e-02	8.295316e+00
1.941000e-05	-4.422485e-02	8.152472e+00
1.942000e-05	-4.147672e-02	8.073734e+00
1.943000e-05	-3.978460e-02	7.917923e+00
1.944000e-05	-3.760138e-02	7.842582e+00
1.945000e-05	-3.829369e-02	7.739245e+00
1.946000e-05	-3.525779e-02	7.601954e+00
1.947000e-05	-3.411057e-02	7.486758e+00
1.948000e-05	-3.154295e-02	7.265787e+00
1.949000e-05	-3.230190e-02	7.179820e+00
1.950000e-05	-2.889174e-02	7.032080e+00
1.951000e-05	-2.857921e-02	6.895241e+00
1.952000e-05	-2.788190e-02	6.771974e+00
1.953000e-05	-2.822928e-02	6.643559e+00
1.954000e-05	-2.503863e-02	6.485057e+00
1.955000e-05	-2.411553e-02	6.316767e+00
1.956000e-05	-2.388377e-02	6.149849e+00
1.957000e-05	-2.318817e-02	6.023104e+00
1.958000e-05	-2.191654e-02	5.905769e+00
1.959000e-05	-2.034025e-02	5.707242e+00
1.960000e-05	-2.072651e-02	5.528497e+00
1.961000e-05	-1.965380e-02	5.412050e+00
1.962000e-05	-1.973810e-02	5.241554e+00
1.963000e-05	-1.834140e-02	5.023179e+00
1.964000e-05	-1.775508e-02	4.823008e+00
1.965000e-05	-1.743189e-02	4.654685e+00
1.966000e-05	-1.732725e-02	4.525766e+00
1.967000e-05	-1.591100e-02	4.370525e+00
1.968000e-05	-1.542285e-02	4.190498e+00
1.969000e-05	-1.404299e-02	3.991450e+00
1.970000e-05	-1.356727e-02	3.822657e+00
1.971000e-05	-1.343960e-02	3.692615e+00
1.972000e-05	-1.370794e-02	3.540319e+00
1.973000e-05	-1.249575e-02	3.295761e+00
1.974000e-05	-1.256458e-02	3.168342e+00
1.975000e-05	-1.023185e-02	2.981872e+00
1.976000e-05	-1.217083e-02	2.841530e+00
1.977000e-05	-9.028996e-03	2.682232e+00
1.978000e-05	-1.199122e-02	2.461553e+00
1.979000e-05	-7.458210e-03	2.244102e+00
1.980000e-05	-9.560838e-03	2.063609e+00
1.981000e-05	-7.517387e-03	1.935342e+00
1.982000e-05	-9.034789e-03	1.765160e+00
1.983000e-05	-8.262912e-03	1.537314e+00
1.984000e-05	-7.422495e-03	1.366366e+00
1.985000e-05	-6.558632e-03	1.158945e+00
1.986000e-05	-6.632845e-03	8.856095e-01
1.987000e-05	-5.813371e-03	7.557383e-01
1.988000e-05	-6.500830e-03	5.372933e-01
1.989000e-05	-3.612175e-03	4.089223e-01
1.990000e-05	-4.653357e-03	1.568722e-01
1.991000e-05	-3.325912e-03	-1.210520e-02
1.992000e-05	3.716412e-03	-1.895250e-01
1.993000e-05	-7.452366e-04	-3.685222e-01
1.994000e-05	2.925368e-04	-4.952323e-01
1.995000e-05	-1.993194e-03	-7.472970e-01
1.996000e-05	4.283494e-04	-9.037107e-01
1.997000e-05	-1.226364e-03	-1.012629e+00
1.998000e-05	5.335745e-03	-1.170497e+00
1.999000e-05	3.302759e-02	-1.382070e+00
2.000000e-05	9.070661e-02	-1.592504e+00
2.001000e-05	-7.652688e-02	-1.862758e+00
2.002000e-05	-4.005952e-03	-2.124795e+00
2.003000e-05	-8.219496e-02	-2.356395e+00
2.004000e-05	-3.637660e-02	-2.410501e+00
2.005000e-05	1.866745e-01	-2.424083e+00
2.006000e-05	-1.280705e-01	-2.615309e+00
2.007000e-05	-5.942862e-03	-2.863633e+00
2.008000e-05	1.941426e-01	-2.910871e+00
2.009000e-05	-1.999531e-01	-3.193101e+00
2.010000e-05	6.132578e-02	-3.399998e+00
2.011000e-05	1.251662e-01	-3.506344e+00
2.012000e-05	-1.814541e-01	-3.735969e+00
2.013000e-05	1.430138e-01	-3.936443e+00
2.014000e-05	-5.576952e-03	-4.086234e+00
2.015000e-05	-9.718935e-02	-4.285362e+00
2.016000e-05	1.520557e-01	-4.390525e+00
2.017000e-05	-1.372527e-01	-4.571009e+00
2.018000e-05	7.182021e-02	-4.790469e+00
2.019000e-05	5.365985e-02	-4.876816e+00
2.020000e-05	-1.103736e-01	-5.087396e+00
2.021000e-05	1.302013e-01	-5.265241e+00
2.022000e-05	-4.945258e-02	-5.527369e+00
2.023000e-05	4.603598e-02	-5.675213e+00
2.024000e-05	-9.747715e-03	-5.792078e+00
2.025000e-05	-4.736360e-02	-5.978921e+00
2.026000e-05	1.164695e-01	-6.043607e+00
2.027000e-05	-8.789901e-02	-6.226216e+00
2.028000e-05	6.949594e-02	-6.421657e+00
2.029000e-05	1.364703e-02	-6.570446e+00
2.030000e-05	-3.136536e-02	-6.708313e+00
2.031000e-05	5.907738e-02	-6.800505e+00
2.032000e-05	-5.573188e-02	-6.947475e+00
2.033000e-05	9.886038e-02	-7.127842e+00
2.034000e-05	-2.271511e-02	-7.244612e+00
2.035000e-05	-1.083916e-02	-7.389975e+00
2.036000e-05	3.225263e-02	-7.504811e+00
2.037000e-05	1.164176e-04	-7.624079e+00
2.038000e-05	4.781985e-02	-7.741975e+00
2.039000e-05	-3.236150e-02	-7.938393e+00
2.040000e-05	4.920203e-02	-7.982655e+00
2.041000e-05	8.449684e-03	-8.108843e+00
2.042000e-05	1.468001e-03	-8.244062e+00
2.043000e-05	2.338125e-02	-8.348919e+00
2.044000e-05	1.711987e-02	-8.423107e+00
2.045000e-05	2.845573e-02	-8.518373e+00
2.046000e-05	-1.366102e-02	-8.665842e+00
2.047000e-05	3.302540e-02	-8.760949e+00
2.048000e-05	2.556672e-02	-8.863209e+00
2.049000e-05	1.509138e-02	-8.958895e+00
2.050000e-05	1.086725e-02	-9.013633e+00
2.051000e-05	2.211190e-02	-9.086841e+00
2.052000e-05	2.858378e-02	-9.178948e+00
2.053000e-05	8.520853e-03	-9.263056e+00
2.054000e-05	2.598354e-02	-9.267312e+00
2.055000e-05	2.622731e-02	-9.351452e+00
2.056000e-05	1.941327e-02	-9.453688e+00
2.057000e-05	1.420449e-02	-9.497743e+00
2.058000e-05	2.776195e-02	-9.541526e+00
2.059000e-05	2.998882e-02	-9.634657e+00
2.060000e-05	2.055138e-02	-9.704260e+00
2.061000e-05	2.399415e-02	-9.697295e+00
2.062000e-05	2.473241e-02	-9.740473e+00
2.063000e-05	2.423051e-02	-9.791926e+00
2.064000e-05	2.233896e-02	-9.833626e+00
2.065000e-05	3.097297e-02	-9.834682e+00
2.066000e-05	2.858232e-02	-9.865162e+00
2.067000e-05	2.375879e-02	-9.917813e+00
2.068000e-05	2.796065e-02	-9.917367e+00
2.069000e-05	3.268762e-02	-9.937895e+00
2.070000e-05	2.929346e-02	-9.918895e+00
2.071000e-05	2.720479e-02	-9.949345e+00
2.072000e-05	3.239957e-02	-9.929974e+00
2.073000e-05	3.330130e-02	-9.990949e+00
2.074000e-05	3.060028e-02	-9.949947e+00
2.075000e-05	3.186684e-02	-9.971921e+00
2.076000e-05	3.520068e-02	-9.950474e+00
2.077000e-05	3.490822e-02	-9.939870e+00
2.078000e-05	3.451306e-02	-9.938896e+00
2.079000e-05	3.641569e-02	-9.947370e+00
2.080000e-05	3.764534e-02	-9.909317e+00
2.081000e-05	3.763644e-02	-9.925787e+00
2.082000e-05	3.884434e-02	-9.875608e+00
2.083000e-05	4.001151e-02	-9.874611e+00
2.084000e-05	4.003578e-02	-9.822579e+00
2.085000e-05	4.169457e-02	-9.779969e+00
2.086000e-05	4.432409e-02	-9.709870e+00
2.087000e-05	4.608254e-02	-9.696736e+00
2.088000e-05	4.685801e-02	-9.683556e+00
2.089000e-05	4.753971e-02	-9.572028e+00
2.090000e-05	5.061484e-02	-9.538920e+00
2.091000e-05	5.027910e-02	-9.477710e+00
2.092000e-05	5.273845e-02	-9.423079e+00
2.093000e-05	5.348293e-02	-9.346814e+00
2.094000e-05	5.241034e-02	-9.235232e+00
2.095000e-05	5.152555e-02	-9.170893e+00
2.096000e-05	5.229609e-02	-9.106812e+00
2.097000e-05	5.364457e-02	-9.043577e+00
2.098000e-05	5.142861e-02	-8.927866e+00
2.099000e-05	4.963146e-02	-8.883182e+00
2.100000e-05	4.862512e-02	-8.762048e+00
2.101000e-05	4.718420e-02	-8.748243e+00
2.102000e-05	4.492165e-02	-8.601003e+00
2.103000e-05	4.318536e-02	-8.497710e+00
2.104000e-05	4.302873e-02	-8.381027e+00
2.105000e-05	3.963234e-02	-8.294185e+00
2.106000e-05	3.824045e-02	-8.221027e+00
2.107000e-05	3.610224e-02	-8.146783e+00
2.108000e-05	3.544881e-02	-8.021551e+00
2.109000e-05	3.443065e-02	-7.887314e+00
2.110000e-05	3.229486e-02	-7.737444e+00
2.111000e-05	2.994099e-02	-7.582422e+00
2.112000e-05	2.754594e-02	-7.475659e+00
2.113000e-05	2.602375e-02	-7.358391e+00
2.114000e-05	2.639744e-02	-7.232579e+00
2.115000e-05	2.288507e-02	-7.106337e+00
2.116000e-05	2.253334e-02	-6.927387e+00
2.117000e-05	2.178073e-02	-6.791950e+00
2.118000e-05	2.193801e-02	-6.684234e+00
2.119000e-05	1.990693e-02	-6.535742e+00
2.120000e-05	1.913838e-02	-6.392029e+00
2.121000e-05	1.778027e-02	-6.252057e+00
2.122000e-05	1.602516e-02	-6.063652e+00
2.123000e-05	1.495168e-02	-5.947285e+00
2.124000e-05	1.377048e-02	-5.791971e+00
2.125000e-05	1.318507e-02	-5.633095e+00
2.126000e-05	1.202317e-02	-5.495258e+00
2.127000e-05	1.128403e-02	-5.285184e+00
2.128000e-05	1.108308e-02	-5.106713e+00
2.129000e-05	1.171431e-02	-4.936887e+00
2.130000e-05	1.018010e-02	-4.717187e+00
2.131000e-05	1.044348e-02	-4.601467e+00
2.132000e-05	7.118968e-03	-4.431998e+00
2.133000e-05	7.064161e-03	-4.304209e+00
2.134000e-05	5.474588e-03	-4.125291e+00
2.135000e-05	7.596868e-03	-3.960922e+00
2.136000e-05	5.250047e-03	-3.840028e+00
2.137000e-05	5.983106e-03	-3.601424e+00
2.138000e-05	5.047614e-03	-3.433125e+00
2.139000e-05	5.349562e-03	-3.243106e+00
2.140000e-05	4.211219e-03	-3.096336e+00
2.141000e-05	2.116028e-03	-2.854633e+00
2.142000e-05	3.531728e-03	-2.747288e+00
2.143000e-05	2.917157e-04	-2.577344e+00
2.144000e-05	1.380631e-03	-2.381519e+00
2.145000e-05	9.503300e-04	-2.180345e+00
2.146000e-05	2.603902e-03	-1.999921e+00
2.147000e-05	6.073361e-05	-1.801446e+00
2.148000e-05	1.101079e-03	-1.671928e+00
2.149000e-05	-1.484529e-03	-1.473550e+00
2.150000e-05	4.950358e-04	-1.232497e+00
2.151000e-05	-2.217828e-03	-1.041525e+00
2.152000e-05	-2.472059e-03	-8.215253e-01
2.153000e-05	-4.283247e-03	-6.930014e-01
2.154000e-05	-2.611090e-03	-4.420503e-01
2.155000e-05	-2.564501e-03	-2.826278e-01
2.156000e-05	-2.881240e-03	-8.418427e-02
2.157000e-05	-1.594746e-03	3.165671e-02
2.158000e-05	3.476894e-03	3.137645e-01
2.159000e-05	-3.377773e-03	4.626080e-01
2.160000e-05	1.733723e-03	5.805263e-01
2.161000e-05	-5.398307e-03	7.395198e-01
2.162000e-05	-2.766068e-03	8.953194e-01
2.163000e-05	-5.130182e-03	1.175446e+00
2.164000e-05	1.519388e-03	1.335292e+00
2.165000e-05	1.450847e-02	1.476838e+00
2.166000e-05	7.278541e-02	1.776996e+00
2.167000e-05	-1.907121e-02	1.966948e+00
2.168000e-05	-4.947734e-02	2.096373e+00
2.169000e-05	-3.712736e-02	2.326871e+00
2.170000e-05	-7.612282e-02	2.451604e+00
2.171000e-05	9.821267e-03	2.561429e+00
2.172000e-05	1.501570e-01	2.778925e+00
2.173000e-05	-1.827122e-01	2.886345e+00
2.174000e-05	8.646697e-02	3.043707e+00
2.175000e-05	4.132237e-02	3.183687e+00
2.176000e-05	-1.393737e-01	3.473616e+00
2.177000e-05	8.349811e-02	3.590054e+00
2.178000e-05	2.748260e-02	3.739448e+00
2.179000e-05	-1.220843e-01	3.928945e+00
2.180000e-05	9.995541e-02	4.063315e+00
2.181000e-05	-4.955396e-02	4.347370e+00
2.182000e-05	-2.903206e-02	4.443217e+00
2.183000e-05	2.725484e-02	4.665190e+00
2.184000e-05	-5.810029e-02	4.832559e+00
2.185000e-05	1.490519e-02	5.012687e+00
2.186000e-05	-2.469546e-02	5.236659e+00
2.187000e-05	-5.805128e-04	5.422660e+00
2.188000e-05	-8.913670e-04	5.568474e+00
2.189000e-05	1.549397e-03	5.716845e+00
2.190000e-05	-1.938267e-02	5.957894e+00
2.191000e-05	-4.544867e-02	6.045209e+00
2.192000e-05	1.428914e-02	6.200004e+00
2.193000e-05	-5.419307e-03	6.337922e+00
2.194000e-05	-3.271202e-02	6.445690e+00
2.195000e-05	4.829335e-03	6.653712e+00
2.196000e-05	-3.163512e-02	6.812032e+00
2.197000e-05	-1.109864e-02	6.958817e+00
2.198000e-05	-1.078145e-02	7.023132e+00
2.199000e-05	-1.764645e-02	7.178971e+00
2.200000e-05	3.928506e-03	7.264260e+00
2.201000e-05	-3.152259e-02	7.413157e+00
2.202000e-05	-1.649610e-02	7.612080e+00
2.203000e-05	-2.362550e-02	7.708393e+00
2.204000e-05	-2.358611e-03	7.844758e+00
2.205000e-05	-2.101239e-02	7.940531e+00
2.206000e-05	-2.753006e-02	8.117772e+00
2.207000e-05	-6.616699e-03	8.182684e+00
2.208000e-05	-2.169648e-02	8.327849e+00
2.209000e-05	-1.810913e-02	8.411032e+00
2.210000e-05	-2.547010e-02	8.467293e+00
2.211000e-05	-1.270089e-02	8.571078e+00
2.212000e-05	-2.586287e-02	8.646790e+00
2.213000e-05	-2.607517e-02	8.769996e+00
2.214000e-05	-1.756249e-02	8.844609e+00
2.215000e-05	-1.979741e-02	8.949000e+00
2.216000e-05	-2.470141e-02	9.055766e+00
2.217000e-05	-2.657134e-02	9.139425e+00
2.218000e-05	-1.822114e-02	9.242108e+00
2.219000e-05	-2.660132e-02	9.307215e+00
2.220000e-05	-2.813052e-02	9.379451e+00
2.221000e-05	-2.469211e-02	9.462637e+00
2.222000e-05	-2.290027e-02	9.493290e+00
2.223000e-05	-3.151523e-02	9.507819e+00
2.224000e-05	-3.023327e-02	9.591083e+00
2.225000e-05	-2.382451e-02	9.635108e+00
2.226000e-05	-2.662088e-02	9.698295e+00
2.227000e-05	-2.939590e-02	9.760928e+00
2.228000e-05	-3.178931e-02	9.804083e+00
2.229000e-05	-3.021501e-02	9.864640e+00
2.230000e-05	-3.365970e-02	9.856795e+00
2.231000e-05	-2.985726e-02	9.899297e+00
2.232000e-05	-3.108012e-02	9.960472e+00
2.233000e-05	-3.357120e-02	9.980483e+00
2.234000e-05	-3.937123e-02	1.000198e+01
2.235000e-05	-3.495541e-02	9.983657e+00
2.236000e-05	-3.043883e-02	1.001253e+01
2.237000e-05	-3.559578e-02	9.994611e+00
2.238000e-05	-3.711088e-02	1.003418e+01
2.239000e-05	-3.781089e-02	1.005371e+01
2.240000e-05	-3.697996e-02	1.004469e+01
2.241000e-05	-3.990547e-02	1.002369e+01
2.242000e-05	-4.029555e-02	1.001373e+01
2.243000e-05	-3.881324e-02	1.002413e+01
2.244000e-05	-4.145530e-02	9.973009e+00
2.245000e-05	-4.246010e-02	1.003161e+01
2.246000e-05	-4.273771e-02	1.000215e+01
2.247000e-05	-4.221818e-02	9.950875e+00
2.248000e-05	-4.424669e-02	9.949951e+00
2.249000e-05	-4.620249e-02	9.929321e+00
2.250000e-05	-4.757360e-02	9.847711e+00
2.251000e-05	-4.826989e-02	9.823158e+00
2.252000e-05	-4.992105e-02	9.789774e+00
2.253000e-05	-5.253699e-02	9.708320e+00
2.254000e-05	-5.329708e-02	9.595635e+00
2.255000e-05	-5.552197e-02	9.581579e+00
2.256000e-05	-5.496201e-02	9.537345e+00
2.257000e-05	-5.645307e-02	9.485791e+00
2.258000e-05	-5.797666e-02	9.445508e+00
2.259000e-05	-5.877042e-02	9.360874e+00
2.260000e-05	-6.040777e-02	9.316245e+00
2.261000e-05	-6.111706e-02	9.222659e+00
2.262000e-05	-5.866058e-02	9.159425e+00
2.263000e-05	-5.792725e-02	9.096165e+00
2.264000e-05	-5.544306e-02	8.961476e+00
2.265000e-05	-5.695140e-02	8.854160e+00
2.266000e-05	-5.539366e-02	8.751476e+00
2.267000e-05	-5.539576e-02	8.705765e+00
2.268000e-05	-5.123839e-02	8.582553e+00
2.269000e-05	-4.984109e-02	8.506791e+00
2.270000e-05	-4.659330e-02	8.464108e+00
2.271000e-05	-4.639776e-02	8.339374e+00
2.272000e-05	-4.393955e-02	8.246581e+00
2.273000e-05	-4.305273e-02	8.147243e+00
2.274000e-05	-4.090402e-02	8.033053e+00
2.275000e-05	-4.038816e-02	7.886690e+00
2.276000e-05	-3.814919e-02	7.790449e+00
2.277000e-05	-3.590097e-02	7.613734e+00
2.278000e-05	-3.493937e-02	7.579842e+00
2.279000e-05	-3.281442e-02	7.360975e+00
2.280000e-05	-3.221274e-02	7.243028e+00
2.281000e-05	-3.078438e-02	7.085738e+00
2.282000e-05	-3.029912e-02	6.960323e+00
2.283000e-05	-2.863612e-02	6.834606e+00
2.284000e-05	-2.717135e-02	6.718420e+00
2.285000e-05	-2.537524e-02	6.559344e+00
2.286000e-05	-2.552153e-02	6.412474e+00
2.287000e-05	-2.394537e-02	6.254654e+00
2.288000e-05	-2.313628e-02	6.118214e+00
2.289000e-05	-2.214839e-02	5.999951e+00
2.290000e-05	-2.169946e-02	5.853129e+00
2.291000e-05	-2.043350e-02	5.663079e+00
2.292000e-05	-2.027537e-02	5.495238e+00
2.293000e-05	-1.993596e-02	5.307342e+00
2.294000e-05	-1.899140e-02	5.159920e+00
2.295000e-05	-1.818571e-02	4.947870e+00
2.296000e-05	-1.753411e-02	4.760795e+00
2.297000e-05	-1.589192e-02	4.601976e+00
2.298000e-05	-1.627143e-02	4.443154e+00
2.299000e-05	-1.513920e-02	4.325790e+00
2.300000e-05	-1.578988e-02	4.084107e+00
2.301000e-05	-1.349909e-02	3.926320e+00
2.302000e-05	-1.297417e-02	3.790945e+00
2.303000e-05	-1.334117e-02	3.642578e+00
2.304000e-05	-1.247255e-02	3.452154e+00
2.305000e-05	-1.207879e-02	3.262034e+00
2.306000e-05	-1.076200e-02	3.054661e+00
2.307000e-05	-1.175679e-02	2.905288e+00
2.308000e-05	-1.082021e-02	2.810894e+00
2.309000e-05	-9.819954e-03	2.537269e+00
2.310000e-05	-9.486612e-03	2.376843e+00
2.311000e-05	-9.477679e-03	2.150994e+00
2.312000e-05	-8.688380e-03	2.020527e+00
2.313000e-05	-7.175816e-03	1.792650e+00
2.314000e-05	-7.147899e-03	1.612501e+00
2.315000e-05	-8.210814e-03	1.421557e+00
2.316000e-05	-6.830686e-03	1.254155e+00
2.317000e-05	-6.003092e-03	1.032053e+00
2.318000e-05	-5.765513e-03	8.220486e-01
2.319000e-05	-5.805768e-03	6.410792e-01
2.320000e-05	-6.171996e-03	4.526067e-01
2.321000e-05	-4.444868e-03	2.958588e-01
2.322000e-05	-4.352527e-03	5.412921e-02
2.323000e-05	4.397039e-04	-1.142370e-01
2.324000e-05	3.378580e-03	-2.737545e-01
2.325000e-05	-3.295254e-03	-4.000049e-01
2.326000e-05	2.112471e-03	-6.310786e-01
2.327000e-05	-2.308778e-03	-8.009515e-01
2.328000e-05	1.791758e-03	-9.173420e-01
2.329000e-05	-1.380535e-03	-1.114862e+00
2.330000e-05	1.158125e-02	-1.285158e+00
2.331000e-05	7.815017e-02	-1.496766e+00
2.332000e-05	1.526033e-02	-1.726370e+00
2.333000e-05	-6.060583e-02	-1.959550e+00
2.334000e-05	-1.746121e-02	-2.251655e+00
2.335000e-05	-1.062736e-01	-2.389973e+00
2.336000e-05	9.703616e-02	-2.412004e+00
2.337000e-05	1.028733e-01	-2.505316e+00
2.338000e-05	-2.018976e-01	-2.748473e+00
2.339000e-05	1.654910e-01	-2.884107e+00
2.340000e-05	-1.518298e-02	-3.025184e+00
2.341000e-05	-1.725542e-01	-3.324892e+00
2.342000e-05	1.859629e-01	-3.453658e+00
2.343000e-05	-4.153167e-02	-3.611050e+00
2.344000e-05	-8.910951e-02	-3.812248e+00
2.345000e-05	1.973061e-01	-3.978898e+00
2.346000e-05	-1.634749e-01	-4.178456e+00
2.347000e-05	7.103630e-02	-4.357371e+00
2.348000e-05	3.704585e-02	-4.472109e+00
2.349000e-05	-1.116310e-01	-4.697198e+00
2.350000e-05	1.534237e-01	-4.811029e+00
2.351000e-05	-8.519403e-02	-5.000578e+00
2.352000e-05	1.173547e-02	-5.170973e+00
2.353000e-05	7.882288e-02	-5.329948e+00
2.354000e-05	-6.044888e-02	-5.598974e+00
2.355000e-05	8.199922e-02	-5.698790e+00
2.356000e-05	-8.628492e-02	-5.886262e+00
2.357000e-05	6.182375e-02	-5.991550e+00
2.358000e-05	3.252392e-02	-6.128847e+00
2.359000e-05	-6.480706e-02	-6.347917e+00
2.360000e-05	1.108206e-01	-6.454158e+00
2.361000e-05	-6.399000e-02	-6.632157e+00
2.362000e-05	4.183886e-02	-6.749445e+00
2.363000e-05	-8.299746e-03	-6.824157e+00
2.364000e-05	1.193273e-03	-7.046711e+00
2.365000e-05	8.867052e-02	-7.159448e+00
2.366000e-05	-6.453595e-02	-7.288367e+00
2.367000e-05	4.037094e-02	-7.380605e+00
2.368000e-05	-5.035246e-03	-7.539420e+00
2.369000e-05	3.699201e-02	-7.654311e+00
2.370000e-05	1.002736e-02	-7.843659e+00
2.371000e-05	-1.193132e-02	-7.980471e+00
2.372000e-05	5.747135e-02	-8.084692e+00
2.373000e-05	-1.921564e-02	-8.201026e+00
2.374000e-05	2.677377e-02	-8.256689e+00
2.375000e-05	6.621862e-03	-8.380928e+00
2.376000e-05	3.556516e-02	-8.505312e+00
2.377000e-05	4.343575e-03	-8.611004e+00
2.378000e-05	2.117432e-03	-8.747392e+00
2.379000e-05	3.761373e-02	-8.781528e+00
2.380000e-05	1.628563e-02	-8.916842e+00
2.381000e-05	1.791711e-02	-8.971425e+00
2.382000e-05	7.856645e-03	-9.024659e+00
2.383000e-05	3.135596e-02	-9.128343e+00
2.384000e-05	1.536661e-02	-9.180450e+00
2.385000e-05	1.703253e-02	-9.263159e+00
2.386000e-05	2.674818e-02	-9.310874e+00
2.387000e-05	2.469521e-02	-9.394034e+00
2.388000e-05	1.531348e-02	-9.507261e+00
2.389000e-05	1.823392e-02	-9.519895e+00
2.390000e-05	3.234878e-02	-9.582031e+00
2.391000e-05	2.358270e-02	-9.643160e+00
2.392000e-05	2.220963e-02	-9.696812e+00
2.393000e-05	2.189240e-02	-9.719367e+00
2.394000e-05	2.673599e-02	-9.761974e+00
2.395000e-05	2.209845e-02	-9.811002e+00
2.396000e-05	2.703747e-02	-9.824061e+00
2.397000e-05	3.098874e-02	-9.853662e+00
2.398000e-05	2.736818e-02	-9.916811e+00
2.399000e-05	2.514903e-02	-9.886718e+00
2.400000e-05	2.904822e-02	-9.936842e+00
2.401000e-05	3.160409e-02	-9.949367e+00
2.402000e-05	2.648154e-02	-9.918770e+00
2.403000e-05	3.027238e-02	-9.939444e+00
2.404000e-05	3.094413e-02	-1.001992e+01
2.405000e-05	3.259795e-02	-9.973424e+00
2.406000e-05	3.039579e-02	-9.968972e+00
2.407000e-05	3.336028e-02	-9.951471e+00
2.408000e-05	3.531764e-02	-9.938847e+00
2.409000e-05	3.402620e-02	-9.928394e+00
2.410000e-05	3.603339e-02	-9.929371e+00
2.411000e-05	3.626210e-02	-9.926842e+00
2.412000e-05	3.680213e-02	-9.907340e+00
2.413000e-05	3.729477e-02	-9.885286e+00
2.414000e-05	4.123555e-02	-9.844232e+00
2.415000e-05	4.000765e-02	-9.794083e+00
2.416000e-05	3.995720e-02	-9.821475e+00
2.417000e-05	4.366193e-02	-9.758871e+00
2.418000e-05	4.603547e-02	-9.738242e+00
2.419000e-05	4.723506e-02	-9.673687e+00
2.420000e-05	4.503902e-02	-9.623632e+00
2.421000e-05	4.832873e-02	-9.592452e+00
2.422000e-05	4.998793e-02	-9.529892e+00
2.423000e-05	5.106663e-02	-9.435185e+00
2.424000e-05	5.212226e-02	-9.380975e+00
2.425000e-05	5.332077e-02	-9.307786e+00
2.426000e-05	5.262309e-02	-9.233580e+00
2.427000e-05	5.291340e-02	-9.127868e+00
2.428000e-05	5.144753e-02	-9.085237e+00
2.429000e-05	5.268310e-02	-8.979524e+00
2.430000e-05	5.152930e-02	-8.885790e+00
2.431000e-05	4.959068e-02	-8.834607e+00
2.432000e-05	4.677990e-02	-8.770394e+00
2.433000e-05	4.474893e-02	-8.674208e+00
2.434000e-05	4.533798e-02	-8.550795e+00
2.435000e-05	4.394008e-02	-8.425082e+00
2.436000e-05	4.134331e-02	-8.358995e+00
2.437000e-05	3.869585e-02	-8.273632e+00
2.438000e-05	3.810979e-02	-8.129418e+00
2.439000e-05	3.613799e-02	-8.053533e+00
2.440000e-05	3.405078e-02	-7.959494e+00
2.441000e-05	3.163473e-02	-7.862655e+00
2.442000e-05	3.058745e-02	-7.705232e+00
2.443000e-05	3.016744e-02	-7.568842e+00
2.444000e-05	2.723597e-02	-7.403004e+00
2.445000e-05	2.665911e-02	-7.294210e+00
2.446000e-05	2.547593e-02	-7.171423e+00
2.447000e-05	2.400217e-02	-7.033556e+00
2.448000e-05	2.174929e-02	-6.864083e+00
2.449000e-05	2.105519e-02	-6.737392e+00
2.450000e-05	2.090432e-02	-6.602026e+00
2.451000e-05	1.933142e-02	-6.504132e+00
2.452000e-05	1.842949e-02	-6.357315e+00
2.453000e-05	1.641014e-02	-6.148422e+00
2.454000e-05	1.524641e-02	-5.990025e+00
2.455000e-05	1.556426e-02	-5.884706e+00
2.456000e-05	1.517852e-02	-5.704712e+00
2.457000e-05	1.403499e-02	-5.611445e+00
2.458000e-05	1.141348e-02	-5.420893e+00
2.459000e-05	1.065841e-02	-5.202896e+00
2.460000e-05	1.137227e-02	-5.011499e+00
2.461000e-05	9.953826e-03	-4.830033e+00
2.462000e-05	9.342508e-03	-4.632533e+00
2.463000e-05	8.012311e-03	-4.465662e+00
2.464000e-05	9.279838e-03	-4.368419e+00
2.465000e-05	6.813411e-03	-4.221050e+00
2.466000e-05	7.603646e-03	-4.082082e+00
2.467000e-05	6.579789e-03	-3.945812e+00
2.468000e-05	6.507614e-03	-3.683263e+00
2.469000e-05	4.378557e-03	-3.546840e+00
2.470000e-05	5.644367e-03	-3.348914e+00
2.471000e-05	3.892459e-03	-3.220501e+00
2.472000e-05	3.605787e-03	-3.020400e+00
2.473000e-05	3.039284e-03	-2.802021e+00
2.474000e-05	1.562445e-03	-2.693554e+00
2.475000e-05	2.928877e-03	-2.431706e+00
2.476000e-05	2.864011e-03	-2.286234e+00
2.477000e-05	3.141549e-03	-2.084707e+00
2.478000e-05	7.459956e-04	-1.925309e+00
2.479000e-05	-1.171542e-03	-1.756314e+00
2.480000e-05	-5.008073e-04	-1.580496e+00
2.481000e-05	-1.120442e-03	-1.325236e+00
2.482000e-05	-2.953691e-03	-1.146363e+00
2.483000e-05	-3.266279e-03	-9.567857e-01
2.484000e-05	-2.003564e-03	-8.279473e-01
2.485000e-05	-1.295108e-03	-5.568119e-01
2.486000e-05	-2.138434e-03	-3.578434e-01
2.487000e-05	-1.997734e-03	-2.320514e-01
2.488000e-05	-2.747136e-03	6.628243e-08
2.489000e-05	1.219056e-03	1.179485e-01
2.490000e-05	-9.511817e-04	3.879736e-01
2.491000e-05	-4.431241e-03	5.173445e-01
2.492000e-05	-1.055678e-03	6.962820e-01
2.493000e-05	-3.227118e-03	7.910263e-01
2.494000e-05	-2.539564e-03	1.023034e+00
2.495000e-05	-2.548067e-03	1.201034e+00
2.496000e-05	3.783235e-03	1.369005e+00
2.497000e-05	4.079950e-02	1.610134e+00
2.498000e-05	5.652900e-02	1.793610e+00
2.499000e-05	-6.256538e-02	2.012059e+00
2.500000e-05	-3.602961e-02	2.201054e+00
2.501000e-05	-5.304723e-02	2.378076e+00
2.502000e-05	-7.445661e-02	2.473764e+00
2.503000e-05	1.244553e-01	2.683765e+00
2.504000e-05	9.136649e-03	2.832634e+00
2.505000e-05	-1.518666e-01	2.978477e+00
2.506000e-05	1.843284e-01	3.106945e+00
2.507000e-05	-1.048542e-01	3.330426e+00
2.508000e-05	-5.503955e-02	3.527896e+00
2.509000e-05	1.244772e-01	3.612659e+00
2.510000e-05	-9.226264e-02	3.865689e+00
2.511000e-05	-1.946705e-02	3.951579e+00
2.512000e-05	7.105828e-02	4.222602e+00
2.513000e-05	-8.117801e-02	4.380528e+00
2.514000e-05	2.483285e-02	4.537952e+00
2.515000e-05	-1.615413e-02	4.737597e+00
2.516000e-05	-3.174730e-02	4.906400e+00
2.517000e-05	1.222411e-02	5.168896e+00
2.518000e-05	-2.923743e-02	5.319922e+00
2.519000e-05	1.215256e-02	5.477266e+00
2.520000e-05	-7.639126e-03	5.634637e+00
2.521000e-05	-1.969562e-03	5.782285e+00
2.522000e-05	-3.700135e-02	5.971023e+00
2.523000e-05	-2.941999e-02	6.068896e+00
2.524000e-05	3.193760e-02	6.244792e+00
2.525000e-05	-3.734228e-02	6.350475e+00
2.526000e-05	-5.002656e-03	6.497973e+00
2.527000e-05	-1.731155e-02	6.718871e+00
2.528000e-05	-2.363227e-02	6.875235e+00
2.529000e-05	-2.484275e-03	6.959478e+00
2.530000e-05	-2.313711e-02	7.106366e+00
2.531000e-05	-3.153505e-03	7.169952e+00
2.532000e-05	-1.443462e-02	7.297876e+00
2.533000e-05	-2.356165e-02	7.518371e+00
2.534000e-05	-2.201336e-02	7.664664e+00
2.535000e-05	-1.003029e-02	7.760009e+00
2.536000e-05	-9.320527e-03	7.858846e+00
2.537000e-05	-2.793602e-02	8.044687e+00
2.538000e-05	-1.934291e-02	8.149974e+00
2.539000e-05	-8.171633e-03	8.277815e+00
2.540000e-05	-2.413404e-02	8.369976e+00
2.541000e-05	-2.222651e-02	8.433610e+00
2.542000e-05	-2.036711e-02	8.527323e+00
2.543000e-05	-1.530279e-02	8.652685e+00
2.544000e-05	-2.650145e-02	8.707370e+00
2.545000e-05	-2.606616e-02	8.780077e+00
2.546000e-05	-1.411540e-02	8.854866e+00
2.547000e-05	-2.448132e-02	8.972082e+00
2.548000e-05	-2.578215e-02	9.097941e+00
2.549000e-05	-2.615739e-02	9.191074e+00
2.550000e-05	-1.836907e-02	9.245161e+00
2.551000e-05	-2.810520e-02	9.318945e+00
2.552000e-05	-2.824277e-02	9.392106e+00
2.553000e-05	-2.293337e-02	9.456637e+00
2.554000e-05	-2.619442e-02	9.497298e+00
2.555000e-05	-3.055610e-02	9.549477e+00
2.556000e-05	-2.940679e-02	9.612532e+00
2.557000e-05	-2.349082e-02	9.674734e+00
2.558000e-05	-2.931257e-02	9.729396e+00
2.559000e-05	-3.052051e-02	9.753028e+00
2.560000e-05	-3.224266e-02	9.805085e+00
2.561000e-05	-3.255731e-02	9.887338e+00
2.562000e-05	-3.334548e-02	9.896316e+00
2.563000e-05	-3.113589e-02	9.939821e+00
2.564000e-05	-2.896490e-02	9.939400e+00
2.565000e-05	-3.687815e-02	1.000098e+01
2.566000e-05	-3.704424e-02	9.962555e+00
2.567000e-05	-3.292146e-02	1.003256e+01
2.568000e-05	-3.308136e-02	1.000405e+01
2.569000e-05	-3.730839e-02	1.003458e+01
2.570000e-05	-3.792058e-02	1.005421e+01
2.571000e-05	-3.751605e-02	1.006416e+01
2.572000e-05	-3.866606e-02	1.004423e+01
2.573000e-05	-3.953419e-02	1.004463e+01
2.574000e-05	-3.959792e-02	1.004319e+01
2.575000e-05	-3.922131e-02	1.005258e+01
2.576000e-05	-4.244713e-02	1.002358e+01
2.577000e-05	-4.214558e-02	9.991579e+00
2.578000e-05	-4.342369e-02	9.972579e+00
2.579000e-05	-4.180788e-02	9.971425e+00
2.580000e-05	-4.493969e-02	9.948396e+00
2.581000e-05	-4.800657e-02	9.868167e+00
2.582000e-05	-4.934796e-02	9.862690e+00
2.583000e-05	-4.898193e-02	9.802554e+00
2.584000e-05	-4.800476e-02	9.770345e+00
2.585000e-05	-5.281163e-02	9.686214e+00
2.586000e-05	-5.380790e-02	9.585033e+00
2.587000e-05	-5.511179e-02	9.571477e+00
2.588000e-05	-5.596673e-02	9.516869e+00
2.589000e-05	-5.821524e-02	9.443161e+00
2.590000e-05	-5.930543e-02	9.381952e+00
2.591000e-05	-5.832690e-02	9.349841e+00
2.592000e-05	-5.815950e-02	9.314737e+00
2.593000e-05	-5.893656e-02	9.201528e+00
2.594000e-05	-5.778662e-02	9.129870e+00
2.595000e-05	-5.837865e-02	9.055058e+00
2.596000e-05	-5.764896e-02	8.978302e+00
2.597000e-05	-5.653520e-02	8.794579e+00
2.598000e-05	-5.445919e-02	8.759349e+00
2.599000e-05	-5.042257e-02	8.656186e+00
2.600000e-05	-5.059447e-02	8.570925e+00
2.601000e-05	-4.786710e-02	8.495709e+00
2.602000e-05	-4.929410e-02	8.432531e+00
2.603000e-05	-4.531699e-02	8.328321e+00
2.604000e-05	-4.420607e-02	8.180978e+00
2.605000e-05	-3.940072e-02	8.074664e+00
2.606000e-05	-4.108225e-02	7.961949e+00
2.607000e-05	-3.851963e-02	7.833533e+00
2.608000e-05	-3.824026e-02	7.707815e+00
2.609000e-05	-3.488035e-02	7.622555e+00
2.610000e-05	-3.563279e-02	7.485208e+00
2.611000e-05	-3.189023e-02	7.316237e+00
2.612000e-05	-3.168396e-02	7.151499e+00
2.613000e-05	-2.922089e-02	7.041583e+00
2.614000e-05	-3.027815e-02	6.926291e+00
2.615000e-05	-2.808981e-02	6.791524e+00
2.616000e-05	-2.744299e-02	6.675657e+00
2.617000e-05	-2.569553e-02	6.446655e+00
2.618000e-05	-2.472836e-02	6.326295e+00
2.619000e-05	-2.297007e-02	6.180448e+00
2.620000e-05	-2.317308e-02	6.084082e+00
2.621000e-05	-2.173546e-02	5.928444e+00
2.622000e-05	-2.187929e-02	5.748449e+00
2.623000e-05	-2.107743e-02	5.589022e+00
2.624000e-05	-2.086200e-02	5.412554e+00
2.625000e-05	-1.938067e-02	5.283661e+00
2.626000e-05	-1.794621e-02	5.064683e+00
2.627000e-05	-1.799422e-02	4.845578e+00
2.628000e-05	-1.737805e-02	4.665238e+00
2.629000e-05	-1.735363e-02	4.547866e+00
2.630000e-05	-1.576552e-02	4.421474e+00
2.631000e-05	-1.578648e-02	4.193457e+00
2.632000e-05	-1.406235e-02	3.992525e+00
2.633000e-05	-1.298403e-02	3.874731e+00
2.634000e-05	-1.268145e-02	3.715762e+00
2.635000e-05	-1.322059e-02	3.588969e+00
2.636000e-05	-1.461643e-02	3.337845e+00
2.637000e-05	-1.173246e-02	3.158320e+00
2.638000e-05	-9.844147e-03	3.019501e+00
2.639000e-05	-9.927206e-03	2.862558e+00
2.640000e-05	-1.100119e-02	2.683238e+00
2.641000e-05	-1.022259e-02	2.422629e+00
2.642000e-05	-9.028208e-03	2.274236e+00
2.643000e-05	-8.743279e-03	2.074163e+00
2.644000e-05	-9.739480e-03	1.937346e+00
2.645000e-05	-7.337815e-03	1.758263e+00
2.646000e-05	-6.491784e-03	1.567470e+00
2.647000e-05	-7.589045e-03	1.368868e+00
2.648000e-05	-7.799269e-03	1.158441e+00
2.649000e-05	-6.521172e-03	9.352882e-01
2.650000e-05	-5.895901e-03	7.468181e-01
2.651000e-05	-5.459148e-03	5.563936e-01
2.652000e-05	-4.320896e-03	4.409763e-01
2.653000e-05	-4.231867e-03	2.294198e-01
2.654000e-05	-2.874019e-03	4.194481e-02
2.655000e-05	2.835346e-03	-1.685010e-01
2.656000e-05	5.939102e-04	-3.263659e-01
2.657000e-05	-7.343328e-04	-4.627131e-01
2.658000e-05	1.251262e-03	-7.157384e-01
2.659000e-05	-2.397662e-04	-8.436354e-01
2.660000e-05	-1.842757e-03	-9.790276e-01
2.661000e-05	5.285954e-03	-1.158422e+00
2.662000e-05	2.486998e-02	-1.338399e+00
2.663000e-05	9.798066e-02	-1.570497e+00
2.664000e-05	-6.604894e-02	-1.841680e+00
2.665000e-05	-1.068390e-02	-2.075707e+00
2.666000e-05	-6.738471e-02	-2.337370e+00
2.667000e-05	-6.674261e-02	-2.390000e+00
2.668000e-05	1.808506e-01	-2.422582e+00
2.669000e-05	-7.403052e-02	-2.611632e+00
2.670000e-05	-7.971636e-02	-2.830652e+00
2.671000e-05	2.141545e-01	-2.887287e+00
2.672000e-05	-1.753069e-01	-3.129504e+00
2.673000e-05	5.504707e-03	-3.361049e+00
2.674000e-05	1.617414e-01	-3.496316e+00
2.675000e-05	-1.679942e-01	-3.715839e+00
2.676000e-05	9.553248e-02	-3.856761e+00
2.677000e-05	5.907198e-02	-4.023130e+00
2.678000e-05	-1.414540e-01	-4.294758e+00
2.679000e-05	1.582974e-01	-4.389999e+00
2.680000e-05	-1.077747e-01	-4.559346e+00
2.681000e-05	2.600477e-02	-4.749550e+00
2.682000e-05	9.476691e-02	-4.884665e+00
2.683000e-05	-1.291589e-01	-5.056241e+00
2.684000e-05	1.201552e-01	-5.274109e+00
2.685000e-05	-2.615432e-02	-5.456769e+00
2.686000e-05	2.059862e-02	-5.633183e+00
2.687000e-05	1.938547e-02	-5.810975e+00
2.688000e-05	-7.369089e-02	-5.948447e+00
2.689000e-05	1.197750e-01	-6.044705e+00
2.690000e-05	-6.813339e-02	-6.203733e+00
2.691000e-05	3.887699e-02	-6.421000e+00
2.692000e-05	4.592405e-02	-6.517850e+00
2.693000e-05	-5.372157e-02	-6.715338e+00
2.694000e-05	6.710744e-02	-6.791450e+00
2.695000e-05	-5.775026e-02	-6.926819e+00
2.696000e-05	8.223041e-02	-7.127769e+00
2.697000e-05	6.997014e-03	-7.203107e+00
2.698000e-05	-3.004006e-02	-7.339451e+00
2.699000e-05	4.091882e-02	-7.454661e+00
2.700000e-05	-8.965184e-03	-7.613620e+00
2.701000e-05	5.291433e-02	-7.717891e+00
2.702000e-05	-2.827955e-02	-7.917167e+00
2.703000e-05	3.681935e-02	-8.022632e+00
2.704000e-05	2.310536e-02	-8.109318e+00
2.705000e-05	-6.756120e-03	-8.242658e+00
2.706000e-05	2.783412e-02	-8.306820e+00
2.707000e-05	1.061850e-02	-8.442102e+00
2.708000e-05	3.532411e-02	-8.478789e+00
2.709000e-05	-1.300946e-02	-8.653583e+00
2.710000e-05	2.697781e-02	-8.799871e+00
2.711000e-05	2.954747e-02	-8.843133e+00
2.712000e-05	1.501007e-02	-8.908868e+00
2.713000e-05	1.326934e-02	-9.019529e+00
2.714000e-05	1.867475e-02	-9.107792e+00
2.715000e-05	3.110552e-02	-9.119445e+00
2.716000e-05	8.323578e-03	-9.221000e+00
2.717000e-05	2.395404e-02	-9.267837e+00
2.718000e-05	2.604552e-02	-9.382505e+00
2.719000e-05	2.160028e-02	-9.455658e+00
2.720000e-05	1.457045e-02	-9.509269e+00
2.721000e-05	2.657268e-02	-9.588925e+00
2.722000e-05	3.102964e-02	-9.625082e+00
2.723000e-05	2.052982e-02	-9.644712e+00
2.724000e-05	2.375550e-02	-9.708791e+00
2.725000e-05	2.484545e-02	-9.739345e+00
2.726000e-05	2.662463e-02	-9.772027e+00
2.727000e-05	2.165704e-02	-9.811103e+00
2.728000e-05	3.033347e-02	-9.812633e+00
2.729000e-05	2.978299e-02	-9.907761e+00
2.730000e-05	2.425347e-02	-9.895763e+00
2.731000e-05	2.561392e-02	-9.917817e+00
2.732000e-05	3.189668e-02	-9.918794e+00
2.733000e-05	3.028268e-02	-9.918345e+00
2.734000e-05	2.792493e-02	-9.938847e+00
2.735000e-05	3.194595e-02	-9.938925e+00
2.736000e-05	3.183630e-02	-9.969446e+00
2.737000e-05	3.065303e-02	-9.940947e+00
2.738000e-05	3.091086e-02	-9.970875e+00
2.739000e-05	3.502233e-02	-9.981371e+00
2.740000e-05	3.483304e-02	-9.940371e+00
2.741000e-05	3.284653e-02	-9.949321e+00
2.742000e-05	3.675059e-02	-9.917372e+00
2.743000e-05	3.716394e-02	-9.937816e+00
2.744000e-05	3.727506e-02	-9.915717e+00
2.745000e-05	3.808126e-02	-9.875636e+00
2.746000e-05	4.152060e-02	-9.834558e+00
2.747000e-05	3.942269e-02	-9.803528e+00
2.748000e-05	4.161300e-02	-9.760950e+00
2.749000e-05	4.402505e-02	-9.759367e+00
2.750000e-05	4.541918e-02	-9.715792e+00
2.751000e-05	4.480921e-02	-9.664159e+00
2.752000e-05	4.577042e-02	-9.583577e+00
2.753000e-05	5.131110e-02	-9.560900e+00
2.754000e-05	5.158688e-02	-9.516739e+00
2.755000e-05	5.170656e-02	-9.432981e+00
2.756000e-05	5.216347e-02	-9.359393e+00
2.757000e-05	5.163870e-02	-9.234680e+00
2.758000e-05	5.223468e-02	-9.190925e+00
2.759000e-05	5.239706e-02	-9.106341e+00
2.760000e-05	5.337945e-02	-9.024552e+00
2.761000e-05	5.328185e-02	-8.929850e+00
2.762000e-05	5.013392e-02	-8.884710e+00
2.763000e-05	4.856988e-02	-8.772479e+00
2.764000e-05	4.614234e-02	-8.736815e+00
2.765000e-05	4.446812e-02	-8.610556e+00
2.766000e-05	4.346500e-02	-8.497262e+00
2.767000e-05	4.266785e-02	-8.400453e+00
2.768000e-05	4.140916e-02	-8.297286e+00
2.769000e-05	3.855737e-02	-8.183079e+00
2.770000e-05	3.613779e-02	-8.116768e+00
2.771000e-05	3.460419e-02	-7.982000e+00
2.772000e-05	3.407143e-02	-7.936867e+00
2.773000e-05	3.088228e-02	-7.761395e+00
2.774000e-05	3.000220e-02	-7.604499e+00
2.775000e-05	2.912211e-02	-7.496209e+00
2.776000e-05	2.804358e-02	-7.349369e+00
2.777000e-05	2.669519e-02	-7.272606e+00
2.778000e-05	2.339153e-02	-7.087811e+00
2.779000e-05	2.291730e-02	-6.947817e+00
2.780000e-05	2.186478e-02	-6.812476e+00
2.781000e-05	2.068430e-02	-6.706309e+00
2.782000e-05	2.103644e-02	-6.549237e+00
2.783000e-05	1.803661e-02	-6.431526e+00
2.784000e-05	1.840144e-02	-6.286232e+00
2.785000e-05	1.427155e-02	-6.095030e+00
2.786000e-05	1.543609e-02	-5.946791e+00
2.787000e-05	1.515895e-02	-5.810451e+00
2.788000e-05	1.565320e-02	-5.692028e+00
2.789000e-05	1.168836e-02	-5.497307e+00
2.790000e-05	1.221208e-02	-5.296213e+00
2.791000e-05	9.241154e-03	-5.096688e+00
2.792000e-05	1.045336e-02	-4.989866e+00
2.793000e-05	7.756432e-03	-4.707292e+00
2.794000e-05	1.059849e-02	-4.599444e+00
2.795000e-05	8.636484e-03	-4.423477e+00
2.796000e-05	1.012772e-02	-4.326217e+00
2.797000e-05	6.972436e-03	-4.167394e+00
2.798000e-05	7.538827e-03	-4.022346e+00
2.799000e-05	4.740557e-03	-3.837499e+00
2.800000e-05	4.913149e-03	-3.642500e+00
2.801000e-05	3.156076e-03	-3.463129e+00
2.802000e-05	4.361447e-03	-3.255758e+00
2.803000e-05	3.586100e-03	-3.157788e+00
2.804000e-05	4.094819e-03	-2.896241e+00
2.805000e-05	3.758019e-03	-2.758338e+00
2.806000e-05	1.911461e-03	-2.600441e+00
2.807000e-05	1.789211e-03	-2.410571e+00
2.808000e-05	1.622630e-03	-2.233023e+00
2.809000e-05	2.081033e-03	-2.021996e+00
2.810000e-05	9.511101e-04	-1.832521e+00
2.811000e-05	-6.145998e-04	-1.673651e+00
2.812000e-05	-1.001532e-03	-1.504077e+00
2.813000e-05	-1.416104e-03	-1.242449e+00
2.814000e-05	-2.493075e-03	-1.032101e+00
2.815000e-05	-2.090837e-03	-8.431290e-01
2.816000e-05	-2.600328e-03	-7.232116e-01
2.817000e-05	-2.932862e-03	-4.636015e-01
2.818000e-05	-3.133560e-03	-3.151130e-01
2.819000e-05	-3.940326e-03	-1.362370e-01
2.820000e-05	-9.554618e-04	-8.819428e-03
2.821000e-05	2.632780e-03	2.547605e-01
2.822000e-05	-3.617995e-03	4.115539e-01
2.823000e-05	1.601517e-04	5.889761e-01
2.824000e-05	-3.665881e-03	7.564459e-01
2.825000e-05	-2.884308e-03	8.426620e-01
2.826000e-05	-4.753093e-03	1.105369e+00
2.827000e-05	1.885159e-03	1.334318e+00
2.828000e-05	1.061979e-02	1.462688e+00
2.829000e-05	6.795127e-02	1.725871e+00
2.830000e-05	9.525818e-04	1.906422e+00
2.831000e-05	-5.648309e-02	2.116268e+00
2.832000e-05	-3.571070e-02	2.285367e+00
2.833000e-05	-7.291693e-02	2.393503e+00
2.834000e-05	-1.937003e-02	2.538505e+00
2.835000e-05	1.652333e-01	2.728471e+00
2.836000e-05	-1.506274e-01	2.875216e+00
2.837000e-05	2.773554e-02	3.020609e+00
2.838000e-05	9.507939e-02	3.181057e+00
2.839000e-05	-1.476135e-01	3.435261e+00
2.840000e-05	5.223451e-02	3.589500e+00
2.841000e-05	5.976115e-02	3.695896e+00
2.842000e-05	-1.333672e-01	3.927377e+00
2.843000e-05	8.495055e-02	4.052184e+00
2.844000e-05	-2.194160e-02	4.328871e+00
2.845000e-05	-4.513730e-02	4.464209e+00
2.846000e-05	3.487777e-02	4.623209e+00
2.847000e-05	-5.750592e-02	4.791610e+00
2.848000e-05	6.963076e-03	4.988137e+00
2.849000e-05	-1.394311e-02	5.191711e+00
2.850000e-05	-8.368800e-03	5.381102e+00
2.851000e-05	2.339906e-03	5.559925e+00
2.852000e-05	-1.552387e-03	5.705942e+00
2.853000e-05	-1.291720e-02	5.917298e+00
2.854000e-05	-4.578388e-02	6.054161e+00
2.855000e-05	5.485436e-03	6.160953e+00
2.856000e-05	7.714991e-03	6.318895e+00
2.857000e-05	-3.852334e-02	6.433209e+00
2.858000e-05	6.029217e-03	6.622529e+00
2.859000e-05	-2.895679e-02	6.791529e+00
2.860000e-05	-1.334597e-02	6.886346e+00
2.861000e-05	-9.185311e-03	7.024109e+00
2.862000e-05	-2.360401e-02	7.138420e+00
2.863000e-05	4.967522e-03	7.233686e+00
2.864000e-05	-2.905471e-02	7.423184e+00
2.865000e-05	-1.537341e-02	7.561481e+00
2.866000e-05	-2.361239e-02	7.687343e+00
2.867000e-05	-2.488085e-03	7.833712e+00
2.868000e-05	-1.963066e-02	7.941573e+00
2.869000e-05	-2.836709e-02	8.104644e+00
2.870000e-05	-8.069067e-03	8.203608e+00
2.871000e-05	-1.972769e-02	8.288894e+00
2.872000e-05	-2.059804e-02	8.392579e+00
2.873000e-05	-2.673786e-02	8.506695e+00
2.874000e-05	-1.180625e-02	8.568527e+00
2.875000e-05	-2.307158e-02	8.667217e+00
2.876000e-05	-2.549614e-02	8.758928e+00
2.877000e-05	-2.103660e-02	8.832131e+00
2.878000e-05	-1.761015e-02	8.938975e+00
2.879000e-05	-2.564517e-02	9.027310e+00
2.880000e-05	-2.715735e-02	9.148372e+00
2.881000e-05	-1.978034e-02	9.223105e+00
2.882000e-05	-2.494035e-02	9.295766e+00
2.883000e-05	-2.850494e-02	9.308973e+00
2.884000e-05	-2.544291e-02	9.412633e+00
2.885000e-05	-2.276677e-02	9.464761e+00
2.886000e-05	-2.980727e-02	9.537346e+00
2.887000e-05	-2.936492e-02	9.590976e+00
2.888000e-05	-2.428436e-02	9.722633e+00
2.889000e-05	-2.641233e-02	9.726816e+00
2.890000e-05	-3.050377e-02	9.718925e+00
2.891000e-05	-3.188372e-02	9.821603e+00
2.892000e-05	-3.040580e-02	9.895116e+00
2.893000e-05	-3.411939e-02	9.906794e+00
2.894000e-05	-3.065134e-02	9.897795e+00
2.895000e-05	-2.950483e-02	9.969422e+00
2.896000e-05	-3.138135e-02	9.940451e+00
2.897000e-05	-3.824101e-02	1.001200e+01
2.898000e-05	-3.471551e-02	1.004268e+01
2.899000e-05	-3.176351e-02	1.001358e+01
2.900000e-05	-3.558994e-02	1.000363e+01
2.901000e-05	-3.698107e-02	1.006258e+01
2.902000e-05	-3.647926e-02	1.007268e+01
2.903000e-05	-3.809886e-02	1.004363e+01
2.904000e-05	-4.106594e-02	1.006519e+01
2.905000e-05	-3.898576e-02	1.003466e+01
2.906000e-05	-3.834135e-02	1.005361e+01
2.907000e-05	-4.129446e-02	1.003306e+01
2.908000e-05	-4.303638e-02	1.001303e+01
2.909000e-05	-4.193162e-02	1.000100e+01
2.910000e-05	-4.302233e-02	1.001105e+01
2.911000e-05	-4.430895e-02	9.959426e+00
2.912000e-05	-4.571513e-02	9.938746e+00
2.913000e-05	-4.703293e-02	9.866211e+00
2.914000e-05	-4.940130e-02	9.833111e+00
2.915000e-05	-4.949534e-02	9.782575e+00
2.916000e-05	-5.017750e-02	9.749848e+00
2.917000e-05	-5.192958e-02	9.683707e+00
2.918000e-05	-5.536814e-02	9.561456e+00
2.919000e-05	-5.595175e-02	9.537947e+00
2.920000e-05	-5.629136e-02	9.504666e+00
2.921000e-05	-5.685392e-02	9.433606e+00
2.922000e-05	-5.989267e-02	9.358499e+00
2.923000e-05	-5.952183e-02	9.316792e+00
2.924000e-05	-6.120086e-02	9.235083e+00
2.925000e-05	-5.902414e-02	9.170472e+00
2.926000e-05	-5.925128e-02	9.087813e+00
2.927000e-05	-5.589589e-02	9.031029e+00
2.928000e-05	-5.688866e-02	8.917839e+00
2.929000e-05	-5.443653e-02	8.733025e+00
2.930000e-05	-5.491973e-02	8.718296e+00
2.931000e-05	-5.155672e-02	8.633584e+00
2.932000e-05	-5.109493e-02	8.547795e+00
2.933000e-05	-4.626348e-02	8.454060e+00
2.934000e-05	-4.725741e-02	8.379949e+00
2.935000e-05	-4.352736e-02	8.233587e+00
2.936000e-05	-4.415683e-02	8.168393e+00
2.937000e-05	-4.042400e-02	8.004082e+00
2.938000e-05	-4.019848e-02	7.907791e+00
2.939000e-05	-3.805403e-02	7.762379e+00
2.940000e-05	-3.678861e-02	7.665161e+00
2.941000e-05	-3.413162e-02	7.561050e+00
2.942000e-05	-3.405154e-02	7.409529e+00
2.943000e-05	-3.269158e-02	7.223633e+00
2.944000e-05	-3.165208e-02	7.106271e+00
2.945000e-05	-2.946053e-02	6.980575e+00
2.946000e-05	-2.790625e-02	6.854083e+00
2.947000e-05	-2.771518e-02	6.747396e+00
2.948000e-05	-2.641603e-02	6.570451e+00
2.949000e-05	-2.556826e-02	6.421502e+00
2.950000e-05	-2.373999e-02	6.275160e+00
2.951000e-05	-2.385371e-02	6.118337e+00
2.952000e-05	-2.319912e-02	6.012450e+00
2.953000e-05	-2.168370e-02	5.874161e+00
2.954000e-05	-2.123940e-02	5.644187e+00
2.955000e-05	-2.090499e-02	5.496742e+00
2.956000e-05	-2.071144e-02	5.388946e+00
2.957000e-05	-1.884601e-02	5.180399e+00
2.958000e-05	-1.743579e-02	4.978425e+00
2.959000e-05	-1.753597e-02	4.762026e+00
2.960000e-05	-1.687716e-02	4.632051e+00
2.961000e-05	-1.601886e-02	4.473634e+00
2.962000e-05	-1.563112e-02	4.327797e+00
2.963000e-05	-1.492488e-02	4.107764e+00
2.964000e-05	-1.427010e-02	3.966371e+00
2.965000e-05	-1.379721e-02	3.800950e+00
2.966000e-05	-1.306194e-02	3.643530e+00
2.967000e-05	-1.200900e-02	3.476732e+00
2.968000e-05	-1.160902e-02	3.244077e+00
2.969000e-05	-1.173215e-02	3.105237e+00
2.970000e-05	-1.067820e-02	2.935821e+00
2.971000e-05	-1.051640e-02	2.809971e+00
2.972000e-05	-1.147394e-02	2.577397e+00
2.973000e-05	-1.026765e-02	2.380424e+00
2.974000e-05	-1.017449e-02	2.200500e+00
2.975000e-05	-8.328945e-03	2.032528e+00
2.976000e-05	-7.809143e-03	1.906183e+00
2.977000e-05	-7.263119e-03	1.644013e+00
2.978000e-05	-6.797857e-03	1.452559e+00
2.979000e-05	-7.178801e-03	1.304230e+00
2.980000e-05	-6.406864e-03	1.102608e+00
2.981000e-05	-6.358658e-03	8.310738e-01
2.982000e-05	-5.524284e-03	6.836355e-01
2.983000e-05	-5.133716e-03	4.731593e-01
2.984000e-05	-4.891523e-03	3.178945e-01
2.985000e-05	-5.206610e-03	9.466179e-02
2.986000e-05	2.696254e-04	-8.523665e-02
2.987000e-05	4.293723e-03	-2.206030e-01
2.988000e-05	-2.273195e-03	-4.094512e-01
2.989000e-05	2.266008e-03	-5.574686e-01
2.990000e-05	-2.133791e-03	-7.869986e-01
2.991000e-05	2.042878e-03	-9.463644e-01
2.992000e-05	-1.874018e-03	-1.064761e+00
2.993000e-05	9.292126e-03	-1.222133e+00
2.994000e-05	6.315808e-02	-1.443283e+00
2.995000e-05	4.410902e-02	-1.673808e+00
2.996000e-05	-7.353753e-02	-1.946892e+00
2.997000e-05	-7.652213e-03	-2.180029e+00
2.998000e-05	-1.031204e-01	-2.399975e+00
2.999000e-05	5.586837e-02	-2.430533e+00
3.000000e-05	1.408099e-01	-2.495315e+00
3.001000e-05	-1.961926e-01	-2.758947e+00
3.002000e-05	1.195602e-01	-2.855234e+00
3.003000e-05	5.889164e-02	-3.024151e+00
3.004000e-05	-2.032095e-01	-3.285366e+00
3.005000e-05	1.592597e-01	-3.440588e+00
3.006000e-05	1.452121e-02	-3.560475e+00
3.007000e-05	-1.328883e-01	-3.769583e+00
3.008000e-05	1.987278e-01	-3.948447e+00
3.009000e-05	-1.293723e-01	-4.177020e+00
3.010000e-05	1.858924e-02	-4.317945e+00
3.011000e-05	8.462571e-02	-4.443054e+00
3.012000e-05	-1.349629e-01	-4.662236e+00
3.013000e-05	1.379096e-01	-4.810029e+00
3.014000e-05	-4.607608e-02	-4.930374e+00
3.015000e-05	-3.429959e-02	-5.159446e+00
3.016000e-05	1.078232e-01	-5.298925e+00
3.017000e-05	-6.743634e-02	-5.558426e+00
3.018000e-05	7.921310e-02	-5.696867e+00
3.019000e-05	-6.913185e-02	-5.854208e+00
3.020000e-05	2.807259e-02	-6.010475e+00
3.021000e-05	6.659392e-02	-6.098324e+00
3.022000e-05	-8.234900e-02	-6.318871e+00
3.023000e-05	1.084564e-01	-6.462683e+00
3.024000e-05	-4.667985e-02	-6.613080e+00
3.025000e-05	1.862820e-02	-6.708422e+00
3.026000e-05	1.547482e-02	-6.833133e+00
3.027000e-05	-2.195115e-02	-6.963728e+00
3.028000e-05	1.020342e-01	-7.189473e+00
3.029000e-05	-5.898964e-02	-7.296788e+00
3.030000e-05	2.890691e-02	-7.391025e+00
3.031000e-05	6.480033e-03	-7.495923e+00
3.032000e-05	2.493215e-02	-7.655639e+00
3.033000e-05	2.304420e-02	-7.732052e+00
3.034000e-05	-2.229538e-02	-7.949420e+00
3.035000e-05	5.951391e-02	-8.053184e+00
3.036000e-05	-1.289088e-02	-8.211451e+00
3.037000e-05	2.081175e-02	-8.286211e+00
3.038000e-05	1.162404e-02	-8.348897e+00
3.039000e-05	3.083531e-02	-8.413756e+00
3.040000e-05	1.186023e-02	-8.552476e+00
3.041000e-05	-4.809904e-03	-8.715892e+00
3.042000e-05	3.914694e-02	-8.760975e+00
3.043000e-05	1.765332e-02	-8.903763e+00
3.044000e-05	1.757618e-02	-8.960971e+00
3.045000e-05	9.206699e-03	-9.036134e+00
3.046000e-05	3.001752e-02	-9.126341e+00
3.047000e-05	1.947151e-02	-9.149448e+00
3.048000e-05	1.244413e-02	-9.194136e+00
3.049000e-05	2.753787e-02	-9.258367e+00
3.050000e-05	2.469116e-02	-9.413559e+00
3.051000e-05	1.766658e-02	-9.527188e+00
3.052000e-05	1.626194e-02	-9.509894e+00
3.053000e-05	3.316068e-02	-9.570578e+00
3.054000e-05	2.459246e-02	-9.654161e+00
3.055000e-05	2.086220e-02	-9.687265e+00
3.056000e-05	2.278110e-02	-9.727865e+00
3.057000e-05	2.676861e-02	-9.739425e+00
3.058000e-05	2.441160e-02	-9.803552e+00
3.059000e-05	2.516545e-02	-9.833058e+00
3.060000e-05	3.106474e-02	-9.854137e+00
3.061000e-05	2.682435e-02	-9.856761e+00
3.062000e-05	2.416058e-02	-9.886743e+00
3.063000e-05	2.830801e-02	-9.917795e+00
3.064000e-05	3.247274e-02	-9.929296e+00
3.065000e-05	2.739055e-02	-9.936896e+00
3.066000e-05	2.880895e-02	-9.978344e+00
3.067000e-05	3.232321e-02	-9.958997e+00
3.068000e-05	3.235685e-02	-9.969948e+00
3.069000e-05	3.020166e-02	-9.940424e+00
3.070000e-05	3.225509e-02	-9.938849e+00
3.071000e-05	3.480312e-02	-9.939901e+00
3.072000e-05	3.348117e-02	-9.930423e+00
3.073000e-05	3.454935e-02	-9.929846e+00
3.074000e-05	3.722667e-02	-9.957868e+00
3.075000e-05	3.747070e-02	-9.926343e+00
3.076000e-05	3.652062e-02	-9.857760e+00
3.077000e-05	3.968004e-02	-9.853681e+00
3.078000e-05	4.100143e-02	-9.832132e+00
3.079000e-05	3.965698e-02	-9.822002e+00
3.080000e-05	4.237309e-02	-9.790498e+00
3.081000e-05	4.462949e-02	-9.715746e+00
3.082000e-05	4.601725e-02	-9.664707e+00
3.083000e-05	4.609539e-02	-9.644131e+00
3.084000e-05	4.729261e-02	-9.601427e+00
3.085000e-05	4.964943e-02	-9.498845e+00
3.086000e-05	5.033562e-02	-9.456161e+00
3.087000e-05	5.239399e-02	-9.412975e+00
3.088000e-05	5.342585e-02	-9.318817e+00
3.089000e-05	5.265580e-02	-9.203504e+00
3.090000e-05	5.259011e-02	-9.158368e+00
3.091000e-05	5.199165e-02	-9.106788e+00
3.092000e-05	5.304014e-02	-8.991426e+00
3.093000e-05	5.211576e-02	-8.917766e+00
3.094000e-05	4.900164e-02	-8.874628e+00
3.095000e-05	4.755096e-02	-8.750974e+00
3.096000e-05	4.539019e-02	-8.674686e+00
3.097000e-05	4.549887e-02	-8.589474e+00
3.098000e-05	4.374768e-02	-8.464686e+00
3.099000e-05	4.137541e-02	-8.369399e+00
3.100000e-05	3.935159e-02	-8.305333e+00
3.101000e-05	3.857590e-02	-8.150947e+00
3.102000e-05	3.682433e-02	-8.075684e+00
3.103000e-05	3.406830e-02	-8.001969e+00
3.104000e-05	3.302803e-02	-7.845064e+00
3.105000e-05	3.094697e-02	-7.696311e+00
3.106000e-05	2.991582e-02	-7.559917e+00
3.107000e-05	2.682344e-02	-7.423549e+00
3.108000e-05	2.721602e-02	-7.324812e+00
3.109000e-05	2.668741e-02	-7.181995e+00
3.110000e-05	2.516508e-02	-7.083608e+00
3.111000e-05	2.224881e-02	-6.855634e+00
3.112000e-05	2.121862e-02	-6.769896e+00
3.113000e-05	2.099934e-02	-6.632451e+00
3.114000e-05	1.950946e-02	-6.484584e+00
3.115000e-05	1.823454e-02	-6.369920e+00
3.116000e-05	1.736694e-02	-6.211841e+00
3.117000e-05	1.654975e-02	-6.022973e+00
3.118000e-05	1.530280e-02	-5.844687e+00
3.119000e-05	1.418396e-02	-5.728845e+00
3.120000e-05	1.373634e-02	-5.581498e+00
3.121000e-05	1.223679e-02	-5.442128e+00
3.122000e-05	1.235270e-02	-5.232525e+00
3.123000e-05	1.117620e-02	-5.053606e+00
3.124000e-05	1.051304e-02	-4.887233e+00
3.125000e-05	9.766289e-03	-4.644653e+00
3.126000e-05	8.395015e-03	-4.556263e+00
3.127000e-05	9.051453e-03	-4.389421e+00
3.128000e-05	6.762319e-03	-4.263505e+00
3.129000e-05	8.419511e-03	-4.062683e+00
3.130000e-05	7.638925e-03	-3.968341e+00
3.131000e-05	5.254422e-03	-3.726240e+00
3.132000e-05	4.640539e-03	-3.570366e+00
3.133000e-05	4.506430e-03	-3.379320e+00
3.134000e-05	4.223741e-03	-3.240999e+00
3.135000e-05	3.599720e-03	-3.072530e+00
3.136000e-05	1.750330e-03	-2.844079e+00
3.137000e-05	3.456158e-03	-2.635160e+00
3.138000e-05	1.325819e-03	-2.495483e+00
3.139000e-05	2.512258e-03	-2.327290e+00
3.140000e-05	6.300320e-04	-2.095209e+00
3.141000e-05	1.904911e-03	-1.918312e+00
3.142000e-05	-5.604044e-04	-1.787443e+00
3.143000e-05	3.473652e-04	-1.630973e+00
3.144000e-05	-1.563898e-03	-1.358292e+00
3.145000e-05	-4.218262e-04	-1.175891e+00
3.146000e-05	-3.727139e-03	-9.789172e-01
3.147000e-05	-2.661755e-03	-8.319960e-01
3.148000e-05	-3.089700e-03	-5.983947e-01
3.149000e-05	-2.047184e-03	-3.799197e-01
3.150000e-05	-3.877437e-03	-2.310237e-01
3.151000e-05	-2.854321e-03	-4.350151e-02
3.152000e-05	1.251601e-03	1.058672e-01
3.153000e-05	2.026877e-03	3.374448e-01
3.154000e-05	-4.409443e-03	5.043195e-01
3.155000e-05	1.867211e-04	6.307070e-01
3.156000e-05	-4.603155e-03	8.015048e-01
3.157000e-05	-2.768351e-03	9.488753e-01
3.158000e-05	-5.482539e-03	1.211003e+00
3.159000e-05	4.494587e-03	1.357398e+00
3.160000e-05	3.082715e-02	1.547904e+00
3.161000e-05	6.657569e-02	1.793080e+00
3.162000e-05	-5.245541e-02	1.989531e+00
3.163000e-05	-3.806456e-02	2.160004e+00
3.164000e-05	-4.781996e-02	2.370451e+00
3.165000e-05	-7.922146e-02	2.423239e+00
3.166000e-05	8.947793e-02	2.623662e+00
3.167000e-05	6.126601e-02	2.841607e+00
3.168000e-05	-1.760053e-01	2.927374e+00
3.169000e-05	1.701947e-01	3.135272e+00
3.170000e-05	-6.402661e-02	3.355816e+00
3.171000e-05	-8.744227e-02	3.495918e+00
3.172000e-05	1.193100e-01	3.631580e+00
3.173000e-05	-5.788424e-02	3.819758e+00
3.174000e-05	-5.529881e-02	4.001450e+00
3.175000e-05	8.887445e-02	4.167954e+00
3.176000e-05	-7.904891e-02	4.380476e+00
3.177000e-05	1.095879e-02	4.536946e+00
3.178000e-05	3.239944e-04	4.688846e+00
3.179000e-05	-4.586017e-02	4.863263e+00
3.180000e-05	1.726282e-02	5.126871e+00
3.181000e-05	-2.944725e-02	5.266347e+00
3.182000e-05	1.095806e-02	5.454713e+00
3.183000e-05	-7.282739e-03	5.611606e+00
3.184000e-05	1.536739e-04	5.800057e+00
3.185000e-05	-3.083535e-02	5.981028e+00
3.186000e-05	-3.890686e-02	6.077291e+00
3.187000e-05	2.891099e-02	6.213158e+00
3.188000e-05	-2.970662e-02	6.370005e+00
3.189000e-05	-1.109200e-02	6.506871e+00
3.190000e-05	-1.025465e-02	6.666345e+00
3.191000e-05	-2.747120e-02	6.821583e+00
3.192000e-05	-4.230414e-03	6.959525e+00
3.193000e-05	-2.209144e-02	7.095736e+00
3.194000e-05	-9.025501e-03	7.179980e+00
3.195000e-05	-8.231225e-03	7.328364e+00
3.196000e-05	-2.483042e-02	7.496718e+00
3.197000e-05	-2.070572e-02	7.643711e+00
3.198000e-05	-1.520646e-02	7.748050e+00
3.199000e-05	-6.621394e-03	7.865192e+00
3.200000e-05	-2.568109e-02	7.985604e+00
3.201000e-05	-2.173882e-02	8.199494e+00
3.202000e-05	-8.358175e-03	8.257293e+00
3.203000e-05	-2.457009e-02	8.330923e+00
3.204000e-05	-2.081996e-02	8.413132e+00
3.205000e-05	-2.284621e-02	8.517898e+00
3.206000e-05	-1.528797e-02	8.624056e+00
3.207000e-05	-2.663887e-02	8.716840e+00
3.208000e-05	-2.513460e-02	8.801003e+00
3.209000e-05	-1.554081e-02	8.886769e+00
3.210000e-05	-2.395407e-02	8.962057e+00
3.211000e-05	-2.551201e-02	9.096764e+00
3.212000e-05	-2.648730e-02	9.168977e+00
3.213000e-05	-1.894901e-02	9.272159e+00
3.214000e-05	-2.859134e-02	9.308319e+00
3.215000e-05	-2.797656e-02	9.401031e+00
3.216000e-05	-2.327920e-02	9.476262e+00
3.217000e-05	-2.585613e-02	9.507791e+00
3.218000e-05	-2.976752e-02	9.529449e+00
3.219000e-05	-2.909133e-02	9.623057e+00
3.220000e-05	-2.324902e-02	9.646684e+00
3.221000e-05	-2.891512e-02	9.730370e+00
3.222000e-05	-2.902932e-02	9.792054e+00
3.223000e-05	-3.249178e-02	9.835683e+00
3.224000e-05	-3.211945e-02	9.865741e+00
3.225000e-05	-3.372293e-02	9.897868e+00
3.226000e-05	-3.102076e-02	9.907872e+00
3.227000e-05	-2.849370e-02	9.981500e+00
3.228000e-05	-3.579030e-02	9.990429e+00
3.229000e-05	-3.608245e-02	1.000111e+01
3.230000e-05	-3.455036e-02	1.001359e+01
3.231000e-05	-3.231316e-02	1.005318e+01
3.232000e-05	-3.728419e-02	1.005466e+01
3.233000e-05	-3.593518e-02	1.005409e+01
3.234000e-05	-3.718764e-02	1.007326e+01
3.235000e-05	-3.764779e-02	1.006613e+01
3.236000e-05	-4.057293e-02	1.004361e+01
3.237000e-05	-3.989394e-02	1.004514e+01
3.238000e-05	-3.961668e-02	1.002471e+01
3.239000e-05	-4.279054e-02	1.003361e+01
3.240000e-05	-4.180054e-02	1.003246e+01
3.241000e-05	-4.146216e-02	9.991528e+00
3.242000e-05	-4.262448e-02	1.001055e+01
3.243000e-05	-4.506844e-02	9.928901e+00
3.244000e-05	-4.760117e-02	9.897866e+00
3.245000e-05	-4.750898e-02	9.875216e+00
3.246000e-05	-5.051718e-02	9.844629e+00
3.247000e-05	-4.920768e-02	9.759849e+00
3.248000e-05	-5.147975e-02	9.677736e+00
3.249000e-05	-5.207858e-02	9.643104e+00
3.250000e-05	-5.539282e-02	9.570927e+00
3.251000e-05	-5.673507e-02	9.507372e+00
3.252000e-05	-5.665182e-02	9.515764e+00
3.253000e-05	-5.897043e-02	9.372577e+00
3.254000e-05	-5.816286e-02	9.318871e+00
3.255000e-05	-5.787819e-02	9.284812e+00
3.256000e-05	-5.857358e-02	9.243579e+00
3.257000e-05	-5.894611e-02	9.159347e+00
3.258000e-05	-5.808754e-02	9.046141e+00
3.259000e-05	-5.648750e-02	8.929275e+00
3.260000e-05	-5.594973e-02	8.853606e+00
3.261000e-05	-5.505641e-02	8.749373e+00
3.262000e-05	-5.262018e-02	8.655712e+00
3.263000e-05	-5.175920e-02	8.571502e+00
3.264000e-05	-5.018875e-02	8.494688e+00
3.265000e-05	-4.952729e-02	8.411078e+00
3.266000e-05	-4.586536e-02	8.319321e+00
3.267000e-05	-4.407205e-02	8.232153e+00
3.268000e-05	-4.154656e-02	8.086718e+00
3.269000e-05	-4.092442e-02	7.981472e+00
3.270000e-05	-3.913739e-02	7.863629e+00
3.271000e-05	-3.803655e-02	7.748871e+00
3.272000e-05	-3.548344e-02	7.643527e+00
3.273000e-05	-3.496908e-02	7.488775e+00
3.274000e-05	-3.202676e-02	7.319766e+00
3.275000e-05	-3.346906e-02	7.201924e+00
3.276000e-05	-3.048951e-02	7.084634e+00
3.277000e-05	-3.064820e-02	6.959371e+00
3.278000e-05	-2.797646e-02	6.802525e+00
3.279000e-05	-2.745297e-02	6.693785e+00
3.280000e-05	-2.511536e-02	6.477208e+00
3.281000e-05	-2.493387e-02	6.368369e+00
3.282000e-05	-2.305242e-02	6.201479e+00
3.283000e-05	-2.309252e-02	6.024138e+00
3.284000e-05	-2.195888e-02	5.929895e+00
3.285000e-05	-2.219688e-02	5.771909e+00
3.286000e-05	-2.210481e-02	5.611999e+00
3.287000e-05	-2.112260e-02	5.422030e+00
3.288000e-05	-1.973309e-02	5.296166e+00
3.289000e-05	-1.832481e-02	5.075788e+00
3.290000e-05	-1.808545e-02	4.906110e+00
3.291000e-05	-1.650392e-02	4.715842e+00
3.292000e-05	-1.616193e-02	4.588922e+00
3.293000e-05	-1.537691e-02	4.421529e+00
3.294000e-05	-1.416277e-02	4.243085e+00
3.295000e-05	-1.481077e-02	4.023557e+00
3.296000e-05	-1.500674e-02	3.896713e+00
3.297000e-05	-1.493963e-02	3.725840e+00
3.298000e-05	-1.236563e-02	3.578951e+00
3.299000e-05	-1.241910e-02	3.388872e+00
3.300000e-05	-1.119652e-02	3.189449e+00
3.301000e-05	-1.130840e-02	3.022529e+00
3.302000e-05	-9.998084e-03	2.892655e+00
3.303000e-05	-1.046482e-02	2.726387e+00
3.304000e-05	-9.655832e-03	2.473583e+00
3.305000e-05	-9.458938e-03	2.293661e+00
3.306000e-05	-9.145709e-03	2.134815e+00
3.307000e-05	-9.248984e-03	1.990466e+00
3.308000e-05	-9.014482e-03	1.760868e+00
3.309000e-05	-6.207920e-03	1.567392e+00
3.310000e-05	-5.042127e-03	1.398496e+00
3.311000e-05	-7.711843e-03	1.218970e+00
3.312000e-05	-5.682106e-03	9.773235e-01
3.313000e-05	-5.542897e-03	7.668437e-01
3.314000e-05	-3.683933e-03	5.889212e-01
3.315000e-05	-5.482127e-03	4.110528e-01
3.316000e-05	-3.982098e-03	2.020499e-01
3.317000e-05	-4.439882e-03	2.252632e-02
3.318000e-05	2.292561e-03	-1.668709e-01
3.319000e-05	1.478363e-03	-2.769384e-01
3.320000e-05	-9.694622e-04	-4.525555e-01
3.321000e-05	2.839863e-03	-6.727130e-01
3.322000e-05	-1.199084e-03	-8.641078e-01
3.323000e-05	2.287602e-04	-9.689476e-01
3.324000e-05	2.492094e-03	-1.137471e+00
3.325000e-05	1.856025e-02	-1.315341e+00
3.326000e-05	9.762787e-02	-1.536419e+00
3.327000e-05	-4.368363e-02	-1.811075e+00
3.328000e-05	-2.631711e-02	-1.981629e+00
3.329000e-05	-5.138997e-02	-2.317266e+00
3.330000e-05	-8.720372e-02	-2.400475e+00
3.331000e-05	1.650361e-01	-2.411526e+00
3.332000e-05	-1.699493e-02	-2.601578e+00
3.333000e-05	-1.360413e-01	-2.812578e+00
3.334000e-05	2.122421e-01	-2.864798e+00
3.335000e-05	-1.338550e-01	-3.107925e+00
3.336000e-05	-5.589636e-02	-3.389526e+00
3.337000e-05	1.831547e-01	-3.466236e+00
3.338000e-05	-1.390371e-01	-3.663661e+00
3.339000e-05	4.042652e-02	-3.876637e+00
3.340000e-05	1.171707e-01	-4.002532e+00
3.341000e-05	-1.647813e-01	-4.253208e+00
3.342000e-05	1.446836e-01	-4.359424e+00
3.343000e-05	-6.701320e-02	-4.466420e+00
3.344000e-05	-2.118581e-02	-4.737420e+00
3.345000e-05	1.254768e-01	-4.853788e+00
3.346000e-05	-1.285464e-01	-5.072136e+00
3.347000e-05	9.382433e-02	-5.210135e+00
3.348000e-05	5.851218e-03	-5.442658e+00
3.349000e-05	-1.013063e-02	-5.612707e+00
3.350000e-05	4.536303e-02	-5.761974e+00
3.351000e-05	-8.682410e-02	-5.918322e+00
3.352000e-05	1.121415e-01	-6.012533e+00
3.353000e-05	-4.027293e-02	-6.211098e+00
3.354000e-05	3.016621e-03	-6.380504e+00
3.355000e-05	7.354733e-02	-6.496315e+00
3.356000e-05	-6.668917e-02	-6.715712e+00
3.357000e-05	6.535416e-02	-6.760926e+00
3.358000e-05	-4.955868e-02	-6.858317e+00
3.359000e-05	5.993411e-02	-7.107815e+00
3.360000e-05	3.589297e-02	-7.212628e+00
3.361000e-05	-4.625509e-02	-7.307396e+00
3.362000e-05	4.803367e-02	-7.465708e+00
3.363000e-05	-1.104414e-02	-7.591451e+00
3.364000e-05	5.169337e-02	-7.727266e+00
3.365000e-05	-1.950422e-02	-7.817211e+00
3.366000e-05	2.010873e-02	-8.021578e+00
3.367000e-05	3.552282e-02	-8.097742e+00
3.368000e-05	-1.502604e-02	-8.222602e+00
3.369000e-05	3.104893e-02	-8.298289e+00
3.370000e-05	9.327075e-03	-8.393004e+00
3.371000e-05	3.912421e-02	-8.476840e+00
3.372000e-05	-9.364896e-03	-8.603582e+00
3.373000e-05	2.016190e-02	-8.719845e+00
3.374000e-05	3.350693e-02	-8.843630e+00
3.375000e-05	1.356287e-02	-8.918870e+00
3.376000e-05	1.400291e-02	-8.962583e+00
3.377000e-05	1.307423e-02	-9.085711e+00
3.378000e-05	3.406486e-02	-9.139867e+00
3.379000e-05	1.014474e-02	-9.180551e+00
3.380000e-05	2.257873e-02	-9.244664e+00
3.381000e-05	2.692067e-02	-9.338943e+00
3.382000e-05	2.234805e-02	-9.374607e+00
3.383000e-05	1.330692e-02	-9.486842e+00
3.384000e-05	2.235335e-02	-9.580403e+00
3.385000e-05	3.241108e-02	-9.653532e+00
3.386000e-05	2.154001e-02	-9.645186e+00
3.387000e-05	2.321461e-02	-9.696836e+00
3.388000e-05	2.364597e-02	-9.718870e+00
3.389000e-05	2.703984e-02	-9.798499e+00
3.390000e-05	2.180939e-02	-9.793480e+00
3.391000e-05	2.892783e-02	-9.842582e+00
3.392000e-05	2.963951e-02	-9.856259e+00
3.393000e-05	2.457402e-02	-9.905689e+00
3.394000e-05	2.578127e-02	-9.927292e+00
3.395000e-05	3.106634e-02	-9.928346e+00
3.396000e-05	3.067681e-02	-9.928846e+00
3.397000e-05	2.672097e-02	-9.927869e+00
3.398000e-05	3.100749e-02	-9.948369e+00
3.399000e-05	3.254065e-02	-9.949447e+00
3.400000e-05	3.186179e-02	-9.930396e+00
3.401000e-05	3.099855e-02	-9.961421e+00
3.402000e-05	3.442734e-02	-9.940421e+00
3.403000e-05	3.400165e-02	-9.961424e+00
3.404000e-05	3.279870e-02	-9.960496e+00
3.405000e-05	3.445002e-02	-9.958371e+00
3.406000e-05	3.600776e-02	-9.918368e+00
3.407000e-05	3.925646e-02	-9.916737e+00
3.408000e-05	3.637394e-02	-9.894791e+00
3.409000e-05	4.175103e-02	-9.853632e+00
3.410000e-05	4.098175e-02	-9.831478e+00
3.411000e-05	4.090688e-02	-9.732523e+00
3.412000e-05	4.450061e-02	-9.750419e+00
3.413000e-05	4.095366e-02	-9.727788e+00
3.414000e-05	4.721844e-02	-9.653712e+00
3.415000e-05	4.485125e-02	-9.642528e+00
3.416000e-05	5.004506e-02	-9.540945e+00
3.417000e-05	5.006279e-02	-9.505218e+00
3.418000e-05	5.228248e-02	-9.404132e+00
3.419000e-05	5.433043e-02	-9.340345e+00
3.420000e-05	5.410195e-02	-9.256182e+00
3.421000e-05	5.092442e-02	-9.169926e+00
3.422000e-05	5.205912e-02	-9.116837e+00
3.423000e-05	5.105279e-02	-9.055133e+00
3.424000e-05	4.917266e-02	-8.948870e+00
3.425000e-05	4.989441e-02	-8.887233e+00
3.426000e-05	5.043609e-02	-8.782553e+00
3.427000e-05	4.851162e-02	-8.737820e+00
3.428000e-05	4.599813e-02	-8.625635e+00
3.429000e-05	4.344564e-02	-8.498310e+00
3.430000e-05	4.500503e-02	-8.441477e+00
3.431000e-05	3.878128e-02	-8.326869e+00
3.432000e-05	3.846076e-02	-8.264131e+00
3.433000e-05	3.532740e-02	-8.127793e+00
3.434000e-05	3.516034e-02	-8.023056e+00
3.435000e-05	3.419846e-02	-7.926369e+00
3.436000e-05	3.149569e-02	-7.802000e+00
3.437000e-05	3.155677e-02	-7.614178e+00
3.438000e-05	3.043961e-02	-7.477241e+00
3.439000e-05	2.836271e-02	-7.361391e+00
3.440000e-05	2.712929e-02	-7.203083e+00
3.441000e-05	2.281198e-02	-7.147794e+00
3.442000e-05	2.252165e-02	-6.980925e+00
3.443000e-05	2.196379e-02	-6.832054e+00
3.444000e-05	2.076738e-02	-6.707686e+00
3.445000e-05	2.123089e-02	-6.550941e+00
3.446000e-05	2.021706e-02	-6.452503e+00
3.447000e-05	1.879679e-02	-6.317787e+00
3.448000e-05	1.550808e-02	-6.066317e+00
3.449000e-05	1.541344e-02	-5.968890e+00
3.450000e-05	1.492763e-02	-5.823024e+00
3.451000e-05	1.348492e-02	-5.653184e+00
3.452000e-05	1.156803e-02	-5.538389e+00
3.453000e-05	1.167201e-02	-5.288810e+00
3.454000e-05	1.160613e-02	-5.147770e+00
3.455000e-05	1.110457e-02	-4.960416e+00
3.456000e-05	9.557570e-03	-4.739495e+00
3.457000e-05	1.078545e-02	-4.561949e+00
3.458000e-05	9.143127e-03	-4.443084e+00
3.459000e-05	8.142098e-03	-4.326191e+00
3.460000e-05	5.228940e-03	-4.166946e+00
3.461000e-05	6.470588e-03	-4.021973e+00
3.462000e-05	4.816141e-03	-3.863105e+00
3.463000e-05	5.990544e-03	-3.652503e+00
3.464000e-05	5.335087e-03	-3.494688e+00
3.465000e-05	5.775219e-03	-3.307790e+00
3.466000e-05	4.687092e-03	-3.138891e+00
3.467000e-05	2.845580e-03	-2.956189e+00
3.468000e-05	2.320797e-03	-2.789395e+00
3.469000e-05	1.020011e-03	-2.628472e+00
3.470000e-05	8.225812e-04	-2.401998e+00
3.471000e-05	2.046937e-03	-2.273480e+00
3.472000e-05	1.542272e-03	-2.012029e+00
3.473000e-05	1.118492e-04	-1.883607e+00
3.474000e-05	5.057941e-04	-1.661183e+00
3.475000e-05	-9.511757e-04	-1.535738e+00
3.476000e-05	-1.799191e-04	-1.213529e+00
3.477000e-05	-1.420748e-03	-1.074108e+00
3.478000e-05	-1.343528e-03	-9.046055e-01
3.479000e-05	-3.095458e-03	-7.357405e-01
3.480000e-05	-3.436061e-03	-4.636343e-01
3.481000e-05	-2.422664e-03	-2.947619e-01
3.482000e-05	-3.933888e-03	-1.573933e-01
3.483000e-05	-1.785592e-03	2.108263e-02
3.484000e-05	2.551452e-03	2.221603e-01
3.485000e-05	-2.223313e-03	4.215025e-01
3.486000e-05	4.770117e-04	5.564460e-01
3.487000e-05	-2.349150e-03	7.569221e-01
3.488000e-05	-4.000943e-03	8.430879e-01
3.489000e-05	-4.129617e-03	1.075316e+00
3.490000e-05	-1.178448e-03	1.263738e+00
3.491000e-05	8.787212e-03	1.411707e+00
3.492000e-05	6.082498e-02	1.715241e+00
3.493000e-05	2.222473e-02	1.924866e+00
3.494000e-05	-6.190355e-02	2.073737e+00
3.495000e-05	-3.372658e-02	2.254713e+00
3.496000e-05	-6.643660e-02	2.420604e+00
3.497000e-05	-4.168683e-02	2.517846e+00
3.498000e-05	1.632843e-01	2.757818e+00
3.499000e-05	-1.054555e-01	2.894814e+00
3.500000e-05	-3.336010e-02	2.999955e+00
3.501000e-05	1.370194e-01	3.179478e+00
3.502000e-05	-1.443250e-01	3.391155e+00
3.503000e-05	2.102310e-02	3.557974e+00
3.504000e-05	8.765409e-02	3.705795e+00
3.505000e-05	-1.317230e-01	3.907370e+00
3.506000e-05	5.712864e-02	4.054683e+00
3.507000e-05	1.161437e-02	4.255892e+00
3.508000e-05	-6.090952e-02	4.423634e+00
3.509000e-05	3.675519e-02	4.612154e+00
3.510000e-05	-4.963855e-02	4.784002e+00
3.511000e-05	-1.606000e-03	4.931982e+00
3.512000e-05	-4.470792e-03	5.211607e+00
3.513000e-05	-1.598626e-02	5.361079e+00
3.514000e-05	6.133394e-03	5.516475e+00
3.515000e-05	-3.743851e-03	5.705769e+00
3.516000e-05	-9.466084e-03	5.876295e+00
3.517000e-05	-4.376390e-02	6.023112e+00
3.518000e-05	-6.007080e-03	6.159999e+00
3.519000e-05	1.869649e-02	6.286845e+00
3.520000e-05	-4.075347e-02	6.431108e+00
3.521000e-05	5.476588e-03	6.600032e+00
3.522000e-05	-2.791974e-02	6.748554e+00
3.523000e-05	-1.628973e-02	6.896316e+00
3.524000e-05	-5.024754e-03	7.030107e+00
3.525000e-05	-2.535710e-02	7.148922e+00
3.526000e-05	2.878653e-03	7.222159e+00
3.527000e-05	-2.538099e-02	7.361575e+00
3.528000e-05	-1.576464e-02	7.560451e+00
3.529000e-05	-2.394095e-02	7.695341e+00
3.530000e-05	-5.600980e-03	7.822136e+00
3.531000e-05	-1.645139e-02	7.969406e+00
3.532000e-05	-2.877696e-02	8.087285e+00
3.533000e-05	-1.162504e-02	8.210581e+00
3.534000e-05	-1.819337e-02	8.337846e+00
3.535000e-05	-2.117653e-02	8.371029e+00
3.536000e-05	-2.434829e-02	8.485714e+00
3.537000e-05	-1.449241e-02	8.550472e+00
3.538000e-05	-2.119593e-02	8.654212e+00
3.539000e-05	-2.634847e-02	8.727420e+00
3.540000e-05	-2.172487e-02	8.800662e+00
3.541000e-05	-1.774852e-02	8.937321e+00
3.542000e-05	-2.579500e-02	9.025189e+00
3.543000e-05	-2.641695e-02	9.128821e+00
3.544000e-05	-2.075563e-02	9.201604e+00
3.545000e-05	-2.246792e-02	9.255190e+00
3.546000e-05	-2.940213e-02	9.359798e+00
3.547000e-05	-2.711611e-02	9.411532e+00
3.548000e-05	-2.170993e-02	9.455662e+00
3.549000e-05	-2.928329e-02	9.520320e+00
3.550000e-05	-2.974926e-02	9.581003e+00
3.551000e-05	-2.593473e-02	9.622686e+00
3.552000e-05	-2.482625e-02	9.715740e+00
3.553000e-05	-2.981348e-02	9.759370e+00
3.554000e-05	-3.100290e-02	9.820407e+00
3.555000e-05	-2.954399e-02	9.864086e+00
3.556000e-05	-3.288432e-02	9.867241e+00
3.557000e-05	-3.120162e-02	9.897792e+00
3.558000e-05	-2.988056e-02	9.969851e+00
3.559000e-05	-3.096700e-02	9.940950e+00
3.560000e-05	-3.803058e-02	1.001258e+01
3.561000e-05	-3.596734e-02	1.002113e+01
3.562000e-05	-3.126399e-02	1.002256e+01
3.563000e-05	-3.438605e-02	1.003308e+01
3.564000e-05	-3.721260e-02	1.004421e+01
3.565000e-05	-3.702985e-02	1.004370e+01
3.566000e-05	-3.712766e-02	1.005518e+01
3.567000e-05	-3.998172e-02	1.003523e+01
3.568000e-05	-3.908684e-02	1.007468e+01
3.569000e-05	-3.773962e-02	1.003413e+01
3.570000e-05	-3.983564e-02	1.001358e+01
3.571000e-05	-4.235787e-02	1.005265e+01
3.572000e-05	-4.173201e-02	1.004205e+01
3.573000e-05	-4.305506e-02	9.961478e+00
3.574000e-05	-4.395686e-02	9.969978e+00
3.575000e-05	-4.572525e-02	9.898872e+00
3.576000e-05	-4.637780e-02	9.865743e+00
3.577000e-05	-4.868746e-02	9.844635e+00
3.578000e-05	-4.914932e-02	9.792526e+00
3.579000e-05	-5.064364e-02	9.759416e+00
3.580000e-05	-5.203889e-02	9.697212e+00
3.581000e-05	-5.490217e-02	9.595026e+00
3.582000e-05	-5.642408e-02	9.529874e+00
3.583000e-05	-5.587073e-02	9.505816e+00
3.584000e-05	-5.754631e-02	9.444109e+00
3.585000e-05	-5.926462e-02	9.400528e+00
3.586000e-05	-5.986772e-02	9.316238e+00
3.587000e-05	-6.081501e-02	9.275179e+00
3.588000e-05	-5.968794e-02	9.191977e+00
3.589000e-05	-5.881097e-02	9.107292e+00
3.590000e-05	-5.662526e-02	9.014029e+00
3.591000e-05	-5.765933e-02	8.906764e+00
3.592000e-05	-5.548721e-02	8.772030e+00
3.593000e-05	-5.542163e-02	8.726819e+00
3.594000e-05	-5.025381e-02	8.622628e+00
3.595000e-05	-5.159195e-02	8.538346e+00
3.596000e-05	-4.851027e-02	8.475107e+00
3.597000e-05	-4.842520e-02	8.391474e+00
3.598000e-05	-4.368116e-02	8.304791e+00
3.599000e-05	-4.378094e-02	8.181912e+00
3.600000e-05	-4.123473e-02	8.013580e+00
3.601000e-05	-4.108114e-02	7.928891e+00
3.602000e-05	-3.790969e-02	7.772928e+00
3.603000e-05	-3.772206e-02	7.676290e+00
3.604000e-05	-3.572254e-02	7.561421e+00
3.605000e-05	-3.335329e-02	7.403077e+00
3.606000e-05	-3.214075e-02	7.274231e+00
3.607000e-05	-3.117921e-02	7.126922e+00
3.608000e-05	-3.149237e-02	7.023004e+00
3.609000e-05	-2.923909e-02	6.903683e+00
3.610000e-05	-2.813815e-02	6.760396e+00
3.611000e-05	-2.669908e-02	6.611998e+00
3.612000e-05	-2.554223e-02	6.413500e+00
3.613000e-05	-2.457402e-02	6.326792e+00
3.614000e-05	-2.436492e-02	6.147944e+00
3.615000e-05	-2.393555e-02	6.052001e+00
3.616000e-05	-2.154851e-02	5.886240e+00
3.617000e-05	-2.080221e-02	5.686161e+00
3.618000e-05	-2.140981e-02	5.548317e+00
3.619000e-05	-2.020950e-02	5.391476e+00
3.620000e-05	-1.865792e-02	5.202079e+00
3.621000e-05	-1.895034e-02	5.022048e+00
3.622000e-05	-1.791970e-02	4.812479e+00
3.623000e-05	-1.728553e-02	4.623609e+00
3.624000e-05	-1.486516e-02	4.486138e+00
3.625000e-05	-1.557171e-02	4.379420e+00
3.626000e-05	-1.524663e-02	4.157745e+00
3.627000e-05	-1.325504e-02	4.000996e+00
3.628000e-05	-1.387746e-02	3.822651e+00
3.629000e-05	-1.414620e-02	3.653083e+00
3.630000e-05	-1.313302e-02	3.496816e+00
3.631000e-05	-1.130919e-02	3.305686e+00
3.632000e-05	-1.088046e-02	3.147365e+00
3.633000e-05	-1.132415e-02	2.959872e+00
3.634000e-05	-1.077488e-02	2.820501e+00
3.635000e-05	-1.011592e-02	2.633048e+00
3.636000e-05	-8.875051e-03	2.402474e+00
3.637000e-05	-9.783221e-03	2.239598e+00
3.638000e-05	-8.470538e-03	2.114082e+00
3.639000e-05	-8.560179e-03	1.895263e+00
3.640000e-05	-7.783554e-03	1.682684e+00
3.641000e-05	-7.040151e-03	1.514686e+00
3.642000e-05	-6.548503e-03	1.313691e+00
3.643000e-05	-6.876166e-03	1.113786e+00
3.644000e-05	-5.922064e-03	9.241029e-01
3.645000e-05	-5.365824e-03	6.546344e-01
3.646000e-05	-5.057247e-03	5.247818e-01
3.647000e-05	-4.771573e-03	3.777973e-01
3.648000e-05	-4.509289e-03	1.062622e-01
3.649000e-05	-1.953282e-03	-6.365913e-02
3.650000e-05	3.387434e-03	-2.020540e-01
3.651000e-05	-2.104768e-03	-3.479734e-01
3.652000e-05	2.089635e-03	-4.993159e-01
3.653000e-05	-1.259654e-03	-7.373221e-01
3.654000e-05	4.323693e-04	-8.753169e-01
3.655000e-05	-2.198525e-03	-1.063185e+00
3.656000e-05	7.032986e-03	-1.211080e+00
3.657000e-05	4.859677e-02	-1.439130e+00
3.658000e-05	6.757785e-02	-1.602732e+00
3.659000e-05	-7.719604e-02	-1.886340e+00
3.660000e-05	-3.788343e-03	-2.169395e+00
3.661000e-05	-9.552001e-02	-2.358449e+00
3.662000e-05	1.231128e-02	-2.430553e+00
3.663000e-05	1.658068e-01	-2.483212e+00
3.664000e-05	-1.683911e-01	-2.686420e+00
3.665000e-05	6.363352e-02	-2.843183e+00
3.666000e-05	1.255901e-01	-2.971477e+00
3.667000e-05	-2.067615e-01	-3.254264e+00
3.668000e-05	1.167627e-01	-3.423103e+00
3.669000e-05	6.443303e-02	-3.557449e+00
3.670000e-05	-1.616360e-01	-3.731478e+00
3.671000e-05	1.789317e-01	-3.927850e+00
3.672000e-05	-7.542172e-02	-4.105871e+00
3.673000e-05	-3.764669e-02	-4.307243e+00
3.674000e-05	1.211298e-01	-4.411031e+00
3.675000e-05	-1.407527e-01	-4.634787e+00
3.676000e-05	1.109659e-01	-4.759030e+00
3.677000e-05	5.104213e-04	-4.946349e+00
3.678000e-05	-7.164943e-02	-5.136870e+00
3.679000e-05	1.234720e-01	-5.295343e+00
3.680000e-05	-6.651484e-02	-5.567396e+00
3.681000e-05	6.405936e-02	-5.664715e+00
3.682000e-05	-4.040825e-02	-5.812578e+00
3.683000e-05	-5.394353e-03	-5.989499e+00
3.684000e-05	9.261216e-02	-6.074216e+00
3.685000e-05	-9.074505e-02	-6.266315e+00
3.686000e-05	9.562150e-02	-6.433104e+00
3.687000e-05	-1.895170e-02	-6.590024e+00
3.688000e-05	-6.805230e-03	-6.718295e+00
3.689000e-05	3.784274e-02	-6.822155e+00
3.690000e-05	-4.223825e-02	-6.939130e+00
3.691000e-05	1.035393e-01	-7.129929e+00
3.692000e-05	-4.573561e-02	-7.284214e+00
3.693000e-05	1.187265e-02	-7.390028e+00
3.694000e-05	1.975662e-02	-7.495295e+00
3.695000e-05	1.434980e-02	-7.633584e+00
3.696000e-05	3.651418e-02	-7.759524e+00
3.697000e-05	-2.890367e-02	-7.916921e+00
3.698000e-05	5.684943e-02	-8.043161e+00
3.699000e-05	-2.865009e-03	-8.130402e+00
3.700000e-05	1.176813e-02	-8.244162e+00
3.701000e-05	1.753578e-02	-8.368898e+00
3.702000e-05	2.456483e-02	-8.453658e+00
3.703000e-05	2.144531e-02	-8.520999e+00
3.704000e-05	-8.972062e-03	-8.677291e+00
3.705000e-05	3.698526e-02	-8.791525e+00
3.706000e-05	2.169076e-02	-8.864712e+00
3.707000e-05	1.778865e-02	-8.959947e+00
3.708000e-05	9.733738e-03	-8.994107e+00
3.709000e-05	2.658443e-02	-9.127288e+00
3.710000e-05	2.436482e-02	-9.170451e+00
3.711000e-05	1.119911e-02	-9.183053e+00
3.712000e-05	2.638768e-02	-9.308312e+00
3.713000e-05	2.449266e-02	-9.373124e+00
3.714000e-05	1.932163e-02	-9.446740e+00
3.715000e-05	1.596480e-02	-9.506864e+00
3.716000e-05	3.178001e-02	-9.562477e+00
3.717000e-05	2.665103e-02	-9.652633e+00
3.718000e-05	2.115692e-02	-9.665712e+00
3.719000e-05	2.281889e-02	-9.718767e+00
3.720000e-05	2.561746e-02	-9.760323e+00
3.721000e-05	2.384108e-02	-9.772999e+00
3.722000e-05	2.413713e-02	-9.791153e+00
3.723000e-05	3.141366e-02	-9.856134e+00
3.724000e-05	2.683372e-02	-9.894763e+00
3.725000e-05	2.370444e-02	-9.906787e+00
3.726000e-05	2.883635e-02	-9.927392e+00
3.727000e-05	3.246153e-02	-9.948342e+00
3.728000e-05	2.775620e-02	-9.906342e+00
3.729000e-05	2.848733e-02	-9.940446e+00
3.730000e-05	3.177713e-02	-9.950374e+00
3.731000e-05	3.254667e-02	-9.960449e+00
3.732000e-05	2.919873e-02	-9.960849e+00
3.733000e-05	3.258515e-02	-9.951421e+00
3.734000e-05	3.457724e-02	-9.947375e+00
3.735000e-05	3.345499e-02	-9.919870e+00
3.736000e-05	3.416776e-02	-9.928945e+00
3.737000e-05	3.809937e-02	-9.928320e+00
3.738000e-05	3.770047e-02	-9.925841e+00
3.739000e-05	3.523561e-02	-9.896213e+00
3.740000e-05	3.808017e-02	-9.884633e+00
3.741000e-05	4.157946e-02	-9.844052e+00
3.742000e-05	4.003781e-02	-9.802552e+00
3.743000e-05	4.153108e-02	-9.741425e+00
3.744000e-05	4.548795e-02	-9.719347e+00
3.745000e-05	4.671703e-02	-9.695711e+00
3.746000e-05	4.566020e-02	-9.654631e+00
3.747000e-05	4.697009e-02	-9.601525e+00
3.748000e-05	5.030709e-02	-9.539298e+00
3.749000e-05	5.123480e-02	-9.486737e+00
3.750000e-05	5.221649e-02	-9.402553e+00
3.751000e-05	5.249560e-02	-9.297262e+00
3.752000e-05	5.199069e-02	-9.195525e+00
3.753000e-05	5.298977e-02	-9.160349e+00
3.754000e-05	5.292596e-02	-9.086736e+00
3.755000e-05	5.263943e-02	-9.012576e+00
3.756000e-05	5.219072e-02	-8.898818e+00
3.757000e-05	5.000415e-02	-8.874107e+00
3.758000e-05	4.882106e-02	-8.792474e+00
3.759000e-05	4.643987e-02	-8.685765e+00
3.760000e-05	4.461008e-02	-8.582343e+00
3.761000e-05	4.375102e-02	-8.466611e+00
3.762000e-05	4.196709e-02	-8.369898e+00
3.763000e-05	3.990821e-02	-8.265284e+00
3.764000e-05	3.916322e-02	-8.181477e+00
3.765000e-05	3.628818e-02	-8.065612e+00
3.766000e-05	3.619994e-02	-7.980978e+00
3.767000e-05	3.290057e-02	-7.862663e+00
3.768000e-05	3.178636e-02	-7.737787e+00
3.769000e-05	3.055777e-02	-7.570967e+00
3.770000e-05	2.800926e-02	-7.473631e+00
3.771000e-05	2.700657e-02	-7.297187e+00
3.772000e-05	2.567292e-02	-7.232029e+00
3.773000e-05	2.498578e-02	-7.077162e+00
3.774000e-05	2.238504e-02	-6.896237e+00
3.775000e-05	2.148796e-02	-6.779994e+00
3.776000e-05	2.118258e-02	-6.644557e+00
3.777000e-05	1.937391e-02	-6.506234e+00
3.778000e-05	1.850356e-02	-6.389447e+00
3.779000e-05	1.745659e-02	-6.215047e+00
3.780000e-05	1.576127e-02	-6.044079e+00
3.781000e-05	1.485267e-02	-5.895765e+00
3.782000e-05	1.480428e-02	-5.749346e+00
3.783000e-05	1.296162e-02	-5.610949e+00
3.784000e-05	1.190503e-02	-5.484178e+00
3.785000e-05	1.132287e-02	-5.244125e+00
3.786000e-05	1.119699e-02	-5.074130e+00
3.787000e-05	9.950266e-03	-4.904217e+00
3.788000e-05	9.396864e-03	-4.705112e+00
3.789000e-05	8.024450e-03	-4.486416e+00
3.790000e-05	8.088646e-03	-4.400975e+00
3.791000e-05	7.581951e-03	-4.283157e+00
3.792000e-05	5.730214e-03	-4.106162e+00
3.793000e-05	6.434033e-03	-3.968364e+00
3.794000e-05	4.317834e-03	-3.707890e+00
3.795000e-05	5.132228e-03	-3.589866e+00
3.796000e-05	4.456782e-03	-3.409021e+00
3.797000e-05	4.970541e-03	-3.243578e+00
3.798000e-05	3.125708e-03	-3.103231e+00
3.799000e-05	2.129749e-03	-2.863601e+00
3.800000e-05	2.062993e-03	-2.684810e+00
3.801000e-05	2.852891e-04	-2.435763e+00
3.802000e-05	2.251842e-03	-2.369370e+00
3.803000e-05	9.974972e-04	-2.166771e+00
3.804000e-05	2.116417e-03	-1.958842e+00
3.805000e-05	-1.124443e-03	-1.758874e+00
3.806000e-05	5.815420e-04	-1.622550e+00
3.807000e-05	-1.654380e-03	-1.410420e+00
3.808000e-05	-5.748090e-04	-1.156918e+00
3.809000e-05	-3.218633e-03	-9.999698e-01
3.810000e-05	-1.224719e-03	-8.309712e-01
3.811000e-05	-3.859991e-03	-6.339976e-01
3.812000e-05	-3.125103e-03	-3.915474e-01
3.813000e-05	-3.333610e-03	-2.425276e-01
3.814000e-05	-3.068304e-03	-7.470546e-02
3.815000e-05	1.535005e-03	8.376829e-02
3.816000e-05	2.793202e-03	3.254209e-01
3.817000e-05	-4.469489e-03	4.326869e-01
3.818000e-05	5.134737e-04	6.836305e-01
3.819000e-05	-5.452599e-03	7.984800e-01
3.820000e-05	-2.465555e-03	9.079746e-01
3.821000e-05	-4.333618e-03	1.179469e+00
3.822000e-05	3.751857e-03	1.388472e+00
3.823000e-05	2.274329e-02	1.559899e+00
3.824000e-05	7.158102e-02	1.769501e+00
3.825000e-05	-3.750294e-02	1.979449e+00
3.826000e-05	-4.285147e-02	2.167949e+00
3.827000e-05	-4.359867e-02	2.357346e+00
3.828000e-05	-7.942338e-02	2.433085e+00
3.829000e-05	5.419834e-02	2.612680e+00
3.830000e-05	1.065401e-01	2.791003e+00
3.831000e-05	-1.847582e-01	2.917897e+00
3.832000e-05	1.340133e-01	3.064262e+00
3.833000e-05	-1.563192e-02	3.243237e+00
3.834000e-05	-1.136909e-01	3.484368e+00
3.835000e-05	1.057170e-01	3.601027e+00
3.836000e-05	-1.989946e-02	3.830553e+00
3.837000e-05	-8.856356e-02	3.959479e+00
3.838000e-05	9.854912e-02	4.107904e+00
3.839000e-05	-6.710291e-02	4.360450e+00
3.840000e-05	-7.228100e-03	4.485192e+00
3.841000e-05	1.383869e-02	4.707275e+00
3.842000e-05	-5.190297e-02	4.835241e+00
3.843000e-05	1.842845e-02	5.065270e+00
3.844000e-05	-2.795265e-02	5.284345e+00
3.845000e-05	5.678734e-03	5.484182e+00
3.846000e-05	-5.578622e-03	5.591479e+00
3.847000e-05	9.965199e-04	5.770453e+00
3.848000e-05	-2.581286e-02	5.928949e+00
3.849000e-05	-4.031957e-02	6.096769e+00
3.850000e-05	2.406047e-02	6.201108e+00
3.851000e-05	-2.015761e-02	6.380975e+00
3.852000e-05	-2.207910e-02	6.475315e+00
3.853000e-05	-2.265247e-03	6.687791e+00
3.854000e-05	-2.930965e-02	6.843657e+00
3.855000e-05	-6.851748e-03	6.939924e+00
3.856000e-05	-1.726891e-02	7.044758e+00
3.857000e-05	-1.360274e-02	7.178953e+00
3.858000e-05	-2.967842e-03	7.274191e+00
3.859000e-05	-2.866372e-02	7.447317e+00
3.860000e-05	-1.774438e-02	7.621137e+00
3.861000e-05	-1.942643e-02	7.778348e+00
3.862000e-05	-4.955507e-03	7.845264e+00
3.863000e-05	-2.385970e-02	8.004529e+00
3.864000e-05	-2.465225e-02	8.098896e+00
3.865000e-05	-7.684821e-03	8.244238e+00
3.866000e-05	-2.397024e-02	8.338424e+00
3.867000e-05	-1.971020e-02	8.423605e+00
3.868000e-05	-2.364695e-02	8.506845e+00
3.869000e-05	-1.380492e-02	8.582030e+00
3.870000e-05	-2.583690e-02	8.676791e+00
3.871000e-05	-2.544603e-02	8.789449e+00
3.872000e-05	-1.705348e-02	8.846690e+00
3.873000e-05	-2.239008e-02	8.944577e+00
3.874000e-05	-2.467828e-02	9.048242e+00
3.875000e-05	-2.623912e-02	9.161376e+00
3.876000e-05	-1.750853e-02	9.243606e+00
3.877000e-05	-2.788010e-02	9.307267e+00
3.878000e-05	-2.812821e-02	9.371004e+00
3.879000e-05	-2.453631e-02	9.444636e+00
3.880000e-05	-2.426390e-02	9.496794e+00
3.881000e-05	-3.069546e-02	9.538920e+00
3.882000e-05	-3.000754e-02	9.561104e+00
3.883000e-05	-2.289662e-02	9.643662e+00
3.884000e-05	-2.786350e-02	9.697840e+00
3.885000e-05	-2.927145e-02	9.791405e+00
3.886000e-05	-3.202796e-02	9.814660e+00
3.887000e-05	-2.973950e-02	9.876713e+00
3.888000e-05	-3.330090e-02	9.888142e+00
3.889000e-05	-2.957089e-02	9.938421e+00
3.890000e-05	-3.008665e-02	9.989927e+00
3.891000e-05	-3.290314e-02	9.971925e+00
3.892000e-05	-3.805956e-02	1.002061e+01
3.893000e-05	-3.428467e-02	1.002210e+01
3.894000e-05	-3.254503e-02	1.005363e+01
3.895000e-05	-3.589065e-02	1.005404e+01
3.896000e-05	-3.522015e-02	1.005476e+01
3.897000e-05	-3.655062e-02	1.003363e+01
3.898000e-05	-3.793670e-02	1.004371e+01
3.899000e-05	-3.959456e-02	1.002521e+01
3.900000e-05	-3.865585e-02	1.003413e+01
3.901000e-05	-3.796918e-02	1.007459e+01
3.902000e-05	-4.196706e-02	1.004156e+01
3.903000e-05	-4.266105e-02	1.000363e+01
3.904000e-05	-4.232663e-02	9.991577e+00
3.905000e-05	-4.278816e-02	9.990400e+00
3.906000e-05	-4.453030e-02	9.919949e+00
3.907000e-05	-4.603426e-02	9.909243e+00
3.908000e-05	-4.681181e-02	9.838215e+00
3.909000e-05	-4.970776e-02	9.842481e+00
3.910000e-05	-4.831344e-02	9.770924e+00
3.911000e-05	-5.173517e-02	9.737714e+00
3.912000e-05	-5.214988e-02	9.615553e+00
3.913000e-05	-5.569526e-02	9.592978e+00
3.914000e-05	-5.594557e-02	9.518471e+00
3.915000e-05	-5.700358e-02	9.455264e+00
3.916000e-05	-5.704979e-02	9.402026e+00
3.917000e-05	-5.769288e-02	9.347323e+00
3.918000e-05	-5.887948e-02	9.265336e+00
3.919000e-05	-5.994628e-02	9.223079e+00
3.920000e-05	-5.850229e-02	9.168421e+00
3.921000e-05	-5.872019e-02	9.056688e+00
3.922000e-05	-5.661435e-02	9.001973e+00
3.923000e-05	-5.747572e-02	8.845158e+00
3.924000e-05	-5.582271e-02	8.740899e+00
3.925000e-05	-5.299740e-02	8.684740e+00
3.926000e-05	-5.047538e-02	8.610578e+00
3.927000e-05	-4.944726e-02	8.546744e+00
3.928000e-05	-4.946172e-02	8.423534e+00
3.929000e-05	-4.609468e-02	8.329395e+00
3.930000e-05	-4.473421e-02	8.222032e+00
3.931000e-05	-4.262543e-02	8.096768e+00
3.932000e-05	-4.246544e-02	7.961473e+00
3.933000e-05	-3.841512e-02	7.875187e+00
3.934000e-05	-3.806704e-02	7.789870e+00
3.935000e-05	-3.547541e-02	7.643633e+00
3.936000e-05	-3.542098e-02	7.506720e+00
3.937000e-05	-3.193505e-02	7.316797e+00
3.938000e-05	-3.173982e-02	7.223474e+00
3.939000e-05	-3.054054e-02	7.085262e+00
3.940000e-05	-3.082743e-02	6.949294e+00
3.941000e-05	-2.805842e-02	6.813007e+00
3.942000e-05	-2.817858e-02	6.706241e+00
3.943000e-05	-2.627351e-02	6.517714e+00
3.944000e-05	-2.506847e-02	6.361447e+00
3.945000e-05	-2.267896e-02	6.213082e+00
3.946000e-05	-2.360614e-02	6.064689e+00
3.947000e-05	-2.281798e-02	5.979898e+00
3.948000e-05	-2.190643e-02	5.820500e+00
3.949000e-05	-2.036055e-02	5.612999e+00
3.950000e-05	-2.070780e-02	5.464159e+00
3.951000e-05	-2.101943e-02	5.346265e+00
3.952000e-05	-1.856790e-02	5.148712e+00
3.953000e-05	-1.671277e-02	4.935686e+00
3.954000e-05	-1.772390e-02	4.728367e+00
3.955000e-05	-1.633111e-02	4.571471e+00
3.956000e-05	-1.818565e-02	4.433052e+00
3.957000e-05	-1.280553e-02	4.314635e+00
3.958000e-05	-1.555550e-02	4.035555e+00
3.959000e-05	-1.224252e-02	3.954264e+00
3.960000e-05	-1.408046e-02	3.759317e+00
3.961000e-05	-1.323913e-02	3.632474e+00
3.962000e-05	-1.280452e-02	3.439503e+00
3.963000e-05	-1.220373e-02	3.213527e+00
3.964000e-05	-1.046247e-02	3.103580e+00
3.965000e-05	-1.105363e-02	2.883734e+00
3.966000e-05	-9.832574e-03	2.758370e+00
3.967000e-05	-1.028984e-02	2.506212e+00
3.968000e-05	-1.048396e-02	2.326293e+00
3.969000e-05	-9.303222e-03	2.168271e+00
3.970000e-05	-8.246744e-03	1.981997e+00
3.971000e-05	-7.520035e-03	1.808417e+00
3.972000e-05	-6.994261e-03	1.611997e+00
3.973000e-05	-8.519607e-03	1.431974e+00
3.974000e-05	-6.835279e-03	1.223050e+00
3.975000e-05	-7.114525e-03	1.040324e+00
3.976000e-05	-5.675204e-03	7.789486e-01
3.977000e-05	-5.580676e-03	6.214976e-01
3.978000e-05	-4.683921e-03	4.425538e-01
3.979000e-05	-4.026813e-03	3.035581e-01
3.980000e-05	-4.653501e-03	7.110276e-02
3.981000e-05	6.115435e-04	-1.268707e-01
3.982000e-05	1.624982e-03	-3.253109e-01
3.983000e-05	-2.495461e-03	-3.921290e-01
3.984000e-05	2.526629e-03	-6.312331e-01
3.985000e-05	-1.934196e-03	-8.111041e-01
3.986000e-05	1.445892e-04	-9.779737e-01
3.987000e-05	1.669329e-04	-1.147341e+00
3.988000e-05	1.521276e-02	-1.306332e+00
3.989000e-05	8.966058e-02	-1.535888e+00
3.990000e-05	-1.794915e-02	-1.737972e+00
3.991000e-05	-4.245426e-02	-2.040528e+00
3.992000e-05	-3.402862e-02	-2.233139e+00
3.993000e-05	-9.904258e-02	-2.400999e+00
3.994000e-05	1.344614e-01	-2.410479e+00
3.995000e-05	3.801420e-02	-2.579500e+00
3.996000e-05	-1.692958e-01	-2.801151e+00
3.997000e-05	1.955549e-01	-2.877259e+00
3.998000e-05	-8.203095e-02	-3.116795e+00
3.999000e-05	-1.146277e-01	-3.358499e+00
4.000000e-05	1.883263e-01	-3.453587e+00
4.001000e-05	-9.682507e-02	-3.622656e+00
4.002000e-05	-1.972883e-02	-3.835239e+00
4.003000e-05	1.579338e-01	-3.961476e+00
4.004000e-05	-1.681261e-01	-4.201134e+00
4.005000e-05	1.160409e-01	-4.339422e+00
4.006000e-05	-1.922287e-02	-4.475343e+00
4.007000e-05	-6.545268e-02	-4.756918e+00
4.008000e-05	1.439290e-01	-4.813634e+00
4.009000e-05	-1.141337e-01	-5.043183e+00
4.010000e-05	5.720031e-02	-5.221603e+00
4.011000e-05	4.119172e-02	-5.422208e+00
4.012000e-05	-3.326213e-02	-5.581607e+00
4.013000e-05	6.308927e-02	-5.739846e+00
4.014000e-05	-9.129345e-02	-5.896317e+00
4.015000e-05	9.065189e-02	-6.031053e+00
4.016000e-05	-6.061071e-03	-6.138526e+00
4.017000e-05	-3.044136e-02	-6.389524e+00
4.018000e-05	9.385263e-02	-6.495266e+00
4.019000e-05	-6.773839e-02	-6.623733e+00
4.020000e-05	5.688748e-02	-6.798423e+00
4.021000e-05	-3.113175e-02	-6.874690e+00
4.022000e-05	3.263860e-02	-7.067790e+00
4.023000e-05	6.216575e-02	-7.210526e+00
4.024000e-05	-5.810926e-02	-7.309871e+00
4.025000e-05	4.691031e-02	-7.424576e+00
4.026000e-05	-8.485568e-03	-7.531425e+00
4.027000e-05	4.677341e-02	-7.696316e+00
4.028000e-05	-5.286168e-03	-7.846214e+00
4.029000e-05	6.061048e-03	-7.980503e+00
4.030000e-05	4.715994e-02	-8.097288e+00
4.031000e-05	-1.767867e-02	-8.191176e+00
4.032000e-05	2.991297e-02	-8.306337e+00
4.033000e-05	8.277425e-03	-8.380000e+00
4.034000e-05	3.726588e-02	-8.517316e+00
4.035000e-05	-3.573115e-03	-8.634661e+00
4.036000e-05	1.069590e-02	-8.719346e+00
4.037000e-05	3.761823e-02	-8.829603e+00
4.038000e-05	1.485756e-02	-8.887366e+00
4.039000e-05	1.668549e-02	-8.992028e+00
4.040000e-05	1.084184e-02	-9.076185e+00
4.041000e-05	3.399872e-02	-9.107793e+00
4.042000e-05	1.191104e-02	-9.191972e+00
4.043000e-05	1.851147e-02	-9.255113e+00
4.044000e-05	2.674934e-02	-9.330448e+00
4.045000e-05	2.322774e-02	-9.434161e+00
4.046000e-05	1.451407e-02	-9.477819e+00
4.047000e-05	2.025910e-02	-9.559452e+00
4.048000e-05	3.331711e-02	-9.622577e+00
4.049000e-05	2.334613e-02	-9.654711e+00
4.050000e-05	2.308148e-02	-9.695739e+00
4.051000e-05	2.206357e-02	-9.719844e+00
4.052000e-05	2.634893e-02	-9.750473e+00
4.053000e-05	2.127936e-02	-9.792076e+00
4.054000e-05	2.730364e-02	-9.832129e+00
4.055000e-05	3.016253e-02	-9.865181e+00
4.056000e-05	2.506895e-02	-9.876788e+00
4.057000e-05	2.539442e-02	-9.917315e+00
4.058000e-05	3.024297e-02	-9.899341e+00
4.059000e-05	3.153966e-02	-9.957871e+00
4.060000e-05	2.794144e-02	-9.917345e+00
4.061000e-05	3.101262e-02	-9.939422e+00
4.062000e-05	3.192394e-02	-9.920951e+00
4.063000e-05	3.102165e-02	-9.979971e+00
4.064000e-05	2.929409e-02	-9.949444e+00
4.065000e-05	3.335058e-02	-9.948445e+00
4.066000e-05	3.464200e-02	-9.939445e+00
4.067000e-05	3.372697e-02	-9.938944e+00
4.068000e-05	3.588634e-02	-9.928897e+00
4.069000e-05	3.737275e-02	-9.906842e+00
4.070000e-05	3.745455e-02	-9.905817e+00
4.071000e-05	3.615241e-02	-9.876212e+00
4.072000e-05	4.013928e-02	-9.854160e+00
4.073000e-05	3.991691e-02	-9.792076e+00
4.074000e-05	4.025213e-02	-9.772449e+00
4.075000e-05	4.231104e-02	-9.738946e+00
4.076000e-05	4.463818e-02	-9.718838e+00
4.077000e-05	4.730020e-02	-9.646260e+00
4.078000e-05	4.663205e-02	-9.592003e+00
4.079000e-05	5.000777e-02	-9.559949e+00
4.080000e-05	5.124487e-02	-9.497793e+00
4.081000e-05	5.109498e-02	-9.453662e+00
4.082000e-05	5.225382e-02	-9.349994e+00
4.083000e-05	5.296478e-02	-9.268137e+00
4.084000e-05	5.258694e-02	-9.191054e+00
4.085000e-05	5.305857e-02	-9.106265e+00
4.086000e-05	5.269728e-02	-9.045102e+00
4.087000e-05	5.312291e-02	-8.940472e+00
4.088000e-05	5.165305e-02	-8.884761e+00
4.089000e-05	4.947654e-02	-8.823529e+00
4.090000e-05	4.771366e-02	-8.760398e+00
4.091000e-05	4.541178e-02	-8.664607e+00
4.092000e-05	4.573548e-02	-8.521339e+00
4.093000e-05	4.307107e-02	-8.432577e+00
4.094000e-05	4.045605e-02	-8.337821e+00
4.095000e-05	3.914048e-02	-8.244605e+00
4.096000e-05	3.785786e-02	-8.169341e+00
4.097000e-05	3.611046e-02	-8.053628e+00
4.098000e-05	3.466055e-02	-7.949941e+00
4.099000e-05	3.342432e-02	-7.803622e+00
4.100000e-05	3.148122e-02	-7.654001e+00
4.101000e-05	2.883561e-02	-7.547812e+00
4.102000e-05	2.681584e-02	-7.382476e+00
4.103000e-05	2.641104e-02	-7.296682e+00
4.104000e-05	2.657536e-02	-7.189920e+00
4.105000e-05	2.341308e-02	-6.972449e+00
4.106000e-05	2.213849e-02	-6.804124e+00
4.107000e-05	2.103252e-02	-6.736291e+00
4.108000e-05	2.120156e-02	-6.581024e+00
4.109000e-05	1.828608e-02	-6.484105e+00
4.110000e-05	1.810167e-02	-6.318760e+00
4.111000e-05	1.691132e-02	-6.177263e+00
4.112000e-05	1.623431e-02	-6.000971e+00
4.113000e-05	1.467529e-02	-5.812580e+00
4.114000e-05	1.294517e-02	-5.735741e+00
4.115000e-05	1.221649e-02	-5.570892e+00
4.116000e-05	1.199353e-02	-5.369846e+00
4.117000e-05	1.139769e-02	-5.199293e+00
4.118000e-05	1.106617e-02	-5.018974e+00
4.119000e-05	9.350853e-03	-4.810020e+00
4.120000e-05	9.603648e-03	-4.642047e+00
4.121000e-05	7.611702e-03	-4.474108e+00
4.122000e-05	8.750563e-03	-4.327867e+00
4.123000e-05	5.412719e-03	-4.210399e+00
4.124000e-05	7.889242e-03	-4.033053e+00
4.125000e-05	4.739985e-03	-3.905682e+00
4.126000e-05	5.519413e-03	-3.663577e+00
4.127000e-05	3.835340e-03	-3.505762e+00
4.128000e-05	5.410124e-03	-3.328366e+00
4.129000e-05	3.632592e-03	-3.190449e+00
4.130000e-05	4.046250e-03	-2.958270e+00
4.131000e-05	1.980514e-03	-2.770995e+00
4.132000e-05	3.218949e-03	-2.621529e+00
4.133000e-05	7.445284e-05	-2.442102e+00
4.134000e-05	2.003940e-03	-2.294629e+00
4.135000e-05	7.786516e-04	-2.033554e+00
4.136000e-05	1.070130e-03	-1.893658e+00
4.137000e-05	-5.219780e-04	-1.725739e+00
4.138000e-05	-1.905895e-04	-1.537941e+00
4.139000e-05	-7.082582e-04	-1.284785e+00
4.140000e-05	-9.952351e-04	-1.084184e+00
4.141000e-05	-2.681536e-03	-9.076593e-01
4.142000e-05	-3.164360e-03	-7.498934e-01
4.143000e-05	-3.469638e-03	-5.241343e-01
4.144000e-05	-2.435734e-03	-3.268683e-01
4.145000e-05	-3.395103e-03	-1.673174e-01
4.146000e-05	-1.898884e-03	-2.195012e-02
4.147000e-05	3.114593e-03	1.290550e-01
4.148000e-05	-1.023112e-03	3.674501e-01
4.149000e-05	-1.630057e-03	5.373196e-01
4.150000e-05	-1.894065e-03	6.553644e-01
4.151000e-05	-3.939749e-03	8.316317e-01
4.152000e-05	-3.125539e-03	1.032788e+00
4.153000e-05	-2.246566e-03	1.253609e+00
4.154000e-05	7.039006e-03	1.401125e+00
4.155000e-05	5.099767e-02	1.622214e+00
4.156000e-05	3.804966e-02	1.873792e+00
4.157000e-05	-6.303890e-02	2.082659e+00
4.158000e-05	-3.281359e-02	2.253586e+00
4.159000e-05	-6.047612e-02	2.389501e+00
4.160000e-05	-5.805827e-02	2.474770e+00
4.161000e-05	1.488032e-01	2.747371e+00
4.162000e-05	-5.381191e-02	2.893639e+00
4.163000e-05	-9.237708e-02	2.999503e+00
4.164000e-05	1.601297e-01	3.157426e+00
4.165000e-05	-1.291029e-01	3.370530e+00
4.166000e-05	-1.446913e-02	3.558976e+00
4.167000e-05	1.089196e-01	3.664338e+00
4.168000e-05	-1.147619e-01	3.845289e+00
4.169000e-05	2.684541e-02	4.002557e+00
4.170000e-05	3.664706e-02	4.253265e+00
4.171000e-05	-7.459267e-02	4.401027e+00
4.172000e-05	3.059470e-02	4.580479e+00
4.173000e-05	-3.311125e-02	4.758951e+00
4.174000e-05	-1.456326e-02	4.915827e+00
4.175000e-05	2.941659e-03	5.168979e+00
4.176000e-05	-2.400541e-02	5.359425e+00
4.177000e-05	9.508843e-03	5.498897e+00
4.178000e-05	-3.790611e-03	5.643239e+00
4.179000e-05	-5.088543e-03	5.844191e+00
4.180000e-05	-4.090963e-02	6.001004e+00
4.181000e-05	-1.847410e-02	6.107899e+00
4.182000e-05	2.521572e-02	6.276742e+00
4.183000e-05	-4.103967e-02	6.421533e+00
4.184000e-05	2.202412e-03	6.551500e+00
4.185000e-05	-2.353321e-02	6.718924e+00
4.186000e-05	-2.136718e-02	6.865790e+00
4.187000e-05	-6.248565e-03	7.010003e+00
4.188000e-05	-2.566502e-02	7.087392e+00
4.189000e-05	2.047762e-03	7.212083e+00
4.190000e-05	-2.040206e-02	7.339378e+00
4.191000e-05	-1.928441e-02	7.518926e+00
4.192000e-05	-2.565257e-02	7.676341e+00
4.193000e-05	-8.266471e-03	7.830635e+00
4.194000e-05	-1.253222e-02	7.897949e+00
4.195000e-05	-2.789069e-02	8.024164e+00
4.196000e-05	-1.626825e-02	8.170055e+00
4.197000e-05	-1.487373e-02	8.287297e+00
4.198000e-05	-2.238235e-02	8.369977e+00
4.199000e-05	-2.374107e-02	8.445139e+00
4.200000e-05	-1.684666e-02	8.517872e+00
4.201000e-05	-1.889626e-02	8.663713e+00
4.202000e-05	-2.582673e-02	8.748344e+00
4.203000e-05	-2.385076e-02	8.822658e+00
4.204000e-05	-1.691380e-02	8.917271e+00
4.205000e-05	-2.493375e-02	8.995083e+00
4.206000e-05	-2.606417e-02	9.098871e+00
4.207000e-05	-2.269318e-02	9.190529e+00
4.208000e-05	-2.130101e-02	9.275711e+00
4.209000e-05	-2.782798e-02	9.318870e+00
4.210000e-05	-2.680819e-02	9.432578e+00
4.211000e-05	-2.156813e-02	9.504762e+00
4.212000e-05	-2.778728e-02	9.497796e+00
4.213000e-05	-3.032886e-02	9.570001e+00
4.214000e-05	-2.767352e-02	9.602056e+00
4.215000e-05	-2.387454e-02	9.636265e+00
4.216000e-05	-2.895231e-02	9.719775e+00
4.217000e-05	-3.007843e-02	9.782103e+00
4.218000e-05	-3.092073e-02	9.846109e+00
4.219000e-05	-3.215052e-02	9.896766e+00
4.220000e-05	-3.091917e-02	9.877370e+00
4.221000e-05	-3.021240e-02	9.919949e+00
4.222000e-05	-2.954586e-02	9.989474e+00
4.223000e-05	-3.681127e-02	1.000153e+01
4.224000e-05	-3.576336e-02	1.000300e+01
4.225000e-05	-3.314118e-02	1.001365e+01
4.226000e-05	-3.358153e-02	1.002413e+01
4.227000e-05	-3.653179e-02	1.006416e+01
4.228000e-05	-3.671806e-02	1.005371e+01
4.229000e-05	-3.657697e-02	1.004323e+01
4.230000e-05	-3.934188e-02	1.005468e+01
4.231000e-05	-3.840366e-02	1.006368e+01
4.232000e-05	-3.809786e-02	1.003511e+01
4.233000e-05	-3.950300e-02	1.001356e+01
4.234000e-05	-4.300892e-02	1.005308e+01
4.235000e-05	-4.333500e-02	1.002308e+01
4.236000e-05	-4.210204e-02	9.961905e+00
4.237000e-05	-4.329099e-02	9.950024e+00
4.238000e-05	-4.571946e-02	9.937797e+00
4.239000e-05	-4.697560e-02	9.907295e+00
4.240000e-05	-4.736970e-02	9.855138e+00
4.241000e-05	-4.950897e-02	9.843474e+00
4.242000e-05	-4.965659e-02	9.748347e+00
4.243000e-05	-5.218189e-02	9.688193e+00
4.244000e-05	-5.424815e-02	9.592532e+00
4.245000e-05	-5.583170e-02	9.531378e+00
4.246000e-05	-5.671154e-02	9.496290e+00
4.247000e-05	-5.677132e-02	9.474187e+00
4.248000e-05	-5.928501e-02	9.360478e+00
4.249000e-05	-5.905844e-02	9.327819e+00
4.250000e-05	-6.018210e-02	9.264163e+00
4.251000e-05	-5.915794e-02	9.211526e+00
4.252000e-05	-5.868874e-02	9.098792e+00
4.253000e-05	-5.776965e-02	9.022629e+00
4.254000e-05	-5.627250e-02	8.890266e+00
4.255000e-05	-5.590224e-02	8.822049e+00
4.256000e-05	-5.537856e-02	8.748796e+00
4.257000e-05	-5.095310e-02	8.664761e+00
4.258000e-05	-5.145367e-02	8.539449e+00
4.259000e-05	-4.717398e-02	8.506287e+00
4.260000e-05	-4.836122e-02	8.371002e+00
4.261000e-05	-4.382781e-02	8.317740e+00
4.262000e-05	-4.449020e-02	8.150421e+00
4.263000e-05	-4.054566e-02	8.034582e+00
4.264000e-05	-4.147040e-02	7.930395e+00
4.265000e-05	-3.812480e-02	7.833052e+00
4.266000e-05	-3.878057e-02	7.697715e+00
4.267000e-05	-3.450553e-02	7.601450e+00
4.268000e-05	-3.498704e-02	7.423058e+00
4.269000e-05	-3.243059e-02	7.275716e+00
4.270000e-05	-3.231426e-02	7.148397e+00
4.271000e-05	-2.899830e-02	7.012601e+00
4.272000e-05	-2.834329e-02	6.895160e+00
4.273000e-05	-2.819053e-02	6.799924e+00
4.274000e-05	-2.704723e-02	6.632529e+00
4.275000e-05	-2.600094e-02	6.442601e+00
4.276000e-05	-2.376848e-02	6.316267e+00
4.277000e-05	-2.369890e-02	6.139920e+00
4.278000e-05	-2.343203e-02	6.032580e+00
4.279000e-05	-2.182450e-02	5.936316e+00
4.280000e-05	-2.001823e-02	5.726739e+00
4.281000e-05	-2.022791e-02	5.550868e+00
4.282000e-05	-2.072054e-02	5.392526e+00
4.283000e-05	-1.857290e-02	5.233005e+00
4.284000e-05	-1.780936e-02	5.041579e+00
4.285000e-05	-1.736416e-02	4.801925e+00
4.286000e-05	-1.720217e-02	4.654758e+00
4.287000e-05	-1.541491e-02	4.515690e+00
4.288000e-05	-1.493063e-02	4.388395e+00
4.289000e-05	-1.579908e-02	4.221418e+00
4.290000e-05	-1.349131e-02	3.999925e+00
4.291000e-05	-1.222291e-02	3.832582e+00
4.292000e-05	-1.322892e-02	3.714634e+00
4.293000e-05	-1.402344e-02	3.527292e+00
4.294000e-05	-1.186626e-02	3.315188e+00
4.295000e-05	-1.111398e-02	3.135820e+00
4.296000e-05	-1.245086e-02	2.959949e+00
4.297000e-05	-1.139286e-02	2.832528e+00
4.298000e-05	-1.010992e-02	2.623057e+00
4.299000e-05	-8.277189e-03	2.432048e+00
4.300000e-05	-9.655438e-03	2.251009e+00
4.301000e-05	-8.429214e-03	2.063110e+00
4.302000e-05	-8.860290e-03	1.917815e+00
4.303000e-05	-7.601196e-03	1.714642e+00
4.304000e-05	-8.217245e-03	1.536814e+00
4.305000e-05	-6.967391e-03	1.327263e+00
4.306000e-05	-6.814054e-03	1.176812e+00
4.307000e-05	-5.952474e-03	8.640592e-01
4.308000e-05	-5.955496e-03	7.162156e-01
4.309000e-05	-5.202797e-03	4.958132e-01
4.310000e-05	-5.616794e-03	3.809448e-01
4.311000e-05	-5.020182e-03	1.178609e-01
4.312000e-05	-2.655490e-03	-2.315508e-02
4.313000e-05	4.259765e-03	-1.690749e-01
4.314000e-05	-8.269036e-04	-3.579211e-01
4.315000e-05	1.947530e-04	-5.268181e-01
4.316000e-05	-1.159248e-03	-7.164221e-01
4.317000e-05	-2.609371e-04	-9.357357e-01
4.318000e-05	-1.079028e-03	-1.041106e+00
4.319000e-05	5.671803e-03	-1.200654e+00
4.320000e-05	3.701473e-02	-1.359600e+00
4.321000e-05	8.381623e-02	-1.600056e+00
4.322000e-05	-7.434055e-02	-1.865263e+00
4.323000e-05	-7.532016e-03	-2.074346e+00
4.324000e-05	-8.416390e-02	-2.359423e+00
4.325000e-05	-2.577179e-02	-2.411028e+00
4.326000e-05	1.768757e-01	-2.423713e+00
4.327000e-05	-1.262795e-01	-2.684338e+00
4.328000e-05	-3.316290e-03	-2.843608e+00
4.329000e-05	1.690579e-01	-2.947921e+00
4.330000e-05	-1.977428e-01	-3.202182e+00
4.331000e-05	6.648588e-02	-3.420079e+00
4.332000e-05	1.123328e-01	-3.537370e+00
4.333000e-05	-1.685522e-01	-3.727891e+00
4.334000e-05	1.444257e-01	-3.938343e+00
4.335000e-05	-1.516046e-02	-4.084812e+00
4.336000e-05	-8.956259e-02	-4.295866e+00
4.337000e-05	1.418112e-01	-4.390501e+00
4.338000e-05	-1.301171e-01	-4.602083e+00
4.339000e-05	7.518208e-02	-4.769550e+00
4.340000e-05	4.676552e-02	-4.886867e+00
4.341000e-05	-1.022322e-01	-5.117794e+00
4.342000e-05	1.244802e-01	-5.275140e+00
4.343000e-05	-4.853376e-02	-5.517395e+00
4.344000e-05	4.497354e-02	-5.664213e+00
4.345000e-05	-1.299619e-02	-5.780054e+00
4.346000e-05	-3.889745e-02	-5.989949e+00
4.347000e-05	1.082626e-01	-6.054164e+00
4.348000e-05	-8.351121e-02	-6.277217e+00
4.349000e-05	7.117994e-02	-6.431505e+00
4.350000e-05	1.069032e-02	-6.559401e+00
4.351000e-05	-2.875229e-02	-6.705392e+00
4.352000e-05	5.373848e-02	-6.812028e+00
4.353000e-05	-5.331765e-02	-6.931577e+00
4.354000e-05	9.780825e-02	-7.136874e+00
4.355000e-05	-2.364449e-02	-7.262710e+00
4.356000e-05	-5.900831e-03	-7.380574e+00
4.357000e-05	2.940813e-02	-7.464816e+00
4.358000e-05	3.286148e-03	-7.622658e+00
4.359000e-05	4.572188e-02	-7.761999e+00
4.360000e-05	-3.035498e-02	-7.918395e+00
4.361000e-05	4.847261e-02	-8.033130e+00
4.362000e-05	8.678146e-03	-8.146898e+00
4.363000e-05	2.761857e-03	-8.233732e+00
4.364000e-05	2.319003e-02	-8.338371e+00
4.365000e-05	1.713363e-02	-8.462210e+00
4.366000e-05	2.941886e-02	-8.508944e+00
4.367000e-05	-1.174592e-02	-8.677763e+00
4.368000e-05	3.115004e-02	-8.739500e+00
4.369000e-05	2.558498e-02	-8.844811e+00
4.370000e-05	1.783886e-02	-8.919370e+00
4.371000e-05	1.294303e-02	-9.042549e+00
4.372000e-05	2.173248e-02	-9.068363e+00
4.373000e-05	2.662088e-02	-9.127896e+00
4.374000e-05	7.904407e-03	-9.221580e+00
4.375000e-05	2.482223e-02	-9.307788e+00
4.376000e-05	2.622750e-02	-9.362581e+00
4.377000e-05	2.146695e-02	-9.475213e+00
4.378000e-05	1.504310e-02	-9.528892e+00
4.379000e-05	2.819308e-02	-9.590973e+00
4.380000e-05	2.865852e-02	-9.612656e+00
4.381000e-05	2.123625e-02	-9.675815e+00
4.382000e-05	2.322479e-02	-9.717292e+00
4.383000e-05	2.574800e-02	-9.729421e+00
4.384000e-05	2.464998e-02	-9.801999e+00
4.385000e-05	2.199875e-02	-9.832058e+00
4.386000e-05	2.968916e-02	-9.863156e+00
4.387000e-05	2.804663e-02	-9.856211e+00
4.388000e-05	2.385600e-02	-9.896293e+00
4.389000e-05	2.776020e-02	-9.876815e+00
4.390000e-05	3.250979e-02	-9.927892e+00
4.391000e-05	3.055835e-02	-9.907369e+00
4.392000e-05	2.997908e-02	-9.949318e+00
4.393000e-05	3.221901e-02	-9.968897e+00
4.394000e-05	3.181541e-02	-9.960517e+00
4.395000e-05	2.740240e-02	-9.960399e+00
4.396000e-05	2.934668e-02	-9.991424e+00
4.397000e-05	3.484222e-02	-9.958899e+00
4.398000e-05	3.516417e-02	-9.949917e+00
4.399000e-05	3.487686e-02	-9.937870e+00
4.400000e-05	3.778887e-02	-9.928392e+00
4.401000e-05	3.900137e-02	-9.908316e+00
4.402000e-05	3.710211e-02	-9.905263e+00
4.403000e-05	3.828256e-02	-9.884189e+00
4.404000e-05	4.043583e-02	-9.844184e+00
4.405000e-05	3.944316e-02	-9.843104e+00
4.406000e-05	4.003711e-02	-9.790874e+00
4.407000e-05	4.492756e-02	-9.739395e+00
4.408000e-05	4.617148e-02	-9.687237e+00
4.409000e-05	4.827269e-02	-9.664132e+00
4.410000e-05	4.803347e-02	-9.602500e+00
4.411000e-05	5.057111e-02	-9.578795e+00
4.412000e-05	5.115769e-02	-9.444667e+00
4.413000e-05	5.213057e-02	-9.404131e+00
4.414000e-05	5.289587e-02	-9.339266e+00
4.415000e-05	5.143018e-02	-9.273053e+00
4.416000e-05	5.231532e-02	-9.169901e+00
4.417000e-05	5.310008e-02	-9.096311e+00
4.418000e-05	5.510674e-02	-9.034048e+00
4.419000e-05	5.288057e-02	-8.939792e+00
4.420000e-05	5.047602e-02	-8.863611e+00
4.421000e-05	4.970296e-02	-8.781973e+00
4.422000e-05	4.622555e-02	-8.716889e+00
4.423000e-05	4.394157e-02	-8.572428e+00
4.424000e-05	4.348165e-02	-8.476234e+00
4.425000e-05	4.220117e-02	-8.400897e+00
4.426000e-05	4.051032e-02	-8.288290e+00
4.427000e-05	3.839270e-02	-8.202478e+00
4.428000e-05	3.764382e-02	-8.108809e+00
4.429000e-05	3.586436e-02	-7.971499e+00
4.430000e-05	3.425505e-02	-7.885313e+00
4.431000e-05	3.121494e-02	-7.777738e+00
4.432000e-05	2.960594e-02	-7.632502e+00
4.433000e-05	2.771044e-02	-7.484708e+00
4.434000e-05	2.770413e-02	-7.348865e+00
4.435000e-05	2.591709e-02	-7.233050e+00
4.436000e-05	2.403872e-02	-7.097311e+00
4.437000e-05	2.313124e-02	-6.938788e+00
4.438000e-05	2.208923e-02	-6.780472e+00
4.439000e-05	2.174283e-02	-6.633183e+00
4.440000e-05	1.880876e-02	-6.537287e+00
4.441000e-05	1.871007e-02	-6.391423e+00
4.442000e-05	1.787811e-02	-6.223085e+00
4.443000e-05	1.641821e-02	-6.054000e+00
4.444000e-05	1.465563e-02	-5.926264e+00
4.445000e-05	1.439399e-02	-5.790945e+00
4.446000e-05	1.416785e-02	-5.661048e+00
4.447000e-05	1.201057e-02	-5.487129e+00
4.448000e-05	1.135230e-02	-5.273078e+00
4.449000e-05	1.113660e-02	-5.086184e+00
4.450000e-05	1.086151e-02	-4.917741e+00
4.451000e-05	9.309707e-03	-4.706686e+00
4.452000e-05	8.271139e-03	-4.569942e+00
4.453000e-05	7.019472e-03	-4.423049e+00
4.454000e-05	8.112375e-03	-4.283631e+00
4.455000e-05	6.123837e-03	-4.126815e+00
4.456000e-05	7.066773e-03	-3.989424e+00
4.457000e-05	4.732680e-03	-3.809417e+00
4.458000e-05	5.566218e-03	-3.628374e+00
4.459000e-05	4.366582e-03	-3.461551e+00
4.460000e-05	4.566376e-03	-3.293684e+00
4.461000e-05	4.488741e-03	-3.126162e+00
4.462000e-05	2.043156e-03	-2.915030e+00
4.463000e-05	3.462804e-03	-2.726338e+00
4.464000e-05	1.457603e-03	-2.577313e+00
4.465000e-05	2.281831e-03	-2.419495e+00
4.466000e-05	9.967051e-04	-2.169917e+00
4.467000e-05	1.202300e-03	-1.990422e+00
4.468000e-05	-5.739628e-04	-1.821475e+00
4.469000e-05	3.117659e-04	-1.651504e+00
4.470000e-05	-6.699671e-04	-1.431968e+00
4.471000e-05	-2.473655e-04	-1.210495e+00
4.472000e-05	-1.947504e-03	-1.060971e+00
4.473000e-05	-1.323223e-03	-8.521263e-01
4.474000e-05	-4.986549e-03	-6.736752e-01
4.475000e-05	-1.812156e-03	-4.320526e-01
4.476000e-05	-2.679007e-03	-2.636004e-01
4.477000e-05	-3.566280e-03	-9.466178e-02
4.478000e-05	-1.472020e-03	4.316035e-02
4.479000e-05	5.065124e-03	2.947919e-01
4.480000e-05	-2.854013e-03	4.331367e-01
4.481000e-05	6.603384e-04	5.790786e-01
4.482000e-05	-4.765498e-03	7.284736e-01
4.483000e-05	-2.007957e-03	9.073722e-01
4.484000e-05	-5.099205e-03	1.147998e+00
4.485000e-05	2.330166e-03	1.315946e+00
4.486000e-05	1.676723e-02	1.504365e+00
4.487000e-05	7.208190e-02	1.739450e+00
4.488000e-05	-2.098077e-02	1.988052e+00
4.489000e-05	-5.012771e-02	2.117447e+00
4.490000e-05	-3.838865e-02	2.326341e+00
4.491000e-05	-7.537844e-02	2.431583e+00
4.492000e-05	2.021622e-02	2.608502e+00
4.493000e-05	1.360649e-01	2.799950e+00
4.494000e-05	-1.754313e-01	2.917822e+00
4.495000e-05	8.498537e-02	3.044159e+00
4.496000e-05	3.408346e-02	3.201715e+00
4.497000e-05	-1.314545e-01	3.473812e+00
4.498000e-05	8.551346e-02	3.621029e+00
4.499000e-05	2.016154e-02	3.759454e+00
4.500000e-05	-1.107466e-01	3.958893e+00
4.501000e-05	9.283706e-02	4.075295e+00
4.502000e-05	-4.943441e-02	4.317867e+00
4.503000e-05	-2.689295e-02	4.453767e+00
4.504000e-05	2.443936e-02	4.686737e+00
4.505000e-05	-5.408046e-02	4.822133e+00
4.506000e-05	1.542663e-02	5.044239e+00
4.507000e-05	-2.459199e-02	5.254242e+00
4.508000e-05	-3.409663e-03	5.423608e+00
4.509000e-05	-2.071126e-04	5.569021e+00
4.510000e-05	2.330453e-04	5.718375e+00
4.511000e-05	-2.126666e-02	5.969423e+00
4.512000e-05	-4.387564e-02	6.065766e+00
4.513000e-05	1.770540e-02	6.210582e+00
4.514000e-05	-8.144417e-03	6.339921e+00
4.515000e-05	-3.041809e-02	6.453642e+00
4.516000e-05	2.190311e-03	6.603192e+00
4.517000e-05	-3.179868e-02	6.803076e+00
4.518000e-05	-1.078960e-02	6.917394e+00
4.519000e-05	-1.279193e-02	7.052213e+00
4.520000e-05	-1.753720e-02	7.148828e+00
4.521000e-05	2.456201e-03	7.245241e+00
4.522000e-05	-3.015765e-02	7.396190e+00
4.523000e-05	-1.703089e-02	7.573078e+00
4.524000e-05	-2.340657e-02	7.738371e+00
4.525000e-05	-3.339946e-03	7.844787e+00
4.526000e-05	-2.125657e-02	7.952075e+00
4.527000e-05	-2.552291e-02	8.095797e+00
4.528000e-05	-8.606957e-03	8.233658e+00
4.529000e-05	-2.239114e-02	8.329398e+00
4.530000e-05	-1.958468e-02	8.421082e+00
4.531000e-05	-2.505055e-02	8.474895e+00
4.532000e-05	-1.383563e-02	8.561529e+00
4.533000e-05	-2.497095e-02	8.657316e+00
4.534000e-05	-2.514078e-02	8.739500e+00
4.535000e-05	-1.918362e-02	8.853637e+00
4.536000e-05	-2.024877e-02	8.959975e+00
4.537000e-05	-2.477599e-02	9.016684e+00
4.538000e-05	-2.572557e-02	9.139897e+00
4.539000e-05	-1.983584e-02	9.213184e+00
4.540000e-05	-2.603235e-02	9.276717e+00
4.541000e-05	-2.751986e-02	9.400450e+00
4.542000e-05	-2.406594e-02	9.433136e+00
4.543000e-05	-2.339692e-02	9.506291e+00
4.544000e-05	-3.148975e-02	9.529395e+00
4.545000e-05	-2.946866e-02	9.592476e+00
4.546000e-05	-2.327437e-02	9.614156e+00
4.547000e-05	-2.645985e-02	9.688745e+00
4.548000e-05	-2.990567e-02	9.760527e+00
4.549000e-05	-3.146831e-02	9.803633e+00
4.550000e-05	-2.983472e-02	9.805238e+00
4.551000e-05	-3.351553e-02	9.865267e+00
4.552000e-05	-3.062860e-02	9.918696e+00
4.553000e-05	-2.990924e-02	9.920970e+00
4.554000e-05	-3.220977e-02	9.980425e+00
4.555000e-05	-3.609969e-02	1.001303e+01
4.556000e-05	-3.387741e-02	1.002413e+01
4.557000e-05	-3.254531e-02	1.002261e+01
4.558000e-05	-3.562007e-02	1.004263e+01
4.559000e-05	-3.606224e-02	1.001518e+01
4.560000e-05	-3.702985e-02	1.005471e+01
4.561000e-05	-3.819607e-02	1.005366e+01
4.562000e-05	-3.963627e-02	1.007468e+01
4.563000e-05	-3.977296e-02	1.003413e+01
4.564000e-05	-3.854838e-02	1.005413e+01
4.565000e-05	-4.099484e-02	1.003353e+01
4.566000e-05	-4.199606e-02	1.001203e+01
4.567000e-05	-4.171834e-02	1.000356e+01
4.568000e-05	-4.320858e-02	9.970476e+00
4.569000e-05	-4.467501e-02	9.939847e+00
4.570000e-05	-4.620945e-02	9.907766e+00
4.571000e-05	-4.676661e-02	9.885687e+00
4.572000e-05	-4.916806e-02	9.823531e+00
4.573000e-05	-4.960639e-02	9.791933e+00
4.574000e-05	-5.117123e-02	9.728725e+00
4.575000e-05	-5.302390e-02	9.655585e+00
4.576000e-05	-5.450555e-02	9.601950e+00
4.577000e-05	-5.629185e-02	9.519347e+00
4.578000e-05	-5.745206e-02	9.485214e+00
4.579000e-05	-5.834547e-02	9.413608e+00
4.580000e-05	-5.885819e-02	9.368846e+00
4.581000e-05	-5.926093e-02	9.307187e+00
4.582000e-05	-6.150327e-02	9.263133e+00
4.583000e-05	-5.928691e-02	9.140972e+00
4.584000e-05	-5.743315e-02	9.065711e+00
4.585000e-05	-5.558675e-02	8.972423e+00
4.586000e-05	-5.821362e-02	8.866633e+00
4.587000e-05	-5.536626e-02	8.780003e+00
4.588000e-05	-5.403175e-02	8.676741e+00
4.589000e-05	-5.130378e-02	8.632554e+00
4.590000e-05	-5.111940e-02	8.527265e+00
4.591000e-05	-4.781742e-02	8.463633e+00
4.592000e-05	-4.633000e-02	8.327848e+00
4.593000e-05	-4.431179e-02	8.274652e+00
4.594000e-05	-4.329955e-02	8.148792e+00
4.595000e-05	-4.037421e-02	8.042105e+00
4.596000e-05	-4.010815e-02	7.905213e+00
4.597000e-05	-3.788030e-02	7.770874e+00
4.598000e-05	-3.705891e-02	7.654608e+00
4.599000e-05	-3.586262e-02	7.548824e+00
4.600000e-05	-3.309377e-02	7.341928e+00
4.601000e-05	-3.144062e-02	7.202504e+00
4.602000e-05	-3.019146e-02	7.068216e+00
4.603000e-05	-3.043195e-02	6.961821e+00
4.604000e-05	-2.802051e-02	6.835075e+00
4.605000e-05	-2.727711e-02	6.728346e+00
4.606000e-05	-2.540308e-02	6.507842e+00
4.607000e-05	-2.528496e-02	6.371446e+00
4.608000e-05	-2.331225e-02	6.233131e+00
4.609000e-05	-2.325598e-02	6.126740e+00
4.610000e-05	-2.304116e-02	5.997949e+00
4.611000e-05	-2.128007e-02	5.832127e+00
4.612000e-05	-2.038480e-02	5.604579e+00
4.613000e-05	-1.967256e-02	5.476713e+00
4.614000e-05	-1.909217e-02	5.339340e+00
4.615000e-05	-1.929774e-02	5.137323e+00
4.616000e-05	-1.750957e-02	4.916789e+00
4.617000e-05	-1.690783e-02	4.718817e+00
4.618000e-05	-1.663684e-02	4.641526e+00
4.619000e-05	-1.631220e-02	4.482604e+00
4.620000e-05	-1.534305e-02	4.317166e+00
4.621000e-05	-1.413974e-02	4.095158e+00
4.622000e-05	-1.381391e-02	3.948293e+00
4.623000e-05	-1.265410e-02	3.747920e+00
4.624000e-05	-1.258367e-02	3.611050e+00
4.625000e-05	-1.354745e-02	3.491555e+00
4.626000e-05	-1.060643e-02	3.222003e+00
4.627000e-05	-1.214810e-02	3.115579e+00
4.628000e-05	-8.836363e-03	2.916189e+00
4.629000e-05	-1.234200e-02	2.779946e+00
4.630000e-05	-8.900700e-03	2.527262e+00
4.631000e-05	-9.861341e-03	2.337344e+00
4.632000e-05	-9.087876e-03	2.188392e+00
4.633000e-05	-8.512182e-03	2.010951e+00
4.634000e-05	-8.380988e-03	1.772872e+00
4.635000e-05	-7.875272e-03	1.652476e+00
4.636000e-05	-7.260979e-03	1.432478e+00
4.637000e-05	-6.680041e-03	1.253558e+00
4.638000e-05	-5.220949e-03	1.022503e+00
4.639000e-05	-5.575603e-03	8.104463e-01
4.640000e-05	-5.953900e-03	6.515525e-01
4.641000e-05	-7.738335e-03	4.825555e-01
4.642000e-05	-4.906704e-03	3.456330e-01
4.643000e-05	-4.145330e-03	5.355290e-02
4.644000e-05	1.348292e-03	-9.726191e-02
4.645000e-05	2.863897e-03	-2.827343e-01
4.646000e-05	-3.082053e-03	-4.300763e-01
4.647000e-05	3.159961e-03	-5.980287e-01
4.648000e-05	-2.110926e-03	-8.001026e-01
4.649000e-05	2.493194e-04	-9.373937e-01
4.650000e-05	-1.776199e-03	-1.113715e+00
4.651000e-05	1.129717e-02	-1.274388e+00
4.652000e-05	7.946169e-02	-1.486388e+00
4.653000e-05	9.933142e-03	-1.696842e+00
4.654000e-05	-5.835178e-02	-1.970474e+00
4.655000e-05	-2.279665e-02	-2.263709e+00
4.656000e-05	-1.021921e-01	-2.380000e+00
4.657000e-05	9.987563e-02	-2.420503e+00
4.658000e-05	8.823089e-02	-2.515395e+00
4.659000e-05	-1.831249e-01	-2.769450e+00
4.660000e-05	1.682653e-01	-2.863334e+00
4.661000e-05	-1.840381e-02	-3.064737e+00
4.662000e-05	-1.608423e-01	-3.338368e+00
4.663000e-05	1.814866e-01	-3.453759e+00
4.664000e-05	-4.736327e-02	-3.591028e+00
4.665000e-05	-7.535916e-02	-3.833159e+00
4.666000e-05	1.805950e-01	-3.979951e+00
4.667000e-05	-1.555159e-01	-4.189627e+00
4.668000e-05	7.265623e-02	-4.337971e+00
4.669000e-05	2.920893e-02	-4.494188e+00
4.670000e-05	-1.029564e-01	-4.696343e+00
4.671000e-05	1.449051e-01	-4.812079e+00
4.672000e-05	-8.255235e-02	-5.000051e+00
4.673000e-05	1.563045e-02	-5.171054e+00
4.674000e-05	7.344071e-02	-5.402082e+00
4.675000e-05	-5.253360e-02	-5.590530e+00
4.676000e-05	7.300901e-02	-5.706342e+00
4.677000e-05	-8.289158e-02	-5.874788e+00
4.678000e-05	6.375086e-02	-6.010579e+00
4.679000e-05	2.836034e-02	-6.121474e+00
4.680000e-05	-5.662572e-02	-6.339397e+00
4.681000e-05	1.031987e-01	-6.467309e+00
4.682000e-05	-6.002289e-02	-6.592182e+00
4.683000e-05	4.045528e-02	-6.759374e+00
4.684000e-05	-9.961255e-03	-6.854157e+00
4.685000e-05	6.631734e-03	-7.045736e+00
4.686000e-05	8.248651e-02	-7.180450e+00
4.687000e-05	-6.039317e-02	-7.287844e+00
4.688000e-05	3.967355e-02	-7.412557e+00
4.689000e-05	-1.934223e-03	-7.499374e+00
4.690000e-05	3.716935e-02	-7.696361e+00
4.691000e-05	7.069057e-03	-7.844684e+00
4.692000e-05	-8.994627e-03	-7.999998e+00
4.693000e-05	5.531168e-02	-8.104239e+00
4.694000e-05	-1.549850e-02	-8.210526e+00
4.695000e-05	2.555024e-02	-8.274213e+00
4.696000e-05	7.871613e-03	-8.380477e+00
4.697000e-05	3.549812e-02	-8.465289e+00
4.698000e-05	4.590322e-03	-8.564106e+00
4.699000e-05	3.493946e-03	-8.727442e+00
4.700000e-05	3.751066e-02	-8.771554e+00
4.701000e-05	1.668039e-02	-8.885366e+00
4.702000e-05	1.667223e-02	-8.970451e+00
4.703000e-05	7.662790e-03	-9.063734e+00
4.704000e-05	3.109789e-02	-9.096868e+00
4.705000e-05	1.640173e-02	-9.161000e+00
4.706000e-05	1.742662e-02	-9.242691e+00
4.707000e-05	2.629245e-02	-9.328447e+00
4.708000e-05	2.391872e-02	-9.393631e+00
4.709000e-05	1.721046e-02	-9.475314e+00
4.710000e-05	1.897949e-02	-9.510370e+00
4.711000e-05	3.015289e-02	-9.601955e+00
4.712000e-05	2.227826e-02	-9.663180e+00
4.713000e-05	2.335647e-02	-9.685262e+00
4.714000e-05	2.295424e-02	-9.699894e+00
4.715000e-05	2.553374e-02	-9.770500e+00
4.716000e-05	2.233407e-02	-9.782624e+00
4.717000e-05	2.726401e-02	-9.823182e+00
4.718000e-05	3.007824e-02	-9.845084e+00
4.719000e-05	2.505119e-02	-9.895242e+00
4.720000e-05	2.402932e-02	-9.876292e+00
4.721000e-05	2.981794e-02	-9.926816e+00
4.722000e-05	3.138298e-02	-9.927368e+00
4.723000e-05	2.665354e-02	-9.918871e+00
4.724000e-05	2.979982e-02	-9.927919e+00
4.725000e-05	3.228864e-02	-9.939945e+00
4.726000e-05	3.250675e-02	-9.990474e+00
4.727000e-05	2.877784e-02	-9.960400e+00
4.728000e-05	3.316173e-02	-9.950321e+00
4.729000e-05	3.509474e-02	-9.948901e+00
4.730000e-05	3.448900e-02	-9.947247e+00
4.731000e-05	3.348946e-02	-9.919917e+00
4.732000e-05	3.656797e-02	-9.917869e+00
4.733000e-05	3.865865e-02	-9.896865e+00
4.734000e-05	3.799766e-02	-9.905764e+00
4.735000e-05	3.958307e-02	-9.834706e+00
4.736000e-05	4.046806e-02	-9.853656e+00
4.737000e-05	4.092614e-02	-9.781003e+00
4.738000e-05	4.393718e-02	-9.729924e+00
4.739000e-05	4.537682e-02	-9.717341e+00
4.740000e-05	4.575115e-02	-9.685663e+00
4.741000e-05	4.584592e-02	-9.642177e+00
4.742000e-05	4.898790e-02	-9.581498e+00
4.743000e-05	5.152183e-02	-9.508839e+00
4.744000e-05	5.122874e-02	-9.454158e+00
4.745000e-05	5.268194e-02	-9.390423e+00
4.746000e-05	5.327219e-02	-9.286762e+00
4.747000e-05	5.270409e-02	-9.214001e+00
4.748000e-05	5.272978e-02	-9.128867e+00
4.749000e-05	5.339248e-02	-9.075183e+00
4.750000e-05	5.363200e-02	-8.990973e+00
4.751000e-05	5.112322e-02	-8.916762e+00
4.752000e-05	4.876190e-02	-8.843152e+00
4.753000e-05	4.775271e-02	-8.769419e+00
4.754000e-05	4.592208e-02	-8.664110e+00
4.755000e-05	4.539139e-02	-8.577820e+00
4.756000e-05	4.405350e-02	-8.443631e+00
4.757000e-05	4.108332e-02	-8.338844e+00
4.758000e-05	3.873788e-02	-8.275132e+00
4.759000e-05	3.849321e-02	-8.150420e+00
4.760000e-05	3.662909e-02	-8.064033e+00
4.761000e-05	3.578417e-02	-7.911366e+00
4.762000e-05	3.213046e-02	-7.852181e+00
4.763000e-05	3.123728e-02	-7.685682e+00
4.764000e-05	2.927293e-02	-7.526820e+00
4.765000e-05	2.684062e-02	-7.423074e+00
4.766000e-05	2.701177e-02	-7.295705e+00
4.767000e-05	2.434785e-02	-7.180473e+00
4.768000e-05	2.532820e-02	-7.052603e+00
4.769000e-05	2.195980e-02	-6.855554e+00
4.770000e-05	2.174877e-02	-6.739291e+00
4.771000e-05	2.021411e-02	-6.591501e+00
4.772000e-05	1.958475e-02	-6.503656e+00
4.773000e-05	1.872199e-02	-6.368892e+00
4.774000e-05	1.555347e-02	-6.169315e+00
4.775000e-05	1.655469e-02	-5.969396e+00
4.776000e-05	1.556190e-02	-5.844558e+00
4.777000e-05	1.460794e-02	-5.736865e+00
4.778000e-05	1.221572e-02	-5.550424e+00
4.779000e-05	1.207003e-02	-5.359445e+00
4.780000e-05	1.228191e-02	-5.200469e+00
4.781000e-05	1.188762e-02	-5.023504e+00
4.782000e-05	8.207369e-03	-4.842524e+00
4.783000e-05	8.790949e-03	-4.634555e+00
4.784000e-05	7.792719e-03	-4.514712e+00
4.785000e-05	8.821636e-03	-4.359344e+00
4.786000e-05	6.189515e-03	-4.220528e+00
4.787000e-05	6.776542e-03	-4.083609e+00
4.788000e-05	7.284476e-03	-3.924786e+00
4.789000e-05	5.607699e-03	-3.716111e+00
4.790000e-05	4.214990e-03	-3.537286e+00
4.791000e-05	4.853667e-03	-3.370944e+00
4.792000e-05	4.813303e-03	-3.210475e+00
4.793000e-05	4.425459e-03	-3.029892e+00
4.794000e-05	1.814924e-03	-2.801521e+00
4.795000e-05	2.776467e-03	-2.654105e+00
4.796000e-05	1.315433e-03	-2.474158e+00
4.797000e-05	3.254552e-03	-2.304858e+00
4.798000e-05	1.416395e-04	-2.094110e+00
4.799000e-05	1.408433e-03	-1.926292e+00
4.800000e-05	-4.040090e-04	-1.729291e+00
4.801000e-05	1.324439e-03	-1.628917e+00
4.802000e-05	-1.688165e-03	-1.356239e+00
4.803000e-05	-1.276997e-03	-1.147764e+00
4.804000e-05	-2.070714e-03	-9.258908e-01
4.805000e-05	-1.366880e-03	-7.894199e-01
4.806000e-05	-2.913379e-03	-5.691834e-01
4.807000e-05	-2.572669e-03	-3.672935e-01
4.808000e-05	-3.032807e-03	-1.994198e-01
4.809000e-05	-1.758698e-03	-3.149763e-02
4.810000e-05	1.876618e-03	1.765024e-01
4.811000e-05	6.824565e-04	3.789236e-01
4.812000e-05	-2.656277e-03	5.158672e-01
4.813000e-05	6.853194e-04	6.837882e-01
4.814000e-05	-4.542509e-03	8.210289e-01
4.815000e-05	-3.914049e-03	1.021055e+00
4.816000e-05	-3.413798e-03	1.221105e+00
4.817000e-05	5.779373e-03	1.349003e+00
4.818000e-05	4.283387e-02	1.682635e+00
4.819000e-05	5.252670e-02	1.822207e+00
4.820000e-05	-5.873572e-02	1.990633e+00
4.821000e-05	-3.541123e-02	2.190081e+00
4.822000e-05	-5.500349e-02	2.369526e+00
4.823000e-05	-6.925718e-02	2.444765e+00
4.824000e-05	1.233037e-01	2.656366e+00
4.825000e-05	5.055819e-05	2.813159e+00
4.826000e-05	-1.344409e-01	2.949475e+00
4.827000e-05	1.677843e-01	3.106445e+00
4.828000e-05	-1.013242e-01	3.318481e+00
4.829000e-05	-4.910118e-02	3.528472e+00
4.830000e-05	1.162903e-01	3.642688e+00
4.831000e-05	-8.978971e-02	3.824293e+00
4.832000e-05	-1.233739e-02	3.991505e+00
4.833000e-05	6.191587e-02	4.171654e+00
4.834000e-05	-7.828630e-02	4.371079e+00
4.835000e-05	2.261865e-02	4.538925e+00
4.836000e-05	-1.916052e-02	4.737949e+00
4.837000e-05	-2.993047e-02	4.906789e+00
4.838000e-05	1.201074e-02	5.128028e+00
4.839000e-05	-2.751654e-02	5.347925e+00
4.840000e-05	1.092845e-02	5.465238e+00
4.841000e-05	-6.787818e-03	5.611587e+00
4.842000e-05	-2.923780e-03	5.833064e+00
4.843000e-05	-3.689797e-02	6.021553e+00
4.844000e-05	-2.742997e-02	6.107898e+00
4.845000e-05	2.686170e-02	6.265689e+00
4.846000e-05	-3.726722e-02	6.371029e+00
4.847000e-05	-4.006338e-03	6.507994e+00
4.848000e-05	-1.589694e-02	6.698873e+00
4.849000e-05	-2.454226e-02	6.844288e+00
4.850000e-05	-5.225615e-03	6.978500e+00
4.851000e-05	-2.376492e-02	7.096296e+00
4.852000e-05	-2.994011e-03	7.212056e+00
4.853000e-05	-1.496582e-02	7.347379e+00
4.854000e-05	-2.307869e-02	7.508424e+00
4.855000e-05	-2.283196e-02	7.622742e+00
4.856000e-05	-1.126261e-02	7.780505e+00
4.857000e-05	-9.941605e-03	7.887868e+00
4.858000e-05	-2.680370e-02	8.002633e+00
4.859000e-05	-1.745694e-02	8.171051e+00
4.860000e-05	-9.841583e-03	8.256339e+00
4.861000e-05	-2.365766e-02	8.369452e+00
4.862000e-05	-2.406353e-02	8.433185e+00
4.863000e-05	-1.944928e-02	8.538897e+00
4.864000e-05	-1.618369e-02	8.595108e+00
4.865000e-05	-2.678201e-02	8.727367e+00
4.866000e-05	-2.351729e-02	8.792104e+00
4.867000e-05	-1.486400e-02	8.878867e+00
4.868000e-05	-2.311113e-02	8.993155e+00
4.869000e-05	-2.571777e-02	9.128813e+00
4.870000e-05	-2.541168e-02	9.170502e+00
4.871000e-05	-1.988221e-02	9.254660e+00
4.872000e-05	-2.807454e-02	9.298843e+00
4.873000e-05	-2.798445e-02	9.370977e+00
4.874000e-05	-2.153034e-02	9.445235e+00
4.875000e-05	-2.615820e-02	9.498818e+00
4.876000e-05	-2.980426e-02	9.550400e+00
4.877000e-05	-2.851242e-02	9.592077e+00
4.878000e-05	-2.332375e-02	9.657714e+00
4.879000e-05	-2.933785e-02	9.738370e+00
4.880000e-05	-2.948674e-02	9.770553e+00
4.881000e-05	-3.167490e-02	9.854660e+00
4.882000e-05	-3.135120e-02	9.858140e+00
4.883000e-05	-3.206787e-02	9.906720e+00
4.884000e-05	-3.097184e-02	9.959342e+00
4.885000e-05	-2.985178e-02	9.950975e+00
4.886000e-05	-3.681280e-02	9.990925e+00
4.887000e-05	-3.682633e-02	9.992003e+00
4.888000e-05	-3.136363e-02	1.004266e+01
4.889000e-05	-3.272340e-02	1.001366e+01
4.890000e-05	-3.692481e-02	1.003316e+01
4.891000e-05	-3.786572e-02	1.006319e+01
4.892000e-05	-3.666876e-02	1.005463e+01
4.893000e-05	-3.902820e-02	1.006463e+01
4.894000e-05	-3.978731e-02	1.005423e+01
4.895000e-05	-4.017381e-02	1.006370e+01
4.896000e-05	-3.969978e-02	1.003510e+01
4.897000e-05	-4.221357e-02	1.003361e+01
4.898000e-05	-4.193050e-02	1.002310e+01
4.899000e-05	-4.293733e-02	1.001158e+01
4.900000e-05	-4.392802e-02	9.971425e+00
4.901000e-05	-4.655602e-02	9.939344e+00
4.902000e-05	-4.716760e-02	9.908167e+00
4.903000e-05	-4.784836e-02	9.845214e+00
4.904000e-05	-5.031429e-02	9.795054e+00
4.905000e-05	-5.059928e-02	9.770900e+00
4.906000e-05	-5.217389e-02	9.676710e+00
4.907000e-05	-5.402499e-02	9.612581e+00
4.908000e-05	-5.600820e-02	9.549428e+00
4.909000e-05	-5.697789e-02	9.556791e+00
4.910000e-05	-5.694335e-02	9.445136e+00
4.911000e-05	-5.816629e-02	9.411955e+00
4.912000e-05	-5.816573e-02	9.338321e+00
4.913000e-05	-6.008334e-02	9.263686e+00
4.914000e-05	-5.986236e-02	9.182053e+00
4.915000e-05	-5.985805e-02	9.130316e+00
4.916000e-05	-5.778458e-02	9.083609e+00
4.917000e-05	-5.679886e-02	8.908269e+00
4.918000e-05	-5.542384e-02	8.813556e+00
4.919000e-05	-5.619188e-02	8.750417e+00
4.920000e-05	-5.195778e-02	8.664659e+00
4.921000e-05	-5.175501e-02	8.560950e+00
4.922000e-05	-4.734103e-02	8.485186e+00
4.923000e-05	-4.842229e-02	8.372053e+00
4.924000e-05	-4.464937e-02	8.317339e+00
4.925000e-05	-4.424345e-02	8.182419e+00
4.926000e-05	-4.125181e-02	8.055691e+00
4.927000e-05	-4.147428e-02	7.970350e+00
4.928000e-05	-3.764008e-02	7.844657e+00
4.929000e-05	-3.846356e-02	7.749792e+00
4.930000e-05	-3.405807e-02	7.611100e+00
4.931000e-05	-3.493855e-02	7.466191e+00
4.932000e-05	-3.207757e-02	7.305740e+00
4.933000e-05	-3.314897e-02	7.170399e+00
4.934000e-05	-2.951821e-02	7.042557e+00
4.935000e-05	-2.875625e-02	6.887265e+00
4.936000e-05	-2.774960e-02	6.809500e+00
4.937000e-05	-2.727687e-02	6.675187e+00
4.938000e-05	-2.579963e-02	6.434629e+00
4.939000e-05	-2.378746e-02	6.326817e+00
4.940000e-05	-2.469297e-02	6.191949e+00
4.941000e-05	-2.283212e-02	6.055558e+00
4.942000e-05	-2.159665e-02	5.919367e+00
4.943000e-05	-1.999740e-02	5.736393e+00
4.944000e-05	-2.045562e-02	5.560424e+00
4.945000e-05	-2.120978e-02	5.432528e+00
4.946000e-05	-1.925377e-02	5.274107e+00
4.947000e-05	-1.795381e-02	5.033154e+00
4.948000e-05	-1.823726e-02	4.854557e+00
4.949000e-05	-1.791096e-02	4.683161e+00
4.950000e-05	-1.614602e-02	4.519318e+00
4.951000e-05	-1.449179e-02	4.400899e+00
4.952000e-05	-1.454572e-02	4.222978e+00
4.953000e-05	-1.466003e-02	4.012055e+00
4.954000e-05	-1.371024e-02	3.863080e+00
4.955000e-05	-1.398043e-02	3.724766e+00
4.956000e-05	-1.264316e-02	3.599920e+00
4.957000e-05	-1.223834e-02	3.338216e+00
4.958000e-05	-1.140122e-02	3.177945e+00
4.959000e-05	-1.166497e-02	3.002051e+00
4.960000e-05	-1.061340e-02	2.841575e+00
4.961000e-05	-1.024860e-02	2.724733e+00
4.962000e-05	-9.763462e-03	2.404029e+00
4.963000e-05	-9.447181e-03	2.273579e+00
4.964000e-05	-8.830532e-03	2.104762e+00
4.965000e-05	-9.237153e-03	1.947820e+00
4.966000e-05	-8.067013e-03	1.737265e+00
4.967000e-05	-7.550807e-03	1.517291e+00
4.968000e-05	-6.644952e-03	1.347896e+00
4.969000e-05	-7.435358e-03	1.138818e+00
4.970000e-05	-5.896970e-03	8.967111e-01
4.971000e-05	-5.784930e-03	7.463109e-01
4.972000e-05	-5.213681e-03	5.468434e-01
4.973000e-05	-5.812370e-03	3.984235e-01
4.974000e-05	-4.895934e-03	2.209696e-01
4.975000e-05	-3.581214e-03	1.942237e-02
4.976000e-05	2.877675e-03	-1.979746e-01
4.977000e-05	2.814491e-04	-3.268972e-01
4.978000e-05	-6.135519e-04	-4.937068e-01
4.979000e-05	-1.608206e-04	-6.953147e-01
4.980000e-05	-4.977927e-04	-8.441330e-01
4.981000e-05	4.008901e-04	-9.706039e-01
4.982000e-05	3.004156e-03	-1.179000e+00
4.983000e-05	2.838695e-02	-1.349526e+00
4.984000e-05	9.133463e-02	-1.600051e+00
4.985000e-05	-6.006393e-02	-1.822184e+00
4.986000e-05	-1.501161e-02	-2.075770e+00
4.987000e-05	-7.071488e-02	-2.345345e+00
4.988000e-05	-5.499191e-02	-2.391003e+00
4.989000e-05	1.746758e-01	-2.431553e+00
4.990000e-05	-7.441549e-02	-2.642783e+00
4.991000e-05	-6.736005e-02	-2.843111e+00
4.992000e-05	1.921365e-01	-2.936947e+00
4.993000e-05	-1.743172e-01	-3.180528e+00
4.994000e-05	1.030820e-02	-3.400502e+00
4.995000e-05	1.485439e-01	-3.495740e+00
4.996000e-05	-1.591182e-01	-3.675690e+00
4.997000e-05	9.529037e-02	-3.875394e+00
4.998000e-05	4.795658e-02	-4.032211e+00
4.999000e-05	-1.278247e-01	-4.294762e+00
