# 260406_14:56:38.621236
t	CH1	CH2
0.000000e+00	-5.027373e-03	3.783698e-01
1.000000e-08	-4.216531e-03	1.458120e-01
2.000000e-08	-1.747986e-03	-3.265795e-02
3.000000e-08	3.492614e-03	-1.811301e-01
4.000000e-08	-9.886426e-04	-3.470010e-01
5.000000e-08	5.578631e-04	-4.743731e-01
6.000000e-08	-4.463934e-04	-7.473985e-01
7.000000e-08	1.344009e-04	-8.648380e-01
8.000000e-08	-5.812740e-04	-9.917015e-01
9.000000e-08	6.823998e-03	-1.177479e+00
1.000000e-07	4.585022e-02	-1.360059e+00
1.100000e-07	6.891379e-02	-1.601758e+00
1.200000e-07	-6.878893e-02	-1.835821e+00
1.300000e-07	-1.204038e-02	-2.086997e+00
1.400000e-07	-8.394547e-02	-2.326425e+00
1.500000e-07	-5.899789e-03	-2.400003e+00
1.600000e-07	1.550168e-01	-2.472658e+00
1.700000e-07	-1.308466e-01	-2.676791e+00
1.800000e-07	1.701198e-02	-2.812634e+00
1.900000e-07	1.377612e-01	-2.937449e+00
2.000000e-07	-1.874348e-01	-3.222257e+00
2.100000e-07	6.873487e-02	-3.402556e+00
2.200000e-07	9.373191e-02	-3.508819e+00
2.300000e-07	-1.418404e-01	-3.699975e+00
2.400000e-07	1.365423e-01	-3.865448e+00
2.500000e-07	-2.481578e-02	-4.074866e+00
2.600000e-07	-6.164886e-02	-4.306316e+00
2.700000e-07	1.138394e-01	-4.410579e+00
2.800000e-07	-1.221994e-01	-4.622602e+00
2.900000e-07	8.472776e-02	-4.749478e+00
3.000000e-07	3.287716e-02	-4.898316e+00
3.100000e-07	-8.783451e-02	-5.107969e+00
3.200000e-07	1.124886e-01	-5.235817e+00
3.300000e-07	-4.811660e-02	-5.487874e+00
3.400000e-07	4.811033e-02	-5.643709e+00
3.500000e-07	-1.965985e-02	-5.803132e+00
3.600000e-07	-2.941858e-02	-5.939525e+00
3.700000e-07	9.834958e-02	-6.055184e+00
3.800000e-07	-7.365003e-02	-6.235216e+00
3.900000e-07	6.525980e-02	-6.431129e+00
4.000000e-07	5.838597e-03	-6.530076e+00
4.100000e-07	-2.075938e-02	-6.677820e+00
4.200000e-07	4.348441e-02	-6.789130e+00
4.300000e-07	-4.250503e-02	-6.862103e+00
4.400000e-07	8.873747e-02	-7.147974e+00
4.500000e-07	-2.307746e-02	-7.242706e+00
4.600000e-07	-1.279422e-03	-7.319475e+00
4.700000e-07	2.564538e-02	-7.466339e+00
4.800000e-07	4.448298e-03	-7.602533e+00
4.900000e-07	3.834228e-02	-7.731502e+00
5.000000e-07	-2.360682e-02	-7.948346e+00
5.100000e-07	4.822960e-02	-8.021587e+00
5.200000e-07	4.386209e-03	-8.129448e+00
5.300000e-07	4.875021e-03	-8.224108e+00
5.400000e-07	2.053115e-02	-8.307974e+00
5.500000e-07	1.918458e-02	-8.393156e+00
5.600000e-07	2.557368e-02	-8.488418e+00
5.700000e-07	-9.190264e-03	-8.605289e+00
5.800000e-07	3.415802e-02	-8.759028e+00
5.900000e-07	2.135505e-02	-8.836233e+00
6.000000e-07	1.423143e-02	-8.929896e+00
6.100000e-07	1.178913e-02	-8.942155e+00
6.200000e-07	2.218515e-02	-9.065818e+00
6.300000e-07	2.664249e-02	-9.146497e+00
6.400000e-07	9.494329e-03	-9.182126e+00
6.500000e-07	2.469940e-02	-9.197841e+00
6.600000e-07	2.499138e-02	-9.320004e+00
6.700000e-07	1.905096e-02	-9.424207e+00
6.800000e-07	1.429425e-02	-9.456365e+00
6.900000e-07	2.713854e-02	-9.599474e+00
7.000000e-07	2.795091e-02	-9.631583e+00
7.100000e-07	2.065135e-02	-9.654191e+00
7.200000e-07	2.325958e-02	-9.715290e+00
7.300000e-07	2.335764e-02	-9.730451e+00
7.400000e-07	2.344357e-02	-9.750026e+00
7.500000e-07	2.248649e-02	-9.791605e+00
7.600000e-07	2.737855e-02	-9.834209e+00
7.700000e-07	2.953134e-02	-9.843138e+00
7.800000e-07	2.506209e-02	-9.876213e+00
7.900000e-07	2.676555e-02	-9.867319e+00
8.000000e-07	3.039667e-02	-9.875343e+00
8.100000e-07	2.518081e-02	-9.898872e+00
8.200000e-07	2.716541e-02	-9.906896e+00
8.300000e-07	2.764627e-02	-9.968371e+00
8.400000e-07	3.333941e-02	-9.949872e+00
8.500000e-07	3.008520e-02	-9.908420e+00
8.600000e-07	3.154664e-02	-9.949873e+00
8.700000e-07	3.288822e-02	-9.958394e+00
8.800000e-07	3.323690e-02	-9.927421e+00
8.900000e-07	3.392694e-02	-9.916847e+00
9.000000e-07	3.388924e-02	-9.886822e+00
9.100000e-07	3.478467e-02	-9.886342e+00
9.200000e-07	3.474857e-02	-9.885265e+00
9.300000e-07	3.800987e-02	-9.844212e+00
9.400000e-07	3.842810e-02	-9.792108e+00
9.500000e-07	3.835175e-02	-9.761056e+00
9.600000e-07	4.021226e-02	-9.746975e+00
9.700000e-07	4.452352e-02	-9.667290e+00
9.800000e-07	4.414002e-02	-9.695240e+00
9.900000e-07	4.516955e-02	-9.602557e+00
1.000000e-06	4.515297e-02	-9.580951e+00
1.010000e-06	4.774386e-02	-9.536919e+00
1.020000e-06	4.656230e-02	-9.414715e+00
1.030000e-06	5.010524e-02	-9.349024e+00
1.040000e-06	5.327598e-02	-9.256317e+00
1.050000e-06	5.198480e-02	-9.213555e+00
1.060000e-06	5.027619e-02	-9.139398e+00
1.070000e-06	5.125458e-02	-9.065237e+00
1.080000e-06	5.165316e-02	-8.971476e+00
1.090000e-06	4.964658e-02	-8.876892e+00
1.100000e-06	4.694389e-02	-8.833107e+00
1.110000e-06	4.532884e-02	-8.780925e+00
1.120000e-06	4.415479e-02	-8.653765e+00
1.130000e-06	4.314764e-02	-8.550924e+00
1.140000e-06	4.293476e-02	-8.473636e+00
1.150000e-06	4.133950e-02	-8.369424e+00
1.160000e-06	3.831941e-02	-8.254264e+00
1.170000e-06	3.710352e-02	-8.169447e+00
1.180000e-06	3.568689e-02	-8.042263e+00
1.190000e-06	3.418862e-02	-7.991468e+00
1.200000e-06	3.154662e-02	-7.853230e+00
1.210000e-06	3.021153e-02	-7.686790e+00
1.220000e-06	2.983807e-02	-7.567399e+00
1.230000e-06	2.652177e-02	-7.413049e+00
1.240000e-06	2.609755e-02	-7.275243e+00
1.250000e-06	2.543668e-02	-7.170897e+00
1.260000e-06	2.397367e-02	-7.054261e+00
1.270000e-06	2.092837e-02	-6.856215e+00
1.280000e-06	2.099583e-02	-6.749924e+00
1.290000e-06	1.979507e-02	-6.612503e+00
1.300000e-06	1.936864e-02	-6.474711e+00
1.310000e-06	1.738236e-02	-6.339500e+00
1.320000e-06	1.673446e-02	-6.172433e+00
1.330000e-06	1.556903e-02	-6.051104e+00
1.340000e-06	1.442160e-02	-5.896214e+00
1.350000e-06	1.385414e-02	-5.737894e+00
1.360000e-06	1.283629e-02	-5.619628e+00
1.370000e-06	1.229027e-02	-5.431531e+00
1.380000e-06	1.054303e-02	-5.211079e+00
1.390000e-06	1.051529e-02	-5.074636e+00
1.400000e-06	9.839972e-03	-4.832735e+00
1.410000e-06	8.980878e-03	-4.713634e+00
1.420000e-06	8.775517e-03	-4.536268e+00
1.430000e-06	7.244887e-03	-4.400449e+00
1.440000e-06	6.908381e-03	-4.252624e+00
1.450000e-06	4.746309e-03	-4.074689e+00
1.460000e-06	7.261377e-03	-3.926320e+00
1.470000e-06	4.692497e-03	-3.746816e+00
1.480000e-06	5.234616e-03	-3.576419e+00
1.490000e-06	4.054955e-03	-3.428996e+00
1.500000e-06	3.724327e-03	-3.222605e+00
1.510000e-06	3.163183e-03	-3.032710e+00
1.520000e-06	1.601223e-03	-2.841580e+00
1.530000e-06	2.477863e-03	-2.675261e+00
1.540000e-06	2.606436e-04	-2.514762e+00
1.550000e-06	2.475896e-03	-2.346947e+00
1.560000e-06	1.489706e-03	-2.125194e+00
1.570000e-06	2.751222e-03	-1.975367e+00
1.580000e-06	-7.867669e-04	-1.777846e+00
1.590000e-06	5.423901e-04	-1.610025e+00
1.600000e-06	-2.819188e-03	-1.358446e+00
1.610000e-06	4.294059e-04	-1.127418e+00
1.620000e-06	-2.392840e-03	-9.669198e-01
1.630000e-06	-1.419010e-03	-7.884702e-01
1.640000e-06	-4.597557e-03	-6.284736e-01
1.650000e-06	-2.701435e-03	-4.284761e-01
1.660000e-06	-3.245733e-03	-2.325802e-01
1.670000e-06	-2.392202e-03	-6.165421e-02
1.680000e-06	2.564093e-04	9.549323e-02
1.690000e-06	2.424339e-03	3.273882e-01
1.700000e-06	-3.171383e-03	4.651617e-01
1.710000e-06	-8.485798e-05	6.131527e-01
1.720000e-06	-3.934091e-03	7.884223e-01
1.730000e-06	-2.225460e-03	1.008972e+00
1.740000e-06	-4.757647e-03	1.171525e+00
1.750000e-06	2.906865e-03	1.338474e+00
1.760000e-06	2.302759e-02	1.538918e+00
1.770000e-06	6.628280e-02	1.780525e+00
1.780000e-06	-2.564528e-02	1.999975e+00
1.790000e-06	-4.855252e-02	2.138949e+00
1.800000e-06	-4.123072e-02	2.346869e+00
1.810000e-06	-7.465088e-02	2.442760e+00
1.820000e-06	3.770712e-02	2.624605e+00
1.830000e-06	1.117621e-01	2.801578e+00
1.840000e-06	-1.608581e-01	2.947895e+00
1.850000e-06	1.022360e-01	3.075738e+00
1.860000e-06	1.561751e-02	3.246837e+00
1.870000e-06	-1.236148e-01	3.506788e+00
1.880000e-06	8.508480e-02	3.592102e+00
1.890000e-06	4.882663e-03	3.791576e+00
1.900000e-06	-9.252355e-02	3.999452e+00
1.910000e-06	8.565346e-02	4.118920e+00
1.920000e-06	-4.825355e-02	4.360496e+00
1.930000e-06	-1.608067e-02	4.497919e+00
1.940000e-06	1.263927e-02	4.706264e+00
1.950000e-06	-4.930651e-02	4.834258e+00
1.960000e-06	1.957267e-02	5.086240e+00
1.970000e-06	-2.587929e-02	5.276792e+00
1.980000e-06	1.643731e-03	5.443761e+00
1.990000e-06	-4.463467e-04	5.613003e+00
2.000000e-06	-2.096463e-03	5.763005e+00
2.010000e-06	-1.933220e-02	5.918945e+00
2.020000e-06	-3.978372e-02	6.107791e+00
2.030000e-06	1.388344e-02	6.212606e+00
2.040000e-06	-7.209934e-03	6.369549e+00
2.050000e-06	-2.543978e-02	6.457787e+00
2.060000e-06	4.077312e-04	6.627790e+00
2.070000e-06	-2.765771e-02	6.814231e+00
2.080000e-06	-9.555286e-03	6.968925e+00
2.090000e-06	-1.723782e-02	7.066213e+00
2.100000e-06	-1.485125e-02	7.221499e+00
2.110000e-06	1.152585e-03	7.289315e+00
2.120000e-06	-2.719511e-02	7.446113e+00
2.130000e-06	-1.620419e-02	7.623680e+00
2.140000e-06	-2.068133e-02	7.759974e+00
2.150000e-06	-4.826683e-03	7.857262e+00
2.160000e-06	-2.189319e-02	7.993555e+00
2.170000e-06	-2.350263e-02	8.130470e+00
2.180000e-06	-7.574410e-03	8.255209e+00
2.190000e-06	-2.208947e-02	8.369949e+00
2.200000e-06	-2.065048e-02	8.442632e+00
2.210000e-06	-2.310211e-02	8.488866e+00
2.220000e-06	-1.202837e-02	8.583603e+00
2.230000e-06	-2.342983e-02	8.686764e+00
2.240000e-06	-2.532082e-02	8.810050e+00
2.250000e-06	-1.892288e-02	8.855291e+00
2.260000e-06	-2.059581e-02	8.953931e+00
2.270000e-06	-2.481185e-02	9.107293e+00
2.280000e-06	-2.577316e-02	9.191976e+00
2.290000e-06	-1.892641e-02	9.263663e+00
2.300000e-06	-2.551708e-02	9.258363e+00
2.310000e-06	-2.676945e-02	9.391499e+00
2.320000e-06	-2.461675e-02	9.455289e+00
2.330000e-06	-2.185035e-02	9.476366e+00
2.340000e-06	-2.825269e-02	9.560324e+00
2.350000e-06	-2.922141e-02	9.613057e+00
2.360000e-06	-2.554225e-02	9.634709e+00
2.370000e-06	-2.695709e-02	9.689241e+00
2.380000e-06	-2.746456e-02	9.782481e+00
2.390000e-06	-3.012966e-02	9.804035e+00
2.400000e-06	-3.006304e-02	9.865086e+00
2.410000e-06	-3.237595e-02	9.877766e+00
2.420000e-06	-2.970137e-02	9.928320e+00
2.430000e-06	-2.895091e-02	1.000044e+01
2.440000e-06	-3.241556e-02	9.991475e+00
2.450000e-06	-3.619312e-02	1.001105e+01
2.460000e-06	-3.255915e-02	1.003361e+01
2.470000e-06	-3.112547e-02	1.003313e+01
2.480000e-06	-3.507213e-02	1.005356e+01
2.490000e-06	-3.536837e-02	1.005508e+01
2.500000e-06	-3.502621e-02	1.004366e+01
2.510000e-06	-3.622925e-02	1.006571e+01
2.520000e-06	-3.866261e-02	1.004519e+01
2.530000e-06	-3.834086e-02	1.003364e+01
2.540000e-06	-3.752825e-02	1.002418e+01
2.550000e-06	-4.022047e-02	1.003413e+01
2.560000e-06	-4.041535e-02	1.004401e+01
2.570000e-06	-4.121927e-02	1.001105e+01
2.580000e-06	-4.150219e-02	1.001102e+01
2.590000e-06	-4.367962e-02	9.959470e+00
2.600000e-06	-4.423633e-02	9.956795e+00
2.610000e-06	-4.597321e-02	9.906237e+00
2.620000e-06	-4.842591e-02	9.855633e+00
2.630000e-06	-4.821351e-02	9.762028e+00
2.640000e-06	-4.890772e-02	9.687746e+00
2.650000e-06	-5.045948e-02	9.664629e+00
2.660000e-06	-5.291292e-02	9.601429e+00
2.670000e-06	-5.443675e-02	9.568793e+00
2.680000e-06	-5.519492e-02	9.513711e+00
2.690000e-06	-5.661881e-02	9.423102e+00
2.700000e-06	-5.693964e-02	9.318370e+00
2.710000e-06	-5.659938e-02	9.276213e+00
2.720000e-06	-5.835565e-02	9.232532e+00
2.730000e-06	-5.785649e-02	9.200871e+00
2.740000e-06	-5.654253e-02	9.086084e+00
2.750000e-06	-5.457461e-02	8.952421e+00
2.760000e-06	-5.470773e-02	8.885108e+00
2.770000e-06	-5.408208e-02	8.781019e+00
2.780000e-06	-5.231883e-02	8.696241e+00
2.790000e-06	-4.934773e-02	8.593526e+00
2.800000e-06	-4.864059e-02	8.536815e+00
2.810000e-06	-4.552243e-02	8.423601e+00
2.820000e-06	-4.509075e-02	8.369350e+00
2.830000e-06	-4.317079e-02	8.214080e+00
2.840000e-06	-4.203312e-02	8.147288e+00
2.850000e-06	-3.919243e-02	8.011976e+00
2.860000e-06	-3.825538e-02	7.865659e+00
2.870000e-06	-3.707535e-02	7.780020e+00
2.880000e-06	-3.412310e-02	7.682632e+00
2.890000e-06	-3.354127e-02	7.567294e+00
2.900000e-06	-3.263474e-02	7.360921e+00
2.910000e-06	-3.167220e-02	7.211974e+00
2.920000e-06	-2.899460e-02	7.105259e+00
2.930000e-06	-2.871831e-02	6.949845e+00
2.940000e-06	-2.791150e-02	6.812598e+00
2.950000e-06	-2.762426e-02	6.737236e+00
2.960000e-06	-2.415338e-02	6.547295e+00
2.970000e-06	-2.500973e-02	6.368444e+00
2.980000e-06	-2.433321e-02	6.263078e+00
2.990000e-06	-2.242803e-02	6.126211e+00
3.000000e-06	-2.103444e-02	6.020020e+00
3.010000e-06	-2.103564e-02	5.822553e+00
3.020000e-06	-2.069507e-02	5.672028e+00
3.030000e-06	-1.966391e-02	5.494633e+00
3.040000e-06	-1.845854e-02	5.346788e+00
3.050000e-06	-1.901501e-02	5.117261e+00
3.060000e-06	-1.786816e-02	4.926158e+00
3.070000e-06	-1.724004e-02	4.766895e+00
3.080000e-06	-1.571128e-02	4.578445e+00
3.090000e-06	-1.548542e-02	4.452580e+00
3.100000e-06	-1.520568e-02	4.335333e+00
3.110000e-06	-1.425849e-02	4.064554e+00
3.120000e-06	-1.389423e-02	3.916164e+00
3.130000e-06	-1.257988e-02	3.747371e+00
3.140000e-06	-1.204646e-02	3.600950e+00
3.150000e-06	-1.247286e-02	3.451555e+00
3.160000e-06	-1.118514e-02	3.211000e+00
3.170000e-06	-1.098975e-02	3.085080e+00
3.180000e-06	-9.411101e-03	2.925685e+00
3.190000e-06	-1.069003e-02	2.739290e+00
3.200000e-06	-1.011449e-02	2.569738e+00
3.210000e-06	-8.795438e-03	2.379214e+00
3.220000e-06	-8.900623e-03	2.159838e+00
3.230000e-06	-8.034019e-03	2.019421e+00
3.240000e-06	-7.524668e-03	1.802059e+00
3.250000e-06	-7.127199e-03	1.640447e+00
3.260000e-06	-8.155885e-03	1.419999e+00
3.270000e-06	-6.892592e-03	1.252000e+00
3.280000e-06	-5.934359e-03	1.069072e+00
3.290000e-06	-5.981584e-03	8.014698e-01
3.300000e-06	-5.688448e-03	6.309240e-01
3.310000e-06	-5.458647e-03	4.515503e-01
3.320000e-06	-4.337558e-03	3.120828e-01
3.330000e-06	-5.009736e-03	7.107519e-02
3.340000e-06	6.965257e-04	-1.062921e-01
3.350000e-06	1.837672e-03	-2.742120e-01
3.360000e-06	-1.967039e-03	-4.022043e-01
3.370000e-06	1.077455e-03	-5.911780e-01
3.380000e-06	-1.708996e-03	-7.801261e-01
3.390000e-06	7.680228e-04	-9.284723e-01
3.400000e-06	8.101325e-04	-1.084869e+00
3.410000e-06	1.702479e-02	-1.261715e+00
3.420000e-06	7.755227e-02	-1.548845e+00
3.430000e-06	-3.980250e-04	-1.717422e+00
3.440000e-06	-5.364245e-02	-1.990654e+00
3.450000e-06	-2.892576e-02	-2.213159e+00
3.460000e-06	-9.025948e-02	-2.390000e+00
3.470000e-06	1.097639e-01	-2.400626e+00
3.480000e-06	5.426732e-02	-2.519401e+00
3.490000e-06	-1.579685e-01	-2.760102e+00
3.500000e-06	1.725492e-01	-2.854809e+00
3.510000e-06	-4.362527e-02	-3.046293e+00
3.520000e-06	-1.265705e-01	-3.307892e+00
3.530000e-06	1.713883e-01	-3.423159e+00
3.540000e-06	-5.575180e-02	-3.590530e+00
3.550000e-06	-4.982085e-02	-3.775812e+00
3.560000e-06	1.466374e-01	-3.982603e+00
3.570000e-06	-1.426545e-01	-4.161102e+00
3.580000e-06	8.427203e-02	-4.327974e+00
3.590000e-06	-2.209694e-03	-4.462835e+00
3.600000e-06	-7.607567e-02	-4.687318e+00
3.610000e-06	1.402985e-01	-4.792659e+00
3.620000e-06	-9.081968e-02	-5.001657e+00
3.630000e-06	2.979213e-02	-5.160605e+00
3.640000e-06	5.427435e-02	-5.328633e+00
3.650000e-06	-4.118457e-02	-5.611155e+00
3.660000e-06	6.753720e-02	-5.705372e+00
3.670000e-06	-7.941234e-02	-5.895714e+00
3.680000e-06	6.855641e-02	-5.990049e+00
3.690000e-06	1.631838e-02	-6.089499e+00
3.700000e-06	-4.351267e-02	-6.337998e+00
3.710000e-06	9.165927e-02	-6.436216e+00
3.720000e-06	-5.480807e-02	-6.562760e+00
3.730000e-06	4.295425e-02	-6.757972e+00
3.740000e-06	-1.489371e-02	-6.835262e+00
3.750000e-06	1.581375e-02	-7.006215e+00
3.760000e-06	6.713130e-02	-7.151552e+00
3.770000e-06	-5.427682e-02	-7.258845e+00
3.780000e-06	4.138550e-02	-7.411554e+00
3.790000e-06	-4.202390e-03	-7.529001e+00
3.800000e-06	3.872738e-02	-7.634816e+00
3.810000e-06	2.202782e-03	-7.802755e+00
3.820000e-06	1.566281e-03	-7.958506e+00
3.830000e-06	4.748212e-02	-8.045264e+00
3.840000e-06	-1.574889e-02	-8.191604e+00
3.850000e-06	2.793858e-02	-8.236238e+00
3.860000e-06	8.485932e-03	-8.360924e+00
3.870000e-06	3.404395e-02	-8.435761e+00
3.880000e-06	-2.358626e-05	-8.560598e+00
3.890000e-06	8.225667e-03	-8.696821e+00
3.900000e-06	3.647341e-02	-8.781649e+00
3.910000e-06	1.168501e-02	-8.846840e+00
3.920000e-06	1.838854e-02	-8.959451e+00
3.930000e-06	1.135250e-02	-9.044688e+00
3.940000e-06	3.214607e-02	-9.087845e+00
3.950000e-06	1.406901e-02	-9.150500e+00
3.960000e-06	1.673299e-02	-9.224236e+00
3.970000e-06	2.573255e-02	-9.270847e+00
3.980000e-06	2.297771e-02	-9.372555e+00
3.990000e-06	1.606106e-02	-9.416316e+00
4.000000e-06	1.968101e-02	-9.537973e+00
4.010000e-06	3.141229e-02	-9.581628e+00
4.020000e-06	2.059184e-02	-9.633156e+00
4.030000e-06	2.048684e-02	-9.635313e+00
4.040000e-06	2.189156e-02	-9.707867e+00
4.050000e-06	2.680631e-02	-9.777901e+00
4.060000e-06	2.322639e-02	-9.790025e+00
4.070000e-06	2.482200e-02	-9.813580e+00
4.080000e-06	2.930410e-02	-9.833184e+00
4.090000e-06	2.374649e-02	-9.875761e+00
4.100000e-06	2.527719e-02	-9.927791e+00
4.110000e-06	2.784093e-02	-9.896396e+00
4.120000e-06	3.017803e-02	-9.906392e+00
4.130000e-06	2.572167e-02	-9.937442e+00
4.140000e-06	3.065909e-02	-9.917920e+00
4.150000e-06	2.958136e-02	-9.938450e+00
4.160000e-06	3.044388e-02	-9.948948e+00
4.170000e-06	2.842311e-02	-9.950024e+00
4.180000e-06	3.125024e-02	-9.948322e+00
4.190000e-06	3.308846e-02	-9.937949e+00
4.200000e-06	3.267169e-02	-9.898344e+00
4.210000e-06	3.535816e-02	-9.918345e+00
4.220000e-06	3.524720e-02	-9.866316e+00
4.230000e-06	3.476824e-02	-9.864814e+00
4.240000e-06	3.531324e-02	-9.885237e+00
4.250000e-06	3.846493e-02	-9.823589e+00
4.260000e-06	3.891881e-02	-9.782626e+00
4.270000e-06	3.801495e-02	-9.779926e+00
4.280000e-06	4.166778e-02	-9.698874e+00
4.290000e-06	4.516678e-02	-9.685839e+00
4.300000e-06	4.481075e-02	-9.611711e+00
4.310000e-06	4.412313e-02	-9.611530e+00
4.320000e-06	4.622896e-02	-9.549446e+00
4.330000e-06	4.973518e-02	-9.487367e+00
4.340000e-06	4.932363e-02	-9.451633e+00
4.350000e-06	5.052593e-02	-9.308421e+00
4.360000e-06	5.202093e-02	-9.242659e+00
4.370000e-06	5.142945e-02	-9.151075e+00
4.380000e-06	5.169918e-02	-9.125894e+00
4.390000e-06	5.065954e-02	-9.052633e+00
4.400000e-06	5.036413e-02	-8.958021e+00
4.410000e-06	4.960465e-02	-8.875811e+00
4.420000e-06	4.748344e-02	-8.823034e+00
4.430000e-06	4.662707e-02	-8.726316e+00
4.440000e-06	4.407830e-02	-8.622611e+00
4.450000e-06	4.347629e-02	-8.496795e+00
4.460000e-06	4.227113e-02	-8.411556e+00
4.470000e-06	3.909285e-02	-8.305869e+00
4.480000e-06	3.668203e-02	-8.204179e+00
4.490000e-06	3.615953e-02	-8.117342e+00
4.500000e-06	3.571397e-02	-8.022376e+00
4.510000e-06	3.368494e-02	-7.917944e+00
4.520000e-06	3.252273e-02	-7.738228e+00
4.530000e-06	2.969714e-02	-7.653729e+00
4.540000e-06	2.868212e-02	-7.496743e+00
4.550000e-06	2.489587e-02	-7.390522e+00
4.560000e-06	2.439000e-02	-7.205135e+00
4.570000e-06	2.474549e-02	-7.147918e+00
4.580000e-06	2.227604e-02	-6.970927e+00
4.590000e-06	2.181718e-02	-6.832607e+00
4.600000e-06	2.032008e-02	-6.725813e+00
4.610000e-06	1.968861e-02	-6.549397e+00
4.620000e-06	1.780466e-02	-6.431476e+00
4.630000e-06	1.758905e-02	-6.256188e+00
4.640000e-06	1.640008e-02	-6.095238e+00
4.650000e-06	1.615199e-02	-5.957870e+00
4.660000e-06	1.442323e-02	-5.803006e+00
4.670000e-06	1.124279e-02	-5.695232e+00
4.680000e-06	1.011615e-02	-5.517840e+00
4.690000e-06	1.107945e-02	-5.276416e+00
4.700000e-06	1.172594e-02	-5.176794e+00
4.710000e-06	1.243555e-02	-5.020972e+00
4.720000e-06	9.238990e-03	-4.688547e+00
4.730000e-06	8.066330e-03	-4.589976e+00
4.740000e-06	6.425145e-03	-4.484557e+00
4.750000e-06	7.436209e-03	-4.306340e+00
4.760000e-06	5.873197e-03	-4.148920e+00
4.770000e-06	6.323369e-03	-4.010601e+00
4.780000e-06	6.163123e-03	-3.864210e+00
4.790000e-06	5.154918e-03	-3.652579e+00
4.800000e-06	4.413154e-03	-3.482663e+00
4.810000e-06	5.048031e-03	-3.325842e+00
4.820000e-06	3.009509e-03	-3.168919e+00
4.830000e-06	3.261869e-03	-2.978817e+00
4.840000e-06	1.074878e-03	-2.748942e+00
4.850000e-06	2.926625e-03	-2.619978e+00
4.860000e-06	5.778842e-04	-2.442129e+00
4.870000e-06	1.941777e-03	-2.212183e+00
4.880000e-06	5.199322e-05	-2.042558e+00
4.890000e-06	-3.348109e-05	-1.884135e+00
4.900000e-06	-1.322306e-03	-1.713737e+00
4.910000e-06	8.859385e-04	-1.505837e+00
4.920000e-06	-7.631571e-04	-1.283160e+00
4.930000e-06	-8.698737e-04	-1.083582e+00
4.940000e-06	-2.858489e-03	-8.832082e-01
4.950000e-06	-2.947226e-03	-7.557894e-01
4.960000e-06	-4.569445e-03	-4.852080e-01
4.970000e-06	-2.831082e-03	-3.452409e-01
4.980000e-06	-3.065679e-03	-1.463460e-01
4.990000e-06	-1.276017e-03	-2.049762e-02
5.000000e-06	1.727629e-03	1.901000e-01
5.010000e-06	5.749173e-05	3.909986e-01
5.020000e-06	-2.645969e-03	5.184446e-01
5.030000e-06	-1.696625e-05	6.958898e-01
5.040000e-06	-5.071871e-03	8.511600e-01
5.050000e-06	-3.210573e-03	1.035260e+00
5.060000e-06	-1.413891e-03	1.263759e+00
5.070000e-06	7.786790e-03	1.413606e+00
5.080000e-06	4.682822e-02	1.663722e+00
5.090000e-06	4.062239e-02	1.886284e+00
5.100000e-06	-5.987587e-02	2.015659e+00
5.110000e-06	-3.309820e-02	2.262107e+00
5.120000e-06	-5.939919e-02	2.422176e+00
5.130000e-06	-5.483266e-02	2.493886e+00
5.140000e-06	1.295826e-01	2.706868e+00
5.150000e-06	-3.113660e-02	2.875211e+00
5.160000e-06	-9.942659e-02	3.002003e+00
5.170000e-06	1.573136e-01	3.159047e+00
5.180000e-06	-1.155602e-01	3.369980e+00
5.190000e-06	-3.219444e-02	3.579521e+00
5.200000e-06	1.030770e-01	3.655266e+00
5.210000e-06	-9.496871e-02	3.900389e+00
5.220000e-06	8.538635e-03	4.022530e+00
5.230000e-06	4.545118e-02	4.264833e+00
5.240000e-06	-6.730537e-02	4.421151e+00
5.250000e-06	2.306962e-02	4.581075e+00
5.260000e-06	-2.990646e-02	4.769002e+00
5.270000e-06	-1.939936e-02	4.959954e+00
5.280000e-06	8.619951e-03	5.212027e+00
5.290000e-06	-2.622119e-02	5.369498e+00
5.300000e-06	1.068352e-02	5.508345e+00
5.310000e-06	-8.371075e-03	5.646285e+00
5.320000e-06	-4.678890e-03	5.857232e+00
5.330000e-06	-3.539919e-02	5.992603e+00
5.340000e-06	-2.253748e-02	6.129449e+00
5.350000e-06	2.356158e-02	6.296317e+00
5.360000e-06	-3.628393e-02	6.422159e+00
5.370000e-06	-2.686762e-03	6.532472e+00
5.380000e-06	-1.750050e-02	6.778972e+00
5.390000e-06	-1.931754e-02	6.857864e+00
5.400000e-06	-8.481539e-03	6.991175e+00
5.410000e-06	-2.554062e-02	7.137990e+00
5.420000e-06	6.739112e-04	7.212027e+00
5.430000e-06	-1.577042e-02	7.362026e+00
5.440000e-06	-1.916063e-02	7.570848e+00
5.450000e-06	-2.174561e-02	7.646739e+00
5.460000e-06	-1.102573e-02	7.823626e+00
5.470000e-06	-1.343150e-02	7.889947e+00
5.480000e-06	-2.723424e-02	8.077189e+00
5.490000e-06	-1.444392e-02	8.150449e+00
5.500000e-06	-1.193928e-02	8.276796e+00
5.510000e-06	-2.322829e-02	8.381554e+00
5.520000e-06	-2.296887e-02	8.465762e+00
5.530000e-06	-1.789910e-02	8.509049e+00
5.540000e-06	-1.587327e-02	8.684738e+00
5.550000e-06	-2.549276e-02	8.719475e+00
5.560000e-06	-2.331115e-02	8.842159e+00
5.570000e-06	-1.693254e-02	8.890869e+00
5.580000e-06	-2.422706e-02	9.053131e+00
5.590000e-06	-2.360478e-02	9.139423e+00
5.600000e-06	-2.185772e-02	9.222154e+00
5.610000e-06	-1.967608e-02	9.255736e+00
5.620000e-06	-2.824550e-02	9.338996e+00
5.630000e-06	-2.758835e-02	9.424082e+00
5.640000e-06	-2.123025e-02	9.486763e+00
5.650000e-06	-2.701206e-02	9.527891e+00
5.660000e-06	-2.666715e-02	9.581546e+00
5.670000e-06	-2.698814e-02	9.636059e+00
5.680000e-06	-2.375051e-02	9.636286e+00
5.690000e-06	-2.848223e-02	9.700351e+00
5.700000e-06	-2.918939e-02	9.801604e+00
5.710000e-06	-2.988582e-02	9.873686e+00
5.720000e-06	-3.171191e-02	9.895288e+00
5.730000e-06	-3.153786e-02	9.916322e+00
5.740000e-06	-2.839859e-02	9.970445e+00
5.750000e-06	-2.799262e-02	1.000105e+01
5.760000e-06	-3.435362e-02	9.989953e+00
5.770000e-06	-3.488278e-02	1.000300e+01
5.780000e-06	-3.202149e-02	1.003411e+01
5.790000e-06	-3.350869e-02	1.002313e+01
5.800000e-06	-3.540418e-02	1.004466e+01
5.810000e-06	-3.525925e-02	1.005418e+01
5.820000e-06	-3.568863e-02	1.004671e+01
5.830000e-06	-3.758134e-02	1.004421e+01
5.840000e-06	-3.812660e-02	1.003418e+01
5.850000e-06	-3.771075e-02	1.001368e+01
5.860000e-06	-3.738079e-02	1.004361e+01
5.870000e-06	-4.022048e-02	1.002408e+01
5.880000e-06	-4.086740e-02	1.002361e+01
5.890000e-06	-4.208803e-02	1.003097e+01
5.900000e-06	-4.343315e-02	9.979972e+00
5.910000e-06	-4.433553e-02	9.927321e+00
5.920000e-06	-4.454792e-02	9.925316e+00
5.930000e-06	-4.567433e-02	9.863659e+00
5.940000e-06	-4.799531e-02	9.761555e+00
5.950000e-06	-4.889788e-02	9.728894e+00
5.960000e-06	-4.975329e-02	9.656737e+00
5.970000e-06	-5.120878e-02	9.633982e+00
5.980000e-06	-5.405626e-02	9.588947e+00
5.990000e-06	-5.512361e-02	9.516767e+00
6.000000e-06	-5.657160e-02	9.454685e+00
6.010000e-06	-5.748709e-02	9.411949e+00
6.020000e-06	-5.740225e-02	9.319894e+00
6.030000e-06	-5.809400e-02	9.244613e+00
6.040000e-06	-5.645740e-02	9.202051e+00
6.050000e-06	-5.676795e-02	9.139813e+00
6.060000e-06	-5.554921e-02	9.012954e+00
6.070000e-06	-5.529849e-02	8.897716e+00
6.080000e-06	-5.407037e-02	8.823525e+00
6.090000e-06	-5.399656e-02	8.789368e+00
6.100000e-06	-5.150945e-02	8.664764e+00
6.110000e-06	-4.987168e-02	8.578372e+00
6.120000e-06	-4.701756e-02	8.474735e+00
6.130000e-06	-4.576118e-02	8.431423e+00
6.140000e-06	-4.382766e-02	8.306310e+00
6.150000e-06	-4.156404e-02	8.208427e+00
6.160000e-06	-3.977898e-02	8.086633e+00
6.170000e-06	-3.881957e-02	7.928346e+00
6.180000e-06	-3.824856e-02	7.883578e+00
6.190000e-06	-3.629394e-02	7.725817e+00
6.200000e-06	-3.407910e-02	7.631524e+00
6.210000e-06	-3.381504e-02	7.505634e+00
6.220000e-06	-3.097294e-02	7.294109e+00
6.230000e-06	-3.011916e-02	7.168341e+00
6.240000e-06	-2.872795e-02	7.042576e+00
6.250000e-06	-2.850570e-02	6.906713e+00
6.260000e-06	-2.744638e-02	6.810421e+00
6.270000e-06	-2.667845e-02	6.622081e+00
6.280000e-06	-2.504232e-02	6.444157e+00
6.290000e-06	-2.350613e-02	6.316736e+00
6.300000e-06	-2.277165e-02	6.159417e+00
6.310000e-06	-2.212368e-02	6.043554e+00
6.320000e-06	-2.157586e-02	5.956188e+00
6.330000e-06	-2.132809e-02	5.746787e+00
6.340000e-06	-1.997508e-02	5.559815e+00
6.350000e-06	-1.861273e-02	5.401028e+00
6.360000e-06	-1.849650e-02	5.271479e+00
6.370000e-06	-1.841547e-02	5.002477e+00
6.380000e-06	-1.717482e-02	4.872053e+00
6.390000e-06	-1.646796e-02	4.704656e+00
6.400000e-06	-1.549893e-02	4.557709e+00
6.410000e-06	-1.499259e-02	4.400895e+00
6.420000e-06	-1.408578e-02	4.210373e+00
6.430000e-06	-1.305362e-02	4.019950e+00
6.440000e-06	-1.361214e-02	3.853078e+00
6.450000e-06	-1.310854e-02	3.674609e+00
6.460000e-06	-1.271952e-02	3.548344e+00
6.470000e-06	-1.159255e-02	3.327234e+00
6.480000e-06	-1.145295e-02	3.128315e+00
6.490000e-06	-1.138501e-02	2.979445e+00
6.500000e-06	-9.811070e-03	2.851029e+00
6.510000e-06	-1.005444e-02	2.663059e+00
6.520000e-06	-9.547520e-03	2.440976e+00
6.530000e-06	-9.778421e-03	2.271053e+00
6.540000e-06	-7.771072e-03	2.093083e+00
6.550000e-06	-7.807719e-03	1.948290e+00
6.560000e-06	-7.686950e-03	1.744716e+00
6.570000e-06	-8.146173e-03	1.546712e+00
6.580000e-06	-7.420067e-03	1.357320e+00
6.590000e-06	-6.591893e-03	1.164318e+00
6.600000e-06	-6.979554e-03	9.327905e-01
6.610000e-06	-6.489473e-03	7.267869e-01
6.620000e-06	-5.258617e-03	5.363682e-01
6.630000e-06	-4.346054e-03	3.989924e-01
6.640000e-06	-4.191858e-03	1.783922e-01
6.650000e-06	-3.730961e-03	-3.013890e-02
6.660000e-06	3.523983e-03	-1.790025e-01
6.670000e-06	5.525512e-04	-3.389724e-01
6.680000e-06	-9.464451e-04	-4.543907e-01
6.690000e-06	-8.325794e-04	-7.338722e-01
6.700000e-06	-1.655523e-03	-8.557369e-01
6.710000e-06	-2.928290e-04	-9.721065e-01
6.720000e-06	4.691750e-03	-1.191602e+00
6.730000e-06	3.900213e-02	-1.359160e+00
6.740000e-06	7.854733e-02	-1.590130e+00
6.750000e-06	-6.542918e-02	-1.824841e+00
6.760000e-06	-1.413449e-02	-2.107997e+00
6.770000e-06	-7.684955e-02	-2.328495e+00
6.780000e-06	-2.779623e-02	-2.390555e+00
6.790000e-06	1.619633e-01	-2.452155e+00
6.800000e-06	-1.074401e-01	-2.645714e+00
6.810000e-06	-2.626715e-02	-2.814132e+00
6.820000e-06	1.644207e-01	-2.956970e+00
6.830000e-06	-1.822661e-01	-3.180658e+00
6.840000e-06	3.794365e-02	-3.370602e+00
6.850000e-06	1.204749e-01	-3.507818e+00
6.860000e-06	-1.465196e-01	-3.657842e+00
6.870000e-06	1.170213e-01	-3.888367e+00
6.880000e-06	1.106673e-02	-4.073841e+00
6.890000e-06	-9.129338e-02	-4.266791e+00
6.900000e-06	1.257464e-01	-4.379426e+00
6.910000e-06	-1.159387e-01	-4.593136e+00
6.920000e-06	6.245075e-02	-4.759570e+00
6.930000e-06	5.946436e-02	-4.855295e+00
6.940000e-06	-1.035039e-01	-5.065896e+00
6.950000e-06	1.127113e-01	-5.234339e+00
6.960000e-06	-3.789811e-02	-5.438193e+00
6.970000e-06	3.447559e-02	-5.643283e+00
6.980000e-06	-6.378283e-04	-5.742051e+00
6.990000e-06	-4.747821e-02	-5.958946e+00
7.000000e-06	1.052450e-01	-6.053255e+00
7.010000e-06	-6.877257e-02	-6.205740e+00
7.020000e-06	5.055114e-02	-6.402106e+00
7.030000e-06	2.426291e-02	-6.488422e+00
7.040000e-06	-3.396281e-02	-6.656320e+00
7.050000e-06	5.233230e-02	-6.790053e+00
7.060000e-06	-4.682068e-02	-6.922004e+00
7.070000e-06	8.281470e-02	-7.087971e+00
7.080000e-06	-8.686113e-03	-7.222661e+00
7.090000e-06	-1.199582e-02	-7.319523e+00
7.100000e-06	3.333027e-02	-7.465744e+00
7.110000e-06	-2.552926e-03	-7.591679e+00
7.120000e-06	4.255641e-02	-7.691472e+00
7.130000e-06	-2.379690e-02	-7.856266e+00
7.140000e-06	4.464224e-02	-8.002604e+00
7.150000e-06	1.216556e-02	-8.118343e+00
7.160000e-06	-4.861509e-04	-8.204160e+00
7.170000e-06	2.307787e-02	-8.328941e+00
7.180000e-06	1.407028e-02	-8.401136e+00
7.190000e-06	2.950276e-02	-8.488320e+00
7.200000e-06	-1.001923e-02	-8.617133e+00
7.210000e-06	3.183029e-02	-8.758474e+00
7.220000e-06	2.370826e-02	-8.833230e+00
7.230000e-06	1.300436e-02	-8.907971e+00
7.240000e-06	1.288312e-02	-8.981609e+00
7.250000e-06	2.011045e-02	-9.066368e+00
7.260000e-06	2.890269e-02	-9.127922e+00
7.270000e-06	9.154965e-03	-9.181031e+00
7.280000e-06	2.309822e-02	-9.254739e+00
7.290000e-06	2.462195e-02	-9.268928e+00
7.300000e-06	2.104381e-02	-9.413662e+00
7.310000e-06	1.497263e-02	-9.545869e+00
7.320000e-06	2.502845e-02	-9.571521e+00
7.330000e-06	2.771774e-02	-9.612079e+00
7.340000e-06	2.091329e-02	-9.654236e+00
7.350000e-06	2.370147e-02	-9.687791e+00
7.360000e-06	2.294633e-02	-9.688774e+00
7.370000e-06	2.442870e-02	-9.740500e+00
7.380000e-06	2.176761e-02	-9.780527e+00
7.390000e-06	2.771073e-02	-9.812684e+00
7.400000e-06	2.674308e-02	-9.823712e+00
7.410000e-06	2.461547e-02	-9.846766e+00
7.420000e-06	2.634443e-02	-9.865763e+00
7.430000e-06	2.977896e-02	-9.907394e+00
7.440000e-06	2.671969e-02	-9.917342e+00
7.450000e-06	2.737629e-02	-9.937896e+00
7.460000e-06	3.014582e-02	-9.929896e+00
7.470000e-06	3.190242e-02	-9.939423e+00
7.480000e-06	2.988713e-02	-9.938449e+00
7.490000e-06	2.950097e-02	-9.949449e+00
7.500000e-06	3.253610e-02	-9.938900e+00
7.510000e-06	3.273706e-02	-9.898896e+00
7.520000e-06	3.371499e-02	-9.908392e+00
7.530000e-06	3.467477e-02	-9.896822e+00
7.540000e-06	3.566973e-02	-9.887816e+00
7.550000e-06	3.572509e-02	-9.864288e+00
7.560000e-06	3.725941e-02	-9.842638e+00
7.570000e-06	3.911943e-02	-9.783607e+00
7.580000e-06	3.865669e-02	-9.800053e+00
7.590000e-06	4.026028e-02	-9.738950e+00
7.600000e-06	4.308892e-02	-9.707318e+00
7.610000e-06	4.347939e-02	-9.644190e+00
7.620000e-06	4.482529e-02	-9.642679e+00
7.630000e-06	4.602051e-02	-9.610999e+00
7.640000e-06	4.947575e-02	-9.517395e+00
7.650000e-06	4.853263e-02	-9.385167e+00
7.660000e-06	5.000916e-02	-9.341554e+00
7.670000e-06	5.215052e-02	-9.287414e+00
7.680000e-06	5.188444e-02	-9.205009e+00
7.690000e-06	5.145331e-02	-9.148395e+00
7.700000e-06	5.020310e-02	-9.086788e+00
7.710000e-06	5.187812e-02	-8.960553e+00
7.720000e-06	5.152351e-02	-8.868793e+00
7.730000e-06	4.833785e-02	-8.834059e+00
7.740000e-06	4.681612e-02	-8.799521e+00
7.750000e-06	4.508511e-02	-8.666916e+00
7.760000e-06	4.373426e-02	-8.510954e+00
7.770000e-06	4.269983e-02	-8.423736e+00
7.780000e-06	4.055144e-02	-8.379924e+00
7.790000e-06	3.899155e-02	-8.264816e+00
7.800000e-06	3.816687e-02	-8.140050e+00
7.810000e-06	3.542794e-02	-8.083688e+00
7.820000e-06	3.335803e-02	-8.011001e+00
7.830000e-06	3.197094e-02	-7.854209e+00
7.840000e-06	3.184025e-02	-7.687343e+00
7.850000e-06	3.007682e-02	-7.567472e+00
7.860000e-06	2.658632e-02	-7.454210e+00
7.870000e-06	2.573379e-02	-7.275367e+00
7.880000e-06	2.501702e-02	-7.169344e+00
7.890000e-06	2.380917e-02	-7.043260e+00
7.900000e-06	2.169949e-02	-6.905241e+00
7.910000e-06	2.136598e-02	-6.749922e+00
7.920000e-06	1.982474e-02	-6.613033e+00
7.930000e-06	1.909962e-02	-6.494263e+00
7.940000e-06	1.692193e-02	-6.348471e+00
7.950000e-06	1.706858e-02	-6.160026e+00
7.960000e-06	1.591542e-02	-6.070207e+00
7.970000e-06	1.363025e-02	-5.905811e+00
7.980000e-06	1.336124e-02	-5.767871e+00
7.990000e-06	1.261109e-02	-5.642504e+00
8.000000e-06	1.208557e-02	-5.443162e+00
8.010000e-06	1.030785e-02	-5.260580e+00
8.020000e-06	9.505106e-03	-5.064136e+00
8.030000e-06	9.630072e-03	-4.886662e+00
8.040000e-06	8.523656e-03	-4.674637e+00
8.050000e-06	8.923153e-03	-4.516843e+00
8.060000e-06	8.189940e-03	-4.398975e+00
8.070000e-06	7.562829e-03	-4.263109e+00
8.080000e-06	3.720475e-03	-4.115217e+00
8.090000e-06	6.731133e-03	-3.956919e+00
8.100000e-06	4.830446e-03	-3.748340e+00
8.110000e-06	6.022405e-03	-3.568979e+00
8.120000e-06	3.888753e-03	-3.390528e+00
8.130000e-06	5.243264e-03	-3.263080e+00
8.140000e-06	4.039871e-03	-3.109709e+00
8.150000e-06	1.715715e-03	-2.842653e+00
8.160000e-06	2.301384e-03	-2.723711e+00
8.170000e-06	9.705894e-04	-2.515341e+00
8.180000e-06	2.676463e-03	-2.379444e+00
8.190000e-06	1.247107e-03	-2.158840e+00
8.200000e-06	1.920151e-03	-1.967921e+00
8.210000e-06	1.608660e-04	-1.779478e+00
8.220000e-06	5.602009e-04	-1.642024e+00
8.230000e-06	-2.500492e-03	-1.450554e+00
8.240000e-06	-9.235931e-04	-1.178896e+00
8.250000e-06	-1.556691e-03	-1.006970e+00
8.260000e-06	1.012844e-04	-7.795014e-01
8.270000e-06	-4.092658e-03	-6.390776e-01
8.280000e-06	-3.555379e-03	-4.095239e-01
8.290000e-06	-3.649124e-03	-2.531303e-01
8.300000e-06	-1.742056e-03	-7.258564e-02
8.310000e-06	5.106923e-04	7.571058e-02
8.320000e-06	2.727319e-03	3.072922e-01
8.330000e-06	-2.924858e-03	4.536567e-01
8.340000e-06	9.373422e-04	6.116027e-01
8.350000e-06	-4.463235e-03	7.789811e-01
8.360000e-06	-2.201712e-03	9.187697e-01
8.370000e-06	-3.906056e-03	1.180479e+00
8.380000e-06	3.263177e-03	1.347394e+00
8.390000e-06	1.886239e-02	1.488867e+00
8.400000e-06	6.670563e-02	1.829550e+00
8.410000e-06	-1.458621e-02	1.999450e+00
8.420000e-06	-5.262155e-02	2.139420e+00
8.430000e-06	-3.838537e-02	2.327444e+00
8.440000e-06	-7.381981e-02	2.423187e+00
8.450000e-06	1.742373e-02	2.623628e+00
8.460000e-06	1.292131e-01	2.782076e+00
8.470000e-06	-1.569241e-01	2.947297e+00
8.480000e-06	7.315361e-02	3.054735e+00
8.490000e-06	4.778756e-02	3.224188e+00
8.500000e-06	-1.343902e-01	3.506737e+00
8.510000e-06	7.233440e-02	3.611551e+00
8.520000e-06	2.874529e-02	3.759454e+00
8.530000e-06	-1.056747e-01	3.999399e+00
8.540000e-06	8.327886e-02	4.097345e+00
8.550000e-06	-3.819214e-02	4.357943e+00
8.560000e-06	-2.697625e-02	4.457319e+00
8.570000e-06	1.983081e-02	4.667310e+00
8.580000e-06	-5.013046e-02	4.834205e+00
8.590000e-06	1.728408e-02	5.023756e+00
8.600000e-06	-2.300218e-02	5.275315e+00
8.610000e-06	-4.020760e-03	5.444158e+00
8.620000e-06	1.137297e-03	5.600606e+00
8.630000e-06	-4.342619e-03	5.760971e+00
8.640000e-06	-1.618656e-02	5.959849e+00
8.650000e-06	-4.115987e-02	6.077189e+00
8.660000e-06	9.658281e-03	6.212609e+00
8.670000e-06	-1.259272e-03	6.358924e+00
8.680000e-06	-3.021373e-02	6.466689e+00
8.690000e-06	1.755721e-03	6.616264e+00
8.700000e-06	-2.808992e-02	6.813081e+00
8.710000e-06	-1.162898e-02	6.959870e+00
8.720000e-06	-1.529883e-02	7.067209e+00
8.730000e-06	-1.771944e-02	7.179448e+00
8.740000e-06	3.469582e-03	7.266792e+00
8.750000e-06	-2.885970e-02	7.455191e+00
8.760000e-06	-1.474302e-02	7.611631e+00
8.770000e-06	-2.238296e-02	7.767822e+00
8.780000e-06	-4.782675e-03	7.867162e+00
8.790000e-06	-2.072437e-02	7.914055e+00
8.800000e-06	-2.378684e-02	8.137896e+00
8.810000e-06	-9.050162e-03	8.246155e+00
8.820000e-06	-2.200000e-02	8.349373e+00
8.830000e-06	-2.156529e-02	8.422103e+00
8.840000e-06	-2.318210e-02	8.517391e+00
8.850000e-06	-1.130497e-02	8.592149e+00
8.860000e-06	-2.265309e-02	8.676860e+00
8.870000e-06	-2.466339e-02	8.759427e+00
8.880000e-06	-1.901529e-02	8.833784e+00
8.890000e-06	-1.952182e-02	8.952446e+00
8.900000e-06	-2.446987e-02	9.046342e+00
8.910000e-06	-2.483321e-02	9.160446e+00
8.920000e-06	-1.858010e-02	9.244130e+00
8.930000e-06	-2.437134e-02	9.288366e+00
8.940000e-06	-2.692081e-02	9.342549e+00
8.950000e-06	-2.488114e-02	9.424683e+00
8.960000e-06	-2.200627e-02	9.507394e+00
8.970000e-06	-2.838909e-02	9.540400e+00
8.980000e-06	-2.878879e-02	9.602080e+00
8.990000e-06	-2.503125e-02	9.655307e+00
9.000000e-06	-2.600260e-02	9.697792e+00
9.010000e-06	-2.713977e-02	9.720976e+00
9.020000e-06	-2.908632e-02	9.823682e+00
9.030000e-06	-2.973941e-02	9.814714e+00
9.040000e-06	-3.228859e-02	9.887766e+00
9.050000e-06	-2.989936e-02	9.909021e+00
9.060000e-06	-2.916326e-02	1.000995e+01
9.070000e-06	-3.121545e-02	9.990020e+00
9.080000e-06	-3.528935e-02	1.001416e+01
9.090000e-06	-3.284967e-02	1.001211e+01
9.100000e-06	-3.181098e-02	1.004361e+01
9.110000e-06	-3.527280e-02	1.005566e+01
9.120000e-06	-3.472767e-02	1.004361e+01
9.130000e-06	-3.526329e-02	1.004419e+01
9.140000e-06	-3.729142e-02	1.003416e+01
9.150000e-06	-3.928686e-02	1.004366e+01
9.160000e-06	-3.702337e-02	1.003416e+01
9.170000e-06	-3.763353e-02	1.002461e+01
9.180000e-06	-3.936003e-02	1.002411e+01
9.190000e-06	-4.113748e-02	1.002303e+01
9.200000e-06	-4.092417e-02	1.002205e+01
9.210000e-06	-4.169045e-02	9.981477e+00
9.220000e-06	-4.349578e-02	9.970873e+00
9.230000e-06	-4.398131e-02	9.938391e+00
9.240000e-06	-4.506368e-02	9.927765e+00
9.250000e-06	-4.746319e-02	9.823107e+00
9.260000e-06	-4.859588e-02	9.791600e+00
9.270000e-06	-4.961539e-02	9.719742e+00
9.280000e-06	-5.064770e-02	9.656057e+00
9.290000e-06	-5.319855e-02	9.620475e+00
9.300000e-06	-5.371654e-02	9.538845e+00
9.310000e-06	-5.520001e-02	9.486162e+00
9.320000e-06	-5.648086e-02	9.414135e+00
9.330000e-06	-5.868243e-02	9.368919e+00
9.340000e-06	-5.822281e-02	9.295263e+00
9.350000e-06	-5.831270e-02	9.263180e+00
9.360000e-06	-5.636428e-02	9.180447e+00
9.370000e-06	-5.716331e-02	9.076237e+00
9.380000e-06	-5.533900e-02	8.972004e+00
9.390000e-06	-5.536541e-02	8.866259e+00
9.400000e-06	-5.249393e-02	8.800552e+00
9.410000e-06	-5.202268e-02	8.666742e+00
9.420000e-06	-4.929073e-02	8.613077e+00
9.430000e-06	-4.842144e-02	8.528795e+00
9.440000e-06	-4.513881e-02	8.443107e+00
9.450000e-06	-4.481255e-02	8.369369e+00
9.460000e-06	-4.369876e-02	8.214088e+00
9.470000e-06	-4.148724e-02	8.138388e+00
9.480000e-06	-3.920796e-02	8.021106e+00
9.490000e-06	-3.751396e-02	7.907217e+00
9.500000e-06	-3.681644e-02	7.810899e+00
9.510000e-06	-3.515061e-02	7.675138e+00
9.520000e-06	-3.293667e-02	7.568845e+00
9.530000e-06	-3.219270e-02	7.400424e+00
9.540000e-06	-3.094488e-02	7.232554e+00
9.550000e-06	-2.895287e-02	7.126816e+00
9.560000e-06	-2.846526e-02	7.008417e+00
9.570000e-06	-2.707825e-02	6.883579e+00
9.580000e-06	-2.743230e-02	6.776339e+00
9.590000e-06	-2.431073e-02	6.539316e+00
9.600000e-06	-2.491502e-02	6.430423e+00
9.610000e-06	-2.294550e-02	6.253554e+00
9.620000e-06	-2.275045e-02	6.137115e+00
9.630000e-06	-2.111488e-02	6.030498e+00
9.640000e-06	-1.964189e-02	5.791102e+00
9.650000e-06	-1.983243e-02	5.652605e+00
9.660000e-06	-1.972463e-02	5.505259e+00
9.670000e-06	-1.830936e-02	5.347813e+00
9.680000e-06	-1.791347e-02	5.179395e+00
9.690000e-06	-1.793908e-02	4.917369e+00
9.700000e-06	-1.698069e-02	4.768869e+00
9.710000e-06	-1.580445e-02	4.620974e+00
9.720000e-06	-1.422743e-02	4.462605e+00
9.730000e-06	-1.436648e-02	4.318284e+00
9.740000e-06	-1.315066e-02	4.134157e+00
9.750000e-06	-1.302373e-02	3.937367e+00
9.760000e-06	-1.241239e-02	3.757898e+00
9.770000e-06	-1.343100e-02	3.650975e+00
9.780000e-06	-1.343423e-02	3.473006e+00
9.790000e-06	-1.238868e-02	3.223528e+00
9.800000e-06	-1.077319e-02	3.104662e+00
9.810000e-06	-1.054779e-02	2.924761e+00
9.820000e-06	-9.710337e-03	2.768417e+00
9.830000e-06	-9.053995e-03	2.548837e+00
9.840000e-06	-8.427666e-03	2.335894e+00
9.850000e-06	-9.146603e-03	2.179944e+00
9.860000e-06	-9.180451e-03	2.040449e+00
9.870000e-06	-8.939778e-03	1.831525e+00
9.880000e-06	-7.353910e-03	1.641525e+00
9.890000e-06	-6.971975e-03	1.472551e+00
9.900000e-06	-7.333550e-03	1.302077e+00
9.910000e-06	-6.007963e-03	1.042551e+00
9.920000e-06	-5.938248e-03	8.204762e-01
9.930000e-06	-5.360488e-03	6.625002e-01
9.940000e-06	-5.892526e-03	4.730791e-01
9.950000e-06	-5.151441e-03	3.386840e-01
9.960000e-06	-4.891015e-03	5.258038e-02
9.970000e-06	2.551226e-04	-7.531717e-02
9.980000e-06	3.425289e-03	-2.327855e-01
9.990000e-06	-2.431287e-03	-3.915251e-01
1.000000e-05	2.415731e-03	-6.311538e-01
1.001000e-05	-2.327998e-03	-7.590526e-01
1.002000e-05	5.393577e-04	-9.278958e-01
1.003000e-05	-1.184353e-03	-1.084841e+00
1.004000e-05	1.319010e-02	-1.243716e+00
1.005000e-05	7.366520e-02	-1.446216e+00
1.006000e-05	1.532403e-02	-1.677369e+00
1.007000e-05	-6.105588e-02	-1.949550e+00
1.008000e-05	-2.078996e-02	-2.244734e+00
1.009000e-05	-9.432286e-02	-2.409501e+00
1.010000e-05	8.684442e-02	-2.400503e+00
1.011000e-05	8.381738e-02	-2.495865e+00
1.012000e-05	-1.668994e-01	-2.739029e+00
1.013000e-05	1.571169e-01	-2.834868e+00
1.014000e-05	-2.491004e-04	-3.044210e+00
1.015000e-05	-1.549423e-01	-3.316892e+00
1.016000e-05	1.648752e-01	-3.401762e+00
1.017000e-05	-2.901539e-02	-3.571130e+00
1.018000e-05	-7.826780e-02	-3.750658e+00
1.019000e-05	1.627962e-01	-3.941025e+00
1.020000e-05	-1.300293e-01	-4.151577e+00
1.021000e-05	5.987577e-02	-4.338994e+00
1.022000e-05	2.551855e-02	-4.454239e+00
1.023000e-05	-9.854684e-02	-4.656367e+00
1.024000e-05	1.429167e-01	-4.781605e+00
1.025000e-05	-7.335100e-02	-4.991031e+00
1.026000e-05	4.284334e-03	-5.170502e+00
1.027000e-05	7.461454e-02	-5.338979e+00
1.028000e-05	-5.222417e-02	-5.599526e+00
1.029000e-05	7.360802e-02	-5.676296e+00
1.030000e-05	-7.652968e-02	-5.845811e+00
1.031000e-05	5.296154e-02	-5.990026e+00
1.032000e-05	3.563345e-02	-6.075898e+00
1.033000e-05	-5.677669e-02	-6.338423e+00
1.034000e-05	9.724305e-02	-6.414260e+00
1.035000e-05	-5.000136e-02	-6.633661e+00
1.036000e-05	3.268840e-02	-6.747424e+00
1.037000e-05	-3.275237e-03	-6.833637e+00
1.038000e-05	1.019177e-03	-7.024286e+00
1.039000e-05	7.869710e-02	-7.180050e+00
1.040000e-05	-5.489704e-02	-7.286345e+00
1.041000e-05	3.722167e-02	-7.369583e+00
1.042000e-05	-1.986731e-03	-7.509322e+00
1.043000e-05	3.116613e-02	-7.603867e+00
1.044000e-05	1.021720e-02	-7.790154e+00
1.045000e-05	-6.688455e-03	-7.969925e+00
1.046000e-05	5.359389e-02	-8.025738e+00
1.047000e-05	-1.679342e-02	-8.181603e+00
1.048000e-05	2.475135e-02	-8.254738e+00
1.049000e-05	7.466192e-03	-8.349049e+00
1.050000e-05	3.316244e-02	-8.414661e+00
1.051000e-05	5.451069e-03	-8.571604e+00
1.052000e-05	2.298309e-03	-8.677396e+00
1.053000e-05	3.685776e-02	-8.780079e+00
1.054000e-05	1.359538e-02	-8.874816e+00
1.055000e-05	1.816718e-02	-8.929474e+00
1.056000e-05	9.678612e-03	-9.013234e+00
1.057000e-05	3.135334e-02	-9.086817e+00
1.058000e-05	1.646305e-02	-9.140050e+00
1.059000e-05	1.275222e-02	-9.223105e+00
1.060000e-05	2.460712e-02	-9.237423e+00
1.061000e-05	2.398233e-02	-9.361952e+00
1.062000e-05	1.755454e-02	-9.435816e+00
1.063000e-05	1.682078e-02	-9.518845e+00
1.064000e-05	2.933749e-02	-9.590079e+00
1.065000e-05	2.308462e-02	-9.624584e+00
1.066000e-05	2.295451e-02	-9.635813e+00
1.067000e-05	2.160933e-02	-9.687422e+00
1.068000e-05	2.578720e-02	-9.678399e+00
1.069000e-05	2.202530e-02	-9.801978e+00
1.070000e-05	2.385318e-02	-9.812558e+00
1.071000e-05	2.862640e-02	-9.833160e+00
1.072000e-05	2.567921e-02	-9.856762e+00
1.073000e-05	2.555123e-02	-9.866818e+00
1.074000e-05	2.811841e-02	-9.907345e+00
1.075000e-05	2.912700e-02	-9.876370e+00
1.076000e-05	2.624980e-02	-9.907395e+00
1.077000e-05	2.962209e-02	-9.928420e+00
1.078000e-05	3.074648e-02	-9.928524e+00
1.079000e-05	3.105739e-02	-9.919972e+00
1.080000e-05	2.785015e-02	-9.927921e+00
1.081000e-05	3.181773e-02	-9.918971e+00
1.082000e-05	3.352511e-02	-9.948820e+00
1.083000e-05	3.314366e-02	-9.917395e+00
1.084000e-05	3.502659e-02	-9.898369e+00
1.085000e-05	3.503187e-02	-9.887846e+00
1.086000e-05	3.594961e-02	-9.877268e+00
1.087000e-05	3.549851e-02	-9.844738e+00
1.088000e-05	3.899824e-02	-9.833587e+00
1.089000e-05	3.895314e-02	-9.811101e+00
1.090000e-05	4.006240e-02	-9.770400e+00
1.091000e-05	4.127803e-02	-9.728417e+00
1.092000e-05	4.243368e-02	-9.675295e+00
1.093000e-05	4.534348e-02	-9.654714e+00
1.094000e-05	4.561639e-02	-9.592011e+00
1.095000e-05	4.861153e-02	-9.570001e+00
1.096000e-05	4.990714e-02	-9.457894e+00
1.097000e-05	4.725453e-02	-9.371610e+00
1.098000e-05	5.185139e-02	-9.328395e+00
1.099000e-05	5.072333e-02	-9.266212e+00
1.100000e-05	5.211092e-02	-9.161975e+00
1.101000e-05	5.000130e-02	-9.125814e+00
1.102000e-05	5.263351e-02	-9.023634e+00
1.103000e-05	5.145870e-02	-8.909419e+00
1.104000e-05	4.947698e-02	-8.856164e+00
1.105000e-05	4.829743e-02	-8.843079e+00
1.106000e-05	4.644875e-02	-8.748849e+00
1.107000e-05	4.338125e-02	-8.654756e+00
1.108000e-05	4.233179e-02	-8.497473e+00
1.109000e-05	4.297462e-02	-8.405559e+00
1.110000e-05	4.017511e-02	-8.295895e+00
1.111000e-05	3.717883e-02	-8.232058e+00
1.112000e-05	3.590031e-02	-8.137842e+00
1.113000e-05	3.518186e-02	-8.023658e+00
1.114000e-05	3.345355e-02	-7.929867e+00
1.115000e-05	3.190161e-02	-7.779650e+00
1.116000e-05	3.009903e-02	-7.652562e+00
1.117000e-05	2.842943e-02	-7.497294e+00
1.118000e-05	2.559421e-02	-7.348978e+00
1.119000e-05	2.543265e-02	-7.244738e+00
1.120000e-05	2.411748e-02	-7.149342e+00
1.121000e-05	2.287241e-02	-6.960050e+00
1.122000e-05	2.131605e-02	-6.853034e+00
1.123000e-05	1.993552e-02	-6.696738e+00
1.124000e-05	1.977044e-02	-6.556423e+00
1.125000e-05	1.849071e-02	-6.472182e+00
1.126000e-05	1.705269e-02	-6.296292e+00
1.127000e-05	1.619453e-02	-6.125748e+00
1.128000e-05	1.403693e-02	-5.968946e+00
1.129000e-05	1.379923e-02	-5.822111e+00
1.130000e-05	1.375560e-02	-5.664759e+00
1.131000e-05	1.240192e-02	-5.559339e+00
1.132000e-05	1.188663e-02	-5.337345e+00
1.133000e-05	9.809683e-03	-5.149947e+00
1.134000e-05	1.115665e-02	-5.010499e+00
1.135000e-05	8.525414e-03	-4.789504e+00
1.136000e-05	9.607980e-03	-4.632026e+00
1.137000e-05	6.775360e-03	-4.464634e+00
1.138000e-05	8.743702e-03	-4.317267e+00
1.139000e-05	5.569909e-03	-4.210499e+00
1.140000e-05	5.534569e-03	-4.040659e+00
1.141000e-05	5.002401e-03	-3.905161e+00
1.142000e-05	5.683950e-03	-3.664237e+00
1.143000e-05	4.212950e-03	-3.494711e+00
1.144000e-05	5.254114e-03	-3.317318e+00
1.145000e-05	3.748425e-03	-3.188899e+00
1.146000e-05	3.794683e-03	-2.947975e+00
1.147000e-05	2.102152e-03	-2.779476e+00
1.148000e-05	2.195502e-03	-2.610105e+00
1.149000e-05	5.090845e-04	-2.411078e+00
1.150000e-05	2.522437e-03	-2.311636e+00
1.151000e-05	1.173509e-03	-2.033680e+00
1.152000e-05	1.724590e-03	-1.904186e+00
1.153000e-05	-1.096880e-03	-1.746288e+00
1.154000e-05	-6.324016e-04	-1.513890e+00
1.155000e-05	-1.038641e-03	-1.282585e+00
1.156000e-05	1.347347e-04	-1.074132e+00
1.157000e-05	-1.704410e-03	-8.948157e-01
1.158000e-05	-2.648821e-03	-7.558146e-01
1.159000e-05	-3.481654e-03	-4.752907e-01
1.160000e-05	-3.448059e-03	-3.258172e-01
1.161000e-05	-2.568144e-03	-1.594724e-01
1.162000e-05	-1.611356e-03	-8.901556e-03
1.163000e-05	3.226710e-03	1.909251e-01
1.164000e-05	8.232879e-04	4.010263e-01
1.165000e-05	-2.089784e-03	4.768171e-01
1.166000e-05	1.068191e-04	6.858169e-01
1.167000e-05	-4.349755e-03	8.316055e-01
1.168000e-05	-3.809014e-03	1.014283e+00
1.169000e-05	-2.724278e-03	1.223656e+00
1.170000e-05	7.526803e-03	1.421103e+00
1.171000e-05	4.275720e-02	1.642262e+00
1.172000e-05	4.957372e-02	1.875194e+00
1.173000e-05	-5.767109e-02	2.054108e+00
1.174000e-05	-3.468923e-02	2.222556e+00
1.175000e-05	-5.562674e-02	2.380078e+00
1.176000e-05	-6.328081e-02	2.498389e+00
1.177000e-05	1.158232e-01	2.715263e+00
1.178000e-05	2.004003e-03	2.813158e+00
1.179000e-05	-1.265879e-01	3.000023e+00
1.180000e-05	1.625760e-01	3.127949e+00
1.181000e-05	-9.738163e-02	3.360475e+00
1.182000e-05	-5.217352e-02	3.588974e+00
1.183000e-05	1.105047e-01	3.674809e+00
1.184000e-05	-8.090507e-02	3.885686e+00
1.185000e-05	-1.468047e-02	4.010655e+00
1.186000e-05	5.957385e-02	4.206180e+00
1.187000e-05	-7.269660e-02	4.411583e+00
1.188000e-05	1.876468e-02	4.539500e+00
1.189000e-05	-2.079753e-02	4.760472e+00
1.190000e-05	-2.730386e-02	4.898953e+00
1.191000e-05	1.277324e-02	5.178447e+00
1.192000e-05	-3.139454e-02	5.350471e+00
1.193000e-05	1.132455e-02	5.486340e+00
1.194000e-05	-7.034874e-03	5.642708e+00
1.195000e-05	-2.860846e-03	5.864639e+00
1.196000e-05	-3.270944e-02	6.012509e+00
1.197000e-05	-2.703685e-02	6.129345e+00
1.198000e-05	2.376892e-02	6.285770e+00
1.199000e-05	-3.382068e-02	6.419154e+00
1.200000e-05	-5.654349e-03	6.559982e+00
1.201000e-05	-1.342882e-02	6.738873e+00
1.202000e-05	-2.205499e-02	6.866763e+00
1.203000e-05	-8.076085e-03	6.952100e+00
1.204000e-05	-2.432021e-02	7.089317e+00
1.205000e-05	-1.215266e-03	7.222078e+00
1.206000e-05	-1.223952e-02	7.339946e+00
1.207000e-05	-2.265170e-02	7.569422e+00
1.208000e-05	-2.103212e-02	7.676789e+00
1.209000e-05	-1.361108e-02	7.782078e+00
1.210000e-05	-1.023546e-02	7.917846e+00
1.211000e-05	-2.502374e-02	8.085718e+00
1.212000e-05	-1.544709e-02	8.191471e+00
1.213000e-05	-1.041690e-02	8.306293e+00
1.214000e-05	-2.335797e-02	8.389000e+00
1.215000e-05	-2.162627e-02	8.455153e+00
1.216000e-05	-1.940074e-02	8.538448e+00
1.217000e-05	-1.472949e-02	8.634186e+00
1.218000e-05	-2.606251e-02	8.768923e+00
1.219000e-05	-2.305796e-02	8.801603e+00
1.220000e-05	-1.656443e-02	8.917742e+00
1.221000e-05	-2.369445e-02	9.026107e+00
1.222000e-05	-2.371151e-02	9.137845e+00
1.223000e-05	-2.489900e-02	9.202527e+00
1.224000e-05	-1.733124e-02	9.254213e+00
1.225000e-05	-2.846210e-02	9.358898e+00
1.226000e-05	-2.467212e-02	9.422607e+00
1.227000e-05	-2.239406e-02	9.454288e+00
1.228000e-05	-2.461971e-02	9.488869e+00
1.229000e-05	-2.839730e-02	9.570977e+00
1.230000e-05	-2.961029e-02	9.612627e+00
1.231000e-05	-2.353474e-02	9.657286e+00
1.232000e-05	-2.996498e-02	9.720348e+00
1.233000e-05	-2.644201e-02	9.823103e+00
1.234000e-05	-3.056533e-02	9.813658e+00
1.235000e-05	-2.803884e-02	9.886814e+00
1.236000e-05	-3.033656e-02	9.917317e+00
1.237000e-05	-2.850000e-02	9.969921e+00
1.238000e-05	-2.808141e-02	9.981925e+00
1.239000e-05	-3.564937e-02	9.991026e+00
1.240000e-05	-3.593752e-02	1.003263e+01
1.241000e-05	-3.473358e-02	1.003615e+01
1.242000e-05	-3.404285e-02	1.004313e+01
1.243000e-05	-3.513974e-02	1.005466e+01
1.244000e-05	-3.405454e-02	1.004321e+01
1.245000e-05	-3.313174e-02	1.004363e+01
1.246000e-05	-3.635039e-02	1.005421e+01
1.247000e-05	-3.713940e-02	1.002368e+01
1.248000e-05	-3.780579e-02	1.002568e+01
1.249000e-05	-3.947234e-02	1.003408e+01
1.250000e-05	-4.261014e-02	1.003458e+01
1.251000e-05	-4.269326e-02	1.000360e+01
1.252000e-05	-4.341012e-02	1.002255e+01
1.253000e-05	-4.380913e-02	9.970949e+00
1.254000e-05	-4.264504e-02	9.969870e+00
1.255000e-05	-4.213226e-02	9.946791e+00
1.256000e-05	-4.380555e-02	9.845183e+00
1.257000e-05	-4.765187e-02	9.804982e+00
1.258000e-05	-4.935211e-02	9.719899e+00
1.259000e-05	-5.110102e-02	9.688316e+00
1.260000e-05	-5.352565e-02	9.645603e+00
1.261000e-05	-5.574570e-02	9.580923e+00
1.262000e-05	-5.609627e-02	9.537847e+00
1.263000e-05	-5.598108e-02	9.446108e+00
1.264000e-05	-5.587240e-02	9.411524e+00
1.265000e-05	-5.524160e-02	9.327845e+00
1.266000e-05	-5.598267e-02	9.265162e+00
1.267000e-05	-5.664151e-02	9.231475e+00
1.268000e-05	-5.719003e-02	9.148873e+00
1.269000e-05	-5.770756e-02	9.036603e+00
1.270000e-05	-5.717390e-02	8.898890e+00
1.271000e-05	-5.506151e-02	8.843580e+00
1.272000e-05	-5.357290e-02	8.768869e+00
1.273000e-05	-4.953458e-02	8.684638e+00
1.274000e-05	-4.838384e-02	8.570421e+00
1.275000e-05	-4.500973e-02	8.464789e+00
1.276000e-05	-4.535940e-02	8.422551e+00
1.277000e-05	-4.388695e-02	8.339792e+00
1.278000e-05	-4.414291e-02	8.221504e+00
1.279000e-05	-4.142080e-02	8.064162e+00
1.280000e-05	-4.012107e-02	7.930343e+00
1.281000e-05	-3.743942e-02	7.874054e+00
1.282000e-05	-3.601107e-02	7.716815e+00
1.283000e-05	-3.299410e-02	7.611475e+00
1.284000e-05	-3.343935e-02	7.515261e+00
1.285000e-05	-3.051911e-02	7.286311e+00
1.286000e-05	-3.062530e-02	7.190398e+00
1.287000e-05	-2.915625e-02	7.023583e+00
1.288000e-05	-2.849803e-02	6.937266e+00
1.289000e-05	-2.733563e-02	6.801024e+00
1.290000e-05	-2.529210e-02	6.633155e+00
1.291000e-05	-2.335308e-02	6.484605e+00
1.292000e-05	-2.423998e-02	6.305268e+00
1.293000e-05	-2.253080e-02	6.201449e+00
1.294000e-05	-2.099818e-02	6.054080e+00
1.295000e-05	-2.098837e-02	5.938865e+00
1.296000e-05	-2.011039e-02	5.737818e+00
1.297000e-05	-1.971025e-02	5.579446e+00
1.298000e-05	-1.900115e-02	5.413503e+00
1.299000e-05	-1.889602e-02	5.244579e+00
1.300000e-05	-1.895007e-02	5.064132e+00
1.301000e-05	-1.764369e-02	4.842104e+00
1.302000e-05	-1.704784e-02	4.734233e+00
1.303000e-05	-1.550175e-02	4.546821e+00
1.304000e-05	-1.433487e-02	4.400950e+00
1.305000e-05	-1.385862e-02	4.190003e+00
1.306000e-05	-1.358668e-02	4.000573e+00
1.307000e-05	-1.398697e-02	3.864680e+00
1.308000e-05	-1.318564e-02	3.715683e+00
1.309000e-05	-1.264001e-02	3.537420e+00
1.310000e-05	-1.195297e-02	3.357391e+00
1.311000e-05	-1.199795e-02	3.188419e+00
1.312000e-05	-1.144784e-02	3.021451e+00
1.313000e-05	-1.044775e-02	2.852550e+00
1.314000e-05	-1.061984e-02	2.692682e+00
1.315000e-05	-8.862758e-03	2.483524e+00
1.316000e-05	-9.177799e-03	2.283529e+00
1.317000e-05	-9.177378e-03	2.095259e+00
1.318000e-05	-9.414868e-03	1.976766e+00
1.319000e-05	-7.497384e-03	1.768304e+00
1.320000e-05	-7.489642e-03	1.578840e+00
1.321000e-05	-7.253585e-03	1.356892e+00
1.322000e-05	-6.499273e-03	1.148868e+00
1.323000e-05	-6.040178e-03	9.452379e-01
1.324000e-05	-5.410532e-03	7.777358e-01
1.325000e-05	-5.448392e-03	5.778185e-01
1.326000e-05	-4.590506e-03	3.894748e-01
1.327000e-05	-5.156031e-03	1.983499e-01
1.328000e-05	-3.768317e-03	-1.057901e-02
1.329000e-05	2.370071e-03	-1.395300e-01
1.330000e-05	-2.153275e-04	-3.078947e-01
1.331000e-05	-1.046897e-03	-4.937367e-01
1.332000e-05	7.915134e-04	-7.168607e-01
1.333000e-05	7.893735e-05	-8.227356e-01
1.334000e-05	3.513307e-04	-1.000128e+00
1.335000e-05	3.756341e-03	-1.160054e+00
1.336000e-05	3.300736e-02	-1.409527e+00
1.337000e-05	8.414257e-02	-1.580055e+00
1.338000e-05	-5.915740e-02	-1.823785e+00
1.339000e-05	-1.886884e-02	-2.046336e+00
1.340000e-05	-6.841289e-02	-2.348893e+00
1.341000e-05	-4.600531e-02	-2.391576e+00
1.342000e-05	1.641648e-01	-2.421657e+00
1.343000e-05	-7.557280e-02	-2.603181e+00
1.344000e-05	-6.260781e-02	-2.820582e+00
1.345000e-05	1.774805e-01	-2.816821e+00
1.346000e-05	-1.682729e-01	-3.133505e+00
1.347000e-05	2.470488e-03	-3.391003e+00
1.348000e-05	1.441212e-01	-3.506271e+00
1.349000e-05	-1.418662e-01	-3.715893e+00
1.350000e-05	9.006128e-02	-3.886322e+00
1.351000e-05	4.668425e-02	-4.042211e+00
1.352000e-05	-1.161084e-01	-4.265692e+00
1.353000e-05	1.358996e-01	-4.328028e+00
1.354000e-05	-1.033896e-01	-4.500581e+00
1.355000e-05	3.530265e-02	-4.747452e+00
1.356000e-05	8.431803e-02	-4.845766e+00
1.357000e-05	-1.152422e-01	-5.055816e+00
1.358000e-05	1.067264e-01	-5.223263e+00
1.359000e-05	-2.417814e-02	-5.434746e+00
1.360000e-05	1.918539e-02	-5.623134e+00
1.361000e-05	1.686450e-02	-5.740050e+00
1.362000e-05	-6.315403e-02	-5.918925e+00
1.363000e-05	1.094494e-01	-6.011157e+00
1.364000e-05	-5.856854e-02	-6.141552e+00
1.365000e-05	3.419392e-02	-6.412629e+00
1.366000e-05	4.344708e-02	-6.498842e+00
1.367000e-05	-4.570424e-02	-6.674793e+00
1.368000e-05	5.739209e-02	-6.780028e+00
1.369000e-05	-4.913472e-02	-6.879378e+00
1.370000e-05	7.480979e-02	-7.047392e+00
1.371000e-05	6.494825e-03	-7.203632e+00
1.372000e-05	-2.431756e-02	-7.358923e+00
1.373000e-05	3.814006e-02	-7.465264e+00
1.374000e-05	-6.073648e-03	-7.602654e+00
1.375000e-05	4.612167e-02	-7.709893e+00
1.376000e-05	-2.235261e-02	-7.877497e+00
1.377000e-05	3.660052e-02	-8.000656e+00
1.378000e-05	2.041094e-02	-8.108319e+00
1.379000e-05	-5.243128e-03	-8.191555e+00
1.380000e-05	2.582835e-02	-8.285843e+00
1.381000e-05	1.029937e-02	-8.380556e+00
1.382000e-05	3.320357e-02	-8.469315e+00
1.383000e-05	-1.079421e-02	-8.595114e+00
1.384000e-05	2.830178e-02	-8.777946e+00
1.385000e-05	2.542949e-02	-8.802682e+00
1.386000e-05	1.260625e-02	-8.887422e+00
1.387000e-05	1.375577e-02	-8.981603e+00
1.388000e-05	1.715179e-02	-9.035263e+00
1.389000e-05	2.959310e-02	-9.127896e+00
1.390000e-05	7.693539e-03	-9.181580e+00
1.391000e-05	2.192249e-02	-9.245763e+00
1.392000e-05	2.466694e-02	-9.319880e+00
1.393000e-05	2.137041e-02	-9.405213e+00
1.394000e-05	1.485323e-02	-9.475837e+00
1.395000e-05	2.540949e-02	-9.558926e+00
1.396000e-05	2.846528e-02	-9.613607e+00
1.397000e-05	2.014616e-02	-9.635158e+00
1.398000e-05	2.239714e-02	-9.677318e+00
1.399000e-05	2.430941e-02	-9.696849e+00
1.400000e-05	2.535687e-02	-9.750576e+00
1.401000e-05	2.169800e-02	-9.781080e+00
1.402000e-05	2.769691e-02	-9.832157e+00
1.403000e-05	2.784065e-02	-9.855211e+00
1.404000e-05	2.451809e-02	-9.875289e+00
1.405000e-05	2.641210e-02	-9.876791e+00
1.406000e-05	3.018565e-02	-9.897294e+00
1.407000e-05	2.747745e-02	-9.906872e+00
1.408000e-05	2.570293e-02	-9.907894e+00
1.409000e-05	2.990459e-02	-9.919871e+00
1.410000e-05	3.196040e-02	-9.978371e+00
1.411000e-05	3.148351e-02	-9.928399e+00
1.412000e-05	2.948885e-02	-9.917921e+00
1.413000e-05	3.225355e-02	-9.929400e+00
1.414000e-05	3.377270e-02	-9.926321e+00
1.415000e-05	3.480398e-02	-9.949420e+00
1.416000e-05	3.627086e-02	-9.887417e+00
1.417000e-05	3.590944e-02	-9.876316e+00
1.418000e-05	3.427453e-02	-9.875764e+00
1.419000e-05	3.657904e-02	-9.844686e+00
1.420000e-05	3.958809e-02	-9.802555e+00
1.421000e-05	3.878127e-02	-9.781055e+00
1.422000e-05	4.094087e-02	-9.749478e+00
1.423000e-05	4.364500e-02	-9.707371e+00
1.424000e-05	4.451328e-02	-9.684712e+00
1.425000e-05	4.484838e-02	-9.623631e+00
1.426000e-05	4.621713e-02	-9.571025e+00
1.427000e-05	4.819571e-02	-9.535421e+00
1.428000e-05	4.785792e-02	-9.445265e+00
1.429000e-05	4.877052e-02	-9.371029e+00
1.430000e-05	5.125340e-02	-9.317318e+00
1.431000e-05	5.120274e-02	-9.244658e+00
1.432000e-05	5.238002e-02	-9.158972e+00
1.433000e-05	5.056288e-02	-9.073763e+00
1.434000e-05	5.177857e-02	-8.983625e+00
1.435000e-05	5.042742e-02	-8.887467e+00
1.436000e-05	4.911059e-02	-8.833757e+00
1.437000e-05	4.675733e-02	-8.751501e+00
1.438000e-05	4.551247e-02	-8.665787e+00
1.439000e-05	4.223354e-02	-8.529629e+00
1.440000e-05	4.213035e-02	-8.465767e+00
1.441000e-05	4.088090e-02	-8.359448e+00
1.442000e-05	3.927058e-02	-8.295291e+00
1.443000e-05	3.820766e-02	-8.162026e+00
1.444000e-05	3.585391e-02	-8.055287e+00
1.445000e-05	3.310628e-02	-8.030024e+00
1.446000e-05	3.182015e-02	-7.925263e+00
1.447000e-05	3.041277e-02	-7.657443e+00
1.448000e-05	2.915373e-02	-7.591951e+00
1.449000e-05	2.663679e-02	-7.462587e+00
1.450000e-05	2.481414e-02	-7.307290e+00
1.451000e-05	2.462061e-02	-7.211527e+00
1.452000e-05	2.380988e-02	-7.084717e+00
1.453000e-05	2.147295e-02	-6.885841e+00
1.454000e-05	2.133190e-02	-6.769449e+00
1.455000e-05	1.941950e-02	-6.632181e+00
1.456000e-05	1.873351e-02	-6.455746e+00
1.457000e-05	1.788891e-02	-6.420473e+00
1.458000e-05	1.632283e-02	-6.182083e+00
1.459000e-05	1.567443e-02	-6.053634e+00
1.460000e-05	1.304677e-02	-5.906840e+00
1.461000e-05	1.320336e-02	-5.779426e+00
1.462000e-05	1.329003e-02	-5.651104e+00
1.463000e-05	1.268698e-02	-5.442762e+00
1.464000e-05	1.094761e-02	-5.294182e+00
1.465000e-05	9.122307e-03	-5.054763e+00
1.466000e-05	9.768250e-03	-4.915317e+00
1.467000e-05	9.663065e-03	-4.716236e+00
1.468000e-05	8.206729e-03	-4.526775e+00
1.469000e-05	7.317852e-03	-4.420000e+00
1.470000e-05	7.756910e-03	-4.204156e+00
1.471000e-05	6.107488e-03	-4.146242e+00
1.472000e-05	7.143746e-03	-3.987424e+00
1.473000e-05	3.917337e-03	-3.787445e+00
1.474000e-05	5.843367e-03	-3.588979e+00
1.475000e-05	4.729802e-03	-3.401580e+00
1.476000e-05	6.043636e-03	-3.182706e+00
1.477000e-05	3.754628e-03	-3.104336e+00
1.478000e-05	2.294965e-03	-2.874135e+00
1.479000e-05	2.660375e-03	-2.726314e+00
1.480000e-05	9.524681e-04	-2.497819e+00
1.481000e-05	7.706349e-04	-2.387467e+00
1.482000e-05	2.942565e-03	-2.167950e+00
1.483000e-05	2.727803e-03	-1.977445e+00
1.484000e-05	4.133369e-04	-1.801002e+00
1.485000e-05	-7.555445e-06	-1.611051e+00
1.486000e-05	-1.433219e-03	-1.433106e+00
1.487000e-05	4.473806e-05	-1.159948e+00
1.488000e-05	-2.916484e-03	-1.008074e+00
1.489000e-05	-1.183299e-03	-8.310525e-01
1.490000e-05	-3.780751e-03	-6.706865e-01
1.491000e-05	-2.233344e-03	-4.300278e-01
1.492000e-05	-3.598572e-03	-2.842554e-01
1.493000e-05	-2.384567e-03	-9.573934e-02
1.494000e-05	-1.888202e-04	7.363142e-02
1.495000e-05	3.252169e-03	2.867867e-01
1.496000e-05	-2.734917e-03	4.425592e-01
1.497000e-05	4.418295e-04	6.005527e-01
1.498000e-05	-3.035260e-03	7.598735e-01
1.499000e-05	-3.746178e-03	9.577946e-01
1.500000e-05	-4.786253e-03	1.127798e+00
1.501000e-05	2.007681e-03	1.327267e+00
1.502000e-05	1.598834e-02	1.545289e+00
1.503000e-05	6.470067e-02	1.720499e+00
1.504000e-05	-3.096831e-03	2.008394e+00
1.505000e-05	-5.663215e-02	2.106291e+00
1.506000e-05	-3.520346e-02	2.316842e+00
1.507000e-05	-7.434626e-02	2.423055e+00
1.508000e-05	-1.765318e-03	2.599125e+00
1.509000e-05	1.425193e-01	2.801401e+00
1.510000e-05	-1.443752e-01	2.928342e+00
1.511000e-05	4.076756e-02	3.033184e+00
1.512000e-05	7.844340e-02	3.251786e+00
1.513000e-05	-1.432312e-01	3.444217e+00
1.514000e-05	5.457228e-02	3.611028e+00
1.515000e-05	4.879534e-02	3.737971e+00
1.516000e-05	-1.145781e-01	3.968447e+00
1.517000e-05	7.785443e-02	4.077812e+00
1.518000e-05	-2.380127e-02	4.358847e+00
1.519000e-05	-3.880109e-02	4.505311e+00
1.520000e-05	2.336781e-02	4.655690e+00
1.521000e-05	-4.965777e-02	4.814107e+00
1.522000e-05	1.505782e-02	5.014259e+00
1.523000e-05	-1.716391e-02	5.286214e+00
1.524000e-05	-9.929915e-03	5.454151e+00
1.525000e-05	2.697183e-03	5.580080e+00
1.526000e-05	-3.761147e-03	5.710393e+00
1.527000e-05	-1.325104e-02	5.928819e+00
1.528000e-05	-4.272268e-02	6.026215e+00
1.529000e-05	2.288977e-03	6.202001e+00
1.530000e-05	5.410939e-03	6.328971e+00
1.531000e-05	-3.341011e-02	6.455157e+00
1.532000e-05	3.106545e-03	6.654610e+00
1.533000e-05	-2.674158e-02	6.821104e+00
1.534000e-05	-1.207693e-02	6.947871e+00
1.535000e-05	-1.230779e-02	7.042634e+00
1.536000e-05	-2.138722e-02	7.141148e+00
1.537000e-05	5.722196e-03	7.264136e+00
1.538000e-05	-2.673795e-02	7.463739e+00
1.539000e-05	-1.548069e-02	7.601028e+00
1.540000e-05	-2.523080e-02	7.736920e+00
1.541000e-05	-4.471431e-03	7.833717e+00
1.542000e-05	-1.892945e-02	7.973549e+00
1.543000e-05	-2.507174e-02	8.117342e+00
1.544000e-05	-9.241553e-03	8.172669e+00
1.545000e-05	-1.912077e-02	8.348871e+00
1.546000e-05	-1.980178e-02	8.401552e+00
1.547000e-05	-2.452395e-02	8.486794e+00
1.548000e-05	-1.288381e-02	8.570103e+00
1.549000e-05	-2.156890e-02	8.687313e+00
1.550000e-05	-2.363528e-02	8.739923e+00
1.551000e-05	-2.105477e-02	8.845204e+00
1.552000e-05	-1.802489e-02	8.942424e+00
1.553000e-05	-2.442746e-02	9.098263e+00
1.554000e-05	-2.493534e-02	9.159922e+00
1.555000e-05	-1.885142e-02	9.215106e+00
1.556000e-05	-2.307981e-02	9.276313e+00
1.557000e-05	-2.670246e-02	9.370479e+00
1.558000e-05	-2.599765e-02	9.434634e+00
1.559000e-05	-2.156877e-02	9.486290e+00
1.560000e-05	-2.768995e-02	9.538349e+00
1.561000e-05	-2.907364e-02	9.611552e+00
1.562000e-05	-2.621818e-02	9.635136e+00
1.563000e-05	-2.541740e-02	9.657913e+00
1.564000e-05	-2.782450e-02	9.751897e+00
1.565000e-05	-2.964602e-02	9.795082e+00
1.566000e-05	-2.927927e-02	9.856665e+00
1.567000e-05	-3.157857e-02	9.887793e+00
1.568000e-05	-3.014817e-02	9.937821e+00
1.569000e-05	-3.016600e-02	9.960824e+00
1.570000e-05	-3.033507e-02	9.991552e+00
1.571000e-05	-3.520172e-02	1.000303e+01
1.572000e-05	-3.310945e-02	1.001261e+01
1.573000e-05	-3.272728e-02	1.001363e+01
1.574000e-05	-3.496207e-02	1.001316e+01
1.575000e-05	-3.520331e-02	1.003414e+01
1.576000e-05	-3.592223e-02	1.002419e+01
1.577000e-05	-3.579959e-02	1.006571e+01
1.578000e-05	-3.845792e-02	1.005571e+01
1.579000e-05	-3.872912e-02	1.003423e+01
1.580000e-05	-3.751547e-02	1.004258e+01
1.581000e-05	-3.999643e-02	1.003211e+01
1.582000e-05	-4.233311e-02	1.002206e+01
1.583000e-05	-4.143004e-02	1.001111e+01
1.584000e-05	-4.279576e-02	9.972026e+00
1.585000e-05	-4.119345e-02	9.969000e+00
1.586000e-05	-4.436012e-02	9.899392e+00
1.587000e-05	-4.568972e-02	9.926811e+00
1.588000e-05	-4.665666e-02	9.835133e+00
1.589000e-05	-5.006090e-02	9.761028e+00
1.590000e-05	-4.981960e-02	9.708965e+00
1.591000e-05	-5.269182e-02	9.646211e+00
1.592000e-05	-5.139267e-02	9.601004e+00
1.593000e-05	-5.254754e-02	9.549918e+00
1.594000e-05	-5.507399e-02	9.487264e+00
1.595000e-05	-5.692561e-02	9.423128e+00
1.596000e-05	-5.758097e-02	9.348445e+00
1.597000e-05	-5.638376e-02	9.296241e+00
1.598000e-05	-5.969096e-02	9.243130e+00
1.599000e-05	-5.813611e-02	9.180947e+00
1.600000e-05	-5.948641e-02	9.126742e+00
1.601000e-05	-5.486774e-02	9.030101e+00
1.602000e-05	-5.281725e-02	8.867142e+00
1.603000e-05	-5.308344e-02	8.801498e+00
1.604000e-05	-5.107761e-02	8.686788e+00
1.605000e-05	-4.864588e-02	8.612075e+00
1.606000e-05	-4.874157e-02	8.539345e+00
1.607000e-05	-4.487723e-02	8.423159e+00
1.608000e-05	-4.755785e-02	8.400474e+00
1.609000e-05	-4.342858e-02	8.264579e+00
1.610000e-05	-4.416664e-02	8.177850e+00
1.611000e-05	-3.785398e-02	8.044479e+00
1.612000e-05	-3.823098e-02	7.927287e+00
1.613000e-05	-3.533527e-02	7.810478e+00
1.614000e-05	-3.425559e-02	7.696712e+00
1.615000e-05	-3.226230e-02	7.588815e+00
1.616000e-05	-3.263587e-02	7.410951e+00
1.617000e-05	-3.176208e-02	7.263099e+00
1.618000e-05	-3.056365e-02	7.126765e+00
1.619000e-05	-2.912687e-02	6.980445e+00
1.620000e-05	-2.819569e-02	6.833106e+00
1.621000e-05	-2.702682e-02	6.747892e+00
1.622000e-05	-2.461790e-02	6.551371e+00
1.623000e-05	-2.341453e-02	6.402424e+00
1.624000e-05	-2.269614e-02	6.264581e+00
1.625000e-05	-2.203345e-02	6.127291e+00
1.626000e-05	-2.179609e-02	6.021026e+00
1.627000e-05	-2.216089e-02	5.847105e+00
1.628000e-05	-2.122452e-02	5.644081e+00
1.629000e-05	-2.010585e-02	5.505713e+00
1.630000e-05	-1.941591e-02	5.368363e+00
1.631000e-05	-1.844434e-02	5.178973e+00
1.632000e-05	-1.768222e-02	4.998371e+00
1.633000e-05	-1.660967e-02	4.790440e+00
1.634000e-05	-1.531025e-02	4.641949e+00
1.635000e-05	-1.568020e-02	4.483107e+00
1.636000e-05	-1.513890e-02	4.323840e+00
1.637000e-05	-1.521206e-02	4.104708e+00
1.638000e-05	-1.358515e-02	3.947893e+00
1.639000e-05	-1.325081e-02	3.799419e+00
1.640000e-05	-1.285658e-02	3.633125e+00
1.641000e-05	-1.225466e-02	3.514634e+00
1.642000e-05	-1.096536e-02	3.272554e+00
1.643000e-05	-1.053748e-02	3.105663e+00
1.644000e-05	-1.157281e-02	2.976794e+00
1.645000e-05	-1.161440e-02	2.798944e+00
1.646000e-05	-9.362888e-03	2.620820e+00
1.647000e-05	-9.439658e-03	2.378318e+00
1.648000e-05	-8.876630e-03	2.190446e+00
1.649000e-05	-9.616601e-03	2.012051e+00
1.650000e-05	-7.668683e-03	1.871110e+00
1.651000e-05	-7.382941e-03	1.662104e+00
1.652000e-05	-7.183476e-03	1.454080e+00
1.653000e-05	-6.886203e-03	1.304683e+00
1.654000e-05	-6.910528e-03	1.061705e+00
1.655000e-05	-5.789320e-03	8.314776e-01
1.656000e-05	-6.194284e-03	6.925280e-01
1.657000e-05	-5.783419e-03	4.926330e-01
1.658000e-05	-5.442362e-03	3.067846e-01
1.659000e-05	-5.442559e-03	1.230881e-01
1.660000e-05	-2.724927e-04	-8.525935e-02
1.661000e-05	4.078841e-03	-2.236305e-01
1.662000e-05	-2.091188e-03	-4.295288e-01
1.663000e-05	1.098021e-03	-5.704761e-01
1.664000e-05	-2.540309e-03	-7.589776e-01
1.665000e-05	9.318166e-04	-9.169671e-01
1.666000e-05	-9.671308e-04	-1.043287e+00
1.667000e-05	1.067393e-02	-1.252793e+00
1.668000e-05	6.519052e-02	-1.433713e+00
1.669000e-05	3.166827e-02	-1.676272e+00
1.670000e-05	-6.777134e-02	-1.919001e+00
1.671000e-05	-1.366662e-02	-2.172081e+00
1.672000e-05	-9.588492e-02	-2.347995e+00
1.673000e-05	6.467585e-02	-2.419551e+00
1.674000e-05	1.087455e-01	-2.475315e+00
1.675000e-05	-1.688412e-01	-2.738924e+00
1.676000e-05	1.337316e-01	-2.832238e+00
1.677000e-05	3.872758e-02	-2.993140e+00
1.678000e-05	-1.774800e-01	-3.275767e+00
1.679000e-05	1.526938e-01	-3.404157e+00
1.680000e-05	1.604683e-03	-3.590100e+00
1.681000e-05	-1.045480e-01	-3.820054e+00
1.682000e-05	1.684161e-01	-3.948500e+00
1.683000e-05	-1.148518e-01	-4.107451e+00
1.684000e-05	3.529488e-02	-4.309446e+00
1.685000e-05	5.410915e-02	-4.391662e+00
1.686000e-05	-1.189697e-01	-4.676790e+00
1.687000e-05	1.388218e-01	-4.791584e+00
1.688000e-05	-4.921975e-02	-4.978026e+00
1.689000e-05	-2.034354e-02	-5.159502e+00
1.690000e-05	9.302108e-02	-5.308449e+00
1.691000e-05	-5.978776e-02	-5.548423e+00
1.692000e-05	7.286651e-02	-5.685817e+00
1.693000e-05	-7.017039e-02	-5.822692e+00
1.694000e-05	3.356108e-02	-5.989978e+00
1.695000e-05	5.862702e-02	-6.087420e+00
1.696000e-05	-6.962763e-02	-6.309447e+00
1.697000e-05	9.654691e-02	-6.424760e+00
1.698000e-05	-4.262313e-02	-6.600606e+00
1.699000e-05	2.137780e-02	-6.727396e+00
1.700000e-05	9.894175e-03	-6.802681e+00
1.701000e-05	-1.440864e-02	-7.014262e+00
1.702000e-05	8.770371e-02	-7.146898e+00
1.703000e-05	-5.393360e-02	-7.235316e+00
1.704000e-05	3.137418e-02	-7.373004e+00
1.705000e-05	4.526320e-03	-7.528396e+00
1.706000e-05	2.557243e-02	-7.634560e+00
1.707000e-05	1.798011e-02	-7.763035e+00
1.708000e-05	-1.529081e-02	-7.959050e+00
1.709000e-05	5.440685e-02	-8.043707e+00
1.710000e-05	-1.341788e-02	-8.160475e+00
1.711000e-05	2.269433e-02	-8.265238e+00
1.712000e-05	9.557804e-03	-8.349000e+00
1.713000e-05	2.865867e-02	-8.433740e+00
1.714000e-05	9.705011e-03	-8.489474e+00
1.715000e-05	-7.452206e-04	-8.658372e+00
1.716000e-05	3.755484e-02	-8.750578e+00
1.717000e-05	1.399683e-02	-8.866313e+00
1.718000e-05	1.654604e-02	-8.899423e+00
1.719000e-05	1.003447e-02	-9.042259e+00
1.720000e-05	2.959336e-02	-9.096296e+00
1.721000e-05	1.856830e-02	-9.139499e+00
1.722000e-05	1.293179e-02	-9.192230e+00
1.723000e-05	2.570612e-02	-9.257842e+00
1.724000e-05	2.169347e-02	-9.371627e+00
1.725000e-05	1.781920e-02	-9.433689e+00
1.726000e-05	1.803239e-02	-9.536998e+00
1.727000e-05	3.161689e-02	-9.540054e+00
1.728000e-05	2.202547e-02	-9.592129e+00
1.729000e-05	2.090728e-02	-9.654762e+00
1.730000e-05	2.179836e-02	-9.708394e+00
1.731000e-05	2.648333e-02	-9.729399e+00
1.732000e-05	2.263299e-02	-9.750030e+00
1.733000e-05	2.364780e-02	-9.822056e+00
1.734000e-05	2.965724e-02	-9.804661e+00
1.735000e-05	2.605181e-02	-9.844760e+00
1.736000e-05	2.517995e-02	-9.904742e+00
1.737000e-05	2.796914e-02	-9.856267e+00
1.738000e-05	3.072902e-02	-9.936318e+00
1.739000e-05	2.579439e-02	-9.887921e+00
1.740000e-05	2.829449e-02	-9.947420e+00
1.741000e-05	3.152207e-02	-9.949472e+00
1.742000e-05	3.179569e-02	-9.948426e+00
1.743000e-05	2.941206e-02	-9.929470e+00
1.744000e-05	3.199269e-02	-9.888495e+00
1.745000e-05	3.316480e-02	-9.918921e+00
1.746000e-05	3.334992e-02	-9.938420e+00
1.747000e-05	3.432737e-02	-9.937368e+00
1.748000e-05	3.601649e-02	-9.898321e+00
1.749000e-05	3.608042e-02	-9.863816e+00
1.750000e-05	3.628890e-02	-9.864311e+00
1.751000e-05	3.894624e-02	-9.854684e+00
1.752000e-05	4.007480e-02	-9.802103e+00
1.753000e-05	3.858316e-02	-9.708923e+00
1.754000e-05	4.128949e-02	-9.718946e+00
1.755000e-05	4.358667e-02	-9.665815e+00
1.756000e-05	4.400157e-02	-9.674211e+00
1.757000e-05	4.414197e-02	-9.611557e+00
1.758000e-05	4.689256e-02	-9.519954e+00
1.759000e-05	5.039284e-02	-9.476840e+00
1.760000e-05	5.000222e-02	-9.382135e+00
1.761000e-05	5.068343e-02	-9.289900e+00
1.762000e-05	5.172303e-02	-9.254638e+00
1.763000e-05	5.112744e-02	-9.200052e+00
1.764000e-05	5.131512e-02	-9.146871e+00
1.765000e-05	5.146360e-02	-9.045155e+00
1.766000e-05	5.168077e-02	-8.957424e+00
1.767000e-05	4.997117e-02	-8.876190e+00
1.768000e-05	4.755398e-02	-8.812554e+00
1.769000e-05	4.612768e-02	-8.758499e+00
1.770000e-05	4.441344e-02	-8.633683e+00
1.771000e-05	4.260023e-02	-8.499824e+00
1.772000e-05	4.170977e-02	-8.423107e+00
1.773000e-05	4.045630e-02	-8.297944e+00
1.774000e-05	3.861045e-02	-8.244180e+00
1.775000e-05	3.638199e-02	-8.147821e+00
1.776000e-05	3.490731e-02	-8.033708e+00
1.777000e-05	3.253822e-02	-7.967846e+00
1.778000e-05	3.094234e-02	-7.809057e+00
1.779000e-05	2.906646e-02	-7.684661e+00
1.780000e-05	2.832156e-02	-7.538818e+00
1.781000e-05	2.638536e-02	-7.381581e+00
1.782000e-05	2.548132e-02	-7.274258e+00
1.783000e-05	2.451315e-02	-7.148349e+00
1.784000e-05	2.317677e-02	-6.993076e+00
1.785000e-05	2.123215e-02	-6.832579e+00
1.786000e-05	2.043992e-02	-6.725820e+00
1.787000e-05	1.908791e-02	-6.580973e+00
1.788000e-05	1.841415e-02	-6.423653e+00
1.789000e-05	1.748896e-02	-6.308365e+00
1.790000e-05	1.670960e-02	-6.136872e+00
1.791000e-05	1.539080e-02	-5.949899e+00
1.792000e-05	1.376953e-02	-5.824129e+00
1.793000e-05	1.365891e-02	-5.705839e+00
1.794000e-05	1.241475e-02	-5.586924e+00
1.795000e-05	1.134817e-02	-5.379446e+00
1.796000e-05	9.647644e-03	-5.169970e+00
1.797000e-05	1.057802e-02	-5.021000e+00
1.798000e-05	1.003731e-02	-4.843555e+00
1.799000e-05	9.278826e-03	-4.621556e+00
1.800000e-05	8.068651e-03	-4.493738e+00
1.801000e-05	8.802770e-03	-4.316867e+00
1.802000e-05	7.203795e-03	-4.218525e+00
1.803000e-05	6.628071e-03	-4.011530e+00
1.804000e-05	5.728456e-03	-3.904759e+00
1.805000e-05	5.154088e-03	-3.653662e+00
1.806000e-05	5.655380e-03	-3.496890e+00
1.807000e-05	4.961049e-03	-3.366396e+00
1.808000e-05	4.258203e-03	-3.179371e+00
1.809000e-05	3.549884e-03	-3.009950e+00
1.810000e-05	2.296003e-03	-2.819524e+00
1.811000e-05	2.922716e-03	-2.642581e+00
1.812000e-05	-1.765110e-04	-2.462134e+00
1.813000e-05	3.297967e-03	-2.284180e+00
1.814000e-05	1.451006e-03	-2.082135e+00
1.815000e-05	2.095763e-03	-1.905766e+00
1.816000e-05	-6.518460e-04	-1.705840e+00
1.817000e-05	-2.520622e-05	-1.577367e+00
1.818000e-05	2.211741e-05	-1.324263e+00
1.819000e-05	-3.506498e-04	-1.125311e+00
1.820000e-05	-2.902939e-03	-9.368392e-01
1.821000e-05	-1.931218e-03	-7.379184e-01
1.822000e-05	-3.858839e-03	-4.949397e-01
1.823000e-05	-2.787788e-03	-3.783960e-01
1.824000e-05	-3.346718e-03	-1.889698e-01
1.825000e-05	-2.140494e-03	-5.007512e-02
1.826000e-05	2.305490e-03	1.805461e-01
1.827000e-05	1.505054e-03	3.785011e-01
1.828000e-05	-3.149718e-03	4.873909e-01
1.829000e-05	1.850591e-04	6.952592e-01
1.830000e-05	-4.421027e-03	8.115351e-01
1.831000e-05	-2.737657e-03	1.033106e+00
1.832000e-05	-3.551916e-03	1.242558e+00
1.833000e-05	5.152434e-03	1.381499e+00
1.834000e-05	3.628681e-02	1.633535e+00
1.835000e-05	5.648761e-02	1.842727e+00
1.836000e-05	-5.284069e-02	2.054106e+00
1.837000e-05	-3.747270e-02	2.190527e+00
1.838000e-05	-5.175635e-02	2.391499e+00
1.839000e-05	-7.001560e-02	2.494737e+00
1.840000e-05	9.954519e-02	2.635713e+00
1.841000e-05	3.317068e-02	2.844130e+00
1.842000e-05	-1.496202e-01	2.979501e+00
1.843000e-05	1.581766e-01	3.138396e+00
1.844000e-05	-7.609506e-02	3.359973e+00
1.845000e-05	-7.301516e-02	3.537872e+00
1.846000e-05	1.135165e-01	3.653638e+00
1.847000e-05	-6.117408e-02	3.834657e+00
1.848000e-05	-3.725522e-02	4.002500e+00
1.849000e-05	6.894865e-02	4.204231e+00
1.850000e-05	-7.537867e-02	4.399527e+00
1.851000e-05	1.439614e-02	4.561017e+00
1.852000e-05	-9.897545e-03	4.718375e+00
1.853000e-05	-3.446513e-02	4.888395e+00
1.854000e-05	1.555480e-02	5.158349e+00
1.855000e-05	-3.330731e-02	5.329947e+00
1.856000e-05	9.749061e-03	5.468241e+00
1.857000e-05	-5.871977e-03	5.652231e+00
1.858000e-05	-1.286565e-03	5.764580e+00
1.859000e-05	-2.946459e-02	5.991625e+00
1.860000e-05	-3.233216e-02	6.148869e+00
1.861000e-05	2.413977e-02	6.215663e+00
1.862000e-05	-2.876082e-02	6.381100e+00
1.863000e-05	-9.630734e-03	6.538397e+00
1.864000e-05	-1.131761e-02	6.718921e+00
1.865000e-05	-2.507320e-02	6.835261e+00
1.866000e-05	-7.612903e-03	7.011052e+00
1.867000e-05	-2.195302e-02	7.085793e+00
1.868000e-05	-3.209557e-03	7.201078e+00
1.869000e-05	-7.991119e-03	7.310870e+00
1.870000e-05	-2.471507e-02	7.479971e+00
1.871000e-05	-2.173089e-02	7.667234e+00
1.872000e-05	-1.468804e-02	7.771628e+00
1.873000e-05	-6.400355e-03	7.898792e+00
1.874000e-05	-2.420989e-02	8.085684e+00
1.875000e-05	-1.877345e-02	8.150972e+00
1.876000e-05	-9.215297e-03	8.267763e+00
1.877000e-05	-2.388577e-02	8.360024e+00
1.878000e-05	-2.151088e-02	8.434663e+00
1.879000e-05	-2.003143e-02	8.510470e+00
1.880000e-05	-1.223733e-02	8.624210e+00
1.881000e-05	-2.497607e-02	8.747843e+00
1.882000e-05	-2.461242e-02	8.794028e+00
1.883000e-05	-1.748393e-02	8.867365e+00
1.884000e-05	-2.330509e-02	8.963581e+00
1.885000e-05	-2.349382e-02	9.137891e+00
1.886000e-05	-2.470218e-02	9.191550e+00
1.887000e-05	-1.795230e-02	9.254688e+00
1.888000e-05	-2.692970e-02	9.309494e+00
1.889000e-05	-2.695237e-02	9.413126e+00
1.890000e-05	-2.333396e-02	9.466735e+00
1.891000e-05	-2.446187e-02	9.518318e+00
1.892000e-05	-2.919928e-02	9.549850e+00
1.893000e-05	-2.738981e-02	9.614082e+00
1.894000e-05	-2.364342e-02	9.636713e+00
1.895000e-05	-2.751874e-02	9.728866e+00
1.896000e-05	-2.843754e-02	9.753976e+00
1.897000e-05	-3.154329e-02	9.804729e+00
1.898000e-05	-3.106512e-02	9.876687e+00
1.899000e-05	-3.230027e-02	9.877816e+00
1.900000e-05	-2.893734e-02	9.909344e+00
1.901000e-05	-2.765079e-02	1.000200e+01
1.902000e-05	-3.377251e-02	9.961126e+00
1.903000e-05	-3.667956e-02	1.002313e+01
1.904000e-05	-3.330632e-02	1.001310e+01
1.905000e-05	-3.233103e-02	1.004455e+01
1.906000e-05	-3.595680e-02	1.003363e+01
1.907000e-05	-3.522727e-02	1.003461e+01
1.908000e-05	-3.596415e-02	1.005568e+01
1.909000e-05	-3.757479e-02	1.003576e+01
1.910000e-05	-3.888461e-02	1.004521e+01
1.911000e-05	-3.898247e-02	1.002366e+01
1.912000e-05	-3.786077e-02	1.002465e+01
1.913000e-05	-4.078002e-02	1.002360e+01
1.914000e-05	-4.080596e-02	1.002305e+01
1.915000e-05	-4.219898e-02	9.983101e+00
1.916000e-05	-4.292282e-02	1.001142e+01
1.917000e-05	-4.380046e-02	9.968917e+00
1.918000e-05	-4.428163e-02	9.918366e+00
1.919000e-05	-4.673979e-02	9.904738e+00
1.920000e-05	-4.848714e-02	9.774104e+00
1.921000e-05	-4.822430e-02	9.779945e+00
1.922000e-05	-4.981130e-02	9.678212e+00
1.923000e-05	-5.189890e-02	9.622080e+00
1.924000e-05	-5.409152e-02	9.562948e+00
1.925000e-05	-5.456055e-02	9.518291e+00
1.926000e-05	-5.543243e-02	9.464684e+00
1.927000e-05	-5.700495e-02	9.383553e+00
1.928000e-05	-5.718843e-02	9.337892e+00
1.929000e-05	-5.766457e-02	9.276164e+00
1.930000e-05	-5.721639e-02	9.201029e+00
1.931000e-05	-5.640892e-02	9.149872e+00
1.932000e-05	-5.567789e-02	9.065107e+00
1.933000e-05	-5.491737e-02	8.929863e+00
1.934000e-05	-5.470308e-02	8.844605e+00
1.935000e-05	-5.305398e-02	8.748870e+00
1.936000e-05	-4.993356e-02	8.635711e+00
1.937000e-05	-4.981902e-02	8.610999e+00
1.938000e-05	-4.601110e-02	8.496791e+00
1.939000e-05	-4.668532e-02	8.463031e+00
1.940000e-05	-4.366589e-02	8.298419e+00
1.941000e-05	-4.328275e-02	8.140930e+00
1.942000e-05	-3.943758e-02	8.107187e+00
1.943000e-05	-3.973178e-02	7.988923e+00
1.944000e-05	-3.695095e-02	7.864630e+00
1.945000e-05	-3.536514e-02	7.759767e+00
1.946000e-05	-3.386318e-02	7.653100e+00
1.947000e-05	-3.273319e-02	7.456766e+00
1.948000e-05	-3.158905e-02	7.316263e+00
1.949000e-05	-3.119849e-02	7.211496e+00
1.950000e-05	-2.908791e-02	7.044159e+00
1.951000e-05	-2.819055e-02	6.947340e+00
1.952000e-05	-2.677103e-02	6.841953e+00
1.953000e-05	-2.625047e-02	6.664657e+00
1.954000e-05	-2.481182e-02	6.464608e+00
1.955000e-05	-2.450387e-02	6.328218e+00
1.956000e-05	-2.359064e-02	6.211974e+00
1.957000e-05	-2.126798e-02	6.065083e+00
1.958000e-05	-2.098824e-02	5.987944e+00
1.959000e-05	-2.084122e-02	5.739400e+00
1.960000e-05	-2.031165e-02	5.560419e+00
1.961000e-05	-1.966963e-02	5.422053e+00
1.962000e-05	-1.892431e-02	5.275131e+00
1.963000e-05	-1.883552e-02	5.103082e+00
1.964000e-05	-1.684047e-02	4.855183e+00
1.965000e-05	-1.695408e-02	4.725237e+00
1.966000e-05	-1.566973e-02	4.569367e+00
1.967000e-05	-1.577892e-02	4.402496e+00
1.968000e-05	-1.400212e-02	4.231003e+00
1.969000e-05	-1.463261e-02	4.052481e+00
1.970000e-05	-1.414334e-02	3.874133e+00
1.971000e-05	-1.306393e-02	3.675215e+00
1.972000e-05	-1.281079e-02	3.618422e+00
1.973000e-05	-1.188816e-02	3.380366e+00
1.974000e-05	-1.147346e-02	3.159895e+00
1.975000e-05	-1.077281e-02	3.062026e+00
1.976000e-05	-1.074689e-02	2.852030e+00
1.977000e-05	-1.049605e-02	2.746633e+00
1.978000e-05	-9.983198e-03	2.441631e+00
1.979000e-05	-9.848770e-03	2.305736e+00
1.980000e-05	-8.346781e-03	2.117162e+00
1.981000e-05	-8.829326e-03	1.969420e+00
1.982000e-05	-7.295707e-03	1.758871e+00
1.983000e-05	-7.079186e-03	1.547312e+00
1.984000e-05	-6.451621e-03	1.387370e+00
1.985000e-05	-6.610837e-03	1.198970e+00
1.986000e-05	-6.735283e-03	9.477685e-01
1.987000e-05	-6.109273e-03	7.578432e-01
1.988000e-05	-5.560499e-03	5.778197e-01
1.989000e-05	-5.966682e-03	4.209999e-01
1.990000e-05	-5.548324e-03	1.905400e-01
1.991000e-05	-3.252234e-03	1.954730e-02
1.992000e-05	2.831421e-03	-1.374996e-01
1.993000e-05	2.531356e-03	-2.968434e-01
1.994000e-05	-6.588245e-04	-4.231816e-01
1.995000e-05	1.299570e-03	-6.843106e-01
1.996000e-05	-1.951868e-03	-8.117078e-01
1.997000e-05	-8.878234e-04	-1.000054e+00
1.998000e-05	1.209553e-03	-1.138999e+00
1.999000e-05	2.779530e-02	-1.276974e+00
2.000000e-05	8.823747e-02	-1.538954e+00
2.001000e-05	-4.746575e-02	-1.802132e+00
2.002000e-05	-2.379065e-02	-2.043812e+00
2.003000e-05	-5.893441e-02	-2.276866e+00
2.004000e-05	-6.288423e-02	-2.400026e+00
2.005000e-05	1.587919e-01	-2.412556e+00
2.006000e-05	-4.159887e-02	-2.610704e+00
2.007000e-05	-9.605414e-02	-2.822231e+00
2.008000e-05	1.877153e-01	-2.875843e+00
2.009000e-05	-1.500983e-01	-3.107972e+00
2.010000e-05	-3.314537e-02	-3.369051e+00
2.011000e-05	1.625373e-01	-3.474821e+00
2.012000e-05	-1.307869e-01	-3.655317e+00
2.013000e-05	5.872898e-02	-3.842769e+00
2.014000e-05	8.046435e-02	-4.022233e+00
2.015000e-05	-1.344225e-01	-4.235264e+00
2.016000e-05	1.319710e-01	-4.370426e+00
2.017000e-05	-8.703601e-02	-4.495499e+00
2.018000e-05	6.512743e-03	-4.727022e+00
2.019000e-05	1.097409e-01	-4.784259e+00
2.020000e-05	-1.198073e-01	-5.032736e+00
2.021000e-05	9.579301e-02	-5.203239e+00
2.022000e-05	-7.251911e-03	-5.383768e+00
2.023000e-05	2.481274e-03	-5.601604e+00
2.024000e-05	3.268983e-02	-5.738501e+00
2.025000e-05	-7.482249e-02	-5.927823e+00
2.026000e-05	1.082325e-01	-6.011704e+00
2.027000e-05	-4.486954e-02	-6.173633e+00
2.028000e-05	1.398393e-02	-6.381528e+00
2.029000e-05	5.827653e-02	-6.506296e+00
2.030000e-05	-5.457591e-02	-6.645264e+00
2.031000e-05	6.071142e-02	-6.789526e+00
2.032000e-05	-4.562245e-02	-6.888397e+00
2.033000e-05	6.392950e-02	-7.047819e+00
2.034000e-05	2.135408e-02	-7.192105e+00
2.035000e-05	-3.615234e-02	-7.327421e+00
2.036000e-05	4.212043e-02	-7.403160e+00
2.037000e-05	-1.048191e-02	-7.550551e+00
2.038000e-05	4.682277e-02	-7.675397e+00
2.039000e-05	-1.761984e-02	-7.877418e+00
2.040000e-05	2.848294e-02	-7.992105e+00
2.041000e-05	2.814279e-02	-8.055842e+00
2.042000e-05	-1.168410e-02	-8.193158e+00
2.043000e-05	2.818822e-02	-8.297348e+00
2.044000e-05	6.201962e-03	-8.390528e+00
2.045000e-05	3.587893e-02	-8.466846e+00
2.046000e-05	-9.269646e-03	-8.624140e+00
2.047000e-05	2.447525e-02	-8.757420e+00
2.048000e-05	2.735022e-02	-8.812558e+00
2.049000e-05	1.096795e-02	-8.898846e+00
2.050000e-05	1.522521e-02	-8.972054e+00
2.051000e-05	1.480820e-02	-9.065241e+00
2.052000e-05	3.283784e-02	-9.087846e+00
2.053000e-05	8.371393e-03	-9.200601e+00
2.054000e-05	2.116020e-02	-9.213239e+00
2.055000e-05	2.436152e-02	-9.269452e+00
2.056000e-05	2.148342e-02	-9.405260e+00
2.057000e-05	1.423257e-02	-9.466369e+00
2.058000e-05	2.239341e-02	-9.559497e+00
2.059000e-05	3.009567e-02	-9.600607e+00
2.060000e-05	2.086744e-02	-9.624685e+00
2.061000e-05	2.255047e-02	-9.665241e+00
2.062000e-05	2.219343e-02	-9.668894e+00
2.063000e-05	2.601799e-02	-9.722026e+00
2.064000e-05	2.101462e-02	-9.788508e+00
2.065000e-05	2.720694e-02	-9.762663e+00
2.066000e-05	2.808775e-02	-9.835737e+00
2.067000e-05	2.499076e-02	-9.846765e+00
2.068000e-05	2.681176e-02	-9.897741e+00
2.069000e-05	2.910843e-02	-9.876391e+00
2.070000e-05	2.659939e-02	-9.906868e+00
2.071000e-05	2.646602e-02	-9.918872e+00
2.072000e-05	3.111658e-02	-9.917946e+00
2.073000e-05	3.109933e-02	-9.928972e+00
2.074000e-05	3.001375e-02	-9.909419e+00
2.075000e-05	2.934421e-02	-9.958902e+00
2.076000e-05	3.304939e-02	-9.927445e+00
2.077000e-05	3.344213e-02	-9.939347e+00
2.078000e-05	3.328575e-02	-9.898447e+00
2.079000e-05	3.454466e-02	-9.897820e+00
2.080000e-05	3.518604e-02	-9.886817e+00
2.081000e-05	3.540421e-02	-9.855838e+00
2.082000e-05	3.661828e-02	-9.844714e+00
2.083000e-05	3.958877e-02	-9.833709e+00
2.084000e-05	3.791503e-02	-9.791101e+00
2.085000e-05	3.980515e-02	-9.748474e+00
2.086000e-05	4.257260e-02	-9.688392e+00
2.087000e-05	4.341013e-02	-9.654793e+00
2.088000e-05	4.466211e-02	-9.624207e+00
2.089000e-05	4.528385e-02	-9.611554e+00
2.090000e-05	4.876863e-02	-9.527973e+00
2.091000e-05	4.830291e-02	-9.476267e+00
2.092000e-05	4.864411e-02	-9.339136e+00
2.093000e-05	5.122028e-02	-9.268468e+00
2.094000e-05	5.139826e-02	-9.233059e+00
2.095000e-05	5.129243e-02	-9.200450e+00
2.096000e-05	5.094503e-02	-9.095814e+00
2.097000e-05	5.128755e-02	-9.033654e+00
2.098000e-05	5.081872e-02	-8.917921e+00
2.099000e-05	4.816283e-02	-8.811112e+00
2.100000e-05	4.661864e-02	-8.773004e+00
2.101000e-05	4.438109e-02	-8.685316e+00
2.102000e-05	4.321180e-02	-8.592028e+00
2.103000e-05	4.182776e-02	-8.485243e+00
2.104000e-05	4.116551e-02	-8.380927e+00
2.105000e-05	3.938787e-02	-8.285243e+00
2.106000e-05	3.707985e-02	-8.211025e+00
2.107000e-05	3.545850e-02	-8.105714e+00
2.108000e-05	3.321458e-02	-7.991552e+00
2.109000e-05	3.218507e-02	-7.876395e+00
2.110000e-05	3.173032e-02	-7.747326e+00
2.111000e-05	2.896887e-02	-7.609924e+00
2.112000e-05	2.619632e-02	-7.494685e+00
2.113000e-05	2.516463e-02	-7.327949e+00
2.114000e-05	2.599662e-02	-7.233655e+00
2.115000e-05	2.418886e-02	-7.107285e+00
2.116000e-05	2.189342e-02	-6.875320e+00
2.117000e-05	2.061036e-02	-6.781471e+00
2.118000e-05	2.062854e-02	-6.652709e+00
2.119000e-05	2.023968e-02	-6.467342e+00
2.120000e-05	1.704545e-02	-6.400526e+00
2.121000e-05	1.751658e-02	-6.243704e+00
2.122000e-05	1.587359e-02	-6.033762e+00
2.123000e-05	1.474394e-02	-5.935890e+00
2.124000e-05	1.288543e-02	-5.790449e+00
2.125000e-05	1.432053e-02	-5.642574e+00
2.126000e-05	1.233492e-02	-5.501786e+00
2.127000e-05	1.168021e-02	-5.275213e+00
2.128000e-05	1.010794e-02	-5.106340e+00
2.129000e-05	1.013535e-02	-4.936242e+00
2.130000e-05	8.201732e-03	-4.714844e+00
2.131000e-05	9.321142e-03	-4.559520e+00
2.132000e-05	8.735069e-03	-4.412578e+00
2.133000e-05	9.683722e-03	-4.294184e+00
2.134000e-05	4.782047e-03	-4.107342e+00
2.135000e-05	7.357100e-03	-3.989494e+00
2.136000e-05	4.309123e-03	-3.772405e+00
2.137000e-05	6.494249e-03	-3.569973e+00
2.138000e-05	3.610023e-03	-3.452627e+00
2.139000e-05	5.950384e-03	-3.253634e+00
2.140000e-05	3.902397e-03	-3.085889e+00
2.141000e-05	2.539791e-03	-2.883234e+00
2.142000e-05	2.573488e-03	-2.766393e+00
2.143000e-05	1.692559e-03	-2.527919e+00
2.144000e-05	2.372423e-03	-2.360047e+00
2.145000e-05	1.447183e-03	-2.158480e+00
2.146000e-05	1.411190e-03	-2.018971e+00
2.147000e-05	2.666063e-04	-1.821954e+00
2.148000e-05	1.204138e-03	-1.632154e+00
2.149000e-05	-8.563605e-04	-1.463110e+00
2.150000e-05	-2.895847e-04	-1.231048e+00
2.151000e-05	-2.118220e-03	-1.061551e+00
2.152000e-05	-8.556966e-04	-8.601316e-01
2.153000e-05	-4.052515e-03	-6.821603e-01
2.154000e-05	-2.995368e-03	-4.730802e-01
2.155000e-05	-3.762390e-03	-3.121069e-01
2.156000e-05	-2.543762e-03	-1.142132e-01
2.157000e-05	-1.003003e-03	4.358408e-02
2.158000e-05	3.204602e-03	2.552343e-01
2.159000e-05	-2.273920e-03	4.535803e-01
2.160000e-05	-3.257892e-04	5.794475e-01
2.161000e-05	-3.347706e-03	7.605913e-01
2.162000e-05	-3.287284e-03	8.773882e-01
2.163000e-05	-4.383751e-03	1.136818e+00
2.164000e-05	-2.290618e-04	1.306313e+00
2.165000e-05	1.261624e-02	1.435836e+00
2.166000e-05	6.198037e-02	1.768321e+00
2.167000e-05	8.190677e-03	1.947422e+00
2.168000e-05	-5.929328e-02	2.096888e+00
2.169000e-05	-3.314435e-02	2.325413e+00
2.170000e-05	-7.046744e-02	2.444128e+00
2.171000e-05	-1.859123e-02	2.541924e+00
2.172000e-05	1.493882e-01	2.759996e+00
2.173000e-05	-1.261770e-01	2.926762e+00
2.174000e-05	5.092765e-03	3.042185e+00
2.175000e-05	1.063460e-01	3.201678e+00
2.176000e-05	-1.461254e-01	3.464236e+00
2.177000e-05	3.773934e-02	3.601048e+00
2.178000e-05	7.010057e-02	3.737848e+00
2.179000e-05	-1.171769e-01	3.919325e+00
2.180000e-05	6.552420e-02	4.086734e+00
2.181000e-05	-1.078314e-02	4.328415e+00
2.182000e-05	-4.990623e-02	4.484280e+00
2.183000e-05	2.808843e-02	4.626064e+00
2.184000e-05	-4.773135e-02	4.810779e+00
2.185000e-05	9.195503e-03	4.994035e+00
2.186000e-05	-1.073393e-02	5.234209e+00
2.187000e-05	-1.587533e-02	5.422153e+00
2.188000e-05	4.032984e-03	5.540422e+00
2.189000e-05	-4.978869e-03	5.697342e+00
2.190000e-05	-8.668048e-03	5.896865e+00
2.191000e-05	-4.106164e-02	6.054684e+00
2.192000e-05	-3.474877e-03	6.201578e+00
2.193000e-05	1.174377e-02	6.398317e+00
2.194000e-05	-3.641056e-02	6.454710e+00
2.195000e-05	4.353915e-03	6.645134e+00
2.196000e-05	-2.752247e-02	6.800528e+00
2.197000e-05	-1.412059e-02	6.906317e+00
2.198000e-05	-1.014450e-02	7.014658e+00
2.199000e-05	-2.164423e-02	7.178922e+00
2.200000e-05	6.356625e-03	7.254213e+00
2.201000e-05	-2.538643e-02	7.404081e+00
2.202000e-05	-1.558345e-02	7.582579e+00
2.203000e-05	-2.627137e-02	7.677840e+00
2.204000e-05	-6.263417e-03	7.804186e+00
2.205000e-05	-1.583949e-02	7.952374e+00
2.206000e-05	-2.309202e-02	8.135892e+00
2.207000e-05	-9.595013e-03	8.212704e+00
2.208000e-05	-1.921644e-02	8.347845e+00
2.209000e-05	-2.147406e-02	8.421052e+00
2.210000e-05	-2.337516e-02	8.467815e+00
2.211000e-05	-1.279584e-02	8.590100e+00
2.212000e-05	-2.140151e-02	8.665246e+00
2.213000e-05	-2.575281e-02	8.809896e+00
2.214000e-05	-2.054386e-02	8.844204e+00
2.215000e-05	-1.711308e-02	8.900450e+00
2.216000e-05	-2.551399e-02	9.057242e+00
2.217000e-05	-2.644799e-02	9.119972e+00
2.218000e-05	-2.015831e-02	9.203126e+00
2.219000e-05	-2.171075e-02	9.246691e+00
2.220000e-05	-2.725271e-02	9.359621e+00
2.221000e-05	-2.640897e-02	9.424131e+00
2.222000e-05	-2.134295e-02	9.497391e+00
2.223000e-05	-2.828995e-02	9.520323e+00
2.224000e-05	-2.975177e-02	9.590601e+00
2.225000e-05	-2.659374e-02	9.643658e+00
2.226000e-05	-2.497973e-02	9.646316e+00
2.227000e-05	-2.770048e-02	9.734026e+00
2.228000e-05	-2.959446e-02	9.803979e+00
2.229000e-05	-3.012378e-02	9.815685e+00
2.230000e-05	-3.323164e-02	9.876291e+00
2.231000e-05	-3.091349e-02	9.938420e+00
2.232000e-05	-3.037442e-02	9.949446e+00
2.233000e-05	-2.962634e-02	9.971103e+00
2.234000e-05	-3.561055e-02	1.000003e+01
2.235000e-05	-3.329983e-02	1.002363e+01
2.236000e-05	-3.267909e-02	1.001311e+01
2.237000e-05	-3.481606e-02	1.001318e+01
2.238000e-05	-3.596870e-02	1.004371e+01
2.239000e-05	-3.612887e-02	1.004516e+01
2.240000e-05	-3.570563e-02	1.005363e+01
2.241000e-05	-3.855747e-02	1.004616e+01
2.242000e-05	-3.887084e-02	1.004463e+01
2.243000e-05	-3.849224e-02	1.002366e+01
2.244000e-05	-3.813209e-02	1.001361e+01
2.245000e-05	-4.124686e-02	1.002410e+01
2.246000e-05	-4.164096e-02	1.002113e+01
2.247000e-05	-4.198174e-02	9.982500e+00
2.248000e-05	-4.336762e-02	9.978972e+00
2.249000e-05	-4.441000e-02	9.938945e+00
2.250000e-05	-4.542043e-02	9.846718e+00
2.251000e-05	-4.677788e-02	9.862563e+00
2.252000e-05	-4.830783e-02	9.801004e+00
2.253000e-05	-4.939258e-02	9.709898e+00
2.254000e-05	-5.096054e-02	9.643641e+00
2.255000e-05	-5.224660e-02	9.593079e+00
2.256000e-05	-5.319547e-02	9.559819e+00
2.257000e-05	-5.505233e-02	9.456414e+00
2.258000e-05	-5.683707e-02	9.463632e+00
2.259000e-05	-5.730833e-02	9.348523e+00
2.260000e-05	-5.666493e-02	9.296791e+00
2.261000e-05	-5.835567e-02	9.236159e+00
2.262000e-05	-5.756926e-02	9.160447e+00
2.263000e-05	-5.644259e-02	9.118791e+00
2.264000e-05	-5.454064e-02	8.982100e+00
2.265000e-05	-5.477334e-02	8.897286e+00
2.266000e-05	-5.368337e-02	8.812555e+00
2.267000e-05	-5.182693e-02	8.707315e+00
2.268000e-05	-4.865894e-02	8.613531e+00
2.269000e-05	-4.902143e-02	8.518870e+00
2.270000e-05	-4.643542e-02	8.463607e+00
2.271000e-05	-4.535620e-02	8.382518e+00
2.272000e-05	-4.314605e-02	8.306188e+00
2.273000e-05	-4.158231e-02	8.127371e+00
2.274000e-05	-3.998385e-02	8.095552e+00
2.275000e-05	-3.889745e-02	7.898767e+00
2.276000e-05	-3.609603e-02	7.803555e+00
2.277000e-05	-3.615776e-02	7.664733e+00
2.278000e-05	-3.320317e-02	7.598971e+00
2.279000e-05	-3.315007e-02	7.392079e+00
2.280000e-05	-3.073834e-02	7.274053e+00
2.281000e-05	-2.976361e-02	7.125893e+00
2.282000e-05	-2.845109e-02	7.050428e+00
2.283000e-05	-2.785454e-02	6.864157e+00
2.284000e-05	-2.692114e-02	6.747894e+00
2.285000e-05	-2.495102e-02	6.572928e+00
2.286000e-05	-2.434242e-02	6.441525e+00
2.287000e-05	-2.336240e-02	6.273107e+00
2.288000e-05	-2.270034e-02	6.106821e+00
2.289000e-05	-2.148904e-02	6.011499e+00
2.290000e-05	-2.136611e-02	5.864158e+00
2.291000e-05	-2.142009e-02	5.685557e+00
2.292000e-05	-2.086306e-02	5.518266e+00
2.293000e-05	-1.956173e-02	5.348866e+00
2.294000e-05	-1.809723e-02	5.198944e+00
2.295000e-05	-1.787607e-02	4.969994e+00
2.296000e-05	-1.624002e-02	4.798952e+00
2.297000e-05	-1.693856e-02	4.632528e+00
2.298000e-05	-1.765137e-02	4.494657e+00
2.299000e-05	-1.502231e-02	4.346796e+00
2.300000e-05	-1.350968e-02	4.127186e+00
2.301000e-05	-1.329082e-02	3.998421e+00
2.302000e-05	-1.365048e-02	3.811550e+00
2.303000e-05	-1.361438e-02	3.653557e+00
2.304000e-05	-1.201636e-02	3.495313e+00
2.305000e-05	-1.118578e-02	3.315681e+00
2.306000e-05	-1.127117e-02	3.115210e+00
2.307000e-05	-1.172630e-02	2.939395e+00
2.308000e-05	-1.126817e-02	2.790971e+00
2.309000e-05	-9.710979e-03	2.577898e+00
2.310000e-05	-1.013906e-02	2.388896e+00
2.311000e-05	-8.822188e-03	2.189473e+00
2.312000e-05	-9.441281e-03	2.052078e+00
2.313000e-05	-8.445056e-03	1.913609e+00
2.314000e-05	-6.482240e-03	1.652603e+00
2.315000e-05	-6.543090e-03	1.473628e+00
2.316000e-05	-6.727750e-03	1.304155e+00
2.317000e-05	-8.353506e-03	1.103134e+00
2.318000e-05	-5.284875e-03	9.010255e-01
2.319000e-05	-5.439722e-03	6.645842e-01
2.320000e-05	-3.986358e-03	5.246855e-01
2.321000e-05	-5.481244e-03	3.667934e-01
2.322000e-05	-4.432378e-03	1.561341e-01
2.323000e-05	-5.005880e-04	-5.123691e-02
2.324000e-05	2.947695e-03	-2.121539e-01
2.325000e-05	-1.509906e-03	-3.695262e-01
2.326000e-05	1.814625e-03	-5.673760e-01
2.327000e-05	-1.085710e-03	-7.679735e-01
2.328000e-05	8.223892e-04	-8.543420e-01
2.329000e-05	-1.463069e-03	-1.013308e+00
2.330000e-05	1.031495e-02	-1.232210e+00
2.331000e-05	5.927874e-02	-1.414309e+00
2.332000e-05	4.830240e-02	-1.663236e+00
2.333000e-05	-7.326135e-02	-1.938872e+00
2.334000e-05	-9.481420e-03	-2.119601e+00
2.335000e-05	-9.492056e-02	-2.359001e+00
2.336000e-05	4.259705e-02	-2.410550e+00
2.337000e-05	1.312658e-01	-2.443788e+00
2.338000e-05	-1.665642e-01	-2.697921e+00
2.339000e-05	1.056058e-01	-2.813631e+00
2.340000e-05	7.455509e-02	-2.959974e+00
2.341000e-05	-1.901296e-01	-3.265793e+00
2.342000e-05	1.331256e-01	-3.411153e+00
2.343000e-05	3.235775e-02	-3.519501e+00
2.344000e-05	-1.264073e-01	-3.719500e+00
2.345000e-05	1.698540e-01	-3.888475e+00
2.346000e-05	-9.229768e-02	-4.138023e+00
2.347000e-05	3.017284e-03	-4.346919e+00
2.348000e-05	7.991896e-02	-4.392657e+00
2.349000e-05	-1.280617e-01	-4.633284e+00
2.350000e-05	1.307604e-01	-4.790582e+00
2.351000e-05	-2.502683e-02	-4.947998e+00
2.352000e-05	-4.779683e-02	-5.097448e+00
2.353000e-05	1.047887e-01	-5.305369e+00
2.354000e-05	-6.188946e-02	-5.539472e+00
2.355000e-05	6.936486e-02	-5.664315e+00
2.356000e-05	-5.423168e-02	-5.822703e+00
2.357000e-05	1.058461e-02	-5.988503e+00
2.358000e-05	7.655995e-02	-6.077268e+00
2.359000e-05	-8.046839e-02	-6.277818e+00
2.360000e-05	9.532406e-02	-6.444257e+00
2.361000e-05	-2.970606e-02	-6.531025e+00
2.362000e-05	7.216433e-03	-6.736945e+00
2.363000e-05	2.226024e-02	-6.793151e+00
2.364000e-05	-2.895905e-02	-6.972129e+00
2.365000e-05	9.375144e-02	-7.157899e+00
2.366000e-05	-4.826850e-02	-7.235791e+00
2.367000e-05	2.305611e-02	-7.371030e+00
2.368000e-05	1.070195e-02	-7.496870e+00
2.369000e-05	1.670468e-02	-7.645260e+00
2.370000e-05	2.642920e-02	-7.735577e+00
2.371000e-05	-2.083613e-02	-7.967950e+00
2.372000e-05	5.682315e-02	-8.033683e+00
2.373000e-05	-9.726938e-03	-8.159027e+00
2.374000e-05	1.632342e-02	-8.254683e+00
2.375000e-05	1.256738e-02	-8.328974e+00
2.376000e-05	2.601802e-02	-8.393160e+00
2.377000e-05	1.584605e-02	-8.508993e+00
2.378000e-05	-6.472224e-03	-8.655769e+00
2.379000e-05	3.705043e-02	-8.770555e+00
2.380000e-05	1.731151e-02	-8.853264e+00
2.381000e-05	1.766830e-02	-8.969997e+00
2.382000e-05	1.109591e-02	-9.002608e+00
2.383000e-05	2.762090e-02	-9.097271e+00
2.384000e-05	2.130123e-02	-9.139022e+00
2.385000e-05	1.007356e-02	-9.201177e+00
2.386000e-05	2.475048e-02	-9.254863e+00
2.387000e-05	2.419020e-02	-9.302550e+00
2.388000e-05	1.957542e-02	-9.406213e+00
2.389000e-05	1.727297e-02	-9.487870e+00
2.390000e-05	2.864086e-02	-9.560054e+00
2.391000e-05	2.492950e-02	-9.614128e+00
2.392000e-05	2.106208e-02	-9.633713e+00
2.393000e-05	2.266853e-02	-9.705867e+00
2.394000e-05	2.486672e-02	-9.689400e+00
2.395000e-05	2.433033e-02	-9.780576e+00
2.396000e-05	2.381402e-02	-9.833126e+00
2.397000e-05	2.851523e-02	-9.834159e+00
2.398000e-05	2.661183e-02	-9.854159e+00
2.399000e-05	2.431983e-02	-9.855288e+00
2.400000e-05	2.825110e-02	-9.877318e+00
2.401000e-05	2.987769e-02	-9.906420e+00
2.402000e-05	2.714943e-02	-9.878341e+00
2.403000e-05	2.949447e-02	-9.917845e+00
2.404000e-05	3.087053e-02	-9.957971e+00
2.405000e-05	3.126338e-02	-9.978397e+00
2.406000e-05	2.884739e-02	-9.929470e+00
2.407000e-05	3.110777e-02	-9.939921e+00
2.408000e-05	3.394616e-02	-9.926349e+00
2.409000e-05	3.326825e-02	-9.909394e+00
2.410000e-05	3.463238e-02	-9.906868e+00
2.411000e-05	3.529298e-02	-9.876870e+00
2.412000e-05	3.527367e-02	-9.856313e+00
2.413000e-05	3.536349e-02	-9.865213e+00
2.414000e-05	3.867733e-02	-9.822688e+00
2.415000e-05	3.929246e-02	-9.793555e+00
2.416000e-05	3.858287e-02	-9.768978e+00
2.417000e-05	4.016439e-02	-9.698925e+00
2.418000e-05	4.371863e-02	-9.715818e+00
2.419000e-05	4.363727e-02	-9.633236e+00
2.420000e-05	4.507492e-02	-9.612553e+00
2.421000e-05	4.647471e-02	-9.600502e+00
2.422000e-05	4.885582e-02	-9.505845e+00
2.423000e-05	4.828958e-02	-9.404208e+00
2.424000e-05	5.046414e-02	-9.298971e+00
2.425000e-05	5.192161e-02	-9.244739e+00
2.426000e-05	5.144148e-02	-9.210602e+00
2.427000e-05	5.085155e-02	-9.117868e+00
2.428000e-05	4.985217e-02	-9.043140e+00
2.429000e-05	5.117395e-02	-8.960025e+00
2.430000e-05	5.012933e-02	-8.885741e+00
2.431000e-05	4.777262e-02	-8.832157e+00
2.432000e-05	4.573469e-02	-8.775973e+00
2.433000e-05	4.358951e-02	-8.644740e+00
2.434000e-05	4.273298e-02	-8.527926e+00
2.435000e-05	4.163170e-02	-8.433107e+00
2.436000e-05	4.049524e-02	-8.366999e+00
2.437000e-05	3.822425e-02	-8.242658e+00
2.438000e-05	3.619420e-02	-8.169397e+00
2.439000e-05	3.434068e-02	-8.044179e+00
2.440000e-05	3.318865e-02	-7.970423e+00
2.441000e-05	3.163447e-02	-7.771637e+00
2.442000e-05	2.916349e-02	-7.614713e+00
2.443000e-05	2.823002e-02	-7.517441e+00
2.444000e-05	2.572837e-02	-7.399077e+00
2.445000e-05	2.512996e-02	-7.274115e+00
2.446000e-05	2.447567e-02	-7.198944e+00
2.447000e-05	2.273172e-02	-7.012556e+00
2.448000e-05	2.042349e-02	-6.853737e+00
2.449000e-05	2.034187e-02	-6.696370e+00
2.450000e-05	1.937503e-02	-6.620977e+00
2.451000e-05	1.902178e-02	-6.443660e+00
2.452000e-05	1.826741e-02	-6.335895e+00
2.453000e-05	1.764106e-02	-6.157495e+00
2.454000e-05	1.462167e-02	-6.000476e+00
2.455000e-05	1.341693e-02	-5.862182e+00
2.456000e-05	1.325781e-02	-5.716359e+00
2.457000e-05	1.266287e-02	-5.589871e+00
2.458000e-05	1.145351e-02	-5.337025e+00
2.459000e-05	1.061483e-02	-5.200003e+00
2.460000e-05	1.113069e-02	-5.021576e+00
2.461000e-05	1.008570e-02	-4.801109e+00
2.462000e-05	9.336825e-03	-4.632503e+00
2.463000e-05	8.778878e-03	-4.495266e+00
2.464000e-05	7.911662e-03	-4.318466e+00
2.465000e-05	7.247104e-03	-4.199480e+00
2.466000e-05	6.126068e-03	-4.062061e+00
2.467000e-05	6.309875e-03	-3.914789e+00
2.468000e-05	4.989408e-03	-3.706164e+00
2.469000e-05	5.641021e-03	-3.506842e+00
2.470000e-05	4.842173e-03	-3.387896e+00
2.471000e-05	4.788046e-03	-3.229024e+00
2.472000e-05	3.075835e-03	-3.030104e+00
2.473000e-05	1.700075e-03	-2.821473e+00
2.474000e-05	2.778615e-03	-2.653227e+00
2.475000e-05	2.955644e-04	-2.462762e+00
2.476000e-05	1.600027e-03	-2.326834e+00
2.477000e-05	2.210182e-04	-2.055237e+00
2.478000e-05	2.015952e-03	-1.936867e+00
2.479000e-05	-6.707465e-04	-1.747369e+00
2.480000e-05	1.120812e-03	-1.588896e+00
2.481000e-05	-1.398672e-03	-1.317216e+00
2.482000e-05	8.790393e-05	-1.157341e+00
2.483000e-05	-2.060303e-03	-9.473158e-01
2.484000e-05	-2.300761e-03	-7.789975e-01
2.485000e-05	-4.264187e-03	-5.978700e-01
2.486000e-05	-4.655917e-03	-3.694211e-01
2.487000e-05	-4.166120e-03	-2.411028e-01
2.488000e-05	-2.625780e-03	1.157625e-02
2.489000e-05	1.323921e-03	1.078159e-01
2.490000e-05	2.956405e-03	3.584211e-01
2.491000e-05	-2.992381e-03	4.747631e-01
2.492000e-05	1.029078e-03	6.642130e-01
2.493000e-05	-6.216267e-03	7.905038e-01
2.494000e-05	-3.759605e-03	9.845260e-01
2.495000e-05	-5.287481e-03	1.212027e+00
2.496000e-05	5.390198e-03	1.359427e+00
2.497000e-05	3.114354e-02	1.593195e+00
2.498000e-05	6.194305e-02	1.823058e+00
2.499000e-05	-4.709969e-02	2.012054e+00
2.500000e-05	-3.908900e-02	2.191051e+00
2.501000e-05	-4.694644e-02	2.339977e+00
2.502000e-05	-7.357610e-02	2.496610e+00
2.503000e-05	8.045678e-02	2.664214e+00
2.504000e-05	6.392490e-02	2.823106e+00
2.505000e-05	-1.642881e-01	2.970475e+00
2.506000e-05	1.491321e-01	3.078868e+00
2.507000e-05	-5.116167e-02	3.338425e+00
2.508000e-05	-9.345855e-02	3.548420e+00
2.509000e-05	1.091175e-01	3.642583e+00
2.510000e-05	-4.035684e-02	3.825156e+00
2.511000e-05	-5.653290e-02	4.012028e+00
2.512000e-05	8.195724e-02	4.173004e+00
2.513000e-05	-7.188488e-02	4.400525e+00
2.514000e-05	5.289362e-03	4.559373e+00
2.515000e-05	-1.884446e-03	4.707848e+00
2.516000e-05	-4.105765e-02	4.886737e+00
2.517000e-05	2.060515e-02	5.118820e+00
2.518000e-05	-3.282316e-02	5.338366e+00
2.519000e-05	7.452995e-03	5.445267e+00
2.520000e-05	-5.163066e-03	5.612083e+00
2.521000e-05	-3.979511e-04	5.781579e+00
2.522000e-05	-2.563674e-02	5.960026e+00
2.523000e-05	-3.602664e-02	6.107842e+00
2.524000e-05	2.262286e-02	6.275259e+00
2.525000e-05	-2.437853e-02	6.400999e+00
2.526000e-05	-1.404365e-02	6.498939e+00
2.527000e-05	-6.035308e-03	6.698795e+00
2.528000e-05	-2.434696e-02	6.843132e+00
2.529000e-05	-7.516052e-03	6.920025e+00
2.530000e-05	-2.003071e-02	7.088318e+00
2.531000e-05	-8.174590e-03	7.191024e+00
2.532000e-05	-4.499726e-03	7.327845e+00
2.533000e-05	-2.628019e-02	7.487895e+00
2.534000e-05	-1.843849e-02	7.635235e+00
2.535000e-05	-1.694900e-02	7.800524e+00
2.536000e-05	-6.249434e-03	7.878268e+00
2.537000e-05	-2.337215e-02	8.032712e+00
2.538000e-05	-1.986354e-02	8.149472e+00
2.539000e-05	-8.360822e-03	8.276712e+00
2.540000e-05	-2.353325e-02	8.380050e+00
2.541000e-05	-2.114093e-02	8.443131e+00
2.542000e-05	-2.245378e-02	8.509319e+00
2.543000e-05	-1.330562e-02	8.645605e+00
2.544000e-05	-2.507492e-02	8.736870e+00
2.545000e-05	-2.431203e-02	8.791025e+00
2.546000e-05	-1.605068e-02	8.867214e+00
2.547000e-05	-2.288152e-02	8.973076e+00
2.548000e-05	-2.444751e-02	9.116771e+00
2.549000e-05	-2.469001e-02	9.201077e+00
2.550000e-05	-1.762833e-02	9.224754e+00
2.551000e-05	-2.718936e-02	9.268296e+00
2.552000e-05	-2.705741e-02	9.412553e+00
2.553000e-05	-2.293463e-02	9.464282e+00
2.554000e-05	-2.363805e-02	9.497791e+00
2.555000e-05	-2.895480e-02	9.560448e+00
2.556000e-05	-2.853136e-02	9.605650e+00
2.557000e-05	-2.468150e-02	9.634761e+00
2.558000e-05	-2.894547e-02	9.680424e+00
2.559000e-05	-2.746180e-02	9.732098e+00
2.560000e-05	-2.997362e-02	9.814683e+00
2.561000e-05	-2.888069e-02	9.866211e+00
2.562000e-05	-3.299166e-02	9.927318e+00
2.563000e-05	-3.012880e-02	9.948422e+00
2.564000e-05	-2.945640e-02	9.959024e+00
2.565000e-05	-3.328011e-02	1.001205e+01
2.566000e-05	-3.550675e-02	1.002213e+01
2.567000e-05	-3.276799e-02	9.993153e+00
2.568000e-05	-3.237107e-02	1.004305e+01
2.569000e-05	-3.593336e-02	1.001461e+01
2.570000e-05	-3.557438e-02	1.004474e+01
2.571000e-05	-3.552053e-02	1.004416e+01
2.572000e-05	-3.689398e-02	1.003523e+01
2.573000e-05	-3.839137e-02	1.004558e+01
2.574000e-05	-3.767065e-02	1.004308e+01
2.575000e-05	-3.794097e-02	1.005511e+01
2.576000e-05	-4.097648e-02	1.002413e+01
2.577000e-05	-4.013637e-02	1.003203e+01
2.578000e-05	-4.022282e-02	1.001205e+01
2.579000e-05	-4.134574e-02	1.001155e+01
2.580000e-05	-4.387026e-02	9.968925e+00
2.581000e-05	-4.464730e-02	9.939440e+00
2.582000e-05	-4.539046e-02	9.897689e+00
2.583000e-05	-4.825198e-02	9.813031e+00
2.584000e-05	-4.934439e-02	9.750459e+00
2.585000e-05	-4.999619e-02	9.687695e+00
2.586000e-05	-4.987750e-02	9.654611e+00
2.587000e-05	-5.311029e-02	9.582450e+00
2.588000e-05	-5.385079e-02	9.537394e+00
2.589000e-05	-5.608131e-02	9.445715e+00
2.590000e-05	-5.600788e-02	9.413006e+00
2.591000e-05	-5.713256e-02	9.349948e+00
2.592000e-05	-5.674805e-02	9.274684e+00
2.593000e-05	-5.738834e-02	9.212151e+00
2.594000e-05	-5.663814e-02	9.161445e+00
2.595000e-05	-5.635447e-02	9.065088e+00
2.596000e-05	-5.416576e-02	8.921795e+00
2.597000e-05	-5.411639e-02	8.845079e+00
2.598000e-05	-5.326143e-02	8.800395e+00
2.599000e-05	-5.049614e-02	8.676811e+00
2.600000e-05	-4.939982e-02	8.603074e+00
2.601000e-05	-4.773017e-02	8.486287e+00
2.602000e-05	-4.590279e-02	8.432053e+00
2.603000e-05	-4.447417e-02	8.310441e+00
2.604000e-05	-4.306772e-02	8.222604e+00
2.605000e-05	-4.123532e-02	8.098214e+00
2.606000e-05	-3.976173e-02	7.979974e+00
2.607000e-05	-3.695309e-02	7.864182e+00
2.608000e-05	-3.652228e-02	7.750894e+00
2.609000e-05	-3.400355e-02	7.673105e+00
2.610000e-05	-3.407109e-02	7.496338e+00
2.611000e-05	-3.137363e-02	7.316320e+00
2.612000e-05	-3.087273e-02	7.202500e+00
2.613000e-05	-2.866229e-02	7.055204e+00
2.614000e-05	-2.911207e-02	6.927370e+00
2.615000e-05	-2.631589e-02	6.843030e+00
2.616000e-05	-2.723300e-02	6.677712e+00
2.617000e-05	-2.524633e-02	6.495863e+00
2.618000e-05	-2.551457e-02	6.348447e+00
2.619000e-05	-2.250787e-02	6.210449e+00
2.620000e-05	-2.271754e-02	6.084113e+00
2.621000e-05	-2.227695e-02	5.957942e+00
2.622000e-05	-2.134262e-02	5.789948e+00
2.623000e-05	-2.050332e-02	5.611499e+00
2.624000e-05	-1.941744e-02	5.444080e+00
2.625000e-05	-2.017314e-02	5.285210e+00
2.626000e-05	-1.861403e-02	5.088661e+00
2.627000e-05	-1.823465e-02	4.874185e+00
2.628000e-05	-1.653280e-02	4.728837e+00
2.629000e-05	-1.636444e-02	4.558896e+00
2.630000e-05	-1.481394e-02	4.442449e+00
2.631000e-05	-1.489551e-02	4.263150e+00
2.632000e-05	-1.489401e-02	4.032601e+00
2.633000e-05	-1.341441e-02	3.885210e+00
2.634000e-05	-1.346440e-02	3.737313e+00
2.635000e-05	-1.309059e-02	3.609870e+00
2.636000e-05	-1.159445e-02	3.451041e+00
2.637000e-05	-1.189023e-02	3.191423e+00
2.638000e-05	-1.104132e-02	3.063079e+00
2.639000e-05	-1.150576e-02	2.883683e+00
2.640000e-05	-1.085982e-02	2.704716e+00
2.641000e-05	-9.138255e-03	2.524613e+00
2.642000e-05	-8.749535e-03	2.295238e+00
2.643000e-05	-9.119807e-03	2.167240e+00
2.644000e-05	-8.409925e-03	1.978997e+00
2.645000e-05	-7.405292e-03	1.796874e+00
2.646000e-05	-7.160636e-03	1.548865e+00
2.647000e-05	-7.382666e-03	1.397874e+00
2.648000e-05	-6.215240e-03	1.198471e+00
2.649000e-05	-6.479509e-03	9.383387e-01
2.650000e-05	-5.738472e-03	7.483201e-01
2.651000e-05	-5.718223e-03	6.093447e-01
2.652000e-05	-4.242419e-03	4.024239e-01
2.653000e-05	-4.191048e-03	2.805491e-01
2.654000e-05	-3.800071e-03	1.897632e-02
2.655000e-05	1.650057e-03	-1.473722e-01
2.656000e-05	1.705186e-03	-2.963157e-01
2.657000e-05	-1.450383e-03	-4.217090e-01
2.658000e-05	2.238057e-03	-6.947367e-01
2.659000e-05	-1.663279e-03	-8.430801e-01
2.660000e-05	2.701830e-04	-9.785499e-01
2.661000e-05	1.263987e-03	-1.107868e+00
2.662000e-05	2.340131e-02	-1.285346e+00
2.663000e-05	8.863988e-02	-1.519498e+00
2.664000e-05	-3.400321e-02	-1.770526e+00
2.665000e-05	-3.393217e-02	-2.043758e+00
2.666000e-05	-4.934909e-02	-2.255263e+00
2.667000e-05	-7.596629e-02	-2.401026e+00
2.668000e-05	1.502313e-01	-2.411132e+00
2.669000e-05	-1.086948e-02	-2.582080e+00
2.670000e-05	-1.281446e-01	-2.790153e+00
2.671000e-05	1.969195e-01	-2.883738e+00
2.672000e-05	-1.238365e-01	-3.137472e+00
2.673000e-05	-6.767088e-02	-3.359928e+00
2.674000e-05	1.746452e-01	-3.455262e+00
2.675000e-05	-1.154517e-01	-3.662762e+00
2.676000e-05	2.524030e-02	-3.845286e+00
2.677000e-05	1.112642e-01	-4.001684e+00
2.678000e-05	-1.504219e-01	-4.254183e+00
2.679000e-05	1.263430e-01	-4.369503e+00
2.680000e-05	-6.331381e-02	-4.466992e+00
2.681000e-05	-2.412846e-02	-4.739446e+00
2.682000e-05	1.270872e-01	-4.774209e+00
2.683000e-05	-1.186855e-01	-5.053234e+00
2.684000e-05	8.040130e-02	-5.211681e+00
2.685000e-05	1.139416e-02	-5.403687e+00
2.686000e-05	-1.478565e-02	-5.592108e+00
2.687000e-05	4.881573e-02	-5.708928e+00
2.688000e-05	-8.250394e-02	-5.897944e+00
2.689000e-05	1.008782e-01	-6.011626e+00
2.690000e-05	-2.849924e-02	-6.149578e+00
2.691000e-05	-7.105037e-03	-6.360075e+00
2.692000e-05	7.358176e-02	-6.466343e+00
2.693000e-05	-6.061976e-02	-6.624737e+00
2.694000e-05	5.986305e-02	-6.759575e+00
2.695000e-05	-3.944126e-02	-6.875316e+00
2.696000e-05	4.982652e-02	-7.116343e+00
2.697000e-05	3.885136e-02	-7.190004e+00
2.698000e-05	-4.487215e-02	-7.349897e+00
2.699000e-05	4.493590e-02	-7.422684e+00
2.700000e-05	-1.175391e-02	-7.551049e+00
2.701000e-05	4.646202e-02	-7.706822e+00
2.702000e-05	-1.298958e-02	-7.835716e+00
2.703000e-05	1.985997e-02	-7.970631e+00
2.704000e-05	3.594350e-02	-8.046243e+00
2.705000e-05	-1.514011e-02	-8.192105e+00
2.706000e-05	2.963839e-02	-8.276341e+00
2.707000e-05	5.577406e-03	-8.370603e+00
2.708000e-05	3.757155e-02	-8.444266e+00
2.709000e-05	-6.721429e-03	-8.581632e+00
2.710000e-05	1.786298e-02	-8.688422e+00
2.711000e-05	3.059997e-02	-8.783079e+00
2.712000e-05	1.129970e-02	-8.867267e+00
2.713000e-05	1.709544e-02	-8.960605e+00
2.714000e-05	1.369636e-02	-9.044166e+00
2.715000e-05	3.356604e-02	-9.118345e+00
2.716000e-05	1.027782e-02	-9.181577e+00
2.717000e-05	2.004079e-02	-9.234285e+00
2.718000e-05	2.427658e-02	-9.288476e+00
2.719000e-05	2.280862e-02	-9.365233e+00
2.720000e-05	1.581496e-02	-9.445845e+00
2.721000e-05	2.133970e-02	-9.537476e+00
2.722000e-05	3.078862e-02	-9.602079e+00
2.723000e-05	2.107715e-02	-9.624212e+00
2.724000e-05	2.304882e-02	-9.656187e+00
2.725000e-05	2.258662e-02	-9.700320e+00
2.726000e-05	2.667055e-02	-9.699374e+00
2.727000e-05	2.211247e-02	-9.730508e+00
2.728000e-05	2.706608e-02	-9.762686e+00
2.729000e-05	2.786800e-02	-9.844658e+00
2.730000e-05	2.547035e-02	-9.846240e+00
2.731000e-05	2.597695e-02	-9.875690e+00
2.732000e-05	2.841128e-02	-9.897292e+00
2.733000e-05	2.780007e-02	-9.928316e+00
2.734000e-05	2.690271e-02	-9.927420e+00
2.735000e-05	3.101072e-02	-9.918447e+00
2.736000e-05	3.088768e-02	-9.899424e+00
2.737000e-05	3.023930e-02	-9.948426e+00
2.738000e-05	2.900791e-02	-9.919375e+00
2.739000e-05	3.208558e-02	-9.958395e+00
2.740000e-05	3.237747e-02	-9.939395e+00
2.741000e-05	3.301225e-02	-9.909420e+00
2.742000e-05	3.592181e-02	-9.887845e+00
2.743000e-05	3.554916e-02	-9.897342e+00
2.744000e-05	3.524948e-02	-9.876362e+00
2.745000e-05	3.566215e-02	-9.823688e+00
2.746000e-05	3.976785e-02	-9.792656e+00
2.747000e-05	3.959597e-02	-9.801028e+00
2.748000e-05	3.852484e-02	-9.769398e+00
2.749000e-05	4.273972e-02	-9.728941e+00
2.750000e-05	4.305418e-02	-9.635843e+00
2.751000e-05	4.377785e-02	-9.633684e+00
2.752000e-05	4.442640e-02	-9.612583e+00
2.753000e-05	4.810523e-02	-9.560445e+00
2.754000e-05	4.866914e-02	-9.465339e+00
2.755000e-05	4.899647e-02	-9.343105e+00
2.756000e-05	5.077593e-02	-9.287393e+00
2.757000e-05	5.199972e-02	-9.235558e+00
2.758000e-05	5.084346e-02	-9.190501e+00
2.759000e-05	5.061614e-02	-9.087816e+00
2.760000e-05	5.048357e-02	-9.003108e+00
2.761000e-05	5.158650e-02	-8.927874e+00
2.762000e-05	4.890507e-02	-8.843186e+00
2.763000e-05	4.616691e-02	-8.781028e+00
2.764000e-05	4.529221e-02	-8.717318e+00
2.765000e-05	4.348287e-02	-8.540056e+00
2.766000e-05	4.310983e-02	-8.476241e+00
2.767000e-05	4.099322e-02	-8.392128e+00
2.768000e-05	3.898014e-02	-8.295791e+00
2.769000e-05	3.773213e-02	-8.221549e+00
2.770000e-05	3.577191e-02	-8.085842e+00
2.771000e-05	3.425299e-02	-8.021603e+00
2.772000e-05	3.281679e-02	-7.926838e+00
2.773000e-05	3.142776e-02	-7.690404e+00
2.774000e-05	3.030272e-02	-7.592105e+00
2.775000e-05	2.769819e-02	-7.465216e+00
2.776000e-05	2.570872e-02	-7.338399e+00
2.777000e-05	2.491282e-02	-7.231579e+00
2.778000e-05	2.386224e-02	-7.105265e+00
2.779000e-05	2.192000e-02	-6.946821e+00
2.780000e-05	2.125606e-02	-6.811054e+00
2.781000e-05	2.082501e-02	-6.664212e+00
2.782000e-05	1.975592e-02	-6.556395e+00
2.783000e-05	1.696456e-02	-6.402000e+00
2.784000e-05	1.740863e-02	-6.263183e+00
2.785000e-05	1.630070e-02	-6.045164e+00
2.786000e-05	1.541526e-02	-5.928768e+00
2.787000e-05	1.331255e-02	-5.790575e+00
2.788000e-05	1.333063e-02	-5.660560e+00
2.789000e-05	1.342550e-02	-5.465814e+00
2.790000e-05	1.231492e-02	-5.304316e+00
2.791000e-05	1.052803e-02	-5.125768e+00
2.792000e-05	1.045497e-02	-4.938896e+00
2.793000e-05	9.229040e-03	-4.708421e+00
2.794000e-05	8.535201e-03	-4.598499e+00
2.795000e-05	6.621360e-03	-4.432629e+00
2.796000e-05	9.320084e-03	-4.304313e+00
2.797000e-05	5.996800e-03	-4.147396e+00
2.798000e-05	7.333488e-03	-3.993025e+00
2.799000e-05	4.509834e-03	-3.832603e+00
2.800000e-05	5.866752e-03	-3.610055e+00
2.801000e-05	4.069315e-03	-3.472605e+00
2.802000e-05	4.674878e-03	-3.241637e+00
2.803000e-05	3.489181e-03	-3.116822e+00
2.804000e-05	3.257405e-03	-2.874732e+00
2.805000e-05	2.730855e-03	-2.757895e+00
2.806000e-05	1.398932e-03	-2.556521e+00
2.807000e-05	1.166272e-03	-2.410566e+00
2.808000e-05	1.863173e-03	-2.230005e+00
2.809000e-05	1.385465e-03	-2.039974e+00
2.810000e-05	-1.424782e-04	-1.841055e+00
2.811000e-05	1.209623e-04	-1.673113e+00
2.812000e-05	-9.296329e-04	-1.494211e+00
2.813000e-05	-1.221755e-03	-1.241975e+00
2.814000e-05	-2.491021e-03	-1.033080e+00
2.815000e-05	-2.195315e-03	-8.416568e-01
2.816000e-05	-2.657893e-03	-6.736607e-01
2.817000e-05	-3.215842e-03	-4.715579e-01
2.818000e-05	-3.028947e-03	-3.052119e-01
2.819000e-05	-3.459489e-03	-1.252919e-01
2.820000e-05	-6.501001e-05	4.268028e-02
2.821000e-05	2.818645e-03	2.446118e-01
2.822000e-05	-2.103317e-03	3.926302e-01
2.823000e-05	-8.754155e-04	5.889473e-01
2.824000e-05	-1.607256e-03	7.469721e-01
2.825000e-05	-4.066073e-03	8.652119e-01
2.826000e-05	-4.579281e-03	1.127367e+00
2.827000e-05	1.985440e-05	1.306212e+00
2.828000e-05	1.014668e-02	1.442634e+00
2.829000e-05	5.764448e-02	1.675817e+00
2.830000e-05	1.989124e-02	1.946371e+00
2.831000e-05	-6.196712e-02	2.075787e+00
2.832000e-05	-3.155301e-02	2.284862e+00
2.833000e-05	-6.923892e-02	2.441981e+00
2.834000e-05	-3.350034e-02	2.559925e+00
2.835000e-05	1.495754e-01	2.768396e+00
2.836000e-05	-9.971542e-02	2.895838e+00
2.837000e-05	-3.051641e-02	3.033025e+00
2.838000e-05	1.312911e-01	3.212005e+00
2.839000e-05	-1.429810e-01	3.445102e+00
2.840000e-05	1.484787e-02	3.611474e+00
2.841000e-05	8.499337e-02	3.737290e+00
2.842000e-05	-1.151237e-01	3.958946e+00
2.843000e-05	5.351247e-02	4.056759e+00
2.844000e-05	7.347326e-03	4.328738e+00
2.845000e-05	-6.001527e-02	4.454637e+00
2.846000e-05	2.995916e-02	4.595633e+00
2.847000e-05	-4.239353e-02	4.802580e+00
2.848000e-05	1.704240e-03	4.973851e+00
2.849000e-05	-3.581698e-03	5.243128e+00
2.850000e-05	-2.013868e-02	5.412128e+00
2.851000e-05	7.360668e-03	5.538899e+00
2.852000e-05	-6.010346e-03	5.647846e+00
2.853000e-05	-8.138964e-03	5.876787e+00
2.854000e-05	-3.999517e-02	6.013760e+00
2.855000e-05	-8.406003e-03	6.169901e+00
2.856000e-05	1.847816e-02	6.315892e+00
2.857000e-05	-3.789150e-02	6.423664e+00
2.858000e-05	4.318972e-03	6.584601e+00
2.859000e-05	-2.390557e-02	6.800551e+00
2.860000e-05	-1.625476e-02	6.917766e+00
2.861000e-05	-1.041165e-02	7.003133e+00
2.862000e-05	-2.479921e-02	7.149374e+00
2.863000e-05	4.675334e-03	7.244152e+00
2.864000e-05	-2.064965e-02	7.442606e+00
2.865000e-05	-1.646691e-02	7.579500e+00
2.866000e-05	-2.537552e-02	7.728816e+00
2.867000e-05	-6.218364e-03	7.863728e+00
2.868000e-05	-1.561642e-02	7.910496e+00
2.869000e-05	-2.503830e-02	8.058393e+00
2.870000e-05	-1.259600e-02	8.173055e+00
2.871000e-05	-1.560978e-02	8.309319e+00
2.872000e-05	-1.987927e-02	8.401527e+00
2.873000e-05	-2.494673e-02	8.465812e+00
2.874000e-05	-1.460765e-02	8.559424e+00
2.875000e-05	-1.970892e-02	8.675711e+00
2.876000e-05	-2.501143e-02	8.759521e+00
2.877000e-05	-2.327247e-02	8.832680e+00
2.878000e-05	-1.683923e-02	8.899898e+00
2.879000e-05	-2.459700e-02	9.045738e+00
2.880000e-05	-2.531963e-02	9.129447e+00
2.881000e-05	-2.112252e-02	9.192554e+00
2.882000e-05	-2.276541e-02	9.277717e+00
2.883000e-05	-2.770219e-02	9.391400e+00
2.884000e-05	-2.741254e-02	9.372652e+00
2.885000e-05	-2.094375e-02	9.507891e+00
2.886000e-05	-2.705786e-02	9.519296e+00
2.887000e-05	-2.863202e-02	9.580952e+00
2.888000e-05	-2.653093e-02	9.601158e+00
2.889000e-05	-2.469295e-02	9.688812e+00
2.890000e-05	-2.872002e-02	9.691428e+00
2.891000e-05	-2.998551e-02	9.784979e+00
2.892000e-05	-3.019922e-02	9.845161e+00
2.893000e-05	-3.120501e-02	9.847265e+00
2.894000e-05	-3.138437e-02	9.908371e+00
2.895000e-05	-2.918595e-02	9.970370e+00
2.896000e-05	-2.990601e-02	9.989476e+00
2.897000e-05	-3.466102e-02	1.000203e+01
2.898000e-05	-3.569449e-02	1.000158e+01
2.899000e-05	-3.250029e-02	1.002308e+01
2.900000e-05	-3.287073e-02	1.003420e+01
2.901000e-05	-3.474948e-02	1.005618e+01
2.902000e-05	-3.647382e-02	1.004556e+01
2.903000e-05	-3.732980e-02	1.003414e+01
2.904000e-05	-3.850823e-02	1.004519e+01
2.905000e-05	-3.892053e-02	1.001476e+01
2.906000e-05	-3.794550e-02	1.005516e+01
2.907000e-05	-3.929337e-02	1.004258e+01
2.908000e-05	-4.065180e-02	1.001415e+01
2.909000e-05	-4.049375e-02	1.002258e+01
2.910000e-05	-4.191252e-02	1.000152e+01
2.911000e-05	-4.288400e-02	9.950000e+00
2.912000e-05	-4.322607e-02	9.966395e+00
2.913000e-05	-4.486424e-02	9.907337e+00
2.914000e-05	-4.611207e-02	9.833659e+00
2.915000e-05	-4.879626e-02	9.800974e+00
2.916000e-05	-4.852913e-02	9.759372e+00
2.917000e-05	-5.047048e-02	9.644262e+00
2.918000e-05	-5.112834e-02	9.612077e+00
2.919000e-05	-5.356431e-02	9.570402e+00
2.920000e-05	-5.433970e-02	9.455736e+00
2.921000e-05	-5.635467e-02	9.464609e+00
2.922000e-05	-5.698800e-02	9.372571e+00
2.923000e-05	-5.714501e-02	9.318293e+00
2.924000e-05	-5.812101e-02	9.254106e+00
2.925000e-05	-5.690836e-02	9.191475e+00
2.926000e-05	-5.691656e-02	9.156838e+00
2.927000e-05	-5.518860e-02	8.981051e+00
2.928000e-05	-5.560238e-02	8.857265e+00
2.929000e-05	-5.277886e-02	8.802003e+00
2.930000e-05	-5.222565e-02	8.717320e+00
2.931000e-05	-4.945136e-02	8.634654e+00
2.932000e-05	-4.948396e-02	8.550395e+00
2.933000e-05	-4.480540e-02	8.454161e+00
2.934000e-05	-4.567367e-02	8.381498e+00
2.935000e-05	-4.350641e-02	8.305811e+00
2.936000e-05	-4.324177e-02	8.180296e+00
2.937000e-05	-3.794038e-02	8.052607e+00
2.938000e-05	-3.852698e-02	7.928315e+00
2.939000e-05	-3.629949e-02	7.821527e+00
2.940000e-05	-3.695159e-02	7.705266e+00
2.941000e-05	-3.227338e-02	7.589872e+00
2.942000e-05	-3.385664e-02	7.452133e+00
2.943000e-05	-3.073260e-02	7.315081e+00
2.944000e-05	-3.099034e-02	7.147890e+00
2.945000e-05	-2.894093e-02	7.003549e+00
2.946000e-05	-2.906255e-02	6.894257e+00
2.947000e-05	-2.717847e-02	6.779417e+00
2.948000e-05	-2.453391e-02	6.590105e+00
2.949000e-05	-2.387123e-02	6.432005e+00
2.950000e-05	-2.333567e-02	6.295282e+00
2.951000e-05	-2.332238e-02	6.159870e+00
2.952000e-05	-2.207514e-02	6.042475e+00
2.953000e-05	-2.149292e-02	5.884785e+00
2.954000e-05	-2.132918e-02	5.674257e+00
2.955000e-05	-1.906616e-02	5.557791e+00
2.956000e-05	-1.854998e-02	5.399945e+00
2.957000e-05	-1.929640e-02	5.201899e+00
2.958000e-05	-1.761936e-02	5.029899e+00
2.959000e-05	-1.854581e-02	4.811450e+00
2.960000e-05	-1.541263e-02	4.643553e+00
2.961000e-05	-1.529301e-02	4.505658e+00
2.962000e-05	-1.496711e-02	4.338370e+00
2.963000e-05	-1.486575e-02	4.117342e+00
2.964000e-05	-1.478230e-02	3.970946e+00
2.965000e-05	-1.383213e-02	3.831548e+00
2.966000e-05	-1.323552e-02	3.664058e+00
2.967000e-05	-1.192000e-02	3.468736e+00
2.968000e-05	-1.032621e-02	3.265183e+00
2.969000e-05	-1.137419e-02	3.158292e+00
2.970000e-05	-1.095716e-02	2.957347e+00
2.971000e-05	-1.068685e-02	2.820971e+00
2.972000e-05	-1.000400e-02	2.662499e+00
2.973000e-05	-9.537620e-03	2.368076e+00
2.974000e-05	-9.278368e-03	2.250999e+00
2.975000e-05	-7.629726e-03	2.032630e+00
2.976000e-05	-8.220715e-03	1.924759e+00
2.977000e-05	-6.971924e-03	1.705032e+00
2.978000e-05	-7.559184e-03	1.543184e+00
2.979000e-05	-6.638362e-03	1.315733e+00
2.980000e-05	-5.932903e-03	1.125311e+00
2.981000e-05	-5.178476e-03	9.030542e-01
2.982000e-05	-5.695024e-03	7.331842e-01
2.983000e-05	-5.104135e-03	5.063131e-01
2.984000e-05	-5.842344e-03	3.488634e-01
2.985000e-05	-3.587045e-03	1.362133e-01
2.986000e-05	-2.211876e-03	-2.260777e-02
2.987000e-05	3.968026e-03	-1.825766e-01
2.988000e-05	-1.510173e-03	-3.790237e-01
2.989000e-05	2.174885e-03	-4.978511e-01
2.990000e-05	-3.952985e-04	-7.389224e-01
2.991000e-05	5.462452e-05	-8.962155e-01
2.992000e-05	-1.183137e-03	-1.031728e+00
2.993000e-05	8.387839e-03	-1.200576e+00
2.994000e-05	5.240798e-02	-1.311211e+00
2.995000e-05	5.928019e-02	-1.633763e+00
2.996000e-05	-7.511611e-02	-1.886868e+00
2.997000e-05	-6.879752e-03	-2.128450e+00
2.998000e-05	-9.161238e-02	-2.349399e+00
2.999000e-05	1.746846e-02	-2.391026e+00
3.000000e-05	1.491219e-01	-2.444762e+00
3.001000e-05	-1.586776e-01	-2.666872e+00
3.002000e-05	6.782470e-02	-2.812185e+00
3.003000e-05	1.113899e-01	-2.948524e+00
3.004000e-05	-1.960781e-01	-3.234715e+00
3.005000e-05	1.074931e-01	-3.391080e+00
3.006000e-05	6.285009e-02	-3.527923e+00
3.007000e-05	-1.422826e-01	-3.729976e+00
3.008000e-05	1.639905e-01	-3.877847e+00
3.009000e-05	-6.233504e-02	-4.065845e+00
3.010000e-05	-3.045831e-02	-4.296347e+00
3.011000e-05	1.017830e-01	-4.411080e+00
3.012000e-05	-1.333926e-01	-4.623239e+00
3.013000e-05	1.140299e-01	-4.790057e+00
3.014000e-05	1.271408e-03	-4.925850e+00
3.015000e-05	-7.227763e-02	-5.127897e+00
3.016000e-05	1.150453e-01	-5.226868e+00
3.017000e-05	-6.066137e-02	-5.548901e+00
3.018000e-05	6.286160e-02	-5.644262e+00
3.019000e-05	-3.790271e-02	-5.801084e+00
3.020000e-05	-9.033394e-03	-5.979475e+00
3.021000e-05	8.854620e-02	-6.025691e+00
3.022000e-05	-8.467458e-02	-6.206919e+00
3.023000e-05	8.664551e-02	-6.431608e+00
3.024000e-05	-1.332220e-02	-6.560976e+00
3.025000e-05	-7.261528e-03	-6.718342e+00
3.026000e-05	3.421010e-02	-6.821085e+00
3.027000e-05	-3.898401e-02	-7.003104e+00
3.028000e-05	9.642856e-02	-7.107928e+00
3.029000e-05	-4.012881e-02	-7.215743e+00
3.030000e-05	1.297417e-02	-7.380500e+00
3.031000e-05	1.854637e-02	-7.476344e+00
3.032000e-05	9.276491e-03	-7.604654e+00
3.033000e-05	3.374147e-02	-7.742559e+00
3.034000e-05	-2.451973e-02	-7.928396e+00
3.035000e-05	5.474553e-02	-8.043159e+00
3.036000e-05	-4.165000e-03	-8.119473e+00
3.037000e-05	1.217607e-02	-8.232660e+00
3.038000e-05	1.659517e-02	-8.328923e+00
3.039000e-05	2.233499e-02	-8.413208e+00
3.040000e-05	2.150990e-02	-8.497470e+00
3.041000e-05	-8.671802e-03	-8.605293e+00
3.042000e-05	3.556053e-02	-8.728902e+00
3.043000e-05	1.800494e-02	-8.836260e+00
3.044000e-05	1.730914e-02	-8.908947e+00
3.045000e-05	1.085994e-02	-8.992580e+00
3.046000e-05	2.546304e-02	-9.097344e+00
3.047000e-05	2.452355e-02	-9.138897e+00
3.048000e-05	1.015026e-02	-9.201055e+00
3.049000e-05	2.458996e-02	-9.277787e+00
3.050000e-05	2.289523e-02	-9.289456e+00
3.051000e-05	2.098544e-02	-9.414287e+00
3.052000e-05	1.647822e-02	-9.456897e+00
3.053000e-05	2.890435e-02	-9.559999e+00
3.054000e-05	2.500297e-02	-9.622607e+00
3.055000e-05	2.136854e-02	-9.633840e+00
3.056000e-05	2.273755e-02	-9.686740e+00
3.057000e-05	2.474787e-02	-9.707924e+00
3.058000e-05	2.361668e-02	-9.768974e+00
3.059000e-05	2.405137e-02	-9.761628e+00
3.060000e-05	2.952344e-02	-9.844234e+00
3.061000e-05	2.625785e-02	-9.856214e+00
3.062000e-05	2.429235e-02	-9.865839e+00
3.063000e-05	2.702362e-02	-9.886293e+00
3.064000e-05	2.971893e-02	-9.867796e+00
3.065000e-05	2.634093e-02	-9.907420e+00
3.066000e-05	2.852339e-02	-9.887445e+00
3.067000e-05	3.185091e-02	-9.928969e+00
3.068000e-05	3.055463e-02	-9.928495e+00
3.069000e-05	2.843189e-02	-9.948972e+00
3.070000e-05	3.043577e-02	-9.930899e+00
3.071000e-05	3.398300e-02	-9.927896e+00
3.072000e-05	3.274997e-02	-9.909420e+00
3.073000e-05	3.356102e-02	-9.948396e+00
3.074000e-05	3.538904e-02	-9.907796e+00
3.075000e-05	3.562439e-02	-9.865816e+00
3.076000e-05	3.351379e-02	-9.854215e+00
3.077000e-05	3.770574e-02	-9.834161e+00
3.078000e-05	4.000392e-02	-9.823580e+00
3.079000e-05	3.907992e-02	-9.791529e+00
3.080000e-05	4.011293e-02	-9.739417e+00
3.081000e-05	4.292332e-02	-9.647267e+00
3.082000e-05	4.417465e-02	-9.635688e+00
3.083000e-05	4.389782e-02	-9.633729e+00
3.084000e-05	4.659336e-02	-9.600028e+00
3.085000e-05	4.854484e-02	-9.516894e+00
3.086000e-05	4.791274e-02	-9.392141e+00
3.087000e-05	4.922938e-02	-9.341426e+00
3.088000e-05	5.216088e-02	-9.255768e+00
3.089000e-05	5.185284e-02	-9.183105e+00
3.090000e-05	5.039525e-02	-9.107847e+00
3.091000e-05	4.971936e-02	-9.064235e+00
3.092000e-05	5.040651e-02	-8.982176e+00
3.093000e-05	5.079099e-02	-8.877369e+00
3.094000e-05	4.773444e-02	-8.813130e+00
3.095000e-05	4.554205e-02	-8.769400e+00
3.096000e-05	4.420348e-02	-8.654241e+00
3.097000e-05	4.291525e-02	-8.540024e+00
3.098000e-05	4.228580e-02	-8.443231e+00
3.099000e-05	3.952413e-02	-8.298372e+00
3.100000e-05	3.859034e-02	-8.265236e+00
3.101000e-05	3.740806e-02	-8.180022e+00
3.102000e-05	3.512358e-02	-8.054235e+00
3.103000e-05	3.268610e-02	-7.959897e+00
3.104000e-05	3.254487e-02	-7.823663e+00
3.105000e-05	3.092854e-02	-7.694159e+00
3.106000e-05	2.903883e-02	-7.539423e+00
3.107000e-05	2.521028e-02	-7.412603e+00
3.108000e-05	2.634694e-02	-7.293742e+00
3.109000e-05	2.514512e-02	-7.171487e+00
3.110000e-05	2.338344e-02	-6.973684e+00
3.111000e-05	2.122815e-02	-6.886112e+00
3.112000e-05	2.138462e-02	-6.767345e+00
3.113000e-05	2.042849e-02	-6.621052e+00
3.114000e-05	1.924783e-02	-6.444788e+00
3.115000e-05	1.646935e-02	-6.348969e+00
3.116000e-05	1.734983e-02	-6.149953e+00
3.117000e-05	1.565354e-02	-5.972005e+00
3.118000e-05	1.519501e-02	-5.885166e+00
3.119000e-05	1.309913e-02	-5.717297e+00
3.120000e-05	1.261397e-02	-5.592026e+00
3.121000e-05	1.287901e-02	-5.400628e+00
3.122000e-05	1.070079e-02	-5.191500e+00
3.123000e-05	1.021358e-02	-5.042627e+00
3.124000e-05	9.268960e-03	-4.862254e+00
3.125000e-05	9.119864e-03	-4.654714e+00
3.126000e-05	7.214415e-03	-4.515338e+00
3.127000e-05	7.484991e-03	-4.348970e+00
3.128000e-05	6.450367e-03	-4.221600e+00
3.129000e-05	6.696354e-03	-4.042112e+00
3.130000e-05	7.760354e-03	-3.927267e+00
3.131000e-05	4.808994e-03	-3.725768e+00
3.132000e-05	5.280317e-03	-3.556894e+00
3.133000e-05	4.317569e-03	-3.389524e+00
3.134000e-05	4.443578e-03	-3.240028e+00
3.135000e-05	2.999334e-03	-2.970026e+00
3.136000e-05	1.991457e-03	-2.820580e+00
3.137000e-05	2.916383e-03	-2.663132e+00
3.138000e-05	6.113811e-04	-2.474257e+00
3.139000e-05	2.641698e-03	-2.325867e+00
3.140000e-05	5.970485e-04	-2.064288e+00
3.141000e-05	2.410197e-03	-1.937295e+00
3.142000e-05	-1.442977e-03	-1.768447e+00
3.143000e-05	2.659276e-04	-1.598501e+00
3.144000e-05	-3.174039e-03	-1.346396e+00
3.145000e-05	-1.486908e-03	-1.157371e+00
3.146000e-05	-3.361314e-03	-9.579197e-01
3.147000e-05	-2.396776e-03	-7.879974e-01
3.148000e-05	-3.292549e-03	-6.090226e-01
3.149000e-05	-2.372715e-03	-3.794238e-01
3.150000e-05	-1.976298e-03	-1.895289e-01
3.151000e-05	-3.198500e-03	-7.155158e-02
3.152000e-05	1.379599e-03	1.157607e-01
3.153000e-05	2.318661e-03	3.479171e-01
3.154000e-05	-4.454994e-03	4.847119e-01
3.155000e-05	-5.676959e-04	6.537029e-01
3.156000e-05	-5.831095e-03	8.115014e-01
3.157000e-05	-2.269792e-03	9.700500e-01
3.158000e-05	-3.632974e-03	1.188977e+00
3.159000e-05	4.779019e-03	1.349446e+00
3.160000e-05	2.677089e-02	1.539400e+00
3.161000e-05	6.612314e-02	1.831155e+00
3.162000e-05	-3.840990e-02	2.000476e+00
3.163000e-05	-4.432428e-02	2.220002e+00
3.164000e-05	-4.395521e-02	2.399942e+00
3.165000e-05	-7.564498e-02	2.504060e+00
3.166000e-05	6.012500e-02	2.593059e+00
3.167000e-05	9.065767e-02	2.831603e+00
3.168000e-05	-1.693460e-01	2.978893e+00
3.169000e-05	1.359692e-01	3.075813e+00
3.170000e-05	-2.153571e-02	3.308263e+00
3.171000e-05	-1.126628e-01	3.536793e+00
3.172000e-05	1.010098e-01	3.642659e+00
3.173000e-05	-1.868437e-02	3.792531e+00
3.174000e-05	-7.562314e-02	4.000554e+00
3.175000e-05	8.821921e-02	4.141471e+00
3.176000e-05	-6.493933e-02	4.417950e+00
3.177000e-05	-4.173579e-03	4.529346e+00
3.178000e-05	5.848046e-03	4.777841e+00
3.179000e-05	-4.633189e-02	4.845738e+00
3.180000e-05	2.441764e-02	5.076921e+00
3.181000e-05	-3.026279e-02	5.296817e+00
3.182000e-05	3.870774e-03	5.473659e+00
3.183000e-05	-5.093022e-03	5.591578e+00
3.184000e-05	-5.271537e-04	5.731605e+00
3.185000e-05	-2.172059e-02	5.990474e+00
3.186000e-05	-3.854802e-02	6.097365e+00
3.187000e-05	1.985857e-02	6.234058e+00
3.188000e-05	-1.707875e-02	6.369950e+00
3.189000e-05	-1.932362e-02	6.477818e+00
3.190000e-05	-2.295525e-03	6.678788e+00
3.191000e-05	-2.730326e-02	6.824130e+00
3.192000e-05	-8.373723e-03	6.970043e+00
3.193000e-05	-1.974597e-02	7.087289e+00
3.194000e-05	-1.120801e-02	7.160002e+00
3.195000e-05	-1.368313e-03	7.287365e+00
3.196000e-05	-2.661595e-02	7.508189e+00
3.197000e-05	-1.674042e-02	7.632609e+00
3.198000e-05	-2.000866e-02	7.757974e+00
3.199000e-05	-6.541499e-03	7.857792e+00
3.200000e-05	-2.329558e-02	8.054530e+00
3.201000e-05	-2.085364e-02	8.109495e+00
3.202000e-05	-7.531769e-03	8.246256e+00
3.203000e-05	-2.445934e-02	8.369424e+00
3.204000e-05	-2.032625e-02	8.443103e+00
3.205000e-05	-2.282122e-02	8.538318e+00
3.206000e-05	-1.163609e-02	8.594177e+00
3.207000e-05	-2.473230e-02	8.698816e+00
3.208000e-05	-2.452237e-02	8.801500e+00
3.209000e-05	-1.907260e-02	8.876783e+00
3.210000e-05	-2.285839e-02	8.993973e+00
3.211000e-05	-2.410499e-02	9.097794e+00
3.212000e-05	-2.342139e-02	9.181578e+00
3.213000e-05	-1.774070e-02	9.235716e+00
3.214000e-05	-2.794240e-02	9.308291e+00
3.215000e-05	-2.744848e-02	9.371524e+00
3.216000e-05	-2.371325e-02	9.434708e+00
3.217000e-05	-2.259284e-02	9.488269e+00
3.218000e-05	-2.958160e-02	9.539920e+00
3.219000e-05	-2.955790e-02	9.592627e+00
3.220000e-05	-2.385410e-02	9.644137e+00
3.221000e-05	-2.746001e-02	9.659316e+00
3.222000e-05	-2.820956e-02	9.722948e+00
3.223000e-05	-3.050829e-02	9.793559e+00
3.224000e-05	-2.924114e-02	9.846638e+00
3.225000e-05	-3.267567e-02	9.956842e+00
3.226000e-05	-3.009610e-02	9.899895e+00
3.227000e-05	-2.884269e-02	9.989496e+00
3.228000e-05	-3.235771e-02	9.971528e+00
3.229000e-05	-3.641801e-02	1.002255e+01
3.230000e-05	-3.324112e-02	1.001411e+01
3.231000e-05	-3.134537e-02	1.003460e+01
3.232000e-05	-3.423638e-02	1.002313e+01
3.233000e-05	-3.505727e-02	1.002516e+01
3.234000e-05	-3.584023e-02	1.004561e+01
3.235000e-05	-3.697067e-02	1.004471e+01
3.236000e-05	-3.861982e-02	1.004466e+01
3.237000e-05	-3.835178e-02	1.006469e+01
3.238000e-05	-3.864476e-02	1.003508e+01
3.239000e-05	-4.011000e-02	1.003513e+01
3.240000e-05	-3.980917e-02	1.002358e+01
3.241000e-05	-4.032576e-02	1.001000e+01
3.242000e-05	-4.183988e-02	9.991501e+00
3.243000e-05	-4.288929e-02	9.989873e+00
3.244000e-05	-4.383995e-02	9.907790e+00
3.245000e-05	-4.553991e-02	9.886664e+00
3.246000e-05	-4.773513e-02	9.794657e+00
3.247000e-05	-4.827104e-02	9.758522e+00
3.248000e-05	-4.990920e-02	9.709345e+00
3.249000e-05	-5.026992e-02	9.635558e+00
3.250000e-05	-5.358040e-02	9.602478e+00
3.251000e-05	-5.378047e-02	9.538314e+00
3.252000e-05	-5.495461e-02	9.495138e+00
3.253000e-05	-5.645862e-02	9.423581e+00
3.254000e-05	-5.761230e-02	9.339445e+00
3.255000e-05	-5.720765e-02	9.245688e+00
3.256000e-05	-5.797777e-02	9.223629e+00
3.257000e-05	-5.720279e-02	9.191025e+00
3.258000e-05	-5.736299e-02	9.115667e+00
3.259000e-05	-5.463237e-02	8.951291e+00
3.260000e-05	-5.441649e-02	8.806230e+00
3.261000e-05	-5.295708e-02	8.779923e+00
3.262000e-05	-5.122755e-02	8.667313e+00
3.263000e-05	-4.966777e-02	8.600924e+00
3.264000e-05	-4.795978e-02	8.498810e+00
3.265000e-05	-4.595833e-02	8.443578e+00
3.266000e-05	-4.521974e-02	8.359918e+00
3.267000e-05	-4.272691e-02	8.222506e+00
3.268000e-05	-4.162188e-02	8.107717e+00
3.269000e-05	-3.914370e-02	7.961447e+00
3.270000e-05	-3.772112e-02	7.877233e+00
3.271000e-05	-3.603311e-02	7.749924e+00
3.272000e-05	-3.441187e-02	7.675107e+00
3.273000e-05	-3.449705e-02	7.528338e+00
3.274000e-05	-3.364081e-02	7.368393e+00
3.275000e-05	-3.077343e-02	7.202006e+00
3.276000e-05	-2.894644e-02	7.055685e+00
3.277000e-05	-2.900508e-02	6.969894e+00
3.278000e-05	-2.817267e-02	6.843476e+00
3.279000e-05	-2.709630e-02	6.707741e+00
3.280000e-05	-2.450252e-02	6.495863e+00
3.281000e-05	-2.446954e-02	6.378866e+00
3.282000e-05	-2.308699e-02	6.222602e+00
3.283000e-05	-2.199806e-02	6.056164e+00
3.284000e-05	-2.195439e-02	5.988971e+00
3.285000e-05	-2.141527e-02	5.801972e+00
3.286000e-05	-2.051754e-02	5.601974e+00
3.287000e-05	-1.951871e-02	5.464103e+00
3.288000e-05	-1.927814e-02	5.314736e+00
3.289000e-05	-1.927933e-02	5.125912e+00
3.290000e-05	-1.764316e-02	4.913612e+00
3.291000e-05	-1.583315e-02	4.706339e+00
3.292000e-05	-1.510536e-02	4.559447e+00
3.293000e-05	-1.567268e-02	4.433051e+00
3.294000e-05	-1.574807e-02	4.234656e+00
3.295000e-05	-1.372052e-02	4.064605e+00
3.296000e-05	-1.346818e-02	3.917237e+00
3.297000e-05	-1.213716e-02	3.777887e+00
3.298000e-05	-1.302996e-02	3.590948e+00
3.299000e-05	-1.216475e-02	3.430503e+00
3.300000e-05	-1.128984e-02	3.241028e+00
3.301000e-05	-1.144906e-02	3.044033e+00
3.302000e-05	-1.125103e-02	2.874683e+00
3.303000e-05	-9.575479e-03	2.727915e+00
3.304000e-05	-1.017815e-02	2.516265e+00
3.305000e-05	-8.854571e-03	2.324362e+00
3.306000e-05	-9.531933e-03	2.187340e+00
3.307000e-05	-7.839010e-03	1.999947e+00
3.308000e-05	-7.624297e-03	1.800879e+00
3.309000e-05	-7.273593e-03	1.631450e+00
3.310000e-05	-7.058160e-03	1.461424e+00
3.311000e-05	-6.330270e-03	1.231947e+00
3.312000e-05	-5.935542e-03	1.017945e+00
3.313000e-05	-5.398949e-03	7.894461e-01
3.314000e-05	-5.864196e-03	5.999726e-01
3.315000e-05	-5.238055e-03	4.215264e-01
3.316000e-05	-4.135612e-03	3.030527e-01
3.317000e-05	-3.986473e-03	3.154763e-02
3.318000e-05	1.411748e-03	-1.154423e-01
3.319000e-05	2.475922e-03	-2.737893e-01
3.320000e-05	-1.897660e-03	-4.116329e-01
3.321000e-05	1.560905e-03	-6.421591e-01
3.322000e-05	-1.279313e-03	-8.116277e-01
3.323000e-05	2.156150e-04	-9.474711e-01
3.324000e-05	1.050984e-03	-1.106421e+00
3.325000e-05	1.926167e-02	-1.264863e+00
3.326000e-05	8.557159e-02	-1.487948e+00
3.327000e-05	-1.975064e-02	-1.759001e+00
3.328000e-05	-4.328940e-02	-2.002108e+00
3.329000e-05	-3.928605e-02	-2.241313e+00
3.330000e-05	-8.644497e-02	-2.410050e+00
3.331000e-05	1.345849e-01	-2.401029e+00
3.332000e-05	2.303266e-02	-2.559972e+00
3.333000e-05	-1.501666e-01	-2.810132e+00
3.334000e-05	1.912895e-01	-2.853211e+00
3.335000e-05	-9.263164e-02	-3.105845e+00
3.336000e-05	-1.013129e-01	-3.339020e+00
3.337000e-05	1.801013e-01	-3.475212e+00
3.338000e-05	-9.245262e-02	-3.631708e+00
3.339000e-05	-1.027789e-02	-3.834167e+00
3.340000e-05	1.363663e-01	-3.981154e+00
3.341000e-05	-1.531429e-01	-4.202630e+00
3.342000e-05	1.113032e-01	-4.369474e+00
3.343000e-05	-3.592056e-02	-4.466892e+00
3.344000e-05	-5.003041e-02	-4.717349e+00
3.345000e-05	1.388116e-01	-4.811607e+00
3.346000e-05	-1.129101e-01	-5.003658e+00
3.347000e-05	5.753487e-02	-5.231058e+00
3.348000e-05	3.462281e-02	-5.369635e+00
3.349000e-05	-3.045499e-02	-5.603054e+00
3.350000e-05	6.076128e-02	-5.717998e+00
3.351000e-05	-8.618487e-02	-5.885870e+00
3.352000e-05	8.998881e-02	-5.981127e+00
3.353000e-05	-9.110396e-03	-6.082105e+00
3.354000e-05	-2.619183e-02	-6.329026e+00
3.355000e-05	8.806708e-02	-6.465317e+00
3.356000e-05	-6.307603e-02	-6.633738e+00
3.357000e-05	5.383468e-02	-6.718425e+00
3.358000e-05	-3.131203e-02	-6.855263e+00
3.359000e-05	3.513208e-02	-7.024668e+00
3.360000e-05	5.442752e-02	-7.192079e+00
3.361000e-05	-5.204567e-02	-7.298321e+00
3.362000e-05	4.658375e-02	-7.403654e+00
3.363000e-05	-1.078642e-02	-7.538549e+00
3.364000e-05	4.372128e-02	-7.646317e+00
3.365000e-05	-6.586381e-03	-7.864167e+00
3.366000e-05	1.071890e-02	-7.951074e+00
3.367000e-05	4.416891e-02	-8.066263e+00
3.368000e-05	-1.782771e-02	-8.211153e+00
3.369000e-05	3.009635e-02	-8.246792e+00
3.370000e-05	5.336415e-03	-8.379052e+00
3.371000e-05	3.786747e-02	-8.426192e+00
3.372000e-05	-4.544043e-03	-8.562610e+00
3.373000e-05	1.384647e-02	-8.698472e+00
3.374000e-05	3.416260e-02	-8.781083e+00
3.375000e-05	1.254117e-02	-8.887271e+00
3.376000e-05	1.700306e-02	-8.970024e+00
3.377000e-05	1.172887e-02	-9.033737e+00
3.378000e-05	3.404993e-02	-9.087369e+00
3.379000e-05	1.244142e-02	-9.139501e+00
3.380000e-05	1.760433e-02	-9.213679e+00
3.381000e-05	2.417649e-02	-9.317923e+00
3.382000e-05	2.379402e-02	-9.365102e+00
3.383000e-05	1.581608e-02	-9.465721e+00
3.384000e-05	2.022413e-02	-9.536821e+00
3.385000e-05	3.050120e-02	-9.601557e+00
3.386000e-05	2.239714e-02	-9.654682e+00
3.387000e-05	2.353638e-02	-9.646217e+00
3.388000e-05	2.172230e-02	-9.669419e+00
3.389000e-05	2.603680e-02	-9.719996e+00
3.390000e-05	2.146715e-02	-9.761552e+00
3.391000e-05	2.646825e-02	-9.772129e+00
3.392000e-05	2.878399e-02	-9.814764e+00
3.393000e-05	2.536846e-02	-9.824166e+00
3.394000e-05	2.582228e-02	-9.856793e+00
3.395000e-05	2.840183e-02	-9.907292e+00
3.396000e-05	2.770851e-02	-9.878394e+00
3.397000e-05	2.611881e-02	-9.946848e+00
3.398000e-05	3.068106e-02	-9.908896e+00
3.399000e-05	3.051503e-02	-9.950022e+00
3.400000e-05	3.005985e-02	-9.948427e+00
3.401000e-05	2.899644e-02	-9.898900e+00
3.402000e-05	3.239106e-02	-9.888924e+00
3.403000e-05	3.231236e-02	-9.908924e+00
3.404000e-05	3.179651e-02	-9.895921e+00
3.405000e-05	3.537268e-02	-9.908320e+00
3.406000e-05	3.606216e-02	-9.906296e+00
3.407000e-05	3.576075e-02	-9.886392e+00
3.408000e-05	3.592201e-02	-9.856186e+00
3.409000e-05	4.006242e-02	-9.812109e+00
3.410000e-05	3.788532e-02	-9.791157e+00
3.411000e-05	3.900877e-02	-9.778520e+00
3.412000e-05	4.179083e-02	-9.708369e+00
3.413000e-05	4.465822e-02	-9.645266e+00
3.414000e-05	4.445222e-02	-9.642710e+00
3.415000e-05	4.466791e-02	-9.601056e+00
3.416000e-05	4.679357e-02	-9.548394e+00
3.417000e-05	4.849320e-02	-9.465264e+00
3.418000e-05	4.869914e-02	-9.393081e+00
3.419000e-05	5.118574e-02	-9.317995e+00
3.420000e-05	5.160325e-02	-9.255258e+00
3.421000e-05	5.095739e-02	-9.160049e+00
3.422000e-05	5.072006e-02	-9.097768e+00
3.423000e-05	5.098924e-02	-8.993654e+00
3.424000e-05	5.135335e-02	-8.937370e+00
3.425000e-05	4.847711e-02	-8.875236e+00
3.426000e-05	4.756562e-02	-8.801555e+00
3.427000e-05	4.546924e-02	-8.776895e+00
3.428000e-05	4.293917e-02	-8.573556e+00
3.429000e-05	4.290105e-02	-8.466891e+00
3.430000e-05	4.178147e-02	-8.410477e+00
3.431000e-05	4.061293e-02	-8.306846e+00
3.432000e-05	3.765965e-02	-8.222655e+00
3.433000e-05	3.573341e-02	-8.087843e+00
3.434000e-05	3.410358e-02	-8.023683e+00
3.435000e-05	3.329127e-02	-7.937367e+00
3.436000e-05	3.096179e-02	-7.748554e+00
3.437000e-05	3.038975e-02	-7.591600e+00
3.438000e-05	2.788851e-02	-7.466289e+00
3.439000e-05	2.596904e-02	-7.348899e+00
3.440000e-05	2.517458e-02	-7.254178e+00
3.441000e-05	2.373588e-02	-7.119417e+00
3.442000e-05	2.310909e-02	-6.935923e+00
3.443000e-05	2.104239e-02	-6.811025e+00
3.444000e-05	2.002305e-02	-6.665237e+00
3.445000e-05	1.995660e-02	-6.548375e+00
3.446000e-05	1.820754e-02	-6.432530e+00
3.447000e-05	1.737822e-02	-6.316212e+00
3.448000e-05	1.558931e-02	-6.085737e+00
3.449000e-05	1.500710e-02	-5.937870e+00
3.450000e-05	1.376825e-02	-5.800528e+00
3.451000e-05	1.239612e-02	-5.613130e+00
3.452000e-05	1.263472e-02	-5.536312e+00
3.453000e-05	1.205348e-02	-5.275767e+00
3.454000e-05	9.891999e-03	-5.126796e+00
3.455000e-05	9.921914e-03	-5.038399e+00
3.456000e-05	8.467405e-03	-4.746271e+00
3.457000e-05	9.560125e-03	-4.590050e+00
3.458000e-05	6.742583e-03	-4.452082e+00
3.459000e-05	7.887555e-03	-4.306295e+00
3.460000e-05	4.805461e-03	-4.178897e+00
3.461000e-05	7.972894e-03	-4.030448e+00
3.462000e-05	5.708360e-03	-3.843128e+00
3.463000e-05	5.480175e-03	-3.602630e+00
3.464000e-05	4.015931e-03	-3.444658e+00
3.465000e-05	5.163599e-03	-3.304691e+00
3.466000e-05	3.483939e-03	-3.158341e+00
3.467000e-05	2.793633e-03	-2.886312e+00
3.468000e-05	2.031293e-03	-2.798472e+00
3.469000e-05	1.779759e-03	-2.599398e+00
3.470000e-05	-1.250972e-04	-2.362602e+00
3.471000e-05	1.432708e-03	-2.241054e+00
3.472000e-05	1.186629e-03	-2.032024e+00
3.473000e-05	1.460341e-03	-1.843234e+00
3.474000e-05	-6.240658e-04	-1.654685e+00
3.475000e-05	-1.324556e-03	-1.514862e+00
3.476000e-05	-9.609385e-04	-1.280553e+00
3.477000e-05	-1.270211e-03	-1.083057e+00
3.478000e-05	-2.040348e-03	-8.756831e-01
3.479000e-05	-4.122169e-03	-7.247892e-01
3.480000e-05	-2.970429e-03	-5.031846e-01
3.481000e-05	-3.582634e-03	-2.858682e-01
3.482000e-05	-2.965708e-03	-1.283709e-01
3.483000e-05	-1.854369e-03	2.107495e-02
3.484000e-05	3.063011e-03	2.120038e-01
3.485000e-05	-9.244442e-04	4.010513e-01
3.486000e-05	-1.738117e-03	5.499197e-01
3.487000e-05	-1.973459e-03	7.238683e-01
3.488000e-05	-3.909783e-03	8.547055e-01
3.489000e-05	-3.943216e-03	1.095814e+00
3.490000e-05	-2.005031e-03	1.244687e+00
3.491000e-05	8.813392e-03	1.423656e+00
3.492000e-05	5.405509e-02	1.674739e+00
3.493000e-05	3.152011e-02	1.877266e+00
3.494000e-05	-6.252377e-02	2.085763e+00
3.495000e-05	-3.191349e-02	2.253711e+00
3.496000e-05	-6.400797e-02	2.432530e+00
3.497000e-05	-4.622182e-02	2.488743e+00
3.498000e-05	1.448343e-01	2.758868e+00
3.499000e-05	-6.967154e-02	2.864207e+00
3.500000e-05	-6.582989e-02	3.001605e+00
3.501000e-05	1.505141e-01	3.180026e+00
3.502000e-05	-1.358119e-01	3.430676e+00
3.503000e-05	-4.945505e-03	3.589449e+00
3.504000e-05	9.883178e-02	3.646915e+00
3.505000e-05	-1.102833e-01	3.927393e+00
3.506000e-05	3.282456e-02	4.003183e+00
3.507000e-05	2.680042e-02	4.306367e+00
3.508000e-05	-6.547004e-02	4.424204e+00
3.509000e-05	2.847313e-02	4.593029e+00
3.510000e-05	-3.902393e-02	4.801549e+00
3.511000e-05	-6.843459e-03	4.941025e+00
3.512000e-05	3.482039e-03	5.192105e+00
3.513000e-05	-2.416866e-02	5.370974e+00
3.514000e-05	9.850502e-03	5.528897e+00
3.515000e-05	-5.782158e-03	5.627315e+00
3.516000e-05	-5.482967e-03	5.856241e+00
3.517000e-05	-3.932621e-02	6.013107e+00
3.518000e-05	-1.511469e-02	6.159950e+00
3.519000e-05	2.166803e-02	6.287891e+00
3.520000e-05	-3.954769e-02	6.403679e+00
3.521000e-05	1.436978e-03	6.503676e+00
3.522000e-05	-2.232251e-02	6.768974e+00
3.523000e-05	-1.706601e-02	6.908296e+00
3.524000e-05	-7.533694e-03	7.002602e+00
3.525000e-05	-2.466242e-02	7.108921e+00
3.526000e-05	4.408070e-03	7.224134e+00
3.527000e-05	-2.069196e-02	7.362025e+00
3.528000e-05	-1.813796e-02	7.550974e+00
3.529000e-05	-2.584275e-02	7.677292e+00
3.530000e-05	-9.769826e-03	7.793175e+00
3.531000e-05	-1.400459e-02	7.921445e+00
3.532000e-05	-2.487202e-02	8.066738e+00
3.533000e-05	-1.329284e-02	8.202075e+00
3.534000e-05	-1.457767e-02	8.328296e+00
3.535000e-05	-2.117631e-02	8.411527e+00
3.536000e-05	-2.349598e-02	8.454759e+00
3.537000e-05	-1.576493e-02	8.541023e+00
3.538000e-05	-1.915333e-02	8.645636e+00
3.539000e-05	-2.562018e-02	8.759947e+00
3.540000e-05	-2.341814e-02	8.812630e+00
3.541000e-05	-1.741149e-02	8.900773e+00
3.542000e-05	-2.452984e-02	9.105108e+00
3.543000e-05	-2.373556e-02	9.118472e+00
3.544000e-05	-2.084628e-02	9.200649e+00
3.545000e-05	-2.145197e-02	9.285766e+00
3.546000e-05	-2.788412e-02	9.330000e+00
3.547000e-05	-2.735683e-02	9.414152e+00
3.548000e-05	-2.167117e-02	9.476689e+00
3.549000e-05	-2.643118e-02	9.530018e+00
3.550000e-05	-2.920904e-02	9.580049e+00
3.551000e-05	-2.778599e-02	9.606654e+00
3.552000e-05	-2.421601e-02	9.688742e+00
3.553000e-05	-2.692829e-02	9.712467e+00
3.554000e-05	-2.755845e-02	9.803559e+00
3.555000e-05	-2.949742e-02	9.874713e+00
3.556000e-05	-3.144736e-02	9.887692e+00
3.557000e-05	-3.133083e-02	9.877393e+00
3.558000e-05	-3.038553e-02	9.968972e+00
3.559000e-05	-2.929667e-02	1.000057e+01
3.560000e-05	-3.469308e-02	1.002053e+01
3.561000e-05	-3.369780e-02	9.992601e+00
3.562000e-05	-3.167641e-02	1.001463e+01
3.563000e-05	-3.312525e-02	1.003359e+01
3.564000e-05	-3.492190e-02	1.003566e+01
3.565000e-05	-3.498949e-02	1.004313e+01
3.566000e-05	-3.556705e-02	1.004565e+01
3.567000e-05	-3.827456e-02	1.004524e+01
3.568000e-05	-3.897914e-02	1.005466e+01
3.569000e-05	-3.760026e-02	1.003413e+01
3.570000e-05	-3.807646e-02	1.003421e+01
3.571000e-05	-4.058814e-02	1.003363e+01
3.572000e-05	-4.127476e-02	9.992604e+00
3.573000e-05	-4.123231e-02	9.962025e+00
3.574000e-05	-4.258275e-02	9.951022e+00
3.575000e-05	-4.350626e-02	9.950395e+00
3.576000e-05	-4.537862e-02	9.899287e+00
3.577000e-05	-4.566048e-02	9.895158e+00
3.578000e-05	-4.854701e-02	9.784555e+00
3.579000e-05	-4.816793e-02	9.690296e+00
3.580000e-05	-5.083529e-02	9.695262e+00
3.581000e-05	-5.148055e-02	9.624977e+00
3.582000e-05	-5.253192e-02	9.531378e+00
3.583000e-05	-5.417332e-02	9.517291e+00
3.584000e-05	-5.556353e-02	9.454613e+00
3.585000e-05	-5.681799e-02	9.389546e+00
3.586000e-05	-5.602279e-02	9.307315e+00
3.587000e-05	-5.822130e-02	9.265658e+00
3.588000e-05	-5.757230e-02	9.212447e+00
3.589000e-05	-5.743314e-02	9.127912e+00
3.590000e-05	-5.455346e-02	9.023075e+00
3.591000e-05	-5.486670e-02	8.888816e+00
3.592000e-05	-5.340789e-02	8.833578e+00
3.593000e-05	-5.314109e-02	8.748346e+00
3.594000e-05	-4.869269e-02	8.644108e+00
3.595000e-05	-4.936326e-02	8.549919e+00
3.596000e-05	-4.578885e-02	8.455110e+00
3.597000e-05	-4.698016e-02	8.401548e+00
3.598000e-05	-4.342487e-02	8.297765e+00
3.599000e-05	-4.275658e-02	8.181442e+00
3.600000e-05	-3.967890e-02	8.033080e+00
3.601000e-05	-3.937230e-02	7.949317e+00
3.602000e-05	-3.682011e-02	7.803026e+00
3.603000e-05	-3.574384e-02	7.686267e+00
3.604000e-05	-3.341014e-02	7.641500e+00
3.605000e-05	-3.443461e-02	7.425157e+00
3.606000e-05	-3.114970e-02	7.264664e+00
3.607000e-05	-3.049611e-02	7.148890e+00
3.608000e-05	-2.866231e-02	7.021525e+00
3.609000e-05	-2.797652e-02	6.897161e+00
3.610000e-05	-2.673310e-02	6.811446e+00
3.611000e-05	-2.590194e-02	6.593076e+00
3.612000e-05	-2.573594e-02	6.433079e+00
3.613000e-05	-2.421326e-02	6.295213e+00
3.614000e-05	-2.183007e-02	6.158920e+00
3.615000e-05	-2.175838e-02	6.042003e+00
3.616000e-05	-2.155842e-02	5.906786e+00
3.617000e-05	-2.101761e-02	5.697741e+00
3.618000e-05	-1.998798e-02	5.558862e+00
3.619000e-05	-1.936240e-02	5.431474e+00
3.620000e-05	-1.922351e-02	5.240480e+00
3.621000e-05	-1.770223e-02	5.033954e+00
3.622000e-05	-1.630469e-02	4.821526e+00
3.623000e-05	-1.710881e-02	4.684629e+00
3.624000e-05	-1.611054e-02	4.496687e+00
3.625000e-05	-1.430193e-02	4.398396e+00
3.626000e-05	-1.336297e-02	4.204295e+00
3.627000e-05	-1.317072e-02	3.989447e+00
3.628000e-05	-1.304072e-02	3.813551e+00
3.629000e-05	-1.235662e-02	3.674582e+00
3.630000e-05	-1.293216e-02	3.528262e+00
3.631000e-05	-1.149390e-02	3.327083e+00
3.632000e-05	-1.115948e-02	3.147816e+00
3.633000e-05	-1.048912e-02	3.007970e+00
3.634000e-05	-1.056184e-02	2.830946e+00
3.635000e-05	-9.595711e-03	2.634078e+00
3.636000e-05	-8.709770e-03	2.440974e+00
3.637000e-05	-8.852683e-03	2.232505e+00
3.638000e-05	-8.331315e-03	2.082661e+00
3.639000e-05	-8.100411e-03	1.925666e+00
3.640000e-05	-7.285905e-03	1.663185e+00
3.641000e-05	-6.958574e-03	1.516233e+00
3.642000e-05	-7.808783e-03	1.336233e+00
3.643000e-05	-5.908268e-03	1.147263e+00
3.644000e-05	-6.285098e-03	8.936543e-01
3.645000e-05	-5.213712e-03	7.162105e-01
3.646000e-05	-5.491632e-03	5.372407e-01
3.647000e-05	-4.229342e-03	3.573936e-01
3.648000e-05	-4.551780e-03	1.553157e-01
3.649000e-05	-2.454473e-03	-2.116146e-02
3.650000e-05	3.392744e-03	-2.010788e-01
3.651000e-05	-6.481611e-04	-3.484498e-01
3.652000e-05	2.988941e-04	-4.943422e-01
3.653000e-05	-1.282198e-03	-7.454208e-01
3.654000e-05	6.582300e-05	-8.547869e-01
3.655000e-05	-1.623951e-03	-1.003057e+00
3.656000e-05	6.265480e-03	-1.170055e+00
3.657000e-05	4.467827e-02	-1.411129e+00
3.658000e-05	7.266571e-02	-1.621632e+00
3.659000e-05	-7.360422e-02	-1.864362e+00
3.660000e-05	-8.506171e-03	-2.117368e+00
3.661000e-05	-8.763553e-02	-2.348923e+00
3.662000e-05	-6.277556e-03	-2.399975e+00
3.663000e-05	1.607099e-01	-2.432684e+00
3.664000e-05	-1.406448e-01	-2.645793e+00
3.665000e-05	2.416304e-02	-2.832182e+00
3.666000e-05	1.435939e-01	-2.937001e+00
3.667000e-05	-1.963173e-01	-3.231180e+00
3.668000e-05	7.538615e-02	-3.391584e+00
3.669000e-05	9.442326e-02	-3.497425e+00
3.670000e-05	-1.519548e-01	-3.716421e+00
3.671000e-05	1.484076e-01	-3.876818e+00
3.672000e-05	-3.013235e-02	-4.074840e+00
3.673000e-05	-6.252398e-02	-4.275296e+00
3.674000e-05	1.186150e-01	-4.370555e+00
3.675000e-05	-1.322900e-01	-4.602735e+00
3.676000e-05	9.389962e-02	-4.780503e+00
3.677000e-05	3.166506e-02	-4.867341e+00
3.678000e-05	-9.250239e-02	-5.096322e+00
3.679000e-05	1.185935e-01	-5.252817e+00
3.680000e-05	-5.374941e-02	-5.486416e+00
3.681000e-05	5.171510e-02	-5.624239e+00
3.682000e-05	-2.120350e-02	-5.771529e+00
3.683000e-05	-2.848123e-02	-5.930000e+00
3.684000e-05	1.022995e-01	-6.033712e+00
3.685000e-05	-8.197650e-02	-6.244793e+00
3.686000e-05	7.195820e-02	-6.370684e+00
3.687000e-05	3.289198e-03	-6.520500e+00
3.688000e-05	-2.100298e-02	-6.695293e+00
3.689000e-05	4.512897e-02	-6.790104e+00
3.690000e-05	-4.643572e-02	-6.939500e+00
3.691000e-05	9.546438e-02	-7.138397e+00
3.692000e-05	-2.588212e-02	-7.254684e+00
3.693000e-05	-2.446825e-04	-7.359029e+00
3.694000e-05	2.495907e-02	-7.455686e+00
3.695000e-05	2.706079e-03	-7.624585e+00
3.696000e-05	4.049754e-02	-7.727047e+00
3.697000e-05	-2.558716e-02	-7.898398e+00
3.698000e-05	5.187641e-02	-8.033659e+00
3.699000e-05	2.836647e-03	-8.107918e+00
3.700000e-05	5.044009e-03	-8.225684e+00
3.701000e-05	1.871662e-02	-8.309371e+00
3.702000e-05	1.837361e-02	-8.392179e+00
3.703000e-05	2.764950e-02	-8.477897e+00
3.704000e-05	-1.080876e-02	-8.624315e+00
3.705000e-05	3.449729e-02	-8.759024e+00
3.706000e-05	2.101380e-02	-8.843262e+00
3.707000e-05	1.577092e-02	-8.908923e+00
3.708000e-05	1.120536e-02	-8.992129e+00
3.709000e-05	2.260843e-02	-9.086239e+00
3.710000e-05	2.724259e-02	-9.109425e+00
3.711000e-05	8.724301e-03	-9.182104e+00
3.712000e-05	2.411740e-02	-9.264839e+00
3.713000e-05	2.511013e-02	-9.280047e+00
3.714000e-05	2.054908e-02	-9.415235e+00
3.715000e-05	1.389565e-02	-9.507822e+00
3.716000e-05	2.662800e-02	-9.571498e+00
3.717000e-05	2.745118e-02	-9.620656e+00
3.718000e-05	2.181318e-02	-9.644211e+00
3.719000e-05	2.235836e-02	-9.667415e+00
3.720000e-05	2.386553e-02	-9.708395e+00
3.721000e-05	2.474032e-02	-9.761428e+00
3.722000e-05	2.208725e-02	-9.811579e+00
3.723000e-05	2.772244e-02	-9.803182e+00
3.724000e-05	2.639335e-02	-9.855188e+00
3.725000e-05	2.535653e-02	-9.855287e+00
3.726000e-05	2.789572e-02	-9.877345e+00
3.727000e-05	2.926984e-02	-9.886816e+00
3.728000e-05	2.501140e-02	-9.876369e+00
3.729000e-05	2.765007e-02	-9.908445e+00
3.730000e-05	3.133553e-02	-9.939924e+00
3.731000e-05	3.168091e-02	-9.928924e+00
3.732000e-05	2.945157e-02	-9.957879e+00
3.733000e-05	3.023424e-02	-9.929445e+00
3.734000e-05	3.294189e-02	-9.918874e+00
3.735000e-05	3.181996e-02	-9.918924e+00
3.736000e-05	3.333899e-02	-9.937969e+00
3.737000e-05	3.562754e-02	-9.908369e+00
3.738000e-05	3.560214e-02	-9.865741e+00
3.739000e-05	3.602653e-02	-9.854793e+00
3.740000e-05	3.777927e-02	-9.843662e+00
3.741000e-05	3.979126e-02	-9.802584e+00
3.742000e-05	3.754087e-02	-9.772053e+00
3.743000e-05	3.971809e-02	-9.729498e+00
3.744000e-05	4.311836e-02	-9.688265e+00
3.745000e-05	4.505469e-02	-9.656266e+00
3.746000e-05	4.579189e-02	-9.621682e+00
3.747000e-05	4.628727e-02	-9.572028e+00
3.748000e-05	4.813755e-02	-9.508899e+00
3.749000e-05	4.757953e-02	-9.434740e+00
3.750000e-05	4.960415e-02	-9.329477e+00
3.751000e-05	5.220103e-02	-9.307292e+00
3.752000e-05	5.198863e-02	-9.202128e+00
3.753000e-05	5.109032e-02	-9.128398e+00
3.754000e-05	5.055524e-02	-9.044189e+00
3.755000e-05	5.074021e-02	-8.979051e+00
3.756000e-05	5.054199e-02	-8.887840e+00
3.757000e-05	4.867921e-02	-8.853633e+00
3.758000e-05	4.687452e-02	-8.740475e+00
3.759000e-05	4.491348e-02	-8.676339e+00
3.760000e-05	4.349995e-02	-8.540979e+00
3.761000e-05	4.320114e-02	-8.444183e+00
3.762000e-05	4.054512e-02	-8.358900e+00
3.763000e-05	3.837291e-02	-8.255713e+00
3.764000e-05	3.721082e-02	-8.139024e+00
3.765000e-05	3.539260e-02	-8.054742e+00
3.766000e-05	3.416774e-02	-7.979875e+00
3.767000e-05	3.204821e-02	-7.832631e+00
3.768000e-05	3.152914e-02	-7.687290e+00
3.769000e-05	2.911190e-02	-7.539974e+00
3.770000e-05	2.674755e-02	-7.402658e+00
3.771000e-05	2.577796e-02	-7.276316e+00
3.772000e-05	2.548593e-02	-7.203070e+00
3.773000e-05	2.369380e-02	-7.012254e+00
3.774000e-05	2.147012e-02	-6.876268e+00
3.775000e-05	2.062632e-02	-6.748424e+00
3.776000e-05	2.034385e-02	-6.622606e+00
3.777000e-05	1.912761e-02	-6.453690e+00
3.778000e-05	1.763937e-02	-6.370946e+00
3.779000e-05	1.690505e-02	-6.160050e+00
3.780000e-05	1.562146e-02	-6.031105e+00
3.781000e-05	1.398376e-02	-5.876788e+00
3.782000e-05	1.346291e-02	-5.747394e+00
3.783000e-05	1.278680e-02	-5.600528e+00
3.784000e-05	1.144618e-02	-5.441159e+00
3.785000e-05	1.036605e-02	-5.222583e+00
3.786000e-05	1.056274e-02	-5.053085e+00
3.787000e-05	1.021998e-02	-4.934714e+00
3.788000e-05	9.713329e-03	-4.664691e+00
3.789000e-05	8.749556e-03	-4.516895e+00
3.790000e-05	7.401708e-03	-4.369500e+00
3.791000e-05	6.550514e-03	-4.231656e+00
3.792000e-05	4.664961e-03	-4.074687e+00
3.793000e-05	6.906225e-03	-3.944945e+00
3.794000e-05	4.422353e-03	-3.758345e+00
3.795000e-05	4.953154e-03	-3.577921e+00
3.796000e-05	3.994230e-03	-3.348599e+00
3.797000e-05	5.055345e-03	-3.191628e+00
3.798000e-05	3.288151e-03	-3.091682e+00
3.799000e-05	2.222675e-03	-2.852078e+00
3.800000e-05	2.402392e-03	-2.696261e+00
3.801000e-05	1.520392e-03	-2.485212e+00
3.802000e-05	2.160412e-03	-2.368396e+00
3.803000e-05	5.967823e-04	-2.125765e+00
3.804000e-05	1.185285e-03	-1.927391e+00
3.805000e-05	-3.924409e-04	-1.768898e+00
3.806000e-05	-3.879964e-05	-1.630051e+00
3.807000e-05	-1.058585e-03	-1.370521e+00
3.808000e-05	7.577861e-04	-1.188492e+00
3.809000e-05	-2.646487e-03	-9.679000e-01
3.810000e-05	-2.109236e-03	-8.215741e-01
3.811000e-05	-4.664274e-03	-5.990290e-01
3.812000e-05	-2.383945e-03	-4.005002e-01
3.813000e-05	-2.780121e-03	-1.915842e-01
3.814000e-05	-2.541329e-03	-5.213171e-02
3.815000e-05	5.803177e-04	1.252343e-01
3.816000e-05	3.391032e-03	3.587922e-01
3.817000e-05	-3.915185e-03	4.632091e-01
3.818000e-05	4.320908e-04	6.210553e-01
3.819000e-05	-4.997199e-03	8.199460e-01
3.820000e-05	-1.596635e-03	9.762908e-01
3.821000e-05	-4.892186e-03	1.160526e+00
3.822000e-05	2.797705e-03	1.367467e+00
3.823000e-05	2.248326e-02	1.537366e+00
3.824000e-05	6.861912e-02	1.763027e+00
3.825000e-05	-2.764845e-02	2.001525e+00
3.826000e-05	-4.765151e-02	2.178474e+00
3.827000e-05	-4.036174e-02	2.358318e+00
3.828000e-05	-7.688923e-02	2.466177e+00
3.829000e-05	4.020511e-02	2.603128e+00
3.830000e-05	1.123979e-01	2.811578e+00
3.831000e-05	-1.704201e-01	2.956370e+00
3.832000e-05	1.108391e-01	3.085264e+00
3.833000e-05	1.011930e-02	3.267212e+00
3.834000e-05	-1.260203e-01	3.527771e+00
3.835000e-05	8.962068e-02	3.621576e+00
3.836000e-05	4.293370e-03	3.782002e+00
3.837000e-05	-9.240659e-02	4.019476e+00
3.838000e-05	9.051305e-02	4.099821e+00
3.839000e-05	-5.577354e-02	4.409971e+00
3.840000e-05	-1.530079e-02	4.468389e+00
3.841000e-05	1.359859e-02	4.697289e+00
3.842000e-05	-5.094077e-02	4.835160e+00
3.843000e-05	2.324696e-02	5.118689e+00
3.844000e-05	-2.601453e-02	5.307792e+00
3.845000e-05	1.228925e-04	5.444686e+00
3.846000e-05	-2.805226e-03	5.611550e+00
3.847000e-05	-1.873537e-03	5.742603e+00
3.848000e-05	-1.920455e-02	5.978945e+00
3.849000e-05	-4.000252e-02	6.088263e+00
3.850000e-05	1.707682e-02	6.222082e+00
3.851000e-05	-1.095522e-02	6.369026e+00
3.852000e-05	-2.444673e-02	6.488312e+00
3.853000e-05	-1.392176e-04	6.687239e+00
3.854000e-05	-2.719417e-02	6.854152e+00
3.855000e-05	-9.450213e-03	6.968923e+00
3.856000e-05	-1.786841e-02	7.054784e+00
3.857000e-05	-1.636931e-02	7.200974e+00
3.858000e-05	1.949309e-03	7.257118e+00
3.859000e-05	-2.786036e-02	7.465739e+00
3.860000e-05	-1.556818e-02	7.583629e+00
3.861000e-05	-2.193072e-02	7.738349e+00
3.862000e-05	-5.602955e-03	7.866786e+00
3.863000e-05	-2.169320e-02	7.973554e+00
3.864000e-05	-2.225041e-02	8.140393e+00
3.865000e-05	-6.795536e-03	8.245157e+00
3.866000e-05	-2.296031e-02	8.359473e+00
3.867000e-05	-1.967535e-02	8.422535e+00
3.868000e-05	-2.457817e-02	8.498290e+00
3.869000e-05	-1.270888e-02	8.592078e+00
3.870000e-05	-2.441180e-02	8.697215e+00
3.871000e-05	-2.449937e-02	8.781599e+00
3.872000e-05	-1.862809e-02	8.806237e+00
3.873000e-05	-2.093229e-02	9.001950e+00
3.874000e-05	-2.474642e-02	9.087239e+00
3.875000e-05	-2.436182e-02	9.179473e+00
3.876000e-05	-1.823981e-02	9.224130e+00
3.877000e-05	-2.583704e-02	9.277793e+00
3.878000e-05	-2.671833e-02	9.401000e+00
3.879000e-05	-2.410849e-02	9.455658e+00
3.880000e-05	-2.276282e-02	9.517264e+00
3.881000e-05	-2.865276e-02	9.550423e+00
3.882000e-05	-2.880790e-02	9.622949e+00
3.883000e-05	-2.361174e-02	9.634760e+00
3.884000e-05	-2.695748e-02	9.686841e+00
3.885000e-05	-2.800496e-02	9.742431e+00
3.886000e-05	-3.060160e-02	9.795582e+00
3.887000e-05	-2.879330e-02	9.888284e+00
3.888000e-05	-3.247595e-02	9.878866e+00
3.889000e-05	-3.007159e-02	9.947947e+00
3.890000e-05	-2.901036e-02	1.000142e+01
3.891000e-05	-3.092520e-02	9.982526e+00
3.892000e-05	-3.511403e-02	1.002450e+01
3.893000e-05	-3.303673e-02	1.001160e+01
3.894000e-05	-3.234007e-02	1.001361e+01
3.895000e-05	-3.511236e-02	1.002416e+01
3.896000e-05	-3.529776e-02	1.001416e+01
3.897000e-05	-3.544931e-02	1.002416e+01
3.898000e-05	-3.619321e-02	1.002521e+01
3.899000e-05	-3.776738e-02	1.006569e+01
3.900000e-05	-3.782412e-02	1.004308e+01
3.901000e-05	-3.802999e-02	1.004419e+01
3.902000e-05	-3.937333e-02	1.003463e+01
3.903000e-05	-4.050724e-02	1.002313e+01
3.904000e-05	-4.104011e-02	1.001355e+01
3.905000e-05	-4.201001e-02	1.002147e+01
3.906000e-05	-4.327915e-02	9.970899e+00
3.907000e-05	-4.430339e-02	9.908366e+00
3.908000e-05	-4.492752e-02	9.855838e+00
3.909000e-05	-4.734342e-02	9.835537e+00
3.910000e-05	-4.864595e-02	9.741076e+00
3.911000e-05	-5.002319e-02	9.706815e+00
3.912000e-05	-4.984063e-02	9.657155e+00
3.913000e-05	-5.250929e-02	9.593002e+00
3.914000e-05	-5.469563e-02	9.517367e+00
3.915000e-05	-5.598132e-02	9.456711e+00
3.916000e-05	-5.675281e-02	9.423626e+00
3.917000e-05	-5.760654e-02	9.331421e+00
3.918000e-05	-5.778748e-02	9.266239e+00
3.919000e-05	-5.805615e-02	9.234579e+00
3.920000e-05	-5.694280e-02	9.150445e+00
3.921000e-05	-5.623555e-02	9.036139e+00
3.922000e-05	-5.526686e-02	8.911425e+00
3.923000e-05	-5.574124e-02	8.834132e+00
3.924000e-05	-5.295499e-02	8.790975e+00
3.925000e-05	-5.248756e-02	8.676790e+00
3.926000e-05	-5.009479e-02	8.632080e+00
3.927000e-05	-4.863644e-02	8.477316e+00
3.928000e-05	-4.527679e-02	8.463578e+00
3.929000e-05	-4.466908e-02	8.318418e+00
3.930000e-05	-4.346354e-02	8.244608e+00
3.931000e-05	-4.153806e-02	8.106292e+00
3.932000e-05	-3.896782e-02	8.010050e+00
3.933000e-05	-3.838883e-02	7.876688e+00
3.934000e-05	-3.653605e-02	7.771449e+00
3.935000e-05	-3.513761e-02	7.664685e+00
3.936000e-05	-3.368847e-02	7.546860e+00
3.937000e-05	-3.214426e-02	7.388846e+00
3.938000e-05	-3.094521e-02	7.241999e+00
3.939000e-05	-2.873663e-02	7.085268e+00
3.940000e-05	-2.912510e-02	6.949345e+00
3.941000e-05	-2.732927e-02	6.825029e+00
3.942000e-05	-2.620339e-02	6.726865e+00
3.943000e-05	-2.614231e-02	6.516817e+00
3.944000e-05	-2.434491e-02	6.389919e+00
3.945000e-05	-2.332099e-02	6.252602e+00
3.946000e-05	-2.129758e-02	6.096266e+00
3.947000e-05	-2.124524e-02	5.960945e+00
3.948000e-05	-2.000542e-02	5.824053e+00
3.949000e-05	-2.122793e-02	5.652476e+00
3.950000e-05	-1.945316e-02	5.493660e+00
3.951000e-05	-2.053988e-02	5.349838e+00
3.952000e-05	-1.808089e-02	5.127292e+00
3.953000e-05	-1.735558e-02	4.915713e+00
3.954000e-05	-1.479833e-02	4.768895e+00
3.955000e-05	-1.626154e-02	4.610474e+00
3.956000e-05	-1.464744e-02	4.453580e+00
3.957000e-05	-1.419912e-02	4.275283e+00
3.958000e-05	-1.283632e-02	4.084731e+00
3.959000e-05	-1.395471e-02	3.927312e+00
3.960000e-05	-1.299034e-02	3.798892e+00
3.961000e-05	-1.327607e-02	3.591498e+00
3.962000e-05	-1.243069e-02	3.452058e+00
3.963000e-05	-1.189359e-02	3.251526e+00
3.964000e-05	-1.004161e-02	3.094235e+00
3.965000e-05	-1.085612e-02	2.885688e+00
3.966000e-05	-1.002735e-02	2.738369e+00
3.967000e-05	-1.082465e-02	2.516214e+00
3.968000e-05	-8.971891e-03	2.327338e+00
3.969000e-05	-9.170671e-03	2.129391e+00
3.970000e-05	-7.834552e-03	2.001496e+00
3.971000e-05	-7.880551e-03	1.799444e+00
3.972000e-05	-7.839806e-03	1.600002e+00
3.973000e-05	-7.148629e-03	1.410550e+00
3.974000e-05	-6.648289e-03	1.251550e+00
3.975000e-05	-5.364968e-03	9.888725e-01
3.976000e-05	-5.845142e-03	7.994748e-01
3.977000e-05	-6.210258e-03	6.414738e-01
3.978000e-05	-5.956969e-03	4.721063e-01
3.979000e-05	-4.391904e-03	2.641053e-01
3.980000e-05	-3.696866e-03	5.305520e-02
3.981000e-05	1.428976e-03	-1.152695e-01
3.982000e-05	2.333961e-03	-2.731882e-01
3.983000e-05	-2.943976e-03	-3.801540e-01
3.984000e-05	2.004562e-03	-6.106540e-01
3.985000e-05	-2.132033e-03	-8.105302e-01
3.986000e-05	6.262720e-04	-9.474210e-01
3.987000e-05	-7.613641e-04	-1.094816e+00
3.988000e-05	1.620425e-02	-1.283795e+00
3.989000e-05	8.082889e-02	-1.504746e+00
3.990000e-05	-3.560737e-03	-1.677919e+00
3.991000e-05	-5.218395e-02	-1.980551e+00
3.992000e-05	-2.958427e-02	-2.220734e+00
3.993000e-05	-9.362502e-02	-2.400025e+00
3.994000e-05	1.154497e-01	-2.391551e+00
3.995000e-05	5.405799e-02	-2.487372e+00
3.996000e-05	-1.646435e-01	-2.749555e+00
3.997000e-05	1.779784e-01	-2.874262e+00
3.998000e-05	-5.361829e-02	-3.015289e+00
3.999000e-05	-1.329977e-01	-3.298947e+00
4.000000e-05	1.796848e-01	-3.473211e+00
4.001000e-05	-6.498398e-02	-3.600730e+00
4.002000e-05	-4.364867e-02	-3.814712e+00
4.003000e-05	1.564602e-01	-3.980528e+00
4.004000e-05	-1.505236e-01	-4.201583e+00
4.005000e-05	8.894349e-02	-4.378970e+00
4.006000e-05	-7.793012e-03	-4.463816e+00
4.007000e-05	-7.604164e-02	-4.717820e+00
4.008000e-05	1.473800e-01	-4.812158e+00
4.009000e-05	-9.818831e-02	-5.002063e+00
4.010000e-05	3.315943e-02	-5.191100e+00
4.011000e-05	5.528429e-02	-5.352507e+00
4.012000e-05	-4.486123e-02	-5.581103e+00
4.013000e-05	6.923830e-02	-5.707371e+00
4.014000e-05	-8.357985e-02	-5.884338e+00
4.015000e-05	7.515416e-02	-6.013053e+00
4.016000e-05	1.184804e-02	-6.109477e+00
4.017000e-05	-4.354235e-02	-6.339473e+00
4.018000e-05	9.723462e-02	-6.454313e+00
4.019000e-05	-6.105535e-02	-6.594637e+00
4.020000e-05	4.558927e-02	-6.728918e+00
4.021000e-05	-1.872435e-02	-6.823162e+00
4.022000e-05	1.820478e-02	-7.004767e+00
4.023000e-05	6.843463e-02	-7.170054e+00
4.024000e-05	-5.545778e-02	-7.267317e+00
4.025000e-05	4.642624e-02	-7.371632e+00
4.026000e-05	-8.137518e-03	-7.520998e+00
4.027000e-05	3.694438e-02	-7.658742e+00
4.028000e-05	1.857136e-03	-7.763789e+00
4.029000e-05	2.239917e-03	-8.000525e+00
4.030000e-05	4.981400e-02	-8.055189e+00
4.031000e-05	-1.830192e-02	-8.161599e+00
4.032000e-05	3.015756e-02	-8.246264e+00
4.033000e-05	4.830456e-03	-8.359550e+00
4.034000e-05	3.559034e-02	-8.394313e+00
4.035000e-05	6.427075e-04	-8.551058e+00
4.036000e-05	9.463215e-03	-8.668871e+00
4.037000e-05	3.512760e-02	-8.761053e+00
4.038000e-05	1.018673e-02	-8.886292e+00
4.039000e-05	1.923305e-02	-8.958950e+00
4.040000e-05	1.035207e-02	-9.025713e+00
4.041000e-05	3.281798e-02	-9.086867e+00
4.042000e-05	1.419671e-02	-9.150526e+00
4.043000e-05	1.652480e-02	-9.211664e+00
4.044000e-05	2.403424e-02	-9.277900e+00
4.045000e-05	2.223220e-02	-9.352637e+00
4.046000e-05	1.609271e-02	-9.455769e+00
4.047000e-05	2.009816e-02	-9.529945e+00
4.048000e-05	2.916267e-02	-9.592055e+00
4.049000e-05	2.166954e-02	-9.624211e+00
4.050000e-05	2.226845e-02	-9.646340e+00
4.051000e-05	2.179726e-02	-9.707344e+00
4.052000e-05	2.653630e-02	-9.709974e+00
4.053000e-05	2.233707e-02	-9.760078e+00
4.054000e-05	2.537721e-02	-9.792083e+00
4.055000e-05	2.641450e-02	-9.814641e+00
4.056000e-05	2.410936e-02	-9.855241e+00
4.057000e-05	2.483371e-02	-9.865270e+00
4.058000e-05	2.867560e-02	-9.897318e+00
4.059000e-05	2.887877e-02	-9.886842e+00
4.060000e-05	2.633588e-02	-9.888420e+00
4.061000e-05	3.044495e-02	-9.927920e+00
4.062000e-05	3.032795e-02	-9.918397e+00
4.063000e-05	3.117132e-02	-9.938922e+00
4.064000e-05	2.944129e-02	-9.918422e+00
4.065000e-05	3.243080e-02	-9.919395e+00
4.066000e-05	3.153268e-02	-9.948369e+00
4.067000e-05	3.262739e-02	-9.898997e+00
4.068000e-05	3.263232e-02	-9.928867e+00
4.069000e-05	3.756689e-02	-9.917321e+00
4.070000e-05	3.459956e-02	-9.835812e+00
4.071000e-05	3.789241e-02	-9.864739e+00
4.072000e-05	3.820736e-02	-9.824136e+00
4.073000e-05	3.952857e-02	-9.801129e+00
4.074000e-05	3.954546e-02	-9.752020e+00
4.075000e-05	4.128992e-02	-9.707892e+00
4.076000e-05	4.382881e-02	-9.647342e+00
4.077000e-05	4.341474e-02	-9.643660e+00
4.078000e-05	4.553313e-02	-9.633003e+00
4.079000e-05	4.747094e-02	-9.560396e+00
4.080000e-05	4.818926e-02	-9.447791e+00
4.081000e-05	4.956815e-02	-9.392709e+00
4.082000e-05	5.112080e-02	-9.307950e+00
4.083000e-05	5.311449e-02	-9.255163e+00
4.084000e-05	5.091890e-02	-9.172472e+00
4.085000e-05	5.173287e-02	-9.097367e+00
4.086000e-05	5.088705e-02	-9.003613e+00
4.087000e-05	5.131767e-02	-8.949322e+00
4.088000e-05	4.850817e-02	-8.854685e+00
4.089000e-05	4.706666e-02	-8.821554e+00
4.090000e-05	4.673137e-02	-8.718398e+00
4.091000e-05	4.458488e-02	-8.582683e+00
4.092000e-05	4.345735e-02	-8.486319e+00
4.093000e-05	4.165726e-02	-8.400977e+00
4.094000e-05	3.997498e-02	-8.336298e+00
4.095000e-05	3.764429e-02	-8.244207e+00
4.096000e-05	3.593397e-02	-8.117346e+00
4.097000e-05	3.425094e-02	-8.014104e+00
4.098000e-05	3.290630e-02	-7.905819e+00
4.099000e-05	3.175751e-02	-7.800452e+00
4.100000e-05	3.007249e-02	-7.632705e+00
4.101000e-05	2.773440e-02	-7.475791e+00
4.102000e-05	2.477621e-02	-7.360470e+00
4.103000e-05	2.606929e-02	-7.244611e+00
4.104000e-05	2.492880e-02	-7.127892e+00
4.105000e-05	2.302496e-02	-6.969978e+00
4.106000e-05	2.133205e-02	-6.822603e+00
4.107000e-05	2.111854e-02	-6.676287e+00
4.108000e-05	1.900870e-02	-6.551471e+00
4.109000e-05	1.737372e-02	-6.433529e+00
4.110000e-05	1.611916e-02	-6.286365e+00
4.111000e-05	1.751946e-02	-6.076267e+00
4.112000e-05	1.580360e-02	-5.988946e+00
4.113000e-05	1.360850e-02	-5.792128e+00
4.114000e-05	1.307511e-02	-5.675187e+00
4.115000e-05	1.148725e-02	-5.526890e+00
4.116000e-05	1.139271e-02	-5.317315e+00
4.117000e-05	9.081503e-03	-5.148844e+00
4.118000e-05	1.100880e-02	-4.930501e+00
4.119000e-05	9.012084e-03	-4.740975e+00
4.120000e-05	9.706389e-03	-4.559954e+00
4.121000e-05	6.281598e-03	-4.453132e+00
4.122000e-05	8.727972e-03	-4.305842e+00
4.123000e-05	5.383881e-03	-4.168423e+00
4.124000e-05	6.887240e-03	-4.021054e+00
4.125000e-05	5.964494e-03	-3.843232e+00
4.126000e-05	6.068052e-03	-3.653653e+00
4.127000e-05	3.975229e-03	-3.485163e+00
4.128000e-05	4.467304e-03	-3.296838e+00
4.129000e-05	2.874550e-03	-3.188922e+00
4.130000e-05	3.538837e-03	-2.936242e+00
4.131000e-05	1.388256e-03	-2.789374e+00
4.132000e-05	2.462439e-03	-2.610627e+00
4.133000e-05	5.464697e-04	-2.441558e+00
4.134000e-05	3.369945e-03	-2.240657e+00
4.135000e-05	3.498792e-04	-2.021574e+00
4.136000e-05	5.428195e-04	-1.873706e+00
4.137000e-05	2.037226e-04	-1.704762e+00
4.138000e-05	2.745007e-04	-1.555792e+00
4.139000e-05	-1.139029e-03	-1.282260e+00
4.140000e-05	-1.570007e-03	-1.062711e+00
4.141000e-05	-1.653808e-03	-9.242383e-01
4.142000e-05	-2.178344e-03	-7.468159e-01
4.143000e-05	-4.084013e-03	-5.047658e-01
4.144000e-05	-2.636339e-03	-3.588409e-01
4.145000e-05	-1.971029e-03	-1.773699e-01
4.146000e-05	-1.612646e-03	-2.104880e-02
4.147000e-05	1.462727e-03	2.020487e-01
4.148000e-05	-8.294191e-04	3.905238e-01
4.149000e-05	-1.711178e-03	5.563696e-01
4.150000e-05	-6.026687e-04	7.172907e-01
4.151000e-05	-5.375762e-03	8.116290e-01
4.152000e-05	-2.888793e-03	1.063759e+00
4.153000e-05	-2.089422e-03	1.253659e+00
4.154000e-05	9.412968e-03	1.432054e+00
4.155000e-05	4.791772e-02	1.624162e+00
4.156000e-05	4.172200e-02	1.873261e+00
4.157000e-05	-6.133671e-02	2.054734e+00
4.158000e-05	-3.212686e-02	2.243131e+00
4.159000e-05	-6.059892e-02	2.391953e+00
4.160000e-05	-5.626775e-02	2.507911e+00
4.161000e-05	1.345916e-01	2.748787e+00
4.162000e-05	-3.685286e-02	2.874732e+00
4.163000e-05	-9.974937e-02	3.002025e+00
4.164000e-05	1.611128e-01	3.178900e+00
4.165000e-05	-1.220111e-01	3.390526e+00
4.166000e-05	-2.774966e-02	3.559894e+00
4.167000e-05	1.079119e-01	3.685336e+00
4.168000e-05	-9.832113e-02	3.905785e+00
4.169000e-05	1.170095e-02	4.001678e+00
4.170000e-05	4.186572e-02	4.274690e+00
4.171000e-05	-7.198668e-02	4.422103e+00
4.172000e-05	2.588790e-02	4.620055e+00
4.173000e-05	-2.991455e-02	4.788899e+00
4.174000e-05	-1.529374e-02	4.929348e+00
4.175000e-05	8.721917e-03	5.181600e+00
4.176000e-05	-2.924949e-02	5.379977e+00
4.177000e-05	8.591545e-03	5.487296e+00
4.178000e-05	-6.405252e-03	5.675206e+00
4.179000e-05	-4.309295e-03	5.783666e+00
4.180000e-05	-3.644425e-02	6.013628e+00
4.181000e-05	-2.108536e-02	6.149422e+00
4.182000e-05	2.372928e-02	6.278316e+00
4.183000e-05	-3.709856e-02	6.432055e+00
4.184000e-05	2.487783e-04	6.537927e+00
4.185000e-05	-1.876521e-02	6.758924e+00
4.186000e-05	-2.159697e-02	6.846262e+00
4.187000e-05	-7.248562e-03	6.981505e+00
4.188000e-05	-2.469913e-02	7.128843e+00
4.189000e-05	2.161373e-03	7.202128e+00
4.190000e-05	-1.865846e-02	7.301926e+00
4.191000e-05	-2.033181e-02	7.599851e+00
4.192000e-05	-2.253059e-02	7.685763e+00
4.193000e-05	-1.119676e-02	7.833604e+00
4.194000e-05	-1.169054e-02	7.900446e+00
4.195000e-05	-2.495453e-02	8.066265e+00
4.196000e-05	-1.421326e-02	8.152027e+00
4.197000e-05	-1.363493e-02	8.266293e+00
4.198000e-05	-2.327970e-02	8.403050e+00
4.199000e-05	-2.158790e-02	8.423685e+00
4.200000e-05	-1.845495e-02	8.579373e+00
4.201000e-05	-1.742337e-02	8.633162e+00
4.202000e-05	-2.451514e-02	8.748745e+00
4.203000e-05	-2.204740e-02	8.793075e+00
4.204000e-05	-1.702109e-02	8.857818e+00
4.205000e-05	-2.510039e-02	9.013682e+00
4.206000e-05	-2.439080e-02	9.157918e+00
4.207000e-05	-2.245143e-02	9.203054e+00
4.208000e-05	-1.985962e-02	9.244213e+00
4.209000e-05	-2.783566e-02	9.319920e+00
4.210000e-05	-2.622204e-02	9.424554e+00
4.211000e-05	-2.065755e-02	9.455711e+00
4.212000e-05	-2.605553e-02	9.528890e+00
4.213000e-05	-2.901393e-02	9.561021e+00
4.214000e-05	-2.716843e-02	9.604153e+00
4.215000e-05	-2.334680e-02	9.638765e+00
4.216000e-05	-2.734766e-02	9.709970e+00
4.217000e-05	-2.805034e-02	9.785127e+00
4.218000e-05	-2.997508e-02	9.854662e+00
4.219000e-05	-3.055676e-02	9.844741e+00
4.220000e-05	-3.134738e-02	9.959391e+00
4.221000e-05	-3.031818e-02	9.969945e+00
4.222000e-05	-2.874267e-02	9.961479e+00
4.223000e-05	-3.385061e-02	1.001151e+01
4.224000e-05	-3.473505e-02	1.002208e+01
4.225000e-05	-3.188202e-02	1.003308e+01
4.226000e-05	-3.369299e-02	1.003366e+01
4.227000e-05	-3.509189e-02	1.003411e+01
4.228000e-05	-3.566738e-02	1.003466e+01
4.229000e-05	-3.535804e-02	1.004474e+01
4.230000e-05	-3.891591e-02	1.005524e+01
4.231000e-05	-3.825260e-02	1.005513e+01
4.232000e-05	-3.773222e-02	1.004361e+01
4.233000e-05	-3.853551e-02	1.003364e+01
4.234000e-05	-4.082615e-02	1.004423e+01
4.235000e-05	-4.034090e-02	1.000408e+01
4.236000e-05	-4.218467e-02	1.000250e+01
4.237000e-05	-4.215594e-02	9.982424e+00
4.238000e-05	-4.391077e-02	9.970396e+00
4.239000e-05	-4.444986e-02	9.907813e+00
4.240000e-05	-4.698034e-02	9.867687e+00
4.241000e-05	-4.851986e-02	9.773058e+00
4.242000e-05	-4.783796e-02	9.709872e+00
4.243000e-05	-5.022848e-02	9.706209e+00
4.244000e-05	-5.208573e-02	9.633607e+00
4.245000e-05	-5.412107e-02	9.600374e+00
4.246000e-05	-5.409983e-02	9.526792e+00
4.247000e-05	-5.643020e-02	9.454187e+00
4.248000e-05	-5.738134e-02	9.382475e+00
4.249000e-05	-5.692756e-02	9.307888e+00
4.250000e-05	-5.679695e-02	9.275710e+00
4.251000e-05	-5.796445e-02	9.210971e+00
4.252000e-05	-5.816594e-02	9.119413e+00
4.253000e-05	-5.550222e-02	8.973180e+00
4.254000e-05	-5.532344e-02	8.877292e+00
4.255000e-05	-5.378609e-02	8.854605e+00
4.256000e-05	-5.250834e-02	8.769844e+00
4.257000e-05	-4.980620e-02	8.634163e+00
4.258000e-05	-5.010513e-02	8.619397e+00
4.259000e-05	-4.813497e-02	8.433710e+00
4.260000e-05	-4.648854e-02	8.401999e+00
4.261000e-05	-4.304691e-02	8.295266e+00
4.262000e-05	-4.239617e-02	8.230571e+00
4.263000e-05	-4.019947e-02	8.035059e+00
4.264000e-05	-3.866488e-02	7.931421e+00
4.265000e-05	-3.595623e-02	7.853604e+00
4.266000e-05	-3.631637e-02	7.746366e+00
4.267000e-05	-3.456349e-02	7.602525e+00
4.268000e-05	-3.337194e-02	7.473208e+00
4.269000e-05	-3.100702e-02	7.306760e+00
4.270000e-05	-3.138046e-02	7.179371e+00
4.271000e-05	-2.845064e-02	7.042628e+00
4.272000e-05	-2.771552e-02	6.916739e+00
4.273000e-05	-2.713234e-02	6.799973e+00
4.274000e-05	-2.559820e-02	6.653099e+00
4.275000e-05	-2.430632e-02	6.444105e+00
4.276000e-05	-2.327429e-02	6.307313e+00
4.277000e-05	-2.332215e-02	6.189949e+00
4.278000e-05	-2.149594e-02	6.063154e+00
4.279000e-05	-2.098910e-02	5.917311e+00
4.280000e-05	-2.032043e-02	5.756738e+00
4.281000e-05	-2.007537e-02	5.559419e+00
4.282000e-05	-1.947712e-02	5.400520e+00
4.283000e-05	-1.834063e-02	5.254098e+00
4.284000e-05	-1.796956e-02	5.044422e+00
4.285000e-05	-1.703833e-02	4.852578e+00
4.286000e-05	-1.544219e-02	4.674732e+00
4.287000e-05	-1.490598e-02	4.548266e+00
4.288000e-05	-1.401324e-02	4.409993e+00
4.289000e-05	-1.393535e-02	4.151896e+00
4.290000e-05	-1.430375e-02	3.999975e+00
4.291000e-05	-1.305040e-02	3.874110e+00
4.292000e-05	-1.333742e-02	3.694708e+00
4.293000e-05	-1.208718e-02	3.578292e+00
4.294000e-05	-1.163293e-02	3.308237e+00
4.295000e-05	-1.093664e-02	3.198420e+00
4.296000e-05	-1.016809e-02	3.020472e+00
4.297000e-05	-1.073294e-02	2.823076e+00
4.298000e-05	-9.996638e-03	2.695156e+00
4.299000e-05	-1.007213e-02	2.440551e+00
4.300000e-05	-9.229648e-03	2.261580e+00
4.301000e-05	-8.905883e-03	2.075737e+00
4.302000e-05	-8.414279e-03	1.945264e+00
4.303000e-05	-7.641890e-03	1.735236e+00
4.304000e-05	-8.070534e-03	1.496190e+00
4.305000e-05	-6.057897e-03	1.376813e+00
4.306000e-05	-6.646651e-03	1.197866e+00
4.307000e-05	-6.413563e-03	9.131330e-01
4.308000e-05	-5.780472e-03	7.662608e-01
4.309000e-05	-5.858766e-03	5.562645e-01
4.310000e-05	-4.726883e-03	3.889473e-01
4.311000e-05	-4.840297e-03	1.998159e-01
4.312000e-05	-2.620337e-03	1.931986e-02
4.313000e-05	3.253387e-03	-2.295000e-01
4.314000e-05	-8.563136e-04	-3.368973e-01
4.315000e-05	-2.530124e-04	-4.642645e-01
4.316000e-05	-5.368941e-04	-7.058186e-01
4.317000e-05	-3.089887e-04	-8.637393e-01
4.318000e-05	-6.927552e-04	-9.820513e-01
4.319000e-05	4.966228e-03	-1.160958e+00
4.320000e-05	3.834555e-02	-1.348477e+00
4.321000e-05	7.951491e-02	-1.590529e+00
4.322000e-05	-6.868476e-02	-1.862284e+00
4.323000e-05	-1.229676e-02	-2.055267e+00
4.324000e-05	-8.004147e-02	-2.347399e+00
4.325000e-05	-2.598493e-02	-2.400000e+00
4.326000e-05	1.665789e-01	-2.412133e+00
4.327000e-05	-1.110409e-01	-2.635237e+00
4.328000e-05	-1.425583e-02	-2.813233e+00
4.329000e-05	1.695572e-01	-2.887949e+00
4.330000e-05	-1.880527e-01	-3.170607e+00
4.331000e-05	3.989112e-02	-3.380578e+00
4.332000e-05	1.216178e-01	-3.515790e+00
4.333000e-05	-1.545450e-01	-3.706995e+00
4.334000e-05	1.227219e-01	-3.946471e+00
4.335000e-05	5.778443e-03	-4.013764e+00
4.336000e-05	-8.992119e-02	-4.266343e+00
4.337000e-05	1.339893e-01	-4.379503e+00
4.338000e-05	-1.226103e-01	-4.551555e+00
4.339000e-05	6.836645e-02	-4.749473e+00
4.340000e-05	5.963997e-02	-4.885239e+00
4.341000e-05	-1.101184e-01	-5.085766e+00
4.342000e-05	1.155829e-01	-5.243213e+00
4.343000e-05	-4.268453e-02	-5.506817e+00
4.344000e-05	3.697346e-02	-5.674684e+00
4.345000e-05	-8.221715e-04	-5.722000e+00
4.346000e-05	-4.507146e-02	-5.938896e+00
4.347000e-05	1.099261e-01	-6.034258e+00
4.348000e-05	-7.444544e-02	-6.232690e+00
4.349000e-05	5.568177e-02	-6.392605e+00
4.350000e-05	2.121266e-02	-6.497897e+00
4.351000e-05	-3.569305e-02	-6.697395e+00
4.352000e-05	5.379671e-02	-6.770001e+00
4.353000e-05	-5.086256e-02	-6.921946e+00
4.354000e-05	8.809641e-02	-7.107271e+00
4.355000e-05	-1.197115e-02	-7.243179e+00
4.356000e-05	-1.051545e-02	-7.359475e+00
4.357000e-05	3.324287e-02	-7.446289e+00
4.358000e-05	-3.481614e-03	-7.613104e+00
4.359000e-05	4.411611e-02	-7.689475e+00
4.360000e-05	-2.636292e-02	-7.876873e+00
4.361000e-05	4.468043e-02	-8.011629e+00
4.362000e-05	1.038789e-02	-8.077846e+00
4.363000e-05	-5.461783e-04	-8.223659e+00
4.364000e-05	2.361140e-02	-8.287314e+00
4.365000e-05	1.354811e-02	-8.421628e+00
4.366000e-05	3.143543e-02	-8.479873e+00
4.367000e-05	-1.129315e-02	-8.615188e+00
4.368000e-05	3.181503e-02	-8.759925e+00
4.369000e-05	2.279294e-02	-8.814213e+00
4.370000e-05	1.330739e-02	-8.877442e+00
4.371000e-05	1.278350e-02	-8.971530e+00
4.372000e-05	1.990711e-02	-9.056189e+00
4.373000e-05	2.986326e-02	-9.127395e+00
4.374000e-05	7.747623e-03	-9.191131e+00
4.375000e-05	2.396633e-02	-9.235264e+00
4.376000e-05	2.472734e-02	-9.300025e+00
4.377000e-05	2.122194e-02	-9.415583e+00
4.378000e-05	1.478227e-02	-9.518396e+00
4.379000e-05	2.546209e-02	-9.538475e+00
4.380000e-05	2.751119e-02	-9.591658e+00
4.381000e-05	1.963195e-02	-9.634658e+00
4.382000e-05	2.210768e-02	-9.658267e+00
4.383000e-05	2.494290e-02	-9.738945e+00
4.384000e-05	2.530760e-02	-9.760948e+00
4.385000e-05	2.222394e-02	-9.752084e+00
4.386000e-05	2.755592e-02	-9.812659e+00
4.387000e-05	2.763371e-02	-9.864262e+00
4.388000e-05	2.492961e-02	-9.845818e+00
4.389000e-05	2.566132e-02	-9.876766e+00
4.390000e-05	2.856385e-02	-9.907895e+00
4.391000e-05	2.629698e-02	-9.897899e+00
4.392000e-05	2.688696e-02	-9.887871e+00
4.393000e-05	3.127630e-02	-9.939396e+00
4.394000e-05	3.137303e-02	-9.939497e+00
4.395000e-05	2.965224e-02	-9.919447e+00
4.396000e-05	2.984447e-02	-9.919870e+00
4.397000e-05	3.366223e-02	-9.937946e+00
4.398000e-05	3.375367e-02	-9.889471e+00
4.399000e-05	3.337942e-02	-9.897871e+00
4.400000e-05	3.491386e-02	-9.918370e+00
4.401000e-05	3.520994e-02	-9.895945e+00
4.402000e-05	3.495598e-02	-9.856216e+00
4.403000e-05	3.716912e-02	-9.823684e+00
4.404000e-05	4.076434e-02	-9.822132e+00
4.405000e-05	3.788897e-02	-9.761579e+00
4.406000e-05	4.153683e-02	-9.707475e+00
4.407000e-05	4.336965e-02	-9.696271e+00
4.408000e-05	4.465154e-02	-9.666737e+00
4.409000e-05	4.616724e-02	-9.633156e+00
4.410000e-05	4.340684e-02	-9.581003e+00
4.411000e-05	5.073600e-02	-9.498894e+00
4.412000e-05	4.647851e-02	-9.436290e+00
4.413000e-05	5.067506e-02	-9.340980e+00
4.414000e-05	5.101896e-02	-9.288844e+00
4.415000e-05	5.286829e-02	-9.224089e+00
4.416000e-05	5.264767e-02	-9.139400e+00
4.417000e-05	5.063099e-02	-9.064742e+00
4.418000e-05	5.271901e-02	-8.980082e+00
4.419000e-05	5.013851e-02	-8.907322e+00
4.420000e-05	4.781698e-02	-8.824656e+00
4.421000e-05	4.633438e-02	-8.781500e+00
4.422000e-05	4.355374e-02	-8.664716e+00
4.423000e-05	4.356735e-02	-8.510050e+00
4.424000e-05	4.221867e-02	-8.435165e+00
4.425000e-05	4.173683e-02	-8.359449e+00
4.426000e-05	3.874306e-02	-8.245316e+00
4.427000e-05	3.806158e-02	-8.160051e+00
4.428000e-05	3.656786e-02	-8.095309e+00
4.429000e-05	3.439429e-02	-8.000479e+00
4.430000e-05	3.145524e-02	-7.805685e+00
4.431000e-05	2.925090e-02	-7.698422e+00
4.432000e-05	2.818859e-02	-7.541896e+00
4.433000e-05	2.608224e-02	-7.432160e+00
4.434000e-05	2.616112e-02	-7.298841e+00
4.435000e-05	2.532155e-02	-7.231004e+00
4.436000e-05	2.457729e-02	-7.045238e+00
4.437000e-05	2.079754e-02	-6.864822e+00
4.438000e-05	2.026321e-02	-6.779424e+00
4.439000e-05	2.010692e-02	-6.594183e+00
4.440000e-05	1.900300e-02	-6.497267e+00
4.441000e-05	1.720306e-02	-6.399999e+00
4.442000e-05	1.676189e-02	-6.210580e+00
4.443000e-05	1.513818e-02	-6.013154e+00
4.444000e-05	1.419114e-02	-5.887767e+00
4.445000e-05	1.340308e-02	-5.731396e+00
4.446000e-05	1.311925e-02	-5.622001e+00
4.447000e-05	1.159129e-02	-5.452755e+00
4.448000e-05	1.102742e-02	-5.252036e+00
4.449000e-05	9.419864e-03	-5.064707e+00
4.450000e-05	9.996531e-03	-4.895314e+00
4.451000e-05	8.042141e-03	-4.675138e+00
4.452000e-05	8.920328e-03	-4.538470e+00
4.453000e-05	7.804570e-03	-4.420025e+00
4.454000e-05	7.691375e-03	-4.263179e+00
4.455000e-05	5.269913e-03	-4.106262e+00
4.456000e-05	6.656020e-03	-3.957471e+00
4.457000e-05	5.095831e-03	-3.745477e+00
4.458000e-05	6.062928e-03	-3.549948e+00
4.459000e-05	3.520809e-03	-3.410651e+00
4.460000e-05	3.872481e-03	-3.252579e+00
4.461000e-05	2.941311e-03	-3.063812e+00
4.462000e-05	3.150221e-03	-2.833133e+00
4.463000e-05	2.571785e-03	-2.695810e+00
4.464000e-05	7.042535e-04	-2.516792e+00
4.465000e-05	1.714689e-03	-2.328921e+00
4.466000e-05	2.154241e-03	-2.136419e+00
4.467000e-05	2.420592e-03	-1.987446e+00
4.468000e-05	-2.428310e-04	-1.779999e+00
4.469000e-05	1.020949e-04	-1.632605e+00
4.470000e-05	-9.306789e-04	-1.409521e+00
4.471000e-05	-2.910534e-04	-1.178945e+00
4.472000e-05	-2.622373e-03	-9.789739e-01
4.473000e-05	-2.165979e-03	-8.105051e-01
4.474000e-05	-3.299708e-03	-6.405565e-01
4.475000e-05	-1.951333e-03	-4.204502e-01
4.476000e-05	-3.515250e-03	-2.616316e-01
4.477000e-05	-2.292058e-03	-4.468702e-02
4.478000e-05	6.217941e-04	6.310653e-02
4.479000e-05	3.127846e-03	3.167394e-01
4.480000e-05	-3.556055e-03	4.741080e-01
4.481000e-05	1.308442e-03	6.510802e-01
4.482000e-05	-3.979815e-03	7.804486e-01
4.483000e-05	-1.409844e-03	9.558671e-01
4.484000e-05	-4.512974e-03	1.161421e+00
4.485000e-05	2.376739e-03	1.347318e+00
4.486000e-05	1.875010e-02	1.518319e+00
4.487000e-05	6.876275e-02	1.778951e+00
4.488000e-05	-1.649612e-02	1.989472e+00
4.489000e-05	-5.359409e-02	2.118841e+00
4.490000e-05	-3.618821e-02	2.317843e+00
4.491000e-05	-7.662993e-02	2.413610e+00
4.492000e-05	2.123822e-02	2.572576e+00
4.493000e-05	1.294266e-01	2.769476e+00
4.494000e-05	-1.630349e-01	2.938945e+00
4.495000e-05	7.883412e-02	3.064660e+00
4.496000e-05	4.015564e-02	3.246683e+00
4.497000e-05	-1.361691e-01	3.525234e+00
4.498000e-05	7.446114e-02	3.621528e+00
4.499000e-05	2.635694e-02	3.750997e+00
4.500000e-05	-1.057533e-01	3.968871e+00
4.501000e-05	8.607620e-02	4.119313e+00
4.502000e-05	-4.165248e-02	4.359399e+00
4.503000e-05	-2.501956e-02	4.496215e+00
4.504000e-05	2.048936e-02	4.646759e+00
4.505000e-05	-5.426269e-02	4.813658e+00
4.506000e-05	1.856626e-02	5.016214e+00
4.507000e-05	-2.255456e-02	5.295766e+00
4.508000e-05	-5.002896e-03	5.453633e+00
4.509000e-05	1.976887e-04	5.570549e+00
4.510000e-05	-3.154177e-03	5.759473e+00
4.511000e-05	-1.694824e-02	5.939370e+00
4.512000e-05	-4.208169e-02	6.095289e+00
4.513000e-05	1.137062e-02	6.221603e+00
4.514000e-05	-1.867362e-03	6.349947e+00
4.515000e-05	-2.992539e-02	6.456213e+00
4.516000e-05	1.631456e-03	6.676764e+00
4.517000e-05	-2.853653e-02	6.833130e+00
4.518000e-05	-1.112934e-02	6.958948e+00
4.519000e-05	-1.553087e-02	7.056180e+00
4.520000e-05	-1.789799e-02	7.169524e+00
4.521000e-05	3.269238e-03	7.276264e+00
4.522000e-05	-2.855409e-02	7.455712e+00
4.523000e-05	-1.503468e-02	7.613028e+00
4.524000e-05	-2.279591e-02	7.748995e+00
4.525000e-05	-4.129275e-03	7.826182e+00
4.526000e-05	-2.121968e-02	7.932600e+00
4.527000e-05	-2.339230e-02	8.119398e+00
4.528000e-05	-8.090949e-03	8.225707e+00
4.529000e-05	-2.207507e-02	8.347847e+00
4.530000e-05	-2.135357e-02	8.422129e+00
4.531000e-05	-2.532481e-02	8.517242e+00
4.532000e-05	-1.189158e-02	8.611603e+00
4.533000e-05	-2.280209e-02	8.687240e+00
4.534000e-05	-2.367308e-02	8.781399e+00
4.535000e-05	-1.909564e-02	8.825181e+00
4.536000e-05	-2.067150e-02	8.960450e+00
4.537000e-05	-2.441551e-02	9.057239e+00
4.538000e-05	-2.474855e-02	9.199048e+00
4.539000e-05	-1.840558e-02	9.232179e+00
4.540000e-05	-2.415796e-02	9.277771e+00
4.541000e-05	-2.656806e-02	9.351048e+00
4.542000e-05	-2.524544e-02	9.465183e+00
4.543000e-05	-2.253654e-02	9.486290e+00
4.544000e-05	-2.877665e-02	9.569924e+00
4.545000e-05	-2.777972e-02	9.581632e+00
4.546000e-05	-2.481571e-02	9.645179e+00
4.547000e-05	-2.630452e-02	9.689296e+00
4.548000e-05	-2.810356e-02	9.761501e+00
4.549000e-05	-2.944778e-02	9.813086e+00
4.550000e-05	-2.867503e-02	9.835737e+00
4.551000e-05	-3.249006e-02	9.898241e+00
4.552000e-05	-2.927462e-02	9.917971e+00
4.553000e-05	-2.918848e-02	9.960450e+00
4.554000e-05	-3.102041e-02	1.000310e+01
4.555000e-05	-3.618888e-02	1.001160e+01
4.556000e-05	-3.349951e-02	1.003513e+01
4.557000e-05	-3.242381e-02	1.000263e+01
4.558000e-05	-3.487726e-02	1.001416e+01
4.559000e-05	-3.377707e-02	1.007516e+01
4.560000e-05	-3.569848e-02	1.003481e+01
4.561000e-05	-3.662170e-02	1.004566e+01
4.562000e-05	-3.894180e-02	1.006618e+01
4.563000e-05	-3.802788e-02	1.002461e+01
4.564000e-05	-3.879445e-02	1.005513e+01
4.565000e-05	-3.997911e-02	1.004418e+01
4.566000e-05	-4.137166e-02	1.002408e+01
4.567000e-05	-4.137825e-02	1.002158e+01
4.568000e-05	-4.201855e-02	9.972525e+00
4.569000e-05	-4.367971e-02	9.960950e+00
4.570000e-05	-4.424099e-02	9.918818e+00
4.571000e-05	-4.468874e-02	9.896317e+00
4.572000e-05	-4.752924e-02	9.794105e+00
4.573000e-05	-4.865732e-02	9.712975e+00
4.574000e-05	-4.981933e-02	9.728265e+00
4.575000e-05	-5.137741e-02	9.646657e+00
4.576000e-05	-5.374847e-02	9.592075e+00
4.577000e-05	-5.311638e-02	9.568894e+00
4.578000e-05	-5.525901e-02	9.496236e+00
4.579000e-05	-5.569751e-02	9.443511e+00
4.580000e-05	-5.857921e-02	9.330898e+00
4.581000e-05	-5.738248e-02	9.306315e+00
4.582000e-05	-5.734802e-02	9.233605e+00
4.583000e-05	-5.735896e-02	9.190422e+00
4.584000e-05	-5.721669e-02	9.066787e+00
4.585000e-05	-5.571689e-02	8.958898e+00
4.586000e-05	-5.529538e-02	8.876181e+00
4.587000e-05	-5.350868e-02	8.790549e+00
4.588000e-05	-5.122493e-02	8.686816e+00
4.589000e-05	-4.860571e-02	8.633102e+00
4.590000e-05	-4.983451e-02	8.498318e+00
4.591000e-05	-4.629919e-02	8.444158e+00
4.592000e-05	-4.494433e-02	8.370420e+00
4.593000e-05	-4.227626e-02	8.244632e+00
4.594000e-05	-4.186449e-02	8.126839e+00
4.595000e-05	-3.888758e-02	8.003155e+00
4.596000e-05	-3.828973e-02	7.898263e+00
4.597000e-05	-3.573464e-02	7.781546e+00
4.598000e-05	-3.622411e-02	7.645230e+00
4.599000e-05	-3.255062e-02	7.538795e+00
4.600000e-05	-3.261538e-02	7.378999e+00
4.601000e-05	-2.974143e-02	7.232550e+00
4.602000e-05	-2.978796e-02	7.116291e+00
4.603000e-05	-2.868411e-02	6.968995e+00
4.604000e-05	-2.747294e-02	6.854605e+00
4.605000e-05	-2.653256e-02	6.716816e+00
4.606000e-05	-2.541076e-02	6.557261e+00
4.607000e-05	-2.403185e-02	6.409973e+00
4.608000e-05	-2.217963e-02	6.235156e+00
4.609000e-05	-2.231128e-02	6.106241e+00
4.610000e-05	-2.188495e-02	6.011452e+00
4.611000e-05	-2.072942e-02	5.821601e+00
4.612000e-05	-1.939951e-02	5.633609e+00
4.613000e-05	-1.927259e-02	5.495138e+00
4.614000e-05	-1.945520e-02	5.297813e+00
4.615000e-05	-1.832156e-02	5.160843e+00
4.616000e-05	-1.688943e-02	4.889343e+00
4.617000e-05	-1.513973e-02	4.758920e+00
4.618000e-05	-1.589383e-02	4.611025e+00
4.619000e-05	-1.498710e-02	4.452654e+00
4.620000e-05	-1.318556e-02	4.307658e+00
4.621000e-05	-1.349202e-02	4.122607e+00
4.622000e-05	-1.293995e-02	3.959367e+00
4.623000e-05	-1.329822e-02	3.779471e+00
4.624000e-05	-1.211191e-02	3.639499e+00
4.625000e-05	-1.208950e-02	3.484635e+00
4.626000e-05	-1.278321e-02	3.234051e+00
4.627000e-05	-1.254270e-02	3.114708e+00
4.628000e-05	-1.037036e-02	2.897816e+00
4.629000e-05	-9.341581e-03	2.787941e+00
4.630000e-05	-9.087589e-03	2.508321e+00
4.631000e-05	-9.449392e-03	2.347840e+00
4.632000e-05	-9.834671e-03	2.189446e+00
4.633000e-05	-7.386105e-03	2.041025e+00
4.634000e-05	-8.558783e-03	1.822574e+00
4.635000e-05	-7.451937e-03	1.659521e+00
4.636000e-05	-7.349994e-03	1.452032e+00
4.637000e-05	-6.777653e-03	1.262549e+00
4.638000e-05	-6.326719e-03	1.011550e+00
4.639000e-05	-6.412650e-03	7.895002e-01
4.640000e-05	-5.887495e-03	6.610538e-01
4.641000e-05	-5.143318e-03	4.631052e-01
4.642000e-05	-4.805737e-03	3.562065e-01
4.643000e-05	-4.684526e-03	6.308140e-02
4.644000e-05	-4.466209e-04	-7.478966e-02
4.645000e-05	2.747455e-03	-2.421607e-01
4.646000e-05	-2.550930e-03	-3.905288e-01
4.647000e-05	1.918222e-03	-6.195312e-01
4.648000e-05	-2.449612e-03	-7.904526e-01
4.649000e-05	1.216278e-03	-9.379234e-01
4.650000e-05	-1.276489e-03	-1.054267e+00
4.651000e-05	1.373152e-02	-1.255763e+00
4.652000e-05	7.459812e-02	-1.504769e+00
4.653000e-05	1.337367e-02	-1.685865e+00
4.654000e-05	-6.091563e-02	-1.939448e+00
4.655000e-05	-2.151908e-02	-2.213680e+00
4.656000e-05	-9.735649e-02	-2.398999e+00
4.657000e-05	9.221247e-02	-2.401053e+00
4.658000e-05	8.486248e-02	-2.507320e+00
4.659000e-05	-1.729649e-01	-2.749527e+00
4.660000e-05	1.596646e-01	-2.853291e+00
4.661000e-05	-1.305373e-02	-3.002190e+00
4.662000e-05	-1.589286e-01	-3.277370e+00
4.663000e-05	1.715231e-01	-3.422633e+00
4.664000e-05	-3.358134e-02	-3.580004e+00
4.665000e-05	-7.670605e-02	-3.794208e+00
4.666000e-05	1.681148e-01	-3.949526e+00
4.667000e-05	-1.390979e-01	-4.130551e+00
4.668000e-05	6.377314e-02	-4.336369e+00
4.669000e-05	2.328532e-02	-4.425310e+00
4.670000e-05	-9.931380e-02	-4.676844e+00
4.671000e-05	1.492091e-01	-4.770074e+00
4.672000e-05	-7.710406e-02	-4.981030e+00
4.673000e-05	7.051629e-03	-5.149523e+00
4.674000e-05	7.557577e-02	-5.372454e+00
4.675000e-05	-5.440000e-02	-5.580026e+00
4.676000e-05	7.431589e-02	-5.706863e+00
4.677000e-05	-7.753734e-02	-5.834790e+00
4.678000e-05	5.693413e-02	-6.000580e+00
4.679000e-05	3.415650e-02	-6.110974e+00
4.680000e-05	-5.913817e-02	-6.388450e+00
4.681000e-05	1.015748e-01	-6.464239e+00
4.682000e-05	-5.529679e-02	-6.593606e+00
4.683000e-05	3.640522e-02	-6.738396e+00
4.684000e-05	-4.820717e-03	-6.833736e+00
4.685000e-05	8.262544e-04	-7.026242e+00
4.686000e-05	7.989829e-02	-7.180579e+00
4.687000e-05	-5.720330e-02	-7.266342e+00
4.688000e-05	4.006041e-02	-7.371679e+00
4.689000e-05	-3.539752e-03	-7.508371e+00
4.690000e-05	3.115365e-02	-7.605713e+00
4.691000e-05	1.122646e-02	-7.793165e+00
4.692000e-05	-6.406269e-03	-7.959548e+00
4.693000e-05	5.372783e-02	-8.053662e+00
4.694000e-05	-1.763561e-02	-8.138979e+00
4.695000e-05	2.582221e-02	-8.264241e+00
4.696000e-05	6.444264e-03	-8.340000e+00
4.697000e-05	3.372235e-02	-8.434237e+00
4.698000e-05	5.416953e-03	-8.480982e+00
4.699000e-05	3.150094e-03	-8.717920e+00
4.700000e-05	3.658858e-02	-8.811003e+00
4.701000e-05	1.281676e-02	-8.827316e+00
4.702000e-05	1.802565e-02	-8.921925e+00
4.703000e-05	9.606422e-03	-9.022637e+00
4.704000e-05	3.084850e-02	-9.075868e+00
4.705000e-05	1.535393e-02	-9.148924e+00
4.706000e-05	1.413046e-02	-9.213632e+00
4.707000e-05	2.506957e-02	-9.297302e+00
4.708000e-05	2.328090e-02	-9.350533e+00
4.709000e-05	1.792269e-02	-9.476295e+00
4.710000e-05	1.736221e-02	-9.517771e+00
4.711000e-05	3.030212e-02	-9.571579e+00
4.712000e-05	2.255583e-02	-9.623683e+00
4.713000e-05	2.188842e-02	-9.644789e+00
4.714000e-05	2.146787e-02	-9.687870e+00
4.715000e-05	2.511093e-02	-9.718850e+00
4.716000e-05	2.230829e-02	-9.721552e+00
4.717000e-05	2.512618e-02	-9.802054e+00
4.718000e-05	2.888107e-02	-9.813736e+00
4.719000e-05	2.541318e-02	-9.835760e+00
4.720000e-05	2.529703e-02	-9.867271e+00
4.721000e-05	2.831916e-02	-9.877317e+00
4.722000e-05	3.018248e-02	-9.867845e+00
4.723000e-05	2.616212e-02	-9.898371e+00
4.724000e-05	2.902418e-02	-9.929970e+00
4.725000e-05	3.094024e-02	-9.938899e+00
4.726000e-05	3.150691e-02	-9.938899e+00
4.727000e-05	2.824377e-02	-9.947424e+00
4.728000e-05	3.171354e-02	-9.919446e+00
4.729000e-05	3.394348e-02	-9.947870e+00
4.730000e-05	3.296245e-02	-9.910472e+00
4.731000e-05	3.443405e-02	-9.927371e+00
4.732000e-05	3.570300e-02	-9.925841e+00
4.733000e-05	3.609975e-02	-9.865793e+00
4.734000e-05	3.639297e-02	-9.842688e+00
4.735000e-05	3.843774e-02	-9.834111e+00
4.736000e-05	3.927134e-02	-9.802130e+00
4.737000e-05	3.888719e-02	-9.741527e+00
4.738000e-05	4.087561e-02	-9.727971e+00
4.739000e-05	4.342312e-02	-9.645290e+00
4.740000e-05	4.521637e-02	-9.634758e+00
4.741000e-05	4.602184e-02	-9.660608e+00
4.742000e-05	4.735637e-02	-9.560503e+00
4.743000e-05	4.825317e-02	-9.526340e+00
4.744000e-05	4.940544e-02	-9.392659e+00
4.745000e-05	5.059566e-02	-9.309024e+00
4.746000e-05	5.069511e-02	-9.256686e+00
4.747000e-05	5.177607e-02	-9.171475e+00
4.748000e-05	5.071999e-02	-9.118841e+00
4.749000e-05	5.232373e-02	-9.034709e+00
4.750000e-05	5.219357e-02	-8.969053e+00
4.751000e-05	4.931787e-02	-8.865263e+00
4.752000e-05	4.849446e-02	-8.812605e+00
4.753000e-05	4.389029e-02	-8.768468e+00
4.754000e-05	4.438027e-02	-8.674683e+00
4.755000e-05	4.193009e-02	-8.477401e+00
4.756000e-05	4.220424e-02	-8.413507e+00
4.757000e-05	3.980441e-02	-8.277921e+00
4.758000e-05	3.810611e-02	-8.272132e+00
4.759000e-05	3.767627e-02	-8.128918e+00
4.760000e-05	3.409838e-02	-8.033659e+00
4.761000e-05	3.311345e-02	-7.947844e+00
4.762000e-05	3.115076e-02	-7.733654e+00
4.763000e-05	3.078632e-02	-7.663682e+00
4.764000e-05	2.833425e-02	-7.486366e+00
4.765000e-05	2.511359e-02	-7.381475e+00
4.766000e-05	2.548338e-02	-7.253686e+00
4.767000e-05	2.314271e-02	-7.128449e+00
4.768000e-05	2.218725e-02	-6.970982e+00
4.769000e-05	2.163333e-02	-6.823033e+00
4.770000e-05	2.040537e-02	-6.717267e+00
4.771000e-05	2.048945e-02	-6.579425e+00
4.772000e-05	1.744305e-02	-6.433631e+00
4.773000e-05	1.770254e-02	-6.296867e+00
4.774000e-05	1.539734e-02	-6.127849e+00
4.775000e-05	1.412805e-02	-5.959846e+00
4.776000e-05	1.371418e-02	-5.851580e+00
4.777000e-05	1.284474e-02	-5.685238e+00
4.778000e-05	1.234524e-02	-5.547322e+00
4.779000e-05	1.150588e-02	-5.359370e+00
4.780000e-05	1.079102e-02	-5.157949e+00
4.781000e-05	1.120011e-02	-5.020501e+00
4.782000e-05	8.411779e-03	-4.759049e+00
4.783000e-05	9.361330e-03	-4.593004e+00
4.784000e-05	8.355567e-03	-4.464761e+00
4.785000e-05	7.822730e-03	-4.315372e+00
4.786000e-05	5.648267e-03	-4.200499e+00
4.787000e-05	6.957849e-03	-4.012448e+00
4.788000e-05	6.296584e-03	-3.873786e+00
4.789000e-05	5.568457e-03	-3.662633e+00
4.790000e-05	4.196614e-03	-3.484190e+00
4.791000e-05	5.123635e-03	-3.327895e+00
4.792000e-05	3.797674e-03	-3.189397e+00
4.793000e-05	3.841739e-03	-2.988425e+00
4.794000e-05	2.799435e-03	-2.820945e+00
4.795000e-05	2.447002e-03	-2.661602e+00
4.796000e-05	9.504769e-04	-2.461136e+00
4.797000e-05	2.408441e-03	-2.263237e+00
4.798000e-05	8.238755e-04	-2.042162e+00
4.799000e-05	1.650212e-03	-1.894711e+00
4.800000e-05	2.225108e-04	-1.715291e+00
4.801000e-05	2.855614e-04	-1.535841e+00
4.802000e-05	-5.659433e-04	-1.285337e+00
4.803000e-05	-1.289859e-04	-1.124241e+00
4.804000e-05	-2.189137e-03	-9.152407e-01
4.805000e-05	-1.299314e-03	-7.483174e-01
4.806000e-05	-3.350470e-03	-5.452869e-01
4.807000e-05	-2.895631e-03	-3.468411e-01
4.808000e-05	-3.137910e-03	-1.688949e-01
4.809000e-05	-1.721414e-03	4.849652e-05
4.810000e-05	2.716353e-03	1.720232e-01
4.811000e-05	8.840386e-04	3.795488e-01
4.812000e-05	-2.587013e-03	5.268619e-01
4.813000e-05	2.104972e-04	6.757894e-01
4.814000e-05	-4.409525e-03	8.406314e-01
4.815000e-05	-2.705937e-03	1.094648e+00
4.816000e-05	-2.607604e-03	1.252129e+00
4.817000e-05	7.128028e-03	1.431051e+00
4.818000e-05	4.165864e-02	1.624156e+00
4.819000e-05	4.944750e-02	1.855684e+00
4.820000e-05	-5.827498e-02	2.033157e+00
4.821000e-05	-3.324142e-02	2.263153e+00
4.822000e-05	-5.660891e-02	2.399471e+00
4.823000e-05	-6.421528e-02	2.526215e+00
4.824000e-05	1.191979e-01	2.696237e+00
4.825000e-05	-2.917335e-03	2.843657e+00
4.826000e-05	-1.255820e-01	2.991023e+00
4.827000e-05	1.643902e-01	3.137869e+00
4.828000e-05	-1.033141e-01	3.331444e+00
4.829000e-05	-5.099080e-02	3.578472e+00
4.830000e-05	1.106870e-01	3.645188e+00
4.831000e-05	-8.298672e-02	3.873710e+00
4.832000e-05	-1.083789e-02	4.010079e+00
4.833000e-05	5.782687e-02	4.183009e+00
4.834000e-05	-7.357592e-02	4.412102e+00
4.835000e-05	2.110587e-02	4.580874e+00
4.836000e-05	-2.332691e-02	4.769996e+00
4.837000e-05	-2.441444e-02	4.878846e+00
4.838000e-05	1.573493e-02	5.170422e+00
4.839000e-05	-3.070635e-02	5.379949e+00
4.840000e-05	8.284160e-03	5.507313e+00
4.841000e-05	-7.109564e-03	5.633230e+00
4.842000e-05	-2.738631e-03	5.845185e+00
4.843000e-05	-3.307281e-02	6.010050e+00
4.844000e-05	-2.638959e-02	6.138841e+00
4.845000e-05	2.542919e-02	6.235788e+00
4.846000e-05	-3.510906e-02	6.402075e+00
4.847000e-05	-4.153745e-03	6.548896e+00
4.848000e-05	-1.435882e-02	6.748922e+00
4.849000e-05	-2.227816e-02	6.875236e+00
4.850000e-05	-6.269176e-03	7.029554e+00
4.851000e-05	-2.395079e-02	7.106812e+00
4.852000e-05	-6.663137e-04	7.192627e+00
4.853000e-05	-1.343561e-02	7.301349e+00
4.854000e-05	-2.128647e-02	7.548942e+00
4.855000e-05	-2.050820e-02	7.644685e+00
4.856000e-05	-1.275461e-02	7.781053e+00
4.857000e-05	-1.093877e-02	7.907738e+00
4.858000e-05	-2.527003e-02	8.026164e+00
4.859000e-05	-1.583345e-02	8.169978e+00
4.860000e-05	-1.153072e-02	8.257263e+00
4.861000e-05	-2.315072e-02	8.410000e+00
4.862000e-05	-2.142066e-02	8.414208e+00
4.863000e-05	-1.809862e-02	8.529395e+00
4.864000e-05	-1.473446e-02	8.644206e+00
4.865000e-05	-2.551893e-02	8.697342e+00
4.866000e-05	-2.389462e-02	8.781104e+00
4.867000e-05	-1.612705e-02	8.928371e+00
4.868000e-05	-2.342982e-02	9.016030e+00
4.869000e-05	-2.335017e-02	9.088445e+00
4.870000e-05	-2.277492e-02	9.192054e+00
4.871000e-05	-1.845055e-02	9.265182e+00
4.872000e-05	-2.745061e-02	9.338893e+00
4.873000e-05	-2.682631e-02	9.422529e+00
4.874000e-05	-2.233237e-02	9.446711e+00
4.875000e-05	-2.441269e-02	9.487896e+00
4.876000e-05	-2.876364e-02	9.538947e+00
4.877000e-05	-2.903899e-02	9.593058e+00
4.878000e-05	-2.419827e-02	9.657262e+00
4.879000e-05	-2.788186e-02	9.709370e+00
4.880000e-05	-2.697332e-02	9.802081e+00
4.881000e-05	-2.998830e-02	9.855183e+00
4.882000e-05	-3.130385e-02	9.886237e+00
4.883000e-05	-3.156009e-02	9.898295e+00
4.884000e-05	-2.885775e-02	9.990445e+00
4.885000e-05	-2.916718e-02	9.949397e+00
4.886000e-05	-3.373263e-02	9.984076e+00
4.887000e-05	-3.473072e-02	1.000358e+01
4.888000e-05	-3.153040e-02	1.001310e+01
4.889000e-05	-3.368914e-02	1.002416e+01
4.890000e-05	-3.639860e-02	1.003518e+01
4.891000e-05	-3.489862e-02	1.003418e+01
4.892000e-05	-3.472625e-02	1.004519e+01
4.893000e-05	-3.799029e-02	1.006563e+01
4.894000e-05	-3.890487e-02	1.005566e+01
4.895000e-05	-3.788385e-02	1.002416e+01
4.896000e-05	-3.788479e-02	1.003563e+01
4.897000e-05	-4.114664e-02	1.003363e+01
4.898000e-05	-4.064593e-02	1.001313e+01
4.899000e-05	-4.252856e-02	1.003253e+01
4.900000e-05	-4.334157e-02	9.979520e+00
4.901000e-05	-4.478349e-02	9.968919e+00
4.902000e-05	-4.474340e-02	9.888867e+00
4.903000e-05	-4.583984e-02	9.834759e+00
4.904000e-05	-4.828218e-02	9.835032e+00
4.905000e-05	-4.872612e-02	9.689845e+00
4.906000e-05	-4.932221e-02	9.658388e+00
4.907000e-05	-5.151348e-02	9.634104e+00
4.908000e-05	-5.450749e-02	9.591445e+00
4.909000e-05	-5.536888e-02	9.478317e+00
4.910000e-05	-5.639550e-02	9.474155e+00
4.911000e-05	-5.658022e-02	9.404574e+00
4.912000e-05	-5.760795e-02	9.376318e+00
4.913000e-05	-5.728936e-02	9.274707e+00
4.914000e-05	-5.715789e-02	9.213028e+00
4.915000e-05	-5.784765e-02	9.147366e+00
4.916000e-05	-5.590980e-02	9.024601e+00
4.917000e-05	-5.474812e-02	8.899343e+00
4.918000e-05	-5.329595e-02	8.832557e+00
4.919000e-05	-5.347209e-02	8.769398e+00
4.920000e-05	-5.092408e-02	8.675233e+00
4.921000e-05	-5.048326e-02	8.580399e+00
4.922000e-05	-4.663681e-02	8.494212e+00
4.923000e-05	-4.518574e-02	8.423524e+00
4.924000e-05	-4.366951e-02	8.317842e+00
4.925000e-05	-4.205209e-02	8.163050e+00
4.926000e-05	-3.935842e-02	8.076210e+00
4.927000e-05	-3.918870e-02	7.948498e+00
4.928000e-05	-3.733264e-02	7.866683e+00
4.929000e-05	-3.649683e-02	7.716842e+00
4.930000e-05	-3.308404e-02	7.604078e+00
4.931000e-05	-3.330348e-02	7.445655e+00
4.932000e-05	-3.175380e-02	7.308163e+00
4.933000e-05	-3.001111e-02	7.190498e+00
4.934000e-05	-2.801781e-02	7.043579e+00
4.935000e-05	-2.812613e-02	6.926815e+00
4.936000e-05	-2.767683e-02	6.811549e+00
4.937000e-05	-2.543737e-02	6.654107e+00
4.938000e-05	-2.389250e-02	6.475208e+00
4.939000e-05	-2.318948e-02	6.327888e+00
4.940000e-05	-2.316204e-02	6.192024e+00
4.941000e-05	-2.237442e-02	6.033080e+00
4.942000e-05	-2.078792e-02	5.978360e+00
4.943000e-05	-2.069908e-02	5.757790e+00
4.944000e-05	-2.079342e-02	5.589999e+00
4.945000e-05	-1.954119e-02	5.431499e+00
4.946000e-05	-1.846187e-02	5.254656e+00
4.947000e-05	-1.757034e-02	5.073707e+00
4.948000e-05	-1.715188e-02	4.864053e+00
4.949000e-05	-1.750359e-02	4.696213e+00
4.950000e-05	-1.581357e-02	4.547343e+00
4.951000e-05	-1.531259e-02	4.389399e+00
4.952000e-05	-1.465403e-02	4.212604e+00
4.953000e-05	-1.383484e-02	4.031025e+00
4.954000e-05	-1.271142e-02	3.863584e+00
4.955000e-05	-1.253640e-02	3.694665e+00
4.956000e-05	-1.272000e-02	3.609892e+00
4.957000e-05	-1.221518e-02	3.348338e+00
4.958000e-05	-1.198393e-02	3.168971e+00
4.959000e-05	-1.031110e-02	3.021969e+00
4.960000e-05	-1.101056e-02	2.862603e+00
4.961000e-05	-1.074833e-02	2.686234e+00
4.962000e-05	-1.041385e-02	2.453005e+00
4.963000e-05	-9.292705e-03	2.243157e+00
4.964000e-05	-8.702318e-03	2.065683e+00
4.965000e-05	-8.871025e-03	1.978391e+00
4.966000e-05	-7.713220e-03	1.729340e+00
4.967000e-05	-7.168757e-03	1.546318e+00
4.968000e-05	-6.767631e-03	1.388840e+00
4.969000e-05	-7.625515e-03	1.177970e+00
4.970000e-05	-6.537491e-03	8.771881e-01
4.971000e-05	-6.135759e-03	7.657896e-01
4.972000e-05	-5.701219e-03	5.578437e-01
4.973000e-05	-5.206116e-03	3.904451e-01
4.974000e-05	-4.848070e-03	2.089174e-01
4.975000e-05	-1.627088e-03	-1.080191e-03
4.976000e-05	3.276148e-03	-1.979223e-01
4.977000e-05	-2.280013e-04	-3.167946e-01
4.978000e-05	-1.267881e-03	-4.822142e-01
4.979000e-05	3.882875e-04	-7.066656e-01
4.980000e-05	-1.975364e-03	-8.636853e-01
4.981000e-05	-1.562146e-03	-9.795264e-01
4.982000e-05	4.212992e-03	-1.168975e+00
4.983000e-05	3.328296e-02	-1.325054e+00
4.984000e-05	8.667004e-02	-1.568027e+00
4.985000e-05	-6.018387e-02	-1.822083e+00
4.986000e-05	-1.691029e-02	-2.044308e+00
4.987000e-05	-7.005021e-02	-2.284921e+00
4.988000e-05	-4.664884e-02	-2.380050e+00
4.989000e-05	1.653410e-01	-2.442128e+00
4.990000e-05	-8.160426e-02	-2.623659e+00
4.991000e-05	-5.256580e-02	-2.812684e+00
4.992000e-05	1.861695e-01	-2.834847e+00
4.993000e-05	-1.704314e-01	-3.190100e+00
4.994000e-05	7.585473e-03	-3.369527e+00
4.995000e-05	1.445251e-01	-3.488318e+00
4.996000e-05	-1.486610e-01	-3.644738e+00
4.997000e-05	9.453501e-02	-3.905420e+00
4.998000e-05	4.169886e-02	-4.003637e+00
4.999000e-05	-1.153848e-01	-4.246268e+00
