# 260406_15:02:03.700629
t	CH1	CH2
0.000000e+00	-5.330121e-03	3.088120e-01
1.000000e-08	-4.564441e-03	6.531052e-02
2.000000e-08	2.971936e-04	-1.021355e-01
3.000000e-08	3.102974e-03	-2.601053e-01
4.000000e-08	-2.566629e-03	-4.184738e-01
5.000000e-08	1.918152e-03	-6.474247e-01
6.000000e-08	-1.276329e-03	-7.669200e-01
7.000000e-08	2.261731e-03	-9.853434e-01
8.000000e-08	-1.919512e-04	-1.092712e+00
9.000000e-08	1.679438e-02	-1.291258e+00
1.000000e-07	6.531464e-02	-1.501063e+00
1.100000e-07	2.073109e-02	-1.722691e+00
1.200000e-07	-6.015390e-02	-2.006421e+00
1.300000e-07	-2.498621e-02	-2.256981e+00
1.400000e-07	-8.285653e-02	-2.407925e+00
1.500000e-07	6.939222e-02	-2.450078e+00
1.600000e-07	9.218587e-02	-2.571767e+00
1.700000e-07	-1.581911e-01	-2.796950e+00
1.800000e-07	1.150015e-01	-2.953313e+00
1.900000e-07	1.082579e-02	-3.080614e+00
2.000000e-07	-1.340222e-01	-3.312296e+00
2.100000e-07	1.410467e-01	-3.502608e+00
2.200000e-07	-1.826762e-02	-3.608076e+00
2.300000e-07	-7.495154e-02	-3.900181e+00
2.400000e-07	1.509886e-01	-4.037498e+00
2.500000e-07	-1.137797e-01	-4.234429e+00
2.600000e-07	4.568931e-02	-4.369370e+00
2.700000e-07	3.750568e-02	-4.531680e+00
2.800000e-07	-8.441511e-02	-4.732893e+00
2.900000e-07	1.150587e-01	-4.900179e+00
3.000000e-07	-6.148160e-02	-5.077506e+00
3.100000e-07	6.350859e-03	-5.268474e+00
3.200000e-07	6.839471e-02	-5.426603e+00
3.300000e-07	-4.185864e-02	-5.618996e+00
3.400000e-07	6.287719e-02	-5.774865e+00
3.500000e-07	-6.755185e-02	-5.933765e+00
3.600000e-07	4.529510e-02	-6.060108e+00
3.700000e-07	3.138646e-02	-6.223447e+00
3.800000e-07	-4.610322e-02	-6.385995e+00
3.900000e-07	8.808679e-02	-6.543235e+00
4.000000e-07	-4.177164e-02	-6.689709e+00
4.100000e-07	3.002372e-02	-6.827947e+00
4.200000e-07	-5.858328e-03	-6.972713e+00
4.300000e-07	5.285051e-03	-7.141812e+00
4.400000e-07	6.973517e-02	-7.259503e+00
4.500000e-07	-4.457754e-02	-7.385342e+00
4.600000e-07	2.988471e-02	-7.511134e+00
4.700000e-07	2.734122e-03	-7.637021e+00
4.800000e-07	3.527721e-02	-7.846339e+00
4.900000e-07	8.183540e-03	-7.952288e+00
5.000000e-07	-4.488534e-03	-8.069554e+00
5.100000e-07	4.475943e-02	-8.204814e+00
5.200000e-07	-8.485126e-03	-8.259030e+00
5.300000e-07	2.340388e-02	-8.373317e+00
5.400000e-07	1.133662e-02	-8.450026e+00
5.500000e-07	3.416465e-02	-8.603790e+00
5.600000e-07	2.893685e-03	-8.761031e+00
5.700000e-07	5.085290e-03	-8.805993e+00
5.800000e-07	3.314241e-02	-8.920105e+00
5.900000e-07	1.856036e-02	-9.015367e+00
6.000000e-07	1.770434e-02	-9.089147e+00
6.100000e-07	1.242909e-02	-9.123737e+00
6.200000e-07	3.100024e-02	-9.216445e+00
6.300000e-07	1.625228e-02	-9.300525e+00
6.400000e-07	1.625677e-02	-9.393788e+00
6.500000e-07	2.489966e-02	-9.529046e+00
6.600000e-07	2.563450e-02	-9.512285e+00
6.700000e-07	1.631796e-02	-9.607993e+00
6.800000e-07	2.029346e-02	-9.689523e+00
6.900000e-07	3.202167e-02	-9.721632e+00
7.000000e-07	2.457028e-02	-9.734910e+00
7.100000e-07	2.219652e-02	-9.816342e+00
7.200000e-07	2.176063e-02	-9.839022e+00
7.300000e-07	2.703804e-02	-9.889580e+00
7.400000e-07	2.344836e-02	-9.912179e+00
7.500000e-07	2.735894e-02	-9.920756e+00
7.600000e-07	2.991526e-02	-9.995366e+00
7.700000e-07	2.734017e-02	-9.985436e+00
7.800000e-07	2.529003e-02	-9.978018e+00
7.900000e-07	2.966146e-02	-1.001847e+01
8.000000e-07	3.091905e-02	-1.003849e+01
8.100000e-07	2.793607e-02	-1.001955e+01
8.200000e-07	3.113509e-02	-1.006052e+01
8.300000e-07	3.246856e-02	-1.012215e+01
8.400000e-07	3.344183e-02	-1.012008e+01
8.500000e-07	3.012141e-02	-1.007255e+01
8.600000e-07	3.298997e-02	-1.009153e+01
8.700000e-07	3.537639e-02	-1.009015e+01
8.800000e-07	3.531218e-02	-1.008262e+01
8.900000e-07	3.614571e-02	-1.008862e+01
9.000000e-07	3.740697e-02	-1.004795e+01
9.100000e-07	3.758297e-02	-1.003897e+01
9.200000e-07	3.588462e-02	-9.998439e+00
9.300000e-07	3.949557e-02	-9.963787e+00
9.400000e-07	4.236285e-02	-9.935335e+00
9.500000e-07	4.201531e-02	-9.931726e+00
9.600000e-07	4.324424e-02	-9.880076e+00
9.700000e-07	4.507938e-02	-9.847993e+00
9.800000e-07	4.790213e-02	-9.787390e+00
9.900000e-07	4.734067e-02	-9.740254e+00
1.000000e-06	4.835664e-02	-9.701678e+00
1.010000e-06	5.044318e-02	-9.610025e+00
1.020000e-06	5.124248e-02	-9.616416e+00
1.030000e-06	5.371867e-02	-9.534754e+00
1.040000e-06	5.294904e-02	-9.488419e+00
1.050000e-06	5.356840e-02	-9.344208e+00
1.060000e-06	5.297628e-02	-9.230524e+00
1.070000e-06	5.278862e-02	-9.156890e+00
1.080000e-06	5.288782e-02	-9.123181e+00
1.090000e-06	5.183517e-02	-9.028946e+00
1.100000e-06	5.037794e-02	-8.964685e+00
1.110000e-06	4.790289e-02	-8.831626e+00
1.120000e-06	4.459642e-02	-8.797441e+00
1.130000e-06	4.336965e-02	-8.700623e+00
1.140000e-06	4.219916e-02	-8.583786e+00
1.150000e-06	4.095054e-02	-8.451498e+00
1.160000e-06	3.935288e-02	-8.364438e+00
1.170000e-06	3.764592e-02	-8.281027e+00
1.180000e-06	3.634518e-02	-8.186338e+00
1.190000e-06	3.459421e-02	-8.070576e+00
1.200000e-06	3.249311e-02	-7.955986e+00
1.210000e-06	3.014282e-02	-7.838416e+00
1.220000e-06	2.880636e-02	-7.692066e+00
1.230000e-06	2.653768e-02	-7.504258e+00
1.240000e-06	2.609234e-02	-7.417386e+00
1.250000e-06	2.499897e-02	-7.263553e+00
1.260000e-06	2.428615e-02	-7.135259e+00
1.270000e-06	2.194106e-02	-6.976286e+00
1.280000e-06	2.114331e-02	-6.789021e+00
1.290000e-06	2.012326e-02	-6.713629e+00
1.300000e-06	1.875207e-02	-6.557912e+00
1.310000e-06	1.818981e-02	-6.400549e+00
1.320000e-06	1.702586e-02	-6.300624e+00
1.330000e-06	1.526533e-02	-6.062754e+00
1.340000e-06	1.419734e-02	-5.946286e+00
1.350000e-06	1.380217e-02	-5.789967e+00
1.360000e-06	1.316281e-02	-5.640546e+00
1.370000e-06	1.319502e-02	-5.544199e+00
1.380000e-06	1.178028e-02	-5.294206e+00
1.390000e-06	1.098552e-02	-5.093230e+00
1.400000e-06	9.888199e-03	-4.945909e+00
1.410000e-06	9.243440e-03	-4.715283e+00
1.420000e-06	7.382630e-03	-4.589842e+00
1.430000e-06	7.602092e-03	-4.411022e+00
1.440000e-06	6.747427e-03	-4.313677e+00
1.450000e-06	6.914527e-03	-4.126378e+00
1.460000e-06	6.997355e-03	-3.978445e+00
1.470000e-06	5.452731e-03	-3.800913e+00
1.480000e-06	5.081180e-03	-3.579520e+00
1.490000e-06	4.743137e-03	-3.431549e+00
1.500000e-06	3.996281e-03	-3.241152e+00
1.510000e-06	3.656625e-03	-3.095174e+00
1.520000e-06	1.242834e-03	-2.882576e+00
1.530000e-06	3.837946e-03	-2.716228e+00
1.540000e-06	9.662973e-04	-2.515303e+00
1.550000e-06	2.598688e-03	-2.387340e+00
1.560000e-06	2.377362e-04	-2.127283e+00
1.570000e-06	2.270516e-03	-1.948915e+00
1.580000e-06	3.633531e-04	-1.789467e+00
1.590000e-06	-1.066492e-04	-1.620050e+00
1.600000e-06	-2.395300e-03	-1.399007e+00
1.610000e-06	-1.376573e-03	-1.158389e+00
1.620000e-06	-2.393227e-03	-9.489157e-01
1.630000e-06	-2.534292e-03	-7.909486e-01
1.640000e-06	-4.777012e-03	-5.808895e-01
1.650000e-06	-2.245906e-03	-3.889711e-01
1.660000e-06	-2.385333e-03	-2.230999e-01
1.670000e-06	-1.931315e-03	-5.512638e-02
1.680000e-06	1.427254e-03	1.158209e-01
1.690000e-06	3.978986e-04	3.754236e-01
1.700000e-06	-2.583491e-03	5.041909e-01
1.710000e-06	-2.680514e-04	6.512143e-01
1.720000e-06	-4.947486e-03	8.105288e-01
1.730000e-06	-2.754221e-03	1.007051e+00
1.740000e-06	-3.431114e-03	1.219003e+00
1.750000e-06	7.739547e-03	1.365451e+00
1.760000e-06	3.797519e-02	1.599501e+00
1.770000e-06	4.921201e-02	1.850062e+00
1.780000e-06	-5.300584e-02	2.019580e+00
1.790000e-06	-3.831604e-02	2.210480e+00
1.800000e-06	-5.233027e-02	2.417399e+00
1.810000e-06	-5.830137e-02	2.492144e+00
1.820000e-06	9.310682e-02	2.690665e+00
1.830000e-06	2.067681e-02	2.892029e+00
1.840000e-06	-1.312747e-01	2.997925e+00
1.850000e-06	1.446435e-01	3.145295e+00
1.860000e-06	-7.720013e-02	3.365928e+00
1.870000e-06	-5.250709e-02	3.557324e+00
1.880000e-06	9.857681e-02	3.700588e+00
1.890000e-06	-6.694594e-02	3.861139e+00
1.900000e-06	-2.607533e-02	4.089057e+00
1.910000e-06	5.637069e-02	4.247084e+00
1.920000e-06	-6.618972e-02	4.449480e+00
1.930000e-06	1.226123e-02	4.607502e+00
1.940000e-06	-8.212153e-03	4.786497e+00
1.950000e-06	-2.985833e-02	4.984346e+00
1.960000e-06	4.665299e-03	5.206475e+00
1.970000e-06	-2.726775e-02	5.386971e+00
1.980000e-06	1.131793e-02	5.513742e+00
1.990000e-06	-8.057967e-03	5.671685e+00
2.000000e-06	-1.459950e-03	5.891140e+00
2.010000e-06	-3.325713e-02	6.050080e+00
2.020000e-06	-2.772581e-02	6.185000e+00
2.030000e-06	2.210439e-02	6.354239e+00
2.040000e-06	-3.128182e-02	6.480105e+00
2.050000e-06	-7.978492e-03	6.656374e+00
2.060000e-06	-1.467285e-02	6.796992e+00
2.070000e-06	-2.171939e-02	6.923737e+00
2.080000e-06	-8.010038e-03	7.080031e+00
2.090000e-06	-2.059915e-02	7.175845e+00
2.100000e-06	-6.699423e-03	7.290707e+00
2.110000e-06	-1.499809e-02	7.448498e+00
2.120000e-06	-2.307391e-02	7.596469e+00
2.130000e-06	-2.200471e-02	7.734789e+00
2.140000e-06	-1.146294e-02	7.890557e+00
2.150000e-06	-7.859259e-03	7.966447e+00
2.160000e-06	-2.595469e-02	8.172837e+00
2.170000e-06	-2.153578e-02	8.300000e+00
2.180000e-06	-1.286843e-02	8.355315e+00
2.190000e-06	-2.284423e-02	8.439576e+00
2.200000e-06	-2.157054e-02	8.543239e+00
2.210000e-06	-1.942899e-02	8.608975e+00
2.220000e-06	-1.765080e-02	8.732287e+00
2.230000e-06	-2.751221e-02	8.798447e+00
2.240000e-06	-2.531808e-02	8.852129e+00
2.250000e-06	-1.695449e-02	9.036919e+00
2.260000e-06	-2.402465e-02	9.142280e+00
2.270000e-06	-2.525723e-02	9.198569e+00
2.280000e-06	-2.589415e-02	9.291079e+00
2.290000e-06	-2.054445e-02	9.354293e+00
2.300000e-06	-2.885618e-02	9.457999e+00
2.310000e-06	-2.794727e-02	9.522112e+00
2.320000e-06	-2.422595e-02	9.525316e+00
2.330000e-06	-2.661085e-02	9.617497e+00
2.340000e-06	-3.057640e-02	9.661629e+00
2.350000e-06	-2.925299e-02	9.723761e+00
2.360000e-06	-2.375115e-02	9.814894e+00
2.370000e-06	-2.977721e-02	9.908949e+00
2.380000e-06	-3.148222e-02	9.931833e+00
2.390000e-06	-3.251672e-02	9.965337e+00
2.400000e-06	-3.142199e-02	1.000994e+01
2.410000e-06	-3.252878e-02	1.000697e+01
2.420000e-06	-3.181031e-02	1.004955e+01
2.430000e-06	-3.092621e-02	1.005160e+01
2.440000e-06	-3.592256e-02	1.008216e+01
2.450000e-06	-3.715050e-02	1.009373e+01
2.460000e-06	-3.453403e-02	1.010371e+01
2.470000e-06	-3.333105e-02	1.015426e+01
2.480000e-06	-3.695032e-02	1.017381e+01
2.490000e-06	-3.739568e-02	1.013579e+01
2.500000e-06	-3.841545e-02	1.015632e+01
2.510000e-06	-3.974199e-02	1.012584e+01
2.520000e-06	-4.010706e-02	1.017424e+01
2.530000e-06	-4.058846e-02	1.016384e+01
2.540000e-06	-4.035801e-02	1.011481e+01
2.550000e-06	-4.214496e-02	1.008423e+01
2.560000e-06	-4.263604e-02	1.010271e+01
2.570000e-06	-4.358619e-02	1.012321e+01
2.580000e-06	-4.441740e-02	1.008218e+01
2.590000e-06	-4.605115e-02	1.006157e+01
2.600000e-06	-4.764453e-02	1.004000e+01
2.610000e-06	-4.887308e-02	9.986413e+00
2.620000e-06	-5.031575e-02	9.944282e+00
2.630000e-06	-4.993594e-02	9.892599e+00
2.640000e-06	-5.188598e-02	9.868123e+00
2.650000e-06	-5.489945e-02	9.814762e+00
2.660000e-06	-5.669620e-02	9.732604e+00
2.670000e-06	-5.636363e-02	9.581498e+00
2.680000e-06	-5.822850e-02	9.567363e+00
2.690000e-06	-5.993933e-02	9.503702e+00
2.700000e-06	-6.055458e-02	9.458520e+00
2.710000e-06	-6.096026e-02	9.366918e+00
2.720000e-06	-6.044994e-02	9.323733e+00
2.730000e-06	-5.889653e-02	9.230098e+00
2.740000e-06	-5.871854e-02	9.168909e+00
2.750000e-06	-5.825152e-02	9.021596e+00
2.760000e-06	-5.727172e-02	8.985790e+00
2.770000e-06	-5.375782e-02	8.830100e+00
2.780000e-06	-5.124562e-02	8.758864e+00
2.790000e-06	-4.969640e-02	8.691179e+00
2.800000e-06	-5.201935e-02	8.587969e+00
2.810000e-06	-4.600658e-02	8.454178e+00
2.820000e-06	-4.593298e-02	8.409994e+00
2.830000e-06	-4.309745e-02	8.363807e+00
2.840000e-06	-4.255300e-02	8.157268e+00
2.850000e-06	-3.857445e-02	8.062751e+00
2.860000e-06	-3.806734e-02	7.908358e+00
2.870000e-06	-3.802288e-02	7.820571e+00
2.880000e-06	-3.639444e-02	7.714783e+00
2.890000e-06	-3.418221e-02	7.570539e+00
2.900000e-06	-3.271640e-02	7.491517e+00
2.910000e-06	-3.131569e-02	7.292125e+00
2.920000e-06	-3.020321e-02	7.116281e+00
2.930000e-06	-2.778387e-02	7.030518e+00
2.940000e-06	-2.913250e-02	6.871580e+00
2.950000e-06	-2.729121e-02	6.776360e+00
2.960000e-06	-2.584573e-02	6.589439e+00
2.970000e-06	-2.357587e-02	6.400026e+00
2.980000e-06	-2.262631e-02	6.251128e+00
2.990000e-06	-2.314079e-02	6.135836e+00
3.000000e-06	-2.248515e-02	6.011525e+00
3.010000e-06	-2.188898e-02	5.842551e+00
3.020000e-06	-2.114780e-02	5.630600e+00
3.030000e-06	-2.073133e-02	5.503706e+00
3.040000e-06	-1.917314e-02	5.346909e+00
3.050000e-06	-1.841649e-02	5.135938e+00
3.060000e-06	-1.726486e-02	4.917409e+00
3.070000e-06	-1.784280e-02	4.788917e+00
3.080000e-06	-1.753651e-02	4.600471e+00
3.090000e-06	-1.650941e-02	4.422599e+00
3.100000e-06	-1.505268e-02	4.326259e+00
3.110000e-06	-1.460665e-02	4.085254e+00
3.120000e-06	-1.450648e-02	3.936787e+00
3.130000e-06	-1.381322e-02	3.708388e+00
3.140000e-06	-1.336687e-02	3.619572e+00
3.150000e-06	-1.270571e-02	3.451497e+00
3.160000e-06	-1.240991e-02	3.190025e+00
3.170000e-06	-1.076291e-02	3.045152e+00
3.180000e-06	-1.081450e-02	2.875279e+00
3.190000e-06	-1.016501e-02	2.708916e+00
3.200000e-06	-1.021171e-02	2.476157e+00
3.210000e-06	-9.791611e-03	2.327282e+00
3.220000e-06	-8.843392e-03	2.097809e+00
3.230000e-06	-8.166123e-03	1.990471e+00
3.240000e-06	-7.843199e-03	1.800021e+00
3.250000e-06	-7.517706e-03	1.551421e+00
3.260000e-06	-7.533412e-03	1.362022e+00
3.270000e-06	-5.842343e-03	1.191047e+00
3.280000e-06	-6.269587e-03	9.699674e-01
3.290000e-06	-6.134109e-03	7.393946e-01
3.300000e-06	-5.368925e-03	5.800185e-01
3.310000e-06	-4.378196e-03	4.015774e-01
3.320000e-06	-3.856044e-03	1.726225e-01
3.330000e-06	-3.638921e-03	2.160107e-02
3.340000e-06	2.059964e-03	-1.657749e-01
3.350000e-06	1.268542e-03	-3.768120e-01
3.360000e-06	-9.800048e-05	-4.817077e-01
3.370000e-06	6.837081e-04	-7.006644e-01
3.380000e-06	-1.414325e-03	-9.020563e-01
3.390000e-06	-2.061129e-04	-1.018975e+00
3.400000e-06	5.066028e-03	-1.175398e+00
3.410000e-06	2.966747e-02	-1.355272e+00
3.420000e-06	7.931313e-02	-1.606950e+00
3.430000e-06	-4.796901e-02	-1.868983e+00
3.440000e-06	-2.412040e-02	-2.119642e+00
3.450000e-06	-5.759289e-02	-2.323792e+00
3.460000e-06	-5.001925e-02	-2.460523e+00
3.470000e-06	1.434871e-01	-2.451079e+00
3.480000e-06	-4.227143e-02	-2.659554e+00
3.490000e-06	-6.577542e-02	-2.902033e+00
3.500000e-06	1.705113e-01	-3.025237e+00
3.510000e-06	-1.369904e-01	-3.226976e+00
3.520000e-06	-9.023479e-03	-3.428979e+00
3.530000e-06	1.314054e-01	-3.564738e+00
3.540000e-06	-1.241854e-01	-3.762562e+00
3.550000e-06	6.414473e-02	-3.965366e+00
3.560000e-06	5.273429e-02	-4.090608e+00
3.570000e-06	-1.069509e-01	-4.323292e+00
3.580000e-06	1.204741e-01	-4.429526e+00
3.590000e-06	-7.913530e-02	-4.637900e+00
3.600000e-06	2.116141e-02	-4.857051e+00
3.610000e-06	7.414454e-02	-4.952288e+00
3.620000e-06	-9.853618e-02	-5.192788e+00
3.630000e-06	9.338864e-02	-5.331632e+00
3.640000e-06	-1.606709e-02	-5.572167e+00
3.650000e-06	2.073275e-02	-5.702635e+00
3.660000e-06	1.569414e-02	-5.879049e+00
3.670000e-06	-5.589021e-02	-6.006921e+00
3.680000e-06	9.314068e-02	-6.141661e+00
3.690000e-06	-4.842976e-02	-6.329711e+00
3.700000e-06	3.088868e-02	-6.480080e+00
3.710000e-06	3.846429e-02	-6.636368e+00
3.720000e-06	-3.666388e-02	-6.785767e+00
3.730000e-06	5.055649e-02	-6.880026e+00
3.740000e-06	-3.854804e-02	-7.087946e+00
3.750000e-06	6.416363e-02	-7.187895e+00
3.760000e-06	7.646934e-03	-7.322659e+00
3.770000e-06	-2.074235e-02	-7.450976e+00
3.780000e-06	3.126989e-02	-7.556343e+00
3.790000e-06	2.328741e-03	-7.790655e+00
3.800000e-06	4.480933e-02	-7.848020e+00
3.810000e-06	-1.704003e-02	-7.994918e+00
3.820000e-06	3.126570e-02	-8.101684e+00
3.830000e-06	1.887394e-02	-8.197545e+00
3.840000e-06	-2.236326e-03	-8.331634e+00
3.850000e-06	2.215932e-02	-8.426971e+00
3.860000e-06	1.655098e-02	-8.532109e+00
3.870000e-06	3.055461e-02	-8.685849e+00
3.880000e-06	-7.259479e-03	-8.733834e+00
3.890000e-06	2.613584e-02	-8.858553e+00
3.900000e-06	2.871030e-02	-8.941786e+00
3.910000e-06	1.760301e-02	-9.067523e+00
3.920000e-06	1.135986e-02	-9.100234e+00
3.930000e-06	1.856971e-02	-9.185367e+00
3.940000e-06	2.922373e-02	-9.248423e+00
3.950000e-06	1.067970e-02	-9.270655e+00
3.960000e-06	2.201465e-02	-9.445317e+00
3.970000e-06	2.689577e-02	-9.520229e+00
3.980000e-06	2.408102e-02	-9.565913e+00
3.990000e-06	1.605533e-02	-9.615996e+00
4.000000e-06	2.590990e-02	-9.679632e+00
4.010000e-06	3.046729e-02	-9.753136e+00
4.020000e-06	2.273176e-02	-9.815314e+00
4.030000e-06	2.149199e-02	-9.846945e+00
4.040000e-06	2.479035e-02	-9.898648e+00
4.050000e-06	2.597263e-02	-9.911703e+00
4.060000e-06	2.376303e-02	-9.912282e+00
4.070000e-06	2.923403e-02	-9.933787e+00
4.080000e-06	2.988493e-02	-9.944866e+00
4.090000e-06	2.636415e-02	-9.967417e+00
4.100000e-06	2.721406e-02	-1.002792e+01
4.110000e-06	3.192723e-02	-1.001897e+01
4.120000e-06	2.901634e-02	-1.004745e+01
4.130000e-06	2.743372e-02	-1.007147e+01
4.140000e-06	3.032815e-02	-1.008153e+01
4.150000e-06	3.323089e-02	-1.014160e+01
4.160000e-06	3.134300e-02	-1.006213e+01
4.170000e-06	3.119037e-02	-1.007115e+01
4.180000e-06	3.480504e-02	-1.005105e+01
4.190000e-06	3.574087e-02	-1.011108e+01
4.200000e-06	3.500586e-02	-1.008060e+01
4.210000e-06	3.559166e-02	-1.005102e+01
4.220000e-06	3.697870e-02	-1.003894e+01
4.230000e-06	3.753737e-02	-9.996941e+00
4.240000e-06	3.814311e-02	-9.985991e+00
4.250000e-06	4.159141e-02	-9.945312e+00
4.260000e-06	4.027450e-02	-9.933708e+00
4.270000e-06	4.205516e-02	-9.892113e+00
4.280000e-06	4.477764e-02	-9.858571e+00
4.290000e-06	4.706839e-02	-9.827468e+00
4.300000e-06	4.731461e-02	-9.765313e+00
4.310000e-06	4.775035e-02	-9.732234e+00
4.320000e-06	5.020620e-02	-9.672148e+00
4.330000e-06	5.165960e-02	-9.639472e+00
4.340000e-06	5.204305e-02	-9.564317e+00
4.350000e-06	5.456369e-02	-9.530603e+00
4.360000e-06	5.315337e-02	-9.435913e+00
4.370000e-06	5.225952e-02	-9.312175e+00
4.380000e-06	5.264574e-02	-9.229016e+00
4.390000e-06	5.315675e-02	-9.124334e+00
4.400000e-06	5.236204e-02	-9.070645e+00
4.410000e-06	5.154260e-02	-9.004411e+00
4.420000e-06	4.733331e-02	-8.880700e+00
4.430000e-06	4.714668e-02	-8.821022e+00
4.440000e-06	4.512799e-02	-8.755857e+00
4.450000e-06	4.256513e-02	-8.688497e+00
4.460000e-06	4.305758e-02	-8.554733e+00
4.470000e-06	3.863081e-02	-8.378491e+00
4.480000e-06	4.042687e-02	-8.344154e+00
4.490000e-06	3.496727e-02	-8.279466e+00
4.500000e-06	3.540378e-02	-8.105232e+00
4.510000e-06	3.298667e-02	-8.049922e+00
4.520000e-06	3.193713e-02	-7.941327e+00
4.530000e-06	3.011700e-02	-7.733231e+00
4.540000e-06	2.742729e-02	-7.606563e+00
4.550000e-06	2.661131e-02	-7.481599e+00
4.560000e-06	2.645768e-02	-7.315832e+00
4.570000e-06	2.384276e-02	-7.197996e+00
4.580000e-06	2.247391e-02	-7.093176e+00
4.590000e-06	2.085972e-02	-6.882755e+00
4.600000e-06	2.185135e-02	-6.777413e+00
4.610000e-06	1.974523e-02	-6.652071e+00
4.620000e-06	1.779212e-02	-6.494155e+00
4.630000e-06	1.684879e-02	-6.357465e+00
4.640000e-06	1.698255e-02	-6.217437e+00
4.650000e-06	1.616779e-02	-5.979466e+00
4.660000e-06	1.401574e-02	-5.893623e+00
4.670000e-06	1.371845e-02	-5.725784e+00
4.680000e-06	1.363029e-02	-5.588388e+00
4.690000e-06	1.212139e-02	-5.360016e+00
4.700000e-06	9.912849e-03	-5.189471e+00
4.710000e-06	9.738688e-03	-5.031049e+00
4.720000e-06	9.044909e-03	-4.809645e+00
4.730000e-06	9.613096e-03	-4.631647e+00
4.740000e-06	6.716294e-03	-4.497180e+00
4.750000e-06	8.014317e-03	-4.368338e+00
4.760000e-06	6.908634e-03	-4.208021e+00
4.770000e-06	8.375498e-03	-4.051975e+00
4.780000e-06	5.252527e-03	-3.915727e+00
4.790000e-06	4.592903e-03	-3.624078e+00
4.800000e-06	3.896660e-03	-3.586753e+00
4.810000e-06	4.751652e-03	-3.356858e+00
4.820000e-06	3.260705e-03	-3.129469e+00
4.830000e-06	3.447366e-03	-2.998910e+00
4.840000e-06	1.700094e-03	-2.769992e+00
4.850000e-06	2.140061e-03	-2.602126e+00
4.860000e-06	9.042479e-04	-2.412548e+00
4.870000e-06	2.276441e-03	-2.245594e+00
4.880000e-06	1.252704e-03	-2.073049e+00
4.890000e-06	4.117199e-04	-1.873577e+00
4.900000e-06	-2.730962e-04	-1.687280e+00
4.910000e-06	-1.641326e-03	-1.525433e+00
4.920000e-06	-1.485665e-03	-1.261153e+00
4.930000e-06	-1.859927e-03	-1.074628e+00
4.940000e-06	-2.162064e-03	-9.036553e-01
4.950000e-06	-3.157248e-03	-7.487844e-01
4.960000e-06	-3.637723e-03	-4.847790e-01
4.970000e-06	-2.428580e-03	-3.077869e-01
4.980000e-06	-1.880575e-03	-1.278145e-01
4.990000e-06	3.476101e-05	9.005385e-03
5.000000e-06	6.182307e-04	2.095045e-01
5.010000e-06	-2.797434e-03	4.280315e-01
5.020000e-06	-5.737430e-04	5.783961e-01
5.030000e-06	-2.199045e-03	7.547947e-01
5.040000e-06	-4.357624e-03	9.217619e-01
5.050000e-06	-4.702616e-03	1.104322e+00
5.060000e-06	1.491437e-03	1.302237e+00
5.070000e-06	1.551141e-02	1.492061e+00
5.080000e-06	5.833531e-02	1.753692e+00
5.090000e-06	3.062130e-03	1.946295e+00
5.100000e-06	-5.582439e-02	2.112839e+00
5.110000e-06	-3.840157e-02	2.321716e+00
5.120000e-06	-6.436105e-02	2.430628e+00
5.130000e-06	-1.279429e-02	2.576951e+00
5.140000e-06	1.348340e-01	2.767372e+00
5.150000e-06	-1.122943e-01	2.914841e+00
5.160000e-06	7.234744e-03	3.050059e+00
5.170000e-06	8.298771e-02	3.248105e+00
5.180000e-06	-1.233597e-01	3.511158e+00
5.190000e-06	4.088664e-02	3.608500e+00
5.200000e-06	5.377212e-02	3.755821e+00
5.210000e-06	-1.075818e-01	3.974841e+00
5.220000e-06	5.850404e-02	4.112282e+00
5.230000e-06	-1.648903e-02	4.355293e+00
5.240000e-06	-3.948764e-02	4.491712e+00
5.250000e-06	2.668935e-02	4.721684e+00
5.260000e-06	-4.133175e-02	4.811181e+00
5.270000e-06	9.265463e-04	5.037132e+00
5.280000e-06	-1.899778e-02	5.300713e+00
5.290000e-06	-7.337341e-03	5.470081e+00
5.300000e-06	2.455249e-03	5.608927e+00
5.310000e-06	-2.240257e-03	5.785265e+00
5.320000e-06	-1.209424e-02	5.985321e+00
5.330000e-06	-4.137866e-02	6.111262e+00
5.340000e-06	-1.792863e-03	6.250607e+00
5.350000e-06	6.055856e-03	6.366896e+00
5.360000e-06	-3.266353e-02	6.522235e+00
5.370000e-06	1.719538e-03	6.689184e+00
5.380000e-06	-2.860067e-02	6.859558e+00
5.390000e-06	-1.530539e-02	6.986973e+00
5.400000e-06	-1.040851e-02	7.091139e+00
5.410000e-06	-1.937212e-02	7.207951e+00
5.420000e-06	-1.764232e-04	7.333288e+00
5.430000e-06	-2.660009e-02	7.510184e+00
5.440000e-06	-1.577743e-02	7.689608e+00
5.450000e-06	-2.371910e-02	7.754400e+00
5.460000e-06	-3.420024e-03	7.983839e+00
5.470000e-06	-2.000185e-02	8.057627e+00
5.480000e-06	-2.839674e-02	8.177343e+00
5.490000e-06	-1.532865e-02	8.301132e+00
5.500000e-06	-2.002687e-02	8.396970e+00
5.510000e-06	-2.042101e-02	8.502106e+00
5.520000e-06	-2.305093e-02	8.556366e+00
5.530000e-06	-1.300588e-02	8.670529e+00
5.540000e-06	-2.242206e-02	8.775937e+00
5.550000e-06	-2.652340e-02	8.828531e+00
5.560000e-06	-2.238091e-02	8.962686e+00
5.570000e-06	-1.921988e-02	9.150628e+00
5.580000e-06	-2.729412e-02	9.183319e+00
5.590000e-06	-2.855358e-02	9.240050e+00
5.600000e-06	-2.049887e-02	9.303186e+00
5.610000e-06	-2.350781e-02	9.377444e+00
5.620000e-06	-2.755857e-02	9.469550e+00
5.630000e-06	-2.546917e-02	9.503308e+00
5.640000e-06	-2.161775e-02	9.586940e+00
5.650000e-06	-3.064168e-02	9.618594e+00
5.660000e-06	-3.048325e-02	9.672632e+00
5.670000e-06	-2.842570e-02	9.755387e+00
5.680000e-06	-2.579588e-02	9.835970e+00
5.690000e-06	-3.051211e-02	9.939103e+00
5.700000e-06	-3.250346e-02	9.934839e+00
5.710000e-06	-3.113521e-02	9.986386e+00
5.720000e-06	-3.161351e-02	1.000902e+01
5.730000e-06	-2.938736e-02	1.004005e+01
5.740000e-06	-3.043580e-02	1.006160e+01
5.750000e-06	-3.270526e-02	1.007168e+01
5.760000e-06	-3.857179e-02	1.011271e+01
5.770000e-06	-3.717509e-02	1.008221e+01
5.780000e-06	-3.392154e-02	1.013374e+01
5.790000e-06	-3.555371e-02	1.010476e+01
5.800000e-06	-3.541453e-02	1.015331e+01
5.810000e-06	-3.762763e-02	1.018536e+01
5.820000e-06	-3.746727e-02	1.016429e+01
5.830000e-06	-4.036990e-02	1.018481e+01
5.840000e-06	-3.931779e-02	1.016534e+01
5.850000e-06	-3.928885e-02	1.014386e+01
5.860000e-06	-4.405438e-02	1.013381e+01
5.870000e-06	-4.174573e-02	1.013421e+01
5.880000e-06	-4.449695e-02	1.012368e+01
5.890000e-06	-4.042820e-02	1.008208e+01
5.900000e-06	-4.510768e-02	1.007063e+01
5.910000e-06	-4.616564e-02	1.003107e+01
5.920000e-06	-4.756022e-02	9.998469e+00
5.930000e-06	-5.111513e-02	9.975412e+00
5.940000e-06	-5.055522e-02	9.945284e+00
5.950000e-06	-5.204667e-02	9.899047e+00
5.960000e-06	-5.231077e-02	9.786941e+00
5.970000e-06	-5.622724e-02	9.704706e+00
5.980000e-06	-5.790610e-02	9.660125e+00
5.990000e-06	-5.834962e-02	9.577367e+00
6.000000e-06	-5.970367e-02	9.544308e+00
6.010000e-06	-5.938518e-02	9.472678e+00
6.020000e-06	-6.031324e-02	9.398497e+00
6.030000e-06	-5.888366e-02	9.305735e+00
6.040000e-06	-5.967642e-02	9.272603e+00
6.050000e-06	-5.726836e-02	9.209993e+00
6.060000e-06	-5.746470e-02	9.135129e+00
6.070000e-06	-5.776753e-02	9.037517e+00
6.080000e-06	-5.765399e-02	8.933707e+00
6.090000e-06	-5.505049e-02	8.789469e+00
6.100000e-06	-5.009261e-02	8.724207e+00
6.110000e-06	-4.964644e-02	8.630944e+00
6.120000e-06	-4.787524e-02	8.536338e+00
6.130000e-06	-4.702751e-02	8.451574e+00
6.140000e-06	-4.383775e-02	8.386909e+00
6.150000e-06	-4.360184e-02	8.261628e+00
6.160000e-06	-4.066115e-02	8.084731e+00
6.170000e-06	-3.981984e-02	8.029623e+00
6.180000e-06	-3.707563e-02	7.913605e+00
6.190000e-06	-3.635534e-02	7.768366e+00
6.200000e-06	-3.391760e-02	7.672580e+00
6.210000e-06	-3.504869e-02	7.493804e+00
6.220000e-06	-3.298428e-02	7.367387e+00
6.230000e-06	-2.979796e-02	7.230972e+00
6.240000e-06	-2.967413e-02	7.062154e+00
6.250000e-06	-2.846194e-02	6.926909e+00
6.260000e-06	-2.881168e-02	6.812051e+00
6.270000e-06	-2.550989e-02	6.715180e+00
6.280000e-06	-2.583358e-02	6.495234e+00
6.290000e-06	-2.477619e-02	6.337412e+00
6.300000e-06	-2.329852e-02	6.210070e+00
6.310000e-06	-2.153607e-02	6.044150e+00
6.320000e-06	-2.139371e-02	5.958388e+00
6.330000e-06	-2.223688e-02	5.726414e+00
6.340000e-06	-2.023049e-02	5.568987e+00
6.350000e-06	-1.999654e-02	5.391574e+00
6.360000e-06	-1.877388e-02	5.271673e+00
6.370000e-06	-1.885243e-02	5.034229e+00
6.380000e-06	-1.752874e-02	4.842073e+00
6.390000e-06	-1.633484e-02	4.675259e+00
6.400000e-06	-1.703925e-02	4.526813e+00
6.410000e-06	-1.590087e-02	4.400443e+00
6.420000e-06	-1.464176e-02	4.152544e+00
6.430000e-06	-1.301534e-02	3.999572e+00
6.440000e-06	-1.256745e-02	3.822603e+00
6.450000e-06	-1.367740e-02	3.684779e+00
6.460000e-06	-1.311045e-02	3.557910e+00
6.470000e-06	-1.303512e-02	3.309233e+00
6.480000e-06	-1.139265e-02	3.158868e+00
6.490000e-06	-1.105712e-02	2.961541e+00
6.500000e-06	-1.012205e-02	2.833574e+00
6.510000e-06	-9.710765e-03	2.634576e+00
6.520000e-06	-8.820433e-03	2.390624e+00
6.530000e-06	-9.082683e-03	2.233148e+00
6.540000e-06	-9.261307e-03	2.033704e+00
6.550000e-06	-8.959230e-03	1.886257e+00
6.560000e-06	-6.830500e-03	1.655606e+00
6.570000e-06	-6.118385e-03	1.467233e+00
6.580000e-06	-6.845829e-03	1.307284e+00
6.590000e-06	-8.020539e-03	1.077259e+00
6.600000e-06	-6.820016e-03	8.957502e-01
6.610000e-06	-5.179776e-03	6.567306e-01
6.620000e-06	-5.053165e-03	4.867345e-01
6.630000e-06	-4.534132e-03	3.104172e-01
6.640000e-06	-4.287854e-03	7.930684e-02
6.650000e-06	1.140768e-03	-8.258414e-02
6.660000e-06	3.064222e-03	-2.401315e-01
6.670000e-06	-2.278090e-03	-3.783975e-01
6.680000e-06	1.086998e-03	-5.643699e-01
6.690000e-06	-1.274067e-03	-7.784723e-01
6.700000e-06	6.296532e-04	-9.532695e-01
6.710000e-06	-1.742963e-03	-1.072634e+00
6.720000e-06	1.462211e-02	-1.230110e+00
6.730000e-06	5.803725e-02	-1.522058e+00
6.740000e-06	3.871067e-02	-1.739662e+00
6.750000e-06	-6.608022e-02	-1.955345e+00
6.760000e-06	-1.865052e-02	-2.246457e+00
6.770000e-06	-8.216248e-02	-2.387950e+00
6.780000e-06	4.239749e-02	-2.470576e+00
6.790000e-06	1.153706e-01	-2.512186e+00
6.800000e-06	-1.496391e-01	-2.795396e+00
6.810000e-06	8.642323e-02	-2.942213e+00
6.820000e-06	5.228361e-02	-3.117606e+00
6.830000e-06	-1.577187e-01	-3.322216e+00
6.840000e-06	1.258115e-01	-3.440108e+00
6.850000e-06	1.577720e-02	-3.626473e+00
6.860000e-06	-1.023376e-01	-3.815105e+00
6.870000e-06	1.537776e-01	-4.038395e+00
6.880000e-06	-9.244115e-02	-4.213896e+00
6.890000e-06	1.479983e-02	-4.387371e+00
6.900000e-06	6.695849e-02	-4.491084e+00
6.910000e-06	-1.006578e-01	-4.743191e+00
6.920000e-06	1.085467e-01	-4.862187e+00
6.930000e-06	-3.854978e-02	-5.025777e+00
6.940000e-06	-2.120344e-02	-5.217449e+00
6.950000e-06	8.531303e-02	-5.444943e+00
6.960000e-06	-4.888828e-02	-5.647452e+00
6.970000e-06	6.559137e-02	-5.805838e+00
6.980000e-06	-5.430198e-02	-5.912662e+00
6.990000e-06	2.435898e-02	-6.059125e+00
7.000000e-06	5.041761e-02	-6.193950e+00
7.010000e-06	-5.971106e-02	-6.425448e+00
7.020000e-06	8.693638e-02	-6.542685e+00
7.030000e-06	-3.281848e-02	-6.689533e+00
7.040000e-06	1.785352e-02	-6.837521e+00
7.050000e-06	1.131864e-02	-6.921710e+00
7.060000e-06	-9.692017e-03	-7.151706e+00
7.070000e-06	7.700804e-02	-7.249473e+00
7.080000e-06	-4.194330e-02	-7.385915e+00
7.090000e-06	2.331665e-02	-7.531628e+00
7.100000e-06	7.647933e-03	-7.615946e+00
7.110000e-06	2.885170e-02	-7.782817e+00
7.120000e-06	1.862065e-02	-7.929734e+00
7.130000e-06	-1.204838e-02	-8.078998e+00
7.140000e-06	4.691635e-02	-8.143264e+00
7.150000e-06	-6.342073e-03	-8.289555e+00
7.160000e-06	1.954518e-02	-8.353889e+00
7.170000e-06	1.253451e-02	-8.460499e+00
7.180000e-06	3.235432e-02	-8.584263e+00
7.190000e-06	1.072937e-02	-8.720128e+00
7.200000e-06	4.110354e-04	-8.816892e+00
7.210000e-06	3.294240e-02	-8.882179e+00
7.220000e-06	2.010609e-02	-8.945396e+00
7.230000e-06	1.855895e-02	-9.089050e+00
7.240000e-06	1.051988e-02	-9.152264e+00
7.250000e-06	3.035659e-02	-9.217392e+00
7.260000e-06	2.047477e-02	-9.269973e+00
7.270000e-06	1.543123e-02	-9.362663e+00
7.280000e-06	2.487753e-02	-9.467573e+00
7.290000e-06	2.521766e-02	-9.531234e+00
7.300000e-06	1.869692e-02	-9.637910e+00
7.310000e-06	1.712634e-02	-9.649100e+00
7.320000e-06	3.086211e-02	-9.691680e+00
7.330000e-06	2.599632e-02	-9.763811e+00
7.340000e-06	2.305119e-02	-9.795315e+00
7.350000e-06	2.224056e-02	-9.847024e+00
7.360000e-06	2.645002e-02	-9.880201e+00
7.370000e-06	2.430177e-02	-9.912634e+00
7.380000e-06	2.586303e-02	-9.943833e+00
7.390000e-06	2.999858e-02	-9.954340e+00
7.400000e-06	2.759317e-02	-9.986814e+00
7.410000e-06	2.572474e-02	-1.001694e+01
7.420000e-06	2.794421e-02	-1.003799e+01
7.430000e-06	3.154860e-02	-1.002052e+01
7.440000e-06	2.875934e-02	-1.004055e+01
7.450000e-06	3.075818e-02	-1.005058e+01
7.460000e-06	3.124047e-02	-1.005008e+01
7.470000e-06	3.261230e-02	-1.007113e+01
7.480000e-06	3.086726e-02	-1.012063e+01
7.490000e-06	3.296783e-02	-1.005955e+01
7.500000e-06	3.432641e-02	-1.013100e+01
7.510000e-06	3.443666e-02	-1.005907e+01
7.520000e-06	3.491261e-02	-1.007952e+01
7.530000e-06	3.735065e-02	-1.004954e+01
7.540000e-06	3.782043e-02	-1.007042e+01
7.550000e-06	3.702111e-02	-9.996418e+00
7.560000e-06	4.129246e-02	-9.986937e+00
7.570000e-06	4.162642e-02	-9.964733e+00
7.580000e-06	4.066875e-02	-9.922684e+00
7.590000e-06	4.303744e-02	-9.891105e+00
7.600000e-06	4.503264e-02	-9.820498e+00
7.610000e-06	4.736166e-02	-9.797917e+00
7.620000e-06	4.637229e-02	-9.724682e+00
7.630000e-06	4.938694e-02	-9.711681e+00
7.640000e-06	5.231614e-02	-9.639572e+00
7.650000e-06	5.194381e-02	-9.597416e+00
7.660000e-06	5.289232e-02	-9.565808e+00
7.670000e-06	5.344997e-02	-9.487644e+00
7.680000e-06	5.351181e-02	-9.392288e+00
7.690000e-06	5.452595e-02	-9.310577e+00
7.700000e-06	5.323385e-02	-9.186989e+00
7.710000e-06	5.301265e-02	-9.102810e+00
7.720000e-06	5.157149e-02	-9.048547e+00
7.730000e-06	5.043941e-02	-8.965762e+00
7.740000e-06	4.809105e-02	-8.881074e+00
7.750000e-06	4.539208e-02	-8.797945e+00
7.760000e-06	4.402129e-02	-8.722677e+00
7.770000e-06	4.421909e-02	-8.574865e+00
7.780000e-06	4.131591e-02	-8.453102e+00
7.790000e-06	3.898981e-02	-8.377887e+00
7.800000e-06	3.716514e-02	-8.260704e+00
7.810000e-06	3.678446e-02	-8.147413e+00
7.820000e-06	3.433856e-02	-8.062126e+00
7.830000e-06	3.197004e-02	-7.957393e+00
7.840000e-06	3.098695e-02	-7.841991e+00
7.850000e-06	3.013732e-02	-7.765047e+00
7.860000e-06	2.769878e-02	-7.543835e+00
7.870000e-06	2.704648e-02	-7.379940e+00
7.880000e-06	2.506117e-02	-7.232200e+00
7.890000e-06	2.451147e-02	-7.176857e+00
7.900000e-06	2.261669e-02	-6.987992e+00
7.910000e-06	2.128812e-02	-6.840546e+00
7.920000e-06	2.056709e-02	-6.724232e+00
7.930000e-06	1.990535e-02	-6.547916e+00
7.940000e-06	1.745344e-02	-6.448046e+00
7.950000e-06	1.797877e-02	-6.293751e+00
7.960000e-06	1.520625e-02	-6.115655e+00
7.970000e-06	1.453812e-02	-5.946891e+00
7.980000e-06	1.390142e-02	-5.831546e+00
7.990000e-06	1.342564e-02	-5.673580e+00
8.000000e-06	1.141517e-02	-5.533654e+00
8.010000e-06	1.108315e-02	-5.292680e+00
8.020000e-06	1.171655e-02	-5.126256e+00
8.030000e-06	1.137048e-02	-4.917911e+00
8.040000e-06	9.433714e-03	-4.799388e+00
8.050000e-06	7.409819e-03	-4.538516e+00
8.060000e-06	8.229072e-03	-4.440550e+00
8.070000e-06	8.090661e-03	-4.314282e+00
8.080000e-06	6.072073e-03	-4.076914e+00
8.090000e-06	5.428385e-03	-4.010021e+00
8.100000e-06	4.747903e-03	-3.781021e+00
8.110000e-06	5.074604e-03	-3.578472e+00
8.120000e-06	3.535599e-03	-3.481125e+00
8.130000e-06	4.360042e-03	-3.292628e+00
8.140000e-06	4.567993e-03	-3.095709e+00
8.150000e-06	3.189512e-03	-2.882654e+00
8.160000e-06	8.679016e-04	-2.717338e+00
8.170000e-06	3.930739e-04	-2.517837e+00
8.180000e-06	2.800201e-03	-2.379495e+00
8.190000e-06	1.409544e-03	-2.139387e+00
8.200000e-06	1.830560e-03	-1.979442e+00
8.210000e-06	-1.374571e-03	-1.811045e+00
8.220000e-06	2.101598e-03	-1.623026e+00
8.230000e-06	-2.534636e-03	-1.429446e+00
8.240000e-06	-7.870167e-04	-1.179966e+00
8.250000e-06	-4.627078e-03	-1.010341e+00
8.260000e-06	-1.490408e-03	-8.319749e-01
8.270000e-06	-3.639961e-03	-6.125423e-01
8.280000e-06	-3.205314e-03	-4.215963e-01
8.290000e-06	-4.142611e-03	-2.321263e-01
8.300000e-06	-2.166719e-03	-6.617914e-02
8.310000e-06	5.972366e-04	1.241884e-01
8.320000e-06	1.066393e-03	3.448209e-01
8.330000e-06	-3.777944e-03	4.516343e-01
8.340000e-06	2.960381e-04	6.610629e-01
8.350000e-06	-5.062286e-03	8.599988e-01
8.360000e-06	-3.307662e-03	9.983512e-01
8.370000e-06	-4.465037e-03	1.199030e+00
8.380000e-06	8.471911e-03	1.366375e+00
8.390000e-06	3.108563e-02	1.586403e+00
8.400000e-06	5.492978e-02	1.808528e+00
8.410000e-06	-4.645729e-02	2.039002e+00
8.420000e-06	-4.044559e-02	2.196948e+00
8.430000e-06	-4.940069e-02	2.385399e+00
8.440000e-06	-6.296729e-02	2.482656e+00
8.450000e-06	7.290840e-02	2.701137e+00
8.460000e-06	5.239377e-02	2.840033e+00
8.470000e-06	-1.462879e-01	2.977372e+00
8.480000e-06	1.347940e-01	3.214842e+00
8.490000e-06	-4.794466e-02	3.364195e+00
8.500000e-06	-7.522361e-02	3.556323e+00
8.510000e-06	9.520587e-02	3.681107e+00
8.520000e-06	-4.640977e-02	3.850561e+00
8.530000e-06	-4.909073e-02	4.019999e+00
8.540000e-06	6.980440e-02	4.226980e+00
8.550000e-06	-6.402851e-02	4.420078e+00
8.560000e-06	5.197527e-03	4.595922e+00
8.570000e-06	9.384505e-05	4.786918e+00
8.580000e-06	-3.801844e-02	4.933317e+00
8.590000e-06	6.418383e-03	5.216397e+00
8.600000e-06	-2.839099e-02	5.343920e+00
8.610000e-06	9.941838e-03	5.522663e+00
8.620000e-06	-9.062100e-03	5.670158e+00
8.630000e-06	-4.387651e-04	5.880126e+00
8.640000e-06	-2.802512e-02	6.039978e+00
8.650000e-06	-3.070415e-02	6.165294e+00
8.660000e-06	2.145769e-02	6.311687e+00
8.670000e-06	-2.683659e-02	6.437523e+00
8.680000e-06	-1.436771e-02	6.603973e+00
8.690000e-06	-1.116553e-02	6.766818e+00
8.700000e-06	-2.356254e-02	6.862161e+00
8.710000e-06	-7.845510e-03	7.038503e+00
8.720000e-06	-1.910242e-02	7.183888e+00
8.730000e-06	-9.775500e-03	7.251580e+00
8.740000e-06	-1.027664e-02	7.468396e+00
8.750000e-06	-2.448813e-02	7.596773e+00
8.760000e-06	-2.016676e-02	7.713287e+00
8.770000e-06	-1.483976e-02	7.838051e+00
8.780000e-06	-7.288289e-03	7.986845e+00
8.790000e-06	-2.740584e-02	8.133707e+00
8.800000e-06	-2.359217e-02	8.268000e+00
8.810000e-06	-1.065261e-02	8.355791e+00
8.820000e-06	-2.095109e-02	8.438547e+00
8.830000e-06	-2.102350e-02	8.533237e+00
8.840000e-06	-2.339724e-02	8.618974e+00
8.850000e-06	-1.508756e-02	8.742737e+00
8.860000e-06	-2.623137e-02	8.787370e+00
8.870000e-06	-2.536582e-02	8.901629e+00
8.880000e-06	-1.934231e-02	9.013889e+00
8.890000e-06	-2.324753e-02	9.170230e+00
8.900000e-06	-2.487138e-02	9.228444e+00
8.910000e-06	-2.576204e-02	9.281182e+00
8.920000e-06	-1.969594e-02	9.315287e+00
8.930000e-06	-2.816570e-02	9.396445e+00
8.940000e-06	-2.885688e-02	9.502678e+00
8.950000e-06	-2.512597e-02	9.564838e+00
8.960000e-06	-2.577235e-02	9.587469e+00
8.970000e-06	-3.100490e-02	9.648973e+00
8.980000e-06	-2.859231e-02	9.712782e+00
8.990000e-06	-2.383495e-02	9.844371e+00
9.000000e-06	-2.888620e-02	9.849153e+00
9.010000e-06	-3.047541e-02	9.901177e+00
9.020000e-06	-3.171568e-02	9.975311e+00
9.030000e-06	-3.104911e-02	9.987864e+00
9.040000e-06	-3.534462e-02	9.986995e+00
9.050000e-06	-3.218418e-02	1.005050e+01
9.060000e-06	-2.969693e-02	1.007060e+01
9.070000e-06	-3.510577e-02	1.005223e+01
9.080000e-06	-3.763411e-02	1.012318e+01
9.090000e-06	-3.372493e-02	1.011321e+01
9.100000e-06	-3.221852e-02	1.014479e+01
9.110000e-06	-3.658770e-02	1.012679e+01
9.120000e-06	-3.820299e-02	1.011431e+01
9.130000e-06	-3.782315e-02	1.019531e+01
9.140000e-06	-3.932697e-02	1.020576e+01
9.150000e-06	-4.025377e-02	1.015486e+01
9.160000e-06	-3.957303e-02	1.015529e+01
9.170000e-06	-3.890720e-02	1.016633e+01
9.180000e-06	-4.240431e-02	1.011331e+01
9.190000e-06	-4.263012e-02	1.013368e+01
9.200000e-06	-4.287749e-02	1.009321e+01
9.210000e-06	-4.464627e-02	1.006263e+01
9.220000e-06	-4.636133e-02	1.007058e+01
9.230000e-06	-4.715675e-02	1.004997e+01
9.240000e-06	-4.881281e-02	1.000896e+01
9.250000e-06	-5.085713e-02	9.955784e+00
9.260000e-06	-5.050953e-02	9.912204e+00
9.270000e-06	-5.201650e-02	9.850492e+00
9.280000e-06	-5.397383e-02	9.755816e+00
9.290000e-06	-5.738756e-02	9.703754e+00
9.300000e-06	-5.811513e-02	9.591045e+00
9.310000e-06	-5.721492e-02	9.566839e+00
9.320000e-06	-5.883977e-02	9.502287e+00
9.330000e-06	-5.986922e-02	9.461073e+00
9.340000e-06	-6.079248e-02	9.386915e+00
9.350000e-06	-6.054008e-02	9.323208e+00
9.360000e-06	-5.866216e-02	9.241101e+00
9.370000e-06	-5.873906e-02	9.156993e+00
9.380000e-06	-5.644638e-02	9.053203e+00
9.390000e-06	-5.694870e-02	8.946361e+00
9.400000e-06	-5.467764e-02	8.891574e+00
9.410000e-06	-5.377534e-02	8.767415e+00
9.420000e-06	-5.095370e-02	8.701779e+00
9.430000e-06	-4.853254e-02	8.590017e+00
9.440000e-06	-4.618052e-02	8.524182e+00
9.450000e-06	-4.509182e-02	8.420020e+00
9.460000e-06	-4.389329e-02	8.314786e+00
9.470000e-06	-4.202810e-02	8.195961e+00
9.480000e-06	-3.981633e-02	8.054100e+00
9.490000e-06	-3.839025e-02	7.966364e+00
9.500000e-06	-3.786307e-02	7.850645e+00
9.510000e-06	-3.558534e-02	7.714684e+00
9.520000e-06	-3.433047e-02	7.569966e+00
9.530000e-06	-3.243631e-02	7.452147e+00
9.540000e-06	-3.204297e-02	7.253201e+00
9.550000e-06	-3.091239e-02	7.175760e+00
9.560000e-06	-2.930396e-02	6.991070e+00
9.570000e-06	-2.687317e-02	6.853606e+00
9.580000e-06	-2.684679e-02	6.785866e+00
9.590000e-06	-2.474339e-02	6.610441e+00
9.600000e-06	-2.454762e-02	6.410071e+00
9.610000e-06	-2.451707e-02	6.274231e+00
9.620000e-06	-2.407254e-02	6.115861e+00
9.630000e-06	-2.243099e-02	6.030121e+00
9.640000e-06	-2.107392e-02	5.863704e+00
9.650000e-06	-2.035439e-02	5.675099e+00
9.660000e-06	-2.047971e-02	5.486733e+00
9.670000e-06	-2.027794e-02	5.357939e+00
9.680000e-06	-1.831225e-02	5.169894e+00
9.690000e-06	-1.734218e-02	4.969413e+00
9.700000e-06	-1.707165e-02	4.788366e+00
9.710000e-06	-1.594541e-02	4.589570e+00
9.720000e-06	-1.587525e-02	4.453751e+00
9.730000e-06	-1.498846e-02	4.317306e+00
9.740000e-06	-1.476357e-02	4.076103e+00
9.750000e-06	-1.432760e-02	3.956840e+00
9.760000e-06	-1.416831e-02	3.740538e+00
9.770000e-06	-1.245708e-02	3.622000e+00
9.780000e-06	-1.208092e-02	3.433195e+00
9.790000e-06	-1.149224e-02	3.223122e+00
9.800000e-06	-1.126378e-02	3.065229e+00
9.810000e-06	-1.135861e-02	2.905258e+00
9.820000e-06	-1.073462e-02	2.728942e+00
9.830000e-06	-9.212272e-03	2.538708e+00
9.840000e-06	-9.418372e-03	2.276813e+00
9.850000e-06	-8.724175e-03	2.158416e+00
9.860000e-06	-9.151874e-03	2.011574e+00
9.870000e-06	-8.091975e-03	1.768996e+00
9.880000e-06	-6.560111e-03	1.592070e+00
9.890000e-06	-7.998372e-03	1.402999e+00
9.900000e-06	-6.592405e-03	1.182079e+00
9.910000e-06	-6.232628e-03	9.526462e-01
9.920000e-06	-5.910053e-03	7.804949e-01
9.930000e-06	-5.186312e-03	6.295476e-01
9.940000e-06	-4.572432e-03	4.231251e-01
9.950000e-06	-4.769907e-03	2.532766e-01
9.960000e-06	-3.547229e-03	1.105381e-02
9.970000e-06	1.037823e-03	-1.568422e-01
9.980000e-06	1.466861e-03	-3.216920e-01
9.990000e-06	-6.982777e-04	-4.796065e-01
1.000000e-05	1.122693e-03	-6.610619e-01
1.001000e-05	-1.490900e-03	-8.380790e-01
1.002000e-05	-1.536447e-04	-9.864499e-01
1.003000e-05	2.973536e-03	-1.175845e+00
1.004000e-05	2.622249e-02	-1.353796e+00
1.005000e-05	8.011894e-02	-1.604346e+00
1.006000e-05	-3.482241e-02	-1.825504e+00
1.007000e-05	-3.319189e-02	-2.070132e+00
1.008000e-05	-5.090071e-02	-2.314765e+00
1.009000e-05	-6.380606e-02	-2.429503e+00
1.010000e-05	1.330278e-01	-2.461578e+00
1.011000e-05	-1.110513e-02	-2.626529e+00
1.012000e-05	-1.047414e-01	-2.848054e+00
1.013000e-05	1.782191e-01	-2.983343e+00
1.014000e-05	-1.104183e-01	-3.175402e+00
1.015000e-05	-4.501921e-02	-3.449375e+00
1.016000e-05	1.470401e-01	-3.572642e+00
1.017000e-05	-1.071468e-01	-3.750564e+00
1.018000e-05	3.179089e-02	-3.973142e+00
1.019000e-05	8.480148e-02	-4.070080e+00
1.020000e-05	-1.267642e-01	-4.281184e+00
1.021000e-05	1.148166e-01	-4.427921e+00
1.022000e-05	-5.392401e-02	-4.655271e+00
1.023000e-05	-9.091179e-03	-4.866921e+00
1.024000e-05	9.407222e-02	-4.952714e+00
1.025000e-05	-1.011102e-01	-5.142158e+00
1.026000e-05	7.847093e-02	-5.330637e+00
1.027000e-05	2.837187e-03	-5.518708e+00
1.028000e-05	1.965435e-03	-5.691106e+00
1.029000e-05	3.505802e-02	-5.837975e+00
1.030000e-05	-6.820584e-02	-5.997421e+00
1.031000e-05	8.950740e-02	-6.121079e+00
1.032000e-05	-3.308094e-02	-6.309056e+00
1.033000e-05	1.128958e-02	-6.460525e+00
1.034000e-05	5.710139e-02	-6.615896e+00
1.035000e-05	-4.576144e-02	-6.762264e+00
1.036000e-05	5.199650e-02	-6.869528e+00
1.037000e-05	-3.682551e-02	-7.036322e+00
1.038000e-05	5.456059e-02	-7.214867e+00
1.039000e-05	2.421725e-02	-7.311155e+00
1.040000e-05	-2.913786e-02	-7.447948e+00
1.041000e-05	3.415565e-02	-7.562785e+00
1.042000e-05	-1.371617e-03	-7.731134e+00
1.043000e-05	4.399470e-02	-7.856050e+00
1.044000e-05	-1.472910e-02	-7.983889e+00
1.045000e-05	2.307543e-02	-8.100631e+00
1.046000e-05	2.809493e-02	-8.214343e+00
1.047000e-05	-5.217789e-03	-8.322110e+00
1.048000e-05	2.539630e-02	-8.405867e+00
1.049000e-05	1.259555e-02	-8.490658e+00
1.050000e-05	3.466718e-02	-8.685820e+00
1.051000e-05	-7.690070e-03	-8.752365e+00
1.052000e-05	2.034443e-02	-8.847501e+00
1.053000e-05	2.812345e-02	-8.913734e+00
1.054000e-05	1.754200e-02	-9.027471e+00
1.055000e-05	1.391142e-02	-9.109553e+00
1.056000e-05	1.698458e-02	-9.165340e+00
1.057000e-05	3.144553e-02	-9.237495e+00
1.058000e-05	1.102726e-02	-9.320628e+00
1.059000e-05	2.130037e-02	-9.443813e+00
1.060000e-05	2.482967e-02	-9.519629e+00
1.061000e-05	2.330353e-02	-9.573314e+00
1.062000e-05	1.518878e-02	-9.628471e+00
1.063000e-05	2.540204e-02	-9.670550e+00
1.064000e-05	3.046054e-02	-9.712212e+00
1.065000e-05	2.188345e-02	-9.825362e+00
1.066000e-05	2.161994e-02	-9.828492e+00
1.067000e-05	2.365743e-02	-9.868994e+00
1.068000e-05	2.743751e-02	-9.871608e+00
1.069000e-05	2.318960e-02	-9.923282e+00
1.070000e-05	2.889164e-02	-9.943284e+00
1.071000e-05	2.866812e-02	-9.965391e+00
1.072000e-05	2.472545e-02	-1.002584e+01
1.073000e-05	2.573673e-02	-9.967491e+00
1.074000e-05	3.213374e-02	-1.004794e+01
1.075000e-05	3.086080e-02	-1.001997e+01
1.076000e-05	2.809752e-02	-1.006045e+01
1.077000e-05	3.054905e-02	-1.008107e+01
1.078000e-05	3.327589e-02	-1.007065e+01
1.079000e-05	3.146311e-02	-1.009211e+01
1.080000e-05	3.046706e-02	-1.009215e+01
1.081000e-05	3.417484e-02	-1.010012e+01
1.082000e-05	3.541163e-02	-1.007058e+01
1.083000e-05	3.424198e-02	-1.005050e+01
1.084000e-05	3.537114e-02	-1.005852e+01
1.085000e-05	3.715915e-02	-1.000800e+01
1.086000e-05	3.720810e-02	-9.966866e+00
1.087000e-05	3.771177e-02	-1.001536e+01
1.088000e-05	4.046952e-02	-9.955307e+00
1.089000e-05	4.102188e-02	-9.933760e+00
1.090000e-05	4.245068e-02	-9.911699e+00
1.091000e-05	4.503579e-02	-9.891052e+00
1.092000e-05	4.635042e-02	-9.828894e+00
1.093000e-05	4.673102e-02	-9.783893e+00
1.094000e-05	4.800303e-02	-9.723255e+00
1.095000e-05	5.122542e-02	-9.681075e+00
1.096000e-05	5.165714e-02	-9.599020e+00
1.097000e-05	5.230871e-02	-9.576365e+00
1.098000e-05	5.382853e-02	-9.499605e+00
1.099000e-05	5.378461e-02	-9.446413e+00
1.100000e-05	5.281775e-02	-9.302200e+00
1.101000e-05	5.361528e-02	-9.238498e+00
1.102000e-05	5.283914e-02	-9.166335e+00
1.103000e-05	5.275188e-02	-9.072022e+00
1.104000e-05	5.048225e-02	-8.997433e+00
1.105000e-05	4.935688e-02	-8.923232e+00
1.106000e-05	4.724654e-02	-8.830474e+00
1.107000e-05	4.552353e-02	-8.776814e+00
1.108000e-05	4.350319e-02	-8.649974e+00
1.109000e-05	4.289161e-02	-8.572858e+00
1.110000e-05	4.032173e-02	-8.408443e+00
1.111000e-05	3.886824e-02	-8.344262e+00
1.112000e-05	3.786131e-02	-8.239421e+00
1.113000e-05	3.525783e-02	-8.123283e+00
1.114000e-05	3.391513e-02	-8.021574e+00
1.115000e-05	3.184046e-02	-7.881302e+00
1.116000e-05	3.090224e-02	-7.755230e+00
1.117000e-05	2.832126e-02	-7.627942e+00
1.118000e-05	2.584912e-02	-7.493175e+00
1.119000e-05	2.661997e-02	-7.324309e+00
1.120000e-05	2.433226e-02	-7.219998e+00
1.121000e-05	2.334344e-02	-7.083248e+00
1.122000e-05	2.044865e-02	-6.903679e+00
1.123000e-05	2.208013e-02	-6.788436e+00
1.124000e-05	2.090571e-02	-6.651050e+00
1.125000e-05	1.887900e-02	-6.514181e+00
1.126000e-05	1.744442e-02	-6.389365e+00
1.127000e-05	1.662195e-02	-6.230540e+00
1.128000e-05	1.551814e-02	-6.039043e+00
1.129000e-05	1.488351e-02	-5.913783e+00
1.130000e-05	1.343020e-02	-5.725814e+00
1.131000e-05	1.231808e-02	-5.601047e+00
1.132000e-05	1.102918e-02	-5.448566e+00
1.133000e-05	1.082377e-02	-5.220019e+00
1.134000e-05	1.109762e-02	-5.052680e+00
1.135000e-05	9.405432e-03	-4.893249e+00
1.136000e-05	8.192642e-03	-4.702576e+00
1.137000e-05	7.679473e-03	-4.535758e+00
1.138000e-05	7.868547e-03	-4.377942e+00
1.139000e-05	5.747223e-03	-4.210048e+00
1.140000e-05	6.382955e-03	-4.043628e+00
1.141000e-05	4.845096e-03	-3.946261e+00
1.142000e-05	5.755955e-03	-3.703203e+00
1.143000e-05	3.656544e-03	-3.486358e+00
1.144000e-05	5.259881e-03	-3.358388e+00
1.145000e-05	3.533758e-03	-3.229523e+00
1.146000e-05	3.235344e-03	-3.010438e+00
1.147000e-05	2.121144e-03	-2.789944e+00
1.148000e-05	2.096264e-03	-2.629601e+00
1.149000e-05	1.665776e-03	-2.480653e+00
1.150000e-05	1.306160e-03	-2.314655e+00
1.151000e-05	5.231825e-04	-2.053728e+00
1.152000e-05	1.300571e-03	-1.885234e+00
1.153000e-05	-4.280132e-04	-1.734736e+00
1.154000e-05	2.610897e-04	-1.554916e+00
1.155000e-05	-1.533040e-03	-1.294228e+00
1.156000e-05	-2.122727e-03	-1.063704e+00
1.157000e-05	-2.734239e-03	-8.867318e-01
1.158000e-05	-3.021267e-03	-7.278145e-01
1.159000e-05	-3.178306e-03	-4.883102e-01
1.160000e-05	-3.124103e-03	-3.278132e-01
1.161000e-05	-1.852642e-03	-1.279209e-01
1.162000e-05	-6.841365e-04	4.850531e-02
1.163000e-05	1.319115e-03	2.279528e-01
1.164000e-05	-2.498145e-03	3.989788e-01
1.165000e-05	-1.273492e-03	5.754199e-01
1.166000e-05	-2.207185e-03	7.343172e-01
1.167000e-05	-3.884021e-03	8.511566e-01
1.168000e-05	-3.685684e-03	1.121743e+00
1.169000e-05	7.272894e-04	1.313188e+00
1.170000e-05	1.373935e-02	1.470608e+00
1.171000e-05	5.382651e-02	1.673137e+00
1.172000e-05	1.681884e-02	1.902740e+00
1.173000e-05	-5.792132e-02	2.122736e+00
1.174000e-05	-3.482561e-02	2.292660e+00
1.175000e-05	-6.223999e-02	2.441028e+00
1.176000e-05	-2.795272e-02	2.537899e+00
1.177000e-05	1.325454e-01	2.765325e+00
1.178000e-05	-8.429508e-02	2.883263e+00
1.179000e-05	-3.310280e-02	3.060554e+00
1.180000e-05	1.113952e-01	3.227550e+00
1.181000e-05	-1.232522e-01	3.481532e+00
1.182000e-05	2.118351e-02	3.598500e+00
1.183000e-05	7.327529e-02	3.764871e+00
1.184000e-05	-1.060615e-01	3.933267e+00
1.185000e-05	4.018599e-02	4.131260e+00
1.186000e-05	1.711824e-03	4.356793e+00
1.187000e-05	-5.108933e-02	4.502208e+00
1.188000e-05	2.651173e-02	4.659488e+00
1.189000e-05	-3.551047e-02	4.839603e+00
1.190000e-05	-5.408635e-03	5.096979e+00
1.191000e-05	-1.022116e-02	5.258664e+00
1.192000e-05	-1.368346e-02	5.479004e+00
1.193000e-05	6.248874e-03	5.566846e+00
1.194000e-05	-5.235824e-03	5.753342e+00
1.195000e-05	-9.724768e-03	5.934363e+00
1.196000e-05	-4.155388e-02	6.070757e+00
1.197000e-05	-8.476886e-03	6.209504e+00
1.198000e-05	1.222520e-02	6.345392e+00
1.199000e-05	-3.445389e-02	6.491632e+00
1.200000e-05	1.991438e-03	6.652108e+00
1.201000e-05	-2.746353e-02	6.849582e+00
1.202000e-05	-1.671093e-02	6.975315e+00
1.203000e-05	-9.036544e-03	7.100058e+00
1.204000e-05	-2.032480e-02	7.218852e+00
1.205000e-05	-5.901147e-04	7.302181e+00
1.206000e-05	-2.605317e-02	7.539659e+00
1.207000e-05	-1.743095e-02	7.659575e+00
1.208000e-05	-2.593911e-02	7.775868e+00
1.209000e-05	-5.298578e-03	7.881682e+00
1.210000e-05	-1.698846e-02	8.048481e+00
1.211000e-05	-2.709080e-02	8.184866e+00
1.212000e-05	-1.557768e-02	8.321055e+00
1.213000e-05	-1.782925e-02	8.387923e+00
1.214000e-05	-2.030846e-02	8.460604e+00
1.215000e-05	-2.451002e-02	8.564865e+00
1.216000e-05	-1.562600e-02	8.640529e+00
1.217000e-05	-2.253222e-02	8.724812e+00
1.218000e-05	-2.747736e-02	8.808073e+00
1.219000e-05	-2.346226e-02	8.963661e+00
1.220000e-05	-1.686381e-02	9.017523e+00
1.221000e-05	-2.471948e-02	9.163338e+00
1.222000e-05	-2.697920e-02	9.240999e+00
1.223000e-05	-2.363517e-02	9.271109e+00
1.224000e-05	-2.294313e-02	9.395891e+00
1.225000e-05	-2.826198e-02	9.449077e+00
1.226000e-05	-2.889362e-02	9.552711e+00
1.227000e-05	-2.324687e-02	9.574887e+00
1.228000e-05	-2.830036e-02	9.609024e+00
1.229000e-05	-2.946364e-02	9.731207e+00
1.230000e-05	-2.748873e-02	9.712713e+00
1.231000e-05	-2.499086e-02	9.817067e+00
1.232000e-05	-2.894899e-02	9.889228e+00
1.233000e-05	-3.208848e-02	9.914237e+00
1.234000e-05	-3.174744e-02	9.976414e+00
1.235000e-05	-3.327245e-02	9.977466e+00
1.236000e-05	-3.051796e-02	1.002900e+01
1.237000e-05	-3.059355e-02	1.002912e+01
1.238000e-05	-3.249341e-02	1.009210e+01
1.239000e-05	-3.753915e-02	1.010168e+01
1.240000e-05	-3.572971e-02	1.010273e+01
1.241000e-05	-3.400206e-02	1.008326e+01
1.242000e-05	-3.471474e-02	1.014318e+01
1.243000e-05	-3.708155e-02	1.013533e+01
1.244000e-05	-3.825243e-02	1.013378e+01
1.245000e-05	-3.861474e-02	1.014691e+01
1.246000e-05	-4.062392e-02	1.015484e+01
1.247000e-05	-4.013768e-02	1.012481e+01
1.248000e-05	-3.937015e-02	1.014481e+01
1.249000e-05	-4.060882e-02	1.013428e+01
1.250000e-05	-4.325380e-02	1.015373e+01
1.251000e-05	-4.216144e-02	1.013318e+01
1.252000e-05	-4.299341e-02	1.008161e+01
1.253000e-05	-4.545791e-02	1.004213e+01
1.254000e-05	-4.685976e-02	1.005107e+01
1.255000e-05	-4.836927e-02	1.003992e+01
1.256000e-05	-4.905881e-02	9.985988e+00
1.257000e-05	-5.122071e-02	9.945856e+00
1.258000e-05	-5.146054e-02	9.869175e+00
1.259000e-05	-5.261312e-02	9.845992e+00
1.260000e-05	-5.665399e-02	9.744735e+00
1.261000e-05	-5.834895e-02	9.631175e+00
1.262000e-05	-5.729582e-02	9.598991e+00
1.263000e-05	-5.773496e-02	9.535362e+00
1.264000e-05	-5.938500e-02	9.473154e+00
1.265000e-05	-6.208643e-02	9.410569e+00
1.266000e-05	-6.144482e-02	9.345337e+00
1.267000e-05	-5.953143e-02	9.282179e+00
1.268000e-05	-5.880459e-02	9.231045e+00
1.269000e-05	-5.820064e-02	9.176780e+00
1.270000e-05	-5.806605e-02	9.050545e+00
1.271000e-05	-5.628735e-02	8.924704e+00
1.272000e-05	-5.532307e-02	8.809547e+00
1.273000e-05	-5.206777e-02	8.726287e+00
1.274000e-05	-5.041232e-02	8.631602e+00
1.275000e-05	-4.758891e-02	8.517885e+00
1.276000e-05	-4.691865e-02	8.463577e+00
1.277000e-05	-4.515207e-02	8.328469e+00
1.278000e-05	-4.356610e-02	8.284182e+00
1.279000e-05	-4.090383e-02	8.158757e+00
1.280000e-05	-4.100088e-02	8.030522e+00
1.281000e-05	-3.826779e-02	7.934757e+00
1.282000e-05	-3.718274e-02	7.798468e+00
1.283000e-05	-3.364797e-02	7.672627e+00
1.284000e-05	-3.584315e-02	7.545959e+00
1.285000e-05	-3.222206e-02	7.389986e+00
1.286000e-05	-3.198904e-02	7.210545e+00
1.287000e-05	-2.906998e-02	7.063707e+00
1.288000e-05	-2.967263e-02	6.956441e+00
1.289000e-05	-2.756488e-02	6.811624e+00
1.290000e-05	-2.566271e-02	6.704703e+00
1.291000e-05	-2.460336e-02	6.494782e+00
1.292000e-05	-2.485867e-02	6.348366e+00
1.293000e-05	-2.397907e-02	6.251548e+00
1.294000e-05	-2.284930e-02	6.105753e+00
1.295000e-05	-2.188951e-02	5.989868e+00
1.296000e-05	-2.066722e-02	5.819941e+00
1.297000e-05	-2.017677e-02	5.589994e+00
1.298000e-05	-2.118272e-02	5.432575e+00
1.299000e-05	-1.800230e-02	5.314681e+00
1.300000e-05	-1.811675e-02	5.127303e+00
1.301000e-05	-1.720362e-02	4.905131e+00
1.302000e-05	-1.772197e-02	4.705830e+00
1.303000e-05	-1.434429e-02	4.556438e+00
1.304000e-05	-1.559865e-02	4.390524e+00
1.305000e-05	-1.538868e-02	4.204115e+00
1.306000e-05	-1.462774e-02	4.000071e+00
1.307000e-05	-1.223547e-02	3.865154e+00
1.308000e-05	-1.346214e-02	3.694811e+00
1.309000e-05	-1.323485e-02	3.548467e+00
1.310000e-05	-1.217576e-02	3.327808e+00
1.311000e-05	-1.136054e-02	3.168442e+00
1.312000e-05	-1.045784e-02	2.991493e+00
1.313000e-05	-1.165483e-02	2.822105e+00
1.314000e-05	-1.027837e-02	2.665151e+00
1.315000e-05	-9.720920e-03	2.422126e+00
1.316000e-05	-9.594648e-03	2.222703e+00
1.317000e-05	-9.541722e-03	2.054656e+00
1.318000e-05	-8.335360e-03	1.877811e+00
1.319000e-05	-6.792921e-03	1.687830e+00
1.320000e-05	-6.742748e-03	1.507812e+00
1.321000e-05	-7.525235e-03	1.327365e+00
1.322000e-05	-7.949607e-03	1.128786e+00
1.323000e-05	-6.762127e-03	8.671552e-01
1.324000e-05	-4.759185e-03	6.647881e-01
1.325000e-05	-4.153410e-03	4.783657e-01
1.326000e-05	-5.432403e-03	3.608960e-01
1.327000e-05	-4.015592e-03	1.093409e-01
1.328000e-05	-1.364336e-03	-6.008653e-02
1.329000e-05	2.753988e-03	-2.195589e-01
1.330000e-05	-1.779635e-03	-3.964237e-01
1.331000e-05	4.768013e-04	-6.047206e-01
1.332000e-05	-1.176114e-03	-7.768432e-01
1.333000e-05	-2.967398e-04	-9.132895e-01
1.334000e-05	-4.037276e-04	-1.071033e+00
1.335000e-05	1.154803e-02	-1.268979e+00
1.336000e-05	5.016708e-02	-1.438054e+00
1.337000e-05	5.465829e-02	-1.690113e+00
1.338000e-05	-6.821859e-02	-1.942792e+00
1.339000e-05	-1.474635e-02	-2.183372e+00
1.340000e-05	-7.881577e-02	-2.396345e+00
1.341000e-05	1.608727e-02	-2.430528e+00
1.342000e-05	1.350514e-01	-2.511635e+00
1.343000e-05	-1.303072e-01	-2.714293e+00
1.344000e-05	5.366160e-02	-2.922682e+00
1.345000e-05	9.133146e-02	-3.077449e+00
1.346000e-05	-1.701739e-01	-3.288662e+00
1.347000e-05	9.932468e-02	-3.491553e+00
1.348000e-05	4.699545e-02	-3.577893e+00
1.349000e-05	-1.211284e-01	-3.807825e+00
1.350000e-05	1.431544e-01	-3.955873e+00
1.351000e-05	-5.963806e-02	-4.175422e+00
1.352000e-05	-1.689099e-02	-4.376342e+00
1.353000e-05	9.032369e-02	-4.478553e+00
1.354000e-05	-1.105507e-01	-4.730638e+00
1.355000e-05	9.535729e-02	-4.840079e+00
1.356000e-05	-9.562314e-03	-5.018875e+00
1.357000e-05	-4.729887e-02	-5.244897e+00
1.358000e-05	9.776358e-02	-5.395347e+00
1.359000e-05	-4.738126e-02	-5.627447e+00
1.360000e-05	6.095542e-02	-5.773291e+00
1.361000e-05	-4.357186e-02	-5.911135e+00
1.362000e-05	2.096321e-03	-6.039479e+00
1.363000e-05	7.054406e-02	-6.154817e+00
1.364000e-05	-6.539097e-02	-6.413816e+00
1.365000e-05	8.133566e-02	-6.532183e+00
1.366000e-05	-1.759433e-02	-6.658555e+00
1.367000e-05	4.254078e-03	-6.816418e+00
1.368000e-05	2.238238e-02	-6.931133e+00
1.369000e-05	-2.269994e-02	-7.112155e+00
1.370000e-05	8.384383e-02	-7.228521e+00
1.371000e-05	-3.505750e-02	-7.363814e+00
1.372000e-05	1.311784e-02	-7.471110e+00
1.373000e-05	1.333160e-02	-7.656872e+00
1.374000e-05	2.392163e-02	-7.762316e+00
1.375000e-05	2.483362e-02	-7.940656e+00
1.376000e-05	-1.823635e-02	-8.039001e+00
1.377000e-05	4.727347e-02	-8.143661e+00
1.378000e-05	-1.293673e-03	-8.237527e+00
1.379000e-05	1.514313e-02	-8.324339e+00
1.380000e-05	1.506443e-02	-8.488500e+00
1.381000e-05	2.905974e-02	-8.613138e+00
1.382000e-05	1.550465e-02	-8.668656e+00
1.383000e-05	-4.619837e-03	-8.814445e+00
1.384000e-05	3.344993e-02	-8.881103e+00
1.385000e-05	2.243496e-02	-8.955788e+00
1.386000e-05	1.850819e-02	-9.060027e+00
1.387000e-05	1.035479e-02	-9.143236e+00
1.388000e-05	2.767462e-02	-9.175896e+00
1.389000e-05	2.208034e-02	-9.289476e+00
1.390000e-05	1.335762e-02	-9.354239e+00
1.391000e-05	2.510252e-02	-9.496525e+00
1.392000e-05	2.561836e-02	-9.528209e+00
1.393000e-05	1.847869e-02	-9.585420e+00
1.394000e-05	1.682662e-02	-9.648045e+00
1.395000e-05	2.913557e-02	-9.680602e+00
1.396000e-05	2.844507e-02	-9.753259e+00
1.397000e-05	1.813674e-02	-9.783913e+00
1.398000e-05	2.317979e-02	-9.826495e+00
1.399000e-05	2.647866e-02	-9.840554e+00
1.400000e-05	2.615410e-02	-9.942154e+00
1.401000e-05	2.498986e-02	-9.964232e+00
1.402000e-05	2.853837e-02	-9.963337e+00
1.403000e-05	2.745553e-02	-1.000587e+01
1.404000e-05	2.420707e-02	-9.985419e+00
1.405000e-05	2.754686e-02	-1.001752e+01
1.406000e-05	3.268408e-02	-1.006850e+01
1.407000e-05	2.962397e-02	-1.006902e+01
1.408000e-05	2.926768e-02	-1.008158e+01
1.409000e-05	3.021372e-02	-1.006060e+01
1.410000e-05	3.195967e-02	-1.013208e+01
1.411000e-05	2.991757e-02	-1.009158e+01
1.412000e-05	3.339829e-02	-1.010155e+01
1.413000e-05	3.421146e-02	-1.006103e+01
1.414000e-05	3.429951e-02	-1.007112e+01
1.415000e-05	3.522881e-02	-1.005100e+01
1.416000e-05	3.803814e-02	-1.004055e+01
1.417000e-05	3.689236e-02	-1.002797e+01
1.418000e-05	3.692594e-02	-9.995941e+00
1.419000e-05	3.903810e-02	-1.001736e+01
1.420000e-05	4.195819e-02	-9.963313e+00
1.421000e-05	4.045613e-02	-9.923185e+00
1.422000e-05	4.256989e-02	-9.881649e+00
1.423000e-05	4.517630e-02	-9.849592e+00
1.424000e-05	4.651459e-02	-9.816392e+00
1.425000e-05	4.582647e-02	-9.704211e+00
1.426000e-05	4.769461e-02	-9.682656e+00
1.427000e-05	5.254441e-02	-9.650600e+00
1.428000e-05	5.277356e-02	-9.628417e+00
1.429000e-05	5.366669e-02	-9.552807e+00
1.430000e-05	5.265680e-02	-9.487024e+00
1.431000e-05	5.287003e-02	-9.373336e+00
1.432000e-05	5.259033e-02	-9.292121e+00
1.433000e-05	5.297149e-02	-9.215891e+00
1.434000e-05	5.527385e-02	-9.132733e+00
1.435000e-05	5.259870e-02	-9.059542e+00
1.436000e-05	5.011452e-02	-8.945310e+00
1.437000e-05	4.778769e-02	-8.871152e+00
1.438000e-05	4.630542e-02	-8.808965e+00
1.439000e-05	4.331802e-02	-8.732656e+00
1.440000e-05	4.305945e-02	-8.607493e+00
1.441000e-05	4.157730e-02	-8.472178e+00
1.442000e-05	4.026871e-02	-8.417941e+00
1.443000e-05	3.790192e-02	-8.292173e+00
1.444000e-05	3.587174e-02	-8.156939e+00
1.445000e-05	3.413575e-02	-8.092630e+00
1.446000e-05	3.229927e-02	-7.998491e+00
1.447000e-05	3.002699e-02	-7.839113e+00
1.448000e-05	3.062116e-02	-7.701600e+00
1.449000e-05	2.803892e-02	-7.575212e+00
1.450000e-05	2.708428e-02	-7.420418e+00
1.451000e-05	2.442892e-02	-7.281699e+00
1.452000e-05	2.379225e-02	-7.176865e+00
1.453000e-05	2.176071e-02	-7.039487e+00
1.454000e-05	2.088566e-02	-6.850573e+00
1.455000e-05	2.023191e-02	-6.744283e+00
1.456000e-05	1.937495e-02	-6.598463e+00
1.457000e-05	1.842613e-02	-6.452074e+00
1.458000e-05	1.637367e-02	-6.303803e+00
1.459000e-05	1.494624e-02	-6.133708e+00
1.460000e-05	1.409096e-02	-5.968466e+00
1.461000e-05	1.324097e-02	-5.860524e+00
1.462000e-05	1.210492e-02	-5.693626e+00
1.463000e-05	1.184128e-02	-5.534331e+00
1.464000e-05	1.210363e-02	-5.336633e+00
1.465000e-05	1.146326e-02	-5.125260e+00
1.466000e-05	9.916063e-03	-4.979562e+00
1.467000e-05	8.976381e-03	-4.737337e+00
1.468000e-05	8.555762e-03	-4.600493e+00
1.469000e-05	6.583821e-03	-4.432601e+00
1.470000e-05	7.072511e-03	-4.313310e+00
1.471000e-05	7.046034e-03	-4.168436e+00
1.472000e-05	7.222613e-03	-3.988966e+00
1.473000e-05	4.471610e-03	-3.810994e+00
1.474000e-05	4.466461e-03	-3.601494e+00
1.475000e-05	4.106944e-03	-3.433151e+00
1.476000e-05	4.658999e-03	-3.263645e+00
1.477000e-05	2.862453e-03	-3.115761e+00
1.478000e-05	2.479503e-03	-2.895253e+00
1.479000e-05	2.537136e-03	-2.727937e+00
1.480000e-05	3.646073e-04	-2.567491e+00
1.481000e-05	1.469601e-03	-2.437996e+00
1.482000e-05	1.662390e-03	-2.179091e+00
1.483000e-05	2.209388e-03	-1.969049e+00
1.484000e-05	-7.596547e-04	-1.830000e+00
1.485000e-05	-2.738035e-04	-1.603701e+00
1.486000e-05	-1.272712e-03	-1.449726e+00
1.487000e-05	-5.100835e-05	-1.189972e+00
1.488000e-05	-2.496919e-03	-1.011991e+00
1.489000e-05	-2.236758e-03	-8.412025e-01
1.490000e-05	-4.783379e-03	-6.532064e-01
1.491000e-05	-2.936480e-03	-4.016513e-01
1.492000e-05	-2.968606e-03	-2.527040e-01
1.493000e-05	-2.598601e-03	-6.425547e-02
1.494000e-05	8.474725e-05	1.237118e-01
1.495000e-05	1.668703e-03	3.137947e-01
1.496000e-05	-3.446492e-03	4.522355e-01
1.497000e-05	2.110426e-04	6.400316e-01
1.498000e-05	-4.883921e-03	8.074463e-01
1.499000e-05	-2.182864e-03	9.652749e-01
1.500000e-05	-4.267785e-03	1.206899e+00
1.501000e-05	5.062528e-03	1.347321e+00
1.502000e-05	2.628310e-02	1.536748e+00
1.503000e-05	6.087358e-02	1.808005e+00
1.504000e-05	-3.565083e-02	1.998427e+00
1.505000e-05	-4.406656e-02	2.145999e+00
1.506000e-05	-4.599944e-02	2.337449e+00
1.507000e-05	-6.459286e-02	2.511136e+00
1.508000e-05	5.121163e-02	2.681054e+00
1.509000e-05	8.305587e-02	2.819055e+00
1.510000e-05	-1.532941e-01	2.946469e+00
1.511000e-05	1.155270e-01	3.084186e+00
1.512000e-05	-1.638689e-02	3.321618e+00
1.513000e-05	-9.437114e-02	3.554838e+00
1.514000e-05	8.902508e-02	3.680582e+00
1.515000e-05	-1.910022e-02	3.847554e+00
1.516000e-05	-7.043657e-02	4.028953e+00
1.517000e-05	7.398918e-02	4.226500e+00
1.518000e-05	-5.928713e-02	4.388970e+00
1.519000e-05	-6.405003e-03	4.535866e+00
1.520000e-05	8.945695e-03	4.765391e+00
1.521000e-05	-4.169953e-02	4.952769e+00
1.522000e-05	1.162502e-02	5.182321e+00
1.523000e-05	-2.818569e-02	5.373894e+00
1.524000e-05	7.275027e-03	5.531688e+00
1.525000e-05	-6.477392e-03	5.660033e+00
1.526000e-05	-1.069502e-05	5.881003e+00
1.527000e-05	-2.632363e-02	6.028397e+00
1.528000e-05	-3.796987e-02	6.155412e+00
1.529000e-05	1.820647e-02	6.281182e+00
1.530000e-05	-1.656127e-02	6.439499e+00
1.531000e-05	-1.833349e-02	6.593921e+00
1.532000e-05	-6.585699e-03	6.785410e+00
1.533000e-05	-2.620272e-02	6.881209e+00
1.534000e-05	-9.840047e-03	7.068970e+00
1.535000e-05	-1.862074e-02	7.113740e+00
1.536000e-05	-1.347658e-02	7.250523e+00
1.537000e-05	-5.098909e-03	7.394396e+00
1.538000e-05	-2.587603e-02	7.614888e+00
1.539000e-05	-1.888415e-02	7.721683e+00
1.540000e-05	-1.791402e-02	7.850051e+00
1.541000e-05	-5.676903e-03	8.003890e+00
1.542000e-05	-2.498757e-02	8.111181e+00
1.543000e-05	-2.520458e-02	8.238075e+00
1.544000e-05	-1.001212e-02	8.333262e+00
1.545000e-05	-2.168780e-02	8.400001e+00
1.546000e-05	-2.076964e-02	8.492661e+00
1.547000e-05	-2.386494e-02	8.566945e+00
1.548000e-05	-1.459812e-02	8.711653e+00
1.549000e-05	-2.618461e-02	8.784370e+00
1.550000e-05	-2.506594e-02	8.851079e+00
1.551000e-05	-1.844161e-02	8.984389e+00
1.552000e-05	-2.166017e-02	9.110608e+00
1.553000e-05	-2.690205e-02	9.216544e+00
1.554000e-05	-2.586617e-02	9.280529e+00
1.555000e-05	-1.967362e-02	9.324838e+00
1.556000e-05	-2.716681e-02	9.426396e+00
1.557000e-05	-2.871920e-02	9.492181e+00
1.558000e-05	-2.462865e-02	9.522286e+00
1.559000e-05	-2.447341e-02	9.587422e+00
1.560000e-05	-3.059080e-02	9.690599e+00
1.561000e-05	-2.980486e-02	9.770684e+00
1.562000e-05	-2.348021e-02	9.804917e+00
1.563000e-05	-2.892810e-02	9.849123e+00
1.564000e-05	-3.130211e-02	9.922728e+00
1.565000e-05	-3.188371e-02	9.955360e+00
1.566000e-05	-2.992009e-02	9.996364e+00
1.567000e-05	-3.296721e-02	9.977518e+00
1.568000e-05	-3.151695e-02	1.005955e+01
1.569000e-05	-3.020049e-02	1.004910e+01
1.570000e-05	-3.396865e-02	1.010205e+01
1.571000e-05	-3.638365e-02	1.011226e+01
1.572000e-05	-3.504145e-02	1.010268e+01
1.573000e-05	-3.354269e-02	1.013376e+01
1.574000e-05	-3.661534e-02	1.016226e+01
1.575000e-05	-3.788173e-02	1.014339e+01
1.576000e-05	-3.813790e-02	1.012631e+01
1.577000e-05	-3.907979e-02	1.014496e+01
1.578000e-05	-4.003174e-02	1.016529e+01
1.579000e-05	-3.914406e-02	1.018536e+01
1.580000e-05	-3.842139e-02	1.014529e+01
1.581000e-05	-4.295870e-02	1.013479e+01
1.582000e-05	-4.290504e-02	1.009373e+01
1.583000e-05	-4.419953e-02	1.009321e+01
1.584000e-05	-4.516207e-02	1.009205e+01
1.585000e-05	-4.667495e-02	1.005163e+01
1.586000e-05	-4.613349e-02	9.999546e+00
1.587000e-05	-4.786699e-02	9.987447e+00
1.588000e-05	-4.940530e-02	9.994813e+00
1.589000e-05	-4.981057e-02	9.923753e+00
1.590000e-05	-5.188277e-02	9.818099e+00
1.591000e-05	-5.432458e-02	9.785413e+00
1.592000e-05	-5.814643e-02	9.713204e+00
1.593000e-05	-5.901226e-02	9.617996e+00
1.594000e-05	-6.003774e-02	9.556917e+00
1.595000e-05	-5.958183e-02	9.542731e+00
1.596000e-05	-5.955510e-02	9.459651e+00
1.597000e-05	-5.897633e-02	9.399390e+00
1.598000e-05	-5.947827e-02	9.303331e+00
1.599000e-05	-5.903801e-02	9.281049e+00
1.600000e-05	-5.895287e-02	9.186492e+00
1.601000e-05	-5.745824e-02	9.112679e+00
1.602000e-05	-5.796677e-02	8.988386e+00
1.603000e-05	-5.598976e-02	8.832000e+00
1.604000e-05	-5.511073e-02	8.787445e+00
1.605000e-05	-5.142352e-02	8.703257e+00
1.606000e-05	-4.909471e-02	8.608521e+00
1.607000e-05	-4.633184e-02	8.503213e+00
1.608000e-05	-4.589101e-02	8.411025e+00
1.609000e-05	-4.497924e-02	8.346883e+00
1.610000e-05	-4.299723e-02	8.258468e+00
1.611000e-05	-4.051023e-02	8.103185e+00
1.612000e-05	-3.953740e-02	7.987014e+00
1.613000e-05	-3.788072e-02	7.872600e+00
1.614000e-05	-3.528038e-02	7.765783e+00
1.615000e-05	-3.512744e-02	7.629518e+00
1.616000e-05	-3.307527e-02	7.442671e+00
1.617000e-05	-3.217921e-02	7.324255e+00
1.618000e-05	-2.870556e-02	7.167861e+00
1.619000e-05	-3.046285e-02	7.041149e+00
1.620000e-05	-2.890581e-02	6.884733e+00
1.621000e-05	-2.859769e-02	6.788942e+00
1.622000e-05	-2.603418e-02	6.598495e+00
1.623000e-05	-2.544760e-02	6.421100e+00
1.624000e-05	-2.337600e-02	6.274255e+00
1.625000e-05	-2.307322e-02	6.157437e+00
1.626000e-05	-2.252028e-02	6.023076e+00
1.627000e-05	-2.239270e-02	5.906350e+00
1.628000e-05	-2.061610e-02	5.704703e+00
1.629000e-05	-2.022937e-02	5.565757e+00
1.630000e-05	-1.890478e-02	5.399517e+00
1.631000e-05	-1.920726e-02	5.160970e+00
1.632000e-05	-1.773853e-02	4.999439e+00
1.633000e-05	-1.747787e-02	4.818996e+00
1.634000e-05	-1.693351e-02	4.632072e+00
1.635000e-05	-1.506615e-02	4.475682e+00
1.636000e-05	-1.525320e-02	4.347361e+00
1.637000e-05	-1.435900e-02	4.076358e+00
1.638000e-05	-1.380827e-02	3.918993e+00
1.639000e-05	-1.324790e-02	3.810521e+00
1.640000e-05	-1.292460e-02	3.612575e+00
1.641000e-05	-1.305108e-02	3.475231e+00
1.642000e-05	-1.203132e-02	3.225105e+00
1.643000e-05	-1.143593e-02	3.074759e+00
1.644000e-05	-1.154364e-02	2.917337e+00
1.645000e-05	-1.072558e-02	2.760516e+00
1.646000e-05	-9.615216e-03	2.531987e+00
1.647000e-05	-1.015791e-02	2.347442e+00
1.648000e-05	-8.353550e-03	2.158947e+00
1.649000e-05	-8.758313e-03	2.011449e+00
1.650000e-05	-7.897299e-03	1.823058e+00
1.651000e-05	-8.606307e-03	1.611651e+00
1.652000e-05	-7.692881e-03	1.433679e+00
1.653000e-05	-7.844873e-03	1.264130e+00
1.654000e-05	-6.892588e-03	9.941001e-01
1.655000e-05	-5.516801e-03	8.119813e-01
1.656000e-05	-5.861588e-03	6.126254e-01
1.657000e-05	-5.248948e-03	4.132053e-01
1.658000e-05	-4.768428e-03	2.547545e-01
1.659000e-05	-4.167361e-03	2.355020e-02
1.660000e-05	6.038807e-04	-1.532708e-01
1.661000e-05	1.911606e-03	-2.826367e-01
1.662000e-05	-1.822576e-03	-4.290552e-01
1.663000e-05	5.514897e-04	-7.111580e-01
1.664000e-05	-3.565938e-03	-8.274776e-01
1.665000e-05	7.873948e-04	-9.859987e-01
1.666000e-05	2.166211e-03	-1.134313e+00
1.667000e-05	2.252112e-02	-1.383791e+00
1.668000e-05	7.703743e-02	-1.555640e+00
1.669000e-05	-1.792111e-02	-1.804350e+00
1.670000e-05	-4.282598e-02	-2.068077e+00
1.671000e-05	-4.149530e-02	-2.279138e+00
1.672000e-05	-7.446204e-02	-2.439025e+00
1.673000e-05	1.183010e-01	-2.480578e+00
1.674000e-05	2.467561e-02	-2.575375e+00
1.675000e-05	-1.375240e-01	-2.809451e+00
1.676000e-05	1.677918e-01	-2.934742e+00
1.677000e-05	-7.544855e-02	-3.153892e+00
1.678000e-05	-7.922363e-02	-3.374895e+00
1.679000e-05	1.534612e-01	-3.512212e+00
1.680000e-05	-8.235375e-02	-3.720057e+00
1.681000e-05	-1.692862e-03	-3.940716e+00
1.682000e-05	1.144035e-01	-4.049453e+00
1.683000e-05	-1.386660e-01	-4.270557e+00
1.684000e-05	9.952970e-02	-4.416422e+00
1.685000e-05	-2.385776e-02	-4.604271e+00
1.686000e-05	-3.572404e-02	-4.808420e+00
1.687000e-05	1.087518e-01	-4.901737e+00
1.688000e-05	-9.598109e-02	-5.100160e+00
1.689000e-05	5.898197e-02	-5.300659e+00
1.690000e-05	2.466565e-02	-5.487135e+00
1.691000e-05	-1.664183e-02	-5.679630e+00
1.692000e-05	4.913411e-02	-5.826948e+00
1.693000e-05	-7.077177e-02	-5.955821e+00
1.694000e-05	8.088696e-02	-6.081105e+00
1.695000e-05	-1.368336e-02	-6.258553e+00
1.696000e-05	-1.096885e-02	-6.438576e+00
1.697000e-05	7.263704e-02	-6.565344e+00
1.698000e-05	-5.065481e-02	-6.741237e+00
1.699000e-05	4.993863e-02	-6.850026e+00
1.700000e-05	-2.879620e-02	-7.013842e+00
1.701000e-05	3.928369e-02	-7.205891e+00
1.702000e-05	4.249384e-02	-7.280131e+00
1.703000e-05	-3.801838e-02	-7.427949e+00
1.704000e-05	3.549201e-02	-7.533211e+00
1.705000e-05	-4.494174e-03	-7.680604e+00
1.706000e-05	4.490575e-02	-7.886400e+00
1.707000e-05	-6.757667e-03	-7.984283e+00
1.708000e-05	1.471896e-02	-8.100655e+00
1.709000e-05	3.439121e-02	-8.185366e+00
1.710000e-05	-7.811079e-03	-8.300150e+00
1.711000e-05	2.499148e-02	-8.364419e+00
1.712000e-05	1.040954e-02	-8.470681e+00
1.713000e-05	3.602923e-02	-8.636895e+00
1.714000e-05	-4.750536e-03	-8.729834e+00
1.715000e-05	1.594146e-02	-8.817551e+00
1.716000e-05	3.006660e-02	-8.951657e+00
1.717000e-05	1.953760e-02	-9.016522e+00
1.718000e-05	1.561874e-02	-9.089131e+00
1.719000e-05	1.438034e-02	-9.194837e+00
1.720000e-05	3.120699e-02	-9.218468e+00
1.721000e-05	1.270369e-02	-9.301658e+00
1.722000e-05	1.957987e-02	-9.434262e+00
1.723000e-05	2.484787e-02	-9.528529e+00
1.724000e-05	2.486351e-02	-9.563263e+00
1.725000e-05	1.591626e-02	-9.637045e+00
1.726000e-05	2.153852e-02	-9.680574e+00
1.727000e-05	3.062120e-02	-9.732683e+00
1.728000e-05	2.313599e-02	-9.795386e+00
1.729000e-05	2.379471e-02	-9.825392e+00
1.730000e-05	2.243067e-02	-9.856526e+00
1.731000e-05	2.777836e-02	-9.900674e+00
1.732000e-05	2.295772e-02	-9.933234e+00
1.733000e-05	2.811505e-02	-9.972738e+00
1.734000e-05	2.895940e-02	-9.986812e+00
1.735000e-05	2.528612e-02	-9.973943e+00
1.736000e-05	2.548145e-02	-1.002646e+01
1.737000e-05	2.998518e-02	-1.006854e+01
1.738000e-05	3.154836e-02	-1.007054e+01
1.739000e-05	2.885060e-02	-1.007012e+01
1.740000e-05	3.145256e-02	-1.010962e+01
1.741000e-05	3.152511e-02	-1.010210e+01
1.742000e-05	3.140637e-02	-1.016055e+01
1.743000e-05	3.153640e-02	-1.008107e+01
1.744000e-05	3.447874e-02	-1.010008e+01
1.745000e-05	3.495496e-02	-1.006063e+01
1.746000e-05	3.460594e-02	-1.006052e+01
1.747000e-05	3.605590e-02	-1.005957e+01
1.748000e-05	3.791521e-02	-1.006694e+01
1.749000e-05	3.641377e-02	-1.006797e+01
1.750000e-05	3.718876e-02	-1.000794e+01
1.751000e-05	4.074779e-02	-9.975840e+00
1.752000e-05	4.148336e-02	-9.942263e+00
1.753000e-05	4.194427e-02	-9.922701e+00
1.754000e-05	4.387094e-02	-9.861149e+00
1.755000e-05	4.656807e-02	-9.837491e+00
1.756000e-05	4.826391e-02	-9.804836e+00
1.757000e-05	4.778804e-02	-9.723684e+00
1.758000e-05	5.027004e-02	-9.691602e+00
1.759000e-05	5.118018e-02	-9.659047e+00
1.760000e-05	5.230089e-02	-9.595861e+00
1.761000e-05	5.386743e-02	-9.491253e+00
1.762000e-05	5.349074e-02	-9.457415e+00
1.763000e-05	5.358913e-02	-9.335233e+00
1.764000e-05	5.337800e-02	-9.289570e+00
1.765000e-05	5.474579e-02	-9.146341e+00
1.766000e-05	5.204726e-02	-9.101626e+00
1.767000e-05	5.041459e-02	-9.037444e+00
1.768000e-05	4.898496e-02	-8.912204e+00
1.769000e-05	4.809752e-02	-8.849623e+00
1.770000e-05	4.655508e-02	-8.777388e+00
1.771000e-05	4.445164e-02	-8.692225e+00
1.772000e-05	4.220209e-02	-8.556257e+00
1.773000e-05	4.135448e-02	-8.439573e+00
1.774000e-05	3.696754e-02	-8.334309e+00
1.775000e-05	3.673131e-02	-8.270569e+00
1.776000e-05	3.470012e-02	-8.145307e+00
1.777000e-05	3.519834e-02	-8.010580e+00
1.778000e-05	3.223432e-02	-7.902710e+00
1.779000e-05	3.088382e-02	-7.807362e+00
1.780000e-05	2.843205e-02	-7.659092e+00
1.781000e-05	2.759061e-02	-7.524655e+00
1.782000e-05	2.631629e-02	-7.316386e+00
1.783000e-05	2.282582e-02	-7.191020e+00
1.784000e-05	2.207769e-02	-7.144279e+00
1.785000e-05	2.124138e-02	-6.946203e+00
1.786000e-05	2.097662e-02	-6.758996e+00
1.787000e-05	1.974053e-02	-6.672655e+00
1.788000e-05	1.898661e-02	-6.535309e+00
1.789000e-05	1.743574e-02	-6.409996e+00
1.790000e-05	1.705774e-02	-6.190497e+00
1.791000e-05	1.483010e-02	-6.050525e+00
1.792000e-05	1.296599e-02	-5.905230e+00
1.793000e-05	1.313817e-02	-5.776867e+00
1.794000e-05	1.210630e-02	-5.629965e+00
1.795000e-05	1.144377e-02	-5.451221e+00
1.796000e-05	9.666397e-03	-5.239075e+00
1.797000e-05	1.066109e-02	-5.055196e+00
1.798000e-05	9.818248e-03	-4.912280e+00
1.799000e-05	9.584024e-03	-4.675105e+00
1.800000e-05	6.834157e-03	-4.515257e+00
1.801000e-05	7.675772e-03	-4.379966e+00
1.802000e-05	5.637390e-03	-4.243079e+00
1.803000e-05	6.249733e-03	-4.065229e+00
1.804000e-05	4.915989e-03	-3.945883e+00
1.805000e-05	4.862348e-03	-3.717230e+00
1.806000e-05	4.613766e-03	-3.537412e+00
1.807000e-05	5.486338e-03	-3.359920e+00
1.808000e-05	3.181911e-03	-3.220999e+00
1.809000e-05	3.351336e-03	-3.031647e+00
1.810000e-05	3.380809e-03	-2.812100e+00
1.811000e-05	3.058395e-03	-2.634628e+00
1.812000e-05	4.649184e-04	-2.465200e+00
1.813000e-05	8.754292e-04	-2.307303e+00
1.814000e-05	1.300523e-03	-2.084182e+00
1.815000e-05	1.518846e-03	-1.886262e+00
1.816000e-05	-8.055016e-04	-1.766841e+00
1.817000e-05	-1.686870e-04	-1.549489e+00
1.818000e-05	-8.469447e-04	-1.297881e+00
1.819000e-05	-8.271201e-04	-1.116838e+00
1.820000e-05	-2.985529e-03	-9.058869e-01
1.821000e-05	-3.092108e-03	-7.099972e-01
1.822000e-05	-3.582696e-03	-5.487842e-01
1.823000e-05	-2.037633e-03	-3.384460e-01
1.824000e-05	-3.542916e-03	-1.795472e-01
1.825000e-05	-1.983012e-03	-2.073687e-03
1.826000e-05	1.821657e-03	1.778511e-01
1.827000e-05	-1.712532e-04	3.795026e-01
1.828000e-05	-1.786194e-03	5.568460e-01
1.829000e-05	-1.617621e-03	7.037696e-01
1.830000e-05	-3.924780e-03	8.414830e-01
1.831000e-05	-3.950772e-03	1.049641e+00
1.832000e-05	-1.272992e-03	1.231160e+00
1.833000e-05	1.020792e-02	1.411529e+00
1.834000e-05	4.956878e-02	1.670730e+00
1.835000e-05	2.893404e-02	1.893113e+00
1.836000e-05	-5.953395e-02	2.072134e+00
1.837000e-05	-3.574556e-02	2.280132e+00
1.838000e-05	-5.979854e-02	2.417101e+00
1.839000e-05	-4.031536e-02	2.536369e+00
1.840000e-05	1.255834e-01	2.744272e+00
1.841000e-05	-5.268983e-02	2.901760e+00
1.842000e-05	-6.908210e-02	3.019998e+00
1.843000e-05	1.338850e-01	3.188476e+00
1.844000e-05	-1.153539e-01	3.448128e+00
1.845000e-05	-3.049280e-03	3.578449e+00
1.846000e-05	8.558139e-02	3.723270e+00
1.847000e-05	-1.017031e-01	3.943689e+00
1.848000e-05	2.297677e-02	4.071654e+00
1.849000e-05	2.386973e-02	4.321658e+00
1.850000e-05	-5.952586e-02	4.450630e+00
1.851000e-05	2.277434e-02	4.590054e+00
1.852000e-05	-2.986878e-02	4.858529e+00
1.853000e-05	-1.346383e-02	5.048509e+00
1.854000e-05	-6.526770e-03	5.270030e+00
1.855000e-05	-1.857900e-02	5.419025e+00
1.856000e-05	1.045378e-02	5.566468e+00
1.857000e-05	-7.115790e-03	5.713812e+00
1.858000e-05	-7.488212e-03	5.935235e+00
1.859000e-05	-4.102373e-02	6.091032e+00
1.860000e-05	-1.453998e-02	6.277998e+00
1.861000e-05	1.840637e-02	6.346316e+00
1.862000e-05	-3.645319e-02	6.481180e+00
1.863000e-05	2.379832e-04	6.690055e+00
1.864000e-05	-2.363110e-02	6.828526e+00
1.865000e-05	-1.751146e-02	6.934792e+00
1.866000e-05	-8.903377e-03	7.081105e+00
1.867000e-05	-2.283756e-02	7.187471e+00
1.868000e-05	-2.693999e-03	7.311680e+00
1.869000e-05	-2.101006e-02	7.480574e+00
1.870000e-05	-1.866623e-02	7.608976e+00
1.871000e-05	-2.434041e-02	7.775870e+00
1.872000e-05	-7.527730e-03	7.890660e+00
1.873000e-05	-1.481246e-02	8.065525e+00
1.874000e-05	-2.753575e-02	8.184286e+00
1.875000e-05	-1.651358e-02	8.271082e+00
1.876000e-05	-1.456815e-02	8.375368e+00
1.877000e-05	-2.039947e-02	8.471030e+00
1.878000e-05	-2.397903e-02	8.543288e+00
1.879000e-05	-1.719894e-02	8.669999e+00
1.880000e-05	-2.039173e-02	8.773312e+00
1.881000e-05	-2.631606e-02	8.787999e+00
1.882000e-05	-2.412847e-02	8.912183e+00
1.883000e-05	-1.757334e-02	9.047498e+00
1.884000e-05	-2.488835e-02	9.134335e+00
1.885000e-05	-2.522291e-02	9.247497e+00
1.886000e-05	-2.267265e-02	9.302183e+00
1.887000e-05	-2.217827e-02	9.364914e+00
1.888000e-05	-2.928894e-02	9.420550e+00
1.889000e-05	-2.738322e-02	9.533163e+00
1.890000e-05	-2.194667e-02	9.554890e+00
1.891000e-05	-2.741360e-02	9.640026e+00
1.892000e-05	-3.141473e-02	9.692134e+00
1.893000e-05	-2.778036e-02	9.741762e+00
1.894000e-05	-2.429828e-02	9.857513e+00
1.895000e-05	-2.957229e-02	9.927624e+00
1.896000e-05	-3.129492e-02	9.944233e+00
1.897000e-05	-3.083892e-02	9.973489e+00
1.898000e-05	-3.132128e-02	1.000847e+01
1.899000e-05	-3.180504e-02	1.003849e+01
1.900000e-05	-3.139939e-02	1.005158e+01
1.901000e-05	-3.168877e-02	1.006058e+01
1.902000e-05	-3.710756e-02	1.010170e+01
1.903000e-05	-3.723062e-02	1.012226e+01
1.904000e-05	-3.313498e-02	1.012376e+01
1.905000e-05	-3.357521e-02	1.015476e+01
1.906000e-05	-3.661753e-02	1.016476e+01
1.907000e-05	-3.663401e-02	1.016434e+01
1.908000e-05	-3.765265e-02	1.016374e+01
1.909000e-05	-4.044912e-02	1.016529e+01
1.910000e-05	-3.981234e-02	1.015636e+01
1.911000e-05	-4.039275e-02	1.013529e+01
1.912000e-05	-4.074967e-02	1.017384e+01
1.913000e-05	-4.341221e-02	1.012436e+01
1.914000e-05	-4.262752e-02	1.011176e+01
1.915000e-05	-4.358087e-02	1.007318e+01
1.916000e-05	-4.369637e-02	1.008158e+01
1.917000e-05	-4.650032e-02	1.005100e+01
1.918000e-05	-4.844888e-02	1.004852e+01
1.919000e-05	-4.877711e-02	9.976914e+00
1.920000e-05	-5.099723e-02	9.953830e+00
1.921000e-05	-5.113528e-02	9.879152e+00
1.922000e-05	-5.417395e-02	9.798044e+00
1.923000e-05	-5.486645e-02	9.745686e+00
1.924000e-05	-5.774659e-02	9.662076e+00
1.925000e-05	-5.808752e-02	9.587896e+00
1.926000e-05	-5.873458e-02	9.525362e+00
1.927000e-05	-5.961250e-02	9.492754e+00
1.928000e-05	-6.064554e-02	9.448995e+00
1.929000e-05	-6.167574e-02	9.295338e+00
1.930000e-05	-6.050292e-02	9.283228e+00
1.931000e-05	-5.959146e-02	9.198097e+00
1.932000e-05	-5.731515e-02	9.125860e+00
1.933000e-05	-5.785675e-02	9.040547e+00
1.934000e-05	-5.606350e-02	8.985283e+00
1.935000e-05	-5.496704e-02	8.800545e+00
1.936000e-05	-5.132635e-02	8.786439e+00
1.937000e-05	-5.132280e-02	8.642650e+00
1.938000e-05	-4.732335e-02	8.589013e+00
1.939000e-05	-4.724933e-02	8.483629e+00
1.940000e-05	-4.386801e-02	8.397495e+00
1.941000e-05	-4.368807e-02	8.272776e+00
1.942000e-05	-4.154492e-02	8.165837e+00
1.943000e-05	-4.031180e-02	8.050022e+00
1.944000e-05	-3.722000e-02	7.924312e+00
1.945000e-05	-3.700943e-02	7.778994e+00
1.946000e-05	-3.545520e-02	7.702683e+00
1.947000e-05	-3.514475e-02	7.588412e+00
1.948000e-05	-3.077815e-02	7.378063e+00
1.949000e-05	-3.093446e-02	7.229949e+00
1.950000e-05	-3.014781e-02	7.085780e+00
1.951000e-05	-2.976626e-02	6.997465e+00
1.952000e-05	-2.758967e-02	6.843126e+00
1.953000e-05	-2.590154e-02	6.725809e+00
1.954000e-05	-2.587801e-02	6.556862e+00
1.955000e-05	-2.423233e-02	6.368419e+00
1.956000e-05	-2.351423e-02	6.262050e+00
1.957000e-05	-2.189047e-02	6.114680e+00
1.958000e-05	-2.253980e-02	5.978040e+00
1.959000e-05	-2.116204e-02	5.821590e+00
1.960000e-05	-2.037027e-02	5.620571e+00
1.961000e-05	-1.957007e-02	5.462175e+00
1.962000e-05	-1.977342e-02	5.255280e+00
1.963000e-05	-1.835540e-02	5.126316e+00
1.964000e-05	-1.809873e-02	4.914753e+00
1.965000e-05	-1.586434e-02	4.716857e+00
1.966000e-05	-1.693661e-02	4.578466e+00
1.967000e-05	-1.668882e-02	4.423099e+00
1.968000e-05	-1.533276e-02	4.214149e+00
1.969000e-05	-1.295385e-02	4.030525e+00
1.970000e-05	-1.332932e-02	3.866208e+00
1.971000e-05	-1.378179e-02	3.717784e+00
1.972000e-05	-1.330652e-02	3.580994e+00
1.973000e-05	-1.240384e-02	3.381366e+00
1.974000e-05	-1.087923e-02	3.188045e+00
1.975000e-05	-1.157172e-02	3.002072e+00
1.976000e-05	-1.083231e-02	2.862629e+00
1.977000e-05	-1.018115e-02	2.676812e+00
1.978000e-05	-1.001000e-02	2.432650e+00
1.979000e-05	-9.587287e-03	2.266209e+00
1.980000e-05	-9.116644e-03	2.116259e+00
1.981000e-05	-8.032200e-03	1.939342e+00
1.982000e-05	-7.581546e-03	1.676341e+00
1.983000e-05	-9.223203e-03	1.569913e+00
1.984000e-05	-7.055370e-03	1.348919e+00
1.985000e-05	-6.655527e-03	1.148392e+00
1.986000e-05	-6.138722e-03	9.267644e-01
1.987000e-05	-6.637410e-03	6.878382e-01
1.988000e-05	-5.552285e-03	5.294411e-01
1.989000e-05	-5.453695e-03	3.494184e-01
1.990000e-05	-5.283143e-03	1.294223e-01
1.991000e-05	-2.519745e-03	-5.097982e-02
1.992000e-05	2.620335e-03	-2.094249e-01
1.993000e-05	8.374759e-05	-3.662909e-01
1.994000e-05	-1.050734e-04	-5.036644e-01
1.995000e-05	-2.282277e-04	-7.142446e-01
1.996000e-05	-3.570020e-05	-8.931643e-01
1.997000e-05	-4.427613e-04	-1.031033e+00
1.998000e-05	7.996166e-03	-1.196999e+00
1.999000e-05	4.179754e-02	-1.398031e+00
2.000000e-05	6.689349e-02	-1.659004e+00
2.001000e-05	-6.558159e-02	-1.942159e+00
2.002000e-05	-1.490473e-02	-2.162744e+00
2.003000e-05	-7.571964e-02	-2.347895e+00
2.004000e-05	-8.784247e-03	-2.451503e+00
2.005000e-05	1.463475e-01	-2.502134e+00
2.006000e-05	-1.089653e-01	-2.712640e+00
2.007000e-05	9.549126e-03	-2.943057e+00
2.008000e-05	1.233546e-01	-2.981865e+00
2.009000e-05	-1.706816e-01	-3.270108e+00
2.010000e-05	7.363441e-02	-3.480057e+00
2.011000e-05	7.955637e-02	-3.555841e+00
2.012000e-05	-1.333720e-01	-3.835275e+00
2.013000e-05	1.264526e-01	-3.986292e+00
2.014000e-05	-2.480291e-02	-4.154316e+00
2.015000e-05	-5.325420e-02	-4.334770e+00
2.016000e-05	1.092373e-01	-4.438503e+00
2.017000e-05	-1.060820e-01	-4.689509e+00
2.018000e-05	7.741710e-02	-4.860101e+00
2.019000e-05	1.972720e-02	-4.994372e+00
2.020000e-05	-7.150202e-02	-5.184920e+00
2.021000e-05	1.029955e-01	-5.382809e+00
2.022000e-05	-4.471351e-02	-5.636817e+00
2.023000e-05	5.208347e-02	-5.773238e+00
2.024000e-05	-2.242373e-02	-5.898629e+00
2.025000e-05	-2.013270e-02	-6.018447e+00
2.026000e-05	8.243607e-02	-6.182767e+00
2.027000e-05	-6.505491e-02	-6.363337e+00
2.028000e-05	7.088003e-02	-6.492134e+00
2.029000e-05	-9.648549e-04	-6.667002e+00
2.030000e-05	-1.167213e-02	-6.767368e+00
2.031000e-05	3.682728e-02	-6.910159e+00
2.032000e-05	-3.361744e-02	-7.085053e+00
2.033000e-05	8.313570e-02	-7.198975e+00
2.034000e-05	-2.464913e-02	-7.363285e+00
2.035000e-05	4.558745e-03	-7.480530e+00
2.036000e-05	1.778358e-02	-7.606813e+00
2.037000e-05	1.453052e-02	-7.782307e+00
2.038000e-05	3.415864e-02	-7.908952e+00
2.039000e-05	-1.914918e-02	-8.016971e+00
2.040000e-05	4.428970e-02	-8.131733e+00
2.041000e-05	2.600080e-03	-8.207968e+00
2.042000e-05	9.184431e-03	-8.342686e+00
2.043000e-05	1.754647e-02	-8.429000e+00
2.044000e-05	2.510160e-02	-8.561734e+00
2.045000e-05	2.152157e-02	-8.667101e+00
2.046000e-05	-7.058420e-03	-8.827413e+00
2.047000e-05	3.069581e-02	-8.909078e+00
2.048000e-05	2.408950e-02	-8.935286e+00
2.049000e-05	1.805535e-02	-9.078072e+00
2.050000e-05	1.041285e-02	-9.142233e+00
2.051000e-05	2.461031e-02	-9.216392e+00
2.052000e-05	2.489220e-02	-9.259999e+00
2.053000e-05	1.115181e-02	-9.332208e+00
2.054000e-05	2.465780e-02	-9.436370e+00
2.055000e-05	2.580825e-02	-9.521708e+00
2.056000e-05	1.939961e-02	-9.614419e+00
2.057000e-05	1.583637e-02	-9.659497e+00
2.058000e-05	3.022246e-02	-9.711557e+00
2.059000e-05	2.865735e-02	-9.712233e+00
2.060000e-05	2.229917e-02	-9.795363e+00
2.061000e-05	2.089627e-02	-9.828944e+00
2.062000e-05	2.575149e-02	-9.879549e+00
2.063000e-05	2.462468e-02	-9.893129e+00
2.064000e-05	2.487032e-02	-9.933203e+00
2.065000e-05	3.068495e-02	-9.964787e+00
2.066000e-05	2.816944e-02	-9.984887e+00
2.067000e-05	2.390073e-02	-9.987391e+00
2.068000e-05	2.744790e-02	-9.999495e+00
2.069000e-05	3.158526e-02	-1.008999e+01
2.070000e-05	3.023064e-02	-1.003957e+01
2.071000e-05	2.954753e-02	-1.009105e+01
2.072000e-05	3.066360e-02	-1.008115e+01
2.073000e-05	3.335114e-02	-1.016205e+01
2.074000e-05	3.184153e-02	-1.011263e+01
2.075000e-05	3.148726e-02	-1.014060e+01
2.076000e-05	3.456616e-02	-1.011215e+01
2.077000e-05	3.580012e-02	-1.010007e+01
2.078000e-05	3.603082e-02	-1.007052e+01
2.079000e-05	3.633832e-02	-1.004909e+01
2.080000e-05	3.865145e-02	-1.007049e+01
2.081000e-05	3.712340e-02	-1.000791e+01
2.082000e-05	4.028087e-02	-1.000634e+01
2.083000e-05	4.072588e-02	-9.942836e+00
2.084000e-05	4.063243e-02	-9.933133e+00
2.085000e-05	4.330003e-02	-9.880630e+00
2.086000e-05	4.571579e-02	-9.869070e+00
2.087000e-05	4.745202e-02	-9.805968e+00
2.088000e-05	4.669704e-02	-9.796359e+00
2.089000e-05	4.904387e-02	-9.702632e+00
2.090000e-05	5.172672e-02	-9.691048e+00
2.091000e-05	5.248949e-02	-9.607471e+00
2.092000e-05	5.206059e-02	-9.563808e+00
2.093000e-05	5.413732e-02	-9.511121e+00
2.094000e-05	5.407610e-02	-9.384789e+00
2.095000e-05	5.357575e-02	-9.292627e+00
2.096000e-05	5.230752e-02	-9.217938e+00
2.097000e-05	5.360814e-02	-9.144805e+00
2.098000e-05	5.355132e-02	-9.071576e+00
2.099000e-05	5.023891e-02	-8.937207e+00
2.100000e-05	4.752689e-02	-8.871678e+00
2.101000e-05	4.624500e-02	-8.788965e+00
2.102000e-05	4.516450e-02	-8.721710e+00
2.103000e-05	4.336181e-02	-8.647490e+00
2.104000e-05	4.176880e-02	-8.524178e+00
2.105000e-05	3.961100e-02	-8.387866e+00
2.106000e-05	3.789895e-02	-8.312155e+00
2.107000e-05	3.698147e-02	-8.207489e+00
2.108000e-05	3.482289e-02	-8.103683e+00
2.109000e-05	3.304928e-02	-8.018947e+00
2.110000e-05	3.025164e-02	-7.841072e+00
2.111000e-05	3.010179e-02	-7.712175e+00
2.112000e-05	2.760718e-02	-7.556384e+00
2.113000e-05	2.592055e-02	-7.450500e+00
2.114000e-05	2.458902e-02	-7.334725e+00
2.115000e-05	2.433819e-02	-7.178366e+00
2.116000e-05	2.261724e-02	-7.049490e+00
2.117000e-05	2.118226e-02	-6.873629e+00
2.118000e-05	2.072239e-02	-6.745259e+00
2.119000e-05	1.935818e-02	-6.619017e+00
2.120000e-05	1.871116e-02	-6.482678e+00
2.121000e-05	1.655715e-02	-6.337287e+00
2.122000e-05	1.609633e-02	-6.198282e+00
2.123000e-05	1.548834e-02	-6.008438e+00
2.124000e-05	1.383442e-02	-5.834572e+00
2.125000e-05	1.230185e-02	-5.702706e+00
2.126000e-05	1.135858e-02	-5.546842e+00
2.127000e-05	1.196319e-02	-5.357308e+00
2.128000e-05	1.081581e-02	-5.177461e+00
2.129000e-05	9.983057e-03	-4.978966e+00
2.130000e-05	9.314761e-03	-4.827433e+00
2.131000e-05	9.001769e-03	-4.608968e+00
2.132000e-05	6.493359e-03	-4.472654e+00
2.133000e-05	7.715309e-03	-4.336259e+00
2.134000e-05	5.367608e-03	-4.159866e+00
2.135000e-05	7.726660e-03	-4.031070e+00
2.136000e-05	5.025548e-03	-3.852666e+00
2.137000e-05	6.335208e-03	-3.652101e+00
2.138000e-05	4.573880e-03	-3.463753e+00
2.139000e-05	4.805488e-03	-3.295234e+00
2.140000e-05	4.104089e-03	-3.117365e+00
2.141000e-05	1.963163e-03	-2.917307e+00
2.142000e-05	2.438658e-03	-2.757862e+00
2.143000e-05	7.379803e-04	-2.619969e+00
2.144000e-05	2.104601e-03	-2.380545e+00
2.145000e-05	8.926731e-04	-2.213067e+00
2.146000e-05	2.048767e-03	-2.011095e+00
2.147000e-05	-3.993871e-04	-1.830604e+00
2.148000e-05	9.310026e-04	-1.645126e+00
2.149000e-05	-6.789089e-04	-1.498153e+00
2.150000e-05	-1.175383e-03	-1.201570e+00
2.151000e-05	-3.574779e-03	-1.021573e+00
2.152000e-05	-7.600075e-04	-8.416291e-01
2.153000e-05	-2.725951e-03	-6.420302e-01
2.154000e-05	-3.370375e-03	-4.215778e-01
2.155000e-05	-4.180502e-03	-2.647267e-01
2.156000e-05	-2.801503e-03	-8.730940e-02
2.157000e-05	1.463914e-03	5.111041e-02
2.158000e-05	2.211293e-03	2.901920e-01
2.159000e-05	-3.657160e-03	4.410568e-01
2.160000e-05	3.305268e-04	6.200014e-01
2.161000e-05	-3.355618e-03	8.363486e-01
2.162000e-05	-3.321159e-03	8.753193e-01
2.163000e-05	-5.276535e-03	1.187426e+00
2.164000e-05	2.973913e-03	1.335347e+00
2.165000e-05	2.309007e-02	1.545741e+00
2.166000e-05	6.217355e-02	1.759449e+00
2.167000e-05	-2.384588e-02	1.978367e+00
2.168000e-05	-4.794093e-02	2.165246e+00
2.169000e-05	-4.230952e-02	2.363845e+00
2.170000e-05	-6.717481e-02	2.433134e+00
2.171000e-05	2.968736e-02	2.636609e+00
2.172000e-05	1.071716e-01	2.798502e+00
2.173000e-05	-1.481395e-01	2.985768e+00
2.174000e-05	8.432436e-02	3.092686e+00
2.175000e-05	1.782589e-02	3.272709e+00
2.176000e-05	-1.091469e-01	3.533687e+00
2.177000e-05	7.871227e-02	3.630029e+00
2.178000e-05	4.907256e-03	3.796925e+00
2.179000e-05	-8.841016e-02	3.999451e+00
2.180000e-05	7.438927e-02	4.135795e+00
2.181000e-05	-4.888803e-02	4.385502e+00
2.182000e-05	-1.733499e-02	4.534393e+00
2.183000e-05	1.574618e-02	4.732214e+00
2.184000e-05	-4.474574e-02	4.912660e+00
2.185000e-05	9.905176e-03	5.153164e+00
2.186000e-05	-2.643447e-02	5.353816e+00
2.187000e-05	2.100989e-03	5.512660e+00
2.188000e-05	-3.665144e-03	5.629579e+00
2.189000e-05	-6.808619e-04	5.805371e+00
2.190000e-05	-1.989761e-02	6.006971e+00
2.191000e-05	-3.921241e-02	6.113288e+00
2.192000e-05	1.110268e-02	6.301607e+00
2.193000e-05	-1.205066e-02	6.389000e+00
2.194000e-05	-2.401239e-02	6.534895e+00
2.195000e-05	-1.475276e-03	6.723839e+00
2.196000e-05	-2.768943e-02	6.881183e+00
2.197000e-05	-1.130643e-02	6.997974e+00
2.198000e-05	-1.414320e-02	7.123213e+00
2.199000e-05	-1.491151e-02	7.219572e+00
2.200000e-05	-3.134276e-03	7.383319e+00
2.201000e-05	-2.798793e-02	7.594890e+00
2.202000e-05	-1.743508e-02	7.704709e+00
2.203000e-05	-2.116803e-02	7.838021e+00
2.204000e-05	-3.782171e-03	7.984943e+00
2.205000e-05	-2.271795e-02	8.112104e+00
2.206000e-05	-2.546197e-02	8.207030e+00
2.207000e-05	-1.155409e-02	8.342687e+00
2.208000e-05	-2.177576e-02	8.410502e+00
2.209000e-05	-1.994069e-02	8.522661e+00
2.210000e-05	-2.313994e-02	8.606392e+00
2.211000e-05	-1.316628e-02	8.711833e+00
2.212000e-05	-2.608468e-02	8.804363e+00
2.213000e-05	-2.587574e-02	8.871554e+00
2.214000e-05	-1.995650e-02	8.994893e+00
2.215000e-05	-1.928568e-02	9.121632e+00
2.216000e-05	-2.464579e-02	9.197443e+00
2.217000e-05	-2.694638e-02	9.250030e+00
2.218000e-05	-1.984904e-02	9.323236e+00
2.219000e-05	-2.613840e-02	9.386417e+00
2.220000e-05	-2.771967e-02	9.490682e+00
2.221000e-05	-2.651598e-02	9.563816e+00
2.222000e-05	-2.393052e-02	9.557897e+00
2.223000e-05	-2.932730e-02	9.640552e+00
2.224000e-05	-2.974432e-02	9.751711e+00
2.225000e-05	-2.628480e-02	9.826365e+00
2.226000e-05	-2.767069e-02	9.857049e+00
2.227000e-05	-2.960127e-02	9.932753e+00
2.228000e-05	-3.133786e-02	9.944839e+00
2.229000e-05	-3.125537e-02	9.994914e+00
2.230000e-05	-3.324572e-02	9.990018e+00
2.231000e-05	-3.001434e-02	1.003955e+01
2.232000e-05	-2.975216e-02	1.007108e+01
2.233000e-05	-3.402919e-02	1.008265e+01
2.234000e-05	-3.824719e-02	1.011168e+01
2.235000e-05	-3.577058e-02	1.010423e+01
2.236000e-05	-3.291914e-02	1.013224e+01
2.237000e-05	-3.690549e-02	1.012274e+01
2.238000e-05	-3.581947e-02	1.015433e+01
2.239000e-05	-3.713808e-02	1.018436e+01
2.240000e-05	-3.905563e-02	1.015436e+01
2.241000e-05	-4.143754e-02	1.017629e+01
2.242000e-05	-4.058637e-02	1.013426e+01
2.243000e-05	-3.972824e-02	1.013331e+01
2.244000e-05	-4.269529e-02	1.011469e+01
2.245000e-05	-4.257249e-02	1.015234e+01
2.246000e-05	-4.261185e-02	1.007218e+01
2.247000e-05	-4.331314e-02	1.006208e+01
2.248000e-05	-4.594368e-02	1.007163e+01
2.249000e-05	-4.707647e-02	1.005952e+01
2.250000e-05	-4.797914e-02	9.998442e+00
2.251000e-05	-5.005309e-02	9.966338e+00
2.252000e-05	-5.071551e-02	9.942229e+00
2.253000e-05	-5.185962e-02	9.851124e+00
2.254000e-05	-5.417236e-02	9.726866e+00
2.255000e-05	-5.717321e-02	9.703757e+00
2.256000e-05	-5.824314e-02	9.640048e+00
2.257000e-05	-5.841257e-02	9.607442e+00
2.258000e-05	-5.775133e-02	9.524258e+00
2.259000e-05	-5.987418e-02	9.470676e+00
2.260000e-05	-6.055401e-02	9.358994e+00
2.261000e-05	-6.093426e-02	9.304734e+00
2.262000e-05	-6.094384e-02	9.270129e+00
2.263000e-05	-5.914013e-02	9.206914e+00
2.264000e-05	-5.752159e-02	9.123730e+00
2.265000e-05	-5.546808e-02	8.977542e+00
2.266000e-05	-5.422823e-02	8.831730e+00
2.267000e-05	-5.340385e-02	8.777471e+00
2.268000e-05	-5.145986e-02	8.713758e+00
2.269000e-05	-5.007149e-02	8.629391e+00
2.270000e-05	-4.815288e-02	8.535287e+00
2.271000e-05	-4.727082e-02	8.460025e+00
2.272000e-05	-4.561230e-02	8.357440e+00
2.273000e-05	-4.123002e-02	8.239975e+00
2.274000e-05	-3.933073e-02	8.065328e+00
2.275000e-05	-3.839192e-02	7.997467e+00
2.276000e-05	-3.751271e-02	7.884651e+00
2.277000e-05	-3.583761e-02	7.777286e+00
2.278000e-05	-3.410156e-02	7.649549e+00
2.279000e-05	-3.288154e-02	7.524751e+00
2.280000e-05	-3.248988e-02	7.304655e+00
2.281000e-05	-3.001705e-02	7.168916e+00
2.282000e-05	-3.039825e-02	7.052153e+00
2.283000e-05	-2.740470e-02	6.945830e+00
2.284000e-05	-2.711737e-02	6.789471e+00
2.285000e-05	-2.458540e-02	6.642103e+00
2.286000e-05	-2.446788e-02	6.434628e+00
2.287000e-05	-2.369057e-02	6.315259e+00
2.288000e-05	-2.365287e-02	6.169522e+00
2.289000e-05	-2.192580e-02	6.021100e+00
2.290000e-05	-2.184443e-02	5.925325e+00
2.291000e-05	-2.110838e-02	5.706229e+00
2.292000e-05	-2.160554e-02	5.567913e+00
2.293000e-05	-1.938137e-02	5.380621e+00
2.294000e-05	-1.727331e-02	5.251644e+00
2.295000e-05	-1.685052e-02	5.010044e+00
2.296000e-05	-1.768413e-02	4.791047e+00
2.297000e-05	-1.804355e-02	4.652675e+00
2.298000e-05	-1.522203e-02	4.494335e+00
2.299000e-05	-1.439100e-02	4.338444e+00
2.300000e-05	-1.533090e-02	4.147836e+00
2.301000e-05	-1.510631e-02	3.978022e+00
2.302000e-05	-1.441009e-02	3.811546e+00
2.303000e-05	-1.311710e-02	3.623604e+00
2.304000e-05	-1.215597e-02	3.495283e+00
2.305000e-05	-1.307558e-02	3.263229e+00
2.306000e-05	-1.015267e-02	3.077333e+00
2.307000e-05	-1.004785e-02	2.947865e+00
2.308000e-05	-9.943036e-03	2.798022e+00
2.309000e-05	-1.138826e-02	2.570466e+00
2.310000e-05	-1.070648e-02	2.359920e+00
2.311000e-05	-9.664459e-03	2.169496e+00
2.312000e-05	-8.883266e-03	2.003079e+00
2.313000e-05	-8.313165e-03	1.815264e+00
2.314000e-05	-7.482560e-03	1.633654e+00
2.315000e-05	-6.999620e-03	1.464181e+00
2.316000e-05	-6.557858e-03	1.254707e+00
2.317000e-05	-7.189477e-03	1.015235e+00
2.318000e-05	-5.920497e-03	8.030998e-01
2.319000e-05	-7.090381e-03	6.060778e-01
2.320000e-05	-5.979183e-03	4.336603e-01
2.321000e-05	-4.221587e-03	3.168345e-01
2.322000e-05	-3.727062e-03	4.430415e-02
2.323000e-05	1.120285e-03	-8.263429e-02
2.324000e-05	8.719168e-04	-2.916791e-01
2.325000e-05	-2.601816e-03	-4.495789e-01
2.326000e-05	1.907178e-03	-6.070551e-01
2.327000e-05	-1.027379e-03	-8.289513e-01
2.328000e-05	2.336162e-04	-9.963697e-01
2.329000e-05	-1.046232e-03	-1.132787e+00
2.330000e-05	1.973151e-02	-1.261634e+00
2.331000e-05	7.374567e-02	-1.503813e+00
2.332000e-05	2.640993e-03	-1.762696e+00
2.333000e-05	-5.336833e-02	-2.007950e+00
2.334000e-05	-3.263576e-02	-2.270614e+00
2.335000e-05	-8.031363e-02	-2.428976e+00
2.336000e-05	9.676475e-02	-2.390503e+00
2.337000e-05	5.572437e-02	-2.594373e+00
2.338000e-05	-1.534782e-01	-2.807951e+00
2.339000e-05	1.500081e-01	-2.964738e+00
2.340000e-05	-2.752783e-02	-3.162688e+00
2.341000e-05	-1.112104e-01	-3.345346e+00
2.342000e-05	1.552995e-01	-3.491680e+00
2.343000e-05	-5.332569e-02	-3.659629e+00
2.344000e-05	-4.040946e-02	-3.912113e+00
2.345000e-05	1.381209e-01	-4.059001e+00
2.346000e-05	-1.334240e-01	-4.227978e+00
2.347000e-05	7.792285e-02	-4.387392e+00
2.348000e-05	6.838117e-03	-4.502212e+00
2.349000e-05	-6.145346e-02	-4.764842e+00
2.350000e-05	1.187474e-01	-4.932106e+00
2.351000e-05	-8.366391e-02	-5.118979e+00
2.352000e-05	3.326667e-02	-5.279623e+00
2.353000e-05	4.709405e-02	-5.466028e+00
2.354000e-05	-3.062129e-02	-5.659429e+00
2.355000e-05	5.980341e-02	-5.835842e+00
2.356000e-05	-7.362034e-02	-5.962868e+00
2.357000e-05	6.701736e-02	-6.100655e+00
2.358000e-05	8.076204e-03	-6.277425e+00
2.359000e-05	-2.833219e-02	-6.467998e+00
2.360000e-05	8.337994e-02	-6.584316e+00
2.361000e-05	-4.965408e-02	-6.742716e+00
2.362000e-05	4.060072e-02	-6.839471e+00
2.363000e-05	-1.754781e-02	-6.973293e+00
2.364000e-05	2.355683e-02	-7.124263e+00
2.365000e-05	5.896715e-02	-7.280550e+00
2.366000e-05	-4.368269e-02	-7.435870e+00
2.367000e-05	3.380088e-02	-7.541632e+00
2.368000e-05	-2.124047e-03	-7.657076e+00
2.369000e-05	4.218665e-02	-7.804397e+00
2.370000e-05	7.309262e-05	-7.963313e+00
2.371000e-05	4.443918e-03	-8.081028e+00
2.372000e-05	4.068321e-02	-8.196387e+00
2.373000e-05	-1.082239e-02	-8.280578e+00
2.374000e-05	2.582278e-02	-8.345366e+00
2.375000e-05	9.814326e-03	-8.479107e+00
2.376000e-05	3.594855e-02	-8.634817e+00
2.377000e-05	-2.201965e-03	-8.757804e+00
2.378000e-05	1.091326e-02	-8.827493e+00
2.379000e-05	3.339626e-02	-8.890658e+00
2.380000e-05	1.899229e-02	-9.006942e+00
2.381000e-05	1.556754e-02	-9.140079e+00
2.382000e-05	1.299223e-02	-9.134812e+00
2.383000e-05	3.118860e-02	-9.248945e+00
2.384000e-05	1.326421e-02	-9.271604e+00
2.385000e-05	1.749545e-02	-9.413366e+00
2.386000e-05	2.501133e-02	-9.488550e+00
2.387000e-05	2.600660e-02	-9.541284e+00
2.388000e-05	1.422036e-02	-9.596417e+00
2.389000e-05	2.085644e-02	-9.679526e+00
2.390000e-05	3.311134e-02	-9.732108e+00
2.391000e-05	2.541405e-02	-9.734788e+00
2.392000e-05	2.076167e-02	-9.815846e+00
2.393000e-05	2.109542e-02	-9.837552e+00
2.394000e-05	2.603340e-02	-9.931125e+00
2.395000e-05	2.352057e-02	-9.931733e+00
2.396000e-05	2.662920e-02	-9.954133e+00
2.397000e-05	3.087930e-02	-9.965861e+00
2.398000e-05	2.576860e-02	-1.000482e+01
2.399000e-05	2.607207e-02	-1.001737e+01
2.400000e-05	3.009387e-02	-1.000802e+01
2.401000e-05	3.351772e-02	-1.003797e+01
2.402000e-05	2.857872e-02	-1.004057e+01
2.403000e-05	3.061281e-02	-1.003057e+01
2.404000e-05	3.168107e-02	-1.007960e+01
2.405000e-05	3.222541e-02	-1.010110e+01
2.406000e-05	2.947062e-02	-1.013063e+01
2.407000e-05	3.306573e-02	-1.011966e+01
2.408000e-05	3.610741e-02	-1.007200e+01
2.409000e-05	3.470496e-02	-1.006047e+01
2.410000e-05	3.557022e-02	-1.005857e+01
2.411000e-05	3.864417e-02	-1.005052e+01
2.412000e-05	3.964915e-02	-9.986493e+00
2.413000e-05	3.727776e-02	-9.996417e+00
2.414000e-05	3.989074e-02	-9.945366e+00
2.415000e-05	4.086585e-02	-9.954209e+00
2.416000e-05	4.237402e-02	-9.923229e+00
2.417000e-05	4.373494e-02	-9.869670e+00
2.418000e-05	4.621792e-02	-9.818067e+00
2.419000e-05	4.786812e-02	-9.765887e+00
2.420000e-05	4.872415e-02	-9.722654e+00
2.421000e-05	4.902465e-02	-9.712630e+00
2.422000e-05	5.216567e-02	-9.639994e+00
2.423000e-05	5.254048e-02	-9.597414e+00
2.424000e-05	5.480814e-02	-9.511680e+00
2.425000e-05	5.217313e-02	-9.398444e+00
2.426000e-05	5.323170e-02	-9.322252e+00
2.427000e-05	5.336540e-02	-9.219445e+00
2.428000e-05	5.388144e-02	-9.174862e+00
2.429000e-05	5.337384e-02	-9.102701e+00
2.430000e-05	5.287935e-02	-9.017971e+00
2.431000e-05	5.027416e-02	-8.924732e+00
2.432000e-05	4.860502e-02	-8.861098e+00
2.433000e-05	4.372440e-02	-8.818792e+00
2.434000e-05	4.423586e-02	-8.670728e+00
2.435000e-05	4.319168e-02	-8.525862e+00
2.436000e-05	4.134103e-02	-8.428970e+00
2.437000e-05	3.923182e-02	-8.376388e+00
2.438000e-05	3.676295e-02	-8.261024e+00
2.439000e-05	3.578773e-02	-8.133860e+00
2.440000e-05	3.300339e-02	-8.042547e+00
2.441000e-05	3.288019e-02	-7.954308e+00
2.442000e-05	3.053698e-02	-7.827329e+00
2.443000e-05	2.896323e-02	-7.661499e+00
2.444000e-05	2.608519e-02	-7.514279e+00
2.445000e-05	2.679924e-02	-7.346262e+00
2.446000e-05	2.458953e-02	-7.259550e+00
2.447000e-05	2.240823e-02	-7.113810e+00
2.448000e-05	2.177288e-02	-6.959309e+00
2.449000e-05	2.205178e-02	-6.817969e+00
2.450000e-05	2.067324e-02	-6.654144e+00
2.451000e-05	1.795470e-02	-6.545359e+00
2.452000e-05	1.761418e-02	-6.448942e+00
2.453000e-05	1.659364e-02	-6.231119e+00
2.454000e-05	1.369074e-02	-6.051650e+00
2.455000e-05	1.457177e-02	-5.925761e+00
2.456000e-05	1.276882e-02	-5.768969e+00
2.457000e-05	1.304841e-02	-5.620997e+00
2.458000e-05	1.080016e-02	-5.513296e+00
2.459000e-05	1.076873e-02	-5.231080e+00
2.460000e-05	1.093601e-02	-5.063624e+00
2.461000e-05	9.865553e-03	-4.934805e+00
2.462000e-05	9.440514e-03	-4.724705e+00
2.463000e-05	5.708609e-03	-4.557859e+00
2.464000e-05	8.376215e-03	-4.419074e+00
2.465000e-05	6.555656e-03	-4.241575e+00
2.466000e-05	6.824469e-03	-4.095307e+00
2.467000e-05	6.314212e-03	-3.948312e+00
2.468000e-05	5.720637e-03	-3.766863e+00
2.469000e-05	3.636778e-03	-3.558445e+00
2.470000e-05	5.326999e-03	-3.439494e+00
2.471000e-05	4.090951e-03	-3.211578e+00
2.472000e-05	4.114915e-03	-3.035249e+00
2.473000e-05	1.505385e-03	-2.812075e+00
2.474000e-05	2.938543e-03	-2.693130e+00
2.475000e-05	4.149152e-04	-2.517204e+00
2.476000e-05	1.925738e-03	-2.279282e+00
2.477000e-05	1.054629e-03	-2.124682e+00
2.478000e-05	1.765725e-03	-1.957413e+00
2.479000e-05	-2.269321e-04	-1.737468e+00
2.480000e-05	-6.115590e-05	-1.560472e+00
2.481000e-05	-1.169139e-03	-1.349837e+00
2.482000e-05	-7.513656e-04	-1.147391e+00
2.483000e-05	-2.090909e-03	-9.063659e-01
2.484000e-05	-3.206443e-03	-7.794198e-01
2.485000e-05	-4.204823e-03	-5.694420e-01
2.486000e-05	-3.562518e-03	-3.478898e-01
2.487000e-05	-3.703925e-03	-2.225764e-01
2.488000e-05	-1.526494e-03	2.100001e-02
2.489000e-05	2.473800e-03	1.463461e-01
2.490000e-05	1.149135e-03	3.968437e-01
2.491000e-05	-2.213845e-03	5.142670e-01
2.492000e-05	-1.814087e-03	6.927418e-01
2.493000e-05	-4.552487e-03	8.315540e-01
2.494000e-05	-3.800418e-03	1.080531e+00
2.495000e-05	-2.137212e-03	1.220509e+00
2.496000e-05	8.995899e-03	1.378501e+00
2.497000e-05	4.420782e-02	1.690083e+00
2.498000e-05	3.927623e-02	1.870183e+00
2.499000e-05	-5.824554e-02	2.069058e+00
2.500000e-05	-3.628980e-02	2.238629e+00
2.501000e-05	-5.659445e-02	2.429003e+00
2.502000e-05	-4.998791e-02	2.546715e+00
2.503000e-05	1.134128e-01	2.744260e+00
2.504000e-05	-1.766018e-02	2.881110e+00
2.505000e-05	-1.008492e-01	2.977050e+00
2.506000e-05	1.429476e-01	3.155848e+00
2.507000e-05	-1.032923e-01	3.417979e+00
2.508000e-05	-2.658031e-02	3.557970e+00
2.509000e-05	9.607921e-02	3.682682e+00
2.510000e-05	-8.493098e-02	3.951197e+00
2.511000e-05	1.438970e-03	4.040607e+00
2.512000e-05	3.986456e-02	4.291112e+00
2.513000e-05	-6.816382e-02	4.430630e+00
2.514000e-05	1.864542e-02	4.675979e+00
2.515000e-05	-1.806093e-02	4.807975e+00
2.516000e-05	-2.169405e-02	4.985417e+00
2.517000e-05	-1.574744e-03	5.267504e+00
2.518000e-05	-2.527521e-02	5.428075e+00
2.519000e-05	1.209680e-02	5.575317e+00
2.520000e-05	-7.251576e-03	5.732682e+00
2.521000e-05	-3.350856e-03	5.912258e+00
2.522000e-05	-3.713339e-02	6.100107e+00
2.523000e-05	-2.141050e-02	6.187974e+00
2.524000e-05	2.044046e-02	6.383821e+00
2.525000e-05	-3.590649e-02	6.462106e+00
2.526000e-05	-3.523171e-03	6.638469e+00
2.527000e-05	-2.003767e-02	6.820927e+00
2.528000e-05	-1.969666e-02	6.945366e+00
2.529000e-05	-8.180773e-03	7.071575e+00
2.530000e-05	-2.045524e-02	7.174417e+00
2.531000e-05	-3.520539e-03	7.271656e+00
2.532000e-05	-1.762725e-02	7.447681e+00
2.533000e-05	-2.094724e-02	7.658072e+00
2.534000e-05	-2.498762e-02	7.765291e+00
2.535000e-05	-1.054202e-02	7.901138e+00
2.536000e-05	-1.114632e-02	7.975893e+00
2.537000e-05	-2.649336e-02	8.172837e+00
2.538000e-05	-1.947287e-02	8.269581e+00
2.539000e-05	-1.409333e-02	8.356842e+00
2.540000e-05	-2.126419e-02	8.459552e+00
2.541000e-05	-2.178925e-02	8.544792e+00
2.542000e-05	-1.883372e-02	8.648973e+00
2.543000e-05	-1.755178e-02	8.744337e+00
2.544000e-05	-2.604613e-02	8.777025e+00
2.545000e-05	-2.530225e-02	8.922158e+00
2.546000e-05	-1.759922e-02	9.046493e+00
2.547000e-05	-2.465172e-02	9.164357e+00
2.548000e-05	-2.528094e-02	9.226970e+00
2.549000e-05	-2.344017e-02	9.311630e+00
2.550000e-05	-2.063995e-02	9.365362e+00
2.551000e-05	-2.922779e-02	9.448451e+00
2.552000e-05	-2.958674e-02	9.531632e+00
2.553000e-05	-2.305397e-02	9.555841e+00
2.554000e-05	-2.630204e-02	9.609021e+00
2.555000e-05	-2.940309e-02	9.680107e+00
2.556000e-05	-2.874263e-02	9.703760e+00
2.557000e-05	-2.448309e-02	9.837492e+00
2.558000e-05	-2.929512e-02	9.898626e+00
2.559000e-05	-3.107110e-02	9.942357e+00
2.560000e-05	-3.239431e-02	9.946912e+00
2.561000e-05	-3.199421e-02	9.977464e+00
2.562000e-05	-3.243340e-02	1.000907e+01
2.563000e-05	-3.151133e-02	1.004013e+01
2.564000e-05	-3.074009e-02	1.007910e+01
2.565000e-05	-3.617185e-02	1.010211e+01
2.566000e-05	-3.636838e-02	1.014371e+01
2.567000e-05	-3.418659e-02	1.014573e+01
2.568000e-05	-3.420528e-02	1.014376e+01
2.569000e-05	-3.727577e-02	1.014381e+01
2.570000e-05	-3.725805e-02	1.012628e+01
2.571000e-05	-3.743258e-02	1.014583e+01
2.572000e-05	-4.036026e-02	1.013536e+01
2.573000e-05	-4.068516e-02	1.017486e+01
2.574000e-05	-3.992935e-02	1.015439e+01
2.575000e-05	-4.009784e-02	1.012628e+01
2.576000e-05	-4.352043e-02	1.013379e+01
2.577000e-05	-4.316685e-02	1.011476e+01
2.578000e-05	-4.401458e-02	1.010268e+01
2.579000e-05	-4.414570e-02	1.006208e+01
2.580000e-05	-4.661977e-02	1.008160e+01
2.581000e-05	-4.772568e-02	1.001855e+01
2.582000e-05	-4.884424e-02	9.995967e+00
2.583000e-05	-5.113051e-02	9.933781e+00
2.584000e-05	-5.155117e-02	9.922751e+00
2.585000e-05	-5.313721e-02	9.849072e+00
2.586000e-05	-5.443422e-02	9.776882e+00
2.587000e-05	-5.737998e-02	9.693178e+00
2.588000e-05	-5.823321e-02	9.610544e+00
2.589000e-05	-5.818401e-02	9.564836e+00
2.590000e-05	-5.981098e-02	9.497207e+00
2.591000e-05	-5.973632e-02	9.441022e+00
2.592000e-05	-6.179834e-02	9.325412e+00
2.593000e-05	-6.067810e-02	9.263701e+00
2.594000e-05	-5.972909e-02	9.231047e+00
2.595000e-05	-5.795837e-02	9.194893e+00
2.596000e-05	-5.770635e-02	9.061202e+00
2.597000e-05	-5.568325e-02	8.924779e+00
2.598000e-05	-5.532164e-02	8.840600e+00
2.599000e-05	-5.205721e-02	8.756916e+00
2.600000e-05	-5.079473e-02	8.683180e+00
2.601000e-05	-4.824550e-02	8.597016e+00
2.602000e-05	-4.725400e-02	8.453707e+00
2.603000e-05	-4.510328e-02	8.391018e+00
2.604000e-05	-4.278450e-02	8.343734e+00
2.605000e-05	-4.102247e-02	8.198918e+00
2.606000e-05	-3.997111e-02	8.070600e+00
2.607000e-05	-3.832999e-02	7.936762e+00
2.608000e-05	-3.702856e-02	7.801471e+00
2.609000e-05	-3.511268e-02	7.693184e+00
2.610000e-05	-3.525353e-02	7.585988e+00
2.611000e-05	-3.187498e-02	7.409048e+00
2.612000e-05	-3.182171e-02	7.241149e+00
2.613000e-05	-2.874325e-02	7.136809e+00
2.614000e-05	-2.940040e-02	6.947991e+00
2.615000e-05	-2.769063e-02	6.831628e+00
2.616000e-05	-2.640211e-02	6.747933e+00
2.617000e-05	-2.574119e-02	6.557886e+00
2.618000e-05	-2.404140e-02	6.390493e+00
2.619000e-05	-2.336069e-02	6.261624e+00
2.620000e-05	-2.303287e-02	6.085784e+00
2.621000e-05	-2.174874e-02	6.010019e+00
2.622000e-05	-2.107065e-02	5.812523e+00
2.623000e-05	-2.021302e-02	5.611071e+00
2.624000e-05	-2.025896e-02	5.494206e+00
2.625000e-05	-1.881096e-02	5.285285e+00
2.626000e-05	-1.880384e-02	5.147415e+00
2.627000e-05	-1.802694e-02	4.925434e+00
2.628000e-05	-1.701004e-02	4.708388e+00
2.629000e-05	-1.602572e-02	4.599518e+00
2.630000e-05	-1.645100e-02	4.430625e+00
2.631000e-05	-1.556587e-02	4.285783e+00
2.632000e-05	-1.386453e-02	4.055577e+00
2.633000e-05	-1.350741e-02	3.905337e+00
2.634000e-05	-1.394718e-02	3.738912e+00
2.635000e-05	-1.348905e-02	3.569995e+00
2.636000e-05	-1.182475e-02	3.359938e+00
2.637000e-05	-1.166092e-02	3.180969e+00
2.638000e-05	-1.124501e-02	3.024151e+00
2.639000e-05	-1.207734e-02	2.864105e+00
2.640000e-05	-1.071197e-02	2.716889e+00
2.641000e-05	-9.266184e-03	2.484179e+00
2.642000e-05	-9.091244e-03	2.255732e+00
2.643000e-05	-9.461000e-03	2.105813e+00
2.644000e-05	-8.238212e-03	1.959922e+00
2.645000e-05	-7.999202e-03	1.727917e+00
2.646000e-05	-8.389574e-03	1.539889e+00
2.647000e-05	-7.457990e-03	1.369944e+00
2.648000e-05	-6.764999e-03	1.122069e+00
2.649000e-05	-6.322789e-03	9.178671e-01
2.650000e-05	-6.812803e-03	7.093934e-01
2.651000e-05	-5.665415e-03	5.284924e-01
2.652000e-05	-4.836339e-03	3.510199e-01
2.653000e-05	-4.355011e-03	1.859500e-01
2.654000e-05	-3.116865e-03	-1.905000e-02
2.655000e-05	2.513733e-03	-2.068500e-01
2.656000e-05	4.422088e-05	-3.268196e-01
2.657000e-05	-7.360152e-04	-4.926130e-01
2.658000e-05	2.608401e-04	-7.557658e-01
2.659000e-05	-6.109806e-04	-8.901618e-01
2.660000e-05	-6.989109e-04	-1.010050e+00
2.661000e-05	5.892418e-03	-1.206400e+00
2.662000e-05	3.657165e-02	-1.408525e+00
2.663000e-05	7.559601e-02	-1.587551e+00
2.664000e-05	-5.946286e-02	-1.899635e+00
2.665000e-05	-1.807357e-02	-2.162688e+00
2.666000e-05	-6.898657e-02	-2.376321e+00
2.667000e-05	-3.022994e-02	-2.418576e+00
2.668000e-05	1.495757e-01	-2.492083e+00
2.669000e-05	-8.231692e-02	-2.659565e+00
2.670000e-05	-2.903667e-02	-2.931634e+00
2.671000e-05	1.503006e-01	-3.025796e+00
2.672000e-05	-1.621651e-01	-3.248455e+00
2.673000e-05	3.378474e-02	-3.468546e+00
2.674000e-05	1.068639e-01	-3.565363e+00
2.675000e-05	-1.323431e-01	-3.795238e+00
2.676000e-05	1.052333e-01	-3.965788e+00
2.677000e-05	1.331320e-02	-4.122160e+00
2.678000e-05	-8.583540e-02	-4.344237e+00
2.679000e-05	1.217007e-01	-4.479475e+00
2.680000e-05	-9.669046e-02	-4.668480e+00
2.681000e-05	5.150534e-02	-4.857005e+00
2.682000e-05	4.649344e-02	-5.004840e+00
2.683000e-05	-8.797237e-02	-5.173819e+00
2.684000e-05	1.041491e-01	-5.361684e+00
2.685000e-05	-3.191453e-02	-5.564262e+00
2.686000e-05	3.800943e-02	-5.691687e+00
2.687000e-05	-3.211872e-03	-5.890501e+00
2.688000e-05	-4.006127e-02	-6.016922e+00
2.689000e-05	9.021190e-02	-6.182265e+00
2.690000e-05	-6.021601e-02	-6.381114e+00
2.691000e-05	5.405799e-02	-6.490581e+00
2.692000e-05	1.909773e-02	-6.638952e+00
2.693000e-05	-2.606094e-02	-6.808392e+00
2.694000e-05	4.459420e-02	-6.910530e+00
2.695000e-05	-3.859109e-02	-7.076454e+00
2.696000e-05	7.768952e-02	-7.214871e+00
2.697000e-05	-9.241909e-03	-7.331663e+00
2.698000e-05	-7.671888e-03	-7.468925e+00
2.699000e-05	2.413859e-02	-7.594366e+00
2.700000e-05	6.613225e-03	-7.778684e+00
2.701000e-05	3.966630e-02	-7.920652e+00
2.702000e-05	-2.014574e-02	-8.046864e+00
2.703000e-05	3.919414e-02	-8.122133e+00
2.704000e-05	1.075153e-02	-8.237473e+00
2.705000e-05	4.179008e-03	-8.363185e+00
2.706000e-05	2.064659e-02	-8.437970e+00
2.707000e-05	2.035584e-02	-8.532156e+00
2.708000e-05	2.747198e-02	-8.696949e+00
2.709000e-05	-1.028595e-02	-8.776388e+00
2.710000e-05	2.651255e-02	-8.859576e+00
2.711000e-05	2.494108e-02	-8.973289e+00
2.712000e-05	1.892340e-02	-9.077978e+00
2.713000e-05	1.228081e-02	-9.141674e+00
2.714000e-05	2.087946e-02	-9.215363e+00
2.715000e-05	2.785128e-02	-9.258974e+00
2.716000e-05	1.066189e-02	-9.332034e+00
2.717000e-05	2.306683e-02	-9.454895e+00
2.718000e-05	2.545689e-02	-9.520752e+00
2.719000e-05	2.130943e-02	-9.555888e+00
2.720000e-05	1.472415e-02	-9.638471e+00
2.721000e-05	2.755267e-02	-9.690603e+00
2.722000e-05	2.981972e-02	-9.732759e+00
2.723000e-05	2.254548e-02	-9.806341e+00
2.724000e-05	2.174480e-02	-9.808492e+00
2.725000e-05	2.434690e-02	-9.860569e+00
2.726000e-05	2.558314e-02	-9.921706e+00
2.727000e-05	2.412411e-02	-9.963234e+00
2.728000e-05	3.004808e-02	-9.963813e+00
2.729000e-05	2.878697e-02	-9.965889e+00
2.730000e-05	2.518038e-02	-9.996421e+00
2.731000e-05	2.605590e-02	-1.002839e+01
2.732000e-05	3.142859e-02	-1.004707e+01
2.733000e-05	3.109597e-02	-1.001852e+01
2.734000e-05	2.965761e-02	-1.005010e+01
2.735000e-05	3.136665e-02	-1.005208e+01
2.736000e-05	3.236163e-02	-1.012103e+01
2.737000e-05	3.058763e-02	-1.007200e+01
2.738000e-05	3.276660e-02	-1.010111e+01
2.739000e-05	3.503919e-02	-1.010062e+01
2.740000e-05	3.501282e-02	-1.009107e+01
2.741000e-05	3.502367e-02	-1.005055e+01
2.742000e-05	3.676828e-02	-1.006950e+01
2.743000e-05	3.857857e-02	-1.004802e+01
2.744000e-05	3.724507e-02	-1.001795e+01
2.745000e-05	3.877452e-02	-9.987288e+00
2.746000e-05	4.149415e-02	-9.943910e+00
2.747000e-05	4.092813e-02	-9.933281e+00
2.748000e-05	4.215139e-02	-9.901174e+00
2.749000e-05	4.513054e-02	-9.840098e+00
2.750000e-05	4.755847e-02	-9.794913e+00
2.751000e-05	4.743948e-02	-9.765838e+00
2.752000e-05	4.771237e-02	-9.732549e+00
2.753000e-05	5.106231e-02	-9.671077e+00
2.754000e-05	5.236038e-02	-9.627495e+00
2.755000e-05	5.346007e-02	-9.585287e+00
2.756000e-05	5.343871e-02	-9.490219e+00
2.757000e-05	5.312997e-02	-9.416860e+00
2.758000e-05	5.337220e-02	-9.290601e+00
2.759000e-05	5.219484e-02	-9.208493e+00
2.760000e-05	5.383097e-02	-9.154860e+00
2.761000e-05	5.213329e-02	-9.079474e+00
2.762000e-05	5.101334e-02	-8.965812e+00
2.763000e-05	4.902144e-02	-8.893631e+00
2.764000e-05	4.683647e-02	-8.809946e+00
2.765000e-05	4.421031e-02	-8.746805e+00
2.766000e-05	4.337429e-02	-8.627939e+00
2.767000e-05	4.182262e-02	-8.523703e+00
2.768000e-05	3.958950e-02	-8.379968e+00
2.769000e-05	3.873032e-02	-8.323279e+00
2.770000e-05	3.623131e-02	-8.177942e+00
2.771000e-05	3.477602e-02	-8.093204e+00
2.772000e-05	3.227421e-02	-7.978519e+00
2.773000e-05	3.157094e-02	-7.912625e+00
2.774000e-05	3.052595e-02	-7.754730e+00
2.775000e-05	2.809853e-02	-7.576889e+00
2.776000e-05	2.620755e-02	-7.450571e+00
2.777000e-05	2.520490e-02	-7.325229e+00
2.778000e-05	2.442403e-02	-7.158990e+00
2.779000e-05	2.215450e-02	-7.031025e+00
2.780000e-05	2.126638e-02	-6.883079e+00
2.781000e-05	1.984919e-02	-6.756437e+00
2.782000e-05	2.019121e-02	-6.589970e+00
2.783000e-05	1.951796e-02	-6.503654e+00
2.784000e-05	1.714445e-02	-6.346360e+00
2.785000e-05	1.455325e-02	-6.187336e+00
2.786000e-05	1.474291e-02	-6.007470e+00
2.787000e-05	1.488631e-02	-5.872551e+00
2.788000e-05	1.277354e-02	-5.703757e+00
2.789000e-05	1.124582e-02	-5.598417e+00
2.790000e-05	1.148496e-02	-5.358933e+00
2.791000e-05	1.201026e-02	-5.186890e+00
2.792000e-05	1.041755e-02	-5.009046e+00
2.793000e-05	8.887244e-03	-4.869470e+00
2.794000e-05	8.994435e-03	-4.592522e+00
2.795000e-05	8.255377e-03	-4.484204e+00
2.796000e-05	9.176204e-03	-4.366812e+00
2.797000e-05	5.137756e-03	-4.160970e+00
2.798000e-05	7.838338e-03	-4.061550e+00
2.799000e-05	4.399717e-03	-3.864201e+00
2.800000e-05	5.498214e-03	-3.662103e+00
2.801000e-05	4.510247e-03	-3.475732e+00
2.802000e-05	6.561909e-03	-3.305835e+00
2.803000e-05	3.295017e-03	-3.158440e+00
2.804000e-05	2.346531e-03	-2.926886e+00
2.805000e-05	3.017516e-03	-2.767467e+00
2.806000e-05	1.509761e-03	-2.598967e+00
2.807000e-05	1.828543e-03	-2.420071e+00
2.808000e-05	1.547209e-03	-2.251030e+00
2.809000e-05	2.119468e-03	-2.000578e+00
2.810000e-05	3.360263e-04	-1.833655e+00
2.811000e-05	4.358677e-04	-1.652678e+00
2.812000e-05	-1.162521e-03	-1.536384e+00
2.813000e-05	1.818385e-04	-1.241528e+00
2.814000e-05	-2.375858e-03	-1.032627e+00
2.815000e-05	-1.599146e-03	-8.556765e-01
2.816000e-05	-3.914539e-03	-6.767831e-01
2.817000e-05	-2.877372e-03	-4.536528e-01
2.818000e-05	-2.983072e-03	-3.057356e-01
2.819000e-05	-3.178081e-03	-1.351882e-01
2.820000e-05	-1.966023e-04	8.163395e-02
2.821000e-05	2.882086e-03	2.611879e-01
2.822000e-05	-2.627761e-03	4.695815e-01
2.823000e-05	-4.566919e-04	6.079738e-01
2.824000e-05	-3.696772e-03	7.263473e-01
2.825000e-05	-3.238143e-03	8.942634e-01
2.826000e-05	-4.287390e-03	1.155246e+00
2.827000e-05	1.130920e-03	1.325265e+00
2.828000e-05	1.866357e-02	1.484215e+00
2.829000e-05	6.133984e-02	1.744848e+00
2.830000e-05	-1.047825e-02	1.965869e+00
2.831000e-05	-5.379493e-02	2.144767e+00
2.832000e-05	-3.929389e-02	2.293764e+00
2.833000e-05	-6.728180e-02	2.450608e+00
2.834000e-05	8.696508e-03	2.657849e+00
2.835000e-05	1.224006e-01	2.797950e+00
2.836000e-05	-1.348146e-01	2.934820e+00
2.837000e-05	4.775975e-02	3.081156e+00
2.838000e-05	5.375875e-02	3.240562e+00
2.839000e-05	-1.210252e-01	3.545138e+00
2.840000e-05	6.310534e-02	3.650054e+00
2.841000e-05	2.830298e-02	3.806946e+00
2.842000e-05	-1.034536e-01	3.978373e+00
2.843000e-05	7.009972e-02	4.163240e+00
2.844000e-05	-3.285090e-02	4.367396e+00
2.845000e-05	-2.870339e-02	4.533713e+00
2.846000e-05	2.010292e-02	4.752648e+00
2.847000e-05	-4.463307e-02	4.880686e+00
2.848000e-05	7.053289e-03	5.141180e+00
2.849000e-05	-2.136050e-02	5.361859e+00
2.850000e-05	-3.366933e-03	5.481582e+00
2.851000e-05	6.951329e-04	5.649600e+00
2.852000e-05	-2.190042e-03	5.794947e+00
2.853000e-05	-1.713390e-02	6.008999e+00
2.854000e-05	-4.166894e-02	6.123713e+00
2.855000e-05	6.726041e-03	6.281682e+00
2.856000e-05	-2.118398e-03	6.359919e+00
2.857000e-05	-3.011553e-02	6.571285e+00
2.858000e-05	1.272893e-03	6.741313e+00
2.859000e-05	-2.803499e-02	6.890083e+00
2.860000e-05	-1.088719e-02	6.996897e+00
2.861000e-05	-1.224667e-02	7.141210e+00
2.862000e-05	-1.891162e-02	7.208948e+00
2.863000e-05	-2.902006e-03	7.383838e+00
2.864000e-05	-2.861261e-02	7.525317e+00
2.865000e-05	-1.508759e-02	7.701629e+00
2.866000e-05	-2.181493e-02	7.807495e+00
2.867000e-05	-2.735645e-03	7.972735e+00
2.868000e-05	-2.250548e-02	8.090627e+00
2.869000e-05	-2.611403e-02	8.205420e+00
2.870000e-05	-1.257202e-02	8.343158e+00
2.871000e-05	-2.066729e-02	8.418998e+00
2.872000e-05	-2.028065e-02	8.502658e+00
2.873000e-05	-2.408220e-02	8.615366e+00
2.874000e-05	-1.381393e-02	8.680682e+00
2.875000e-05	-2.463743e-02	8.773790e+00
2.876000e-05	-2.471998e-02	8.860025e+00
2.877000e-05	-2.084111e-02	8.952762e+00
2.878000e-05	-2.052752e-02	9.150178e+00
2.879000e-05	-2.637107e-02	9.194840e+00
2.880000e-05	-2.478841e-02	9.248152e+00
2.881000e-05	-1.944908e-02	9.323235e+00
2.882000e-05	-2.577777e-02	9.397894e+00
2.883000e-05	-2.878505e-02	9.520630e+00
2.884000e-05	-2.633210e-02	9.585258e+00
2.885000e-05	-2.372492e-02	9.586416e+00
2.886000e-05	-3.167894e-02	9.629077e+00
2.887000e-05	-2.897867e-02	9.711734e+00
2.888000e-05	-2.536314e-02	9.784312e+00
2.889000e-05	-2.814718e-02	9.889068e+00
2.890000e-05	-3.222871e-02	9.920235e+00
2.891000e-05	-3.055835e-02	9.932261e+00
2.892000e-05	-2.953825e-02	9.976439e+00
2.893000e-05	-3.446151e-02	9.979019e+00
2.894000e-05	-3.157260e-02	1.000902e+01
2.895000e-05	-3.022139e-02	1.003060e+01
2.896000e-05	-3.321402e-02	1.006058e+01
2.897000e-05	-3.891949e-02	1.010321e+01
2.898000e-05	-3.499115e-02	1.011278e+01
2.899000e-05	-3.083184e-02	1.010428e+01
2.900000e-05	-3.708922e-02	1.010431e+01
2.901000e-05	-3.774541e-02	1.017429e+01
2.902000e-05	-3.803824e-02	1.015436e+01
2.903000e-05	-3.755881e-02	1.012386e+01
2.904000e-05	-4.194004e-02	1.017590e+01
2.905000e-05	-3.933031e-02	1.016431e+01
2.906000e-05	-3.953010e-02	1.016424e+01
2.907000e-05	-4.146811e-02	1.011424e+01
2.908000e-05	-4.419630e-02	1.012486e+01
2.909000e-05	-4.301076e-02	1.013314e+01
2.910000e-05	-4.345836e-02	1.009221e+01
2.911000e-05	-4.716298e-02	1.006210e+01
2.912000e-05	-4.759898e-02	1.003112e+01
2.913000e-05	-4.649139e-02	1.002797e+01
2.914000e-05	-4.901569e-02	1.001779e+01
2.915000e-05	-5.142898e-02	9.953759e+00
2.916000e-05	-5.274562e-02	9.889649e+00
2.917000e-05	-5.304825e-02	9.805416e+00
2.918000e-05	-5.606682e-02	9.712753e+00
2.919000e-05	-5.742760e-02	9.682098e+00
2.920000e-05	-5.858221e-02	9.607516e+00
2.921000e-05	-5.840916e-02	9.535760e+00
2.922000e-05	-6.017916e-02	9.479623e+00
2.923000e-05	-6.071578e-02	9.409041e+00
2.924000e-05	-6.147502e-02	9.355337e+00
2.925000e-05	-5.917593e-02	9.280653e+00
2.926000e-05	-5.883214e-02	9.198991e+00
2.927000e-05	-5.660999e-02	9.124753e+00
2.928000e-05	-5.754111e-02	9.037988e+00
2.929000e-05	-5.552414e-02	8.901679e+00
2.930000e-05	-5.428588e-02	8.789494e+00
2.931000e-05	-5.179080e-02	8.733210e+00
2.932000e-05	-4.986583e-02	8.640094e+00
2.933000e-05	-4.666126e-02	8.544860e+00
2.934000e-05	-4.644906e-02	8.462600e+00
2.935000e-05	-4.351924e-02	8.346311e+00
2.936000e-05	-4.252644e-02	8.250147e+00
2.937000e-05	-4.042480e-02	8.114780e+00
2.938000e-05	-3.920537e-02	7.990046e+00
2.939000e-05	-3.779129e-02	7.902202e+00
2.940000e-05	-3.585819e-02	7.776912e+00
2.941000e-05	-3.421622e-02	7.630575e+00
2.942000e-05	-3.301951e-02	7.513806e+00
2.943000e-05	-3.193634e-02	7.323254e+00
2.944000e-05	-3.137141e-02	7.189441e+00
2.945000e-05	-2.955631e-02	7.033627e+00
2.946000e-05	-2.791491e-02	6.926357e+00
2.947000e-05	-2.679551e-02	6.821047e+00
2.948000e-05	-2.632024e-02	6.663774e+00
2.949000e-05	-2.497600e-02	6.432003e+00
2.950000e-05	-2.401905e-02	6.345887e+00
2.951000e-05	-2.368386e-02	6.196995e+00
2.952000e-05	-2.192582e-02	6.062605e+00
2.953000e-05	-2.126939e-02	5.966262e+00
2.954000e-05	-2.034157e-02	5.747437e+00
2.955000e-05	-2.074976e-02	5.577894e+00
2.956000e-05	-2.092316e-02	5.431045e+00
2.957000e-05	-1.906246e-02	5.262476e+00
2.958000e-05	-1.742060e-02	5.033096e+00
2.959000e-05	-1.768271e-02	4.811598e+00
2.960000e-05	-1.678417e-02	4.663155e+00
2.961000e-05	-1.651120e-02	4.475932e+00
2.962000e-05	-1.467633e-02	4.348471e+00
2.963000e-05	-1.574955e-02	4.169626e+00
2.964000e-05	-1.368662e-02	4.011449e+00
2.965000e-05	-1.507448e-02	3.831550e+00
2.966000e-05	-1.298066e-02	3.654282e+00
2.967000e-05	-1.243009e-02	3.535892e+00
2.968000e-05	-1.171774e-02	3.287231e+00
2.969000e-05	-1.138714e-02	3.107413e+00
2.970000e-05	-1.225922e-02	2.987942e+00
2.971000e-05	-1.112829e-02	2.782050e+00
2.972000e-05	-9.933835e-03	2.586020e+00
2.973000e-05	-9.985787e-03	2.379971e+00
2.974000e-05	-9.130745e-03	2.220546e+00
2.975000e-05	-9.321834e-03	2.022153e+00
2.976000e-05	-8.939723e-03	1.865361e+00
2.977000e-05	-7.611096e-03	1.644127e+00
2.978000e-05	-8.166386e-03	1.446259e+00
2.979000e-05	-6.324728e-03	1.265782e+00
2.980000e-05	-7.961614e-03	1.075780e+00
2.981000e-05	-5.922237e-03	8.445767e-01
2.982000e-05	-5.497388e-03	6.657080e-01
2.983000e-05	-5.232185e-03	4.662082e-01
2.984000e-05	-5.812075e-03	2.879160e-01
2.985000e-05	-4.204136e-03	5.486171e-02
2.986000e-05	6.417782e-04	-8.266047e-02
2.987000e-05	3.070983e-03	-2.610603e-01
2.988000e-05	-2.701390e-03	-4.084236e-01
2.989000e-05	1.265263e-03	-6.048248e-01
2.990000e-05	-1.472223e-03	-8.179737e-01
2.991000e-05	1.146604e-03	-9.447631e-01
2.992000e-05	-4.781682e-04	-1.083162e+00
2.993000e-05	1.606328e-02	-1.312133e+00
2.994000e-05	6.592337e-02	-1.513658e+00
2.995000e-05	2.088256e-02	-1.711139e+00
2.996000e-05	-6.188441e-02	-1.986824e+00
2.997000e-05	-2.248625e-02	-2.268504e+00
2.998000e-05	-8.347010e-02	-2.408999e+00
2.999000e-05	7.266092e-02	-2.431576e+00
3.000000e-05	8.791228e-02	-2.562792e+00
3.001000e-05	-1.531619e-01	-2.786395e+00
3.002000e-05	1.298263e-01	-2.954160e+00
3.003000e-05	1.429714e-02	-3.090629e+00
3.004000e-05	-1.372988e-01	-3.364767e+00
3.005000e-05	1.464145e-01	-3.482133e+00
3.006000e-05	-2.227873e-02	-3.659001e+00
3.007000e-05	-7.354987e-02	-3.898063e+00
3.008000e-05	1.506340e-01	-4.038001e+00
3.009000e-05	-1.181358e-01	-4.206428e+00
3.010000e-05	5.073550e-02	-4.375875e+00
3.011000e-05	3.694749e-02	-4.531735e+00
3.012000e-05	-8.537535e-02	-4.753816e+00
3.013000e-05	1.189259e-01	-4.931630e+00
3.014000e-05	-6.517467e-02	-5.047527e+00
3.015000e-05	5.405779e-03	-5.278954e+00
3.016000e-05	6.895830e-02	-5.457956e+00
3.017000e-05	-4.071091e-02	-5.667451e+00
3.018000e-05	6.445507e-02	-5.775316e+00
3.019000e-05	-6.666046e-02	-5.961716e+00
3.020000e-05	4.727049e-02	-6.020104e+00
3.021000e-05	2.943124e-02	-6.233818e+00
3.022000e-05	-4.614190e-02	-6.385422e+00
3.023000e-05	8.893016e-02	-6.534287e+00
3.024000e-05	-4.448043e-02	-6.701711e+00
3.025000e-05	3.046183e-02	-6.817521e+00
3.026000e-05	-4.904636e-03	-6.933109e+00
3.027000e-05	7.022755e-03	-7.144206e+00
3.028000e-05	7.097488e-02	-7.259526e+00
3.029000e-05	-4.679510e-02	-7.376342e+00
3.030000e-05	3.101923e-02	-7.502086e+00
3.031000e-05	1.054332e-03	-7.670022e+00
3.032000e-05	3.591919e-02	-7.826421e+00
3.033000e-05	7.615970e-03	-7.953236e+00
3.034000e-05	-3.913830e-03	-8.061054e+00
3.035000e-05	4.479659e-02	-8.175342e+00
3.036000e-05	-9.654821e-03	-8.268555e+00
3.037000e-05	2.278611e-02	-8.383939e+00
3.038000e-05	1.041003e-02	-8.478579e+00
3.039000e-05	3.483815e-02	-8.624770e+00
3.040000e-05	4.177531e-03	-8.739656e+00
3.041000e-05	5.601775e-03	-8.836496e+00
3.042000e-05	3.186218e-02	-8.881106e+00
3.043000e-05	1.935007e-02	-9.044919e+00
3.044000e-05	1.701560e-02	-9.101626e+00
3.045000e-05	1.080181e-02	-9.155685e+00
3.046000e-05	3.088123e-02	-9.198944e+00
3.047000e-05	1.682384e-02	-9.280053e+00
3.048000e-05	1.702527e-02	-9.353839e+00
3.049000e-05	2.569736e-02	-9.507470e+00
3.050000e-05	2.480683e-02	-9.562257e+00
3.051000e-05	1.683617e-02	-9.607488e+00
3.052000e-05	2.030791e-02	-9.659552e+00
3.053000e-05	3.156285e-02	-9.741604e+00
3.054000e-05	2.462363e-02	-9.762289e+00
3.055000e-05	2.101229e-02	-9.816913e+00
3.056000e-05	2.269893e-02	-9.848075e+00
3.057000e-05	2.759865e-02	-9.910603e+00
3.058000e-05	2.363461e-02	-9.921680e+00
3.059000e-05	2.672760e-02	-9.963712e+00
3.060000e-05	3.124112e-02	-9.956238e+00
3.061000e-05	2.639315e-02	-9.987416e+00
3.062000e-05	2.588357e-02	-1.000897e+01
3.063000e-05	2.807664e-02	-1.000797e+01
3.064000e-05	3.242997e-02	-1.004850e+01
3.065000e-05	2.822157e-02	-1.004905e+01
3.066000e-05	3.140401e-02	-1.005107e+01
3.067000e-05	3.130027e-02	-1.012012e+01
3.068000e-05	3.283169e-02	-1.008110e+01
3.069000e-05	3.066534e-02	-1.008055e+01
3.070000e-05	3.392571e-02	-1.005061e+01
3.071000e-05	3.380150e-02	-1.007210e+01
3.072000e-05	3.518697e-02	-1.010108e+01
3.073000e-05	3.578337e-02	-1.007097e+01
3.074000e-05	3.772494e-02	-1.005795e+01
3.075000e-05	3.762958e-02	-1.000904e+01
3.076000e-05	3.710204e-02	-1.002694e+01
3.077000e-05	4.147975e-02	-9.956366e+00
3.078000e-05	4.115548e-02	-9.943785e+00
3.079000e-05	4.271865e-02	-9.913180e+00
3.080000e-05	4.380451e-02	-9.889600e+00
3.081000e-05	4.652283e-02	-9.838970e+00
3.082000e-05	4.581562e-02	-9.796841e+00
3.083000e-05	4.659585e-02	-9.713736e+00
3.084000e-05	5.120296e-02	-9.681654e+00
3.085000e-05	5.004389e-02	-9.599998e+00
3.086000e-05	5.296121e-02	-9.606915e+00
3.087000e-05	5.259642e-02	-9.553657e+00
3.088000e-05	5.346584e-02	-9.507545e+00
3.089000e-05	5.370593e-02	-9.354735e+00
3.090000e-05	5.113508e-02	-9.269022e+00
3.091000e-05	5.591261e-02	-9.186894e+00
3.092000e-05	5.374611e-02	-9.103731e+00
3.093000e-05	5.184896e-02	-9.037422e+00
3.094000e-05	4.875469e-02	-8.982707e+00
3.095000e-05	4.581033e-02	-8.862104e+00
3.096000e-05	4.651755e-02	-8.807917e+00
3.097000e-05	4.177828e-02	-8.729729e+00
3.098000e-05	4.463024e-02	-8.604765e+00
3.099000e-05	4.127802e-02	-8.479599e+00
3.100000e-05	3.919735e-02	-8.376462e+00
3.101000e-05	3.587893e-02	-8.269550e+00
3.102000e-05	3.637103e-02	-8.197365e+00
3.103000e-05	3.413839e-02	-8.071579e+00
3.104000e-05	3.151714e-02	-7.945461e+00
3.105000e-05	3.015196e-02	-7.817492e+00
3.106000e-05	3.005717e-02	-7.691072e+00
3.107000e-05	2.795310e-02	-7.504259e+00
3.108000e-05	2.469577e-02	-7.438390e+00
3.109000e-05	2.415069e-02	-7.250574e+00
3.110000e-05	2.356124e-02	-7.185859e+00
3.111000e-05	2.350010e-02	-7.006409e+00
3.112000e-05	2.056494e-02	-6.859022e+00
3.113000e-05	2.086708e-02	-6.713281e+00
3.114000e-05	1.895823e-02	-6.555859e+00
3.115000e-05	1.747620e-02	-6.409050e+00
3.116000e-05	1.627276e-02	-6.273151e+00
3.117000e-05	1.517985e-02	-6.091653e+00
3.118000e-05	1.427653e-02	-5.934213e+00
3.119000e-05	1.407076e-02	-5.767442e+00
3.120000e-05	1.316184e-02	-5.652672e+00
3.121000e-05	1.209834e-02	-5.503256e+00
3.122000e-05	1.014213e-02	-5.283130e+00
3.123000e-05	1.086560e-02	-5.074282e+00
3.124000e-05	1.131709e-02	-4.926358e+00
3.125000e-05	9.422670e-03	-4.706203e+00
3.126000e-05	7.701438e-03	-4.577813e+00
3.127000e-05	8.300644e-03	-4.419546e+00
3.128000e-05	7.588779e-03	-4.303680e+00
3.129000e-05	6.969389e-03	-4.135283e+00
3.130000e-05	5.660739e-03	-3.938944e+00
3.131000e-05	5.613653e-03	-3.788462e+00
3.132000e-05	4.688016e-03	-3.577968e+00
3.133000e-05	5.035318e-03	-3.420521e+00
3.134000e-05	4.185817e-03	-3.262601e+00
3.135000e-05	4.563572e-03	-3.083687e+00
3.136000e-05	1.891708e-03	-2.842678e+00
3.137000e-05	2.342163e-03	-2.695309e+00
3.138000e-05	6.618483e-04	-2.517761e+00
3.139000e-05	2.394352e-03	-2.329891e+00
3.140000e-05	9.872157e-04	-2.157384e+00
3.141000e-05	1.889236e-03	-1.937412e+00
3.142000e-05	-2.080609e-04	-1.759419e+00
3.143000e-05	8.444546e-05	-1.611994e+00
3.144000e-05	-1.385485e-03	-1.349515e+00
3.145000e-05	-1.177134e-03	-1.109467e+00
3.146000e-05	-3.192335e-03	-9.393922e-01
3.147000e-05	-2.536350e-03	-8.010461e-01
3.148000e-05	-3.614235e-03	-6.320451e-01
3.149000e-05	-2.947404e-03	-3.904724e-01
3.150000e-05	-2.440152e-03	-1.920762e-01
3.151000e-05	-1.666356e-03	-6.317632e-02
3.152000e-05	8.024766e-04	1.143419e-01
3.153000e-05	-1.221888e-03	3.467748e-01
3.154000e-05	-3.612102e-03	4.542394e-01
3.155000e-05	-7.052052e-05	7.031867e-01
3.156000e-05	-3.660945e-03	8.005500e-01
3.157000e-05	-3.931293e-03	1.007975e+00
3.158000e-05	-3.041542e-03	1.240101e+00
3.159000e-05	5.919476e-03	1.397475e+00
3.160000e-05	3.893549e-02	1.627400e+00
3.161000e-05	4.740517e-02	1.872607e+00
3.162000e-05	-5.365729e-02	2.012030e+00
3.163000e-05	-3.771555e-02	2.219475e+00
3.164000e-05	-5.356020e-02	2.368449e+00
3.165000e-05	-5.648931e-02	2.502706e+00
3.166000e-05	9.522054e-02	2.683693e+00
3.167000e-05	1.598977e-02	2.861031e+00
3.168000e-05	-1.291147e-01	2.998472e+00
3.169000e-05	1.441827e-01	3.197839e+00
3.170000e-05	-8.021436e-02	3.365424e+00
3.171000e-05	-5.160461e-02	3.576898e+00
3.172000e-05	9.809658e-02	3.700608e+00
3.173000e-05	-6.832323e-02	3.892181e+00
3.174000e-05	-2.570554e-02	4.040052e+00
3.175000e-05	5.606114e-02	4.248104e+00
3.176000e-05	-6.781607e-02	4.429029e+00
3.177000e-05	1.421691e-02	4.618000e+00
3.178000e-05	-1.054540e-02	4.817375e+00
3.179000e-05	-3.221420e-02	4.983346e+00
3.180000e-05	4.324499e-03	5.196000e+00
3.181000e-05	-2.705377e-02	5.376470e+00
3.182000e-05	1.132477e-02	5.524791e+00
3.183000e-05	-8.758172e-03	5.721659e+00
3.184000e-05	-1.525206e-03	5.890765e+00
3.185000e-05	-3.412329e-02	6.060578e+00
3.186000e-05	-2.652430e-02	6.167470e+00
3.187000e-05	2.044863e-02	6.343789e+00
3.188000e-05	-3.213923e-02	6.450029e+00
3.189000e-05	-7.590802e-03	6.615447e+00
3.190000e-05	-1.515759e-02	6.808020e+00
3.191000e-05	-2.333750e-02	6.952759e+00
3.192000e-05	-8.071702e-03	7.078553e+00
3.193000e-05	-1.829065e-02	7.196913e+00
3.194000e-05	-5.863141e-03	7.250608e+00
3.195000e-05	-1.499900e-02	7.458973e+00
3.196000e-05	-2.325892e-02	7.626967e+00
3.197000e-05	-2.207268e-02	7.764767e+00
3.198000e-05	-1.178705e-02	7.881130e+00
3.199000e-05	-8.612729e-03	7.997043e+00
3.200000e-05	-2.553317e-02	8.174158e+00
3.201000e-05	-2.139403e-02	8.290528e+00
3.202000e-05	-1.299488e-02	8.357391e+00
3.203000e-05	-2.267579e-02	8.440102e+00
3.204000e-05	-2.101056e-02	8.531785e+00
3.205000e-05	-2.009076e-02	8.637996e+00
3.206000e-05	-1.685698e-02	8.732759e+00
3.207000e-05	-2.636284e-02	8.788943e+00
3.208000e-05	-2.546881e-02	8.942184e+00
3.209000e-05	-1.732105e-02	9.007042e+00
3.210000e-05	-2.366859e-02	9.153259e+00
3.211000e-05	-2.507040e-02	9.209474e+00
3.212000e-05	-2.541160e-02	9.292129e+00
3.213000e-05	-1.990713e-02	9.384837e+00
3.214000e-05	-2.787627e-02	9.397023e+00
3.215000e-05	-2.851142e-02	9.493184e+00
3.216000e-05	-2.366622e-02	9.573840e+00
3.217000e-05	-2.715980e-02	9.620492e+00
3.218000e-05	-3.043477e-02	9.652127e+00
3.219000e-05	-2.956178e-02	9.763211e+00
3.220000e-05	-2.368508e-02	9.886993e+00
3.221000e-05	-2.897894e-02	9.880027e+00
3.222000e-05	-3.147751e-02	9.942231e+00
3.223000e-05	-3.290361e-02	9.964336e+00
3.224000e-05	-3.230616e-02	9.977315e+00
3.225000e-05	-3.175802e-02	1.002702e+01
3.226000e-05	-3.116853e-02	1.004958e+01
3.227000e-05	-3.102023e-02	1.010168e+01
3.228000e-05	-3.709207e-02	1.010066e+01
3.229000e-05	-3.751886e-02	1.009321e+01
3.230000e-05	-3.421889e-02	1.010276e+01
3.231000e-05	-3.256438e-02	1.017426e+01
3.232000e-05	-3.732804e-02	1.016439e+01
3.233000e-05	-3.612606e-02	1.017431e+01
3.234000e-05	-3.856137e-02	1.016586e+01
3.235000e-05	-3.962331e-02	1.017439e+01
3.236000e-05	-4.097281e-02	1.020426e+01
3.237000e-05	-3.929964e-02	1.015674e+01
3.238000e-05	-4.111994e-02	1.017379e+01
3.239000e-05	-4.203997e-02	1.011436e+01
3.240000e-05	-4.287060e-02	1.009281e+01
3.241000e-05	-4.295932e-02	1.009376e+01
3.242000e-05	-4.555876e-02	1.008263e+01
3.243000e-05	-4.615788e-02	1.005057e+01
3.244000e-05	-4.710459e-02	1.003102e+01
3.245000e-05	-4.780349e-02	9.978490e+00
3.246000e-05	-5.093481e-02	9.954860e+00
3.247000e-05	-5.132931e-02	9.922227e+00
3.248000e-05	-5.291636e-02	9.869595e+00
3.249000e-05	-5.576772e-02	9.736412e+00
3.250000e-05	-5.718233e-02	9.701677e+00
3.251000e-05	-5.723865e-02	9.639574e+00
3.252000e-05	-5.745264e-02	9.535441e+00
3.253000e-05	-5.965631e-02	9.502758e+00
3.254000e-05	-5.976339e-02	9.460570e+00
3.255000e-05	-6.099677e-02	9.366940e+00
3.256000e-05	-6.092501e-02	9.303229e+00
3.257000e-05	-5.940512e-02	9.241099e+00
3.258000e-05	-5.807231e-02	9.154887e+00
3.259000e-05	-5.621162e-02	9.102127e+00
3.260000e-05	-5.655814e-02	8.915887e+00
3.261000e-05	-5.422797e-02	8.880600e+00
3.262000e-05	-5.323356e-02	8.766440e+00
3.263000e-05	-5.141106e-02	8.692729e+00
3.264000e-05	-4.877261e-02	8.566962e+00
3.265000e-05	-4.617789e-02	8.475682e+00
3.266000e-05	-4.538323e-02	8.398972e+00
3.267000e-05	-4.402043e-02	8.312287e+00
3.268000e-05	-4.177963e-02	8.177962e+00
3.269000e-05	-4.017127e-02	8.070599e+00
3.270000e-05	-3.817702e-02	7.915861e+00
3.271000e-05	-3.712864e-02	7.830095e+00
3.272000e-05	-3.480685e-02	7.683782e+00
3.273000e-05	-3.433574e-02	7.599317e+00
3.274000e-05	-3.196809e-02	7.420027e+00
3.275000e-05	-3.051642e-02	7.220700e+00
3.276000e-05	-2.921475e-02	7.115314e+00
3.277000e-05	-2.990389e-02	6.997496e+00
3.278000e-05	-2.802578e-02	6.844679e+00
3.279000e-05	-2.695918e-02	6.765960e+00
3.280000e-05	-2.407789e-02	6.547986e+00
3.281000e-05	-2.434078e-02	6.409567e+00
3.282000e-05	-2.390403e-02	6.253603e+00
3.283000e-05	-2.361273e-02	6.167807e+00
3.284000e-05	-2.185764e-02	6.028524e+00
3.285000e-05	-2.074747e-02	5.852146e+00
3.286000e-05	-2.104374e-02	5.682652e+00
3.287000e-05	-2.153033e-02	5.506234e+00
3.288000e-05	-1.960645e-02	5.336939e+00
3.289000e-05	-1.885221e-02	5.167468e+00
3.290000e-05	-1.807164e-02	4.917886e+00
3.291000e-05	-1.718348e-02	4.767967e+00
3.292000e-05	-1.603614e-02	4.599946e+00
3.293000e-05	-1.560719e-02	4.431100e+00
3.294000e-05	-1.565730e-02	4.325311e+00
3.295000e-05	-1.530152e-02	4.043729e+00
3.296000e-05	-1.299003e-02	3.917912e+00
3.297000e-05	-1.417199e-02	3.769443e+00
3.298000e-05	-1.383579e-02	3.581546e+00
3.299000e-05	-1.321667e-02	3.411745e+00
3.300000e-05	-1.151488e-02	3.241052e+00
3.301000e-05	-1.102868e-02	3.043203e+00
3.302000e-05	-1.145660e-02	2.915758e+00
3.303000e-05	-9.795928e-03	2.748446e+00
3.304000e-05	-9.584441e-03	2.446883e+00
3.305000e-05	-1.090246e-02	2.326811e+00
3.306000e-05	-1.009008e-02	2.128940e+00
3.307000e-05	-7.901654e-03	1.939970e+00
3.308000e-05	-7.189796e-03	1.779018e+00
3.309000e-05	-7.793456e-03	1.560119e+00
3.310000e-05	-6.997390e-03	1.370547e+00
3.311000e-05	-6.897060e-03	1.172044e+00
3.312000e-05	-6.454876e-03	9.099459e-01
3.313000e-05	-6.079957e-03	7.599963e-01
3.314000e-05	-5.505424e-03	5.914949e-01
3.315000e-05	-4.638761e-03	4.209976e-01
3.316000e-05	-4.907350e-03	1.751753e-01
3.317000e-05	-4.892520e-03	1.553750e-03
3.318000e-05	1.757510e-03	-1.868207e-01
3.319000e-05	8.732283e-04	-3.147145e-01
3.320000e-05	-1.250051e-03	-4.706314e-01
3.321000e-05	1.427734e-03	-7.111619e-01
3.322000e-05	-4.777959e-05	-8.505315e-01
3.323000e-05	1.925041e-03	-1.039949e+00
3.324000e-05	4.303824e-03	-1.205874e+00
3.325000e-05	3.088123e-02	-1.384403e+00
3.326000e-05	7.832713e-02	-1.607972e+00
3.327000e-05	-4.979504e-02	-1.858004e+00
3.328000e-05	-2.441894e-02	-2.091639e+00
3.329000e-05	-6.097734e-02	-2.356341e+00
3.330000e-05	-4.748780e-02	-2.409476e+00
3.331000e-05	1.480387e-01	-2.461055e+00
3.332000e-05	-4.802465e-02	-2.679031e+00
3.333000e-05	-7.099656e-02	-2.869526e+00
3.334000e-05	1.618435e-01	-2.997319e+00
3.335000e-05	-1.461796e-01	-3.246900e+00
3.336000e-05	-7.388339e-03	-3.418923e+00
3.337000e-05	1.312617e-01	-3.546266e+00
3.338000e-05	-1.232649e-01	-3.753288e+00
3.339000e-05	7.262334e-02	-3.975711e+00
3.340000e-05	5.082860e-02	-4.101610e+00
3.341000e-05	-1.132954e-01	-4.313213e+00
3.342000e-05	1.231830e-01	-4.429546e+00
3.343000e-05	-7.881740e-02	-4.594371e+00
3.344000e-05	2.462406e-02	-4.827949e+00
3.345000e-05	7.309569e-02	-4.953186e+00
3.346000e-05	-1.008618e-01	-5.152741e+00
3.347000e-05	9.428926e-02	-5.351762e+00
3.348000e-05	-1.684513e-02	-5.593184e+00
3.349000e-05	1.973261e-02	-5.710059e+00
3.350000e-05	1.645996e-02	-5.858975e+00
3.351000e-05	-5.546538e-02	-6.027973e+00
3.352000e-05	9.437148e-02	-6.121109e+00
3.353000e-05	-5.098322e-02	-6.310663e+00
3.354000e-05	3.314774e-02	-6.471154e+00
3.355000e-05	3.894877e-02	-6.646421e+00
3.356000e-05	-3.824139e-02	-6.736366e+00
3.357000e-05	4.989974e-02	-6.869501e+00
3.358000e-05	-4.146280e-02	-7.078470e+00
3.359000e-05	6.932141e-02	-7.226420e+00
3.360000e-05	7.978695e-03	-7.321233e+00
3.361000e-05	-1.992211e-02	-7.488424e+00
3.362000e-05	2.905886e-02	-7.603265e+00
3.363000e-05	1.347366e-03	-7.740656e+00
3.364000e-05	4.457736e-02	-7.887025e+00
3.365000e-05	-1.781331e-02	-8.025462e+00
3.366000e-05	3.139094e-02	-8.112133e+00
3.367000e-05	1.866382e-02	-8.226944e+00
3.368000e-05	-1.621105e-03	-8.362734e+00
3.369000e-05	2.273087e-02	-8.445795e+00
3.370000e-05	1.524188e-02	-8.551581e+00
3.371000e-05	3.252922e-02	-8.686547e+00
3.372000e-05	-8.626222e-03	-8.753286e+00
3.373000e-05	2.485897e-02	-8.859000e+00
3.374000e-05	2.639755e-02	-8.952262e+00
3.375000e-05	1.861491e-02	-9.026996e+00
3.376000e-05	1.266642e-02	-9.121601e+00
3.377000e-05	1.814938e-02	-9.155862e+00
3.378000e-05	2.874838e-02	-9.217971e+00
3.379000e-05	1.046047e-02	-9.372079e+00
3.380000e-05	2.254322e-02	-9.404767e+00
3.381000e-05	2.690677e-02	-9.531055e+00
3.382000e-05	2.363809e-02	-9.572864e+00
3.383000e-05	1.410374e-02	-9.629471e+00
3.384000e-05	2.509274e-02	-9.651129e+00
3.385000e-05	3.062376e-02	-9.752659e+00
3.386000e-05	2.323253e-02	-9.774841e+00
3.387000e-05	2.254590e-02	-9.846970e+00
3.388000e-05	2.413341e-02	-9.860445e+00
3.389000e-05	2.675172e-02	-9.920757e+00
3.390000e-05	2.346932e-02	-9.972233e+00
3.391000e-05	2.967864e-02	-9.913708e+00
3.392000e-05	3.091373e-02	-1.003739e+01
3.393000e-05	2.542138e-02	-1.000742e+01
3.394000e-05	2.692832e-02	-1.002739e+01
3.395000e-05	3.120799e-02	-1.002795e+01
3.396000e-05	3.060396e-02	-1.003700e+01
3.397000e-05	2.810723e-02	-1.002952e+01
3.398000e-05	3.069989e-02	-1.003957e+01
3.399000e-05	3.173657e-02	-1.009003e+01
3.400000e-05	3.097718e-02	-1.014110e+01
3.401000e-05	3.073876e-02	-1.008063e+01
3.402000e-05	3.639513e-02	-1.006105e+01
3.403000e-05	3.468245e-02	-1.008960e+01
3.404000e-05	3.397155e-02	-1.007005e+01
3.405000e-05	3.452382e-02	-1.003100e+01
3.406000e-05	3.879854e-02	-1.004047e+01
3.407000e-05	3.781905e-02	-9.975992e+00
3.408000e-05	3.882415e-02	-1.000684e+01
3.409000e-05	4.157920e-02	-9.934286e+00
3.410000e-05	4.118208e-02	-9.952759e+00
3.411000e-05	4.229847e-02	-9.912103e+00
3.412000e-05	4.457103e-02	-9.848600e+00
3.413000e-05	4.646456e-02	-9.797445e+00
3.414000e-05	4.742184e-02	-9.776313e+00
3.415000e-05	4.745105e-02	-9.713734e+00
3.416000e-05	5.169974e-02	-9.660579e+00
3.417000e-05	5.074295e-02	-9.609495e+00
3.418000e-05	5.296189e-02	-9.586338e+00
3.419000e-05	5.216830e-02	-9.500150e+00
3.420000e-05	5.462932e-02	-9.416885e+00
3.421000e-05	5.226637e-02	-9.313778e+00
3.422000e-05	5.292179e-02	-9.228915e+00
3.423000e-05	5.340846e-02	-9.145812e+00
3.424000e-05	5.308904e-02	-9.090647e+00
3.425000e-05	5.107187e-02	-9.006242e+00
3.426000e-05	4.758205e-02	-8.882152e+00
3.427000e-05	4.637161e-02	-8.847470e+00
3.428000e-05	4.442991e-02	-8.764837e+00
3.429000e-05	4.378375e-02	-8.678993e+00
3.430000e-05	4.129639e-02	-8.531731e+00
3.431000e-05	4.033690e-02	-8.447944e+00
3.432000e-05	3.855034e-02	-8.313738e+00
3.433000e-05	3.603176e-02	-8.228393e+00
3.434000e-05	3.499462e-02	-8.102706e+00
3.435000e-05	3.395938e-02	-8.027997e+00
3.436000e-05	3.125271e-02	-7.943781e+00
3.437000e-05	2.991402e-02	-7.762809e+00
3.438000e-05	2.793648e-02	-7.648989e+00
3.439000e-05	2.705203e-02	-7.481049e+00
3.440000e-05	2.579763e-02	-7.334784e+00
3.441000e-05	2.377407e-02	-7.228823e+00
3.442000e-05	2.206795e-02	-7.123573e+00
3.443000e-05	2.226722e-02	-6.913152e+00
3.444000e-05	1.975770e-02	-6.776893e+00
3.445000e-05	1.880875e-02	-6.619590e+00
3.446000e-05	1.894614e-02	-6.484229e+00
3.447000e-05	1.695513e-02	-6.338833e+00
3.448000e-05	1.752161e-02	-6.179863e+00
3.449000e-05	1.457973e-02	-6.030022e+00
3.450000e-05	1.518205e-02	-5.902178e+00
3.451000e-05	1.397724e-02	-5.725254e+00
3.452000e-05	1.164601e-02	-5.586990e+00
3.453000e-05	1.182695e-02	-5.399492e+00
3.454000e-05	8.375154e-03	-5.188442e+00
3.455000e-05	1.161250e-02	-4.990601e+00
3.456000e-05	1.006082e-02	-4.872050e+00
3.457000e-05	1.087411e-02	-4.608626e+00
3.458000e-05	6.957866e-03	-4.474232e+00
3.459000e-05	8.659840e-03	-4.347911e+00
3.460000e-05	7.773815e-03	-4.210474e+00
3.461000e-05	8.460618e-03	-4.002126e+00
3.462000e-05	4.316887e-03	-3.874257e+00
3.463000e-05	5.675584e-03	-3.644154e+00
3.464000e-05	5.141253e-03	-3.555734e+00
3.465000e-05	4.454311e-03	-3.347913e+00
3.466000e-05	2.767589e-03	-3.189367e+00
3.467000e-05	3.842203e-03	-3.019439e+00
3.468000e-05	3.999966e-03	-2.788446e+00
3.469000e-05	1.454364e-03	-2.622601e+00
3.470000e-05	2.293150e-03	-2.461124e+00
3.471000e-05	1.599319e-03	-2.225225e+00
3.472000e-05	3.386376e-04	-2.032101e+00
3.473000e-05	-1.535572e-03	-1.874708e+00
3.474000e-05	-3.652689e-04	-1.655784e+00
3.475000e-05	-3.889653e-05	-1.536765e+00
3.476000e-05	-2.389142e-04	-1.284726e+00
3.477000e-05	-2.304914e-03	-1.074209e+00
3.478000e-05	-1.671165e-03	-8.928027e-01
3.479000e-05	-4.268268e-03	-7.487809e-01
3.480000e-05	-3.574312e-03	-5.052318e-01
3.481000e-05	-3.429037e-03	-3.273119e-01
3.482000e-05	-2.469027e-03	-1.083710e-01
3.483000e-05	-1.074304e-03	2.147770e-02
3.484000e-05	2.216515e-03	2.009838e-01
3.485000e-05	-3.165403e-03	4.210513e-01
3.486000e-05	-9.175393e-04	5.669222e-01
3.487000e-05	-3.370818e-03	7.467924e-01
3.488000e-05	-3.263588e-03	8.926854e-01
3.489000e-05	-4.134306e-03	1.112768e+00
3.490000e-05	1.312351e-03	1.303664e+00
3.491000e-05	1.478105e-02	1.472530e+00
3.492000e-05	5.806735e-02	1.703618e+00
3.493000e-05	1.085827e-03	1.955270e+00
3.494000e-05	-5.687891e-02	2.112767e+00
3.495000e-05	-3.675148e-02	2.292763e+00
3.496000e-05	-6.489561e-02	2.431076e+00
3.497000e-05	-9.331517e-03	2.599497e+00
3.498000e-05	1.326426e-01	2.768874e+00
3.499000e-05	-1.180927e-01	2.915291e+00
3.500000e-05	5.193499e-03	3.030258e+00
3.501000e-05	8.482908e-02	3.308030e+00
3.502000e-05	-1.270862e-01	3.480160e+00
3.503000e-05	4.401271e-02	3.619974e+00
3.504000e-05	5.131962e-02	3.774871e+00
3.505000e-05	-1.061147e-01	3.996451e+00
3.506000e-05	6.088921e-02	4.113712e+00
3.507000e-05	-1.493517e-02	4.354816e+00
3.508000e-05	-3.974959e-02	4.482712e+00
3.509000e-05	2.399499e-02	4.681638e+00
3.510000e-05	-4.427933e-02	4.820030e+00
3.511000e-05	3.766896e-04	5.099634e+00
3.512000e-05	-1.674473e-02	5.320609e+00
3.513000e-05	-6.475721e-03	5.501128e+00
3.514000e-05	5.037346e-03	5.600426e+00
3.515000e-05	-1.352090e-03	5.775373e+00
3.516000e-05	-1.275188e-02	5.965466e+00
3.517000e-05	-4.289595e-02	6.101712e+00
3.518000e-05	-2.232308e-03	6.260551e+00
3.519000e-05	4.524380e-03	6.425421e+00
3.520000e-05	-3.482500e-02	6.541685e+00
3.521000e-05	2.538511e-03	6.713179e+00
3.522000e-05	-2.717908e-02	6.859079e+00
3.523000e-05	-1.247042e-02	6.946421e+00
3.524000e-05	-9.390288e-03	7.102158e+00
3.525000e-05	-1.983627e-02	7.219449e+00
3.526000e-05	-1.992178e-03	7.343239e+00
3.527000e-05	-2.834912e-02	7.512110e+00
3.528000e-05	-1.672985e-02	7.721079e+00
3.529000e-05	-2.590820e-02	7.817893e+00
3.530000e-05	-4.746973e-03	7.982787e+00
3.531000e-05	-1.840631e-02	8.058079e+00
3.532000e-05	-2.489430e-02	8.216869e+00
3.533000e-05	-1.246569e-02	8.302713e+00
3.534000e-05	-1.838580e-02	8.416448e+00
3.535000e-05	-2.008135e-02	8.491629e+00
3.536000e-05	-2.451705e-02	8.553917e+00
3.537000e-05	-1.650016e-02	8.700579e+00
3.538000e-05	-2.417612e-02	8.745342e+00
3.539000e-05	-2.711105e-02	8.829524e+00
3.540000e-05	-2.222756e-02	8.922234e+00
3.541000e-05	-1.812186e-02	9.068575e+00
3.542000e-05	-2.526722e-02	9.164391e+00
3.543000e-05	-2.438296e-02	9.270003e+00
3.544000e-05	-2.300481e-02	9.292187e+00
3.545000e-05	-2.457585e-02	9.396370e+00
3.546000e-05	-3.063937e-02	9.480127e+00
3.547000e-05	-2.687950e-02	9.553761e+00
3.548000e-05	-2.335001e-02	9.586920e+00
3.549000e-05	-3.102690e-02	9.680048e+00
3.550000e-05	-2.957978e-02	9.691153e+00
3.551000e-05	-2.597381e-02	9.774812e+00
3.552000e-05	-2.487066e-02	9.816924e+00
3.553000e-05	-3.049246e-02	9.932681e+00
3.554000e-05	-3.336363e-02	9.952384e+00
3.555000e-05	-3.263159e-02	9.984364e+00
3.556000e-05	-3.311612e-02	1.000689e+01
3.557000e-05	-3.125369e-02	1.003800e+01
3.558000e-05	-3.164620e-02	1.004163e+01
3.559000e-05	-3.344208e-02	1.009066e+01
3.560000e-05	-3.829403e-02	1.010173e+01
3.561000e-05	-3.483060e-02	1.010216e+01
3.562000e-05	-3.238791e-02	1.013421e+01
3.563000e-05	-3.576262e-02	1.014329e+01
3.564000e-05	-3.827603e-02	1.014486e+01
3.565000e-05	-3.883875e-02	1.017389e+01
3.566000e-05	-3.787869e-02	1.017531e+01
3.567000e-05	-3.957311e-02	1.019636e+01
3.568000e-05	-3.937931e-02	1.016429e+01
3.569000e-05	-4.013506e-02	1.018531e+01
3.570000e-05	-4.191873e-02	1.013374e+01
3.571000e-05	-4.351554e-02	1.013426e+01
3.572000e-05	-4.350834e-02	1.011424e+01
3.573000e-05	-4.307325e-02	1.006218e+01
3.574000e-05	-4.486374e-02	1.008208e+01
3.575000e-05	-4.657250e-02	1.002855e+01
3.576000e-05	-4.802092e-02	1.000847e+01
3.577000e-05	-4.958615e-02	9.987992e+00
3.578000e-05	-5.130523e-02	9.924805e+00
3.579000e-05	-5.262971e-02	9.869125e+00
3.580000e-05	-5.394713e-02	9.835443e+00
3.581000e-05	-5.613798e-02	9.724733e+00
3.582000e-05	-5.692480e-02	9.652177e+00
3.583000e-05	-5.722914e-02	9.589866e+00
3.584000e-05	-5.812725e-02	9.555812e+00
3.585000e-05	-6.038443e-02	9.471126e+00
3.586000e-05	-6.075753e-02	9.437019e+00
3.587000e-05	-6.186678e-02	9.354711e+00
3.588000e-05	-5.960370e-02	9.271676e+00
3.589000e-05	-5.883430e-02	9.198541e+00
3.590000e-05	-5.740785e-02	9.143382e+00
3.591000e-05	-5.738542e-02	9.026923e+00
3.592000e-05	-5.575996e-02	8.903779e+00
3.593000e-05	-5.477699e-02	8.810019e+00
3.594000e-05	-5.079735e-02	8.763783e+00
3.595000e-05	-5.062565e-02	8.629574e+00
3.596000e-05	-4.710338e-02	8.535783e+00
3.597000e-05	-4.750708e-02	8.450679e+00
3.598000e-05	-4.338896e-02	8.347414e+00
3.599000e-05	-4.361892e-02	8.280604e+00
3.600000e-05	-4.034054e-02	8.184234e+00
3.601000e-05	-3.970695e-02	7.980074e+00
3.602000e-05	-3.729093e-02	7.882729e+00
3.603000e-05	-3.640894e-02	7.766941e+00
3.604000e-05	-3.410838e-02	7.639623e+00
3.605000e-05	-3.330272e-02	7.585413e+00
3.606000e-05	-3.279365e-02	7.365364e+00
3.607000e-05	-3.185806e-02	7.200019e+00
3.608000e-05	-3.017692e-02	7.102728e+00
3.609000e-05	-2.789780e-02	6.936791e+00
3.610000e-05	-2.898453e-02	6.810522e+00
3.611000e-05	-2.588700e-02	6.692679e+00
3.612000e-05	-2.695989e-02	6.474755e+00
3.613000e-05	-2.178609e-02	6.347840e+00
3.614000e-05	-2.283787e-02	6.189548e+00
3.615000e-05	-2.134127e-02	6.093654e+00
3.616000e-05	-2.191668e-02	5.916868e+00
3.617000e-05	-2.224683e-02	5.737538e+00
3.618000e-05	-2.242972e-02	5.568996e+00
3.619000e-05	-2.162020e-02	5.420129e+00
3.620000e-05	-1.934939e-02	5.244204e+00
3.621000e-05	-1.771744e-02	5.063700e+00
3.622000e-05	-1.718090e-02	4.822574e+00
3.623000e-05	-1.587545e-02	4.664333e+00
3.624000e-05	-1.422643e-02	4.557336e+00
3.625000e-05	-1.431037e-02	4.410496e+00
3.626000e-05	-1.542238e-02	4.189070e+00
3.627000e-05	-1.592396e-02	3.990075e+00
3.628000e-05	-1.569214e-02	3.853179e+00
3.629000e-05	-1.471289e-02	3.664785e+00
3.630000e-05	-1.286113e-02	3.507440e+00
3.631000e-05	-1.254739e-02	3.298483e+00
3.632000e-05	-9.268954e-03	3.169516e+00
3.633000e-05	-1.243518e-02	2.979999e+00
3.634000e-05	-7.442017e-03	2.801028e+00
3.635000e-05	-9.420567e-03	2.613129e+00
3.636000e-05	-8.690736e-03	2.360525e+00
3.637000e-05	-1.156768e-02	2.222603e+00
3.638000e-05	-1.198843e-02	2.013228e+00
3.639000e-05	-7.921866e-03	1.886812e+00
3.640000e-05	-9.248698e-03	1.655282e+00
3.641000e-05	-7.377828e-03	1.486258e+00
3.642000e-05	-6.382615e-03	1.286891e+00
3.643000e-05	-5.011263e-03	1.116861e+00
3.644000e-05	-4.230961e-03	8.242839e-01
3.645000e-05	-5.658896e-03	6.742581e-01
3.646000e-05	-3.694046e-03	4.953332e-01
3.647000e-05	-5.606789e-03	3.094210e-01
3.648000e-05	-6.176578e-03	1.183633e-01
3.649000e-05	-1.973582e-03	-8.155764e-02
3.650000e-05	2.356016e-03	-2.595288e-01
3.651000e-05	-6.004612e-04	-3.973775e-01
3.652000e-05	1.001369e-03	-5.338709e-01
3.653000e-05	-9.053170e-04	-7.764499e-01
3.654000e-05	2.160836e-03	-9.457933e-01
3.655000e-05	-8.865006e-04	-1.081560e+00
3.656000e-05	1.460819e-02	-1.259156e+00
3.657000e-05	5.701374e-02	-1.511108e+00
3.658000e-05	3.900041e-02	-1.682635e+00
3.659000e-05	-6.941008e-02	-1.985821e+00
3.660000e-05	-1.713938e-02	-2.246847e+00
3.661000e-05	-8.363381e-02	-2.408797e+00
3.662000e-05	4.633775e-02	-2.460004e+00
3.663000e-05	1.157478e-01	-2.524182e+00
3.664000e-05	-1.480327e-01	-2.774767e+00
3.665000e-05	9.936907e-02	-2.912233e+00
3.666000e-05	5.677903e-02	-3.108954e+00
3.667000e-05	-1.568042e-01	-3.332738e+00
3.668000e-05	1.322127e-01	-3.522080e+00
3.669000e-05	1.042222e-02	-3.598474e+00
3.670000e-05	-1.026005e-01	-3.839583e+00
3.671000e-05	1.518980e-01	-3.998996e+00
3.672000e-05	-9.692288e-02	-4.226417e+00
3.673000e-05	1.774441e-02	-4.368320e+00
3.674000e-05	6.638274e-02	-4.500605e+00
3.675000e-05	-1.026481e-01	-4.711711e+00
3.676000e-05	1.115465e-01	-4.891100e+00
3.677000e-05	-3.856137e-02	-5.039022e+00
3.678000e-05	-2.279116e-02	-5.275971e+00
3.679000e-05	8.546467e-02	-5.417471e+00
3.680000e-05	-4.777977e-02	-5.647874e+00
3.681000e-05	6.661239e-02	-5.755814e+00
3.682000e-05	-5.705250e-02	-5.902186e+00
3.683000e-05	2.570391e-02	-6.069499e+00
3.684000e-05	5.091085e-02	-6.232763e+00
3.685000e-05	-5.847001e-02	-6.416420e+00
3.686000e-05	8.895272e-02	-6.523205e+00
3.687000e-05	-3.321699e-02	-6.681076e+00
3.688000e-05	1.820313e-02	-6.798970e+00
3.689000e-05	8.375933e-03	-6.932084e+00
3.690000e-05	-1.131483e-02	-7.120607e+00
3.691000e-05	7.964101e-02	-7.259049e+00
3.692000e-05	-4.218760e-02	-7.395866e+00
3.693000e-05	2.396690e-02	-7.490104e+00
3.694000e-05	6.723286e-03	-7.636419e+00
3.695000e-05	3.020025e-02	-7.792784e+00
3.696000e-05	1.820967e-02	-7.951232e+00
3.697000e-05	-1.257712e-02	-8.048523e+00
3.698000e-05	4.700955e-02	-8.155209e+00
3.699000e-05	-7.398556e-03	-8.270079e+00
3.700000e-05	1.833852e-02	-8.373761e+00
3.701000e-05	1.167626e-02	-8.437924e+00
3.702000e-05	3.237354e-02	-8.633285e+00
3.703000e-05	1.118056e-02	-8.750085e+00
3.704000e-05	-4.956857e-04	-8.796966e+00
3.705000e-05	3.305810e-02	-8.890654e+00
3.706000e-05	2.105741e-02	-8.993463e+00
3.707000e-05	1.923638e-02	-9.090047e+00
3.708000e-05	9.667374e-03	-9.154738e+00
3.709000e-05	2.825655e-02	-9.217415e+00
3.710000e-05	1.871911e-02	-9.280075e+00
3.711000e-05	1.428125e-02	-9.382687e+00
3.712000e-05	2.414595e-02	-9.506970e+00
3.713000e-05	2.685880e-02	-9.544730e+00
3.714000e-05	1.875120e-02	-9.587944e+00
3.715000e-05	1.845058e-02	-9.658551e+00
3.716000e-05	3.146870e-02	-9.712130e+00
3.717000e-05	2.583902e-02	-9.765309e+00
3.718000e-05	2.216892e-02	-9.814892e+00
3.719000e-05	2.194658e-02	-9.837022e+00
3.720000e-05	2.415999e-02	-9.890076e+00
3.721000e-05	2.435156e-02	-9.951730e+00
3.722000e-05	2.424302e-02	-9.962206e+00
3.723000e-05	3.330608e-02	-9.945290e+00
3.724000e-05	2.794424e-02	-1.000636e+01
3.725000e-05	2.563554e-02	-1.001689e+01
3.726000e-05	2.804369e-02	-1.001692e+01
3.727000e-05	3.109910e-02	-1.005999e+01
3.728000e-05	2.730248e-02	-1.005104e+01
3.729000e-05	2.892898e-02	-1.003260e+01
3.730000e-05	3.198268e-02	-1.011113e+01
3.731000e-05	3.329153e-02	-1.007260e+01
3.732000e-05	3.047358e-02	-1.012305e+01
3.733000e-05	3.289999e-02	-1.011155e+01
3.734000e-05	3.661707e-02	-1.007168e+01
3.735000e-05	3.571649e-02	-1.005847e+01
3.736000e-05	3.463123e-02	-1.003008e+01
3.737000e-05	3.571180e-02	-1.002000e+01
3.738000e-05	3.636481e-02	-1.001949e+01
3.739000e-05	3.718658e-02	-1.000737e+01
3.740000e-05	3.981285e-02	-9.985838e+00
3.741000e-05	4.185155e-02	-9.933284e+00
3.742000e-05	4.094252e-02	-9.921181e+00
3.743000e-05	4.474748e-02	-9.890645e+00
3.744000e-05	4.550743e-02	-9.828465e+00
3.745000e-05	4.726636e-02	-9.796341e+00
3.746000e-05	4.581520e-02	-9.724259e+00
3.747000e-05	4.873353e-02	-9.672131e+00
3.748000e-05	5.008400e-02	-9.660549e+00
3.749000e-05	5.225321e-02	-9.607966e+00
3.750000e-05	5.268127e-02	-9.563229e+00
3.751000e-05	5.350865e-02	-9.458069e+00
3.752000e-05	5.359254e-02	-9.375235e+00
3.753000e-05	5.362976e-02	-9.269521e+00
3.754000e-05	5.247384e-02	-9.207341e+00
3.755000e-05	5.285694e-02	-9.124279e+00
3.756000e-05	5.172781e-02	-9.029093e+00
3.757000e-05	4.908640e-02	-8.964310e+00
3.758000e-05	4.782216e-02	-8.872603e+00
3.759000e-05	4.438356e-02	-8.807491e+00
3.760000e-05	4.377794e-02	-8.723277e+00
3.761000e-05	4.323365e-02	-8.624289e+00
3.762000e-05	4.280302e-02	-8.502025e+00
3.763000e-05	3.963563e-02	-8.374816e+00
3.764000e-05	3.768511e-02	-8.280655e+00
3.765000e-05	3.554776e-02	-8.185387e+00
3.766000e-05	3.458583e-02	-8.082101e+00
3.767000e-05	3.199126e-02	-7.946313e+00
3.768000e-05	2.954404e-02	-7.836576e+00
3.769000e-05	2.918026e-02	-7.681101e+00
3.770000e-05	2.723941e-02	-7.544762e+00
3.771000e-05	2.621529e-02	-7.427818e+00
3.772000e-05	2.573262e-02	-7.241650e+00
3.773000e-05	2.421620e-02	-7.155838e+00
3.774000e-05	2.241472e-02	-7.018411e+00
3.775000e-05	2.090054e-02	-6.819496e+00
3.776000e-05	2.049153e-02	-6.724234e+00
3.777000e-05	1.896114e-02	-6.566938e+00
3.778000e-05	1.791630e-02	-6.400545e+00
3.779000e-05	1.674543e-02	-6.312780e+00
3.780000e-05	1.546414e-02	-6.144678e+00
3.781000e-05	1.474883e-02	-5.926967e+00
3.782000e-05	1.450810e-02	-5.849998e+00
3.783000e-05	1.295775e-02	-5.663629e+00
3.784000e-05	1.166871e-02	-5.533284e+00
3.785000e-05	1.103396e-02	-5.313182e+00
3.786000e-05	1.094058e-02	-5.125285e+00
3.787000e-05	1.036252e-02	-4.957903e+00
3.788000e-05	8.477183e-03	-4.757333e+00
3.789000e-05	7.922961e-03	-4.607496e+00
3.790000e-05	8.551996e-03	-4.450049e+00
3.791000e-05	6.742160e-03	-4.274182e+00
3.792000e-05	5.974379e-03	-4.115765e+00
3.793000e-05	6.430500e-03	-3.978992e+00
3.794000e-05	5.247153e-03	-3.839918e+00
3.795000e-05	5.687840e-03	-3.580518e+00
3.796000e-05	4.714213e-03	-3.432674e+00
3.797000e-05	4.014239e-03	-3.254656e+00
3.798000e-05	3.791663e-03	-3.117124e+00
3.799000e-05	1.907676e-03	-2.850708e+00
3.800000e-05	2.144167e-03	-2.725856e+00
3.801000e-05	-2.771445e-04	-2.536311e+00
3.802000e-05	2.099198e-03	-2.359969e+00
3.803000e-05	7.958768e-04	-2.148860e+00
3.804000e-05	2.573039e-03	-1.968445e+00
3.805000e-05	-5.908326e-04	-1.809444e+00
3.806000e-05	3.101491e-04	-1.650578e+00
3.807000e-05	-1.969750e-03	-1.383545e+00
3.808000e-05	-1.784638e-05	-1.188994e+00
3.809000e-05	-3.334816e-03	-9.500187e-01
3.810000e-05	-9.695028e-04	-8.390001e-01
3.811000e-05	-4.331163e-03	-6.225700e-01
3.812000e-05	-2.446024e-03	-3.910486e-01
3.813000e-05	-4.001612e-03	-2.414965e-01
3.814000e-05	-2.520801e-03	-7.418289e-02
3.815000e-05	1.258931e-03	8.469184e-02
3.816000e-05	2.342304e-03	3.447947e-01
3.817000e-05	-4.415206e-03	4.932092e-01
3.818000e-05	-7.129220e-04	6.426578e-01
3.819000e-05	-5.455758e-03	8.279487e-01
3.820000e-05	-3.067225e-03	1.007951e+00
3.821000e-05	-3.919350e-03	1.186453e+00
3.822000e-05	6.288997e-03	1.367922e+00
3.823000e-05	3.285040e-02	1.598049e+00
3.824000e-05	5.586883e-02	1.819031e+00
3.825000e-05	-4.551283e-02	2.009550e+00
3.826000e-05	-4.015142e-02	2.188000e+00
3.827000e-05	-5.014917e-02	2.338945e+00
3.828000e-05	-6.245987e-02	2.472162e+00
3.829000e-05	7.408955e-02	2.691136e+00
3.830000e-05	5.092363e-02	2.828631e+00
3.831000e-05	-1.455818e-01	2.988948e+00
3.832000e-05	1.337392e-01	3.135216e+00
3.833000e-05	-5.199536e-02	3.322866e+00
3.834000e-05	-7.540967e-02	3.575841e+00
3.835000e-05	9.668532e-02	3.671085e+00
3.836000e-05	-4.615966e-02	3.851580e+00
3.837000e-05	-4.667005e-02	4.038029e+00
3.838000e-05	6.913109e-02	4.227001e+00
3.839000e-05	-6.702961e-02	4.409001e+00
3.840000e-05	3.085832e-03	4.576321e+00
3.841000e-05	-3.446271e-04	4.756394e+00
3.842000e-05	-3.694237e-02	4.963292e+00
3.843000e-05	9.720104e-03	5.157320e+00
3.844000e-05	-2.854711e-02	5.365845e+00
3.845000e-05	9.687301e-03	5.544738e+00
3.846000e-05	-8.315132e-03	5.670634e+00
3.847000e-05	5.111168e-04	5.902003e+00
3.848000e-05	-2.919144e-02	5.998528e+00
3.849000e-05	-3.174726e-02	6.196342e+00
3.850000e-05	1.888698e-02	6.311637e+00
3.851000e-05	-2.749220e-02	6.440553e+00
3.852000e-05	-1.211809e-02	6.616421e+00
3.853000e-05	-8.348423e-03	6.786392e+00
3.854000e-05	-2.349958e-02	6.892685e+00
3.855000e-05	-8.463894e-03	7.070552e+00
3.856000e-05	-1.880029e-02	7.134788e+00
3.857000e-05	-8.812389e-03	7.260076e+00
3.858000e-05	-8.898990e-03	7.435867e+00
3.859000e-05	-2.574675e-02	7.635369e+00
3.860000e-05	-2.033285e-02	7.732812e+00
3.861000e-05	-1.587138e-02	7.879476e+00
3.862000e-05	-6.626656e-03	8.005367e+00
3.863000e-05	-2.527808e-02	8.101733e+00
3.864000e-05	-2.120604e-02	8.229497e+00
3.865000e-05	-1.033840e-02	8.354341e+00
3.866000e-05	-2.231491e-02	8.439001e+00
3.867000e-05	-2.178190e-02	8.512737e+00
3.868000e-05	-2.345006e-02	8.628044e+00
3.869000e-05	-1.549373e-02	8.721733e+00
3.870000e-05	-2.591173e-02	8.787468e+00
3.871000e-05	-2.541230e-02	8.901153e+00
3.872000e-05	-1.796437e-02	9.015241e+00
3.873000e-05	-2.386800e-02	9.119282e+00
3.874000e-05	-2.554116e-02	9.186991e+00
3.875000e-05	-2.697229e-02	9.250554e+00
3.876000e-05	-1.939938e-02	9.364811e+00
3.877000e-05	-2.888736e-02	9.427990e+00
3.878000e-05	-2.836531e-02	9.531682e+00
3.879000e-05	-2.373398e-02	9.534264e+00
3.880000e-05	-2.533010e-02	9.586920e+00
3.881000e-05	-3.066094e-02	9.660170e+00
3.882000e-05	-2.977642e-02	9.703237e+00
3.883000e-05	-2.375395e-02	9.846368e+00
3.884000e-05	-2.978823e-02	9.858625e+00
3.885000e-05	-3.033611e-02	9.903731e+00
3.886000e-05	-3.295651e-02	9.984863e+00
3.887000e-05	-3.025933e-02	1.001844e+01
3.888000e-05	-3.264656e-02	1.002055e+01
3.889000e-05	-3.172110e-02	1.000005e+01
3.890000e-05	-3.087114e-02	1.007110e+01
3.891000e-05	-3.533401e-02	1.010216e+01
3.892000e-05	-3.828213e-02	1.010178e+01
3.893000e-05	-3.522012e-02	1.012321e+01
3.894000e-05	-3.233551e-02	1.016329e+01
3.895000e-05	-3.647020e-02	1.015376e+01
3.896000e-05	-3.921322e-02	1.012534e+01
3.897000e-05	-3.806447e-02	1.015594e+01
3.898000e-05	-3.878969e-02	1.015434e+01
3.899000e-05	-4.038373e-02	1.016436e+01
3.900000e-05	-4.149531e-02	1.014438e+01
3.901000e-05	-3.907191e-02	1.016528e+01
3.902000e-05	-4.209463e-02	1.012381e+01
3.903000e-05	-4.264937e-02	1.013326e+01
3.904000e-05	-4.365007e-02	1.013318e+01
3.905000e-05	-4.365172e-02	1.005216e+01
3.906000e-05	-4.614413e-02	1.005305e+01
3.907000e-05	-4.804008e-02	1.001007e+01
3.908000e-05	-4.762172e-02	9.965967e+00
3.909000e-05	-4.987173e-02	9.903386e+00
3.910000e-05	-5.148747e-02	9.892204e+00
3.911000e-05	-5.435621e-02	9.848645e+00
3.912000e-05	-5.377647e-02	9.764842e+00
3.913000e-05	-5.591708e-02	9.693655e+00
3.914000e-05	-5.788063e-02	9.620070e+00
3.915000e-05	-5.860125e-02	9.597442e+00
3.916000e-05	-5.930633e-02	9.525286e+00
3.917000e-05	-5.879863e-02	9.469552e+00
3.918000e-05	-6.091128e-02	9.387864e+00
3.919000e-05	-6.075186e-02	9.324709e+00
3.920000e-05	-5.907410e-02	9.240605e+00
3.921000e-05	-5.868216e-02	9.206941e+00
3.922000e-05	-5.732605e-02	9.113726e+00
3.923000e-05	-5.639545e-02	8.965387e+00
3.924000e-05	-5.478475e-02	8.851703e+00
3.925000e-05	-5.195549e-02	8.787415e+00
3.926000e-05	-5.121838e-02	8.704155e+00
3.927000e-05	-5.153887e-02	8.598469e+00
3.928000e-05	-4.707108e-02	8.514711e+00
3.929000e-05	-4.601804e-02	8.410100e+00
3.930000e-05	-4.117759e-02	8.335262e+00
3.931000e-05	-4.172976e-02	8.199471e+00
3.932000e-05	-4.027869e-02	8.053151e+00
3.933000e-05	-3.909169e-02	7.947438e+00
3.934000e-05	-3.949080e-02	7.878650e+00
3.935000e-05	-3.563061e-02	7.706310e+00
3.936000e-05	-3.582175e-02	7.619493e+00
3.937000e-05	-3.203090e-02	7.413579e+00
3.938000e-05	-3.205006e-02	7.252607e+00
3.939000e-05	-2.950814e-02	7.168363e+00
3.940000e-05	-2.920006e-02	7.019995e+00
3.941000e-05	-2.741491e-02	6.884727e+00
3.942000e-05	-2.687870e-02	6.747918e+00
3.943000e-05	-2.530626e-02	6.568942e+00
3.944000e-05	-2.540507e-02	6.431546e+00
3.945000e-05	-2.482772e-02	6.264207e+00
3.946000e-05	-2.369536e-02	6.157413e+00
3.947000e-05	-2.228937e-02	6.010022e+00
3.948000e-05	-2.130224e-02	5.854707e+00
3.949000e-05	-2.026074e-02	5.645680e+00
3.950000e-05	-1.894360e-02	5.485838e+00
3.951000e-05	-1.960816e-02	5.357015e+00
3.952000e-05	-1.943639e-02	5.188520e+00
3.953000e-05	-1.804393e-02	4.957469e+00
3.954000e-05	-1.783171e-02	4.727942e+00
3.955000e-05	-1.612101e-02	4.630072e+00
3.956000e-05	-1.865546e-02	4.443178e+00
3.957000e-05	-1.538947e-02	4.305385e+00
3.958000e-05	-1.323939e-02	4.083704e+00
3.959000e-05	-1.224703e-02	3.935884e+00
3.960000e-05	-1.405241e-02	3.778468e+00
3.961000e-05	-1.423103e-02	3.632099e+00
3.962000e-05	-1.219045e-02	3.433101e+00
3.963000e-05	-1.181342e-02	3.222575e+00
3.964000e-05	-1.174837e-02	3.084154e+00
3.965000e-05	-1.173597e-02	2.896784e+00
3.966000e-05	-1.004512e-02	2.747421e+00
3.967000e-05	-9.216724e-03	2.566858e+00
3.968000e-05	-9.302987e-03	2.316363e+00
3.969000e-05	-1.005784e-02	2.138870e+00
3.970000e-05	-7.883746e-03	2.000022e+00
3.971000e-05	-8.055360e-03	1.730574e+00
3.972000e-05	-8.271200e-03	1.602154e+00
3.973000e-05	-7.561215e-03	1.354100e+00
3.974000e-05	-6.279704e-03	1.192579e+00
3.975000e-05	-5.353567e-03	9.399947e-01
3.976000e-05	-5.842597e-03	7.904961e-01
3.977000e-05	-5.367112e-03	5.995700e-01
3.978000e-05	-4.386544e-03	4.130753e-01
3.979000e-05	-4.895344e-03	2.036552e-01
3.980000e-05	-3.797354e-03	-1.787355e-02
3.981000e-05	1.524448e-03	-1.768434e-01
3.982000e-05	1.749939e-03	-3.232681e-01
3.983000e-05	-1.687205e-03	-4.711541e-01
3.984000e-05	1.525258e-03	-7.331365e-01
3.985000e-05	-1.173283e-03	-8.400788e-01
3.986000e-05	1.091189e-03	-1.008375e+00
3.987000e-05	2.531949e-03	-1.163772e+00
3.988000e-05	2.826631e-02	-1.355793e+00
3.989000e-05	7.958664e-02	-1.565795e+00
3.990000e-05	-3.373526e-02	-1.847929e+00
3.991000e-05	-3.416956e-02	-2.079481e+00
3.992000e-05	-5.061476e-02	-2.333767e+00
3.993000e-05	-6.201439e-02	-2.440050e+00
3.994000e-05	1.362783e-01	-2.481529e+00
3.995000e-05	-1.298185e-02	-2.647405e+00
3.996000e-05	-1.069711e-01	-2.891576e+00
3.997000e-05	1.701243e-01	-2.934236e+00
3.998000e-05	-1.209007e-01	-3.205396e+00
3.999000e-05	-4.647708e-02	-3.426873e+00
4.000000e-05	1.478117e-01	-3.522138e+00
4.001000e-05	-1.088489e-01	-3.723134e+00
4.002000e-05	3.459548e-02	-3.962834e+00
4.003000e-05	8.409939e-02	-4.070530e+00
4.004000e-05	-1.303971e-01	-4.311182e+00
4.005000e-05	1.165840e-01	-4.408474e+00
4.006000e-05	-5.598991e-02	-4.594819e+00
4.007000e-05	-7.417786e-03	-4.788497e+00
4.008000e-05	9.333290e-02	-4.941237e+00
4.009000e-05	-1.019196e-01	-5.113111e+00
4.010000e-05	7.974019e-02	-5.362611e+00
4.011000e-05	3.610580e-03	-5.530635e+00
4.012000e-05	2.547140e-03	-5.689684e+00
4.013000e-05	3.397053e-02	-5.837949e+00
4.014000e-05	-6.761561e-02	-6.004846e+00
4.015000e-05	8.845547e-02	-6.131605e+00
4.016000e-05	-3.518909e-02	-6.329552e+00
4.017000e-05	1.270694e-02	-6.471050e+00
4.018000e-05	5.702541e-02	-6.605319e+00
4.019000e-05	-4.649423e-02	-6.783313e+00
4.020000e-05	5.212557e-02	-6.878526e+00
4.021000e-05	-3.665029e-02	-7.077295e+00
4.022000e-05	5.509894e-02	-7.197367e+00
4.023000e-05	2.480977e-02	-7.351605e+00
4.024000e-05	-3.064726e-02	-7.428452e+00
4.025000e-05	3.435916e-02	-7.553766e+00
4.026000e-05	-1.868205e-03	-7.701084e+00
4.027000e-05	4.674271e-02	-7.898551e+00
4.028000e-05	-1.526547e-02	-7.983417e+00
4.029000e-05	2.281178e-02	-8.091553e+00
4.030000e-05	2.708839e-02	-8.255422e+00
4.031000e-05	-5.992850e-03	-8.350112e+00
4.032000e-05	2.648464e-02	-8.387442e+00
4.033000e-05	1.369305e-02	-8.571706e+00
4.034000e-05	3.653968e-02	-8.615917e+00
4.035000e-05	-8.456741e-03	-8.764737e+00
4.036000e-05	1.931996e-02	-8.848500e+00
4.037000e-05	2.890915e-02	-8.910659e+00
4.038000e-05	1.961716e-02	-9.027941e+00
4.039000e-05	1.472800e-02	-9.090609e+00
4.040000e-05	1.607030e-02	-9.202891e+00
4.041000e-05	3.152288e-02	-9.209045e+00
4.042000e-05	1.060650e-02	-9.321082e+00
4.043000e-05	2.184314e-02	-9.415338e+00
4.044000e-05	2.354488e-02	-9.510650e+00
4.045000e-05	2.548930e-02	-9.583892e+00
4.046000e-05	1.611181e-02	-9.646995e+00
4.047000e-05	2.545620e-02	-9.690556e+00
4.048000e-05	3.068045e-02	-9.732661e+00
4.049000e-05	2.222462e-02	-9.784317e+00
4.050000e-05	2.279589e-02	-9.836996e+00
4.051000e-05	2.369832e-02	-9.859521e+00
4.052000e-05	2.644814e-02	-9.901660e+00
4.053000e-05	2.305763e-02	-9.951657e+00
4.054000e-05	2.930064e-02	-9.963337e+00
4.055000e-05	3.185184e-02	-9.956336e+00
4.056000e-05	2.535205e-02	-1.001592e+01
4.057000e-05	2.577524e-02	-1.002997e+01
4.058000e-05	3.009634e-02	-1.002849e+01
4.059000e-05	3.124321e-02	-1.006847e+01
4.060000e-05	2.883642e-02	-1.005852e+01
4.061000e-05	3.087732e-02	-1.010063e+01
4.062000e-05	3.186591e-02	-1.009062e+01
4.063000e-05	3.192810e-02	-1.013063e+01
4.064000e-05	2.935763e-02	-1.010125e+01
4.065000e-05	3.493733e-02	-1.009205e+01
4.066000e-05	3.556193e-02	-1.010203e+01
4.067000e-05	3.508597e-02	-1.007005e+01
4.068000e-05	3.510849e-02	-1.004964e+01
4.069000e-05	3.798381e-02	-9.996472e+00
4.070000e-05	3.651722e-02	-1.002846e+01
4.071000e-05	3.905387e-02	-9.996967e+00
4.072000e-05	4.036529e-02	-9.954310e+00
4.073000e-05	4.037719e-02	-9.923209e+00
4.074000e-05	4.185028e-02	-9.901655e+00
4.075000e-05	4.473974e-02	-9.870077e+00
4.076000e-05	4.695263e-02	-9.807969e+00
4.077000e-05	4.664514e-02	-9.785337e+00
4.078000e-05	4.824907e-02	-9.695757e+00
4.079000e-05	5.088105e-02	-9.661103e+00
4.080000e-05	5.153488e-02	-9.628497e+00
4.081000e-05	5.095615e-02	-9.577412e+00
4.082000e-05	5.370316e-02	-9.560679e+00
4.083000e-05	5.377311e-02	-9.438438e+00
4.084000e-05	5.312408e-02	-9.342152e+00
4.085000e-05	5.288745e-02	-9.199446e+00
4.086000e-05	5.313259e-02	-9.125288e+00
4.087000e-05	5.236111e-02	-9.071052e+00
4.088000e-05	5.103336e-02	-8.996411e+00
4.089000e-05	4.958116e-02	-8.893605e+00
4.090000e-05	4.718935e-02	-8.850048e+00
4.091000e-05	4.456237e-02	-8.777888e+00
4.092000e-05	4.366467e-02	-8.690496e+00
4.093000e-05	4.315232e-02	-8.522785e+00
4.094000e-05	3.985851e-02	-8.439495e+00
4.095000e-05	3.808102e-02	-8.344709e+00
4.096000e-05	3.592952e-02	-8.230545e+00
4.097000e-05	3.574265e-02	-8.154760e+00
4.098000e-05	3.358585e-02	-8.039522e+00
4.099000e-05	3.124367e-02	-7.914251e+00
4.100000e-05	3.012634e-02	-7.706261e+00
4.101000e-05	2.872150e-02	-7.598546e+00
4.102000e-05	2.707058e-02	-7.493174e+00
4.103000e-05	2.641978e-02	-7.346787e+00
4.104000e-05	2.464705e-02	-7.208544e+00
4.105000e-05	2.326407e-02	-7.103129e+00
4.106000e-05	2.165818e-02	-6.912255e+00
4.107000e-05	2.069663e-02	-6.766941e+00
4.108000e-05	1.990022e-02	-6.641124e+00
4.109000e-05	1.834304e-02	-6.483683e+00
4.110000e-05	1.769869e-02	-6.396445e+00
4.111000e-05	1.613055e-02	-6.219568e+00
4.112000e-05	1.553537e-02	-6.010095e+00
4.113000e-05	1.440126e-02	-5.924752e+00
4.114000e-05	1.317441e-02	-5.766911e+00
4.115000e-05	1.193053e-02	-5.589997e+00
4.116000e-05	1.157426e-02	-5.450072e+00
4.117000e-05	1.028656e-02	-5.218627e+00
4.118000e-05	1.083593e-02	-5.060574e+00
4.119000e-05	8.615560e-03	-4.882255e+00
4.120000e-05	9.386459e-03	-4.624201e+00
4.121000e-05	7.994948e-03	-4.535261e+00
4.122000e-05	8.777960e-03	-4.347892e+00
4.123000e-05	5.677248e-03	-4.249973e+00
4.124000e-05	7.139668e-03	-4.062679e+00
4.125000e-05	4.268864e-03	-3.936788e+00
4.126000e-05	6.058867e-03	-3.743234e+00
4.127000e-05	3.917377e-03	-3.536261e+00
4.128000e-05	4.045820e-03	-3.375363e+00
4.129000e-05	3.636211e-03	-3.179524e+00
4.130000e-05	4.500115e-03	-3.010491e+00
4.131000e-05	1.714813e-03	-2.800025e+00
4.132000e-05	1.100279e-03	-2.641103e+00
4.133000e-05	-9.309595e-05	-2.443705e+00
4.134000e-05	2.044432e-03	-2.276184e+00
4.135000e-05	1.114622e-03	-2.072628e+00
4.136000e-05	1.605031e-03	-1.894807e+00
4.137000e-05	-1.559239e-03	-1.735813e+00
4.138000e-05	-1.789546e-06	-1.558362e+00
4.139000e-05	-2.158141e-03	-1.284259e+00
4.140000e-05	-1.744256e-03	-1.085737e+00
4.141000e-05	-3.156783e-03	-9.252855e-01
4.142000e-05	-3.830468e-03	-7.469134e-01
4.143000e-05	-3.370530e-03	-5.067845e-01
4.144000e-05	-2.861070e-03	-3.573657e-01
4.145000e-05	-2.782557e-03	-1.384422e-01
4.146000e-05	-2.227881e-03	-1.037500e-02
4.147000e-05	2.412620e-03	2.380291e-01
4.148000e-05	-2.725829e-03	4.090536e-01
4.149000e-05	-1.202773e-03	5.268709e-01
4.150000e-05	-2.179544e-03	7.157670e-01
4.151000e-05	-2.932948e-03	8.510828e-01
4.152000e-05	-3.868313e-03	1.073763e+00
4.153000e-05	-1.510435e-03	1.272689e+00
4.154000e-05	1.339444e-02	1.452082e+00
4.155000e-05	5.475909e-02	1.703264e+00
4.156000e-05	1.597568e-02	1.943642e+00
4.157000e-05	-6.018224e-02	2.103685e+00
4.158000e-05	-3.527866e-02	2.302587e+00
4.159000e-05	-6.399806e-02	2.411001e+00
4.160000e-05	-2.521713e-02	2.563967e+00
4.161000e-05	1.307548e-01	2.765845e+00
4.162000e-05	-8.687136e-02	2.912688e+00
4.163000e-05	-3.456579e-02	3.030103e+00
4.164000e-05	1.127770e-01	3.207426e+00
4.165000e-05	-1.251564e-01	3.480549e+00
4.166000e-05	2.389490e-02	3.598496e+00
4.167000e-05	6.911737e-02	3.713343e+00
4.168000e-05	-1.068925e-01	3.954290e+00
4.169000e-05	4.351385e-02	4.080605e+00
4.170000e-05	3.357725e-03	4.342791e+00
4.171000e-05	-5.233874e-02	4.481712e+00
4.172000e-05	2.646634e-02	4.700105e+00
4.173000e-05	-3.419063e-02	4.829501e+00
4.174000e-05	-3.784252e-03	5.098055e+00
4.175000e-05	-1.248534e-02	5.311133e+00
4.176000e-05	-1.490068e-02	5.481550e+00
4.177000e-05	6.198234e-03	5.576369e+00
4.178000e-05	-5.794413e-03	5.775764e+00
4.179000e-05	-9.705973e-03	5.954343e+00
4.180000e-05	-4.112658e-02	6.070157e+00
4.181000e-05	-5.763590e-03	6.208029e+00
4.182000e-05	1.173354e-02	6.377366e+00
4.183000e-05	-3.758655e-02	6.512058e+00
4.184000e-05	8.983552e-04	6.712584e+00
4.185000e-05	-2.609246e-02	6.849555e+00
4.186000e-05	-1.353906e-02	6.996292e+00
4.187000e-05	-9.048557e-03	7.120054e+00
4.188000e-05	-2.078256e-02	7.217497e+00
4.189000e-05	-1.798207e-03	7.324235e+00
4.190000e-05	-2.602619e-02	7.541733e+00
4.191000e-05	-1.782773e-02	7.660104e+00
4.192000e-05	-2.553931e-02	7.815369e+00
4.193000e-05	-4.067682e-03	7.942208e+00
4.194000e-05	-1.629121e-02	8.067022e+00
4.195000e-05	-2.711311e-02	8.185869e+00
4.196000e-05	-1.582167e-02	8.309685e+00
4.197000e-05	-1.599409e-02	8.406420e+00
4.198000e-05	-2.039859e-02	8.502132e+00
4.199000e-05	-2.586643e-02	8.564842e+00
4.200000e-05	-1.722568e-02	8.669578e+00
4.201000e-05	-2.141571e-02	8.765212e+00
4.202000e-05	-2.618904e-02	8.829024e+00
4.203000e-05	-2.264975e-02	8.942635e+00
4.204000e-05	-1.690753e-02	9.088075e+00
4.205000e-05	-2.434455e-02	9.152893e+00
4.206000e-05	-2.681173e-02	9.249970e+00
4.207000e-05	-2.351321e-02	9.332183e+00
4.208000e-05	-2.247506e-02	9.395366e+00
4.209000e-05	-2.902344e-02	9.481574e+00
4.210000e-05	-2.899841e-02	9.513709e+00
4.211000e-05	-2.382644e-02	9.585841e+00
4.212000e-05	-2.883611e-02	9.627996e+00
4.213000e-05	-2.864815e-02	9.682158e+00
4.214000e-05	-2.746685e-02	9.755312e+00
4.215000e-05	-2.556765e-02	9.858572e+00
4.216000e-05	-2.925028e-02	9.909154e+00
4.217000e-05	-3.121665e-02	9.963811e+00
4.218000e-05	-3.135151e-02	9.963313e+00
4.219000e-05	-3.365666e-02	1.002599e+01
4.220000e-05	-3.240220e-02	1.002950e+01
4.221000e-05	-3.139276e-02	1.008108e+01
4.222000e-05	-3.172541e-02	1.009210e+01
4.223000e-05	-3.749943e-02	1.012163e+01
4.224000e-05	-3.519215e-02	1.011418e+01
4.225000e-05	-3.368481e-02	1.013471e+01
4.226000e-05	-3.465110e-02	1.010381e+01
4.227000e-05	-3.705628e-02	1.015486e+01
4.228000e-05	-3.659844e-02	1.013481e+01
4.229000e-05	-3.748366e-02	1.017634e+01
4.230000e-05	-4.072035e-02	1.016634e+01
4.231000e-05	-4.134439e-02	1.015674e+01
4.232000e-05	-4.051889e-02	1.017386e+01
4.233000e-05	-4.081599e-02	1.014379e+01
4.234000e-05	-4.225002e-02	1.013376e+01
4.235000e-05	-4.221153e-02	1.015271e+01
4.236000e-05	-4.299342e-02	1.008375e+01
4.237000e-05	-4.503841e-02	1.008168e+01
4.238000e-05	-4.601875e-02	1.001807e+01
4.239000e-05	-4.805699e-02	1.002852e+01
4.240000e-05	-4.859988e-02	1.000286e+01
4.241000e-05	-5.080824e-02	9.964258e+00
4.242000e-05	-5.240004e-02	9.892051e+00
4.243000e-05	-5.293251e-02	9.826916e+00
4.244000e-05	-5.469547e-02	9.775361e+00
4.245000e-05	-5.662810e-02	9.682155e+00
4.246000e-05	-5.764415e-02	9.587967e+00
4.247000e-05	-5.912018e-02	9.525266e+00
4.248000e-05	-6.104794e-02	9.473156e+00
4.249000e-05	-6.073943e-02	9.400521e+00
4.250000e-05	-6.164156e-02	9.345363e+00
4.251000e-05	-5.964728e-02	9.271631e+00
4.252000e-05	-5.962183e-02	9.229019e+00
4.253000e-05	-5.737145e-02	9.136784e+00
4.254000e-05	-5.798944e-02	9.058945e+00
4.255000e-05	-5.583410e-02	8.883754e+00
4.256000e-05	-5.427029e-02	8.837574e+00
4.257000e-05	-5.107914e-02	8.726362e+00
4.258000e-05	-5.109964e-02	8.692577e+00
4.259000e-05	-4.807959e-02	8.547314e+00
4.260000e-05	-4.649260e-02	8.461077e+00
4.261000e-05	-4.431999e-02	8.368368e+00
4.262000e-05	-4.407218e-02	8.271102e+00
4.263000e-05	-4.135827e-02	8.165291e+00
4.264000e-05	-3.984972e-02	8.030497e+00
4.265000e-05	-3.787317e-02	7.905309e+00
4.266000e-05	-3.699609e-02	7.797417e+00
4.267000e-05	-3.506671e-02	7.661655e+00
4.268000e-05	-3.454533e-02	7.555888e+00
4.269000e-05	-3.283012e-02	7.367391e+00
4.270000e-05	-3.222536e-02	7.191573e+00
4.271000e-05	-2.947212e-02	7.103704e+00
4.272000e-05	-2.903504e-02	6.986943e+00
4.273000e-05	-2.785468e-02	6.831071e+00
4.274000e-05	-2.643826e-02	6.714855e+00
4.275000e-05	-2.383880e-02	6.466304e+00
4.276000e-05	-2.451578e-02	6.356866e+00
4.277000e-05	-2.399385e-02	6.211574e+00
4.278000e-05	-2.355355e-02	6.084683e+00
4.279000e-05	-2.239624e-02	5.937895e+00
4.280000e-05	-2.174913e-02	5.818914e+00
4.281000e-05	-2.033275e-02	5.610521e+00
4.282000e-05	-1.950728e-02	5.443130e+00
4.283000e-05	-1.894033e-02	5.264334e+00
4.284000e-05	-1.925248e-02	5.083710e+00
4.285000e-05	-1.733904e-02	4.863179e+00
4.286000e-05	-1.694344e-02	4.683786e+00
4.287000e-05	-1.644383e-02	4.558865e+00
4.288000e-05	-1.632835e-02	4.421097e+00
4.289000e-05	-1.488861e-02	4.210528e+00
4.290000e-05	-1.400211e-02	4.021049e+00
4.291000e-05	-1.309388e-02	3.834233e+00
4.292000e-05	-1.427927e-02	3.706285e+00
4.293000e-05	-1.216180e-02	3.558418e+00
4.294000e-05	-1.171904e-02	3.308415e+00
4.295000e-05	-1.099407e-02	3.168919e+00
4.296000e-05	-1.100756e-02	2.981522e+00
4.297000e-05	-1.136634e-02	2.812580e+00
4.298000e-05	-1.071725e-02	2.634229e+00
4.299000e-05	-1.082911e-02	2.392126e+00
4.300000e-05	-8.725334e-03	2.233155e+00
4.301000e-05	-8.387581e-03	2.035258e+00
4.302000e-05	-7.895612e-03	1.886365e+00
4.303000e-05	-7.465448e-03	1.694761e+00
4.304000e-05	-6.860046e-03	1.486886e+00
4.305000e-05	-7.268338e-03	1.329410e+00
4.306000e-05	-7.168580e-03	1.127338e+00
4.307000e-05	-6.645226e-03	8.667553e-01
4.308000e-05	-5.337151e-03	7.069394e-01
4.309000e-05	-5.079200e-03	5.262419e-01
4.310000e-05	-4.548157e-03	3.399986e-01
4.311000e-05	-4.756413e-03	1.083673e-01
4.312000e-05	-1.556452e-03	-5.108027e-02
4.313000e-05	2.957083e-03	-2.189801e-01
4.314000e-05	-1.434260e-03	-3.873734e-01
4.315000e-05	1.160410e-03	-5.542160e-01
4.316000e-05	-1.994038e-03	-7.963721e-01
4.317000e-05	4.120468e-04	-8.742092e-01
4.318000e-05	-1.904176e-04	-1.081076e+00
4.319000e-05	1.025726e-02	-1.259552e+00
4.320000e-05	4.987224e-02	-1.492580e+00
4.321000e-05	5.374115e-02	-1.669980e+00
4.322000e-05	-6.866435e-02	-1.933790e+00
4.323000e-05	-1.417337e-02	-2.185846e+00
4.324000e-05	-8.283503e-02	-2.388472e+00
4.325000e-05	1.877075e-02	-2.430004e+00
4.326000e-05	1.334820e-01	-2.512683e+00
4.327000e-05	-1.340960e-01	-2.774244e+00
4.328000e-05	5.614501e-02	-2.983184e+00
4.329000e-05	9.500237e-02	-3.038450e+00
4.330000e-05	-1.670169e-01	-3.321715e+00
4.331000e-05	1.076816e-01	-3.461506e+00
4.332000e-05	4.345544e-02	-3.606424e+00
4.333000e-05	-1.205485e-01	-3.857450e+00
4.334000e-05	1.438989e-01	-3.997897e+00
4.335000e-05	-6.571255e-02	-4.204867e+00
4.336000e-05	-1.823370e-02	-4.365341e+00
4.337000e-05	9.227905e-02	-4.480530e+00
4.338000e-05	-1.077750e-01	-4.741712e+00
4.339000e-05	9.673391e-02	-4.879576e+00
4.340000e-05	-1.187369e-02	-5.006868e+00
4.341000e-05	-4.877964e-02	-5.206922e+00
4.342000e-05	9.666462e-02	-5.414768e+00
4.343000e-05	-4.887740e-02	-5.617895e+00
4.344000e-05	6.141770e-02	-5.764785e+00
4.345000e-05	-4.136148e-02	-5.912135e+00
4.346000e-05	3.100555e-03	-6.037575e+00
4.347000e-05	6.937752e-02	-6.213337e+00
4.348000e-05	-6.596255e-02	-6.385792e+00
4.349000e-05	8.051634e-02	-6.532210e+00
4.350000e-05	-1.915076e-02	-6.658525e+00
4.351000e-05	5.708789e-03	-6.786867e+00
4.352000e-05	2.364038e-02	-6.930638e+00
4.353000e-05	-2.394876e-02	-7.098655e+00
4.354000e-05	8.200562e-02	-7.258423e+00
4.355000e-05	-3.531140e-02	-7.375784e+00
4.356000e-05	1.335630e-02	-7.500575e+00
4.357000e-05	1.248684e-02	-7.635944e+00
4.358000e-05	2.263947e-02	-7.782386e+00
4.359000e-05	2.686084e-02	-7.892110e+00
4.360000e-05	-1.750306e-02	-8.056496e+00
4.361000e-05	4.589578e-02	-8.152711e+00
4.362000e-05	-2.029070e-03	-8.258522e+00
4.363000e-05	1.501740e-02	-8.333289e+00
4.364000e-05	1.530167e-02	-8.459074e+00
4.365000e-05	2.827129e-02	-8.553240e+00
4.366000e-05	1.649786e-02	-8.708080e+00
4.367000e-05	-4.334700e-03	-8.816421e+00
4.368000e-05	3.258532e-02	-8.899554e+00
4.369000e-05	2.285632e-02	-8.963242e+00
4.370000e-05	1.822684e-02	-9.089571e+00
4.371000e-05	1.018110e-02	-9.123239e+00
4.372000e-05	2.730334e-02	-9.206943e+00
4.373000e-05	2.292632e-02	-9.270979e+00
4.374000e-05	1.329788e-02	-9.402684e+00
4.375000e-05	2.406459e-02	-9.496449e+00
4.376000e-05	2.627113e-02	-9.571233e+00
4.377000e-05	1.951718e-02	-9.615968e+00
4.378000e-05	1.710717e-02	-9.649525e+00
4.379000e-05	3.009244e-02	-9.702106e+00
4.380000e-05	2.794426e-02	-9.753314e+00
4.381000e-05	2.185773e-02	-9.805317e+00
4.382000e-05	2.186280e-02	-9.847994e+00
4.383000e-05	2.645351e-02	-9.901629e+00
4.384000e-05	2.459391e-02	-9.931648e+00
4.385000e-05	2.491050e-02	-9.943262e+00
4.386000e-05	2.987526e-02	-9.974335e+00
4.387000e-05	2.844392e-02	-9.956368e+00
4.388000e-05	2.478018e-02	-1.001550e+01
4.389000e-05	2.847279e-02	-1.000747e+01
4.390000e-05	3.231577e-02	-1.003957e+01
4.391000e-05	2.873031e-02	-1.005150e+01
4.392000e-05	2.826989e-02	-1.009110e+01
4.393000e-05	3.131417e-02	-1.007953e+01
4.394000e-05	3.305865e-02	-1.011208e+01
4.395000e-05	3.057660e-02	-1.010060e+01
4.396000e-05	3.300462e-02	-1.009008e+01
4.397000e-05	3.625204e-02	-1.008055e+01
4.398000e-05	3.458332e-02	-1.008210e+01
4.399000e-05	3.380256e-02	-1.007057e+01
4.400000e-05	3.716090e-02	-1.002850e+01
4.401000e-05	3.821726e-02	-1.005950e+01
4.402000e-05	3.712929e-02	-1.002537e+01
4.403000e-05	3.833661e-02	-9.995267e+00
4.404000e-05	4.106350e-02	-9.963834e+00
4.405000e-05	4.196449e-02	-9.932709e+00
4.406000e-05	4.379231e-02	-9.911180e+00
4.407000e-05	4.581048e-02	-9.859546e+00
4.408000e-05	4.661725e-02	-9.777413e+00
4.409000e-05	4.643423e-02	-9.745261e+00
4.410000e-05	4.890354e-02	-9.723151e+00
4.411000e-05	5.174609e-02	-9.651599e+00
4.412000e-05	5.203365e-02	-9.608469e+00
4.413000e-05	5.267924e-02	-9.594260e+00
4.414000e-05	5.346856e-02	-9.501121e+00
4.415000e-05	5.354471e-02	-9.405210e+00
4.416000e-05	5.317757e-02	-9.280599e+00
4.417000e-05	5.308157e-02	-9.207418e+00
4.418000e-05	5.324914e-02	-9.122760e+00
4.419000e-05	5.211886e-02	-9.068995e+00
4.420000e-05	4.985226e-02	-8.934834e+00
4.421000e-05	4.922405e-02	-8.901600e+00
4.422000e-05	4.500238e-02	-8.816492e+00
4.423000e-05	4.392540e-02	-8.723205e+00
4.424000e-05	4.360557e-02	-8.654845e+00
4.425000e-05	4.219281e-02	-8.472629e+00
4.426000e-05	4.054093e-02	-8.398939e+00
4.427000e-05	3.813997e-02	-8.272128e+00
4.428000e-05	3.549522e-02	-8.157414e+00
4.429000e-05	3.494789e-02	-8.091608e+00
4.430000e-05	3.289580e-02	-7.966421e+00
4.431000e-05	3.100541e-02	-7.880075e+00
4.432000e-05	2.949996e-02	-7.691076e+00
4.433000e-05	2.738454e-02	-7.545813e+00
4.434000e-05	2.592317e-02	-7.418518e+00
4.435000e-05	2.542977e-02	-7.293102e+00
4.436000e-05	2.410321e-02	-7.167965e+00
4.437000e-05	2.235032e-02	-7.029417e+00
4.438000e-05	2.143604e-02	-6.852071e+00
4.439000e-05	2.043847e-02	-6.735288e+00
4.440000e-05	1.954939e-02	-6.588921e+00
4.441000e-05	1.851456e-02	-6.432054e+00
4.442000e-05	1.753147e-02	-6.336253e+00
4.443000e-05	1.517930e-02	-6.124782e+00
4.444000e-05	1.542910e-02	-5.978367e+00
4.445000e-05	1.398062e-02	-5.840573e+00
4.446000e-05	1.389596e-02	-5.673709e+00
4.447000e-05	1.194046e-02	-5.545884e+00
4.448000e-05	1.088231e-02	-5.335782e+00
4.449000e-05	1.115145e-02	-5.105488e+00
4.450000e-05	9.816692e-03	-4.977892e+00
4.451000e-05	8.776533e-03	-4.759964e+00
4.452000e-05	7.910452e-03	-4.608522e+00
4.453000e-05	8.080281e-03	-4.431626e+00
4.454000e-05	7.384277e-03	-4.294763e+00
4.455000e-05	5.075244e-03	-4.177264e+00
4.456000e-05	6.870704e-03	-4.018050e+00
4.457000e-05	5.354392e-03	-3.892099e+00
4.458000e-05	6.188066e-03	-3.618545e+00
4.459000e-05	3.215500e-03	-3.443104e+00
4.460000e-05	4.778843e-03	-3.285229e+00
4.461000e-05	3.145082e-03	-3.135312e+00
4.462000e-05	2.415141e-03	-2.884784e+00
4.463000e-05	2.546837e-03	-2.748368e+00
4.464000e-05	5.623296e-04	-2.527938e+00
4.465000e-05	1.793453e-03	-2.397943e+00
4.466000e-05	2.316579e-04	-2.180923e+00
4.467000e-05	3.105263e-03	-1.959996e+00
4.468000e-05	-2.561508e-04	-1.820499e+00
4.469000e-05	-9.895915e-04	-1.623155e+00
4.470000e-05	-2.675683e-03	-1.472629e+00
4.471000e-05	-9.052269e-04	-1.161546e+00
4.472000e-05	-2.439530e-03	-1.021550e+00
4.473000e-05	-2.473208e-03	-8.526526e-01
4.474000e-05	-3.364858e-03	-6.431241e-01
4.475000e-05	-3.041731e-03	-4.310540e-01
4.476000e-05	-3.578783e-03	-2.612041e-01
4.477000e-05	-3.241386e-03	-1.147330e-01
4.478000e-05	1.681601e-03	5.321165e-02
4.479000e-05	2.236132e-03	3.242419e-01
4.480000e-05	-4.608211e-03	4.820829e-01
4.481000e-05	-7.778997e-04	6.505764e-01
4.482000e-05	-4.014916e-03	7.783725e-01
4.483000e-05	-1.558752e-03	9.572420e-01
4.484000e-05	-4.242920e-03	1.167474e+00
4.485000e-05	3.033280e-03	1.345846e+00
4.486000e-05	2.834449e-02	1.524314e+00
4.487000e-05	6.011288e-02	1.819402e+00
4.488000e-05	-3.592546e-02	2.008924e+00
4.489000e-05	-4.403293e-02	2.175850e+00
4.490000e-05	-4.607769e-02	2.376371e+00
4.491000e-05	-6.595375e-02	2.462657e+00
4.492000e-05	5.411872e-02	2.652031e+00
4.493000e-05	7.912083e-02	2.809526e+00
4.494000e-05	-1.468959e-01	2.986893e+00
4.495000e-05	1.139785e-01	3.124159e+00
4.496000e-05	-1.701512e-02	3.332263e+00
4.497000e-05	-9.286715e-02	3.533838e+00
4.498000e-05	9.284774e-02	3.670558e+00
4.499000e-05	-1.984890e-02	3.830004e+00
4.500000e-05	-7.013600e-02	4.018997e+00
4.501000e-05	7.240559e-02	4.146419e+00
4.502000e-05	-6.123021e-02	4.388951e+00
4.503000e-05	-4.788396e-03	4.584343e+00
4.504000e-05	8.120490e-03	4.796763e+00
4.505000e-05	-4.255422e-02	4.923261e+00
4.506000e-05	9.929665e-03	5.204915e+00
4.507000e-05	-2.768169e-02	5.374345e+00
4.508000e-05	6.632302e-03	5.510738e+00
4.509000e-05	-5.345631e-03	5.650479e+00
4.510000e-05	1.867464e-03	5.859527e+00
4.511000e-05	-2.492842e-02	6.017450e+00
4.512000e-05	-3.705199e-02	6.133892e+00
4.513000e-05	1.542965e-02	6.282209e+00
4.514000e-05	-1.872585e-02	6.438975e+00
4.515000e-05	-1.784292e-02	6.544292e+00
4.516000e-05	-5.168350e-03	6.794817e+00
4.517000e-05	-2.723596e-02	6.931083e+00
4.518000e-05	-9.235995e-03	7.028447e+00
4.519000e-05	-1.622337e-02	7.133763e+00
4.520000e-05	-1.162331e-02	7.231029e+00
4.521000e-05	-7.155850e-03	7.404320e+00
4.522000e-05	-2.758805e-02	7.537317e+00
4.523000e-05	-1.915519e-02	7.733257e+00
4.524000e-05	-1.876624e-02	7.839554e+00
4.525000e-05	-3.534062e-03	7.992242e+00
4.526000e-05	-2.416553e-02	8.072656e+00
4.527000e-05	-2.381517e-02	8.266972e+00
4.528000e-05	-1.339681e-02	8.333839e+00
4.529000e-05	-2.273316e-02	8.408453e+00
4.530000e-05	-1.999857e-02	8.502160e+00
4.531000e-05	-2.231604e-02	8.638470e+00
4.532000e-05	-1.351590e-02	8.691733e+00
4.533000e-05	-2.747460e-02	8.766390e+00
4.534000e-05	-2.660567e-02	8.881576e+00
4.535000e-05	-2.003788e-02	8.964217e+00
4.536000e-05	-2.108959e-02	9.131181e+00
4.537000e-05	-2.475139e-02	9.206471e+00
4.538000e-05	-2.693121e-02	9.251176e+00
4.539000e-05	-1.983638e-02	9.372763e+00
4.540000e-05	-2.743288e-02	9.456490e+00
4.541000e-05	-2.847193e-02	9.512182e+00
4.542000e-05	-2.593659e-02	9.554361e+00
4.543000e-05	-2.502847e-02	9.557892e+00
4.544000e-05	-3.049275e-02	9.650054e+00
4.545000e-05	-3.053384e-02	9.723684e+00
4.546000e-05	-2.475661e-02	9.825865e+00
4.547000e-05	-2.746350e-02	9.867972e+00
4.548000e-05	-2.993412e-02	9.913758e+00
4.549000e-05	-3.252946e-02	9.963313e+00
4.550000e-05	-3.144713e-02	9.952864e+00
4.551000e-05	-3.457742e-02	1.001657e+01
4.552000e-05	-3.124678e-02	1.002957e+01
4.553000e-05	-3.054459e-02	1.006108e+01
4.554000e-05	-3.366027e-02	1.010118e+01
4.555000e-05	-3.825108e-02	1.013273e+01
4.556000e-05	-3.440305e-02	1.011314e+01
4.557000e-05	-3.309370e-02	1.012331e+01
4.558000e-05	-3.633568e-02	1.013379e+01
4.559000e-05	-3.727920e-02	1.013531e+01
4.560000e-05	-3.767297e-02	1.019234e+01
4.561000e-05	-3.867988e-02	1.017634e+01
4.562000e-05	-4.111760e-02	1.016489e+01
4.563000e-05	-4.038276e-02	1.015526e+01
4.564000e-05	-4.026780e-02	1.011426e+01
4.565000e-05	-4.199664e-02	1.012581e+01
4.566000e-05	-4.290728e-02	1.013266e+01
4.567000e-05	-4.356343e-02	1.010321e+01
4.568000e-05	-4.347352e-02	1.006218e+01
4.569000e-05	-4.548272e-02	1.008158e+01
4.570000e-05	-4.718220e-02	1.001952e+01
4.571000e-05	-4.928776e-02	9.988414e+00
4.572000e-05	-5.094320e-02	9.945387e+00
4.573000e-05	-5.026952e-02	9.902334e+00
4.574000e-05	-5.244556e-02	9.841068e+00
4.575000e-05	-5.376165e-02	9.755415e+00
4.576000e-05	-5.661187e-02	9.712329e+00
4.577000e-05	-5.788406e-02	9.658046e+00
4.578000e-05	-5.844061e-02	9.587391e+00
4.579000e-05	-5.928650e-02	9.514212e+00
4.580000e-05	-5.961912e-02	9.440604e+00
4.581000e-05	-6.070667e-02	9.397939e+00
4.582000e-05	-6.093876e-02	9.343808e+00
4.583000e-05	-5.966216e-02	9.261602e+00
4.584000e-05	-5.877886e-02	9.198915e+00
4.585000e-05	-5.695347e-02	9.121249e+00
4.586000e-05	-5.662911e-02	8.976938e+00
4.587000e-05	-5.503857e-02	8.863154e+00
4.588000e-05	-5.377029e-02	8.767491e+00
4.589000e-05	-5.082140e-02	8.673729e+00
4.590000e-05	-5.001953e-02	8.569069e+00
4.591000e-05	-4.744301e-02	8.494782e+00
4.592000e-05	-4.626413e-02	8.430550e+00
4.593000e-05	-4.366168e-02	8.314314e+00
4.594000e-05	-4.183917e-02	8.257471e+00
4.595000e-05	-4.100475e-02	8.065705e+00
4.596000e-05	-3.935339e-02	8.025362e+00
4.597000e-05	-3.749080e-02	7.851196e+00
4.598000e-05	-3.520190e-02	7.737312e+00
4.599000e-05	-3.480642e-02	7.628018e+00
4.600000e-05	-3.269900e-02	7.463148e+00
4.601000e-05	-3.229572e-02	7.283633e+00
4.602000e-05	-3.120451e-02	7.167442e+00
4.603000e-05	-3.047543e-02	7.040625e+00
4.604000e-05	-2.747314e-02	6.853234e+00
4.605000e-05	-2.715607e-02	6.778938e+00
4.606000e-05	-2.580622e-02	6.569497e+00
4.607000e-05	-2.495895e-02	6.440599e+00
4.608000e-05	-2.476728e-02	6.293334e+00
4.609000e-05	-2.323121e-02	6.157440e+00
4.610000e-05	-2.217092e-02	6.022599e+00
4.611000e-05	-2.119211e-02	5.883680e+00
4.612000e-05	-2.124845e-02	5.673161e+00
4.613000e-05	-1.967785e-02	5.517413e+00
4.614000e-05	-2.038645e-02	5.349494e+00
4.615000e-05	-1.952199e-02	5.200019e+00
4.616000e-05	-1.788034e-02	4.968465e+00
4.617000e-05	-1.650727e-02	4.809520e+00
4.618000e-05	-1.583114e-02	4.622080e+00
4.619000e-05	-1.507174e-02	4.444108e+00
4.620000e-05	-1.558745e-02	4.328969e+00
4.621000e-05	-1.496440e-02	4.075758e+00
4.622000e-05	-1.383395e-02	3.958368e+00
4.623000e-05	-1.333354e-02	3.791022e+00
4.624000e-05	-1.244235e-02	3.630100e+00
4.625000e-05	-1.218607e-02	3.443728e+00
4.626000e-05	-1.153543e-02	3.253628e+00
4.627000e-05	-1.046983e-02	3.093782e+00
4.628000e-05	-1.111075e-02	2.888763e+00
4.629000e-05	-1.085546e-02	2.760022e+00
4.630000e-05	-1.049393e-02	2.538941e+00
4.631000e-05	-9.005671e-03	2.358964e+00
4.632000e-05	-7.632786e-03	2.171495e+00
4.633000e-05	-8.921177e-03	2.020024e+00
4.634000e-05	-8.505707e-03	1.862246e+00
4.635000e-05	-7.801101e-03	1.591601e+00
4.636000e-05	-6.864481e-03	1.392601e+00
4.637000e-05	-6.962499e-03	1.243278e+00
4.638000e-05	-5.620366e-03	9.926213e-01
4.639000e-05	-5.764867e-03	7.910500e-01
4.640000e-05	-5.264012e-03	5.929775e-01
4.641000e-05	-5.172046e-03	4.041354e-01
4.642000e-05	-4.827550e-03	2.761354e-01
4.643000e-05	-3.847279e-03	4.360389e-02
4.644000e-05	1.611202e-03	-1.557406e-01
4.645000e-05	1.963049e-03	-3.331581e-01
4.646000e-05	-2.151233e-03	-4.620789e-01
4.647000e-05	1.912917e-03	-6.690541e-01
4.648000e-05	-1.672176e-03	-8.400251e-01
4.649000e-05	-2.502154e-06	-9.673961e-01
4.650000e-05	4.141829e-04	-1.144793e+00
4.651000e-05	2.440098e-02	-1.324188e+00
4.652000e-05	7.571332e-02	-1.565288e+00
4.653000e-05	-1.581663e-02	-1.796927e+00
4.654000e-05	-4.348127e-02	-2.059579e+00
4.655000e-05	-4.126264e-02	-2.291639e+00
4.656000e-05	-7.178083e-02	-2.419549e+00
4.657000e-05	1.203817e-01	-2.431028e+00
4.658000e-05	2.183614e-02	-2.616422e+00
4.659000e-05	-1.352212e-01	-2.850000e+00
4.660000e-05	1.653965e-01	-2.994763e+00
4.661000e-05	-8.208008e-02	-3.163664e+00
4.662000e-05	-7.846365e-02	-3.426375e+00
4.663000e-05	1.562890e-01	-3.543764e+00
4.664000e-05	-8.687480e-02	-3.719079e+00
4.665000e-05	-4.136599e-03	-3.941233e+00
4.666000e-05	1.121731e-01	-4.049975e+00
4.667000e-05	-1.376666e-01	-4.290005e+00
4.668000e-05	9.983899e-02	-4.398447e+00
4.669000e-05	-2.702041e-02	-4.634271e+00
4.670000e-05	-3.364140e-02	-4.807869e+00
4.671000e-05	1.104674e-01	-4.922214e+00
4.672000e-05	-9.518864e-02	-5.081610e+00
4.673000e-05	5.723494e-02	-5.332155e+00
4.674000e-05	2.468689e-02	-5.530079e+00
4.675000e-05	-1.683600e-02	-5.710105e+00
4.676000e-05	4.805490e-02	-5.827870e+00
4.677000e-05	-7.039962e-02	-5.975367e+00
4.678000e-05	8.279344e-02	-6.101704e+00
4.679000e-05	-1.472409e-02	-6.319077e+00
4.680000e-05	-9.364132e-03	-6.468580e+00
4.681000e-05	7.052145e-02	-6.592893e+00
4.682000e-05	-5.157822e-02	-6.763285e+00
4.683000e-05	4.909986e-02	-6.838999e+00
4.684000e-05	-2.810292e-02	-7.044392e+00
4.685000e-05	4.136321e-02	-7.185243e+00
4.686000e-05	4.282596e-02	-7.290555e+00
4.687000e-05	-3.887702e-02	-7.427941e+00
4.688000e-05	3.485858e-02	-7.560760e+00
4.689000e-05	-2.827693e-03	-7.710072e+00
4.690000e-05	4.454701e-02	-7.844997e+00
4.691000e-05	-7.586496e-03	-7.974887e+00
4.692000e-05	1.449288e-02	-8.130127e+00
4.693000e-05	3.618751e-02	-8.196344e+00
4.694000e-05	-8.415883e-03	-8.320658e+00
4.695000e-05	2.522005e-02	-8.415417e+00
4.696000e-05	9.801576e-03	-8.520606e+00
4.697000e-05	3.643345e-02	-8.663842e+00
4.698000e-05	-4.556125e-03	-8.752283e+00
4.699000e-05	1.526097e-02	-8.820026e+00
4.700000e-05	3.127747e-02	-8.910684e+00
4.701000e-05	1.809723e-02	-9.027017e+00
4.702000e-05	1.568684e-02	-9.091078e+00
4.703000e-05	1.309369e-02	-9.184814e+00
4.704000e-05	3.155289e-02	-9.247996e+00
4.705000e-05	1.317260e-02	-9.321130e+00
4.706000e-05	2.029958e-02	-9.462367e+00
4.707000e-05	2.595638e-02	-9.548529e+00
4.708000e-05	2.443310e-02	-9.554241e+00
4.709000e-05	1.476431e-02	-9.617341e+00
4.710000e-05	2.214219e-02	-9.691129e+00
4.711000e-05	3.005400e-02	-9.722256e+00
4.712000e-05	2.322163e-02	-9.793809e+00
4.713000e-05	2.184924e-02	-9.835893e+00
4.714000e-05	2.330663e-02	-9.870546e+00
4.715000e-05	2.712207e-02	-9.911154e+00
4.716000e-05	2.308241e-02	-9.931755e+00
4.717000e-05	2.787022e-02	-9.934283e+00
4.718000e-05	2.989619e-02	-9.995763e+00
4.719000e-05	2.572208e-02	-9.995888e+00
4.720000e-05	2.540286e-02	-1.004692e+01
4.721000e-05	2.996918e-02	-1.001795e+01
4.722000e-05	3.082169e-02	-1.003802e+01
4.723000e-05	2.765445e-02	-1.011049e+01
4.724000e-05	3.106060e-02	-1.009060e+01
4.725000e-05	3.222846e-02	-1.012110e+01
4.726000e-05	3.208415e-02	-1.008150e+01
4.727000e-05	3.091220e-02	-1.008163e+01
4.728000e-05	3.386814e-02	-1.011110e+01
4.729000e-05	3.609686e-02	-1.009062e+01
4.730000e-05	3.329880e-02	-1.009008e+01
4.731000e-05	3.601482e-02	-1.004000e+01
4.732000e-05	3.657325e-02	-1.003045e+01
4.733000e-05	3.804865e-02	-1.001842e+01
4.734000e-05	3.763458e-02	-9.985917e+00
4.735000e-05	4.099935e-02	-9.985309e+00
4.736000e-05	4.085335e-02	-9.973310e+00
4.737000e-05	4.204013e-02	-9.942705e+00
4.738000e-05	4.445770e-02	-9.870130e+00
4.739000e-05	4.624603e-02	-9.847470e+00
4.740000e-05	4.643405e-02	-9.775889e+00
4.741000e-05	4.683585e-02	-9.742262e+00
4.742000e-05	5.003914e-02	-9.691130e+00
4.743000e-05	5.054864e-02	-9.629545e+00
4.744000e-05	5.192941e-02	-9.596466e+00
4.745000e-05	5.375245e-02	-9.541703e+00
4.746000e-05	5.424614e-02	-9.454940e+00
4.747000e-05	5.266508e-02	-9.313310e+00
4.748000e-05	5.259483e-02	-9.258945e+00
4.749000e-05	5.325321e-02	-9.174388e+00
4.750000e-05	5.253316e-02	-9.102626e+00
4.751000e-05	5.140124e-02	-9.037488e+00
4.752000e-05	4.993956e-02	-8.953283e+00
4.753000e-05	4.739042e-02	-8.849075e+00
4.754000e-05	4.523158e-02	-8.745416e+00
4.755000e-05	4.310368e-02	-8.698669e+00
4.756000e-05	4.295689e-02	-8.523732e+00
4.757000e-05	4.147402e-02	-8.440098e+00
4.758000e-05	3.836452e-02	-8.364286e+00
4.759000e-05	3.651672e-02	-8.249071e+00
4.760000e-05	3.549918e-02	-8.133783e+00
4.761000e-05	3.428044e-02	-8.050047e+00
4.762000e-05	3.177077e-02	-7.944210e+00
4.763000e-05	3.023409e-02	-7.805437e+00
4.764000e-05	2.817977e-02	-7.617046e+00
4.765000e-05	2.651625e-02	-7.460153e+00
4.766000e-05	2.687520e-02	-7.356434e+00
4.767000e-05	2.523268e-02	-7.239600e+00
4.768000e-05	2.271343e-02	-7.135756e+00
4.769000e-05	2.154898e-02	-6.986808e+00
4.770000e-05	2.052229e-02	-6.817440e+00
4.771000e-05	1.989428e-02	-6.681151e+00
4.772000e-05	1.815207e-02	-6.534833e+00
4.773000e-05	1.784071e-02	-6.388944e+00
4.774000e-05	1.584130e-02	-6.280046e+00
4.775000e-05	1.487670e-02	-6.041072e+00
4.776000e-05	1.384564e-02	-5.945188e+00
4.777000e-05	1.357054e-02	-5.766441e+00
4.778000e-05	1.222474e-02	-5.620549e+00
4.779000e-05	1.247497e-02	-5.501074e+00
4.780000e-05	1.073039e-02	-5.220098e+00
4.781000e-05	9.995959e-03	-5.062675e+00
4.782000e-05	9.182401e-03	-4.872732e+00
4.783000e-05	8.645030e-03	-4.712731e+00
4.784000e-05	7.454501e-03	-4.526761e+00
4.785000e-05	6.848429e-03	-4.389474e+00
4.786000e-05	6.649574e-03	-4.251624e+00
4.787000e-05	7.743381e-03	-4.124257e+00
4.788000e-05	6.409158e-03	-3.946367e+00
4.789000e-05	4.058114e-03	-3.724258e+00
4.790000e-05	4.354866e-03	-3.566416e+00
4.791000e-05	4.627827e-03	-3.389017e+00
4.792000e-05	4.124752e-03	-3.220099e+00
4.793000e-05	2.748977e-03	-3.061571e+00
4.794000e-05	1.295040e-03	-2.801076e+00
4.795000e-05	2.705319e-03	-2.654704e+00
4.796000e-05	8.464687e-04	-2.504257e+00
4.797000e-05	1.415013e-03	-2.316364e+00
4.798000e-05	-1.393916e-04	-2.124307e+00
4.799000e-05	2.004875e-03	-1.946259e+00
4.800000e-05	-1.013529e-04	-1.786391e+00
4.801000e-05	7.950198e-05	-1.589470e+00
4.802000e-05	-2.313617e-03	-1.315909e+00
4.803000e-05	-1.242209e-03	-1.124741e+00
4.804000e-05	-2.915926e-03	-8.977608e-01
4.805000e-05	-2.886101e-03	-7.589698e-01
4.806000e-05	-3.487959e-03	-5.478895e-01
4.807000e-05	-1.732055e-03	-3.579434e-01
4.808000e-05	-3.392031e-03	-1.789386e-01
4.809000e-05	-1.814246e-03	9.449987e-03
4.810000e-05	1.892191e-03	2.073011e-01
4.811000e-05	-1.752491e-04	3.979749e-01
4.812000e-05	-2.250382e-03	5.047921e-01
4.813000e-05	-2.097513e-03	7.127157e-01
4.814000e-05	-3.895342e-03	8.496278e-01
4.815000e-05	-3.349233e-03	1.080607e+00
4.816000e-05	-1.280896e-03	1.273130e+00
4.817000e-05	1.038979e-02	1.429556e+00
4.818000e-05	5.100915e-02	1.680610e+00
4.819000e-05	2.766976e-02	1.902187e+00
4.820000e-05	-5.977319e-02	2.081630e+00
4.821000e-05	-3.549327e-02	2.260604e+00
4.822000e-05	-6.039778e-02	2.419450e+00
4.823000e-05	-3.679238e-02	2.533821e+00
4.824000e-05	1.237195e-01	2.744818e+00
4.825000e-05	-5.431937e-02	2.911182e+00
4.826000e-05	-6.759856e-02	3.051549e+00
4.827000e-05	1.339891e-01	3.185395e+00
4.828000e-05	-1.186164e-01	3.406501e+00
4.829000e-05	-2.668227e-04	3.596922e+00
4.830000e-05	8.445098e-02	3.704639e+00
4.831000e-05	-9.740447e-02	3.944265e+00
4.832000e-05	2.300324e-02	4.070035e+00
4.833000e-05	2.068725e-02	4.301708e+00
4.834000e-05	-6.132586e-02	4.471054e+00
4.835000e-05	2.485202e-02	4.641105e+00
4.836000e-05	-2.690560e-02	4.828526e+00
4.837000e-05	-1.255801e-02	5.047342e+00
4.838000e-05	-4.545197e-03	5.279526e+00
4.839000e-05	-1.931297e-02	5.458024e+00
4.840000e-05	7.855876e-03	5.576871e+00
4.841000e-05	-8.085890e-03	5.731285e+00
4.842000e-05	-5.884335e-03	5.933165e+00
4.843000e-05	-3.972574e-02	6.080604e+00
4.844000e-05	-1.527959e-02	6.237899e+00
4.845000e-05	1.539250e-02	6.335316e+00
4.846000e-05	-3.591236e-02	6.430580e+00
4.847000e-05	2.067064e-04	6.648501e+00
4.848000e-05	-2.340968e-02	6.820528e+00
4.849000e-05	-1.850887e-02	6.974314e+00
4.850000e-05	-8.186837e-03	7.110558e+00
4.851000e-05	-2.075688e-02	7.196916e+00
4.852000e-05	-3.233105e-03	7.313634e+00
4.853000e-05	-2.213515e-02	7.489577e+00
4.854000e-05	-1.977414e-02	7.647573e+00
4.855000e-05	-2.318573e-02	7.754868e+00
4.856000e-05	-7.040324e-03	7.911155e+00
4.857000e-05	-1.349902e-02	8.029021e+00
4.858000e-05	-2.737305e-02	8.176314e+00
4.859000e-05	-1.749347e-02	8.279554e+00
4.860000e-05	-1.615672e-02	8.416441e+00
4.861000e-05	-2.175602e-02	8.460129e+00
4.862000e-05	-2.243722e-02	8.504292e+00
4.863000e-05	-1.808114e-02	8.651575e+00
4.864000e-05	-2.092791e-02	8.724836e+00
4.865000e-05	-2.723030e-02	8.818947e+00
4.866000e-05	-2.386558e-02	8.912733e+00
4.867000e-05	-1.570085e-02	9.085943e+00
4.868000e-05	-2.580561e-02	9.151835e+00
4.869000e-05	-2.598646e-02	9.227973e+00
4.870000e-05	-2.462674e-02	9.301107e+00
4.871000e-05	-2.150630e-02	9.384842e+00
4.872000e-05	-2.929167e-02	9.470050e+00
4.873000e-05	-2.737301e-02	9.503689e+00
4.874000e-05	-2.379700e-02	9.584842e+00
4.875000e-05	-2.833851e-02	9.609495e+00
4.876000e-05	-3.011453e-02	9.702108e+00
4.877000e-05	-2.726043e-02	9.763232e+00
4.878000e-05	-2.462588e-02	9.825443e+00
4.879000e-05	-3.113337e-02	9.907031e+00
4.880000e-05	-3.094600e-02	9.971808e+00
4.881000e-05	-3.073904e-02	9.984337e+00
4.882000e-05	-3.168479e-02	9.977946e+00
4.883000e-05	-3.322910e-02	1.000954e+01
4.884000e-05	-3.160827e-02	1.003050e+01
4.885000e-05	-3.048653e-02	1.008168e+01
4.886000e-05	-3.708572e-02	1.008215e+01
4.887000e-05	-3.650013e-02	1.012321e+01
4.888000e-05	-3.329605e-02	1.011474e+01
4.889000e-05	-3.343678e-02	1.015476e+01
4.890000e-05	-3.756436e-02	1.017434e+01
4.891000e-05	-3.809181e-02	1.017529e+01
4.892000e-05	-3.713387e-02	1.016491e+01
4.893000e-05	-4.007632e-02	1.016481e+01
4.894000e-05	-4.036623e-02	1.016434e+01
4.895000e-05	-4.062977e-02	1.017474e+01
4.896000e-05	-4.051297e-02	1.013324e+01
4.897000e-05	-4.286131e-02	1.015471e+01
4.898000e-05	-4.223173e-02	1.011371e+01
4.899000e-05	-4.274833e-02	1.010118e+01
4.900000e-05	-4.523172e-02	1.003157e+01
4.901000e-05	-4.658485e-02	1.002845e+01
4.902000e-05	-4.734690e-02	1.004947e+01
4.903000e-05	-4.993238e-02	9.968963e+00
4.904000e-05	-4.992703e-02	9.973305e+00
4.905000e-05	-5.130396e-02	9.912181e+00
4.906000e-05	-5.261604e-02	9.846492e+00
4.907000e-05	-5.589176e-02	9.732737e+00
4.908000e-05	-5.755973e-02	9.662200e+00
4.909000e-05	-5.814036e-02	9.608944e+00
4.910000e-05	-5.829485e-02	9.535786e+00
4.911000e-05	-6.040110e-02	9.492756e+00
4.912000e-05	-6.087219e-02	9.428020e+00
4.913000e-05	-6.078524e-02	9.377291e+00
4.914000e-05	-5.968667e-02	9.292128e+00
4.915000e-05	-6.045923e-02	9.210069e+00
4.916000e-05	-5.851874e-02	9.135284e+00
4.917000e-05	-5.742828e-02	9.100173e+00
4.918000e-05	-5.529971e-02	8.966208e+00
4.919000e-05	-5.506384e-02	8.810494e+00
4.920000e-05	-5.254983e-02	8.726365e+00
4.921000e-05	-5.105353e-02	8.641150e+00
4.922000e-05	-4.777852e-02	8.566842e+00
4.923000e-05	-4.709941e-02	8.443656e+00
4.924000e-05	-4.534871e-02	8.408996e+00
4.925000e-05	-4.420176e-02	8.292755e+00
4.926000e-05	-4.182288e-02	8.106936e+00
4.927000e-05	-3.994419e-02	8.020598e+00
4.928000e-05	-3.830273e-02	7.924734e+00
4.929000e-05	-3.666343e-02	7.778017e+00
4.930000e-05	-3.562432e-02	7.661729e+00
4.931000e-05	-3.408386e-02	7.557415e+00
4.932000e-05	-3.272422e-02	7.400917e+00
4.933000e-05	-3.086867e-02	7.229097e+00
4.934000e-05	-2.942070e-02	7.074306e+00
4.935000e-05	-3.005759e-02	6.967443e+00
4.936000e-05	-2.821814e-02	6.841575e+00
4.937000e-05	-2.681629e-02	6.703806e+00
4.938000e-05	-2.466221e-02	6.515858e+00
4.939000e-05	-2.475259e-02	6.357917e+00
4.940000e-05	-2.316808e-02	6.252076e+00
4.941000e-05	-2.312123e-02	6.103734e+00
4.942000e-05	-2.204169e-02	5.937917e+00
4.943000e-05	-2.088870e-02	5.820512e+00
4.944000e-05	-2.114277e-02	5.601001e+00
4.945000e-05	-2.015394e-02	5.483156e+00
4.946000e-05	-1.936940e-02	5.314311e+00
4.947000e-05	-1.731473e-02	5.116331e+00
4.948000e-05	-1.632296e-02	4.884754e+00
4.949000e-05	-1.809583e-02	4.727338e+00
4.950000e-05	-1.532667e-02	4.538965e+00
4.951000e-05	-1.524094e-02	4.420549e+00
4.952000e-05	-1.481807e-02	4.243627e+00
4.953000e-05	-1.613082e-02	4.041628e+00
4.954000e-05	-1.432855e-02	3.874683e+00
4.955000e-05	-1.296909e-02	3.706810e+00
4.956000e-05	-1.271712e-02	3.548549e+00
4.957000e-05	-1.271129e-02	3.369494e+00
4.958000e-05	-1.175501e-02	3.179495e+00
4.959000e-05	-9.970158e-03	3.002050e+00
4.960000e-05	-1.015305e-02	2.843226e+00
4.961000e-05	-1.078503e-02	2.644232e+00
4.962000e-05	-1.052289e-02	2.425127e+00
4.963000e-05	-9.206047e-03	2.242704e+00
4.964000e-05	-8.673229e-03	2.075238e+00
4.965000e-05	-8.576127e-03	1.937967e+00
4.966000e-05	-8.820375e-03	1.724918e+00
4.967000e-05	-6.875175e-03	1.507318e+00
4.968000e-05	-6.043394e-03	1.359989e+00
4.969000e-05	-7.325338e-03	1.088516e+00
4.970000e-05	-7.147538e-03	8.868122e-01
4.971000e-05	-7.265798e-03	6.658397e-01
4.972000e-05	-5.364260e-03	5.288186e-01
4.973000e-05	-5.291006e-03	3.610474e-01
4.974000e-05	-4.423352e-03	1.209151e-01
4.975000e-05	-2.209971e-03	-4.000132e-02
4.976000e-05	3.321631e-03	-1.789251e-01
4.977000e-05	-1.395839e-03	-3.773934e-01
4.978000e-05	-1.701123e-04	-5.137355e-01
4.979000e-05	-2.910478e-04	-7.563421e-01
4.980000e-05	1.103060e-03	-8.831366e-01
4.981000e-05	-5.481419e-04	-1.040050e+00
4.982000e-05	6.942581e-03	-1.267950e+00
4.983000e-05	4.494134e-02	-1.439426e+00
4.984000e-05	6.615385e-02	-1.669030e+00
4.985000e-05	-6.620584e-02	-1.933110e+00
4.986000e-05	-1.685812e-02	-2.203293e+00
4.987000e-05	-7.858508e-02	-2.376845e+00
4.988000e-05	-3.837457e-03	-2.441528e+00
4.989000e-05	1.429138e-01	-2.511134e+00
4.990000e-05	-1.156382e-01	-2.752136e+00
4.991000e-05	1.105624e-02	-2.932608e+00
4.992000e-05	1.270353e-01	-3.016993e+00
4.993000e-05	-1.683585e-01	-3.258205e+00
4.994000e-05	7.403034e-02	-3.491601e+00
4.995000e-05	7.494239e-02	-3.576322e+00
4.996000e-05	-1.310600e-01	-3.846822e+00
4.997000e-05	1.305053e-01	-3.987793e+00
4.998000e-05	-2.336063e-02	-4.143741e+00
4.999000e-05	-5.187004e-02	-4.364793e+00
