# 260406_15:22:19.871059
t	CH1	CH2
0.000000e+00	-6.931158e-03	1.293207e+00
1.000000e-08	-6.229678e-03	1.018567e+00
2.000000e-08	-6.082513e-03	7.873634e-01
3.000000e-08	-6.442387e-03	5.147844e-01
4.000000e-08	-5.124931e-03	2.843344e-01
5.000000e-08	-4.012671e-03	4.014763e-02
6.000000e-08	3.314744e-03	-1.694286e-01
7.000000e-08	3.938266e-03	-3.589013e-01
8.000000e-08	-9.918357e-04	-5.914816e-01
9.000000e-08	2.389187e-03	-8.225589e-01
1.000000e-07	-1.919403e-03	-1.053057e+00
1.100000e-07	-1.431786e-05	-1.242209e+00
1.200000e-07	2.253664e-03	-1.536697e+00
1.300000e-07	4.606023e-02	-1.715267e+00
1.400000e-07	9.121593e-02	-1.937723e+00
1.500000e-07	-8.284169e-02	-2.262094e+00
1.600000e-07	-8.575370e-03	-2.558530e+00
1.700000e-07	-4.039801e-02	-2.798528e+00
1.800000e-07	-7.033749e-02	-2.917976e+00
1.900000e-07	5.358361e-02	-3.145339e+00
2.000000e-07	1.238336e-01	-3.243692e+00
2.100000e-07	-1.767937e-01	-3.558401e+00
2.200000e-07	1.959569e-01	-3.665773e+00
2.300000e-07	-1.173722e-01	-3.958373e+00
2.400000e-07	-3.783361e-02	-4.201578e+00
2.500000e-07	1.432624e-01	-4.379474e+00
2.600000e-07	-1.379582e-01	-4.612063e+00
2.700000e-07	1.150091e-01	-4.850662e+00
2.800000e-07	1.860161e-02	-5.042591e+00
2.900000e-07	-1.003310e-01	-5.339459e+00
3.000000e-07	1.406505e-01	-5.598576e+00
3.100000e-07	-1.472770e-01	-5.771533e+00
3.200000e-07	1.195935e-01	-5.989550e+00
3.300000e-07	-2.602635e-02	-6.159483e+00
3.400000e-07	-1.916413e-02	-6.436738e+00
3.500000e-07	9.677537e-02	-6.601634e+00
3.600000e-07	-1.001897e-01	-6.832191e+00
3.700000e-07	1.335367e-01	-7.063767e+00
3.800000e-07	-9.221547e-02	-7.295316e+00
3.900000e-07	3.665357e-02	-7.463188e+00
4.000000e-07	3.784155e-02	-7.651813e+00
4.100000e-07	-3.963264e-02	-7.926341e+00
4.200000e-07	9.206166e-02	-8.064268e+00
4.300000e-07	-6.467429e-02	-8.292717e+00
4.400000e-07	7.045644e-02	-8.431576e+00
4.500000e-07	-4.139051e-02	-8.549609e+00
4.600000e-07	3.331665e-02	-8.800606e+00
4.700000e-07	2.937510e-02	-8.945399e+00
4.800000e-07	1.894359e-03	-9.105846e+00
4.900000e-07	3.914567e-02	-9.212183e+00
5.000000e-07	-3.427663e-02	-9.419158e+00
5.100000e-07	5.815456e-02	-9.578052e+00
5.200000e-07	-1.261244e-02	-9.683373e+00
5.300000e-07	4.000313e-02	-9.832688e+00
5.400000e-07	-1.390622e-03	-9.979178e+00
5.500000e-07	3.154854e-02	-1.013595e+01
5.600000e-07	1.243176e-02	-1.027490e+01
5.700000e-07	1.178445e-02	-1.045226e+01
5.800000e-07	2.695748e-02	-1.057702e+01
5.900000e-07	1.381488e-02	-1.067179e+01
6.000000e-07	2.704039e-02	-1.082068e+01
6.100000e-07	6.589723e-03	-1.090555e+01
6.200000e-07	3.797378e-02	-1.105117e+01
6.300000e-07	1.378030e-02	-1.119948e+01
6.400000e-07	2.875299e-02	-1.127239e+01
6.500000e-07	1.096593e-02	-1.135808e+01
6.600000e-07	3.307790e-02	-1.150444e+01
6.700000e-07	1.953748e-02	-1.160128e+01
6.800000e-07	2.769649e-02	-1.167600e+01
6.900000e-07	2.842064e-02	-1.183026e+01
7.000000e-07	2.633310e-02	-1.192579e+01
7.100000e-07	2.780974e-02	-1.201919e+01
7.200000e-07	2.119050e-02	-1.208389e+01
7.300000e-07	3.580106e-02	-1.213687e+01
7.400000e-07	2.694095e-02	-1.218758e+01
7.500000e-07	3.424169e-02	-1.224166e+01
7.600000e-07	2.687416e-02	-1.234279e+01
7.700000e-07	3.353514e-02	-1.234645e+01
7.800000e-07	3.068996e-02	-1.237755e+01
7.900000e-07	3.358520e-02	-1.242128e+01
8.000000e-07	3.574589e-02	-1.249379e+01
8.100000e-07	3.446804e-02	-1.248544e+01
8.200000e-07	3.460372e-02	-1.249497e+01
8.300000e-07	3.536118e-02	-1.252652e+01
8.400000e-07	3.767687e-02	-1.257805e+01
8.500000e-07	3.858354e-02	-1.252558e+01
8.600000e-07	3.830300e-02	-1.262863e+01
8.700000e-07	4.059256e-02	-1.259813e+01
8.800000e-07	4.031541e-02	-1.257716e+01
8.900000e-07	4.129941e-02	-1.262916e+01
9.000000e-07	4.316909e-02	-1.261920e+01
9.100000e-07	4.495590e-02	-1.257814e+01
9.200000e-07	4.518968e-02	-1.259660e+01
9.300000e-07	4.460698e-02	-1.259608e+01
9.400000e-07	4.756327e-02	-1.253502e+01
9.500000e-07	4.995329e-02	-1.251542e+01
9.600000e-07	5.293475e-02	-1.247236e+01
9.700000e-07	5.450460e-02	-1.242173e+01
9.800000e-07	5.482241e-02	-1.240813e+01
9.900000e-07	5.791801e-02	-1.233504e+01
1.000000e-06	6.027213e-02	-1.231237e+01
1.010000e-06	6.307864e-02	-1.225121e+01
1.020000e-06	6.485662e-02	-1.213812e+01
1.030000e-06	6.537930e-02	-1.211439e+01
1.040000e-06	6.702439e-02	-1.208121e+01
1.050000e-06	6.672478e-02	-1.197765e+01
1.060000e-06	6.825721e-02	-1.187284e+01
1.070000e-06	6.851867e-02	-1.172812e+01
1.080000e-06	6.734112e-02	-1.166239e+01
1.090000e-06	6.620331e-02	-1.159702e+01
1.100000e-06	6.315557e-02	-1.146224e+01
1.110000e-06	6.244169e-02	-1.126499e+01
1.120000e-06	5.940823e-02	-1.123070e+01
1.130000e-06	5.740429e-02	-1.104392e+01
1.140000e-06	5.411171e-02	-1.100760e+01
1.150000e-06	5.044554e-02	-1.086334e+01
1.160000e-06	4.595304e-02	-1.075855e+01
1.170000e-06	4.529669e-02	-1.070133e+01
1.180000e-06	4.431556e-02	-1.055602e+01
1.190000e-06	4.207792e-02	-1.042828e+01
1.200000e-06	3.929710e-02	-1.027084e+01
1.210000e-06	3.655007e-02	-1.015637e+01
1.220000e-06	3.618531e-02	-9.976098e+00
1.230000e-06	3.336295e-02	-9.902659e+00
1.240000e-06	3.177556e-02	-9.735941e+00
1.250000e-06	2.951679e-02	-9.608627e+00
1.260000e-06	2.791062e-02	-9.408179e+00
1.270000e-06	2.525000e-02	-9.262309e+00
1.280000e-06	2.434614e-02	-9.113391e+00
1.290000e-06	2.460344e-02	-8.945469e+00
1.300000e-06	2.344544e-02	-8.746099e+00
1.310000e-06	2.175398e-02	-8.569022e+00
1.320000e-06	1.971445e-02	-8.399127e+00
1.330000e-06	1.988320e-02	-8.241703e+00
1.340000e-06	1.767760e-02	-8.093813e+00
1.350000e-06	1.743313e-02	-7.871853e+00
1.360000e-06	1.564801e-02	-7.639158e+00
1.370000e-06	1.459233e-02	-7.420786e+00
1.380000e-06	1.458007e-02	-7.232259e+00
1.390000e-06	1.326413e-02	-7.040755e+00
1.400000e-06	1.277865e-02	-6.862229e+00
1.410000e-06	1.077065e-02	-6.651705e+00
1.420000e-06	1.082481e-02	-6.462307e+00
1.430000e-06	9.709068e-03	-6.263786e+00
1.440000e-06	9.911836e-03	-6.040729e+00
1.450000e-06	7.565454e-03	-5.832649e+00
1.460000e-06	8.402569e-03	-5.640648e+00
1.470000e-06	5.623065e-03	-5.429179e+00
1.480000e-06	6.555833e-03	-5.216494e+00
1.490000e-06	4.950344e-03	-4.953982e+00
1.500000e-06	6.809779e-03	-4.702232e+00
1.510000e-06	5.771495e-03	-4.472807e+00
1.520000e-06	3.210443e-03	-4.293258e+00
1.530000e-06	2.653858e-03	-4.083762e+00
1.540000e-06	4.297180e-03	-3.872351e+00
1.550000e-06	2.972606e-03	-3.669579e+00
1.560000e-06	2.237133e-03	-3.430025e+00
1.570000e-06	4.979302e-04	-3.218495e+00
1.580000e-06	2.118214e-03	-2.966463e+00
1.590000e-06	-8.115876e-04	-2.734886e+00
1.600000e-06	8.024090e-04	-2.514808e+00
1.610000e-06	-5.866069e-04	-2.312703e+00
1.620000e-06	1.355430e-03	-2.027149e+00
1.630000e-06	-1.094248e-03	-1.809545e+00
1.640000e-06	-6.404419e-04	-1.578466e+00
1.650000e-06	-3.682733e-03	-1.274312e+00
1.660000e-06	-2.760163e-03	-1.029603e+00
1.670000e-06	-4.010121e-03	-8.196500e-01
1.680000e-06	-3.728370e-03	-5.874898e-01
1.690000e-06	-3.850514e-03	-3.343095e-01
1.700000e-06	-3.577998e-03	-9.380928e-02
1.710000e-06	3.839258e-04	4.771817e-02
1.720000e-06	5.569672e-03	3.584737e-01
1.730000e-06	-5.652484e-03	5.598236e-01
1.740000e-06	1.808956e-03	7.703986e-01
1.750000e-06	-6.199041e-03	9.799787e-01
1.760000e-06	-6.371970e-04	1.214610e+00
1.770000e-06	-5.563200e-03	1.485222e+00
1.780000e-06	3.597537e-03	1.730321e+00
1.790000e-06	3.330836e-02	1.917318e+00
1.800000e-06	7.653351e-02	2.158396e+00
1.810000e-06	-5.790037e-02	2.410533e+00
1.820000e-06	-4.019326e-02	2.736246e+00
1.830000e-06	-3.295083e-02	2.906772e+00
1.840000e-06	-3.541259e-02	3.118373e+00
1.850000e-06	-6.891947e-02	3.244109e+00
1.860000e-06	1.518268e-01	3.466191e+00
1.870000e-06	-6.373514e-02	3.654792e+00
1.880000e-06	-6.263626e-02	3.824664e+00
1.890000e-06	1.451081e-01	4.057221e+00
1.900000e-06	-1.486085e-01	4.388969e+00
1.910000e-06	5.057083e-02	4.526951e+00
1.920000e-06	1.847888e-02	4.759479e+00
1.930000e-06	-6.004635e-02	5.053634e+00
1.940000e-06	4.812682e-02	5.315324e+00
1.950000e-06	-4.278171e-02	5.567302e+00
1.960000e-06	5.048058e-04	5.738877e+00
1.970000e-06	-1.193960e-02	5.980408e+00
1.980000e-06	-3.004224e-02	6.170003e+00
1.990000e-06	6.674067e-03	6.400029e+00
2.000000e-06	-3.666649e-02	6.639037e+00
2.010000e-06	3.828788e-02	6.812159e+00
2.020000e-06	-3.987418e-02	7.082115e+00
2.030000e-06	2.401547e-03	7.201112e+00
2.040000e-06	-4.596018e-03	7.431613e+00
2.050000e-06	-4.678986e-02	7.673772e+00
2.060000e-06	1.196445e-02	7.834262e+00
2.070000e-06	-2.602023e-02	8.087222e+00
2.080000e-06	6.822952e-04	8.295091e+00
2.090000e-06	-2.102496e-02	8.402607e+00
2.100000e-06	-2.250940e-02	8.579978e+00
2.110000e-06	-1.242602e-02	8.746001e+00
2.120000e-06	-2.111566e-02	8.854841e+00
2.130000e-06	-4.353861e-03	9.092664e+00
2.140000e-06	-2.536317e-02	9.242585e+00
2.150000e-06	-7.126967e-03	9.359082e+00
2.160000e-06	-2.255309e-02	9.526424e+00
2.170000e-06	-2.408475e-02	9.715844e+00
2.180000e-06	-1.608131e-02	9.860687e+00
2.190000e-06	-1.962208e-02	9.990032e+00
2.200000e-06	-1.704716e-02	1.015892e+01
2.210000e-06	-2.621066e-02	1.027424e+01
2.220000e-06	-1.395966e-02	1.043268e+01
2.230000e-06	-2.554933e-02	1.050805e+01
2.240000e-06	-2.515286e-02	1.070237e+01
2.250000e-06	-2.585379e-02	1.081163e+01
2.260000e-06	-2.160623e-02	1.092642e+01
2.270000e-06	-2.509704e-02	1.107327e+01
2.280000e-06	-3.001625e-02	1.119908e+01
2.290000e-06	-2.332435e-02	1.130442e+01
2.300000e-06	-2.704500e-02	1.140971e+01
2.310000e-06	-2.719393e-02	1.154895e+01
2.320000e-06	-3.039246e-02	1.164224e+01
2.330000e-06	-2.647047e-02	1.176950e+01
2.340000e-06	-3.021641e-02	1.182271e+01
2.350000e-06	-3.248067e-02	1.193638e+01
2.360000e-06	-2.946095e-02	1.200116e+01
2.370000e-06	-3.230018e-02	1.208584e+01
2.380000e-06	-3.330430e-02	1.213597e+01
2.390000e-06	-3.438951e-02	1.221019e+01
2.400000e-06	-3.151302e-02	1.231249e+01
2.410000e-06	-3.532417e-02	1.234948e+01
2.420000e-06	-3.704993e-02	1.243216e+01
2.430000e-06	-3.817825e-02	1.245319e+01
2.440000e-06	-3.822588e-02	1.249532e+01
2.450000e-06	-3.881768e-02	1.252640e+01
2.460000e-06	-4.157909e-02	1.254800e+01
2.470000e-06	-3.833863e-02	1.253810e+01
2.480000e-06	-4.335784e-02	1.262006e+01
2.490000e-06	-4.300239e-02	1.260971e+01
2.500000e-06	-4.376247e-02	1.266176e+01
2.510000e-06	-4.273199e-02	1.264074e+01
2.520000e-06	-4.481356e-02	1.264226e+01
2.530000e-06	-4.650129e-02	1.265234e+01
2.540000e-06	-4.715262e-02	1.269229e+01
2.550000e-06	-4.846420e-02	1.270131e+01
2.560000e-06	-5.067170e-02	1.262329e+01
2.570000e-06	-5.174160e-02	1.263123e+01
2.580000e-06	-5.084724e-02	1.264166e+01
2.590000e-06	-5.361444e-02	1.258021e+01
2.600000e-06	-5.412032e-02	1.258968e+01
2.610000e-06	-5.696660e-02	1.254805e+01
2.620000e-06	-5.791160e-02	1.251789e+01
2.630000e-06	-6.011414e-02	1.252435e+01
2.640000e-06	-6.271567e-02	1.247371e+01
2.650000e-06	-6.525121e-02	1.244123e+01
2.660000e-06	-6.771557e-02	1.235850e+01
2.670000e-06	-6.874947e-02	1.228187e+01
2.680000e-06	-7.270451e-02	1.221933e+01
2.690000e-06	-7.226637e-02	1.211657e+01
2.700000e-06	-7.503127e-02	1.207284e+01
2.710000e-06	-7.399643e-02	1.199018e+01
2.720000e-06	-7.420588e-02	1.193239e+01
2.730000e-06	-7.591249e-02	1.182066e+01
2.740000e-06	-7.242577e-02	1.171552e+01
2.750000e-06	-7.428374e-02	1.164021e+01
2.760000e-06	-6.804783e-02	1.153499e+01
2.770000e-06	-6.866825e-02	1.139763e+01
2.780000e-06	-6.459089e-02	1.129384e+01
2.790000e-06	-6.342766e-02	1.117800e+01
2.800000e-06	-5.960180e-02	1.107129e+01
2.810000e-06	-5.641704e-02	1.096750e+01
2.820000e-06	-5.460573e-02	1.088121e+01
2.830000e-06	-5.202977e-02	1.071502e+01
2.840000e-06	-4.961103e-02	1.060708e+01
2.850000e-06	-4.712428e-02	1.043178e+01
2.860000e-06	-4.529076e-02	1.031486e+01
2.870000e-06	-4.364054e-02	1.021702e+01
2.880000e-06	-4.185619e-02	1.008226e+01
2.890000e-06	-3.925390e-02	9.903893e+00
2.900000e-06	-3.858945e-02	9.684968e+00
2.910000e-06	-3.591281e-02	9.556649e+00
2.920000e-06	-3.458685e-02	9.429181e+00
2.930000e-06	-3.325154e-02	9.282732e+00
2.940000e-06	-3.326866e-02	9.125892e+00
2.950000e-06	-3.103800e-02	8.946917e+00
2.960000e-06	-2.842893e-02	8.777099e+00
2.970000e-06	-2.819899e-02	8.630601e+00
2.980000e-06	-2.758699e-02	8.462232e+00
2.990000e-06	-2.636125e-02	8.281785e+00
3.000000e-06	-2.431984e-02	8.069808e+00
3.010000e-06	-2.436265e-02	7.852757e+00
3.020000e-06	-2.356744e-02	7.702812e+00
3.030000e-06	-2.275232e-02	7.492235e+00
3.040000e-06	-2.164851e-02	7.271806e+00
3.050000e-06	-2.180367e-02	7.082233e+00
3.060000e-06	-2.192454e-02	6.882757e+00
3.070000e-06	-1.979238e-02	6.643358e+00
3.080000e-06	-1.963707e-02	6.482202e+00
3.090000e-06	-1.790632e-02	6.222181e+00
3.100000e-06	-1.738174e-02	6.052234e+00
3.110000e-06	-1.767702e-02	5.871782e+00
3.120000e-06	-1.605324e-02	5.633232e+00
3.130000e-06	-1.557772e-02	5.452728e+00
3.140000e-06	-1.514991e-02	5.197998e+00
3.150000e-06	-1.446080e-02	4.903386e+00
3.160000e-06	-1.394288e-02	4.703933e+00
3.170000e-06	-1.202218e-02	4.534257e+00
3.180000e-06	-1.348494e-02	4.313714e+00
3.190000e-06	-1.263529e-02	4.081178e+00
3.200000e-06	-1.290727e-02	3.821151e+00
3.210000e-06	-1.054260e-02	3.651627e+00
3.220000e-06	-1.086298e-02	3.416563e+00
3.230000e-06	-1.046954e-02	3.156965e+00
3.240000e-06	-9.937170e-03	2.935887e+00
3.250000e-06	-8.228448e-03	2.736911e+00
3.260000e-06	-9.644224e-03	2.471154e+00
3.270000e-06	-8.977880e-03	2.210149e+00
3.280000e-06	-9.860504e-03	2.030024e+00
3.290000e-06	-7.049531e-03	1.767466e+00
3.300000e-06	-6.530017e-03	1.534836e+00
3.310000e-06	-7.025891e-03	1.313259e+00
3.320000e-06	-6.398788e-03	1.039141e+00
3.330000e-06	-5.149754e-03	7.458385e-01
3.340000e-06	-4.843300e-03	5.253133e-01
3.350000e-06	-5.319367e-03	3.178358e-01
3.360000e-06	-4.814040e-03	8.110419e-02
3.370000e-06	3.605559e-03	-1.293259e-01
3.380000e-06	3.436424e-03	-3.593011e-01
3.390000e-06	-4.623809e-03	-5.414813e-01
3.400000e-06	1.818719e-03	-7.925827e-01
3.410000e-06	-1.109819e-03	-9.916338e-01
3.420000e-06	3.051876e-03	-1.232105e+00
3.430000e-06	1.064619e-03	-1.507195e+00
3.440000e-06	4.089732e-02	-1.686689e+00
3.450000e-06	9.517172e-02	-1.885222e+00
3.460000e-06	-7.507617e-02	-2.215084e+00
3.470000e-06	-1.432313e-02	-2.549878e+00
3.480000e-06	-3.758352e-02	-2.778374e+00
3.490000e-06	-6.689795e-02	-2.988421e+00
3.500000e-06	3.418117e-02	-3.114842e+00
3.510000e-06	1.441047e-01	-3.262639e+00
3.520000e-06	-1.827450e-01	-3.537374e+00
3.530000e-06	1.882347e-01	-3.645190e+00
3.540000e-06	-9.096730e-02	-3.945873e+00
3.550000e-06	-6.740200e-02	-4.190004e+00
3.560000e-06	1.554947e-01	-4.347903e+00
3.570000e-06	-1.338323e-01	-4.590008e+00
3.580000e-06	9.391844e-02	-4.841637e+00
3.590000e-06	4.556817e-02	-5.012559e+00
3.600000e-06	-1.223487e-01	-5.277381e+00
3.610000e-06	1.493340e-01	-5.587827e+00
3.620000e-06	-1.408938e-01	-5.800553e+00
3.630000e-06	1.027533e-01	-5.970525e+00
3.640000e-06	-6.265241e-03	-6.131002e+00
3.650000e-06	-3.856505e-02	-6.423084e+00
3.660000e-06	1.093559e-01	-6.611085e+00
3.670000e-06	-1.033171e-01	-6.803136e+00
3.680000e-06	1.272631e-01	-7.073240e+00
3.690000e-06	-7.585734e-02	-7.264265e+00
3.700000e-06	1.739959e-02	-7.453314e+00
3.710000e-06	5.364059e-02	-7.602210e+00
3.720000e-06	-5.312804e-02	-7.916822e+00
3.730000e-06	9.703256e-02	-8.064293e+00
3.740000e-06	-6.171270e-02	-8.242216e+00
3.750000e-06	6.655765e-02	-8.420058e+00
3.760000e-06	-3.325678e-02	-8.529111e+00
3.770000e-06	2.304375e-02	-8.798526e+00
3.780000e-06	3.677118e-02	-8.926475e+00
3.790000e-06	-5.227498e-03	-9.094341e+00
3.800000e-06	4.365490e-02	-9.181731e+00
3.810000e-06	-3.742969e-02	-9.450107e+00
3.820000e-06	5.578714e-02	-9.577533e+00
3.830000e-06	-8.889403e-03	-9.703897e+00
3.840000e-06	3.877679e-02	-9.831137e+00
3.850000e-06	2.838159e-03	-9.979503e+00
3.860000e-06	2.550252e-02	-1.003550e+01
3.870000e-06	1.494344e-02	-1.029284e+01
3.880000e-06	7.863144e-03	-1.043319e+01
3.890000e-06	2.987312e-02	-1.055850e+01
3.900000e-06	1.293058e-02	-1.068331e+01
3.910000e-06	2.825819e-02	-1.078956e+01
3.920000e-06	4.439607e-03	-1.090440e+01
3.930000e-06	3.727381e-02	-1.104971e+01
3.940000e-06	1.416420e-02	-1.113906e+01
3.950000e-06	2.842173e-02	-1.128277e+01
3.960000e-06	1.521832e-02	-1.139010e+01
3.970000e-06	3.160642e-02	-1.150334e+01
3.980000e-06	2.274858e-02	-1.160128e+01
3.990000e-06	2.221925e-02	-1.169540e+01
4.000000e-06	2.899611e-02	-1.183168e+01
4.010000e-06	2.590738e-02	-1.189547e+01
4.020000e-06	2.727521e-02	-1.202113e+01
4.030000e-06	2.296570e-02	-1.206336e+01
4.040000e-06	3.673093e-02	-1.211697e+01
4.050000e-06	2.885018e-02	-1.215855e+01
4.060000e-06	3.124340e-02	-1.221074e+01
4.070000e-06	2.526411e-02	-1.225181e+01
4.080000e-06	3.382480e-02	-1.235585e+01
4.090000e-06	3.063021e-02	-1.235850e+01
4.100000e-06	3.283564e-02	-1.240068e+01
4.110000e-06	3.488029e-02	-1.246281e+01
4.120000e-06	3.501058e-02	-1.248492e+01
4.130000e-06	3.630269e-02	-1.251637e+01
4.140000e-06	3.632313e-02	-1.253497e+01
4.150000e-06	3.710190e-02	-1.257748e+01
4.160000e-06	3.763094e-02	-1.258758e+01
4.170000e-06	3.992998e-02	-1.258908e+01
4.180000e-06	4.156955e-02	-1.258666e+01
4.190000e-06	3.961054e-02	-1.261916e+01
4.200000e-06	3.991675e-02	-1.259968e+01
4.210000e-06	4.127356e-02	-1.258918e+01
4.220000e-06	4.596061e-02	-1.260711e+01
4.230000e-06	4.511776e-02	-1.256813e+01
4.240000e-06	4.676927e-02	-1.253797e+01
4.250000e-06	4.951491e-02	-1.250650e+01
4.260000e-06	5.083346e-02	-1.251539e+01
4.270000e-06	5.103497e-02	-1.248334e+01
4.280000e-06	5.277049e-02	-1.246183e+01
4.290000e-06	5.651062e-02	-1.236963e+01
4.300000e-06	5.751066e-02	-1.235600e+01
4.310000e-06	5.983998e-02	-1.225334e+01
4.320000e-06	6.269018e-02	-1.221028e+01
4.330000e-06	6.563347e-02	-1.219508e+01
4.340000e-06	6.641340e-02	-1.212489e+01
4.350000e-06	6.746262e-02	-1.206076e+01
4.360000e-06	6.761879e-02	-1.194808e+01
4.370000e-06	6.763979e-02	-1.187091e+01
4.380000e-06	6.958103e-02	-1.175763e+01
4.390000e-06	6.824920e-02	-1.164234e+01
4.400000e-06	6.531480e-02	-1.157813e+01
4.410000e-06	6.305192e-02	-1.143176e+01
4.420000e-06	6.178969e-02	-1.134609e+01
4.430000e-06	6.020398e-02	-1.122971e+01
4.440000e-06	5.745462e-02	-1.106496e+01
4.450000e-06	5.448242e-02	-1.103662e+01
4.460000e-06	5.275246e-02	-1.087374e+01
4.470000e-06	4.807383e-02	-1.080003e+01
4.480000e-06	4.626947e-02	-1.067081e+01
4.490000e-06	4.294401e-02	-1.053807e+01
4.500000e-06	4.232470e-02	-1.042018e+01
4.510000e-06	3.878965e-02	-1.028136e+01
4.520000e-06	3.714678e-02	-1.017682e+01
4.530000e-06	3.576457e-02	-9.998629e+00
4.540000e-06	3.466468e-02	-9.871313e+00
4.550000e-06	3.289111e-02	-9.706466e+00
4.560000e-06	2.906252e-02	-9.647571e+00
4.570000e-06	2.713822e-02	-9.370158e+00
4.580000e-06	2.673237e-02	-9.293812e+00
4.590000e-06	2.653915e-02	-9.123392e+00
4.600000e-06	2.398693e-02	-8.967010e+00
4.610000e-06	2.280310e-02	-8.786002e+00
4.620000e-06	2.238866e-02	-8.618123e+00
4.630000e-06	2.144207e-02	-8.419724e+00
4.640000e-06	2.011389e-02	-8.261752e+00
4.650000e-06	1.793025e-02	-8.072336e+00
4.660000e-06	1.715508e-02	-7.852281e+00
4.670000e-06	1.532868e-02	-7.671677e+00
4.680000e-06	1.503028e-02	-7.450256e+00
4.690000e-06	1.371855e-02	-7.302282e+00
4.700000e-06	1.246489e-02	-7.032808e+00
4.710000e-06	1.161225e-02	-6.900833e+00
4.720000e-06	1.167216e-02	-6.671205e+00
4.730000e-06	1.059280e-02	-6.453857e+00
4.740000e-06	1.059138e-02	-6.284209e+00
4.750000e-06	9.354621e-03	-6.081229e+00
4.760000e-06	9.442126e-03	-5.833128e+00
4.770000e-06	7.213439e-03	-5.672180e+00
4.780000e-06	5.920219e-03	-5.430232e+00
4.790000e-06	6.650142e-03	-5.198072e+00
4.800000e-06	6.903738e-03	-4.904991e+00
4.810000e-06	5.494570e-03	-4.692355e+00
4.820000e-06	3.158271e-03	-4.484309e+00
4.830000e-06	6.209416e-03	-4.274362e+00
4.840000e-06	2.700040e-03	-4.113413e+00
4.850000e-06	7.031426e-03	-3.922784e+00
4.860000e-06	2.065668e-03	-3.660228e+00
4.870000e-06	3.546903e-03	-3.440153e+00
4.880000e-06	1.133973e-03	-3.208169e+00
4.890000e-06	-1.689762e-03	-2.966092e+00
4.900000e-06	-2.619510e-03	-2.756911e+00
4.910000e-06	5.881614e-05	-2.504885e+00
4.920000e-06	1.750245e-03	-2.273306e+00
4.930000e-06	1.755482e-03	-2.070601e+00
4.940000e-06	-1.499861e-03	-1.809099e+00
4.950000e-06	7.398260e-04	-1.589943e+00
4.960000e-06	-1.626682e-03	-1.324936e+00
4.970000e-06	-1.756034e-03	-1.040104e+00
4.980000e-06	-5.348617e-03	-8.306252e-01
4.990000e-06	-4.727044e-03	-5.685900e-01
5.000000e-06	-5.096612e-03	-3.358597e-01
5.010000e-06	-3.444761e-03	-1.258118e-01
5.020000e-06	-1.086404e-03	6.371822e-02
5.030000e-06	7.376276e-03	3.593258e-01
5.040000e-06	-6.057637e-03	5.478223e-01
5.050000e-06	5.381124e-03	7.683248e-01
5.060000e-06	-5.939949e-03	9.678261e-01
5.070000e-06	8.778056e-04	1.252587e+00
5.080000e-06	-7.733593e-03	1.455262e+00
5.090000e-06	3.004032e-03	1.729321e+00
5.100000e-06	2.670320e-02	1.925691e+00
5.110000e-06	7.684365e-02	2.148271e+00
5.120000e-06	-4.896847e-02	2.341530e+00
5.130000e-06	-4.429645e-02	2.666721e+00
5.140000e-06	-2.946279e-02	2.917168e+00
5.150000e-06	-3.366039e-02	3.065741e+00
5.160000e-06	-7.336504e-02	3.251632e+00
5.170000e-06	1.417591e-01	3.455137e+00
5.180000e-06	-3.685482e-02	3.676243e+00
5.190000e-06	-8.964849e-02	3.824663e+00
5.200000e-06	1.576246e-01	4.083697e+00
5.210000e-06	-1.486546e-01	4.336420e+00
5.220000e-06	3.367686e-02	4.516399e+00
5.230000e-06	2.986014e-02	4.779925e+00
5.240000e-06	-6.303259e-02	5.092663e+00
5.250000e-06	4.867505e-02	5.295846e+00
5.260000e-06	-3.711801e-02	5.558847e+00
5.270000e-06	-4.317089e-03	5.716447e+00
5.280000e-06	-7.368432e-03	5.990498e+00
5.290000e-06	-3.354781e-02	6.200557e+00
5.300000e-06	7.866154e-03	6.399028e+00
5.310000e-06	-3.687168e-02	6.591460e+00
5.320000e-06	3.553366e-02	6.821557e+00
5.330000e-06	-3.640581e-02	7.051637e+00
5.340000e-06	-2.391221e-03	7.212557e+00
5.350000e-06	4.864479e-03	7.438085e+00
5.360000e-06	-5.175193e-02	7.632737e+00
5.370000e-06	1.011350e-02	7.802167e+00
5.380000e-06	-2.470035e-02	8.093717e+00
5.390000e-06	-2.380614e-04	8.255213e+00
5.400000e-06	-1.938736e-02	8.411633e+00
5.410000e-06	-2.643012e-02	8.568076e+00
5.420000e-06	-9.265978e-03	8.715900e+00
5.430000e-06	-2.229103e-02	8.875791e+00
5.440000e-06	-2.394378e-03	9.035264e+00
5.450000e-06	-2.653203e-02	9.231158e+00
5.460000e-06	-5.817524e-03	9.391054e+00
5.470000e-06	-2.057692e-02	9.525897e+00
5.480000e-06	-2.762533e-02	9.683845e+00
5.490000e-06	-1.662221e-02	9.801763e+00
5.500000e-06	-1.965915e-02	9.991130e+00
5.510000e-06	-1.466102e-02	1.013538e+01
5.520000e-06	-2.821149e-02	1.026724e+01
5.530000e-06	-1.488735e-02	1.040081e+01
5.540000e-06	-2.572026e-02	1.051740e+01
5.550000e-06	-2.319744e-02	1.068337e+01
5.560000e-06	-2.527915e-02	1.082171e+01
5.570000e-06	-2.115963e-02	1.094593e+01
5.580000e-06	-2.533597e-02	1.103324e+01
5.590000e-06	-2.946558e-02	1.119910e+01
5.600000e-06	-2.384128e-02	1.124534e+01
5.610000e-06	-2.661076e-02	1.137773e+01
5.620000e-06	-2.708499e-02	1.149545e+01
5.630000e-06	-3.152515e-02	1.166184e+01
5.640000e-06	-2.634773e-02	1.177750e+01
5.650000e-06	-3.247049e-02	1.182216e+01
5.660000e-06	-3.194953e-02	1.191642e+01
5.670000e-06	-2.892801e-02	1.198018e+01
5.680000e-06	-3.124211e-02	1.206279e+01
5.690000e-06	-3.358831e-02	1.212655e+01
5.700000e-06	-3.474295e-02	1.221914e+01
5.710000e-06	-3.030875e-02	1.227282e+01
5.720000e-06	-3.460215e-02	1.235798e+01
5.730000e-06	-3.726323e-02	1.243163e+01
5.740000e-06	-4.040987e-02	1.243128e+01
5.750000e-06	-3.877342e-02	1.246492e+01
5.760000e-06	-3.829163e-02	1.250450e+01
5.770000e-06	-3.961806e-02	1.253648e+01
5.780000e-06	-3.828893e-02	1.255018e+01
5.790000e-06	-4.176648e-02	1.261758e+01
5.800000e-06	-4.175909e-02	1.262023e+01
5.810000e-06	-4.370338e-02	1.264171e+01
5.820000e-06	-4.322044e-02	1.263071e+01
5.830000e-06	-4.576647e-02	1.266179e+01
5.840000e-06	-4.641714e-02	1.264279e+01
5.850000e-06	-4.824359e-02	1.266229e+01
5.860000e-06	-4.854330e-02	1.268279e+01
5.870000e-06	-4.864926e-02	1.269323e+01
5.880000e-06	-4.916809e-02	1.264134e+01
5.890000e-06	-5.043838e-02	1.266018e+01
5.900000e-06	-5.353601e-02	1.263016e+01
5.910000e-06	-5.494172e-02	1.261953e+01
5.920000e-06	-5.654309e-02	1.259755e+01
5.930000e-06	-5.765785e-02	1.254702e+01
5.940000e-06	-6.040285e-02	1.249444e+01
5.950000e-06	-6.355419e-02	1.251234e+01
5.960000e-06	-6.440040e-02	1.241873e+01
5.970000e-06	-6.725551e-02	1.233710e+01
5.980000e-06	-6.758305e-02	1.228239e+01
5.990000e-06	-7.254510e-02	1.223873e+01
6.000000e-06	-7.235847e-02	1.215652e+01
6.010000e-06	-7.423909e-02	1.208537e+01
6.020000e-06	-7.450900e-02	1.194916e+01
6.030000e-06	-7.570581e-02	1.192499e+01
6.040000e-06	-7.651036e-02	1.183073e+01
6.050000e-06	-7.169272e-02	1.172547e+01
6.060000e-06	-7.202311e-02	1.166028e+01
6.070000e-06	-6.821321e-02	1.150557e+01
6.080000e-06	-6.809144e-02	1.139768e+01
6.090000e-06	-6.307097e-02	1.126341e+01
6.100000e-06	-6.312581e-02	1.117652e+01
6.110000e-06	-5.949377e-02	1.108278e+01
6.120000e-06	-5.837496e-02	1.094694e+01
6.130000e-06	-5.456570e-02	1.088329e+01
6.140000e-06	-5.288997e-02	1.073449e+01
6.150000e-06	-5.022536e-02	1.055820e+01
6.160000e-06	-4.710276e-02	1.044136e+01
6.170000e-06	-4.456412e-02	1.033594e+01
6.180000e-06	-4.153986e-02	1.016963e+01
6.190000e-06	-4.258673e-02	1.008321e+01
6.200000e-06	-3.918865e-02	9.894019e+00
6.210000e-06	-3.883551e-02	9.726999e+00
6.220000e-06	-3.613323e-02	9.598622e+00
6.230000e-06	-3.612767e-02	9.409150e+00
6.240000e-06	-3.275374e-02	9.313313e+00
6.250000e-06	-3.188962e-02	9.135470e+00
6.260000e-06	-3.030357e-02	8.967070e+00
6.270000e-06	-2.906310e-02	8.767568e+00
6.280000e-06	-2.828504e-02	8.589631e+00
6.290000e-06	-2.739475e-02	8.461782e+00
6.300000e-06	-2.578398e-02	8.264332e+00
6.310000e-06	-2.554977e-02	8.063832e+00
6.320000e-06	-2.456949e-02	7.853262e+00
6.330000e-06	-2.358073e-02	7.714862e+00
6.340000e-06	-2.280737e-02	7.491361e+00
6.350000e-06	-2.296128e-02	7.272330e+00
6.360000e-06	-2.053870e-02	7.072206e+00
6.370000e-06	-2.085869e-02	6.883336e+00
6.380000e-06	-1.915260e-02	6.684261e+00
6.390000e-06	-1.953590e-02	6.452231e+00
6.400000e-06	-1.868954e-02	6.252783e+00
6.410000e-06	-1.862944e-02	6.082809e+00
6.420000e-06	-1.678675e-02	5.863241e+00
6.430000e-06	-1.573063e-02	5.670307e+00
6.440000e-06	-1.537421e-02	5.451207e+00
6.450000e-06	-1.442397e-02	5.197700e+00
6.460000e-06	-1.526408e-02	4.907411e+00
6.470000e-06	-1.284687e-02	4.705286e+00
6.480000e-06	-1.361976e-02	4.463761e+00
6.490000e-06	-1.297375e-02	4.283932e+00
6.500000e-06	-1.274420e-02	4.073752e+00
6.510000e-06	-1.068073e-02	3.801629e+00
6.520000e-06	-1.163755e-02	3.650704e+00
6.530000e-06	-1.094404e-02	3.378622e+00
6.540000e-06	-1.028504e-02	3.159469e+00
6.550000e-06	-9.158643e-03	2.975888e+00
6.560000e-06	-8.369680e-03	2.745416e+00
6.570000e-06	-9.832442e-03	2.502181e+00
6.580000e-06	-8.186153e-03	2.260780e+00
6.590000e-06	-8.945088e-03	2.030054e+00
6.600000e-06	-7.731038e-03	1.779146e+00
6.610000e-06	-7.615410e-03	1.526363e+00
6.620000e-06	-6.758555e-03	1.325283e+00
6.630000e-06	-6.092106e-03	1.059120e+00
6.640000e-06	-6.408085e-03	7.684911e-01
6.650000e-06	-5.359056e-03	5.568896e-01
6.660000e-06	-5.238328e-03	3.683346e-01
6.670000e-06	-3.986713e-03	6.375406e-02
6.680000e-06	2.517627e-03	-1.678472e-01
6.690000e-06	4.798597e-03	-3.778771e-01
6.700000e-06	-5.255463e-03	-5.393513e-01
6.710000e-06	2.554199e-03	-7.809801e-01
6.720000e-06	-2.976487e-03	-1.021554e+00
6.730000e-06	1.654976e-03	-1.199561e+00
6.740000e-06	-4.888843e-04	-1.505192e+00
6.750000e-06	3.727536e-02	-1.674687e+00
6.760000e-06	9.917794e-02	-1.864768e+00
6.770000e-06	-6.711943e-02	-2.172940e+00
6.780000e-06	-2.290538e-02	-2.537824e+00
6.790000e-06	-3.131229e-02	-2.768926e+00
6.800000e-06	-6.542220e-02	-2.945846e+00
6.810000e-06	1.610443e-02	-3.104822e+00
6.820000e-06	1.609115e-01	-3.241610e+00
6.830000e-06	-1.831154e-01	-3.506267e+00
6.840000e-06	1.748629e-01	-3.644108e+00
6.850000e-06	-5.529876e-02	-3.937348e+00
6.860000e-06	-9.647795e-02	-4.157482e+00
6.870000e-06	1.671359e-01	-4.367900e+00
6.880000e-06	-1.261686e-01	-4.589905e+00
6.890000e-06	7.277924e-02	-4.780632e+00
6.900000e-06	6.945521e-02	-5.010064e+00
6.910000e-06	-1.385429e-01	-5.254900e+00
6.920000e-06	1.544685e-01	-5.537924e+00
6.930000e-06	-1.311179e-01	-5.769428e+00
6.940000e-06	8.032097e-02	-5.978024e+00
6.950000e-06	1.641982e-02	-6.126929e+00
6.960000e-06	-5.703086e-02	-6.400532e+00
6.970000e-06	1.204679e-01	-6.580506e+00
6.980000e-06	-1.052301e-01	-6.812085e+00
6.990000e-06	1.196963e-01	-7.012211e+00
7.000000e-06	-5.750834e-02	-7.244167e+00
7.010000e-06	-4.326663e-03	-7.442587e+00
7.020000e-06	6.906928e-02	-7.610632e+00
7.030000e-06	-6.247399e-02	-7.854722e+00
7.040000e-06	1.004350e-01	-8.053241e+00
7.050000e-06	-5.921723e-02	-8.232663e+00
7.060000e-06	5.818074e-02	-8.400057e+00
7.070000e-06	-2.222695e-02	-8.568057e+00
7.080000e-06	1.139753e-02	-8.807526e+00
7.090000e-06	4.637291e-02	-8.894351e+00
7.100000e-06	-1.032770e-02	-9.063194e+00
7.110000e-06	4.860326e-02	-9.220133e+00
7.120000e-06	-4.015592e-02	-9.378603e+00
7.130000e-06	5.471414e-02	-9.537003e+00
7.140000e-06	-4.421884e-03	-9.636849e+00
7.150000e-06	3.422913e-02	-9.821109e+00
7.160000e-06	5.629514e-03	-9.948426e+00
7.170000e-06	2.248947e-02	-1.008647e+01
7.180000e-06	2.229314e-02	-1.031274e+01
7.190000e-06	4.946736e-03	-1.042121e+01
7.200000e-06	3.078338e-02	-1.054750e+01
7.210000e-06	8.983978e-03	-1.064384e+01
7.220000e-06	2.931965e-02	-1.078753e+01
7.230000e-06	4.504060e-03	-1.089490e+01
7.240000e-06	3.628948e-02	-1.100077e+01
7.250000e-06	1.672150e-02	-1.112595e+01
7.260000e-06	2.738392e-02	-1.126221e+01
7.270000e-06	1.450962e-02	-1.139755e+01
7.280000e-06	2.932695e-02	-1.148587e+01
7.290000e-06	2.554568e-02	-1.159071e+01
7.300000e-06	2.263010e-02	-1.166339e+01
7.310000e-06	2.818603e-02	-1.180873e+01
7.320000e-06	2.395375e-02	-1.189485e+01
7.330000e-06	2.873932e-02	-1.200911e+01
7.340000e-06	2.298372e-02	-1.205324e+01
7.350000e-06	3.533971e-02	-1.212699e+01
7.360000e-06	2.850294e-02	-1.219863e+01
7.370000e-06	3.232556e-02	-1.223116e+01
7.380000e-06	2.684218e-02	-1.229291e+01
7.390000e-06	3.294456e-02	-1.227492e+01
7.400000e-06	3.114261e-02	-1.238755e+01
7.410000e-06	3.224548e-02	-1.242161e+01
7.420000e-06	3.443655e-02	-1.242281e+01
7.430000e-06	3.318401e-02	-1.247529e+01
7.440000e-06	3.558588e-02	-1.251495e+01
7.450000e-06	3.647278e-02	-1.254600e+01
7.460000e-06	3.817699e-02	-1.252657e+01
7.470000e-06	3.737293e-02	-1.257601e+01
7.480000e-06	3.915316e-02	-1.262805e+01
7.490000e-06	3.914631e-02	-1.259710e+01
7.500000e-06	4.055024e-02	-1.257761e+01
7.510000e-06	4.103192e-02	-1.259916e+01
7.520000e-06	4.228481e-02	-1.261758e+01
7.530000e-06	4.266765e-02	-1.253915e+01
7.540000e-06	4.517672e-02	-1.254905e+01
7.550000e-06	4.655086e-02	-1.255805e+01
7.560000e-06	4.953033e-02	-1.254657e+01
7.570000e-06	4.902286e-02	-1.250550e+01
7.580000e-06	5.134392e-02	-1.245291e+01
7.590000e-06	5.402419e-02	-1.245078e+01
7.600000e-06	5.565508e-02	-1.239928e+01
7.610000e-06	5.737172e-02	-1.234605e+01
7.620000e-06	6.043346e-02	-1.231434e+01
7.630000e-06	6.250408e-02	-1.224021e+01
7.640000e-06	6.354432e-02	-1.212712e+01
7.650000e-06	6.452372e-02	-1.214544e+01
7.660000e-06	6.851348e-02	-1.207181e+01
7.670000e-06	6.956248e-02	-1.193710e+01
7.680000e-06	6.906553e-02	-1.185132e+01
7.690000e-06	6.923152e-02	-1.176568e+01
7.700000e-06	6.811915e-02	-1.168387e+01
7.710000e-06	6.546617e-02	-1.154667e+01
7.720000e-06	6.265519e-02	-1.147334e+01
7.730000e-06	6.163564e-02	-1.135359e+01
7.740000e-06	6.036773e-02	-1.120976e+01
7.750000e-06	5.794937e-02	-1.111447e+01
7.760000e-06	5.525546e-02	-1.102810e+01
7.770000e-06	5.270516e-02	-1.090289e+01
7.780000e-06	4.784959e-02	-1.076915e+01
7.790000e-06	4.575933e-02	-1.069434e+01
7.800000e-06	4.322898e-02	-1.058762e+01
7.810000e-06	4.281402e-02	-1.050183e+01
7.820000e-06	3.922092e-02	-1.026342e+01
7.830000e-06	3.763802e-02	-1.014647e+01
7.840000e-06	3.525216e-02	-9.971552e+00
7.850000e-06	3.367823e-02	-9.883341e+00
7.860000e-06	3.207774e-02	-9.705994e+00
7.870000e-06	3.222644e-02	-9.610156e+00
7.880000e-06	3.010146e-02	-9.430629e+00
7.890000e-06	2.717189e-02	-9.272309e+00
7.900000e-06	2.465477e-02	-9.105343e+00
7.910000e-06	2.366888e-02	-8.947073e+00
7.920000e-06	2.242103e-02	-8.850174e+00
7.930000e-06	2.076380e-02	-8.599773e+00
7.940000e-06	1.951149e-02	-8.450208e+00
7.950000e-06	2.041469e-02	-8.251758e+00
7.960000e-06	1.948618e-02	-8.124290e+00
7.970000e-06	1.780839e-02	-7.940911e+00
7.980000e-06	1.588614e-02	-7.712737e+00
7.990000e-06	1.525186e-02	-7.471306e+00
8.000000e-06	1.364350e-02	-7.301812e+00
8.010000e-06	1.245732e-02	-7.071337e+00
8.020000e-06	1.206871e-02	-6.901233e+00
8.030000e-06	1.206194e-02	-6.672258e+00
8.040000e-06	1.135637e-02	-6.483782e+00
8.050000e-06	1.038026e-02	-6.252836e+00
8.060000e-06	8.677484e-03	-6.071779e+00
8.070000e-06	8.010193e-03	-5.851234e+00
8.080000e-06	8.549668e-03	-5.681706e+00
8.090000e-06	8.159441e-03	-5.462208e+00
8.100000e-06	7.266067e-03	-5.206543e+00
8.110000e-06	5.310762e-03	-4.958012e+00
8.120000e-06	4.179510e-03	-4.713809e+00
8.130000e-06	5.784485e-03	-4.504313e+00
8.140000e-06	3.512274e-03	-4.325889e+00
8.150000e-06	3.280291e-03	-4.082741e+00
8.160000e-06	3.458497e-03	-3.913853e+00
8.170000e-06	4.701636e-03	-3.701154e+00
8.180000e-06	3.661293e-03	-3.421180e+00
8.190000e-06	1.011356e-04	-3.220078e+00
8.200000e-06	1.079004e-03	-2.955990e+00
8.210000e-06	-2.315097e-04	-2.736414e+00
8.220000e-06	1.559219e-03	-2.512812e+00
8.230000e-06	2.917580e-04	-2.296860e+00
8.240000e-06	1.118585e-03	-2.029600e+00
8.250000e-06	-1.199453e-03	-1.849621e+00
8.260000e-06	-5.045400e-04	-1.598645e+00
8.270000e-06	-3.025280e-03	-1.314961e+00
8.280000e-06	-1.261147e-03	-1.071629e+00
8.290000e-06	-2.589666e-03	-7.900752e-01
8.300000e-06	-3.616184e-03	-6.370699e-01
8.310000e-06	-5.018239e-03	-3.553610e-01
8.320000e-06	-3.561220e-03	-1.563858e-01
8.330000e-06	2.123337e-04	7.428940e-02
8.340000e-06	6.850851e-03	3.378210e-01
8.350000e-06	-5.749452e-03	5.277748e-01
8.360000e-06	1.418876e-03	7.168720e-01
8.370000e-06	-4.895618e-03	9.599537e-01
8.380000e-06	-2.337440e-04	1.213013e+00
8.390000e-06	-5.413327e-03	1.453614e+00
8.400000e-06	1.886869e-03	1.715292e+00
8.410000e-06	2.729529e-02	1.896291e+00
8.420000e-06	7.795562e-02	2.097268e+00
8.430000e-06	-3.849073e-02	2.379905e+00
8.440000e-06	-5.307155e-02	2.665564e+00
8.450000e-06	-2.784935e-02	2.896191e+00
8.460000e-06	-3.294840e-02	3.086716e+00
8.470000e-06	-7.672737e-02	3.221628e+00
8.480000e-06	1.274185e-01	3.451064e+00
8.490000e-06	-8.013455e-03	3.635114e+00
8.500000e-06	-1.140724e-01	3.842738e+00
8.510000e-06	1.691220e-01	4.032169e+00
8.520000e-06	-1.389799e-01	4.347271e+00
8.530000e-06	1.942699e-02	4.525847e+00
8.540000e-06	3.961667e-02	4.748950e+00
8.550000e-06	-6.978474e-02	5.019512e+00
8.560000e-06	4.734362e-02	5.316190e+00
8.570000e-06	-3.009050e-02	5.517771e+00
8.580000e-06	-1.050182e-02	5.688350e+00
8.590000e-06	-1.695988e-03	5.958479e+00
8.600000e-06	-3.685298e-02	6.178459e+00
8.610000e-06	9.454494e-03	6.337949e+00
8.620000e-06	-3.810772e-02	6.579478e+00
8.630000e-06	3.414215e-02	6.821559e+00
8.640000e-06	-2.993951e-02	7.011714e+00
8.650000e-06	-1.211181e-02	7.210060e+00
8.660000e-06	9.748211e-03	7.370585e+00
8.670000e-06	-5.408144e-02	7.642637e+00
8.680000e-06	1.101313e-02	7.792136e+00
8.690000e-06	-2.359717e-02	8.084292e+00
8.700000e-06	-2.913179e-03	8.262188e+00
8.710000e-06	-1.520144e-02	8.422106e+00
8.720000e-06	-2.834776e-02	8.569976e+00
8.730000e-06	-8.682294e-03	8.715345e+00
8.740000e-06	-2.496603e-02	8.873267e+00
8.750000e-06	-2.225536e-03	9.022716e+00
8.760000e-06	-2.733809e-02	9.221103e+00
8.770000e-06	-7.576554e-03	9.339004e+00
8.780000e-06	-1.959678e-02	9.515349e+00
8.790000e-06	-2.727308e-02	9.704344e+00
8.800000e-06	-1.471942e-02	9.820188e+00
8.810000e-06	-1.959483e-02	1.001103e+01
8.820000e-06	-1.509285e-02	1.009542e+01
8.830000e-06	-2.976719e-02	1.029274e+01
8.840000e-06	-1.434802e-02	1.039011e+01
8.850000e-06	-2.530618e-02	1.054598e+01
8.860000e-06	-2.445233e-02	1.066226e+01
8.870000e-06	-2.610591e-02	1.078166e+01
8.880000e-06	-2.030983e-02	1.092690e+01
8.890000e-06	-2.349062e-02	1.105269e+01
8.900000e-06	-3.034811e-02	1.117605e+01
8.910000e-06	-2.395847e-02	1.132279e+01
8.920000e-06	-2.621685e-02	1.140866e+01
8.930000e-06	-2.704628e-02	1.151550e+01
8.940000e-06	-3.150891e-02	1.163321e+01
8.950000e-06	-2.660500e-02	1.175955e+01
8.960000e-06	-3.011902e-02	1.181171e+01
8.970000e-06	-3.227059e-02	1.192444e+01
8.980000e-06	-2.934427e-02	1.204165e+01
8.990000e-06	-3.068575e-02	1.209376e+01
9.000000e-06	-3.346858e-02	1.215603e+01
9.010000e-06	-3.567862e-02	1.217819e+01
9.020000e-06	-3.131401e-02	1.225236e+01
9.030000e-06	-3.495165e-02	1.235550e+01
9.040000e-06	-3.596051e-02	1.241013e+01
9.050000e-06	-4.014269e-02	1.242231e+01
9.060000e-06	-3.815779e-02	1.251389e+01
9.070000e-06	-3.850144e-02	1.251547e+01
9.080000e-06	-4.125908e-02	1.252697e+01
9.090000e-06	-3.894010e-02	1.255903e+01
9.100000e-06	-4.222715e-02	1.260861e+01
9.110000e-06	-4.194443e-02	1.262873e+01
9.120000e-06	-4.422758e-02	1.262021e+01
9.130000e-06	-4.303055e-02	1.265084e+01
9.140000e-06	-4.544294e-02	1.268166e+01
9.150000e-06	-4.641727e-02	1.267339e+01
9.160000e-06	-4.706566e-02	1.268226e+01
9.170000e-06	-4.782720e-02	1.262329e+01
9.180000e-06	-4.884100e-02	1.268176e+01
9.190000e-06	-5.075555e-02	1.264126e+01
9.200000e-06	-4.993766e-02	1.264971e+01
9.210000e-06	-5.400179e-02	1.263175e+01
9.220000e-06	-5.523541e-02	1.258818e+01
9.230000e-06	-5.798246e-02	1.255650e+01
9.240000e-06	-5.805537e-02	1.256657e+01
9.250000e-06	-5.898660e-02	1.252537e+01
9.260000e-06	-6.193113e-02	1.249292e+01
9.270000e-06	-6.672188e-02	1.246221e+01
9.280000e-06	-6.861263e-02	1.235960e+01
9.290000e-06	-6.950208e-02	1.226299e+01
9.300000e-06	-6.983882e-02	1.223963e+01
9.310000e-06	-7.293231e-02	1.220657e+01
9.320000e-06	-7.426040e-02	1.212289e+01
9.330000e-06	-7.531746e-02	1.202968e+01
9.340000e-06	-7.485518e-02	1.194444e+01
9.350000e-06	-7.608060e-02	1.190173e+01
9.360000e-06	-7.235006e-02	1.174750e+01
9.370000e-06	-7.270755e-02	1.163128e+01
9.380000e-06	-6.786666e-02	1.147399e+01
9.390000e-06	-6.881985e-02	1.138921e+01
9.400000e-06	-6.461568e-02	1.132391e+01
9.410000e-06	-6.286963e-02	1.117760e+01
9.420000e-06	-5.944460e-02	1.107131e+01
9.430000e-06	-5.928015e-02	1.093612e+01
9.440000e-06	-5.533882e-02	1.086329e+01
9.450000e-06	-5.283995e-02	1.068654e+01
9.460000e-06	-4.989313e-02	1.058916e+01
9.470000e-06	-4.768864e-02	1.045184e+01
9.480000e-06	-4.447846e-02	1.033449e+01
9.490000e-06	-4.229117e-02	1.017923e+01
9.500000e-06	-4.154664e-02	1.006336e+01
9.510000e-06	-4.015168e-02	9.934968e+00
9.520000e-06	-3.821942e-02	9.736020e+00
9.530000e-06	-3.546311e-02	9.597150e+00
9.540000e-06	-3.520848e-02	9.429754e+00
9.550000e-06	-3.443892e-02	9.304363e+00
9.560000e-06	-3.287213e-02	9.135495e+00
9.570000e-06	-3.036369e-02	8.967547e+00
9.580000e-06	-2.932446e-02	8.736100e+00
9.590000e-06	-2.797254e-02	8.619630e+00
9.600000e-06	-2.793943e-02	8.442810e+00
9.610000e-06	-2.576154e-02	8.292882e+00
9.620000e-06	-2.468649e-02	8.053287e+00
9.630000e-06	-2.484489e-02	7.933937e+00
9.640000e-06	-2.404829e-02	7.743315e+00
9.650000e-06	-2.301186e-02	7.493386e+00
9.660000e-06	-2.221213e-02	7.281335e+00
9.670000e-06	-2.178668e-02	7.093836e+00
9.680000e-06	-2.020883e-02	6.913287e+00
9.690000e-06	-1.929172e-02	6.694416e+00
9.700000e-06	-1.903411e-02	6.491807e+00
9.710000e-06	-1.788828e-02	6.273757e+00
9.720000e-06	-1.819599e-02	6.083861e+00
9.730000e-06	-1.758441e-02	5.901865e+00
9.740000e-06	-1.649256e-02	5.692380e+00
9.750000e-06	-1.575050e-02	5.422279e+00
9.760000e-06	-1.480218e-02	5.229624e+00
9.770000e-06	-1.477316e-02	4.974946e+00
9.780000e-06	-1.350454e-02	4.705414e+00
9.790000e-06	-1.347835e-02	4.505888e+00
9.800000e-06	-1.230251e-02	4.322942e+00
9.810000e-06	-1.125025e-02	4.051283e+00
9.820000e-06	-1.149700e-02	3.850678e+00
9.830000e-06	-1.125470e-02	3.631729e+00
9.840000e-06	-1.155064e-02	3.450154e+00
9.850000e-06	-9.946636e-03	3.178441e+00
9.860000e-06	-1.021637e-02	2.957492e+00
9.870000e-06	-9.486556e-03	2.746092e+00
9.880000e-06	-8.346377e-03	2.514337e+00
9.890000e-06	-8.217109e-03	2.222228e+00
9.900000e-06	-7.706055e-03	2.020654e+00
9.910000e-06	-7.591208e-03	1.829099e+00
9.920000e-06	-6.677872e-03	1.527916e+00
9.930000e-06	-5.926996e-03	1.324936e+00
9.940000e-06	-6.512330e-03	1.053124e+00
9.950000e-06	-7.016025e-03	7.799674e-01
9.960000e-06	-5.769199e-03	5.564636e-01
9.970000e-06	-4.658360e-03	3.364420e-01
9.980000e-06	-3.530776e-03	7.470683e-02
9.990000e-06	9.321718e-04	-1.177797e-01
1.000000e-05	5.983772e-03	-3.588233e-01
1.001000e-05	-4.252886e-03	-5.584024e-01
1.002000e-05	2.776136e-03	-8.104525e-01
1.003000e-05	-2.782877e-03	-1.010551e+00
1.004000e-05	2.491062e-03	-1.199980e+00
1.005000e-05	5.981109e-04	-1.485191e+00
1.006000e-05	3.171598e-02	-1.685211e+00
1.007000e-05	9.861041e-02	-1.845138e+00
1.008000e-05	-5.605214e-02	-2.192307e+00
1.009000e-05	-2.957707e-02	-2.558429e+00
1.010000e-05	-2.642219e-02	-2.778371e+00
1.011000e-05	-6.434756e-02	-2.936293e+00
1.012000e-05	-2.896600e-03	-3.087340e+00
1.013000e-05	1.762147e-01	-3.211512e+00
1.014000e-05	-1.803862e-01	-3.525694e+00
1.015000e-05	1.562226e-01	-3.632211e+00
1.016000e-05	-1.848482e-02	-3.934194e+00
1.017000e-05	-1.227366e-01	-4.128925e+00
1.018000e-05	1.736293e-01	-4.346873e+00
1.019000e-05	-1.145970e-01	-4.547776e+00
1.020000e-05	4.975662e-02	-4.790158e+00
1.021000e-05	9.445336e-02	-4.989984e+00
1.022000e-05	-1.519225e-01	-5.284322e+00
1.023000e-05	1.532006e-01	-5.548426e+00
1.024000e-05	-1.184705e-01	-5.698451e+00
1.025000e-05	6.092053e-02	-5.978947e+00
1.026000e-05	3.919648e-02	-6.117426e+00
1.027000e-05	-7.549437e-02	-6.391607e+00
1.028000e-05	1.269244e-01	-6.610080e+00
1.029000e-05	-1.032742e-01	-6.810636e+00
1.030000e-05	1.090918e-01	-6.991634e+00
1.031000e-05	-3.739417e-02	-7.193638e+00
1.032000e-05	-2.349379e-02	-7.452666e+00
1.033000e-05	8.354822e-02	-7.562607e+00
1.034000e-05	-7.111761e-02	-7.865287e+00
1.035000e-05	9.957129e-02	-8.032691e+00
1.036000e-05	-5.351213e-02	-8.232163e+00
1.037000e-05	5.083485e-02	-8.379028e+00
1.038000e-05	-1.115214e-02	-8.547052e+00
1.039000e-05	-6.166337e-04	-8.780056e+00
1.040000e-05	5.373098e-02	-8.924825e+00
1.041000e-05	-1.560756e-02	-9.073713e+00
1.042000e-05	5.203273e-02	-9.229107e+00
1.043000e-05	-3.908196e-02	-9.348530e+00
1.044000e-05	5.054725e-02	-9.507925e+00
1.045000e-05	-3.171032e-04	-9.684316e+00
1.046000e-05	2.836440e-02	-9.831534e+00
1.047000e-05	1.009492e-02	-9.947427e+00
1.048000e-05	1.711294e-02	-1.012590e+01
1.049000e-05	2.507475e-02	-1.021270e+01
1.050000e-05	2.107171e-03	-1.042066e+01
1.051000e-05	3.422497e-02	-1.051750e+01
1.052000e-05	1.076973e-02	-1.065231e+01
1.053000e-05	3.021796e-02	-1.078803e+01
1.054000e-05	3.620116e-03	-1.090534e+01
1.055000e-05	3.467238e-02	-1.095876e+01
1.056000e-05	1.667670e-02	-1.114903e+01
1.057000e-05	2.610012e-02	-1.123279e+01
1.058000e-05	1.646680e-02	-1.130715e+01
1.059000e-05	2.880234e-02	-1.149389e+01
1.060000e-05	2.663182e-02	-1.162006e+01
1.061000e-05	2.090399e-02	-1.166492e+01
1.062000e-05	2.903683e-02	-1.178069e+01
1.063000e-05	2.490858e-02	-1.190440e+01
1.064000e-05	2.906894e-02	-1.200006e+01
1.065000e-05	2.190148e-02	-1.205277e+01
1.066000e-05	3.595980e-02	-1.212642e+01
1.067000e-05	2.888227e-02	-1.215955e+01
1.068000e-05	3.082662e-02	-1.223076e+01
1.069000e-05	2.523740e-02	-1.226384e+01
1.070000e-05	3.315401e-02	-1.232745e+01
1.071000e-05	3.240720e-02	-1.238813e+01
1.072000e-05	3.179535e-02	-1.241923e+01
1.073000e-05	3.593111e-02	-1.246334e+01
1.074000e-05	3.295479e-02	-1.245389e+01
1.075000e-05	3.608182e-02	-1.251499e+01
1.076000e-05	3.498960e-02	-1.250595e+01
1.077000e-05	3.745647e-02	-1.252597e+01
1.078000e-05	3.739720e-02	-1.257855e+01
1.079000e-05	3.879746e-02	-1.254708e+01
1.080000e-05	4.184415e-02	-1.261973e+01
1.081000e-05	4.150613e-02	-1.256906e+01
1.082000e-05	4.061209e-02	-1.257776e+01
1.083000e-05	4.193646e-02	-1.260816e+01
1.084000e-05	4.370484e-02	-1.261766e+01
1.085000e-05	4.438250e-02	-1.259663e+01
1.086000e-05	4.570634e-02	-1.257812e+01
1.087000e-05	4.893340e-02	-1.254702e+01
1.088000e-05	4.988334e-02	-1.249440e+01
1.089000e-05	5.112024e-02	-1.250287e+01
1.090000e-05	5.348898e-02	-1.244981e+01
1.091000e-05	5.631731e-02	-1.239915e+01
1.092000e-05	5.717558e-02	-1.235805e+01
1.093000e-05	5.946468e-02	-1.231284e+01
1.094000e-05	6.137885e-02	-1.222871e+01
1.095000e-05	6.488811e-02	-1.213803e+01
1.096000e-05	6.494909e-02	-1.212694e+01
1.097000e-05	6.756315e-02	-1.207834e+01
1.098000e-05	6.901986e-02	-1.196803e+01
1.099000e-05	6.850260e-02	-1.188339e+01
1.100000e-05	6.861194e-02	-1.176813e+01
1.101000e-05	6.828357e-02	-1.169386e+01
1.102000e-05	6.579540e-02	-1.158670e+01
1.103000e-05	6.315293e-02	-1.150034e+01
1.104000e-05	6.135520e-02	-1.136850e+01
1.105000e-05	6.142855e-02	-1.120824e+01
1.106000e-05	5.767612e-02	-1.111502e+01
1.107000e-05	5.271229e-02	-1.103760e+01
1.108000e-05	5.160462e-02	-1.092389e+01
1.109000e-05	4.939054e-02	-1.077715e+01
1.110000e-05	4.632901e-02	-1.069389e+01
1.111000e-05	4.469739e-02	-1.056745e+01
1.112000e-05	4.302461e-02	-1.048131e+01
1.113000e-05	4.169738e-02	-1.030296e+01
1.114000e-05	3.752445e-02	-1.017605e+01
1.115000e-05	3.570286e-02	-1.006123e+01
1.116000e-05	3.380841e-02	-9.872315e+00
1.117000e-05	3.222048e-02	-9.715546e+00
1.118000e-05	3.071736e-02	-9.611226e+00
1.119000e-05	2.790279e-02	-9.419755e+00
1.120000e-05	2.711229e-02	-9.274383e+00
1.121000e-05	2.494971e-02	-9.113915e+00
1.122000e-05	2.465850e-02	-8.979073e+00
1.123000e-05	2.269723e-02	-8.799175e+00
1.124000e-05	2.264537e-02	-8.629573e+00
1.125000e-05	2.103731e-02	-8.451178e+00
1.126000e-05	1.968428e-02	-8.240788e+00
1.127000e-05	1.701748e-02	-8.113888e+00
1.128000e-05	1.636369e-02	-7.911888e+00
1.129000e-05	1.580044e-02	-7.684810e+00
1.130000e-05	1.586136e-02	-7.452783e+00
1.131000e-05	1.498094e-02	-7.314264e+00
1.132000e-05	1.448963e-02	-7.094332e+00
1.133000e-05	1.252065e-02	-6.892284e+00
1.134000e-05	1.259596e-02	-6.672784e+00
1.135000e-05	1.110107e-02	-6.493760e+00
1.136000e-05	9.885550e-03	-6.293412e+00
1.137000e-05	7.163169e-03	-6.080238e+00
1.138000e-05	8.368753e-03	-5.862806e+00
1.139000e-05	7.978569e-03	-5.662338e+00
1.140000e-05	6.571896e-03	-5.481831e+00
1.141000e-05	7.224550e-03	-5.181199e+00
1.142000e-05	9.675021e-03	-4.997721e+00
1.143000e-05	5.916630e-03	-4.692906e+00
1.144000e-05	4.624037e-03	-4.514837e+00
1.145000e-05	2.796697e-03	-4.305340e+00
1.146000e-05	4.782504e-03	-4.103862e+00
1.147000e-05	2.531799e-03	-3.943912e+00
1.148000e-05	2.261268e-03	-3.682233e+00
1.149000e-05	3.337155e-03	-3.442783e+00
1.150000e-05	3.182420e-03	-3.240678e+00
1.151000e-05	2.674946e-03	-3.016995e+00
1.152000e-05	-1.021929e-03	-2.775937e+00
1.153000e-05	1.118245e-03	-2.534912e+00
1.154000e-05	-4.591731e-04	-2.314386e+00
1.155000e-05	8.852755e-06	-2.062628e+00
1.156000e-05	-1.815582e-03	-1.881225e+00
1.157000e-05	-8.178726e-05	-1.608621e+00
1.158000e-05	-2.088193e-03	-1.315362e+00
1.159000e-05	-1.315687e-03	-1.092754e+00
1.160000e-05	-3.129551e-03	-8.316815e-01
1.161000e-05	-2.228089e-03	-6.190940e-01
1.162000e-05	-3.846306e-03	-3.459147e-01
1.163000e-05	-3.478903e-03	-1.464134e-01
1.164000e-05	-5.087365e-04	8.518922e-02
1.165000e-05	5.518633e-03	3.187710e-01
1.166000e-05	-5.307343e-03	5.273959e-01
1.167000e-05	1.104196e-03	7.473461e-01
1.168000e-05	-3.982044e-03	9.282737e-01
1.169000e-05	-1.683922e-04	1.231006e+00
1.170000e-05	-4.565681e-03	1.422659e+00
1.171000e-05	1.644185e-03	1.692770e+00
1.172000e-05	2.501888e-02	1.885640e+00
1.173000e-05	7.733748e-02	2.065742e+00
1.174000e-05	-2.791350e-02	2.349424e+00
1.175000e-05	-5.973586e-02	2.645108e+00
1.176000e-05	-2.599220e-02	2.855243e+00
1.177000e-05	-3.251862e-02	3.073666e+00
1.178000e-05	-7.734400e-02	3.222608e+00
1.179000e-05	1.124685e-01	3.452586e+00
1.180000e-05	1.775256e-02	3.613656e+00
1.181000e-05	-1.351616e-01	3.830608e+00
1.182000e-05	1.756779e-01	4.033211e+00
1.183000e-05	-1.290246e-01	4.336747e+00
1.184000e-05	3.523154e-03	4.485793e+00
1.185000e-05	5.151596e-02	4.737343e+00
1.186000e-05	-7.326835e-02	4.970004e+00
1.187000e-05	4.303052e-02	5.234715e+00
1.188000e-05	-2.527513e-02	5.505741e+00
1.189000e-05	-1.642184e-02	5.673346e+00
1.190000e-05	2.120529e-03	5.986901e+00
1.191000e-05	-3.813381e-02	6.117404e+00
1.192000e-05	9.841905e-03	6.349003e+00
1.193000e-05	-3.754824e-02	6.549930e+00
1.194000e-05	2.915520e-02	6.791030e+00
1.195000e-05	-2.178706e-02	7.040983e+00
1.196000e-05	-1.818946e-02	7.260056e+00
1.197000e-05	1.500058e-02	7.380504e+00
1.198000e-05	-5.688975e-02	7.624131e+00
1.199000e-05	1.055699e-02	7.852111e+00
1.200000e-05	-2.195016e-02	8.073167e+00
1.201000e-05	-6.745700e-03	8.244612e+00
1.202000e-05	-1.153056e-02	8.390128e+00
1.203000e-05	-2.959520e-02	8.537922e+00
1.204000e-05	-5.837151e-03	8.685842e+00
1.205000e-05	-2.593698e-02	8.813714e+00
1.206000e-05	-2.164616e-03	9.031260e+00
1.207000e-05	-2.819163e-02	9.229555e+00
1.208000e-05	-8.506280e-03	9.339478e+00
1.209000e-05	-1.766516e-02	9.495295e+00
1.210000e-05	-2.712729e-02	9.663237e+00
1.211000e-05	-1.491283e-02	9.789158e+00
1.212000e-05	-2.073654e-02	9.968556e+00
1.213000e-05	-1.385192e-02	1.011585e+01
1.214000e-05	-2.882731e-02	1.027276e+01
1.215000e-05	-1.548210e-02	1.046063e+01
1.216000e-05	-2.584355e-02	1.053640e+01
1.217000e-05	-2.461300e-02	1.065176e+01
1.218000e-05	-2.563266e-02	1.083018e+01
1.219000e-05	-1.985233e-02	1.090742e+01
1.220000e-05	-2.375690e-02	1.103166e+01
1.221000e-05	-3.065479e-02	1.112838e+01
1.222000e-05	-2.355771e-02	1.127334e+01
1.223000e-05	-2.634354e-02	1.137708e+01
1.224000e-05	-2.621438e-02	1.151690e+01
1.225000e-05	-3.161061e-02	1.167274e+01
1.226000e-05	-2.610742e-02	1.173657e+01
1.227000e-05	-3.013977e-02	1.180066e+01
1.228000e-05	-3.220374e-02	1.191590e+01
1.229000e-05	-3.003616e-02	1.197863e+01
1.230000e-05	-3.160369e-02	1.206276e+01
1.231000e-05	-3.278024e-02	1.211547e+01
1.232000e-05	-3.606483e-02	1.217908e+01
1.233000e-05	-3.345801e-02	1.227136e+01
1.234000e-05	-3.238887e-02	1.236893e+01
1.235000e-05	-3.845866e-02	1.239960e+01
1.236000e-05	-3.635654e-02	1.245424e+01
1.237000e-05	-3.795632e-02	1.248536e+01
1.238000e-05	-3.728234e-02	1.255692e+01
1.239000e-05	-4.018546e-02	1.252805e+01
1.240000e-05	-4.004288e-02	1.256703e+01
1.241000e-05	-4.200564e-02	1.262966e+01
1.242000e-05	-4.454574e-02	1.260068e+01
1.243000e-05	-4.433574e-02	1.259078e+01
1.244000e-05	-4.239036e-02	1.259268e+01
1.245000e-05	-4.411568e-02	1.270229e+01
1.246000e-05	-4.460179e-02	1.269176e+01
1.247000e-05	-4.665537e-02	1.264431e+01
1.248000e-05	-4.699644e-02	1.263331e+01
1.249000e-05	-5.056753e-02	1.265176e+01
1.250000e-05	-5.233892e-02	1.267078e+01
1.251000e-05	-5.153142e-02	1.261126e+01
1.252000e-05	-5.377997e-02	1.261068e+01
1.253000e-05	-5.441247e-02	1.261865e+01
1.254000e-05	-5.758872e-02	1.254955e+01
1.255000e-05	-5.694590e-02	1.252597e+01
1.256000e-05	-6.003244e-02	1.250594e+01
1.257000e-05	-6.132986e-02	1.250386e+01
1.258000e-05	-6.631392e-02	1.240171e+01
1.259000e-05	-6.736197e-02	1.239870e+01
1.260000e-05	-6.941876e-02	1.230449e+01
1.261000e-05	-7.150539e-02	1.224126e+01
1.262000e-05	-7.279249e-02	1.215607e+01
1.263000e-05	-7.516533e-02	1.208442e+01
1.264000e-05	-7.379935e-02	1.199875e+01
1.265000e-05	-7.385380e-02	1.192597e+01
1.266000e-05	-7.555736e-02	1.183126e+01
1.267000e-05	-7.323700e-02	1.177660e+01
1.268000e-05	-7.313598e-02	1.167179e+01
1.269000e-05	-6.850113e-02	1.153605e+01
1.270000e-05	-6.972608e-02	1.142918e+01
1.271000e-05	-6.500853e-02	1.132337e+01
1.272000e-05	-6.305733e-02	1.117767e+01
1.273000e-05	-5.913741e-02	1.105279e+01
1.274000e-05	-5.867636e-02	1.092900e+01
1.275000e-05	-5.455785e-02	1.085281e+01
1.276000e-05	-5.326382e-02	1.074652e+01
1.277000e-05	-5.042248e-02	1.062121e+01
1.278000e-05	-4.825556e-02	1.047134e+01
1.279000e-05	-4.494627e-02	1.034550e+01
1.280000e-05	-4.297567e-02	1.020068e+01
1.281000e-05	-4.201115e-02	1.008381e+01
1.282000e-05	-3.988570e-02	9.918070e+00
1.283000e-05	-3.770002e-02	9.746547e+00
1.284000e-05	-3.598710e-02	9.629676e+00
1.285000e-05	-3.505946e-02	9.440309e+00
1.286000e-05	-3.437318e-02	9.305364e+00
1.287000e-05	-3.390607e-02	9.168120e+00
1.288000e-05	-3.149740e-02	8.947098e+00
1.289000e-05	-2.979541e-02	8.790173e+00
1.290000e-05	-2.822573e-02	8.641681e+00
1.291000e-05	-2.686791e-02	8.493337e+00
1.292000e-05	-2.533607e-02	8.292888e+00
1.293000e-05	-2.515546e-02	8.143338e+00
1.294000e-05	-2.567018e-02	7.903937e+00
1.295000e-05	-2.352700e-02	7.723412e+00
1.296000e-05	-2.292707e-02	7.514939e+00
1.297000e-05	-2.171878e-02	7.292760e+00
1.298000e-05	-2.151299e-02	7.115315e+00
1.299000e-05	-2.071543e-02	6.915312e+00
1.300000e-05	-1.941984e-02	6.686466e+00
1.301000e-05	-1.865744e-02	6.511860e+00
1.302000e-05	-1.786250e-02	6.304810e+00
1.303000e-05	-1.842486e-02	6.084362e+00
1.304000e-05	-1.753968e-02	5.923940e+00
1.305000e-05	-1.679800e-02	5.650788e+00
1.306000e-05	-1.506042e-02	5.423333e+00
1.307000e-05	-1.422635e-02	5.281681e+00
1.308000e-05	-1.534578e-02	4.987466e+00
1.309000e-05	-1.314926e-02	4.755340e+00
1.310000e-05	-1.276573e-02	4.534912e+00
1.311000e-05	-1.304670e-02	4.336391e+00
1.312000e-05	-1.279117e-02	4.093833e+00
1.313000e-05	-1.166126e-02	3.881230e+00
1.314000e-05	-1.058902e-02	3.662680e+00
1.315000e-05	-1.114970e-02	3.411201e+00
1.316000e-05	-1.023110e-02	3.188491e+00
1.317000e-05	-9.295720e-03	2.966892e+00
1.318000e-05	-9.986226e-03	2.748045e+00
1.319000e-05	-9.854728e-03	2.514387e+00
1.320000e-05	-9.075831e-03	2.302281e+00
1.321000e-05	-7.791642e-03	2.032155e+00
1.322000e-05	-7.124780e-03	1.841176e+00
1.323000e-05	-7.319371e-03	1.607486e+00
1.324000e-05	-6.683266e-03	1.316336e+00
1.325000e-05	-6.290032e-03	1.093178e+00
1.326000e-05	-6.609612e-03	7.905163e-01
1.327000e-05	-5.806183e-03	5.859387e-01
1.328000e-05	-4.760037e-03	3.590411e-01
1.329000e-05	-3.961072e-03	8.378054e-02
1.330000e-05	6.795573e-04	-1.277196e-01
1.331000e-05	6.341175e-03	-3.372958e-01
1.332000e-05	-4.765007e-03	-5.088221e-01
1.333000e-05	3.963651e-03	-7.799523e-01
1.334000e-05	-4.217232e-03	-9.813775e-01
1.335000e-05	1.844698e-03	-1.230402e+00
1.336000e-05	-8.644555e-04	-1.502087e+00
1.337000e-05	2.921876e-02	-1.631638e+00
1.338000e-05	9.964112e-02	-1.843066e+00
1.339000e-05	-4.473538e-02	-2.181357e+00
1.340000e-05	-3.899623e-02	-2.537750e+00
1.341000e-05	-2.124468e-02	-2.746873e+00
1.342000e-05	-6.155815e-02	-2.875813e+00
1.343000e-05	-1.784616e-02	-3.096341e+00
1.344000e-05	1.855567e-01	-3.230957e+00
1.345000e-05	-1.728837e-01	-3.485615e+00
1.346000e-05	1.308648e-01	-3.642181e+00
1.347000e-05	1.810985e-02	-3.875165e+00
1.348000e-05	-1.456071e-01	-4.158421e+00
1.349000e-05	1.772176e-01	-4.336297e+00
1.350000e-05	-9.882924e-02	-4.516926e+00
1.351000e-05	2.506314e-02	-4.821083e+00
1.352000e-05	1.151019e-01	-4.979380e+00
1.353000e-05	-1.585450e-01	-5.274647e+00
1.354000e-05	1.498933e-01	-5.507446e+00
1.355000e-05	-1.035510e-01	-5.719380e+00
1.356000e-05	3.574825e-02	-5.967477e+00
1.357000e-05	6.030948e-02	-6.096846e+00
1.358000e-05	-8.787861e-02	-6.379508e+00
1.359000e-05	1.308765e-01	-6.569030e+00
1.360000e-05	-9.610825e-02	-6.777558e+00
1.361000e-05	9.485218e-02	-7.002109e+00
1.362000e-05	-1.641408e-02	-7.239559e+00
1.363000e-05	-4.423794e-02	-7.431662e+00
1.364000e-05	9.482355e-02	-7.620953e+00
1.365000e-05	-7.566570e-02	-7.824665e+00
1.366000e-05	9.855417e-02	-8.011157e+00
1.367000e-05	-4.534820e-02	-8.220080e+00
1.368000e-05	4.148100e-02	-8.378057e+00
1.369000e-05	2.296226e-04	-8.536433e+00
1.370000e-05	-1.139544e-02	-8.737403e+00
1.371000e-05	6.145330e-02	-8.885897e+00
1.372000e-05	-1.906541e-02	-9.073214e+00
1.373000e-05	5.569261e-02	-9.200132e+00
1.374000e-05	-3.804490e-02	-9.377479e+00
1.375000e-05	4.492544e-02	-9.507023e+00
1.376000e-05	4.342895e-03	-9.664865e+00
1.377000e-05	2.307935e-02	-9.773084e+00
1.378000e-05	1.620741e-02	-9.965925e+00
1.379000e-05	1.251773e-02	-1.010639e+01
1.380000e-05	3.033988e-02	-1.022334e+01
1.381000e-05	-2.265950e-03	-1.041959e+01
1.382000e-05	3.284762e-02	-1.054692e+01
1.383000e-05	7.825075e-03	-1.065321e+01
1.384000e-05	3.195146e-02	-1.077903e+01
1.385000e-05	5.233536e-03	-1.084430e+01
1.386000e-05	3.359222e-02	-1.097081e+01
1.387000e-05	1.819969e-02	-1.113638e+01
1.388000e-05	2.525301e-02	-1.127279e+01
1.389000e-05	1.810266e-02	-1.135893e+01
1.390000e-05	2.498188e-02	-1.149472e+01
1.391000e-05	2.688259e-02	-1.159811e+01
1.392000e-05	1.955888e-02	-1.169489e+01
1.393000e-05	2.966119e-02	-1.182758e+01
1.394000e-05	2.457308e-02	-1.182397e+01
1.395000e-05	3.041399e-02	-1.200963e+01
1.396000e-05	2.229377e-02	-1.207282e+01
1.397000e-05	3.430573e-02	-1.211485e+01
1.398000e-05	2.936904e-02	-1.213905e+01
1.399000e-05	3.303098e-02	-1.221069e+01
1.400000e-05	2.613315e-02	-1.229282e+01
1.401000e-05	3.116788e-02	-1.229894e+01
1.402000e-05	3.028653e-02	-1.239010e+01
1.403000e-05	3.124512e-02	-1.242071e+01
1.404000e-05	3.579210e-02	-1.242176e+01
1.405000e-05	3.547792e-02	-1.247287e+01
1.406000e-05	3.623667e-02	-1.250594e+01
1.407000e-05	3.601022e-02	-1.253450e+01
1.408000e-05	3.786205e-02	-1.253702e+01
1.409000e-05	3.814046e-02	-1.257603e+01
1.410000e-05	3.751089e-02	-1.258718e+01
1.411000e-05	3.972569e-02	-1.257814e+01
1.412000e-05	3.997700e-02	-1.261010e+01
1.413000e-05	3.975904e-02	-1.260813e+01
1.414000e-05	4.203950e-02	-1.256766e+01
1.415000e-05	4.399002e-02	-1.259918e+01
1.416000e-05	4.710118e-02	-1.255555e+01
1.417000e-05	4.672078e-02	-1.255657e+01
1.418000e-05	4.837159e-02	-1.252652e+01
1.419000e-05	4.965091e-02	-1.249592e+01
1.420000e-05	5.083242e-02	-1.249439e+01
1.421000e-05	5.286468e-02	-1.243076e+01
1.422000e-05	5.472278e-02	-1.240970e+01
1.423000e-05	5.739640e-02	-1.235655e+01
1.424000e-05	5.945212e-02	-1.231297e+01
1.425000e-05	6.179073e-02	-1.226179e+01
1.426000e-05	6.508361e-02	-1.215707e+01
1.427000e-05	6.655898e-02	-1.211587e+01
1.428000e-05	6.777992e-02	-1.206324e+01
1.429000e-05	6.791899e-02	-1.197866e+01
1.430000e-05	6.900577e-02	-1.192085e+01
1.431000e-05	6.794625e-02	-1.182915e+01
1.432000e-05	6.764342e-02	-1.168389e+01
1.433000e-05	6.600993e-02	-1.158925e+01
1.434000e-05	6.409460e-02	-1.153137e+01
1.435000e-05	6.196967e-02	-1.127910e+01
1.436000e-05	6.102165e-02	-1.126011e+01
1.437000e-05	5.857614e-02	-1.110601e+01
1.438000e-05	5.444999e-02	-1.102669e+01
1.439000e-05	5.136096e-02	-1.089441e+01
1.440000e-05	4.845643e-02	-1.077960e+01
1.441000e-05	4.632542e-02	-1.064236e+01
1.442000e-05	4.436478e-02	-1.057909e+01
1.443000e-05	4.236472e-02	-1.042178e+01
1.444000e-05	4.108273e-02	-1.029244e+01
1.445000e-05	3.744862e-02	-1.016755e+01
1.446000e-05	3.556865e-02	-1.004970e+01
1.447000e-05	3.388836e-02	-9.912737e+00
1.448000e-05	3.170171e-02	-9.745546e+00
1.449000e-05	3.041749e-02	-9.598730e+00
1.450000e-05	2.796500e-02	-9.473311e+00
1.451000e-05	2.753857e-02	-9.323836e+00
1.452000e-05	2.530659e-02	-9.145517e+00
1.453000e-05	2.376220e-02	-8.968547e+00
1.454000e-05	2.317026e-02	-8.790180e+00
1.455000e-05	2.145902e-02	-8.620122e+00
1.456000e-05	2.049892e-02	-8.410733e+00
1.457000e-05	2.007469e-02	-8.274309e+00
1.458000e-05	1.896400e-02	-8.114907e+00
1.459000e-05	1.736985e-02	-7.904933e+00
1.460000e-05	1.520776e-02	-7.683308e+00
1.461000e-05	1.493723e-02	-7.493808e+00
1.462000e-05	1.423452e-02	-7.313861e+00
1.463000e-05	1.336185e-02	-7.084366e+00
1.464000e-05	1.227898e-02	-6.893758e+00
1.465000e-05	1.252876e-02	-6.693836e+00
1.466000e-05	1.135754e-02	-6.513313e+00
1.467000e-05	1.072172e-02	-6.335836e+00
1.468000e-05	8.998867e-03	-6.102763e+00
1.469000e-05	7.683725e-03	-5.932760e+00
1.470000e-05	8.258810e-03	-5.643285e+00
1.471000e-05	7.079515e-03	-5.502408e+00
1.472000e-05	5.678452e-03	-5.229149e+00
1.473000e-05	6.079147e-03	-4.977993e+00
1.474000e-05	4.710262e-03	-4.704890e+00
1.475000e-05	6.636342e-03	-4.535839e+00
1.476000e-05	4.008730e-03	-4.325917e+00
1.477000e-05	4.557364e-03	-4.134915e+00
1.478000e-05	3.463195e-03	-3.952862e+00
1.479000e-05	3.414664e-03	-3.712283e+00
1.480000e-05	2.255766e-03	-3.492784e+00
1.481000e-05	6.497791e-04	-3.261234e+00
1.482000e-05	1.568309e-03	-3.000649e+00
1.483000e-05	-2.130452e-04	-2.776993e+00
1.484000e-05	6.975906e-04	-2.565894e+00
1.485000e-05	-3.349043e-05	-2.354415e+00
1.486000e-05	9.056324e-04	-2.082758e+00
1.487000e-05	-1.771751e-03	-1.861728e+00
1.488000e-05	-9.031602e-04	-1.619680e+00
1.489000e-05	-2.936770e-03	-1.397892e+00
1.490000e-05	-1.923246e-03	-1.053784e+00
1.491000e-05	-3.123549e-03	-8.121840e-01
1.492000e-05	-2.122129e-03	-6.706963e-01
1.493000e-05	-4.052855e-03	-3.774411e-01
1.494000e-05	-3.583218e-03	-1.568924e-01
1.495000e-05	-1.357850e-03	4.308164e-02
1.496000e-05	6.365462e-03	3.277431e-01
1.497000e-05	-3.857537e-03	5.072959e-01
1.498000e-05	5.459836e-04	7.067934e-01
1.499000e-05	-3.735564e-03	9.188710e-01
1.500000e-05	-9.711876e-04	1.179426e+00
1.501000e-05	-4.761755e-03	1.421558e+00
1.502000e-05	9.186680e-04	1.654767e+00
1.503000e-05	2.272407e-02	1.896209e+00
1.504000e-05	7.580065e-02	2.036218e+00
1.505000e-05	-1.608382e-02	2.318825e+00
1.506000e-05	-6.419114e-02	2.624088e+00
1.507000e-05	-2.419337e-02	2.843687e+00
1.508000e-05	-3.312354e-02	3.025238e+00
1.509000e-05	-7.755385e-02	3.240575e+00
1.510000e-05	9.679108e-02	3.399985e+00
1.511000e-05	4.445086e-02	3.643733e+00
1.512000e-05	-1.519056e-01	3.804008e+00
1.513000e-05	1.768586e-01	4.011108e+00
1.514000e-05	-1.154130e-01	4.287250e+00
1.515000e-05	-1.416100e-02	4.485688e+00
1.516000e-05	6.179240e-02	4.705975e+00
1.517000e-05	-7.305355e-02	4.940603e+00
1.518000e-05	3.954606e-02	5.253583e+00
1.519000e-05	-1.807653e-02	5.475871e+00
1.520000e-05	-2.291956e-02	5.684690e+00
1.521000e-05	5.960960e-03	5.958474e+00
1.522000e-05	-3.966095e-02	6.107476e+00
1.523000e-05	9.781774e-03	6.336926e+00
1.524000e-05	-3.535579e-02	6.510005e+00
1.525000e-05	2.557257e-02	6.758529e+00
1.526000e-05	-1.552525e-02	6.960079e+00
1.527000e-05	-2.549014e-02	7.168503e+00
1.528000e-05	2.072743e-02	7.350931e+00
1.529000e-05	-5.687927e-02	7.630509e+00
1.530000e-05	7.156020e-03	7.822063e+00
1.531000e-05	-1.935666e-02	8.052163e+00
1.532000e-05	-6.981278e-03	8.212584e+00
1.533000e-05	-7.552068e-03	8.389006e+00
1.534000e-05	-3.310730e-02	8.497449e+00
1.535000e-05	-7.113571e-03	8.683795e+00
1.536000e-05	-2.694422e-02	8.834663e+00
1.537000e-05	-4.696687e-04	8.979714e+00
1.538000e-05	-2.700194e-02	9.200059e+00
1.539000e-05	-9.565338e-03	9.347924e+00
1.540000e-05	-1.623904e-02	9.486300e+00
1.541000e-05	-2.763901e-02	9.650789e+00
1.542000e-05	-1.536290e-02	9.779661e+00
1.543000e-05	-2.061128e-02	9.958549e+00
1.544000e-05	-1.252868e-02	1.009587e+01
1.545000e-05	-2.896917e-02	1.024126e+01
1.546000e-05	-1.522590e-02	1.038911e+01
1.547000e-05	-2.564922e-02	1.050590e+01
1.548000e-05	-2.420212e-02	1.062934e+01
1.549000e-05	-2.562760e-02	1.080108e+01
1.550000e-05	-2.117694e-02	1.090692e+01
1.551000e-05	-2.298848e-02	1.100066e+01
1.552000e-05	-3.083255e-02	1.117695e+01
1.553000e-05	-2.266674e-02	1.128387e+01
1.554000e-05	-2.617208e-02	1.138811e+01
1.555000e-05	-2.518003e-02	1.145530e+01
1.556000e-05	-3.257412e-02	1.165326e+01
1.557000e-05	-2.695218e-02	1.173657e+01
1.558000e-05	-2.940985e-02	1.182168e+01
1.559000e-05	-3.256661e-02	1.189289e+01
1.560000e-05	-3.055413e-02	1.194903e+01
1.561000e-05	-3.007700e-02	1.204031e+01
1.562000e-05	-3.282399e-02	1.212599e+01
1.563000e-05	-3.478765e-02	1.218918e+01
1.564000e-05	-3.160396e-02	1.227427e+01
1.565000e-05	-3.408537e-02	1.232747e+01
1.566000e-05	-3.488560e-02	1.238713e+01
1.567000e-05	-3.921685e-02	1.245221e+01
1.568000e-05	-3.838784e-02	1.249334e+01
1.569000e-05	-3.875092e-02	1.252487e+01
1.570000e-05	-3.938984e-02	1.255850e+01
1.571000e-05	-3.839895e-02	1.256800e+01
1.572000e-05	-4.235741e-02	1.260963e+01
1.573000e-05	-4.217919e-02	1.263073e+01
1.574000e-05	-4.359794e-02	1.268171e+01
1.575000e-05	-4.239964e-02	1.264171e+01
1.576000e-05	-4.544273e-02	1.267442e+01
1.577000e-05	-4.637810e-02	1.268239e+01
1.578000e-05	-4.677793e-02	1.271231e+01
1.579000e-05	-4.782974e-02	1.266329e+01
1.580000e-05	-4.988078e-02	1.269389e+01
1.581000e-05	-5.104230e-02	1.267278e+01
1.582000e-05	-5.032878e-02	1.264219e+01
1.583000e-05	-5.301995e-02	1.261023e+01
1.584000e-05	-5.495293e-02	1.258113e+01
1.585000e-05	-5.646690e-02	1.256870e+01
1.586000e-05	-5.783715e-02	1.251645e+01
1.587000e-05	-6.017410e-02	1.250437e+01
1.588000e-05	-6.217400e-02	1.250324e+01
1.589000e-05	-6.503481e-02	1.240118e+01
1.590000e-05	-6.728191e-02	1.236010e+01
1.591000e-05	-6.842188e-02	1.230247e+01
1.592000e-05	-7.154149e-02	1.222023e+01
1.593000e-05	-7.290753e-02	1.215710e+01
1.594000e-05	-7.444621e-02	1.209494e+01
1.595000e-05	-7.462196e-02	1.202970e+01
1.596000e-05	-7.552285e-02	1.195552e+01
1.597000e-05	-7.537057e-02	1.184126e+01
1.598000e-05	-7.318979e-02	1.173705e+01
1.599000e-05	-7.210501e-02	1.168187e+01
1.600000e-05	-6.887669e-02	1.152657e+01
1.601000e-05	-6.955872e-02	1.141021e+01
1.602000e-05	-6.523093e-02	1.131549e+01
1.603000e-05	-6.389990e-02	1.117873e+01
1.604000e-05	-5.924059e-02	1.110194e+01
1.605000e-05	-5.904506e-02	1.092907e+01
1.606000e-05	-5.342857e-02	1.088279e+01
1.607000e-05	-5.437110e-02	1.077700e+01
1.608000e-05	-4.883961e-02	1.063873e+01
1.609000e-05	-4.949132e-02	1.046491e+01
1.610000e-05	-4.507229e-02	1.034512e+01
1.611000e-05	-4.382795e-02	1.016961e+01
1.612000e-05	-4.176842e-02	1.008431e+01
1.613000e-05	-4.033428e-02	9.974099e+00
1.614000e-05	-3.769713e-02	9.789569e+00
1.615000e-05	-3.698873e-02	9.590102e+00
1.616000e-05	-3.403444e-02	9.430756e+00
1.617000e-05	-3.456697e-02	9.314364e+00
1.618000e-05	-3.374203e-02	9.196128e+00
1.619000e-05	-3.120236e-02	8.978079e+00
1.620000e-05	-2.907714e-02	8.788704e+00
1.621000e-05	-2.890547e-02	8.651708e+00
1.622000e-05	-2.828622e-02	8.483812e+00
1.623000e-05	-2.684106e-02	8.324462e+00
1.624000e-05	-2.436294e-02	8.113463e+00
1.625000e-05	-2.530137e-02	7.925887e+00
1.626000e-05	-2.329469e-02	7.754965e+00
1.627000e-05	-2.354322e-02	7.524941e+00
1.628000e-05	-2.258374e-02	7.322888e+00
1.629000e-05	-2.051426e-02	7.083886e+00
1.630000e-05	-2.225875e-02	6.904942e+00
1.631000e-05	-1.899928e-02	6.735920e+00
1.632000e-05	-1.982751e-02	6.535365e+00
1.633000e-05	-1.652099e-02	6.305362e+00
1.634000e-05	-1.762220e-02	6.134862e+00
1.635000e-05	-1.680299e-02	5.954386e+00
1.636000e-05	-1.759020e-02	5.684383e+00
1.637000e-05	-1.557278e-02	5.454332e+00
1.638000e-05	-1.544691e-02	5.251306e+00
1.639000e-05	-1.454414e-02	4.955549e+00
1.640000e-05	-1.374233e-02	4.736941e+00
1.641000e-05	-1.359758e-02	4.525440e+00
1.642000e-05	-1.383340e-02	4.347974e+00
1.643000e-05	-1.261288e-02	4.114383e+00
1.644000e-05	-1.055530e-02	3.874278e+00
1.645000e-05	-1.130262e-02	3.673209e+00
1.646000e-05	-1.194176e-02	3.450752e+00
1.647000e-05	-1.061978e-02	3.219046e+00
1.648000e-05	-9.391336e-03	2.988571e+00
1.649000e-05	-9.158224e-03	2.799021e+00
1.650000e-05	-9.565501e-03	2.515390e+00
1.651000e-05	-8.691681e-03	2.271254e+00
1.652000e-05	-8.403283e-03	2.052629e+00
1.653000e-05	-7.561706e-03	1.799782e+00
1.654000e-05	-6.947445e-03	1.558519e+00
1.655000e-05	-6.765022e-03	1.365336e+00
1.656000e-05	-5.707380e-03	1.073762e+00
1.657000e-05	-5.993975e-03	7.895451e-01
1.658000e-05	-6.534721e-03	5.975163e-01
1.659000e-05	-4.833233e-03	3.789649e-01
1.660000e-05	-5.355591e-03	9.488809e-02
1.661000e-05	2.091082e-04	-9.524223e-02
1.662000e-05	6.499935e-03	-3.167970e-01
1.663000e-05	-4.231261e-03	-5.087932e-01
1.664000e-05	4.637785e-03	-7.869025e-01
1.665000e-05	-3.563703e-03	-9.698247e-01
1.666000e-05	2.339310e-03	-1.149430e+00
1.667000e-05	-2.563304e-03	-1.411563e+00
1.668000e-05	2.577841e-02	-1.673113e+00
1.669000e-05	9.824216e-02	-1.822137e+00
1.670000e-05	-3.231079e-02	-2.070852e+00
1.671000e-05	-4.817186e-02	-2.506747e+00
1.672000e-05	-1.665595e-02	-2.767346e+00
1.673000e-05	-5.961868e-02	-2.896668e+00
1.674000e-05	-3.175473e-02	-3.103718e+00
1.675000e-05	1.914690e-01	-3.199559e+00
1.676000e-05	-1.615521e-01	-3.453563e+00
1.677000e-05	1.051404e-01	-3.600634e+00
1.678000e-05	5.415620e-02	-3.853690e+00
1.679000e-05	-1.653754e-01	-4.117846e+00
1.680000e-05	1.765566e-01	-4.306771e+00
1.681000e-05	-8.189357e-02	-4.467797e+00
1.682000e-05	1.252011e-03	-4.788977e+00
1.683000e-05	1.349026e-01	-4.968481e+00
1.684000e-05	-1.632820e-01	-5.263691e+00
1.685000e-05	1.403024e-01	-5.506291e+00
1.686000e-05	-8.232850e-02	-5.726875e+00
1.687000e-05	1.154713e-02	-5.966900e+00
1.688000e-05	7.952179e-02	-6.073297e+00
1.689000e-05	-9.958546e-02	-6.389400e+00
1.690000e-05	1.311676e-01	-6.538450e+00
1.691000e-05	-8.718685e-02	-6.779455e+00
1.692000e-05	7.709051e-02	-7.000684e+00
1.693000e-05	6.447157e-03	-7.191509e+00
1.694000e-05	-6.151718e-02	-7.421154e+00
1.695000e-05	1.053045e-01	-7.569106e+00
1.696000e-05	-8.012453e-02	-7.871664e+00
1.697000e-05	9.450926e-02	-8.022685e+00
1.698000e-05	-3.496348e-02	-8.200078e+00
1.699000e-05	3.009604e-02	-8.378953e+00
1.700000e-05	1.166034e-02	-8.485447e+00
1.701000e-05	-2.151944e-02	-8.748974e+00
1.702000e-05	6.768705e-02	-8.865370e+00
1.703000e-05	-2.230271e-02	-9.043161e+00
1.704000e-05	5.521008e-02	-9.199559e+00
1.705000e-05	-3.451067e-02	-9.337455e+00
1.706000e-05	3.922422e-02	-9.565449e+00
1.707000e-05	1.115229e-02	-9.632791e+00
1.708000e-05	1.740699e-02	-9.789108e+00
1.709000e-05	2.099991e-02	-9.935452e+00
1.710000e-05	7.116605e-03	-1.007544e+01
1.711000e-05	3.400895e-02	-1.025169e+01
1.712000e-05	-4.428000e-03	-1.038908e+01
1.713000e-05	3.407278e-02	-1.049545e+01
1.714000e-05	8.740581e-03	-1.063379e+01
1.715000e-05	3.139120e-02	-1.076738e+01
1.716000e-05	4.733832e-03	-1.085491e+01
1.717000e-05	2.979278e-02	-1.100710e+01
1.718000e-05	2.108266e-02	-1.111642e+01
1.719000e-05	2.445086e-02	-1.126026e+01
1.720000e-05	1.957779e-02	-1.129495e+01
1.721000e-05	2.250733e-02	-1.146432e+01
1.722000e-05	2.817293e-02	-1.156803e+01
1.723000e-05	1.873804e-02	-1.167642e+01
1.724000e-05	3.065504e-02	-1.174759e+01
1.725000e-05	2.357546e-02	-1.190234e+01
1.726000e-05	3.034227e-02	-1.194748e+01
1.727000e-05	2.149388e-02	-1.206274e+01
1.728000e-05	3.420188e-02	-1.211537e+01
1.729000e-05	2.866107e-02	-1.215858e+01
1.730000e-05	3.152489e-02	-1.221066e+01
1.731000e-05	2.753536e-02	-1.227272e+01
1.732000e-05	3.100961e-02	-1.231537e+01
1.733000e-05	3.154947e-02	-1.234703e+01
1.734000e-05	3.063915e-02	-1.241811e+01
1.735000e-05	3.596008e-02	-1.245076e+01
1.736000e-05	3.498456e-02	-1.248289e+01
1.737000e-05	3.518786e-02	-1.251402e+01
1.738000e-05	3.430143e-02	-1.251447e+01
1.739000e-05	3.720684e-02	-1.252700e+01
1.740000e-05	3.786930e-02	-1.254700e+01
1.741000e-05	3.842680e-02	-1.252610e+01
1.742000e-05	4.008477e-02	-1.260816e+01
1.743000e-05	4.065626e-02	-1.258708e+01
1.744000e-05	4.087285e-02	-1.258871e+01
1.745000e-05	4.178511e-02	-1.260853e+01
1.746000e-05	4.382698e-02	-1.259705e+01
1.747000e-05	4.586602e-02	-1.258860e+01
1.748000e-05	4.585500e-02	-1.257657e+01
1.749000e-05	4.701567e-02	-1.258605e+01
1.750000e-05	4.992005e-02	-1.252597e+01
1.751000e-05	5.161633e-02	-1.248344e+01
1.752000e-05	5.417633e-02	-1.243077e+01
1.753000e-05	5.493179e-02	-1.241028e+01
1.754000e-05	5.832789e-02	-1.236757e+01
1.755000e-05	5.833572e-02	-1.230292e+01
1.756000e-05	6.205134e-02	-1.226129e+01
1.757000e-05	6.398628e-02	-1.216862e+01
1.758000e-05	6.563536e-02	-1.205547e+01
1.759000e-05	6.727472e-02	-1.207179e+01
1.760000e-05	6.801829e-02	-1.197760e+01
1.761000e-05	6.921348e-02	-1.190345e+01
1.762000e-05	6.852596e-02	-1.177866e+01
1.763000e-05	6.747359e-02	-1.170492e+01
1.764000e-05	6.562023e-02	-1.159765e+01
1.765000e-05	6.488336e-02	-1.151386e+01
1.766000e-05	6.364842e-02	-1.132469e+01
1.767000e-05	6.085679e-02	-1.125183e+01
1.768000e-05	5.849668e-02	-1.111599e+01
1.769000e-05	5.397904e-02	-1.101108e+01
1.770000e-05	5.242744e-02	-1.090289e+01
1.771000e-05	4.835941e-02	-1.081868e+01
1.772000e-05	4.552304e-02	-1.070534e+01
1.773000e-05	4.447479e-02	-1.057010e+01
1.774000e-05	4.283407e-02	-1.049131e+01
1.775000e-05	4.043946e-02	-1.035307e+01
1.776000e-05	3.765237e-02	-1.017907e+01
1.777000e-05	3.543578e-02	-1.006018e+01
1.778000e-05	3.424004e-02	-9.943288e+00
1.779000e-05	3.099663e-02	-9.766549e+00
1.780000e-05	3.044513e-02	-9.650657e+00
1.781000e-05	2.844162e-02	-9.461860e+00
1.782000e-05	2.684816e-02	-9.324392e+00
1.783000e-05	2.551218e-02	-9.135594e+00
1.784000e-05	2.471157e-02	-8.959078e+00
1.785000e-05	2.439845e-02	-8.828673e+00
1.786000e-05	2.236070e-02	-8.617282e+00
1.787000e-05	2.056053e-02	-8.472758e+00
1.788000e-05	1.979967e-02	-8.304810e+00
1.789000e-05	1.902580e-02	-8.115463e+00
1.790000e-05	1.625135e-02	-7.944019e+00
1.791000e-05	1.605654e-02	-7.695886e+00
1.792000e-05	1.452400e-02	-7.513287e+00
1.793000e-05	1.378480e-02	-7.334436e+00
1.794000e-05	1.304913e-02	-7.124890e+00
1.795000e-05	1.224560e-02	-6.924438e+00
1.796000e-05	1.139901e-02	-6.714886e+00
1.797000e-05	1.104821e-02	-6.503436e+00
1.798000e-05	1.099431e-02	-6.354442e+00
1.799000e-05	9.202420e-03	-6.093812e+00
1.800000e-05	8.127715e-03	-5.863762e+00
1.801000e-05	8.305170e-03	-5.712761e+00
1.802000e-05	7.268907e-03	-5.512388e+00
1.803000e-05	7.625655e-03	-5.270751e+00
1.804000e-05	6.094621e-03	-5.010747e+00
1.805000e-05	4.408108e-03	-4.795913e+00
1.806000e-05	6.122923e-03	-4.553835e+00
1.807000e-05	4.165396e-03	-4.377969e+00
1.808000e-05	5.395181e-03	-4.147417e+00
1.809000e-05	3.030442e-03	-3.987416e+00
1.810000e-05	3.009230e-03	-3.711787e+00
1.811000e-05	3.131364e-03	-3.494356e+00
1.812000e-05	1.123175e-03	-3.271657e+00
1.813000e-05	1.667189e-03	-3.019101e+00
1.814000e-05	-3.294966e-04	-2.787491e+00
1.815000e-05	1.326172e-03	-2.567921e+00
1.816000e-05	1.984722e-04	-2.343840e+00
1.817000e-05	5.308236e-04	-2.092284e+00
1.818000e-05	-1.510609e-03	-1.873279e+00
1.819000e-05	5.590810e-05	-1.681603e+00
1.820000e-05	-2.434715e-03	-1.377521e+00
1.821000e-05	-2.146975e-03	-1.085787e+00
1.822000e-05	-3.673774e-03	-8.631580e-01
1.823000e-05	-2.471404e-03	-6.410826e-01
1.824000e-05	-3.647714e-03	-3.884915e-01
1.825000e-05	-3.161898e-03	-2.044411e-01
1.826000e-05	-2.264026e-03	5.357896e-02
1.827000e-05	5.837211e-03	2.872195e-01
1.828000e-05	-2.003571e-03	5.172419e-01
1.829000e-05	8.102566e-04	7.267184e-01
1.830000e-05	-2.801860e-03	8.757973e-01
1.831000e-05	-2.085445e-03	1.177508e+00
1.832000e-05	-4.182866e-03	1.419978e+00
1.833000e-05	9.202265e-04	1.634067e+00
1.834000e-05	1.933171e-02	1.844666e+00
1.835000e-05	7.283520e-02	2.015212e+00
1.836000e-05	-4.124204e-03	2.327793e+00
1.837000e-05	-7.009229e-02	2.571907e+00
1.838000e-05	-2.227426e-02	2.834161e+00
1.839000e-05	-3.505074e-02	3.060665e+00
1.840000e-05	-7.643330e-02	3.232128e+00
1.841000e-05	8.086017e-02	3.411984e+00
1.842000e-05	6.708416e-02	3.612603e+00
1.843000e-05	-1.643698e-01	3.810005e+00
1.844000e-05	1.716533e-01	4.030106e+00
1.845000e-05	-9.700361e-02	4.306714e+00
1.846000e-05	-3.183600e-02	4.476718e+00
1.847000e-05	7.001986e-02	4.724770e+00
1.848000e-05	-7.199863e-02	4.979976e+00
1.849000e-05	3.278908e-02	5.232560e+00
1.850000e-05	-1.100814e-02	5.496217e+00
1.851000e-05	-2.907719e-02	5.663270e+00
1.852000e-05	9.353619e-03	5.936843e+00
1.853000e-05	-4.034918e-02	6.135924e+00
1.854000e-05	7.422684e-03	6.316399e+00
1.855000e-05	-3.403285e-02	6.478928e+00
1.856000e-05	2.098085e-02	6.769953e+00
1.857000e-05	-5.986677e-03	6.959579e+00
1.858000e-05	-3.219869e-02	7.198979e+00
1.859000e-05	2.445858e-02	7.337405e+00
1.860000e-05	-5.838518e-02	7.661058e+00
1.861000e-05	5.767158e-03	7.821112e+00
1.862000e-05	-1.650913e-02	7.979609e+00
1.863000e-05	-1.071518e-02	8.251533e+00
1.864000e-05	-5.801560e-03	8.389954e+00
1.865000e-05	-3.465797e-02	8.546471e+00
1.866000e-05	-4.628703e-03	8.694768e+00
1.867000e-05	-2.828472e-02	8.834759e+00
1.868000e-05	-1.976376e-04	9.001535e+00
1.869000e-05	-2.612649e-02	9.220903e+00
1.870000e-05	-1.035017e-02	9.338399e+00
1.871000e-05	-1.520839e-02	9.475296e+00
1.872000e-05	-2.876462e-02	9.621210e+00
1.873000e-05	-1.532089e-02	9.769660e+00
1.874000e-05	-2.114277e-02	9.979325e+00
1.875000e-05	-1.328282e-02	1.009535e+01
1.876000e-05	-2.847335e-02	1.022066e+01
1.877000e-05	-1.569418e-02	1.041863e+01
1.878000e-05	-2.259067e-02	1.045640e+01
1.879000e-05	-2.348178e-02	1.059971e+01
1.880000e-05	-2.745985e-02	1.082010e+01
1.881000e-05	-2.140681e-02	1.089537e+01
1.882000e-05	-2.259655e-02	1.103064e+01
1.883000e-05	-2.864537e-02	1.114895e+01
1.884000e-05	-2.487590e-02	1.126379e+01
1.885000e-05	-2.642336e-02	1.135718e+01
1.886000e-05	-2.512784e-02	1.147385e+01
1.887000e-05	-3.203077e-02	1.164224e+01
1.888000e-05	-2.736190e-02	1.172695e+01
1.889000e-05	-2.948177e-02	1.178021e+01
1.890000e-05	-3.108533e-02	1.191392e+01
1.891000e-05	-3.017387e-02	1.197861e+01
1.892000e-05	-3.132036e-02	1.208326e+01
1.893000e-05	-3.368786e-02	1.209599e+01
1.894000e-05	-3.484172e-02	1.215755e+01
1.895000e-05	-3.113837e-02	1.226322e+01
1.896000e-05	-3.441888e-02	1.231687e+01
1.897000e-05	-3.470876e-02	1.240118e+01
1.898000e-05	-3.890341e-02	1.244276e+01
1.899000e-05	-3.742202e-02	1.250586e+01
1.900000e-05	-4.025433e-02	1.250389e+01
1.901000e-05	-4.064059e-02	1.253795e+01
1.902000e-05	-4.034104e-02	1.255863e+01
1.903000e-05	-4.112715e-02	1.256903e+01
1.904000e-05	-4.278704e-02	1.260918e+01
1.905000e-05	-4.228248e-02	1.260126e+01
1.906000e-05	-4.322339e-02	1.268121e+01
1.907000e-05	-4.449595e-02	1.264278e+01
1.908000e-05	-4.600653e-02	1.269174e+01
1.909000e-05	-4.831168e-02	1.267239e+01
1.910000e-05	-4.672964e-02	1.264326e+01
1.911000e-05	-4.805948e-02	1.265224e+01
1.912000e-05	-5.022997e-02	1.266122e+01
1.913000e-05	-5.191353e-02	1.264121e+01
1.914000e-05	-5.454314e-02	1.260068e+01
1.915000e-05	-5.429730e-02	1.261865e+01
1.916000e-05	-5.748939e-02	1.255908e+01
1.917000e-05	-5.829522e-02	1.258597e+01
1.918000e-05	-6.003966e-02	1.249545e+01
1.919000e-05	-6.096174e-02	1.246332e+01
1.920000e-05	-6.271347e-02	1.241226e+01
1.921000e-05	-6.681939e-02	1.238010e+01
1.922000e-05	-6.874718e-02	1.229447e+01
1.923000e-05	-7.155946e-02	1.223083e+01
1.924000e-05	-7.401443e-02	1.214708e+01
1.925000e-05	-7.567143e-02	1.209497e+01
1.926000e-05	-7.541451e-02	1.200978e+01
1.927000e-05	-7.409691e-02	1.194544e+01
1.928000e-05	-7.525194e-02	1.188131e+01
1.929000e-05	-7.312111e-02	1.174813e+01
1.930000e-05	-7.335050e-02	1.168284e+01
1.931000e-05	-6.886195e-02	1.150805e+01
1.932000e-05	-6.870656e-02	1.144128e+01
1.933000e-05	-6.459642e-02	1.134639e+01
1.934000e-05	-6.454385e-02	1.119963e+01
1.935000e-05	-5.973650e-02	1.112334e+01
1.936000e-05	-6.012232e-02	1.095910e+01
1.937000e-05	-5.449243e-02	1.090281e+01
1.938000e-05	-5.355792e-02	1.075852e+01
1.939000e-05	-4.881853e-02	1.062871e+01
1.940000e-05	-4.798644e-02	1.052234e+01
1.941000e-05	-4.476599e-02	1.035557e+01
1.942000e-05	-4.420375e-02	1.019918e+01
1.943000e-05	-4.150094e-02	1.008384e+01
1.944000e-05	-4.124999e-02	9.927498e+00
1.945000e-05	-3.904312e-02	9.768653e+00
1.946000e-05	-3.803730e-02	9.620280e+00
1.947000e-05	-3.490486e-02	9.473284e+00
1.948000e-05	-3.378589e-02	9.325869e+00
1.949000e-05	-3.218202e-02	9.190101e+00
1.950000e-05	-3.064944e-02	9.049604e+00
1.951000e-05	-3.000627e-02	8.811674e+00
1.952000e-05	-2.891156e-02	8.671884e+00
1.953000e-05	-2.827806e-02	8.522836e+00
1.954000e-05	-2.673258e-02	8.333890e+00
1.955000e-05	-2.591961e-02	8.113937e+00
1.956000e-05	-2.482313e-02	7.945346e+00
1.957000e-05	-2.368889e-02	7.766490e+00
1.958000e-05	-2.214691e-02	7.505942e+00
1.959000e-05	-2.130777e-02	7.354840e+00
1.960000e-05	-2.155525e-02	7.115415e+00
1.961000e-05	-2.105842e-02	6.945988e+00
1.962000e-05	-2.018428e-02	6.755470e+00
1.963000e-05	-1.998849e-02	6.515839e+00
1.964000e-05	-1.894340e-02	6.324862e+00
1.965000e-05	-1.789658e-02	6.125938e+00
1.966000e-05	-1.723716e-02	5.974988e+00
1.967000e-05	-1.726206e-02	5.724359e+00
1.968000e-05	-1.529641e-02	5.553835e+00
1.969000e-05	-1.403174e-02	5.253358e+00
1.970000e-05	-1.430205e-02	5.009225e+00
1.971000e-05	-1.500419e-02	4.786496e+00
1.972000e-05	-1.449347e-02	4.546464e+00
1.973000e-05	-1.308254e-02	4.336594e+00
1.974000e-05	-1.249567e-02	4.143895e+00
1.975000e-05	-1.214460e-02	3.903730e+00
1.976000e-05	-1.206540e-02	3.682761e+00
1.977000e-05	-1.007937e-02	3.473304e+00
1.978000e-05	-9.910879e-03	3.209124e+00
1.979000e-05	-9.557819e-03	2.959045e+00
1.980000e-05	-9.983990e-03	2.800016e+00
1.981000e-05	-9.386975e-03	2.558864e+00
1.982000e-05	-7.816813e-03	2.274233e+00
1.983000e-05	-8.192005e-03	2.083754e+00
1.984000e-05	-8.726177e-03	1.891701e+00
1.985000e-05	-7.051786e-03	1.630571e+00
1.986000e-05	-6.956942e-03	1.355938e+00
1.987000e-05	-6.818753e-03	1.084882e+00
1.988000e-05	-6.364662e-03	7.896964e-01
1.989000e-05	-4.912745e-03	6.085964e-01
1.990000e-05	-3.824732e-03	4.174762e-01
1.991000e-05	-3.813664e-03	1.248647e-01
1.992000e-05	-1.419619e-03	-8.474298e-02
1.993000e-05	7.148562e-03	-3.057395e-01
1.994000e-05	-5.645626e-03	-4.866932e-01
1.995000e-05	4.247860e-03	-7.884248e-01
1.996000e-05	-4.773499e-03	-9.888221e-01
1.997000e-05	2.968375e-03	-1.147831e+00
1.998000e-05	-1.169737e-03	-1.462581e+00
1.999000e-05	2.358186e-02	-1.583160e+00
2.000000e-05	9.379746e-02	-1.812559e+00
2.001000e-05	-1.824972e-02	-2.086775e+00
2.002000e-05	-5.542551e-02	-2.486218e+00
2.003000e-05	-1.108147e-02	-2.706770e+00
2.004000e-05	-5.987058e-02	-2.832167e+00
2.005000e-05	-4.476613e-02	-3.122817e+00
2.006000e-05	1.914089e-01	-3.180000e+00
2.007000e-05	-1.427128e-01	-3.422612e+00
2.008000e-05	7.647758e-02	-3.642082e+00
2.009000e-05	8.531489e-02	-3.734088e+00
2.010000e-05	-1.815560e-01	-4.128715e+00
2.011000e-05	1.716614e-01	-4.305292e+00
2.012000e-05	-6.422397e-02	-4.475297e+00
2.013000e-05	-2.160346e-02	-4.769576e+00
2.014000e-05	1.514195e-01	-4.968899e+00
2.015000e-05	-1.625507e-01	-5.253592e+00
2.016000e-05	1.272950e-01	-5.485848e+00
2.017000e-05	-6.285979e-02	-5.726297e+00
2.018000e-05	-1.386717e-02	-5.937348e+00
2.019000e-05	1.001255e-01	-6.043796e+00
2.020000e-05	-1.059079e-01	-6.386473e+00
2.021000e-05	1.297059e-01	-6.546875e+00
2.022000e-05	-7.552961e-02	-6.747501e+00
2.023000e-05	5.872417e-02	-6.981082e+00
2.024000e-05	2.682303e-02	-7.190430e+00
2.025000e-05	-7.914185e-02	-7.410607e+00
2.026000e-05	1.119929e-01	-7.550004e+00
2.027000e-05	-7.753312e-02	-7.881639e+00
2.028000e-05	8.926575e-02	-8.001612e+00
2.029000e-05	-2.251433e-02	-8.209980e+00
2.030000e-05	1.660878e-02	-8.357400e+00
2.031000e-05	2.299288e-02	-8.484799e+00
2.032000e-05	-3.232597e-02	-8.733800e+00
2.033000e-05	7.174838e-02	-8.853335e+00
2.034000e-05	-2.403224e-02	-9.020110e+00
2.035000e-05	5.597479e-02	-9.168983e+00
2.036000e-05	-2.928281e-02	-9.294979e+00
2.037000e-05	3.293506e-02	-9.486495e+00
2.038000e-05	1.508300e-02	-9.632792e+00
2.039000e-05	1.109742e-02	-9.810058e+00
2.040000e-05	2.629577e-02	-9.896996e+00
2.041000e-05	2.872246e-03	-1.007427e+01
2.042000e-05	3.755974e-02	-1.024164e+01
2.043000e-05	-4.787827e-03	-1.040008e+01
2.044000e-05	3.546793e-02	-1.046552e+01
2.045000e-05	7.765105e-03	-1.062274e+01
2.046000e-05	2.946080e-02	-1.073500e+01
2.047000e-05	6.448980e-03	-1.087329e+01
2.048000e-05	3.001399e-02	-1.099963e+01
2.049000e-05	2.246075e-02	-1.113734e+01
2.050000e-05	2.128238e-02	-1.122172e+01
2.051000e-05	2.145690e-02	-1.133648e+01
2.052000e-05	2.184389e-02	-1.144477e+01
2.053000e-05	3.089778e-02	-1.157652e+01
2.054000e-05	1.785328e-02	-1.165484e+01
2.055000e-05	3.017652e-02	-1.176866e+01
2.056000e-05	2.320689e-02	-1.188077e+01
2.057000e-05	2.934470e-02	-1.195860e+01
2.058000e-05	2.180139e-02	-1.204176e+01
2.059000e-05	3.342933e-02	-1.210592e+01
2.060000e-05	3.022739e-02	-1.215808e+01
2.061000e-05	3.101478e-02	-1.220166e+01
2.062000e-05	2.748861e-02	-1.227182e+01
2.063000e-05	3.086697e-02	-1.231339e+01
2.064000e-05	3.244882e-02	-1.232553e+01
2.065000e-05	3.093822e-02	-1.242013e+01
2.066000e-05	3.561183e-02	-1.243028e+01
2.067000e-05	3.314579e-02	-1.248237e+01
2.068000e-05	3.478214e-02	-1.251452e+01
2.069000e-05	3.635376e-02	-1.251495e+01
2.070000e-05	3.788595e-02	-1.253653e+01
2.071000e-05	3.718139e-02	-1.253660e+01
2.072000e-05	3.762365e-02	-1.260758e+01
2.073000e-05	4.023762e-02	-1.257670e+01
2.074000e-05	4.047033e-02	-1.259761e+01
2.075000e-05	4.002728e-02	-1.261821e+01
2.076000e-05	4.128799e-02	-1.257761e+01
2.077000e-05	4.297183e-02	-1.256610e+01
2.078000e-05	4.613173e-02	-1.257658e+01
2.079000e-05	4.623176e-02	-1.253655e+01
2.080000e-05	4.802515e-02	-1.253655e+01
2.081000e-05	4.943271e-02	-1.246539e+01
2.082000e-05	5.060602e-02	-1.250389e+01
2.083000e-05	5.288959e-02	-1.245286e+01
2.084000e-05	5.494700e-02	-1.241821e+01
2.085000e-05	5.758840e-02	-1.236753e+01
2.086000e-05	5.856013e-02	-1.228344e+01
2.087000e-05	6.114101e-02	-1.224981e+01
2.088000e-05	6.399526e-02	-1.219905e+01
2.089000e-05	6.585143e-02	-1.211449e+01
2.090000e-05	6.712731e-02	-1.209239e+01
2.091000e-05	6.887686e-02	-1.199865e+01
2.092000e-05	6.939077e-02	-1.191583e+01
2.093000e-05	6.861446e-02	-1.180820e+01
2.094000e-05	6.741942e-02	-1.171297e+01
2.095000e-05	6.659301e-02	-1.156915e+01
2.096000e-05	6.479723e-02	-1.152539e+01
2.097000e-05	6.131614e-02	-1.138615e+01
2.098000e-05	5.967154e-02	-1.127079e+01
2.099000e-05	5.815698e-02	-1.113505e+01
2.100000e-05	5.641379e-02	-1.101071e+01
2.101000e-05	5.341996e-02	-1.094494e+01
2.102000e-05	4.885643e-02	-1.084073e+01
2.103000e-05	4.587244e-02	-1.069397e+01
2.104000e-05	4.443277e-02	-1.056970e+01
2.105000e-05	4.184149e-02	-1.046229e+01
2.106000e-05	4.119281e-02	-1.033554e+01
2.107000e-05	3.832991e-02	-1.016808e+01
2.108000e-05	3.548540e-02	-1.005075e+01
2.109000e-05	3.290041e-02	-9.885287e+00
2.110000e-05	3.200968e-02	-9.747573e+00
2.111000e-05	3.125389e-02	-9.640710e+00
2.112000e-05	2.887373e-02	-9.491890e+00
2.113000e-05	2.577437e-02	-9.314842e+00
2.114000e-05	2.647721e-02	-9.166647e+00
2.115000e-05	2.493927e-02	-8.989650e+00
2.116000e-05	2.233090e-02	-8.830787e+00
2.117000e-05	2.092032e-02	-8.612781e+00
2.118000e-05	2.052359e-02	-8.491883e+00
2.119000e-05	2.154742e-02	-8.272341e+00
2.120000e-05	1.860438e-02	-8.125968e+00
2.121000e-05	1.669086e-02	-7.903969e+00
2.122000e-05	1.616701e-02	-7.744392e+00
2.123000e-05	1.540263e-02	-7.504918e+00
2.124000e-05	1.405751e-02	-7.315992e+00
2.125000e-05	1.287640e-02	-7.135043e+00
2.126000e-05	1.252828e-02	-6.895441e+00
2.127000e-05	1.152296e-02	-6.715465e+00
2.128000e-05	1.086465e-02	-6.484991e+00
2.129000e-05	1.063016e-02	-6.355996e+00
2.130000e-05	8.976424e-03	-6.126987e+00
2.131000e-05	9.581623e-03	-5.913864e+00
2.132000e-05	6.824236e-03	-5.693857e+00
2.133000e-05	6.944915e-03	-5.522887e+00
2.134000e-05	5.764599e-03	-5.260656e+00
2.135000e-05	7.768955e-03	-5.019778e+00
2.136000e-05	4.333773e-03	-4.738040e+00
2.137000e-05	6.743710e-03	-4.546442e+00
2.138000e-05	4.085891e-03	-4.387940e+00
2.139000e-05	4.247015e-03	-4.176488e+00
2.140000e-05	2.973138e-03	-3.956544e+00
2.141000e-05	4.216829e-03	-3.713913e+00
2.142000e-05	3.847868e-03	-3.475336e+00
2.143000e-05	2.191479e-03	-3.262307e+00
2.144000e-05	8.592964e-04	-3.049682e+00
2.145000e-05	1.580211e-04	-2.797520e+00
2.146000e-05	5.960245e-04	-2.568570e+00
2.147000e-05	-4.386514e-04	-2.355865e+00
2.148000e-05	6.016748e-04	-2.102808e+00
2.149000e-05	-6.814349e-04	-1.872785e+00
2.150000e-05	8.190655e-05	-1.672704e+00
2.151000e-05	-1.621025e-03	-1.377644e+00
2.152000e-05	-1.422808e-03	-1.124861e+00
2.153000e-05	-3.822313e-03	-8.918557e-01
2.154000e-05	-3.071325e-03	-6.937267e-01
2.155000e-05	-4.865577e-03	-4.079973e-01
2.156000e-05	-2.189464e-03	-1.575211e-01
2.157000e-05	-1.542550e-03	3.208520e-02
2.158000e-05	5.358398e-03	2.760856e-01
2.159000e-05	-2.116772e-03	4.957154e-01
2.160000e-05	-3.423543e-04	7.267632e-01
2.161000e-05	-1.559033e-03	8.857703e-01
2.162000e-05	-2.104861e-03	1.158347e+00
2.163000e-05	-4.369392e-03	1.369381e+00
2.164000e-05	-2.339068e-04	1.713064e+00
2.165000e-05	1.782434e-02	1.875661e+00
2.166000e-05	7.037220e-02	2.032634e+00
2.167000e-05	6.736505e-03	2.366768e+00
2.168000e-05	-7.468900e-02	2.560528e+00
2.169000e-05	-2.102053e-02	2.833160e+00
2.170000e-05	-3.540300e-02	3.051582e+00
2.171000e-05	-7.449593e-02	3.209555e+00
2.172000e-05	6.264182e-02	3.378428e+00
2.173000e-05	9.142892e-02	3.622055e+00
2.174000e-05	-1.733684e-01	3.780008e+00
2.175000e-05	1.629267e-01	3.999530e+00
2.176000e-05	-7.982024e-02	4.274191e+00
2.177000e-05	-5.115772e-02	4.464193e+00
2.178000e-05	7.572989e-02	4.726269e+00
2.179000e-05	-7.021653e-02	4.887406e+00
2.180000e-05	2.657997e-02	5.251563e+00
2.181000e-05	-3.432090e-04	5.485217e+00
2.182000e-05	-3.369973e-02	5.703164e+00
2.183000e-05	1.203526e-02	5.935192e+00
2.184000e-05	-4.126255e-02	6.107324e+00
2.185000e-05	4.107343e-03	6.316893e+00
2.186000e-05	-3.037397e-02	6.507871e+00
2.187000e-05	1.695801e-02	6.748054e+00
2.188000e-05	1.239895e-03	6.949026e+00
2.189000e-05	-3.946149e-02	7.209398e+00
2.190000e-05	2.622715e-02	7.318002e+00
2.191000e-05	-5.658955e-02	7.577581e+00
2.192000e-05	2.725796e-03	7.778979e+00
2.193000e-05	-1.246654e-02	8.011681e+00
2.194000e-05	-1.390029e-02	8.182108e+00
2.195000e-05	-2.547610e-03	8.388976e+00
2.196000e-05	-3.480575e-02	8.516398e+00
2.197000e-05	-5.269924e-03	8.645797e+00
2.198000e-05	-2.869550e-02	8.832207e+00
2.199000e-05	-1.655527e-03	8.988580e+00
2.200000e-05	-2.560142e-02	9.160078e+00
2.201000e-05	-1.084061e-02	9.307376e+00
2.202000e-05	-1.239103e-02	9.492720e+00
2.203000e-05	-2.788402e-02	9.643187e+00
2.204000e-05	-1.629179e-02	9.758582e+00
2.205000e-05	-2.139863e-02	9.968977e+00
2.206000e-05	-1.397345e-02	1.010632e+01
2.207000e-05	-2.880335e-02	1.023319e+01
2.208000e-05	-1.573213e-02	1.035750e+01
2.209000e-05	-2.239717e-02	1.050484e+01
2.210000e-05	-2.305227e-02	1.064026e+01
2.211000e-05	-2.728372e-02	1.078006e+01
2.212000e-05	-2.202037e-02	1.091387e+01
2.213000e-05	-2.220822e-02	1.100108e+01
2.214000e-05	-2.838199e-02	1.109450e+01
2.215000e-05	-2.505024e-02	1.128231e+01
2.216000e-05	-2.592907e-02	1.133806e+01
2.217000e-05	-2.561345e-02	1.148439e+01
2.218000e-05	-3.124670e-02	1.161171e+01
2.219000e-05	-2.730119e-02	1.172695e+01
2.220000e-05	-2.944327e-02	1.179216e+01
2.221000e-05	-3.022120e-02	1.193426e+01
2.222000e-05	-3.137616e-02	1.200850e+01
2.223000e-05	-3.028455e-02	1.204416e+01
2.224000e-05	-3.317990e-02	1.207550e+01
2.225000e-05	-3.541267e-02	1.216855e+01
2.226000e-05	-3.254837e-02	1.227181e+01
2.227000e-05	-3.555831e-02	1.232590e+01
2.228000e-05	-3.547212e-02	1.240053e+01
2.229000e-05	-3.882091e-02	1.245169e+01
2.230000e-05	-3.730070e-02	1.248281e+01
2.231000e-05	-3.890992e-02	1.250587e+01
2.232000e-05	-4.055561e-02	1.250597e+01
2.233000e-05	-3.954403e-02	1.255700e+01
2.234000e-05	-4.182498e-02	1.258911e+01
2.235000e-05	-4.271965e-02	1.260914e+01
2.236000e-05	-4.437965e-02	1.263971e+01
2.237000e-05	-4.242786e-02	1.262121e+01
2.238000e-05	-4.417660e-02	1.268176e+01
2.239000e-05	-4.530654e-02	1.266231e+01
2.240000e-05	-4.751345e-02	1.265439e+01
2.241000e-05	-4.890951e-02	1.265277e+01
2.242000e-05	-5.021120e-02	1.268176e+01
2.243000e-05	-4.968991e-02	1.266324e+01
2.244000e-05	-5.022668e-02	1.262073e+01
2.245000e-05	-5.362083e-02	1.261978e+01
2.246000e-05	-5.337822e-02	1.261013e+01
2.247000e-05	-5.661633e-02	1.255955e+01
2.248000e-05	-5.823184e-02	1.256708e+01
2.249000e-05	-6.118870e-02	1.251542e+01
2.250000e-05	-6.050111e-02	1.251436e+01
2.251000e-05	-6.377450e-02	1.242276e+01
2.252000e-05	-6.741369e-02	1.241166e+01
2.253000e-05	-6.959757e-02	1.230547e+01
2.254000e-05	-7.088680e-02	1.222974e+01
2.255000e-05	-7.186258e-02	1.217853e+01
2.256000e-05	-7.547663e-02	1.214394e+01
2.257000e-05	-7.520477e-02	1.199926e+01
2.258000e-05	-7.513221e-02	1.193495e+01
2.259000e-05	-7.518605e-02	1.187373e+01
2.260000e-05	-7.409562e-02	1.175795e+01
2.261000e-05	-7.230464e-02	1.166241e+01
2.262000e-05	-6.996759e-02	1.153708e+01
2.263000e-05	-6.914463e-02	1.143126e+01
2.264000e-05	-6.542343e-02	1.129694e+01
2.265000e-05	-6.423693e-02	1.119920e+01
2.266000e-05	-5.948587e-02	1.110346e+01
2.267000e-05	-5.927880e-02	1.099910e+01
2.268000e-05	-5.419517e-02	1.090284e+01
2.269000e-05	-5.425527e-02	1.075757e+01
2.270000e-05	-5.010881e-02	1.063883e+01
2.271000e-05	-4.866804e-02	1.050644e+01
2.272000e-05	-4.524567e-02	1.034602e+01
2.273000e-05	-4.429224e-02	1.020018e+01
2.274000e-05	-4.150184e-02	1.012444e+01
2.275000e-05	-4.151178e-02	9.976123e+00
2.276000e-05	-3.840107e-02	9.799682e+00
2.277000e-05	-3.752342e-02	9.620228e+00
2.278000e-05	-3.544118e-02	9.501790e+00
2.279000e-05	-3.473626e-02	9.355367e+00
2.280000e-05	-3.250714e-02	9.189195e+00
2.281000e-05	-3.087052e-02	8.999654e+00
2.282000e-05	-2.954981e-02	8.820205e+00
2.283000e-05	-2.900813e-02	8.663228e+00
2.284000e-05	-2.750577e-02	8.523285e+00
2.285000e-05	-2.701871e-02	8.353965e+00
2.286000e-05	-2.443027e-02	8.176493e+00
2.287000e-05	-2.513705e-02	7.936917e+00
2.288000e-05	-2.359845e-02	7.737545e+00
2.289000e-05	-2.401369e-02	7.586042e+00
2.290000e-05	-2.252531e-02	7.344891e+00
2.291000e-05	-2.215272e-02	7.084387e+00
2.292000e-05	-2.037884e-02	6.924990e+00
2.293000e-05	-1.938335e-02	6.745991e+00
2.294000e-05	-1.913819e-02	6.505338e+00
2.295000e-05	-1.953477e-02	6.345941e+00
2.296000e-05	-1.879653e-02	6.136416e+00
2.297000e-05	-1.841037e-02	6.006014e+00
2.298000e-05	-1.708150e-02	5.676942e+00
2.299000e-05	-1.524892e-02	5.514938e+00
2.300000e-05	-1.477884e-02	5.355861e+00
2.301000e-05	-1.416261e-02	5.010686e+00
2.302000e-05	-1.467527e-02	4.767147e+00
2.303000e-05	-1.380891e-02	4.587991e+00
2.304000e-05	-1.357365e-02	4.366971e+00
2.305000e-05	-1.201184e-02	4.147442e+00
2.306000e-05	-1.238474e-02	3.882308e+00
2.307000e-05	-1.130243e-02	3.695260e+00
2.308000e-05	-1.164640e-02	3.543229e+00
2.309000e-05	-1.090717e-02	3.240253e+00
2.310000e-05	-1.020102e-02	3.029623e+00
2.311000e-05	-1.002650e-02	2.801101e+00
2.312000e-05	-9.478668e-03	2.585941e+00
2.313000e-05	-7.928016e-03	2.313335e+00
2.314000e-05	-7.757185e-03	2.082758e+00
2.315000e-05	-7.835931e-03	1.943809e+00
2.316000e-05	-8.235914e-03	1.630072e+00
2.317000e-05	-6.635241e-03	1.387566e+00
2.318000e-05	-5.789561e-03	1.114909e+00
2.319000e-05	-5.936043e-03	8.402002e-01
2.320000e-05	-6.103059e-03	5.900465e-01
2.321000e-05	-4.877022e-03	4.010738e-01
2.322000e-05	-4.120299e-03	1.462872e-01
2.323000e-05	-1.969667e-03	-4.571303e-02
2.324000e-05	6.677951e-03	-3.152644e-01
2.325000e-05	-4.357661e-03	-4.643382e-01
2.326000e-05	4.231315e-03	-7.693260e-01
2.327000e-05	-5.263608e-03	-9.583234e-01
2.328000e-05	2.067938e-03	-1.127401e+00
2.329000e-05	-1.560058e-03	-1.400952e+00
2.330000e-05	1.969469e-02	-1.601033e+00
2.331000e-05	8.964451e-02	-1.810533e+00
2.332000e-05	-4.182750e-03	-2.105246e+00
2.333000e-05	-6.330421e-02	-2.413690e+00
2.334000e-05	-5.250454e-03	-2.716293e+00
2.335000e-05	-5.871186e-02	-2.875215e+00
2.336000e-05	-5.373235e-02	-3.103292e+00
2.337000e-05	1.863727e-01	-3.169501e+00
2.338000e-05	-1.227778e-01	-3.401534e+00
2.339000e-05	3.840165e-02	-3.651581e+00
2.340000e-05	1.123906e-01	-3.812560e+00
2.341000e-05	-1.907047e-01	-4.116271e+00
2.342000e-05	1.640723e-01	-4.303744e+00
2.343000e-05	-4.403493e-02	-4.455269e+00
2.344000e-05	-4.676287e-02	-4.748347e+00
2.345000e-05	1.638329e-01	-4.927376e+00
2.346000e-05	-1.572449e-01	-5.182158e+00
2.347000e-05	1.119899e-01	-5.506317e+00
2.348000e-05	-3.789215e-02	-5.674243e+00
2.349000e-05	-3.739697e-02	-5.935372e+00
2.350000e-05	1.152165e-01	-6.081794e+00
2.351000e-05	-1.138140e-01	-6.387427e+00
2.352000e-05	1.231955e-01	-6.536950e+00
2.353000e-05	-5.991786e-02	-6.757999e+00
2.354000e-05	4.018013e-02	-6.968551e+00
2.355000e-05	4.780965e-02	-7.151082e+00
2.356000e-05	-9.338965e-02	-7.411082e+00
2.357000e-05	1.163978e-01	-7.517455e+00
2.358000e-05	-7.498976e-02	-7.808004e+00
2.359000e-05	7.814592e-02	-8.022055e+00
2.360000e-05	-1.003810e-02	-8.189031e+00
2.361000e-05	5.105300e-03	-8.317900e+00
2.362000e-05	3.454433e-02	-8.505850e+00
2.363000e-05	-4.181237e-02	-8.733845e+00
2.364000e-05	7.396473e-02	-8.873742e+00
2.365000e-05	-2.234430e-02	-9.020587e+00
2.366000e-05	5.455001e-02	-9.169457e+00
2.367000e-05	-2.277959e-02	-9.355471e+00
2.368000e-05	2.536070e-02	-9.485796e+00
2.369000e-05	2.258140e-02	-9.643111e+00
2.370000e-05	4.437561e-03	-9.789156e+00
2.371000e-05	3.058873e-02	-9.906318e+00
2.372000e-05	5.487449e-06	-1.006329e+01
2.373000e-05	3.929534e-02	-1.019071e+01
2.374000e-05	-6.027166e-03	-1.037059e+01
2.375000e-05	3.402209e-02	-1.050437e+01
2.376000e-05	1.017446e-02	-1.062063e+01
2.377000e-05	3.054841e-02	-1.075752e+01
2.378000e-05	7.985378e-03	-1.083426e+01
2.379000e-05	2.637195e-02	-1.097816e+01
2.380000e-05	2.484997e-02	-1.112494e+01
2.381000e-05	1.872546e-02	-1.124174e+01
2.382000e-05	2.248208e-02	-1.134653e+01
2.383000e-05	2.032299e-02	-1.145029e+01
2.384000e-05	3.281436e-02	-1.156863e+01
2.385000e-05	1.737467e-02	-1.165334e+01
2.386000e-05	3.030409e-02	-1.176809e+01
2.387000e-05	2.336397e-02	-1.190380e+01
2.388000e-05	3.028535e-02	-1.195760e+01
2.389000e-05	2.189474e-02	-1.208076e+01
2.390000e-05	3.234800e-02	-1.210492e+01
2.391000e-05	3.005925e-02	-1.214753e+01
2.392000e-05	3.076382e-02	-1.217076e+01
2.393000e-05	2.868539e-02	-1.226229e+01
2.394000e-05	3.164018e-02	-1.232539e+01
2.395000e-05	3.391192e-02	-1.238755e+01
2.396000e-05	3.067484e-02	-1.236966e+01
2.397000e-05	3.434228e-02	-1.245079e+01
2.398000e-05	3.432737e-02	-1.246579e+01
2.399000e-05	3.553559e-02	-1.252399e+01
2.400000e-05	3.537785e-02	-1.253549e+01
2.401000e-05	3.784842e-02	-1.253550e+01
2.402000e-05	3.779813e-02	-1.253811e+01
2.403000e-05	3.895930e-02	-1.255705e+01
2.404000e-05	3.913832e-02	-1.260765e+01
2.405000e-05	4.172203e-02	-1.258863e+01
2.406000e-05	4.032502e-02	-1.261970e+01
2.407000e-05	4.172081e-02	-1.263823e+01
2.408000e-05	4.261799e-02	-1.258710e+01
2.409000e-05	4.597793e-02	-1.257755e+01
2.410000e-05	4.639896e-02	-1.254700e+01
2.411000e-05	4.685561e-02	-1.252702e+01
2.412000e-05	4.936443e-02	-1.250599e+01
2.413000e-05	5.029567e-02	-1.248439e+01
2.414000e-05	5.274886e-02	-1.243086e+01
2.415000e-05	5.509789e-02	-1.241021e+01
2.416000e-05	5.785350e-02	-1.235765e+01
2.417000e-05	5.962458e-02	-1.233289e+01
2.418000e-05	6.228454e-02	-1.223171e+01
2.419000e-05	6.330894e-02	-1.218760e+01
2.420000e-05	6.486883e-02	-1.215545e+01
2.421000e-05	6.646111e-02	-1.209234e+01
2.422000e-05	6.853140e-02	-1.198666e+01
2.423000e-05	6.909622e-02	-1.191352e+01
2.424000e-05	6.900152e-02	-1.181869e+01
2.425000e-05	6.821988e-02	-1.171487e+01
2.426000e-05	6.560012e-02	-1.158676e+01
2.427000e-05	6.349429e-02	-1.150642e+01
2.428000e-05	6.225543e-02	-1.133870e+01
2.429000e-05	6.143247e-02	-1.131029e+01
2.430000e-05	5.821061e-02	-1.111709e+01
2.431000e-05	5.458258e-02	-1.102928e+01
2.432000e-05	5.283206e-02	-1.092592e+01
2.433000e-05	4.987898e-02	-1.084020e+01
2.434000e-05	4.693961e-02	-1.073489e+01
2.435000e-05	4.440755e-02	-1.058815e+01
2.436000e-05	4.300252e-02	-1.047436e+01
2.437000e-05	4.054972e-02	-1.031552e+01
2.438000e-05	3.787109e-02	-1.016915e+01
2.439000e-05	3.479894e-02	-1.008173e+01
2.440000e-05	3.435989e-02	-9.923941e+00
2.441000e-05	3.162712e-02	-9.768624e+00
2.442000e-05	3.036247e-02	-9.652230e+00
2.443000e-05	3.006141e-02	-9.482935e+00
2.444000e-05	2.800926e-02	-9.324911e+00
2.445000e-05	2.579469e-02	-9.207546e+00
2.446000e-05	2.407613e-02	-9.008153e+00
2.447000e-05	2.296553e-02	-8.860781e+00
2.448000e-05	2.254458e-02	-8.669828e+00
2.449000e-05	1.969960e-02	-8.491309e+00
2.450000e-05	2.032246e-02	-8.284391e+00
2.451000e-05	1.885236e-02	-8.186437e+00
2.452000e-05	1.767471e-02	-7.944520e+00
2.453000e-05	1.565333e-02	-7.734490e+00
2.454000e-05	1.486917e-02	-7.553944e+00
2.455000e-05	1.494769e-02	-7.304970e+00
2.456000e-05	1.286248e-02	-7.164015e+00
2.457000e-05	1.202092e-02	-6.904391e+00
2.458000e-05	1.284296e-02	-6.704892e+00
2.459000e-05	1.048743e-02	-6.564965e+00
2.460000e-05	1.044915e-02	-6.326020e+00
2.461000e-05	9.370715e-03	-6.136438e+00
2.462000e-05	1.017025e-02	-5.924864e+00
2.463000e-05	8.101942e-03	-5.696339e+00
2.464000e-05	7.677460e-03	-5.505415e+00
2.465000e-05	5.976798e-03	-5.351907e+00
2.466000e-05	6.851129e-03	-5.049225e+00
2.467000e-05	4.430968e-03	-4.794937e+00
2.468000e-05	6.609856e-03	-4.566946e+00
2.469000e-05	3.227291e-03	-4.367992e+00
2.470000e-05	4.869034e-03	-4.177468e+00
2.471000e-05	2.899130e-03	-3.978993e+00
2.472000e-05	4.508240e-03	-3.735888e+00
2.473000e-05	2.528965e-03	-3.496888e+00
2.474000e-05	2.377001e-03	-3.302711e+00
2.475000e-05	1.655719e-03	-3.103182e+00
2.476000e-05	1.008457e-03	-2.819151e+00
2.477000e-05	7.717647e-04	-2.599621e+00
2.478000e-05	3.859882e-04	-2.395442e+00
2.479000e-05	-2.476727e-05	-2.132807e+00
2.480000e-05	-6.542274e-04	-1.902834e+00
2.481000e-05	-1.097905e-03	-1.691758e+00
2.482000e-05	-1.769687e-03	-1.419170e+00
2.483000e-05	-2.240110e-03	-1.127863e+00
2.484000e-05	-2.923460e-03	-9.137792e-01
2.485000e-05	-3.249098e-03	-6.717805e-01
2.486000e-05	-4.739487e-03	-4.201013e-01
2.487000e-05	-2.551272e-03	-2.410514e-01
2.488000e-05	-2.523818e-03	3.056020e-02
2.489000e-05	5.705387e-03	2.755408e-01
2.490000e-05	-6.644320e-04	4.641632e-01
2.491000e-05	-1.094965e-03	6.867144e-01
2.492000e-05	-2.177588e-03	8.736881e-01
2.493000e-05	-2.983798e-03	1.176922e+00
2.494000e-05	-4.725772e-03	1.369350e+00
2.495000e-05	-7.553161e-04	1.600538e+00
2.496000e-05	1.608737e-02	1.853609e+00
2.497000e-05	6.728131e-02	2.022635e+00
2.498000e-05	1.771341e-02	2.315666e+00
2.499000e-05	-7.999674e-02	2.550379e+00
2.500000e-05	-1.911042e-02	2.822033e+00
2.501000e-05	-3.762350e-02	3.032658e+00
2.502000e-05	-6.985472e-02	3.210504e+00
2.503000e-05	4.487009e-02	3.338983e+00
2.504000e-05	1.093325e-01	3.601558e+00
2.505000e-05	-1.794107e-01	3.747951e+00
2.506000e-05	1.500618e-01	4.000006e+00
2.507000e-05	-5.664963e-02	4.254287e+00
2.508000e-05	-6.597033e-02	4.444735e+00
2.509000e-05	8.528636e-02	4.677638e+00
2.510000e-05	-6.651908e-02	4.897828e+00
2.511000e-05	1.480388e-02	5.201586e+00
2.512000e-05	5.902517e-03	5.473635e+00
2.513000e-05	-3.814248e-02	5.643738e+00
2.514000e-05	1.465284e-02	5.896742e+00
2.515000e-05	-4.036303e-02	6.107346e+00
2.516000e-05	2.267720e-03	6.325269e+00
2.517000e-05	-2.588637e-02	6.465794e+00
2.518000e-05	8.403044e-03	6.737377e+00
2.519000e-05	6.846328e-03	6.926907e+00
2.520000e-05	-4.323821e-02	7.138925e+00
2.521000e-05	3.039062e-02	7.277400e+00
2.522000e-05	-5.538013e-02	7.560556e+00
2.523000e-05	-2.633178e-03	7.769007e+00
2.524000e-05	-9.136622e-03	7.959009e+00
2.525000e-05	-1.498631e-02	8.192056e+00
2.526000e-05	-2.079525e-03	8.369001e+00
2.527000e-05	-3.672267e-02	8.515846e+00
2.528000e-05	-5.244789e-03	8.684162e+00
2.529000e-05	-2.509389e-02	8.811134e+00
2.530000e-05	-1.524332e-03	8.938985e+00
2.531000e-05	-2.210068e-02	9.148455e+00
2.532000e-05	-1.431491e-02	9.315895e+00
2.533000e-05	-1.291056e-02	9.452745e+00
2.534000e-05	-2.899128e-02	9.592636e+00
2.535000e-05	-1.634610e-02	9.787479e+00
2.536000e-05	-1.972199e-02	9.957924e+00
2.537000e-05	-1.180379e-02	1.005375e+01
2.538000e-05	-3.006522e-02	1.020108e+01
2.539000e-05	-1.594482e-02	1.036850e+01
2.540000e-05	-2.435387e-02	1.045687e+01
2.541000e-05	-2.159094e-02	1.061116e+01
2.542000e-05	-2.701838e-02	1.073708e+01
2.543000e-05	-2.048370e-02	1.088589e+01
2.544000e-05	-2.203082e-02	1.101113e+01
2.545000e-05	-2.947523e-02	1.114757e+01
2.546000e-05	-2.593479e-02	1.124323e+01
2.547000e-05	-2.580358e-02	1.135650e+01
2.548000e-05	-2.443780e-02	1.146437e+01
2.549000e-05	-3.042929e-02	1.160064e+01
2.550000e-05	-2.742287e-02	1.169590e+01
2.551000e-05	-2.908690e-02	1.181113e+01
2.552000e-05	-3.178255e-02	1.187380e+01
2.553000e-05	-3.225379e-02	1.201743e+01
2.554000e-05	-3.053149e-02	1.202326e+01
2.555000e-05	-3.239680e-02	1.212639e+01
2.556000e-05	-3.405828e-02	1.217711e+01
2.557000e-05	-3.175226e-02	1.222077e+01
2.558000e-05	-3.353994e-02	1.229645e+01
2.559000e-05	-3.603328e-02	1.238805e+01
2.560000e-05	-4.064095e-02	1.242221e+01
2.561000e-05	-3.746299e-02	1.250421e+01
2.562000e-05	-3.785835e-02	1.247540e+01
2.563000e-05	-3.838155e-02	1.252445e+01
2.564000e-05	-3.945341e-02	1.254705e+01
2.565000e-05	-4.249187e-02	1.254953e+01
2.566000e-05	-4.407009e-02	1.258863e+01
2.567000e-05	-4.381433e-02	1.265016e+01
2.568000e-05	-4.208599e-02	1.265126e+01
2.569000e-05	-4.410461e-02	1.270276e+01
2.570000e-05	-4.537515e-02	1.268279e+01
2.571000e-05	-4.743214e-02	1.267229e+01
2.572000e-05	-4.857027e-02	1.266434e+01
2.573000e-05	-5.016012e-02	1.269181e+01
2.574000e-05	-5.011530e-02	1.266273e+01
2.575000e-05	-5.082662e-02	1.264274e+01
2.576000e-05	-5.310247e-02	1.261023e+01
2.577000e-05	-5.383574e-02	1.260068e+01
2.578000e-05	-5.516965e-02	1.259903e+01
2.579000e-05	-5.745808e-02	1.253655e+01
2.580000e-05	-6.158857e-02	1.250639e+01
2.581000e-05	-6.222868e-02	1.249436e+01
2.582000e-05	-6.429963e-02	1.244181e+01
2.583000e-05	-6.523355e-02	1.231855e+01
2.584000e-05	-6.870229e-02	1.232504e+01
2.585000e-05	-7.068462e-02	1.224029e+01
2.586000e-05	-7.328020e-02	1.217605e+01
2.587000e-05	-7.480066e-02	1.210689e+01
2.588000e-05	-7.499773e-02	1.200923e+01
2.589000e-05	-7.489385e-02	1.196644e+01
2.590000e-05	-7.363894e-02	1.184123e+01
2.591000e-05	-7.345419e-02	1.178863e+01
2.592000e-05	-7.180521e-02	1.166274e+01
2.593000e-05	-7.047210e-02	1.154705e+01
2.594000e-05	-6.896045e-02	1.144135e+01
2.595000e-05	-6.534940e-02	1.131447e+01
2.596000e-05	-6.393842e-02	1.116877e+01
2.597000e-05	-5.900662e-02	1.111336e+01
2.598000e-05	-6.004959e-02	1.101860e+01
2.599000e-05	-5.364335e-02	1.088486e+01
2.600000e-05	-5.469750e-02	1.079908e+01
2.601000e-05	-5.008064e-02	1.063131e+01
2.602000e-05	-4.973894e-02	1.050650e+01
2.603000e-05	-4.417777e-02	1.038662e+01
2.604000e-05	-4.427594e-02	1.027176e+01
2.605000e-05	-4.167484e-02	1.010391e+01
2.606000e-05	-4.098891e-02	9.986671e+00
2.607000e-05	-3.799586e-02	9.800676e+00
2.608000e-05	-3.707267e-02	9.649682e+00
2.609000e-05	-3.503952e-02	9.513860e+00
2.610000e-05	-3.499851e-02	9.336469e+00
2.611000e-05	-3.240743e-02	9.208626e+00
2.612000e-05	-3.120754e-02	9.009230e+00
2.613000e-05	-2.943540e-02	8.870678e+00
2.614000e-05	-2.914840e-02	8.653258e+00
2.615000e-05	-2.828509e-02	8.535386e+00
2.616000e-05	-2.623246e-02	8.337015e+00
2.617000e-05	-2.517291e-02	8.156492e+00
2.618000e-05	-2.428761e-02	7.966540e+00
2.619000e-05	-2.406003e-02	7.756022e+00
2.620000e-05	-2.283849e-02	7.575020e+00
2.621000e-05	-2.191977e-02	7.318420e+00
2.622000e-05	-2.276604e-02	7.145917e+00
2.623000e-05	-2.149290e-02	6.964941e+00
2.624000e-05	-1.939118e-02	6.736520e+00
2.625000e-05	-1.885965e-02	6.545964e+00
2.626000e-05	-1.922333e-02	6.316914e+00
2.627000e-05	-1.895703e-02	6.146394e+00
2.628000e-05	-1.767862e-02	5.927990e+00
2.629000e-05	-1.662205e-02	5.755365e+00
2.630000e-05	-1.595640e-02	5.526938e+00
2.631000e-05	-1.586372e-02	5.305381e+00
2.632000e-05	-1.525599e-02	5.092532e+00
2.633000e-05	-1.385073e-02	4.776522e+00
2.634000e-05	-1.403986e-02	4.567521e+00
2.635000e-05	-1.355199e-02	4.399648e+00
2.636000e-05	-1.255532e-02	4.165867e+00
2.637000e-05	-1.171563e-02	3.905863e+00
2.638000e-05	-1.136994e-02	3.703810e+00
2.639000e-05	-1.131072e-02	3.494363e+00
2.640000e-05	-1.039704e-02	3.263180e+00
2.641000e-05	-9.447337e-03	3.010179e+00
2.642000e-05	-9.770690e-03	2.842126e+00
2.643000e-05	-1.049525e-02	2.567621e+00
2.644000e-05	-9.237688e-03	2.327787e+00
2.645000e-05	-7.329772e-03	2.103308e+00
2.646000e-05	-7.593116e-03	1.894236e+00
2.647000e-05	-7.954696e-03	1.632645e+00
2.648000e-05	-6.836468e-03	1.409469e+00
2.649000e-05	-6.404675e-03	1.146362e+00
2.650000e-05	-5.590456e-03	8.607079e-01
2.651000e-05	-6.833783e-03	6.210965e-01
2.652000e-05	-6.019193e-03	3.916040e-01
2.653000e-05	-4.674686e-03	1.555672e-01
2.654000e-05	-1.447046e-03	-6.323928e-02
2.655000e-05	6.746349e-03	-3.282631e-01
2.656000e-05	-4.263703e-03	-4.531880e-01
2.657000e-05	4.151735e-03	-7.588431e-01
2.658000e-05	-3.591179e-03	-9.057961e-01
2.659000e-05	1.954978e-03	-1.106846e+00
2.660000e-05	-1.065582e-03	-1.371351e+00
2.661000e-05	1.866734e-02	-1.612056e+00
2.662000e-05	8.623177e-02	-1.799503e+00
2.663000e-05	9.540275e-03	-2.076266e+00
2.664000e-05	-7.175764e-02	-2.433109e+00
2.665000e-05	-1.682983e-03	-2.727791e+00
2.666000e-05	-5.678084e-02	-2.813689e+00
2.667000e-05	-6.165725e-02	-3.065616e+00
2.668000e-05	1.813963e-01	-3.188976e+00
2.669000e-05	-9.860430e-02	-3.391504e+00
2.670000e-05	1.740603e-03	-3.650107e+00
2.671000e-05	1.356088e-01	-3.793009e+00
2.672000e-05	-1.944148e-01	-4.074692e+00
2.673000e-05	1.524457e-01	-4.255741e+00
2.674000e-05	-2.106075e-02	-4.424217e+00
2.675000e-05	-6.668029e-02	-4.767470e+00
2.676000e-05	1.724578e-01	-4.936293e+00
2.677000e-05	-1.488112e-01	-5.203034e+00
2.678000e-05	9.119623e-02	-5.504796e+00
2.679000e-05	-1.258404e-02	-5.625742e+00
2.680000e-05	-6.102203e-02	-5.955742e+00
2.681000e-05	1.277836e-01	-6.054212e+00
2.682000e-05	-1.151647e-01	-6.295201e+00
2.683000e-05	1.141784e-01	-6.495844e+00
2.684000e-05	-4.257473e-02	-6.715749e+00
2.685000e-05	1.950268e-02	-6.906510e+00
2.686000e-05	6.771437e-02	-7.178050e+00
2.687000e-05	-1.060655e-01	-7.358581e+00
2.688000e-05	1.168288e-01	-7.554499e+00
2.689000e-05	-6.947820e-02	-7.780133e+00
2.690000e-05	6.740228e-02	-7.999559e+00
2.691000e-05	3.709131e-03	-8.168507e+00
2.692000e-05	-7.113919e-03	-8.327426e+00
2.693000e-05	4.394052e-02	-8.453821e+00
2.694000e-05	-4.821271e-02	-8.684418e+00
2.695000e-05	7.694851e-02	-8.843216e+00
2.696000e-05	-2.067638e-02	-9.020132e+00
2.697000e-05	4.958444e-02	-9.166976e+00
2.698000e-05	-1.869798e-02	-9.257897e+00
2.699000e-05	1.774475e-02	-9.493816e+00
2.700000e-05	2.996059e-02	-9.611136e+00
2.701000e-05	-4.150475e-04	-9.790030e+00
2.702000e-05	3.533736e-02	-9.894321e+00
2.703000e-05	-1.848068e-03	-1.004334e+01
2.704000e-05	4.240718e-02	-1.019918e+01
2.705000e-05	-7.763695e-03	-1.038106e+01
2.706000e-05	3.224352e-02	-1.051385e+01
2.707000e-05	1.023943e-02	-1.059163e+01
2.708000e-05	2.869357e-02	-1.070445e+01
2.709000e-05	9.156958e-03	-1.084312e+01
2.710000e-05	2.441778e-02	-1.098753e+01
2.711000e-05	2.828395e-02	-1.106387e+01
2.712000e-05	1.898710e-02	-1.117979e+01
2.713000e-05	2.325657e-02	-1.132635e+01
2.714000e-05	1.768302e-02	-1.138173e+01
2.715000e-05	3.382235e-02	-1.156705e+01
2.716000e-05	1.755311e-02	-1.166181e+01
2.717000e-05	3.001952e-02	-1.177756e+01
2.718000e-05	2.389717e-02	-1.186132e+01
2.719000e-05	3.026577e-02	-1.197653e+01
2.720000e-05	2.203105e-02	-1.202316e+01
2.721000e-05	3.053982e-02	-1.211442e+01
2.722000e-05	3.165450e-02	-1.216758e+01
2.723000e-05	3.153899e-02	-1.218868e+01
2.724000e-05	2.952155e-02	-1.226334e+01
2.725000e-05	2.898449e-02	-1.233338e+01
2.726000e-05	3.302978e-02	-1.232605e+01
2.727000e-05	3.057879e-02	-1.239918e+01
2.728000e-05	3.525388e-02	-1.245074e+01
2.729000e-05	3.389200e-02	-1.248441e+01
2.730000e-05	3.530131e-02	-1.249484e+01
2.731000e-05	3.650366e-02	-1.253545e+01
2.732000e-05	3.695761e-02	-1.250695e+01
2.733000e-05	3.767661e-02	-1.256705e+01
2.734000e-05	3.801507e-02	-1.256763e+01
2.735000e-05	3.981473e-02	-1.257718e+01
2.736000e-05	4.095856e-02	-1.258813e+01
2.737000e-05	3.959428e-02	-1.260916e+01
2.738000e-05	4.238029e-02	-1.260819e+01
2.739000e-05	4.343542e-02	-1.258763e+01
2.740000e-05	4.589108e-02	-1.258660e+01
2.741000e-05	4.516478e-02	-1.254707e+01
2.742000e-05	4.706037e-02	-1.253605e+01
2.743000e-05	4.863980e-02	-1.251599e+01
2.744000e-05	5.093799e-02	-1.249336e+01
2.745000e-05	5.323144e-02	-1.239331e+01
2.746000e-05	5.501832e-02	-1.240775e+01
2.747000e-05	5.713059e-02	-1.235855e+01
2.748000e-05	5.883678e-02	-1.231447e+01
2.749000e-05	6.022593e-02	-1.226276e+01
2.750000e-05	6.405071e-02	-1.220013e+01
2.751000e-05	6.538350e-02	-1.214692e+01
2.752000e-05	6.665353e-02	-1.207339e+01
2.753000e-05	6.819472e-02	-1.195815e+01
2.754000e-05	6.904176e-02	-1.189397e+01
2.755000e-05	6.831370e-02	-1.178916e+01
2.756000e-05	6.756770e-02	-1.167494e+01
2.757000e-05	6.699530e-02	-1.159813e+01
2.758000e-05	6.407109e-02	-1.150394e+01
2.759000e-05	6.268802e-02	-1.137613e+01
2.760000e-05	6.024565e-02	-1.129084e+01
2.761000e-05	5.863111e-02	-1.115600e+01
2.762000e-05	5.595049e-02	-1.100136e+01
2.763000e-05	5.187498e-02	-1.094592e+01
2.764000e-05	5.014355e-02	-1.083973e+01
2.765000e-05	4.516060e-02	-1.072392e+01
2.766000e-05	4.565577e-02	-1.061918e+01
2.767000e-05	4.310248e-02	-1.049186e+01
2.768000e-05	3.998267e-02	-1.035765e+01
2.769000e-05	3.703632e-02	-1.018868e+01
2.770000e-05	3.562661e-02	-1.008333e+01
2.771000e-05	3.556887e-02	-9.924891e+00
2.772000e-05	3.253669e-02	-9.747673e+00
2.773000e-05	2.985044e-02	-9.661257e+00
2.774000e-05	3.013053e-02	-9.552439e+00
2.775000e-05	2.787214e-02	-9.334972e+00
2.776000e-05	2.561076e-02	-9.198621e+00
2.777000e-05	2.260294e-02	-9.059728e+00
2.778000e-05	2.365352e-02	-8.872785e+00
2.779000e-05	2.329479e-02	-8.653386e+00
2.780000e-05	2.106638e-02	-8.492386e+00
2.781000e-05	1.892988e-02	-8.345414e+00
2.782000e-05	1.949914e-02	-8.146520e+00
2.783000e-05	1.820531e-02	-7.945994e+00
2.784000e-05	1.686239e-02	-7.727020e+00
2.785000e-05	1.465280e-02	-7.534517e+00
2.786000e-05	1.481527e-02	-7.324915e+00
2.787000e-05	1.404728e-02	-7.156443e+00
2.788000e-05	1.241615e-02	-6.966988e+00
2.789000e-05	1.159774e-02	-6.735941e+00
2.790000e-05	1.155818e-02	-6.556417e+00
2.791000e-05	1.116939e-02	-6.368074e+00
2.792000e-05	9.874627e-03	-6.145494e+00
2.793000e-05	8.465718e-03	-5.945416e+00
2.794000e-05	8.028953e-03	-5.722382e+00
2.795000e-05	7.763152e-03	-5.565470e+00
2.796000e-05	5.490235e-03	-5.243283e+00
2.797000e-05	6.339933e-03	-5.061206e+00
2.798000e-05	3.819928e-03	-4.798994e+00
2.799000e-05	6.917614e-03	-4.557571e+00
2.800000e-05	3.780173e-03	-4.389146e+00
2.801000e-05	5.163687e-03	-4.208025e+00
2.802000e-05	3.101877e-03	-3.956999e+00
2.803000e-05	3.810374e-03	-3.716542e+00
2.804000e-05	3.008033e-03	-3.525364e+00
2.805000e-05	2.010424e-03	-3.272838e+00
2.806000e-05	1.873359e-03	-3.092835e+00
2.807000e-05	1.702482e-03	-2.799146e+00
2.808000e-05	-3.012966e-04	-2.589972e+00
2.809000e-05	1.978720e-05	-2.407572e+00
2.810000e-05	-1.842857e-04	-2.123893e+00
2.811000e-05	-9.961726e-04	-1.895333e+00
2.812000e-05	-8.938552e-04	-1.680762e+00
2.813000e-05	-1.710784e-03	-1.450701e+00
2.814000e-05	-1.966948e-03	-1.137442e+00
2.815000e-05	-3.081221e-03	-9.148131e-01
2.816000e-05	-2.658419e-03	-7.252857e-01
2.817000e-05	-4.847487e-03	-4.607265e-01
2.818000e-05	-3.746788e-03	-1.806236e-01
2.819000e-05	-3.916456e-03	-1.007119e-02
2.820000e-05	4.900219e-03	2.231103e-01
2.821000e-05	7.884342e-04	4.716130e-01
2.822000e-05	-2.290691e-03	6.752157e-01
2.823000e-05	-1.835472e-03	8.431354e-01
2.824000e-05	-4.018865e-03	1.116243e+00
2.825000e-05	-2.607249e-03	1.379397e+00
2.826000e-05	-1.367012e-03	1.642883e+00
2.827000e-05	1.423220e-02	1.842582e+00
2.828000e-05	6.282349e-02	2.002080e+00
2.829000e-05	2.749997e-02	2.247219e+00
2.830000e-05	-8.182572e-02	2.550400e+00
2.831000e-05	-1.921257e-02	2.801004e+00
2.832000e-05	-3.708683e-02	3.021527e+00
2.833000e-05	-6.672272e-02	3.179975e+00
2.834000e-05	2.588656e-02	3.336503e+00
2.835000e-05	1.275121e-01	3.570478e+00
2.836000e-05	-1.784223e-01	3.779872e+00
2.837000e-05	1.386903e-01	3.947375e+00
2.838000e-05	-3.389675e-02	4.231488e+00
2.839000e-05	-8.432233e-02	4.435638e+00
2.840000e-05	8.750635e-02	4.714741e+00
2.841000e-05	-5.902322e-02	4.918269e+00
2.842000e-05	8.346405e-03	5.181503e+00
2.843000e-05	1.192298e-02	5.432608e+00
2.844000e-05	-4.392982e-02	5.612183e+00
2.845000e-05	1.727254e-02	5.874642e+00
2.846000e-05	-3.699211e-02	6.106243e+00
2.847000e-05	-1.204847e-03	6.295318e+00
2.848000e-05	-2.319197e-02	6.483818e+00
2.849000e-05	3.018785e-03	6.759349e+00
2.850000e-05	1.419585e-02	6.928919e+00
2.851000e-05	-4.858652e-02	7.146352e+00
2.852000e-05	3.159271e-02	7.285822e+00
2.853000e-05	-5.010685e-02	7.567927e+00
2.854000e-05	-7.080877e-03	7.798878e+00
2.855000e-05	-6.105095e-03	8.032533e+00
2.856000e-05	-1.859408e-02	8.151054e+00
2.857000e-05	1.915203e-03	8.317476e+00
2.858000e-05	-3.540717e-02	8.505794e+00
2.859000e-05	-7.205226e-03	8.661190e+00
2.860000e-05	-2.714890e-02	8.772112e+00
2.861000e-05	-3.384024e-03	8.948606e+00
2.862000e-05	-2.054587e-02	9.149951e+00
2.863000e-05	-1.496558e-02	9.305867e+00
2.864000e-05	-9.827191e-03	9.452139e+00
2.865000e-05	-2.962871e-02	9.601681e+00
2.866000e-05	-1.624672e-02	9.758079e+00
2.867000e-05	-1.978856e-02	9.957899e+00
2.868000e-05	-1.288105e-02	1.008176e+01
2.869000e-05	-2.644620e-02	1.021111e+01
2.870000e-05	-1.931331e-02	1.033540e+01
2.871000e-05	-2.072260e-02	1.045534e+01
2.872000e-05	-2.241190e-02	1.056071e+01
2.873000e-05	-2.668071e-02	1.079605e+01
2.874000e-05	-2.223090e-02	1.089379e+01
2.875000e-05	-2.138498e-02	1.100061e+01
2.876000e-05	-2.820166e-02	1.109679e+01
2.877000e-05	-2.553837e-02	1.127476e+01
2.878000e-05	-2.541875e-02	1.130606e+01
2.879000e-05	-2.545278e-02	1.140422e+01
2.880000e-05	-3.128789e-02	1.158108e+01
2.881000e-05	-2.815369e-02	1.171542e+01
2.882000e-05	-2.829241e-02	1.179063e+01
2.883000e-05	-3.073977e-02	1.189387e+01
2.884000e-05	-3.131015e-02	1.194745e+01
2.885000e-05	-3.071880e-02	1.204326e+01
2.886000e-05	-3.323525e-02	1.206490e+01
2.887000e-05	-3.442340e-02	1.216758e+01
2.888000e-05	-3.204989e-02	1.223129e+01
2.889000e-05	-3.240551e-02	1.233647e+01
2.890000e-05	-3.467530e-02	1.242903e+01
2.891000e-05	-3.863939e-02	1.244171e+01
2.892000e-05	-3.933365e-02	1.249282e+01
2.893000e-05	-3.995110e-02	1.251435e+01
2.894000e-05	-3.924278e-02	1.251552e+01
2.895000e-05	-3.899969e-02	1.253845e+01
2.896000e-05	-4.056022e-02	1.257863e+01
2.897000e-05	-4.368919e-02	1.260916e+01
2.898000e-05	-4.366944e-02	1.263123e+01
2.899000e-05	-4.148171e-02	1.263071e+01
2.900000e-05	-4.393832e-02	1.263226e+01
2.901000e-05	-4.619208e-02	1.268284e+01
2.902000e-05	-4.882091e-02	1.265283e+01
2.903000e-05	-4.696420e-02	1.267232e+01
2.904000e-05	-4.970161e-02	1.265179e+01
2.905000e-05	-5.072050e-02	1.264176e+01
2.906000e-05	-5.248653e-02	1.264119e+01
2.907000e-05	-5.272560e-02	1.259966e+01
2.908000e-05	-5.354227e-02	1.258010e+01
2.909000e-05	-5.468055e-02	1.253812e+01
2.910000e-05	-5.598688e-02	1.256710e+01
2.911000e-05	-5.912148e-02	1.250645e+01
2.912000e-05	-6.195317e-02	1.252434e+01
2.913000e-05	-6.487645e-02	1.243181e+01
2.914000e-05	-6.636154e-02	1.238870e+01
2.915000e-05	-6.781105e-02	1.232647e+01
2.916000e-05	-6.940259e-02	1.226136e+01
2.917000e-05	-7.270369e-02	1.216855e+01
2.918000e-05	-7.450003e-02	1.208546e+01
2.919000e-05	-7.495684e-02	1.203333e+01
2.920000e-05	-7.423340e-02	1.195805e+01
2.921000e-05	-7.461272e-02	1.187331e+01
2.922000e-05	-7.363060e-02	1.176752e+01
2.923000e-05	-7.043483e-02	1.167401e+01
2.924000e-05	-6.997125e-02	1.153003e+01
2.925000e-05	-6.923813e-02	1.144043e+01
2.926000e-05	-6.608284e-02	1.133602e+01
2.927000e-05	-6.362907e-02	1.123120e+01
2.928000e-05	-5.957709e-02	1.112497e+01
2.929000e-05	-6.158596e-02	1.100865e+01
2.930000e-05	-5.446231e-02	1.090437e+01
2.931000e-05	-5.381611e-02	1.076965e+01
2.932000e-05	-4.861142e-02	1.065189e+01
2.933000e-05	-5.035800e-02	1.053502e+01
2.934000e-05	-4.506726e-02	1.035867e+01
2.935000e-05	-4.361926e-02	1.023276e+01
2.936000e-05	-4.138586e-02	1.013446e+01
2.937000e-05	-4.236928e-02	9.988625e+00
2.938000e-05	-3.858493e-02	9.808154e+00
2.939000e-05	-3.795259e-02	9.619757e+00
2.940000e-05	-3.455807e-02	9.493414e+00
2.941000e-05	-3.452722e-02	9.326494e+00
2.942000e-05	-3.281823e-02	9.199650e+00
2.943000e-05	-3.242585e-02	9.041259e+00
2.944000e-05	-2.949965e-02	8.832360e+00
2.945000e-05	-2.883183e-02	8.703811e+00
2.946000e-05	-2.848821e-02	8.524914e+00
2.947000e-05	-2.714834e-02	8.387498e+00
2.948000e-05	-2.526025e-02	8.177052e+00
2.949000e-05	-2.516784e-02	7.995572e+00
2.950000e-05	-2.468493e-02	7.767971e+00
2.951000e-05	-2.307191e-02	7.538121e+00
2.952000e-05	-2.208609e-02	7.326518e+00
2.953000e-05	-2.191451e-02	7.176993e+00
2.954000e-05	-2.133807e-02	6.998017e+00
2.955000e-05	-2.028200e-02	6.770077e+00
2.956000e-05	-1.892546e-02	6.547566e+00
2.957000e-05	-1.899827e-02	6.356466e+00
2.958000e-05	-1.850305e-02	6.167018e+00
2.959000e-05	-1.818444e-02	5.989046e+00
2.960000e-05	-1.724078e-02	5.746966e+00
2.961000e-05	-1.661825e-02	5.607967e+00
2.962000e-05	-1.459604e-02	5.324390e+00
2.963000e-05	-1.493125e-02	5.071303e+00
2.964000e-05	-1.469729e-02	4.828667e+00
2.965000e-05	-1.410171e-02	4.580045e+00
2.966000e-05	-1.286802e-02	4.409624e+00
2.967000e-05	-1.296436e-02	4.175520e+00
2.968000e-05	-1.215671e-02	3.955460e+00
2.969000e-05	-1.241356e-02	3.744890e+00
2.970000e-05	-1.013112e-02	3.476365e+00
2.971000e-05	-1.142295e-02	3.271209e+00
2.972000e-05	-1.059804e-02	3.021153e+00
2.973000e-05	-9.974315e-03	2.883105e+00
2.974000e-05	-9.313272e-03	2.619618e+00
2.975000e-05	-9.269207e-03	2.316364e+00
2.976000e-05	-9.120504e-03	2.083287e+00
2.977000e-05	-7.651253e-03	1.945309e+00
2.978000e-05	-7.698030e-03	1.670703e+00
2.979000e-05	-6.844987e-03	1.418569e+00
2.980000e-05	-6.663429e-03	1.178361e+00
2.981000e-05	-5.592579e-03	8.942295e-01
2.982000e-05	-5.402999e-03	6.311753e-01
2.983000e-05	-4.942012e-03	4.206039e-01
2.984000e-05	-4.782908e-03	2.074985e-01
2.985000e-05	-2.685754e-03	-5.363414e-02
2.986000e-05	7.410997e-03	-2.635868e-01
2.987000e-05	-3.384158e-03	-4.740378e-01
2.988000e-05	2.210618e-03	-7.182896e-01
2.989000e-05	-3.694246e-03	-9.267197e-01
2.990000e-05	2.772662e-03	-1.116842e+00
2.991000e-05	-1.355864e-03	-1.291329e+00
2.992000e-05	1.550789e-02	-1.570033e+00
2.993000e-05	8.111278e-02	-1.821078e+00
2.994000e-05	2.500194e-02	-2.073092e+00
2.995000e-05	-7.909153e-02	-2.432012e+00
2.996000e-05	4.805373e-04	-2.686217e+00
2.997000e-05	-5.778348e-02	-2.822612e+00
2.998000e-05	-6.661627e-02	-3.032161e+00
2.999000e-05	1.724119e-01	-3.168928e+00
3.000000e-05	-6.747978e-02	-3.380433e+00
3.001000e-05	-3.526123e-02	-3.600602e+00
3.002000e-05	1.587939e-01	-3.759903e+00
3.003000e-05	-1.959784e-01	-4.065742e+00
3.004000e-05	1.355492e-01	-4.265741e+00
3.005000e-05	1.854553e-03	-4.441687e+00
3.006000e-05	-8.587651e-02	-4.735295e+00
3.007000e-05	1.761346e-01	-4.934320e+00
3.008000e-05	-1.361643e-01	-5.159430e+00
3.009000e-05	6.630387e-02	-5.454768e+00
3.010000e-05	1.310097e-02	-5.633637e+00
3.011000e-05	-7.969014e-02	-5.925741e+00
3.012000e-05	1.400688e-01	-6.064789e+00
3.013000e-05	-1.139952e-01	-6.336850e+00
3.014000e-05	1.017023e-01	-6.536370e+00
3.015000e-05	-2.519585e-02	-6.735900e+00
3.016000e-05	-2.229953e-03	-6.949929e+00
3.017000e-05	8.459671e-02	-7.147030e+00
3.018000e-05	-1.158448e-01	-7.337001e+00
3.019000e-05	1.156380e-01	-7.536477e+00
3.020000e-05	-6.083458e-02	-7.769155e+00
3.021000e-05	5.631506e-02	-8.020504e+00
3.022000e-05	1.841991e-02	-8.156975e+00
3.023000e-05	-2.008684e-02	-8.335924e+00
3.024000e-05	5.339290e-02	-8.444341e+00
3.025000e-05	-5.314633e-02	-8.665317e+00
3.026000e-05	7.499786e-02	-8.851288e+00
3.027000e-05	-1.776054e-02	-9.051633e+00
3.028000e-05	4.503388e-02	-9.145852e+00
3.029000e-05	-1.126958e-02	-9.275852e+00
3.030000e-05	9.481931e-03	-9.493820e+00
3.031000e-05	3.651775e-02	-9.611683e+00
3.032000e-05	-3.967697e-03	-9.769530e+00
3.033000e-05	3.955132e-02	-9.873897e+00
3.034000e-05	-5.718223e-03	-1.001381e+01
3.035000e-05	4.291305e-02	-1.018706e+01
3.036000e-05	-7.421770e-03	-1.034693e+01
3.037000e-05	3.216557e-02	-1.050387e+01
3.038000e-05	1.192984e-02	-1.061108e+01
3.039000e-05	2.613566e-02	-1.071590e+01
3.040000e-05	1.189628e-02	-1.084311e+01
3.041000e-05	2.190807e-02	-1.096710e+01
3.042000e-05	3.061029e-02	-1.106524e+01
3.043000e-05	1.685847e-02	-1.124168e+01
3.044000e-05	2.494572e-02	-1.130745e+01
3.045000e-05	1.664730e-02	-1.140124e+01
3.046000e-05	3.510078e-02	-1.157808e+01
3.047000e-05	1.722381e-02	-1.164431e+01
3.048000e-05	3.029477e-02	-1.175713e+01
3.049000e-05	2.348463e-02	-1.183129e+01
3.050000e-05	2.899485e-02	-1.194745e+01
3.051000e-05	2.336155e-02	-1.205271e+01
3.052000e-05	3.082622e-02	-1.208447e+01
3.053000e-05	3.289504e-02	-1.212748e+01
3.054000e-05	3.000822e-02	-1.218064e+01
3.055000e-05	3.001018e-02	-1.226174e+01
3.056000e-05	2.842703e-02	-1.230337e+01
3.057000e-05	3.393729e-02	-1.235750e+01
3.058000e-05	2.865328e-02	-1.238011e+01
3.059000e-05	3.556088e-02	-1.242174e+01
3.060000e-05	3.408319e-02	-1.241144e+01
3.061000e-05	3.642411e-02	-1.252589e+01
3.062000e-05	3.552577e-02	-1.248605e+01
3.063000e-05	3.697340e-02	-1.256655e+01
3.064000e-05	3.725163e-02	-1.252755e+01
3.065000e-05	3.885903e-02	-1.257653e+01
3.066000e-05	3.919111e-02	-1.257721e+01
3.067000e-05	4.065900e-02	-1.254866e+01
3.068000e-05	4.006892e-02	-1.260908e+01
3.069000e-05	4.224280e-02	-1.259763e+01
3.070000e-05	4.333731e-02	-1.259813e+01
3.071000e-05	4.578415e-02	-1.260663e+01
3.072000e-05	4.534351e-02	-1.256763e+01
3.073000e-05	4.715799e-02	-1.255752e+01
3.074000e-05	4.920645e-02	-1.250602e+01
3.075000e-05	5.052517e-02	-1.250479e+01
3.076000e-05	5.298912e-02	-1.246189e+01
3.077000e-05	5.498620e-02	-1.239078e+01
3.078000e-05	5.662785e-02	-1.238757e+01
3.079000e-05	5.871798e-02	-1.232554e+01
3.080000e-05	6.051150e-02	-1.224174e+01
3.081000e-05	6.385181e-02	-1.221810e+01
3.082000e-05	6.537921e-02	-1.213652e+01
3.083000e-05	6.513291e-02	-1.211441e+01
3.084000e-05	6.962973e-02	-1.201868e+01
3.085000e-05	6.656078e-02	-1.189499e+01
3.086000e-05	7.164612e-02	-1.182923e+01
3.087000e-05	6.959497e-02	-1.173649e+01
3.088000e-05	6.688556e-02	-1.162828e+01
3.089000e-05	6.565251e-02	-1.151602e+01
3.090000e-05	5.960695e-02	-1.140615e+01
3.091000e-05	6.190770e-02	-1.127034e+01
3.092000e-05	5.605028e-02	-1.114652e+01
3.093000e-05	5.682482e-02	-1.103186e+01
3.094000e-05	5.303753e-02	-1.097497e+01
3.095000e-05	5.092443e-02	-1.085121e+01
3.096000e-05	4.873819e-02	-1.072594e+01
3.097000e-05	4.592518e-02	-1.059968e+01
3.098000e-05	4.400234e-02	-1.049491e+01
3.099000e-05	4.057564e-02	-1.036663e+01
3.100000e-05	3.704280e-02	-1.019021e+01
3.101000e-05	3.517090e-02	-1.005333e+01
3.102000e-05	3.381082e-02	-9.904392e+00
3.103000e-05	3.276943e-02	-9.788125e+00
3.104000e-05	3.136445e-02	-9.691286e+00
3.105000e-05	3.002463e-02	-9.495016e+00
3.106000e-05	2.878140e-02	-9.364992e+00
3.107000e-05	2.678059e-02	-9.206625e+00
3.108000e-05	2.441250e-02	-9.028708e+00
3.109000e-05	2.290346e-02	-8.883336e+00
3.110000e-05	2.071085e-02	-8.674513e+00
3.111000e-05	2.058790e-02	-8.512864e+00
3.112000e-05	1.905662e-02	-8.315018e+00
3.113000e-05	1.944032e-02	-8.146495e+00
3.114000e-05	1.809287e-02	-8.006630e+00
3.115000e-05	1.731108e-02	-7.768567e+00
3.116000e-05	1.606376e-02	-7.595567e+00
3.117000e-05	1.415849e-02	-7.387019e+00
3.118000e-05	1.308816e-02	-7.187547e+00
3.119000e-05	1.165264e-02	-6.936016e+00
3.120000e-05	1.092817e-02	-6.745044e+00
3.121000e-05	1.072440e-02	-6.575496e+00
3.122000e-05	1.110803e-02	-6.418045e+00
3.123000e-05	1.013766e-02	-6.147499e+00
3.124000e-05	9.338717e-03	-5.955919e+00
3.125000e-05	8.486005e-03	-5.745466e+00
3.126000e-05	7.638400e-03	-5.556995e+00
3.127000e-05	6.444429e-03	-5.324314e+00
3.128000e-05	7.109642e-03	-5.093259e+00
3.129000e-05	4.214047e-03	-4.795545e+00
3.130000e-05	5.894705e-03	-4.609095e+00
3.131000e-05	3.697176e-03	-4.418153e+00
3.132000e-05	4.256962e-03	-4.189102e+00
3.133000e-05	4.111393e-03	-4.011541e+00
3.134000e-05	4.523970e-03	-3.756566e+00
3.135000e-05	2.920548e-03	-3.505916e+00
3.136000e-05	2.226197e-03	-3.315340e+00
3.137000e-05	1.372659e-03	-3.104312e+00
3.138000e-05	2.517185e-04	-2.860728e+00
3.139000e-05	-6.054344e-04	-2.660542e+00
3.140000e-05	-9.539446e-05	-2.419068e+00
3.141000e-05	3.072927e-04	-2.134965e+00
3.142000e-05	-6.004376e-04	-1.895862e+00
3.143000e-05	-1.798160e-03	-1.713358e+00
3.144000e-05	-2.104038e-03	-1.401574e+00
3.145000e-05	-1.380137e-03	-1.166519e+00
3.146000e-05	-2.420242e-03	-9.478382e-01
3.147000e-05	-3.809415e-03	-7.437907e-01
3.148000e-05	-4.138795e-03	-4.606991e-01
3.149000e-05	-3.745386e-03	-2.101526e-01
3.150000e-05	-4.234102e-03	-3.067625e-02
3.151000e-05	2.840065e-03	2.339613e-01
3.152000e-05	7.266473e-04	4.520879e-01
3.153000e-05	-2.407528e-03	6.541155e-01
3.154000e-05	1.086595e-03	8.340890e-01
3.155000e-05	-4.425646e-03	1.167116e+00
3.156000e-05	-2.669288e-03	1.358421e+00
3.157000e-05	-1.950837e-03	1.600953e+00
3.158000e-05	1.251474e-02	1.791558e+00
3.159000e-05	5.681410e-02	2.012058e+00
3.160000e-05	3.731618e-02	2.255112e+00
3.161000e-05	-8.359962e-02	2.569324e+00
3.162000e-05	-1.947969e-02	2.821484e+00
3.163000e-05	-3.776623e-02	3.021035e+00
3.164000e-05	-6.177910e-02	3.160502e+00
3.165000e-05	9.478419e-03	3.310350e+00
3.166000e-05	1.419967e-01	3.609949e+00
3.167000e-05	-1.749612e-01	3.717900e+00
3.168000e-05	1.176405e-01	3.967447e+00
3.169000e-05	-8.631024e-03	4.191987e+00
3.170000e-05	-9.821934e-02	4.413612e+00
3.171000e-05	9.067399e-02	4.635143e+00
3.172000e-05	-5.413632e-02	4.835645e+00
3.173000e-05	-1.684521e-03	5.158927e+00
3.174000e-05	2.199360e-02	5.390688e+00
3.175000e-05	-4.622480e-02	5.602533e+00
3.176000e-05	1.574918e-02	5.833664e+00
3.177000e-05	-3.617001e-02	6.055788e+00
3.178000e-05	-4.008470e-03	6.273736e+00
3.179000e-05	-1.859177e-02	6.426191e+00
3.180000e-05	-3.934825e-03	6.747870e+00
3.181000e-05	2.003974e-02	6.887897e+00
3.182000e-05	-4.994940e-02	7.106846e+00
3.183000e-05	3.064146e-02	7.304346e+00
3.184000e-05	-4.914297e-02	7.507872e+00
3.185000e-05	-1.244311e-02	7.737954e+00
3.186000e-05	-1.362590e-03	7.940008e+00
3.187000e-05	-1.920250e-02	8.180979e+00
3.188000e-05	1.716987e-03	8.326425e+00
3.189000e-05	-3.614131e-02	8.465794e+00
3.190000e-05	-7.733850e-03	8.672611e+00
3.191000e-05	-2.538388e-02	8.821102e+00
3.192000e-05	-5.235436e-03	8.948601e+00
3.193000e-05	-1.880437e-02	9.147423e+00
3.194000e-05	-1.766603e-02	9.314367e+00
3.195000e-05	-9.110799e-03	9.453189e+00
3.196000e-05	-2.798132e-02	9.582529e+00
3.197000e-05	-1.844356e-02	9.739027e+00
3.198000e-05	-1.918127e-02	9.906321e+00
3.199000e-05	-1.342850e-02	1.005434e+01
3.200000e-05	-2.590299e-02	1.019059e+01
3.201000e-05	-2.039630e-02	1.034745e+01
3.202000e-05	-2.061081e-02	1.046427e+01
3.203000e-05	-2.354774e-02	1.060958e+01
3.204000e-05	-2.623592e-02	1.074808e+01
3.205000e-05	-2.300800e-02	1.086387e+01
3.206000e-05	-2.202269e-02	1.097111e+01
3.207000e-05	-2.726090e-02	1.107437e+01
3.208000e-05	-2.584948e-02	1.120363e+01
3.209000e-05	-2.441471e-02	1.132705e+01
3.210000e-05	-2.690002e-02	1.144282e+01
3.211000e-05	-2.996014e-02	1.159956e+01
3.212000e-05	-2.791476e-02	1.170495e+01
3.213000e-05	-2.764206e-02	1.179113e+01
3.214000e-05	-3.092532e-02	1.188331e+01
3.215000e-05	-3.057141e-02	1.192800e+01
3.216000e-05	-2.990369e-02	1.203124e+01
3.217000e-05	-3.287533e-02	1.205692e+01
3.218000e-05	-3.573724e-02	1.215758e+01
3.219000e-05	-3.241454e-02	1.223022e+01
3.220000e-05	-3.303233e-02	1.229495e+01
3.221000e-05	-3.533505e-02	1.237011e+01
3.222000e-05	-3.888514e-02	1.243316e+01
3.223000e-05	-3.760940e-02	1.246376e+01
3.224000e-05	-3.835622e-02	1.250380e+01
3.225000e-05	-3.910149e-02	1.252400e+01
3.226000e-05	-4.082223e-02	1.253700e+01
3.227000e-05	-4.045279e-02	1.262955e+01
3.228000e-05	-4.336637e-02	1.257011e+01
3.229000e-05	-4.339003e-02	1.262063e+01
3.230000e-05	-4.255208e-02	1.262123e+01
3.231000e-05	-4.383781e-02	1.266176e+01
3.232000e-05	-4.586768e-02	1.265286e+01
3.233000e-05	-4.767971e-02	1.266129e+01
3.234000e-05	-4.678769e-02	1.266277e+01
3.235000e-05	-4.991129e-02	1.268276e+01
3.236000e-05	-4.981076e-02	1.266176e+01
3.237000e-05	-5.050727e-02	1.263016e+01
3.238000e-05	-5.201281e-02	1.267113e+01
3.239000e-05	-5.499773e-02	1.258118e+01
3.240000e-05	-5.511485e-02	1.255910e+01
3.241000e-05	-5.602272e-02	1.252747e+01
3.242000e-05	-5.976372e-02	1.252592e+01
3.243000e-05	-6.155339e-02	1.248584e+01
3.244000e-05	-6.388705e-02	1.241378e+01
3.245000e-05	-6.487056e-02	1.237768e+01
3.246000e-05	-6.853145e-02	1.229507e+01
3.247000e-05	-6.938101e-02	1.222076e+01
3.248000e-05	-7.256156e-02	1.216803e+01
3.249000e-05	-7.370629e-02	1.210402e+01
3.250000e-05	-7.566305e-02	1.206181e+01
3.251000e-05	-7.467413e-02	1.196655e+01
3.252000e-05	-7.357474e-02	1.190179e+01
3.253000e-05	-7.347996e-02	1.178858e+01
3.254000e-05	-7.114631e-02	1.170336e+01
3.255000e-05	-7.110264e-02	1.156868e+01
3.256000e-05	-6.924640e-02	1.145086e+01
3.257000e-05	-6.514209e-02	1.133696e+01
3.258000e-05	-6.405583e-02	1.122930e+01
3.259000e-05	-6.004731e-02	1.113347e+01
3.260000e-05	-5.949697e-02	1.100008e+01
3.261000e-05	-5.447137e-02	1.092332e+01
3.262000e-05	-5.527257e-02	1.082803e+01
3.263000e-05	-5.000898e-02	1.069133e+01
3.264000e-05	-4.923796e-02	1.051587e+01
3.265000e-05	-4.418573e-02	1.039013e+01
3.266000e-05	-4.452668e-02	1.026126e+01
3.267000e-05	-4.202059e-02	1.012437e+01
3.268000e-05	-4.209199e-02	9.990651e+00
3.269000e-05	-3.813294e-02	9.831830e+00
3.270000e-05	-3.802367e-02	9.661734e+00
3.271000e-05	-3.505855e-02	9.494390e+00
3.272000e-05	-3.431721e-02	9.325524e+00
3.273000e-05	-3.296167e-02	9.210677e+00
3.274000e-05	-3.141523e-02	9.052834e+00
3.275000e-05	-2.957159e-02	8.882833e+00
3.276000e-05	-2.882302e-02	8.703762e+00
3.277000e-05	-2.790599e-02	8.485365e+00
3.278000e-05	-2.696708e-02	8.367595e+00
3.279000e-05	-2.528489e-02	8.159094e+00
3.280000e-05	-2.641338e-02	7.947597e+00
3.281000e-05	-2.384557e-02	7.778495e+00
3.282000e-05	-2.283869e-02	7.601526e+00
3.283000e-05	-2.169030e-02	7.365500e+00
3.284000e-05	-2.274977e-02	7.167001e+00
3.285000e-05	-2.039163e-02	6.967045e+00
3.286000e-05	-2.034697e-02	6.789074e+00
3.287000e-05	-1.934437e-02	6.556550e+00
3.288000e-05	-1.848365e-02	6.396571e+00
3.289000e-05	-1.849530e-02	6.188021e+00
3.290000e-05	-1.731249e-02	5.950073e+00
3.291000e-05	-1.722655e-02	5.726493e+00
3.292000e-05	-1.578476e-02	5.556472e+00
3.293000e-05	-1.451348e-02	5.325995e+00
3.294000e-05	-1.492348e-02	5.131328e+00
3.295000e-05	-1.424793e-02	4.818176e+00
3.296000e-05	-1.344141e-02	4.629624e+00
3.297000e-05	-1.292212e-02	4.440078e+00
3.298000e-05	-1.346012e-02	4.187421e+00
3.299000e-05	-1.233664e-02	3.946313e+00
3.300000e-05	-1.157921e-02	3.754366e+00
3.301000e-05	-1.093472e-02	3.554421e+00
3.302000e-05	-1.063573e-02	3.294210e+00
3.303000e-05	-1.041935e-02	3.063256e+00
3.304000e-05	-9.923217e-03	2.843707e+00
3.305000e-05	-9.864594e-03	2.640198e+00
3.306000e-05	-8.723895e-03	2.346965e+00
3.307000e-05	-8.354183e-03	2.156863e+00
3.308000e-05	-7.279464e-03	1.904862e+00
3.309000e-05	-7.629091e-03	1.631727e+00
3.310000e-05	-6.877168e-03	1.399524e+00
3.311000e-05	-6.440512e-03	1.169540e+00
3.312000e-05	-6.119538e-03	8.632805e-01
3.313000e-05	-6.855804e-03	6.626793e-01
3.314000e-05	-5.358368e-03	4.411764e-01
3.315000e-05	-3.111566e-03	2.201191e-01
3.316000e-05	-2.335638e-03	-3.258658e-02
3.317000e-05	6.960134e-03	-2.631103e-01
3.318000e-05	-3.148834e-03	-4.325878e-01
3.319000e-05	2.754316e-03	-7.378156e-01
3.320000e-05	-3.400922e-03	-9.367670e-01
3.321000e-05	1.479188e-03	-1.115742e+00
3.322000e-05	-8.054699e-04	-1.359826e+00
3.323000e-05	1.196771e-02	-1.620455e+00
3.324000e-05	7.574021e-02	-1.799451e+00
3.325000e-05	3.803542e-02	-2.021587e+00
3.326000e-05	-8.233966e-02	-2.412083e+00
3.327000e-05	3.320824e-03	-2.675717e+00
3.328000e-05	-5.658944e-02	-2.853060e+00
3.329000e-05	-7.039601e-02	-3.063629e+00
3.330000e-05	1.606586e-01	-3.158972e+00
3.331000e-05	-3.484726e-02	-3.338405e+00
3.332000e-05	-7.081744e-02	-3.600558e+00
3.333000e-05	1.765380e-01	-3.737433e+00
3.334000e-05	-1.942058e-01	-4.033613e+00
3.335000e-05	1.147237e-01	-4.294167e+00
3.336000e-05	2.811245e-02	-4.422589e+00
3.337000e-05	-1.010334e-01	-4.707421e+00
3.338000e-05	1.763334e-01	-4.913746e+00
3.339000e-05	-1.208069e-01	-5.158453e+00
3.340000e-05	4.235436e-02	-5.451159e+00
3.341000e-05	3.853918e-02	-5.665163e+00
3.342000e-05	-1.006044e-01	-5.924693e+00
3.343000e-05	1.452505e-01	-6.051158e+00
3.344000e-05	-1.078147e-01	-6.305822e+00
3.345000e-05	8.758719e-02	-6.515350e+00
3.346000e-05	-6.250452e-03	-6.706273e+00
3.347000e-05	-2.143429e-02	-6.893926e+00
3.348000e-05	1.015156e-01	-7.138404e+00
3.349000e-05	-1.205130e-01	-7.315951e+00
3.350000e-05	1.089108e-01	-7.496950e+00
3.351000e-05	-4.974994e-02	-7.739429e+00
3.352000e-05	4.175557e-02	-7.968451e+00
3.353000e-05	3.172157e-02	-8.137398e+00
3.354000e-05	-3.188085e-02	-8.344850e+00
3.355000e-05	6.272758e-02	-8.484321e+00
3.356000e-05	-5.743080e-02	-8.664365e+00
3.357000e-05	7.314333e-02	-8.852162e+00
3.358000e-05	-1.456292e-02	-9.010633e+00
3.359000e-05	4.135054e-02	-9.118446e+00
3.360000e-05	-4.523239e-03	-9.303794e+00
3.361000e-05	-6.473904e-04	-9.492320e+00
3.362000e-05	4.160010e-02	-9.623158e+00
3.363000e-05	-7.367944e-03	-9.778501e+00
3.364000e-05	4.251012e-02	-9.893342e+00
3.365000e-05	-8.879142e-03	-1.005474e+01
3.366000e-05	4.450545e-02	-1.016904e+01
3.367000e-05	-5.131350e-03	-1.037756e+01
3.368000e-05	2.896373e-02	-1.049337e+01
3.369000e-05	1.235512e-02	-1.060951e+01
3.370000e-05	2.522605e-02	-1.069490e+01
3.371000e-05	1.507726e-02	-1.087268e+01
3.372000e-05	1.841617e-02	-1.090800e+01
3.373000e-05	3.075843e-02	-1.109340e+01
3.374000e-05	1.676145e-02	-1.124069e+01
3.375000e-05	2.756902e-02	-1.131295e+01
3.376000e-05	1.464169e-02	-1.143321e+01
3.377000e-05	3.462881e-02	-1.151653e+01
3.378000e-05	1.772712e-02	-1.162431e+01
3.379000e-05	2.986180e-02	-1.177608e+01
3.380000e-05	2.320463e-02	-1.187029e+01
3.381000e-05	2.892295e-02	-1.194758e+01
3.382000e-05	2.394624e-02	-1.204126e+01
3.383000e-05	2.959220e-02	-1.209337e+01
3.384000e-05	3.273241e-02	-1.213555e+01
3.385000e-05	3.011085e-02	-1.222815e+01
3.386000e-05	3.105144e-02	-1.227174e+01
3.387000e-05	2.773120e-02	-1.231495e+01
3.388000e-05	3.340300e-02	-1.233643e+01
3.389000e-05	3.020770e-02	-1.237918e+01
3.390000e-05	3.577034e-02	-1.245126e+01
3.391000e-05	3.443537e-02	-1.246285e+01
3.392000e-05	3.490528e-02	-1.245437e+01
3.393000e-05	3.645494e-02	-1.253437e+01
3.394000e-05	3.651210e-02	-1.251605e+01
3.395000e-05	3.798589e-02	-1.255752e+01
3.396000e-05	3.908521e-02	-1.260665e+01
3.397000e-05	4.052778e-02	-1.256711e+01
3.398000e-05	4.119535e-02	-1.259868e+01
3.399000e-05	3.938696e-02	-1.261681e+01
3.400000e-05	4.135047e-02	-1.255771e+01
3.401000e-05	4.220407e-02	-1.259813e+01
3.402000e-05	4.520787e-02	-1.256711e+01
3.403000e-05	4.519344e-02	-1.255763e+01
3.404000e-05	4.850751e-02	-1.251658e+01
3.405000e-05	4.996279e-02	-1.252497e+01
3.406000e-05	4.981472e-02	-1.248402e+01
3.407000e-05	5.160204e-02	-1.244479e+01
3.408000e-05	5.589262e-02	-1.239979e+01
3.409000e-05	5.681069e-02	-1.236555e+01
3.410000e-05	5.789582e-02	-1.228447e+01
3.411000e-05	6.024166e-02	-1.227032e+01
3.412000e-05	6.360441e-02	-1.218018e+01
3.413000e-05	6.587986e-02	-1.214497e+01
3.414000e-05	6.646304e-02	-1.212289e+01
3.415000e-05	6.788530e-02	-1.202073e+01
3.416000e-05	6.848461e-02	-1.193597e+01
3.417000e-05	6.943770e-02	-1.183815e+01
3.418000e-05	6.847287e-02	-1.172702e+01
3.419000e-05	6.661635e-02	-1.164726e+01
3.420000e-05	6.457017e-02	-1.154547e+01
3.421000e-05	6.167421e-02	-1.136866e+01
3.422000e-05	6.073336e-02	-1.130187e+01
3.423000e-05	5.885579e-02	-1.117402e+01
3.424000e-05	5.560969e-02	-1.106131e+01
3.425000e-05	5.386435e-02	-1.091447e+01
3.426000e-05	5.015993e-02	-1.083111e+01
3.427000e-05	4.683544e-02	-1.072602e+01
3.428000e-05	4.474583e-02	-1.058871e+01
3.429000e-05	4.352633e-02	-1.052587e+01
3.430000e-05	4.107822e-02	-1.038860e+01
3.431000e-05	3.711187e-02	-1.024068e+01
3.432000e-05	3.683299e-02	-1.009339e+01
3.433000e-05	3.537976e-02	-9.915496e+00
3.434000e-05	3.237880e-02	-9.789054e+00
3.435000e-05	3.043059e-02	-9.704386e+00
3.436000e-05	2.954587e-02	-9.514444e+00
3.437000e-05	2.726016e-02	-9.377549e+00
3.438000e-05	2.707953e-02	-9.198578e+00
3.439000e-05	2.443757e-02	-9.000759e+00
3.440000e-05	2.384612e-02	-8.893331e+00
3.441000e-05	2.214025e-02	-8.661445e+00
3.442000e-05	2.194689e-02	-8.514392e+00
3.443000e-05	2.005014e-02	-8.354473e+00
3.444000e-05	1.953615e-02	-8.156546e+00
3.445000e-05	1.732542e-02	-7.957173e+00
3.446000e-05	1.722999e-02	-7.780025e+00
3.447000e-05	1.557340e-02	-7.554991e+00
3.448000e-05	1.420877e-02	-7.324550e+00
3.449000e-05	1.334392e-02	-7.207525e+00
3.450000e-05	1.216956e-02	-6.978546e+00
3.451000e-05	1.241085e-02	-6.766496e+00
3.452000e-05	1.056753e-02	-6.597598e+00
3.453000e-05	1.104356e-02	-6.368070e+00
3.454000e-05	1.000839e-02	-6.156498e+00
3.455000e-05	1.057529e-02	-5.967020e+00
3.456000e-05	7.369018e-03	-5.776018e+00
3.457000e-05	8.291965e-03	-5.577121e+00
3.458000e-05	5.607775e-03	-5.336595e+00
3.459000e-05	7.889011e-03	-5.094838e+00
3.460000e-05	3.945476e-03	-4.831172e+00
3.461000e-05	6.107198e-03	-4.576520e+00
3.462000e-05	3.795818e-03	-4.408600e+00
3.463000e-05	5.048645e-03	-4.209104e+00
3.464000e-05	2.379833e-03	-4.019125e+00
3.465000e-05	4.727723e-03	-3.717494e+00
3.466000e-05	2.815847e-03	-3.557992e+00
3.467000e-05	3.331755e-03	-3.385341e+00
3.468000e-05	1.163630e-03	-3.132312e+00
3.469000e-05	7.912905e-04	-2.860680e+00
3.470000e-05	-4.851776e-04	-2.651656e+00
3.471000e-05	1.347772e-03	-2.400476e+00
3.472000e-05	6.041401e-04	-2.189596e+00
3.473000e-05	-4.615206e-04	-1.925316e+00
3.474000e-05	-1.980049e-03	-1.683838e+00
3.475000e-05	-1.155780e-03	-1.503731e+00
3.476000e-05	-1.860127e-03	-1.207018e+00
3.477000e-05	-3.551509e-03	-9.678135e-01
3.478000e-05	-2.955619e-03	-7.447845e-01
3.479000e-05	-3.904174e-03	-4.612278e-01
3.480000e-05	-2.536375e-03	-2.711802e-01
3.481000e-05	-3.800648e-03	-1.965269e-02
3.482000e-05	3.717596e-03	2.019339e-01
3.483000e-05	1.308597e-03	4.215355e-01
3.484000e-05	-3.612662e-03	6.430829e-01
3.485000e-05	1.030293e-03	8.411926e-01
3.486000e-05	-4.952489e-03	1.125216e+00
3.487000e-05	-2.257702e-03	1.337748e+00
3.488000e-05	-2.969466e-03	1.573458e+00
3.489000e-05	1.095793e-02	1.790109e+00
3.490000e-05	5.403926e-02	2.019026e+00
3.491000e-05	4.672135e-02	2.283559e+00
3.492000e-05	-8.424587e-02	2.483872e+00
3.493000e-05	-2.186185e-02	2.790078e+00
3.494000e-05	-3.893471e-02	2.969953e+00
3.495000e-05	-5.623828e-02	3.149025e+00
3.496000e-05	-5.702903e-03	3.255770e+00
3.497000e-05	1.521987e-01	3.589850e+00
3.498000e-05	-1.667730e-01	3.759922e+00
3.499000e-05	9.560925e-02	3.957024e+00
3.500000e-05	1.925821e-02	4.192459e+00
3.501000e-05	-1.151264e-01	4.431136e+00
3.502000e-05	8.812819e-02	4.634014e+00
3.503000e-05	-4.642983e-02	4.813720e+00
3.504000e-05	-1.022899e-02	5.109855e+00
3.505000e-05	2.995378e-02	5.391080e+00
3.506000e-05	-4.820491e-02	5.599608e+00
3.507000e-05	1.800396e-02	5.842638e+00
3.508000e-05	-3.344376e-02	6.084238e+00
3.509000e-05	-1.035576e-02	6.263211e+00
3.510000e-05	-1.459611e-02	6.462786e+00
3.511000e-05	-9.066366e-03	6.715770e+00
3.512000e-05	2.656366e-02	6.876817e+00
3.513000e-05	-5.367218e-02	7.095947e+00
3.514000e-05	2.918940e-02	7.255301e+00
3.515000e-05	-4.210067e-02	7.496325e+00
3.516000e-05	-1.903553e-02	7.737899e+00
3.517000e-05	1.246811e-03	7.936481e+00
3.518000e-05	-2.216087e-02	8.130505e+00
3.519000e-05	4.482333e-03	8.316824e+00
3.520000e-05	-3.555620e-02	8.463792e+00
3.521000e-05	-8.195763e-03	8.611612e+00
3.522000e-05	-2.338435e-02	8.779529e+00
3.523000e-05	-6.633589e-03	8.927079e+00
3.524000e-05	-1.824327e-02	9.086450e+00
3.525000e-05	-1.898532e-02	9.285321e+00
3.526000e-05	-9.050955e-03	9.462191e+00
3.527000e-05	-2.740633e-02	9.561603e+00
3.528000e-05	-1.882736e-02	9.737025e+00
3.529000e-05	-1.885596e-02	9.885347e+00
3.530000e-05	-1.487562e-02	1.004369e+01
3.531000e-05	-2.505382e-02	1.019061e+01
3.532000e-05	-2.109582e-02	1.027735e+01
3.533000e-05	-1.968000e-02	1.043431e+01
3.534000e-05	-2.383564e-02	1.059016e+01
3.535000e-05	-2.649613e-02	1.072798e+01
3.536000e-05	-2.308476e-02	1.088271e+01
3.537000e-05	-2.182067e-02	1.097008e+01
3.538000e-05	-2.650013e-02	1.109337e+01
3.539000e-05	-2.711984e-02	1.122263e+01
3.540000e-05	-2.476263e-02	1.132548e+01
3.541000e-05	-2.575900e-02	1.146129e+01
3.542000e-05	-2.981298e-02	1.152963e+01
3.543000e-05	-2.926927e-02	1.170535e+01
3.544000e-05	-2.889222e-02	1.176010e+01
3.545000e-05	-2.960991e-02	1.187274e+01
3.546000e-05	-3.111922e-02	1.194805e+01
3.547000e-05	-3.039200e-02	1.203271e+01
3.548000e-05	-3.269938e-02	1.208535e+01
3.549000e-05	-3.425001e-02	1.214748e+01
3.550000e-05	-3.202498e-02	1.223979e+01
3.551000e-05	-3.390177e-02	1.230440e+01
3.552000e-05	-3.621961e-02	1.234906e+01
3.553000e-05	-3.872181e-02	1.244168e+01
3.554000e-05	-3.782520e-02	1.245324e+01
3.555000e-05	-3.952718e-02	1.249492e+01
3.556000e-05	-3.803248e-02	1.254700e+01
3.557000e-05	-4.030802e-02	1.253695e+01
3.558000e-05	-4.019996e-02	1.264908e+01
3.559000e-05	-4.527823e-02	1.254866e+01
3.560000e-05	-4.319495e-02	1.261026e+01
3.561000e-05	-4.207215e-02	1.264274e+01
3.562000e-05	-4.412327e-02	1.263279e+01
3.563000e-05	-4.609246e-02	1.264276e+01
3.564000e-05	-4.799306e-02	1.267281e+01
3.565000e-05	-4.705534e-02	1.270274e+01
3.566000e-05	-4.895259e-02	1.265183e+01
3.567000e-05	-4.964881e-02	1.265281e+01
3.568000e-05	-5.074603e-02	1.264072e+01
3.569000e-05	-5.204075e-02	1.261068e+01
3.570000e-05	-5.358015e-02	1.260913e+01
3.571000e-05	-5.541439e-02	1.255808e+01
3.572000e-05	-5.764396e-02	1.256655e+01
3.573000e-05	-5.991927e-02	1.253591e+01
3.574000e-05	-6.072285e-02	1.248439e+01
3.575000e-05	-6.398902e-02	1.243329e+01
3.576000e-05	-6.515340e-02	1.239063e+01
3.577000e-05	-6.873195e-02	1.234597e+01
3.578000e-05	-6.997581e-02	1.224231e+01
3.579000e-05	-7.269915e-02	1.218860e+01
3.580000e-05	-7.379096e-02	1.211697e+01
3.581000e-05	-7.526196e-02	1.201328e+01
3.582000e-05	-7.423353e-02	1.194660e+01
3.583000e-05	-7.394628e-02	1.187179e+01
3.584000e-05	-7.364231e-02	1.178860e+01
3.585000e-05	-7.172710e-02	1.171242e+01
3.586000e-05	-7.172017e-02	1.154860e+01
3.587000e-05	-6.886257e-02	1.144039e+01
3.588000e-05	-6.599675e-02	1.135754e+01
3.589000e-05	-6.329484e-02	1.121928e+01
3.590000e-05	-6.041328e-02	1.111542e+01
3.591000e-05	-6.031315e-02	1.099071e+01
3.592000e-05	-5.582016e-02	1.094532e+01
3.593000e-05	-5.521683e-02	1.079771e+01
3.594000e-05	-4.984013e-02	1.062144e+01
3.595000e-05	-5.000874e-02	1.052642e+01
3.596000e-05	-4.495449e-02	1.041910e+01
3.597000e-05	-4.479276e-02	1.028981e+01
3.598000e-05	-4.140760e-02	1.015594e+01
3.599000e-05	-4.237759e-02	1.001960e+01
3.600000e-05	-3.845554e-02	9.800158e+00
3.601000e-05	-3.723382e-02	9.683307e+00
3.602000e-05	-3.720706e-02	9.514914e+00
3.603000e-05	-3.339157e-02	9.376043e+00
3.604000e-05	-3.433979e-02	9.200179e+00
3.605000e-05	-2.871995e-02	9.062259e+00
3.606000e-05	-3.020965e-02	8.853286e+00
3.607000e-05	-2.916646e-02	8.693864e+00
3.608000e-05	-2.800096e-02	8.556444e+00
3.609000e-05	-2.824882e-02	8.388000e+00
3.610000e-05	-2.508992e-02	8.159149e+00
3.611000e-05	-2.582999e-02	7.967070e+00
3.612000e-05	-2.308141e-02	7.779575e+00
3.613000e-05	-2.282040e-02	7.621177e+00
3.614000e-05	-2.282552e-02	7.379048e+00
3.615000e-05	-2.189567e-02	7.157070e+00
3.616000e-05	-2.192807e-02	6.968594e+00
3.617000e-05	-1.871428e-02	6.789100e+00
3.618000e-05	-1.917278e-02	6.609095e+00
3.619000e-05	-1.885416e-02	6.397045e+00
3.620000e-05	-1.849869e-02	6.177128e+00
3.621000e-05	-1.820905e-02	5.978573e+00
3.622000e-05	-1.784239e-02	5.749124e+00
3.623000e-05	-1.784479e-02	5.627892e+00
3.624000e-05	-1.520136e-02	5.348995e+00
3.625000e-05	-1.399780e-02	5.031332e+00
3.626000e-05	-1.403496e-02	4.841127e+00
3.627000e-05	-1.392649e-02	4.639123e+00
3.628000e-05	-1.352582e-02	4.440224e+00
3.629000e-05	-1.242674e-02	4.176119e+00
3.630000e-05	-1.215405e-02	3.967491e+00
3.631000e-05	-1.216045e-02	3.745862e+00
3.632000e-05	-1.123829e-02	3.547419e+00
3.633000e-05	-1.016006e-02	3.301431e+00
3.634000e-05	-1.047359e-02	3.103683e+00
3.635000e-05	-1.067751e-02	2.862255e+00
3.636000e-05	-9.444673e-03	2.690123e+00
3.637000e-05	-7.736314e-03	2.356963e+00
3.638000e-05	-7.665247e-03	2.145889e+00
3.639000e-05	-7.967953e-03	1.946887e+00
3.640000e-05	-7.847303e-03	1.743703e+00
3.641000e-05	-6.415995e-03	1.441173e+00
3.642000e-05	-7.195240e-03	1.201042e+00
3.643000e-05	-7.229910e-03	8.933830e-01
3.644000e-05	-6.723713e-03	6.632329e-01
3.645000e-05	-4.398930e-03	4.316516e-01
3.646000e-05	-3.620313e-03	2.211203e-01
3.647000e-05	-2.978088e-03	-3.210895e-02
3.648000e-05	5.772986e-03	-2.740879e-01
3.649000e-05	-1.766671e-03	-4.241589e-01
3.650000e-05	2.008624e-03	-7.142143e-01
3.651000e-05	-1.887637e-03	-9.042405e-01
3.652000e-05	1.014745e-03	-1.105720e+00
3.653000e-05	-1.238289e-03	-1.346753e+00
3.654000e-05	9.761606e-03	-1.598957e+00
3.655000e-05	7.110067e-02	-1.777454e+00
3.656000e-05	4.898567e-02	-1.989530e+00
3.657000e-05	-8.888552e-02	-2.398951e+00
3.658000e-05	3.898467e-03	-2.704615e+00
3.659000e-05	-5.368285e-02	-2.811133e+00
3.660000e-05	-7.073137e-02	-3.043660e+00
3.661000e-05	1.447797e-01	-3.177975e+00
3.662000e-05	-4.383485e-04	-3.348355e+00
3.663000e-05	-9.996563e-02	-3.599004e+00
3.664000e-05	1.855990e-01	-3.708804e+00
3.665000e-05	-1.910329e-01	-4.053639e+00
3.666000e-05	9.149355e-02	-4.273162e+00
3.667000e-05	5.144746e-02	-4.421585e+00
3.668000e-05	-1.159424e-01	-4.686366e+00
3.669000e-05	1.728848e-01	-4.855722e+00
3.670000e-05	-9.631443e-02	-5.136875e+00
3.671000e-05	1.693538e-02	-5.442689e+00
3.672000e-05	6.001269e-02	-5.651613e+00
3.673000e-05	-1.183360e-01	-5.863642e+00
3.674000e-05	1.494517e-01	-6.031638e+00
3.675000e-05	-9.788866e-02	-6.273668e+00
3.676000e-05	6.854035e-02	-6.475366e+00
3.677000e-05	1.329969e-02	-6.684270e+00
3.678000e-05	-3.968386e-02	-6.887476e+00
3.679000e-05	1.161160e-01	-7.136900e+00
3.680000e-05	-1.234124e-01	-7.348924e+00
3.681000e-05	1.025355e-01	-7.515450e+00
3.682000e-05	-3.522834e-02	-7.758852e+00
3.683000e-05	2.513783e-02	-7.959905e+00
3.684000e-05	4.369376e-02	-8.116898e+00
3.685000e-05	-4.225520e-02	-8.325421e+00
3.686000e-05	6.854370e-02	-8.433688e+00
3.687000e-05	-5.802613e-02	-8.661316e+00
3.688000e-05	7.014199e-02	-8.832188e+00
3.689000e-05	-6.193871e-03	-8.970058e+00
3.690000e-05	3.552438e-02	-9.135422e+00
3.691000e-05	3.623942e-03	-9.264272e+00
3.692000e-05	-8.889819e-03	-9.442746e+00
3.693000e-05	4.585581e-02	-9.611056e+00
3.694000e-05	-1.377341e-02	-9.766482e+00
3.695000e-05	4.584154e-02	-9.864271e+00
3.696000e-05	-9.944278e-03	-1.003126e+01
3.697000e-05	4.621553e-02	-1.013756e+01
3.698000e-05	-3.043351e-03	-1.033645e+01
3.699000e-05	2.718237e-02	-1.046487e+01
3.700000e-05	1.656843e-02	-1.057106e+01
3.701000e-05	2.078096e-02	-1.072492e+01
3.702000e-05	1.715557e-02	-1.078271e+01
3.703000e-05	1.225186e-02	-1.096700e+01
3.704000e-05	3.411627e-02	-1.102585e+01
3.705000e-05	1.544327e-02	-1.117068e+01
3.706000e-05	2.848425e-02	-1.132442e+01
3.707000e-05	1.580820e-02	-1.140114e+01
3.708000e-05	3.690575e-02	-1.147645e+01
3.709000e-05	1.863417e-02	-1.166276e+01
3.710000e-05	2.766182e-02	-1.172655e+01
3.711000e-05	2.233000e-02	-1.185172e+01
3.712000e-05	2.752681e-02	-1.189700e+01
3.713000e-05	2.347034e-02	-1.202171e+01
3.714000e-05	2.856823e-02	-1.208385e+01
3.715000e-05	3.474659e-02	-1.213698e+01
3.716000e-05	3.114159e-02	-1.218910e+01
3.717000e-05	3.140582e-02	-1.227176e+01
3.718000e-05	2.778186e-02	-1.228324e+01
3.719000e-05	3.470354e-02	-1.233448e+01
3.720000e-05	3.121686e-02	-1.238013e+01
3.721000e-05	3.481101e-02	-1.242972e+01
3.722000e-05	3.314573e-02	-1.244199e+01
3.723000e-05	3.338376e-02	-1.250542e+01
3.724000e-05	3.648875e-02	-1.250542e+01
3.725000e-05	3.709439e-02	-1.252657e+01
3.726000e-05	3.812668e-02	-1.257650e+01
3.727000e-05	3.935665e-02	-1.258658e+01
3.728000e-05	4.060266e-02	-1.255916e+01
3.729000e-05	4.179885e-02	-1.257763e+01
3.730000e-05	3.831801e-02	-1.258973e+01
3.731000e-05	4.046646e-02	-1.254911e+01
3.732000e-05	4.242440e-02	-1.257763e+01
3.733000e-05	4.598024e-02	-1.262818e+01
3.734000e-05	4.561733e-02	-1.258852e+01
3.735000e-05	4.768672e-02	-1.256555e+01
3.736000e-05	4.942123e-02	-1.251600e+01
3.737000e-05	4.954636e-02	-1.246289e+01
3.738000e-05	5.197969e-02	-1.247194e+01
3.739000e-05	5.485916e-02	-1.240121e+01
3.740000e-05	5.670886e-02	-1.240915e+01
3.741000e-05	5.872088e-02	-1.237444e+01
3.742000e-05	6.108713e-02	-1.228181e+01
3.743000e-05	6.377634e-02	-1.220023e+01
3.744000e-05	6.273288e-02	-1.214644e+01
3.745000e-05	6.680704e-02	-1.211339e+01
3.746000e-05	6.808575e-02	-1.201966e+01
3.747000e-05	7.079153e-02	-1.190655e+01
3.748000e-05	6.856657e-02	-1.183076e+01
3.749000e-05	6.914014e-02	-1.174550e+01
3.750000e-05	6.614193e-02	-1.162181e+01
3.751000e-05	6.391244e-02	-1.151444e+01
3.752000e-05	6.129772e-02	-1.140871e+01
3.753000e-05	6.215810e-02	-1.128347e+01
3.754000e-05	6.018339e-02	-1.115708e+01
3.755000e-05	5.662176e-02	-1.107086e+01
3.756000e-05	5.272769e-02	-1.097444e+01
3.757000e-05	4.974309e-02	-1.089323e+01
3.758000e-05	4.789809e-02	-1.075350e+01
3.759000e-05	4.490250e-02	-1.060018e+01
3.760000e-05	4.247846e-02	-1.052544e+01
3.761000e-05	4.105934e-02	-1.034902e+01
3.762000e-05	3.934276e-02	-1.022071e+01
3.763000e-05	3.683129e-02	-1.007278e+01
3.764000e-05	3.469694e-02	-9.954621e+00
3.765000e-05	3.273403e-02	-9.809154e+00
3.766000e-05	3.172833e-02	-9.702766e+00
3.767000e-05	3.029426e-02	-9.554536e+00
3.768000e-05	2.747351e-02	-9.348023e+00
3.769000e-05	2.651427e-02	-9.189648e+00
3.770000e-05	2.533571e-02	-9.052759e+00
3.771000e-05	2.321465e-02	-8.893812e+00
3.772000e-05	2.141655e-02	-8.672517e+00
3.773000e-05	2.051317e-02	-8.514891e+00
3.774000e-05	2.080069e-02	-8.345519e+00
3.775000e-05	1.985971e-02	-8.148574e+00
3.776000e-05	1.770079e-02	-8.058701e+00
3.777000e-05	1.688803e-02	-7.757550e+00
3.778000e-05	1.515387e-02	-7.607546e+00
3.779000e-05	1.414598e-02	-7.387618e+00
3.780000e-05	1.325750e-02	-7.217576e+00
3.781000e-05	1.331004e-02	-6.989019e+00
3.782000e-05	1.329949e-02	-6.787495e+00
3.783000e-05	1.112953e-02	-6.589072e+00
3.784000e-05	9.922317e-03	-6.449075e+00
3.785000e-05	9.464436e-03	-6.178551e+00
3.786000e-05	9.907390e-03	-5.967520e+00
3.787000e-05	7.449112e-03	-5.766422e+00
3.788000e-05	7.252015e-03	-5.587552e+00
3.789000e-05	5.344028e-03	-5.345943e+00
3.790000e-05	7.598634e-03	-5.103388e+00
3.791000e-05	4.548017e-03	-4.820207e+00
3.792000e-05	6.404524e-03	-4.619074e+00
3.793000e-05	4.402790e-03	-4.420153e+00
3.794000e-05	4.534803e-03	-4.209731e+00
3.795000e-05	2.807619e-03	-4.020628e+00
3.796000e-05	4.031010e-03	-3.778025e+00
3.797000e-05	2.832121e-03	-3.568019e+00
3.798000e-05	2.636082e-03	-3.346917e+00
3.799000e-05	1.631499e-03	-3.176436e+00
3.800000e-05	2.012820e-03	-2.873229e+00
3.801000e-05	-1.052660e-03	-2.660652e+00
3.802000e-05	1.366467e-03	-2.441180e+00
3.803000e-05	-1.701495e-03	-2.177091e+00
3.804000e-05	-5.932599e-05	-1.958939e+00
3.805000e-05	-1.933794e-03	-1.734913e+00
3.806000e-05	-1.383249e-03	-1.473304e+00
3.807000e-05	-1.801840e-03	-1.198974e+00
3.808000e-05	-2.717140e-03	-9.674134e-01
3.809000e-05	-2.933166e-03	-7.584572e-01
3.810000e-05	-4.199003e-03	-4.537056e-01
3.811000e-05	-3.440011e-03	-2.527267e-01
3.812000e-05	-3.533715e-03	-4.170644e-02
3.813000e-05	3.042490e-03	1.999316e-01
3.814000e-05	2.430352e-03	4.420590e-01
3.815000e-05	-4.628834e-03	6.425378e-01
3.816000e-05	4.976251e-04	8.225590e-01
3.817000e-05	-4.754928e-03	1.065696e+00
3.818000e-05	-1.398983e-03	1.296268e+00
3.819000e-05	-3.321321e-03	1.509949e+00
3.820000e-05	9.136693e-03	1.839032e+00
3.821000e-05	5.005076e-02	1.970504e+00
3.822000e-05	5.392112e-02	2.233485e+00
3.823000e-05	-8.309526e-02	2.466746e+00
3.824000e-05	-2.309960e-02	2.750052e+00
3.825000e-05	-3.766542e-02	2.959501e+00
3.826000e-05	-5.183643e-02	3.169325e+00
3.827000e-05	-2.044763e-02	3.265844e+00
3.828000e-05	1.593243e-01	3.547347e+00
3.829000e-05	-1.560522e-01	3.729368e+00
3.830000e-05	6.752607e-02	3.916343e+00
3.831000e-05	4.418833e-02	4.221927e+00
3.832000e-05	-1.261687e-01	4.441610e+00
3.833000e-05	8.874485e-02	4.621563e+00
3.834000e-05	-3.322041e-02	4.814136e+00
3.835000e-05	-2.156142e-02	5.155901e+00
3.836000e-05	3.259002e-02	5.381453e+00
3.837000e-05	-5.134404e-02	5.569113e+00
3.838000e-05	1.637928e-02	5.791659e+00
3.839000e-05	-2.945748e-02	6.043114e+00
3.840000e-05	-1.304160e-02	6.242192e+00
3.841000e-05	-9.057198e-03	6.421138e+00
3.842000e-05	-1.529673e-02	6.693768e+00
3.843000e-05	2.913368e-02	6.845817e+00
3.844000e-05	-5.396080e-02	7.103267e+00
3.845000e-05	2.715819e-02	7.264865e+00
3.846000e-05	-3.551103e-02	7.477419e+00
3.847000e-05	-2.460261e-02	7.707824e+00
3.848000e-05	4.353529e-03	7.927899e+00
3.849000e-05	-2.282660e-02	8.158575e+00
3.850000e-05	3.872276e-03	8.316866e+00
3.851000e-05	-3.478246e-02	8.484244e+00
3.852000e-05	-9.996714e-03	8.622130e+00
3.853000e-05	-2.215685e-02	8.809433e+00
3.854000e-05	-8.324884e-03	8.947499e+00
3.855000e-05	-1.644774e-02	9.126799e+00
3.856000e-05	-2.010532e-02	9.303242e+00
3.857000e-05	-7.481951e-03	9.420681e+00
3.858000e-05	-2.632140e-02	9.589474e+00
3.859000e-05	-2.000774e-02	9.757424e+00
3.860000e-05	-1.888385e-02	9.897349e+00
3.861000e-05	-1.599810e-02	1.003269e+01
3.862000e-05	-2.425263e-02	1.018913e+01
3.863000e-05	-2.280048e-02	1.036535e+01
3.864000e-05	-1.686752e-02	1.043226e+01
3.865000e-05	-2.343974e-02	1.054903e+01
3.866000e-05	-2.561914e-02	1.076393e+01
3.867000e-05	-2.431698e-02	1.086372e+01
3.868000e-05	-2.150475e-02	1.096710e+01
3.869000e-05	-2.716315e-02	1.109392e+01
3.870000e-05	-2.752149e-02	1.120363e+01
3.871000e-05	-2.450740e-02	1.131697e+01
3.872000e-05	-2.567449e-02	1.141179e+01
3.873000e-05	-2.978675e-02	1.156961e+01
3.874000e-05	-2.973703e-02	1.169490e+01
3.875000e-05	-2.790648e-02	1.179906e+01
3.876000e-05	-2.962440e-02	1.185426e+01
3.877000e-05	-3.167563e-02	1.190800e+01
3.878000e-05	-3.007892e-02	1.200073e+01
3.879000e-05	-3.287915e-02	1.206442e+01
3.880000e-05	-3.404464e-02	1.213700e+01
3.881000e-05	-3.383528e-02	1.220014e+01
3.882000e-05	-3.336667e-02	1.230437e+01
3.883000e-05	-3.503889e-02	1.235760e+01
3.884000e-05	-3.800525e-02	1.241118e+01
3.885000e-05	-3.773690e-02	1.243224e+01
3.886000e-05	-3.903938e-02	1.250447e+01
3.887000e-05	-3.879972e-02	1.252643e+01
3.888000e-05	-4.019185e-02	1.252757e+01
3.889000e-05	-3.987356e-02	1.255853e+01
3.890000e-05	-4.377050e-02	1.257963e+01
3.891000e-05	-4.291166e-02	1.262008e+01
3.892000e-05	-4.343524e-02	1.263229e+01
3.893000e-05	-4.439054e-02	1.267124e+01
3.894000e-05	-4.524950e-02	1.266324e+01
3.895000e-05	-4.703931e-02	1.267236e+01
3.896000e-05	-4.594657e-02	1.265276e+01
3.897000e-05	-4.949426e-02	1.264328e+01
3.898000e-05	-5.002441e-02	1.265174e+01
3.899000e-05	-5.252160e-02	1.263271e+01
3.900000e-05	-5.173118e-02	1.261114e+01
3.901000e-05	-5.338653e-02	1.257113e+01
3.902000e-05	-5.406318e-02	1.255765e+01
3.903000e-05	-5.644908e-02	1.254648e+01
3.904000e-05	-5.952791e-02	1.250642e+01
3.905000e-05	-6.084797e-02	1.249337e+01
3.906000e-05	-6.318835e-02	1.245276e+01
3.907000e-05	-6.438541e-02	1.235868e+01
3.908000e-05	-6.842111e-02	1.231550e+01
3.909000e-05	-7.056624e-02	1.225231e+01
3.910000e-05	-7.270675e-02	1.218765e+01
3.911000e-05	-7.358867e-02	1.211647e+01
3.912000e-05	-7.364149e-02	1.203231e+01
3.913000e-05	-7.501628e-02	1.196710e+01
3.914000e-05	-7.479876e-02	1.191331e+01
3.915000e-05	-7.440499e-02	1.176910e+01
3.916000e-05	-7.144883e-02	1.168339e+01
3.917000e-05	-7.185737e-02	1.158020e+01
3.918000e-05	-6.875603e-02	1.142134e+01
3.919000e-05	-6.620778e-02	1.133700e+01
3.920000e-05	-6.323970e-02	1.123181e+01
3.921000e-05	-6.037184e-02	1.111399e+01
3.922000e-05	-6.024544e-02	1.099128e+01
3.923000e-05	-5.514617e-02	1.092489e+01
3.924000e-05	-5.462107e-02	1.082070e+01
3.925000e-05	-5.076013e-02	1.070384e+01
3.926000e-05	-5.151791e-02	1.055657e+01
3.927000e-05	-4.489540e-02	1.042018e+01
3.928000e-05	-4.424983e-02	1.026326e+01
3.929000e-05	-4.178055e-02	1.014590e+01
3.930000e-05	-4.215335e-02	1.007016e+01
3.931000e-05	-3.781801e-02	9.830706e+00
3.932000e-05	-3.794975e-02	9.693415e+00
3.933000e-05	-3.515500e-02	9.504515e+00
3.934000e-05	-3.508153e-02	9.357050e+00
3.935000e-05	-3.220575e-02	9.221230e+00
3.936000e-05	-3.221474e-02	9.052257e+00
3.937000e-05	-2.999799e-02	8.903312e+00
3.938000e-05	-2.892531e-02	8.734915e+00
3.939000e-05	-2.800044e-02	8.536947e+00
3.940000e-05	-2.724722e-02	8.388080e+00
3.941000e-05	-2.635695e-02	8.190124e+00
3.942000e-05	-2.440334e-02	7.987171e+00
3.943000e-05	-2.307243e-02	7.809678e+00
3.944000e-05	-2.354732e-02	7.638176e+00
3.945000e-05	-2.272907e-02	7.357049e+00
3.946000e-05	-2.249908e-02	7.207170e+00
3.947000e-05	-2.022859e-02	6.978098e+00
3.948000e-05	-2.018074e-02	6.810675e+00
3.949000e-05	-2.027715e-02	6.599571e+00
3.950000e-05	-1.914448e-02	6.417118e+00
3.951000e-05	-1.813264e-02	6.210098e+00
3.952000e-05	-1.654701e-02	6.029650e+00
3.953000e-05	-1.842926e-02	5.758970e+00
3.954000e-05	-1.638022e-02	5.587017e+00
3.955000e-05	-1.575467e-02	5.356468e+00
3.956000e-05	-1.378055e-02	5.123883e+00
3.957000e-05	-1.459097e-02	4.869726e+00
3.958000e-05	-1.228391e-02	4.631650e+00
3.959000e-05	-1.346271e-02	4.412175e+00
3.960000e-05	-1.228605e-02	4.170171e+00
3.961000e-05	-1.230293e-02	3.966967e+00
3.962000e-05	-1.109119e-02	3.755966e+00
3.963000e-05	-1.114215e-02	3.578967e+00
3.964000e-05	-1.095078e-02	3.304361e+00
3.965000e-05	-1.007377e-02	3.063731e+00
3.966000e-05	-9.710867e-03	2.863304e+00
3.967000e-05	-8.938626e-03	2.641699e+00
3.968000e-05	-9.046322e-03	2.397490e+00
3.969000e-05	-7.858853e-03	2.116919e+00
3.970000e-05	-7.941026e-03	1.957466e+00
3.971000e-05	-7.754208e-03	1.705816e+00
3.972000e-05	-6.249860e-03	1.472650e+00
3.973000e-05	-6.222567e-03	1.189624e+00
3.974000e-05	-6.396935e-03	9.149158e-01
3.975000e-05	-6.201601e-03	6.836855e-01
3.976000e-05	-6.188384e-03	4.517067e-01
3.977000e-05	-5.218991e-03	2.686228e-01
3.978000e-05	-2.171850e-03	-2.151020e-02
3.979000e-05	4.636251e-03	-2.315591e-01
3.980000e-05	2.010821e-03	-4.104601e-01
3.981000e-05	1.688038e-03	-7.051657e-01
3.982000e-05	-1.036928e-03	-8.551882e-01
3.983000e-05	1.285947e-03	-1.055668e+00
3.984000e-05	-3.173237e-03	-1.276746e+00
3.985000e-05	8.246430e-03	-1.589904e+00
3.986000e-05	6.257845e-02	-1.727897e+00
3.987000e-05	6.177482e-02	-1.978954e+00
3.988000e-05	-9.026370e-02	-2.376925e+00
3.989000e-05	4.435014e-03	-2.682563e+00
3.990000e-05	-5.038999e-02	-2.802134e+00
3.991000e-05	-7.156286e-02	-3.032059e+00
3.992000e-05	1.259430e-01	-3.138424e+00
3.993000e-05	3.020736e-02	-3.346800e+00
3.994000e-05	-1.225990e-01	-3.569026e+00
3.995000e-05	1.922744e-01	-3.748919e+00
3.996000e-05	-1.846013e-01	-4.013088e+00
3.997000e-05	6.546610e-02	-4.242136e+00
3.998000e-05	7.442721e-02	-4.381587e+00
3.999000e-05	-1.254792e-01	-4.653666e+00
4.000000e-05	1.684107e-01	-4.873788e+00
4.001000e-05	-7.421681e-02	-5.076821e+00
4.002000e-05	-1.246386e-02	-5.452605e+00
4.003000e-05	8.285097e-02	-5.600660e+00
4.004000e-05	-1.318012e-01	-5.831663e+00
4.005000e-05	1.473898e-01	-6.021163e+00
4.006000e-05	-8.664489e-02	-6.255691e+00
4.007000e-05	5.030921e-02	-6.454320e+00
4.008000e-05	3.367661e-02	-6.693743e+00
4.009000e-05	-5.693499e-02	-6.865771e+00
4.010000e-05	1.263842e-01	-7.096454e+00
4.011000e-05	-1.210795e-01	-7.316797e+00
4.012000e-05	9.023471e-02	-7.515872e+00
4.013000e-05	-2.080438e-02	-7.697376e+00
4.014000e-05	9.506971e-03	-7.977479e+00
4.015000e-05	5.848256e-02	-8.106373e+00
4.016000e-05	-5.112324e-02	-8.264269e+00
4.017000e-05	7.117310e-02	-8.412688e+00
4.018000e-05	-5.766908e-02	-8.673116e+00
4.019000e-05	6.435573e-02	-8.832162e+00
4.020000e-05	-5.976324e-04	-8.948502e+00
4.021000e-05	2.708102e-02	-9.145997e+00
4.022000e-05	1.323987e-02	-9.284868e+00
4.023000e-05	-1.486156e-02	-9.463696e+00
4.024000e-05	4.933811e-02	-9.571659e+00
4.025000e-05	-1.386849e-02	-9.758499e+00
4.026000e-05	4.413084e-02	-9.852743e+00
4.027000e-05	-7.890707e-03	-1.000271e+01
4.028000e-05	4.161526e-02	-1.013956e+01
4.029000e-05	-1.236591e-04	-1.033695e+01
4.030000e-05	2.445453e-02	-1.047279e+01
4.031000e-05	1.840172e-02	-1.054903e+01
4.032000e-05	2.016516e-02	-1.073492e+01
4.033000e-05	1.991366e-02	-1.080111e+01
4.034000e-05	1.205131e-02	-1.096653e+01
4.035000e-05	3.433870e-02	-1.106234e+01
4.036000e-05	1.423142e-02	-1.118958e+01
4.037000e-05	2.901111e-02	-1.130492e+01
4.038000e-05	1.411802e-02	-1.139066e+01
4.039000e-05	3.379091e-02	-1.150442e+01
4.040000e-05	1.878684e-02	-1.162228e+01
4.041000e-05	2.961983e-02	-1.170711e+01
4.042000e-05	2.580911e-02	-1.186074e+01
4.043000e-05	2.814310e-02	-1.191797e+01
4.044000e-05	2.430878e-02	-1.202369e+01
4.045000e-05	2.747704e-02	-1.208387e+01
4.046000e-05	3.371484e-02	-1.214642e+01
4.047000e-05	2.911336e-02	-1.217761e+01
4.048000e-05	3.142036e-02	-1.225221e+01
4.049000e-05	2.741826e-02	-1.229437e+01
4.050000e-05	3.420109e-02	-1.234495e+01
4.051000e-05	2.912779e-02	-1.234866e+01
4.052000e-05	3.437561e-02	-1.238179e+01
4.053000e-05	3.421733e-02	-1.246224e+01
4.054000e-05	3.489503e-02	-1.249592e+01
4.055000e-05	3.666788e-02	-1.253492e+01
4.056000e-05	3.582806e-02	-1.254653e+01
4.057000e-05	3.787748e-02	-1.259753e+01
4.058000e-05	3.755675e-02	-1.255753e+01
4.059000e-05	4.094679e-02	-1.256808e+01
4.060000e-05	4.135415e-02	-1.261966e+01
4.061000e-05	3.954578e-02	-1.254821e+01
4.062000e-05	4.097716e-02	-1.261961e+01
4.063000e-05	4.280848e-02	-1.258014e+01
4.064000e-05	4.522924e-02	-1.255760e+01
4.065000e-05	4.582697e-02	-1.256710e+01
4.066000e-05	4.762246e-02	-1.255655e+01
4.067000e-05	4.956366e-02	-1.251657e+01
4.068000e-05	4.965348e-02	-1.253442e+01
4.069000e-05	5.158202e-02	-1.245089e+01
4.070000e-05	5.432096e-02	-1.238019e+01
4.071000e-05	5.668983e-02	-1.233558e+01
4.072000e-05	5.784501e-02	-1.231542e+01
4.073000e-05	6.082608e-02	-1.230336e+01
4.074000e-05	6.359688e-02	-1.222816e+01
4.075000e-05	6.440097e-02	-1.215700e+01
4.076000e-05	6.614603e-02	-1.209344e+01
4.077000e-05	6.801150e-02	-1.201033e+01
4.078000e-05	6.850476e-02	-1.193610e+01
4.079000e-05	6.887547e-02	-1.182024e+01
4.080000e-05	6.827219e-02	-1.174707e+01
4.081000e-05	6.710600e-02	-1.162188e+01
4.082000e-05	6.550735e-02	-1.157542e+01
4.083000e-05	6.204052e-02	-1.140776e+01
4.084000e-05	6.110213e-02	-1.129247e+01
4.085000e-05	5.955514e-02	-1.117857e+01
4.086000e-05	5.636027e-02	-1.105329e+01
4.087000e-05	5.416641e-02	-1.097702e+01
4.088000e-05	5.043262e-02	-1.089176e+01
4.089000e-05	4.648233e-02	-1.075655e+01
4.090000e-05	4.528808e-02	-1.066078e+01
4.091000e-05	4.453262e-02	-1.049542e+01
4.092000e-05	4.161635e-02	-1.044170e+01
4.093000e-05	3.865438e-02	-1.021383e+01
4.094000e-05	3.614489e-02	-1.012284e+01
4.095000e-05	3.523729e-02	-9.986024e+00
4.096000e-05	3.412933e-02	-9.798757e+00
4.097000e-05	3.168812e-02	-9.693836e+00
4.098000e-05	3.005397e-02	-9.545021e+00
4.099000e-05	2.738988e-02	-9.366549e+00
4.100000e-05	2.685197e-02	-9.230779e+00
4.101000e-05	2.425373e-02	-9.060288e+00
4.102000e-05	2.445047e-02	-8.914415e+00
4.103000e-05	2.209473e-02	-8.713467e+00
4.104000e-05	2.178781e-02	-8.526470e+00
4.105000e-05	1.981496e-02	-8.366546e+00
4.106000e-05	2.061407e-02	-8.189149e+00
4.107000e-05	1.786997e-02	-8.011727e+00
4.108000e-05	1.719066e-02	-7.809600e+00
4.109000e-05	1.521906e-02	-7.579051e+00
4.110000e-05	1.501325e-02	-7.377074e+00
4.111000e-05	1.356125e-02	-7.229654e+00
4.112000e-05	1.321128e-02	-7.009653e+00
4.113000e-05	1.223613e-02	-6.788521e+00
4.114000e-05	1.092152e-02	-6.637600e+00
4.115000e-05	1.063382e-02	-6.409704e+00
4.116000e-05	1.013641e-02	-6.218599e+00
4.117000e-05	9.902859e-03	-6.006971e+00
4.118000e-05	7.814436e-03	-5.778668e+00
4.119000e-05	8.653489e-03	-5.618126e+00
4.120000e-05	6.024623e-03	-5.347969e+00
4.121000e-05	7.397134e-03	-5.095465e+00
4.122000e-05	4.478306e-03	-4.854308e+00
4.123000e-05	6.826339e-03	-4.608524e+00
4.124000e-05	4.673498e-03	-4.441628e+00
4.125000e-05	4.344984e-03	-4.221679e+00
4.126000e-05	3.965134e-03	-4.052604e+00
4.127000e-05	5.107242e-03	-3.800154e+00
4.128000e-05	2.746068e-03	-3.556571e+00
4.129000e-05	2.465768e-03	-3.386946e+00
4.130000e-05	1.229414e-03	-3.155965e+00
4.131000e-05	1.615449e-03	-2.902778e+00
4.132000e-05	-1.216956e-03	-2.662208e+00
4.133000e-05	1.104661e-03	-2.441727e+00
4.134000e-05	6.582588e-05	-2.208644e+00
4.135000e-05	2.782505e-04	-1.926445e+00
4.136000e-05	-1.867678e-03	-1.765365e+00
4.137000e-05	-2.335687e-03	-1.524862e+00
4.138000e-05	-2.606206e-03	-1.230049e+00
4.139000e-05	-2.742855e-03	-1.007492e+00
4.140000e-05	-3.531616e-03	-7.673924e-01
4.141000e-05	-3.978205e-03	-5.128818e-01
4.142000e-05	-3.070846e-03	-3.027530e-01
4.143000e-05	-3.327509e-03	-8.220169e-02
4.144000e-05	1.287540e-03	1.809786e-01
4.145000e-05	3.842393e-03	3.930830e-01
4.146000e-05	-5.079906e-03	6.215813e-01
4.147000e-05	1.376538e-03	7.905289e-01
4.148000e-05	-5.619078e-03	1.054490e+00
4.149000e-05	-9.486259e-04	1.288121e+00
4.150000e-05	-4.116907e-03	1.548849e+00
4.151000e-05	8.053339e-03	1.770448e+00
4.152000e-05	4.628755e-02	1.998974e+00
4.153000e-05	6.102346e-02	2.211959e+00
4.154000e-05	-7.954748e-02	2.473613e+00
4.155000e-05	-2.571473e-02	2.778901e+00
4.156000e-05	-3.709589e-02	2.998450e+00
4.157000e-05	-4.663980e-02	3.156895e+00
4.158000e-05	-3.460472e-02	3.297188e+00
4.159000e-05	1.623934e-01	3.517397e+00
4.160000e-05	-1.408989e-01	3.727322e+00
4.161000e-05	3.950193e-02	3.916321e+00
4.162000e-05	6.971878e-02	4.150457e+00
4.163000e-05	-1.350564e-01	4.410081e+00
4.164000e-05	8.354448e-02	4.609979e+00
4.165000e-05	-2.545497e-02	4.811661e+00
4.166000e-05	-3.151948e-02	5.095268e+00
4.167000e-05	3.996232e-02	5.339453e+00
4.168000e-05	-5.038660e-02	5.570501e+00
4.169000e-05	1.287924e-02	5.773513e+00
4.170000e-05	-2.514437e-02	6.032663e+00
4.171000e-05	-1.633064e-02	6.272612e+00
4.172000e-05	-4.785386e-03	6.402134e+00
4.173000e-05	-2.198558e-02	6.703240e+00
4.174000e-05	3.517177e-02	6.874745e+00
4.175000e-05	-5.234488e-02	7.075717e+00
4.176000e-05	2.243645e-02	7.233163e+00
4.177000e-05	-3.002656e-02	7.446347e+00
4.178000e-05	-2.870891e-02	7.685825e+00
4.179000e-05	6.739727e-03	7.905351e+00
4.180000e-05	-2.568764e-02	8.148900e+00
4.181000e-05	3.062109e-03	8.295368e+00
4.182000e-05	-3.025121e-02	8.474269e+00
4.183000e-05	-1.391098e-02	8.620606e+00
4.184000e-05	-1.998647e-02	8.740001e+00
4.185000e-05	-1.094403e-02	8.906851e+00
4.186000e-05	-1.178928e-02	9.106323e+00
4.187000e-05	-2.252514e-02	9.274791e+00
4.188000e-05	-8.086363e-03	9.390108e+00
4.189000e-05	-2.610894e-02	9.590054e+00
4.190000e-05	-2.153348e-02	9.696501e+00
4.191000e-05	-1.773583e-02	9.943693e+00
4.192000e-05	-1.548360e-02	1.004226e+01
4.193000e-05	-2.138969e-02	1.017955e+01
4.194000e-05	-2.475282e-02	1.027485e+01
4.195000e-05	-1.751237e-02	1.045214e+01
4.196000e-05	-2.477262e-02	1.053795e+01
4.197000e-05	-2.562805e-02	1.070585e+01
4.198000e-05	-2.388633e-02	1.086326e+01
4.199000e-05	-2.141988e-02	1.095902e+01
4.200000e-05	-2.611169e-02	1.109430e+01
4.201000e-05	-2.830545e-02	1.121966e+01
4.202000e-05	-2.421182e-02	1.131637e+01
4.203000e-05	-2.582637e-02	1.141224e+01
4.204000e-05	-2.886778e-02	1.157006e+01
4.205000e-05	-2.987201e-02	1.170334e+01
4.206000e-05	-2.786149e-02	1.176858e+01
4.207000e-05	-3.051820e-02	1.187317e+01
4.208000e-05	-3.207413e-02	1.193845e+01
4.209000e-05	-3.005691e-02	1.202121e+01
4.210000e-05	-3.207860e-02	1.207542e+01
4.211000e-05	-3.486053e-02	1.216700e+01
4.212000e-05	-3.314352e-02	1.221917e+01
4.213000e-05	-3.223177e-02	1.225387e+01
4.214000e-05	-3.493096e-02	1.235858e+01
4.215000e-05	-3.824840e-02	1.240218e+01
4.216000e-05	-3.714339e-02	1.244131e+01
4.217000e-05	-3.823071e-02	1.248539e+01
4.218000e-05	-3.881302e-02	1.252645e+01
4.219000e-05	-4.096641e-02	1.252795e+01
4.220000e-05	-3.962509e-02	1.255800e+01
4.221000e-05	-4.415316e-02	1.259068e+01
4.222000e-05	-4.377452e-02	1.262918e+01
4.223000e-05	-4.169777e-02	1.264108e+01
4.224000e-05	-4.482274e-02	1.261284e+01
4.225000e-05	-4.397587e-02	1.267174e+01
4.226000e-05	-4.884365e-02	1.266324e+01
4.227000e-05	-4.510315e-02	1.264374e+01
4.228000e-05	-4.978041e-02	1.267376e+01
4.229000e-05	-4.907558e-02	1.268179e+01
4.230000e-05	-5.184300e-02	1.267119e+01
4.231000e-05	-5.229215e-02	1.260117e+01
4.232000e-05	-5.349464e-02	1.260906e+01
4.233000e-05	-5.621886e-02	1.258955e+01
4.234000e-05	-5.714020e-02	1.255705e+01
4.235000e-05	-5.834446e-02	1.252442e+01
4.236000e-05	-6.054724e-02	1.252434e+01
4.237000e-05	-6.322971e-02	1.246276e+01
4.238000e-05	-6.539833e-02	1.242005e+01
4.239000e-05	-6.800609e-02	1.235400e+01
4.240000e-05	-6.949953e-02	1.226384e+01
4.241000e-05	-7.195132e-02	1.217816e+01
4.242000e-05	-7.375007e-02	1.214492e+01
4.243000e-05	-7.565677e-02	1.205183e+01
4.244000e-05	-7.532771e-02	1.196705e+01
4.245000e-05	-7.259421e-02	1.189292e+01
4.246000e-05	-7.493713e-02	1.175908e+01
4.247000e-05	-7.199920e-02	1.171395e+01
4.248000e-05	-7.204100e-02	1.164015e+01
4.249000e-05	-6.695650e-02	1.143184e+01
4.250000e-05	-6.790325e-02	1.133704e+01
4.251000e-05	-6.321938e-02	1.123176e+01
4.252000e-05	-6.173064e-02	1.114639e+01
4.253000e-05	-5.927884e-02	1.102971e+01
4.254000e-05	-5.633405e-02	1.090489e+01
4.255000e-05	-5.484920e-02	1.086068e+01
4.256000e-05	-5.067556e-02	1.067386e+01
4.257000e-05	-4.903157e-02	1.056697e+01
4.258000e-05	-4.587691e-02	1.042811e+01
4.259000e-05	-4.504181e-02	1.030376e+01
4.260000e-05	-4.188520e-02	1.015697e+01
4.261000e-05	-4.078268e-02	1.004116e+01
4.262000e-05	-3.992455e-02	9.850357e+00
4.263000e-05	-3.788971e-02	9.683911e+00
4.264000e-05	-3.614573e-02	9.544938e+00
4.265000e-05	-3.380098e-02	9.368046e+00
4.266000e-05	-3.367524e-02	9.260708e+00
4.267000e-05	-3.214157e-02	9.071392e+00
4.268000e-05	-2.950003e-02	8.862362e+00
4.269000e-05	-3.006113e-02	8.744339e+00
4.270000e-05	-2.784569e-02	8.566443e+00
4.271000e-05	-2.785908e-02	8.409055e+00
4.272000e-05	-2.395993e-02	8.210628e+00
4.273000e-05	-2.481693e-02	8.019675e+00
4.274000e-05	-2.368059e-02	7.810153e+00
4.275000e-05	-2.440841e-02	7.652677e+00
4.276000e-05	-2.250047e-02	7.439750e+00
4.277000e-05	-2.234617e-02	7.209575e+00
4.278000e-05	-2.053859e-02	6.990102e+00
4.279000e-05	-2.032636e-02	6.831603e+00
4.280000e-05	-1.928778e-02	6.589151e+00
4.281000e-05	-1.887341e-02	6.387548e+00
4.282000e-05	-1.771686e-02	6.179049e+00
4.283000e-05	-1.815332e-02	6.040078e+00
4.284000e-05	-1.733588e-02	5.779950e+00
4.285000e-05	-1.582060e-02	5.569496e+00
4.286000e-05	-1.481581e-02	5.386945e+00
4.287000e-05	-1.461541e-02	5.117390e+00
4.288000e-05	-1.454261e-02	4.831232e+00
4.289000e-05	-1.420627e-02	4.661754e+00
4.290000e-05	-1.316257e-02	4.462207e+00
4.291000e-05	-1.253577e-02	4.260653e+00
4.292000e-05	-1.123687e-02	3.978895e+00
4.293000e-05	-1.146959e-02	3.777018e+00
4.294000e-05	-1.194588e-02	3.587466e+00
4.295000e-05	-1.084212e-02	3.354358e+00
4.296000e-05	-1.070861e-02	3.073287e+00
4.297000e-05	-9.180034e-03	2.883658e+00
4.298000e-05	-1.008837e-02	2.672228e+00
4.299000e-05	-8.726861e-03	2.376941e+00
4.300000e-05	-8.281344e-03	2.185939e+00
4.301000e-05	-7.798678e-03	1.956967e+00
4.302000e-05	-7.714864e-03	1.713311e+00
4.303000e-05	-6.117116e-03	1.473229e+00
4.304000e-05	-6.088404e-03	1.200151e+00
4.305000e-05	-7.089024e-03	9.753132e-01
4.306000e-05	-4.530768e-03	7.332344e-01
4.307000e-05	-4.398447e-03	4.722555e-01
4.308000e-05	-3.702211e-03	2.421527e-01
4.309000e-05	-6.051240e-03	-2.002876e-02
4.310000e-05	5.335589e-03	-2.015326e-01
4.311000e-05	1.040131e-03	-3.801051e-01
4.312000e-05	8.125048e-04	-6.746128e-01
4.313000e-05	-1.341696e-03	-8.451405e-01
4.314000e-05	-2.218359e-04	-1.075165e+00
4.315000e-05	7.985559e-04	-1.255292e+00
4.316000e-05	5.781624e-03	-1.559527e+00
4.317000e-05	5.947035e-02	-1.727443e+00
4.318000e-05	7.203940e-02	-1.949452e+00
4.319000e-05	-8.932213e-02	-2.346399e+00
4.320000e-05	7.430742e-04	-2.631039e+00
4.321000e-05	-4.984563e-02	-2.810603e+00
4.322000e-05	-7.193476e-02	-2.969011e+00
4.323000e-05	1.042805e-01	-3.177898e+00
4.324000e-05	5.994108e-02	-3.285247e+00
4.325000e-05	-1.429891e-01	-3.578999e+00
4.326000e-05	1.967485e-01	-3.706380e+00
4.327000e-05	-1.691158e-01	-4.009585e+00
4.328000e-05	3.769410e-02	-4.243108e+00
4.329000e-05	9.671452e-02	-4.379059e+00
4.330000e-05	-1.358925e-01	-4.685641e+00
4.331000e-05	1.553368e-01	-4.824240e+00
4.332000e-05	-4.831813e-02	-5.105295e+00
4.333000e-05	-3.966820e-02	-5.371110e+00
4.334000e-05	1.036853e-01	-5.601506e+00
4.335000e-05	-1.389059e-01	-5.823087e+00
4.336000e-05	1.449165e-01	-5.990612e+00
4.337000e-05	-7.050663e-02	-6.283264e+00
4.338000e-05	3.068002e-02	-6.463243e+00
4.339000e-05	5.265262e-02	-6.662693e+00
4.340000e-05	-7.361434e-02	-6.854320e+00
4.341000e-05	1.310134e-01	-7.056372e+00
4.342000e-05	-1.165246e-01	-7.315845e+00
4.343000e-05	7.717233e-02	-7.505845e+00
4.344000e-05	-3.976537e-03	-7.703875e+00
4.345000e-05	-5.862778e-03	-7.928977e+00
4.346000e-05	7.060823e-02	-8.075370e+00
4.347000e-05	-5.501335e-02	-8.284270e+00
4.348000e-05	7.463010e-02	-8.433212e+00
4.349000e-05	-5.601931e-02	-8.660664e+00
4.350000e-05	5.629310e-02	-8.791629e+00
4.351000e-05	7.286054e-03	-8.948005e+00
4.352000e-05	1.918266e-02	-9.084948e+00
4.353000e-05	2.123716e-02	-9.264213e+00
4.354000e-05	-2.173447e-02	-9.422268e+00
4.355000e-05	5.423171e-02	-9.579031e+00
4.356000e-05	-1.528369e-02	-9.737451e+00
4.357000e-05	4.531137e-02	-9.883215e+00
4.358000e-05	-6.931157e-03	-1.003113e+01
4.359000e-05	3.904929e-02	-1.015748e+01
4.360000e-05	1.683987e-03	-1.034693e+01
4.361000e-05	1.973714e-02	-1.045377e+01
4.362000e-05	2.145721e-02	-1.056153e+01
4.363000e-05	1.788168e-02	-1.067492e+01
4.364000e-05	2.207399e-02	-1.079063e+01
4.365000e-05	1.071471e-02	-1.094790e+01
4.366000e-05	3.751851e-02	-1.104429e+01
4.367000e-05	1.307455e-02	-1.116206e+01
4.368000e-05	2.833955e-02	-1.131498e+01
4.369000e-05	1.237165e-02	-1.138166e+01
4.370000e-05	3.451994e-02	-1.154603e+01
4.371000e-05	1.849091e-02	-1.160126e+01
4.372000e-05	2.648044e-02	-1.173605e+01
4.373000e-05	2.643654e-02	-1.185179e+01
4.374000e-05	2.853500e-02	-1.192650e+01
4.375000e-05	2.493226e-02	-1.201016e+01
4.376000e-05	2.565254e-02	-1.205339e+01
4.377000e-05	3.498128e-02	-1.214800e+01
4.378000e-05	2.938130e-02	-1.220066e+01
4.379000e-05	3.057010e-02	-1.228021e+01
4.380000e-05	2.703929e-02	-1.229389e+01
4.381000e-05	3.457887e-02	-1.232700e+01
4.382000e-05	2.991766e-02	-1.238905e+01
4.383000e-05	3.385293e-02	-1.242011e+01
4.384000e-05	3.512008e-02	-1.247231e+01
4.385000e-05	3.480376e-02	-1.251427e+01
4.386000e-05	3.562816e-02	-1.250597e+01
4.387000e-05	3.551458e-02	-1.253547e+01
4.388000e-05	3.828942e-02	-1.255645e+01
4.389000e-05	3.782382e-02	-1.255711e+01
4.390000e-05	3.885375e-02	-1.259864e+01
4.391000e-05	4.014842e-02	-1.256816e+01
4.392000e-05	3.925552e-02	-1.257963e+01
4.393000e-05	4.117251e-02	-1.257661e+01
4.394000e-05	4.251961e-02	-1.260910e+01
4.395000e-05	4.508832e-02	-1.260608e+01
4.396000e-05	4.515585e-02	-1.257763e+01
4.397000e-05	4.756353e-02	-1.256600e+01
4.398000e-05	4.867792e-02	-1.252497e+01
4.399000e-05	4.938840e-02	-1.249397e+01
4.400000e-05	5.219441e-02	-1.246229e+01
4.401000e-05	5.400566e-02	-1.243976e+01
4.402000e-05	5.681798e-02	-1.236815e+01
4.403000e-05	5.731650e-02	-1.233690e+01
4.404000e-05	6.010696e-02	-1.229226e+01
4.405000e-05	6.288757e-02	-1.218918e+01
4.406000e-05	6.547267e-02	-1.215702e+01
4.407000e-05	6.593609e-02	-1.211292e+01
4.408000e-05	6.867599e-02	-1.199973e+01
4.409000e-05	6.875995e-02	-1.193707e+01
4.410000e-05	6.782711e-02	-1.186126e+01
4.411000e-05	6.788229e-02	-1.172453e+01
4.412000e-05	6.700361e-02	-1.163234e+01
4.413000e-05	6.692457e-02	-1.152502e+01
4.414000e-05	6.246255e-02	-1.143216e+01
4.415000e-05	6.122399e-02	-1.128346e+01
4.416000e-05	5.990364e-02	-1.117816e+01
4.417000e-05	5.714564e-02	-1.106188e+01
4.418000e-05	5.291290e-02	-1.095703e+01
4.419000e-05	4.987825e-02	-1.086181e+01
4.420000e-05	4.713388e-02	-1.076607e+01
4.421000e-05	4.634934e-02	-1.064066e+01
4.422000e-05	4.319886e-02	-1.055394e+01
4.423000e-05	4.165986e-02	-1.040019e+01
4.424000e-05	3.945685e-02	-1.027026e+01
4.425000e-05	3.645205e-02	-1.011486e+01
4.426000e-05	3.456937e-02	-9.966519e+00
4.427000e-05	3.370504e-02	-9.810257e+00
4.428000e-05	3.235756e-02	-9.715317e+00
4.429000e-05	3.001791e-02	-9.544075e+00
4.430000e-05	2.733598e-02	-9.378602e+00
4.431000e-05	2.607267e-02	-9.240729e+00
4.432000e-05	2.472230e-02	-9.064309e+00
4.433000e-05	2.450990e-02	-8.914893e+00
4.434000e-05	2.220818e-02	-8.754591e+00
4.435000e-05	2.255723e-02	-8.537440e+00
4.436000e-05	2.030051e-02	-8.397049e+00
4.437000e-05	1.946485e-02	-8.198575e+00
4.438000e-05	1.707370e-02	-8.099155e+00
4.439000e-05	1.598570e-02	-7.791697e+00
4.440000e-05	1.610071e-02	-7.608126e+00
4.441000e-05	1.505790e-02	-7.409079e+00
4.442000e-05	1.421962e-02	-7.240604e+00
4.443000e-05	1.238198e-02	-6.988702e+00
4.444000e-05	1.209000e-02	-6.837723e+00
4.445000e-05	1.164686e-02	-6.599150e+00
4.446000e-05	1.077507e-02	-6.432154e+00
4.447000e-05	9.159627e-03	-6.241125e+00
4.448000e-05	1.000397e-02	-6.007597e+00
4.449000e-05	8.647722e-03	-5.809024e+00
4.450000e-05	8.527615e-03	-5.618649e+00
4.451000e-05	5.081339e-03	-5.388142e+00
4.452000e-05	7.331252e-03	-5.124412e+00
4.453000e-05	5.415204e-03	-4.882807e+00
4.454000e-05	6.884277e-03	-4.619675e+00
4.455000e-05	3.995890e-03	-4.451203e+00
4.456000e-05	5.100776e-03	-4.273658e+00
4.457000e-05	3.006474e-03	-4.051704e+00
4.458000e-05	3.707216e-03	-3.801748e+00
4.459000e-05	2.586333e-03	-3.588472e+00
4.460000e-05	3.100069e-03	-3.397992e+00
4.461000e-05	1.879669e-03	-3.155493e+00
4.462000e-05	1.319813e-03	-2.933832e+00
4.463000e-05	-9.544046e-04	-2.693211e+00
4.464000e-05	5.131731e-04	-2.452755e+00
4.465000e-05	-6.949067e-04	-2.188229e+00
4.466000e-05	5.160146e-04	-1.977421e+00
4.467000e-05	-1.637564e-03	-1.748419e+00
4.468000e-05	-4.168307e-04	-1.556412e+00
4.469000e-05	-2.456379e-03	-1.239151e+00
4.470000e-05	-2.749667e-03	-9.689953e-01
4.471000e-05	-3.175302e-03	-7.884175e-01
4.472000e-05	-3.495402e-03	-5.124094e-01
4.473000e-05	-3.939863e-03	-2.832055e-01
4.474000e-05	-3.364059e-03	-5.223158e-02
4.475000e-05	1.906511e-03	1.589261e-01
4.476000e-05	4.546240e-03	4.005539e-01
4.477000e-05	-4.975872e-03	6.100826e-01
4.478000e-05	2.098692e-03	8.009263e-01
4.479000e-05	-5.163744e-03	1.003510e+00
4.480000e-05	-1.527978e-03	1.285264e+00
4.481000e-05	-4.180148e-03	1.536292e+00
4.482000e-05	6.604764e-03	1.779372e+00
4.483000e-05	4.313281e-02	1.968472e+00
4.484000e-05	6.628047e-02	2.200005e+00
4.485000e-05	-7.517002e-02	2.431764e+00
4.486000e-05	-2.950991e-02	2.777872e+00
4.487000e-05	-3.576064e-02	2.946900e+00
4.488000e-05	-4.294696e-02	3.116744e+00
4.489000e-05	-4.531487e-02	3.272616e+00
4.490000e-05	1.622720e-01	3.526848e+00
4.491000e-05	-1.242172e-01	3.716848e+00
4.492000e-05	1.025399e-02	3.875264e+00
4.493000e-05	9.405560e-02	4.128325e+00
4.494000e-05	-1.433917e-01	4.400006e+00
4.495000e-05	7.648993e-02	4.582029e+00
4.496000e-05	-1.132024e-02	4.830112e+00
4.497000e-05	-3.832031e-02	5.094288e+00
4.498000e-05	4.261504e-02	5.357851e+00
4.499000e-05	-5.088733e-02	5.559951e+00
4.500000e-05	9.943916e-03	5.760483e+00
4.501000e-05	-2.175018e-02	6.042110e+00
4.502000e-05	-2.121173e-02	6.242181e+00
4.503000e-05	-6.367629e-04	6.411612e+00
4.504000e-05	-2.582291e-02	6.672189e+00
4.505000e-05	3.460597e-02	6.851212e+00
4.506000e-05	-5.128913e-02	7.074716e+00
4.507000e-05	1.870424e-02	7.232714e+00
4.508000e-05	-2.163665e-02	7.455392e+00
4.509000e-05	-3.589921e-02	7.695196e+00
4.510000e-05	8.465069e-03	7.884321e+00
4.511000e-05	-2.611181e-02	8.138896e+00
4.512000e-05	4.463596e-03	8.303791e+00
4.513000e-05	-2.796515e-02	8.423240e+00
4.514000e-05	-1.671813e-02	8.612579e+00
4.515000e-05	-1.768505e-02	8.756453e+00
4.516000e-05	-1.468085e-02	8.937395e+00
4.517000e-05	-9.431786e-03	9.063869e+00
4.518000e-05	-2.402549e-02	9.253219e+00
4.519000e-05	-6.260062e-03	9.399559e+00
4.520000e-05	-2.618184e-02	9.546953e+00
4.521000e-05	-2.289998e-02	9.725900e+00
4.522000e-05	-1.779199e-02	9.914770e+00
4.523000e-05	-1.586157e-02	1.003366e+01
4.524000e-05	-1.955741e-02	1.014903e+01
4.525000e-05	-2.578107e-02	1.029587e+01
4.526000e-05	-1.687957e-02	1.043113e+01
4.527000e-05	-2.451063e-02	1.053908e+01
4.528000e-05	-2.453222e-02	1.070595e+01
4.529000e-05	-2.509790e-02	1.084371e+01
4.530000e-05	-2.158178e-02	1.098800e+01
4.531000e-05	-2.598542e-02	1.107429e+01
4.532000e-05	-2.847206e-02	1.117003e+01
4.533000e-05	-2.370706e-02	1.129645e+01
4.534000e-05	-2.695414e-02	1.142972e+01
4.535000e-05	-2.775242e-02	1.159750e+01
4.536000e-05	-3.062814e-02	1.164329e+01
4.537000e-05	-2.829930e-02	1.173760e+01
4.538000e-05	-3.069761e-02	1.182219e+01
4.539000e-05	-3.135140e-02	1.194640e+01
4.540000e-05	-2.931373e-02	1.200168e+01
4.541000e-05	-3.254332e-02	1.207434e+01
4.542000e-05	-3.432131e-02	1.212703e+01
4.543000e-05	-3.457963e-02	1.220916e+01
4.544000e-05	-3.151886e-02	1.228387e+01
4.545000e-05	-3.485717e-02	1.232695e+01
4.546000e-05	-3.773627e-02	1.241061e+01
4.547000e-05	-3.745007e-02	1.248328e+01
4.548000e-05	-3.943383e-02	1.248379e+01
4.549000e-05	-3.881592e-02	1.253492e+01
4.550000e-05	-4.026401e-02	1.254750e+01
4.551000e-05	-3.980007e-02	1.254860e+01
4.552000e-05	-4.345542e-02	1.258861e+01
4.553000e-05	-4.343206e-02	1.258971e+01
4.554000e-05	-4.275421e-02	1.266314e+01
4.555000e-05	-4.300324e-02	1.265326e+01
4.556000e-05	-4.482132e-02	1.268172e+01
4.557000e-05	-4.688807e-02	1.264376e+01
4.558000e-05	-4.627893e-02	1.268229e+01
4.559000e-05	-5.016325e-02	1.264327e+01
4.560000e-05	-4.870133e-02	1.267171e+01
4.561000e-05	-5.151138e-02	1.264368e+01
4.562000e-05	-5.117406e-02	1.265066e+01
4.563000e-05	-5.536204e-02	1.259915e+01
4.564000e-05	-5.455943e-02	1.255010e+01
4.565000e-05	-5.692377e-02	1.252700e+01
4.566000e-05	-5.810392e-02	1.253557e+01
4.567000e-05	-6.093792e-02	1.250439e+01
4.568000e-05	-6.323502e-02	1.246179e+01
4.569000e-05	-6.569433e-02	1.239966e+01
4.570000e-05	-6.820887e-02	1.233653e+01
4.571000e-05	-6.937315e-02	1.226189e+01
4.572000e-05	-7.264180e-02	1.220963e+01
4.573000e-05	-7.399273e-02	1.214697e+01
4.574000e-05	-7.411356e-02	1.204131e+01
4.575000e-05	-7.405707e-02	1.197907e+01
4.576000e-05	-7.439695e-02	1.186432e+01
4.577000e-05	-7.553787e-02	1.179008e+01
4.578000e-05	-7.208103e-02	1.170537e+01
4.579000e-05	-7.221584e-02	1.158966e+01
4.580000e-05	-6.842895e-02	1.144434e+01
4.581000e-05	-6.776850e-02	1.135698e+01
4.582000e-05	-6.385078e-02	1.127129e+01
4.583000e-05	-6.210365e-02	1.113547e+01
4.584000e-05	-6.029016e-02	1.100068e+01
4.585000e-05	-5.692689e-02	1.091589e+01
4.586000e-05	-5.528131e-02	1.085118e+01
4.587000e-05	-5.100144e-02	1.066142e+01
4.588000e-05	-5.016715e-02	1.056805e+01
4.589000e-05	-4.600995e-02	1.042018e+01
4.590000e-05	-4.539132e-02	1.027429e+01
4.591000e-05	-4.188761e-02	1.016557e+01
4.592000e-05	-4.216939e-02	1.003065e+01
4.593000e-05	-3.875202e-02	9.841861e+00
4.594000e-05	-3.739451e-02	9.714867e+00
4.595000e-05	-3.568133e-02	9.555490e+00
4.596000e-05	-3.627236e-02	9.387554e+00
4.597000e-05	-3.380410e-02	9.260733e+00
4.598000e-05	-3.281429e-02	9.073312e+00
4.599000e-05	-2.994770e-02	8.903486e+00
4.600000e-05	-2.878481e-02	8.714917e+00
4.601000e-05	-2.878201e-02	8.577047e+00
4.602000e-05	-2.762797e-02	8.420127e+00
4.603000e-05	-2.620241e-02	8.248656e+00
4.604000e-05	-2.496438e-02	8.010280e+00
4.605000e-05	-2.406671e-02	7.871131e+00
4.606000e-05	-2.334812e-02	7.670233e+00
4.607000e-05	-2.193984e-02	7.400076e+00
4.608000e-05	-2.246614e-02	7.220123e+00
4.609000e-05	-2.074880e-02	7.030153e+00
4.610000e-05	-2.026756e-02	6.830754e+00
4.611000e-05	-1.907265e-02	6.579750e+00
4.612000e-05	-1.937300e-02	6.438148e+00
4.613000e-05	-1.853178e-02	6.229627e+00
4.614000e-05	-1.734926e-02	6.051179e+00
4.615000e-05	-1.703638e-02	5.800107e+00
4.616000e-05	-1.665210e-02	5.598070e+00
4.617000e-05	-1.564730e-02	5.399073e+00
4.618000e-05	-1.427344e-02	5.175512e+00
4.619000e-05	-1.364173e-02	4.901304e+00
4.620000e-05	-1.389423e-02	4.683178e+00
4.621000e-05	-1.347404e-02	4.481727e+00
4.622000e-05	-1.259302e-02	4.271703e+00
4.623000e-05	-1.183273e-02	4.008049e+00
4.624000e-05	-1.169043e-02	3.788495e+00
4.625000e-05	-1.059349e-02	3.609497e+00
4.626000e-05	-1.103990e-02	3.335363e+00
4.627000e-05	-1.036584e-02	3.114336e+00
4.628000e-05	-9.484116e-03	2.915308e+00
4.629000e-05	-8.052559e-03	2.691854e+00
4.630000e-05	-9.858608e-03	2.411069e+00
4.631000e-05	-8.695149e-03	2.178017e+00
4.632000e-05	-7.903253e-03	1.997489e+00
4.633000e-05	-6.885324e-03	1.735893e+00
4.634000e-05	-6.981017e-03	1.462759e+00
4.635000e-05	-7.031180e-03	1.210629e+00
4.636000e-05	-6.316599e-03	9.360119e-01
4.637000e-05	-5.533902e-03	7.348119e-01
4.638000e-05	-5.693699e-03	5.037590e-01
4.639000e-05	-4.131599e-03	2.947004e-01
4.640000e-05	-4.459702e-03	2.002156e-02
4.641000e-05	4.366006e-03	-2.004790e-01
4.642000e-05	5.285225e-04	-3.705536e-01
4.643000e-05	-8.161003e-04	-6.136616e-01
4.644000e-05	2.120061e-04	-8.341866e-01
4.645000e-05	-5.333039e-04	-1.064167e+00
4.646000e-05	4.045687e-04	-1.274717e+00
4.647000e-05	4.586939e-03	-1.548898e+00
4.648000e-05	5.482476e-02	-1.726797e+00
4.649000e-05	8.011396e-02	-1.917902e+00
4.650000e-05	-8.853719e-02	-2.326198e+00
4.651000e-05	-1.521628e-03	-2.620986e+00
4.652000e-05	-4.574890e-02	-2.758534e+00
4.653000e-05	-7.130807e-02	-2.999480e+00
4.654000e-05	8.326785e-02	-3.127392e+00
4.655000e-05	8.610456e-02	-3.266220e+00
4.656000e-05	-1.607864e-01	-3.559929e+00
4.657000e-05	1.955271e-01	-3.723895e+00
4.658000e-05	-1.512492e-01	-4.009032e+00
4.659000e-05	9.205015e-03	-4.243484e+00
4.660000e-05	1.157245e-01	-4.410055e+00
4.661000e-05	-1.378163e-01	-4.674662e+00
4.662000e-05	1.397425e-01	-4.812138e+00
4.663000e-05	-2.065468e-02	-5.064219e+00
4.664000e-05	-6.674773e-02	-5.341029e+00
4.665000e-05	1.201498e-01	-5.600054e+00
4.666000e-05	-1.440351e-01	-5.802082e+00
4.667000e-05	1.355549e-01	-6.010608e+00
4.668000e-05	-5.316083e-02	-6.243112e+00
4.669000e-05	1.023474e-02	-6.452766e+00
4.670000e-05	7.154163e-02	-6.662167e+00
4.671000e-05	-8.565701e-02	-6.815195e+00
4.672000e-05	1.335967e-01	-7.134897e+00
4.673000e-05	-1.083567e-01	-7.276824e+00
4.674000e-05	6.134570e-02	-7.483797e+00
4.675000e-05	1.237744e-02	-7.665749e+00
4.676000e-05	-1.984125e-02	-7.948453e+00
4.677000e-05	7.976366e-02	-8.094871e+00
4.678000e-05	-6.053517e-02	-8.283717e+00
4.679000e-05	7.428603e-02	-8.412612e+00
4.680000e-05	-5.008213e-02	-8.600662e+00
4.681000e-05	4.715609e-02	-8.770632e+00
4.682000e-05	1.572144e-02	-8.946552e+00
4.683000e-05	1.282612e-02	-9.106021e+00
4.684000e-05	2.835310e-02	-9.233289e+00
4.685000e-05	-2.800064e-02	-9.420783e+00
4.686000e-05	5.587753e-02	-9.599083e+00
4.687000e-05	-1.335548e-02	-9.723970e+00
4.688000e-05	4.412080e-02	-9.853241e+00
4.689000e-05	-5.721079e-03	-9.991209e+00
4.690000e-05	3.589284e-02	-1.015700e+01
4.691000e-05	6.310260e-03	-1.029590e+01
4.692000e-05	1.662042e-02	-1.046334e+01
4.693000e-05	2.298651e-02	-1.057653e+01
4.694000e-05	1.723333e-02	-1.067580e+01
4.695000e-05	2.486432e-02	-1.076116e+01
4.696000e-05	7.482983e-03	-1.092605e+01
4.697000e-05	3.634427e-02	-1.104972e+01
4.698000e-05	1.336434e-02	-1.120060e+01
4.699000e-05	2.985066e-02	-1.129395e+01
4.700000e-05	1.251280e-02	-1.139958e+01
4.701000e-05	3.310799e-02	-1.148450e+01
4.702000e-05	1.964735e-02	-1.163973e+01
4.703000e-05	2.617482e-02	-1.171550e+01
4.704000e-05	2.704512e-02	-1.180969e+01
4.705000e-05	2.726959e-02	-1.192540e+01
4.706000e-05	2.659141e-02	-1.201121e+01
4.707000e-05	2.452853e-02	-1.210379e+01
4.708000e-05	3.496406e-02	-1.211547e+01
4.709000e-05	2.927665e-02	-1.218913e+01
4.710000e-05	3.337699e-02	-1.222266e+01
4.711000e-05	2.618358e-02	-1.228487e+01
4.712000e-05	3.360097e-02	-1.235747e+01
4.713000e-05	2.964063e-02	-1.235863e+01
4.714000e-05	3.370175e-02	-1.240018e+01
4.715000e-05	3.391153e-02	-1.249432e+01
4.716000e-05	3.514909e-02	-1.247450e+01
4.717000e-05	3.519378e-02	-1.253543e+01
4.718000e-05	3.591776e-02	-1.252647e+01
4.719000e-05	3.712939e-02	-1.256605e+01
4.720000e-05	3.728684e-02	-1.255760e+01
4.721000e-05	4.161842e-02	-1.260706e+01
4.722000e-05	4.155861e-02	-1.256823e+01
4.723000e-05	3.974170e-02	-1.260819e+01
4.724000e-05	4.009335e-02	-1.258768e+01
4.725000e-05	4.163670e-02	-1.259916e+01
4.726000e-05	4.431166e-02	-1.259870e+01
4.727000e-05	4.480921e-02	-1.253813e+01
4.728000e-05	4.830486e-02	-1.256755e+01
4.729000e-05	4.947840e-02	-1.256647e+01
4.730000e-05	4.837572e-02	-1.252545e+01
4.731000e-05	5.117476e-02	-1.247291e+01
4.732000e-05	5.414455e-02	-1.238971e+01
4.733000e-05	5.637114e-02	-1.240863e+01
4.734000e-05	5.657657e-02	-1.235600e+01
4.735000e-05	5.943675e-02	-1.226184e+01
4.736000e-05	6.354282e-02	-1.228021e+01
4.737000e-05	6.680389e-02	-1.215757e+01
4.738000e-05	6.561909e-02	-1.211439e+01
4.739000e-05	6.757794e-02	-1.204076e+01
4.740000e-05	6.773344e-02	-1.194752e+01
4.741000e-05	6.931425e-02	-1.185976e+01
4.742000e-05	6.894826e-02	-1.172620e+01
4.743000e-05	6.762954e-02	-1.163384e+01
4.744000e-05	6.482577e-02	-1.155607e+01
4.745000e-05	6.324430e-02	-1.144979e+01
4.746000e-05	6.151868e-02	-1.127337e+01
4.747000e-05	5.946627e-02	-1.119705e+01
4.748000e-05	5.638723e-02	-1.106196e+01
4.749000e-05	5.412384e-02	-1.097757e+01
4.750000e-05	5.152610e-02	-1.089329e+01
4.751000e-05	4.669179e-02	-1.075800e+01
4.752000e-05	4.541308e-02	-1.065071e+01
4.753000e-05	4.479108e-02	-1.052494e+01
4.754000e-05	4.255001e-02	-1.040123e+01
4.755000e-05	3.866830e-02	-1.025130e+01
4.756000e-05	3.600632e-02	-1.007439e+01
4.757000e-05	3.572828e-02	-9.968698e+00
4.758000e-05	3.381690e-02	-9.831162e+00
4.759000e-05	3.192795e-02	-9.724915e+00
4.760000e-05	2.948600e-02	-9.557627e+00
4.761000e-05	2.730423e-02	-9.398152e+00
4.762000e-05	2.601124e-02	-9.240224e+00
4.763000e-05	2.582752e-02	-9.093315e+00
4.764000e-05	2.429164e-02	-8.935490e+00
4.765000e-05	2.211520e-02	-8.744570e+00
4.766000e-05	2.002474e-02	-8.586018e+00
4.767000e-05	2.018705e-02	-8.386500e+00
4.768000e-05	2.033965e-02	-8.220682e+00
4.769000e-05	1.847967e-02	-8.052734e+00
4.770000e-05	1.653291e-02	-7.811276e+00
4.771000e-05	1.646191e-02	-7.628120e+00
4.772000e-05	1.523377e-02	-7.389627e+00
4.773000e-05	1.294233e-02	-7.222182e+00
4.774000e-05	1.195144e-02	-7.031632e+00
4.775000e-05	1.298082e-02	-6.819604e+00
4.776000e-05	1.123266e-02	-6.640154e+00
4.777000e-05	1.014648e-02	-6.471233e+00
4.778000e-05	9.769215e-03	-6.229703e+00
4.779000e-05	1.084281e-02	-6.009026e+00
4.780000e-05	7.631491e-03	-5.799675e+00
4.781000e-05	7.119034e-03	-5.619175e+00
4.782000e-05	6.014736e-03	-5.388070e+00
4.783000e-05	8.109613e-03	-5.136096e+00
4.784000e-05	5.735791e-03	-4.922932e+00
4.785000e-05	6.319175e-03	-4.640708e+00
4.786000e-05	5.426611e-03	-4.452232e+00
4.787000e-05	4.174816e-03	-4.282781e+00
4.788000e-05	3.081345e-03	-4.042231e+00
4.789000e-05	4.038752e-03	-3.831708e+00
4.790000e-05	2.791333e-03	-3.589119e+00
4.791000e-05	2.852696e-03	-3.397596e+00
4.792000e-05	1.348451e-03	-3.187545e+00
4.793000e-05	2.062653e-03	-2.884362e+00
4.794000e-05	-3.562586e-04	-2.695333e+00
4.795000e-05	1.350032e-03	-2.472208e+00
4.796000e-05	4.113158e-04	-2.261125e+00
4.797000e-05	3.518136e-04	-1.967569e+00
4.798000e-05	-2.000567e-03	-1.768467e+00
4.799000e-05	-1.236843e-03	-1.526937e+00
4.800000e-05	-1.837032e-03	-1.239254e+00
4.801000e-05	-1.982364e-03	-1.008070e+00
4.802000e-05	-4.564503e-03	-7.889934e-01
4.803000e-05	-2.982437e-03	-5.744109e-01
4.804000e-05	-3.080865e-03	-2.837843e-01
4.805000e-05	-3.553927e-03	-1.043118e-01
4.806000e-05	6.165850e-04	1.493236e-01
4.807000e-05	3.696738e-03	4.114075e-01
4.808000e-05	-4.612886e-03	5.989801e-01
4.809000e-05	2.677079e-03	7.899024e-01
4.810000e-05	-5.045743e-03	1.062986e+00
4.811000e-05	-8.963481e-04	1.284639e+00
4.812000e-05	-4.378499e-03	1.467798e+00
4.813000e-05	5.173250e-03	1.755974e+00
4.814000e-05	3.751546e-02	1.939300e+00
4.815000e-05	7.050910e-02	2.178928e+00
4.816000e-05	-6.781958e-02	2.432664e+00
4.817000e-05	-3.369669e-02	2.737345e+00
4.818000e-05	-3.406753e-02	2.938297e+00
4.819000e-05	-3.970162e-02	3.096820e+00
4.820000e-05	-5.489070e-02	3.244686e+00
4.821000e-05	1.580678e-01	3.475095e+00
4.822000e-05	-1.008559e-01	3.696742e+00
4.823000e-05	-1.956662e-02	3.883218e+00
4.824000e-05	1.171070e-01	4.067323e+00
4.825000e-05	-1.471633e-01	4.400975e+00
4.826000e-05	6.746785e-02	4.569879e+00
4.827000e-05	-6.702372e-04	4.820055e+00
4.828000e-05	-4.938723e-02	5.031708e+00
4.829000e-05	4.585519e-02	5.317772e+00
4.830000e-05	-4.755709e-02	5.560026e+00
4.831000e-05	5.939161e-03	5.741455e+00
4.832000e-05	-1.632686e-02	5.990108e+00
4.833000e-05	-2.478294e-02	6.232083e+00
4.834000e-05	2.591212e-03	6.389957e+00
4.835000e-05	-3.040248e-02	6.603086e+00
4.836000e-05	3.693455e-02	6.863615e+00
4.837000e-05	-4.830396e-02	7.053620e+00
4.838000e-05	1.183463e-02	7.263213e+00
4.839000e-05	-1.439322e-02	7.464191e+00
4.840000e-05	-3.981357e-02	7.722822e+00
4.841000e-05	1.067959e-02	7.914766e+00
4.842000e-05	-2.670063e-02	8.126347e+00
4.843000e-05	1.927169e-03	8.284746e+00
4.844000e-05	-2.580326e-02	8.433139e+00
4.845000e-05	-1.986085e-02	8.589552e+00
4.846000e-05	-1.292912e-02	8.756899e+00
4.847000e-05	-1.739934e-02	8.885919e+00
4.848000e-05	-7.636246e-03	9.094242e+00
4.849000e-05	-2.676177e-02	9.203216e+00
4.850000e-05	-5.545222e-03	9.399107e+00
4.851000e-05	-2.496293e-02	9.566879e+00
4.852000e-05	-2.338970e-02	9.694898e+00
4.853000e-05	-1.703956e-02	9.862216e+00
4.854000e-05	-1.741019e-02	1.001214e+01
4.855000e-05	-1.832003e-02	1.012895e+01
4.856000e-05	-2.696217e-02	1.028430e+01
4.857000e-05	-1.607585e-02	1.040313e+01
4.858000e-05	-2.513643e-02	1.054748e+01
4.859000e-05	-2.452061e-02	1.066532e+01
4.860000e-05	-2.477892e-02	1.087261e+01
4.861000e-05	-2.057382e-02	1.097748e+01
4.862000e-05	-2.434777e-02	1.107274e+01
4.863000e-05	-2.978747e-02	1.119910e+01
4.864000e-05	-2.434675e-02	1.125487e+01
4.865000e-05	-2.662311e-02	1.138021e+01
4.866000e-05	-2.721584e-02	1.154863e+01
4.867000e-05	-2.974024e-02	1.168281e+01
4.868000e-05	-2.690359e-02	1.174805e+01
4.869000e-05	-3.102518e-02	1.182319e+01
4.870000e-05	-3.229428e-02	1.196695e+01
4.871000e-05	-2.945493e-02	1.197118e+01
4.872000e-05	-3.273790e-02	1.208329e+01
4.873000e-05	-3.476842e-02	1.214593e+01
4.874000e-05	-3.438093e-02	1.219116e+01
4.875000e-05	-3.080865e-02	1.229272e+01
4.876000e-05	-3.525196e-02	1.235505e+01
4.877000e-05	-3.842076e-02	1.242971e+01
4.878000e-05	-3.758271e-02	1.243171e+01
4.879000e-05	-3.841415e-02	1.247389e+01
4.880000e-05	-3.961123e-02	1.250540e+01
4.881000e-05	-4.103885e-02	1.254650e+01
4.882000e-05	-3.885414e-02	1.258953e+01
4.883000e-05	-4.314671e-02	1.262911e+01
4.884000e-05	-4.354265e-02	1.260953e+01
4.885000e-05	-4.392516e-02	1.264119e+01
4.886000e-05	-4.312962e-02	1.265269e+01
4.887000e-05	-4.528276e-02	1.265271e+01
4.888000e-05	-4.744065e-02	1.267131e+01
4.889000e-05	-4.624495e-02	1.264471e+01
4.890000e-05	-4.824265e-02	1.269219e+01
4.891000e-05	-4.924578e-02	1.262171e+01
4.892000e-05	-5.139872e-02	1.265276e+01
4.893000e-05	-5.010607e-02	1.265176e+01
4.894000e-05	-5.428710e-02	1.260008e+01
4.895000e-05	-5.706200e-02	1.258808e+01
4.896000e-05	-5.685484e-02	1.256608e+01
4.897000e-05	-5.724475e-02	1.252550e+01
4.898000e-05	-5.988372e-02	1.248542e+01
4.899000e-05	-6.482201e-02	1.248076e+01
4.900000e-05	-6.534982e-02	1.241916e+01
4.901000e-05	-6.738491e-02	1.235755e+01
4.902000e-05	-6.933177e-02	1.224289e+01
4.903000e-05	-7.289938e-02	1.222010e+01
4.904000e-05	-7.219249e-02	1.214637e+01
4.905000e-05	-7.378215e-02	1.207229e+01
4.906000e-05	-7.501563e-02	1.198707e+01
4.907000e-05	-7.571586e-02	1.191281e+01
4.908000e-05	-7.481331e-02	1.181065e+01
4.909000e-05	-7.196178e-02	1.170445e+01
4.910000e-05	-7.278606e-02	1.159021e+01
4.911000e-05	-6.902067e-02	1.150337e+01
4.912000e-05	-6.665580e-02	1.138853e+01
4.913000e-05	-6.278624e-02	1.125231e+01
4.914000e-05	-6.313542e-02	1.116597e+01
4.915000e-05	-6.146752e-02	1.105023e+01
4.916000e-05	-5.679094e-02	1.092549e+01
4.917000e-05	-5.365350e-02	1.084214e+01
4.918000e-05	-5.197264e-02	1.069696e+01
4.919000e-05	-5.165879e-02	1.055748e+01
4.920000e-05	-4.605523e-02	1.043078e+01
4.921000e-05	-4.394730e-02	1.031332e+01
4.922000e-05	-4.341796e-02	1.015660e+01
4.923000e-05	-4.227856e-02	1.008018e+01
4.924000e-05	-3.952709e-02	9.882338e+00
4.925000e-05	-3.761970e-02	9.732863e+00
4.926000e-05	-3.548928e-02	9.556965e+00
4.927000e-05	-3.590519e-02	9.396674e+00
4.928000e-05	-3.407434e-02	9.291231e+00
4.929000e-05	-3.239417e-02	9.113341e+00
4.930000e-05	-2.971646e-02	8.886913e+00
4.931000e-05	-2.954108e-02	8.765441e+00
4.932000e-05	-2.892153e-02	8.547972e+00
4.933000e-05	-2.799314e-02	8.431653e+00
4.934000e-05	-2.477538e-02	8.270156e+00
4.935000e-05	-2.662618e-02	8.029754e+00
4.936000e-05	-2.393831e-02	7.871254e+00
4.937000e-05	-2.391285e-02	7.663155e+00
4.938000e-05	-1.955689e-02	7.410674e+00
4.939000e-05	-2.223723e-02	7.259679e+00
4.940000e-05	-2.129852e-02	7.021631e+00
4.941000e-05	-2.123491e-02	6.870709e+00
4.942000e-05	-1.890066e-02	6.640751e+00
4.943000e-05	-2.092169e-02	6.418050e+00
4.944000e-05	-1.894420e-02	6.208202e+00
4.945000e-05	-1.687697e-02	6.041706e+00
4.946000e-05	-1.554782e-02	5.872127e+00
4.947000e-05	-1.666004e-02	5.639078e+00
4.948000e-05	-1.547312e-02	5.399075e+00
4.949000e-05	-1.197479e-02	5.196495e+00
4.950000e-05	-1.587550e-02	4.872707e+00
4.951000e-05	-1.220925e-02	4.662256e+00
4.952000e-05	-1.579164e-02	4.443257e+00
4.953000e-05	-1.050094e-02	4.262233e+00
4.954000e-05	-1.268741e-02	4.019673e+00
4.955000e-05	-1.090377e-02	3.799095e+00
4.956000e-05	-1.177661e-02	3.639050e+00
4.957000e-05	-1.085861e-02	3.415968e+00
4.958000e-05	-1.125372e-02	3.095362e+00
4.959000e-05	-1.089590e-02	2.924808e+00
4.960000e-05	-1.008484e-02	2.745336e+00
4.961000e-05	-7.792471e-03	2.410048e+00
4.962000e-05	-8.015978e-03	2.197471e+00
4.963000e-05	-6.685253e-03	2.009568e+00
4.964000e-05	-7.852715e-03	1.774492e+00
4.965000e-05	-6.714442e-03	1.504736e+00
4.966000e-05	-7.071378e-03	1.222178e+00
4.967000e-05	-6.216149e-03	9.694637e-01
4.968000e-05	-6.310746e-03	7.638634e-01
4.969000e-05	-5.805166e-03	4.952344e-01
4.970000e-05	-4.690828e-03	3.222042e-01
4.971000e-05	-3.674997e-03	-9.399813e-03
4.972000e-05	3.892277e-03	-1.989799e-01
4.973000e-05	2.466434e-03	-4.004048e-01
4.974000e-05	-1.369288e-03	-6.416129e-01
4.975000e-05	1.838111e-03	-8.421578e-01
4.976000e-05	-2.188419e-03	-1.104588e+00
4.977000e-05	2.005768e-04	-1.283216e+00
4.978000e-05	2.989636e-03	-1.528325e+00
4.979000e-05	4.883891e-02	-1.725770e+00
4.980000e-05	8.525638e-02	-1.927273e+00
4.981000e-05	-8.368443e-02	-2.275718e+00
4.982000e-05	-4.501783e-03	-2.589485e+00
4.983000e-05	-4.163027e-02	-2.788977e+00
4.984000e-05	-6.909157e-02	-2.929880e+00
4.985000e-05	6.225913e-02	-3.117872e+00
4.986000e-05	1.103306e-01	-3.264666e+00
4.987000e-05	-1.680662e-01	-3.557947e+00
4.988000e-05	1.919246e-01	-3.655343e+00
4.989000e-05	-1.281210e-01	-3.969483e+00
4.990000e-05	-2.050363e-02	-4.212532e+00
4.991000e-05	1.347207e-01	-4.379503e+00
4.992000e-05	-1.392956e-01	-4.622016e+00
4.993000e-05	1.233433e-01	-4.851659e+00
4.994000e-05	7.147677e-03	-5.052687e+00
4.995000e-05	-9.108418e-02	-5.329505e+00
4.996000e-05	1.319653e-01	-5.568456e+00
4.997000e-05	-1.449367e-01	-5.791507e+00
4.998000e-05	1.234815e-01	-5.981080e+00
4.999000e-05	-3.295562e-02	-6.170009e+00
