# 260406_15:05:06.560444
t	CH1	CH2
0.000000e+00	-4.950061e-03	2.748607e-01
1.000000e-08	-5.308916e-03	7.586326e-02
2.000000e-08	1.480002e-03	-9.316061e-02
3.000000e-08	2.526816e-03	-2.630803e-01
4.000000e-08	-2.273116e-03	-4.099988e-01
5.000000e-08	1.766511e-03	-6.074012e-01
6.000000e-08	-2.215835e-03	-7.989499e-01
7.000000e-08	-3.628547e-04	-9.468419e-01
8.000000e-08	4.022846e-04	-1.093739e+00
9.000000e-08	1.550067e-02	-1.313135e+00
1.000000e-07	8.797765e-02	-1.533087e+00
1.100000e-07	-1.590807e-02	-1.735162e+00
1.200000e-07	-3.985828e-02	-1.967872e+00
1.300000e-07	-3.873292e-02	-2.270554e+00
1.400000e-07	-9.403315e-02	-2.389451e+00
1.500000e-07	1.256735e-01	-2.400998e+00
1.600000e-07	3.918444e-02	-2.525791e+00
1.700000e-07	-1.568807e-01	-2.798822e+00
1.800000e-07	1.792764e-01	-2.873185e+00
1.900000e-07	-7.780495e-02	-3.052607e+00
2.000000e-07	-1.110684e-01	-3.356713e+00
2.100000e-07	1.706668e-01	-3.461160e+00
2.200000e-07	-8.324519e-02	-3.611020e+00
2.300000e-07	-1.812817e-02	-3.830525e+00
2.400000e-07	1.424101e-01	-3.957519e+00
2.500000e-07	-1.485373e-01	-4.208395e+00
2.600000e-07	9.828732e-02	-4.337868e+00
2.700000e-07	-2.098512e-02	-4.482188e+00
2.800000e-07	-5.673935e-02	-4.733210e+00
2.900000e-07	1.264283e-01	-4.850604e+00
3.000000e-07	-9.915615e-02	-5.027974e+00
3.100000e-07	5.491735e-02	-5.175970e+00
3.200000e-07	3.357686e-02	-5.397775e+00
3.300000e-07	-2.589662e-02	-5.599420e+00
3.400000e-07	5.574844e-02	-5.726319e+00
3.500000e-07	-8.268465e-02	-5.913737e+00
3.600000e-07	8.440410e-02	-6.049023e+00
3.700000e-07	-6.825773e-03	-6.116892e+00
3.800000e-07	-2.459032e-02	-6.358893e+00
3.900000e-07	8.514456e-02	-6.492258e+00
4.000000e-07	-5.778605e-02	-6.641099e+00
4.100000e-07	4.855502e-02	-6.768918e+00
4.200000e-07	-2.951960e-02	-6.862765e+00
4.300000e-07	3.569479e-02	-7.031559e+00
4.400000e-07	5.356215e-02	-7.231047e+00
4.500000e-07	-4.928827e-02	-7.344311e+00
4.600000e-07	4.022446e-02	-7.441602e+00
4.700000e-07	-5.152653e-03	-7.558942e+00
4.800000e-07	4.219697e-02	-7.685758e+00
4.900000e-07	-5.902826e-03	-7.821074e+00
5.000000e-07	9.749157e-03	-7.988025e+00
5.100000e-07	4.404629e-02	-8.094283e+00
5.200000e-07	-1.386963e-02	-8.188952e+00
5.300000e-07	2.618304e-02	-8.315259e+00
5.400000e-07	9.033009e-03	-8.368993e+00
5.500000e-07	3.437179e-02	-8.461863e+00
5.600000e-07	-3.872275e-03	-8.620447e+00
5.700000e-07	1.306414e-02	-8.724342e+00
5.800000e-07	3.365106e-02	-8.811100e+00
5.900000e-07	1.497410e-02	-8.904263e+00
6.000000e-07	1.598736e-02	-8.979048e+00
6.100000e-07	1.280619e-02	-9.072760e+00
6.200000e-07	3.113897e-02	-9.135365e+00
6.300000e-07	1.268728e-02	-9.210000e+00
6.400000e-07	1.957609e-02	-9.242228e+00
6.500000e-07	2.642615e-02	-9.335937e+00
6.600000e-07	2.237273e-02	-9.431128e+00
6.700000e-07	1.592143e-02	-9.515292e+00
6.800000e-07	2.182557e-02	-9.568474e+00
6.900000e-07	3.110993e-02	-9.591052e+00
7.000000e-07	2.139058e-02	-9.662132e+00
7.100000e-07	2.260317e-02	-9.694237e+00
7.200000e-07	2.404595e-02	-9.746416e+00
7.300000e-07	2.660988e-02	-9.775520e+00
7.400000e-07	2.236758e-02	-9.810625e+00
7.500000e-07	2.774425e-02	-9.851204e+00
7.600000e-07	2.951213e-02	-9.861808e+00
7.700000e-07	2.476503e-02	-9.914859e+00
7.800000e-07	2.451515e-02	-9.933843e+00
7.900000e-07	3.009478e-02	-9.915389e+00
8.000000e-07	3.150547e-02	-9.915367e+00
8.100000e-07	2.605455e-02	-9.955894e+00
8.200000e-07	3.024715e-02	-9.987943e+00
8.300000e-07	3.195685e-02	-9.977970e+00
8.400000e-07	3.005976e-02	-9.976519e+00
8.500000e-07	2.865101e-02	-9.988575e+00
8.600000e-07	3.243652e-02	-9.958921e+00
8.700000e-07	3.567870e-02	-9.977594e+00
8.800000e-07	3.327100e-02	-9.957469e+00
8.900000e-07	3.497445e-02	-9.957467e+00
9.000000e-07	3.644301e-02	-9.945443e+00
9.100000e-07	3.693052e-02	-9.914892e+00
9.200000e-07	3.611911e-02	-9.923310e+00
9.300000e-07	3.978990e-02	-9.882758e+00
9.400000e-07	4.043158e-02	-9.860209e+00
9.500000e-07	4.043113e-02	-9.801629e+00
9.600000e-07	4.233263e-02	-9.758572e+00
9.700000e-07	4.449590e-02	-9.745390e+00
9.800000e-07	4.595112e-02	-9.683312e+00
9.900000e-07	4.449877e-02	-9.650182e+00
1.000000e-06	4.845073e-02	-9.578075e+00
1.010000e-06	5.108276e-02	-9.556993e+00
1.020000e-06	5.181568e-02	-9.441835e+00
1.030000e-06	5.030204e-02	-9.367674e+00
1.040000e-06	5.190082e-02	-9.304437e+00
1.050000e-06	5.217656e-02	-9.199629e+00
1.060000e-06	5.347882e-02	-9.137921e+00
1.070000e-06	5.170328e-02	-9.094312e+00
1.080000e-06	5.283258e-02	-8.968572e+00
1.090000e-06	5.114161e-02	-8.912888e+00
1.100000e-06	4.821831e-02	-8.841158e+00
1.110000e-06	4.638634e-02	-8.768476e+00
1.120000e-06	4.574944e-02	-8.653337e+00
1.130000e-06	4.442925e-02	-8.507546e+00
1.140000e-06	4.372740e-02	-8.441257e+00
1.150000e-06	4.100203e-02	-8.357949e+00
1.160000e-06	3.958369e-02	-8.250359e+00
1.170000e-06	3.754986e-02	-8.125522e+00
1.180000e-06	3.638126e-02	-8.063308e+00
1.190000e-06	3.431144e-02	-7.997045e+00
1.200000e-06	3.145159e-02	-7.820603e+00
1.210000e-06	3.151760e-02	-7.671938e+00
1.220000e-06	2.944456e-02	-7.537966e+00
1.230000e-06	2.649815e-02	-7.398200e+00
1.240000e-06	2.575135e-02	-7.255316e+00
1.250000e-06	2.573318e-02	-7.157450e+00
1.260000e-06	2.351918e-02	-7.020208e+00
1.270000e-06	2.184522e-02	-6.862733e+00
1.280000e-06	2.096373e-02	-6.716415e+00
1.290000e-06	2.063115e-02	-6.580130e+00
1.300000e-06	1.922315e-02	-6.434185e+00
1.310000e-06	1.739630e-02	-6.323896e+00
1.320000e-06	1.706243e-02	-6.137577e+00
1.330000e-06	1.567381e-02	-6.030526e+00
1.340000e-06	1.471983e-02	-5.851759e+00
1.350000e-06	1.328829e-02	-5.736893e+00
1.360000e-06	1.258280e-02	-5.536502e+00
1.370000e-06	1.179989e-02	-5.338121e+00
1.380000e-06	1.063828e-02	-5.188124e+00
1.390000e-06	1.140227e-02	-5.000707e+00
1.400000e-06	9.411040e-03	-4.809706e+00
1.410000e-06	9.232764e-03	-4.651206e+00
1.420000e-06	7.877794e-03	-4.483813e+00
1.430000e-06	8.792117e-03	-4.317992e+00
1.440000e-06	5.043774e-03	-4.200601e+00
1.450000e-06	7.239115e-03	-4.042782e+00
1.460000e-06	5.745698e-03	-3.904337e+00
1.470000e-06	5.372809e-03	-3.653787e+00
1.480000e-06	4.218019e-03	-3.474893e+00
1.490000e-06	5.830303e-03	-3.346873e+00
1.500000e-06	3.617930e-03	-3.209579e+00
1.510000e-06	3.874049e-03	-2.979556e+00
1.520000e-06	2.517446e-03	-2.839503e+00
1.530000e-06	2.434089e-03	-2.631732e+00
1.540000e-06	9.344496e-04	-2.431310e+00
1.550000e-06	2.118535e-03	-2.286817e+00
1.560000e-06	1.248222e-03	-2.063266e+00
1.570000e-06	1.007498e-03	-1.864815e+00
1.580000e-06	-6.980347e-04	-1.676865e+00
1.590000e-06	1.072997e-06	-1.566526e+00
1.600000e-06	3.097579e-04	-1.266469e+00
1.610000e-06	-1.967302e-03	-1.075841e+00
1.620000e-06	-2.855210e-03	-9.158134e-01
1.630000e-06	-2.622286e-03	-7.275249e-01
1.640000e-06	-2.597510e-03	-5.080459e-01
1.650000e-06	-4.006726e-03	-3.185449e-01
1.660000e-06	-3.756468e-03	-1.690238e-01
1.670000e-06	-1.965051e-03	-4.262531e-02
1.680000e-06	3.291247e-03	2.003221e-01
1.690000e-06	-9.762253e-04	3.698924e-01
1.700000e-06	-1.981470e-03	5.662633e-01
1.710000e-06	-1.788411e-03	7.541642e-01
1.720000e-06	-3.444268e-03	8.519750e-01
1.730000e-06	-3.738200e-03	1.081930e+00
1.740000e-06	-2.047386e-03	1.239554e+00
1.750000e-06	5.959954e-03	1.399899e+00
1.760000e-06	5.115976e-02	1.709454e+00
1.770000e-06	3.843211e-02	1.863030e+00
1.780000e-06	-5.834777e-02	2.032053e+00
1.790000e-06	-3.605113e-02	2.264549e+00
1.800000e-06	-5.981605e-02	2.409447e+00
1.810000e-06	-6.028570e-02	2.534711e+00
1.820000e-06	1.428092e-01	2.705183e+00
1.830000e-06	-4.858731e-02	2.862080e+00
1.840000e-06	-8.294188e-02	2.988973e+00
1.850000e-06	1.484258e-01	3.165769e+00
1.860000e-06	-1.155836e-01	3.417901e+00
1.870000e-06	-2.365746e-02	3.547317e+00
1.880000e-06	9.736869e-02	3.692636e+00
1.890000e-06	-1.075568e-01	3.894059e+00
1.900000e-06	1.992604e-02	4.020522e+00
1.910000e-06	3.872458e-02	4.272001e+00
1.920000e-06	-5.893430e-02	4.390524e+00
1.930000e-06	2.607141e-02	4.568418e+00
1.940000e-06	-3.591670e-02	4.787298e+00
1.950000e-06	-1.464086e-02	4.925342e+00
1.960000e-06	1.760336e-03	5.176818e+00
1.970000e-06	-1.841913e-02	5.398318e+00
1.980000e-06	9.617647e-03	5.524812e+00
1.990000e-06	-8.284575e-03	5.662630e+00
2.000000e-06	-7.371174e-03	5.942580e+00
2.010000e-06	-3.829545e-02	6.009502e+00
2.020000e-06	-1.779321e-02	6.156247e+00
2.030000e-06	2.282006e-02	6.295186e+00
2.040000e-06	-3.799332e-02	6.391001e+00
2.050000e-06	-1.742175e-03	6.605893e+00
2.060000e-06	-2.068213e-02	6.745770e+00
2.070000e-06	-1.662809e-02	6.885683e+00
2.080000e-06	-6.670093e-03	6.999525e+00
2.090000e-06	-2.639656e-02	7.145816e+00
2.100000e-06	6.514705e-05	7.191033e+00
2.110000e-06	-2.065838e-02	7.437443e+00
2.120000e-06	-1.723395e-02	7.547544e+00
2.130000e-06	-2.156124e-02	7.683706e+00
2.140000e-06	-6.986543e-03	7.789001e+00
2.150000e-06	-1.610513e-02	7.936339e+00
2.160000e-06	-2.963241e-02	8.090677e+00
2.170000e-06	-1.488190e-02	8.178600e+00
2.180000e-06	-1.224579e-02	8.313263e+00
2.190000e-06	-2.076074e-02	8.389874e+00
2.200000e-06	-2.458867e-02	8.462233e+00
2.210000e-06	-1.738025e-02	8.579444e+00
2.220000e-06	-2.008465e-02	8.630153e+00
2.230000e-06	-2.445768e-02	8.757365e+00
2.240000e-06	-2.239067e-02	8.821526e+00
2.250000e-06	-1.719765e-02	8.904363e+00
2.260000e-06	-2.684554e-02	9.081631e+00
2.270000e-06	-2.528773e-02	9.116341e+00
2.280000e-06	-2.186757e-02	9.219076e+00
2.290000e-06	-2.142459e-02	9.263284e+00
2.300000e-06	-2.834795e-02	9.367344e+00
2.310000e-06	-2.686044e-02	9.420649e+00
2.320000e-06	-2.264063e-02	9.484757e+00
2.330000e-06	-2.821784e-02	9.556915e+00
2.340000e-06	-2.955925e-02	9.558501e+00
2.350000e-06	-2.660194e-02	9.640608e+00
2.360000e-06	-2.515571e-02	9.724810e+00
2.370000e-06	-3.005225e-02	9.765968e+00
2.380000e-06	-2.991947e-02	9.860152e+00
2.390000e-06	-2.886686e-02	9.880755e+00
2.400000e-06	-3.227163e-02	9.912788e+00
2.410000e-06	-3.119228e-02	9.947867e+00
2.420000e-06	-3.017517e-02	9.928948e+00
2.430000e-06	-2.901451e-02	1.001952e+01
2.440000e-06	-3.751186e-02	1.003208e+01
2.450000e-06	-3.529007e-02	1.005118e+01
2.460000e-06	-3.232975e-02	1.002113e+01
2.470000e-06	-3.312014e-02	1.006258e+01
2.480000e-06	-3.670451e-02	1.007118e+01
2.490000e-06	-3.791212e-02	1.006278e+01
2.500000e-06	-3.668633e-02	1.004316e+01
2.510000e-06	-3.912812e-02	1.010173e+01
2.520000e-06	-3.917566e-02	1.005276e+01
2.530000e-06	-3.897751e-02	1.008471e+01
2.540000e-06	-3.916465e-02	1.005173e+01
2.550000e-06	-4.087151e-02	1.004066e+01
2.560000e-06	-4.200980e-02	1.004108e+01
2.570000e-06	-4.321236e-02	1.001115e+01
2.580000e-06	-4.336903e-02	9.990548e+00
2.590000e-06	-4.524285e-02	9.969418e+00
2.600000e-06	-4.612451e-02	9.936489e+00
2.610000e-06	-4.671527e-02	9.885289e+00
2.620000e-06	-4.852027e-02	9.881176e+00
2.630000e-06	-5.004867e-02	9.787077e+00
2.640000e-06	-5.269641e-02	9.684288e+00
2.650000e-06	-5.344371e-02	9.662154e+00
2.660000e-06	-5.490069e-02	9.618601e+00
2.670000e-06	-5.469185e-02	9.515816e+00
2.680000e-06	-5.734429e-02	9.454263e+00
2.690000e-06	-5.956826e-02	9.419128e+00
2.700000e-06	-5.852339e-02	9.326943e+00
2.710000e-06	-5.789384e-02	9.263909e+00
2.720000e-06	-5.739715e-02	9.223153e+00
2.730000e-06	-5.895073e-02	9.156495e+00
2.740000e-06	-5.792779e-02	9.080757e+00
2.750000e-06	-5.679171e-02	8.944447e+00
2.760000e-06	-5.569066e-02	8.841659e+00
2.770000e-06	-5.403136e-02	8.776973e+00
2.780000e-06	-5.133722e-02	8.662289e+00
2.790000e-06	-5.053290e-02	8.598573e+00
2.800000e-06	-4.844109e-02	8.484896e+00
2.810000e-06	-4.846201e-02	8.421103e+00
2.820000e-06	-4.433276e-02	8.296893e+00
2.830000e-06	-4.415505e-02	8.211252e+00
2.840000e-06	-4.096452e-02	8.094838e+00
2.850000e-06	-4.105647e-02	8.017971e+00
2.860000e-06	-3.845125e-02	7.853205e+00
2.870000e-06	-3.800282e-02	7.716967e+00
2.880000e-06	-3.501523e-02	7.641129e+00
2.890000e-06	-3.390500e-02	7.524322e+00
2.900000e-06	-3.242838e-02	7.276464e+00
2.910000e-06	-3.161467e-02	7.178025e+00
2.920000e-06	-3.010064e-02	7.033238e+00
2.930000e-06	-2.957598e-02	6.904917e+00
2.940000e-06	-2.718520e-02	6.830028e+00
2.950000e-06	-2.705902e-02	6.632813e+00
2.960000e-06	-2.575866e-02	6.473860e+00
2.970000e-06	-2.432808e-02	6.336993e+00
2.980000e-06	-2.327956e-02	6.210549e+00
2.990000e-06	-2.226785e-02	6.053260e+00
3.000000e-06	-2.219951e-02	5.916395e+00
3.010000e-06	-2.053262e-02	5.737998e+00
3.020000e-06	-1.982667e-02	5.589547e+00
3.030000e-06	-1.942599e-02	5.410679e+00
3.040000e-06	-2.026899e-02	5.293307e+00
3.050000e-06	-1.871478e-02	5.081286e+00
3.060000e-06	-1.658376e-02	4.840780e+00
3.070000e-06	-1.527196e-02	4.695313e+00
3.080000e-06	-1.623579e-02	4.506893e+00
3.090000e-06	-1.598413e-02	4.402102e+00
3.100000e-06	-1.393857e-02	4.192130e+00
3.110000e-06	-1.274270e-02	4.000626e+00
3.120000e-06	-1.386304e-02	3.883234e+00
3.130000e-06	-1.473926e-02	3.687342e+00
3.140000e-06	-1.251259e-02	3.598500e+00
3.150000e-06	-1.179079e-02	3.337520e+00
3.160000e-06	-1.188896e-02	3.149947e+00
3.170000e-06	-1.129446e-02	2.979629e+00
3.180000e-06	-1.089551e-02	2.842208e+00
3.190000e-06	-9.453887e-03	2.704364e+00
3.200000e-06	-9.780409e-03	2.430885e+00
3.210000e-06	-1.000233e-02	2.274208e+00
3.220000e-06	-8.725073e-03	2.084208e+00
3.230000e-06	-7.254205e-03	1.937546e+00
3.240000e-06	-8.457840e-03	1.738447e+00
3.250000e-06	-8.177473e-03	1.577446e+00
3.260000e-06	-7.456130e-03	1.356969e+00
3.270000e-06	-5.526110e-03	1.139044e+00
3.280000e-06	-5.995764e-03	9.170657e-01
3.290000e-06	-6.402506e-03	7.068934e-01
3.300000e-06	-6.714227e-03	5.684986e-01
3.310000e-06	-3.876099e-03	4.095489e-01
3.320000e-06	-4.735823e-03	2.011764e-01
3.330000e-06	-3.944381e-03	-4.500755e-04
3.340000e-06	3.264117e-03	-1.889161e-01
3.350000e-06	-3.293040e-04	-3.362409e-01
3.360000e-06	9.254826e-04	-5.142029e-01
3.370000e-06	-2.133251e-03	-7.062342e-01
3.380000e-06	-2.803325e-05	-8.741528e-01
3.390000e-06	-1.166294e-03	-1.019973e+00
3.400000e-06	5.255662e-03	-1.159372e+00
3.410000e-06	3.693050e-02	-1.316370e+00
3.420000e-06	7.953752e-02	-1.580795e+00
3.430000e-06	-6.616065e-02	-1.831477e+00
3.440000e-06	-1.053128e-02	-2.092105e+00
3.450000e-06	-8.083344e-02	-2.346665e+00
3.460000e-06	-2.941500e-02	-2.379523e+00
3.470000e-06	1.662933e-01	-2.432132e+00
3.480000e-06	-1.156470e-01	-2.651504e+00
3.490000e-06	-9.594617e-04	-2.841526e+00
3.500000e-06	1.592388e-01	-2.945991e+00
3.510000e-06	-1.801057e-01	-3.229297e+00
3.520000e-06	5.550007e-02	-3.389921e+00
3.530000e-06	1.079221e-01	-3.536311e+00
3.540000e-06	-1.559577e-01	-3.765333e+00
3.550000e-06	1.313013e-01	-3.905236e+00
3.560000e-06	-9.730735e-03	-4.043156e+00
3.570000e-06	-7.474281e-02	-4.284629e+00
3.580000e-06	1.240740e-01	-4.410525e+00
3.590000e-06	-1.166580e-01	-4.579342e+00
3.600000e-06	6.760544e-02	-4.788944e+00
3.610000e-06	3.970223e-02	-4.903738e+00
3.620000e-06	-8.857193e-02	-5.086260e+00
3.630000e-06	1.119415e-01	-5.281683e+00
3.640000e-06	-4.428887e-02	-5.464683e+00
3.650000e-06	4.754725e-02	-5.641154e+00
3.660000e-06	-1.585213e-02	-5.808397e+00
3.670000e-06	-3.696722e-02	-5.975893e+00
3.680000e-06	1.028186e-01	-6.092654e+00
3.690000e-06	-7.569919e-02	-6.242129e+00
3.700000e-06	6.685508e-02	-6.431078e+00
3.710000e-06	8.284475e-03	-6.546821e+00
3.720000e-06	-2.188424e-02	-6.724787e+00
3.730000e-06	4.496716e-02	-6.820371e+00
3.740000e-06	-4.362639e-02	-6.996921e+00
3.750000e-06	8.812178e-02	-7.125763e+00
3.760000e-06	-2.093840e-02	-7.253130e+00
3.770000e-06	-4.962908e-03	-7.368367e+00
3.780000e-06	2.607997e-02	-7.463236e+00
3.790000e-06	5.747017e-03	-7.589471e+00
3.800000e-06	4.039909e-02	-7.795772e+00
3.810000e-06	-2.461991e-02	-7.895813e+00
3.820000e-06	4.645360e-02	-8.010133e+00
3.830000e-06	8.378495e-03	-8.125864e+00
3.840000e-06	2.794573e-03	-8.232080e+00
3.850000e-06	2.177611e-02	-8.336793e+00
3.860000e-06	1.767572e-02	-8.420703e+00
3.870000e-06	2.449433e-02	-8.523891e+00
3.880000e-06	-9.306804e-03	-8.663186e+00
3.890000e-06	3.324566e-02	-8.766972e+00
3.900000e-06	2.400122e-02	-8.831630e+00
3.910000e-06	1.521680e-02	-8.897467e+00
3.920000e-06	1.208661e-02	-9.038553e+00
3.930000e-06	2.183363e-02	-9.133813e+00
3.940000e-06	2.720427e-02	-9.176893e+00
3.950000e-06	9.437262e-03	-9.211579e+00
3.960000e-06	2.369844e-02	-9.292305e+00
3.970000e-06	2.373339e-02	-9.405446e+00
3.980000e-06	1.983713e-02	-9.462783e+00
3.990000e-06	1.584581e-02	-9.564892e+00
4.000000e-06	2.826135e-02	-9.558450e+00
4.010000e-06	2.768699e-02	-9.652104e+00
4.020000e-06	2.111779e-02	-9.694235e+00
4.030000e-06	2.249396e-02	-9.714741e+00
4.040000e-06	2.459319e-02	-9.764941e+00
4.050000e-06	2.375933e-02	-9.789572e+00
4.060000e-06	2.325174e-02	-9.811079e+00
4.070000e-06	2.893482e-02	-9.861703e+00
4.080000e-06	2.845197e-02	-9.904258e+00
4.090000e-06	2.334544e-02	-9.894288e+00
4.100000e-06	2.714551e-02	-9.944914e+00
4.110000e-06	3.128016e-02	-9.925918e+00
4.120000e-06	2.819322e-02	-9.917394e+00
4.130000e-06	2.713755e-02	-9.947946e+00
4.140000e-06	3.107617e-02	-9.968896e+00
4.150000e-06	3.229653e-02	-9.968522e+00
4.160000e-06	2.893842e-02	-9.977495e+00
4.170000e-06	2.959090e-02	-9.969974e+00
4.180000e-06	3.395532e-02	-9.947522e+00
4.190000e-06	3.423112e-02	-9.947494e+00
4.200000e-06	3.375959e-02	-9.937945e+00
4.210000e-06	3.692420e-02	-9.957939e+00
4.220000e-06	3.731458e-02	-9.965893e+00
4.230000e-06	3.509580e-02	-9.906863e+00
4.240000e-06	3.668341e-02	-9.905261e+00
4.250000e-06	4.071643e-02	-9.841184e+00
4.260000e-06	4.118833e-02	-9.800102e+00
4.270000e-06	4.055870e-02	-9.778601e+00
4.280000e-06	4.331965e-02	-9.786971e+00
4.290000e-06	4.502561e-02	-9.714339e+00
4.300000e-06	4.608336e-02	-9.652730e+00
4.310000e-06	4.585698e-02	-9.631080e+00
4.320000e-06	4.919289e-02	-9.576124e+00
4.330000e-06	4.960656e-02	-9.544939e+00
4.340000e-06	5.040188e-02	-9.431754e+00
4.350000e-06	5.293637e-02	-9.356968e+00
4.360000e-06	5.200073e-02	-9.252684e+00
4.370000e-06	5.225489e-02	-9.209498e+00
4.380000e-06	5.090483e-02	-9.105868e+00
4.390000e-06	5.300802e-02	-9.042681e+00
4.400000e-06	5.270505e-02	-8.925021e+00
4.410000e-06	4.961671e-02	-8.884259e+00
4.420000e-06	4.721477e-02	-8.799578e+00
4.430000e-06	4.600122e-02	-8.757870e+00
4.440000e-06	4.425454e-02	-8.609207e+00
4.450000e-06	4.347678e-02	-8.456493e+00
4.460000e-06	4.203605e-02	-8.390550e+00
4.470000e-06	4.073353e-02	-8.325865e+00
4.480000e-06	3.873890e-02	-8.211202e+00
4.490000e-06	3.699940e-02	-8.143868e+00
4.500000e-06	3.429391e-02	-8.030681e+00
4.510000e-06	3.261072e-02	-7.956967e+00
4.520000e-06	3.305240e-02	-7.767497e+00
4.530000e-06	3.077758e-02	-7.619149e+00
4.540000e-06	2.733280e-02	-7.454761e+00
4.550000e-06	2.670438e-02	-7.326393e+00
4.560000e-06	2.672426e-02	-7.209704e+00
4.570000e-06	2.565500e-02	-7.095894e+00
4.580000e-06	2.126439e-02	-6.956122e+00
4.590000e-06	2.166877e-02	-6.819176e+00
4.600000e-06	2.235132e-02	-6.654813e+00
4.610000e-06	2.008528e-02	-6.557518e+00
4.620000e-06	1.781427e-02	-6.429630e+00
4.630000e-06	1.745936e-02	-6.241834e+00
4.640000e-06	1.710148e-02	-6.072284e+00
4.650000e-06	1.484986e-02	-5.946920e+00
4.660000e-06	1.441912e-02	-5.768599e+00
4.670000e-06	1.287623e-02	-5.611255e+00
4.680000e-06	1.202506e-02	-5.474817e+00
4.690000e-06	1.134890e-02	-5.294909e+00
4.700000e-06	1.039769e-02	-5.095367e+00
4.710000e-06	1.106734e-02	-4.917492e+00
4.720000e-06	1.008007e-02	-4.705967e+00
4.730000e-06	9.962345e-03	-4.557501e+00
4.740000e-06	7.056209e-03	-4.431153e+00
4.750000e-06	7.730124e-03	-4.296262e+00
4.760000e-06	5.067770e-03	-4.136970e+00
4.770000e-06	7.135895e-03	-4.008100e+00
4.780000e-06	5.339182e-03	-3.790584e+00
4.790000e-06	6.294961e-03	-3.628649e+00
4.800000e-06	4.062598e-03	-3.463703e+00
4.810000e-06	4.286544e-03	-3.252761e+00
4.820000e-06	3.889927e-03	-3.116893e+00
4.830000e-06	3.082382e-03	-2.853360e+00
4.840000e-06	2.871027e-03	-2.697445e+00
4.850000e-06	1.000227e-03	-2.536946e+00
4.860000e-06	1.545257e-03	-2.368575e+00
4.870000e-06	9.042687e-04	-2.199150e+00
4.880000e-06	1.798847e-03	-1.989100e+00
4.890000e-06	6.164746e-04	-1.851584e+00
4.900000e-06	2.556276e-04	-1.654184e+00
4.910000e-06	-1.681608e-03	-1.452709e+00
4.920000e-06	-3.144022e-04	-1.229630e+00
4.930000e-06	-5.996752e-04	-1.042202e+00
4.940000e-06	-2.155192e-03	-8.532328e-01
4.950000e-06	-4.352138e-03	-6.537843e-01
4.960000e-06	-2.338923e-03	-4.216329e-01
4.970000e-06	-2.658132e-03	-2.657866e-01
4.980000e-06	-2.865391e-03	-8.431828e-02
4.990000e-06	-1.148867e-03	3.150640e-02
5.000000e-06	4.555567e-03	2.814843e-01
5.010000e-06	-3.764478e-03	4.130525e-01
5.020000e-06	6.921800e-04	5.794012e-01
5.030000e-06	-5.170848e-03	7.368185e-01
5.040000e-06	-1.343230e-03	9.437603e-01
5.050000e-06	-4.898262e-03	1.139217e+00
5.060000e-06	1.970422e-03	1.324716e+00
5.070000e-06	1.757066e-02	1.475107e+00
5.080000e-06	6.939769e-02	1.738239e+00
5.090000e-06	-1.813499e-02	1.976742e+00
5.100000e-06	-4.746183e-02	2.115763e+00
5.110000e-06	-3.858200e-02	2.306215e+00
5.120000e-06	-7.574930e-02	2.441504e+00
5.130000e-06	1.534203e-02	2.596322e+00
5.140000e-06	1.337545e-01	2.747942e+00
5.150000e-06	-1.603094e-01	2.955816e+00
5.160000e-06	8.516865e-02	3.072631e+00
5.170000e-06	3.290455e-02	3.221454e+00
5.180000e-06	-1.256918e-01	3.492029e+00
5.190000e-06	7.298744e-02	3.599946e+00
5.200000e-06	1.919697e-02	3.758838e+00
5.210000e-06	-1.056924e-01	3.956842e+00
5.220000e-06	8.618388e-02	4.094185e+00
5.230000e-06	-3.973974e-02	4.365764e+00
5.240000e-06	-2.411666e-02	4.472685e+00
5.250000e-06	1.756382e-02	4.693606e+00
5.260000e-06	-5.244098e-02	4.840003e+00
5.270000e-06	1.542409e-02	5.070126e+00
5.280000e-06	-2.117245e-02	5.233657e+00
5.290000e-06	3.642207e-04	5.432026e+00
5.300000e-06	-4.507062e-03	5.577923e+00
5.310000e-06	-2.721467e-03	5.734317e+00
5.320000e-06	-1.814631e-02	5.956787e+00
5.330000e-06	-4.127685e-02	6.082159e+00
5.340000e-06	1.485572e-02	6.239001e+00
5.350000e-06	-5.248839e-03	6.356818e+00
5.360000e-06	-2.899658e-02	6.472109e+00
5.370000e-06	-1.090686e-03	6.670604e+00
5.380000e-06	-2.610094e-02	6.809027e+00
5.390000e-06	-1.018628e-02	6.915812e+00
5.400000e-06	-1.583133e-02	7.061206e+00
5.410000e-06	-1.881364e-02	7.167945e+00
5.420000e-06	9.962091e-04	7.262138e+00
5.430000e-06	-2.658660e-02	7.471150e+00
5.440000e-06	-1.447768e-02	7.618973e+00
5.450000e-06	-2.059635e-02	7.745318e+00
5.460000e-06	-6.238658e-03	7.883656e+00
5.470000e-06	-2.357755e-02	8.041622e+00
5.480000e-06	-2.426329e-02	8.153742e+00
5.490000e-06	-6.683386e-03	8.241582e+00
5.500000e-06	-2.002218e-02	8.367370e+00
5.510000e-06	-2.016784e-02	8.399574e+00
5.520000e-06	-2.549248e-02	8.492785e+00
5.530000e-06	-1.393458e-02	8.619975e+00
5.540000e-06	-2.495124e-02	8.665788e+00
5.550000e-06	-2.424833e-02	8.788422e+00
5.560000e-06	-1.883616e-02	8.884652e+00
5.570000e-06	-2.188505e-02	8.995492e+00
5.580000e-06	-2.545381e-02	9.083283e+00
5.590000e-06	-2.519404e-02	9.158471e+00
5.600000e-06	-1.915549e-02	9.230582e+00
5.610000e-06	-2.635470e-02	9.324287e+00
5.620000e-06	-2.769022e-02	9.388021e+00
5.630000e-06	-2.430607e-02	9.442756e+00
5.640000e-06	-2.263042e-02	9.504788e+00
5.650000e-06	-2.885956e-02	9.567416e+00
5.660000e-06	-2.993795e-02	9.600546e+00
5.670000e-06	-2.516967e-02	9.681806e+00
5.680000e-06	-2.803957e-02	9.734839e+00
5.690000e-06	-2.837947e-02	9.806446e+00
5.700000e-06	-3.069834e-02	9.852178e+00
5.710000e-06	-3.027075e-02	9.902310e+00
5.720000e-06	-3.262690e-02	9.906338e+00
5.730000e-06	-3.042688e-02	9.955867e+00
5.740000e-06	-3.034994e-02	9.988547e+00
5.750000e-06	-3.326152e-02	9.998998e+00
5.760000e-06	-3.677315e-02	1.004005e+01
5.770000e-06	-3.382769e-02	1.004160e+01
5.780000e-06	-3.293896e-02	1.005213e+01
5.790000e-06	-3.560116e-02	1.005163e+01
5.800000e-06	-3.572400e-02	1.007213e+01
5.810000e-06	-3.667642e-02	1.008128e+01
5.820000e-06	-3.798477e-02	1.007273e+01
5.830000e-06	-4.005339e-02	1.006228e+01
5.840000e-06	-3.938463e-02	1.007163e+01
5.850000e-06	-3.879008e-02	1.006271e+01
5.860000e-06	-4.013430e-02	1.003218e+01
5.870000e-06	-4.167673e-02	1.002968e+01
5.880000e-06	-4.219325e-02	1.002060e+01
5.890000e-06	-4.227449e-02	1.001150e+01
5.900000e-06	-4.483877e-02	9.988524e+00
5.910000e-06	-4.593863e-02	9.976492e+00
5.920000e-06	-4.687358e-02	9.904417e+00
5.930000e-06	-4.756395e-02	9.864835e+00
5.940000e-06	-4.894608e-02	9.779226e+00
5.950000e-06	-5.123659e-02	9.746392e+00
5.960000e-06	-5.241569e-02	9.690732e+00
5.970000e-06	-5.457479e-02	9.632078e+00
5.980000e-06	-5.576240e-02	9.548022e+00
5.990000e-06	-5.638526e-02	9.524890e+00
6.000000e-06	-5.765696e-02	9.452182e+00
6.010000e-06	-5.863094e-02	9.398550e+00
6.020000e-06	-5.891368e-02	9.304915e+00
6.030000e-06	-5.983922e-02	9.271129e+00
6.040000e-06	-5.850754e-02	9.201101e+00
6.050000e-06	-5.851039e-02	9.145394e+00
6.060000e-06	-5.605729e-02	8.999674e+00
6.070000e-06	-5.663315e-02	8.902488e+00
6.080000e-06	-5.522488e-02	8.810072e+00
6.090000e-06	-5.388573e-02	8.745918e+00
6.100000e-06	-5.087386e-02	8.641179e+00
6.110000e-06	-5.070113e-02	8.547997e+00
6.120000e-06	-4.818793e-02	8.462186e+00
6.130000e-06	-4.571711e-02	8.408498e+00
6.140000e-06	-4.359110e-02	8.344312e+00
6.150000e-06	-4.332748e-02	8.146498e+00
6.160000e-06	-4.119108e-02	8.011278e+00
6.170000e-06	-3.950140e-02	7.893888e+00
6.180000e-06	-3.760628e-02	7.809677e+00
6.190000e-06	-3.688696e-02	7.692813e+00
6.200000e-06	-3.584810e-02	7.588997e+00
6.210000e-06	-3.358383e-02	7.398630e+00
6.220000e-06	-3.159834e-02	7.231206e+00
6.230000e-06	-3.015671e-02	7.125492e+00
6.240000e-06	-2.995961e-02	7.049127e+00
6.250000e-06	-2.850227e-02	6.855835e+00
6.260000e-06	-2.799395e-02	6.758020e+00
6.270000e-06	-2.580181e-02	6.600075e+00
6.280000e-06	-2.458695e-02	6.420148e+00
6.290000e-06	-2.358793e-02	6.234837e+00
6.300000e-06	-2.301492e-02	6.135944e+00
6.310000e-06	-2.266265e-02	5.999626e+00
6.320000e-06	-2.190919e-02	5.882183e+00
6.330000e-06	-2.143806e-02	5.662809e+00
6.340000e-06	-1.966879e-02	5.546913e+00
6.350000e-06	-1.897948e-02	5.377497e+00
6.360000e-06	-1.826184e-02	5.199525e+00
6.370000e-06	-1.813662e-02	4.968576e+00
6.380000e-06	-1.705038e-02	4.758976e+00
6.390000e-06	-1.633721e-02	4.610205e+00
6.400000e-06	-1.555561e-02	4.452862e+00
6.410000e-06	-1.519991e-02	4.367390e+00
6.420000e-06	-1.398845e-02	4.086445e+00
6.430000e-06	-1.330300e-02	3.967445e+00
6.440000e-06	-1.301248e-02	3.788129e+00
6.450000e-06	-1.362940e-02	3.640704e+00
6.460000e-06	-1.275156e-02	3.553364e+00
6.470000e-06	-1.170575e-02	3.273310e+00
6.480000e-06	-1.166421e-02	3.105390e+00
6.490000e-06	-1.104574e-02	2.956445e+00
6.500000e-06	-1.085336e-02	2.789551e+00
6.510000e-06	-9.390538e-03	2.539078e+00
6.520000e-06	-9.242233e-03	2.378000e+00
6.530000e-06	-9.550068e-03	2.198503e+00
6.540000e-06	-8.335330e-03	2.030704e+00
6.550000e-06	-8.247026e-03	1.821734e+00
6.560000e-06	-8.339861e-03	1.626260e+00
6.570000e-06	-7.262549e-03	1.463234e+00
6.580000e-06	-6.308057e-03	1.263810e+00
6.590000e-06	-7.213144e-03	1.033738e+00
6.600000e-06	-6.673211e-03	8.306813e-01
6.610000e-06	-5.228011e-03	6.551867e-01
6.620000e-06	-5.267382e-03	4.742854e-01
6.630000e-06	-4.520253e-03	2.979182e-01
6.640000e-06	-5.155191e-03	1.042595e-01
6.650000e-06	7.392249e-05	-9.420915e-02
6.660000e-06	2.658691e-03	-2.520778e-01
6.670000e-06	-2.773181e-03	-4.104213e-01
6.680000e-06	1.725086e-03	-6.147711e-01
6.690000e-06	-2.096466e-03	-7.793723e-01
6.700000e-06	7.480814e-04	-9.372405e-01
6.710000e-06	-1.070734e-03	-1.053582e+00
6.720000e-06	1.175251e-02	-1.252128e+00
6.730000e-06	7.672795e-02	-1.452628e+00
6.740000e-06	1.094308e-02	-1.702162e+00
6.750000e-06	-5.301364e-02	-1.966892e+00
6.760000e-06	-2.588157e-02	-2.200423e+00
6.770000e-06	-1.003281e-01	-2.349947e+00
6.780000e-06	9.411959e-02	-2.400075e+00
6.790000e-06	8.774019e-02	-2.494740e+00
6.800000e-06	-1.765597e-01	-2.766741e+00
6.810000e-06	1.553786e-01	-2.843155e+00
6.820000e-06	-1.340089e-02	-3.030023e+00
6.830000e-06	-1.499553e-01	-3.315181e+00
6.840000e-06	1.605567e-01	-3.431078e+00
6.850000e-06	-3.772378e-02	-3.587921e+00
6.860000e-06	-7.058766e-02	-3.779951e+00
6.870000e-06	1.693761e-01	-3.977470e+00
6.880000e-06	-1.355410e-01	-4.165394e+00
6.890000e-06	6.389248e-02	-4.327766e+00
6.900000e-06	2.229934e-02	-4.473106e+00
6.910000e-06	-9.055404e-02	-4.692679e+00
6.920000e-06	1.327899e-01	-4.800447e+00
6.930000e-06	-7.869276e-02	-4.979444e+00
6.940000e-06	1.957770e-02	-5.208899e+00
6.950000e-06	6.249405e-02	-5.345866e+00
6.960000e-06	-4.550274e-02	-5.566893e+00
6.970000e-06	6.798645e-02	-5.725638e+00
6.980000e-06	-7.679097e-02	-5.883134e+00
6.990000e-06	6.296946e-02	-5.979997e+00
7.000000e-06	2.508085e-02	-6.096317e+00
7.010000e-06	-5.243471e-02	-6.358239e+00
7.020000e-06	9.834010e-02	-6.453156e+00
7.030000e-06	-5.451536e-02	-6.642575e+00
7.040000e-06	3.738233e-02	-6.747845e+00
7.050000e-06	-1.208523e-02	-6.821106e+00
7.060000e-06	1.154269e-02	-7.051648e+00
7.070000e-06	7.449941e-02	-7.197471e+00
7.080000e-06	-5.399279e-02	-7.314783e+00
7.090000e-06	3.778069e-02	-7.420549e+00
7.100000e-06	-1.804031e-03	-7.556314e+00
7.110000e-06	3.272769e-02	-7.683256e+00
7.120000e-06	5.154751e-03	-7.849029e+00
7.130000e-06	-2.822566e-03	-7.978922e+00
7.140000e-06	5.329955e-02	-8.072758e+00
7.150000e-06	-1.339617e-02	-8.199495e+00
7.160000e-06	2.476435e-02	-8.294208e+00
7.170000e-06	8.557854e-03	-8.376945e+00
7.180000e-06	3.304162e-02	-8.483807e+00
7.190000e-06	3.098033e-03	-8.608046e+00
7.200000e-06	7.426340e-03	-8.744841e+00
7.210000e-06	3.453178e-02	-8.799622e+00
7.220000e-06	1.409098e-02	-8.914238e+00
7.230000e-06	1.802732e-02	-8.968971e+00
7.240000e-06	1.281170e-02	-9.051708e+00
7.250000e-06	3.044461e-02	-9.104862e+00
7.260000e-06	1.407663e-02	-9.188973e+00
7.270000e-06	1.613406e-02	-9.211682e+00
7.280000e-06	2.658875e-02	-9.335412e+00
7.290000e-06	2.329588e-02	-9.429651e+00
7.300000e-06	1.608150e-02	-9.532313e+00
7.310000e-06	2.015262e-02	-9.558942e+00
7.320000e-06	3.149297e-02	-9.590020e+00
7.330000e-06	2.197996e-02	-9.651608e+00
7.340000e-06	2.169520e-02	-9.713759e+00
7.350000e-06	2.339011e-02	-9.725391e+00
7.360000e-06	2.736524e-02	-9.747446e+00
7.370000e-06	2.212264e-02	-9.839074e+00
7.380000e-06	2.548126e-02	-9.811229e+00
7.390000e-06	2.927506e-02	-9.862231e+00
7.400000e-06	2.568075e-02	-9.884737e+00
7.410000e-06	2.536746e-02	-9.924788e+00
7.420000e-06	2.845254e-02	-9.944316e+00
7.430000e-06	3.050461e-02	-9.955442e+00
7.440000e-06	2.713653e-02	-9.947892e+00
7.450000e-06	3.136844e-02	-9.957472e+00
7.460000e-06	3.126944e-02	-9.956946e+00
7.470000e-06	3.113617e-02	-9.969998e+00
7.480000e-06	3.034511e-02	-9.937520e+00
7.490000e-06	3.315233e-02	-9.979495e+00
7.500000e-06	3.367694e-02	-9.958520e+00
7.510000e-06	3.308428e-02	-9.967422e+00
7.520000e-06	3.588793e-02	-9.958442e+00
7.530000e-06	3.663211e-02	-9.955392e+00
7.540000e-06	3.635259e-02	-9.924389e+00
7.550000e-06	3.562190e-02	-9.924338e+00
7.560000e-06	4.033282e-02	-9.873259e+00
7.570000e-06	4.039070e-02	-9.842679e+00
7.580000e-06	3.968040e-02	-9.758649e+00
7.590000e-06	4.203062e-02	-9.746995e+00
7.600000e-06	4.474349e-02	-9.745342e+00
7.610000e-06	4.593821e-02	-9.684689e+00
7.620000e-06	4.522686e-02	-9.661158e+00
7.630000e-06	4.690833e-02	-9.590552e+00
7.640000e-06	5.058794e-02	-9.517993e+00
7.650000e-06	5.018098e-02	-9.472809e+00
7.660000e-06	5.148784e-02	-9.359056e+00
7.670000e-06	5.284204e-02	-9.305813e+00
7.680000e-06	5.147166e-02	-9.221151e+00
7.690000e-06	5.245962e-02	-9.127918e+00
7.700000e-06	5.204181e-02	-9.052310e+00
7.710000e-06	5.255785e-02	-8.978703e+00
7.720000e-06	5.125456e-02	-8.873943e+00
7.730000e-06	4.899681e-02	-8.831679e+00
7.740000e-06	4.741993e-02	-8.778600e+00
7.750000e-06	4.510146e-02	-8.704364e+00
7.760000e-06	4.450947e-02	-8.539047e+00
7.770000e-06	4.311437e-02	-8.472733e+00
7.780000e-06	4.116246e-02	-8.367497e+00
7.790000e-06	3.828994e-02	-8.264313e+00
7.800000e-06	3.797501e-02	-8.178423e+00
7.810000e-06	3.648649e-02	-8.074188e+00
7.820000e-06	3.424679e-02	-8.008019e+00
7.830000e-06	3.209587e-02	-7.853259e+00
7.840000e-06	3.125875e-02	-7.723313e+00
7.850000e-06	2.985594e-02	-7.546493e+00
7.860000e-06	2.655799e-02	-7.450680e+00
7.870000e-06	2.653542e-02	-7.295411e+00
7.880000e-06	2.497040e-02	-7.189976e+00
7.890000e-06	2.464830e-02	-7.054213e+00
7.900000e-06	2.235206e-02	-6.873287e+00
7.910000e-06	2.066758e-02	-6.757946e+00
7.920000e-06	2.029346e-02	-6.651700e+00
7.930000e-06	1.853206e-02	-6.434833e+00
7.940000e-06	1.799023e-02	-6.347820e+00
7.950000e-06	1.610820e-02	-6.150500e+00
7.960000e-06	1.520947e-02	-6.010628e+00
7.970000e-06	1.379817e-02	-5.843733e+00
7.980000e-06	1.358476e-02	-5.706893e+00
7.990000e-06	1.273960e-02	-5.609969e+00
8.000000e-06	1.253415e-02	-5.401628e+00
8.010000e-06	1.080671e-02	-5.170676e+00
8.020000e-06	1.125668e-02	-5.032204e+00
8.030000e-06	9.636169e-03	-4.852328e+00
8.040000e-06	9.271214e-03	-4.653124e+00
8.050000e-06	7.362299e-03	-4.475363e+00
8.060000e-06	8.706847e-03	-4.348571e+00
8.070000e-06	7.517724e-03	-4.221203e+00
8.080000e-06	6.510156e-03	-4.072785e+00
8.090000e-06	6.186578e-03	-3.905466e+00
8.100000e-06	6.325199e-03	-3.666944e+00
8.110000e-06	4.357151e-03	-3.538397e+00
8.120000e-06	4.059595e-03	-3.389600e+00
8.130000e-06	3.231592e-03	-3.230628e+00
8.140000e-06	4.587820e-03	-2.982683e+00
8.150000e-06	1.832450e-03	-2.830604e+00
8.160000e-06	2.052095e-03	-2.664234e+00
8.170000e-06	2.701486e-04	-2.464290e+00
8.180000e-06	2.413213e-03	-2.285841e+00
8.190000e-06	1.403864e-03	-2.065862e+00
8.200000e-06	1.581472e-03	-1.905820e+00
8.210000e-06	-6.787691e-04	-1.767896e+00
8.220000e-06	2.767153e-04	-1.580050e+00
8.230000e-06	-2.240861e-03	-1.337020e+00
8.240000e-06	-8.175978e-04	-1.136896e+00
8.250000e-06	-2.750605e-03	-8.748449e-01
8.260000e-06	-1.888824e-03	-7.791014e-01
8.270000e-06	-3.809026e-03	-5.100000e-01
8.280000e-06	-3.304792e-03	-3.600476e-01
8.290000e-06	-3.062670e-03	-2.501039e-01
8.300000e-06	-1.899707e-03	-4.218034e-02
8.310000e-06	1.951452e-03	1.772394e-01
8.320000e-06	3.550982e-04	3.687433e-01
8.330000e-06	-2.952640e-03	5.158131e-01
8.340000e-06	-6.111171e-04	6.925567e-01
8.350000e-06	-4.136866e-03	8.004250e-01
8.360000e-06	-3.445229e-03	1.009021e+00
8.370000e-06	-3.141145e-03	1.231976e+00
8.380000e-06	4.575675e-03	1.388346e+00
8.390000e-06	4.115431e-02	1.580871e+00
8.400000e-06	5.218996e-02	1.851554e+00
8.410000e-06	-5.595212e-02	2.001426e+00
8.420000e-06	-3.602741e-02	2.170422e+00
8.430000e-06	-5.335056e-02	2.357324e+00
8.440000e-06	-7.089987e-02	2.492662e+00
8.450000e-06	1.206098e-01	2.681182e+00
8.460000e-06	7.383498e-04	2.843106e+00
8.470000e-06	-1.297341e-01	2.967366e+00
8.480000e-06	1.615732e-01	3.126664e+00
8.490000e-06	-9.265681e-02	3.286842e+00
8.500000e-06	-5.422796e-02	3.546342e+00
8.510000e-06	1.097141e-01	3.663057e+00
8.520000e-06	-8.539620e-02	3.910581e+00
8.530000e-06	-1.225370e-02	4.009501e+00
8.540000e-06	6.227483e-02	4.230371e+00
8.550000e-06	-6.839717e-02	4.410502e+00
8.560000e-06	1.520048e-02	4.568365e+00
8.570000e-06	-1.951487e-02	4.747290e+00
8.580000e-06	-2.460515e-02	4.953238e+00
8.590000e-06	7.648103e-03	5.146814e+00
8.600000e-06	-2.624508e-02	5.356288e+00
8.610000e-06	1.091765e-02	5.536264e+00
8.620000e-06	-8.199318e-03	5.621127e+00
8.630000e-06	-5.867876e-03	5.831602e+00
8.640000e-06	-3.371427e-02	6.008448e+00
8.650000e-06	-2.719023e-02	6.155263e+00
8.660000e-06	2.593411e-02	6.303785e+00
8.670000e-06	-3.419166e-02	6.388499e+00
8.680000e-06	-5.978558e-03	6.535814e+00
8.690000e-06	-1.681577e-02	6.746391e+00
8.700000e-06	-2.139725e-02	6.862135e+00
8.710000e-06	-6.976995e-03	6.988970e+00
8.720000e-06	-2.378800e-02	7.133762e+00
8.730000e-06	-3.590238e-03	7.210476e+00
8.740000e-06	-1.431218e-02	7.366367e+00
8.750000e-06	-1.969884e-02	7.547213e+00
8.760000e-06	-2.179017e-02	7.683180e+00
8.770000e-06	-1.213143e-02	7.798849e+00
8.780000e-06	-1.261746e-02	7.924837e+00
8.790000e-06	-2.633875e-02	8.071652e+00
8.800000e-06	-1.826083e-02	8.189950e+00
8.810000e-06	-9.484955e-03	8.323734e+00
8.820000e-06	-2.144156e-02	8.389921e+00
8.830000e-06	-2.279507e-02	8.451634e+00
8.840000e-06	-1.965590e-02	8.556467e+00
8.850000e-06	-1.780611e-02	8.670680e+00
8.860000e-06	-2.501072e-02	8.768339e+00
8.870000e-06	-2.333759e-02	8.810424e+00
8.880000e-06	-1.612700e-02	8.895288e+00
8.890000e-06	-2.426202e-02	9.051052e+00
8.900000e-06	-2.456412e-02	9.114344e+00
8.910000e-06	-2.322272e-02	9.220126e+00
8.920000e-06	-2.020191e-02	9.292209e+00
8.930000e-06	-2.800420e-02	9.316364e+00
8.940000e-06	-2.684406e-02	9.421571e+00
8.950000e-06	-2.252216e-02	9.503263e+00
8.960000e-06	-2.589656e-02	9.516316e+00
8.970000e-06	-2.956662e-02	9.527524e+00
8.980000e-06	-2.842964e-02	9.651124e+00
8.990000e-06	-2.463762e-02	9.663659e+00
9.000000e-06	-2.867598e-02	9.745388e+00
9.010000e-06	-2.934615e-02	9.789148e+00
9.020000e-06	-3.032189e-02	9.861659e+00
9.030000e-06	-3.264522e-02	9.922829e+00
9.040000e-06	-3.147109e-02	9.955317e+00
9.050000e-06	-3.031380e-02	9.976967e+00
9.060000e-06	-2.922456e-02	9.970522e+00
9.070000e-06	-3.562382e-02	1.001955e+01
9.080000e-06	-3.517195e-02	1.006160e+01
9.090000e-06	-3.199187e-02	1.002113e+01
9.100000e-06	-3.329159e-02	1.005266e+01
9.110000e-06	-3.683808e-02	1.005318e+01
9.120000e-06	-3.723821e-02	1.007274e+01
9.130000e-06	-3.612218e-02	1.005188e+01
9.140000e-06	-3.852761e-02	1.006316e+01
9.150000e-06	-3.932516e-02	1.005371e+01
9.160000e-06	-3.921804e-02	1.007221e+01
9.170000e-06	-3.843811e-02	1.006315e+01
9.180000e-06	-4.097597e-02	1.004216e+01
9.190000e-06	-4.221595e-02	1.000213e+01
9.200000e-06	-4.317146e-02	1.003060e+01
9.210000e-06	-4.300688e-02	1.004055e+01
9.220000e-06	-4.482578e-02	9.965546e+00
9.230000e-06	-4.665571e-02	9.936439e+00
9.240000e-06	-4.660980e-02	9.906290e+00
9.250000e-06	-4.812390e-02	9.851783e+00
9.260000e-06	-4.962959e-02	9.779648e+00
9.270000e-06	-5.154767e-02	9.726464e+00
9.280000e-06	-5.346357e-02	9.710207e+00
9.290000e-06	-5.455773e-02	9.631097e+00
9.300000e-06	-5.646476e-02	9.558418e+00
9.310000e-06	-5.659632e-02	9.483788e+00
9.320000e-06	-5.810432e-02	9.419054e+00
9.330000e-06	-5.785121e-02	9.378517e+00
9.340000e-06	-5.909831e-02	9.273863e+00
9.350000e-06	-5.929134e-02	9.252656e+00
9.360000e-06	-5.816636e-02	9.148992e+00
9.370000e-06	-5.653524e-02	9.042784e+00
9.380000e-06	-5.738601e-02	8.959947e+00
9.390000e-06	-5.558412e-02	8.863734e+00
9.400000e-06	-5.441937e-02	8.799097e+00
9.410000e-06	-5.221480e-02	8.695860e+00
9.420000e-06	-5.236308e-02	8.588151e+00
9.430000e-06	-4.948607e-02	8.494787e+00
9.440000e-06	-4.721198e-02	8.450705e+00
9.450000e-06	-4.556318e-02	8.336917e+00
9.460000e-06	-4.432407e-02	8.211735e+00
9.470000e-06	-4.190300e-02	8.075342e+00
9.480000e-06	-3.991681e-02	8.009055e+00
9.490000e-06	-3.822907e-02	7.885235e+00
9.500000e-06	-3.850103e-02	7.788947e+00
9.510000e-06	-3.457346e-02	7.622579e+00
9.520000e-06	-3.420092e-02	7.546417e+00
9.530000e-06	-3.216877e-02	7.366293e+00
9.540000e-06	-3.222914e-02	7.239478e+00
9.550000e-06	-2.998552e-02	7.093785e+00
9.560000e-06	-3.003998e-02	6.956472e+00
9.570000e-06	-2.778284e-02	6.841123e+00
9.580000e-06	-2.659787e-02	6.684414e+00
9.590000e-06	-2.558959e-02	6.495840e+00
9.600000e-06	-2.507117e-02	6.366996e+00
9.610000e-06	-2.402249e-02	6.240155e+00
9.620000e-06	-2.208953e-02	6.074788e+00
9.630000e-06	-2.259231e-02	5.978397e+00
9.640000e-06	-2.195127e-02	5.729528e+00
9.650000e-06	-2.150339e-02	5.618577e+00
9.660000e-06	-2.040651e-02	5.442736e+00
9.670000e-06	-1.811927e-02	5.275812e+00
9.680000e-06	-1.791058e-02	5.086814e+00
9.690000e-06	-1.711868e-02	4.843912e+00
9.700000e-06	-1.777014e-02	4.695367e+00
9.710000e-06	-1.609274e-02	4.548000e+00
9.720000e-06	-1.581009e-02	4.421551e+00
9.730000e-06	-1.468959e-02	4.241163e+00
9.740000e-06	-1.382774e-02	4.039655e+00
9.750000e-06	-1.281699e-02	3.885812e+00
9.760000e-06	-1.288346e-02	3.706368e+00
9.770000e-06	-1.264699e-02	3.588974e+00
9.780000e-06	-1.250128e-02	3.339102e+00
9.790000e-06	-1.211904e-02	3.188552e+00
9.800000e-06	-1.165363e-02	3.012154e+00
9.810000e-06	-1.096391e-02	2.863259e+00
9.820000e-06	-9.176120e-03	2.736367e+00
9.830000e-06	-8.994934e-03	2.484809e+00
9.840000e-06	-1.020562e-02	2.275312e+00
9.850000e-06	-9.503728e-03	2.106914e+00
9.860000e-06	-9.716721e-03	1.989450e+00
9.870000e-06	-7.372976e-03	1.787578e+00
9.880000e-06	-7.541007e-03	1.597549e+00
9.890000e-06	-6.888975e-03	1.389470e+00
9.900000e-06	-7.961318e-03	1.179078e+00
9.910000e-06	-5.446015e-03	9.984985e-01
9.920000e-06	-6.537411e-03	7.984986e-01
9.930000e-06	-6.480414e-03	5.594473e-01
9.940000e-06	-5.533086e-03	4.101025e-01
9.950000e-06	-4.105128e-03	2.116814e-01
9.960000e-06	-2.735147e-03	1.677500e-03
9.970000e-06	2.419402e-03	-1.253409e-01
9.980000e-06	4.935687e-04	-3.262646e-01
9.990000e-06	-7.148345e-04	-4.611265e-01
1.000000e-05	-1.026405e-03	-6.916569e-01
1.001000e-05	-1.634999e-03	-8.310290e-01
1.002000e-05	5.922748e-04	-9.894699e-01
1.003000e-05	4.418920e-03	-1.155816e+00
1.004000e-05	2.718386e-02	-1.323767e+00
1.005000e-05	8.979600e-02	-1.566369e+00
1.006000e-05	-5.713463e-02	-1.829401e+00
1.007000e-05	-1.550468e-02	-2.042101e+00
1.008000e-05	-6.849264e-02	-2.293136e+00
1.009000e-05	-5.926423e-02	-2.420025e+00
1.010000e-05	1.690110e-01	-2.411503e+00
1.011000e-05	-6.946304e-02	-2.609425e+00
1.012000e-05	-6.150344e-02	-2.800997e+00
1.013000e-05	1.819346e-01	-2.885838e+00
1.014000e-05	-1.610813e-01	-3.145340e+00
1.015000e-05	7.093445e-04	-3.386871e+00
1.016000e-05	1.418666e-01	-3.503214e+00
1.017000e-05	-1.499445e-01	-3.692659e+00
1.018000e-05	9.312850e-02	-3.884784e+00
1.019000e-05	5.138208e-02	-4.039529e+00
1.020000e-05	-1.126967e-01	-4.281655e+00
1.021000e-05	1.309054e-01	-4.367445e+00
1.022000e-05	-9.712165e-02	-4.505740e+00
1.023000e-05	3.067999e-02	-4.767417e+00
1.024000e-05	7.901253e-02	-4.861758e+00
1.025000e-05	-1.068722e-01	-5.101633e+00
1.026000e-05	1.064973e-01	-5.242105e+00
1.027000e-05	-2.576044e-02	-5.492110e+00
1.028000e-05	2.250357e-02	-5.621656e+00
1.029000e-05	1.108262e-02	-5.787418e+00
1.030000e-05	-5.798833e-02	-5.927291e+00
1.031000e-05	1.093818e-01	-6.061631e+00
1.032000e-05	-6.343678e-02	-6.210527e+00
1.033000e-05	3.812560e-02	-6.369447e+00
1.034000e-05	3.721265e-02	-6.495888e+00
1.035000e-05	-4.288001e-02	-6.694738e+00
1.036000e-05	5.505774e-02	-6.778469e+00
1.037000e-05	-4.769308e-02	-6.944238e+00
1.038000e-05	7.907524e-02	-7.064784e+00
1.039000e-05	1.289340e-03	-7.199551e+00
1.040000e-05	-2.091184e-02	-7.357867e+00
1.041000e-05	3.799284e-02	-7.483283e+00
1.042000e-05	-3.883903e-03	-7.577546e+00
1.043000e-05	4.198722e-02	-7.737315e+00
1.044000e-05	-2.371431e-02	-7.883283e+00
1.045000e-05	3.751750e-02	-8.008103e+00
1.046000e-05	2.040621e-02	-8.155289e+00
1.047000e-05	-2.867928e-03	-8.200579e+00
1.048000e-05	2.605621e-02	-8.345343e+00
1.049000e-05	1.318444e-02	-8.399030e+00
1.050000e-05	2.742181e-02	-8.553336e+00
1.051000e-05	-8.667748e-03	-8.589207e+00
1.052000e-05	2.859156e-02	-8.717869e+00
1.053000e-05	2.731262e-02	-8.831101e+00
1.054000e-05	1.405668e-02	-8.925289e+00
1.055000e-05	1.287174e-02	-9.031100e+00
1.056000e-05	1.882155e-02	-9.072789e+00
1.057000e-05	2.909286e-02	-9.156892e+00
1.058000e-05	1.039469e-02	-9.189972e+00
1.059000e-05	2.323832e-02	-9.241764e+00
1.060000e-05	2.474453e-02	-9.387495e+00
1.061000e-05	2.024155e-02	-9.471759e+00
1.062000e-05	1.610808e-02	-9.525868e+00
1.063000e-05	2.504408e-02	-9.589474e+00
1.064000e-05	2.829389e-02	-9.631153e+00
1.065000e-05	2.009101e-02	-9.662757e+00
1.066000e-05	2.305220e-02	-9.743792e+00
1.067000e-05	2.472180e-02	-9.715918e+00
1.068000e-05	2.603213e-02	-9.789043e+00
1.069000e-05	2.354832e-02	-9.831197e+00
1.070000e-05	2.859166e-02	-9.910706e+00
1.071000e-05	2.656006e-02	-9.883306e+00
1.072000e-05	2.301130e-02	-9.883837e+00
1.073000e-05	2.754025e-02	-9.966338e+00
1.074000e-05	3.212453e-02	-9.935892e+00
1.075000e-05	2.826220e-02	-9.955942e+00
1.076000e-05	2.707305e-02	-9.946918e+00
1.077000e-05	3.186710e-02	-9.976971e+00
1.078000e-05	3.185418e-02	-9.977948e+00
1.079000e-05	3.024618e-02	-9.976447e+00
1.080000e-05	2.824428e-02	-9.998496e+00
1.081000e-05	3.361666e-02	-9.958968e+00
1.082000e-05	3.461628e-02	-9.977496e+00
1.083000e-05	3.360649e-02	-9.947896e+00
1.084000e-05	3.587824e-02	-9.946918e+00
1.085000e-05	3.791173e-02	-9.945942e+00
1.086000e-05	3.731701e-02	-9.904863e+00
1.087000e-05	3.784235e-02	-9.873834e+00
1.088000e-05	4.042677e-02	-9.862658e+00
1.089000e-05	4.020554e-02	-9.839181e+00
1.090000e-05	4.030278e-02	-9.808551e+00
1.091000e-05	4.239266e-02	-9.767516e+00
1.092000e-05	4.441312e-02	-9.704813e+00
1.093000e-05	4.557001e-02	-9.651207e+00
1.094000e-05	4.695164e-02	-9.631582e+00
1.095000e-05	5.028362e-02	-9.598523e+00
1.096000e-05	5.126064e-02	-9.524487e+00
1.097000e-05	5.061891e-02	-9.411785e+00
1.098000e-05	5.118675e-02	-9.366524e+00
1.099000e-05	5.088499e-02	-9.233860e+00
1.100000e-05	5.130302e-02	-9.190172e+00
1.101000e-05	5.057021e-02	-9.134888e+00
1.102000e-05	5.401629e-02	-9.012232e+00
1.103000e-05	5.370101e-02	-8.948546e+00
1.104000e-05	4.982582e-02	-8.873262e+00
1.105000e-05	4.858059e-02	-8.801205e+00
1.106000e-05	4.638126e-02	-8.726919e+00
1.107000e-05	4.478207e-02	-8.642332e+00
1.108000e-05	4.278476e-02	-8.496015e+00
1.109000e-05	4.195983e-02	-8.399125e+00
1.110000e-05	4.037813e-02	-8.325412e+00
1.111000e-05	3.940855e-02	-8.250504e+00
1.112000e-05	3.777743e-02	-8.096893e+00
1.113000e-05	3.589971e-02	-8.041202e+00
1.114000e-05	3.256792e-02	-7.925466e+00
1.115000e-05	3.108470e-02	-7.806531e+00
1.116000e-05	3.045537e-02	-7.663227e+00
1.117000e-05	2.904685e-02	-7.465392e+00
1.118000e-05	2.672320e-02	-7.367093e+00
1.119000e-05	2.590172e-02	-7.273229e+00
1.120000e-05	2.405479e-02	-7.137045e+00
1.121000e-05	2.265844e-02	-6.936522e+00
1.122000e-05	2.303927e-02	-6.840176e+00
1.123000e-05	2.106409e-02	-6.673367e+00
1.124000e-05	2.122228e-02	-6.517971e+00
1.125000e-05	1.824925e-02	-6.420105e+00
1.126000e-05	1.694555e-02	-6.294368e+00
1.127000e-05	1.529736e-02	-6.064968e+00
1.128000e-05	1.456439e-02	-5.947570e+00
1.129000e-05	1.555705e-02	-5.820154e+00
1.130000e-05	1.320365e-02	-5.652731e+00
1.131000e-05	1.270135e-02	-5.463421e+00
1.132000e-05	1.098898e-02	-5.356011e+00
1.133000e-05	1.118398e-02	-5.106943e+00
1.134000e-05	1.104243e-02	-4.928024e+00
1.135000e-05	8.053231e-03	-4.707024e+00
1.136000e-05	9.467425e-03	-4.599096e+00
1.137000e-05	8.416453e-03	-4.421710e+00
1.138000e-05	8.840492e-03	-4.266291e+00
1.139000e-05	3.569547e-03	-4.148025e+00
1.140000e-05	6.544126e-03	-4.020503e+00
1.141000e-05	6.078702e-03	-3.841731e+00
1.142000e-05	5.819159e-03	-3.643151e+00
1.143000e-05	4.240880e-03	-3.465334e+00
1.144000e-05	5.655339e-03	-3.255838e+00
1.145000e-05	4.305220e-03	-3.176995e+00
1.146000e-05	1.072176e-03	-2.905468e+00
1.147000e-05	2.502781e-03	-2.759424e+00
1.148000e-05	1.924043e-03	-2.580150e+00
1.149000e-05	1.846595e-03	-2.438100e+00
1.150000e-05	1.805062e-03	-2.232633e+00
1.151000e-05	1.732257e-03	-2.019653e+00
1.152000e-05	3.404487e-04	-1.860755e+00
1.153000e-05	-5.648587e-04	-1.686234e+00
1.154000e-05	-1.014601e-03	-1.524837e+00
1.155000e-05	-6.987647e-04	-1.231856e+00
1.156000e-05	-1.889850e-03	-1.043234e+00
1.157000e-05	-1.512895e-03	-8.537116e-01
1.158000e-05	-3.142137e-03	-6.943907e-01
1.159000e-05	-2.845135e-03	-4.522382e-01
1.160000e-05	-4.035574e-03	-2.748183e-01
1.161000e-05	-3.852620e-03	-1.163899e-01
1.162000e-05	-1.676965e-04	1.042758e-02
1.163000e-05	4.338909e-03	2.539764e-01
1.164000e-05	-4.203763e-03	4.423763e-01
1.165000e-05	-3.536293e-04	5.792923e-01
1.166000e-05	-2.919702e-03	7.862381e-01
1.167000e-05	-2.595849e-03	8.935939e-01
1.168000e-05	-5.326786e-03	1.124614e+00
1.169000e-05	7.062618e-04	1.314635e+00
1.170000e-05	1.314888e-02	1.464055e+00
1.171000e-05	6.637617e-02	1.746713e+00
1.172000e-05	-1.394269e-03	1.936765e+00
1.173000e-05	-5.193049e-02	2.112708e+00
1.174000e-05	-3.637984e-02	2.334187e+00
1.175000e-05	-7.114722e-02	2.430952e+00
1.176000e-05	-1.624303e-02	2.567766e+00
1.177000e-05	1.533269e-01	2.765741e+00
1.178000e-05	-1.393236e-01	2.905213e+00
1.179000e-05	3.248707e-02	3.051049e+00
1.180000e-05	7.814557e-02	3.209971e+00
1.181000e-05	-1.342119e-01	3.460505e+00
1.182000e-05	4.681319e-02	3.589947e+00
1.183000e-05	5.367829e-02	3.736816e+00
1.184000e-05	-1.179737e-01	3.925712e+00
1.185000e-05	7.422525e-02	4.104285e+00
1.186000e-05	-2.071048e-02	4.344679e+00
1.187000e-05	-3.881886e-02	4.461581e+00
1.188000e-05	2.533716e-02	4.661550e+00
1.189000e-05	-5.158877e-02	4.818451e+00
1.190000e-05	8.399733e-03	5.059952e+00
1.191000e-05	-1.607451e-02	5.242001e+00
1.192000e-05	-4.922816e-03	5.429449e+00
1.193000e-05	-4.807434e-04	5.558916e+00
1.194000e-05	-2.665558e-03	5.742691e+00
1.195000e-05	-1.362801e-02	5.927213e+00
1.196000e-05	-4.257232e-02	6.081606e+00
1.197000e-05	1.490688e-03	6.210396e+00
1.198000e-05	6.821719e-03	6.334892e+00
1.199000e-05	-3.317833e-02	6.441651e+00
1.200000e-05	2.446451e-03	6.660474e+00
1.201000e-05	-2.666623e-02	6.830026e+00
1.202000e-05	-1.259556e-02	6.956213e+00
1.203000e-05	-1.128998e-02	7.020548e+00
1.204000e-05	-2.276237e-02	7.177371e+00
1.205000e-05	3.600674e-03	7.252132e+00
1.206000e-05	-2.726258e-02	7.471051e+00
1.207000e-05	-1.638612e-02	7.649576e+00
1.208000e-05	-2.332966e-02	7.735836e+00
1.209000e-05	-4.406948e-03	7.859606e+00
1.210000e-05	-1.967501e-02	7.939540e+00
1.211000e-05	-2.602021e-02	8.165185e+00
1.212000e-05	-9.548463e-03	8.249479e+00
1.213000e-05	-1.890883e-02	8.366318e+00
1.214000e-05	-1.968907e-02	8.420630e+00
1.215000e-05	-2.537239e-02	8.495258e+00
1.216000e-05	-1.322859e-02	8.589498e+00
1.217000e-05	-2.316408e-02	8.685209e+00
1.218000e-05	-2.412247e-02	8.808471e+00
1.219000e-05	-1.949130e-02	8.822079e+00
1.220000e-05	-1.908180e-02	8.986944e+00
1.221000e-05	-2.535547e-02	9.064134e+00
1.222000e-05	-2.529733e-02	9.168964e+00
1.223000e-05	-1.968008e-02	9.271080e+00
1.224000e-05	-2.558602e-02	9.293762e+00
1.225000e-05	-2.856009e-02	9.388396e+00
1.226000e-05	-2.525575e-02	9.421103e+00
1.227000e-05	-2.135831e-02	9.503814e+00
1.228000e-05	-2.891633e-02	9.577366e+00
1.229000e-05	-3.011286e-02	9.591000e+00
1.230000e-05	-2.540555e-02	9.641156e+00
1.231000e-05	-2.587526e-02	9.693342e+00
1.232000e-05	-2.938226e-02	9.818994e+00
1.233000e-05	-3.201104e-02	9.910754e+00
1.234000e-05	-2.990931e-02	9.864286e+00
1.235000e-05	-3.149436e-02	9.935365e+00
1.236000e-05	-2.987138e-02	9.956915e+00
1.237000e-05	-3.058481e-02	9.958947e+00
1.238000e-05	-3.166614e-02	9.980651e+00
1.239000e-05	-3.623420e-02	1.002157e+01
1.240000e-05	-3.405873e-02	1.003158e+01
1.241000e-05	-3.318554e-02	1.005160e+01
1.242000e-05	-3.452086e-02	1.003263e+01
1.243000e-05	-3.562325e-02	1.006161e+01
1.244000e-05	-3.654768e-02	1.007166e+01
1.245000e-05	-3.849405e-02	1.007321e+01
1.246000e-05	-4.031350e-02	1.006173e+01
1.247000e-05	-4.014837e-02	1.006318e+01
1.248000e-05	-3.928410e-02	1.006426e+01
1.249000e-05	-3.913214e-02	1.006168e+01
1.250000e-05	-3.953245e-02	1.005163e+01
1.251000e-05	-4.184805e-02	1.002060e+01
1.252000e-05	-4.374512e-02	1.001105e+01
1.253000e-05	-4.574914e-02	9.979048e+00
1.254000e-05	-4.402384e-02	9.947444e+00
1.255000e-05	-4.729263e-02	9.935339e+00
1.256000e-05	-4.752838e-02	9.852284e+00
1.257000e-05	-5.025009e-02	9.833157e+00
1.258000e-05	-5.068273e-02	9.758444e+00
1.259000e-05	-5.106074e-02	9.693788e+00
1.260000e-05	-5.287371e-02	9.629601e+00
1.261000e-05	-5.342089e-02	9.568071e+00
1.262000e-05	-5.746070e-02	9.514843e+00
1.263000e-05	-5.785116e-02	9.452206e+00
1.264000e-05	-5.904310e-02	9.420605e+00
1.265000e-05	-5.828424e-02	9.345389e+00
1.266000e-05	-5.996046e-02	9.283729e+00
1.267000e-05	-5.926126e-02	9.200502e+00
1.268000e-05	-5.895451e-02	9.147839e+00
1.269000e-05	-5.530700e-02	9.020234e+00
1.270000e-05	-5.567986e-02	8.906389e+00
1.271000e-05	-5.428811e-02	8.810028e+00
1.272000e-05	-5.467524e-02	8.726942e+00
1.273000e-05	-5.233364e-02	8.642683e+00
1.274000e-05	-5.150887e-02	8.577570e+00
1.275000e-05	-4.548017e-02	8.474208e+00
1.276000e-05	-4.676552e-02	8.419602e+00
1.277000e-05	-4.429735e-02	8.323466e+00
1.278000e-05	-4.381275e-02	8.187576e+00
1.279000e-05	-3.979969e-02	8.062711e+00
1.280000e-05	-3.913329e-02	7.927968e+00
1.281000e-05	-3.679860e-02	7.822181e+00
1.282000e-05	-3.760115e-02	7.693792e+00
1.283000e-05	-3.509762e-02	7.559576e+00
1.284000e-05	-3.383581e-02	7.423231e+00
1.285000e-05	-3.200655e-02	7.253311e+00
1.286000e-05	-3.032237e-02	7.137920e+00
1.287000e-05	-3.035726e-02	6.998626e+00
1.288000e-05	-2.825533e-02	6.884285e+00
1.289000e-05	-2.768496e-02	6.807972e+00
1.290000e-05	-2.442239e-02	6.541676e+00
1.291000e-05	-2.522547e-02	6.432230e+00
1.292000e-05	-2.554608e-02	6.293836e+00
1.293000e-05	-2.419231e-02	6.147021e+00
1.294000e-05	-2.185265e-02	6.011605e+00
1.295000e-05	-2.138256e-02	5.834766e+00
1.296000e-05	-2.191078e-02	5.653394e+00
1.297000e-05	-2.009398e-02	5.506419e+00
1.298000e-05	-1.938177e-02	5.399575e+00
1.299000e-05	-1.836432e-02	5.229702e+00
1.300000e-05	-1.820959e-02	4.959150e+00
1.301000e-05	-1.749769e-02	4.839973e+00
1.302000e-05	-1.756462e-02	4.634180e+00
1.303000e-05	-1.574381e-02	4.493767e+00
1.304000e-05	-1.460491e-02	4.339398e+00
1.305000e-05	-1.501634e-02	4.147395e+00
1.306000e-05	-1.455727e-02	3.988501e+00
1.307000e-05	-1.380826e-02	3.822106e+00
1.308000e-05	-1.294943e-02	3.642733e+00
1.309000e-05	-1.189509e-02	3.486342e+00
1.310000e-05	-1.119491e-02	3.254867e+00
1.311000e-05	-1.212969e-02	3.116893e+00
1.312000e-05	-1.196962e-02	2.969501e+00
1.313000e-05	-1.122944e-02	2.818600e+00
1.314000e-05	-9.974714e-03	2.642075e+00
1.315000e-05	-9.837467e-03	2.408525e+00
1.316000e-05	-9.421972e-03	2.242104e+00
1.317000e-05	-9.476632e-03	2.004158e+00
1.318000e-05	-8.180308e-03	1.894313e+00
1.319000e-05	-6.986164e-03	1.683939e+00
1.320000e-05	-7.490622e-03	1.456313e+00
1.321000e-05	-6.984142e-03	1.265864e+00
1.322000e-05	-7.245277e-03	1.074265e+00
1.323000e-05	-6.500352e-03	8.531580e-01
1.324000e-05	-5.954893e-03	6.752341e-01
1.325000e-05	-4.371261e-03	5.147920e-01
1.326000e-05	-5.065969e-03	3.878946e-01
1.327000e-05	-5.543242e-03	1.084183e-01
1.328000e-05	-3.057862e-04	-6.308296e-02
1.329000e-05	4.392660e-03	-1.994239e-01
1.330000e-05	-2.365718e-03	-3.678699e-01
1.331000e-05	7.640330e-04	-5.448384e-01
1.332000e-05	-1.942343e-03	-7.993409e-01
1.333000e-05	4.282887e-04	-9.231856e-01
1.334000e-05	-1.950075e-03	-1.063129e+00
1.335000e-05	8.984007e-03	-1.232026e+00
1.336000e-05	6.468151e-02	-1.401605e+00
1.337000e-05	3.627432e-02	-1.641980e+00
1.338000e-05	-6.530268e-02	-1.957187e+00
1.339000e-05	-1.433348e-02	-2.178364e+00
1.340000e-05	-9.700212e-02	-2.386867e+00
1.341000e-05	5.421014e-02	-2.409999e+00
1.342000e-05	1.259395e-01	-2.483208e+00
1.343000e-05	-1.739254e-01	-2.736212e+00
1.344000e-05	1.199722e-01	-2.883183e+00
1.345000e-05	4.912073e-02	-2.976498e+00
1.346000e-05	-1.785129e-01	-3.282056e+00
1.347000e-05	1.411646e-01	-3.420578e+00
1.348000e-05	1.372199e-02	-3.566768e+00
1.349000e-05	-1.158996e-01	-3.777898e+00
1.350000e-05	1.746361e-01	-3.937867e+00
1.351000e-05	-1.119353e-01	-4.134741e+00
1.352000e-05	2.169212e-02	-4.295785e+00
1.353000e-05	6.533555e-02	-4.411050e+00
1.354000e-05	-1.145743e-01	-4.602103e+00
1.355000e-05	1.247183e-01	-4.789527e+00
1.356000e-05	-4.520049e-02	-4.945921e+00
1.357000e-05	-2.088649e-02	-5.146343e+00
1.358000e-05	8.950207e-02	-5.325718e+00
1.359000e-05	-5.432315e-02	-5.566321e+00
1.360000e-05	7.136807e-02	-5.664735e+00
1.361000e-05	-6.843374e-02	-5.851077e+00
1.362000e-05	3.345907e-02	-5.988848e+00
1.363000e-05	5.876883e-02	-6.094659e+00
1.364000e-05	-7.173149e-02	-6.296210e+00
1.365000e-05	9.786745e-02	-6.441655e+00
1.366000e-05	-4.072431e-02	-6.599475e+00
1.367000e-05	1.886374e-02	-6.706338e+00
1.368000e-05	8.658300e-03	-6.831629e+00
1.369000e-05	-1.278053e-02	-7.020006e+00
1.370000e-05	8.948083e-02	-7.156941e+00
1.371000e-05	-5.327642e-02	-7.313259e+00
1.372000e-05	2.746200e-02	-7.418472e+00
1.373000e-05	6.404941e-03	-7.515759e+00
1.374000e-05	2.642393e-02	-7.671683e+00
1.375000e-05	1.938479e-02	-7.788046e+00
1.376000e-05	-1.616892e-02	-7.949387e+00
1.377000e-05	5.406648e-02	-8.041180e+00
1.378000e-05	-1.111070e-02	-8.157493e+00
1.379000e-05	2.024705e-02	-8.264109e+00
1.380000e-05	1.185897e-02	-8.337945e+00
1.381000e-05	2.885177e-02	-8.481735e+00
1.382000e-05	9.220980e-03	-8.588498e+00
1.383000e-05	6.189093e-04	-8.683816e+00
1.384000e-05	3.612092e-02	-8.790450e+00
1.385000e-05	1.598986e-02	-8.903233e+00
1.386000e-05	1.684978e-02	-8.957943e+00
1.387000e-05	1.040567e-02	-9.051709e+00
1.388000e-05	2.857241e-02	-9.124816e+00
1.389000e-05	1.844496e-02	-9.177468e+00
1.390000e-05	1.427169e-02	-9.222630e+00
1.391000e-05	2.611626e-02	-9.325338e+00
1.392000e-05	2.283483e-02	-9.418629e+00
1.393000e-05	1.740211e-02	-9.483337e+00
1.394000e-05	1.838685e-02	-9.565416e+00
1.395000e-05	3.043729e-02	-9.600050e+00
1.396000e-05	2.347661e-02	-9.640655e+00
1.397000e-05	2.154804e-02	-9.722710e+00
1.398000e-05	2.318235e-02	-9.726342e+00
1.399000e-05	2.633417e-02	-9.770022e+00
1.400000e-05	2.321790e-02	-9.780000e+00
1.401000e-05	2.554878e-02	-9.841579e+00
1.402000e-05	3.010936e-02	-9.863281e+00
1.403000e-05	2.607831e-02	-9.874285e+00
1.404000e-05	2.375414e-02	-9.894388e+00
1.405000e-05	2.884554e-02	-9.904919e+00
1.406000e-05	3.208906e-02	-9.925966e+00
1.407000e-05	2.681902e-02	-9.956418e+00
1.408000e-05	2.862709e-02	-9.937493e+00
1.409000e-05	3.227761e-02	-9.966947e+00
1.410000e-05	3.262527e-02	-9.977996e+00
1.411000e-05	2.913754e-02	-9.977970e+00
1.412000e-05	3.105706e-02	-9.967471e+00
1.413000e-05	3.493522e-02	-9.967971e+00
1.414000e-05	3.441285e-02	-9.967517e+00
1.415000e-05	3.474059e-02	-9.947442e+00
1.416000e-05	3.570657e-02	-9.917419e+00
1.417000e-05	3.715773e-02	-9.936344e+00
1.418000e-05	3.650915e-02	-9.894812e+00
1.419000e-05	3.928857e-02	-9.852310e+00
1.420000e-05	3.918122e-02	-9.832658e+00
1.421000e-05	4.034471e-02	-9.792099e+00
1.422000e-05	4.268395e-02	-9.788020e+00
1.423000e-05	4.406052e-02	-9.726966e+00
1.424000e-05	4.500444e-02	-9.663784e+00
1.425000e-05	4.549358e-02	-9.642659e+00
1.426000e-05	4.724406e-02	-9.620104e+00
1.427000e-05	5.064922e-02	-9.577016e+00
1.428000e-05	4.985840e-02	-9.472913e+00
1.429000e-05	5.223767e-02	-9.359153e+00
1.430000e-05	5.188869e-02	-9.275542e+00
1.431000e-05	5.177494e-02	-9.261202e+00
1.432000e-05	5.142127e-02	-9.157922e+00
1.433000e-05	5.198939e-02	-9.114363e+00
1.434000e-05	5.273560e-02	-9.040528e+00
1.435000e-05	5.139428e-02	-8.915946e+00
1.436000e-05	4.917248e-02	-8.841182e+00
1.437000e-05	4.872741e-02	-8.768550e+00
1.438000e-05	4.586866e-02	-8.674887e+00
1.439000e-05	4.451514e-02	-8.600099e+00
1.440000e-05	4.291540e-02	-8.472204e+00
1.441000e-05	4.165423e-02	-8.398045e+00
1.442000e-05	3.971784e-02	-8.283289e+00
1.443000e-05	3.718090e-02	-8.218621e+00
1.444000e-05	3.661836e-02	-8.113362e+00
1.445000e-05	3.414386e-02	-7.909072e+00
1.446000e-05	3.358677e-02	-7.874739e+00
1.447000e-05	3.057896e-02	-7.713887e+00
1.448000e-05	2.877628e-02	-7.579047e+00
1.449000e-05	2.739291e-02	-7.452205e+00
1.450000e-05	2.735541e-02	-7.314938e+00
1.451000e-05	2.539749e-02	-7.200603e+00
1.452000e-05	2.433759e-02	-7.044286e+00
1.453000e-05	2.122120e-02	-6.886963e+00
1.454000e-05	2.111345e-02	-6.768496e+00
1.455000e-05	2.093911e-02	-6.631706e+00
1.456000e-05	1.865529e-02	-6.505288e+00
1.457000e-05	1.702294e-02	-6.359622e+00
1.458000e-05	1.783756e-02	-6.191130e+00
1.459000e-05	1.541862e-02	-6.022678e+00
1.460000e-05	1.550506e-02	-5.874339e+00
1.461000e-05	1.461157e-02	-5.766995e+00
1.462000e-05	1.235136e-02	-5.620129e+00
1.463000e-05	1.252602e-02	-5.404652e+00
1.464000e-05	9.278783e-03	-5.270254e+00
1.465000e-05	1.223832e-02	-5.053209e+00
1.466000e-05	9.101855e-03	-4.855290e+00
1.467000e-05	9.286563e-03	-4.664289e+00
1.468000e-05	7.437627e-03	-4.496367e+00
1.469000e-05	9.001176e-03	-4.409047e+00
1.470000e-05	7.788129e-03	-4.250708e+00
1.471000e-05	7.113550e-03	-4.054839e+00
1.472000e-05	7.359313e-03	-3.965470e+00
1.473000e-05	3.750889e-03	-3.718924e+00
1.474000e-05	3.679200e-03	-3.557920e+00
1.475000e-05	5.700643e-03	-3.399623e+00
1.476000e-05	6.268118e-03	-3.261780e+00
1.477000e-05	4.478644e-03	-3.033633e+00
1.478000e-05	6.069889e-04	-2.832208e+00
1.479000e-05	1.817940e-03	-2.656313e+00
1.480000e-05	7.040317e-04	-2.465342e+00
1.481000e-05	2.704569e-03	-2.288370e+00
1.482000e-05	8.548564e-04	-2.097416e+00
1.483000e-05	2.908146e-03	-1.986921e+00
1.484000e-05	-6.982729e-04	-1.789046e+00
1.485000e-05	7.420378e-04	-1.589100e+00
1.486000e-05	-2.131285e-03	-1.348549e+00
1.487000e-05	-1.243893e-03	-1.157969e+00
1.488000e-05	-3.193720e-03	-9.675000e-01
1.489000e-05	-8.851126e-05	-7.916253e-01
1.490000e-05	-3.735219e-03	-5.606214e-01
1.491000e-05	-1.641682e-03	-3.891002e-01
1.492000e-05	-4.138891e-03	-2.311566e-01
1.493000e-05	-3.136592e-03	-5.325926e-02
1.494000e-05	5.827499e-04	1.236592e-01
1.495000e-05	1.505065e-03	3.472646e-01
1.496000e-05	-2.585892e-03	4.840854e-01
1.497000e-05	8.020158e-04	6.225551e-01
1.498000e-05	-4.786024e-03	8.284497e-01
1.499000e-05	-3.067980e-03	1.017817e+00
1.500000e-05	-3.897494e-03	1.199901e+00
1.501000e-05	3.427026e-03	1.369895e+00
1.502000e-05	3.146648e-02	1.566841e+00
1.503000e-05	6.241588e-02	1.769872e+00
1.504000e-05	-4.806937e-02	1.999421e+00
1.505000e-05	-3.813315e-02	2.178322e+00
1.506000e-05	-4.839630e-02	2.407817e+00
1.507000e-05	-7.729574e-02	2.502185e+00
1.508000e-05	8.920285e-02	2.652049e+00
1.509000e-05	5.330782e-02	2.830054e+00
1.510000e-05	-1.607722e-01	2.937892e+00
1.511000e-05	1.566212e-01	3.118210e+00
1.512000e-05	-6.041938e-02	3.306105e+00
1.513000e-05	-8.401466e-02	3.534809e+00
1.514000e-05	1.067548e-01	3.631128e+00
1.515000e-05	-5.774942e-02	3.850503e+00
1.516000e-05	-4.827927e-02	3.989418e+00
1.517000e-05	7.826088e-02	4.196896e+00
1.518000e-05	-6.731652e-02	4.388446e+00
1.519000e-05	7.156735e-03	4.524287e+00
1.520000e-05	-5.973813e-03	4.767717e+00
1.521000e-05	-3.767285e-02	4.874307e+00
1.522000e-05	1.456114e-02	5.133614e+00
1.523000e-05	-2.704306e-02	5.335841e+00
1.524000e-05	8.122945e-03	5.485131e+00
1.525000e-05	-9.585488e-03	5.609455e+00
1.526000e-05	-3.374324e-03	5.868547e+00
1.527000e-05	-2.797507e-02	5.987948e+00
1.528000e-05	-3.433937e-02	6.123810e+00
1.529000e-05	2.732894e-02	6.251654e+00
1.530000e-05	-2.811605e-02	6.400020e+00
1.531000e-05	-1.328404e-02	6.506336e+00
1.532000e-05	-1.091183e-02	6.694710e+00
1.533000e-05	-2.294869e-02	6.833606e+00
1.534000e-05	-8.186172e-03	6.988396e+00
1.535000e-05	-2.445426e-02	7.092784e+00
1.536000e-05	-7.278295e-03	7.222022e+00
1.537000e-05	-7.352767e-03	7.324286e+00
1.538000e-05	-2.242665e-02	7.493237e+00
1.539000e-05	-1.869991e-02	7.621655e+00
1.540000e-05	-1.422500e-02	7.778995e+00
1.541000e-05	-1.029124e-02	7.934289e+00
1.542000e-05	-2.659481e-02	8.031727e+00
1.543000e-05	-2.020688e-02	8.158317e+00
1.544000e-05	-8.193428e-03	8.282708e+00
1.545000e-05	-2.300506e-02	8.378921e+00
1.546000e-05	-2.184756e-02	8.442604e+00
1.547000e-05	-2.141311e-02	8.524767e+00
1.548000e-05	-1.483369e-02	8.601631e+00
1.549000e-05	-2.501902e-02	8.724817e+00
1.550000e-05	-2.348051e-02	8.821046e+00
1.551000e-05	-1.739053e-02	8.904281e+00
1.552000e-05	-2.453045e-02	9.070502e+00
1.553000e-05	-2.336634e-02	9.124385e+00
1.554000e-05	-2.450728e-02	9.189476e+00
1.555000e-05	-2.042756e-02	9.262682e+00
1.556000e-05	-2.807695e-02	9.345789e+00
1.557000e-05	-2.660560e-02	9.408999e+00
1.558000e-05	-2.230826e-02	9.462233e+00
1.559000e-05	-2.512305e-02	9.515863e+00
1.560000e-05	-2.930638e-02	9.578450e+00
1.561000e-05	-2.862012e-02	9.613649e+00
1.562000e-05	-2.472363e-02	9.682208e+00
1.563000e-05	-2.953179e-02	9.737290e+00
1.564000e-05	-2.896144e-02	9.848653e+00
1.565000e-05	-3.069691e-02	9.860730e+00
1.566000e-05	-3.050418e-02	9.883337e+00
1.567000e-05	-3.266732e-02	9.926864e+00
1.568000e-05	-3.009004e-02	9.978444e+00
1.569000e-05	-2.951240e-02	9.969522e+00
1.570000e-05	-3.498017e-02	1.002108e+01
1.571000e-05	-3.621687e-02	1.003063e+01
1.572000e-05	-3.392495e-02	1.005120e+01
1.573000e-05	-3.294733e-02	1.005223e+01
1.574000e-05	-3.641492e-02	1.006218e+01
1.575000e-05	-3.641753e-02	1.009371e+01
1.576000e-05	-3.678651e-02	1.008376e+01
1.577000e-05	-3.932032e-02	1.004123e+01
1.578000e-05	-3.913952e-02	1.008318e+01
1.579000e-05	-3.860761e-02	1.008273e+01
1.580000e-05	-3.891360e-02	1.006270e+01
1.581000e-05	-4.185770e-02	1.007221e+01
1.582000e-05	-4.217963e-02	1.005118e+01
1.583000e-05	-4.219561e-02	1.004107e+01
1.584000e-05	-4.353838e-02	1.000007e+01
1.585000e-05	-4.526202e-02	9.969546e+00
1.586000e-05	-4.556868e-02	9.926919e+00
1.587000e-05	-4.616164e-02	9.914338e+00
1.588000e-05	-4.930329e-02	9.822207e+00
1.589000e-05	-5.032020e-02	9.749097e+00
1.590000e-05	-5.094748e-02	9.754888e+00
1.591000e-05	-5.250356e-02	9.651778e+00
1.592000e-05	-5.518699e-02	9.558153e+00
1.593000e-05	-5.593666e-02	9.516890e+00
1.594000e-05	-5.626004e-02	9.494891e+00
1.595000e-05	-5.779292e-02	9.452156e+00
1.596000e-05	-5.864826e-02	9.366524e+00
1.597000e-05	-5.865135e-02	9.284763e+00
1.598000e-05	-5.896642e-02	9.231605e+00
1.599000e-05	-5.832082e-02	9.179521e+00
1.600000e-05	-5.745790e-02	9.095366e+00
1.601000e-05	-5.685121e-02	8.969999e+00
1.602000e-05	-5.660697e-02	8.892386e+00
1.603000e-05	-5.467765e-02	8.767547e+00
1.604000e-05	-5.194789e-02	8.705813e+00
1.605000e-05	-5.088495e-02	8.609076e+00
1.606000e-05	-4.935978e-02	8.506912e+00
1.607000e-05	-4.693916e-02	8.430631e+00
1.608000e-05	-4.588373e-02	8.349021e+00
1.609000e-05	-4.414527e-02	8.232857e+00
1.610000e-05	-4.293865e-02	8.097944e+00
1.611000e-05	-4.108230e-02	8.020647e+00
1.612000e-05	-3.869110e-02	7.884864e+00
1.613000e-05	-3.775451e-02	7.748046e+00
1.614000e-05	-3.511054e-02	7.654160e+00
1.615000e-05	-3.510692e-02	7.517844e+00
1.616000e-05	-3.243843e-02	7.348547e+00
1.617000e-05	-3.293025e-02	7.229555e+00
1.618000e-05	-3.041285e-02	7.083263e+00
1.619000e-05	-3.029270e-02	6.947945e+00
1.620000e-05	-2.769505e-02	6.811580e+00
1.621000e-05	-2.779593e-02	6.774941e+00
1.622000e-05	-2.524201e-02	6.527444e+00
1.623000e-05	-2.450624e-02	6.377497e+00
1.624000e-05	-2.271293e-02	6.242679e+00
1.625000e-05	-2.301478e-02	6.103789e+00
1.626000e-05	-2.230330e-02	5.990075e+00
1.627000e-05	-2.225901e-02	5.781753e+00
1.628000e-05	-2.026487e-02	5.632230e+00
1.629000e-05	-1.939177e-02	5.473360e+00
1.630000e-05	-1.980448e-02	5.286389e+00
1.631000e-05	-1.895230e-02	5.116467e+00
1.632000e-05	-1.825328e-02	4.895971e+00
1.633000e-05	-1.592032e-02	4.725946e+00
1.634000e-05	-1.654384e-02	4.588548e+00
1.635000e-05	-1.558749e-02	4.412255e+00
1.636000e-05	-1.444148e-02	4.283287e+00
1.637000e-05	-1.406144e-02	4.033388e+00
1.638000e-05	-1.373300e-02	3.914390e+00
1.639000e-05	-1.260719e-02	3.727471e+00
1.640000e-05	-1.335684e-02	3.619579e+00
1.641000e-05	-1.211312e-02	3.389156e+00
1.642000e-05	-1.260525e-02	3.249131e+00
1.643000e-05	-1.137131e-02	3.034235e+00
1.644000e-05	-1.065182e-02	2.885334e+00
1.645000e-05	-1.047727e-02	2.747922e+00
1.646000e-05	-1.019144e-02	2.483841e+00
1.647000e-05	-9.559467e-03	2.286267e+00
1.648000e-05	-8.462757e-03	2.126396e+00
1.649000e-05	-9.304558e-03	1.999051e+00
1.650000e-05	-7.674030e-03	1.770081e+00
1.651000e-05	-7.948393e-03	1.572203e+00
1.652000e-05	-7.980115e-03	1.409077e+00
1.653000e-05	-6.709952e-03	1.191230e+00
1.654000e-05	-5.443075e-03	9.920259e-01
1.655000e-05	-5.355453e-03	7.685499e-01
1.656000e-05	-4.968402e-03	6.096513e-01
1.657000e-05	-4.713878e-03	4.421326e-01
1.658000e-05	-3.256613e-03	2.232892e-01
1.659000e-05	-4.712529e-03	4.110519e-02
1.660000e-05	2.085389e-03	-1.253135e-01
1.661000e-05	4.465861e-04	-3.061880e-01
1.662000e-05	-2.112079e-03	-4.200016e-01
1.663000e-05	7.351990e-04	-6.609815e-01
1.664000e-05	-1.024912e-03	-8.614289e-01
1.665000e-05	6.021555e-04	-9.788423e-01
1.666000e-05	2.974658e-03	-1.166765e+00
1.667000e-05	2.139912e-02	-1.293710e+00
1.668000e-05	9.421583e-02	-1.527712e+00
1.669000e-05	-4.044124e-02	-1.758342e+00
1.670000e-05	-2.517592e-02	-2.017950e+00
1.671000e-05	-5.490070e-02	-2.284107e+00
1.672000e-05	-8.225410e-02	-2.390396e+00
1.673000e-05	1.555101e-01	-2.420051e+00
1.674000e-05	-1.693116e-02	-2.607372e+00
1.675000e-05	-1.156307e-01	-2.809925e+00
1.676000e-05	1.899980e-01	-2.911654e+00
1.677000e-05	-1.298954e-01	-3.143667e+00
1.678000e-05	-5.211907e-02	-3.377216e+00
1.679000e-05	1.668979e-01	-3.463762e+00
1.680000e-05	-1.292214e-01	-3.620079e+00
1.681000e-05	3.973341e-02	-3.903627e+00
1.682000e-05	1.018180e-01	-4.042054e+00
1.683000e-05	-1.428036e-01	-4.229978e+00
1.684000e-05	1.273036e-01	-4.367870e+00
1.685000e-05	-6.600286e-02	-4.444767e+00
1.686000e-05	-9.853442e-03	-4.758286e+00
1.687000e-05	1.091708e-01	-4.883126e+00
1.688000e-05	-1.141870e-01	-5.050033e+00
1.689000e-05	8.731656e-02	-5.210928e+00
1.690000e-05	1.276375e-04	-5.451602e+00
1.691000e-05	7.412644e-05	-5.599996e+00
1.692000e-05	3.528091e-02	-5.746764e+00
1.693000e-05	-7.773605e-02	-5.956136e+00
1.694000e-05	1.053470e-01	-6.020048e+00
1.695000e-05	-3.979681e-02	-6.177995e+00
1.696000e-05	7.216349e-03	-6.379424e+00
1.697000e-05	6.522576e-02	-6.524263e+00
1.698000e-05	-5.490178e-02	-6.662153e+00
1.699000e-05	5.723312e-02	-6.767949e+00
1.700000e-05	-4.532486e-02	-6.863235e+00
1.701000e-05	6.060575e-02	-7.074663e+00
1.702000e-05	2.785554e-02	-7.230050e+00
1.703000e-05	-3.916964e-02	-7.335792e+00
1.704000e-05	4.144214e-02	-7.431628e+00
1.705000e-05	-7.039887e-03	-7.600396e+00
1.706000e-05	4.697461e-02	-7.714264e+00
1.707000e-05	-1.778152e-02	-7.833208e+00
1.708000e-05	2.297264e-02	-7.990575e+00
1.709000e-05	3.222593e-02	-8.114288e+00
1.710000e-05	-1.055542e-02	-8.220601e+00
1.711000e-05	2.729210e-02	-8.302739e+00
1.712000e-05	9.571657e-03	-8.399024e+00
1.713000e-05	3.241763e-02	-8.482288e+00
1.714000e-05	-9.187886e-03	-8.640026e+00
1.715000e-05	2.154306e-02	-8.763941e+00
1.716000e-05	3.126685e-02	-8.841128e+00
1.717000e-05	1.456868e-02	-8.916367e+00
1.718000e-05	1.478530e-02	-9.010025e+00
1.719000e-05	1.423366e-02	-9.056231e+00
1.720000e-05	3.088550e-02	-9.116369e+00
1.721000e-05	8.957469e-03	-9.180525e+00
1.722000e-05	2.217337e-02	-9.261331e+00
1.723000e-05	2.547661e-02	-9.368394e+00
1.724000e-05	2.301107e-02	-9.458153e+00
1.725000e-05	1.444651e-02	-9.545314e+00
1.726000e-05	2.317654e-02	-9.588995e+00
1.727000e-05	2.992112e-02	-9.610579e+00
1.728000e-05	2.001909e-02	-9.662762e+00
1.729000e-05	2.146113e-02	-9.693804e+00
1.730000e-05	2.360947e-02	-9.746517e+00
1.731000e-05	2.811207e-02	-9.808601e+00
1.732000e-05	2.207043e-02	-9.860630e+00
1.733000e-05	2.755088e-02	-9.812130e+00
1.734000e-05	2.852503e-02	-9.892710e+00
1.735000e-05	2.332479e-02	-9.893314e+00
1.736000e-05	2.567223e-02	-9.914264e+00
1.737000e-05	3.000149e-02	-9.946891e+00
1.738000e-05	3.091100e-02	-9.946445e+00
1.739000e-05	2.727692e-02	-9.966422e+00
1.740000e-05	2.985275e-02	-9.966447e+00
1.741000e-05	3.205853e-02	-9.978524e+00
1.742000e-05	3.088224e-02	-1.002900e+01
1.743000e-05	3.001401e-02	-9.948493e+00
1.744000e-05	3.291237e-02	-9.967496e+00
1.745000e-05	3.479830e-02	-9.978445e+00
1.746000e-05	3.328040e-02	-9.956396e+00
1.747000e-05	3.532032e-02	-9.938394e+00
1.748000e-05	3.546033e-02	-9.925920e+00
1.749000e-05	3.725102e-02	-9.915290e+00
1.750000e-05	3.561224e-02	-9.865313e+00
1.751000e-05	4.071111e-02	-9.842808e+00
1.752000e-05	3.923443e-02	-9.801157e+00
1.753000e-05	4.181629e-02	-9.799599e+00
1.754000e-05	4.255339e-02	-9.768468e+00
1.755000e-05	4.494830e-02	-9.744864e+00
1.756000e-05	4.508282e-02	-9.643257e+00
1.757000e-05	4.588217e-02	-9.600650e+00
1.758000e-05	5.073081e-02	-9.608098e+00
1.759000e-05	5.025717e-02	-9.517916e+00
1.760000e-05	5.003399e-02	-9.481283e+00
1.761000e-05	5.199072e-02	-9.347969e+00
1.762000e-05	5.202354e-02	-9.263333e+00
1.763000e-05	5.270980e-02	-9.220125e+00
1.764000e-05	5.084470e-02	-9.126393e+00
1.765000e-05	5.237630e-02	-9.073229e+00
1.766000e-05	5.324259e-02	-8.967124e+00
1.767000e-05	4.988282e-02	-8.883689e+00
1.768000e-05	4.779108e-02	-8.860133e+00
1.769000e-05	4.646709e-02	-8.758469e+00
1.770000e-05	4.543907e-02	-8.651758e+00
1.771000e-05	4.339110e-02	-8.515614e+00
1.772000e-05	4.231117e-02	-8.430653e+00
1.773000e-05	4.098147e-02	-8.326421e+00
1.774000e-05	3.803907e-02	-8.232257e+00
1.775000e-05	3.713050e-02	-8.176469e+00
1.776000e-05	3.502707e-02	-8.042181e+00
1.777000e-05	3.348555e-02	-7.969497e+00
1.778000e-05	3.132694e-02	-7.782524e+00
1.779000e-05	3.076210e-02	-7.633732e+00
1.780000e-05	2.911494e-02	-7.515867e+00
1.781000e-05	2.663470e-02	-7.420625e+00
1.782000e-05	2.633623e-02	-7.263708e+00
1.783000e-05	2.514318e-02	-7.136544e+00
1.784000e-05	2.242821e-02	-6.981679e+00
1.785000e-05	2.128875e-02	-6.823629e+00
1.786000e-05	2.094717e-02	-6.724391e+00
1.787000e-05	2.121732e-02	-6.568072e+00
1.788000e-05	1.883989e-02	-6.422235e+00
1.789000e-05	1.788441e-02	-6.306363e+00
1.790000e-05	1.612069e-02	-6.093941e+00
1.791000e-05	1.576944e-02	-5.977945e+00
1.792000e-05	1.443394e-02	-5.822700e+00
1.793000e-05	1.286907e-02	-5.674810e+00
1.794000e-05	1.200109e-02	-5.506941e+00
1.795000e-05	1.244628e-02	-5.315442e+00
1.796000e-05	1.172793e-02	-5.138023e+00
1.797000e-05	1.047225e-02	-5.019101e+00
1.798000e-05	8.294404e-03	-4.748229e+00
1.799000e-05	1.047439e-02	-4.609126e+00
1.800000e-05	8.686459e-03	-4.443759e+00
1.801000e-05	8.699757e-03	-4.277391e+00
1.802000e-05	5.015533e-03	-4.196574e+00
1.803000e-05	7.166619e-03	-4.020678e+00
1.804000e-05	5.910419e-03	-3.842340e+00
1.805000e-05	5.577728e-03	-3.671633e+00
1.806000e-05	5.425880e-03	-3.473261e+00
1.807000e-05	6.197606e-03	-3.306892e+00
1.808000e-05	3.217372e-03	-3.167600e+00
1.809000e-05	1.851874e-03	-2.917996e+00
1.810000e-05	2.390264e-03	-2.769451e+00
1.811000e-05	2.798546e-03	-2.579557e+00
1.812000e-05	4.636109e-04	-2.430129e+00
1.813000e-05	1.377199e-03	-2.223138e+00
1.814000e-05	2.358728e-03	-2.051209e+00
1.815000e-05	1.954800e-03	-1.872758e+00
1.816000e-05	5.192209e-04	-1.705789e+00
1.817000e-05	-5.535971e-04	-1.497394e+00
1.818000e-05	-5.152828e-04	-1.274840e+00
1.819000e-05	-2.531715e-03	-1.094760e+00
1.820000e-05	-1.723229e-03	-8.748095e-01
1.821000e-05	-2.951763e-03	-7.569685e-01
1.822000e-05	-3.239883e-03	-4.764120e-01
1.823000e-05	-4.082411e-03	-2.848922e-01
1.824000e-05	-2.498356e-03	-1.174213e-01
1.825000e-05	3.236566e-04	4.052619e-02
1.826000e-05	3.844793e-03	2.095210e-01
1.827000e-05	-2.753919e-03	4.108986e-01
1.828000e-05	-1.107514e-03	5.668181e-01
1.829000e-05	-2.492808e-03	7.462133e-01
1.830000e-05	-3.972214e-03	8.326775e-01
1.831000e-05	-5.324224e-03	1.124080e+00
1.832000e-05	-1.454644e-04	1.322113e+00
1.833000e-05	9.379522e-03	1.451552e+00
1.834000e-05	6.027601e-02	1.714162e+00
1.835000e-05	1.762938e-02	1.884637e+00
1.836000e-05	-5.669011e-02	2.084156e+00
1.837000e-05	-3.411030e-02	2.232079e+00
1.838000e-05	-6.660467e-02	2.419046e+00
1.839000e-05	-4.225069e-02	2.535793e+00
1.840000e-05	1.565958e-01	2.757264e+00
1.841000e-05	-1.023662e-01	2.915113e+00
1.842000e-05	-2.442575e-02	3.021000e+00
1.843000e-05	1.186137e-01	3.209945e+00
1.844000e-05	-1.333731e-01	3.419401e+00
1.845000e-05	1.666075e-02	3.578922e+00
1.846000e-05	8.226699e-02	3.693212e+00
1.847000e-05	-1.204534e-01	3.945707e+00
1.848000e-05	5.385227e-02	4.012555e+00
1.849000e-05	6.324554e-03	4.293085e+00
1.850000e-05	-5.330779e-02	4.441080e+00
1.851000e-05	2.833348e-02	4.640050e+00
1.852000e-05	-4.513822e-02	4.798475e+00
1.853000e-05	-2.294748e-04	4.951424e+00
1.854000e-05	-9.362325e-03	5.250501e+00
1.855000e-05	-1.337284e-02	5.398896e+00
1.856000e-05	6.709619e-03	5.548342e+00
1.857000e-05	-3.560322e-03	5.704236e+00
1.858000e-05	-9.804769e-03	5.914161e+00
1.859000e-05	-4.132612e-02	6.052077e+00
1.860000e-05	-6.607809e-03	6.187394e+00
1.861000e-05	1.518357e-02	6.294264e+00
1.862000e-05	-3.793104e-02	6.422130e+00
1.863000e-05	3.180823e-03	6.662441e+00
1.864000e-05	-2.483040e-02	6.790343e+00
1.865000e-05	-1.563252e-02	6.934712e+00
1.866000e-05	-8.780794e-03	7.000550e+00
1.867000e-05	-2.251153e-02	7.156391e+00
1.868000e-05	5.138891e-03	7.210581e+00
1.869000e-05	-2.622619e-02	7.409947e+00
1.870000e-05	-1.675277e-02	7.578971e+00
1.871000e-05	-2.464911e-02	7.715787e+00
1.872000e-05	-5.997899e-03	7.811601e+00
1.873000e-05	-1.805518e-02	7.945893e+00
1.874000e-05	-2.633311e-02	8.113659e+00
1.875000e-05	-1.081169e-02	8.190022e+00
1.876000e-05	-1.719913e-02	8.335812e+00
1.877000e-05	-2.103134e-02	8.399950e+00
1.878000e-05	-2.488544e-02	8.482736e+00
1.879000e-05	-1.355137e-02	8.600496e+00
1.880000e-05	-2.287036e-02	8.653705e+00
1.881000e-05	-2.510545e-02	8.786398e+00
1.882000e-05	-2.246394e-02	8.831079e+00
1.883000e-05	-1.644871e-02	8.956367e+00
1.884000e-05	-2.565132e-02	9.090610e+00
1.885000e-05	-2.473936e-02	9.127418e+00
1.886000e-05	-2.113494e-02	9.201078e+00
1.887000e-05	-2.411296e-02	9.292738e+00
1.888000e-05	-2.823804e-02	9.368919e+00
1.889000e-05	-2.636507e-02	9.480230e+00
1.890000e-05	-2.232007e-02	9.502812e+00
1.891000e-05	-2.838868e-02	9.565841e+00
1.892000e-05	-2.948893e-02	9.578524e+00
1.893000e-05	-2.646649e-02	9.641104e+00
1.894000e-05	-2.629319e-02	9.713262e+00
1.895000e-05	-2.940680e-02	9.758493e+00
1.896000e-05	-3.038371e-02	9.820625e+00
1.897000e-05	-3.030198e-02	9.872729e+00
1.898000e-05	-3.242654e-02	9.916288e+00
1.899000e-05	-3.098254e-02	9.927467e+00
1.900000e-05	-3.090425e-02	9.948899e+00
1.901000e-05	-3.151691e-02	1.002000e+01
1.902000e-05	-3.709223e-02	1.002053e+01
1.903000e-05	-3.487117e-02	1.002103e+01
1.904000e-05	-3.190877e-02	1.003215e+01
1.905000e-05	-3.449749e-02	1.002166e+01
1.906000e-05	-3.612487e-02	1.004318e+01
1.907000e-05	-3.775815e-02	1.008316e+01
1.908000e-05	-3.767097e-02	1.006321e+01
1.909000e-05	-3.961780e-02	1.008373e+01
1.910000e-05	-3.954912e-02	1.007376e+01
1.911000e-05	-3.873757e-02	1.008223e+01
1.912000e-05	-3.958825e-02	1.005365e+01
1.913000e-05	-4.169180e-02	1.002216e+01
1.914000e-05	-4.230622e-02	1.005226e+01
1.915000e-05	-4.304696e-02	1.001107e+01
1.916000e-05	-4.432840e-02	9.970021e+00
1.917000e-05	-4.542649e-02	9.959022e+00
1.918000e-05	-4.658514e-02	9.916419e+00
1.919000e-05	-4.770986e-02	9.892781e+00
1.920000e-05	-4.966021e-02	9.802256e+00
1.921000e-05	-5.055959e-02	9.759017e+00
1.922000e-05	-5.174373e-02	9.701788e+00
1.923000e-05	-5.394242e-02	9.651126e+00
1.924000e-05	-5.469662e-02	9.567573e+00
1.925000e-05	-5.654737e-02	9.525893e+00
1.926000e-05	-5.595588e-02	9.472282e+00
1.927000e-05	-5.894913e-02	9.400631e+00
1.928000e-05	-5.779380e-02	9.325916e+00
1.929000e-05	-5.943132e-02	9.292760e+00
1.930000e-05	-5.877487e-02	9.200602e+00
1.931000e-05	-5.832147e-02	9.177993e+00
1.932000e-05	-5.630545e-02	9.062433e+00
1.933000e-05	-5.687044e-02	8.934920e+00
1.934000e-05	-5.506766e-02	8.811629e+00
1.935000e-05	-5.405908e-02	8.726446e+00
1.936000e-05	-5.083038e-02	8.674783e+00
1.937000e-05	-5.056208e-02	8.588623e+00
1.938000e-05	-4.861965e-02	8.443784e+00
1.939000e-05	-4.718540e-02	8.410551e+00
1.940000e-05	-4.451799e-02	8.335890e+00
1.941000e-05	-4.280423e-02	8.181552e+00
1.942000e-05	-4.181787e-02	8.063782e+00
1.943000e-05	-4.095009e-02	7.946069e+00
1.944000e-05	-3.809587e-02	7.822204e+00
1.945000e-05	-3.652376e-02	7.736339e+00
1.946000e-05	-3.491734e-02	7.599653e+00
1.947000e-05	-3.402802e-02	7.462859e+00
1.948000e-05	-3.272742e-02	7.304789e+00
1.949000e-05	-3.100808e-02	7.157919e+00
1.950000e-05	-2.944624e-02	7.002679e+00
1.951000e-05	-2.857343e-02	6.865419e+00
1.952000e-05	-2.792032e-02	6.809073e+00
1.953000e-05	-2.664517e-02	6.611257e+00
1.954000e-05	-2.478266e-02	6.473207e+00
1.955000e-05	-2.511406e-02	6.295291e+00
1.956000e-05	-2.356550e-02	6.168529e+00
1.957000e-05	-2.234197e-02	6.052758e+00
1.958000e-05	-2.152898e-02	5.905366e+00
1.959000e-05	-2.257787e-02	5.726971e+00
1.960000e-05	-2.072255e-02	5.537521e+00
1.961000e-05	-1.952853e-02	5.361127e+00
1.962000e-05	-1.882895e-02	5.252710e+00
1.963000e-05	-1.885883e-02	5.053281e+00
1.964000e-05	-1.751378e-02	4.852655e+00
1.965000e-05	-1.776178e-02	4.653763e+00
1.966000e-05	-1.731483e-02	4.485889e+00
1.967000e-05	-1.556590e-02	4.380072e+00
1.968000e-05	-1.431293e-02	4.137650e+00
1.969000e-05	-1.432650e-02	3.979576e+00
1.970000e-05	-1.418896e-02	3.872630e+00
1.971000e-05	-1.397637e-02	3.663239e+00
1.972000e-05	-1.274684e-02	3.537521e+00
1.973000e-05	-1.173890e-02	3.335022e+00
1.974000e-05	-1.236489e-02	3.118446e+00
1.975000e-05	-1.251563e-02	2.970629e+00
1.976000e-05	-1.033208e-02	2.821181e+00
1.977000e-05	-9.115492e-03	2.584206e+00
1.978000e-05	-9.308596e-03	2.440178e+00
1.979000e-05	-9.544190e-03	2.241660e+00
1.980000e-05	-9.150444e-03	2.093284e+00
1.981000e-05	-7.962605e-03	1.955870e+00
1.982000e-05	-8.043689e-03	1.757413e+00
1.983000e-05	-7.752635e-03	1.494917e+00
1.984000e-05	-6.253878e-03	1.317316e+00
1.985000e-05	-7.972281e-03	1.125471e+00
1.986000e-05	-6.196424e-03	8.732605e-01
1.987000e-05	-6.550619e-03	7.063656e-01
1.988000e-05	-4.558986e-03	5.163645e-01
1.989000e-05	-4.169629e-03	3.795011e-01
1.990000e-05	-4.720149e-03	1.775186e-01
1.991000e-05	-2.196188e-03	-3.000151e-02
1.992000e-05	4.384069e-03	-1.994225e-01
1.993000e-05	-2.690377e-03	-3.878972e-01
1.994000e-05	1.123254e-03	-5.063345e-01
1.995000e-05	-1.712544e-03	-7.477634e-01
1.996000e-05	1.306553e-03	-9.041093e-01
1.997000e-05	-1.543343e-03	-1.030130e+00
1.998000e-05	7.126783e-03	-1.200373e+00
1.999000e-05	5.044442e-02	-1.430426e+00
2.000000e-05	6.143215e-02	-1.619447e+00
2.001000e-05	-7.099295e-02	-1.892081e+00
2.002000e-05	-9.752450e-03	-2.156295e+00
2.003000e-05	-9.120758e-02	-2.357841e+00
2.004000e-05	1.428974e-02	-2.389974e+00
2.005000e-05	1.551952e-01	-2.472129e+00
2.006000e-05	-1.550075e-01	-2.704659e+00
2.007000e-05	6.922549e-02	-2.852084e+00
2.008000e-05	1.079938e-01	-2.907411e+00
2.009000e-05	-1.870806e-01	-3.220975e+00
2.010000e-05	1.083445e-01	-3.430598e+00
2.011000e-05	6.127019e-02	-3.596792e+00
2.012000e-05	-1.457529e-01	-3.735814e+00
2.013000e-05	1.647495e-01	-3.956361e+00
2.014000e-05	-6.946713e-02	-4.094735e+00
2.015000e-05	-2.837526e-02	-4.305184e+00
2.016000e-05	1.012717e-01	-4.418997e+00
2.017000e-05	-1.217601e-01	-4.631979e+00
2.018000e-05	1.051977e-01	-4.778021e+00
2.019000e-05	-7.086836e-03	-4.944810e+00
2.020000e-05	-5.704090e-02	-5.134262e+00
2.021000e-05	1.094643e-01	-5.284262e+00
2.022000e-05	-5.815632e-02	-5.556333e+00
2.023000e-05	6.349562e-02	-5.703232e+00
2.024000e-05	-4.445027e-02	-5.831099e+00
2.025000e-05	2.107865e-03	-5.998920e+00
2.026000e-05	8.379454e-02	-6.104130e+00
2.027000e-05	-8.208301e-02	-6.292160e+00
2.028000e-05	9.016035e-02	-6.431654e+00
2.029000e-05	-2.045786e-02	-6.538020e+00
2.030000e-05	-2.567886e-03	-6.745287e+00
2.031000e-05	2.907996e-02	-6.780078e+00
2.032000e-05	-3.130716e-02	-6.988922e+00
2.033000e-05	9.553367e-02	-7.136363e+00
2.034000e-05	-4.255786e-02	-7.284230e+00
2.035000e-05	1.392176e-02	-7.359446e+00
2.036000e-05	1.614363e-02	-7.494712e+00
2.037000e-05	1.404031e-02	-7.670580e+00
2.038000e-05	3.022483e-02	-7.768446e+00
2.039000e-05	-2.312256e-02	-7.936890e+00
2.040000e-05	5.419493e-02	-8.031654e+00
2.041000e-05	-3.752873e-03	-8.156314e+00
2.042000e-05	1.358452e-02	-8.281659e+00
2.043000e-05	1.504511e-02	-8.356390e+00
2.044000e-05	2.445921e-02	-8.413604e+00
2.045000e-05	1.771178e-02	-8.546440e+00
2.046000e-05	-4.203418e-03	-8.681233e+00
2.047000e-05	3.377890e-02	-8.787949e+00
2.048000e-05	1.892135e-02	-8.882684e+00
2.049000e-05	1.704394e-02	-8.947939e+00
2.050000e-05	1.190057e-02	-9.041102e+00
2.051000e-05	2.587156e-02	-9.063814e+00
2.052000e-05	2.138117e-02	-9.166446e+00
2.053000e-05	1.278032e-02	-9.231579e+00
2.054000e-05	2.515349e-02	-9.274363e+00
2.055000e-05	2.329365e-02	-9.397556e+00
2.056000e-05	1.949032e-02	-9.472807e+00
2.057000e-05	1.743592e-02	-9.567398e+00
2.058000e-05	2.888209e-02	-9.590050e+00
2.059000e-05	2.559209e-02	-9.662154e+00
2.060000e-05	2.161647e-02	-9.684862e+00
2.061000e-05	2.337694e-02	-9.726362e+00
2.062000e-05	2.558162e-02	-9.796947e+00
2.063000e-05	2.434315e-02	-9.800052e+00
2.064000e-05	2.438815e-02	-9.790080e+00
2.065000e-05	2.892329e-02	-9.821679e+00
2.066000e-05	2.689444e-02	-9.893313e+00
2.067000e-05	2.453890e-02	-9.885313e+00
2.068000e-05	2.854115e-02	-9.924916e+00
2.069000e-05	3.062183e-02	-9.935892e+00
2.070000e-05	2.776606e-02	-9.955943e+00
2.071000e-05	2.928157e-02	-9.966897e+00
2.072000e-05	3.097541e-02	-9.967969e+00
2.073000e-05	3.227781e-02	-9.978446e+00
2.074000e-05	2.949230e-02	-9.967523e+00
2.075000e-05	3.103327e-02	-9.986996e+00
2.076000e-05	3.436708e-02	-9.987998e+00
2.077000e-05	3.455556e-02	-9.927517e+00
2.078000e-05	3.446205e-02	-9.958493e+00
2.079000e-05	3.499268e-02	-9.936418e+00
2.080000e-05	3.630273e-02	-9.915915e+00
2.081000e-05	3.671904e-02	-9.925842e+00
2.082000e-05	3.901221e-02	-9.924233e+00
2.083000e-05	4.023355e-02	-9.843184e+00
2.084000e-05	3.979650e-02	-9.821127e+00
2.085000e-05	4.187140e-02	-9.775573e+00
2.086000e-05	4.467921e-02	-9.748344e+00
2.087000e-05	4.456157e-02	-9.664841e+00
2.088000e-05	4.555440e-02	-9.641710e+00
2.089000e-05	4.680909e-02	-9.650603e+00
2.090000e-05	5.070432e-02	-9.546997e+00
2.091000e-05	5.017176e-02	-9.484316e+00
2.092000e-05	5.124498e-02	-9.400105e+00
2.093000e-05	5.231025e-02	-9.346019e+00
2.094000e-05	4.959018e-02	-9.220656e+00
2.095000e-05	5.230490e-02	-9.137547e+00
2.096000e-05	5.226088e-02	-9.093865e+00
2.097000e-05	5.342991e-02	-9.030180e+00
2.098000e-05	5.028483e-02	-8.936443e+00
2.099000e-05	4.899940e-02	-8.862705e+00
2.100000e-05	4.821564e-02	-8.810046e+00
2.101000e-05	4.579241e-02	-8.696969e+00
2.102000e-05	4.400455e-02	-8.529152e+00
2.103000e-05	4.346890e-02	-8.513787e+00
2.104000e-05	4.256261e-02	-8.398571e+00
2.105000e-05	3.968504e-02	-8.284938e+00
2.106000e-05	3.818243e-02	-8.218552e+00
2.107000e-05	3.579886e-02	-8.085288e+00
2.108000e-05	3.615140e-02	-8.019126e+00
2.109000e-05	3.209394e-02	-7.885882e+00
2.110000e-05	3.117562e-02	-7.754967e+00
2.111000e-05	3.032421e-02	-7.579024e+00
2.112000e-05	2.752322e-02	-7.442231e+00
2.113000e-05	2.701413e-02	-7.314363e+00
2.114000e-05	2.438649e-02	-7.181176e+00
2.115000e-05	2.473186e-02	-7.064316e+00
2.116000e-05	2.221159e-02	-6.905512e+00
2.117000e-05	2.129950e-02	-6.779550e+00
2.118000e-05	2.079300e-02	-6.612759e+00
2.119000e-05	1.920446e-02	-6.475841e+00
2.120000e-05	1.851140e-02	-6.410001e+00
2.121000e-05	1.753906e-02	-6.212684e+00
2.122000e-05	1.642265e-02	-6.061783e+00
2.123000e-05	1.493007e-02	-5.886342e+00
2.124000e-05	1.442202e-02	-5.770026e+00
2.125000e-05	1.286193e-02	-5.619605e+00
2.126000e-05	1.282886e-02	-5.412761e+00
2.127000e-05	1.157888e-02	-5.221758e+00
2.128000e-05	1.134901e-02	-5.063254e+00
2.129000e-05	1.036414e-02	-4.903293e+00
2.130000e-05	8.757702e-03	-4.654413e+00
2.131000e-05	8.598236e-03	-4.537371e+00
2.132000e-05	8.203938e-03	-4.429076e+00
2.133000e-05	8.130034e-03	-4.243761e+00
2.134000e-05	5.567360e-03	-4.094267e+00
2.135000e-05	6.281986e-03	-3.967420e+00
2.136000e-05	5.407410e-03	-3.727651e+00
2.137000e-05	5.090788e-03	-3.589076e+00
2.138000e-05	5.366148e-03	-3.420654e+00
2.139000e-05	3.522197e-03	-3.221786e+00
2.140000e-05	4.064482e-03	-3.092283e+00
2.141000e-05	2.454913e-03	-2.853384e+00
2.142000e-05	3.355654e-03	-2.705911e+00
2.143000e-05	6.612609e-05	-2.534966e+00
2.144000e-05	2.088924e-03	-2.327371e+00
2.145000e-05	1.483375e-03	-2.158000e+00
2.146000e-05	2.063875e-03	-1.958447e+00
2.147000e-05	-2.013810e-03	-1.779099e+00
2.148000e-05	7.127996e-04	-1.639156e+00
2.149000e-05	-9.359527e-04	-1.372179e+00
2.150000e-05	-3.021258e-04	-1.178574e+00
2.151000e-05	-3.550775e-03	-9.695476e-01
2.152000e-05	-1.517057e-03	-8.216328e-01
2.153000e-05	-3.476645e-03	-5.612055e-01
2.154000e-05	-3.106955e-03	-4.111526e-01
2.155000e-05	-4.033723e-03	-2.331867e-01
2.156000e-05	-2.945309e-03	-6.623426e-02
2.157000e-05	6.433639e-04	1.026068e-01
2.158000e-05	2.764032e-03	2.951644e-01
2.159000e-05	-3.939149e-03	4.721526e-01
2.160000e-05	6.381656e-04	6.309287e-01
2.161000e-05	-4.345040e-03	7.898961e-01
2.162000e-05	-2.409934e-03	9.877669e-01
2.163000e-05	-5.206069e-03	1.196919e+00
2.164000e-05	3.651717e-03	1.366342e+00
2.165000e-05	2.461075e-02	1.556265e+00
2.166000e-05	6.820470e-02	1.758776e+00
2.167000e-05	-3.767881e-02	1.967345e+00
2.168000e-05	-4.202611e-02	2.167343e+00
2.169000e-05	-4.266104e-02	2.347788e+00
2.170000e-05	-7.898564e-02	2.442079e+00
2.171000e-05	5.397281e-02	2.640449e+00
2.172000e-05	9.798139e-02	2.800370e+00
2.173000e-05	-1.725500e-01	2.956816e+00
2.174000e-05	1.328909e-01	3.075032e+00
2.175000e-05	-1.980718e-02	3.291151e+00
2.176000e-05	-1.076427e-01	3.514262e+00
2.177000e-05	9.745146e-02	3.600054e+00
2.178000e-05	-2.059967e-02	3.789450e+00
2.179000e-05	-7.998621e-02	3.980373e+00
2.180000e-05	8.930162e-02	4.127288e+00
2.181000e-05	-5.867043e-02	4.367837e+00
2.182000e-05	-7.806890e-03	4.515257e+00
2.183000e-05	6.469992e-03	4.666183e+00
2.184000e-05	-4.730000e-02	4.853182e+00
2.185000e-05	1.608760e-02	5.075098e+00
2.186000e-05	-2.842595e-02	5.304630e+00
2.187000e-05	7.911488e-03	5.494081e+00
2.188000e-05	-7.573826e-03	5.588376e+00
2.189000e-05	-9.798517e-04	5.796895e+00
2.190000e-05	-2.371641e-02	5.978367e+00
2.191000e-05	-3.905875e-02	6.145114e+00
2.192000e-05	2.270088e-02	6.261053e+00
2.193000e-05	-1.834083e-02	6.356925e+00
2.194000e-05	-1.979459e-02	6.484213e+00
2.195000e-05	-4.806026e-03	6.704084e+00
2.196000e-05	-2.495976e-02	6.802624e+00
2.197000e-05	-8.773451e-03	6.987388e+00
2.198000e-05	-1.829554e-02	7.064210e+00
2.199000e-05	-1.156159e-02	7.218870e+00
2.200000e-05	-3.044673e-03	7.313312e+00
2.201000e-05	-2.690848e-02	7.514131e+00
2.202000e-05	-1.767456e-02	7.622007e+00
2.203000e-05	-1.818293e-02	7.796443e+00
2.204000e-05	-7.633827e-03	7.856609e+00
2.205000e-05	-2.397685e-02	8.060076e+00
2.206000e-05	-2.304368e-02	8.117846e+00
2.207000e-05	-6.201921e-03	8.263026e+00
2.208000e-05	-2.285737e-02	8.388916e+00
2.209000e-05	-2.033836e-02	8.422604e+00
2.210000e-05	-2.308911e-02	8.523888e+00
2.211000e-05	-1.365122e-02	8.620104e+00
2.212000e-05	-2.527823e-02	8.723290e+00
2.213000e-05	-2.457947e-02	8.848451e+00
2.214000e-05	-1.838684e-02	8.852761e+00
2.215000e-05	-2.237936e-02	9.000020e+00
2.216000e-05	-2.303633e-02	9.125835e+00
2.217000e-05	-2.430343e-02	9.179428e+00
2.218000e-05	-1.858093e-02	9.262660e+00
2.219000e-05	-2.804380e-02	9.356342e+00
2.220000e-05	-2.795244e-02	9.390025e+00
2.221000e-05	-2.339346e-02	9.471230e+00
2.222000e-05	-2.459268e-02	9.524363e+00
2.223000e-05	-2.844638e-02	9.568394e+00
2.224000e-05	-2.864969e-02	9.601550e+00
2.225000e-05	-2.463482e-02	9.651207e+00
2.226000e-05	-2.965939e-02	9.715940e+00
2.227000e-05	-2.881458e-02	9.788523e+00
2.228000e-05	-3.111692e-02	9.882607e+00
2.229000e-05	-2.973398e-02	9.884362e+00
2.230000e-05	-3.345827e-02	9.926393e+00
2.231000e-05	-3.000386e-02	9.957419e+00
2.232000e-05	-2.940209e-02	9.979550e+00
2.233000e-05	-3.433721e-02	1.001955e+01
2.234000e-05	-3.735708e-02	1.006163e+01
2.235000e-05	-3.354287e-02	1.003165e+01
2.236000e-05	-3.222554e-02	1.002263e+01
2.237000e-05	-3.628583e-02	1.007223e+01
2.238000e-05	-3.634351e-02	1.006316e+01
2.239000e-05	-3.659319e-02	1.007416e+01
2.240000e-05	-3.720168e-02	1.009271e+01
2.241000e-05	-4.086432e-02	1.007219e+01
2.242000e-05	-3.924938e-02	1.007278e+01
2.243000e-05	-3.919298e-02	1.007168e+01
2.244000e-05	-4.097539e-02	1.007266e+01
2.245000e-05	-4.151300e-02	1.003213e+01
2.246000e-05	-4.166444e-02	1.001113e+01
2.247000e-05	-4.249777e-02	9.990625e+00
2.248000e-05	-4.487110e-02	9.968022e+00
2.249000e-05	-4.652858e-02	9.916950e+00
2.250000e-05	-4.659679e-02	9.905886e+00
2.251000e-05	-4.831692e-02	9.862229e+00
2.252000e-05	-4.841601e-02	9.849052e+00
2.253000e-05	-5.119543e-02	9.707568e+00
2.254000e-05	-5.194621e-02	9.654238e+00
2.255000e-05	-5.477578e-02	9.590650e+00
2.256000e-05	-5.550912e-02	9.528995e+00
2.257000e-05	-5.698499e-02	9.503838e+00
2.258000e-05	-5.636780e-02	9.431704e+00
2.259000e-05	-5.685083e-02	9.398050e+00
2.260000e-05	-5.905082e-02	9.315338e+00
2.261000e-05	-6.084063e-02	9.251734e+00
2.262000e-05	-5.887214e-02	9.168021e+00
2.263000e-05	-5.759175e-02	9.054865e+00
2.264000e-05	-5.558251e-02	8.988224e+00
2.265000e-05	-5.727031e-02	8.855285e+00
2.266000e-05	-5.472406e-02	8.789049e+00
2.267000e-05	-5.369876e-02	8.736367e+00
2.268000e-05	-5.096837e-02	8.622706e+00
2.269000e-05	-5.100313e-02	8.525418e+00
2.270000e-05	-4.752529e-02	8.442681e+00
2.271000e-05	-4.466331e-02	8.399049e+00
2.272000e-05	-4.424064e-02	8.212310e+00
2.273000e-05	-4.280678e-02	8.138067e+00
2.274000e-05	-4.144673e-02	7.981210e+00
2.275000e-05	-3.877451e-02	7.913763e+00
2.276000e-05	-3.836950e-02	7.809077e+00
2.277000e-05	-3.595280e-02	7.694760e+00
2.278000e-05	-3.351202e-02	7.577572e+00
2.279000e-05	-3.277996e-02	7.379023e+00
2.280000e-05	-3.284352e-02	7.271678e+00
2.281000e-05	-3.106652e-02	7.086344e+00
2.282000e-05	-2.980801e-02	6.969500e+00
2.283000e-05	-2.820395e-02	6.853281e+00
2.284000e-05	-2.787768e-02	6.734996e+00
2.285000e-05	-2.520345e-02	6.569366e+00
2.286000e-05	-2.458246e-02	6.400047e+00
2.287000e-05	-2.311013e-02	6.261784e+00
2.288000e-05	-2.401238e-02	6.116363e+00
2.289000e-05	-2.344102e-02	5.999574e+00
2.290000e-05	-2.179072e-02	5.852679e+00
2.291000e-05	-2.078641e-02	5.621234e+00
2.292000e-05	-2.060825e-02	5.485315e+00
2.293000e-05	-2.022739e-02	5.307468e+00
2.294000e-05	-1.927592e-02	5.117469e+00
2.295000e-05	-1.838957e-02	4.906940e+00
2.296000e-05	-1.674743e-02	4.738996e+00
2.297000e-05	-1.674723e-02	4.580602e+00
2.298000e-05	-1.600078e-02	4.453235e+00
2.299000e-05	-1.492500e-02	4.314768e+00
2.300000e-05	-1.536091e-02	4.076860e+00
2.301000e-05	-1.429987e-02	3.926469e+00
2.302000e-05	-1.354073e-02	3.779045e+00
2.303000e-05	-1.214659e-02	3.633077e+00
2.304000e-05	-1.269583e-02	3.453756e+00
2.305000e-05	-1.212794e-02	3.242631e+00
2.306000e-05	-1.115166e-02	3.074763e+00
2.307000e-05	-1.129117e-02	2.915418e+00
2.308000e-05	-1.062409e-02	2.758077e+00
2.309000e-05	-9.906033e-03	2.547518e+00
2.310000e-05	-9.827124e-03	2.366371e+00
2.311000e-05	-9.951560e-03	2.158445e+00
2.312000e-05	-9.049741e-03	2.000103e+00
2.313000e-05	-7.407847e-03	1.803206e+00
2.314000e-05	-7.458885e-03	1.610653e+00
2.315000e-05	-8.283573e-03	1.412654e+00
2.316000e-05	-7.040971e-03	1.230184e+00
2.317000e-05	-6.101984e-03	1.021706e+00
2.318000e-05	-4.869764e-03	8.101300e-01
2.319000e-05	-5.892709e-03	6.116553e-01
2.320000e-05	-5.082429e-03	4.431328e-01
2.321000e-05	-4.939444e-03	3.048420e-01
2.322000e-05	-4.706262e-03	2.516051e-02
2.323000e-05	1.480317e-03	-1.141893e-01
2.324000e-05	3.340273e-03	-2.641778e-01
2.325000e-05	-9.549836e-04	-3.899477e-01
2.326000e-05	1.469352e-03	-6.100226e-01
2.327000e-05	-1.891152e-03	-8.099261e-01
2.328000e-05	7.762566e-04	-9.472910e-01
2.329000e-05	-1.910747e-04	-1.084188e+00
2.330000e-05	1.502814e-02	-1.335208e+00
2.331000e-05	8.849329e-02	-1.526579e+00
2.332000e-05	-1.744187e-02	-1.735714e+00
2.333000e-05	-3.731137e-02	-2.037896e+00
2.334000e-05	-4.035177e-02	-2.282581e+00
2.335000e-05	-9.517541e-02	-2.389974e+00
2.336000e-05	1.318833e-01	-2.410505e+00
2.337000e-05	3.579325e-02	-2.545266e+00
2.338000e-05	-1.601799e-01	-2.767399e+00
2.339000e-05	1.843384e-01	-2.913257e+00
2.340000e-05	-8.313981e-02	-3.075730e+00
2.341000e-05	-1.043311e-01	-3.366262e+00
2.342000e-05	1.745755e-01	-3.482707e+00
2.343000e-05	-9.201739e-02	-3.600555e+00
2.344000e-05	-1.374836e-02	-3.849930e+00
2.345000e-05	1.446115e-01	-3.979468e+00
2.346000e-05	-1.521437e-01	-4.210448e+00
2.347000e-05	1.057822e-01	-4.366816e+00
2.348000e-05	-2.697341e-02	-4.432659e+00
2.349000e-05	-5.260030e-02	-4.716188e+00
2.350000e-05	1.289564e-01	-4.821620e+00
2.351000e-05	-1.052216e-01	-5.059547e+00
2.352000e-05	6.143650e-02	-5.218997e+00
2.353000e-05	3.053755e-02	-5.380551e+00
2.354000e-05	-2.469873e-02	-5.630025e+00
2.355000e-05	5.598571e-02	-5.766266e+00
2.356000e-05	-8.680693e-02	-5.905261e+00
2.357000e-05	9.049158e-02	-6.039477e+00
2.358000e-05	-1.079852e-02	-6.165940e+00
2.359000e-05	-2.208815e-02	-6.367765e+00
2.360000e-05	8.620392e-02	-6.493759e+00
2.361000e-05	-6.087227e-02	-6.622154e+00
2.362000e-05	5.226215e-02	-6.797392e+00
2.363000e-05	-3.273269e-02	-6.883758e+00
2.364000e-05	3.691843e-02	-7.060033e+00
2.365000e-05	5.303088e-02	-7.199000e+00
2.366000e-05	-5.107458e-02	-7.326766e+00
2.367000e-05	4.369547e-02	-7.452204e+00
2.368000e-05	-7.200595e-03	-7.578373e+00
2.369000e-05	4.368386e-02	-7.684739e+00
2.370000e-05	-8.168842e-03	-7.852627e+00
2.371000e-05	8.831457e-03	-7.987471e+00
2.372000e-05	4.339351e-02	-8.094686e+00
2.373000e-05	-1.386954e-02	-8.199576e+00
2.374000e-05	2.853481e-02	-8.314787e+00
2.375000e-05	7.216822e-03	-8.379446e+00
2.376000e-05	3.387114e-02	-8.453262e+00
2.377000e-05	-3.281550e-03	-8.608571e+00
2.378000e-05	1.531383e-02	-8.743840e+00
2.379000e-05	3.284967e-02	-8.832151e+00
2.380000e-05	1.342200e-02	-8.943837e+00
2.381000e-05	1.650164e-02	-8.979072e+00
2.382000e-05	1.180983e-02	-9.073256e+00
2.383000e-05	3.168547e-02	-9.136340e+00
2.384000e-05	1.180990e-02	-9.168997e+00
2.385000e-05	2.132047e-02	-9.232606e+00
2.386000e-05	2.538478e-02	-9.325443e+00
2.387000e-05	2.199141e-02	-9.460151e+00
2.388000e-05	1.566752e-02	-9.511743e+00
2.389000e-05	2.192468e-02	-9.567445e+00
2.390000e-05	3.196506e-02	-9.601003e+00
2.391000e-05	2.062414e-02	-9.641158e+00
2.392000e-05	2.322405e-02	-9.693787e+00
2.393000e-05	2.244033e-02	-9.696944e+00
2.394000e-05	2.657295e-02	-9.759520e+00
2.395000e-05	2.316088e-02	-9.791105e+00
2.396000e-05	2.780984e-02	-9.830178e+00
2.397000e-05	2.854520e-02	-9.903758e+00
2.398000e-05	2.389462e-02	-9.915714e+00
2.399000e-05	2.592522e-02	-9.906312e+00
2.400000e-05	3.059784e-02	-9.925415e+00
2.401000e-05	2.999211e-02	-9.936889e+00
2.402000e-05	2.676202e-02	-9.916467e+00
2.403000e-05	3.025626e-02	-9.957993e+00
2.404000e-05	3.164805e-02	-9.956973e+00
2.405000e-05	3.214836e-02	-9.967471e+00
2.406000e-05	2.913327e-02	-9.979570e+00
2.407000e-05	3.343771e-02	-9.948548e+00
2.408000e-05	3.467972e-02	-9.978443e+00
2.409000e-05	3.394091e-02	-9.998516e+00
2.410000e-05	3.475089e-02	-9.927518e+00
2.411000e-05	3.626571e-02	-9.906994e+00
2.412000e-05	3.717750e-02	-9.905368e+00
2.413000e-05	3.585096e-02	-9.863837e+00
2.414000e-05	4.057989e-02	-9.872305e+00
2.415000e-05	4.001053e-02	-9.830603e+00
2.416000e-05	4.051853e-02	-9.789499e+00
2.417000e-05	4.243115e-02	-9.785472e+00
2.418000e-05	4.458979e-02	-9.684437e+00
2.419000e-05	4.504790e-02	-9.633311e+00
2.420000e-05	4.518908e-02	-9.640653e+00
2.421000e-05	4.918169e-02	-9.579097e+00
2.422000e-05	4.978059e-02	-9.525343e+00
2.423000e-05	5.027888e-02	-9.462260e+00
2.424000e-05	5.223378e-02	-9.387551e+00
2.425000e-05	5.211496e-02	-9.302787e+00
2.426000e-05	5.147548e-02	-9.220102e+00
2.427000e-05	5.125657e-02	-9.146492e+00
2.428000e-05	5.259353e-02	-9.063311e+00
2.429000e-05	5.193204e-02	-8.989102e+00
2.430000e-05	5.082134e-02	-8.905385e+00
2.431000e-05	4.724559e-02	-8.861628e+00
2.432000e-05	4.824843e-02	-8.767496e+00
2.433000e-05	4.584959e-02	-8.652337e+00
2.434000e-05	4.409007e-02	-8.548546e+00
2.435000e-05	4.217265e-02	-8.432208e+00
2.436000e-05	4.088968e-02	-8.337445e+00
2.437000e-05	3.921635e-02	-8.254311e+00
2.438000e-05	3.722448e-02	-8.167943e+00
2.439000e-05	3.534017e-02	-8.052735e+00
2.440000e-05	3.350037e-02	-7.988022e+00
2.441000e-05	3.168094e-02	-7.862182e+00
2.442000e-05	2.992615e-02	-7.695328e+00
2.443000e-05	2.925520e-02	-7.526941e+00
2.444000e-05	2.727567e-02	-7.419650e+00
2.445000e-05	2.669794e-02	-7.274262e+00
2.446000e-05	2.444026e-02	-7.188496e+00
2.447000e-05	2.328815e-02	-6.990677e+00
2.448000e-05	2.147553e-02	-6.863780e+00
2.449000e-05	2.204174e-02	-6.736492e+00
2.450000e-05	2.064132e-02	-6.639603e+00
2.451000e-05	1.930694e-02	-6.452829e+00
2.452000e-05	1.861026e-02	-6.346871e+00
2.453000e-05	1.648790e-02	-6.176421e+00
2.454000e-05	1.618253e-02	-5.998550e+00
2.455000e-05	1.505706e-02	-5.863260e+00
2.456000e-05	1.357494e-02	-5.696417e+00
2.457000e-05	1.321822e-02	-5.577992e+00
2.458000e-05	1.113028e-02	-5.359176e+00
2.459000e-05	1.228527e-02	-5.197944e+00
2.460000e-05	1.111638e-02	-5.029678e+00
2.461000e-05	8.970454e-03	-4.771684e+00
2.462000e-05	9.308826e-03	-4.629203e+00
2.463000e-05	7.353849e-03	-4.485362e+00
2.464000e-05	8.915297e-03	-4.337496e+00
2.465000e-05	5.748398e-03	-4.228101e+00
2.466000e-05	7.520333e-03	-4.082205e+00
2.467000e-05	5.150827e-03	-3.895341e+00
2.468000e-05	5.891708e-03	-3.675412e+00
2.469000e-05	4.807852e-03	-3.503841e+00
2.470000e-05	5.960633e-03	-3.328019e+00
2.471000e-05	4.275053e-03	-3.210599e+00
2.472000e-05	2.568606e-03	-2.960574e+00
2.473000e-05	2.786355e-03	-2.788629e+00
2.474000e-05	2.767080e-03	-2.631658e+00
2.475000e-05	8.243952e-04	-2.443708e+00
2.476000e-05	7.065142e-04	-2.244788e+00
2.477000e-05	2.322882e-03	-2.032313e+00
2.478000e-05	1.888372e-03	-1.894788e+00
2.479000e-05	-1.430296e-04	-1.704493e+00
2.480000e-05	-1.846293e-03	-1.586471e+00
2.481000e-05	-5.557276e-05	-1.274413e+00
2.482000e-05	-1.836922e-03	-1.115288e+00
2.483000e-05	-1.969545e-03	-9.133182e-01
2.484000e-05	-2.727780e-03	-7.684461e-01
2.485000e-05	-1.964270e-03	-4.954658e-01
2.486000e-05	-2.787469e-03	-3.464197e-01
2.487000e-05	-4.346612e-03	-2.101539e-01
2.488000e-05	-2.599221e-03	4.208376e-02
2.489000e-05	2.408523e-03	1.878433e-01
2.490000e-05	-8.653273e-04	4.093684e-01
2.491000e-05	-1.370638e-03	5.058133e-01
2.492000e-05	-1.082906e-03	7.237092e-01
2.493000e-05	-3.033724e-03	8.296513e-01
2.494000e-05	-5.283743e-03	1.043029e+00
2.495000e-05	-2.945232e-03	1.242532e+00
2.496000e-05	5.263822e-03	1.389950e+00
2.497000e-05	5.254559e-02	1.703027e+00
2.498000e-05	3.646088e-02	1.832608e+00
2.499000e-05	-5.887077e-02	2.032055e+00
2.500000e-05	-3.482076e-02	2.232001e+00
2.501000e-05	-6.109127e-02	2.398949e+00
2.502000e-05	-5.887511e-02	2.485188e+00
2.503000e-05	1.468666e-01	2.704187e+00
2.504000e-05	-5.622338e-02	2.893651e+00
2.505000e-05	-7.874037e-02	2.988422e+00
2.506000e-05	1.507925e-01	3.169265e+00
2.507000e-05	-1.247507e-01	3.377847e+00
2.508000e-05	-1.919368e-02	3.548869e+00
2.509000e-05	1.028935e-01	3.652232e+00
2.510000e-05	-1.087410e-01	3.894681e+00
2.511000e-05	2.639957e-02	4.041709e+00
2.512000e-05	3.284932e-02	4.281078e+00
2.513000e-05	-6.483665e-02	4.400526e+00
2.514000e-05	2.411030e-02	4.599417e+00
2.515000e-05	-3.453636e-02	4.758343e+00
2.516000e-05	-9.121867e-03	4.957416e+00
2.517000e-05	9.303669e-04	5.180447e+00
2.518000e-05	-2.088051e-02	5.369867e+00
2.519000e-05	8.672837e-03	5.535735e+00
2.520000e-05	-6.105998e-03	5.663583e+00
2.521000e-05	-6.783754e-03	5.871656e+00
2.522000e-05	-3.850431e-02	6.020978e+00
2.523000e-05	-1.737020e-02	6.157316e+00
2.524000e-05	2.499532e-02	6.304209e+00
2.525000e-05	-3.904400e-02	6.412051e+00
2.526000e-05	1.132635e-04	6.577415e+00
2.527000e-05	-2.294664e-02	6.725346e+00
2.528000e-05	-1.765239e-02	6.914259e+00
2.529000e-05	-7.205735e-03	7.020001e+00
2.530000e-05	-2.600271e-02	7.175792e+00
2.531000e-05	3.659650e-03	7.220024e+00
2.532000e-05	-2.039345e-02	7.337572e+00
2.533000e-05	-1.698723e-02	7.566867e+00
2.534000e-05	-2.470445e-02	7.702736e+00
2.535000e-05	-9.248810e-03	7.820527e+00
2.536000e-05	-1.441897e-02	7.926816e+00
2.537000e-05	-2.714056e-02	8.110736e+00
2.538000e-05	-1.367875e-02	8.170527e+00
2.539000e-05	-1.356516e-02	8.334759e+00
2.540000e-05	-2.197052e-02	8.369473e+00
2.541000e-05	-2.523852e-02	8.463134e+00
2.542000e-05	-1.675928e-02	8.588447e+00
2.543000e-05	-2.041412e-02	8.642633e+00
2.544000e-05	-2.444961e-02	8.727767e+00
2.545000e-05	-2.258521e-02	8.789602e+00
2.546000e-05	-1.576829e-02	8.953790e+00
2.547000e-05	-2.523374e-02	9.042131e+00
2.548000e-05	-2.456778e-02	9.134869e+00
2.549000e-05	-2.276315e-02	9.229601e+00
2.550000e-05	-2.214312e-02	9.244659e+00
2.551000e-05	-2.860269e-02	9.336868e+00
2.552000e-05	-2.718963e-02	9.441152e+00
2.553000e-05	-2.165590e-02	9.441834e+00
2.554000e-05	-2.774901e-02	9.547418e+00
2.555000e-05	-2.872338e-02	9.598448e+00
2.556000e-05	-2.829766e-02	9.631104e+00
2.557000e-05	-2.488856e-02	9.693213e+00
2.558000e-05	-2.905756e-02	9.778044e+00
2.559000e-05	-3.002617e-02	9.839576e+00
2.560000e-05	-3.018973e-02	9.863231e+00
2.561000e-05	-3.236405e-02	9.915436e+00
2.562000e-05	-3.126524e-02	9.918892e+00
2.563000e-05	-3.069440e-02	9.957520e+00
2.564000e-05	-3.202570e-02	9.969549e+00
2.565000e-05	-3.492581e-02	1.002955e+01
2.566000e-05	-3.749204e-02	1.002108e+01
2.567000e-05	-3.171581e-02	1.005258e+01
2.568000e-05	-3.361242e-02	1.005168e+01
2.569000e-05	-3.689381e-02	1.007123e+01
2.570000e-05	-3.741312e-02	1.006326e+01
2.571000e-05	-3.777302e-02	1.009319e+01
2.572000e-05	-3.873700e-02	1.007276e+01
2.573000e-05	-3.863376e-02	1.006229e+01
2.574000e-05	-3.835987e-02	1.006268e+01
2.575000e-05	-3.782848e-02	1.005218e+01
2.576000e-05	-4.293824e-02	1.002113e+01
2.577000e-05	-4.186330e-02	1.007960e+01
2.578000e-05	-4.312976e-02	1.002065e+01
2.579000e-05	-4.307006e-02	9.959548e+00
2.580000e-05	-4.521924e-02	9.966970e+00
2.581000e-05	-4.787470e-02	9.965442e+00
2.582000e-05	-4.714717e-02	9.895762e+00
2.583000e-05	-4.772915e-02	9.840629e+00
2.584000e-05	-4.842632e-02	9.790600e+00
2.585000e-05	-5.190614e-02	9.713412e+00
2.586000e-05	-5.380090e-02	9.662708e+00
2.587000e-05	-5.434159e-02	9.578525e+00
2.588000e-05	-5.672573e-02	9.546870e+00
2.589000e-05	-5.667736e-02	9.474711e+00
2.590000e-05	-5.855165e-02	9.380152e+00
2.591000e-05	-5.770880e-02	9.346520e+00
2.592000e-05	-5.817450e-02	9.283288e+00
2.593000e-05	-5.849269e-02	9.209581e+00
2.594000e-05	-5.749726e-02	9.147495e+00
2.595000e-05	-5.637426e-02	9.051835e+00
2.596000e-05	-5.619170e-02	8.927014e+00
2.597000e-05	-5.585931e-02	8.851680e+00
2.598000e-05	-5.547664e-02	8.747470e+00
2.599000e-05	-5.108470e-02	8.664289e+00
2.600000e-05	-5.113138e-02	8.590147e+00
2.601000e-05	-4.780528e-02	8.503241e+00
2.602000e-05	-4.723533e-02	8.431704e+00
2.603000e-05	-4.385637e-02	8.325893e+00
2.604000e-05	-4.448142e-02	8.230280e+00
2.605000e-05	-4.167948e-02	8.072183e+00
2.606000e-05	-4.048245e-02	8.021652e+00
2.607000e-05	-3.755659e-02	7.892210e+00
2.608000e-05	-3.830898e-02	7.725016e+00
2.609000e-05	-3.594495e-02	7.620686e+00
2.610000e-05	-3.509077e-02	7.455309e+00
2.611000e-05	-3.187183e-02	7.274422e+00
2.612000e-05	-3.106496e-02	7.179174e+00
2.613000e-05	-2.933759e-02	7.032213e+00
2.614000e-05	-2.845551e-02	6.904841e+00
2.615000e-05	-2.846210e-02	6.811074e+00
2.616000e-05	-2.740696e-02	6.652336e+00
2.617000e-05	-2.590728e-02	6.462284e+00
2.618000e-05	-2.453890e-02	6.356495e+00
2.619000e-05	-2.535211e-02	6.200028e+00
2.620000e-05	-2.327836e-02	6.072787e+00
2.621000e-05	-2.164718e-02	5.927993e+00
2.622000e-05	-1.961288e-02	5.728446e+00
2.623000e-05	-2.007533e-02	5.577498e+00
2.624000e-05	-2.002628e-02	5.411204e+00
2.625000e-05	-1.899150e-02	5.264810e+00
2.626000e-05	-2.018653e-02	5.063262e+00
2.627000e-05	-1.779715e-02	4.872329e+00
2.628000e-05	-1.829436e-02	4.685312e+00
2.629000e-05	-1.568564e-02	4.497470e+00
2.630000e-05	-1.568531e-02	4.379125e+00
2.631000e-05	-1.370377e-02	4.201586e+00
2.632000e-05	-1.424202e-02	4.031277e+00
2.633000e-05	-1.256100e-02	3.843755e+00
2.634000e-05	-1.360241e-02	3.715286e+00
2.635000e-05	-1.415175e-02	3.570423e+00
2.636000e-05	-1.188589e-02	3.315391e+00
2.637000e-05	-1.337062e-02	3.187949e+00
2.638000e-05	-9.420292e-03	2.970129e+00
2.639000e-05	-1.105749e-02	2.844712e+00
2.640000e-05	-9.600854e-03	2.674811e+00
2.641000e-05	-8.544859e-03	2.463330e+00
2.642000e-05	-1.025918e-02	2.273787e+00
2.643000e-05	-1.007846e-02	2.115787e+00
2.644000e-05	-1.038616e-02	1.906395e+00
2.645000e-05	-6.783243e-03	1.707470e+00
2.646000e-05	-7.088383e-03	1.507346e+00
2.647000e-05	-7.345080e-03	1.376945e+00
2.648000e-05	-5.967310e-03	1.167501e+00
2.649000e-05	-6.021095e-03	8.884167e-01
2.650000e-05	-4.954338e-03	7.178960e-01
2.651000e-05	-5.668600e-03	5.485197e-01
2.652000e-05	-5.152028e-03	3.884975e-01
2.653000e-05	-4.492854e-03	1.496522e-01
2.654000e-05	-2.843210e-03	-9.423629e-03
2.655000e-05	3.460120e-03	-1.983474e-01
2.656000e-05	-1.107976e-03	-3.452947e-01
2.657000e-05	6.679078e-04	-4.852142e-01
2.658000e-05	1.641123e-04	-6.951132e-01
2.659000e-05	8.377750e-04	-8.531539e-01
2.660000e-05	-1.779984e-03	-1.020401e+00
2.661000e-05	5.526458e-03	-1.198899e+00
2.662000e-05	3.889631e-02	-1.357871e+00
2.663000e-05	7.975296e-02	-1.619421e+00
2.664000e-05	-7.085890e-02	-1.833003e+00
2.665000e-05	-8.265931e-03	-2.064160e+00
2.666000e-05	-8.205432e-02	-2.368689e+00
2.667000e-05	-2.338070e-02	-2.399977e+00
2.668000e-05	1.695356e-01	-2.432230e+00
2.669000e-05	-1.239672e-01	-2.692482e+00
2.670000e-05	6.744962e-03	-2.860529e+00
2.671000e-05	1.582406e-01	-2.917792e+00
2.672000e-05	-1.860778e-01	-3.229344e+00
2.673000e-05	6.326382e-02	-3.410997e+00
2.674000e-05	1.052283e-01	-3.555865e+00
2.675000e-05	-1.594861e-01	-3.735668e+00
2.676000e-05	1.385510e-01	-3.907685e+00
2.677000e-05	-1.555471e-02	-4.085159e+00
2.678000e-05	-7.226573e-02	-4.315184e+00
2.679000e-05	1.249676e-01	-4.399472e+00
2.680000e-05	-1.215114e-01	-4.618896e+00
2.681000e-05	7.420480e-02	-4.739968e+00
2.682000e-05	3.675723e-02	-4.893785e+00
2.683000e-05	-8.742778e-02	-5.114239e+00
2.684000e-05	1.155683e-01	-5.242157e+00
2.685000e-05	-5.115637e-02	-5.492683e+00
2.686000e-05	4.911414e-02	-5.661606e+00
2.687000e-05	-1.969495e-02	-5.812026e+00
2.688000e-05	-3.200923e-02	-5.967343e+00
2.689000e-05	1.033704e-01	-6.092134e+00
2.690000e-05	-7.955285e-02	-6.262029e+00
2.691000e-05	7.041884e-02	-6.452575e+00
2.692000e-05	5.155665e-03	-6.547943e+00
2.693000e-05	-2.390334e-02	-6.685734e+00
2.694000e-05	4.662620e-02	-6.809545e+00
2.695000e-05	-4.394349e-02	-6.969417e+00
2.696000e-05	9.282484e-02	-7.156762e+00
2.697000e-05	-2.470463e-02	-7.273658e+00
2.698000e-05	-2.500449e-03	-7.377496e+00
2.699000e-05	2.553234e-02	-7.474235e+00
2.700000e-05	4.441234e-03	-7.649570e+00
2.701000e-05	3.975263e-02	-7.776417e+00
2.702000e-05	-2.669736e-02	-7.904339e+00
2.703000e-05	4.892116e-02	-8.022101e+00
2.704000e-05	8.215307e-03	-8.136892e+00
2.705000e-05	5.461792e-03	-8.231084e+00
2.706000e-05	1.900900e-02	-8.335342e+00
2.707000e-05	1.801893e-02	-8.422132e+00
2.708000e-05	2.526608e-02	-8.545313e+00
2.709000e-05	-7.321407e-03	-8.661134e+00
2.710000e-05	3.262340e-02	-8.787445e+00
2.711000e-05	2.319886e-02	-8.823180e+00
2.712000e-05	1.695293e-02	-8.987893e+00
2.713000e-05	1.023828e-02	-9.040577e+00
2.714000e-05	2.235571e-02	-9.093761e+00
2.715000e-05	2.655016e-02	-9.167944e+00
2.716000e-05	1.178018e-02	-9.228650e+00
2.717000e-05	2.454144e-02	-9.303362e+00
2.718000e-05	2.441146e-02	-9.349573e+00
2.719000e-05	2.019848e-02	-9.462208e+00
2.720000e-05	1.544920e-02	-9.555986e+00
2.721000e-05	2.742882e-02	-9.609499e+00
2.722000e-05	2.705021e-02	-9.621658e+00
2.723000e-05	2.133498e-02	-9.700759e+00
2.724000e-05	2.330476e-02	-9.713862e+00
2.725000e-05	2.591524e-02	-9.758420e+00
2.726000e-05	2.462584e-02	-9.789001e+00
2.727000e-05	2.332444e-02	-9.791103e+00
2.728000e-05	2.904681e-02	-9.842308e+00
2.729000e-05	2.794534e-02	-9.883833e+00
2.730000e-05	2.370426e-02	-9.915815e+00
2.731000e-05	2.709002e-02	-9.895363e+00
2.732000e-05	3.151856e-02	-9.916918e+00
2.733000e-05	2.869138e-02	-9.947393e+00
2.734000e-05	2.760336e-02	-9.937968e+00
2.735000e-05	3.101994e-02	-9.978370e+00
2.736000e-05	3.201457e-02	-9.978495e+00
2.737000e-05	3.078580e-02	-9.978950e+00
2.738000e-05	3.135305e-02	-9.969468e+00
2.739000e-05	3.414785e-02	-9.989023e+00
2.740000e-05	3.366111e-02	-9.968947e+00
2.741000e-05	3.399692e-02	-9.938495e+00
2.742000e-05	3.522364e-02	-9.967918e+00
2.743000e-05	3.650628e-02	-9.906965e+00
2.744000e-05	3.599503e-02	-9.885339e+00
2.745000e-05	3.777255e-02	-9.883788e+00
2.746000e-05	4.059857e-02	-9.852211e+00
2.747000e-05	4.008082e-02	-9.830626e+00
2.748000e-05	4.157819e-02	-9.788574e+00
2.749000e-05	4.334946e-02	-9.756915e+00
2.750000e-05	4.441107e-02	-9.724342e+00
2.751000e-05	4.476901e-02	-9.652757e+00
2.752000e-05	4.678360e-02	-9.629109e+00
2.753000e-05	4.989904e-02	-9.577995e+00
2.754000e-05	4.920020e-02	-9.527441e+00
2.755000e-05	5.113875e-02	-9.430834e+00
2.756000e-05	5.254436e-02	-9.296043e+00
2.757000e-05	5.277868e-02	-9.241281e+00
2.758000e-05	5.146504e-02	-9.179673e+00
2.759000e-05	5.072196e-02	-9.094414e+00
2.760000e-05	5.265013e-02	-9.052255e+00
2.761000e-05	5.124232e-02	-8.937568e+00
2.762000e-05	4.980254e-02	-8.863260e+00
2.763000e-05	4.856361e-02	-8.820053e+00
2.764000e-05	4.595148e-02	-8.716917e+00
2.765000e-05	4.336174e-02	-8.609185e+00
2.766000e-05	4.306952e-02	-8.476291e+00
2.767000e-05	4.277815e-02	-8.420651e+00
2.768000e-05	3.992157e-02	-8.304967e+00
2.769000e-05	3.771248e-02	-8.220230e+00
2.770000e-05	3.588752e-02	-8.094943e+00
2.771000e-05	3.554812e-02	-8.031102e+00
2.772000e-05	3.332405e-02	-7.925890e+00
2.773000e-05	3.231006e-02	-7.707518e+00
2.774000e-05	3.085672e-02	-7.600651e+00
2.775000e-05	2.807009e-02	-7.504865e+00
2.776000e-05	2.656127e-02	-7.337517e+00
2.777000e-05	2.538470e-02	-7.222254e+00
2.778000e-05	2.449838e-02	-7.095420e+00
2.779000e-05	2.319319e-02	-6.926993e+00
2.780000e-05	2.265910e-02	-6.798149e+00
2.781000e-05	2.087148e-02	-6.642388e+00
2.782000e-05	1.956475e-02	-6.546467e+00
2.783000e-05	1.824626e-02	-6.381078e+00
2.784000e-05	1.790914e-02	-6.252280e+00
2.785000e-05	1.659517e-02	-6.074332e+00
2.786000e-05	1.540484e-02	-5.877373e+00
2.787000e-05	1.471553e-02	-5.779674e+00
2.788000e-05	1.220683e-02	-5.641726e+00
2.789000e-05	1.200547e-02	-5.466387e+00
2.790000e-05	1.102884e-02	-5.283489e+00
2.791000e-05	1.151061e-02	-5.116441e+00
2.792000e-05	1.079527e-02	-4.966922e+00
2.793000e-05	8.568134e-03	-4.706942e+00
2.794000e-05	8.830965e-03	-4.586998e+00
2.795000e-05	8.684837e-03	-4.451205e+00
2.796000e-05	8.319672e-03	-4.291812e+00
2.797000e-05	6.415022e-03	-4.127967e+00
2.798000e-05	6.865762e-03	-3.978600e+00
2.799000e-05	4.835373e-03	-3.790128e+00
2.800000e-05	6.237889e-03	-3.620075e+00
2.801000e-05	4.512045e-03	-3.441709e+00
2.802000e-05	4.946757e-03	-3.254836e+00
2.803000e-05	2.583645e-03	-3.105340e+00
2.804000e-05	1.210176e-03	-2.863412e+00
2.805000e-05	3.580930e-03	-2.736843e+00
2.806000e-05	1.479123e-03	-2.566495e+00
2.807000e-05	1.559907e-03	-2.369971e+00
2.808000e-05	5.824977e-04	-2.167150e+00
2.809000e-05	2.237528e-03	-1.960125e+00
2.810000e-05	-7.015961e-04	-1.840603e+00
2.811000e-05	-3.281748e-05	-1.633230e+00
2.812000e-05	-1.771046e-03	-1.433282e+00
2.813000e-05	7.896683e-04	-1.199104e+00
2.814000e-05	-2.521856e-03	-1.030182e+00
2.815000e-05	-8.869549e-04	-8.102529e-01
2.816000e-05	-4.660706e-03	-6.747106e-01
2.817000e-05	-3.012325e-03	-4.421593e-01
2.818000e-05	-4.196757e-03	-2.662380e-01
2.819000e-05	-3.218098e-03	-8.444072e-02
2.820000e-05	-3.360254e-04	3.213389e-02
2.821000e-05	3.719952e-03	2.740081e-01
2.822000e-05	-4.219271e-03	4.126265e-01
2.823000e-05	7.421295e-04	6.084948e-01
2.824000e-05	-4.327677e-03	7.987184e-01
2.825000e-05	-2.654166e-03	9.057366e-01
2.826000e-05	-6.134618e-03	1.147791e+00
2.827000e-05	2.274123e-03	1.324191e+00
2.828000e-05	1.781664e-02	1.525612e+00
2.829000e-05	7.034318e-02	1.745766e+00
2.830000e-05	-2.122723e-02	1.967395e+00
2.831000e-05	-4.642515e-02	2.125787e+00
2.832000e-05	-3.978429e-02	2.345236e+00
2.833000e-05	-7.565088e-02	2.421578e+00
2.834000e-05	1.890629e-02	2.598923e+00
2.835000e-05	1.327704e-01	2.768292e+00
2.836000e-05	-1.668362e-01	2.925738e+00
2.837000e-05	9.231878e-02	3.081108e+00
2.838000e-05	2.619329e-02	3.292502e+00
2.839000e-05	-1.258962e-01	3.483006e+00
2.840000e-05	7.801584e-02	3.589999e+00
2.841000e-05	1.740099e-02	3.758367e+00
2.842000e-05	-1.049428e-01	3.979817e+00
2.843000e-05	8.960781e-02	4.126362e+00
2.844000e-05	-4.469430e-02	4.347190e+00
2.845000e-05	-2.161838e-02	4.493607e+00
2.846000e-05	1.847120e-02	4.653654e+00
2.847000e-05	-5.226559e-02	4.860553e+00
2.848000e-05	1.531404e-02	5.081109e+00
2.849000e-05	-2.430070e-02	5.253733e+00
2.850000e-05	1.740298e-03	5.451005e+00
2.851000e-05	-4.388526e-03	5.570520e+00
2.852000e-05	-3.593418e-04	5.806364e+00
2.853000e-05	-1.649769e-02	5.915837e+00
2.854000e-05	-4.281373e-02	6.073233e+00
2.855000e-05	1.361156e-02	6.231950e+00
2.856000e-05	-6.840366e-03	6.355817e+00
2.857000e-05	-2.687960e-02	6.452206e+00
2.858000e-05	6.910162e-04	6.680681e+00
2.859000e-05	-2.758719e-02	6.809524e+00
2.860000e-05	-1.056880e-02	6.945868e+00
2.861000e-05	-1.477820e-02	7.073658e+00
2.862000e-05	-1.645054e-02	7.195971e+00
2.863000e-05	6.198743e-04	7.284785e+00
2.864000e-05	-2.876344e-02	7.492631e+00
2.865000e-05	-1.519444e-02	7.631497e+00
2.866000e-05	-2.096125e-02	7.746840e+00
2.867000e-05	-4.300116e-03	7.871133e+00
2.868000e-05	-2.240663e-02	8.008976e+00
2.869000e-05	-2.524175e-02	8.108414e+00
2.870000e-05	-7.060477e-03	8.211104e+00
2.871000e-05	-2.184500e-02	8.365344e+00
2.872000e-05	-2.026474e-02	8.411627e+00
2.873000e-05	-2.513554e-02	8.535292e+00
2.874000e-05	-1.331068e-02	8.619476e+00
2.875000e-05	-2.556433e-02	8.693712e+00
2.876000e-05	-2.509663e-02	8.820920e+00
2.877000e-05	-1.847249e-02	8.853685e+00
2.878000e-05	-2.122312e-02	8.968399e+00
2.879000e-05	-2.520566e-02	9.073832e+00
2.880000e-05	-2.539256e-02	9.178421e+00
2.881000e-05	-1.976874e-02	9.251608e+00
2.882000e-05	-2.642111e-02	9.315762e+00
2.883000e-05	-2.771582e-02	9.389475e+00
2.884000e-05	-2.491331e-02	9.473731e+00
2.885000e-05	-2.323504e-02	9.505786e+00
2.886000e-05	-2.952675e-02	9.567945e+00
2.887000e-05	-2.899291e-02	9.570025e+00
2.888000e-05	-2.530444e-02	9.673204e+00
2.889000e-05	-2.800504e-02	9.716336e+00
2.890000e-05	-2.849465e-02	9.808028e+00
2.891000e-05	-3.164311e-02	9.819527e+00
2.892000e-05	-3.010325e-02	9.866183e+00
2.893000e-05	-3.409751e-02	9.947919e+00
2.894000e-05	-2.967635e-02	9.946419e+00
2.895000e-05	-2.931045e-02	9.948448e+00
2.896000e-05	-3.268999e-02	9.980526e+00
2.897000e-05	-3.733309e-02	9.999605e+00
2.898000e-05	-3.433883e-02	1.003062e+01
2.899000e-05	-3.274180e-02	1.005216e+01
2.900000e-05	-3.535528e-02	1.007166e+01
2.901000e-05	-3.597655e-02	1.006418e+01
2.902000e-05	-3.630639e-02	1.005228e+01
2.903000e-05	-3.771323e-02	1.009223e+01
2.904000e-05	-3.995078e-02	1.005221e+01
2.905000e-05	-3.917260e-02	1.006276e+01
2.906000e-05	-3.745675e-02	1.003466e+01
2.907000e-05	-4.010954e-02	1.004173e+01
2.908000e-05	-4.180944e-02	1.004213e+01
2.909000e-05	-4.202276e-02	1.002067e+01
2.910000e-05	-4.228790e-02	1.000110e+01
2.911000e-05	-4.458372e-02	9.989025e+00
2.912000e-05	-4.595792e-02	9.957468e+00
2.913000e-05	-4.630265e-02	9.915843e+00
2.914000e-05	-4.877125e-02	9.863761e+00
2.915000e-05	-4.883664e-02	9.751633e+00
2.916000e-05	-5.117604e-02	9.756539e+00
2.917000e-05	-5.160509e-02	9.694261e+00
2.918000e-05	-5.559708e-02	9.631200e+00
2.919000e-05	-5.524532e-02	9.558001e+00
2.920000e-05	-5.565187e-02	9.525891e+00
2.921000e-05	-5.654436e-02	9.451230e+00
2.922000e-05	-5.810305e-02	9.389072e+00
2.923000e-05	-5.900528e-02	9.316889e+00
2.924000e-05	-6.006627e-02	9.271781e+00
2.925000e-05	-5.833311e-02	9.199049e+00
2.926000e-05	-5.850265e-02	9.143463e+00
2.927000e-05	-5.601108e-02	8.969725e+00
2.928000e-05	-5.594029e-02	8.883313e+00
2.929000e-05	-5.479519e-02	8.820676e+00
2.930000e-05	-5.397216e-02	8.716890e+00
2.931000e-05	-5.157902e-02	8.640156e+00
2.932000e-05	-5.038004e-02	8.566942e+00
2.933000e-05	-4.746540e-02	8.472207e+00
2.934000e-05	-4.549641e-02	8.380524e+00
2.935000e-05	-4.628659e-02	8.254786e+00
2.936000e-05	-4.152827e-02	8.176947e+00
2.937000e-05	-4.287987e-02	8.009727e+00
2.938000e-05	-3.772552e-02	7.935819e+00
2.939000e-05	-3.896169e-02	7.822676e+00
2.940000e-05	-3.552581e-02	7.692814e+00
2.941000e-05	-3.404182e-02	7.569126e+00
2.942000e-05	-3.487103e-02	7.418631e+00
2.943000e-05	-3.292738e-02	7.234207e+00
2.944000e-05	-3.250434e-02	7.115367e+00
2.945000e-05	-2.924723e-02	7.000125e+00
2.946000e-05	-2.750053e-02	6.864758e+00
2.947000e-05	-2.827496e-02	6.776973e+00
2.948000e-05	-2.499738e-02	6.560021e+00
2.949000e-05	-2.509378e-02	6.421128e+00
2.950000e-05	-2.435507e-02	6.285732e+00
2.951000e-05	-2.568924e-02	6.096442e+00
2.952000e-05	-2.250065e-02	6.029579e+00
2.953000e-05	-2.208336e-02	5.893734e+00
2.954000e-05	-2.134919e-02	5.674734e+00
2.955000e-05	-1.989667e-02	5.535913e+00
2.956000e-05	-1.925047e-02	5.347991e+00
2.957000e-05	-1.904242e-02	5.189024e+00
2.958000e-05	-1.830486e-02	4.928524e+00
2.959000e-05	-1.778320e-02	4.797972e+00
2.960000e-05	-1.567239e-02	4.612578e+00
2.961000e-05	-1.637558e-02	4.455258e+00
2.962000e-05	-1.563200e-02	4.354888e+00
2.963000e-05	-1.633212e-02	4.076898e+00
2.964000e-05	-1.499046e-02	3.928419e+00
2.965000e-05	-1.296298e-02	3.810075e+00
2.966000e-05	-1.212241e-02	3.633634e+00
2.967000e-05	-1.282258e-02	3.464337e+00
2.968000e-05	-1.187921e-02	3.261858e+00
2.969000e-05	-1.099291e-02	3.065340e+00
2.970000e-05	-1.028136e-02	2.915423e+00
2.971000e-05	-1.143217e-02	2.798001e+00
2.972000e-05	-1.070751e-02	2.549025e+00
2.973000e-05	-9.054959e-03	2.376995e+00
2.974000e-05	-9.454196e-03	2.199000e+00
2.975000e-05	-8.852621e-03	2.011682e+00
2.976000e-05	-8.592767e-03	1.874264e+00
2.977000e-05	-7.367980e-03	1.634687e+00
2.978000e-05	-6.780458e-03	1.453185e+00
2.979000e-05	-7.136756e-03	1.243760e+00
2.980000e-05	-6.242111e-03	1.024335e+00
2.981000e-05	-5.608815e-03	8.216827e-01
2.982000e-05	-5.044493e-03	6.717603e-01
2.983000e-05	-5.363847e-03	4.567618e-01
2.984000e-05	-5.842482e-03	3.159195e-01
2.985000e-05	-4.849568e-03	9.633698e-02
2.986000e-05	1.227483e-03	-6.420935e-02
2.987000e-05	3.951321e-03	-2.220778e-01
2.988000e-05	-2.202179e-03	-3.804962e-01
2.989000e-05	1.734651e-03	-5.593712e-01
2.990000e-05	-1.659879e-03	-7.703949e-01
2.991000e-05	2.376790e-05	-9.167432e-01
2.992000e-05	-1.128816e-03	-1.102683e+00
2.993000e-05	1.229951e-02	-1.232699e+00
2.994000e-05	7.884686e-02	-1.452527e+00
2.995000e-05	8.253011e-03	-1.686187e+00
2.996000e-05	-5.330751e-02	-1.967793e+00
2.997000e-05	-2.528970e-02	-2.220924e+00
2.998000e-05	-1.005848e-01	-2.389420e+00
2.999000e-05	9.768355e-02	-2.409553e+00
3.000000e-05	8.430040e-02	-2.494714e+00
3.001000e-05	-1.775090e-01	-2.768315e+00
3.002000e-05	1.636486e-01	-2.843261e+00
3.003000e-05	-2.133333e-02	-2.982975e+00
3.004000e-05	-1.488670e-01	-3.325687e+00
3.005000e-05	1.673021e-01	-3.432633e+00
3.006000e-05	-4.479248e-02	-3.598924e+00
3.007000e-05	-6.896758e-02	-3.869000e+00
3.008000e-05	1.708249e-01	-3.969995e+00
3.009000e-05	-1.430322e-01	-4.197871e+00
3.010000e-05	7.234935e-02	-4.336767e+00
3.011000e-05	1.764375e-02	-4.432557e+00
3.012000e-05	-8.969982e-02	-4.735158e+00
3.013000e-05	1.336904e-01	-4.843023e+00
3.014000e-05	-8.296121e-02	-4.980345e+00
3.015000e-05	2.446702e-02	-5.168345e+00
3.016000e-05	6.293125e-02	-5.386918e+00
3.017000e-05	-4.407242e-02	-5.577417e+00
3.018000e-05	6.875535e-02	-5.714738e+00
3.019000e-05	-8.417515e-02	-5.923159e+00
3.020000e-05	6.664617e-02	-6.019522e+00
3.021000e-05	2.350135e-02	-6.165237e+00
3.022000e-05	-5.066167e-02	-6.367338e+00
3.023000e-05	9.800667e-02	-6.503655e+00
3.024000e-05	-5.733817e-02	-6.601552e+00
3.025000e-05	3.973601e-02	-6.788368e+00
3.026000e-05	-1.268523e-02	-6.873182e+00
3.027000e-05	1.213636e-02	-7.063531e+00
3.028000e-05	7.284465e-02	-7.179474e+00
3.029000e-05	-5.749076e-02	-7.294189e+00
3.030000e-05	4.220141e-02	-7.410996e+00
3.031000e-05	-1.652565e-03	-7.566843e+00
3.032000e-05	3.559918e-02	-7.674163e+00
3.033000e-05	4.210864e-03	-7.823025e+00
3.034000e-05	-4.116679e-03	-7.948947e+00
3.035000e-05	5.098512e-02	-8.053784e+00
3.036000e-05	-1.518503e-02	-8.187442e+00
3.037000e-05	2.810639e-02	-8.314259e+00
3.038000e-05	9.422138e-03	-8.388023e+00
3.039000e-05	3.165582e-02	-8.444711e+00
3.040000e-05	1.232933e-03	-8.610526e+00
3.041000e-05	8.719471e-03	-8.744741e+00
3.042000e-05	3.597214e-02	-8.802073e+00
3.043000e-05	1.334313e-02	-8.912812e+00
3.044000e-05	1.712783e-02	-8.989467e+00
3.045000e-05	1.191311e-02	-9.051654e+00
3.046000e-05	3.145590e-02	-9.145865e+00
3.047000e-05	1.350402e-02	-9.187446e+00
3.048000e-05	1.741081e-02	-9.223178e+00
3.049000e-05	2.558993e-02	-9.324014e+00
3.050000e-05	2.303838e-02	-9.438628e+00
3.051000e-05	1.618545e-02	-9.454258e+00
3.052000e-05	2.156351e-02	-9.528899e+00
3.053000e-05	3.132360e-02	-9.618499e+00
3.054000e-05	2.093493e-02	-9.653310e+00
3.055000e-05	2.245310e-02	-9.695288e+00
3.056000e-05	2.320444e-02	-9.746443e+00
3.057000e-05	2.709836e-02	-9.767446e+00
3.058000e-05	2.250270e-02	-9.840500e+00
3.059000e-05	2.760910e-02	-9.811128e+00
3.060000e-05	2.964293e-02	-9.892606e+00
3.061000e-05	2.560510e-02	-9.873335e+00
3.062000e-05	2.363561e-02	-9.945290e+00
3.063000e-05	2.852459e-02	-9.927368e+00
3.064000e-05	3.051308e-02	-9.925917e+00
3.065000e-05	2.825922e-02	-9.947444e+00
3.066000e-05	3.121105e-02	-9.956893e+00
3.067000e-05	3.144550e-02	-9.979045e+00
3.068000e-05	3.183647e-02	-9.957576e+00
3.069000e-05	2.859538e-02	-9.968495e+00
3.070000e-05	3.143290e-02	-9.936070e+00
3.071000e-05	3.375562e-02	-9.928023e+00
3.072000e-05	3.509018e-02	-9.956967e+00
3.073000e-05	3.568830e-02	-9.947996e+00
3.074000e-05	3.537786e-02	-9.936393e+00
3.075000e-05	3.560781e-02	-9.924389e+00
3.076000e-05	3.610952e-02	-9.884308e+00
3.077000e-05	3.910439e-02	-9.903784e+00
3.078000e-05	3.946619e-02	-9.822705e+00
3.079000e-05	3.978795e-02	-9.790054e+00
3.080000e-05	4.340149e-02	-9.768097e+00
3.081000e-05	4.437481e-02	-9.735918e+00
3.082000e-05	4.557431e-02	-9.642838e+00
3.083000e-05	4.605089e-02	-9.661680e+00
3.084000e-05	4.818793e-02	-9.569100e+00
3.085000e-05	4.840359e-02	-9.526394e+00
3.086000e-05	5.128461e-02	-9.433310e+00
3.087000e-05	5.278253e-02	-9.369230e+00
3.088000e-05	5.328214e-02	-9.284363e+00
3.089000e-05	4.887590e-02	-9.240225e+00
3.090000e-05	5.086550e-02	-9.176517e+00
3.091000e-05	5.219464e-02	-9.063785e+00
3.092000e-05	5.366582e-02	-8.960100e+00
3.093000e-05	5.053823e-02	-8.934415e+00
3.094000e-05	4.845958e-02	-8.870630e+00
3.095000e-05	4.790613e-02	-8.798476e+00
3.096000e-05	4.520610e-02	-8.683267e+00
3.097000e-05	4.413467e-02	-8.557550e+00
3.098000e-05	4.231677e-02	-8.432208e+00
3.099000e-05	4.156929e-02	-8.367975e+00
3.100000e-05	3.921072e-02	-8.284233e+00
3.101000e-05	3.801504e-02	-8.177547e+00
3.102000e-05	3.640576e-02	-8.042204e+00
3.103000e-05	3.464770e-02	-7.989019e+00
3.104000e-05	3.262747e-02	-7.864730e+00
3.105000e-05	3.126667e-02	-7.693338e+00
3.106000e-05	2.960446e-02	-7.536447e+00
3.107000e-05	2.733015e-02	-7.408128e+00
3.108000e-05	2.710112e-02	-7.264333e+00
3.109000e-05	2.539924e-02	-7.198624e+00
3.110000e-05	2.338959e-02	-7.013809e+00
3.111000e-05	2.241560e-02	-6.842288e+00
3.112000e-05	2.161183e-02	-6.717422e+00
3.113000e-05	2.096233e-02	-6.600655e+00
3.114000e-05	1.865835e-02	-6.454908e+00
3.115000e-05	1.770965e-02	-6.356498e+00
3.116000e-05	1.744822e-02	-6.139098e+00
3.117000e-05	1.699149e-02	-5.999201e+00
3.118000e-05	1.476164e-02	-5.883733e+00
3.119000e-05	1.316753e-02	-5.715893e+00
3.120000e-05	1.321242e-02	-5.586550e+00
3.121000e-05	1.168480e-02	-5.350227e+00
3.122000e-05	1.002752e-02	-5.199655e+00
3.123000e-05	1.185648e-02	-5.043230e+00
3.124000e-05	1.028593e-02	-4.841778e+00
3.125000e-05	9.941990e-03	-4.662733e+00
3.126000e-05	7.150962e-03	-4.495844e+00
3.127000e-05	8.424846e-03	-4.356972e+00
3.128000e-05	5.779420e-03	-4.220207e+00
3.129000e-05	6.960621e-03	-4.074337e+00
3.130000e-05	5.844269e-03	-3.926862e+00
3.131000e-05	5.692918e-03	-3.694394e+00
3.132000e-05	4.457643e-03	-3.537045e+00
3.133000e-05	5.856152e-03	-3.387621e+00
3.134000e-05	3.881717e-03	-3.218152e+00
3.135000e-05	4.098608e-03	-2.980181e+00
3.136000e-05	2.620790e-03	-2.860755e+00
3.137000e-05	2.135867e-03	-2.652662e+00
3.138000e-05	6.250679e-04	-2.433810e+00
3.139000e-05	2.238491e-03	-2.295892e+00
3.140000e-05	1.649441e-03	-2.093364e+00
3.141000e-05	1.249785e-03	-1.916344e+00
3.142000e-05	-3.425576e-05	-1.737971e+00
3.143000e-05	-9.823669e-04	-1.589075e+00
3.144000e-05	-8.255166e-04	-1.317001e+00
3.145000e-05	-1.968909e-03	-1.105943e+00
3.146000e-05	-2.744015e-03	-9.169198e-01
3.147000e-05	-2.601627e-03	-7.774763e-01
3.148000e-05	-3.423303e-03	-5.580521e-01
3.149000e-05	-2.340866e-03	-3.685212e-01
3.150000e-05	-2.651822e-03	-2.106277e-01
3.151000e-05	-1.756104e-03	-4.173138e-02
3.152000e-05	1.041899e-03	1.477394e-01
3.153000e-05	-4.087667e-04	3.567686e-01
3.154000e-05	-2.239335e-03	5.042366e-01
3.155000e-05	-9.140399e-04	6.545816e-01
3.156000e-05	-4.487956e-03	8.003987e-01
3.157000e-05	-3.568755e-03	1.049901e+00
3.158000e-05	-2.360887e-03	1.222377e+00
3.159000e-05	5.746674e-03	1.378922e+00
3.160000e-05	4.158703e-02	1.600951e+00
3.161000e-05	5.183436e-02	1.842955e+00
3.162000e-05	-5.825281e-02	2.011476e+00
3.163000e-05	-3.442419e-02	2.229521e+00
3.164000e-05	-5.532452e-02	2.359821e+00
3.165000e-05	-7.085786e-02	2.465235e+00
3.166000e-05	1.246242e-01	2.694558e+00
3.167000e-05	-3.840670e-03	2.842556e+00
3.168000e-05	-1.271239e-01	2.967872e+00
3.169000e-05	1.642993e-01	3.127714e+00
3.170000e-05	-9.843109e-02	3.365366e+00
3.171000e-05	-4.949826e-02	3.538794e+00
3.172000e-05	1.088483e-01	3.653081e+00
3.173000e-05	-9.220214e-02	3.883004e+00
3.174000e-05	-8.547377e-03	4.000950e+00
3.175000e-05	6.085557e-02	4.222500e+00
3.176000e-05	-6.915251e-02	4.400395e+00
3.177000e-05	1.924081e-02	4.546369e+00
3.178000e-05	-2.144749e-02	4.737837e+00
3.179000e-05	-2.420274e-02	4.925214e+00
3.180000e-05	6.565378e-03	5.177837e+00
3.181000e-05	-2.590929e-02	5.366839e+00
3.182000e-05	1.139822e-02	5.503711e+00
3.183000e-05	-8.803486e-03	5.603101e+00
3.184000e-05	-4.060529e-03	5.871550e+00
3.185000e-05	-3.440488e-02	5.990999e+00
3.186000e-05	-2.637055e-02	6.145839e+00
3.187000e-05	2.848920e-02	6.284205e+00
3.188000e-05	-3.710848e-02	6.392527e+00
3.189000e-05	-5.809386e-03	6.557370e+00
3.190000e-05	-1.615913e-02	6.706265e+00
3.191000e-05	-1.921394e-02	6.842210e+00
3.192000e-05	-7.117218e-03	7.018995e+00
3.193000e-05	-2.562853e-02	7.094864e+00
3.194000e-05	-1.253880e-03	7.262098e+00
3.195000e-05	-1.546969e-02	7.345891e+00
3.196000e-05	-2.017507e-02	7.557813e+00
3.197000e-05	-2.212704e-02	7.673783e+00
3.198000e-05	-1.084049e-02	7.788051e+00
3.199000e-05	-1.159332e-02	7.915289e+00
3.200000e-05	-2.701591e-02	8.051155e+00
3.201000e-05	-1.726540e-02	8.159968e+00
3.202000e-05	-1.024008e-02	8.295210e+00
3.203000e-05	-2.177812e-02	8.369926e+00
3.204000e-05	-2.313481e-02	8.473208e+00
3.205000e-05	-1.952459e-02	8.558393e+00
3.206000e-05	-1.736159e-02	8.651663e+00
3.207000e-05	-2.394237e-02	8.727793e+00
3.208000e-05	-2.418330e-02	8.821546e+00
3.209000e-05	-1.794230e-02	8.924887e+00
3.210000e-05	-2.584679e-02	9.009125e+00
3.211000e-05	-2.349561e-02	9.125860e+00
3.212000e-05	-2.258320e-02	9.200572e+00
3.213000e-05	-1.989027e-02	9.273182e+00
3.214000e-05	-2.797477e-02	9.357916e+00
3.215000e-05	-2.779028e-02	9.401127e+00
3.216000e-05	-2.255211e-02	9.474232e+00
3.217000e-05	-2.658170e-02	9.525839e+00
3.218000e-05	-2.966822e-02	9.549501e+00
3.219000e-05	-2.884438e-02	9.621130e+00
3.220000e-05	-2.502106e-02	9.692288e+00
3.221000e-05	-3.010628e-02	9.746945e+00
3.222000e-05	-2.896195e-02	9.779026e+00
3.223000e-05	-3.037038e-02	9.864257e+00
3.224000e-05	-3.192598e-02	9.885310e+00
3.225000e-05	-3.218990e-02	9.885317e+00
3.226000e-05	-3.048476e-02	9.937947e+00
3.227000e-05	-3.006018e-02	9.959625e+00
3.228000e-05	-3.587013e-02	9.980605e+00
3.229000e-05	-3.520934e-02	1.001160e+01
3.230000e-05	-3.236959e-02	1.006268e+01
3.231000e-05	-3.357707e-02	1.005068e+01
3.232000e-05	-3.512817e-02	1.007315e+01
3.233000e-05	-3.573806e-02	1.005416e+01
3.234000e-05	-3.661729e-02	1.006323e+01
3.235000e-05	-3.961332e-02	1.009420e+01
3.236000e-05	-3.796790e-02	1.005524e+01
3.237000e-05	-3.948853e-02	1.008218e+01
3.238000e-05	-3.843916e-02	1.005118e+01
3.239000e-05	-4.185319e-02	1.003261e+01
3.240000e-05	-4.133526e-02	1.002218e+01
3.241000e-05	-4.253749e-02	1.000162e+01
3.242000e-05	-4.343117e-02	1.000005e+01
3.243000e-05	-4.383883e-02	9.929024e+00
3.244000e-05	-4.603478e-02	9.915443e+00
3.245000e-05	-4.802463e-02	9.895413e+00
3.246000e-05	-4.917141e-02	9.871651e+00
3.247000e-05	-4.817682e-02	9.760101e+00
3.248000e-05	-5.064128e-02	9.694495e+00
3.249000e-05	-5.377331e-02	9.610658e+00
3.250000e-05	-5.557657e-02	9.568574e+00
3.251000e-05	-5.536025e-02	9.516945e+00
3.252000e-05	-5.616861e-02	9.473887e+00
3.253000e-05	-5.850042e-02	9.450156e+00
3.254000e-05	-5.833491e-02	9.326992e+00
3.255000e-05	-5.745863e-02	9.284762e+00
3.256000e-05	-5.797365e-02	9.212105e+00
3.257000e-05	-5.952677e-02	9.148969e+00
3.258000e-05	-5.701718e-02	9.043711e+00
3.259000e-05	-5.555542e-02	8.968540e+00
3.260000e-05	-5.593314e-02	8.863330e+00
3.261000e-05	-5.486285e-02	8.768073e+00
3.262000e-05	-5.125101e-02	8.674765e+00
3.263000e-05	-5.128107e-02	8.579573e+00
3.264000e-05	-4.852955e-02	8.534867e+00
3.265000e-05	-4.933176e-02	8.411678e+00
3.266000e-05	-4.451828e-02	8.337918e+00
3.267000e-05	-4.453080e-02	8.189701e+00
3.268000e-05	-4.127444e-02	8.153838e+00
3.269000e-05	-4.150416e-02	7.979223e+00
3.270000e-05	-3.797823e-02	7.863810e+00
3.271000e-05	-3.825552e-02	7.736921e+00
3.272000e-05	-3.530183e-02	7.621681e+00
3.273000e-05	-3.583289e-02	7.464443e+00
3.274000e-05	-3.320681e-02	7.355593e+00
3.275000e-05	-3.225373e-02	7.188677e+00
3.276000e-05	-2.971693e-02	7.062235e+00
3.277000e-05	-3.027366e-02	6.947995e+00
3.278000e-05	-2.811126e-02	6.840105e+00
3.279000e-05	-2.626757e-02	6.663817e+00
3.280000e-05	-2.550968e-02	6.477459e+00
3.281000e-05	-2.492894e-02	6.356973e+00
3.282000e-05	-2.438498e-02	6.188679e+00
3.283000e-05	-2.266691e-02	6.094784e+00
3.284000e-05	-2.216878e-02	5.958446e+00
3.285000e-05	-2.150931e-02	5.788947e+00
3.286000e-05	-2.114641e-02	5.609648e+00
3.287000e-05	-2.103033e-02	5.442731e+00
3.288000e-05	-1.841007e-02	5.314339e+00
3.289000e-05	-1.801907e-02	5.094216e+00
3.290000e-05	-1.773412e-02	4.886834e+00
3.291000e-05	-1.797242e-02	4.726892e+00
3.292000e-05	-1.625084e-02	4.546996e+00
3.293000e-05	-1.522972e-02	4.432175e+00
3.294000e-05	-1.540151e-02	4.191281e+00
3.295000e-05	-1.431571e-02	4.051705e+00
3.296000e-05	-1.346472e-02	3.883762e+00
3.297000e-05	-1.308206e-02	3.726416e+00
3.298000e-05	-1.379347e-02	3.570102e+00
3.299000e-05	-1.199464e-02	3.328624e+00
3.300000e-05	-1.079838e-02	3.209075e+00
3.301000e-05	-1.087368e-02	3.061680e+00
3.302000e-05	-1.093798e-02	2.872783e+00
3.303000e-05	-1.053420e-02	2.716864e+00
3.304000e-05	-9.599500e-03	2.473317e+00
3.305000e-05	-1.132133e-02	2.284816e+00
3.306000e-05	-9.244131e-03	2.106343e+00
3.307000e-05	-7.890015e-03	1.969495e+00
3.308000e-05	-7.333417e-03	1.699545e+00
3.309000e-05	-7.754822e-03	1.540545e+00
3.310000e-05	-7.307491e-03	1.367475e+00
3.311000e-05	-5.970297e-03	1.178625e+00
3.312000e-05	-7.003693e-03	8.874673e-01
3.313000e-05	-5.732345e-03	7.273986e-01
3.314000e-05	-5.856589e-03	5.795773e-01
3.315000e-05	-4.186897e-03	4.110549e-01
3.316000e-05	-4.723263e-03	2.200353e-01
3.317000e-05	-3.203908e-03	1.957762e-02
3.318000e-05	2.719221e-03	-1.467434e-01
3.319000e-05	-3.628273e-04	-3.447105e-01
3.320000e-05	-5.257085e-04	-4.836053e-01
3.321000e-05	1.870894e-05	-6.830839e-01
3.322000e-05	9.879913e-05	-8.216052e-01
3.323000e-05	-3.791144e-04	-1.008397e+00
3.324000e-05	2.253579e-03	-1.198367e+00
3.325000e-05	2.694690e-02	-1.376894e+00
3.326000e-05	9.139793e-02	-1.557742e+00
3.327000e-05	-6.031165e-02	-1.859429e+00
3.328000e-05	-1.361303e-02	-2.041661e+00
3.329000e-05	-7.041797e-02	-2.327186e+00
3.330000e-05	-5.613566e-02	-2.388899e+00
3.331000e-05	1.712985e-01	-2.431103e+00
3.332000e-05	-7.761838e-02	-2.609450e+00
3.333000e-05	-5.857168e-02	-2.791902e+00
3.334000e-05	1.836296e-01	-2.875694e+00
3.335000e-05	-1.694184e-01	-3.167816e+00
3.336000e-05	5.998268e-03	-3.378347e+00
3.337000e-05	1.407268e-01	-3.494788e+00
3.338000e-05	-1.546190e-01	-3.673079e+00
3.339000e-05	9.968913e-02	-3.915189e+00
3.340000e-05	4.304768e-02	-4.032009e+00
3.341000e-05	-1.153011e-01	-4.241103e+00
3.342000e-05	1.359497e-01	-4.378971e+00
3.343000e-05	-1.028049e-01	-4.609393e+00
3.344000e-05	3.467686e-02	-4.767869e+00
3.345000e-05	7.441941e-02	-4.914208e+00
3.346000e-05	-1.080193e-01	-5.062158e+00
3.347000e-05	1.115293e-01	-5.204129e+00
3.348000e-05	-3.001735e-02	-5.492081e+00
3.349000e-05	2.783987e-02	-5.632052e+00
3.350000e-05	7.482801e-03	-5.747923e+00
3.351000e-05	-5.968433e-02	-5.976742e+00
3.352000e-05	1.116300e-01	-6.031549e+00
3.353000e-05	-6.617549e-02	-6.260026e+00
3.354000e-05	4.280134e-02	-6.390399e+00
3.355000e-05	3.608188e-02	-6.547315e+00
3.356000e-05	-4.254928e-02	-6.683609e+00
3.357000e-05	5.597496e-02	-6.769492e+00
3.358000e-05	-4.934311e-02	-6.974871e+00
3.359000e-05	8.164270e-02	-7.074334e+00
3.360000e-05	-1.446915e-03	-7.241076e+00
3.361000e-05	-2.159753e-02	-7.388920e+00
3.362000e-05	3.691050e-02	-7.442684e+00
3.363000e-05	-2.383573e-03	-7.609425e+00
3.364000e-05	4.568584e-02	-7.766440e+00
3.365000e-05	-2.558092e-02	-7.843208e+00
3.366000e-05	3.875532e-02	-8.030601e+00
3.367000e-05	1.782315e-02	-8.135769e+00
3.368000e-05	-1.801550e-03	-8.252654e+00
3.369000e-05	2.470626e-02	-8.335816e+00
3.370000e-05	1.506997e-02	-8.390550e+00
3.371000e-05	2.918987e-02	-8.515284e+00
3.372000e-05	-9.281270e-03	-8.691629e+00
3.373000e-05	2.747759e-02	-8.744997e+00
3.374000e-05	2.698091e-02	-8.852153e+00
3.375000e-05	1.501595e-02	-8.936368e+00
3.376000e-05	1.297618e-02	-8.980526e+00
3.377000e-05	1.924051e-02	-9.073240e+00
3.378000e-05	2.980214e-02	-9.157896e+00
3.379000e-05	9.951578e-03	-9.211052e+00
3.380000e-05	2.329678e-02	-9.311710e+00
3.381000e-05	2.435909e-02	-9.339491e+00
3.382000e-05	2.099051e-02	-9.463182e+00
3.383000e-05	1.597539e-02	-9.527338e+00
3.384000e-05	2.655768e-02	-9.568997e+00
3.385000e-05	2.893127e-02	-9.612104e+00
3.386000e-05	1.896663e-02	-9.662284e+00
3.387000e-05	2.201237e-02	-9.674837e+00
3.388000e-05	2.500579e-02	-9.765971e+00
3.389000e-05	2.694718e-02	-9.799050e+00
3.390000e-05	2.309403e-02	-9.829679e+00
3.391000e-05	2.897897e-02	-9.872680e+00
3.392000e-05	2.763210e-02	-9.893258e+00
3.393000e-05	2.400886e-02	-9.935764e+00
3.394000e-05	2.426456e-02	-9.916314e+00
3.395000e-05	3.133379e-02	-9.935442e+00
3.396000e-05	2.939366e-02	-9.947419e+00
3.397000e-05	2.780882e-02	-9.957973e+00
3.398000e-05	3.091035e-02	-9.967967e+00
3.399000e-05	3.281399e-02	-9.986948e+00
3.400000e-05	3.065470e-02	-9.959418e+00
3.401000e-05	2.895826e-02	-9.957973e+00
3.402000e-05	3.323224e-02	-9.968943e+00
3.403000e-05	3.415086e-02	-9.988072e+00
3.404000e-05	3.431653e-02	-9.938921e+00
3.405000e-05	3.571774e-02	-9.957442e+00
3.406000e-05	3.618753e-02	-9.935442e+00
3.407000e-05	3.581134e-02	-9.894892e+00
3.408000e-05	3.666507e-02	-9.854284e+00
3.409000e-05	4.007969e-02	-9.851311e+00
3.410000e-05	4.211446e-02	-9.831203e+00
3.411000e-05	4.068743e-02	-9.819601e+00
3.412000e-05	4.256120e-02	-9.787443e+00
3.413000e-05	4.447412e-02	-9.726417e+00
3.414000e-05	4.587431e-02	-9.673763e+00
3.415000e-05	4.561294e-02	-9.642053e+00
3.416000e-05	4.911813e-02	-9.598046e+00
3.417000e-05	4.968301e-02	-9.524412e+00
3.418000e-05	5.127986e-02	-9.420305e+00
3.419000e-05	5.214711e-02	-9.355594e+00
3.420000e-05	5.177374e-02	-9.241682e+00
3.421000e-05	5.156071e-02	-9.208123e+00
3.422000e-05	5.149604e-02	-9.127443e+00
3.423000e-05	5.313010e-02	-9.041230e+00
3.424000e-05	5.125994e-02	-8.967991e+00
3.425000e-05	5.007010e-02	-8.912837e+00
3.426000e-05	4.866561e-02	-8.841130e+00
3.427000e-05	4.729779e-02	-8.727020e+00
3.428000e-05	4.458094e-02	-8.611259e+00
3.429000e-05	4.298356e-02	-8.515436e+00
3.430000e-05	4.344445e-02	-8.409054e+00
3.431000e-05	4.065706e-02	-8.324917e+00
3.432000e-05	3.872555e-02	-8.221109e+00
3.433000e-05	3.713064e-02	-8.115819e+00
3.434000e-05	3.562578e-02	-8.003203e+00
3.435000e-05	3.294292e-02	-7.906441e+00
3.436000e-05	3.179119e-02	-7.770077e+00
3.437000e-05	3.113612e-02	-7.601131e+00
3.438000e-05	2.757630e-02	-7.504888e+00
3.439000e-05	2.655236e-02	-7.358044e+00
3.440000e-05	2.530266e-02	-7.263158e+00
3.441000e-05	2.581590e-02	-7.124416e+00
3.442000e-05	2.262367e-02	-6.959501e+00
3.443000e-05	2.165401e-02	-6.828154e+00
3.444000e-05	2.029429e-02	-6.643912e+00
3.445000e-05	2.102098e-02	-6.538370e+00
3.446000e-05	1.853710e-02	-6.421228e+00
3.447000e-05	1.749072e-02	-6.274882e+00
3.448000e-05	1.698779e-02	-6.086365e+00
3.449000e-05	1.646108e-02	-5.957973e+00
3.450000e-05	1.384934e-02	-5.831205e+00
3.451000e-05	1.305966e-02	-5.642811e+00
3.452000e-05	1.176636e-02	-5.536394e+00
3.453000e-05	1.193618e-02	-5.285892e+00
3.454000e-05	1.101157e-02	-5.115466e+00
3.455000e-05	1.226820e-02	-4.997070e+00
3.456000e-05	9.095497e-03	-4.738851e+00
3.457000e-05	9.562634e-03	-4.598051e+00
3.458000e-05	6.681022e-03	-4.451709e+00
3.459000e-05	8.452349e-03	-4.273866e+00
3.460000e-05	4.947201e-03	-4.167419e+00
3.461000e-05	8.334612e-03	-4.027655e+00
3.462000e-05	6.089730e-03	-3.811705e+00
3.463000e-05	5.803519e-03	-3.630679e+00
3.464000e-05	3.215672e-03	-3.474187e+00
3.465000e-05	4.246750e-03	-3.314315e+00
3.466000e-05	3.906785e-03	-3.126446e+00
3.467000e-05	2.610492e-03	-2.896916e+00
3.468000e-05	2.709114e-03	-2.788450e+00
3.469000e-05	2.420424e-03	-2.588552e+00
3.470000e-05	1.020081e-03	-2.370649e+00
3.471000e-05	9.449667e-04	-2.200629e+00
3.472000e-05	1.617719e-03	-2.010678e+00
3.473000e-05	4.236747e-05	-1.854230e+00
3.474000e-05	2.362541e-04	-1.645236e+00
3.475000e-05	-6.145242e-04	-1.475788e+00
3.476000e-05	1.319307e-04	-1.282305e+00
3.477000e-05	-2.695120e-03	-1.050736e+00
3.478000e-05	-2.190091e-03	-8.532817e-01
3.479000e-05	-4.447900e-03	-6.853619e-01
3.480000e-05	-3.350426e-03	-4.537854e-01
3.481000e-05	-2.951693e-03	-2.647906e-01
3.482000e-05	-2.649123e-03	-1.059435e-01
3.483000e-05	-5.290817e-04	4.200021e-02
3.484000e-05	2.486116e-03	3.050264e-01
3.485000e-05	-3.691427e-03	4.210013e-01
3.486000e-05	4.597926e-04	5.783722e-01
3.487000e-05	-3.604546e-03	7.362896e-01
3.488000e-05	-1.916686e-03	8.831344e-01
3.489000e-05	-4.989045e-03	1.165609e+00
3.490000e-05	1.664421e-03	1.324685e+00
3.491000e-05	1.240506e-02	1.511659e+00
3.492000e-05	6.670721e-02	1.724589e+00
3.493000e-05	-2.338991e-03	1.936263e+00
3.494000e-05	-5.306226e-02	2.114164e+00
3.495000e-05	-3.620631e-02	2.323684e+00
3.496000e-05	-7.260060e-02	2.402003e+00
3.497000e-05	-1.194355e-02	2.547465e+00
3.498000e-05	1.535073e-01	2.747213e+00
3.499000e-05	-1.455445e-01	2.924263e+00
3.500000e-05	3.854490e-02	3.021081e+00
3.501000e-05	7.443776e-02	3.200969e+00
3.502000e-05	-1.361586e-01	3.473528e+00
3.503000e-05	5.071155e-02	3.578970e+00
3.504000e-05	5.253068e-02	3.745768e+00
3.505000e-05	-1.179637e-01	3.939740e+00
3.506000e-05	7.977752e-02	4.064263e+00
3.507000e-05	-2.361248e-02	4.305187e+00
3.508000e-05	-3.909739e-02	4.462130e+00
3.509000e-05	2.564858e-02	4.673000e+00
3.510000e-05	-5.140142e-02	4.810050e+00
3.511000e-05	1.027602e-02	5.008547e+00
3.512000e-05	-1.820883e-02	5.242003e+00
3.513000e-05	-3.890568e-03	5.401174e+00
3.514000e-05	8.004543e-06	5.598344e+00
3.515000e-05	-2.529411e-03	5.756788e+00
3.516000e-05	-1.364904e-02	5.954163e+00
3.517000e-05	-4.169000e-02	6.102658e+00
3.518000e-05	4.062748e-03	6.189396e+00
3.519000e-05	4.413720e-03	6.316813e+00
3.520000e-05	-3.471810e-02	6.461584e+00
3.521000e-05	4.250405e-03	6.630577e+00
3.522000e-05	-2.796674e-02	6.790000e+00
3.523000e-05	-1.318510e-02	6.916843e+00
3.524000e-05	-1.143376e-02	7.050635e+00
3.525000e-05	-1.995018e-02	7.167370e+00
3.526000e-05	4.281089e-03	7.303605e+00
3.527000e-05	-2.916070e-02	7.399070e+00
3.528000e-05	-1.500434e-02	7.609531e+00
3.529000e-05	-2.438753e-02	7.735313e+00
3.530000e-05	-4.909870e-03	7.850186e+00
3.531000e-05	-1.894059e-02	8.009488e+00
3.532000e-05	-2.508238e-02	8.095360e+00
3.533000e-05	-8.348695e-03	8.260608e+00
3.534000e-05	-2.075091e-02	8.345795e+00
3.535000e-05	-2.034968e-02	8.431049e+00
3.536000e-05	-2.516115e-02	8.484212e+00
3.537000e-05	-1.377620e-02	8.590474e+00
3.538000e-05	-2.301975e-02	8.695235e+00
3.539000e-05	-2.432070e-02	8.808843e+00
3.540000e-05	-2.081011e-02	8.822153e+00
3.541000e-05	-2.000822e-02	8.987366e+00
3.542000e-05	-2.510858e-02	9.084256e+00
3.543000e-05	-2.481467e-02	9.137394e+00
3.544000e-05	-1.948232e-02	9.222105e+00
3.545000e-05	-2.581919e-02	9.314312e+00
3.546000e-05	-2.765155e-02	9.378944e+00
3.547000e-05	-2.460447e-02	9.461106e+00
3.548000e-05	-2.218554e-02	9.496241e+00
3.549000e-05	-2.970167e-02	9.538991e+00
3.550000e-05	-2.895473e-02	9.620547e+00
3.551000e-05	-2.550281e-02	9.672202e+00
3.552000e-05	-2.763081e-02	9.704834e+00
3.553000e-05	-2.840302e-02	9.747071e+00
3.554000e-05	-3.029372e-02	9.842177e+00
3.555000e-05	-3.022653e-02	9.872806e+00
3.556000e-05	-3.287868e-02	9.896244e+00
3.557000e-05	-3.025748e-02	9.947947e+00
3.558000e-05	-2.877094e-02	9.969472e+00
3.559000e-05	-3.147018e-02	1.002055e+01
3.560000e-05	-3.712663e-02	1.003068e+01
3.561000e-05	-3.514924e-02	1.004163e+01
3.562000e-05	-3.153640e-02	1.003158e+01
3.563000e-05	-3.494232e-02	1.003165e+01
3.564000e-05	-3.574819e-02	1.007270e+01
3.565000e-05	-3.803092e-02	1.006223e+01
3.566000e-05	-3.641804e-02	1.005323e+01
3.567000e-05	-4.032626e-02	1.005223e+01
3.568000e-05	-3.872039e-02	1.006224e+01
3.569000e-05	-3.904036e-02	1.004373e+01
3.570000e-05	-4.002117e-02	1.006213e+01
3.571000e-05	-4.162406e-02	1.003168e+01
3.572000e-05	-4.238953e-02	1.002065e+01
3.573000e-05	-4.243027e-02	9.990527e+00
3.574000e-05	-4.412041e-02	9.998074e+00
3.575000e-05	-4.427438e-02	9.926969e+00
3.576000e-05	-4.700263e-02	9.924944e+00
3.577000e-05	-4.736457e-02	9.853859e+00
3.578000e-05	-4.874613e-02	9.821070e+00
3.579000e-05	-4.925596e-02	9.756445e+00
3.580000e-05	-5.223943e-02	9.671815e+00
3.581000e-05	-5.416059e-02	9.631151e+00
3.582000e-05	-5.518287e-02	9.588517e+00
3.583000e-05	-5.618457e-02	9.506392e+00
3.584000e-05	-5.679155e-02	9.422185e+00
3.585000e-05	-5.830037e-02	9.409549e+00
3.586000e-05	-5.870356e-02	9.335967e+00
3.587000e-05	-6.068641e-02	9.262256e+00
3.588000e-05	-5.774766e-02	9.220548e+00
3.589000e-05	-5.866083e-02	9.116419e+00
3.590000e-05	-5.608247e-02	8.981278e+00
3.591000e-05	-5.672052e-02	8.885338e+00
3.592000e-05	-5.460479e-02	8.820599e+00
3.593000e-05	-5.411367e-02	8.726492e+00
3.594000e-05	-5.054651e-02	8.674207e+00
3.595000e-05	-5.105929e-02	8.567497e+00
3.596000e-05	-4.759687e-02	8.493234e+00
3.597000e-05	-4.703125e-02	8.409076e+00
3.598000e-05	-4.420016e-02	8.292796e+00
3.599000e-05	-4.276242e-02	8.168498e+00
3.600000e-05	-4.018463e-02	8.063730e+00
3.601000e-05	-4.125639e-02	7.917917e+00
3.602000e-05	-3.890993e-02	7.801227e+00
3.603000e-05	-3.759185e-02	7.706340e+00
3.604000e-05	-3.426794e-02	7.598572e+00
3.605000e-05	-3.527301e-02	7.412235e+00
3.606000e-05	-3.111687e-02	7.262831e+00
3.607000e-05	-3.053789e-02	7.116941e+00
3.608000e-05	-2.967980e-02	7.010179e+00
3.609000e-05	-2.942111e-02	6.883759e+00
3.610000e-05	-2.770670e-02	6.748971e+00
3.611000e-05	-2.445033e-02	6.571127e+00
3.612000e-05	-2.547409e-02	6.410603e+00
3.613000e-05	-2.405074e-02	6.304766e+00
3.614000e-05	-2.445048e-02	6.117047e+00
3.615000e-05	-2.266246e-02	6.040154e+00
3.616000e-05	-2.116134e-02	5.885813e+00
3.617000e-05	-2.084880e-02	5.675363e+00
3.618000e-05	-1.978107e-02	5.516971e+00
3.619000e-05	-1.979203e-02	5.367549e+00
3.620000e-05	-1.913865e-02	5.190650e+00
3.621000e-05	-1.783781e-02	5.029572e+00
3.622000e-05	-1.723842e-02	4.809677e+00
3.623000e-05	-1.728627e-02	4.641230e+00
3.624000e-05	-1.538632e-02	4.484314e+00
3.625000e-05	-1.345024e-02	4.357998e+00
3.626000e-05	-1.388172e-02	4.130018e+00
3.627000e-05	-1.460054e-02	3.997471e+00
3.628000e-05	-1.378595e-02	3.812129e+00
3.629000e-05	-1.308138e-02	3.643232e+00
3.630000e-05	-1.204187e-02	3.484365e+00
3.631000e-05	-1.166403e-02	3.293358e+00
3.632000e-05	-1.075797e-02	3.105843e+00
3.633000e-05	-1.107492e-02	2.928446e+00
3.634000e-05	-1.126715e-02	2.790705e+00
3.635000e-05	-9.930351e-03	2.592177e+00
3.636000e-05	-9.259750e-03	2.390173e+00
3.637000e-05	-9.279661e-03	2.231128e+00
3.638000e-05	-9.186054e-03	2.022734e+00
3.639000e-05	-8.137578e-03	1.885284e+00
3.640000e-05	-7.609997e-03	1.652717e+00
3.641000e-05	-7.978976e-03	1.495310e+00
3.642000e-05	-7.322551e-03	1.326314e+00
3.643000e-05	-6.705944e-03	1.093789e+00
3.644000e-05	-5.631189e-03	8.647340e-01
3.645000e-05	-5.909768e-03	6.748106e-01
3.646000e-05	-4.241148e-03	4.852407e-01
3.647000e-05	-4.796125e-03	3.578186e-01
3.648000e-05	-6.622873e-03	1.069182e-01
3.649000e-05	-4.037408e-04	-4.298282e-02
3.650000e-05	3.748617e-03	-2.110288e-01
3.651000e-05	-8.652512e-04	-3.998474e-01
3.652000e-05	1.030098e-03	-5.383121e-01
3.653000e-05	-2.257643e-03	-7.698660e-01
3.654000e-05	4.943493e-04	-9.461382e-01
3.655000e-05	-1.947311e-03	-1.072605e+00
3.656000e-05	8.557019e-03	-1.230505e+00
3.657000e-05	6.476127e-02	-1.431100e+00
3.658000e-05	3.552427e-02	-1.633533e+00
3.659000e-05	-6.500837e-02	-1.915713e+00
3.660000e-05	-1.409751e-02	-2.168442e+00
3.661000e-05	-9.945267e-02	-2.408872e+00
3.662000e-05	5.685035e-02	-2.381050e+00
3.663000e-05	1.243227e-01	-2.463785e+00
3.664000e-05	-1.766434e-01	-2.736740e+00
3.665000e-05	1.261577e-01	-2.872254e+00
3.666000e-05	4.213164e-02	-3.028977e+00
3.667000e-05	-1.771041e-01	-3.283579e+00
3.668000e-05	1.472582e-01	-3.401099e+00
3.669000e-05	6.394850e-03	-3.558893e+00
3.670000e-05	-1.140177e-01	-3.799945e+00
3.671000e-05	1.778100e-01	-3.955942e+00
3.672000e-05	-1.173573e-01	-4.176791e+00
3.673000e-05	2.687217e-02	-4.346263e+00
3.674000e-05	6.269111e-02	-4.421550e+00
3.675000e-05	-1.146540e-01	-4.672608e+00
3.676000e-05	1.283989e-01	-4.798922e+00
3.677000e-05	-5.086527e-02	-4.978368e+00
3.678000e-05	-1.671441e-02	-5.177843e+00
3.679000e-05	8.872590e-02	-5.304796e+00
3.680000e-05	-5.601927e-02	-5.547892e+00
3.681000e-05	7.326312e-02	-5.693235e+00
3.682000e-05	-7.088211e-02	-5.822555e+00
3.683000e-05	3.678917e-02	-5.968924e+00
3.684000e-05	5.677937e-02	-6.112784e+00
3.685000e-05	-7.270268e-02	-6.326188e+00
3.686000e-05	1.019770e-01	-6.462180e+00
3.687000e-05	-4.409490e-02	-6.600423e+00
3.688000e-05	2.282668e-02	-6.706316e+00
3.689000e-05	6.356335e-03	-6.802056e+00
3.690000e-05	-1.095776e-02	-7.020975e+00
3.691000e-05	9.069941e-02	-7.178894e+00
3.692000e-05	-5.473867e-02	-7.294213e+00
3.693000e-05	2.900970e-02	-7.409501e+00
3.694000e-05	4.269319e-03	-7.526186e+00
3.695000e-05	2.723154e-02	-7.673184e+00
3.696000e-05	1.815485e-02	-7.780101e+00
3.697000e-05	-1.613713e-02	-7.947393e+00
3.698000e-05	5.612768e-02	-8.053106e+00
3.699000e-05	-1.151339e-02	-8.177468e+00
3.700000e-05	2.246020e-02	-8.293710e+00
3.701000e-05	1.070371e-02	-8.356921e+00
3.702000e-05	2.970748e-02	-8.422209e+00
3.703000e-05	8.224050e-03	-8.585046e+00
3.704000e-05	1.051926e-03	-8.725214e+00
3.705000e-05	3.546299e-02	-8.779576e+00
3.706000e-05	1.726894e-02	-8.893784e+00
3.707000e-05	1.772945e-02	-8.977991e+00
3.708000e-05	9.851243e-03	-9.042080e+00
3.709000e-05	2.933796e-02	-9.117340e+00
3.710000e-05	1.783137e-02	-9.158522e+00
3.711000e-05	1.583708e-02	-9.233630e+00
3.712000e-05	2.562915e-02	-9.294447e+00
3.713000e-05	2.384184e-02	-9.370551e+00
3.714000e-05	1.699350e-02	-9.475859e+00
3.715000e-05	1.868341e-02	-9.527395e+00
3.716000e-05	3.128237e-02	-9.582523e+00
3.717000e-05	2.306544e-02	-9.632233e+00
3.718000e-05	2.164154e-02	-9.712289e+00
3.719000e-05	2.268023e-02	-9.716840e+00
3.720000e-05	2.646870e-02	-9.799021e+00
3.721000e-05	2.405014e-02	-9.770527e+00
3.722000e-05	2.542527e-02	-9.853656e+00
3.723000e-05	3.009435e-02	-9.842683e+00
3.724000e-05	2.520586e-02	-9.892313e+00
3.725000e-05	2.441339e-02	-9.896913e+00
3.726000e-05	2.876041e-02	-9.925313e+00
3.727000e-05	3.105388e-02	-9.927516e+00
3.728000e-05	2.688702e-02	-9.967946e+00
3.729000e-05	2.958842e-02	-9.978421e+00
3.730000e-05	3.068813e-02	-9.958972e+00
3.731000e-05	3.265736e-02	-9.977050e+00
3.732000e-05	2.925020e-02	-9.968970e+00
3.733000e-05	3.197188e-02	-9.999022e+00
3.734000e-05	3.491805e-02	-9.979423e+00
3.735000e-05	3.376105e-02	-9.946992e+00
3.736000e-05	3.445044e-02	-9.947419e+00
3.737000e-05	3.582726e-02	-9.917914e+00
3.738000e-05	3.650359e-02	-9.905418e+00
3.739000e-05	3.614635e-02	-9.904812e+00
3.740000e-05	3.929584e-02	-9.873761e+00
3.741000e-05	4.014070e-02	-9.842686e+00
3.742000e-05	3.962312e-02	-9.789104e+00
3.743000e-05	4.267945e-02	-9.766517e+00
3.744000e-05	4.432346e-02	-9.745893e+00
3.745000e-05	4.506788e-02	-9.674238e+00
3.746000e-05	4.458940e-02	-9.612207e+00
3.747000e-05	4.765761e-02	-9.638046e+00
3.748000e-05	5.038542e-02	-9.557548e+00
3.749000e-05	4.964450e-02	-9.493310e+00
3.750000e-05	5.261323e-02	-9.379131e+00
3.751000e-05	5.279551e-02	-9.315467e+00
3.752000e-05	5.215038e-02	-9.242156e+00
3.753000e-05	4.979132e-02	-9.148994e+00
3.754000e-05	5.221451e-02	-9.083913e+00
3.755000e-05	5.363151e-02	-8.999176e+00
3.756000e-05	5.054300e-02	-8.924264e+00
3.757000e-05	4.937115e-02	-8.863183e+00
3.758000e-05	4.860323e-02	-8.780021e+00
3.759000e-05	4.734465e-02	-8.724341e+00
3.760000e-05	4.221384e-02	-8.566550e+00
3.761000e-05	4.249718e-02	-8.473286e+00
3.762000e-05	4.228895e-02	-8.388996e+00
3.763000e-05	4.082930e-02	-8.264312e+00
3.764000e-05	3.761458e-02	-8.178572e+00
3.765000e-05	3.571461e-02	-8.053764e+00
3.766000e-05	3.480686e-02	-7.978075e+00
3.767000e-05	3.214082e-02	-7.872284e+00
3.768000e-05	3.061009e-02	-7.727893e+00
3.769000e-05	3.075386e-02	-7.528576e+00
3.770000e-05	2.876869e-02	-7.439731e+00
3.771000e-05	2.700086e-02	-7.335391e+00
3.772000e-05	2.516500e-02	-7.180629e+00
3.773000e-05	2.475926e-02	-7.052339e+00
3.774000e-05	2.162127e-02	-6.866038e+00
3.775000e-05	2.041338e-02	-6.787621e+00
3.776000e-05	2.088565e-02	-6.621233e+00
3.777000e-05	2.040269e-02	-6.474464e+00
3.778000e-05	1.829711e-02	-6.398027e+00
3.779000e-05	1.671932e-02	-6.200778e+00
3.780000e-05	1.530695e-02	-6.010328e+00
3.781000e-05	1.454691e-02	-5.894893e+00
3.782000e-05	1.386441e-02	-5.727496e+00
3.783000e-05	1.272538e-02	-5.629076e+00
3.784000e-05	1.238102e-02	-5.390734e+00
3.785000e-05	1.143805e-02	-5.271203e+00
3.786000e-05	1.113725e-02	-5.084283e+00
3.787000e-05	8.926417e-03	-4.895861e+00
3.788000e-05	8.675207e-03	-4.682813e+00
3.789000e-05	8.074619e-03	-4.516867e+00
3.790000e-05	8.662370e-03	-4.349024e+00
3.791000e-05	6.303405e-03	-4.243229e+00
3.792000e-05	6.914781e-03	-4.123339e+00
3.793000e-05	6.556301e-03	-3.966517e+00
3.794000e-05	4.567805e-03	-3.706465e+00
3.795000e-05	4.662298e-03	-3.545470e+00
3.796000e-05	5.163028e-03	-3.411125e+00
3.797000e-05	4.867172e-03	-3.240731e+00
3.798000e-05	4.179612e-03	-3.071711e+00
3.799000e-05	1.322393e-03	-2.841129e+00
3.800000e-05	3.460110e-03	-2.673814e+00
3.801000e-05	-6.436112e-04	-2.445343e+00
3.802000e-05	2.455340e-03	-2.367895e+00
3.803000e-05	8.657408e-04	-2.087291e+00
3.804000e-05	2.353562e-03	-1.927370e+00
3.805000e-05	-5.647314e-04	-1.729024e+00
3.806000e-05	8.079957e-04	-1.630028e+00
3.807000e-05	-1.089800e-03	-1.319620e+00
3.808000e-05	-7.378611e-04	-1.167944e+00
3.809000e-05	-3.307103e-03	-9.785235e-01
3.810000e-05	-1.521560e-03	-7.685764e-01
3.811000e-05	-3.461869e-03	-5.910555e-01
3.812000e-05	-2.321943e-03	-3.996275e-01
3.813000e-05	-3.479647e-03	-2.127052e-01
3.814000e-05	-2.151598e-03	-3.320921e-02
3.815000e-05	1.767161e-03	1.256918e-01
3.816000e-05	1.195353e-03	3.658182e-01
3.817000e-05	-2.843679e-03	5.041830e-01
3.818000e-05	9.582076e-04	6.320290e-01
3.819000e-05	-3.955499e-03	7.699224e-01
3.820000e-05	-3.696122e-03	1.019424e+00
3.821000e-05	-4.175224e-03	1.231425e+00
3.822000e-05	4.974935e-03	1.357841e+00
3.823000e-05	3.270109e-02	1.638853e+00
3.824000e-05	6.217112e-02	1.801997e+00
3.825000e-05	-5.043862e-02	2.010426e+00
3.826000e-05	-3.672665e-02	2.169868e+00
3.827000e-05	-4.928479e-02	2.367742e+00
3.828000e-05	-7.659158e-02	2.442658e+00
3.829000e-05	9.257733e-02	2.685029e+00
3.830000e-05	4.852591e-02	2.831522e+00
3.831000e-05	-1.615400e-01	2.967891e+00
3.832000e-05	1.605699e-01	3.125734e+00
3.833000e-05	-6.629497e-02	3.295268e+00
3.834000e-05	-7.963334e-02	3.537190e+00
3.835000e-05	1.102963e-01	3.632078e+00
3.836000e-05	-5.843161e-02	3.833500e+00
3.837000e-05	-4.353742e-02	3.987899e+00
3.838000e-05	7.831843e-02	4.206923e+00
3.839000e-05	-6.987626e-02	4.370399e+00
3.840000e-05	7.512343e-03	4.545343e+00
3.841000e-05	-7.162521e-03	4.765241e+00
3.842000e-05	-3.805143e-02	4.885080e+00
3.843000e-05	1.253909e-02	5.155743e+00
3.844000e-05	-2.873969e-02	5.335762e+00
3.845000e-05	1.156600e-02	5.514660e+00
3.846000e-05	-8.631360e-03	5.600500e+00
3.847000e-05	-9.656245e-04	5.798898e+00
3.848000e-05	-2.960850e-02	5.989320e+00
3.849000e-05	-3.522040e-02	6.116664e+00
3.850000e-05	2.707456e-02	6.273604e+00
3.851000e-05	-2.934129e-02	6.399971e+00
3.852000e-05	-1.064653e-02	6.475289e+00
3.853000e-05	-1.105193e-02	6.737259e+00
3.854000e-05	-2.342174e-02	6.873655e+00
3.855000e-05	-8.701909e-03	6.948371e+00
3.856000e-05	-2.211020e-02	7.104687e+00
3.857000e-05	-5.243940e-03	7.199550e+00
3.858000e-05	-1.022830e-02	7.324866e+00
3.859000e-05	-2.357471e-02	7.534659e+00
3.860000e-05	-2.045881e-02	7.641684e+00
3.861000e-05	-1.502959e-02	7.769446e+00
3.862000e-05	-9.845199e-03	7.913285e+00
3.863000e-05	-2.465966e-02	8.023526e+00
3.864000e-05	-2.027529e-02	8.168447e+00
3.865000e-05	-7.989106e-03	8.292712e+00
3.866000e-05	-2.400281e-02	8.369471e+00
3.867000e-05	-2.140129e-02	8.482109e+00
3.868000e-05	-2.204890e-02	8.557416e+00
3.869000e-05	-1.516721e-02	8.642105e+00
3.870000e-05	-2.524481e-02	8.738316e+00
3.871000e-05	-2.477219e-02	8.810026e+00
3.872000e-05	-1.580463e-02	8.884736e+00
3.873000e-05	-2.402629e-02	9.029501e+00
3.874000e-05	-2.400749e-02	9.154859e+00
3.875000e-05	-2.448320e-02	9.209101e+00
3.876000e-05	-1.982181e-02	9.283160e+00
3.877000e-05	-2.802546e-02	9.356917e+00
3.878000e-05	-2.744583e-02	9.400053e+00
3.879000e-05	-2.188768e-02	9.473234e+00
3.880000e-05	-2.511448e-02	9.555339e+00
3.881000e-05	-2.995467e-02	9.539017e+00
3.882000e-05	-2.902341e-02	9.620529e+00
3.883000e-05	-2.457839e-02	9.703287e+00
3.884000e-05	-2.784044e-02	9.756389e+00
3.885000e-05	-2.941267e-02	9.800575e+00
3.886000e-05	-3.052002e-02	9.881231e+00
3.887000e-05	-3.014609e-02	9.884339e+00
3.888000e-05	-3.112793e-02	9.903892e+00
3.889000e-05	-3.055814e-02	9.937922e+00
3.890000e-05	-2.909309e-02	9.967550e+00
3.891000e-05	-3.407801e-02	9.989575e+00
3.892000e-05	-3.713684e-02	1.005160e+01
3.893000e-05	-3.413172e-02	1.002113e+01
3.894000e-05	-3.321118e-02	1.006218e+01
3.895000e-05	-3.470299e-02	1.007323e+01
3.896000e-05	-3.654203e-02	1.004270e+01
3.897000e-05	-3.702357e-02	1.007366e+01
3.898000e-05	-3.899239e-02	1.008171e+01
3.899000e-05	-3.853369e-02	1.005273e+01
3.900000e-05	-3.896071e-02	1.006278e+01
3.901000e-05	-3.906859e-02	1.003218e+01
3.902000e-05	-4.116151e-02	1.006215e+01
3.903000e-05	-4.116367e-02	1.002066e+01
3.904000e-05	-4.184604e-02	1.004210e+01
3.905000e-05	-4.326158e-02	9.980050e+00
3.906000e-05	-4.509764e-02	9.958021e+00
3.907000e-05	-4.526874e-02	9.934944e+00
3.908000e-05	-4.633553e-02	9.904835e+00
3.909000e-05	-4.868106e-02	9.822227e+00
3.910000e-05	-4.961641e-02	9.820047e+00
3.911000e-05	-5.046260e-02	9.696539e+00
3.912000e-05	-5.288696e-02	9.694208e+00
3.913000e-05	-5.591986e-02	9.599047e+00
3.914000e-05	-5.628166e-02	9.557942e+00
3.915000e-05	-5.611810e-02	9.463359e+00
3.916000e-05	-5.729964e-02	9.451681e+00
3.917000e-05	-5.735626e-02	9.368046e+00
3.918000e-05	-6.018278e-02	9.314817e+00
3.919000e-05	-5.958227e-02	9.251154e+00
3.920000e-05	-5.862158e-02	9.168521e+00
3.921000e-05	-5.683368e-02	9.114410e+00
3.922000e-05	-5.677194e-02	8.978548e+00
3.923000e-05	-5.606319e-02	8.873733e+00
3.924000e-05	-5.346248e-02	8.798572e+00
3.925000e-05	-5.285726e-02	8.715288e+00
3.926000e-05	-5.174317e-02	8.629650e+00
3.927000e-05	-5.055343e-02	8.535891e+00
3.928000e-05	-4.587765e-02	8.460680e+00
3.929000e-05	-4.509034e-02	8.358047e+00
3.930000e-05	-4.449613e-02	8.283183e+00
3.931000e-05	-4.219258e-02	8.136942e+00
3.932000e-05	-4.033620e-02	8.001028e+00
3.933000e-05	-3.902540e-02	7.884865e+00
3.934000e-05	-3.915154e-02	7.777548e+00
3.935000e-05	-3.459128e-02	7.652209e+00
3.936000e-05	-3.406590e-02	7.464941e+00
3.937000e-05	-3.256156e-02	7.357147e+00
3.938000e-05	-3.421538e-02	7.241103e+00
3.939000e-05	-2.961249e-02	7.074289e+00
3.940000e-05	-2.807200e-02	6.967521e+00
3.941000e-05	-2.888710e-02	6.842103e+00
3.942000e-05	-2.756974e-02	6.672416e+00
3.943000e-05	-2.525349e-02	6.517346e+00
3.944000e-05	-2.454063e-02	6.408171e+00
3.945000e-05	-2.485149e-02	6.220704e+00
3.946000e-05	-2.326310e-02	6.073342e+00
3.947000e-05	-2.121500e-02	5.978547e+00
3.948000e-05	-2.114791e-02	5.822126e+00
3.949000e-05	-2.173894e-02	5.620080e+00
3.950000e-05	-2.003180e-02	5.442760e+00
3.951000e-05	-1.908816e-02	5.305343e+00
3.952000e-05	-1.851138e-02	5.095917e+00
3.953000e-05	-1.855239e-02	4.883841e+00
3.954000e-05	-1.782017e-02	4.745942e+00
3.955000e-05	-1.617452e-02	4.599576e+00
3.956000e-05	-1.510378e-02	4.440681e+00
3.957000e-05	-1.426014e-02	4.263708e+00
3.958000e-05	-1.524487e-02	4.033309e+00
3.959000e-05	-1.447636e-02	3.914817e+00
3.960000e-05	-1.348272e-02	3.715920e+00
3.961000e-05	-1.191708e-02	3.620576e+00
3.962000e-05	-1.118234e-02	3.380626e+00
3.963000e-05	-1.218101e-02	3.170103e+00
3.964000e-05	-1.116941e-02	3.042759e+00
3.965000e-05	-9.903373e-03	2.864240e+00
3.966000e-05	-1.161732e-02	2.735445e+00
3.967000e-05	-1.131608e-02	2.525341e+00
3.968000e-05	-8.987907e-03	2.304866e+00
3.969000e-05	-7.270370e-03	2.125445e+00
3.970000e-05	-7.599076e-03	1.969473e+00
3.971000e-05	-9.019624e-03	1.780577e+00
3.972000e-05	-7.761218e-03	1.560550e+00
3.973000e-05	-5.359184e-03	1.429026e+00
3.974000e-05	-6.327952e-03	1.221630e+00
3.975000e-05	-8.090240e-03	9.801223e-01
3.976000e-05	-6.182142e-03	7.475249e-01
3.977000e-05	-5.310746e-03	6.086037e-01
3.978000e-05	-4.218992e-03	4.506315e-01
3.979000e-05	-6.050582e-03	2.411103e-01
3.980000e-05	-4.178447e-03	3.072907e-02
3.981000e-05	2.229390e-03	-1.672907e-01
3.982000e-05	9.886614e-04	-2.847119e-01
3.983000e-05	-1.095347e-03	-4.325789e-01
3.984000e-05	1.055133e-03	-6.629580e-01
3.985000e-05	-1.987349e-03	-8.209289e-01
3.986000e-05	-2.076204e-03	-9.683460e-01
3.987000e-05	1.819529e-03	-1.147291e+00
3.988000e-05	2.199513e-02	-1.336218e+00
3.989000e-05	9.451337e-02	-1.526216e+00
3.990000e-05	-4.398617e-02	-1.789367e+00
3.991000e-05	-2.341297e-02	-2.042526e+00
3.992000e-05	-5.627998e-02	-2.274079e+00
3.993000e-05	-8.047810e-02	-2.420025e+00
3.994000e-05	1.591478e-01	-2.421075e+00
3.995000e-05	-2.193758e-02	-2.590472e+00
3.996000e-05	-1.172995e-01	-2.809372e+00
3.997000e-05	1.929655e-01	-2.905362e+00
3.998000e-05	-1.378530e-01	-3.125713e+00
3.999000e-05	-4.932338e-02	-3.348321e+00
4.000000e-05	1.634970e-01	-3.442733e+00
4.001000e-05	-1.334946e-01	-3.652076e+00
4.002000e-05	4.813103e-02	-3.893104e+00
4.003000e-05	1.005198e-01	-4.021002e+00
4.004000e-05	-1.442544e-01	-4.201552e+00
4.005000e-05	1.316747e-01	-4.356895e+00
4.006000e-05	-7.070511e-02	-4.556314e+00
4.007000e-05	-7.964236e-03	-4.757263e+00
4.008000e-05	1.069639e-01	-4.844234e+00
4.009000e-05	-1.168008e-01	-5.031075e+00
4.010000e-05	9.435911e-02	-5.190529e+00
4.011000e-05	-3.850771e-03	-5.452550e+00
4.012000e-05	2.498847e-03	-5.611176e+00
4.013000e-05	3.293337e-02	-5.746316e+00
4.014000e-05	-7.854499e-02	-5.935288e+00
4.015000e-05	1.090662e-01	-6.032050e+00
4.016000e-05	-4.523137e-02	-6.199973e+00
4.017000e-05	1.074766e-02	-6.368399e+00
4.018000e-05	6.370046e-02	-6.505234e+00
4.019000e-05	-5.534371e-02	-6.712132e+00
4.020000e-05	6.009183e-02	-6.759968e+00
4.021000e-05	-4.597739e-02	-6.922287e+00
4.022000e-05	6.273840e-02	-7.074210e+00
4.023000e-05	2.427731e-02	-7.230100e+00
4.024000e-05	-3.814175e-02	-7.345342e+00
4.025000e-05	4.327530e-02	-7.414103e+00
4.026000e-05	-7.674268e-03	-7.568052e+00
4.027000e-05	4.738476e-02	-7.726398e+00
4.028000e-05	-1.951585e-02	-7.882232e+00
4.029000e-05	2.424556e-02	-8.000004e+00
4.030000e-05	3.091497e-02	-8.115314e+00
4.031000e-05	-8.395938e-03	-8.210524e+00
4.032000e-05	2.895462e-02	-8.324813e+00
4.033000e-05	8.997397e-03	-8.411547e+00
4.034000e-05	3.237554e-02	-8.492733e+00
4.035000e-05	-7.880026e-03	-8.631629e+00
4.036000e-05	2.270435e-02	-8.747894e+00
4.037000e-05	2.977310e-02	-8.810600e+00
4.038000e-05	1.431191e-02	-8.935891e+00
4.039000e-05	1.516019e-02	-9.020622e+00
4.040000e-05	1.497038e-02	-9.103756e+00
4.041000e-05	3.057109e-02	-9.126842e+00
4.042000e-05	1.022339e-02	-9.190051e+00
4.043000e-05	2.253441e-02	-9.262280e+00
4.044000e-05	2.439216e-02	-9.338017e+00
4.045000e-05	2.216268e-02	-9.450676e+00
4.046000e-05	1.467914e-02	-9.546411e+00
4.047000e-05	2.360418e-02	-9.607492e+00
4.048000e-05	2.976419e-02	-9.612052e+00
4.049000e-05	2.036321e-02	-9.683232e+00
4.050000e-05	2.242340e-02	-9.724308e+00
4.051000e-05	2.419213e-02	-9.727370e+00
4.052000e-05	2.682113e-02	-9.778600e+00
4.053000e-05	2.167107e-02	-9.842151e+00
4.054000e-05	2.755337e-02	-9.882225e+00
4.055000e-05	2.872526e-02	-9.912779e+00
4.056000e-05	2.470026e-02	-9.915309e+00
4.057000e-05	2.553587e-02	-9.924815e+00
4.058000e-05	2.946190e-02	-9.946392e+00
4.059000e-05	3.016985e-02	-9.947418e+00
4.060000e-05	2.920773e-02	-9.967971e+00
4.061000e-05	3.058112e-02	-9.948417e+00
4.062000e-05	3.088200e-02	-9.957447e+00
4.063000e-05	3.017604e-02	-9.978496e+00
4.064000e-05	2.934917e-02	-9.997472e+00
4.065000e-05	3.172231e-02	-9.977997e+00
4.066000e-05	3.637807e-02	-9.947520e+00
4.067000e-05	3.549352e-02	-9.947467e+00
4.068000e-05	3.510297e-02	-9.936418e+00
4.069000e-05	3.577676e-02	-9.975867e+00
4.070000e-05	3.603934e-02	-9.886363e+00
4.071000e-05	3.770988e-02	-9.885363e+00
4.072000e-05	3.959008e-02	-9.871710e+00
4.073000e-05	4.101848e-02	-9.820126e+00
4.074000e-05	4.260227e-02	-9.789127e+00
4.075000e-05	4.248580e-02	-9.748967e+00
4.076000e-05	4.362557e-02	-9.694940e+00
4.077000e-05	4.572445e-02	-9.642707e+00
4.078000e-05	4.682845e-02	-9.640630e+00
4.079000e-05	4.894857e-02	-9.608499e+00
4.080000e-05	5.036748e-02	-9.527993e+00
4.081000e-05	5.194907e-02	-9.462257e+00
4.082000e-05	5.263789e-02	-9.396077e+00
4.083000e-05	5.184008e-02	-9.293836e+00
4.084000e-05	5.061616e-02	-9.199551e+00
4.085000e-05	5.163662e-02	-9.146446e+00
4.086000e-05	5.298977e-02	-9.061685e+00
4.087000e-05	5.245615e-02	-8.977524e+00
4.088000e-05	5.032614e-02	-8.873787e+00
4.089000e-05	4.885223e-02	-8.820180e+00
4.090000e-05	4.767140e-02	-8.747967e+00
4.091000e-05	4.499764e-02	-8.671738e+00
4.092000e-05	4.348900e-02	-8.516021e+00
4.093000e-05	4.292740e-02	-8.439155e+00
4.094000e-05	4.009239e-02	-8.326467e+00
4.095000e-05	3.966361e-02	-8.252233e+00
4.096000e-05	3.739342e-02	-8.145893e+00
4.097000e-05	3.487998e-02	-8.051230e+00
4.098000e-05	3.368603e-02	-7.916020e+00
4.099000e-05	3.188059e-02	-7.791104e+00
4.100000e-05	3.124432e-02	-7.671159e+00
4.101000e-05	2.980357e-02	-7.495967e+00
4.102000e-05	2.732507e-02	-7.389624e+00
4.103000e-05	2.652243e-02	-7.233234e+00
4.104000e-05	2.431601e-02	-7.147570e+00
4.105000e-05	2.265860e-02	-6.989152e+00
4.106000e-05	2.170235e-02	-6.809179e+00
4.107000e-05	2.222206e-02	-6.716439e+00
4.108000e-05	2.040175e-02	-6.568648e+00
4.109000e-05	1.815726e-02	-6.432657e+00
4.110000e-05	1.851642e-02	-6.324414e+00
4.111000e-05	1.708412e-02	-6.104013e+00
4.112000e-05	1.513755e-02	-5.948496e+00
4.113000e-05	1.346752e-02	-5.822706e+00
4.114000e-05	1.397848e-02	-5.703857e+00
4.115000e-05	1.279127e-02	-5.547521e+00
4.116000e-05	1.131819e-02	-5.318040e+00
4.117000e-05	1.040451e-02	-5.136969e+00
4.118000e-05	1.087511e-02	-4.990023e+00
4.119000e-05	8.724107e-03	-4.758556e+00
4.120000e-05	9.290414e-03	-4.599623e+00
4.121000e-05	7.066946e-03	-4.454284e+00
4.122000e-05	8.486614e-03	-4.315468e+00
4.123000e-05	5.079363e-03	-4.168077e+00
4.124000e-05	8.106071e-03	-4.012201e+00
4.125000e-05	5.290937e-03	-3.853262e+00
4.126000e-05	5.486249e-03	-3.642735e+00
4.127000e-05	3.499503e-03	-3.483314e+00
4.128000e-05	6.389206e-03	-3.306891e+00
4.129000e-05	3.399700e-03	-3.179044e+00
4.130000e-05	2.344511e-03	-2.927572e+00
4.131000e-05	2.511229e-03	-2.738022e+00
4.132000e-05	2.414627e-03	-2.610604e+00
4.133000e-05	1.367239e-03	-2.421256e+00
4.134000e-05	1.186961e-03	-2.242180e+00
4.135000e-05	1.135394e-03	-2.042731e+00
4.136000e-05	9.391955e-04	-1.864753e+00
4.137000e-05	-2.125621e-04	-1.676811e+00
4.138000e-05	-1.097310e-03	-1.546393e+00
4.139000e-05	7.206906e-04	-1.244283e+00
4.140000e-05	-1.848436e-03	-1.055237e+00
4.141000e-05	-1.719314e-03	-8.852868e-01
4.142000e-05	-3.969757e-03	-6.969683e-01
4.143000e-05	-1.355133e-03	-4.738669e-01
4.144000e-05	-2.462327e-03	-3.158710e-01
4.145000e-05	-4.088078e-03	-1.474712e-01
4.146000e-05	-1.696950e-03	9.446067e-03
4.147000e-05	3.325907e-03	2.414225e-01
4.148000e-05	-1.552667e-03	4.093725e-01
4.149000e-05	-3.052683e-04	5.583196e-01
4.150000e-05	-1.388359e-03	7.257406e-01
4.151000e-05	-3.265178e-03	8.130276e-01
4.152000e-05	-4.925739e-03	1.064084e+00
4.153000e-05	-2.603489e-04	1.274660e+00
4.154000e-05	8.194929e-03	1.452105e+00
4.155000e-05	6.033260e-02	1.702980e+00
4.156000e-05	1.714671e-02	1.936210e+00
4.157000e-05	-5.704303e-02	2.064658e+00
4.158000e-05	-3.443542e-02	2.263631e+00
4.159000e-05	-6.625402e-02	2.400397e+00
4.160000e-05	-3.782386e-02	2.536264e+00
4.161000e-05	1.568207e-01	2.736213e+00
4.162000e-05	-1.089187e-01	2.915184e+00
4.163000e-05	-1.825586e-02	3.021026e+00
4.164000e-05	1.186953e-01	3.207946e+00
4.165000e-05	-1.351045e-01	3.429376e+00
4.166000e-05	1.586401e-02	3.588371e+00
4.167000e-05	8.231287e-02	3.693767e+00
4.168000e-05	-1.202650e-01	3.904664e+00
4.169000e-05	6.029340e-02	4.032131e+00
4.170000e-05	2.386845e-03	4.274105e+00
4.171000e-05	-5.261666e-02	4.453130e+00
4.172000e-05	2.879864e-02	4.630026e+00
4.173000e-05	-4.997946e-02	4.789897e+00
4.174000e-05	2.298855e-03	5.008967e+00
4.175000e-05	-1.051581e-02	5.222022e+00
4.176000e-05	-1.055028e-02	5.379900e+00
4.177000e-05	6.054066e-03	5.567789e+00
4.178000e-05	-3.401448e-03	5.684785e+00
4.179000e-05	-8.466126e-03	5.893680e+00
4.180000e-05	-4.398168e-02	6.001004e+00
4.181000e-05	-8.311389e-03	6.177419e+00
4.182000e-05	1.442553e-02	6.325790e+00
4.183000e-05	-3.767583e-02	6.453126e+00
4.184000e-05	3.727786e-03	6.590017e+00
4.185000e-05	-2.646373e-02	6.806943e+00
4.186000e-05	-1.435896e-02	6.895264e+00
4.187000e-05	-8.857952e-03	7.011574e+00
4.188000e-05	-2.391835e-02	7.135840e+00
4.189000e-05	4.302008e-03	7.211503e+00
4.190000e-05	-2.677110e-02	7.397998e+00
4.191000e-05	-1.550486e-02	7.598518e+00
4.192000e-05	-2.544315e-02	7.735314e+00
4.193000e-05	-6.538502e-03	7.832105e+00
4.194000e-05	-1.796973e-02	7.946893e+00
4.195000e-05	-2.592475e-02	8.095110e+00
4.196000e-05	-8.384146e-03	8.270027e+00
4.197000e-05	-1.576715e-02	8.354288e+00
4.198000e-05	-2.090579e-02	8.420099e+00
4.199000e-05	-2.644255e-02	8.464212e+00
4.200000e-05	-1.497864e-02	8.608945e+00
4.201000e-05	-2.205806e-02	8.683133e+00
4.202000e-05	-2.483278e-02	8.757370e+00
4.203000e-05	-2.181809e-02	8.840582e+00
4.204000e-05	-1.807600e-02	8.955895e+00
4.205000e-05	-2.409597e-02	9.112630e+00
4.206000e-05	-2.564981e-02	9.147971e+00
4.207000e-05	-2.091999e-02	9.221603e+00
4.208000e-05	-2.437744e-02	9.285739e+00
4.209000e-05	-2.809009e-02	9.377494e+00
4.210000e-05	-2.532879e-02	9.412630e+00
4.211000e-05	-2.059104e-02	9.514241e+00
4.212000e-05	-2.804269e-02	9.537917e+00
4.213000e-05	-2.999421e-02	9.598024e+00
4.214000e-05	-2.692494e-02	9.642104e+00
4.215000e-05	-2.615269e-02	9.703834e+00
4.216000e-05	-2.827306e-02	9.766417e+00
4.217000e-05	-3.036076e-02	9.821053e+00
4.218000e-05	-3.015243e-02	9.891307e+00
4.219000e-05	-3.321941e-02	9.915340e+00
4.220000e-05	-3.076306e-02	9.958391e+00
4.221000e-05	-3.003373e-02	9.959016e+00
4.222000e-05	-3.093911e-02	9.969574e+00
4.223000e-05	-3.681110e-02	1.002108e+01
4.224000e-05	-3.491153e-02	1.001213e+01
4.225000e-05	-3.261036e-02	1.006163e+01
4.226000e-05	-3.500893e-02	1.008113e+01
4.227000e-05	-3.600411e-02	1.007423e+01
4.228000e-05	-3.681100e-02	1.006176e+01
4.229000e-05	-3.804896e-02	1.005426e+01
4.230000e-05	-3.955906e-02	1.006221e+01
4.231000e-05	-3.947103e-02	1.009370e+01
4.232000e-05	-3.863014e-02	1.007223e+01
4.233000e-05	-4.010217e-02	1.005265e+01
4.234000e-05	-4.028512e-02	1.004123e+01
4.235000e-05	-4.155040e-02	1.006107e+01
4.236000e-05	-4.257481e-02	9.990101e+00
4.237000e-05	-4.527669e-02	9.970022e+00
4.238000e-05	-4.518030e-02	9.968472e+00
4.239000e-05	-4.654712e-02	9.905964e+00
4.240000e-05	-4.695746e-02	9.874235e+00
4.241000e-05	-4.881360e-02	9.858149e+00
4.242000e-05	-4.974966e-02	9.726025e+00
4.243000e-05	-5.176607e-02	9.713308e+00
4.244000e-05	-5.416622e-02	9.662228e+00
4.245000e-05	-5.496725e-02	9.598570e+00
4.246000e-05	-5.652663e-02	9.496487e+00
4.247000e-05	-5.612844e-02	9.473235e+00
4.248000e-05	-5.852464e-02	9.419626e+00
4.249000e-05	-5.900364e-02	9.306916e+00
4.250000e-05	-5.996571e-02	9.262738e+00
4.251000e-05	-5.799695e-02	9.220126e+00
4.252000e-05	-5.802826e-02	9.127920e+00
4.253000e-05	-5.682180e-02	9.041757e+00
4.254000e-05	-5.714110e-02	8.875916e+00
4.255000e-05	-5.424818e-02	8.830678e+00
4.256000e-05	-5.372472e-02	8.727541e+00
4.257000e-05	-5.022398e-02	8.673213e+00
4.258000e-05	-5.123030e-02	8.568073e+00
4.259000e-05	-4.812154e-02	8.473236e+00
4.260000e-05	-4.749416e-02	8.409574e+00
4.261000e-05	-4.399928e-02	8.304467e+00
4.262000e-05	-4.471465e-02	8.189526e+00
4.263000e-05	-4.031114e-02	8.024859e+00
4.264000e-05	-3.962403e-02	7.957921e+00
4.265000e-05	-3.865629e-02	7.832634e+00
4.266000e-05	-3.699845e-02	7.714839e+00
4.267000e-05	-3.494831e-02	7.590126e+00
4.268000e-05	-3.459168e-02	7.464333e+00
4.269000e-05	-3.312929e-02	7.274789e+00
4.270000e-05	-3.026916e-02	7.166570e+00
4.271000e-05	-2.906926e-02	7.001658e+00
4.272000e-05	-2.805294e-02	6.885790e+00
4.273000e-05	-2.880309e-02	6.798046e+00
4.274000e-05	-2.551514e-02	6.600156e+00
4.275000e-05	-2.514220e-02	6.431733e+00
4.276000e-05	-2.400168e-02	6.335367e+00
4.277000e-05	-2.455770e-02	6.147552e+00
4.278000e-05	-2.242260e-02	6.032178e+00
4.279000e-05	-2.160452e-02	5.894865e+00
4.280000e-05	-2.075618e-02	5.726918e+00
4.281000e-05	-2.080627e-02	5.547916e+00
4.282000e-05	-1.977853e-02	5.380650e+00
4.283000e-05	-1.905577e-02	5.242204e+00
4.284000e-05	-1.807235e-02	4.980278e+00
4.285000e-05	-1.737239e-02	4.831703e+00
4.286000e-05	-1.675046e-02	4.652287e+00
4.287000e-05	-1.658706e-02	4.495888e+00
4.288000e-05	-1.547170e-02	4.379072e+00
4.289000e-05	-1.456357e-02	4.178530e+00
4.290000e-05	-1.395104e-02	4.009974e+00
4.291000e-05	-1.311701e-02	3.854656e+00
4.292000e-05	-1.339448e-02	3.643359e+00
4.293000e-05	-1.250680e-02	3.525393e+00
4.294000e-05	-1.204521e-02	3.314889e+00
4.295000e-05	-1.156987e-02	3.156892e+00
4.296000e-05	-1.102891e-02	2.970125e+00
4.297000e-05	-1.074746e-02	2.820631e+00
4.298000e-05	-1.031829e-02	2.632631e+00
4.299000e-05	-9.660127e-03	2.420179e+00
4.300000e-05	-8.951572e-03	2.221681e+00
4.301000e-05	-8.899467e-03	2.064209e+00
4.302000e-05	-8.357926e-03	1.945341e+00
4.303000e-05	-7.788317e-03	1.704317e+00
4.304000e-05	-7.079433e-03	1.496438e+00
4.305000e-05	-6.862355e-03	1.307791e+00
4.306000e-05	-7.000802e-03	1.104868e+00
4.307000e-05	-6.575525e-03	8.433116e-01
4.308000e-05	-5.996761e-03	6.942896e-01
4.309000e-05	-5.522874e-03	5.053159e-01
4.310000e-05	-4.980644e-03	3.880448e-01
4.311000e-05	-4.516877e-03	1.578720e-01
4.312000e-05	-1.720315e-03	-5.257771e-02
4.313000e-05	2.699343e-03	-2.094724e-01
4.314000e-05	-2.675798e-03	-3.778148e-01
4.315000e-05	2.434317e-03	-5.257906e-01
4.316000e-05	-1.806555e-03	-7.357160e-01
4.317000e-05	9.186165e-04	-8.751868e-01
4.318000e-05	-3.065291e-03	-1.043925e+00
4.319000e-05	7.993585e-03	-1.229526e+00
4.320000e-05	5.087265e-02	-1.439520e+00
4.321000e-05	6.079959e-02	-1.611479e+00
4.322000e-05	-7.083814e-02	-1.914160e+00
4.323000e-05	-7.873284e-03	-2.146842e+00
4.324000e-05	-9.386102e-02	-2.357370e+00
4.325000e-05	1.502775e-02	-2.399974e+00
4.326000e-05	1.518980e-01	-2.473680e+00
4.327000e-05	-1.594544e-01	-2.744234e+00
4.328000e-05	7.467757e-02	-2.843080e+00
4.329000e-05	1.072742e-01	-2.968997e+00
4.330000e-05	-1.918715e-01	-3.251578e+00
4.331000e-05	1.124006e-01	-3.410024e+00
4.332000e-05	5.498297e-02	-3.565868e+00
4.333000e-05	-1.466989e-01	-3.758366e+00
4.334000e-05	1.687481e-01	-3.917338e+00
4.335000e-05	-7.473752e-02	-4.126709e+00
4.336000e-05	-2.287701e-02	-4.335784e+00
4.337000e-05	9.845841e-02	-4.391479e+00
4.338000e-05	-1.249747e-01	-4.620553e+00
4.339000e-05	1.104556e-01	-4.811546e+00
4.340000e-05	-8.776517e-03	-4.924866e+00
4.341000e-05	-5.332185e-02	-5.155264e+00
4.342000e-05	1.083508e-01	-5.264286e+00
4.343000e-05	-6.159731e-02	-5.566692e+00
4.344000e-05	6.643729e-02	-5.652184e+00
4.345000e-05	-4.952971e-02	-5.851100e+00
4.346000e-05	4.317123e-03	-5.967419e+00
4.347000e-05	8.207718e-02	-6.084659e+00
4.348000e-05	-8.267362e-02	-6.284709e+00
4.349000e-05	9.332995e-02	-6.471603e+00
4.350000e-05	-2.226789e-02	-6.568870e+00
4.351000e-05	1.182548e-03	-6.745792e+00
4.352000e-05	2.682174e-02	-6.810051e+00
4.353000e-05	-3.223362e-02	-6.999979e+00
4.354000e-05	9.612709e-02	-7.148386e+00
4.355000e-05	-4.450612e-02	-7.232180e+00
4.356000e-05	1.591410e-02	-7.368496e+00
4.357000e-05	1.423461e-02	-7.506338e+00
4.358000e-05	1.674815e-02	-7.650704e+00
4.359000e-05	3.020711e-02	-7.818546e+00
4.360000e-05	-2.334901e-02	-7.936367e+00
4.361000e-05	5.597664e-02	-8.022254e+00
4.362000e-05	-4.057077e-03	-8.125944e+00
4.363000e-05	1.505873e-02	-8.263707e+00
4.364000e-05	1.332450e-02	-8.377420e+00
4.365000e-05	2.436250e-02	-8.402177e+00
4.366000e-05	1.701163e-02	-8.566946e+00
4.367000e-05	-4.599788e-03	-8.714760e+00
4.368000e-05	3.413311e-02	-8.800574e+00
4.369000e-05	1.851609e-02	-8.872233e+00
4.370000e-05	1.910264e-02	-8.989969e+00
4.371000e-05	1.006773e-02	-9.051630e+00
4.372000e-05	2.485807e-02	-9.094786e+00
4.373000e-05	2.133415e-02	-9.169445e+00
4.374000e-05	1.304958e-02	-9.223101e+00
4.375000e-05	2.502584e-02	-9.312817e+00
4.376000e-05	2.389916e-02	-9.398629e+00
4.377000e-05	1.907905e-02	-9.510760e+00
4.378000e-05	1.673199e-02	-9.537417e+00
4.379000e-05	2.876882e-02	-9.589026e+00
4.380000e-05	2.510642e-02	-9.611629e+00
4.381000e-05	2.132327e-02	-9.654337e+00
4.382000e-05	2.266166e-02	-9.726414e+00
4.383000e-05	2.594601e-02	-9.778471e+00
4.384000e-05	2.371796e-02	-9.771072e+00
4.385000e-05	2.418600e-02	-9.842179e+00
4.386000e-05	2.932727e-02	-9.861732e+00
4.387000e-05	2.692811e-02	-9.904787e+00
4.388000e-05	2.425499e-02	-9.914389e+00
4.389000e-05	2.791872e-02	-9.915393e+00
4.390000e-05	3.122143e-02	-9.945964e+00
4.391000e-05	2.744021e-02	-9.966941e+00
4.392000e-05	2.808165e-02	-9.955468e+00
4.393000e-05	3.117013e-02	-9.987972e+00
4.394000e-05	3.238663e-02	-9.956999e+00
4.395000e-05	2.930335e-02	-9.977998e+00
4.396000e-05	3.064529e-02	-9.958996e+00
4.397000e-05	3.419682e-02	-9.977498e+00
4.398000e-05	3.428911e-02	-9.966994e+00
4.399000e-05	3.474240e-02	-9.937471e+00
4.400000e-05	3.652568e-02	-9.964946e+00
4.401000e-05	3.664252e-02	-9.926463e+00
4.402000e-05	3.618198e-02	-9.925815e+00
4.403000e-05	3.848883e-02	-9.863237e+00
4.404000e-05	4.029409e-02	-9.832183e+00
4.405000e-05	4.062963e-02	-9.820630e+00
4.406000e-05	4.142642e-02	-9.788070e+00
4.407000e-05	4.463567e-02	-9.736516e+00
4.408000e-05	4.499131e-02	-9.713784e+00
4.409000e-05	4.510065e-02	-9.661733e+00
4.410000e-05	4.754961e-02	-9.620553e+00
4.411000e-05	4.985286e-02	-9.567994e+00
4.412000e-05	4.986462e-02	-9.472886e+00
4.413000e-05	5.149900e-02	-9.419180e+00
4.414000e-05	5.227085e-02	-9.356471e+00
4.415000e-05	5.206138e-02	-9.221656e+00
4.416000e-05	5.199528e-02	-9.167572e+00
4.417000e-05	5.216197e-02	-9.074438e+00
4.418000e-05	5.311634e-02	-9.000706e+00
4.419000e-05	5.192977e-02	-8.947466e+00
4.420000e-05	4.981827e-02	-8.872734e+00
4.421000e-05	4.743495e-02	-8.788125e+00
4.422000e-05	4.603522e-02	-8.715418e+00
4.423000e-05	4.429244e-02	-8.590650e+00
4.424000e-05	4.402829e-02	-8.484311e+00
4.425000e-05	4.274880e-02	-8.378549e+00
4.426000e-05	4.028091e-02	-8.283813e+00
4.427000e-05	3.838622e-02	-8.199096e+00
4.428000e-05	3.623284e-02	-8.105914e+00
4.429000e-05	3.465205e-02	-8.030604e+00
4.430000e-05	3.312084e-02	-7.913889e+00
4.431000e-05	3.089953e-02	-7.737923e+00
4.432000e-05	2.960499e-02	-7.601601e+00
4.433000e-05	2.785102e-02	-7.431833e+00
4.434000e-05	2.680703e-02	-7.357417e+00
4.435000e-05	2.636003e-02	-7.240155e+00
4.436000e-05	2.437287e-02	-7.083934e+00
4.437000e-05	2.229336e-02	-6.924914e+00
4.438000e-05	2.031497e-02	-6.779050e+00
4.439000e-05	2.066381e-02	-6.632707e+00
4.440000e-05	1.972478e-02	-6.495817e+00
4.441000e-05	1.853880e-02	-6.388102e+00
4.442000e-05	1.762879e-02	-6.232728e+00
4.443000e-05	1.650155e-02	-6.061708e+00
4.444000e-05	1.456219e-02	-5.915366e+00
4.445000e-05	1.319515e-02	-5.758100e+00
4.446000e-05	1.366217e-02	-5.629130e+00
4.447000e-05	1.301827e-02	-5.494290e+00
4.448000e-05	1.126673e-02	-5.232334e+00
4.449000e-05	1.127183e-02	-5.063259e+00
4.450000e-05	1.031169e-02	-4.915387e+00
4.451000e-05	9.589782e-03	-4.694863e+00
4.452000e-05	8.472330e-03	-4.557949e+00
4.453000e-05	8.374572e-03	-4.420072e+00
4.454000e-05	7.538945e-03	-4.243686e+00
4.455000e-05	6.363299e-03	-4.095416e+00
4.456000e-05	7.260650e-03	-3.977047e+00
4.457000e-05	4.685312e-03	-3.738976e+00
4.458000e-05	4.092426e-03	-3.598550e+00
4.459000e-05	5.594915e-03	-3.401651e+00
4.460000e-05	5.342044e-03	-3.261809e+00
4.461000e-05	3.374436e-03	-3.072334e+00
4.462000e-05	1.745659e-03	-2.884760e+00
4.463000e-05	2.605986e-03	-2.734839e+00
4.464000e-05	2.789314e-03	-2.545921e+00
4.465000e-05	1.813928e-03	-2.367925e+00
4.466000e-05	6.725694e-04	-2.117997e+00
4.467000e-05	2.408242e-03	-1.966450e+00
4.468000e-05	-1.165971e-04	-1.789579e+00
4.469000e-05	7.007032e-04	-1.661130e+00
4.470000e-05	-6.123927e-04	-1.440080e+00
4.471000e-05	-2.675958e-04	-1.168629e+00
4.472000e-05	-2.136881e-03	-9.886237e-01
4.473000e-05	-2.637485e-03	-8.291327e-01
4.474000e-05	-2.967012e-03	-6.316330e-01
4.475000e-05	-1.962792e-03	-4.006563e-01
4.476000e-05	-3.560950e-03	-2.232592e-01
4.477000e-05	-4.052582e-03	-1.157854e-01
4.478000e-05	8.052000e-04	8.418285e-02
4.479000e-05	3.063732e-03	2.956855e-01
4.480000e-05	-3.273274e-03	5.125805e-01
4.481000e-05	4.958794e-04	6.120001e-01
4.482000e-05	-4.308016e-03	7.783974e-01
4.483000e-05	-3.122568e-03	9.572181e-01
4.484000e-05	-4.964506e-03	1.179867e+00
4.485000e-05	3.786045e-03	1.346319e+00
4.486000e-05	2.418160e-02	1.557312e+00
4.487000e-05	6.904745e-02	1.799293e+00
4.488000e-05	-3.920420e-02	1.989870e+00
4.489000e-05	-4.019944e-02	2.167867e+00
4.490000e-05	-4.490423e-02	2.346264e+00
4.491000e-05	-7.770652e-02	2.442059e+00
4.492000e-05	5.778457e-02	2.640001e+00
4.493000e-05	9.546455e-02	2.771400e+00
4.494000e-05	-1.709789e-01	2.936316e+00
4.495000e-05	1.369366e-01	3.074183e+00
4.496000e-05	-2.543463e-02	3.304529e+00
4.497000e-05	-1.034151e-01	3.503738e+00
4.498000e-05	9.765729e-02	3.610951e+00
4.499000e-05	-2.666520e-02	3.849923e+00
4.500000e-05	-7.851175e-02	3.978343e+00
4.501000e-05	9.130810e-02	4.125192e+00
4.502000e-05	-5.980221e-02	4.367293e+00
4.503000e-05	-5.132702e-03	4.525763e+00
4.504000e-05	4.290477e-03	4.705163e+00
4.505000e-05	-4.850873e-02	4.842183e+00
4.506000e-05	1.726776e-02	5.133686e+00
4.507000e-05	-2.743307e-02	5.315212e+00
4.508000e-05	8.699616e-03	5.463680e+00
4.509000e-05	-8.968601e-03	5.578946e+00
4.510000e-05	-2.646390e-03	5.768393e+00
4.511000e-05	-2.568126e-02	5.958892e+00
4.512000e-05	-3.850317e-02	6.114765e+00
4.513000e-05	2.495891e-02	6.222078e+00
4.514000e-05	-2.023979e-02	6.397948e+00
4.515000e-05	-2.097744e-02	6.474236e+00
4.516000e-05	-5.420523e-03	6.724657e+00
4.517000e-05	-2.366510e-02	6.822626e+00
4.518000e-05	-8.014686e-03	6.969892e+00
4.519000e-05	-2.118168e-02	7.072160e+00
4.520000e-05	-1.301399e-02	7.188946e+00
4.521000e-05	-3.426993e-03	7.274210e+00
4.522000e-05	-2.523751e-02	7.503157e+00
4.523000e-05	-1.569846e-02	7.641128e+00
4.524000e-05	-1.803939e-02	7.767915e+00
4.525000e-05	-7.785762e-03	7.874188e+00
4.526000e-05	-2.480704e-02	8.040530e+00
4.527000e-05	-2.305113e-02	8.138396e+00
4.528000e-05	-6.401823e-03	8.251761e+00
4.529000e-05	-2.330029e-02	8.378421e+00
4.530000e-05	-2.117914e-02	8.442129e+00
4.531000e-05	-2.459535e-02	8.536891e+00
4.532000e-05	-1.385746e-02	8.641479e+00
4.533000e-05	-2.348942e-02	8.675836e+00
4.534000e-05	-2.361593e-02	8.799999e+00
4.535000e-05	-1.747016e-02	8.873159e+00
4.536000e-05	-2.476201e-02	8.988023e+00
4.537000e-05	-2.413738e-02	9.115810e+00
4.538000e-05	-2.465775e-02	9.167969e+00
4.539000e-05	-1.827467e-02	9.262106e+00
4.540000e-05	-2.797505e-02	9.315416e+00
4.541000e-05	-2.804600e-02	9.419523e+00
4.542000e-05	-2.318709e-02	9.481683e+00
4.543000e-05	-2.414647e-02	9.506387e+00
4.544000e-05	-2.872954e-02	9.568471e+00
4.545000e-05	-2.883564e-02	9.620001e+00
4.546000e-05	-2.451458e-02	9.681682e+00
4.547000e-05	-2.779294e-02	9.747467e+00
4.548000e-05	-2.913989e-02	9.829098e+00
4.549000e-05	-3.015763e-02	9.849155e+00
4.550000e-05	-3.047283e-02	9.883307e+00
4.551000e-05	-3.372540e-02	9.957915e+00
4.552000e-05	-3.129215e-02	9.955970e+00
4.553000e-05	-3.023522e-02	1.000905e+01
4.554000e-05	-3.317649e-02	1.001005e+01
4.555000e-05	-3.650611e-02	1.002055e+01
4.556000e-05	-3.338213e-02	1.003063e+01
4.557000e-05	-3.193835e-02	1.006370e+01
4.558000e-05	-3.489106e-02	1.008116e+01
4.559000e-05	-3.589795e-02	1.003316e+01
4.560000e-05	-3.794678e-02	1.007318e+01
4.561000e-05	-3.910212e-02	1.006416e+01
4.562000e-05	-4.041213e-02	1.006221e+01
4.563000e-05	-3.982233e-02	1.007163e+01
4.564000e-05	-3.743371e-02	1.006321e+01
4.565000e-05	-4.096558e-02	1.006265e+01
4.566000e-05	-4.125343e-02	1.002171e+01
4.567000e-05	-4.260016e-02	1.003065e+01
4.568000e-05	-4.214287e-02	1.005053e+01
4.569000e-05	-4.477553e-02	9.996973e+00
4.570000e-05	-4.650842e-02	9.947994e+00
4.571000e-05	-4.687602e-02	9.904438e+00
4.572000e-05	-5.078589e-02	9.834210e+00
4.573000e-05	-4.807405e-02	9.798126e+00
4.574000e-05	-5.266108e-02	9.706967e+00
4.575000e-05	-4.999228e-02	9.712756e+00
4.576000e-05	-5.470104e-02	9.630150e+00
4.577000e-05	-5.488240e-02	9.557495e+00
4.578000e-05	-5.560313e-02	9.474837e+00
4.579000e-05	-5.918989e-02	9.470658e+00
4.580000e-05	-5.911790e-02	9.368495e+00
4.581000e-05	-6.058213e-02	9.305343e+00
4.582000e-05	-5.928316e-02	9.252630e+00
4.583000e-05	-5.719231e-02	9.197072e+00
4.584000e-05	-5.866437e-02	9.094259e+00
4.585000e-05	-5.585915e-02	8.981573e+00
4.586000e-05	-5.677928e-02	8.894233e+00
4.587000e-05	-5.330068e-02	8.789546e+00
4.588000e-05	-5.258965e-02	8.705864e+00
4.589000e-05	-5.173366e-02	8.591151e+00
4.590000e-05	-5.178350e-02	8.536468e+00
4.591000e-05	-4.944202e-02	8.472184e+00
4.592000e-05	-4.391596e-02	8.386975e+00
4.593000e-05	-4.308274e-02	8.251813e+00
4.594000e-05	-4.272265e-02	8.157939e+00
4.595000e-05	-4.070959e-02	8.050052e+00
4.596000e-05	-3.828044e-02	7.926414e+00
4.597000e-05	-3.607627e-02	7.797502e+00
4.598000e-05	-3.639206e-02	7.683257e+00
4.599000e-05	-3.472970e-02	7.566449e+00
4.600000e-05	-3.297996e-02	7.361597e+00
4.601000e-05	-3.548943e-02	7.241678e+00
4.602000e-05	-2.997084e-02	7.106312e+00
4.603000e-05	-2.817199e-02	6.968521e+00
4.604000e-05	-2.599489e-02	6.832157e+00
4.605000e-05	-2.862530e-02	6.734443e+00
4.606000e-05	-2.536781e-02	6.556893e+00
4.607000e-05	-2.412289e-02	6.418055e+00
4.608000e-05	-2.301959e-02	6.272709e+00
4.609000e-05	-2.497588e-02	6.105916e+00
4.610000e-05	-2.290307e-02	5.999575e+00
4.611000e-05	-2.246925e-02	5.842675e+00
4.612000e-05	-2.099703e-02	5.631204e+00
4.613000e-05	-1.803493e-02	5.484287e+00
4.614000e-05	-1.831458e-02	5.346969e+00
4.615000e-05	-1.815411e-02	5.127845e+00
4.616000e-05	-1.826804e-02	4.913944e+00
4.617000e-05	-1.768530e-02	4.726942e+00
4.618000e-05	-1.618682e-02	4.600575e+00
4.619000e-05	-1.559499e-02	4.463682e+00
4.620000e-05	-1.462343e-02	4.284792e+00
4.621000e-05	-1.582970e-02	4.073757e+00
4.622000e-05	-1.419618e-02	3.925816e+00
4.623000e-05	-1.374912e-02	3.757974e+00
4.624000e-05	-1.225073e-02	3.620053e+00
4.625000e-05	-1.160014e-02	3.442259e+00
4.626000e-05	-1.150531e-02	3.240679e+00
4.627000e-05	-1.165471e-02	3.062310e+00
4.628000e-05	-1.053969e-02	2.916361e+00
4.629000e-05	-1.093022e-02	2.777472e+00
4.630000e-05	-9.793994e-03	2.505967e+00
4.631000e-05	-9.680134e-03	2.356873e+00
4.632000e-05	-1.035367e-02	2.187470e+00
4.633000e-05	-7.675594e-03	2.010076e+00
4.634000e-05	-6.904164e-03	1.810606e+00
4.635000e-05	-8.392758e-03	1.622055e+00
4.636000e-05	-7.019466e-03	1.432203e+00
4.637000e-05	-1.023287e-02	1.220633e+00
4.638000e-05	-4.301954e-03	9.985988e-01
4.639000e-05	-6.605375e-03	8.096036e-01
4.640000e-05	-5.212222e-03	6.316077e-01
4.641000e-05	-5.847696e-03	4.707078e-01
4.642000e-05	-6.252042e-03	2.937592e-01
4.643000e-05	-3.694963e-03	5.173789e-02
4.644000e-05	4.606724e-04	-1.247343e-01
4.645000e-05	2.405915e-03	-2.331342e-01
4.646000e-05	-1.256632e-03	-4.314751e-01
4.647000e-05	1.148365e-03	-6.520240e-01
4.648000e-05	-1.638612e-03	-8.209501e-01
4.649000e-05	-6.117331e-04	-9.668445e-01
4.650000e-05	9.794689e-04	-1.115693e+00
4.651000e-05	1.589729e-02	-1.334184e+00
4.652000e-05	8.915822e-02	-1.547716e+00
4.653000e-05	-2.113365e-02	-1.717290e+00
4.654000e-05	-3.746943e-02	-2.029946e+00
4.655000e-05	-3.894472e-02	-2.302028e+00
4.656000e-05	-9.504609e-02	-2.398999e+00
4.657000e-05	1.352940e-01	-2.449528e+00
4.658000e-05	3.013152e-02	-2.537842e+00
4.659000e-05	-1.558868e-01	-2.798899e+00
4.660000e-05	1.864276e-01	-2.873237e+00
4.661000e-05	-8.770976e-02	-3.123611e+00
4.662000e-05	-9.805942e-02	-3.317788e+00
4.663000e-05	1.741150e-01	-3.443631e+00
4.664000e-05	-9.500656e-02	-3.609475e+00
4.665000e-05	-8.899557e-03	-3.871080e+00
4.666000e-05	1.426058e-01	-4.008475e+00
4.667000e-05	-1.546509e-01	-4.199925e+00
4.668000e-05	1.093989e-01	-4.357341e+00
4.669000e-05	-2.924402e-02	-4.484740e+00
4.670000e-05	-4.861258e-02	-4.725262e+00
4.671000e-05	1.273966e-01	-4.853180e+00
4.672000e-05	-1.086563e-01	-4.999602e+00
4.673000e-05	6.505338e-02	-5.178501e+00
4.674000e-05	2.631612e-02	-5.432027e+00
4.675000e-05	-2.312741e-02	-5.600899e+00
4.676000e-05	5.550412e-02	-5.756864e+00
4.677000e-05	-8.713860e-02	-5.904110e+00
4.678000e-05	9.432526e-02	-6.042025e+00
4.679000e-05	-1.317121e-02	-6.156921e+00
4.680000e-05	-2.006848e-02	-6.369442e+00
4.681000e-05	8.357371e-02	-6.474284e+00
4.682000e-05	-6.321259e-02	-6.642058e+00
4.683000e-05	5.467909e-02	-6.767920e+00
4.684000e-05	-3.393695e-02	-6.873233e+00
4.685000e-05	4.097457e-02	-7.041105e+00
4.686000e-05	5.189657e-02	-7.221526e+00
4.687000e-05	-5.033322e-02	-7.347366e+00
4.688000e-05	4.303331e-02	-7.450659e+00
4.689000e-05	-8.936022e-03	-7.558447e+00
4.690000e-05	4.455502e-02	-7.723810e+00
4.691000e-05	-9.001067e-03	-7.841208e+00
4.692000e-05	1.125829e-02	-7.999949e+00
4.693000e-05	4.327713e-02	-8.092809e+00
4.694000e-05	-1.486807e-02	-8.210021e+00
4.695000e-05	2.948926e-02	-8.284307e+00
4.696000e-05	6.984886e-03	-8.409049e+00
4.697000e-05	3.382712e-02	-8.483291e+00
4.698000e-05	-5.763088e-03	-8.630555e+00
4.699000e-05	1.579296e-02	-8.736844e+00
4.700000e-05	3.356874e-02	-8.812051e+00
4.701000e-05	1.453134e-02	-8.894339e+00
4.702000e-05	1.528726e-02	-9.008975e+00
4.703000e-05	1.181699e-02	-9.061756e+00
4.704000e-05	3.147335e-02	-9.136292e+00
4.705000e-05	1.187702e-02	-9.179021e+00
4.706000e-05	1.936296e-02	-9.221707e+00
4.707000e-05	2.531500e-02	-9.355966e+00
4.708000e-05	2.129935e-02	-9.440233e+00
4.709000e-05	1.619031e-02	-9.504317e+00
4.710000e-05	2.142891e-02	-9.589946e+00
4.711000e-05	3.139112e-02	-9.619602e+00
4.712000e-05	2.099615e-02	-9.672657e+00
4.713000e-05	2.346475e-02	-9.684789e+00
4.714000e-05	2.206329e-02	-9.745466e+00
4.715000e-05	2.577611e-02	-9.738471e+00
4.716000e-05	2.146049e-02	-9.821104e+00
4.717000e-05	2.812952e-02	-9.863183e+00
4.718000e-05	2.803296e-02	-9.842764e+00
4.719000e-05	2.533426e-02	-9.924285e+00
4.720000e-05	2.528114e-02	-9.905868e+00
4.721000e-05	2.968733e-02	-9.906364e+00
4.722000e-05	3.066483e-02	-9.955392e+00
4.723000e-05	2.593120e-02	-9.977393e+00
4.724000e-05	3.134376e-02	-9.969019e+00
4.725000e-05	3.191093e-02	-9.977972e+00
4.726000e-05	3.155876e-02	-9.979445e+00
4.727000e-05	2.890902e-02	-9.968027e+00
4.728000e-05	3.295954e-02	-9.958420e+00
4.729000e-05	3.430353e-02	-9.947475e+00
4.730000e-05	3.399846e-02	-9.977096e+00
4.731000e-05	3.515628e-02	-9.957495e+00
4.732000e-05	3.680176e-02	-9.946368e+00
4.733000e-05	3.674565e-02	-9.915365e+00
4.734000e-05	3.671472e-02	-9.915334e+00
4.735000e-05	4.007472e-02	-9.873334e+00
4.736000e-05	4.009495e-02	-9.861126e+00
4.737000e-05	3.961225e-02	-9.780056e+00
4.738000e-05	4.161123e-02	-9.767542e+00
4.739000e-05	4.428602e-02	-9.705890e+00
4.740000e-05	4.740110e-02	-9.683758e+00
4.741000e-05	4.471947e-02	-9.641200e+00
4.742000e-05	5.071242e-02	-9.588101e+00
4.743000e-05	5.000899e-02	-9.495420e+00
4.744000e-05	5.037690e-02	-9.422933e+00
4.745000e-05	5.279525e-02	-9.397099e+00
4.746000e-05	5.047452e-02	-9.273358e+00
4.747000e-05	5.318121e-02	-9.219076e+00
4.748000e-05	4.920113e-02	-9.136968e+00
4.749000e-05	5.260527e-02	-9.050784e+00
4.750000e-05	5.103437e-02	-8.949071e+00
4.751000e-05	5.213185e-02	-8.903337e+00
4.752000e-05	4.918283e-02	-8.841134e+00
4.753000e-05	4.822425e-02	-8.786547e+00
4.754000e-05	4.638946e-02	-8.642362e+00
4.755000e-05	4.241626e-02	-8.536991e+00
4.756000e-05	4.161785e-02	-8.419704e+00
4.757000e-05	3.960873e-02	-8.336921e+00
4.758000e-05	4.034884e-02	-8.241786e+00
4.759000e-05	3.673982e-02	-8.156971e+00
4.760000e-05	3.701216e-02	-8.072209e+00
4.761000e-05	3.466144e-02	-7.948522e+00
4.762000e-05	3.350723e-02	-7.813153e+00
4.763000e-05	3.189459e-02	-7.672381e+00
4.764000e-05	2.773300e-02	-7.536017e+00
4.765000e-05	2.519799e-02	-7.410651e+00
4.766000e-05	2.610271e-02	-7.262308e+00
4.767000e-05	2.602837e-02	-7.168048e+00
4.768000e-05	2.456206e-02	-7.011681e+00
4.769000e-05	2.115660e-02	-6.852330e+00
4.770000e-05	1.999830e-02	-6.735939e+00
4.771000e-05	1.975733e-02	-6.568554e+00
4.772000e-05	1.984665e-02	-6.453210e+00
4.773000e-05	1.914044e-02	-6.326467e+00
4.774000e-05	1.620504e-02	-6.155517e+00
4.775000e-05	1.412421e-02	-5.970101e+00
4.776000e-05	1.276135e-02	-5.831680e+00
4.777000e-05	1.513945e-02	-5.696367e+00
4.778000e-05	1.167307e-02	-5.598522e+00
4.779000e-05	1.378872e-02	-5.349540e+00
4.780000e-05	1.119197e-02	-5.198597e+00
4.781000e-05	1.181338e-02	-5.020649e+00
4.782000e-05	1.013819e-02	-4.801679e+00
4.783000e-05	7.965740e-03	-4.651156e+00
4.784000e-05	7.755184e-03	-4.473288e+00
4.785000e-05	7.473340e-03	-4.336971e+00
4.786000e-05	6.139864e-03	-4.209051e+00
4.787000e-05	8.556863e-03	-4.023757e+00
4.788000e-05	6.721537e-03	-3.865312e+00
4.789000e-05	6.839219e-03	-3.662867e+00
4.790000e-05	3.495478e-03	-3.536343e+00
4.791000e-05	4.737180e-03	-3.336394e+00
4.792000e-05	3.854512e-03	-3.189529e+00
4.793000e-05	3.338172e-03	-2.977546e+00
4.794000e-05	2.815428e-03	-2.799124e+00
4.795000e-05	2.990931e-03	-2.611180e+00
4.796000e-05	2.003324e-03	-2.434732e+00
4.797000e-05	2.708517e-03	-2.303737e+00
4.798000e-05	1.318992e-03	-2.041813e+00
4.799000e-05	9.077202e-04	-1.896288e+00
4.800000e-05	-6.117538e-04	-1.714370e+00
4.801000e-05	7.921937e-04	-1.547944e+00
4.802000e-05	-1.971652e-04	-1.283819e+00
4.803000e-05	-7.484872e-04	-1.084767e+00
4.804000e-05	-1.779526e-03	-9.158632e-01
4.805000e-05	-2.685173e-03	-7.764235e-01
4.806000e-05	-3.039473e-03	-5.164697e-01
4.807000e-05	-3.714930e-03	-3.363711e-01
4.808000e-05	-3.572639e-03	-1.686039e-01
4.809000e-05	-1.936542e-03	-5.157763e-02
4.810000e-05	3.319964e-03	1.818944e-01
4.811000e-05	-1.394657e-04	3.593925e-01
4.812000e-05	-1.321734e-03	5.367644e-01
4.813000e-05	-2.535105e-03	7.451368e-01
4.814000e-05	-2.773281e-03	8.135251e-01
4.815000e-05	-3.694226e-03	1.011983e+00
4.816000e-05	-1.904824e-03	1.263457e+00
4.817000e-05	6.174569e-03	1.401979e+00
4.818000e-05	5.266806e-02	1.670499e+00
4.819000e-05	3.494092e-02	1.893082e+00
4.820000e-05	-5.997173e-02	2.044530e+00
4.821000e-05	-3.286309e-02	2.239998e+00
4.822000e-05	-6.179996e-02	2.409402e+00
4.823000e-05	-5.748042e-02	2.538312e+00
4.824000e-05	1.473114e-01	2.704739e+00
4.825000e-05	-6.099806e-02	2.903157e+00
4.826000e-05	-7.554817e-02	2.998926e+00
4.827000e-05	1.488502e-01	3.158369e+00
4.828000e-05	-1.257525e-01	3.409396e+00
4.829000e-05	-1.490603e-02	3.577895e+00
4.830000e-05	9.843518e-02	3.694208e+00
4.831000e-05	-1.136074e-01	3.904159e+00
4.832000e-05	3.025317e-02	4.023475e+00
4.833000e-05	3.311219e-02	4.232001e+00
4.834000e-05	-6.306488e-02	4.441530e+00
4.835000e-05	2.557067e-02	4.630421e+00
4.836000e-05	-3.620137e-02	4.787895e+00
4.837000e-05	-9.081922e-03	4.936242e+00
4.838000e-05	-7.321621e-04	5.209422e+00
4.839000e-05	-1.896914e-02	5.389793e+00
4.840000e-05	7.873263e-03	5.515835e+00
4.841000e-05	-7.753363e-03	5.662181e+00
4.842000e-05	-6.682636e-03	5.882582e+00
4.843000e-05	-3.908118e-02	6.031107e+00
4.844000e-05	-1.699529e-02	6.155369e+00
4.845000e-05	2.337540e-02	6.314684e+00
4.846000e-05	-3.968713e-02	6.401149e+00
4.847000e-05	1.799157e-04	6.577446e+00
4.848000e-05	-2.245779e-02	6.757752e+00
4.849000e-05	-1.699764e-02	6.894286e+00
4.850000e-05	-6.377942e-03	7.010005e+00
4.851000e-05	-2.501689e-02	7.156341e+00
4.852000e-05	2.264237e-03	7.200551e+00
4.853000e-05	-2.276548e-02	7.385495e+00
4.854000e-05	-1.636061e-02	7.579242e+00
4.855000e-05	-2.380793e-02	7.704210e+00
4.856000e-05	-7.181063e-03	7.811004e+00
4.857000e-05	-1.621086e-02	7.957892e+00
4.858000e-05	-2.607280e-02	8.111231e+00
4.859000e-05	-1.305266e-02	8.179023e+00
4.860000e-05	-1.225768e-02	8.304836e+00
4.861000e-05	-2.126348e-02	8.409027e+00
4.862000e-05	-2.433959e-02	8.503186e+00
4.863000e-05	-1.682211e-02	8.578543e+00
4.864000e-05	-2.106351e-02	8.662660e+00
4.865000e-05	-2.563944e-02	8.737417e+00
4.866000e-05	-2.207398e-02	8.840052e+00
4.867000e-05	-1.732700e-02	8.936414e+00
4.868000e-05	-2.522933e-02	9.042727e+00
4.869000e-05	-2.453602e-02	9.136913e+00
4.870000e-05	-2.128473e-02	9.200555e+00
4.871000e-05	-2.130554e-02	9.273709e+00
4.872000e-05	-2.852255e-02	9.377992e+00
4.873000e-05	-2.764139e-02	9.451104e+00
4.874000e-05	-2.115470e-02	9.513759e+00
4.875000e-05	-2.796621e-02	9.536362e+00
4.876000e-05	-2.882371e-02	9.578527e+00
4.877000e-05	-2.756298e-02	9.642205e+00
4.878000e-05	-2.538442e-02	9.695360e+00
4.879000e-05	-2.945532e-02	9.785498e+00
4.880000e-05	-2.997274e-02	9.849628e+00
4.881000e-05	-3.034334e-02	9.883805e+00
4.882000e-05	-3.149433e-02	9.914814e+00
4.883000e-05	-3.109907e-02	9.966947e+00
4.884000e-05	-3.095935e-02	9.967497e+00
4.885000e-05	-2.974229e-02	9.991475e+00
4.886000e-05	-3.647564e-02	1.000156e+01
4.887000e-05	-3.540728e-02	1.003110e+01
4.888000e-05	-3.333815e-02	1.003261e+01
4.889000e-05	-3.343530e-02	1.003213e+01
4.890000e-05	-3.699015e-02	1.006270e+01
4.891000e-05	-3.622469e-02	1.005421e+01
4.892000e-05	-3.629174e-02	1.010228e+01
4.893000e-05	-3.846467e-02	1.007216e+01
4.894000e-05	-4.032699e-02	1.007321e+01
4.895000e-05	-3.926456e-02	1.003326e+01
4.896000e-05	-3.978658e-02	1.008266e+01
4.897000e-05	-4.146490e-02	1.003216e+01
4.898000e-05	-4.252037e-02	1.004268e+01
4.899000e-05	-4.173609e-02	1.001110e+01
4.900000e-05	-4.478642e-02	1.002907e+01
4.901000e-05	-4.507820e-02	9.960520e+00
4.902000e-05	-4.640521e-02	9.955366e+00
4.903000e-05	-4.812534e-02	9.893858e+00
4.904000e-05	-4.855887e-02	9.861705e+00
4.905000e-05	-5.206952e-02	9.767447e+00
4.906000e-05	-4.917745e-02	9.686764e+00
4.907000e-05	-5.317389e-02	9.612233e+00
4.908000e-05	-5.485139e-02	9.549547e+00
4.909000e-05	-5.631094e-02	9.506242e+00
4.910000e-05	-5.719537e-02	9.453262e+00
4.911000e-05	-5.856571e-02	9.411628e+00
4.912000e-05	-5.952225e-02	9.335895e+00
4.913000e-05	-5.987755e-02	9.273213e+00
4.914000e-05	-5.723934e-02	9.231127e+00
4.915000e-05	-5.762954e-02	9.165898e+00
4.916000e-05	-5.614174e-02	9.080659e+00
4.917000e-05	-5.761132e-02	8.916999e+00
4.918000e-05	-5.532653e-02	8.842253e+00
4.919000e-05	-5.474150e-02	8.738495e+00
4.920000e-05	-5.145532e-02	8.671760e+00
4.921000e-05	-5.074201e-02	8.588051e+00
4.922000e-05	-4.848533e-02	8.484812e+00
4.923000e-05	-4.696939e-02	8.431177e+00
4.924000e-05	-4.403247e-02	8.314945e+00
4.925000e-05	-4.477392e-02	8.251150e+00
4.926000e-05	-4.123356e-02	8.083788e+00
4.927000e-05	-4.009125e-02	8.039523e+00
4.928000e-05	-3.731422e-02	7.872331e+00
4.929000e-05	-3.740369e-02	7.766419e+00
4.930000e-05	-3.506370e-02	7.621604e+00
4.931000e-05	-3.388700e-02	7.453761e+00
4.932000e-05	-3.352858e-02	7.294390e+00
4.933000e-05	-3.258400e-02	7.168547e+00
4.934000e-05	-2.920087e-02	7.061230e+00
4.935000e-05	-2.797216e-02	6.934339e+00
4.936000e-05	-2.839126e-02	6.809601e+00
4.937000e-05	-2.741659e-02	6.662384e+00
4.938000e-05	-2.533406e-02	6.441835e+00
4.939000e-05	-2.393994e-02	6.335916e+00
4.940000e-05	-2.368083e-02	6.179049e+00
4.941000e-05	-2.206659e-02	6.052709e+00
4.942000e-05	-2.261403e-02	5.916869e+00
4.943000e-05	-2.138416e-02	5.737488e+00
4.944000e-05	-1.964348e-02	5.587545e+00
4.945000e-05	-2.016337e-02	5.431181e+00
4.946000e-05	-1.921297e-02	5.274228e+00
4.947000e-05	-1.843703e-02	5.063208e+00
4.948000e-05	-1.669705e-02	4.833631e+00
4.949000e-05	-1.682166e-02	4.694787e+00
4.950000e-05	-1.673655e-02	4.537869e+00
4.951000e-05	-1.541921e-02	4.389153e+00
4.952000e-05	-1.595430e-02	4.179676e+00
4.953000e-05	-1.367696e-02	4.030656e+00
4.954000e-05	-1.460341e-02	3.883690e+00
4.955000e-05	-1.321961e-02	3.684934e+00
4.956000e-05	-1.214179e-02	3.589447e+00
4.957000e-05	-1.230013e-02	3.346922e+00
4.958000e-05	-1.126840e-02	3.187897e+00
4.959000e-05	-1.236301e-02	3.000651e+00
4.960000e-05	-9.827578e-03	2.822159e+00
4.961000e-05	-9.961644e-03	2.692787e+00
4.962000e-05	-9.580207e-03	2.452235e+00
4.963000e-05	-9.663289e-03	2.251780e+00
4.964000e-05	-9.693327e-03	2.104837e+00
4.965000e-05	-7.992590e-03	1.947445e+00
4.966000e-05	-8.457528e-03	1.747491e+00
4.967000e-05	-7.527262e-03	1.524921e+00
4.968000e-05	-5.442853e-03	1.336448e+00
4.969000e-05	-6.623853e-03	1.127497e+00
4.970000e-05	-6.486030e-03	8.744132e-01
4.971000e-05	-6.876549e-03	7.464184e-01
4.972000e-05	-4.374884e-03	5.364685e-01
4.973000e-05	-5.568132e-03	3.795462e-01
4.974000e-05	-5.038311e-03	1.594987e-01
4.975000e-05	-9.243195e-04	-1.579013e-03
4.976000e-05	3.958243e-03	-1.694222e-01
4.977000e-05	-2.029484e-03	-3.568184e-01
4.978000e-05	2.389570e-05	-4.556181e-01
4.979000e-05	1.404234e-04	-7.356632e-01
4.980000e-05	1.972986e-04	-8.626565e-01
4.981000e-05	-2.121705e-03	-1.052551e+00
4.982000e-05	5.623308e-03	-1.206949e+00
4.983000e-05	3.933686e-02	-1.389390e+00
4.984000e-05	7.902768e-02	-1.609446e+00
4.985000e-05	-7.082232e-02	-1.843057e+00
4.986000e-05	-6.714105e-03	-2.124293e+00
4.987000e-05	-8.387669e-02	-2.347296e+00
4.988000e-05	-2.235491e-02	-2.391026e+00
4.989000e-05	1.690738e-01	-2.441606e+00
4.990000e-05	-1.251493e-01	-2.663509e+00
4.991000e-05	1.579852e-02	-2.841526e+00
4.992000e-05	1.504722e-01	-2.958464e+00
4.993000e-05	-1.890428e-01	-3.207921e+00
4.994000e-05	6.757721e-02	-3.369495e+00
4.995000e-05	9.971264e-02	-3.534815e+00
4.996000e-05	-1.619144e-01	-3.754365e+00
4.997000e-05	1.441657e-01	-3.916288e+00
4.998000e-05	-1.766467e-02	-4.065187e+00
4.999000e-05	-6.860556e-02	-4.304212e+00
