# 260406_15:12:41.026203
t	CH1	CH2
0.000000e+00	-7.907040e-03	9.262910e-01
1.000000e-08	-6.817913e-03	6.431384e-01
2.000000e-08	-4.462248e-03	4.621555e-01
3.000000e-08	-3.720243e-03	2.316043e-01
4.000000e-08	-3.966602e-03	-2.250019e-02
5.000000e-08	7.058839e-03	-2.631052e-01
6.000000e-08	-2.368479e-03	-4.015749e-01
7.000000e-08	1.913221e-03	-6.661633e-01
8.000000e-08	-1.661999e-03	-9.148366e-01
9.000000e-08	2.516982e-03	-1.126740e+00
1.000000e-07	5.158617e-04	-1.299219e+00
1.100000e-07	1.114355e-02	-1.569921e+00
1.200000e-07	7.181481e-02	-1.769425e+00
1.300000e-07	4.998480e-02	-2.023024e+00
1.400000e-07	-8.136867e-02	-2.368950e+00
1.500000e-07	2.593672e-03	-2.685157e+00
1.600000e-07	-4.886900e-02	-2.853106e+00
1.700000e-07	-7.523480e-02	-3.081580e+00
1.800000e-07	1.445787e-01	-3.169946e+00
1.900000e-07	-5.509778e-03	-3.398323e+00
2.000000e-07	-8.268009e-02	-3.642052e+00
2.100000e-07	2.022245e-01	-3.811954e+00
2.200000e-07	-1.827127e-01	-4.044584e+00
2.300000e-07	9.323866e-02	-4.254638e+00
2.400000e-07	5.260334e-02	-4.484635e+00
2.500000e-07	-1.112551e-01	-4.717238e+00
2.600000e-07	1.681671e-01	-4.957812e+00
2.700000e-07	-9.860318e-02	-5.139797e+00
2.800000e-07	2.680876e-02	-5.505141e+00
2.900000e-07	5.996712e-02	-5.644159e+00
3.000000e-07	-1.046870e-01	-5.907739e+00
3.100000e-07	1.398404e-01	-6.073736e+00
3.200000e-07	-9.552607e-02	-6.329266e+00
3.300000e-07	7.595099e-02	-6.499371e+00
3.400000e-07	1.682087e-02	-6.758718e+00
3.500000e-07	-2.540239e-02	-6.980453e+00
3.600000e-07	1.104108e-01	-7.180875e+00
3.700000e-07	-1.152397e-01	-7.401427e+00
3.800000e-07	1.031306e-01	-7.600920e+00
3.900000e-07	-3.384274e-02	-7.811923e+00
4.000000e-07	3.815297e-02	-8.032476e+00
4.100000e-07	4.513224e-02	-8.179922e+00
4.200000e-07	-2.963691e-02	-8.350922e+00
4.300000e-07	6.550881e-02	-8.520240e+00
4.400000e-07	-4.634676e-02	-8.699717e+00
4.500000e-07	7.277366e-02	-8.905739e+00
4.600000e-07	-4.941993e-04	-9.054135e+00
4.700000e-07	3.853241e-02	-9.169953e+00
4.800000e-07	5.858215e-03	-9.321293e+00
4.900000e-07	5.284548e-03	-9.559820e+00
5.000000e-07	5.115194e-02	-9.657162e+00
5.100000e-07	2.185324e-03	-9.832583e+00
5.200000e-07	4.311727e-02	-9.958442e+00
5.300000e-07	5.514825e-04	-1.011929e+01
5.400000e-07	4.962941e-02	-1.022513e+01
5.500000e-07	6.626020e-03	-1.041553e+01
5.600000e-07	3.557214e-02	-1.057084e+01
5.700000e-07	2.393867e-02	-1.066559e+01
5.800000e-07	2.819823e-02	-1.079145e+01
5.900000e-07	2.200850e-02	-1.089976e+01
6.000000e-07	2.539272e-02	-1.099203e+01
6.100000e-07	4.623206e-02	-1.116294e+01
6.200000e-07	2.755149e-02	-1.126669e+01
6.300000e-07	3.382928e-02	-1.138345e+01
6.400000e-07	2.493567e-02	-1.153624e+01
6.500000e-07	4.269459e-02	-1.163650e+01
6.600000e-07	2.833413e-02	-1.176182e+01
6.700000e-07	3.744887e-02	-1.185611e+01
6.800000e-07	3.596536e-02	-1.189087e+01
6.900000e-07	3.947069e-02	-1.204558e+01
7.000000e-07	3.559887e-02	-1.210776e+01
7.100000e-07	4.269826e-02	-1.214240e+01
7.200000e-07	4.769845e-02	-1.220503e+01
7.300000e-07	4.191724e-02	-1.227719e+01
7.400000e-07	4.270726e-02	-1.231734e+01
7.500000e-07	4.117339e-02	-1.240398e+01
7.600000e-07	4.710270e-02	-1.242310e+01
7.700000e-07	4.411041e-02	-1.244816e+01
7.800000e-07	5.113047e-02	-1.252032e+01
7.900000e-07	5.230090e-02	-1.255240e+01
8.000000e-07	5.027650e-02	-1.257250e+01
8.100000e-07	5.198769e-02	-1.259303e+01
8.200000e-07	5.490299e-02	-1.262603e+01
8.300000e-07	5.723656e-02	-1.266608e+01
8.400000e-07	5.452145e-02	-1.266771e+01
8.500000e-07	5.640881e-02	-1.268919e+01
8.600000e-07	5.888713e-02	-1.270921e+01
8.700000e-07	5.948534e-02	-1.272976e+01
8.800000e-07	5.877301e-02	-1.269732e+01
8.900000e-07	6.520417e-02	-1.270766e+01
9.000000e-07	6.834837e-02	-1.268816e+01
9.100000e-07	6.684201e-02	-1.267716e+01
9.200000e-07	6.658855e-02	-1.263661e+01
9.300000e-07	7.066486e-02	-1.263558e+01
9.400000e-07	7.307935e-02	-1.261608e+01
9.500000e-07	7.658059e-02	-1.255245e+01
9.600000e-07	7.833234e-02	-1.251087e+01
9.700000e-07	8.234423e-02	-1.249773e+01
9.800000e-07	8.558679e-02	-1.241355e+01
9.900000e-07	9.083063e-02	-1.241040e+01
1.000000e-06	9.572825e-02	-1.229879e+01
1.010000e-06	9.746293e-02	-1.220553e+01
1.020000e-06	9.834918e-02	-1.217087e+01
1.030000e-06	9.920060e-02	-1.211827e+01
1.040000e-06	1.014982e-01	-1.202420e+01
1.050000e-06	1.044063e-01	-1.194036e+01
1.060000e-06	1.042539e-01	-1.187451e+01
1.070000e-06	9.959343e-02	-1.173990e+01
1.080000e-06	9.653299e-02	-1.162611e+01
1.090000e-06	9.411046e-02	-1.152832e+01
1.100000e-06	9.185429e-02	-1.140260e+01
1.110000e-06	8.740813e-02	-1.131774e+01
1.120000e-06	8.226625e-02	-1.118142e+01
1.130000e-06	7.601128e-02	-1.104206e+01
1.140000e-06	7.188357e-02	-1.091792e+01
1.150000e-06	7.009030e-02	-1.081305e+01
1.160000e-06	7.051429e-02	-1.070785e+01
1.170000e-06	6.455498e-02	-1.061363e+01
1.180000e-06	5.840564e-02	-1.048674e+01
1.190000e-06	5.456154e-02	-1.035989e+01
1.200000e-06	5.419882e-02	-1.021140e+01
1.210000e-06	5.163455e-02	-1.000413e+01
1.220000e-06	4.693103e-02	-9.906263e+00
1.230000e-06	4.361694e-02	-9.769473e+00
1.240000e-06	4.282271e-02	-9.644032e+00
1.250000e-06	4.194468e-02	-9.463237e+00
1.260000e-06	3.888730e-02	-9.267740e+00
1.270000e-06	3.655713e-02	-9.157840e+00
1.280000e-06	3.309109e-02	-8.970023e+00
1.290000e-06	3.043284e-02	-8.771631e+00
1.300000e-06	3.123764e-02	-8.643506e+00
1.310000e-06	3.006945e-02	-8.402607e+00
1.320000e-06	2.884108e-02	-8.243107e+00
1.330000e-06	2.513409e-02	-8.087335e+00
1.340000e-06	2.393660e-02	-7.885365e+00
1.350000e-06	2.200182e-02	-7.664685e+00
1.360000e-06	2.158330e-02	-7.476162e+00
1.370000e-06	2.133139e-02	-7.275662e+00
1.380000e-06	1.924536e-02	-7.067285e+00
1.390000e-06	1.769490e-02	-6.844634e+00
1.400000e-06	1.596336e-02	-6.683183e+00
1.410000e-06	1.625602e-02	-6.464711e+00
1.420000e-06	1.636683e-02	-6.296213e+00
1.430000e-06	1.315572e-02	-6.063606e+00
1.440000e-06	1.487283e-02	-5.855108e+00
1.450000e-06	1.333982e-02	-5.633679e+00
1.460000e-06	1.128846e-02	-5.444153e+00
1.470000e-06	1.139263e-02	-5.190523e+00
1.480000e-06	6.694495e-03	-4.939392e+00
1.490000e-06	9.689321e-03	-4.673161e+00
1.500000e-06	7.363197e-03	-4.484786e+00
1.510000e-06	8.719496e-03	-4.315691e+00
1.520000e-06	6.291213e-03	-4.075706e+00
1.530000e-06	6.659015e-03	-3.861682e+00
1.540000e-06	4.943347e-03	-3.620629e+00
1.550000e-06	5.268577e-03	-3.392499e+00
1.560000e-06	3.526766e-03	-3.197999e+00
1.570000e-06	3.151984e-03	-2.936416e+00
1.580000e-06	1.572693e-03	-2.704737e+00
1.590000e-06	2.023262e-03	-2.493760e+00
1.600000e-06	2.543771e-04	-2.223204e+00
1.610000e-06	2.132612e-03	-1.968971e+00
1.620000e-06	-5.720965e-04	-1.729023e+00
1.630000e-06	3.808437e-04	-1.568470e+00
1.640000e-06	-1.423793e-03	-1.252636e+00
1.650000e-06	-1.683677e-03	-1.029474e+00
1.660000e-06	-1.858145e-03	-7.699451e-01
1.670000e-06	-3.954218e-03	-5.458860e-01
1.680000e-06	-4.508689e-03	-3.142346e-01
1.690000e-06	-4.174989e-03	-8.473072e-02
1.700000e-06	1.957973e-03	1.573181e-01
1.710000e-06	3.340150e-03	3.905024e-01
1.720000e-06	-4.673761e-03	5.889774e-01
1.730000e-06	2.278560e-03	8.414236e-01
1.740000e-06	-5.340309e-03	1.043537e+00
1.750000e-06	-2.183030e-03	1.254709e+00
1.760000e-06	-5.439341e-03	1.539269e+00
1.770000e-06	7.698563e-03	1.730374e+00
1.780000e-06	4.513702e-02	1.979322e+00
1.790000e-06	6.139060e-02	2.180929e+00
1.800000e-06	-7.629514e-02	2.483533e+00
1.810000e-06	-2.837731e-02	2.738321e+00
1.820000e-06	-3.839884e-02	2.918875e+00
1.830000e-06	-5.090920e-02	3.128317e+00
1.840000e-06	-3.938641e-02	3.306263e+00
1.850000e-06	1.628497e-01	3.508268e+00
1.860000e-06	-1.359808e-01	3.716766e+00
1.870000e-06	3.250666e-02	3.899218e+00
1.880000e-06	7.298560e-02	4.149894e+00
1.890000e-06	-1.366349e-01	4.432972e+00
1.900000e-06	8.034080e-02	4.620898e+00
1.910000e-06	-2.642418e-02	4.825985e+00
1.920000e-06	-3.753759e-02	5.118246e+00
1.930000e-06	3.415511e-02	5.390874e+00
1.940000e-06	-4.816507e-02	5.590479e+00
1.950000e-06	1.091520e-02	5.831110e+00
1.960000e-06	-2.877830e-02	6.054134e+00
1.970000e-06	-2.147225e-02	6.264632e+00
1.980000e-06	-1.250109e-02	6.442560e+00
1.990000e-06	-2.313681e-02	6.679717e+00
2.000000e-06	3.130526e-02	6.916212e+00
2.010000e-06	-5.312640e-02	7.116766e+00
2.020000e-06	1.688319e-02	7.307687e+00
2.030000e-06	-3.597704e-02	7.518221e+00
2.040000e-06	-3.280196e-02	7.759370e+00
2.050000e-06	3.440132e-03	7.940272e+00
2.060000e-06	-2.857531e-02	8.171477e+00
2.070000e-06	-2.350074e-03	8.318772e+00
2.080000e-06	-3.641022e-02	8.467190e+00
2.090000e-06	-2.054093e-02	8.627058e+00
2.100000e-06	-2.443902e-02	8.821953e+00
2.110000e-06	-1.306907e-02	8.949946e+00
2.120000e-06	-1.917386e-02	9.128875e+00
2.130000e-06	-2.852685e-02	9.297764e+00
2.140000e-06	-1.393328e-02	9.475158e+00
2.150000e-06	-3.248195e-02	9.612505e+00
2.160000e-06	-2.628797e-02	9.771401e+00
2.170000e-06	-2.342053e-02	9.949747e+00
2.180000e-06	-2.304471e-02	1.004566e+01
2.190000e-06	-3.207923e-02	1.023346e+01
2.200000e-06	-3.030760e-02	1.037940e+01
2.210000e-06	-2.238075e-02	1.049966e+01
2.220000e-06	-3.068762e-02	1.059501e+01
2.230000e-06	-3.562557e-02	1.078090e+01
2.240000e-06	-3.241972e-02	1.090726e+01
2.250000e-06	-3.009314e-02	1.104305e+01
2.260000e-06	-3.452770e-02	1.111984e+01
2.270000e-06	-3.705568e-02	1.126711e+01
2.280000e-06	-3.158672e-02	1.132253e+01
2.290000e-06	-3.609055e-02	1.149832e+01
2.300000e-06	-4.001409e-02	1.163508e+01
2.310000e-06	-3.933368e-02	1.173227e+01
2.320000e-06	-3.714547e-02	1.184411e+01
2.330000e-06	-4.155494e-02	1.191839e+01
2.340000e-06	-4.371642e-02	1.203398e+01
2.350000e-06	-4.102758e-02	1.208971e+01
2.360000e-06	-4.388870e-02	1.214340e+01
2.370000e-06	-4.667710e-02	1.220405e+01
2.380000e-06	-4.514987e-02	1.234924e+01
2.390000e-06	-4.482727e-02	1.235288e+01
2.400000e-06	-4.872246e-02	1.243506e+01
2.410000e-06	-5.285155e-02	1.245624e+01
2.420000e-06	-5.155837e-02	1.252834e+01
2.430000e-06	-5.245618e-02	1.254137e+01
2.440000e-06	-5.343461e-02	1.259245e+01
2.450000e-06	-5.500652e-02	1.261410e+01
2.460000e-06	-5.613974e-02	1.262609e+01
2.470000e-06	-5.944315e-02	1.268719e+01
2.480000e-06	-6.033602e-02	1.272666e+01
2.490000e-06	-5.961815e-02	1.268771e+01
2.500000e-06	-6.102312e-02	1.270624e+01
2.510000e-06	-6.374601e-02	1.273932e+01
2.520000e-06	-6.632954e-02	1.273682e+01
2.530000e-06	-6.643672e-02	1.274032e+01
2.540000e-06	-6.775116e-02	1.271884e+01
2.550000e-06	-6.878018e-02	1.275730e+01
2.560000e-06	-7.096985e-02	1.273879e+01
2.570000e-06	-7.330537e-02	1.267679e+01
2.580000e-06	-7.658292e-02	1.267764e+01
2.590000e-06	-7.564481e-02	1.264561e+01
2.600000e-06	-8.035775e-02	1.261358e+01
2.610000e-06	-8.311162e-02	1.257350e+01
2.620000e-06	-8.763812e-02	1.257182e+01
2.630000e-06	-9.045204e-02	1.250837e+01
2.640000e-06	-9.363635e-02	1.250671e+01
2.650000e-06	-9.726386e-02	1.242661e+01
2.660000e-06	-9.919640e-02	1.235985e+01
2.670000e-06	-1.038184e-01	1.226679e+01
2.680000e-06	-1.080798e-01	1.217451e+01
2.690000e-06	-1.079630e-01	1.213135e+01
2.700000e-06	-1.090762e-01	1.205719e+01
2.710000e-06	-1.081723e-01	1.194942e+01
2.720000e-06	-1.081448e-01	1.184671e+01
2.730000e-06	-1.040460e-01	1.180296e+01
2.740000e-06	-1.028394e-01	1.167771e+01
2.750000e-06	-9.853607e-02	1.160050e+01
2.760000e-06	-9.585080e-02	1.146611e+01
2.770000e-06	-9.052333e-02	1.134887e+01
2.780000e-06	-8.642394e-02	1.122358e+01
2.790000e-06	-8.391472e-02	1.105769e+01
2.800000e-06	-7.908623e-02	1.101158e+01
2.810000e-06	-7.688455e-02	1.088624e+01
2.820000e-06	-7.031187e-02	1.073040e+01
2.830000e-06	-7.005939e-02	1.064558e+01
2.840000e-06	-6.435706e-02	1.050869e+01
2.850000e-06	-6.133445e-02	1.035889e+01
2.860000e-06	-5.748277e-02	1.020210e+01
2.870000e-06	-5.583462e-02	1.008622e+01
2.880000e-06	-5.368323e-02	9.960921e+00
2.890000e-06	-5.137580e-02	9.822976e+00
2.900000e-06	-4.785916e-02	9.584529e+00
2.910000e-06	-4.636199e-02	9.433635e+00
2.920000e-06	-4.550722e-02	9.297290e+00
2.930000e-06	-4.400923e-02	9.149451e+00
2.940000e-06	-3.943226e-02	8.980454e+00
2.950000e-06	-3.884690e-02	8.761501e+00
2.960000e-06	-3.690518e-02	8.582479e+00
2.970000e-06	-3.631759e-02	8.464686e+00
2.980000e-06	-3.332442e-02	8.255287e+00
2.990000e-06	-3.287668e-02	8.137217e+00
3.000000e-06	-3.249092e-02	7.906711e+00
3.010000e-06	-3.101506e-02	7.716787e+00
3.020000e-06	-2.914993e-02	7.496665e+00
3.030000e-06	-2.769024e-02	7.252663e+00
3.040000e-06	-2.706997e-02	7.074711e+00
3.050000e-06	-2.591547e-02	6.895659e+00
3.060000e-06	-2.518096e-02	6.706193e+00
3.070000e-06	-2.395957e-02	6.425237e+00
3.080000e-06	-2.356894e-02	6.255656e+00
3.090000e-06	-2.252328e-02	6.074710e+00
3.100000e-06	-2.288849e-02	5.886183e+00
3.110000e-06	-2.111794e-02	5.633616e+00
3.120000e-06	-1.926693e-02	5.454079e+00
3.130000e-06	-1.966430e-02	5.161002e+00
3.140000e-06	-1.772602e-02	4.927895e+00
3.150000e-06	-1.694701e-02	4.726866e+00
3.160000e-06	-1.599676e-02	4.506261e+00
3.170000e-06	-1.790629e-02	4.335189e+00
3.180000e-06	-1.578995e-02	4.051054e+00
3.190000e-06	-1.371979e-02	3.812524e+00
3.200000e-06	-1.258447e-02	3.601127e+00
3.210000e-06	-1.365891e-02	3.397977e+00
3.220000e-06	-1.322782e-02	3.156813e+00
3.230000e-06	-1.113570e-02	2.916792e+00
3.240000e-06	-1.052151e-02	2.727366e+00
3.250000e-06	-1.081182e-02	2.432657e+00
3.260000e-06	-1.065817e-02	2.200079e+00
3.270000e-06	-8.027462e-03	1.939501e+00
3.280000e-06	-8.402400e-03	1.745370e+00
3.290000e-06	-8.785529e-03	1.505666e+00
3.300000e-06	-8.580472e-03	1.264684e+00
3.310000e-06	-6.686233e-03	9.689715e-01
3.320000e-06	-5.936826e-03	7.063434e-01
3.330000e-06	-6.253862e-03	4.858184e-01
3.340000e-06	-3.676290e-03	3.041859e-01
3.350000e-06	-2.703386e-03	1.027719e-03
3.360000e-06	4.408525e-03	-1.694735e-01
3.370000e-06	1.226782e-03	-3.899486e-01
3.380000e-06	-1.910176e-03	-6.595286e-01
3.390000e-06	1.655826e-03	-8.332314e-01
3.400000e-06	1.062175e-03	-1.063705e+00
3.410000e-06	1.023734e-03	-1.236637e+00
3.420000e-06	4.698315e-03	-1.518466e+00
3.430000e-06	5.254844e-02	-1.727341e+00
3.440000e-06	8.406424e-02	-1.937368e+00
3.450000e-06	-8.021956e-02	-2.276139e+00
3.460000e-06	-3.676394e-03	-2.630052e+00
3.470000e-06	-4.078238e-02	-2.832454e+00
3.480000e-06	-7.527542e-02	-2.992045e+00
3.490000e-06	7.786839e-02	-3.168471e+00
3.500000e-06	9.790968e-02	-3.296264e+00
3.510000e-06	-1.725506e-01	-3.539349e+00
3.520000e-06	2.023836e-01	-3.687763e+00
3.530000e-06	-1.225713e-01	-4.020973e+00
3.540000e-06	4.933252e-03	-4.254107e+00
3.550000e-06	1.249683e-01	-4.422527e+00
3.560000e-06	-1.355418e-01	-4.645631e+00
3.570000e-06	1.325851e-01	-4.875188e+00
3.580000e-06	-1.493525e-02	-5.087237e+00
3.590000e-06	-6.066962e-02	-5.453001e+00
3.600000e-06	1.267638e-01	-5.623054e+00
3.610000e-06	-1.332565e-01	-5.855159e+00
3.620000e-06	1.270027e-01	-6.014476e+00
3.630000e-06	-4.885249e-02	-6.275584e+00
3.640000e-06	1.181382e-02	-6.527209e+00
3.650000e-06	7.880553e-02	-6.677135e+00
3.660000e-06	-7.495698e-02	-6.967291e+00
3.670000e-06	1.343745e-01	-7.169320e+00
3.680000e-06	-9.993957e-02	-7.318342e+00
3.690000e-06	5.884646e-02	-7.508816e+00
3.700000e-06	1.512217e-02	-7.710268e+00
3.710000e-06	-1.351666e-02	-7.990447e+00
3.720000e-06	8.530450e-02	-8.128816e+00
3.730000e-06	-5.046941e-02	-8.337297e+00
3.740000e-06	7.312615e-02	-8.466662e+00
3.750000e-06	-4.026494e-02	-8.606235e+00
3.760000e-06	5.038739e-02	-8.854582e+00
3.770000e-06	2.289267e-02	-9.013996e+00
3.780000e-06	1.636336e-02	-9.140418e+00
3.790000e-06	3.162540e-02	-9.299741e+00
3.800000e-06	-1.752649e-02	-9.457214e+00
3.810000e-06	6.130608e-02	-9.653083e+00
3.820000e-06	-2.372239e-03	-9.770873e+00
3.830000e-06	4.540151e-02	-9.907813e+00
3.840000e-06	8.043588e-04	-1.007619e+01
3.850000e-06	4.280082e-02	-1.017398e+01
3.860000e-06	1.556067e-02	-1.039200e+01
3.870000e-06	2.879990e-02	-1.049932e+01
3.880000e-06	3.166991e-02	-1.063353e+01
3.890000e-06	2.351559e-02	-1.076937e+01
3.900000e-06	2.661335e-02	-1.088669e+01
3.910000e-06	1.831263e-02	-1.098353e+01
3.920000e-06	4.839895e-02	-1.113884e+01
3.930000e-06	2.358843e-02	-1.130808e+01
3.940000e-06	3.765528e-02	-1.136045e+01
3.950000e-06	2.297299e-02	-1.144769e+01
3.960000e-06	4.406075e-02	-1.159243e+01
3.970000e-06	3.043228e-02	-1.171024e+01
3.980000e-06	3.666252e-02	-1.178503e+01
3.990000e-06	3.854254e-02	-1.193834e+01
4.000000e-06	3.710824e-02	-1.201548e+01
4.010000e-06	3.849799e-02	-1.208631e+01
4.020000e-06	3.743804e-02	-1.214132e+01
4.030000e-06	4.802484e-02	-1.219248e+01
4.040000e-06	4.015817e-02	-1.226716e+01
4.050000e-06	4.508204e-02	-1.231936e+01
4.060000e-06	4.118329e-02	-1.235940e+01
4.070000e-06	4.871705e-02	-1.242508e+01
4.080000e-06	4.546194e-02	-1.248768e+01
4.090000e-06	5.026454e-02	-1.250929e+01
4.100000e-06	4.851060e-02	-1.254287e+01
4.110000e-06	4.722271e-02	-1.256348e+01
4.120000e-06	5.210055e-02	-1.260398e+01
4.130000e-06	5.399258e-02	-1.262553e+01
4.140000e-06	5.601423e-02	-1.263558e+01
4.150000e-06	5.545419e-02	-1.266669e+01
4.160000e-06	5.837181e-02	-1.266776e+01
4.170000e-06	5.983706e-02	-1.271729e+01
4.180000e-06	5.847767e-02	-1.271731e+01
4.190000e-06	6.049913e-02	-1.268922e+01
4.200000e-06	6.218598e-02	-1.270882e+01
4.210000e-06	6.513220e-02	-1.270866e+01
4.220000e-06	6.573493e-02	-1.268859e+01
4.230000e-06	6.782860e-02	-1.263753e+01
4.240000e-06	7.218239e-02	-1.260556e+01
4.250000e-06	7.193349e-02	-1.259555e+01
4.260000e-06	7.457123e-02	-1.258240e+01
4.270000e-06	7.885648e-02	-1.251135e+01
4.280000e-06	8.320031e-02	-1.246914e+01
4.290000e-06	8.508902e-02	-1.243611e+01
4.300000e-06	8.826292e-02	-1.237145e+01
4.310000e-06	9.241024e-02	-1.232679e+01
4.320000e-06	9.616682e-02	-1.225656e+01
4.330000e-06	9.771809e-02	-1.220255e+01
4.340000e-06	1.016960e-01	-1.212034e+01
4.350000e-06	1.023507e-01	-1.204416e+01
4.360000e-06	1.042864e-01	-1.195150e+01
4.370000e-06	1.032089e-01	-1.188666e+01
4.380000e-06	1.001345e-01	-1.174045e+01
4.390000e-06	9.697015e-02	-1.168814e+01
4.400000e-06	9.348124e-02	-1.154947e+01
4.410000e-06	9.165992e-02	-1.139300e+01
4.420000e-06	8.758574e-02	-1.134869e+01
4.430000e-06	8.304775e-02	-1.119200e+01
4.440000e-06	7.941441e-02	-1.105616e+01
4.450000e-06	7.638862e-02	-1.099989e+01
4.460000e-06	7.018163e-02	-1.084368e+01
4.470000e-06	6.736396e-02	-1.075992e+01
4.480000e-06	6.398215e-02	-1.059263e+01
4.490000e-06	6.134727e-02	-1.052881e+01
4.500000e-06	5.670300e-02	-1.039193e+01
4.510000e-06	5.334834e-02	-1.020396e+01
4.520000e-06	5.196674e-02	-1.008626e+01
4.530000e-06	4.965846e-02	-9.918866e+00
4.540000e-06	4.523115e-02	-9.782974e+00
4.550000e-06	4.268229e-02	-9.684636e+00
4.560000e-06	4.125125e-02	-9.487841e+00
4.570000e-06	3.981383e-02	-9.349395e+00
4.580000e-06	3.539681e-02	-9.179945e+00
4.590000e-06	3.440762e-02	-9.013477e+00
4.600000e-06	3.173190e-02	-8.824183e+00
4.610000e-06	3.091090e-02	-8.656686e+00
4.620000e-06	2.942867e-02	-8.446212e+00
4.630000e-06	2.746387e-02	-8.307787e+00
4.640000e-06	2.696569e-02	-8.108869e+00
4.650000e-06	2.578762e-02	-7.939497e+00
4.660000e-06	2.387824e-02	-7.718720e+00
4.670000e-06	2.210106e-02	-7.545865e+00
4.680000e-06	2.040359e-02	-7.317860e+00
4.690000e-06	1.976543e-02	-7.135868e+00
4.700000e-06	1.784537e-02	-6.916764e+00
4.710000e-06	1.616653e-02	-6.696812e+00
4.720000e-06	1.699044e-02	-6.527263e+00
4.730000e-06	1.573800e-02	-6.348441e+00
4.740000e-06	1.584859e-02	-6.096292e+00
4.750000e-06	1.241878e-02	-5.946787e+00
4.760000e-06	1.223681e-02	-5.695111e+00
4.770000e-06	1.095789e-02	-5.494363e+00
4.780000e-06	1.267312e-02	-5.223555e+00
4.790000e-06	9.331032e-03	-4.999572e+00
4.800000e-06	6.916391e-03	-4.685865e+00
4.810000e-06	8.808215e-03	-4.526840e+00
4.820000e-06	6.790621e-03	-4.316816e+00
4.830000e-06	7.242592e-03	-4.125192e+00
4.840000e-06	5.760211e-03	-3.946865e+00
4.850000e-06	5.945367e-03	-3.644160e+00
4.860000e-06	6.743383e-03	-3.484710e+00
4.870000e-06	5.362779e-03	-3.213029e+00
4.880000e-06	9.979869e-04	-2.960995e+00
4.890000e-06	1.664026e-03	-2.777422e+00
4.900000e-06	1.837358e-03	-2.496341e+00
4.910000e-06	1.976936e-03	-2.254785e+00
4.920000e-06	3.090250e-04	-2.032156e+00
4.930000e-06	1.585451e-04	-1.832050e+00
4.940000e-06	4.103444e-04	-1.641079e+00
4.950000e-06	-4.853023e-04	-1.328365e+00
4.960000e-06	-1.958542e-03	-1.024134e+00
4.970000e-06	-2.553287e-03	-8.311302e-01
4.980000e-06	-3.436813e-03	-5.605926e-01
4.990000e-06	-3.707758e-03	-3.294687e-01
5.000000e-06	-3.394435e-03	-8.594112e-02
5.010000e-06	-5.098509e-04	1.451840e-01
5.020000e-06	5.598755e-03	3.488482e-01
5.030000e-06	-7.063759e-03	5.378182e-01
5.040000e-06	2.947531e-03	7.684496e-01
5.050000e-06	-5.186962e-03	9.984235e-01
5.060000e-06	-9.998867e-04	1.252080e+00
5.070000e-06	-5.900814e-03	1.462632e+00
5.080000e-06	2.898715e-03	1.757817e+00
5.090000e-06	3.057788e-02	1.926791e+00
5.100000e-06	7.473492e-02	2.126369e+00
5.110000e-06	-5.592644e-02	2.370575e+00
5.120000e-06	-4.341962e-02	2.676692e+00
5.130000e-06	-3.468420e-02	2.896369e+00
5.140000e-06	-3.793169e-02	3.175741e+00
5.150000e-06	-7.059374e-02	3.252654e+00
5.160000e-06	1.459248e-01	3.495163e+00
5.170000e-06	-6.033368e-02	3.623665e+00
5.180000e-06	-6.546467e-02	3.835035e+00
5.190000e-06	1.444144e-01	4.127238e+00
5.200000e-06	-1.478187e-01	4.370372e+00
5.210000e-06	4.787401e-02	4.541423e+00
5.220000e-06	1.701647e-02	4.762476e+00
5.230000e-06	-6.375251e-02	5.036590e+00
5.240000e-06	3.984790e-02	5.308694e+00
5.250000e-06	-4.152712e-02	5.558846e+00
5.260000e-06	3.633039e-04	5.789343e+00
5.270000e-06	-1.190616e-02	6.001951e+00
5.280000e-06	-3.419097e-02	6.232506e+00
5.290000e-06	-3.057698e-03	6.402003e+00
5.300000e-06	-3.612994e-02	6.653553e+00
5.310000e-06	3.336086e-02	6.853608e+00
5.320000e-06	-4.101010e-02	7.056617e+00
5.330000e-06	-2.920589e-03	7.283534e+00
5.340000e-06	-1.006189e-02	7.427485e+00
5.350000e-06	-5.183375e-02	7.686110e+00
5.360000e-06	9.741286e-03	7.935739e+00
5.370000e-06	-2.900059e-02	8.198715e+00
5.380000e-06	-4.974434e-03	8.275691e+00
5.390000e-06	-2.798487e-02	8.494636e+00
5.400000e-06	-2.845434e-02	8.612008e+00
5.410000e-06	-1.784470e-02	8.760351e+00
5.420000e-06	-2.283647e-02	8.918868e+00
5.430000e-06	-1.133395e-02	9.128218e+00
5.440000e-06	-3.238136e-02	9.285613e+00
5.450000e-06	-1.301573e-02	9.424106e+00
5.460000e-06	-2.821805e-02	9.659895e+00
5.470000e-06	-2.952513e-02	9.699249e+00
5.480000e-06	-2.066652e-02	9.898714e+00
5.490000e-06	-2.572658e-02	1.007563e+01
5.500000e-06	-2.696398e-02	1.019250e+01
5.510000e-06	-3.575139e-02	1.030934e+01
5.520000e-06	-2.106670e-02	1.050759e+01
5.530000e-06	-3.056062e-02	1.059200e+01
5.540000e-06	-3.203980e-02	1.074987e+01
5.550000e-06	-3.462171e-02	1.087626e+01
5.560000e-06	-2.987825e-02	1.098145e+01
5.570000e-06	-3.441024e-02	1.108674e+01
5.580000e-06	-3.772553e-02	1.125606e+01
5.590000e-06	-3.069308e-02	1.133140e+01
5.600000e-06	-3.525527e-02	1.144772e+01
5.610000e-06	-3.766252e-02	1.161190e+01
5.620000e-06	-4.148931e-02	1.171834e+01
5.630000e-06	-3.784926e-02	1.183448e+01
5.640000e-06	-4.135792e-02	1.186629e+01
5.650000e-06	-4.294475e-02	1.198293e+01
5.660000e-06	-4.196055e-02	1.207711e+01
5.670000e-06	-4.414927e-02	1.212190e+01
5.680000e-06	-4.483312e-02	1.217398e+01
5.690000e-06	-4.661801e-02	1.229569e+01
5.700000e-06	-4.297705e-02	1.235932e+01
5.710000e-06	-5.066715e-02	1.244356e+01
5.720000e-06	-5.042740e-02	1.250614e+01
5.730000e-06	-5.244045e-02	1.249732e+01
5.740000e-06	-5.119954e-02	1.250935e+01
5.750000e-06	-5.261007e-02	1.258247e+01
5.760000e-06	-5.631168e-02	1.259255e+01
5.770000e-06	-5.445088e-02	1.264566e+01
5.780000e-06	-6.095331e-02	1.267616e+01
5.790000e-06	-5.950621e-02	1.267819e+01
5.800000e-06	-6.062229e-02	1.271724e+01
5.810000e-06	-5.966872e-02	1.271674e+01
5.820000e-06	-6.445297e-02	1.269827e+01
5.830000e-06	-6.529797e-02	1.269927e+01
5.840000e-06	-6.648465e-02	1.275037e+01
5.850000e-06	-6.748362e-02	1.274985e+01
5.860000e-06	-6.914179e-02	1.275832e+01
5.870000e-06	-7.088144e-02	1.272977e+01
5.880000e-06	-7.188293e-02	1.271776e+01
5.890000e-06	-7.563713e-02	1.267774e+01
5.900000e-06	-7.657126e-02	1.266566e+01
5.910000e-06	-7.945679e-02	1.261511e+01
5.920000e-06	-8.243600e-02	1.262310e+01
5.930000e-06	-8.563840e-02	1.255995e+01
5.940000e-06	-8.884387e-02	1.254885e+01
5.950000e-06	-9.266823e-02	1.250827e+01
5.960000e-06	-9.704666e-02	1.242413e+01
5.970000e-06	-9.862877e-02	1.238048e+01
5.980000e-06	-1.033317e-01	1.228722e+01
5.990000e-06	-1.063074e-01	1.223463e+01
6.000000e-06	-1.092371e-01	1.212132e+01
6.010000e-06	-1.087940e-01	1.205676e+01
6.020000e-06	-1.089690e-01	1.200208e+01
6.030000e-06	-1.082614e-01	1.185826e+01
6.040000e-06	-1.060301e-01	1.184250e+01
6.050000e-06	-1.034893e-01	1.172885e+01
6.060000e-06	-9.943556e-02	1.161266e+01
6.070000e-06	-9.599524e-02	1.147559e+01
6.080000e-06	-9.157221e-02	1.137098e+01
6.090000e-06	-8.848394e-02	1.124464e+01
6.100000e-06	-8.545478e-02	1.112839e+01
6.110000e-06	-8.059818e-02	1.101458e+01
6.120000e-06	-7.514927e-02	1.093830e+01
6.130000e-06	-7.301957e-02	1.079258e+01
6.140000e-06	-6.983881e-02	1.068563e+01
6.150000e-06	-6.572747e-02	1.048932e+01
6.160000e-06	-6.155818e-02	1.038201e+01
6.170000e-06	-5.917318e-02	1.021514e+01
6.180000e-06	-5.767538e-02	1.010879e+01
6.190000e-06	-5.273156e-02	9.970550e+00
6.200000e-06	-5.133176e-02	9.864129e+00
6.210000e-06	-4.985651e-02	9.674562e+00
6.220000e-06	-4.779492e-02	9.486214e+00
6.230000e-06	-4.447394e-02	9.340320e+00
6.240000e-06	-4.246365e-02	9.210532e+00
6.250000e-06	-4.124969e-02	9.081634e+00
6.260000e-06	-3.907600e-02	8.825608e+00
6.270000e-06	-3.750901e-02	8.653657e+00
6.280000e-06	-3.618577e-02	8.508264e+00
6.290000e-06	-3.581137e-02	8.306844e+00
6.300000e-06	-3.393517e-02	8.118848e+00
6.310000e-06	-3.251466e-02	7.957415e+00
6.320000e-06	-3.045012e-02	7.759391e+00
6.330000e-06	-3.004045e-02	7.599946e+00
6.340000e-06	-2.835990e-02	7.296844e+00
6.350000e-06	-2.698421e-02	7.108319e+00
6.360000e-06	-2.612790e-02	6.948766e+00
6.370000e-06	-2.593897e-02	6.746920e+00
6.380000e-06	-2.460428e-02	6.516820e+00
6.390000e-06	-2.289826e-02	6.315262e+00
6.400000e-06	-2.211902e-02	6.137241e+00
6.410000e-06	-2.187401e-02	5.965891e+00
6.420000e-06	-2.103743e-02	5.696241e+00
6.430000e-06	-2.051647e-02	5.485288e+00
6.440000e-06	-1.951043e-02	5.263710e+00
6.450000e-06	-1.903366e-02	5.009479e+00
6.460000e-06	-1.827974e-02	4.737969e+00
6.470000e-06	-1.687636e-02	4.538815e+00
6.480000e-06	-1.603225e-02	4.307869e+00
6.490000e-06	-1.523413e-02	4.076265e+00
6.500000e-06	-1.456933e-02	3.832658e+00
6.510000e-06	-1.399967e-02	3.652686e+00
6.520000e-06	-1.331544e-02	3.454106e+00
6.530000e-06	-1.322614e-02	3.181499e+00
6.540000e-06	-1.274997e-02	2.989520e+00
6.550000e-06	-1.107326e-02	2.778950e+00
6.560000e-06	-1.037626e-02	2.505769e+00
6.570000e-06	-9.098805e-03	2.244236e+00
6.580000e-06	-8.744205e-03	2.062554e+00
6.590000e-06	-8.977318e-03	1.830079e+00
6.600000e-06	-7.949013e-03	1.526998e+00
6.610000e-06	-8.039965e-03	1.296266e+00
6.620000e-06	-7.018396e-03	1.090658e+00
6.630000e-06	-7.349577e-03	7.504251e-01
6.640000e-06	-5.554213e-03	5.364474e-01
6.650000e-06	-4.943147e-03	3.663936e-01
6.660000e-06	-4.269677e-03	8.236068e-02
6.670000e-06	2.148730e-03	-1.483669e-01
6.680000e-06	5.546561e-03	-3.468957e-01
6.690000e-06	-3.468177e-03	-5.573942e-01
6.700000e-06	3.594328e-03	-8.109749e-01
6.710000e-06	-2.432418e-03	-9.809048e-01
6.720000e-06	3.248541e-03	-1.242526e+00
6.730000e-06	7.642570e-04	-1.534110e+00
6.740000e-06	3.573366e-02	-1.685234e+00
6.750000e-06	9.992263e-02	-1.886183e+00
6.760000e-06	-5.770821e-02	-2.212478e+00
6.770000e-06	-2.344824e-02	-2.547917e+00
6.780000e-06	-2.749343e-02	-2.769422e+00
6.790000e-06	-6.450092e-02	-2.970818e+00
6.800000e-06	8.841260e-03	-3.138365e+00
6.810000e-06	1.747921e-01	-3.273609e+00
6.820000e-06	-1.827551e-01	-3.525267e+00
6.830000e-06	1.396218e-01	-3.706686e+00
6.840000e-06	-4.317078e-02	-3.918319e+00
6.850000e-06	-9.371223e-02	-4.179947e+00
6.860000e-06	1.729372e-01	-4.369947e+00
6.870000e-06	-1.171391e-01	-4.619926e+00
6.880000e-06	6.136557e-02	-4.853632e+00
6.890000e-06	7.547918e-02	-5.003083e+00
6.900000e-06	-1.285906e-01	-5.350818e+00
6.910000e-06	1.529925e-01	-5.541996e+00
6.920000e-06	-1.198852e-01	-5.812424e+00
6.930000e-06	7.373740e-02	-6.031950e+00
6.940000e-06	2.180093e-02	-6.212499e+00
6.950000e-06	-5.231337e-02	-6.453607e+00
6.960000e-06	1.207027e-01	-6.634029e+00
6.970000e-06	-9.001564e-02	-6.876605e+00
6.980000e-06	1.170960e-01	-7.087738e+00
6.990000e-06	-5.115347e-02	-7.318237e+00
7.000000e-06	-5.585382e-03	-7.498291e+00
7.010000e-06	7.126340e-02	-7.675633e+00
7.020000e-06	-5.212879e-02	-7.949720e+00
7.030000e-06	1.021727e-01	-8.097790e+00
7.040000e-06	-4.809053e-02	-8.266084e+00
7.050000e-06	5.792695e-02	-8.446679e+00
7.060000e-06	-1.297975e-02	-8.593953e+00
7.070000e-06	1.569118e-02	-8.823125e+00
7.080000e-06	5.132136e-02	-8.969945e+00
7.090000e-06	-3.390714e-03	-9.118364e+00
7.100000e-06	4.949810e-02	-9.305708e+00
7.110000e-06	-2.677200e-02	-9.406184e+00
7.120000e-06	5.686008e-02	-9.605127e+00
7.130000e-06	5.981217e-03	-9.770822e+00
7.140000e-06	3.703056e-02	-9.906138e+00
7.150000e-06	1.161993e-02	-1.001558e+01
7.160000e-06	2.847871e-02	-1.018243e+01
7.170000e-06	2.845146e-02	-1.030982e+01
7.180000e-06	1.715901e-02	-1.049666e+01
7.190000e-06	3.923434e-02	-1.060405e+01
7.200000e-06	1.914536e-02	-1.072785e+01
7.210000e-06	3.331570e-02	-1.088813e+01
7.220000e-06	1.468081e-02	-1.094095e+01
7.230000e-06	4.552152e-02	-1.110879e+01
7.240000e-06	2.698823e-02	-1.123508e+01
7.250000e-06	3.414697e-02	-1.132832e+01
7.260000e-06	2.733202e-02	-1.145559e+01
7.270000e-06	3.922712e-02	-1.159235e+01
7.280000e-06	3.535500e-02	-1.168018e+01
7.290000e-06	3.301579e-02	-1.171292e+01
7.300000e-06	4.044983e-02	-1.186879e+01
7.310000e-06	3.587920e-02	-1.197303e+01
7.320000e-06	3.977374e-02	-1.206571e+01
7.330000e-06	3.473115e-02	-1.214137e+01
7.340000e-06	4.885924e-02	-1.222198e+01
7.350000e-06	4.116422e-02	-1.224718e+01
7.360000e-06	4.436701e-02	-1.232674e+01
7.370000e-06	3.926800e-02	-1.237895e+01
7.380000e-06	4.723928e-02	-1.243305e+01
7.390000e-06	4.662836e-02	-1.248566e+01
7.400000e-06	4.831700e-02	-1.248984e+01
7.410000e-06	5.192270e-02	-1.252135e+01
7.420000e-06	4.857061e-02	-1.254293e+01
7.430000e-06	5.110100e-02	-1.255443e+01
7.440000e-06	5.188242e-02	-1.263548e+01
7.450000e-06	5.656621e-02	-1.262466e+01
7.460000e-06	5.480163e-02	-1.262712e+01
7.470000e-06	5.762518e-02	-1.266764e+01
7.480000e-06	5.943164e-02	-1.270824e+01
7.490000e-06	5.964484e-02	-1.272779e+01
7.500000e-06	5.900134e-02	-1.273867e+01
7.510000e-06	6.085714e-02	-1.269727e+01
7.520000e-06	6.574413e-02	-1.265864e+01
7.530000e-06	6.593124e-02	-1.264716e+01
7.540000e-06	6.698764e-02	-1.266619e+01
7.550000e-06	6.987581e-02	-1.262761e+01
7.560000e-06	7.352425e-02	-1.261558e+01
7.570000e-06	7.417385e-02	-1.256400e+01
7.580000e-06	7.858700e-02	-1.253337e+01
7.590000e-06	8.033379e-02	-1.248074e+01
7.600000e-06	8.484913e-02	-1.244713e+01
7.610000e-06	8.794256e-02	-1.241493e+01
7.620000e-06	9.238878e-02	-1.231889e+01
7.630000e-06	9.500495e-02	-1.225723e+01
7.640000e-06	9.698607e-02	-1.221445e+01
7.650000e-06	1.010358e-01	-1.213885e+01
7.660000e-06	1.025751e-01	-1.207579e+01
7.670000e-06	1.036346e-01	-1.198302e+01
7.680000e-06	1.028391e-01	-1.190674e+01
7.690000e-06	1.015625e-01	-1.183345e+01
7.700000e-06	9.833011e-02	-1.166866e+01
7.710000e-06	9.455372e-02	-1.158193e+01
7.720000e-06	9.208431e-02	-1.146458e+01
7.730000e-06	8.956768e-02	-1.135934e+01
7.740000e-06	8.539756e-02	-1.123455e+01
7.750000e-06	7.931395e-02	-1.107869e+01
7.760000e-06	7.517604e-02	-1.102147e+01
7.770000e-06	7.161896e-02	-1.086571e+01
7.780000e-06	6.800423e-02	-1.075050e+01
7.790000e-06	6.544382e-02	-1.065419e+01
7.800000e-06	6.105401e-02	-1.052882e+01
7.810000e-06	5.752991e-02	-1.042308e+01
7.820000e-06	5.567645e-02	-1.027611e+01
7.830000e-06	5.233758e-02	-1.009829e+01
7.840000e-06	4.885341e-02	-9.979919e+00
7.850000e-06	4.595932e-02	-9.812579e+00
7.860000e-06	4.297472e-02	-9.715266e+00
7.870000e-06	4.129123e-02	-9.508365e+00
7.880000e-06	3.933830e-02	-9.340449e+00
7.890000e-06	3.831339e-02	-9.201950e+00
7.900000e-06	3.614365e-02	-9.023584e+00
7.910000e-06	3.305027e-02	-8.858713e+00
7.920000e-06	3.069100e-02	-8.696258e+00
7.930000e-06	2.953269e-02	-8.526891e+00
7.940000e-06	2.875536e-02	-8.358366e+00
7.950000e-06	2.643610e-02	-8.148970e+00
7.960000e-06	2.468538e-02	-7.991625e+00
7.970000e-06	2.380069e-02	-7.799974e+00
7.980000e-06	2.324127e-02	-7.559870e+00
7.990000e-06	2.176467e-02	-7.389496e+00
8.000000e-06	1.905601e-02	-7.150922e+00
8.010000e-06	1.828166e-02	-6.989873e+00
8.020000e-06	1.813689e-02	-6.740921e+00
8.030000e-06	1.641742e-02	-6.559020e+00
8.040000e-06	1.509990e-02	-6.371998e+00
8.050000e-06	1.443943e-02	-6.161419e+00
8.060000e-06	1.380865e-02	-5.938890e+00
8.070000e-06	1.310720e-02	-5.716713e+00
8.080000e-06	1.093517e-02	-5.569370e+00
8.090000e-06	1.161468e-02	-5.286262e+00
8.100000e-06	1.061111e-02	-5.053681e+00
8.110000e-06	8.921170e-03	-4.789472e+00
8.120000e-06	9.786889e-03	-4.558366e+00
8.130000e-06	6.617503e-03	-4.390449e+00
8.140000e-06	6.579702e-03	-4.219969e+00
8.150000e-06	4.843958e-03	-3.958020e+00
8.160000e-06	6.415206e-03	-3.716817e+00
8.170000e-06	5.251842e-03	-3.536390e+00
8.180000e-06	3.364151e-03	-3.304810e+00
8.190000e-06	4.763644e-03	-3.084201e+00
8.200000e-06	1.962111e-03	-2.809524e+00
8.210000e-06	2.872603e-03	-2.599448e+00
8.220000e-06	-9.719017e-04	-2.348318e+00
8.230000e-06	1.788862e-03	-2.113840e+00
8.240000e-06	5.380000e-05	-1.903237e+00
8.250000e-06	-8.376878e-04	-1.673206e+00
8.260000e-06	-9.925662e-04	-1.400080e+00
8.270000e-06	-5.435820e-04	-1.136386e+00
8.280000e-06	-2.564088e-03	-8.747094e-01
8.290000e-06	-4.619830e-03	-7.140795e-01
8.300000e-06	-4.651463e-03	-3.900201e-01
8.310000e-06	-2.568758e-03	-1.890239e-01
8.320000e-06	-1.279986e-03	2.255400e-02
8.330000e-06	5.328139e-03	2.736918e-01
8.340000e-06	-4.622554e-03	4.961892e-01
8.350000e-06	1.302076e-03	7.377907e-01
8.360000e-06	-4.771392e-03	9.352942e-01
8.370000e-06	-2.287407e-03	1.201400e+00
8.380000e-06	-5.088906e-03	1.381554e+00
8.390000e-06	8.165801e-04	1.665170e+00
8.400000e-06	2.067301e-02	1.875087e+00
8.410000e-06	7.502950e-02	2.074258e+00
8.420000e-06	-2.207056e-02	2.366346e+00
8.430000e-06	-6.173102e-02	2.662057e+00
8.440000e-06	-2.812164e-02	2.873686e+00
8.450000e-06	-3.346978e-02	3.074114e+00
8.460000e-06	-8.098268e-02	3.232028e+00
8.470000e-06	9.918145e-02	3.370404e+00
8.480000e-06	3.186088e-02	3.644076e+00
8.490000e-06	-1.452157e-01	3.881478e+00
8.500000e-06	1.705922e-01	4.022081e+00
8.510000e-06	-1.194352e-01	4.307793e+00
8.520000e-06	-7.017060e-03	4.495264e+00
8.530000e-06	5.668684e-02	4.739320e+00
8.540000e-06	-7.605877e-02	4.961552e+00
8.550000e-06	3.197476e-02	5.245689e+00
8.560000e-06	-2.155759e-02	5.476263e+00
8.570000e-06	-1.692638e-02	5.676192e+00
8.580000e-06	7.846741e-04	5.928923e+00
8.590000e-06	-4.176626e-02	6.159925e+00
8.600000e-06	1.430121e-03	6.319797e+00
8.610000e-06	-3.651106e-02	6.649951e+00
8.620000e-06	2.366630e-02	6.811428e+00
8.630000e-06	-2.078805e-02	7.002907e+00
8.640000e-06	-2.570502e-02	7.221949e+00
8.650000e-06	1.179508e-02	7.373520e+00
8.660000e-06	-6.275949e-02	7.624157e+00
8.670000e-06	4.199736e-03	7.843983e+00
8.680000e-06	-2.244384e-02	8.095093e+00
8.690000e-06	-1.047645e-02	8.245158e+00
8.700000e-06	-1.592767e-02	8.422503e+00
8.710000e-06	-3.653637e-02	8.571979e+00
8.720000e-06	-1.205841e-02	8.717946e+00
8.730000e-06	-2.929002e-02	8.877711e+00
8.740000e-06	-7.845232e-03	9.044657e+00
8.750000e-06	-3.489659e-02	9.214059e+00
8.760000e-06	-1.516508e-02	9.381449e+00
8.770000e-06	-2.320092e-02	9.509818e+00
8.780000e-06	-3.261040e-02	9.678191e+00
8.790000e-06	-2.049468e-02	9.824187e+00
8.800000e-06	-2.655245e-02	1.002253e+01
8.810000e-06	-2.337216e-02	1.012078e+01
8.820000e-06	-3.720143e-02	1.028676e+01
8.830000e-06	-2.112203e-02	1.042556e+01
8.840000e-06	-3.047039e-02	1.054137e+01
8.850000e-06	-3.226002e-02	1.070875e+01
8.860000e-06	-3.515444e-02	1.085509e+01
8.870000e-06	-2.977672e-02	1.100997e+01
8.880000e-06	-3.258877e-02	1.105569e+01
8.890000e-06	-3.851271e-02	1.122418e+01
8.900000e-06	-3.182162e-02	1.125930e+01
8.910000e-06	-3.474805e-02	1.144614e+01
8.920000e-06	-3.701760e-02	1.156437e+01
8.930000e-06	-4.227631e-02	1.173029e+01
8.940000e-06	-3.605010e-02	1.178295e+01
8.950000e-06	-4.053741e-02	1.187671e+01
8.960000e-06	-4.333628e-02	1.196040e+01
8.970000e-06	-4.249348e-02	1.206459e+01
8.980000e-06	-4.264248e-02	1.211984e+01
8.990000e-06	-4.456671e-02	1.220443e+01
9.000000e-06	-4.754759e-02	1.227661e+01
9.010000e-06	-4.349937e-02	1.238885e+01
9.020000e-06	-4.744899e-02	1.239303e+01
9.030000e-06	-5.066761e-02	1.247611e+01
9.040000e-06	-5.433658e-02	1.248574e+01
9.050000e-06	-5.185222e-02	1.252987e+01
9.060000e-06	-5.229220e-02	1.258148e+01
9.070000e-06	-5.515064e-02	1.260453e+01
9.080000e-06	-5.638359e-02	1.262408e+01
9.090000e-06	-5.909176e-02	1.260463e+01
9.100000e-06	-5.872394e-02	1.266626e+01
9.110000e-06	-5.994928e-02	1.268716e+01
9.120000e-06	-5.947805e-02	1.269805e+01
9.130000e-06	-6.314005e-02	1.273777e+01
9.140000e-06	-6.521143e-02	1.271982e+01
9.150000e-06	-6.596984e-02	1.272930e+01
9.160000e-06	-6.742107e-02	1.270887e+01
9.170000e-06	-6.996793e-02	1.275779e+01
9.180000e-06	-6.954153e-02	1.274842e+01
9.190000e-06	-7.137728e-02	1.271927e+01
9.200000e-06	-7.435308e-02	1.267779e+01
9.210000e-06	-7.722338e-02	1.265561e+01
9.220000e-06	-7.849204e-02	1.264463e+01
9.230000e-06	-7.941265e-02	1.262293e+01
9.240000e-06	-8.533837e-02	1.259092e+01
9.250000e-06	-8.862978e-02	1.256037e+01
9.260000e-06	-9.301061e-02	1.249769e+01
9.270000e-06	-9.612410e-02	1.242464e+01
9.280000e-06	-1.003316e-01	1.239100e+01
9.290000e-06	-1.035008e-01	1.233919e+01
9.300000e-06	-1.052254e-01	1.227559e+01
9.310000e-06	-1.071934e-01	1.217195e+01
9.320000e-06	-1.062936e-01	1.206874e+01
9.330000e-06	-1.077261e-01	1.200153e+01
9.340000e-06	-1.083940e-01	1.195874e+01
9.350000e-06	-1.073022e-01	1.181403e+01
9.360000e-06	-1.051448e-01	1.176990e+01
9.370000e-06	-1.012047e-01	1.167374e+01
9.380000e-06	-9.925056e-02	1.151784e+01
9.390000e-06	-9.274352e-02	1.139145e+01
9.400000e-06	-8.910992e-02	1.124822e+01
9.410000e-06	-8.427224e-02	1.113932e+01
9.420000e-06	-8.152011e-02	1.103368e+01
9.430000e-06	-7.641357e-02	1.094879e+01
9.440000e-06	-7.441558e-02	1.080258e+01
9.450000e-06	-7.134380e-02	1.071779e+01
9.460000e-06	-6.803741e-02	1.054142e+01
9.470000e-06	-6.323436e-02	1.044361e+01
9.480000e-06	-5.964875e-02	1.026776e+01
9.490000e-06	-5.784294e-02	1.014985e+01
9.500000e-06	-5.404762e-02	1.001306e+01
9.510000e-06	-5.097719e-02	9.874612e+00
9.520000e-06	-4.858830e-02	9.707186e+00
9.530000e-06	-4.643869e-02	9.486340e+00
9.540000e-06	-4.533028e-02	9.370447e+00
9.550000e-06	-4.507978e-02	9.212154e+00
9.560000e-06	-4.298614e-02	9.056658e+00
9.570000e-06	-4.010373e-02	8.906740e+00
9.580000e-06	-3.830459e-02	8.707240e+00
9.590000e-06	-3.675156e-02	8.515844e+00
9.600000e-06	-3.460840e-02	8.360980e+00
9.610000e-06	-3.185444e-02	8.191574e+00
9.620000e-06	-3.195567e-02	7.948975e+00
9.630000e-06	-3.144711e-02	7.780454e+00
9.640000e-06	-3.058724e-02	7.600927e+00
9.650000e-06	-2.853687e-02	7.390873e+00
9.660000e-06	-2.818356e-02	7.168925e+00
9.670000e-06	-2.722836e-02	6.960398e+00
9.680000e-06	-2.556211e-02	6.741479e+00
9.690000e-06	-2.388170e-02	6.549950e+00
9.700000e-06	-2.348981e-02	6.348894e+00
9.710000e-06	-2.214726e-02	6.138349e+00
9.720000e-06	-2.156971e-02	5.990480e+00
9.730000e-06	-2.013166e-02	5.728397e+00
9.740000e-06	-2.056534e-02	5.557870e+00
9.750000e-06	-2.054723e-02	5.306316e+00
9.760000e-06	-2.010749e-02	5.064610e+00
9.770000e-06	-1.801083e-02	4.749478e+00
9.780000e-06	-1.581778e-02	4.558478e+00
9.790000e-06	-1.619148e-02	4.381048e+00
9.800000e-06	-1.573415e-02	4.115920e+00
9.810000e-06	-1.314978e-02	3.916787e+00
9.820000e-06	-1.318602e-02	3.696215e+00
9.830000e-06	-1.309913e-02	3.515735e+00
9.840000e-06	-1.350053e-02	3.181133e+00
9.850000e-06	-1.201902e-02	3.030082e+00
9.860000e-06	-1.126799e-02	2.800102e+00
9.870000e-06	-1.075110e-02	2.568394e+00
9.880000e-06	-1.024315e-02	2.326787e+00
9.890000e-06	-8.306744e-03	2.073263e+00
9.900000e-06	-8.401013e-03	1.913238e+00
9.910000e-06	-8.723065e-03	1.619529e+00
9.920000e-06	-6.913333e-03	1.338896e+00
9.930000e-06	-6.608152e-03	1.137342e+00
9.940000e-06	-6.415204e-03	8.511265e-01
9.950000e-06	-6.776244e-03	6.105727e-01
9.960000e-06	-5.781864e-03	4.104737e-01
9.970000e-06	-4.175756e-03	9.672113e-02
9.980000e-06	-6.302417e-04	-1.137104e-01
9.990000e-06	7.806490e-03	-3.362921e-01
1.000000e-05	-4.475251e-03	-5.351367e-01
1.001000e-05	5.391417e-03	-7.794183e-01
1.002000e-05	-1.970693e-03	-9.488720e-01
1.003000e-05	3.071234e-03	-1.191396e+00
1.004000e-05	-2.020662e-03	-1.402482e+00
1.005000e-05	2.291854e-02	-1.662557e+00
1.006000e-05	9.715971e-02	-1.831628e+00
1.007000e-05	-1.825688e-02	-2.158790e+00
1.008000e-05	-5.125717e-02	-2.496688e+00
1.009000e-05	-1.196609e-02	-2.747816e+00
1.010000e-05	-5.486074e-02	-2.877212e+00
1.011000e-05	-4.391389e-02	-3.067192e+00
1.012000e-05	1.917267e-01	-3.210001e+00
1.013000e-05	-1.321527e-01	-3.454581e+00
1.014000e-05	6.693252e-02	-3.654657e+00
1.015000e-05	6.308256e-02	-3.865156e+00
1.016000e-05	-1.759558e-01	-4.158341e+00
1.017000e-05	1.724087e-01	-4.358865e+00
1.018000e-05	-6.126686e-02	-4.499238e+00
1.019000e-05	-1.612592e-02	-4.801399e+00
1.020000e-05	1.462627e-01	-4.990991e+00
1.021000e-05	-1.544246e-01	-5.256060e+00
1.022000e-05	1.299089e-01	-5.498793e+00
1.023000e-05	-6.233922e-02	-5.728792e+00
1.024000e-05	-3.313352e-03	-5.979395e+00
1.025000e-05	8.660385e-02	-6.138896e+00
1.026000e-05	-9.498054e-02	-6.441024e+00
1.027000e-05	1.292941e-01	-6.612502e+00
1.028000e-05	-6.628302e-02	-6.791975e+00
1.029000e-05	6.682053e-02	-7.044585e+00
1.030000e-05	1.939958e-02	-7.265058e+00
1.031000e-05	-6.654209e-02	-7.455607e+00
1.032000e-05	1.088337e-01	-7.634129e+00
1.033000e-05	-6.735884e-02	-7.885214e+00
1.034000e-05	9.086306e-02	-8.075660e+00
1.035000e-05	-2.079423e-02	-8.244581e+00
1.036000e-05	2.440074e-02	-8.390553e+00
1.037000e-05	2.264269e-02	-8.561401e+00
1.038000e-05	-1.854807e-02	-8.791849e+00
1.039000e-05	7.227865e-02	-8.948292e+00
1.040000e-05	-1.109873e-02	-9.096141e+00
1.041000e-05	5.475999e-02	-9.245159e+00
1.042000e-05	-2.239013e-02	-9.374005e+00
1.043000e-05	4.022613e-02	-9.584975e+00
1.044000e-05	2.399081e-02	-9.718766e+00
1.045000e-05	2.235415e-02	-9.855532e+00
1.046000e-05	2.634458e-02	-1.003199e+01
1.047000e-05	1.424098e-02	-1.015127e+01
1.048000e-05	4.029565e-02	-1.028867e+01
1.049000e-05	7.560443e-03	-1.046663e+01
1.050000e-05	4.113749e-02	-1.056297e+01
1.051000e-05	1.750645e-02	-1.067671e+01
1.052000e-05	3.569801e-02	-1.084410e+01
1.053000e-05	1.449142e-02	-1.093989e+01
1.054000e-05	3.991137e-02	-1.108669e+01
1.055000e-05	3.260983e-02	-1.119353e+01
1.056000e-05	3.190753e-02	-1.128931e+01
1.057000e-05	2.903262e-02	-1.144601e+01
1.058000e-05	3.266912e-02	-1.155234e+01
1.059000e-05	3.921312e-02	-1.165714e+01
1.060000e-05	2.948774e-02	-1.175198e+01
1.061000e-05	4.214544e-02	-1.187712e+01
1.062000e-05	3.535983e-02	-1.195347e+01
1.063000e-05	4.003785e-02	-1.205513e+01
1.064000e-05	3.398474e-02	-1.214979e+01
1.065000e-05	4.698006e-02	-1.215342e+01
1.066000e-05	4.180938e-02	-1.222561e+01
1.067000e-05	4.293188e-02	-1.228631e+01
1.068000e-05	4.019817e-02	-1.237085e+01
1.069000e-05	4.613369e-02	-1.240155e+01
1.070000e-05	4.783643e-02	-1.248756e+01
1.071000e-05	4.597990e-02	-1.247876e+01
1.072000e-05	5.063924e-02	-1.249074e+01
1.073000e-05	4.989272e-02	-1.255347e+01
1.074000e-05	5.080361e-02	-1.258345e+01
1.075000e-05	5.145507e-02	-1.259460e+01
1.076000e-05	5.500233e-02	-1.261606e+01
1.077000e-05	5.579839e-02	-1.265606e+01
1.078000e-05	5.640344e-02	-1.266669e+01
1.079000e-05	5.790550e-02	-1.269731e+01
1.080000e-05	5.895380e-02	-1.270874e+01
1.081000e-05	5.922709e-02	-1.271879e+01
1.082000e-05	6.200115e-02	-1.272774e+01
1.083000e-05	6.377186e-02	-1.269809e+01
1.084000e-05	6.735854e-02	-1.270721e+01
1.085000e-05	6.588831e-02	-1.266561e+01
1.086000e-05	6.930471e-02	-1.259618e+01
1.087000e-05	7.125244e-02	-1.266501e+01
1.088000e-05	7.278696e-02	-1.257298e+01
1.089000e-05	7.683896e-02	-1.251290e+01
1.090000e-05	8.021058e-02	-1.250987e+01
1.091000e-05	8.431188e-02	-1.245661e+01
1.092000e-05	8.723867e-02	-1.240501e+01
1.093000e-05	9.200365e-02	-1.237987e+01
1.094000e-05	9.480515e-02	-1.227763e+01
1.095000e-05	9.679543e-02	-1.222300e+01
1.096000e-05	9.903689e-02	-1.216197e+01
1.097000e-05	1.015324e-01	-1.209769e+01
1.098000e-05	1.029825e-01	-1.199300e+01
1.099000e-05	1.036374e-01	-1.193834e+01
1.100000e-05	1.020219e-01	-1.179608e+01
1.101000e-05	9.935686e-02	-1.166877e+01
1.102000e-05	9.732190e-02	-1.162556e+01
1.103000e-05	9.361559e-02	-1.148666e+01
1.104000e-05	9.019327e-02	-1.137947e+01
1.105000e-05	8.533578e-02	-1.123571e+01
1.106000e-05	7.950853e-02	-1.113032e+01
1.107000e-05	7.602807e-02	-1.100200e+01
1.108000e-05	7.097171e-02	-1.091726e+01
1.109000e-05	6.956348e-02	-1.079253e+01
1.110000e-05	6.617896e-02	-1.071824e+01
1.111000e-05	6.318659e-02	-1.060250e+01
1.112000e-05	5.943339e-02	-1.046416e+01
1.113000e-05	5.586025e-02	-1.027469e+01
1.114000e-05	5.390122e-02	-1.018042e+01
1.115000e-05	4.895333e-02	-9.971553e+00
1.116000e-05	4.660791e-02	-9.884634e+00
1.117000e-05	4.332306e-02	-9.738270e+00
1.118000e-05	4.229595e-02	-9.560873e+00
1.119000e-05	3.936973e-02	-9.454128e+00
1.120000e-05	3.631404e-02	-9.253630e+00
1.121000e-05	3.492236e-02	-9.095711e+00
1.122000e-05	3.424941e-02	-8.917867e+00
1.123000e-05	3.280845e-02	-8.751440e+00
1.124000e-05	3.047684e-02	-8.558921e+00
1.125000e-05	2.847129e-02	-8.359495e+00
1.126000e-05	2.609377e-02	-8.202503e+00
1.127000e-05	2.462306e-02	-8.073087e+00
1.128000e-05	2.347559e-02	-7.865673e+00
1.129000e-05	2.287810e-02	-7.571601e+00
1.130000e-05	2.125856e-02	-7.391974e+00
1.131000e-05	2.089823e-02	-7.233529e+00
1.132000e-05	1.938910e-02	-7.005051e+00
1.133000e-05	1.952071e-02	-6.761973e+00
1.134000e-05	1.616239e-02	-6.621450e+00
1.135000e-05	1.559464e-02	-6.393024e+00
1.136000e-05	1.398158e-02	-6.201100e+00
1.137000e-05	1.391144e-02	-5.978478e+00
1.138000e-05	1.178203e-02	-5.750376e+00
1.139000e-05	1.170723e-02	-5.571069e+00
1.140000e-05	1.051232e-02	-5.389924e+00
1.141000e-05	1.214121e-02	-5.116712e+00
1.142000e-05	8.863173e-03	-4.884732e+00
1.143000e-05	9.778836e-03	-4.571427e+00
1.144000e-05	6.388598e-03	-4.401104e+00
1.145000e-05	7.665257e-03	-4.261601e+00
1.146000e-05	5.415460e-03	-4.002600e+00
1.147000e-05	5.433911e-03	-3.820498e+00
1.148000e-05	4.497153e-03	-3.578862e+00
1.149000e-05	3.884965e-03	-3.315813e+00
1.150000e-05	3.580904e-03	-3.146268e+00
1.151000e-05	2.169810e-03	-2.862677e+00
1.152000e-05	3.416062e-03	-2.662654e+00
1.153000e-05	1.905982e-03	-2.399502e+00
1.154000e-05	1.539234e-03	-2.119440e+00
1.155000e-05	-5.533682e-04	-1.916291e+00
1.156000e-05	7.489269e-05	-1.695840e+00
1.157000e-05	-1.177216e-03	-1.442254e+00
1.158000e-05	-2.169742e-03	-1.168444e+00
1.159000e-05	-1.954180e-03	-9.374411e-01
1.160000e-05	-2.590224e-03	-7.357863e-01
1.161000e-05	-5.449632e-03	-4.621082e-01
1.162000e-05	-2.975875e-03	-2.006553e-01
1.163000e-05	-3.081867e-03	-2.907382e-02
1.164000e-05	6.164174e-03	2.220575e-01
1.165000e-05	-1.326724e-03	4.631052e-01
1.166000e-05	-1.487875e-03	6.726066e-01
1.167000e-05	-2.430233e-03	8.541075e-01
1.168000e-05	-3.702857e-03	1.147844e+00
1.169000e-05	-4.216069e-03	1.357419e+00
1.170000e-05	-3.115019e-03	1.614054e+00
1.171000e-05	1.448578e-02	1.852255e+00
1.172000e-05	6.627225e-02	2.022231e+00
1.173000e-05	1.733068e-02	2.256735e+00
1.174000e-05	-7.527096e-02	2.530347e+00
1.175000e-05	-2.366420e-02	2.852079e+00
1.176000e-05	-3.350808e-02	3.053481e+00
1.177000e-05	-7.307361e-02	3.160574e+00
1.178000e-05	3.821403e-02	3.389838e+00
1.179000e-05	1.109641e-01	3.601499e+00
1.180000e-05	-1.832373e-01	3.801424e+00
1.181000e-05	1.448077e-01	3.950401e+00
1.182000e-05	-5.304602e-02	4.274488e+00
1.183000e-05	-6.730845e-02	4.473660e+00
1.184000e-05	8.360226e-02	4.690239e+00
1.185000e-05	-6.884491e-02	4.908243e+00
1.186000e-05	7.425108e-03	5.191530e+00
1.187000e-05	2.701511e-03	5.454135e+00
1.188000e-05	-3.552647e-02	5.655158e+00
1.189000e-05	1.079578e-02	5.946213e+00
1.190000e-05	-4.167637e-02	6.146717e+00
1.191000e-05	-3.778996e-03	6.357292e+00
1.192000e-05	-2.988358e-02	6.528768e+00
1.193000e-05	4.987454e-03	6.790374e+00
1.194000e-05	5.936035e-03	6.970905e+00
1.195000e-05	-4.484107e-02	7.151876e+00
1.196000e-05	2.446064e-02	7.330897e+00
1.197000e-05	-6.131344e-02	7.582354e+00
1.198000e-05	-7.494546e-03	7.824975e+00
1.199000e-05	-1.287127e-02	8.003449e+00
1.200000e-05	-1.879646e-02	8.223954e+00
1.201000e-05	-6.839023e-03	8.402474e+00
1.202000e-05	-3.994759e-02	8.530348e+00
1.203000e-05	-1.262086e-02	8.655290e+00
1.204000e-05	-2.987218e-02	8.836584e+00
1.205000e-05	-8.415249e-03	8.985109e+00
1.206000e-05	-2.901587e-02	9.202482e+00
1.207000e-05	-1.943072e-02	9.349846e+00
1.208000e-05	-1.814372e-02	9.508767e+00
1.209000e-05	-3.471546e-02	9.666662e+00
1.210000e-05	-2.227718e-02	9.813932e+00
1.211000e-05	-2.569946e-02	9.971876e+00
1.212000e-05	-2.207586e-02	1.008727e+01
1.213000e-05	-3.697169e-02	1.025561e+01
1.214000e-05	-2.520715e-02	1.041153e+01
1.215000e-05	-2.689941e-02	1.056177e+01
1.216000e-05	-3.006206e-02	1.060619e+01
1.217000e-05	-3.669685e-02	1.083503e+01
1.218000e-05	-3.260002e-02	1.092834e+01
1.219000e-05	-3.109899e-02	1.105619e+01
1.220000e-05	-3.692177e-02	1.118195e+01
1.221000e-05	-3.362143e-02	1.127870e+01
1.222000e-05	-3.324256e-02	1.144401e+01
1.223000e-05	-3.596103e-02	1.153240e+01
1.224000e-05	-4.096493e-02	1.167614e+01
1.225000e-05	-3.741372e-02	1.180240e+01
1.226000e-05	-4.039766e-02	1.184718e+01
1.227000e-05	-4.300427e-02	1.194087e+01
1.228000e-05	-4.261860e-02	1.204404e+01
1.229000e-05	-4.200181e-02	1.214882e+01
1.230000e-05	-4.504156e-02	1.216348e+01
1.231000e-05	-4.652089e-02	1.224506e+01
1.232000e-05	-4.271403e-02	1.230774e+01
1.233000e-05	-4.680673e-02	1.239995e+01
1.234000e-05	-4.992114e-02	1.245556e+01
1.235000e-05	-5.400718e-02	1.250676e+01
1.236000e-05	-5.076067e-02	1.252885e+01
1.237000e-05	-5.295226e-02	1.256332e+01
1.238000e-05	-5.477746e-02	1.258203e+01
1.239000e-05	-5.650197e-02	1.262503e+01
1.240000e-05	-5.733104e-02	1.262556e+01
1.241000e-05	-5.966125e-02	1.269674e+01
1.242000e-05	-5.828546e-02	1.266669e+01
1.243000e-05	-5.956285e-02	1.269976e+01
1.244000e-05	-6.257127e-02	1.272732e+01
1.245000e-05	-6.497049e-02	1.273992e+01
1.246000e-05	-6.622344e-02	1.273932e+01
1.247000e-05	-6.681431e-02	1.270837e+01
1.248000e-05	-6.882703e-02	1.272835e+01
1.249000e-05	-7.049311e-02	1.275742e+01
1.250000e-05	-7.155341e-02	1.269722e+01
1.251000e-05	-7.387932e-02	1.269626e+01
1.252000e-05	-7.643318e-02	1.265719e+01
1.253000e-05	-7.731452e-02	1.264566e+01
1.254000e-05	-8.005618e-02	1.262408e+01
1.255000e-05	-8.538641e-02	1.258343e+01
1.256000e-05	-8.735691e-02	1.252985e+01
1.257000e-05	-9.172480e-02	1.251927e+01
1.258000e-05	-9.399740e-02	1.245474e+01
1.259000e-05	-9.942686e-02	1.241166e+01
1.260000e-05	-1.022966e-01	1.234937e+01
1.261000e-05	-1.042829e-01	1.230621e+01
1.262000e-05	-1.065036e-01	1.213298e+01
1.263000e-05	-1.083601e-01	1.210024e+01
1.264000e-05	-1.093034e-01	1.201414e+01
1.265000e-05	-1.085167e-01	1.189887e+01
1.266000e-05	-1.077483e-01	1.183466e+01
1.267000e-05	-1.055299e-01	1.174995e+01
1.268000e-05	-1.021899e-01	1.168818e+01
1.269000e-05	-9.843905e-02	1.152037e+01
1.270000e-05	-9.298951e-02	1.140604e+01
1.271000e-05	-9.106304e-02	1.126979e+01
1.272000e-05	-8.631020e-02	1.114845e+01
1.273000e-05	-8.282574e-02	1.107666e+01
1.274000e-05	-7.657295e-02	1.095995e+01
1.275000e-05	-7.611988e-02	1.085468e+01
1.276000e-05	-7.058462e-02	1.070925e+01
1.277000e-05	-6.723805e-02	1.056350e+01
1.278000e-05	-6.316439e-02	1.043409e+01
1.279000e-05	-6.173023e-02	1.031782e+01
1.280000e-05	-5.814896e-02	1.021900e+01
1.281000e-05	-5.491478e-02	1.006408e+01
1.282000e-05	-5.173805e-02	9.909216e+00
1.283000e-05	-5.112126e-02	9.728869e+00
1.284000e-05	-4.655053e-02	9.518944e+00
1.285000e-05	-4.533024e-02	9.411531e+00
1.286000e-05	-4.479009e-02	9.234662e+00
1.287000e-05	-4.267422e-02	9.137739e+00
1.288000e-05	-4.039397e-02	8.916897e+00
1.289000e-05	-3.794765e-02	8.740419e+00
1.290000e-05	-3.796513e-02	8.568897e+00
1.291000e-05	-3.486603e-02	8.390003e+00
1.292000e-05	-3.235348e-02	8.223554e+00
1.293000e-05	-3.251176e-02	7.991097e+00
1.294000e-05	-3.294302e-02	7.803109e+00
1.295000e-05	-2.948532e-02	7.613682e+00
1.296000e-05	-2.772687e-02	7.433603e+00
1.297000e-05	-2.854747e-02	7.180501e+00
1.298000e-05	-2.813710e-02	7.012555e+00
1.299000e-05	-2.509577e-02	6.811154e+00
1.300000e-05	-2.420680e-02	6.612131e+00
1.301000e-05	-2.479117e-02	6.399534e+00
1.302000e-05	-2.344283e-02	6.212083e+00
1.303000e-05	-2.061892e-02	6.041602e+00
1.304000e-05	-2.084326e-02	5.813998e+00
1.305000e-05	-2.114771e-02	5.558048e+00
1.306000e-05	-2.060119e-02	5.349924e+00
1.307000e-05	-1.837228e-02	5.158344e+00
1.308000e-05	-1.746650e-02	4.813633e+00
1.309000e-05	-1.717954e-02	4.583078e+00
1.310000e-05	-1.816734e-02	4.413137e+00
1.311000e-05	-1.540575e-02	4.231002e+00
1.312000e-05	-1.430587e-02	3.957900e+00
1.313000e-05	-1.370489e-02	3.738344e+00
1.314000e-05	-1.339760e-02	3.546371e+00
1.315000e-05	-1.196217e-02	3.297842e+00
1.316000e-05	-1.172567e-02	3.033686e+00
1.317000e-05	-1.186617e-02	2.843210e+00
1.318000e-05	-1.153814e-02	2.650532e+00
1.319000e-05	-9.476628e-03	2.356919e+00
1.320000e-05	-9.897843e-03	2.126842e+00
1.321000e-05	-9.366783e-03	1.925866e+00
1.322000e-05	-8.836489e-03	1.684690e+00
1.323000e-05	-7.259650e-03	1.412103e+00
1.324000e-05	-6.183607e-03	1.170498e+00
1.325000e-05	-6.881917e-03	8.526657e-01
1.326000e-05	-5.937984e-03	6.316307e-01
1.327000e-05	-5.358757e-03	4.401029e-01
1.328000e-05	-3.885320e-03	1.890741e-01
1.329000e-05	-3.006668e-03	-6.210396e-02
1.330000e-05	6.249020e-03	-2.466063e-01
1.331000e-05	-3.342966e-03	-4.616039e-01
1.332000e-05	3.825026e-03	-7.278656e-01
1.333000e-05	-2.417275e-03	-9.363170e-01
1.334000e-05	2.742624e-03	-1.147312e+00
1.335000e-05	-1.184148e-03	-1.368294e+00
1.336000e-05	1.410706e-02	-1.599474e+00
1.337000e-05	8.149043e-02	-1.789947e+00
1.338000e-05	2.956097e-02	-2.052555e+00
1.339000e-05	-7.485924e-02	-2.422402e+00
1.340000e-05	-4.950561e-04	-2.716185e+00
1.341000e-05	-5.010233e-02	-2.852655e+00
1.342000e-05	-7.173857e-02	-3.087237e+00
1.343000e-05	1.653280e-01	-3.191372e+00
1.344000e-05	-5.015098e-02	-3.389422e+00
1.345000e-05	-2.774566e-02	-3.612104e+00
1.346000e-05	1.716208e-01	-3.819502e+00
1.347000e-05	-1.962768e-01	-4.116183e+00
1.348000e-05	1.241109e-01	-4.296716e+00
1.349000e-05	1.619805e-02	-4.464183e+00
1.350000e-05	-8.963476e-02	-4.738742e+00
1.351000e-05	1.711517e-01	-4.938842e+00
1.352000e-05	-1.242048e-01	-5.231423e+00
1.353000e-05	6.488446e-02	-5.507784e+00
1.354000e-05	2.198423e-02	-5.685637e+00
1.355000e-05	-7.779240e-02	-5.948717e+00
1.356000e-05	1.310041e-01	-6.065167e+00
1.357000e-05	-1.029185e-01	-6.340192e+00
1.358000e-05	9.894821e-02	-6.539291e+00
1.359000e-05	-1.283542e-02	-6.728341e+00
1.360000e-05	1.758186e-03	-7.042903e+00
1.361000e-05	8.706088e-02	-7.192451e+00
1.362000e-05	-1.064317e-01	-7.402456e+00
1.363000e-05	1.128321e-01	-7.590948e+00
1.364000e-05	-5.006010e-02	-7.822029e+00
1.365000e-05	5.700633e-02	-8.054054e+00
1.366000e-05	2.452292e-02	-8.182525e+00
1.367000e-05	-1.435047e-02	-8.359370e+00
1.368000e-05	5.509988e-02	-8.489893e+00
1.369000e-05	-4.122560e-02	-8.740865e+00
1.370000e-05	7.616169e-02	-8.876737e+00
1.371000e-05	-6.510344e-03	-9.044606e+00
1.372000e-05	4.590662e-02	-9.233004e+00
1.373000e-05	-3.602110e-03	-9.340996e+00
1.374000e-05	1.708151e-02	-9.561341e+00
1.375000e-05	4.440226e-02	-9.697638e+00
1.376000e-05	7.487860e-03	-9.863129e+00
1.377000e-05	3.952753e-02	-9.981344e+00
1.378000e-05	2.416253e-03	-1.011927e+01
1.379000e-05	4.771725e-02	-1.026564e+01
1.380000e-05	5.400675e-03	-1.043516e+01
1.381000e-05	3.994592e-02	-1.056032e+01
1.382000e-05	2.110095e-02	-1.068566e+01
1.383000e-05	3.263357e-02	-1.080295e+01
1.384000e-05	1.867115e-02	-1.092029e+01
1.385000e-05	3.163764e-02	-1.107661e+01
1.386000e-05	4.010209e-02	-1.119092e+01
1.387000e-05	2.769814e-02	-1.133922e+01
1.388000e-05	3.277022e-02	-1.138503e+01
1.389000e-05	2.640567e-02	-1.152781e+01
1.390000e-05	4.250458e-02	-1.162751e+01
1.391000e-05	2.879133e-02	-1.175090e+01
1.392000e-05	4.172965e-02	-1.184558e+01
1.393000e-05	3.510436e-02	-1.200234e+01
1.394000e-05	3.981416e-02	-1.203613e+01
1.395000e-05	3.530280e-02	-1.213931e+01
1.396000e-05	4.435575e-02	-1.216240e+01
1.397000e-05	4.524166e-02	-1.224663e+01
1.398000e-05	4.085497e-02	-1.227526e+01
1.399000e-05	4.223492e-02	-1.234031e+01
1.400000e-05	4.336388e-02	-1.241195e+01
1.401000e-05	4.815499e-02	-1.244661e+01
1.402000e-05	4.553126e-02	-1.247869e+01
1.403000e-05	5.122550e-02	-1.252079e+01
1.404000e-05	5.017748e-02	-1.255245e+01
1.405000e-05	4.914205e-02	-1.257298e+01
1.406000e-05	5.164309e-02	-1.258608e+01
1.407000e-05	5.546376e-02	-1.266611e+01
1.408000e-05	5.627242e-02	-1.268506e+01
1.409000e-05	5.612802e-02	-1.269526e+01
1.410000e-05	5.721321e-02	-1.272776e+01
1.411000e-05	5.921464e-02	-1.270974e+01
1.412000e-05	5.927776e-02	-1.270921e+01
1.413000e-05	6.105659e-02	-1.268921e+01
1.414000e-05	6.431279e-02	-1.266972e+01
1.415000e-05	6.672470e-02	-1.267821e+01
1.416000e-05	6.608719e-02	-1.266771e+01
1.417000e-05	6.864038e-02	-1.266508e+01
1.418000e-05	7.079995e-02	-1.261456e+01
1.419000e-05	7.344665e-02	-1.260403e+01
1.420000e-05	7.622245e-02	-1.253195e+01
1.421000e-05	7.948047e-02	-1.249984e+01
1.422000e-05	8.194687e-02	-1.246768e+01
1.423000e-05	8.623890e-02	-1.243563e+01
1.424000e-05	9.153693e-02	-1.235140e+01
1.425000e-05	9.486974e-02	-1.230776e+01
1.426000e-05	9.588502e-02	-1.224516e+01
1.427000e-05	9.873149e-02	-1.217145e+01
1.428000e-05	1.023063e-01	-1.209677e+01
1.429000e-05	1.038810e-01	-1.204558e+01
1.430000e-05	1.016829e-01	-1.192994e+01
1.431000e-05	1.013589e-01	-1.186501e+01
1.432000e-05	9.987990e-02	-1.175187e+01
1.433000e-05	9.765211e-02	-1.159555e+01
1.434000e-05	9.326136e-02	-1.151831e+01
1.435000e-05	9.067327e-02	-1.137453e+01
1.436000e-05	8.639834e-02	-1.127619e+01
1.437000e-05	8.129183e-02	-1.112044e+01
1.438000e-05	7.693046e-02	-1.100416e+01
1.439000e-05	7.339025e-02	-1.095832e+01
1.440000e-05	6.965456e-02	-1.082253e+01
1.441000e-05	6.704277e-02	-1.070682e+01
1.442000e-05	6.306059e-02	-1.061195e+01
1.443000e-05	5.901760e-02	-1.048569e+01
1.444000e-05	5.637893e-02	-1.034829e+01
1.445000e-05	5.348727e-02	-1.015345e+01
1.446000e-05	5.128761e-02	-1.000413e+01
1.447000e-05	4.796898e-02	-9.917163e+00
1.448000e-05	4.384363e-02	-9.739394e+00
1.449000e-05	4.232905e-02	-9.631648e+00
1.450000e-05	4.007481e-02	-9.465557e+00
1.451000e-05	3.784123e-02	-9.307765e+00
1.452000e-05	3.565787e-02	-9.138367e+00
1.453000e-05	3.364163e-02	-8.961372e+00
1.454000e-05	3.310259e-02	-8.791948e+00
1.455000e-05	3.027095e-02	-8.603903e+00
1.456000e-05	2.935633e-02	-8.421550e+00
1.457000e-05	2.685804e-02	-8.274731e+00
1.458000e-05	2.599165e-02	-8.086686e+00
1.459000e-05	2.294467e-02	-7.896758e+00
1.460000e-05	2.132066e-02	-7.624656e+00
1.461000e-05	2.255866e-02	-7.434158e+00
1.462000e-05	2.146661e-02	-7.274130e+00
1.463000e-05	1.933138e-02	-7.033682e+00
1.464000e-05	1.800099e-02	-6.791153e+00
1.465000e-05	1.617242e-02	-6.634212e+00
1.466000e-05	1.751703e-02	-6.464503e+00
1.467000e-05	1.440275e-02	-6.274729e+00
1.468000e-05	1.396763e-02	-6.023060e+00
1.469000e-05	1.192347e-02	-5.821603e+00
1.470000e-05	1.373264e-02	-5.634108e+00
1.471000e-05	9.469873e-03	-5.421503e+00
1.472000e-05	1.018044e-02	-5.148419e+00
1.473000e-05	8.122538e-03	-4.905359e+00
1.474000e-05	1.088689e-02	-4.660659e+00
1.475000e-05	6.986060e-03	-4.454684e+00
1.476000e-05	6.823102e-03	-4.284258e+00
1.477000e-05	4.790102e-03	-4.052683e+00
1.478000e-05	6.650313e-03	-3.822104e+00
1.479000e-05	5.143502e-03	-3.601050e+00
1.480000e-05	3.467688e-03	-3.388523e+00
1.481000e-05	3.439780e-03	-3.148021e+00
1.482000e-05	2.625984e-03	-2.896762e+00
1.483000e-05	2.184652e-03	-2.704185e+00
1.484000e-05	1.533772e-03	-2.454707e+00
1.485000e-05	1.301707e-03	-2.239552e+00
1.486000e-05	5.174118e-05	-2.008023e+00
1.487000e-05	8.388830e-04	-1.777375e+00
1.488000e-05	-1.143770e-03	-1.566868e+00
1.489000e-05	-1.876171e-03	-1.220552e+00
1.490000e-05	-2.977481e-03	-9.990015e-01
1.491000e-05	-2.331848e-03	-7.589413e-01
1.492000e-05	-4.269669e-03	-5.048134e-01
1.493000e-05	-4.563406e-03	-3.042856e-01
1.494000e-05	-3.350921e-03	-7.113172e-02
1.495000e-05	3.716788e-03	1.693983e-01
1.496000e-05	2.916782e-03	4.110301e-01
1.497000e-05	-4.534204e-03	6.230512e-01
1.498000e-05	8.357648e-04	8.305524e-01
1.499000e-05	-4.688382e-03	1.064163e+00
1.500000e-05	-3.433004e-03	1.295688e+00
1.501000e-05	-5.633183e-03	1.568844e+00
1.502000e-05	8.975600e-03	1.790399e+00
1.503000e-05	5.277176e-02	1.970425e+00
1.504000e-05	5.107643e-02	2.223429e+00
1.505000e-05	-7.989187e-02	2.465187e+00
1.506000e-05	-2.406151e-02	2.750452e+00
1.507000e-05	-3.648776e-02	2.990900e+00
1.508000e-05	-5.683765e-02	3.160896e+00
1.509000e-05	-2.005843e-02	3.266739e+00
1.510000e-05	1.562193e-01	3.558847e+00
1.511000e-05	-1.611797e-01	3.687325e+00
1.512000e-05	7.364185e-02	3.927741e+00
1.513000e-05	3.295195e-02	4.210957e+00
1.514000e-05	-1.194759e-01	4.413525e+00
1.515000e-05	8.354232e-02	4.633080e+00
1.516000e-05	-4.505134e-02	4.838114e+00
1.517000e-05	-2.262096e-02	5.107845e+00
1.518000e-05	2.822269e-02	5.411527e+00
1.519000e-05	-4.693599e-02	5.614082e+00
1.520000e-05	1.304970e-02	5.834585e+00
1.521000e-05	-3.509465e-02	6.064158e+00
1.522000e-05	-1.595367e-02	6.275191e+00
1.523000e-05	-1.685065e-02	6.485190e+00
1.524000e-05	-1.273000e-02	6.708367e+00
1.525000e-05	2.512727e-02	6.937794e+00
1.526000e-05	-5.583680e-02	7.146871e+00
1.527000e-05	2.091024e-02	7.307792e+00
1.528000e-05	-4.481521e-02	7.519827e+00
1.529000e-05	-2.335722e-02	7.750921e+00
1.530000e-05	-2.226012e-03	7.959501e+00
1.531000e-05	-2.655421e-02	8.201456e+00
1.532000e-05	-3.243552e-03	8.338921e+00
1.533000e-05	-3.818062e-02	8.446268e+00
1.534000e-05	-1.655898e-02	8.635112e+00
1.535000e-05	-2.667018e-02	8.872930e+00
1.536000e-05	-1.263108e-02	8.962451e+00
1.537000e-05	-2.324665e-02	9.162397e+00
1.538000e-05	-2.709221e-02	9.328847e+00
1.539000e-05	-1.573111e-02	9.445638e+00
1.540000e-05	-3.164599e-02	9.633555e+00
1.541000e-05	-2.442101e-02	9.761503e+00
1.542000e-05	-2.511812e-02	9.978346e+00
1.543000e-05	-2.395120e-02	1.004921e+01
1.544000e-05	-3.203466e-02	1.022603e+01
1.545000e-05	-2.766587e-02	1.039087e+01
1.546000e-05	-2.431296e-02	1.051072e+01
1.547000e-05	-3.187419e-02	1.062561e+01
1.548000e-05	-3.564601e-02	1.081097e+01
1.549000e-05	-3.118208e-02	1.090927e+01
1.550000e-05	-3.132808e-02	1.103553e+01
1.551000e-05	-3.579937e-02	1.112940e+01
1.552000e-05	-3.568996e-02	1.128724e+01
1.553000e-05	-3.249440e-02	1.139451e+01
1.554000e-05	-3.639983e-02	1.151972e+01
1.555000e-05	-4.056539e-02	1.166503e+01
1.556000e-05	-3.774681e-02	1.174085e+01
1.557000e-05	-3.854505e-02	1.182458e+01
1.558000e-05	-4.141728e-02	1.194077e+01
1.559000e-05	-4.437265e-02	1.202350e+01
1.560000e-05	-4.157544e-02	1.211021e+01
1.561000e-05	-4.495190e-02	1.212240e+01
1.562000e-05	-4.627455e-02	1.218571e+01
1.563000e-05	-4.563892e-02	1.230926e+01
1.564000e-05	-4.498140e-02	1.237140e+01
1.565000e-05	-4.942511e-02	1.242464e+01
1.566000e-05	-5.289579e-02	1.245676e+01
1.567000e-05	-5.196657e-02	1.252880e+01
1.568000e-05	-5.252038e-02	1.255937e+01
1.569000e-05	-5.243765e-02	1.255253e+01
1.570000e-05	-5.559979e-02	1.262508e+01
1.571000e-05	-5.664072e-02	1.261461e+01
1.572000e-05	-5.975674e-02	1.265609e+01
1.573000e-05	-6.040526e-02	1.270821e+01
1.574000e-05	-5.990670e-02	1.266871e+01
1.575000e-05	-6.153801e-02	1.272872e+01
1.576000e-05	-6.449485e-02	1.272029e+01
1.577000e-05	-6.649338e-02	1.272735e+01
1.578000e-05	-6.564258e-02	1.273790e+01
1.579000e-05	-6.705107e-02	1.270787e+01
1.580000e-05	-6.878186e-02	1.275774e+01
1.581000e-05	-7.185840e-02	1.273682e+01
1.582000e-05	-7.346238e-02	1.269669e+01
1.583000e-05	-7.647269e-02	1.266669e+01
1.584000e-05	-7.829140e-02	1.264511e+01
1.585000e-05	-8.168272e-02	1.261403e+01
1.586000e-05	-8.444329e-02	1.255198e+01
1.587000e-05	-8.588678e-02	1.258138e+01
1.588000e-05	-8.981830e-02	1.254874e+01
1.589000e-05	-9.328383e-02	1.247716e+01
1.590000e-05	-9.657704e-02	1.245311e+01
1.591000e-05	-1.010489e-01	1.234195e+01
1.592000e-05	-1.065115e-01	1.226721e+01
1.593000e-05	-1.078977e-01	1.220501e+01
1.594000e-05	-1.104445e-01	1.212285e+01
1.595000e-05	-1.063962e-01	1.204726e+01
1.596000e-05	-1.084117e-01	1.196940e+01
1.597000e-05	-1.082077e-01	1.188619e+01
1.598000e-05	-1.046809e-01	1.177203e+01
1.599000e-05	-1.034066e-01	1.167671e+01
1.600000e-05	-9.847712e-02	1.152297e+01
1.601000e-05	-9.685578e-02	1.143668e+01
1.602000e-05	-9.208334e-02	1.132080e+01
1.603000e-05	-8.647223e-02	1.125548e+01
1.604000e-05	-8.489789e-02	1.112726e+01
1.605000e-05	-7.789450e-02	1.100100e+01
1.606000e-05	-7.551260e-02	1.087724e+01
1.607000e-05	-7.041004e-02	1.079093e+01
1.608000e-05	-6.875238e-02	1.061418e+01
1.609000e-05	-6.508596e-02	1.045924e+01
1.610000e-05	-6.218287e-02	1.037830e+01
1.611000e-05	-5.934095e-02	1.018203e+01
1.612000e-05	-5.634704e-02	1.005369e+01
1.613000e-05	-5.353459e-02	9.958320e+00
1.614000e-05	-5.064263e-02	9.774874e+00
1.615000e-05	-4.729545e-02	9.611953e+00
1.616000e-05	-4.522792e-02	9.432583e+00
1.617000e-05	-4.371269e-02	9.285688e+00
1.618000e-05	-4.355490e-02	9.149466e+00
1.619000e-05	-4.075940e-02	8.982948e+00
1.620000e-05	-3.957336e-02	8.780553e+00
1.621000e-05	-3.788039e-02	8.592053e+00
1.622000e-05	-3.630680e-02	8.443110e+00
1.623000e-05	-3.380262e-02	8.274687e+00
1.624000e-05	-3.273095e-02	8.054160e+00
1.625000e-05	-3.070000e-02	7.855213e+00
1.626000e-05	-2.964403e-02	7.695786e+00
1.627000e-05	-2.904968e-02	7.485237e+00
1.628000e-05	-2.792128e-02	7.244586e+00
1.629000e-05	-2.807499e-02	7.034212e+00
1.630000e-05	-2.716199e-02	6.854261e+00
1.631000e-05	-2.506776e-02	6.675807e+00
1.632000e-05	-2.299349e-02	6.442738e+00
1.633000e-05	-2.284281e-02	6.245087e+00
1.634000e-05	-2.228503e-02	6.074661e+00
1.635000e-05	-2.109947e-02	5.823261e+00
1.636000e-05	-2.006739e-02	5.602154e+00
1.637000e-05	-1.882201e-02	5.392583e+00
1.638000e-05	-1.956979e-02	5.161027e+00
1.639000e-05	-1.925890e-02	4.876791e+00
1.640000e-05	-1.788280e-02	4.674712e+00
1.641000e-05	-1.693587e-02	4.453660e+00
1.642000e-05	-1.480534e-02	4.264237e+00
1.643000e-05	-1.484769e-02	3.991052e+00
1.644000e-05	-1.401508e-02	3.820025e+00
1.645000e-05	-1.289415e-02	3.600575e+00
1.646000e-05	-1.205829e-02	3.347872e+00
1.647000e-05	-1.124099e-02	3.096845e+00
1.648000e-05	-1.178972e-02	2.905265e+00
1.649000e-05	-1.107801e-02	2.696310e+00
1.650000e-05	-1.153353e-02	2.421584e+00
1.651000e-05	-1.052274e-02	2.149496e+00
1.652000e-05	-9.767947e-03	1.948924e+00
1.653000e-05	-8.160214e-03	1.706940e+00
1.654000e-05	-6.881724e-03	1.463712e+00
1.655000e-05	-7.555184e-03	1.202579e+00
1.656000e-05	-6.866891e-03	9.488439e-01
1.657000e-05	-5.969882e-03	6.757160e-01
1.658000e-05	-4.974416e-03	4.547407e-01
1.659000e-05	-4.520280e-03	2.716830e-01
1.660000e-05	-4.730100e-03	3.847638e-02
1.661000e-05	5.522495e-03	-2.319512e-01
1.662000e-05	2.746950e-04	-4.195201e-01
1.663000e-05	1.049272e-03	-6.650813e-01
1.664000e-05	6.215336e-04	-8.941825e-01
1.665000e-05	1.214107e-03	-1.095205e+00
1.666000e-05	3.717528e-04	-1.266739e+00
1.667000e-05	7.307999e-03	-1.590395e+00
1.668000e-05	6.036994e-02	-1.736868e+00
1.669000e-05	7.054120e-02	-1.998393e+00
1.670000e-05	-8.309798e-02	-2.317218e+00
1.671000e-05	6.378036e-04	-2.633054e+00
1.672000e-05	-4.631828e-02	-2.820577e+00
1.673000e-05	-7.803625e-02	-3.032557e+00
1.674000e-05	1.087405e-01	-3.209892e+00
1.675000e-05	5.143963e-02	-3.316818e+00
1.676000e-05	-1.342343e-01	-3.580926e+00
1.677000e-05	2.102521e-01	-3.758792e+00
1.678000e-05	-1.500946e-01	-4.021955e+00
1.679000e-05	4.474419e-02	-4.274607e+00
1.680000e-05	9.497139e-02	-4.412052e+00
1.681000e-05	-1.277262e-01	-4.695615e+00
1.682000e-05	1.523693e-01	-4.895236e+00
1.683000e-05	-5.416293e-02	-5.077338e+00
1.684000e-05	-2.337883e-02	-5.444059e+00
1.685000e-05	1.008568e-01	-5.643578e+00
1.686000e-05	-1.225861e-01	-5.914110e+00
1.687000e-05	1.366088e-01	-6.055633e+00
1.688000e-05	-7.167566e-02	-6.296038e+00
1.689000e-05	4.035239e-02	-6.527267e+00
1.690000e-05	5.082449e-02	-6.716762e+00
1.691000e-05	-5.596664e-02	-6.981267e+00
1.692000e-05	1.276137e-01	-7.201395e+00
1.693000e-05	-1.120146e-01	-7.380376e+00
1.694000e-05	8.025302e-02	-7.569892e+00
1.695000e-05	-5.994330e-03	-7.769823e+00
1.696000e-05	1.113600e-02	-8.000075e+00
1.697000e-05	6.863775e-02	-8.149346e+00
1.698000e-05	-4.381529e-02	-8.346791e+00
1.699000e-05	7.200291e-02	-8.488160e+00
1.700000e-05	-4.449087e-02	-8.688288e+00
1.701000e-05	5.948421e-02	-8.855131e+00
1.702000e-05	1.290338e-02	-9.024026e+00
1.703000e-05	2.756950e-02	-9.192896e+00
1.704000e-05	2.096498e-02	-9.309367e+00
1.705000e-05	-7.192954e-03	-9.517741e+00
1.706000e-05	5.776682e-02	-9.675233e+00
1.707000e-05	-2.336959e-04	-9.813475e+00
1.708000e-05	4.438492e-02	-9.947318e+00
1.709000e-05	-8.056424e-04	-1.008576e+01
1.710000e-05	4.546208e-02	-1.022613e+01
1.711000e-05	1.183623e-02	-1.040151e+01
1.712000e-05	3.283380e-02	-1.051980e+01
1.713000e-05	2.783039e-02	-1.065558e+01
1.714000e-05	2.620091e-02	-1.079190e+01
1.715000e-05	2.601327e-02	-1.087731e+01
1.716000e-05	2.262736e-02	-1.103292e+01
1.717000e-05	4.559731e-02	-1.116284e+01
1.718000e-05	2.569486e-02	-1.126571e+01
1.719000e-05	3.659757e-02	-1.137195e+01
1.720000e-05	2.437913e-02	-1.147519e+01
1.721000e-05	4.390747e-02	-1.158456e+01
1.722000e-05	2.888607e-02	-1.172032e+01
1.723000e-05	3.714640e-02	-1.180406e+01
1.724000e-05	3.673293e-02	-1.194882e+01
1.725000e-05	3.953590e-02	-1.206463e+01
1.726000e-05	3.675372e-02	-1.212874e+01
1.727000e-05	3.989469e-02	-1.216045e+01
1.728000e-05	4.705162e-02	-1.220353e+01
1.729000e-05	4.048066e-02	-1.226623e+01
1.730000e-05	4.317432e-02	-1.230877e+01
1.731000e-05	4.129688e-02	-1.240240e+01
1.732000e-05	4.896637e-02	-1.243455e+01
1.733000e-05	4.537390e-02	-1.249119e+01
1.734000e-05	4.945660e-02	-1.251032e+01
1.735000e-05	4.969067e-02	-1.253290e+01
1.736000e-05	4.809270e-02	-1.257345e+01
1.737000e-05	5.113491e-02	-1.257505e+01
1.738000e-05	5.464825e-02	-1.260508e+01
1.739000e-05	5.559794e-02	-1.258613e+01
1.740000e-05	5.490081e-02	-1.268614e+01
1.741000e-05	5.594269e-02	-1.270719e+01
1.742000e-05	5.982423e-02	-1.268829e+01
1.743000e-05	5.854358e-02	-1.270877e+01
1.744000e-05	5.877620e-02	-1.270783e+01
1.745000e-05	6.415367e-02	-1.268771e+01
1.746000e-05	6.443868e-02	-1.270074e+01
1.747000e-05	6.848255e-02	-1.266673e+01
1.748000e-05	6.766001e-02	-1.264763e+01
1.749000e-05	7.230758e-02	-1.259503e+01
1.750000e-05	7.251942e-02	-1.259495e+01
1.751000e-05	7.405766e-02	-1.255395e+01
1.752000e-05	7.947931e-02	-1.252030e+01
1.753000e-05	8.109160e-02	-1.249029e+01
1.754000e-05	8.650052e-02	-1.243518e+01
1.755000e-05	8.968009e-02	-1.238393e+01
1.756000e-05	9.308410e-02	-1.231824e+01
1.757000e-05	9.566345e-02	-1.226564e+01
1.758000e-05	9.875928e-02	-1.218100e+01
1.759000e-05	1.015298e-01	-1.210777e+01
1.760000e-05	1.029645e-01	-1.203511e+01
1.761000e-05	1.026917e-01	-1.194992e+01
1.762000e-05	1.021190e-01	-1.188664e+01
1.763000e-05	9.980962e-02	-1.174298e+01
1.764000e-05	9.821395e-02	-1.162526e+01
1.765000e-05	9.522536e-02	-1.156894e+01
1.766000e-05	9.127062e-02	-1.142403e+01
1.767000e-05	8.855384e-02	-1.129932e+01
1.768000e-05	8.235366e-02	-1.117398e+01
1.769000e-05	7.901617e-02	-1.109759e+01
1.770000e-05	7.377561e-02	-1.095844e+01
1.771000e-05	6.918807e-02	-1.085318e+01
1.772000e-05	6.644606e-02	-1.075837e+01
1.773000e-05	6.481224e-02	-1.062460e+01
1.774000e-05	6.072557e-02	-1.046676e+01
1.775000e-05	5.832087e-02	-1.039042e+01
1.776000e-05	5.345756e-02	-1.023208e+01
1.777000e-05	5.134557e-02	-1.005608e+01
1.778000e-05	4.671684e-02	-9.928368e+00
1.779000e-05	4.585229e-02	-9.752024e+00
1.780000e-05	4.134224e-02	-9.645702e+00
1.781000e-05	4.118252e-02	-9.486237e+00
1.782000e-05	3.815658e-02	-9.310742e+00
1.783000e-05	3.878638e-02	-9.128947e+00
1.784000e-05	3.386233e-02	-8.982103e+00
1.785000e-05	3.220647e-02	-8.795133e+00
1.786000e-05	2.958849e-02	-8.654553e+00
1.787000e-05	2.955727e-02	-8.422633e+00
1.788000e-05	2.728536e-02	-8.305762e+00
1.789000e-05	2.628108e-02	-8.107314e+00
1.790000e-05	2.508643e-02	-7.970415e+00
1.791000e-05	2.323313e-02	-7.678716e+00
1.792000e-05	1.925493e-02	-7.466261e+00
1.793000e-05	2.018136e-02	-7.297138e+00
1.794000e-05	2.008256e-02	-7.076866e+00
1.795000e-05	1.895702e-02	-6.875215e+00
1.796000e-05	1.680362e-02	-6.696311e+00
1.797000e-05	1.683661e-02	-6.527785e+00
1.798000e-05	1.538730e-02	-6.318385e+00
1.799000e-05	1.323354e-02	-6.095134e+00
1.800000e-05	1.197608e-02	-5.874608e+00
1.801000e-05	1.299637e-02	-5.694258e+00
1.802000e-05	1.066694e-02	-5.475338e+00
1.803000e-05	1.138975e-02	-5.192102e+00
1.804000e-05	8.864401e-03	-4.961020e+00
1.805000e-05	1.025710e-02	-4.714691e+00
1.806000e-05	7.146453e-03	-4.526813e+00
1.807000e-05	7.387434e-03	-4.306367e+00
1.808000e-05	5.187502e-03	-4.106290e+00
1.809000e-05	7.764415e-03	-3.896858e+00
1.810000e-05	5.160810e-03	-3.664628e+00
1.811000e-05	5.328218e-03	-3.442178e+00
1.812000e-05	2.438579e-03	-3.242129e+00
1.813000e-05	3.008001e-03	-2.988472e+00
1.814000e-05	4.834648e-04	-2.736840e+00
1.815000e-05	2.726163e-03	-2.494836e+00
1.816000e-05	1.809162e-03	-2.282287e+00
1.817000e-05	2.534762e-03	-2.021103e+00
1.818000e-05	-6.012003e-04	-1.799074e+00
1.819000e-05	2.810482e-04	-1.589494e+00
1.820000e-05	-2.813927e-03	-1.315788e+00
1.821000e-05	-2.302697e-03	-1.012555e+00
1.822000e-05	-3.156749e-03	-8.105777e-01
1.823000e-05	-2.652400e-03	-5.494438e-01
1.824000e-05	-3.273349e-03	-3.358660e-01
1.825000e-05	-3.432033e-03	-1.133584e-01
1.826000e-05	2.083454e-04	9.573546e-02
1.827000e-05	4.625309e-03	3.793997e-01
1.828000e-05	-5.262492e-03	5.598997e-01
1.829000e-05	2.276721e-03	7.698723e-01
1.830000e-05	-6.236300e-03	1.042900e+00
1.831000e-05	-1.717938e-03	1.274131e+00
1.832000e-05	-5.294450e-03	1.536216e+00
1.833000e-05	4.931373e-03	1.768889e+00
1.834000e-05	3.720676e-02	1.948845e+00
1.835000e-05	7.008300e-02	2.137374e+00
1.836000e-05	-6.524234e-02	2.411133e+00
1.837000e-05	-3.648176e-02	2.687267e+00
1.838000e-05	-3.665097e-02	2.919271e+00
1.839000e-05	-4.310581e-02	3.116243e+00
1.840000e-05	-5.950578e-02	3.293612e+00
1.841000e-05	1.577394e-01	3.515617e+00
1.842000e-05	-9.572377e-02	3.675767e+00
1.843000e-05	-1.904004e-02	3.864692e+00
1.844000e-05	1.142956e-01	4.086394e+00
1.845000e-05	-1.457638e-01	4.429422e+00
1.846000e-05	6.275233e-02	4.572395e+00
1.847000e-05	-4.291882e-03	4.842480e+00
1.848000e-05	-5.145970e-02	5.065141e+00
1.849000e-05	4.020281e-02	5.337845e+00
1.850000e-05	-4.539623e-02	5.580396e+00
1.851000e-05	5.879007e-03	5.731900e+00
1.852000e-05	-2.029049e-02	6.012055e+00
1.853000e-05	-3.135444e-02	6.244081e+00
1.854000e-05	-6.274862e-03	6.442559e+00
1.855000e-05	-2.912102e-02	6.615038e+00
1.856000e-05	3.497986e-02	6.885135e+00
1.857000e-05	-4.879033e-02	7.064663e+00
1.858000e-05	7.931973e-03	7.236529e+00
1.859000e-05	-2.225143e-02	7.494642e+00
1.860000e-05	-4.286510e-02	7.726741e+00
1.861000e-05	4.712100e-03	7.938794e+00
1.862000e-05	-2.941664e-02	8.159743e+00
1.863000e-05	-2.677239e-03	8.307742e+00
1.864000e-05	-3.102649e-02	8.435560e+00
1.865000e-05	-2.470644e-02	8.654134e+00
1.866000e-05	-2.100601e-02	8.799900e+00
1.867000e-05	-2.007032e-02	8.949792e+00
1.868000e-05	-1.564269e-02	9.147297e+00
1.869000e-05	-3.095985e-02	9.265639e+00
1.870000e-05	-1.377036e-02	9.444084e+00
1.871000e-05	-3.002074e-02	9.571497e+00
1.872000e-05	-2.826972e-02	9.710799e+00
1.873000e-05	-2.316088e-02	9.897670e+00
1.874000e-05	-2.590516e-02	1.005619e+01
1.875000e-05	-2.900932e-02	1.015400e+01
1.876000e-05	-3.219484e-02	1.035132e+01
1.877000e-05	-2.129971e-02	1.046921e+01
1.878000e-05	-3.132669e-02	1.058398e+01
1.879000e-05	-3.488851e-02	1.077235e+01
1.880000e-05	-3.275978e-02	1.089819e+01
1.881000e-05	-3.008086e-02	1.100200e+01
1.882000e-05	-3.479000e-02	1.110725e+01
1.883000e-05	-3.867863e-02	1.124410e+01
1.884000e-05	-3.070953e-02	1.137230e+01
1.885000e-05	-3.617456e-02	1.147716e+01
1.886000e-05	-3.879653e-02	1.162356e+01
1.887000e-05	-4.030659e-02	1.172082e+01
1.888000e-05	-3.673798e-02	1.181305e+01
1.889000e-05	-4.192408e-02	1.193777e+01
1.890000e-05	-4.415226e-02	1.198203e+01
1.891000e-05	-4.108572e-02	1.205871e+01
1.892000e-05	-4.420060e-02	1.212142e+01
1.893000e-05	-4.526056e-02	1.218553e+01
1.894000e-05	-4.599089e-02	1.230611e+01
1.895000e-05	-4.414524e-02	1.237240e+01
1.896000e-05	-4.854472e-02	1.243450e+01
1.897000e-05	-5.244366e-02	1.249619e+01
1.898000e-05	-5.144212e-02	1.250884e+01
1.899000e-05	-5.247259e-02	1.256135e+01
1.900000e-05	-5.264694e-02	1.257155e+01
1.901000e-05	-5.635509e-02	1.260313e+01
1.902000e-05	-5.554527e-02	1.260511e+01
1.903000e-05	-6.001907e-02	1.267564e+01
1.904000e-05	-5.981093e-02	1.262569e+01
1.905000e-05	-5.963960e-02	1.270866e+01
1.906000e-05	-6.043181e-02	1.270669e+01
1.907000e-05	-6.362919e-02	1.270082e+01
1.908000e-05	-6.659117e-02	1.272782e+01
1.909000e-05	-6.636490e-02	1.270884e+01
1.910000e-05	-6.815138e-02	1.272995e+01
1.911000e-05	-6.888222e-02	1.268980e+01
1.912000e-05	-7.159490e-02	1.271721e+01
1.913000e-05	-7.242376e-02	1.271819e+01
1.914000e-05	-7.500817e-02	1.265624e+01
1.915000e-05	-7.678731e-02	1.265509e+01
1.916000e-05	-7.948874e-02	1.263511e+01
1.917000e-05	-8.284174e-02	1.262400e+01
1.918000e-05	-8.602072e-02	1.256198e+01
1.919000e-05	-8.969600e-02	1.252887e+01
1.920000e-05	-9.280368e-02	1.247772e+01
1.921000e-05	-9.696801e-02	1.240508e+01
1.922000e-05	-1.004199e-01	1.240090e+01
1.923000e-05	-1.043542e-01	1.230732e+01
1.924000e-05	-1.073727e-01	1.221558e+01
1.925000e-05	-1.086609e-01	1.213037e+01
1.926000e-05	-1.088204e-01	1.207566e+01
1.927000e-05	-1.079493e-01	1.198190e+01
1.928000e-05	-1.084460e-01	1.188567e+01
1.929000e-05	-1.062789e-01	1.178250e+01
1.930000e-05	-1.039160e-01	1.171877e+01
1.931000e-05	-1.004314e-01	1.160356e+01
1.932000e-05	-9.612040e-02	1.148816e+01
1.933000e-05	-9.253473e-02	1.138340e+01
1.934000e-05	-8.748411e-02	1.122413e+01
1.935000e-05	-8.233075e-02	1.112727e+01
1.936000e-05	-8.003722e-02	1.101360e+01
1.937000e-05	-7.518541e-02	1.088829e+01
1.938000e-05	-7.381374e-02	1.077353e+01
1.939000e-05	-7.064781e-02	1.065608e+01
1.940000e-05	-6.778947e-02	1.047837e+01
1.941000e-05	-6.268597e-02	1.036143e+01
1.942000e-05	-5.814399e-02	1.022454e+01
1.943000e-05	-5.595768e-02	1.009624e+01
1.944000e-05	-5.256954e-02	9.968993e+00
1.945000e-05	-5.007550e-02	9.823527e+00
1.946000e-05	-4.669530e-02	9.643066e+00
1.947000e-05	-4.763338e-02	9.463685e+00
1.948000e-05	-4.690603e-02	9.328323e+00
1.949000e-05	-4.402225e-02	9.202475e+00
1.950000e-05	-4.043265e-02	8.954677e+00
1.951000e-05	-3.981117e-02	8.781556e+00
1.952000e-05	-3.765349e-02	8.623681e+00
1.953000e-05	-3.629047e-02	8.495815e+00
1.954000e-05	-3.173254e-02	8.307836e+00
1.955000e-05	-3.209279e-02	8.117874e+00
1.956000e-05	-3.098178e-02	7.906316e+00
1.957000e-05	-3.114134e-02	7.697395e+00
1.958000e-05	-2.974156e-02	7.507945e+00
1.959000e-05	-3.070566e-02	7.337392e+00
1.960000e-05	-2.838319e-02	7.107763e+00
1.961000e-05	-2.655571e-02	6.908792e+00
1.962000e-05	-2.397020e-02	6.706369e+00
1.963000e-05	-2.350501e-02	6.465768e+00
1.964000e-05	-2.214817e-02	6.324311e+00
1.965000e-05	-2.144203e-02	6.147262e+00
1.966000e-05	-2.164482e-02	5.916265e+00
1.967000e-05	-2.218236e-02	5.674162e+00
1.968000e-05	-2.054887e-02	5.444734e+00
1.969000e-05	-1.929337e-02	5.243658e+00
1.970000e-05	-1.767849e-02	4.926820e+00
1.971000e-05	-1.780613e-02	4.696796e+00
1.972000e-05	-1.694748e-02	4.495766e+00
1.973000e-05	-1.637755e-02	4.308346e+00
1.974000e-05	-1.420319e-02	4.045237e+00
1.975000e-05	-1.308319e-02	3.823682e+00
1.976000e-05	-1.437400e-02	3.632108e+00
1.977000e-05	-1.392528e-02	3.422079e+00
1.978000e-05	-1.252138e-02	3.148471e+00
1.979000e-05	-1.088440e-02	2.917444e+00
1.980000e-05	-1.157682e-02	2.727419e+00
1.981000e-05	-1.055302e-02	2.485634e+00
1.982000e-05	-1.021343e-02	2.232636e+00
1.983000e-05	-9.198651e-03	2.022129e+00
1.984000e-05	-9.192534e-03	1.792050e+00
1.985000e-05	-7.512880e-03	1.507415e+00
1.986000e-05	-7.164070e-03	1.283312e+00
1.987000e-05	-6.415617e-03	1.021552e+00
1.988000e-05	-7.811989e-03	7.695200e-01
1.989000e-05	-6.175916e-03	5.173423e-01
1.990000e-05	-4.061620e-03	3.367148e-01
1.991000e-05	-4.308890e-03	6.256022e-02
1.992000e-05	3.520062e-03	-2.184197e-01
1.993000e-05	3.819122e-03	-3.779709e-01
1.994000e-05	-9.449673e-04	-6.490272e-01
1.995000e-05	2.053008e-03	-8.610301e-01
1.996000e-05	-2.083258e-03	-1.021026e+00
1.997000e-05	1.210146e-03	-1.232506e+00
1.998000e-05	2.131312e-03	-1.536309e+00
1.999000e-05	4.272553e-02	-1.705761e+00
2.000000e-05	9.529224e-02	-1.905286e+00
2.001000e-05	-6.936384e-02	-2.223606e+00
2.002000e-05	-1.410085e-02	-2.579328e+00
2.003000e-05	-3.460609e-02	-2.779047e+00
2.004000e-05	-6.938533e-02	-3.000426e+00
2.005000e-05	3.983098e-02	-3.159393e+00
2.006000e-05	1.453986e-01	-3.284634e+00
2.007000e-05	-1.881352e-01	-3.528868e+00
2.008000e-05	1.681010e-01	-3.674770e+00
2.009000e-05	-7.929661e-02	-3.959396e+00
2.010000e-05	-4.844740e-02	-4.193578e+00
2.011000e-05	1.533281e-01	-4.380470e+00
2.012000e-05	-1.285012e-01	-4.604601e+00
2.013000e-05	9.540970e-02	-4.844655e+00
2.014000e-05	3.653050e-02	-5.034584e+00
2.015000e-05	-1.013009e-01	-5.371873e+00
2.016000e-05	1.461282e-01	-5.631521e+00
2.017000e-05	-1.311199e-01	-5.864003e+00
2.018000e-05	1.007374e-01	-6.034051e+00
2.019000e-05	-9.810787e-03	-6.223605e+00
2.020000e-05	-2.462697e-02	-6.475160e+00
2.021000e-05	1.054174e-01	-6.683209e+00
2.022000e-05	-8.575074e-02	-6.909163e+00
2.023000e-05	1.276858e-01	-7.128267e+00
2.024000e-05	-7.671184e-02	-7.327211e+00
2.025000e-05	2.485191e-02	-7.526214e+00
2.026000e-05	4.932372e-02	-7.699763e+00
2.027000e-05	-3.439477e-02	-7.990896e+00
2.028000e-05	9.665976e-02	-8.138240e+00
2.029000e-05	-5.261072e-02	-8.295712e+00
2.030000e-05	6.513599e-02	-8.466037e+00
2.031000e-05	-2.660413e-02	-8.585083e+00
2.032000e-05	3.173232e-02	-8.854606e+00
2.033000e-05	4.014334e-02	-8.982374e+00
2.034000e-05	5.755633e-03	-9.129942e+00
2.035000e-05	4.190991e-02	-9.309212e+00
2.036000e-05	-2.450134e-02	-9.476562e+00
2.037000e-05	5.897943e-02	-9.634105e+00
2.038000e-05	1.302008e-03	-9.740321e+00
2.039000e-05	4.239014e-02	-9.878262e+00
2.040000e-05	7.239318e-03	-1.006666e+01
2.041000e-05	3.545178e-02	-1.021343e+01
2.042000e-05	2.244000e-02	-1.038080e+01
2.043000e-05	2.042280e-02	-1.051816e+01
2.044000e-05	3.537636e-02	-1.062411e+01
2.045000e-05	2.108162e-02	-1.071787e+01
2.046000e-05	3.271790e-02	-1.084614e+01
2.047000e-05	1.610720e-02	-1.097345e+01
2.048000e-05	4.669491e-02	-1.111922e+01
2.049000e-05	2.627482e-02	-1.122514e+01
2.050000e-05	3.562660e-02	-1.134095e+01
2.051000e-05	2.239691e-02	-1.146771e+01
2.052000e-05	4.028152e-02	-1.159142e+01
2.053000e-05	3.263921e-02	-1.171027e+01
2.054000e-05	3.549334e-02	-1.182456e+01
2.055000e-05	3.936723e-02	-1.193032e+01
2.056000e-05	3.694002e-02	-1.205400e+01
2.057000e-05	3.732545e-02	-1.203766e+01
2.058000e-05	3.620210e-02	-1.213982e+01
2.059000e-05	4.886501e-02	-1.223348e+01
2.060000e-05	4.183087e-02	-1.223563e+01
2.061000e-05	4.466462e-02	-1.233737e+01
2.062000e-05	3.942268e-02	-1.236145e+01
2.063000e-05	4.716825e-02	-1.245350e+01
2.064000e-05	4.596835e-02	-1.248673e+01
2.065000e-05	4.859460e-02	-1.247022e+01
2.066000e-05	4.976708e-02	-1.255138e+01
2.067000e-05	4.869464e-02	-1.255198e+01
2.068000e-05	5.107161e-02	-1.256348e+01
2.069000e-05	5.413913e-02	-1.257603e+01
2.070000e-05	5.536517e-02	-1.262568e+01
2.071000e-05	5.440014e-02	-1.265711e+01
2.072000e-05	5.738483e-02	-1.269771e+01
2.073000e-05	5.864868e-02	-1.269866e+01
2.074000e-05	5.949109e-02	-1.266929e+01
2.075000e-05	5.880123e-02	-1.274872e+01
2.076000e-05	6.220865e-02	-1.271081e+01
2.077000e-05	6.643479e-02	-1.270366e+01
2.078000e-05	6.678946e-02	-1.266726e+01
2.079000e-05	6.752631e-02	-1.265766e+01
2.080000e-05	6.980244e-02	-1.266656e+01
2.081000e-05	7.332400e-02	-1.261403e+01
2.082000e-05	7.461333e-02	-1.256397e+01
2.083000e-05	7.809940e-02	-1.252282e+01
2.084000e-05	8.086286e-02	-1.249084e+01
2.085000e-05	8.426379e-02	-1.243711e+01
2.086000e-05	8.782521e-02	-1.238200e+01
2.087000e-05	9.214503e-02	-1.231887e+01
2.088000e-05	9.641867e-02	-1.222566e+01
2.089000e-05	9.844686e-02	-1.222455e+01
2.090000e-05	1.004872e-01	-1.210982e+01
2.091000e-05	1.023574e-01	-1.201514e+01
2.092000e-05	1.038055e-01	-1.194153e+01
2.093000e-05	1.034495e-01	-1.186669e+01
2.094000e-05	9.964217e-02	-1.178250e+01
2.095000e-05	9.811421e-02	-1.165873e+01
2.096000e-05	9.525134e-02	-1.157102e+01
2.097000e-05	9.310851e-02	-1.146611e+01
2.098000e-05	8.864261e-02	-1.129087e+01
2.099000e-05	8.433183e-02	-1.118496e+01
2.100000e-05	7.868586e-02	-1.107624e+01
2.101000e-05	7.569798e-02	-1.097140e+01
2.102000e-05	6.843176e-02	-1.086471e+01
2.103000e-05	6.996193e-02	-1.077050e+01
2.104000e-05	6.341506e-02	-1.066516e+01
2.105000e-05	6.334923e-02	-1.053987e+01
2.106000e-05	5.777403e-02	-1.038156e+01
2.107000e-05	5.422370e-02	-1.021516e+01
2.108000e-05	5.210728e-02	-1.007771e+01
2.109000e-05	4.785353e-02	-9.947944e+00
2.110000e-05	4.607550e-02	-9.835154e+00
2.111000e-05	4.297350e-02	-9.676812e+00
2.112000e-05	4.208512e-02	-9.478817e+00
2.113000e-05	3.926484e-02	-9.350951e+00
2.114000e-05	3.594043e-02	-9.191971e+00
2.115000e-05	3.409639e-02	-9.002657e+00
2.116000e-05	3.316523e-02	-8.885581e+00
2.117000e-05	3.096928e-02	-8.686312e+00
2.118000e-05	2.945871e-02	-8.486263e+00
2.119000e-05	2.959478e-02	-8.368318e+00
2.120000e-05	2.616309e-02	-8.159896e+00
2.121000e-05	2.419782e-02	-7.971020e+00
2.122000e-05	2.165144e-02	-7.760850e+00
2.123000e-05	2.208926e-02	-7.557345e+00
2.124000e-05	1.984769e-02	-7.378790e+00
2.125000e-05	1.988249e-02	-7.148923e+00
2.126000e-05	1.933034e-02	-6.919842e+00
2.127000e-05	1.804795e-02	-6.747821e+00
2.128000e-05	1.543683e-02	-6.538342e+00
2.129000e-05	1.449973e-02	-6.348469e+00
2.130000e-05	1.417473e-02	-6.128415e+00
2.131000e-05	1.435837e-02	-5.957863e+00
2.132000e-05	1.273205e-02	-5.726763e+00
2.133000e-05	1.057012e-02	-5.559337e+00
2.134000e-05	1.072995e-02	-5.264681e+00
2.135000e-05	9.621756e-03	-5.042557e+00
2.136000e-05	8.668571e-03	-4.766894e+00
2.137000e-05	8.666211e-03	-4.559416e+00
2.138000e-05	8.321953e-03	-4.347969e+00
2.139000e-05	6.810289e-03	-4.099845e+00
2.140000e-05	6.966843e-03	-3.948871e+00
2.141000e-05	5.344010e-03	-3.704660e+00
2.142000e-05	4.747977e-03	-3.505736e+00
2.143000e-05	1.608757e-03	-3.234631e+00
2.144000e-05	3.440684e-03	-3.062954e+00
2.145000e-05	8.856799e-04	-2.780053e+00
2.146000e-05	4.111236e-03	-2.549391e+00
2.147000e-05	1.912403e-03	-2.356344e+00
2.148000e-05	8.889141e-04	-2.063234e+00
2.149000e-05	-1.230999e-03	-1.862680e+00
2.150000e-05	6.626422e-04	-1.672033e+00
2.151000e-05	-1.643488e-03	-1.369543e+00
2.152000e-05	-1.088008e-03	-1.114783e+00
2.153000e-05	-2.697933e-03	-8.511493e-01
2.154000e-05	-3.170716e-03	-6.406268e-01
2.155000e-05	-3.879513e-03	-3.979435e-01
2.156000e-05	-2.645666e-03	-1.484951e-01
2.157000e-05	-6.891768e-04	4.448264e-02
2.158000e-05	6.489297e-03	3.161944e-01
2.159000e-05	-4.447443e-03	5.258205e-01
2.160000e-05	1.283263e-03	7.067386e-01
2.161000e-05	-4.469828e-03	9.262894e-01
2.162000e-05	-1.638651e-03	1.220925e+00
2.163000e-05	-5.536907e-03	1.442060e+00
2.164000e-05	7.335496e-04	1.724317e+00
2.165000e-05	2.539920e-02	1.904710e+00
2.166000e-05	7.709764e-02	2.095313e+00
2.167000e-05	-3.769132e-02	2.340395e+00
2.168000e-05	-5.370858e-02	2.672634e+00
2.169000e-05	-3.082669e-02	2.875715e+00
2.170000e-05	-3.371495e-02	3.065213e+00
2.171000e-05	-7.820872e-02	3.253057e+00
2.172000e-05	1.225732e-01	3.433901e+00
2.173000e-05	-1.290014e-02	3.664113e+00
2.174000e-05	-1.125775e-01	3.842508e+00
2.175000e-05	1.623470e-01	4.045209e+00
2.176000e-05	-1.309997e-01	4.347817e+00
2.177000e-05	2.106293e-02	4.497843e+00
2.178000e-05	3.803318e-02	4.778922e+00
2.179000e-05	-7.421639e-02	4.984025e+00
2.180000e-05	3.812189e-02	5.276113e+00
2.181000e-05	-3.007788e-02	5.577743e+00
2.182000e-05	-9.670022e-03	5.727770e+00
2.183000e-05	-5.746847e-03	6.019925e+00
2.184000e-05	-4.065647e-02	6.182001e+00
2.185000e-05	1.032230e-03	6.389925e+00
2.186000e-05	-3.753243e-02	6.591426e+00
2.187000e-05	3.039312e-02	6.833508e+00
2.188000e-05	-2.871718e-02	7.033107e+00
2.189000e-05	-1.464949e-02	7.202032e+00
2.190000e-05	1.223218e-03	7.416079e+00
2.191000e-05	-5.806998e-02	7.644632e+00
2.192000e-05	7.054121e-03	7.866563e+00
2.193000e-05	-2.606404e-02	8.126687e+00
2.194000e-05	-8.270699e-03	8.297186e+00
2.195000e-05	-2.135675e-02	8.424058e+00
2.196000e-05	-3.346694e-02	8.571434e+00
2.197000e-05	-1.338026e-02	8.729868e+00
2.198000e-05	-2.556641e-02	8.898216e+00
2.199000e-05	-8.760430e-03	9.036035e+00
2.200000e-05	-3.498415e-02	9.234610e+00
2.201000e-05	-1.519237e-02	9.392003e+00
2.202000e-05	-2.659171e-02	9.561448e+00
2.203000e-05	-3.018921e-02	9.699270e+00
2.204000e-05	-2.086993e-02	9.857194e+00
2.205000e-05	-2.700230e-02	1.001241e+01
2.206000e-05	-2.458162e-02	1.015190e+01
2.207000e-05	-3.658793e-02	1.026774e+01
2.208000e-05	-1.965522e-02	1.047561e+01
2.209000e-05	-2.976155e-02	1.055048e+01
2.210000e-05	-3.123597e-02	1.074975e+01
2.211000e-05	-3.483085e-02	1.086516e+01
2.212000e-05	-3.146385e-02	1.095245e+01
2.213000e-05	-3.411241e-02	1.105572e+01
2.214000e-05	-3.767424e-02	1.121400e+01
2.215000e-05	-3.066078e-02	1.134137e+01
2.216000e-05	-3.614210e-02	1.142674e+01
2.217000e-05	-3.672814e-02	1.159398e+01
2.218000e-05	-4.056286e-02	1.168816e+01
2.219000e-05	-3.593342e-02	1.179403e+01
2.220000e-05	-4.178381e-02	1.186624e+01
2.221000e-05	-4.364639e-02	1.194185e+01
2.222000e-05	-4.160646e-02	1.210508e+01
2.223000e-05	-4.307751e-02	1.211080e+01
2.224000e-05	-4.475515e-02	1.216446e+01
2.225000e-05	-4.604780e-02	1.223714e+01
2.226000e-05	-4.319010e-02	1.239137e+01
2.227000e-05	-4.777339e-02	1.241301e+01
2.228000e-05	-5.097695e-02	1.244716e+01
2.229000e-05	-5.324355e-02	1.245674e+01
2.230000e-05	-5.127068e-02	1.253029e+01
2.231000e-05	-5.259559e-02	1.255345e+01
2.232000e-05	-5.585218e-02	1.260296e+01
2.233000e-05	-5.658120e-02	1.262406e+01
2.234000e-05	-5.949385e-02	1.266671e+01
2.235000e-05	-5.962763e-02	1.266519e+01
2.236000e-05	-5.974393e-02	1.265619e+01
2.237000e-05	-5.827825e-02	1.274872e+01
2.238000e-05	-6.307975e-02	1.270827e+01
2.239000e-05	-6.619916e-02	1.268932e+01
2.240000e-05	-6.620219e-02	1.274974e+01
2.241000e-05	-6.726770e-02	1.274892e+01
2.242000e-05	-6.826925e-02	1.271729e+01
2.243000e-05	-7.130054e-02	1.272782e+01
2.244000e-05	-7.139613e-02	1.273874e+01
2.245000e-05	-7.495415e-02	1.267637e+01
2.246000e-05	-7.655617e-02	1.273564e+01
2.247000e-05	-7.831602e-02	1.264508e+01
2.248000e-05	-8.192850e-02	1.260298e+01
2.249000e-05	-8.563955e-02	1.256343e+01
2.250000e-05	-9.000685e-02	1.253927e+01
2.251000e-05	-9.291780e-02	1.250826e+01
2.252000e-05	-9.584715e-02	1.242459e+01
2.253000e-05	-9.937231e-02	1.241308e+01
2.254000e-05	-1.045918e-01	1.227782e+01
2.255000e-05	-1.069063e-01	1.222456e+01
2.256000e-05	-1.094887e-01	1.215388e+01
2.257000e-05	-1.073812e-01	1.207972e+01
2.258000e-05	-1.079463e-01	1.199403e+01
2.259000e-05	-1.081412e-01	1.188724e+01
2.260000e-05	-1.063776e-01	1.181403e+01
2.261000e-05	-1.060668e-01	1.174885e+01
2.262000e-05	-9.943117e-02	1.163315e+01
2.263000e-05	-9.749805e-02	1.149872e+01
2.264000e-05	-9.174377e-02	1.136358e+01
2.265000e-05	-8.962562e-02	1.124766e+01
2.266000e-05	-8.471986e-02	1.111937e+01
2.267000e-05	-8.238968e-02	1.101466e+01
2.268000e-05	-7.638336e-02	1.092832e+01
2.269000e-05	-7.411218e-02	1.080355e+01
2.270000e-05	-6.965063e-02	1.065671e+01
2.271000e-05	-6.683694e-02	1.053085e+01
2.272000e-05	-6.198682e-02	1.039201e+01
2.273000e-05	-6.062075e-02	1.028624e+01
2.274000e-05	-5.741467e-02	1.013885e+01
2.275000e-05	-5.470531e-02	1.000153e+01
2.276000e-05	-5.228525e-02	9.866561e+00
2.277000e-05	-4.959134e-02	9.626189e+00
2.278000e-05	-4.671062e-02	9.527792e+00
2.279000e-05	-4.452343e-02	9.331375e+00
2.280000e-05	-4.385856e-02	9.203581e+00
2.281000e-05	-4.223326e-02	9.084759e+00
2.282000e-05	-3.949041e-02	8.804085e+00
2.283000e-05	-3.656077e-02	8.705183e+00
2.284000e-05	-3.622759e-02	8.506818e+00
2.285000e-05	-3.538867e-02	8.348897e+00
2.286000e-05	-3.348358e-02	8.140895e+00
2.287000e-05	-3.179615e-02	7.959974e+00
2.288000e-05	-3.114760e-02	7.769899e+00
2.289000e-05	-3.017986e-02	7.559030e+00
2.290000e-05	-2.865736e-02	7.359421e+00
2.291000e-05	-2.696579e-02	7.127449e+00
2.292000e-05	-2.727788e-02	6.949370e+00
2.293000e-05	-2.595892e-02	6.748448e+00
2.294000e-05	-2.403170e-02	6.551370e+00
2.295000e-05	-2.216972e-02	6.326848e+00
2.296000e-05	-2.221510e-02	6.138296e+00
2.297000e-05	-2.255277e-02	5.949846e+00
2.298000e-05	-2.173831e-02	5.718301e+00
2.299000e-05	-1.999813e-02	5.495862e+00
2.300000e-05	-1.834455e-02	5.254764e+00
2.301000e-05	-1.957931e-02	5.031207e+00
2.302000e-05	-1.715652e-02	4.806973e+00
2.303000e-05	-1.704523e-02	4.549448e+00
2.304000e-05	-1.592500e-02	4.366900e+00
2.305000e-05	-1.540867e-02	4.106815e+00
2.306000e-05	-1.385143e-02	3.895762e+00
2.307000e-05	-1.418454e-02	3.692688e+00
2.308000e-05	-1.305551e-02	3.463711e+00
2.309000e-05	-1.310058e-02	3.219077e+00
2.310000e-05	-1.221300e-02	3.000525e+00
2.311000e-05	-1.088926e-02	2.788576e+00
2.312000e-05	-1.035815e-02	2.536891e+00
2.313000e-05	-1.007461e-02	2.264711e+00
2.314000e-05	-1.032651e-02	2.064184e+00
2.315000e-05	-8.583408e-03	1.851109e+00
2.316000e-05	-8.320854e-03	1.589599e+00
2.317000e-05	-7.720487e-03	1.327894e+00
2.318000e-05	-7.749604e-03	1.084312e+00
2.319000e-05	-6.562839e-03	8.031315e-01
2.320000e-05	-5.480775e-03	5.679963e-01
2.321000e-05	-4.829134e-03	3.589238e-01
2.322000e-05	-4.701236e-03	8.638586e-02
2.323000e-05	-4.928126e-04	-1.362904e-01
2.324000e-05	6.255451e-03	-3.463467e-01
2.325000e-05	-3.965813e-03	-5.257867e-01
2.326000e-05	3.244062e-03	-7.888974e-01
2.327000e-05	-2.777422e-03	-1.009897e+00
2.328000e-05	3.975419e-03	-1.170995e+00
2.329000e-05	-3.246975e-04	-1.453559e+00
2.330000e-05	2.803374e-02	-1.674207e+00
2.331000e-05	9.939850e-02	-1.874131e+00
2.332000e-05	-3.668626e-02	-2.158949e+00
2.333000e-05	-3.938707e-02	-2.506714e+00
2.334000e-05	-1.905297e-02	-2.749367e+00
2.335000e-05	-5.952994e-02	-2.937691e+00
2.336000e-05	-2.098950e-02	-3.146311e+00
2.337000e-05	1.898106e-01	-3.232075e+00
2.338000e-05	-1.589373e-01	-3.513613e+00
2.339000e-05	9.854923e-02	-3.652683e+00
2.340000e-05	9.922313e-03	-3.907754e+00
2.341000e-05	-1.434357e-01	-4.188845e+00
2.342000e-05	1.759583e-01	-4.348796e+00
2.343000e-05	-8.927090e-02	-4.550875e+00
2.344000e-05	1.986181e-02	-4.831003e+00
2.345000e-05	1.160432e-01	-5.021552e+00
2.346000e-05	-1.483336e-01	-5.278262e+00
2.347000e-05	1.448738e-01	-5.619894e+00
2.348000e-05	-9.017168e-02	-5.751370e+00
2.349000e-05	3.309293e-02	-6.011473e+00
2.350000e-05	5.908344e-02	-6.170429e+00
2.351000e-05	-7.863414e-02	-6.412980e+00
2.352000e-05	1.291637e-01	-6.622147e+00
2.353000e-05	-7.990063e-02	-6.844531e+00
2.354000e-05	9.236826e-02	-7.027119e+00
2.355000e-05	-1.315528e-02	-7.295134e+00
2.356000e-05	-3.925892e-02	-7.466657e+00
2.357000e-05	9.436894e-02	-7.646606e+00
2.358000e-05	-6.199633e-02	-7.937641e+00
2.359000e-05	9.892967e-02	-8.107211e+00
2.360000e-05	-3.481847e-02	-8.225155e+00
2.361000e-05	3.995564e-02	-8.443029e+00
2.362000e-05	6.676510e-03	-8.581926e+00
2.363000e-05	-4.109704e-03	-8.813024e+00
2.364000e-05	6.403117e-02	-8.938772e+00
2.365000e-05	-6.813957e-03	-9.096763e+00
2.366000e-05	5.268735e-02	-9.275657e+00
2.367000e-05	-2.678905e-02	-9.423454e+00
2.368000e-05	4.807899e-02	-9.582026e+00
2.369000e-05	1.656857e-02	-9.767762e+00
2.370000e-05	2.995273e-02	-9.865687e+00
2.371000e-05	1.949199e-02	-1.001103e+01
2.372000e-05	2.156182e-02	-1.021287e+01
2.373000e-05	3.477406e-02	-1.030622e+01
2.374000e-05	1.109971e-02	-1.044669e+01
2.375000e-05	3.931897e-02	-1.060295e+01
2.376000e-05	1.933050e-02	-1.072827e+01
2.377000e-05	3.460259e-02	-1.083408e+01
2.378000e-05	1.305800e-02	-1.094094e+01
2.379000e-05	4.268529e-02	-1.109769e+01
2.380000e-05	3.196319e-02	-1.121508e+01
2.381000e-05	3.383350e-02	-1.132894e+01
2.382000e-05	2.604731e-02	-1.143461e+01
2.383000e-05	3.545780e-02	-1.155037e+01
2.384000e-05	3.779922e-02	-1.167921e+01
2.385000e-05	3.091076e-02	-1.173348e+01
2.386000e-05	3.945378e-02	-1.191579e+01
2.387000e-05	3.615888e-02	-1.200297e+01
2.388000e-05	3.959194e-02	-1.208566e+01
2.389000e-05	3.481292e-02	-1.213930e+01
2.390000e-05	4.753688e-02	-1.220190e+01
2.391000e-05	4.252529e-02	-1.226616e+01
2.392000e-05	4.421372e-02	-1.231824e+01
2.393000e-05	3.919403e-02	-1.236934e+01
2.394000e-05	4.700503e-02	-1.241158e+01
2.395000e-05	4.657269e-02	-1.247763e+01
2.396000e-05	4.660632e-02	-1.250977e+01
2.397000e-05	4.964671e-02	-1.252142e+01
2.398000e-05	4.917302e-02	-1.255188e+01
2.399000e-05	5.156589e-02	-1.260406e+01
2.400000e-05	5.211911e-02	-1.257456e+01
2.401000e-05	5.551269e-02	-1.263555e+01
2.402000e-05	5.634029e-02	-1.264666e+01
2.403000e-05	5.628267e-02	-1.264666e+01
2.404000e-05	5.792773e-02	-1.273029e+01
2.405000e-05	5.909598e-02	-1.268974e+01
2.406000e-05	5.986727e-02	-1.269829e+01
2.407000e-05	6.169184e-02	-1.271724e+01
2.408000e-05	6.517791e-02	-1.270866e+01
2.409000e-05	6.644162e-02	-1.269764e+01
2.410000e-05	6.626536e-02	-1.268626e+01
2.411000e-05	6.953793e-02	-1.264608e+01
2.412000e-05	7.131434e-02	-1.266558e+01
2.413000e-05	7.499726e-02	-1.257405e+01
2.414000e-05	7.730090e-02	-1.251232e+01
2.415000e-05	8.166095e-02	-1.250985e+01
2.416000e-05	8.408084e-02	-1.244771e+01
2.417000e-05	8.739578e-02	-1.239505e+01
2.418000e-05	9.040460e-02	-1.235735e+01
2.419000e-05	9.615799e-02	-1.228618e+01
2.420000e-05	9.810437e-02	-1.221453e+01
2.421000e-05	9.994420e-02	-1.214135e+01
2.422000e-05	1.021490e-01	-1.206669e+01
2.423000e-05	1.040983e-01	-1.198312e+01
2.424000e-05	1.038149e-01	-1.191916e+01
2.425000e-05	1.011851e-01	-1.183645e+01
2.426000e-05	9.761379e-02	-1.168929e+01
2.427000e-05	9.522010e-02	-1.158398e+01
2.428000e-05	9.384639e-02	-1.147574e+01
2.429000e-05	9.025839e-02	-1.133202e+01
2.430000e-05	8.536498e-02	-1.128563e+01
2.431000e-05	8.038356e-02	-1.111869e+01
2.432000e-05	7.570238e-02	-1.098002e+01
2.433000e-05	7.161512e-02	-1.088778e+01
2.434000e-05	6.832646e-02	-1.078102e+01
2.435000e-05	6.537343e-02	-1.071676e+01
2.436000e-05	6.201886e-02	-1.054197e+01
2.437000e-05	5.854485e-02	-1.045416e+01
2.438000e-05	5.528913e-02	-1.025518e+01
2.439000e-05	5.262188e-02	-1.014924e+01
2.440000e-05	4.967141e-02	-9.999995e+00
2.441000e-05	4.631040e-02	-9.835656e+00
2.442000e-05	4.330426e-02	-9.717791e+00
2.443000e-05	4.122900e-02	-9.519502e+00
2.444000e-05	3.892192e-02	-9.412976e+00
2.445000e-05	3.754237e-02	-9.201103e+00
2.446000e-05	3.467842e-02	-9.075761e+00
2.447000e-05	3.303953e-02	-8.928294e+00
2.448000e-05	3.083332e-02	-8.726864e+00
2.449000e-05	3.099373e-02	-8.558845e+00
2.450000e-05	2.858190e-02	-8.368869e+00
2.451000e-05	2.627563e-02	-8.232005e+00
2.452000e-05	2.559142e-02	-8.003106e+00
2.453000e-05	2.364792e-02	-7.762500e+00
2.454000e-05	2.226197e-02	-7.588977e+00
2.455000e-05	1.973948e-02	-7.361471e+00
2.456000e-05	2.023165e-02	-7.193574e+00
2.457000e-05	1.958231e-02	-6.991525e+00
2.458000e-05	1.752721e-02	-6.760518e+00
2.459000e-05	1.583582e-02	-6.589001e+00
2.460000e-05	1.481505e-02	-6.382528e+00
2.461000e-05	1.516352e-02	-6.219896e+00
2.462000e-05	1.371421e-02	-5.968446e+00
2.463000e-05	1.190605e-02	-5.749317e+00
2.464000e-05	1.179261e-02	-5.569400e+00
2.465000e-05	1.095151e-02	-5.366940e+00
2.466000e-05	1.026114e-02	-5.115786e+00
2.467000e-05	7.211324e-03	-4.862102e+00
2.468000e-05	1.007742e-02	-4.598499e+00
2.469000e-05	7.358613e-03	-4.411027e+00
2.470000e-05	6.968502e-03	-4.191479e+00
2.471000e-05	5.262040e-03	-4.021475e+00
2.472000e-05	6.053540e-03	-3.738469e+00
2.473000e-05	5.534881e-03	-3.555919e+00
2.474000e-05	2.823916e-03	-3.296787e+00
2.475000e-05	3.656359e-03	-3.116835e+00
2.476000e-05	1.572363e-03	-2.822604e+00
2.477000e-05	2.935288e-03	-2.590026e+00
2.478000e-05	1.298138e-03	-2.360550e+00
2.479000e-05	2.559399e-03	-2.157340e+00
2.480000e-05	-4.847420e-04	-1.926213e+00
2.481000e-05	2.695851e-04	-1.674308e+00
2.482000e-05	-2.591434e-03	-1.404004e+00
2.483000e-05	-3.557798e-04	-1.176470e+00
2.484000e-05	-2.372030e-03	-9.157859e-01
2.485000e-05	-1.921006e-03	-7.047882e-01
2.486000e-05	-5.147480e-03	-4.116026e-01
2.487000e-05	-4.152919e-03	-2.515815e-01
2.488000e-05	-2.936309e-03	2.170256e-02
2.489000e-05	5.762214e-03	2.726340e-01
2.490000e-05	-2.247759e-03	4.841131e-01
2.491000e-05	-1.165616e-03	6.737380e-01
2.492000e-05	-2.419779e-03	8.732353e-01
2.493000e-05	-3.754175e-03	1.146267e+00
2.494000e-05	-4.523121e-03	1.369495e+00
2.495000e-05	-5.951058e-04	1.643656e+00
2.496000e-05	1.707413e-02	1.874129e+00
2.497000e-05	7.086311e-02	2.054609e+00
2.498000e-05	-1.055568e-03	2.346790e+00
2.499000e-05	-6.924421e-02	2.569901e+00
2.500000e-05	-2.553225e-02	2.832057e+00
2.501000e-05	-3.248146e-02	3.032025e+00
2.502000e-05	-7.740364e-02	3.180450e+00
2.503000e-05	6.638624e-02	3.420925e+00
2.504000e-05	7.609929e-02	3.652026e+00
2.505000e-05	-1.690028e-01	3.760525e+00
2.506000e-05	1.611511e-01	4.023000e+00
2.507000e-05	-8.545266e-02	4.226671e+00
2.508000e-05	-4.038784e-02	4.516160e+00
2.509000e-05	7.015103e-02	4.708694e+00
2.510000e-05	-7.424472e-02	4.970421e+00
2.511000e-05	2.066582e-02	5.223083e+00
2.512000e-05	-7.624513e-03	5.494660e+00
2.513000e-05	-2.851934e-02	5.666184e+00
2.514000e-05	7.310677e-03	5.948743e+00
2.515000e-05	-4.340418e-02	6.137768e+00
2.516000e-05	-6.585574e-04	6.341292e+00
2.517000e-05	-3.339701e-02	6.552245e+00
2.518000e-05	1.473398e-02	6.780900e+00
2.519000e-05	-7.150566e-03	7.001877e+00
2.520000e-05	-3.769586e-02	7.210896e+00
2.521000e-05	1.915894e-02	7.350025e+00
2.522000e-05	-6.113418e-02	7.582981e+00
2.523000e-05	-1.190156e-03	7.834509e+00
2.524000e-05	-1.892566e-02	8.084155e+00
2.525000e-05	-1.644382e-02	8.244108e+00
2.526000e-05	-1.091599e-02	8.392503e+00
2.527000e-05	-3.714289e-02	8.538345e+00
2.528000e-05	-1.104646e-02	8.686792e+00
2.529000e-05	-3.014025e-02	8.887585e+00
2.530000e-05	-9.545463e-03	9.044005e+00
2.531000e-05	-3.290721e-02	9.223508e+00
2.532000e-05	-1.691177e-02	9.352947e+00
2.533000e-05	-2.070137e-02	9.527291e+00
2.534000e-05	-3.299484e-02	9.698715e+00
2.535000e-05	-2.163172e-02	9.856008e+00
2.536000e-05	-2.569353e-02	9.982876e+00
2.537000e-05	-2.132395e-02	1.012027e+01
2.538000e-05	-3.740702e-02	1.026472e+01
2.539000e-05	-2.317652e-02	1.043500e+01
2.540000e-05	-3.070509e-02	1.052230e+01
2.541000e-05	-2.980558e-02	1.068619e+01
2.542000e-05	-3.579491e-02	1.085511e+01
2.543000e-05	-3.069340e-02	1.094077e+01
2.544000e-05	-3.227585e-02	1.105611e+01
2.545000e-05	-3.658563e-02	1.116995e+01
2.546000e-05	-3.258659e-02	1.129979e+01
2.547000e-05	-3.517707e-02	1.144559e+01
2.548000e-05	-3.659876e-02	1.153280e+01
2.549000e-05	-4.185501e-02	1.169616e+01
2.550000e-05	-3.750444e-02	1.179205e+01
2.551000e-05	-4.035330e-02	1.186718e+01
2.552000e-05	-4.183505e-02	1.198132e+01
2.553000e-05	-4.116986e-02	1.202608e+01
2.554000e-05	-4.105665e-02	1.211082e+01
2.555000e-05	-4.496870e-02	1.217290e+01
2.556000e-05	-4.737581e-02	1.225564e+01
2.557000e-05	-4.456765e-02	1.235082e+01
2.558000e-05	-4.731695e-02	1.237305e+01
2.559000e-05	-5.025194e-02	1.245571e+01
2.560000e-05	-5.210348e-02	1.249621e+01
2.561000e-05	-5.058182e-02	1.251132e+01
2.562000e-05	-5.282706e-02	1.257042e+01
2.563000e-05	-5.423523e-02	1.258300e+01
2.564000e-05	-5.540462e-02	1.258508e+01
2.565000e-05	-5.826161e-02	1.263811e+01
2.566000e-05	-6.032313e-02	1.267517e+01
2.567000e-05	-6.133928e-02	1.270676e+01
2.568000e-05	-5.948394e-02	1.274627e+01
2.569000e-05	-6.272711e-02	1.269774e+01
2.570000e-05	-6.399575e-02	1.271782e+01
2.571000e-05	-6.684378e-02	1.271837e+01
2.572000e-05	-6.674156e-02	1.275877e+01
2.573000e-05	-6.952222e-02	1.271829e+01
2.574000e-05	-7.026425e-02	1.271781e+01
2.575000e-05	-7.066659e-02	1.270774e+01
2.576000e-05	-7.305490e-02	1.267673e+01
2.577000e-05	-7.566914e-02	1.264564e+01
2.578000e-05	-7.782098e-02	1.266613e+01
2.579000e-05	-8.103456e-02	1.259463e+01
2.580000e-05	-8.577110e-02	1.256350e+01
2.581000e-05	-8.943475e-02	1.252132e+01
2.582000e-05	-9.068174e-02	1.247819e+01
2.583000e-05	-9.386928e-02	1.241561e+01
2.584000e-05	-9.858661e-02	1.242350e+01
2.585000e-05	-1.029287e-01	1.229892e+01
2.586000e-05	-1.045961e-01	1.223618e+01
2.587000e-05	-1.086316e-01	1.217350e+01
2.588000e-05	-1.087384e-01	1.208130e+01
2.589000e-05	-1.098416e-01	1.201313e+01
2.590000e-05	-1.094848e-01	1.193730e+01
2.591000e-05	-1.073235e-01	1.179409e+01
2.592000e-05	-1.054865e-01	1.175035e+01
2.593000e-05	-9.990255e-02	1.162516e+01
2.594000e-05	-9.814522e-02	1.148930e+01
2.595000e-05	-9.361883e-02	1.138398e+01
2.596000e-05	-9.157174e-02	1.123714e+01
2.597000e-05	-8.472364e-02	1.118930e+01
2.598000e-05	-8.321419e-02	1.105562e+01
2.599000e-05	-7.673850e-02	1.092885e+01
2.600000e-05	-7.597690e-02	1.081521e+01
2.601000e-05	-7.064001e-02	1.071834e+01
2.602000e-05	-6.733583e-02	1.056355e+01
2.603000e-05	-6.202549e-02	1.042701e+01
2.604000e-05	-6.035220e-02	1.030626e+01
2.605000e-05	-5.716238e-02	1.015035e+01
2.606000e-05	-5.581422e-02	1.001361e+01
2.607000e-05	-5.193250e-02	9.876712e+00
2.608000e-05	-5.001608e-02	9.688291e+00
2.609000e-05	-4.686353e-02	9.578322e+00
2.610000e-05	-4.570069e-02	9.370925e+00
2.611000e-05	-4.471163e-02	9.214213e+00
2.612000e-05	-4.212472e-02	9.095713e+00
2.613000e-05	-3.972919e-02	8.897290e+00
2.614000e-05	-3.834268e-02	8.717867e+00
2.615000e-05	-3.620332e-02	8.548845e+00
2.616000e-05	-3.444246e-02	8.360552e+00
2.617000e-05	-3.238860e-02	8.171479e+00
2.618000e-05	-3.404823e-02	8.010575e+00
2.619000e-05	-3.042080e-02	7.803554e+00
2.620000e-05	-3.007935e-02	7.642103e+00
2.621000e-05	-2.835058e-02	7.383025e+00
2.622000e-05	-2.863461e-02	7.150025e+00
2.623000e-05	-2.646357e-02	7.010999e+00
2.624000e-05	-2.445541e-02	6.793082e+00
2.625000e-05	-2.431038e-02	6.561124e+00
2.626000e-05	-2.387300e-02	6.358977e+00
2.627000e-05	-2.273642e-02	6.158502e+00
2.628000e-05	-2.139207e-02	6.011055e+00
2.629000e-05	-2.149326e-02	5.792027e+00
2.630000e-05	-1.960713e-02	5.569396e+00
2.631000e-05	-1.899473e-02	5.347424e+00
2.632000e-05	-1.947211e-02	5.064790e+00
2.633000e-05	-1.922896e-02	4.802581e+00
2.634000e-05	-1.769192e-02	4.612603e+00
2.635000e-05	-1.577277e-02	4.401105e+00
2.636000e-05	-1.608846e-02	4.120400e+00
2.637000e-05	-1.344684e-02	3.916793e+00
2.638000e-05	-1.466581e-02	3.725791e+00
2.639000e-05	-1.323987e-02	3.519315e+00
2.640000e-05	-1.277495e-02	3.243682e+00
2.641000e-05	-1.195164e-02	3.053131e+00
2.642000e-05	-1.109893e-02	2.842132e+00
2.643000e-05	-1.084059e-02	2.590499e+00
2.644000e-05	-9.510054e-03	2.325869e+00
2.645000e-05	-1.081896e-02	2.084765e+00
2.646000e-05	-9.253639e-03	1.906291e+00
2.647000e-05	-9.012609e-03	1.663211e+00
2.648000e-05	-7.941037e-03	1.401030e+00
2.649000e-05	-7.345472e-03	1.157823e+00
2.650000e-05	-6.302557e-03	8.616832e-01
2.651000e-05	-7.010787e-03	6.321292e-01
2.652000e-05	-6.377971e-03	4.104776e-01
2.653000e-05	-4.609776e-03	1.488188e-01
2.654000e-05	-2.125903e-03	-7.213283e-02
2.655000e-05	7.047829e-03	-3.051855e-01
2.656000e-05	-3.897537e-03	-4.531828e-01
2.657000e-05	3.957170e-03	-7.264368e-01
2.658000e-05	-1.814366e-03	-9.353130e-01
2.659000e-05	3.341061e-03	-1.177966e+00
2.660000e-05	-1.670562e-03	-1.400022e+00
2.661000e-05	1.804990e-02	-1.621577e+00
2.662000e-05	8.847060e-02	-1.822026e+00
2.663000e-05	7.981214e-03	-2.095632e+00
2.664000e-05	-6.523400e-02	-2.484100e+00
2.665000e-05	-4.165117e-03	-2.727291e+00
2.666000e-05	-5.262603e-02	-2.894180e+00
2.667000e-05	-6.336100e-02	-3.067214e+00
2.668000e-05	1.824010e-01	-3.231476e+00
2.669000e-05	-8.869973e-02	-3.421555e+00
2.670000e-05	1.866501e-02	-3.633608e+00
2.671000e-05	1.242089e-01	-3.873602e+00
2.672000e-05	-1.956313e-01	-4.108187e+00
2.673000e-05	1.487787e-01	-4.317338e+00
2.674000e-05	-2.259889e-02	-4.495734e+00
2.675000e-05	-5.733103e-02	-4.780020e+00
2.676000e-05	1.638923e-01	-4.929917e+00
2.677000e-05	-1.401636e-01	-5.252052e+00
2.678000e-05	9.900243e-02	-5.538240e+00
2.679000e-05	-1.529098e-02	-5.706240e+00
2.680000e-05	-4.574720e-02	-5.949845e+00
2.681000e-05	1.131712e-01	-6.127262e+00
2.682000e-05	-1.027105e-01	-6.381370e+00
2.683000e-05	1.149862e-01	-6.571422e+00
2.684000e-05	-3.864815e-02	-6.788896e+00
2.685000e-05	3.027725e-02	-6.982575e+00
2.686000e-05	5.649596e-02	-7.234081e+00
2.687000e-05	-8.982966e-02	-7.423154e+00
2.688000e-05	1.154739e-01	-7.602076e+00
2.689000e-05	-5.899272e-02	-7.843634e+00
2.690000e-05	7.339755e-02	-8.013655e+00
2.691000e-05	1.582299e-03	-8.181526e+00
2.692000e-05	2.380413e-03	-8.389976e+00
2.693000e-05	4.128054e-02	-8.509794e+00
2.694000e-05	-3.227019e-02	-8.760346e+00
2.695000e-05	7.565398e-02	-8.886739e+00
2.696000e-05	-9.815207e-03	-9.045687e+00
2.697000e-05	5.013496e-02	-9.221974e+00
2.698000e-05	-1.180579e-02	-9.351930e+00
2.699000e-05	2.813160e-02	-9.561448e+00
2.700000e-05	3.531131e-02	-9.707211e+00
2.701000e-05	1.393246e-02	-9.864108e+00
2.702000e-05	3.346589e-02	-9.970397e+00
2.703000e-05	6.335829e-03	-1.013832e+01
2.704000e-05	4.453401e-02	-1.030674e+01
2.705000e-05	6.185802e-03	-1.046456e+01
2.706000e-05	4.130514e-02	-1.062198e+01
2.707000e-05	1.791572e-02	-1.071619e+01
2.708000e-05	3.381877e-02	-1.083338e+01
2.709000e-05	1.746223e-02	-1.091882e+01
2.710000e-05	3.632194e-02	-1.106706e+01
2.711000e-05	3.673947e-02	-1.119345e+01
2.712000e-05	2.723390e-02	-1.126731e+01
2.713000e-05	3.108094e-02	-1.143358e+01
2.714000e-05	2.906550e-02	-1.153889e+01
2.715000e-05	4.350532e-02	-1.164508e+01
2.716000e-05	2.843970e-02	-1.174345e+01
2.717000e-05	4.076892e-02	-1.187556e+01
2.718000e-05	3.437996e-02	-1.197139e+01
2.719000e-05	3.954096e-02	-1.207413e+01
2.720000e-05	3.522935e-02	-1.213034e+01
2.721000e-05	4.556814e-02	-1.217248e+01
2.722000e-05	4.334072e-02	-1.224458e+01
2.723000e-05	4.063017e-02	-1.228626e+01
2.724000e-05	4.126581e-02	-1.234787e+01
2.725000e-05	4.476672e-02	-1.240200e+01
2.726000e-05	4.785022e-02	-1.242461e+01
2.727000e-05	4.596837e-02	-1.249923e+01
2.728000e-05	5.070110e-02	-1.251134e+01
2.729000e-05	4.824974e-02	-1.258292e+01
2.730000e-05	4.911882e-02	-1.258498e+01
2.731000e-05	5.189279e-02	-1.264448e+01
2.732000e-05	5.520683e-02	-1.261463e+01
2.733000e-05	5.570491e-02	-1.266611e+01
2.734000e-05	5.605041e-02	-1.269671e+01
2.735000e-05	5.824359e-02	-1.268822e+01
2.736000e-05	5.948869e-02	-1.270679e+01
2.737000e-05	5.943835e-02	-1.273721e+01
2.738000e-05	6.034240e-02	-1.269779e+01
2.739000e-05	6.286687e-02	-1.269676e+01
2.740000e-05	6.666569e-02	-1.271776e+01
2.741000e-05	6.672124e-02	-1.267723e+01
2.742000e-05	6.925540e-02	-1.263563e+01
2.743000e-05	7.128743e-02	-1.265356e+01
2.744000e-05	7.169076e-02	-1.255385e+01
2.745000e-05	7.688644e-02	-1.256292e+01
2.746000e-05	8.009311e-02	-1.249927e+01
2.747000e-05	8.330655e-02	-1.246759e+01
2.748000e-05	8.746028e-02	-1.241460e+01
2.749000e-05	9.121516e-02	-1.240037e+01
2.750000e-05	9.461599e-02	-1.230874e+01
2.751000e-05	9.632125e-02	-1.219457e+01
2.752000e-05	9.988137e-02	-1.217147e+01
2.753000e-05	1.020200e-01	-1.211816e+01
2.754000e-05	1.029020e-01	-1.201256e+01
2.755000e-05	1.031899e-01	-1.193727e+01
2.756000e-05	1.022061e-01	-1.180510e+01
2.757000e-05	9.966238e-02	-1.169134e+01
2.758000e-05	9.655584e-02	-1.158411e+01
2.759000e-05	9.305167e-02	-1.147874e+01
2.760000e-05	9.101671e-02	-1.137198e+01
2.761000e-05	8.714110e-02	-1.128651e+01
2.762000e-05	8.147580e-02	-1.112892e+01
2.763000e-05	7.742465e-02	-1.102310e+01
2.764000e-05	7.140797e-02	-1.089782e+01
2.765000e-05	6.928353e-02	-1.082305e+01
2.766000e-05	6.712783e-02	-1.069826e+01
2.767000e-05	6.225442e-02	-1.059155e+01
2.768000e-05	5.808424e-02	-1.041366e+01
2.769000e-05	5.475606e-02	-1.029736e+01
2.770000e-05	5.354794e-02	-1.017045e+01
2.771000e-05	5.118558e-02	-9.992103e+00
2.772000e-05	4.689400e-02	-9.885858e+00
2.773000e-05	4.425954e-02	-9.748794e+00
2.774000e-05	4.245800e-02	-9.601603e+00
2.775000e-05	3.908094e-02	-9.464183e+00
2.776000e-05	3.702984e-02	-9.255684e+00
2.777000e-05	3.608208e-02	-9.126864e+00
2.778000e-05	3.489626e-02	-8.929344e+00
2.779000e-05	3.115096e-02	-8.811495e+00
2.780000e-05	2.971239e-02	-8.599974e+00
2.781000e-05	2.943026e-02	-8.412002e+00
2.782000e-05	2.716454e-02	-8.244128e+00
2.783000e-05	2.496814e-02	-8.074756e+00
2.784000e-05	2.240479e-02	-7.897681e+00
2.785000e-05	2.255753e-02	-7.653083e+00
2.786000e-05	2.139465e-02	-7.473027e+00
2.787000e-05	2.040432e-02	-7.264653e+00
2.788000e-05	1.925823e-02	-7.052632e+00
2.789000e-05	1.812935e-02	-6.802548e+00
2.790000e-05	1.674355e-02	-6.592179e+00
2.791000e-05	1.569134e-02	-6.402184e+00
2.792000e-05	1.434197e-02	-6.264657e+00
2.793000e-05	1.543903e-02	-5.962057e+00
2.794000e-05	1.140142e-02	-5.789950e+00
2.795000e-05	1.310877e-02	-5.622154e+00
2.796000e-05	9.526145e-03	-5.441048e+00
2.797000e-05	1.130687e-02	-5.126415e+00
2.798000e-05	7.196842e-03	-4.874838e+00
2.799000e-05	1.090222e-02	-4.633555e+00
2.800000e-05	7.638955e-03	-4.453135e+00
2.801000e-05	8.579090e-03	-4.224203e+00
2.802000e-05	5.454522e-03	-4.054130e+00
2.803000e-05	6.460232e-03	-3.849553e+00
2.804000e-05	4.806700e-03	-3.589469e+00
2.805000e-05	4.978494e-03	-3.360444e+00
2.806000e-05	2.775954e-03	-3.148922e+00
2.807000e-05	2.554980e-03	-2.873208e+00
2.808000e-05	2.393749e-03	-2.671757e+00
2.809000e-05	2.277646e-03	-2.461109e+00
2.810000e-05	1.759622e-03	-2.179447e+00
2.811000e-05	-6.824015e-04	-1.937421e+00
2.812000e-05	9.719813e-04	-1.748893e+00
2.813000e-05	-1.271144e-04	-1.545813e+00
2.814000e-05	-1.074229e-03	-1.179975e+00
2.815000e-05	-3.049981e-03	-9.764676e-01
2.816000e-05	-3.068779e-03	-7.285383e-01
2.817000e-05	-4.129508e-03	-4.738107e-01
2.818000e-05	-4.045620e-03	-2.541830e-01
2.819000e-05	-4.114279e-03	7.873230e-03
2.820000e-05	4.817271e-03	1.699286e-01
2.821000e-05	2.195409e-03	4.220301e-01
2.822000e-05	-2.078580e-03	6.220526e-01
2.823000e-05	-1.259228e-03	8.520263e-01
2.824000e-05	-3.827457e-03	1.095612e+00
2.825000e-05	-3.467332e-03	1.316741e+00
2.826000e-05	-3.818652e-03	1.588522e+00
2.827000e-05	1.067445e-02	1.820085e+00
2.828000e-05	5.879098e-02	2.010976e+00
2.829000e-05	3.694921e-02	2.233532e+00
2.830000e-05	-7.803530e-02	2.476219e+00
2.831000e-05	-2.406256e-02	2.789926e+00
2.832000e-05	-3.671646e-02	3.030501e+00
2.833000e-05	-6.252501e-02	3.160348e+00
2.834000e-05	4.664109e-03	3.297819e+00
2.835000e-05	1.395404e-01	3.579350e+00
2.836000e-05	-1.770847e-01	3.728797e+00
2.837000e-05	1.081994e-01	3.930423e+00
2.838000e-05	-8.804940e-03	4.231950e+00
2.839000e-05	-9.727304e-02	4.444082e+00
2.840000e-05	8.549457e-02	4.693108e+00
2.841000e-05	-5.502977e-02	4.874683e+00
2.842000e-05	-7.265048e-03	5.170873e+00
2.843000e-05	1.543169e-02	5.403031e+00
2.844000e-05	-4.551382e-02	5.632204e+00
2.845000e-05	1.407335e-02	5.875063e+00
2.846000e-05	-3.705511e-02	6.087186e+00
2.847000e-05	-1.087013e-02	6.265186e+00
2.848000e-05	-2.500344e-02	6.488240e+00
2.849000e-05	-5.879584e-03	6.718841e+00
2.850000e-05	1.602033e-02	6.938246e+00
2.851000e-05	-5.097326e-02	7.158296e+00
2.852000e-05	2.319231e-02	7.288795e+00
2.853000e-05	-5.190727e-02	7.552876e+00
2.854000e-05	-1.601039e-02	7.731400e+00
2.855000e-05	-7.062756e-03	8.021973e+00
2.856000e-05	-2.377178e-02	8.203004e+00
2.857000e-05	-2.762478e-03	8.338922e+00
2.858000e-05	-4.023357e-02	8.499367e+00
2.859000e-05	-1.477886e-02	8.664616e+00
2.860000e-05	-2.950527e-02	8.833089e+00
2.861000e-05	-9.689567e-03	8.983457e+00
2.862000e-05	-2.687085e-02	9.181849e+00
2.863000e-05	-2.419925e-02	9.298371e+00
2.864000e-05	-1.670090e-02	9.457662e+00
2.865000e-05	-3.235362e-02	9.616633e+00
2.866000e-05	-2.387140e-02	9.793859e+00
2.867000e-05	-2.618646e-02	9.971377e+00
2.868000e-05	-2.184187e-02	1.008774e+01
2.869000e-05	-3.440356e-02	1.026558e+01
2.870000e-05	-2.694577e-02	1.039240e+01
2.871000e-05	-2.697220e-02	1.054980e+01
2.872000e-05	-3.072240e-02	1.063608e+01
2.873000e-05	-3.496751e-02	1.084246e+01
2.874000e-05	-3.037620e-02	1.091829e+01
2.875000e-05	-3.194571e-02	1.103504e+01
2.876000e-05	-3.704385e-02	1.113033e+01
2.877000e-05	-3.449457e-02	1.129969e+01
2.878000e-05	-3.313885e-02	1.138498e+01
2.879000e-05	-3.589313e-02	1.153137e+01
2.880000e-05	-4.128129e-02	1.164561e+01
2.881000e-05	-3.720789e-02	1.176085e+01
2.882000e-05	-3.882234e-02	1.184459e+01
2.883000e-05	-4.211525e-02	1.190972e+01
2.884000e-05	-4.308981e-02	1.206506e+01
2.885000e-05	-4.103974e-02	1.206877e+01
2.886000e-05	-4.487576e-02	1.215285e+01
2.887000e-05	-4.743283e-02	1.222513e+01
2.888000e-05	-4.402948e-02	1.231829e+01
2.889000e-05	-4.564676e-02	1.237095e+01
2.890000e-05	-4.930022e-02	1.243609e+01
2.891000e-05	-5.383796e-02	1.250769e+01
2.892000e-05	-4.978915e-02	1.251932e+01
2.893000e-05	-5.202714e-02	1.254232e+01
2.894000e-05	-5.419649e-02	1.255361e+01
2.895000e-05	-5.637097e-02	1.260458e+01
2.896000e-05	-5.700173e-02	1.263461e+01
2.897000e-05	-5.900420e-02	1.270567e+01
2.898000e-05	-6.025022e-02	1.268872e+01
2.899000e-05	-5.954260e-02	1.270776e+01
2.900000e-05	-6.167608e-02	1.269824e+01
2.901000e-05	-6.482697e-02	1.273982e+01
2.902000e-05	-6.616207e-02	1.270887e+01
2.903000e-05	-6.616635e-02	1.274835e+01
2.904000e-05	-6.825094e-02	1.273890e+01
2.905000e-05	-6.971464e-02	1.270832e+01
2.906000e-05	-7.186415e-02	1.271770e+01
2.907000e-05	-7.404568e-02	1.269872e+01
2.908000e-05	-7.681219e-02	1.266616e+01
2.909000e-05	-7.766677e-02	1.265566e+01
2.910000e-05	-7.977834e-02	1.261356e+01
2.911000e-05	-8.466070e-02	1.257298e+01
2.912000e-05	-8.807663e-02	1.251035e+01
2.913000e-05	-9.114005e-02	1.252829e+01
2.914000e-05	-9.363302e-02	1.247466e+01
2.915000e-05	-9.842215e-02	1.238351e+01
2.916000e-05	-1.012651e-01	1.234993e+01
2.917000e-05	-1.041992e-01	1.226719e+01
2.918000e-05	-1.076775e-01	1.218403e+01
2.919000e-05	-1.083598e-01	1.212184e+01
2.920000e-05	-1.099103e-01	1.200653e+01
2.921000e-05	-1.090465e-01	1.193135e+01
2.922000e-05	-1.077852e-01	1.186556e+01
2.923000e-05	-1.051711e-01	1.179190e+01
2.924000e-05	-1.022360e-01	1.170766e+01
2.925000e-05	-9.916203e-02	1.158980e+01
2.926000e-05	-9.499354e-02	1.145461e+01
2.927000e-05	-9.147348e-02	1.129034e+01
2.928000e-05	-8.629995e-02	1.118113e+01
2.929000e-05	-8.400930e-02	1.106614e+01
2.930000e-05	-7.575546e-02	1.096097e+01
2.931000e-05	-7.529712e-02	1.082869e+01
2.932000e-05	-7.161264e-02	1.074935e+01
2.933000e-05	-6.961043e-02	1.061453e+01
2.934000e-05	-6.331425e-02	1.044766e+01
2.935000e-05	-6.116775e-02	1.030837e+01
2.936000e-05	-5.771783e-02	1.023100e+01
2.937000e-05	-5.447026e-02	1.006461e+01
2.938000e-05	-5.170811e-02	9.907296e+00
2.939000e-05	-5.275311e-02	9.730899e+00
2.940000e-05	-4.838712e-02	9.569425e+00
2.941000e-05	-4.686166e-02	9.394004e+00
2.942000e-05	-4.253182e-02	9.296687e+00
2.943000e-05	-4.304112e-02	9.126895e+00
2.944000e-05	-4.034914e-02	8.958946e+00
2.945000e-05	-3.882566e-02	8.719371e+00
2.946000e-05	-3.745638e-02	8.561901e+00
2.947000e-05	-3.619625e-02	8.423133e+00
2.948000e-05	-3.332080e-02	8.275130e+00
2.949000e-05	-3.206569e-02	8.033636e+00
2.950000e-05	-3.114057e-02	7.824658e+00
2.951000e-05	-3.077798e-02	7.665239e+00
2.952000e-05	-2.908061e-02	7.434583e+00
2.953000e-05	-2.722074e-02	7.211607e+00
2.954000e-05	-2.736675e-02	6.971082e+00
2.955000e-05	-2.593459e-02	6.853233e+00
2.956000e-05	-2.606055e-02	6.612682e+00
2.957000e-05	-2.366761e-02	6.382053e+00
2.958000e-05	-2.263909e-02	6.234611e+00
2.959000e-05	-2.184829e-02	6.023231e+00
2.960000e-05	-2.139362e-02	5.873661e+00
2.961000e-05	-2.084434e-02	5.611054e+00
2.962000e-05	-1.905905e-02	5.360979e+00
2.963000e-05	-1.883215e-02	5.139872e+00
2.964000e-05	-1.798438e-02	4.904811e+00
2.965000e-05	-1.833328e-02	4.643687e+00
2.966000e-05	-1.706613e-02	4.464158e+00
2.967000e-05	-1.653593e-02	4.285531e+00
2.968000e-05	-1.404665e-02	3.970478e+00
2.969000e-05	-1.500292e-02	3.738945e+00
2.970000e-05	-1.315233e-02	3.589477e+00
2.971000e-05	-1.302361e-02	3.286290e+00
2.972000e-05	-1.090495e-02	3.075288e+00
2.973000e-05	-1.220604e-02	2.894661e+00
2.974000e-05	-1.084594e-02	2.664691e+00
2.975000e-05	-1.061648e-02	2.389052e+00
2.976000e-05	-9.689696e-03	2.136874e+00
2.977000e-05	-1.024450e-02	1.987873e+00
2.978000e-05	-9.026330e-03	1.687346e+00
2.979000e-05	-7.868704e-03	1.463135e+00
2.980000e-05	-5.474259e-03	1.230604e+00
2.981000e-05	-6.913267e-03	8.973398e-01
2.982000e-05	-7.726136e-03	6.642359e-01
2.983000e-05	-6.464313e-03	4.336305e-01
2.984000e-05	-3.303582e-03	2.706595e-01
2.985000e-05	-2.568073e-03	-5.100000e-02
2.986000e-05	5.378413e-03	-2.625763e-01
2.987000e-05	-1.470632e-03	-4.305763e-01
2.988000e-05	3.144704e-03	-6.652803e-01
2.989000e-05	-1.198379e-03	-8.851841e-01
2.990000e-05	1.255000e-03	-1.116235e+00
2.991000e-05	-1.078272e-03	-1.335343e+00
2.992000e-05	1.141383e-02	-1.589418e+00
2.993000e-05	6.926587e-02	-1.729347e+00
2.994000e-05	5.256609e-02	-1.999498e+00
2.995000e-05	-7.954558e-02	-2.379823e+00
2.996000e-05	1.596517e-03	-2.714661e+00
2.997000e-05	-4.860687e-02	-2.832653e+00
2.998000e-05	-8.003947e-02	-3.094126e+00
2.999000e-05	1.354118e-01	-3.199945e+00
3.000000e-05	2.623026e-03	-3.337344e+00
3.001000e-05	-8.518794e-02	-3.601505e+00
3.002000e-05	2.026566e-01	-3.788822e+00
3.003000e-05	-1.758293e-01	-4.074104e+00
3.004000e-05	8.190356e-02	-4.254738e+00
3.005000e-05	5.897685e-02	-4.424078e+00
3.006000e-05	-1.136858e-01	-4.747141e+00
3.007000e-05	1.634138e-01	-4.915740e+00
3.008000e-05	-8.973736e-02	-5.157893e+00
3.009000e-05	1.921610e-02	-5.486084e+00
3.010000e-05	6.696940e-02	-5.653684e+00
3.011000e-05	-1.047445e-01	-5.936238e+00
3.012000e-05	1.381649e-01	-6.074211e+00
3.013000e-05	-8.901149e-02	-6.319244e+00
3.014000e-05	6.793078e-02	-6.546841e+00
3.015000e-05	2.305888e-02	-6.738817e+00
3.016000e-05	-3.217288e-02	-6.961845e+00
3.017000e-05	1.111396e-01	-7.201424e+00
3.018000e-05	-1.123304e-01	-7.361047e+00
3.019000e-05	9.944030e-02	-7.523375e+00
3.020000e-05	-2.823918e-02	-7.792827e+00
3.021000e-05	3.294210e-02	-8.063480e+00
3.022000e-05	4.887471e-02	-8.191847e+00
3.023000e-05	-3.126745e-02	-8.408322e+00
3.024000e-05	6.472064e-02	-8.558814e+00
3.025000e-05	-4.342408e-02	-8.668188e+00
3.026000e-05	6.963307e-02	-8.916213e+00
3.027000e-05	3.630735e-03	-9.063509e+00
3.028000e-05	3.372675e-02	-9.202501e+00
3.029000e-05	9.550352e-03	-9.319371e+00
3.030000e-05	2.540399e-03	-9.529718e+00
3.031000e-05	5.406628e-02	-9.676662e+00
3.032000e-05	1.280517e-03	-9.833030e+00
3.033000e-05	4.325652e-02	-9.950346e+00
3.034000e-05	5.077451e-04	-1.008821e+01
3.035000e-05	4.705870e-02	-1.026664e+01
3.036000e-05	7.791426e-03	-1.045500e+01
3.037000e-05	3.481459e-02	-1.051030e+01
3.038000e-05	2.584837e-02	-1.067564e+01
3.039000e-05	2.942896e-02	-1.077135e+01
3.040000e-05	2.245160e-02	-1.091766e+01
3.041000e-05	2.597392e-02	-1.101450e+01
3.042000e-05	4.394625e-02	-1.114190e+01
3.043000e-05	2.613080e-02	-1.130767e+01
3.044000e-05	3.381580e-02	-1.139300e+01
3.045000e-05	2.456457e-02	-1.150874e+01
3.046000e-05	4.464912e-02	-1.164601e+01
3.047000e-05	2.894583e-02	-1.173137e+01
3.048000e-05	3.965325e-02	-1.180561e+01
3.049000e-05	3.574577e-02	-1.193085e+01
3.050000e-05	3.917975e-02	-1.201503e+01
3.051000e-05	3.607487e-02	-1.209729e+01
3.052000e-05	4.222610e-02	-1.216292e+01
3.053000e-05	4.586500e-02	-1.224455e+01
3.054000e-05	4.016593e-02	-1.228669e+01
3.055000e-05	4.320059e-02	-1.230929e+01
3.056000e-05	4.195296e-02	-1.241148e+01
3.057000e-05	4.917926e-02	-1.245455e+01
3.058000e-05	4.461086e-02	-1.247619e+01
3.059000e-05	5.096008e-02	-1.253179e+01
3.060000e-05	5.029987e-02	-1.255399e+01
3.061000e-05	4.947236e-02	-1.256193e+01
3.062000e-05	5.153643e-02	-1.258406e+01
3.063000e-05	5.418529e-02	-1.261506e+01
3.064000e-05	5.685639e-02	-1.265663e+01
3.065000e-05	5.488605e-02	-1.269668e+01
3.066000e-05	5.735518e-02	-1.269726e+01
3.067000e-05	5.927326e-02	-1.273869e+01
3.068000e-05	5.998308e-02	-1.272929e+01
3.069000e-05	6.089753e-02	-1.271827e+01
3.070000e-05	6.251473e-02	-1.266671e+01
3.071000e-05	6.582160e-02	-1.270727e+01
3.072000e-05	6.703897e-02	-1.268814e+01
3.073000e-05	6.806278e-02	-1.263713e+01
3.074000e-05	7.139167e-02	-1.263598e+01
3.075000e-05	7.340177e-02	-1.259403e+01
3.076000e-05	7.751692e-02	-1.255330e+01
3.077000e-05	7.696302e-02	-1.254040e+01
3.078000e-05	8.175455e-02	-1.246721e+01
3.079000e-05	8.631726e-02	-1.244358e+01
3.080000e-05	9.151250e-02	-1.235135e+01
3.081000e-05	9.217915e-02	-1.227779e+01
3.082000e-05	9.652917e-02	-1.223553e+01
3.083000e-05	9.889753e-02	-1.219348e+01
3.084000e-05	1.024296e-01	-1.212869e+01
3.085000e-05	1.015759e-01	-1.201671e+01
3.086000e-05	1.031520e-01	-1.196132e+01
3.087000e-05	1.022864e-01	-1.181521e+01
3.088000e-05	1.002258e-01	-1.173185e+01
3.089000e-05	9.690118e-02	-1.163555e+01
3.090000e-05	9.382914e-02	-1.153134e+01
3.091000e-05	9.156752e-02	-1.141348e+01
3.092000e-05	8.607796e-02	-1.128878e+01
3.093000e-05	8.233159e-02	-1.115242e+01
3.094000e-05	7.767177e-02	-1.099616e+01
3.095000e-05	7.438306e-02	-1.094042e+01
3.096000e-05	6.996070e-02	-1.082411e+01
3.097000e-05	6.597543e-02	-1.073729e+01
3.098000e-05	6.320877e-02	-1.060360e+01
3.099000e-05	6.001824e-02	-1.048824e+01
3.100000e-05	5.712307e-02	-1.036940e+01
3.101000e-05	5.339999e-02	-1.021395e+01
3.102000e-05	5.065009e-02	-1.003663e+01
3.103000e-05	4.702574e-02	-9.927766e+00
3.104000e-05	4.434239e-02	-9.771349e+00
3.105000e-05	4.247911e-02	-9.583583e+00
3.106000e-05	4.048632e-02	-9.456685e+00
3.107000e-05	3.821847e-02	-9.289265e+00
3.108000e-05	3.520069e-02	-9.178367e+00
3.109000e-05	3.426648e-02	-8.990449e+00
3.110000e-05	3.106055e-02	-8.763052e+00
3.111000e-05	2.976480e-02	-8.643081e+00
3.112000e-05	2.893218e-02	-8.413636e+00
3.113000e-05	2.731727e-02	-8.285756e+00
3.114000e-05	2.529396e-02	-8.096265e+00
3.115000e-05	2.450174e-02	-7.917861e+00
3.116000e-05	2.304310e-02	-7.626218e+00
3.117000e-05	2.136249e-02	-7.494280e+00
3.118000e-05	1.972052e-02	-7.305762e+00
3.119000e-05	1.868405e-02	-7.106760e+00
3.120000e-05	1.754706e-02	-6.833688e+00
3.121000e-05	1.740904e-02	-6.677286e+00
3.122000e-05	1.662697e-02	-6.494137e+00
3.123000e-05	1.454599e-02	-6.297282e+00
3.124000e-05	1.376267e-02	-6.076236e+00
3.125000e-05	1.159739e-02	-5.835706e+00
3.126000e-05	1.302529e-02	-5.654659e+00
3.127000e-05	9.867415e-03	-5.473132e+00
3.128000e-05	1.097764e-02	-5.201073e+00
3.129000e-05	8.067719e-03	-4.938445e+00
3.130000e-05	9.657547e-03	-4.664134e+00
3.131000e-05	7.717042e-03	-4.494838e+00
3.132000e-05	7.278694e-03	-4.326333e+00
3.133000e-05	6.404918e-03	-4.035712e+00
3.134000e-05	6.887633e-03	-3.865882e+00
3.135000e-05	4.555889e-03	-3.652107e+00
3.136000e-05	4.333649e-03	-3.431529e+00
3.137000e-05	3.283606e-03	-3.111454e+00
3.138000e-05	3.639234e-03	-2.917389e+00
3.139000e-05	7.784091e-04	-2.727388e+00
3.140000e-05	2.698609e-03	-2.474263e+00
3.141000e-05	1.358976e-03	-2.295157e+00
3.142000e-05	2.122611e-03	-1.989549e+00
3.143000e-05	-7.609966e-04	-1.750473e+00
3.144000e-05	-7.443192e-04	-1.587865e+00
3.145000e-05	-2.328122e-03	-1.294161e+00
3.146000e-05	-2.051116e-03	-1.022074e+00
3.147000e-05	-3.578288e-03	-7.980188e-01
3.148000e-05	-2.937530e-03	-5.478675e-01
3.149000e-05	-3.483899e-03	-3.048608e-01
3.150000e-05	-3.294068e-03	-6.465704e-02
3.151000e-05	2.020349e-04	1.078169e-01
3.152000e-05	3.376785e-03	3.899248e-01
3.153000e-05	-3.886418e-03	6.088999e-01
3.154000e-05	1.026355e-03	8.005286e-01
3.155000e-05	-5.752697e-03	9.894558e-01
3.156000e-05	-3.190182e-03	1.263186e+00
3.157000e-05	-4.921940e-03	1.587190e+00
3.158000e-05	7.204684e-03	1.769865e+00
3.159000e-05	4.186894e-02	1.946843e+00
3.160000e-05	6.182486e-02	2.170451e+00
3.161000e-05	-7.290204e-02	2.413010e+00
3.162000e-05	-2.964816e-02	2.758321e+00
3.163000e-05	-3.692146e-02	2.948869e+00
3.164000e-05	-5.051365e-02	3.139325e+00
3.165000e-05	-4.402430e-02	3.254660e+00
3.166000e-05	1.597849e-01	3.508293e+00
3.167000e-05	-1.273274e-01	3.686290e+00
3.168000e-05	2.551496e-02	3.906769e+00
3.169000e-05	7.645214e-02	4.126393e+00
3.170000e-05	-1.353502e-01	4.430076e+00
3.171000e-05	7.449243e-02	4.581950e+00
3.172000e-05	-2.058834e-02	4.844558e+00
3.173000e-05	-3.983506e-02	5.118171e+00
3.174000e-05	3.420494e-02	5.380870e+00
3.175000e-05	-4.922575e-02	5.560427e+00
3.176000e-05	1.094839e-02	5.812408e+00
3.177000e-05	-2.711665e-02	6.033084e+00
3.178000e-05	-2.488688e-02	6.244604e+00
3.179000e-05	-1.247773e-02	6.434533e+00
3.180000e-05	-2.350027e-02	6.645143e+00
3.181000e-05	3.096333e-02	6.855688e+00
3.182000e-05	-5.124306e-02	7.086116e+00
3.183000e-05	1.602188e-02	7.276714e+00
3.184000e-05	-3.288733e-02	7.546247e+00
3.185000e-05	-3.640009e-02	7.758791e+00
3.186000e-05	1.676412e-03	7.958773e+00
3.187000e-05	-2.730011e-02	8.179902e+00
3.188000e-05	-1.281310e-03	8.307318e+00
3.189000e-05	-3.402299e-02	8.486165e+00
3.190000e-05	-2.255328e-02	8.624037e+00
3.191000e-05	-2.335464e-02	8.781409e+00
3.192000e-05	-1.586025e-02	8.952352e+00
3.193000e-05	-1.873716e-02	9.128270e+00
3.194000e-05	-2.887781e-02	9.295767e+00
3.195000e-05	-1.369165e-02	9.463083e+00
3.196000e-05	-3.068223e-02	9.613529e+00
3.197000e-05	-2.771032e-02	9.781300e+00
3.198000e-05	-2.324135e-02	9.938322e+00
3.199000e-05	-2.354901e-02	1.008559e+01
3.200000e-05	-3.066553e-02	1.021358e+01
3.201000e-05	-3.132431e-02	1.036080e+01
3.202000e-05	-2.278005e-02	1.051579e+01
3.203000e-05	-2.924753e-02	1.057446e+01
3.204000e-05	-3.492531e-02	1.077140e+01
3.205000e-05	-3.323356e-02	1.086579e+01
3.206000e-05	-3.117382e-02	1.102256e+01
3.207000e-05	-3.470064e-02	1.110722e+01
3.208000e-05	-3.578723e-02	1.124958e+01
3.209000e-05	-3.085844e-02	1.134290e+01
3.210000e-05	-3.612679e-02	1.150029e+01
3.211000e-05	-3.965464e-02	1.158611e+01
3.212000e-05	-3.959847e-02	1.172882e+01
3.213000e-05	-3.722172e-02	1.184605e+01
3.214000e-05	-4.109782e-02	1.192882e+01
3.215000e-05	-4.246290e-02	1.201245e+01
3.216000e-05	-4.025906e-02	1.209822e+01
3.217000e-05	-4.414341e-02	1.214338e+01
3.218000e-05	-4.661591e-02	1.216509e+01
3.219000e-05	-4.576909e-02	1.229771e+01
3.220000e-05	-4.513491e-02	1.236150e+01
3.221000e-05	-4.782866e-02	1.242358e+01
3.222000e-05	-5.346327e-02	1.248721e+01
3.223000e-05	-5.165827e-02	1.251929e+01
3.224000e-05	-5.171079e-02	1.252040e+01
3.225000e-05	-5.218994e-02	1.257153e+01
3.226000e-05	-5.615063e-02	1.261353e+01
3.227000e-05	-5.613430e-02	1.263211e+01
3.228000e-05	-6.071404e-02	1.262471e+01
3.229000e-05	-6.023009e-02	1.266569e+01
3.230000e-05	-5.959825e-02	1.269721e+01
3.231000e-05	-6.023048e-02	1.268829e+01
3.232000e-05	-6.355138e-02	1.270977e+01
3.233000e-05	-6.641497e-02	1.275934e+01
3.234000e-05	-6.557194e-02	1.272877e+01
3.235000e-05	-6.984698e-02	1.277040e+01
3.236000e-05	-6.917342e-02	1.271774e+01
3.237000e-05	-7.226561e-02	1.271824e+01
3.238000e-05	-7.256262e-02	1.266684e+01
3.239000e-05	-7.618859e-02	1.270569e+01
3.240000e-05	-7.657591e-02	1.265519e+01
3.241000e-05	-7.973245e-02	1.261468e+01
3.242000e-05	-8.375206e-02	1.261401e+01
3.243000e-05	-8.745469e-02	1.258145e+01
3.244000e-05	-8.985248e-02	1.251880e+01
3.245000e-05	-9.224079e-02	1.246629e+01
3.246000e-05	-9.656172e-02	1.243261e+01
3.247000e-05	-1.006989e-01	1.236140e+01
3.248000e-05	-1.048865e-01	1.229672e+01
3.249000e-05	-1.071644e-01	1.222406e+01
3.250000e-05	-1.094758e-01	1.214180e+01
3.251000e-05	-1.084253e-01	1.202614e+01
3.252000e-05	-1.067175e-01	1.198135e+01
3.253000e-05	-1.059357e-01	1.187826e+01
3.254000e-05	-1.055719e-01	1.181205e+01
3.255000e-05	-1.044117e-01	1.166874e+01
3.256000e-05	-9.944704e-02	1.158198e+01
3.257000e-05	-9.532832e-02	1.144711e+01
3.258000e-05	-9.109672e-02	1.137145e+01
3.259000e-05	-8.617338e-02	1.121301e+01
3.260000e-05	-8.462751e-02	1.111676e+01
3.261000e-05	-7.844595e-02	1.100248e+01
3.262000e-05	-7.685094e-02	1.089774e+01
3.263000e-05	-7.177380e-02	1.075093e+01
3.264000e-05	-6.939282e-02	1.062410e+01
3.265000e-05	-6.412279e-02	1.049819e+01
3.266000e-05	-6.152971e-02	1.039340e+01
3.267000e-05	-5.819282e-02	1.023308e+01
3.268000e-05	-5.647980e-02	1.006779e+01
3.269000e-05	-5.300001e-02	9.968947e+00
3.270000e-05	-5.238866e-02	9.791502e+00
3.271000e-05	-4.868718e-02	9.611527e+00
3.272000e-05	-4.544721e-02	9.414140e+00
3.273000e-05	-4.416007e-02	9.318269e+00
3.274000e-05	-4.326323e-02	9.149899e+00
3.275000e-05	-4.101258e-02	8.991500e+00
3.276000e-05	-3.831065e-02	8.771008e+00
3.277000e-05	-3.726579e-02	8.603632e+00
3.278000e-05	-3.635484e-02	8.475232e+00
3.279000e-05	-3.435706e-02	8.286712e+00
3.280000e-05	-3.274429e-02	8.127687e+00
3.281000e-05	-3.154486e-02	7.876786e+00
3.282000e-05	-3.029497e-02	7.736311e+00
3.283000e-05	-2.941089e-02	7.497842e+00
3.284000e-05	-2.834107e-02	7.245165e+00
3.285000e-05	-2.723896e-02	7.084788e+00
3.286000e-05	-2.584457e-02	6.865740e+00
3.287000e-05	-2.565603e-02	6.715760e+00
3.288000e-05	-2.398058e-02	6.456191e+00
3.289000e-05	-2.296925e-02	6.244610e+00
3.290000e-05	-2.180070e-02	6.075241e+00
3.291000e-05	-2.138476e-02	5.886235e+00
3.292000e-05	-2.086812e-02	5.613635e+00
3.293000e-05	-2.011320e-02	5.463584e+00
3.294000e-05	-1.954578e-02	5.211108e+00
3.295000e-05	-1.854864e-02	4.907320e+00
3.296000e-05	-1.776086e-02	4.696842e+00
3.297000e-05	-1.662840e-02	4.495265e+00
3.298000e-05	-1.553897e-02	4.286739e+00
3.299000e-05	-1.628942e-02	4.013083e+00
3.300000e-05	-1.461007e-02	3.802079e+00
3.301000e-05	-1.265944e-02	3.602580e+00
3.302000e-05	-1.343238e-02	3.357929e+00
3.303000e-05	-1.299597e-02	3.136892e+00
3.304000e-05	-1.266400e-02	2.906821e+00
3.305000e-05	-9.824304e-03	2.747245e+00
3.306000e-05	-1.116276e-02	2.424808e+00
3.307000e-05	-1.067540e-02	2.191554e+00
3.308000e-05	-9.982417e-03	2.011029e+00
3.309000e-05	-8.708589e-03	1.751397e+00
3.310000e-05	-8.019815e-03	1.514343e+00
3.311000e-05	-8.673141e-03	1.262184e+00
3.312000e-05	-7.225684e-03	9.689491e-01
3.313000e-05	-5.590178e-03	7.173924e-01
3.314000e-05	-5.696535e-03	5.152910e-01
3.315000e-05	-4.931744e-03	3.253684e-01
3.316000e-05	-3.885452e-03	2.210408e-02
3.317000e-05	3.992396e-03	-2.199209e-01
3.318000e-05	1.348576e-03	-3.595222e-01
3.319000e-05	-2.878296e-04	-6.330496e-01
3.320000e-05	1.401782e-03	-8.940523e-01
3.321000e-05	-1.233129e-04	-1.063159e+00
3.322000e-05	-9.212993e-04	-1.274633e+00
3.323000e-05	5.165447e-03	-1.488289e+00
3.324000e-05	5.007814e-02	-1.727342e+00
3.325000e-05	8.576820e-02	-1.937796e+00
3.326000e-05	-7.683174e-02	-2.275185e+00
3.327000e-05	-6.525182e-03	-2.622454e+00
3.328000e-05	-3.953452e-02	-2.811052e+00
3.329000e-05	-7.631055e-02	-2.987397e+00
3.330000e-05	7.315936e-02	-3.137862e+00
3.331000e-05	1.057827e-01	-3.286734e+00
3.332000e-05	-1.708807e-01	-3.520373e+00
3.333000e-05	1.931394e-01	-3.757311e+00
3.334000e-05	-1.084656e-01	-3.982873e+00
3.335000e-05	-2.996113e-03	-4.243130e+00
3.336000e-05	1.274863e-01	-4.401029e+00
3.337000e-05	-1.313856e-01	-4.655105e+00
3.338000e-05	1.243146e-01	-4.885637e+00
3.339000e-05	-5.722710e-03	-5.095733e+00
3.340000e-05	-6.577745e-02	-5.372497e+00
3.341000e-05	1.269177e-01	-5.592050e+00
3.342000e-05	-1.304569e-01	-5.843535e+00
3.343000e-05	1.208235e-01	-6.023176e+00
3.344000e-05	-3.951026e-02	-6.265134e+00
3.345000e-05	3.861310e-03	-6.495684e+00
3.346000e-05	8.252971e-02	-6.665685e+00
3.347000e-05	-7.382923e-02	-6.927243e+00
3.348000e-05	1.312037e-01	-7.128241e+00
3.349000e-05	-9.533276e-02	-7.338797e+00
3.350000e-05	5.106937e-02	-7.517864e+00
3.351000e-05	2.286735e-02	-7.719369e+00
3.352000e-05	-1.645379e-02	-7.960946e+00
3.353000e-05	8.476223e-02	-8.119741e+00
3.354000e-05	-4.995411e-02	-8.309266e+00
3.355000e-05	6.983208e-02	-8.507186e+00
3.356000e-05	-3.454404e-02	-8.676587e+00
3.357000e-05	4.552541e-02	-8.854626e+00
3.358000e-05	2.761984e-02	-9.012054e+00
3.359000e-05	1.474152e-02	-9.189342e+00
3.360000e-05	3.176718e-02	-9.320193e+00
3.361000e-05	-1.871944e-02	-9.457292e+00
3.362000e-05	5.923261e-02	-9.645085e+00
3.363000e-05	1.112969e-03	-9.802949e+00
3.364000e-05	4.380338e-02	-9.887821e+00
3.365000e-05	2.726877e-03	-1.008773e+01
3.366000e-05	4.004337e-02	-1.021608e+01
3.367000e-05	1.812143e-02	-1.040240e+01
3.368000e-05	2.627598e-02	-1.050919e+01
3.369000e-05	3.152459e-02	-1.059558e+01
3.370000e-05	2.227289e-02	-1.077040e+01
3.371000e-05	2.894660e-02	-1.087826e+01
3.372000e-05	1.788641e-02	-1.096198e+01
3.373000e-05	4.636380e-02	-1.115039e+01
3.374000e-05	2.583202e-02	-1.123611e+01
3.375000e-05	3.775107e-02	-1.133395e+01
3.376000e-05	2.447362e-02	-1.147716e+01
3.377000e-05	4.091090e-02	-1.158295e+01
3.378000e-05	3.050306e-02	-1.171889e+01
3.379000e-05	3.616109e-02	-1.175413e+01
3.380000e-05	3.820720e-02	-1.197022e+01
3.381000e-05	3.796260e-02	-1.198356e+01
3.382000e-05	3.783701e-02	-1.205659e+01
3.383000e-05	3.841337e-02	-1.212139e+01
3.384000e-05	4.762666e-02	-1.222395e+01
3.385000e-05	4.006685e-02	-1.226664e+01
3.386000e-05	4.461745e-02	-1.231834e+01
3.387000e-05	4.048229e-02	-1.237187e+01
3.388000e-05	4.860463e-02	-1.241555e+01
3.389000e-05	4.452629e-02	-1.247816e+01
3.390000e-05	4.897471e-02	-1.250029e+01
3.391000e-05	5.047807e-02	-1.255190e+01
3.392000e-05	4.930887e-02	-1.254493e+01
3.393000e-05	5.132781e-02	-1.255348e+01
3.394000e-05	5.294455e-02	-1.263508e+01
3.395000e-05	5.666727e-02	-1.263566e+01
3.396000e-05	5.630767e-02	-1.267708e+01
3.397000e-05	5.725641e-02	-1.270824e+01
3.398000e-05	5.816286e-02	-1.270969e+01
3.399000e-05	5.847831e-02	-1.275027e+01
3.400000e-05	6.041989e-02	-1.270821e+01
3.401000e-05	6.237615e-02	-1.267823e+01
3.402000e-05	6.628167e-02	-1.273826e+01
3.403000e-05	6.752397e-02	-1.270619e+01
3.404000e-05	6.827397e-02	-1.267718e+01
3.405000e-05	7.063165e-02	-1.259551e+01
3.406000e-05	7.195246e-02	-1.261453e+01
3.407000e-05	7.580027e-02	-1.254347e+01
3.408000e-05	7.890497e-02	-1.252185e+01
3.409000e-05	8.160861e-02	-1.248762e+01
3.410000e-05	8.458983e-02	-1.244564e+01
3.411000e-05	9.037410e-02	-1.236202e+01
3.412000e-05	9.347262e-02	-1.233732e+01
3.413000e-05	9.627550e-02	-1.223656e+01
3.414000e-05	9.703257e-02	-1.221353e+01
3.415000e-05	1.017841e-01	-1.214034e+01
3.416000e-05	1.037669e-01	-1.203619e+01
3.417000e-05	1.043130e-01	-1.195293e+01
3.418000e-05	1.026400e-01	-1.189964e+01
3.419000e-05	9.972280e-02	-1.177300e+01
3.420000e-05	9.802233e-02	-1.165824e+01
3.421000e-05	9.399014e-02	-1.154145e+01
3.422000e-05	9.128797e-02	-1.146558e+01
3.423000e-05	8.924663e-02	-1.128877e+01
3.424000e-05	8.439247e-02	-1.115305e+01
3.425000e-05	7.912319e-02	-1.110036e+01
3.426000e-05	7.532704e-02	-1.096084e+01
3.427000e-05	7.004858e-02	-1.084563e+01
3.428000e-05	6.647781e-02	-1.077029e+01
3.429000e-05	6.401197e-02	-1.063518e+01
3.430000e-05	6.044840e-02	-1.054982e+01
3.431000e-05	5.887693e-02	-1.037351e+01
3.432000e-05	5.386781e-02	-1.022365e+01
3.433000e-05	5.207960e-02	-1.007779e+01
3.434000e-05	4.761155e-02	-9.948341e+00
3.435000e-05	4.528625e-02	-9.813074e+00
3.436000e-05	4.324270e-02	-9.627208e+00
3.437000e-05	4.117748e-02	-9.518288e+00
3.438000e-05	3.903077e-02	-9.330397e+00
3.439000e-05	3.669635e-02	-9.159969e+00
3.440000e-05	3.478887e-02	-9.023183e+00
3.441000e-05	3.224811e-02	-8.835708e+00
3.442000e-05	3.087324e-02	-8.684730e+00
3.443000e-05	2.886200e-02	-8.435691e+00
3.444000e-05	2.862137e-02	-8.356789e+00
3.445000e-05	2.681188e-02	-8.159347e+00
3.446000e-05	2.432216e-02	-7.980393e+00
3.447000e-05	2.254223e-02	-7.719347e+00
3.448000e-05	2.059567e-02	-7.507363e+00
3.449000e-05	2.043739e-02	-7.357869e+00
3.450000e-05	1.965381e-02	-7.106941e+00
3.451000e-05	1.778611e-02	-6.917319e+00
3.452000e-05	1.766055e-02	-6.735912e+00
3.453000e-05	1.776257e-02	-6.537847e+00
3.454000e-05	1.561682e-02	-6.347236e+00
3.455000e-05	1.465592e-02	-6.117741e+00
3.456000e-05	1.318733e-02	-5.936838e+00
3.457000e-05	1.327285e-02	-5.675786e+00
3.458000e-05	1.138227e-02	-5.506336e+00
3.459000e-05	1.052944e-02	-5.253708e+00
3.460000e-05	9.574735e-03	-5.030504e+00
3.461000e-05	9.172744e-03	-4.708920e+00
3.462000e-05	9.140948e-03	-4.516890e+00
3.463000e-05	7.662136e-03	-4.368444e+00
3.464000e-05	7.097775e-03	-4.148794e+00
3.465000e-05	6.650317e-03	-3.930362e+00
3.466000e-05	5.398774e-03	-3.672207e+00
3.467000e-05	5.763933e-03	-3.465683e+00
3.468000e-05	2.837182e-03	-3.242659e+00
3.469000e-05	2.990895e-03	-2.961099e+00
3.470000e-05	1.104317e-03	-2.787324e+00
3.471000e-05	4.152980e-03	-2.516389e+00
3.472000e-05	7.892684e-04	-2.306815e+00
3.473000e-05	1.817118e-03	-2.082183e+00
3.474000e-05	-1.647965e-03	-1.843629e+00
3.475000e-05	1.169755e-03	-1.612002e+00
3.476000e-05	-1.412750e-03	-1.344795e+00
3.477000e-05	-1.666015e-03	-1.084706e+00
3.478000e-05	-3.568426e-03	-8.316781e-01
3.479000e-05	-3.709910e-03	-6.095466e-01
3.480000e-05	-4.792385e-03	-3.564447e-01
3.481000e-05	-3.492725e-03	-1.379159e-01
3.482000e-05	-2.319181e-04	8.370796e-02
3.483000e-05	6.484214e-03	3.378209e-01
3.484000e-05	-6.163926e-03	5.373494e-01
3.485000e-05	1.316188e-03	7.483895e-01
3.486000e-05	-5.380966e-03	9.458244e-01
3.487000e-05	-1.348704e-03	1.210954e+00
3.488000e-05	-6.002743e-03	1.443538e+00
3.489000e-05	2.181851e-03	1.705243e+00
3.490000e-05	2.982197e-02	1.876764e+00
3.491000e-05	7.534339e-02	2.136818e+00
3.492000e-05	-5.055192e-02	2.402450e+00
3.493000e-05	-4.619794e-02	2.666688e+00
3.494000e-05	-3.508332e-02	2.906717e+00
3.495000e-05	-3.867935e-02	3.116314e+00
3.496000e-05	-7.220971e-02	3.263583e+00
3.497000e-05	1.407140e-01	3.434583e+00
3.498000e-05	-5.281063e-02	3.655636e+00
3.499000e-05	-6.792771e-02	3.862659e+00
3.500000e-05	1.415129e-01	4.073665e+00
3.501000e-05	-1.433204e-01	4.350468e+00
3.502000e-05	3.812864e-02	4.529323e+00
3.503000e-05	2.155360e-02	4.858945e+00
3.504000e-05	-6.093579e-02	5.025609e+00
3.505000e-05	4.028699e-02	5.297766e+00
3.506000e-05	-4.106966e-02	5.578372e+00
3.507000e-05	-4.972458e-03	5.767893e+00
3.508000e-05	-1.189584e-02	5.990554e+00
3.509000e-05	-3.576191e-02	6.221383e+00
3.510000e-05	1.528594e-04	6.369974e+00
3.511000e-05	-3.205406e-02	6.602501e+00
3.512000e-05	3.139034e-02	6.833509e+00
3.513000e-05	-4.323772e-02	7.045608e+00
3.514000e-05	-5.101268e-03	7.224062e+00
3.515000e-05	-7.455414e-03	7.463589e+00
3.516000e-05	-5.164987e-02	7.686658e+00
3.517000e-05	4.591571e-03	7.876590e+00
3.518000e-05	-2.683517e-02	8.167292e+00
3.519000e-05	-4.426456e-03	8.265638e+00
3.520000e-05	-2.507731e-02	8.434555e+00
3.521000e-05	-3.010174e-02	8.613004e+00
3.522000e-05	-1.658033e-02	8.750800e+00
3.523000e-05	-2.406428e-02	8.898244e+00
3.524000e-05	-1.369321e-02	9.106117e+00
3.525000e-05	-3.165185e-02	9.244160e+00
3.526000e-05	-1.201777e-02	9.413089e+00
3.527000e-05	-2.708459e-02	9.558420e+00
3.528000e-05	-3.162877e-02	9.741746e+00
3.529000e-05	-2.236620e-02	9.866639e+00
3.530000e-05	-2.487816e-02	1.007508e+01
3.531000e-05	-2.563498e-02	1.017293e+01
3.532000e-05	-3.439486e-02	1.032774e+01
3.533000e-05	-2.226002e-02	1.044601e+01
3.534000e-05	-3.138317e-02	1.055300e+01
3.535000e-05	-3.349867e-02	1.073879e+01
3.536000e-05	-3.328225e-02	1.086671e+01
3.537000e-05	-2.977974e-02	1.099945e+01
3.538000e-05	-3.366943e-02	1.111674e+01
3.539000e-05	-3.851377e-02	1.123406e+01
3.540000e-05	-3.199560e-02	1.132235e+01
3.541000e-05	-3.582415e-02	1.145671e+01
3.542000e-05	-3.729069e-02	1.158398e+01
3.543000e-05	-4.050728e-02	1.166932e+01
3.544000e-05	-3.658511e-02	1.180448e+01
3.545000e-05	-4.119574e-02	1.186622e+01
3.546000e-05	-4.296937e-02	1.195043e+01
3.547000e-05	-4.017551e-02	1.207721e+01
3.548000e-05	-4.377860e-02	1.213132e+01
3.549000e-05	-4.628161e-02	1.218501e+01
3.550000e-05	-4.691326e-02	1.224461e+01
3.551000e-05	-4.398548e-02	1.236077e+01
3.552000e-05	-4.843664e-02	1.240403e+01
3.553000e-05	-5.193862e-02	1.248614e+01
3.554000e-05	-5.224594e-02	1.250077e+01
3.555000e-05	-5.175481e-02	1.255930e+01
3.556000e-05	-5.351501e-02	1.256242e+01
3.557000e-05	-5.543662e-02	1.259301e+01
3.558000e-05	-5.516991e-02	1.259303e+01
3.559000e-05	-5.971324e-02	1.265509e+01
3.560000e-05	-6.015496e-02	1.264616e+01
3.561000e-05	-6.066673e-02	1.266821e+01
3.562000e-05	-5.969285e-02	1.271827e+01
3.563000e-05	-6.285470e-02	1.266787e+01
3.564000e-05	-6.508999e-02	1.272932e+01
3.565000e-05	-6.583411e-02	1.272880e+01
3.566000e-05	-6.797920e-02	1.271882e+01
3.567000e-05	-6.977493e-02	1.272934e+01
3.568000e-05	-7.116759e-02	1.273932e+01
3.569000e-05	-7.175905e-02	1.265624e+01
3.570000e-05	-7.555691e-02	1.267771e+01
3.571000e-05	-7.672927e-02	1.264519e+01
3.572000e-05	-7.890912e-02	1.263508e+01
3.573000e-05	-8.217162e-02	1.259260e+01
3.574000e-05	-8.575447e-02	1.256145e+01
3.575000e-05	-8.909555e-02	1.253029e+01
3.576000e-05	-9.272792e-02	1.246673e+01
3.577000e-05	-9.580603e-02	1.244464e+01
3.578000e-05	-1.005173e-01	1.239150e+01
3.579000e-05	-1.043372e-01	1.232824e+01
3.580000e-05	-1.065503e-01	1.220614e+01
3.581000e-05	-1.076686e-01	1.212240e+01
3.582000e-05	-1.082077e-01	1.206727e+01
3.583000e-05	-1.087911e-01	1.197348e+01
3.584000e-05	-1.079981e-01	1.189779e+01
3.585000e-05	-1.045020e-01	1.181353e+01
3.586000e-05	-1.043660e-01	1.171877e+01
3.587000e-05	-9.847982e-02	1.160358e+01
3.588000e-05	-9.709648e-02	1.148679e+01
3.589000e-05	-9.183091e-02	1.132237e+01
3.590000e-05	-8.918420e-02	1.123661e+01
3.591000e-05	-8.386026e-02	1.112924e+01
3.592000e-05	-8.053363e-02	1.102363e+01
3.593000e-05	-7.572829e-02	1.091824e+01
3.594000e-05	-7.313662e-02	1.080250e+01
3.595000e-05	-6.920192e-02	1.069571e+01
3.596000e-05	-6.578032e-02	1.055280e+01
3.597000e-05	-6.167212e-02	1.042255e+01
3.598000e-05	-5.911817e-02	1.022568e+01
3.599000e-05	-5.721199e-02	1.012677e+01
3.600000e-05	-5.401504e-02	9.951497e+00
3.601000e-05	-5.213698e-02	9.803607e+00
3.602000e-05	-4.905895e-02	9.654018e+00
3.603000e-05	-4.687945e-02	9.496288e+00
3.604000e-05	-4.477001e-02	9.328844e+00
3.605000e-05	-4.330099e-02	9.221951e+00
3.606000e-05	-4.006323e-02	9.045133e+00
3.607000e-05	-3.891800e-02	8.824082e+00
3.608000e-05	-3.786299e-02	8.635663e+00
3.609000e-05	-3.706064e-02	8.506241e+00
3.610000e-05	-3.481589e-02	8.337849e+00
3.611000e-05	-3.390223e-02	8.148269e+00
3.612000e-05	-3.239649e-02	7.957868e+00
3.613000e-05	-3.012996e-02	7.718270e+00
3.614000e-05	-2.932732e-02	7.547400e+00
3.615000e-05	-2.836582e-02	7.358246e+00
3.616000e-05	-2.756968e-02	7.108816e+00
3.617000e-05	-2.591443e-02	6.957844e+00
3.618000e-05	-2.534072e-02	6.739364e+00
3.619000e-05	-2.449828e-02	6.568316e+00
3.620000e-05	-2.333525e-02	6.325840e+00
3.621000e-05	-2.184129e-02	6.096841e+00
3.622000e-05	-2.203397e-02	5.947348e+00
3.623000e-05	-2.067132e-02	5.705767e+00
3.624000e-05	-2.028684e-02	5.495814e+00
3.625000e-05	-1.942468e-02	5.294711e+00
3.626000e-05	-1.903242e-02	4.959479e+00
3.627000e-05	-1.758910e-02	4.728373e+00
3.628000e-05	-1.620879e-02	4.536920e+00
3.629000e-05	-1.637730e-02	4.368446e+00
3.630000e-05	-1.596391e-02	4.074716e+00
3.631000e-05	-1.403904e-02	3.824190e+00
3.632000e-05	-1.335531e-02	3.653662e+00
3.633000e-05	-1.308126e-02	3.462130e+00
3.634000e-05	-1.323689e-02	3.151551e+00
3.635000e-05	-1.147662e-02	2.959524e+00
3.636000e-05	-1.127214e-02	2.778878e+00
3.637000e-05	-1.124238e-02	2.514265e+00
3.638000e-05	-1.052272e-02	2.243708e+00
3.639000e-05	-9.516699e-03	2.022708e+00
3.640000e-05	-8.151322e-03	1.822205e+00
3.641000e-05	-9.061555e-03	1.588498e+00
3.642000e-05	-7.788613e-03	1.316319e+00
3.643000e-05	-6.129030e-03	1.021137e+00
3.644000e-05	-6.207577e-03	7.594526e-01
3.645000e-05	-5.704534e-03	5.178674e-01
3.646000e-05	-5.134396e-03	3.363986e-01
3.647000e-05	-3.796161e-03	2.220929e-02
3.648000e-05	5.310643e-04	-1.788393e-01
3.649000e-05	5.208007e-03	-3.387931e-01
3.650000e-05	-3.158396e-03	-5.493669e-01
3.651000e-05	4.337562e-03	-8.014236e-01
3.652000e-05	-1.685296e-03	-9.999486e-01
3.653000e-05	2.978850e-03	-1.201572e+00
3.654000e-05	1.349856e-03	-1.516583e+00
3.655000e-05	3.317817e-02	-1.674135e+00
3.656000e-05	9.943339e-02	-1.885757e+00
3.657000e-05	-5.172517e-02	-2.232476e+00
3.658000e-05	-2.885914e-02	-2.567864e+00
3.659000e-05	-2.393438e-02	-2.759972e+00
3.660000e-05	-6.643043e-02	-2.949318e+00
3.661000e-05	8.386622e-03	-3.128846e+00
3.662000e-05	1.732223e-01	-3.242531e+00
3.663000e-05	-1.794817e-01	-3.535817e+00
3.664000e-05	1.295536e-01	-3.714764e+00
3.665000e-05	-3.429742e-02	-3.859243e+00
3.666000e-05	-9.928231e-02	-4.211945e+00
3.667000e-05	1.661863e-01	-4.389845e+00
3.668000e-05	-1.108045e-01	-4.578975e+00
3.669000e-05	5.767744e-02	-4.853058e+00
3.670000e-05	8.357441e-02	-5.032001e+00
3.671000e-05	-1.279069e-01	-5.339169e+00
3.672000e-05	1.484707e-01	-5.590898e+00
3.673000e-05	-1.096164e-01	-5.811477e+00
3.674000e-05	6.426343e-02	-6.002049e+00
3.675000e-05	2.603381e-02	-6.152001e+00
3.676000e-05	-5.681270e-02	-6.443056e+00
3.677000e-05	1.203121e-01	-6.623131e+00
3.678000e-05	-8.424887e-02	-6.875701e+00
3.679000e-05	1.105876e-01	-7.096194e+00
3.680000e-05	-4.105379e-02	-7.307189e+00
3.681000e-05	-8.714572e-03	-7.487167e+00
3.682000e-05	7.413417e-02	-7.706059e+00
3.683000e-05	-5.229384e-02	-7.858734e+00
3.684000e-05	9.795655e-02	-8.117162e+00
3.685000e-05	-4.300415e-02	-8.256212e+00
3.686000e-05	5.140488e-02	-8.454103e+00
3.687000e-05	-9.023469e-03	-8.614430e+00
3.688000e-05	1.121411e-02	-8.824605e+00
3.689000e-05	5.344351e-02	-8.940347e+00
3.690000e-05	-2.038951e-03	-9.126813e+00
3.691000e-05	4.899795e-02	-9.247759e+00
3.692000e-05	-2.565979e-02	-9.405576e+00
3.693000e-05	5.362084e-02	-9.622048e+00
3.694000e-05	9.737975e-03	-9.749899e+00
3.695000e-05	3.457184e-02	-9.896659e+00
3.696000e-05	1.313710e-02	-1.005455e+01
3.697000e-05	2.751570e-02	-1.017245e+01
3.698000e-05	2.907055e-02	-1.031932e+01
3.699000e-05	1.577114e-02	-1.048771e+01
3.700000e-05	3.791567e-02	-1.057348e+01
3.701000e-05	1.980951e-02	-1.071927e+01
3.702000e-05	3.384229e-02	-1.085255e+01
3.703000e-05	1.436312e-02	-1.094242e+01
3.704000e-05	4.463492e-02	-1.110021e+01
3.705000e-05	2.859899e-02	-1.126451e+01
3.706000e-05	3.501239e-02	-1.134029e+01
3.707000e-05	2.545409e-02	-1.150559e+01
3.708000e-05	3.660767e-02	-1.161137e+01
3.709000e-05	3.507975e-02	-1.170979e+01
3.710000e-05	3.373828e-02	-1.174340e+01
3.711000e-05	4.061497e-02	-1.190719e+01
3.712000e-05	3.603431e-02	-1.198400e+01
3.713000e-05	3.863214e-02	-1.208611e+01
3.714000e-05	3.544505e-02	-1.214989e+01
3.715000e-05	4.717237e-02	-1.219450e+01
3.716000e-05	4.163675e-02	-1.226658e+01
3.717000e-05	4.475821e-02	-1.231729e+01
3.718000e-05	4.165622e-02	-1.239090e+01
3.719000e-05	4.708922e-02	-1.243405e+01
3.720000e-05	4.516623e-02	-1.247614e+01
3.721000e-05	4.744651e-02	-1.249026e+01
3.722000e-05	5.115810e-02	-1.250280e+01
3.723000e-05	4.900678e-02	-1.254288e+01
3.724000e-05	5.055335e-02	-1.260403e+01
3.725000e-05	5.286630e-02	-1.261448e+01
3.726000e-05	5.609770e-02	-1.262658e+01
3.727000e-05	5.595162e-02	-1.267369e+01
3.728000e-05	5.685643e-02	-1.269814e+01
3.729000e-05	5.899537e-02	-1.271630e+01
3.730000e-05	5.887896e-02	-1.272872e+01
3.731000e-05	5.994014e-02	-1.271876e+01
3.732000e-05	6.117703e-02	-1.267824e+01
3.733000e-05	6.521649e-02	-1.269769e+01
3.734000e-05	6.634100e-02	-1.265511e+01
3.735000e-05	6.729641e-02	-1.264724e+01
3.736000e-05	7.000704e-02	-1.263663e+01
3.737000e-05	7.178376e-02	-1.262403e+01
3.738000e-05	7.518520e-02	-1.259403e+01
3.739000e-05	7.862328e-02	-1.252277e+01
3.740000e-05	7.981454e-02	-1.251974e+01
3.741000e-05	8.404439e-02	-1.246671e+01
3.742000e-05	8.700222e-02	-1.238263e+01
3.743000e-05	9.291418e-02	-1.237136e+01
3.744000e-05	9.427037e-02	-1.224569e+01
3.745000e-05	9.669439e-02	-1.218353e+01
3.746000e-05	1.007181e-01	-1.214035e+01
3.747000e-05	1.026523e-01	-1.210571e+01
3.748000e-05	1.027795e-01	-1.198212e+01
3.749000e-05	1.030088e-01	-1.193974e+01
3.750000e-05	1.016663e-01	-1.174398e+01
3.751000e-05	9.814103e-02	-1.169916e+01
3.752000e-05	9.477743e-02	-1.157197e+01
3.753000e-05	9.160922e-02	-1.143715e+01
3.754000e-05	8.948160e-02	-1.133038e+01
3.755000e-05	8.444307e-02	-1.123603e+01
3.756000e-05	7.948081e-02	-1.105627e+01
3.757000e-05	7.552060e-02	-1.099147e+01
3.758000e-05	7.228143e-02	-1.087624e+01
3.759000e-05	6.830685e-02	-1.077050e+01
3.760000e-05	6.528872e-02	-1.067716e+01
3.761000e-05	6.096381e-02	-1.056082e+01
3.762000e-05	5.762761e-02	-1.041203e+01
3.763000e-05	5.390361e-02	-1.030516e+01
3.764000e-05	5.161112e-02	-1.012986e+01
3.765000e-05	4.943503e-02	-9.979421e+00
3.766000e-05	4.658534e-02	-9.843134e+00
3.767000e-05	4.366465e-02	-9.688288e+00
3.768000e-05	4.109380e-02	-9.518790e+00
3.769000e-05	3.873999e-02	-9.351003e+00
3.770000e-05	3.643269e-02	-9.201554e+00
3.771000e-05	3.543870e-02	-9.057732e+00
3.772000e-05	3.253771e-02	-8.937236e+00
3.773000e-05	3.171060e-02	-8.718816e+00
3.774000e-05	2.886611e-02	-8.488294e+00
3.775000e-05	2.875541e-02	-8.358941e+00
3.776000e-05	2.553819e-02	-8.200970e+00
3.777000e-05	2.522444e-02	-7.962629e+00
3.778000e-05	2.405110e-02	-7.772071e+00
3.779000e-05	2.158965e-02	-7.559939e+00
3.780000e-05	2.097210e-02	-7.358899e+00
3.781000e-05	1.959084e-02	-7.191523e+00
3.782000e-05	1.872085e-02	-6.959973e+00
3.783000e-05	1.827795e-02	-6.748946e+00
3.784000e-05	1.754081e-02	-6.558970e+00
3.785000e-05	1.554997e-02	-6.370525e+00
3.786000e-05	1.372065e-02	-6.179449e+00
3.787000e-05	1.364862e-02	-5.958869e+00
3.788000e-05	1.277500e-02	-5.737342e+00
3.789000e-05	1.136835e-02	-5.538917e+00
3.790000e-05	9.746214e-03	-5.346814e+00
3.791000e-05	1.233164e-02	-5.053687e+00
3.792000e-05	1.017233e-02	-4.841451e+00
3.793000e-05	9.574212e-03	-4.538942e+00
3.794000e-05	5.427688e-03	-4.360474e+00
3.795000e-05	6.513690e-03	-4.179970e+00
3.796000e-05	7.111711e-03	-3.989475e+00
3.797000e-05	5.759418e-03	-3.746344e+00
3.798000e-05	5.174411e-03	-3.497314e+00
3.799000e-05	3.278844e-03	-3.314863e+00
3.800000e-05	4.233548e-03	-3.064208e+00
3.801000e-05	-2.758021e-05	-2.791054e+00
3.802000e-05	3.308359e-03	-2.559524e+00
3.803000e-05	1.270158e-03	-2.360495e+00
3.804000e-05	2.791811e-03	-2.116290e+00
3.805000e-05	-1.553357e-03	-1.905209e+00
3.806000e-05	-9.793166e-05	-1.654706e+00
3.807000e-05	-1.454403e-03	-1.390499e+00
3.808000e-05	1.416503e-04	-1.127390e+00
3.809000e-05	-2.603414e-03	-9.038094e-01
3.810000e-05	-3.001891e-03	-6.467633e-01
3.811000e-05	-5.379552e-03	-3.800514e-01
3.812000e-05	-3.308606e-03	-1.800712e-01
3.813000e-05	-1.978026e-03	1.157513e-02
3.814000e-05	6.304221e-03	2.947116e-01
3.815000e-05	-3.493109e-03	5.152630e-01
3.816000e-05	2.123977e-04	7.447316e-01
3.817000e-05	-3.803927e-03	8.456842e-01
3.818000e-05	-2.089457e-03	1.169447e+00
3.819000e-05	-5.357086e-03	1.370430e+00
3.820000e-05	-2.621904e-04	1.642113e+00
3.821000e-05	2.071971e-02	1.863632e+00
3.822000e-05	7.334288e-02	2.093685e+00
3.823000e-05	-1.752020e-02	2.308792e+00
3.824000e-05	-6.238490e-02	2.601506e+00
3.825000e-05	-2.763610e-02	2.813706e+00
3.826000e-05	-3.253639e-02	3.084684e+00
3.827000e-05	-7.962507e-02	3.232506e+00
3.828000e-05	9.321181e-02	3.400976e+00
3.829000e-05	3.698827e-02	3.623531e+00
3.830000e-05	-1.456562e-01	3.811029e+00
3.831000e-05	1.638542e-01	3.992978e+00
3.832000e-05	-1.093862e-01	4.318240e+00
3.833000e-05	-1.345729e-02	4.516237e+00
3.834000e-05	5.839317e-02	4.727739e+00
3.835000e-05	-7.370034e-02	4.971851e+00
3.836000e-05	2.892322e-02	5.255134e+00
3.837000e-05	-1.950571e-02	5.516214e+00
3.838000e-05	-2.003334e-02	5.738213e+00
3.839000e-05	2.459051e-03	5.989845e+00
3.840000e-05	-4.159868e-02	6.170822e+00
3.841000e-05	4.652403e-04	6.337870e+00
3.842000e-05	-3.633724e-02	6.560928e+00
3.843000e-05	2.219129e-02	6.781453e+00
3.844000e-05	-1.897842e-02	7.032930e+00
3.845000e-05	-2.674722e-02	7.221504e+00
3.846000e-05	1.184108e-02	7.362881e+00
3.847000e-05	-5.916324e-02	7.633156e+00
3.848000e-05	2.120886e-03	7.866585e+00
3.849000e-05	-2.081478e-02	8.064560e+00
3.850000e-05	-1.172592e-02	8.255058e+00
3.851000e-05	-1.398496e-02	8.390950e+00
3.852000e-05	-3.838527e-02	8.571370e+00
3.853000e-05	-1.345729e-02	8.696820e+00
3.854000e-05	-2.717712e-02	8.899687e+00
3.855000e-05	-6.310876e-03	9.015590e+00
3.856000e-05	-3.341268e-02	9.223034e+00
3.857000e-05	-1.724704e-02	9.351425e+00
3.858000e-05	-2.297349e-02	9.528846e+00
3.859000e-05	-3.242626e-02	9.698240e+00
3.860000e-05	-2.137866e-02	9.874163e+00
3.861000e-05	-2.554631e-02	1.001298e+01
3.862000e-05	-2.220671e-02	1.017939e+01
3.863000e-05	-3.749036e-02	1.027819e+01
3.864000e-05	-2.212696e-02	1.046156e+01
3.865000e-05	-2.880204e-02	1.055038e+01
3.866000e-05	-3.194463e-02	1.067774e+01
3.867000e-05	-3.577004e-02	1.084616e+01
3.868000e-05	-2.979694e-02	1.099030e+01
3.869000e-05	-3.037146e-02	1.105566e+01
3.870000e-05	-3.803350e-02	1.118495e+01
3.871000e-05	-3.290583e-02	1.130025e+01
3.872000e-05	-3.628625e-02	1.143659e+01
3.873000e-05	-3.648054e-02	1.158335e+01
3.874000e-05	-4.094430e-02	1.163624e+01
3.875000e-05	-3.681512e-02	1.180250e+01
3.876000e-05	-4.189467e-02	1.188674e+01
3.877000e-05	-4.187635e-02	1.196985e+01
3.878000e-05	-4.390725e-02	1.202614e+01
3.879000e-05	-4.124221e-02	1.213079e+01
3.880000e-05	-4.706831e-02	1.218451e+01
3.881000e-05	-4.485557e-02	1.223716e+01
3.882000e-05	-4.344705e-02	1.233239e+01
3.883000e-05	-4.560107e-02	1.242256e+01
3.884000e-05	-5.169561e-02	1.243516e+01
3.885000e-05	-5.511243e-02	1.247679e+01
3.886000e-05	-5.240769e-02	1.256887e+01
3.887000e-05	-5.314074e-02	1.255995e+01
3.888000e-05	-5.432785e-02	1.260348e+01
3.889000e-05	-5.516367e-02	1.264508e+01
3.890000e-05	-5.895812e-02	1.264559e+01
3.891000e-05	-5.900046e-02	1.267712e+01
3.892000e-05	-6.053201e-02	1.271824e+01
3.893000e-05	-5.915119e-02	1.269826e+01
3.894000e-05	-6.325422e-02	1.268877e+01
3.895000e-05	-6.505505e-02	1.269782e+01
3.896000e-05	-6.605598e-02	1.273935e+01
3.897000e-05	-6.749625e-02	1.277084e+01
3.898000e-05	-6.916669e-02	1.274832e+01
3.899000e-05	-7.096296e-02	1.274724e+01
3.900000e-05	-7.064727e-02	1.267726e+01
3.901000e-05	-7.275159e-02	1.266719e+01
3.902000e-05	-7.734735e-02	1.267671e+01
3.903000e-05	-7.866684e-02	1.263463e+01
3.904000e-05	-8.256501e-02	1.261500e+01
3.905000e-05	-8.529636e-02	1.256150e+01
3.906000e-05	-8.919418e-02	1.255882e+01
3.907000e-05	-9.251806e-02	1.248829e+01
3.908000e-05	-9.454715e-02	1.242558e+01
3.909000e-05	-9.851164e-02	1.242106e+01
3.910000e-05	-1.028925e-01	1.233922e+01
3.911000e-05	-1.046995e-01	1.222561e+01
3.912000e-05	-1.076986e-01	1.217243e+01
3.913000e-05	-1.093102e-01	1.203022e+01
3.914000e-05	-1.091682e-01	1.200543e+01
3.915000e-05	-1.089113e-01	1.190730e+01
3.916000e-05	-1.057252e-01	1.180413e+01
3.917000e-05	-1.050705e-01	1.172830e+01
3.918000e-05	-1.004070e-01	1.168756e+01
3.919000e-05	-9.740731e-02	1.145977e+01
3.920000e-05	-9.230619e-02	1.140448e+01
3.921000e-05	-8.948587e-02	1.124911e+01
3.922000e-05	-8.479745e-02	1.114938e+01
3.923000e-05	-8.270688e-02	1.104513e+01
3.924000e-05	-7.617305e-02	1.091032e+01
3.925000e-05	-7.568562e-02	1.083456e+01
3.926000e-05	-6.908116e-02	1.066674e+01
3.927000e-05	-6.764611e-02	1.054295e+01
3.928000e-05	-6.178521e-02	1.041451e+01
3.929000e-05	-6.093214e-02	1.026719e+01
3.930000e-05	-5.614494e-02	1.010938e+01
3.931000e-05	-5.435990e-02	9.983584e+00
3.932000e-05	-5.139446e-02	9.846158e+00
3.933000e-05	-5.020605e-02	9.680190e+00
3.934000e-05	-4.648114e-02	9.536819e+00
3.935000e-05	-4.573514e-02	9.361429e+00
3.936000e-05	-4.383016e-02	9.213557e+00
3.937000e-05	-4.225205e-02	9.095189e+00
3.938000e-05	-3.921817e-02	8.886241e+00
3.939000e-05	-3.802990e-02	8.666741e+00
3.940000e-05	-3.753170e-02	8.517845e+00
3.941000e-05	-3.524453e-02	8.378920e+00
3.942000e-05	-3.246670e-02	8.171902e+00
3.943000e-05	-3.221704e-02	7.961954e+00
3.944000e-05	-3.150207e-02	7.771927e+00
3.945000e-05	-2.970400e-02	7.592454e+00
3.946000e-05	-2.826131e-02	7.333924e+00
3.947000e-05	-2.870281e-02	7.148995e+00
3.948000e-05	-2.720467e-02	6.969448e+00
3.949000e-05	-2.552075e-02	6.750453e+00
3.950000e-05	-2.355088e-02	6.582423e+00
3.951000e-05	-2.407888e-02	6.358393e+00
3.952000e-05	-2.296017e-02	6.139370e+00
3.953000e-05	-2.167305e-02	5.939952e+00
3.954000e-05	-2.097684e-02	5.746942e+00
3.955000e-05	-2.004209e-02	5.517369e+00
3.956000e-05	-1.968389e-02	5.287819e+00
3.957000e-05	-1.857087e-02	5.024640e+00
3.958000e-05	-1.877962e-02	4.770556e+00
3.959000e-05	-1.794216e-02	4.579028e+00
3.960000e-05	-1.658063e-02	4.401000e+00
3.961000e-05	-1.442044e-02	4.158420e+00
3.962000e-05	-1.471480e-02	3.916369e+00
3.963000e-05	-1.389350e-02	3.675261e+00
3.964000e-05	-1.342591e-02	3.515790e+00
3.965000e-05	-1.212435e-02	3.243106e+00
3.966000e-05	-1.278891e-02	3.021078e+00
3.967000e-05	-1.087706e-02	2.822055e+00
3.968000e-05	-1.074558e-02	2.568475e+00
3.969000e-05	-1.072252e-02	2.297290e+00
3.970000e-05	-1.029499e-02	2.053761e+00
3.971000e-05	-9.564719e-03	1.845237e+00
3.972000e-05	-8.182334e-03	1.641575e+00
3.973000e-05	-7.081271e-03	1.326996e+00
3.974000e-05	-6.934194e-03	1.167270e+00
3.975000e-05	-5.883382e-03	8.526092e-01
3.976000e-05	-6.526551e-03	6.120228e-01
3.977000e-05	-4.711579e-03	3.900251e-01
3.978000e-05	-4.441973e-03	8.835006e-02
3.979000e-05	-6.645823e-04	-9.423527e-02
3.980000e-05	7.473909e-03	-3.242630e-01
3.981000e-05	-3.897785e-03	-4.957579e-01
3.982000e-05	3.549862e-03	-7.884435e-01
3.983000e-05	-2.571735e-03	-9.483683e-01
3.984000e-05	3.876224e-03	-1.189370e+00
3.985000e-05	-1.136248e-03	-1.432054e+00
3.986000e-05	2.203837e-02	-1.633050e+00
3.987000e-05	9.491493e-02	-1.851529e+00
3.988000e-05	-1.144700e-02	-2.128813e+00
3.989000e-05	-5.304663e-02	-2.504107e+00
3.990000e-05	-1.112321e-02	-2.758267e+00
3.991000e-05	-5.566080e-02	-2.876283e+00
3.992000e-05	-4.548913e-02	-3.077765e+00
3.993000e-05	1.889263e-01	-3.251050e+00
3.994000e-05	-1.182232e-01	-3.463579e+00
3.995000e-05	5.631461e-02	-3.633158e+00
3.996000e-05	6.816965e-02	-3.864234e+00
3.997000e-05	-1.756230e-01	-4.139337e+00
3.998000e-05	1.638069e-01	-4.337814e+00
3.999000e-05	-5.084866e-02	-4.505241e+00
4.000000e-05	-2.191645e-02	-4.801373e+00
4.001000e-05	1.435566e-01	-4.990446e+00
4.002000e-05	-1.491581e-01	-5.255606e+00
4.003000e-05	1.200826e-01	-5.558796e+00
4.004000e-05	-5.052337e-02	-5.707841e+00
4.005000e-05	-9.031586e-03	-5.949347e+00
4.006000e-05	9.195180e-02	-6.177267e+00
4.007000e-05	-9.394686e-02	-6.433027e+00
4.008000e-05	1.223168e-01	-6.581500e+00
4.009000e-05	-5.891275e-02	-6.800949e+00
4.010000e-05	6.017683e-02	-7.044555e+00
4.011000e-05	2.506024e-02	-7.223606e+00
4.012000e-05	-6.953961e-02	-7.474131e+00
4.013000e-05	1.079340e-01	-7.655571e+00
4.014000e-05	-6.224882e-02	-7.866658e+00
4.015000e-05	8.710694e-02	-8.055205e+00
4.016000e-05	-1.449781e-02	-8.212576e+00
4.017000e-05	1.925786e-02	-8.442000e+00
4.018000e-05	2.613307e-02	-8.540903e+00
4.019000e-05	-2.098978e-02	-8.812397e+00
4.020000e-05	7.161308e-02	-8.938289e+00
4.021000e-05	-9.247302e-03	-9.045663e+00
4.022000e-05	5.201649e-02	-9.224601e+00
4.023000e-05	-2.004998e-02	-9.424528e+00
4.024000e-05	3.666847e-02	-9.600400e+00
4.025000e-05	2.664527e-02	-9.718738e+00
4.026000e-05	2.042242e-02	-9.865108e+00
4.027000e-05	2.890272e-02	-1.002145e+01
4.028000e-05	1.294750e-02	-1.015075e+01
4.029000e-05	4.247751e-02	-1.031929e+01
4.030000e-05	7.567601e-03	-1.046668e+01
4.031000e-05	3.924107e-02	-1.057290e+01
4.032000e-05	1.860322e-02	-1.069729e+01
4.033000e-05	3.428713e-02	-1.080453e+01
4.034000e-05	1.610593e-02	-1.094137e+01
4.035000e-05	3.848612e-02	-1.103868e+01
4.036000e-05	3.481057e-02	-1.121403e+01
4.037000e-05	3.106276e-02	-1.134074e+01
4.038000e-05	2.847646e-02	-1.140411e+01
4.039000e-05	3.118767e-02	-1.155982e+01
4.040000e-05	3.992384e-02	-1.167721e+01
4.041000e-05	3.019704e-02	-1.175293e+01
4.042000e-05	4.226914e-02	-1.183764e+01
4.043000e-05	3.503017e-02	-1.199142e+01
4.044000e-05	4.038730e-02	-1.203461e+01
4.045000e-05	3.493179e-02	-1.213829e+01
4.046000e-05	4.646415e-02	-1.216395e+01
4.047000e-05	4.326188e-02	-1.224503e+01
4.048000e-05	4.252393e-02	-1.230721e+01
4.049000e-05	4.170529e-02	-1.236989e+01
4.050000e-05	4.541744e-02	-1.242453e+01
4.051000e-05	4.771511e-02	-1.247711e+01
4.052000e-05	4.570751e-02	-1.246821e+01
4.053000e-05	5.150471e-02	-1.253087e+01
4.054000e-05	5.019055e-02	-1.254345e+01
4.055000e-05	5.134798e-02	-1.257510e+01
4.056000e-05	5.266997e-02	-1.263403e+01
4.057000e-05	5.562673e-02	-1.263458e+01
4.058000e-05	5.593453e-02	-1.263718e+01
4.059000e-05	5.557892e-02	-1.269924e+01
4.060000e-05	5.811021e-02	-1.268829e+01
4.061000e-05	5.978109e-02	-1.269919e+01
4.062000e-05	6.021388e-02	-1.272869e+01
4.063000e-05	6.249558e-02	-1.271875e+01
4.064000e-05	6.360354e-02	-1.272879e+01
4.065000e-05	6.677852e-02	-1.267869e+01
4.066000e-05	6.769662e-02	-1.267758e+01
4.067000e-05	6.988290e-02	-1.263705e+01
4.068000e-05	7.240114e-02	-1.261548e+01
4.069000e-05	7.313727e-02	-1.262453e+01
4.070000e-05	7.787064e-02	-1.253240e+01
4.071000e-05	8.067266e-02	-1.253064e+01
4.072000e-05	8.379562e-02	-1.244926e+01
4.073000e-05	8.658890e-02	-1.240305e+01
4.074000e-05	9.078992e-02	-1.238132e+01
4.075000e-05	9.500328e-02	-1.225516e+01
4.076000e-05	9.828639e-02	-1.221401e+01
4.077000e-05	9.972113e-02	-1.214992e+01
4.078000e-05	1.014875e-01	-1.211826e+01
4.079000e-05	1.026273e-01	-1.202305e+01
4.080000e-05	1.034388e-01	-1.188784e+01
4.081000e-05	1.015659e-01	-1.178556e+01
4.082000e-05	9.878154e-02	-1.171174e+01
4.083000e-05	9.614795e-02	-1.159350e+01
4.084000e-05	9.282308e-02	-1.149818e+01
4.085000e-05	9.000081e-02	-1.137242e+01
4.086000e-05	8.642915e-02	-1.122611e+01
4.087000e-05	8.081103e-02	-1.109842e+01
4.088000e-05	7.681765e-02	-1.102203e+01
4.089000e-05	7.236301e-02	-1.090829e+01
4.090000e-05	6.920801e-02	-1.079308e+01
4.091000e-05	6.630606e-02	-1.072679e+01
4.092000e-05	6.265598e-02	-1.058198e+01
4.093000e-05	5.873764e-02	-1.042416e+01
4.094000e-05	5.471815e-02	-1.028719e+01
4.095000e-05	5.311819e-02	-1.012032e+01
4.096000e-05	4.975801e-02	-9.991499e+00
4.097000e-05	4.662321e-02	-9.836132e+00
4.098000e-05	4.359568e-02	-9.757295e+00
4.099000e-05	4.218949e-02	-9.569970e+00
4.100000e-05	3.948044e-02	-9.443028e+00
4.101000e-05	3.719568e-02	-9.224733e+00
4.102000e-05	3.519891e-02	-9.096787e+00
4.103000e-05	3.427888e-02	-8.958742e+00
4.104000e-05	3.197339e-02	-8.760343e+00
4.105000e-05	3.044291e-02	-8.570273e+00
4.106000e-05	2.874092e-02	-8.380928e+00
4.107000e-05	2.684508e-02	-8.212553e+00
4.108000e-05	2.575755e-02	-8.033732e+00
4.109000e-05	2.417103e-02	-7.833532e+00
4.110000e-05	2.272610e-02	-7.561029e+00
4.111000e-05	2.143839e-02	-7.412104e+00
4.112000e-05	2.034527e-02	-7.244107e+00
4.113000e-05	1.916228e-02	-7.011103e+00
4.114000e-05	1.865568e-02	-6.781023e+00
4.115000e-05	1.688947e-02	-6.611053e+00
4.116000e-05	1.656506e-02	-6.424152e+00
4.117000e-05	1.438154e-02	-6.193547e+00
4.118000e-05	1.366129e-02	-5.971499e+00
4.119000e-05	1.200431e-02	-5.751419e+00
4.120000e-05	1.229492e-02	-5.589999e+00
4.121000e-05	1.020079e-02	-5.350548e+00
4.122000e-05	1.228975e-02	-5.116337e+00
4.123000e-05	8.298981e-03	-4.874729e+00
4.124000e-05	9.988080e-03	-4.622027e+00
4.125000e-05	6.925778e-03	-4.440554e+00
4.126000e-05	7.879422e-03	-4.271607e+00
4.127000e-05	6.040712e-03	-4.012606e+00
4.128000e-05	6.539306e-03	-3.781549e+00
4.129000e-05	5.019007e-03	-3.558394e+00
4.130000e-05	3.208441e-03	-3.329415e+00
4.131000e-05	2.872521e-03	-3.157341e+00
4.132000e-05	2.461097e-03	-2.863185e+00
4.133000e-05	2.431831e-03	-2.651607e+00
4.134000e-05	2.653660e-03	-2.452081e+00
4.135000e-05	1.379077e-03	-2.177875e+00
4.136000e-05	5.364396e-05	-1.927390e+00
4.137000e-05	-6.744277e-04	-1.726837e+00
4.138000e-05	-1.222729e-03	-1.474258e+00
4.139000e-05	-5.562466e-04	-1.189024e+00
4.140000e-05	-2.647367e-03	-9.473174e-01
4.141000e-05	-1.897290e-03	-7.668722e-01
4.142000e-05	-5.091839e-03	-4.511342e-01
4.143000e-05	-2.968297e-03	-2.421518e-01
4.144000e-05	-3.255941e-03	-3.115033e-02
4.145000e-05	2.814596e-03	2.200073e-01
4.146000e-05	2.813773e-04	4.331302e-01
4.147000e-05	-3.808635e-03	6.436103e-01
4.148000e-05	1.942782e-03	8.126100e-01
4.149000e-05	-3.367163e-03	1.145716e+00
4.150000e-05	-3.607587e-03	1.337845e+00
4.151000e-05	-2.911814e-03	1.601560e+00
4.152000e-05	1.261768e-02	1.811980e+00
4.153000e-05	6.336727e-02	2.021002e+00
4.154000e-05	1.778955e-02	2.294087e+00
4.155000e-05	-7.450029e-02	2.537324e+00
4.156000e-05	-2.326458e-02	2.812501e+00
4.157000e-05	-3.253185e-02	3.001929e+00
4.158000e-05	-6.956417e-02	3.179426e+00
4.159000e-05	3.457474e-02	3.319321e+00
4.160000e-05	1.123694e-01	3.600576e+00
4.161000e-05	-1.776184e-01	3.750420e+00
4.162000e-05	1.320047e-01	3.938898e+00
4.163000e-05	-4.504387e-02	4.233456e+00
4.164000e-05	-7.204309e-02	4.455610e+00
4.165000e-05	7.966029e-02	4.674663e+00
4.166000e-05	-6.487037e-02	4.928266e+00
4.167000e-05	6.963846e-03	5.211477e+00
4.168000e-05	5.719963e-03	5.453035e+00
4.169000e-05	-3.720918e-02	5.634105e+00
4.170000e-05	1.140346e-02	5.884193e+00
4.171000e-05	-4.082889e-02	6.086841e+00
4.172000e-05	-7.286598e-03	6.336212e+00
4.173000e-05	-3.030588e-02	6.487239e+00
4.174000e-05	3.534162e-03	6.772268e+00
4.175000e-05	6.144807e-03	6.949397e+00
4.176000e-05	-4.398919e-02	7.190843e+00
4.177000e-05	2.372789e-02	7.327800e+00
4.178000e-05	-5.683308e-02	7.591377e+00
4.179000e-05	-1.091468e-02	7.783449e+00
4.180000e-05	-1.230597e-02	8.042955e+00
4.181000e-05	-1.949460e-02	8.212558e+00
4.182000e-05	-7.100078e-03	8.371373e+00
4.183000e-05	-3.992636e-02	8.539291e+00
4.184000e-05	-1.412860e-02	8.675288e+00
4.185000e-05	-2.838499e-02	8.845533e+00
4.186000e-05	-8.271710e-03	8.983505e+00
4.187000e-05	-2.978945e-02	9.221853e+00
4.188000e-05	-2.018112e-02	9.359844e+00
4.189000e-05	-1.885245e-02	9.476666e+00
4.190000e-05	-3.353225e-02	9.637087e+00
4.191000e-05	-2.374172e-02	9.762956e+00
4.192000e-05	-2.556907e-02	9.981827e+00
4.193000e-05	-2.222362e-02	1.010824e+01
4.194000e-05	-3.607753e-02	1.021558e+01
4.195000e-05	-2.514269e-02	1.041243e+01
4.196000e-05	-2.683157e-02	1.051930e+01
4.197000e-05	-3.013661e-02	1.063709e+01
4.198000e-05	-3.544249e-02	1.083505e+01
4.199000e-05	-3.190269e-02	1.092882e+01
4.200000e-05	-3.322826e-02	1.104563e+01
4.201000e-05	-3.678203e-02	1.114880e+01
4.202000e-05	-3.332628e-02	1.127822e+01
4.203000e-05	-3.359884e-02	1.141546e+01
4.204000e-05	-3.628693e-02	1.155870e+01
4.205000e-05	-4.100233e-02	1.168666e+01
4.206000e-05	-3.657041e-02	1.175142e+01
4.207000e-05	-4.019368e-02	1.184611e+01
4.208000e-05	-4.250684e-02	1.190774e+01
4.209000e-05	-4.213034e-02	1.203596e+01
4.210000e-05	-4.247729e-02	1.208924e+01
4.211000e-05	-4.620227e-02	1.214240e+01
4.212000e-05	-4.742819e-02	1.220656e+01
4.213000e-05	-4.391142e-02	1.226837e+01
4.214000e-05	-4.660552e-02	1.241393e+01
4.215000e-05	-5.064035e-02	1.244414e+01
4.216000e-05	-5.206621e-02	1.248616e+01
4.217000e-05	-4.966165e-02	1.249979e+01
4.218000e-05	-5.301324e-02	1.253090e+01
4.219000e-05	-5.535147e-02	1.257450e+01
4.220000e-05	-5.568896e-02	1.261411e+01
4.221000e-05	-5.805626e-02	1.258556e+01
4.222000e-05	-6.031986e-02	1.262766e+01
4.223000e-05	-6.002506e-02	1.270570e+01
4.224000e-05	-5.781006e-02	1.270879e+01
4.225000e-05	-6.121970e-02	1.275877e+01
4.226000e-05	-6.552140e-02	1.271830e+01
4.227000e-05	-6.695007e-02	1.273774e+01
4.228000e-05	-6.644486e-02	1.269832e+01
4.229000e-05	-6.834834e-02	1.274634e+01
4.230000e-05	-7.057977e-02	1.271727e+01
4.231000e-05	-7.115738e-02	1.271777e+01
4.232000e-05	-7.343539e-02	1.265721e+01
4.233000e-05	-7.624057e-02	1.268564e+01
4.234000e-05	-7.886899e-02	1.263458e+01
4.235000e-05	-8.029982e-02	1.260356e+01
4.236000e-05	-8.387469e-02	1.257298e+01
4.237000e-05	-8.720279e-02	1.255092e+01
4.238000e-05	-9.159538e-02	1.254032e+01
4.239000e-05	-9.369687e-02	1.247659e+01
4.240000e-05	-9.901800e-02	1.243298e+01
4.241000e-05	-1.023026e-01	1.231990e+01
4.242000e-05	-1.045996e-01	1.223514e+01
4.243000e-05	-1.071553e-01	1.218493e+01
4.244000e-05	-1.088487e-01	1.208877e+01
4.245000e-05	-1.090523e-01	1.200308e+01
4.246000e-05	-1.080388e-01	1.193880e+01
4.247000e-05	-1.072829e-01	1.184511e+01
4.248000e-05	-1.054021e-01	1.177987e+01
4.249000e-05	-1.017957e-01	1.167564e+01
4.250000e-05	-9.774343e-02	1.152037e+01
4.251000e-05	-9.358888e-02	1.141461e+01
4.252000e-05	-9.163117e-02	1.125832e+01
4.253000e-05	-8.457340e-02	1.121138e+01
4.254000e-05	-8.421798e-02	1.106471e+01
4.255000e-05	-7.670793e-02	1.095134e+01
4.256000e-05	-7.601458e-02	1.084774e+01
4.257000e-05	-6.932345e-02	1.071782e+01
4.258000e-05	-6.887127e-02	1.059248e+01
4.259000e-05	-6.250823e-02	1.043609e+01
4.260000e-05	-6.115379e-02	1.036827e+01
4.261000e-05	-5.768133e-02	1.016195e+01
4.262000e-05	-5.649083e-02	1.004371e+01
4.263000e-05	-5.207001e-02	9.877165e+00
4.264000e-05	-5.058245e-02	9.700796e+00
4.265000e-05	-4.748459e-02	9.599323e+00
4.266000e-05	-4.589953e-02	9.362582e+00
4.267000e-05	-4.362480e-02	9.244659e+00
4.268000e-05	-4.287672e-02	9.067767e+00
4.269000e-05	-4.030958e-02	8.930695e+00
4.270000e-05	-3.879122e-02	8.738897e+00
4.271000e-05	-3.710442e-02	8.578924e+00
4.272000e-05	-3.597427e-02	8.411581e+00
4.273000e-05	-3.312556e-02	8.184184e+00
4.274000e-05	-3.150939e-02	8.015105e+00
4.275000e-05	-3.018111e-02	7.853108e+00
4.276000e-05	-2.972510e-02	7.633534e+00
4.277000e-05	-2.930683e-02	7.432576e+00
4.278000e-05	-2.916107e-02	7.182131e+00
4.279000e-05	-2.753865e-02	6.992107e+00
4.280000e-05	-2.606579e-02	6.811609e+00
4.281000e-05	-2.307293e-02	6.593554e+00
4.282000e-05	-2.380274e-02	6.380528e+00
4.283000e-05	-2.239132e-02	6.191977e+00
4.284000e-05	-2.202019e-02	6.002055e+00
4.285000e-05	-2.170427e-02	5.773551e+00
4.286000e-05	-2.086837e-02	5.580999e+00
4.287000e-05	-1.941619e-02	5.350424e+00
4.288000e-05	-1.903014e-02	5.088419e+00
4.289000e-05	-1.850422e-02	4.862115e+00
4.290000e-05	-1.688513e-02	4.643559e+00
4.291000e-05	-1.547006e-02	4.424110e+00
4.292000e-05	-1.558955e-02	4.167554e+00
4.293000e-05	-1.639411e-02	3.959424e+00
4.294000e-05	-1.340272e-02	3.737349e+00
4.295000e-05	-1.313810e-02	3.528922e+00
4.296000e-05	-1.264115e-02	3.285769e+00
4.297000e-05	-1.201312e-02	3.054661e+00
4.298000e-05	-1.067240e-02	2.853134e+00
4.299000e-05	-1.044299e-02	2.622107e+00
4.300000e-05	-1.074726e-02	2.350425e+00
4.301000e-05	-9.720976e-03	2.105895e+00
4.302000e-05	-9.178458e-03	1.937371e+00
4.303000e-05	-7.867121e-03	1.653138e+00
4.304000e-05	-7.510512e-03	1.443028e+00
4.305000e-05	-6.765891e-03	1.180579e+00
4.306000e-05	-5.906283e-03	8.748084e-01
4.307000e-05	-6.415263e-03	6.636093e-01
4.308000e-05	-4.901909e-03	4.406542e-01
4.309000e-05	-4.115485e-03	1.589730e-01
4.310000e-05	-1.860406e-03	-5.312751e-02
4.311000e-05	7.275669e-03	-2.336352e-01
4.312000e-05	-2.916093e-03	-4.321276e-01
4.313000e-05	2.879534e-03	-7.387644e-01
4.314000e-05	-1.220630e-03	-9.562404e-01
4.315000e-05	9.876570e-04	-1.136260e+00
4.316000e-05	-2.464063e-04	-1.369392e+00
4.317000e-05	1.137700e-02	-1.612497e+00
4.318000e-05	8.206692e-02	-1.759947e+00
4.319000e-05	3.286764e-02	-2.062527e+00
4.320000e-05	-7.238260e-02	-2.422502e+00
4.321000e-05	-3.096532e-03	-2.693659e+00
4.322000e-05	-4.951574e-02	-2.855654e+00
4.323000e-05	-7.258180e-02	-3.055187e+00
4.324000e-05	1.566063e-01	-3.179970e+00
4.325000e-05	-3.965342e-02	-3.390400e+00
4.326000e-05	-3.133919e-02	-3.652453e+00
4.327000e-05	1.687329e-01	-3.791500e+00
4.328000e-05	-1.879991e-01	-4.105157e+00
4.329000e-05	1.144970e-01	-4.276188e+00
4.330000e-05	2.373046e-02	-4.475558e+00
4.331000e-05	-9.122688e-02	-4.769794e+00
4.332000e-05	1.661072e-01	-4.936289e+00
4.333000e-05	-1.132010e-01	-5.190497e+00
4.334000e-05	5.483318e-02	-5.495158e+00
4.335000e-05	2.724451e-02	-5.663608e+00
4.336000e-05	-8.076492e-02	-5.926264e+00
4.337000e-05	1.297718e-01	-6.076085e+00
4.338000e-05	-9.660981e-02	-6.359774e+00
4.339000e-05	8.749837e-02	-6.539818e+00
4.340000e-05	-3.679189e-03	-6.769842e+00
4.341000e-05	-2.037522e-03	-7.003000e+00
4.342000e-05	8.841297e-02	-7.200973e+00
4.343000e-05	-1.057956e-01	-7.412975e+00
4.344000e-05	1.069094e-01	-7.590893e+00
4.345000e-05	-4.380819e-02	-7.793552e+00
4.346000e-05	5.045811e-02	-8.033504e+00
4.347000e-05	2.893189e-02	-8.182476e+00
4.348000e-05	-1.611021e-02	-8.379971e+00
4.349000e-05	5.639517e-02	-8.520320e+00
4.350000e-05	-3.967932e-02	-8.760818e+00
4.351000e-05	7.332398e-02	-8.917237e+00
4.352000e-05	-3.282716e-03	-9.005007e+00
4.353000e-05	4.175768e-02	-9.183476e+00
4.354000e-05	-8.722910e-04	-9.342474e+00
4.355000e-05	1.303620e-02	-9.578242e+00
4.356000e-05	4.402214e-02	-9.676187e+00
4.357000e-05	6.365516e-03	-9.812054e+00
4.358000e-05	4.054299e-02	-9.979896e+00
4.359000e-05	3.930075e-03	-1.013029e+01
4.360000e-05	4.692030e-02	-1.022766e+01
4.361000e-05	8.204882e-03	-1.044508e+01
4.362000e-05	3.846163e-02	-1.054140e+01
4.363000e-05	2.110502e-02	-1.065618e+01
4.364000e-05	2.949133e-02	-1.078251e+01
4.365000e-05	1.972066e-02	-1.088932e+01
4.366000e-05	3.035969e-02	-1.102503e+01
4.367000e-05	4.125243e-02	-1.118284e+01
4.368000e-05	2.802191e-02	-1.130871e+01
4.369000e-05	3.492637e-02	-1.140298e+01
4.370000e-05	2.744225e-02	-1.150779e+01
4.371000e-05	4.351305e-02	-1.165611e+01
4.372000e-05	2.691139e-02	-1.174187e+01
4.373000e-05	3.978282e-02	-1.186559e+01
4.374000e-05	3.465270e-02	-1.199179e+01
4.375000e-05	3.904998e-02	-1.205455e+01
4.376000e-05	3.530102e-02	-1.207727e+01
4.377000e-05	4.344954e-02	-1.218137e+01
4.378000e-05	4.668894e-02	-1.220510e+01
4.379000e-05	4.289016e-02	-1.228571e+01
4.380000e-05	4.231271e-02	-1.231084e+01
4.381000e-05	4.281065e-02	-1.240200e+01
4.382000e-05	4.767046e-02	-1.244566e+01
4.383000e-05	4.424255e-02	-1.248821e+01
4.384000e-05	4.954482e-02	-1.252979e+01
4.385000e-05	4.987987e-02	-1.256245e+01
4.386000e-05	5.098206e-02	-1.256460e+01
4.387000e-05	5.221208e-02	-1.257453e+01
4.388000e-05	5.550636e-02	-1.263565e+01
4.389000e-05	5.652852e-02	-1.263668e+01
4.390000e-05	5.549249e-02	-1.265718e+01
4.391000e-05	5.679816e-02	-1.273969e+01
4.392000e-05	5.931325e-02	-1.272932e+01
4.393000e-05	5.826832e-02	-1.273926e+01
4.394000e-05	6.075477e-02	-1.271879e+01
4.395000e-05	6.281975e-02	-1.267826e+01
4.396000e-05	6.671371e-02	-1.271716e+01
4.397000e-05	6.676583e-02	-1.264823e+01
4.398000e-05	6.840744e-02	-1.265671e+01
4.399000e-05	7.146132e-02	-1.258558e+01
4.400000e-05	7.250528e-02	-1.257453e+01
4.401000e-05	7.567624e-02	-1.253338e+01
4.402000e-05	7.822845e-02	-1.252787e+01
4.403000e-05	8.303111e-02	-1.246716e+01
4.404000e-05	8.625298e-02	-1.243353e+01
4.405000e-05	9.131809e-02	-1.237087e+01
4.406000e-05	9.421830e-02	-1.229724e+01
4.407000e-05	9.674144e-02	-1.227616e+01
4.408000e-05	9.930746e-02	-1.216040e+01
4.409000e-05	1.014010e-01	-1.205682e+01
4.410000e-05	1.019870e-01	-1.205563e+01
4.411000e-05	1.025853e-01	-1.195085e+01
4.412000e-05	1.012446e-01	-1.187660e+01
4.413000e-05	9.957368e-02	-1.172187e+01
4.414000e-05	9.645487e-02	-1.163553e+01
4.415000e-05	9.350705e-02	-1.155039e+01
4.416000e-05	9.152906e-02	-1.141308e+01
4.417000e-05	8.726994e-02	-1.129764e+01
4.418000e-05	8.243302e-02	-1.117142e+01
4.419000e-05	7.721899e-02	-1.104360e+01
4.420000e-05	7.258918e-02	-1.089932e+01
4.421000e-05	6.896770e-02	-1.081253e+01
4.422000e-05	6.613217e-02	-1.070837e+01
4.423000e-05	6.283993e-02	-1.060305e+01
4.424000e-05	6.055962e-02	-1.048829e+01
4.425000e-05	5.642977e-02	-1.029786e+01
4.426000e-05	5.459096e-02	-1.019345e+01
4.427000e-05	5.059903e-02	-1.002208e+01
4.428000e-05	4.687206e-02	-9.877712e+00
4.429000e-05	4.394560e-02	-9.731370e+00
4.430000e-05	4.252454e-02	-9.622604e+00
4.431000e-05	3.975354e-02	-9.454108e+00
4.432000e-05	3.819317e-02	-9.297262e+00
4.433000e-05	3.612801e-02	-9.127813e+00
4.434000e-05	3.381635e-02	-8.960396e+00
4.435000e-05	3.156411e-02	-8.791999e+00
4.436000e-05	3.069039e-02	-8.585055e+00
4.437000e-05	2.955929e-02	-8.430101e+00
4.438000e-05	2.818494e-02	-8.274158e+00
4.439000e-05	2.520005e-02	-8.126816e+00
4.440000e-05	2.380173e-02	-7.936264e+00
4.441000e-05	2.303223e-02	-7.663635e+00
4.442000e-05	2.126428e-02	-7.434156e+00
4.443000e-05	2.060586e-02	-7.305215e+00
4.444000e-05	1.926302e-02	-7.115233e+00
4.445000e-05	1.834623e-02	-6.834627e+00
4.446000e-05	1.730860e-02	-6.654737e+00
4.447000e-05	1.735598e-02	-6.435183e+00
4.448000e-05	1.513384e-02	-6.256660e+00
4.449000e-05	1.514990e-02	-6.021634e+00
4.450000e-05	1.226452e-02	-5.843629e+00
4.451000e-05	1.184679e-02	-5.634157e+00
4.452000e-05	9.997331e-03	-5.395627e+00
4.453000e-05	1.229386e-02	-5.147969e+00
4.454000e-05	8.189976e-03	-4.897841e+00
4.455000e-05	1.041024e-02	-4.664737e+00
4.456000e-05	6.739815e-03	-4.484213e+00
4.457000e-05	8.019330e-03	-4.285709e+00
4.458000e-05	5.763593e-03	-4.103711e+00
4.459000e-05	6.292289e-03	-3.854783e+00
4.460000e-05	5.114643e-03	-3.590023e+00
4.461000e-05	4.900039e-03	-3.419605e+00
4.462000e-05	3.541352e-03	-3.191474e+00
4.463000e-05	3.122478e-03	-2.896445e+00
4.464000e-05	1.698397e-03	-2.704313e+00
4.465000e-05	2.300611e-03	-2.464711e+00
4.466000e-05	1.406671e-03	-2.213555e+00
4.467000e-05	1.016418e-03	-1.977898e+00
4.468000e-05	5.972631e-04	-1.779445e+00
4.469000e-05	-1.411430e-04	-1.567961e+00
4.470000e-05	-1.010299e-03	-1.291654e+00
4.471000e-05	-4.001612e-03	-1.001000e+00
4.472000e-05	-3.027755e-03	-7.890278e-01
4.473000e-05	-4.430010e-03	-5.072613e-01
4.474000e-05	-2.541225e-03	-2.946857e-01
4.475000e-05	-3.059440e-03	-7.373440e-02
4.476000e-05	3.296855e-03	1.598969e-01
4.477000e-05	3.200096e-03	4.006264e-01
4.478000e-05	-4.197474e-03	5.900049e-01
4.479000e-05	3.741248e-04	8.004511e-01
4.480000e-05	-5.261740e-03	1.075032e+00
4.481000e-05	-1.805386e-03	1.306193e+00
4.482000e-05	-5.111731e-03	1.575846e+00
4.483000e-05	8.639642e-03	1.769950e+00
4.484000e-05	4.980717e-02	1.969400e+00
4.485000e-05	5.256792e-02	2.191428e+00
4.486000e-05	-7.499230e-02	2.495631e+00
4.487000e-05	-2.783928e-02	2.769473e+00
4.488000e-05	-3.706039e-02	2.970425e+00
4.489000e-05	-5.632930e-02	3.136846e+00
4.490000e-05	-2.259596e-02	3.286187e+00
4.491000e-05	1.540422e-01	3.559819e+00
4.492000e-05	-1.502273e-01	3.757743e+00
4.493000e-05	6.257037e-02	3.936216e+00
4.494000e-05	3.679590e-02	4.210950e+00
4.495000e-05	-1.189577e-01	4.431554e+00
4.496000e-05	8.157055e-02	4.643506e+00
4.497000e-05	-3.543332e-02	4.854159e+00
4.498000e-05	-2.331999e-02	5.139318e+00
4.499000e-05	2.683731e-02	5.392904e+00
4.500000e-05	-4.814195e-02	5.601975e+00
4.501000e-05	1.014430e-02	5.833485e+00
4.502000e-05	-3.196272e-02	6.085110e+00
4.503000e-05	-1.721928e-02	6.264634e+00
4.504000e-05	-1.714788e-02	6.464610e+00
4.505000e-05	-1.601162e-02	6.708169e+00
4.506000e-05	2.369514e-02	6.907769e+00
4.507000e-05	-5.021968e-02	7.118817e+00
4.508000e-05	2.100734e-02	7.275642e+00
4.509000e-05	-4.260597e-02	7.558218e+00
4.510000e-05	-2.773454e-02	7.779346e+00
4.511000e-05	-1.551844e-03	7.988298e+00
4.512000e-05	-2.581625e-02	8.161923e+00
4.513000e-05	-2.531737e-03	8.329392e+00
4.514000e-05	-3.668568e-02	8.505716e+00
4.515000e-05	-1.777091e-02	8.634108e+00
4.516000e-05	-2.615417e-02	8.789428e+00
4.517000e-05	-1.386338e-02	8.951400e+00
4.518000e-05	-2.117308e-02	9.150796e+00
4.519000e-05	-2.483753e-02	9.336268e+00
4.520000e-05	-1.532288e-02	9.435607e+00
4.521000e-05	-3.275301e-02	9.634082e+00
4.522000e-05	-2.617662e-02	9.790944e+00
4.523000e-05	-2.424287e-02	9.929796e+00
4.524000e-05	-2.333292e-02	1.007769e+01
4.525000e-05	-3.226453e-02	1.022401e+01
4.526000e-05	-2.809303e-02	1.034030e+01
4.527000e-05	-2.440651e-02	1.048874e+01
4.528000e-05	-3.053583e-02	1.064396e+01
4.529000e-05	-3.593857e-02	1.075205e+01
4.530000e-05	-3.149569e-02	1.091724e+01
4.531000e-05	-3.192097e-02	1.100361e+01
4.532000e-05	-3.593376e-02	1.114980e+01
4.533000e-05	-3.481026e-02	1.125708e+01
4.534000e-05	-3.168064e-02	1.137246e+01
4.535000e-05	-3.659798e-02	1.152077e+01
4.536000e-05	-4.102792e-02	1.160466e+01
4.537000e-05	-3.853107e-02	1.172890e+01
4.538000e-05	-3.845972e-02	1.182558e+01
4.539000e-05	-4.249300e-02	1.191030e+01
4.540000e-05	-4.308787e-02	1.199148e+01
4.541000e-05	-4.077838e-02	1.207769e+01
4.542000e-05	-4.472994e-02	1.212285e+01
4.543000e-05	-4.708020e-02	1.216403e+01
4.544000e-05	-4.500229e-02	1.228969e+01
4.545000e-05	-4.454739e-02	1.235040e+01
4.546000e-05	-4.896389e-02	1.240353e+01
4.547000e-05	-5.286480e-02	1.247717e+01
4.548000e-05	-5.102869e-02	1.250724e+01
4.549000e-05	-5.203699e-02	1.252138e+01
4.550000e-05	-5.333329e-02	1.256148e+01
4.551000e-05	-5.708731e-02	1.258298e+01
4.552000e-05	-5.666868e-02	1.266558e+01
4.553000e-05	-5.895048e-02	1.261664e+01
4.554000e-05	-6.001987e-02	1.267824e+01
4.555000e-05	-5.899502e-02	1.268724e+01
4.556000e-05	-6.137126e-02	1.268877e+01
4.557000e-05	-6.437423e-02	1.270880e+01
4.558000e-05	-6.668046e-02	1.272942e+01
4.559000e-05	-6.715957e-02	1.271785e+01
4.560000e-05	-6.898816e-02	1.271827e+01
4.561000e-05	-6.908325e-02	1.269930e+01
4.562000e-05	-7.118362e-02	1.271621e+01
4.563000e-05	-7.272107e-02	1.268814e+01
4.564000e-05	-7.552241e-02	1.270616e+01
4.565000e-05	-7.752506e-02	1.264561e+01
4.566000e-05	-8.025503e-02	1.260353e+01
4.567000e-05	-8.398746e-02	1.260203e+01
4.568000e-05	-8.667426e-02	1.257288e+01
4.569000e-05	-8.983627e-02	1.250727e+01
4.570000e-05	-9.271130e-02	1.247626e+01
4.571000e-05	-9.759712e-02	1.242396e+01
4.572000e-05	-1.004159e-01	1.235188e+01
4.573000e-05	-1.053278e-01	1.226761e+01
4.574000e-05	-1.063690e-01	1.218503e+01
4.575000e-05	-1.088506e-01	1.209040e+01
4.576000e-05	-1.092069e-01	1.202506e+01
4.577000e-05	-1.080722e-01	1.197043e+01
4.578000e-05	-1.076097e-01	1.188561e+01
4.579000e-05	-1.047040e-01	1.176250e+01
4.580000e-05	-1.052204e-01	1.170716e+01
4.581000e-05	-9.872929e-02	1.154247e+01
4.582000e-05	-9.455015e-02	1.144499e+01
4.583000e-05	-9.116375e-02	1.132977e+01
4.584000e-05	-8.737209e-02	1.118148e+01
4.585000e-05	-8.447891e-02	1.108666e+01
4.586000e-05	-7.825766e-02	1.098148e+01
4.587000e-05	-7.621467e-02	1.086519e+01
4.588000e-05	-7.141464e-02	1.074937e+01
4.589000e-05	-6.921800e-02	1.064350e+01
4.590000e-05	-6.361949e-02	1.046816e+01
4.591000e-05	-6.196328e-02	1.033882e+01
4.592000e-05	-5.828797e-02	1.021403e+01
4.593000e-05	-5.614623e-02	1.005666e+01
4.594000e-05	-5.199240e-02	9.896366e+00
4.595000e-05	-5.146029e-02	9.800929e+00
4.596000e-05	-4.831200e-02	9.591978e+00
4.597000e-05	-4.621163e-02	9.445057e+00
4.598000e-05	-4.430719e-02	9.287238e+00
4.599000e-05	-4.354787e-02	9.109942e+00
4.600000e-05	-4.129768e-02	8.940846e+00
4.601000e-05	-3.871174e-02	8.779902e+00
4.602000e-05	-3.693250e-02	8.601552e+00
4.603000e-05	-3.634667e-02	8.424663e+00
4.604000e-05	-3.336732e-02	8.285185e+00
4.605000e-05	-3.261453e-02	8.024188e+00
4.606000e-05	-3.095225e-02	7.866213e+00
4.607000e-05	-3.123502e-02	7.706666e+00
4.608000e-05	-2.918312e-02	7.465234e+00
4.609000e-05	-2.871811e-02	7.245088e+00
4.610000e-05	-2.706923e-02	7.013637e+00
4.611000e-05	-2.633557e-02	6.896213e+00
4.612000e-05	-2.482364e-02	6.695211e+00
4.613000e-05	-2.364186e-02	6.434659e+00
4.614000e-05	-2.305254e-02	6.244637e+00
4.615000e-05	-2.143844e-02	6.034213e+00
4.616000e-05	-2.238536e-02	5.824657e+00
4.617000e-05	-2.060362e-02	5.623103e+00
4.618000e-05	-1.952093e-02	5.402027e+00
4.619000e-05	-1.907912e-02	5.191456e+00
4.620000e-05	-1.783441e-02	4.865815e+00
4.621000e-05	-1.827951e-02	4.655786e+00
4.622000e-05	-1.725412e-02	4.454712e+00
4.623000e-05	-1.662817e-02	4.245209e+00
4.624000e-05	-1.444632e-02	3.959608e+00
4.625000e-05	-1.287234e-02	3.761453e+00
4.626000e-05	-1.308714e-02	3.581029e+00
4.627000e-05	-1.358502e-02	3.357446e+00
4.628000e-05	-1.222874e-02	3.116390e+00
4.629000e-05	-1.074545e-02	2.884812e+00
4.630000e-05	-1.079276e-02	2.695715e+00
4.631000e-05	-1.054515e-02	2.392025e+00
4.632000e-05	-9.486823e-03	2.169500e+00
4.633000e-05	-9.029611e-03	2.010053e+00
4.634000e-05	-9.235998e-03	1.697945e+00
4.635000e-05	-8.733470e-03	1.454287e+00
4.636000e-05	-6.545658e-03	1.272184e+00
4.637000e-05	-6.464840e-03	9.389676e-01
4.638000e-05	-6.851555e-03	6.953149e-01
4.639000e-05	-5.377964e-03	4.847409e-01
4.640000e-05	-4.533133e-03	2.637094e-01
4.641000e-05	-4.079790e-03	-2.992093e-02
4.642000e-05	5.830421e-03	-2.004510e-01
4.643000e-05	-1.811717e-04	-4.004988e-01
4.644000e-05	1.080835e-04	-6.636327e-01
4.645000e-05	7.167957e-06	-8.826565e-01
4.646000e-05	1.523655e-03	-1.084136e+00
4.647000e-05	9.214865e-04	-1.313212e+00
4.648000e-05	6.989015e-03	-1.567422e+00
4.649000e-05	5.826994e-02	-1.737815e+00
4.650000e-05	7.114252e-02	-1.977947e+00
4.651000e-05	-7.859243e-02	-2.347716e+00
4.652000e-05	-2.593965e-03	-2.661103e+00
4.653000e-05	-4.237434e-02	-2.821551e+00
4.654000e-05	-7.727761e-02	-3.023505e+00
4.655000e-05	1.026363e-01	-3.178397e+00
4.656000e-05	5.571702e-02	-3.326213e+00
4.657000e-05	-1.352279e-01	-3.580399e+00
4.658000e-05	2.070425e-01	-3.748869e+00
4.659000e-05	-1.393137e-01	-4.042656e+00
4.660000e-05	3.593490e-02	-4.273582e+00
4.661000e-05	9.916816e-02	-4.402526e+00
4.662000e-05	-1.233242e-01	-4.674639e+00
4.663000e-05	1.439298e-01	-4.855689e+00
4.664000e-05	-4.355162e-02	-5.147362e+00
4.665000e-05	-2.853790e-02	-5.404106e+00
4.666000e-05	1.016088e-01	-5.622527e+00
4.667000e-05	-1.227706e-01	-5.904210e+00
4.668000e-05	1.282111e-01	-6.045130e+00
4.669000e-05	-6.071180e-02	-6.275090e+00
4.670000e-05	3.255072e-02	-6.516787e+00
4.671000e-05	5.643897e-02	-6.737212e+00
4.672000e-05	-5.580710e-02	-6.949321e+00
4.673000e-05	1.239830e-01	-7.161296e+00
4.674000e-05	-1.036575e-01	-7.380366e+00
4.675000e-05	7.254789e-02	-7.528866e+00
4.676000e-05	8.923035e-04	-7.750372e+00
4.677000e-05	5.448845e-03	-8.010451e+00
4.678000e-05	7.040227e-02	-8.128869e+00
4.679000e-05	-4.230245e-02	-8.328342e+00
4.680000e-05	6.854359e-02	-8.497214e+00
4.681000e-05	-3.986068e-02	-8.706688e+00
4.682000e-05	5.540147e-02	-8.855680e+00
4.683000e-05	1.700199e-02	-9.032955e+00
4.684000e-05	2.402972e-02	-9.159945e+00
4.685000e-05	2.328305e-02	-9.329895e+00
4.686000e-05	-8.860226e-03	-9.546737e+00
4.687000e-05	5.723660e-02	-9.665082e+00
4.688000e-05	1.306003e-03	-9.772500e+00
4.689000e-05	4.357340e-02	-9.917862e+00
4.690000e-05	1.664531e-03	-1.008818e+01
4.691000e-05	4.381526e-02	-1.023653e+01
4.692000e-05	1.311862e-02	-1.043100e+01
4.693000e-05	3.114037e-02	-1.052922e+01
4.694000e-05	2.938627e-02	-1.063311e+01
4.695000e-05	2.620959e-02	-1.076985e+01
4.696000e-05	2.522792e-02	-1.085669e+01
4.697000e-05	2.200128e-02	-1.097293e+01
4.698000e-05	4.660622e-02	-1.118187e+01
4.699000e-05	2.597708e-02	-1.124513e+01
4.700000e-05	3.519232e-02	-1.136248e+01
4.701000e-05	2.347382e-02	-1.152676e+01
4.702000e-05	4.439079e-02	-1.162502e+01
4.703000e-05	2.900617e-02	-1.170127e+01
4.704000e-05	3.788242e-02	-1.178453e+01
4.705000e-05	3.823718e-02	-1.193934e+01
4.706000e-05	3.920188e-02	-1.200555e+01
4.707000e-05	3.535853e-02	-1.207818e+01
4.708000e-05	3.931480e-02	-1.216042e+01
4.709000e-05	4.846752e-02	-1.220450e+01
4.710000e-05	4.004366e-02	-1.224719e+01
4.711000e-05	4.273409e-02	-1.235876e+01
4.712000e-05	4.179274e-02	-1.240198e+01
4.713000e-05	4.915363e-02	-1.240501e+01
4.714000e-05	4.443523e-02	-1.247814e+01
4.715000e-05	4.870873e-02	-1.251034e+01
4.716000e-05	5.107455e-02	-1.255077e+01
4.717000e-05	4.896368e-02	-1.258392e+01
4.718000e-05	5.047237e-02	-1.258453e+01
4.719000e-05	5.477616e-02	-1.262616e+01
4.720000e-05	5.773794e-02	-1.261703e+01
4.721000e-05	5.483282e-02	-1.270768e+01
4.722000e-05	5.599943e-02	-1.268771e+01
4.723000e-05	5.803916e-02	-1.270826e+01
4.724000e-05	5.973633e-02	-1.271964e+01
4.725000e-05	6.067379e-02	-1.270877e+01
4.726000e-05	6.211842e-02	-1.271769e+01
4.727000e-05	6.570874e-02	-1.272831e+01
4.728000e-05	6.400983e-02	-1.265869e+01
4.729000e-05	6.884606e-02	-1.266709e+01
4.730000e-05	6.985258e-02	-1.263498e+01
4.731000e-05	7.347269e-02	-1.261548e+01
4.732000e-05	7.627059e-02	-1.258342e+01
4.733000e-05	7.853397e-02	-1.252082e+01
4.734000e-05	8.226336e-02	-1.250724e+01
4.735000e-05	8.389090e-02	-1.243506e+01
4.736000e-05	9.019966e-02	-1.238195e+01
4.737000e-05	9.108599e-02	-1.229884e+01
4.738000e-05	9.615752e-02	-1.223558e+01
4.739000e-05	9.682149e-02	-1.219245e+01
4.740000e-05	1.019002e-01	-1.213029e+01
4.741000e-05	1.031929e-01	-1.203611e+01
4.742000e-05	1.049968e-01	-1.198985e+01
4.743000e-05	1.028394e-01	-1.183661e+01
4.744000e-05	9.953219e-02	-1.178190e+01
4.745000e-05	9.591486e-02	-1.164728e+01
4.746000e-05	9.391827e-02	-1.152990e+01
4.747000e-05	9.125675e-02	-1.141400e+01
4.748000e-05	8.798652e-02	-1.132927e+01
4.749000e-05	8.278521e-02	-1.115285e+01
4.750000e-05	7.827542e-02	-1.106821e+01
4.751000e-05	7.586178e-02	-1.095687e+01
4.752000e-05	7.185805e-02	-1.084515e+01
4.753000e-05	6.788800e-02	-1.074977e+01
4.754000e-05	6.205412e-02	-1.062413e+01
4.755000e-05	5.983684e-02	-1.046677e+01
4.756000e-05	5.738650e-02	-1.037040e+01
4.757000e-05	5.529063e-02	-1.022643e+01
4.758000e-05	5.062356e-02	-1.007571e+01
4.759000e-05	4.806377e-02	-9.917787e+00
4.760000e-05	4.498550e-02	-9.803002e+00
4.761000e-05	4.497268e-02	-9.674678e+00
4.762000e-05	4.195842e-02	-9.517187e+00
4.763000e-05	3.825829e-02	-9.370391e+00
4.764000e-05	3.540562e-02	-9.168998e+00
4.765000e-05	3.353146e-02	-8.990474e+00
4.766000e-05	3.264720e-02	-8.845108e+00
4.767000e-05	3.303261e-02	-8.685158e+00
4.768000e-05	2.912262e-02	-8.426680e+00
4.769000e-05	2.823133e-02	-8.316314e+00
4.770000e-05	2.568461e-02	-8.137315e+00
4.771000e-05	2.450648e-02	-7.919411e+00
4.772000e-05	2.382854e-02	-7.727839e+00
4.773000e-05	2.151605e-02	-7.507786e+00
4.774000e-05	1.960720e-02	-7.308315e+00
4.775000e-05	1.842732e-02	-7.117389e+00
4.776000e-05	1.922558e-02	-6.865715e+00
4.777000e-05	1.679812e-02	-6.705762e+00
4.778000e-05	1.627243e-02	-6.527785e+00
4.779000e-05	1.438607e-02	-6.337290e+00
4.780000e-05	1.549919e-02	-6.075216e+00
4.781000e-05	1.334758e-02	-5.905786e+00
4.782000e-05	1.340839e-02	-5.665734e+00
4.783000e-05	9.562931e-03	-5.515683e+00
4.784000e-05	1.137831e-02	-5.193103e+00
4.785000e-05	7.659311e-03	-4.999871e+00
4.786000e-05	8.308578e-03	-4.697821e+00
4.787000e-05	7.403450e-03	-4.577886e+00
4.788000e-05	9.580965e-03	-4.318341e+00
4.789000e-05	6.916204e-03	-4.136815e+00
4.790000e-05	5.600921e-03	-3.947291e+00
4.791000e-05	4.843756e-03	-3.653683e+00
4.792000e-05	5.507584e-03	-3.461532e+00
4.793000e-05	2.834441e-03	-3.201634e+00
4.794000e-05	1.606301e-03	-2.968421e+00
4.795000e-05	1.180606e-03	-2.727343e+00
4.796000e-05	3.845755e-03	-2.506315e+00
4.797000e-05	1.637814e-03	-2.304762e+00
4.798000e-05	-2.505257e-04	-2.031028e+00
4.799000e-05	-5.485120e-04	-1.790525e+00
4.800000e-05	-2.666166e-04	-1.639975e+00
4.801000e-05	-1.233214e-03	-1.335685e+00
4.802000e-05	-1.659440e-03	-1.073054e+00
4.803000e-05	-2.575767e-03	-8.405766e-01
4.804000e-05	-2.989290e-03	-5.684764e-01
4.805000e-05	-5.201865e-03	-3.252648e-01
4.806000e-05	-4.534172e-03	-1.258597e-01
4.807000e-05	8.847439e-04	1.048616e-01
4.808000e-05	5.389628e-03	3.579458e-01
4.809000e-05	-4.612926e-03	5.778734e-01
4.810000e-05	1.800599e-03	7.488961e-01
4.811000e-05	-5.433831e-03	9.698484e-01
4.812000e-05	-2.280534e-03	1.240058e+00
4.813000e-05	-6.092375e-03	1.465262e+00
4.814000e-05	3.866475e-03	1.766995e+00
4.815000e-05	3.573270e-02	1.926371e+00
4.816000e-05	6.972589e-02	2.157346e+00
4.817000e-05	-6.042102e-02	2.370049e+00
4.818000e-05	-3.882704e-02	2.695743e+00
4.819000e-05	-3.633375e-02	2.928267e+00
4.820000e-05	-4.362403e-02	3.116843e+00
4.821000e-05	-6.042464e-02	3.262057e+00
4.822000e-05	1.516157e-01	3.473664e+00
4.823000e-05	-8.494945e-02	3.696214e+00
4.824000e-05	-2.698791e-02	3.854312e+00
4.825000e-05	1.137492e-01	4.115638e+00
4.826000e-05	-1.396905e-01	4.400001e+00
4.827000e-05	5.712312e-02	4.589473e+00
4.828000e-05	4.600942e-03	4.812904e+00
4.829000e-05	-5.049023e-02	5.045615e+00
4.830000e-05	3.704989e-02	5.299819e+00
4.831000e-05	-4.527205e-02	5.559375e+00
4.832000e-05	1.647792e-03	5.759947e+00
4.833000e-05	-1.758738e-02	6.023478e+00
4.834000e-05	-3.069717e-02	6.194054e+00
4.835000e-05	-6.649268e-03	6.431552e+00
4.836000e-05	-2.944346e-02	6.665634e+00
4.837000e-05	3.153842e-02	6.874132e+00
4.838000e-05	-4.367829e-02	7.045114e+00
4.839000e-05	6.702763e-03	7.244210e+00
4.840000e-05	-1.966099e-02	7.437137e+00
4.841000e-05	-4.591113e-02	7.686766e+00
4.842000e-05	4.150107e-03	7.899642e+00
4.843000e-05	-2.717931e-02	8.108763e+00
4.844000e-05	-4.175162e-03	8.325768e+00
4.845000e-05	-2.929112e-02	8.433161e+00
4.846000e-05	-2.671751e-02	8.594632e+00
4.847000e-05	-1.964918e-02	8.749899e+00
4.848000e-05	-2.079810e-02	8.919220e+00
4.849000e-05	-1.503273e-02	9.098268e+00
4.850000e-05	-3.058540e-02	9.267610e+00
4.851000e-05	-1.354479e-02	9.414583e+00
4.852000e-05	-2.964966e-02	9.588426e+00
4.853000e-05	-2.870633e-02	9.710875e+00
4.854000e-05	-2.207183e-02	9.906689e+00
4.855000e-05	-2.455583e-02	1.005664e+01
4.856000e-05	-2.842984e-02	1.016197e+01
4.857000e-05	-3.383643e-02	1.031884e+01
4.858000e-05	-2.215481e-02	1.048864e+01
4.859000e-05	-2.877089e-02	1.056305e+01
4.860000e-05	-3.552419e-02	1.076035e+01
4.861000e-05	-3.309492e-02	1.088719e+01
4.862000e-05	-3.151607e-02	1.098255e+01
4.863000e-05	-3.277615e-02	1.110874e+01
4.864000e-05	-3.807597e-02	1.126413e+01
4.865000e-05	-3.110463e-02	1.137085e+01
4.866000e-05	-3.604232e-02	1.143869e+01
4.867000e-05	-3.931279e-02	1.159298e+01
4.868000e-05	-4.031993e-02	1.170880e+01
4.869000e-05	-3.753315e-02	1.181403e+01
4.870000e-05	-4.025951e-02	1.188681e+01
4.871000e-05	-4.368710e-02	1.200153e+01
4.872000e-05	-4.235398e-02	1.208616e+01
4.873000e-05	-4.391644e-02	1.213137e+01
4.874000e-05	-4.597470e-02	1.219398e+01
4.875000e-05	-4.520161e-02	1.229674e+01
4.876000e-05	-4.449754e-02	1.236234e+01
4.877000e-05	-4.841664e-02	1.240396e+01
4.878000e-05	-5.143317e-02	1.247619e+01
4.879000e-05	-5.141432e-02	1.249627e+01
4.880000e-05	-5.201696e-02	1.253982e+01
4.881000e-05	-5.342493e-02	1.257293e+01
4.882000e-05	-5.584360e-02	1.258356e+01
4.883000e-05	-5.581398e-02	1.260563e+01
4.884000e-05	-6.012342e-02	1.266463e+01
4.885000e-05	-5.867989e-02	1.270772e+01
4.886000e-05	-5.963905e-02	1.265627e+01
4.887000e-05	-5.984963e-02	1.267772e+01
4.888000e-05	-6.388211e-02	1.270622e+01
4.889000e-05	-6.550018e-02	1.272882e+01
4.890000e-05	-6.537405e-02	1.274085e+01
4.891000e-05	-6.839154e-02	1.271985e+01
4.892000e-05	-6.995602e-02	1.272784e+01
4.893000e-05	-7.182878e-02	1.270777e+01
4.894000e-05	-7.080532e-02	1.266712e+01
4.895000e-05	-7.489386e-02	1.265624e+01
4.896000e-05	-7.510108e-02	1.268569e+01
4.897000e-05	-8.083874e-02	1.259501e+01
4.898000e-05	-8.195389e-02	1.257296e+01
4.899000e-05	-8.679007e-02	1.256198e+01
4.900000e-05	-8.937086e-02	1.249929e+01
4.901000e-05	-9.245035e-02	1.247776e+01
4.902000e-05	-9.655177e-02	1.243511e+01
4.903000e-05	-1.004163e-01	1.235246e+01
4.904000e-05	-1.040128e-01	1.227779e+01
4.905000e-05	-1.069988e-01	1.220498e+01
4.906000e-05	-1.080886e-01	1.209237e+01
4.907000e-05	-1.086324e-01	1.205821e+01
4.908000e-05	-1.076258e-01	1.198995e+01
4.909000e-05	-1.084302e-01	1.189526e+01
4.910000e-05	-1.051329e-01	1.179246e+01
4.911000e-05	-1.059049e-01	1.167822e+01
4.912000e-05	-9.884047e-02	1.156355e+01
4.913000e-05	-9.676721e-02	1.144819e+01
4.914000e-05	-9.067258e-02	1.133180e+01
4.915000e-05	-8.898551e-02	1.121408e+01
4.916000e-05	-8.389701e-02	1.110832e+01
4.917000e-05	-7.946528e-02	1.097148e+01
4.918000e-05	-7.603044e-02	1.090874e+01
4.919000e-05	-7.254407e-02	1.080303e+01
4.920000e-05	-6.959349e-02	1.061511e+01
4.921000e-05	-6.522452e-02	1.052980e+01
4.922000e-05	-6.163502e-02	1.037095e+01
4.923000e-05	-5.957467e-02	1.021616e+01
4.924000e-05	-5.627424e-02	1.010831e+01
4.925000e-05	-5.334515e-02	9.949900e+00
4.926000e-05	-5.156890e-02	9.744503e+00
4.927000e-05	-4.902374e-02	9.593108e+00
4.928000e-05	-4.622526e-02	9.466714e+00
4.929000e-05	-4.365230e-02	9.309817e+00
4.930000e-05	-4.330418e-02	9.192025e+00
4.931000e-05	-4.151161e-02	9.013107e+00
4.932000e-05	-3.991935e-02	8.794011e+00
4.933000e-05	-3.796513e-02	8.643583e+00
4.934000e-05	-3.672321e-02	8.476790e+00
4.935000e-05	-3.489678e-02	8.327368e+00
4.936000e-05	-3.258245e-02	8.080293e+00
4.937000e-05	-3.145513e-02	7.937815e+00
4.938000e-05	-3.070198e-02	7.756867e+00
4.939000e-05	-2.993522e-02	7.529369e+00
4.940000e-05	-2.796741e-02	7.285837e+00
4.941000e-05	-2.755498e-02	7.076717e+00
4.942000e-05	-2.665969e-02	6.927791e+00
4.943000e-05	-2.515737e-02	6.686815e+00
4.944000e-05	-2.434456e-02	6.487216e+00
4.945000e-05	-2.368365e-02	6.286742e+00
4.946000e-05	-2.238139e-02	6.076791e+00
4.947000e-05	-2.128415e-02	5.886818e+00
4.948000e-05	-2.074762e-02	5.676212e+00
4.949000e-05	-1.994196e-02	5.495261e+00
4.950000e-05	-1.934149e-02	5.212654e+00
4.951000e-05	-1.867011e-02	4.980499e+00
4.952000e-05	-1.822498e-02	4.726816e+00
4.953000e-05	-1.715449e-02	4.526263e+00
4.954000e-05	-1.637013e-02	4.337296e+00
4.955000e-05	-1.520846e-02	4.034706e+00
4.956000e-05	-1.471484e-02	3.863136e+00
4.957000e-05	-1.354166e-02	3.633157e+00
4.958000e-05	-1.320832e-02	3.404581e+00
4.959000e-05	-1.196660e-02	3.159945e+00
4.960000e-05	-1.178936e-02	2.917972e+00
4.961000e-05	-1.221286e-02	2.748445e+00
4.962000e-05	-1.072839e-02	2.483157e+00
4.963000e-05	-9.082987e-03	2.232128e+00
4.964000e-05	-8.585065e-03	2.031579e+00
4.965000e-05	-8.896121e-03	1.790103e+00
4.966000e-05	-8.635137e-03	1.517891e+00
4.967000e-05	-7.057740e-03	1.296265e+00
4.968000e-05	-6.812145e-03	9.606305e-01
4.969000e-05	-6.842693e-03	7.389499e-01
4.970000e-05	-6.504944e-03	4.878634e-01
4.971000e-05	-3.813616e-03	3.073423e-01
4.972000e-05	-4.288639e-03	3.258210e-02
4.973000e-05	2.594153e-03	-1.888407e-01
4.974000e-05	2.885152e-03	-3.688446e-01
4.975000e-05	-2.477917e-03	-5.963933e-01
4.976000e-05	2.493892e-03	-8.310761e-01
4.977000e-05	-2.138768e-03	-1.032602e+00
4.978000e-05	2.013303e-03	-1.224553e+00
4.979000e-05	2.804549e-03	-1.518214e+00
4.980000e-05	4.098318e-02	-1.726160e+00
4.981000e-05	9.428144e-02	-1.865711e+00
4.982000e-05	-6.335111e-02	-2.254100e+00
4.983000e-05	-1.780129e-02	-2.580896e+00
4.984000e-05	-3.320326e-02	-2.770972e+00
4.985000e-05	-6.983124e-02	-2.978346e+00
4.986000e-05	3.574030e-02	-3.148769e+00
4.987000e-05	1.453338e-01	-3.272581e+00
4.988000e-05	-1.822655e-01	-3.557242e+00
4.989000e-05	1.581316e-01	-3.675784e+00
4.990000e-05	-6.628164e-02	-3.968823e+00
4.991000e-05	-5.868845e-02	-4.213526e+00
4.992000e-05	1.523300e-01	-4.370419e+00
4.993000e-05	-1.207464e-01	-4.641576e+00
4.994000e-05	8.615648e-02	-4.874556e+00
4.995000e-05	4.351180e-02	-5.053580e+00
4.996000e-05	-1.034921e-01	-5.418426e+00
4.997000e-05	1.424361e-01	-5.599924e+00
4.998000e-05	-1.211376e-01	-5.822477e+00
4.999000e-05	9.050368e-02	-6.021050e+00
