# 260406_14:56:09.739224
t	CH1	CH2
0.000000e+00	-5.123138e-03	4.078760e-01
1.000000e-08	-5.362987e-03	1.362221e-01
2.000000e-08	-1.941930e-03	-7.370020e-02
3.000000e-08	4.080756e-03	-2.195726e-01
4.000000e-08	-3.396519e-03	-3.779649e-01
5.000000e-08	2.045954e-03	-4.968074e-01
6.000000e-08	-2.676787e-03	-7.674635e-01
7.000000e-08	1.228624e-03	-8.958068e-01
8.000000e-08	-3.260707e-03	-1.001550e+00
9.000000e-08	6.929190e-03	-1.181497e+00
1.000000e-07	5.484979e-02	-1.410295e+00
1.100000e-07	6.098589e-02	-1.691227e+00
1.200000e-07	-8.525352e-02	-1.945357e+00
1.300000e-07	1.128229e-03	-2.187491e+00
1.400000e-07	-1.003969e-01	-2.396468e+00
1.500000e-07	2.214789e-02	-2.399101e+00
1.600000e-07	1.686674e-01	-2.453658e+00
1.700000e-07	-1.960289e-01	-2.768334e+00
1.800000e-07	1.060214e-01	-2.862180e+00
1.900000e-07	1.060241e-01	-3.038949e+00
2.000000e-07	-2.194820e-01	-3.294732e+00
2.100000e-07	1.494013e-01	-3.431098e+00
2.200000e-07	5.088371e-02	-3.557442e+00
2.300000e-07	-1.614612e-01	-3.829065e+00
2.400000e-07	2.007356e-01	-3.966367e+00
2.500000e-07	-1.141026e-01	-4.136413e+00
2.600000e-07	2.159820e-03	-4.325415e+00
2.700000e-07	1.019712e-01	-4.411049e+00
2.800000e-07	-1.567124e-01	-4.711271e+00
2.900000e-07	1.507202e-01	-4.819974e+00
3.000000e-07	-3.132948e-02	-4.965940e+00
3.100000e-07	-6.137492e-02	-5.156918e+00
3.200000e-07	1.230527e-01	-5.325216e+00
3.300000e-07	-8.277545e-02	-5.564983e+00
3.400000e-07	9.006849e-02	-5.705262e+00
3.500000e-07	-6.644079e-02	-5.822674e+00
3.600000e-07	1.116424e-02	-5.999467e+00
3.700000e-07	8.658994e-02	-6.095261e+00
3.800000e-07	-1.008421e-01	-6.346812e+00
3.900000e-07	1.108165e-01	-6.482630e+00
4.000000e-07	-4.192548e-02	-6.580495e+00
4.100000e-07	1.436139e-02	-6.767343e+00
4.200000e-07	2.405360e-02	-6.810532e+00
4.300000e-07	-3.960658e-02	-7.041701e+00
4.400000e-07	1.069509e-01	-7.177424e+00
4.500000e-07	-6.207680e-02	-7.303663e+00
4.600000e-07	2.985930e-02	-7.430574e+00
4.700000e-07	2.024441e-03	-7.547367e+00
4.800000e-07	2.216292e-02	-7.704185e+00
4.900000e-07	2.924357e-02	-7.840052e+00
5.000000e-07	-2.844894e-02	-7.987469e+00
5.100000e-07	6.065521e-02	-8.083630e+00
5.200000e-07	-1.817362e-02	-8.177970e+00
5.300000e-07	2.243051e-02	-8.293688e+00
5.400000e-07	6.777864e-03	-8.367399e+00
5.500000e-07	3.064250e-02	-8.491607e+00
5.600000e-07	1.458366e-02	-8.640429e+00
5.700000e-07	-8.988453e-03	-8.724892e+00
5.800000e-07	3.581320e-02	-8.790500e+00
5.900000e-07	1.406690e-02	-8.875261e+00
6.000000e-07	1.754404e-02	-8.969449e+00
6.100000e-07	5.744110e-03	-9.072706e+00
6.200000e-07	2.816740e-02	-9.125868e+00
6.300000e-07	2.004490e-02	-9.188472e+00
6.400000e-07	8.860851e-03	-9.252634e+00
6.500000e-07	2.281060e-02	-9.345241e+00
6.600000e-07	2.395266e-02	-9.500075e+00
6.700000e-07	1.717815e-02	-9.545841e+00
6.800000e-07	1.309302e-02	-9.578902e+00
6.900000e-07	2.724061e-02	-9.630551e+00
7.000000e-07	2.422079e-02	-9.672708e+00
7.100000e-07	1.950050e-02	-9.735269e+00
7.200000e-07	1.819565e-02	-9.768341e+00
7.300000e-07	2.440709e-02	-9.810326e+00
7.400000e-07	2.245583e-02	-9.862507e+00
7.500000e-07	2.138934e-02	-9.843063e+00
7.600000e-07	2.701751e-02	-9.922709e+00
7.700000e-07	2.486520e-02	-9.925788e+00
7.800000e-07	2.319126e-02	-9.935295e+00
7.900000e-07	2.423004e-02	-9.958345e+00
8.000000e-07	2.766644e-02	-9.965420e+00
8.100000e-07	2.479778e-02	-9.988421e+00
8.200000e-07	2.785954e-02	-9.987999e+00
8.300000e-07	2.791912e-02	-1.000040e+01
8.400000e-07	2.927389e-02	-9.999501e+00
8.500000e-07	2.646026e-02	-1.001993e+01
8.600000e-07	2.906107e-02	-9.997423e+00
8.700000e-07	3.105442e-02	-9.990430e+00
8.800000e-07	3.115205e-02	-9.988925e+00
8.900000e-07	3.145937e-02	-9.988376e+00
9.000000e-07	3.264947e-02	-9.988399e+00
9.100000e-07	3.414503e-02	-9.926272e+00
9.200000e-07	3.196633e-02	-9.915242e+00
9.300000e-07	3.588308e-02	-9.905642e+00
9.400000e-07	3.724403e-02	-9.874137e+00
9.500000e-07	3.609081e-02	-9.840981e+00
9.600000e-07	3.737341e-02	-9.809555e+00
9.700000e-07	3.999944e-02	-9.768820e+00
9.800000e-07	4.167730e-02	-9.735315e+00
9.900000e-07	4.154405e-02	-9.633082e+00
1.000000e-06	4.251710e-02	-9.651583e+00
1.010000e-06	4.479657e-02	-9.587425e+00
1.020000e-06	4.500131e-02	-9.504145e+00
1.030000e-06	4.681222e-02	-9.471034e+00
1.040000e-06	4.767278e-02	-9.355273e+00
1.050000e-06	4.767591e-02	-9.261638e+00
1.060000e-06	4.679589e-02	-9.198349e+00
1.070000e-06	4.744219e-02	-9.105240e+00
1.080000e-06	4.895527e-02	-9.041488e+00
1.090000e-06	4.665546e-02	-8.987247e+00
1.100000e-06	4.551663e-02	-8.883112e+00
1.110000e-06	4.459648e-02	-8.831078e+00
1.120000e-06	4.288670e-02	-8.765797e+00
1.130000e-06	4.145182e-02	-8.660058e+00
1.140000e-06	4.111482e-02	-8.523694e+00
1.150000e-06	4.059069e-02	-8.399453e+00
1.160000e-06	3.790713e-02	-8.284792e+00
1.170000e-06	3.600080e-02	-8.209955e+00
1.180000e-06	3.431954e-02	-8.125165e+00
1.190000e-06	3.341712e-02	-8.018930e+00
1.200000e-06	3.162582e-02	-7.905112e+00
1.210000e-06	3.020110e-02	-7.765722e+00
1.220000e-06	2.824766e-02	-7.629405e+00
1.230000e-06	2.542515e-02	-7.452566e+00
1.240000e-06	2.510963e-02	-7.356347e+00
1.250000e-06	2.461185e-02	-7.191111e+00
1.260000e-06	2.331707e-02	-7.142688e+00
1.270000e-06	2.145263e-02	-6.936243e+00
1.280000e-06	2.106611e-02	-6.789402e+00
1.290000e-06	1.959034e-02	-6.662106e+00
1.300000e-06	1.842547e-02	-6.475640e+00
1.310000e-06	1.656793e-02	-6.328929e+00
1.320000e-06	1.577726e-02	-6.202485e+00
1.330000e-06	1.452272e-02	-6.029464e+00
1.340000e-06	1.327275e-02	-5.915614e+00
1.350000e-06	1.295659e-02	-5.767375e+00
1.360000e-06	1.316047e-02	-5.620957e+00
1.370000e-06	1.148319e-02	-5.471516e+00
1.380000e-06	9.750584e-03	-5.222558e+00
1.390000e-06	9.526740e-03	-5.074064e+00
1.400000e-06	9.363583e-03	-4.924644e+00
1.410000e-06	9.731125e-03	-4.653620e+00
1.420000e-06	7.646599e-03	-4.536822e+00
1.430000e-06	7.076140e-03	-4.429455e+00
1.440000e-06	6.639919e-03	-4.251034e+00
1.450000e-06	5.019950e-03	-4.084193e+00
1.460000e-06	6.254505e-03	-3.967298e+00
1.470000e-06	3.952169e-03	-3.727801e+00
1.480000e-06	5.342611e-03	-3.567400e+00
1.490000e-06	5.034222e-03	-3.429879e+00
1.500000e-06	4.351575e-03	-3.221535e+00
1.510000e-06	3.279445e-03	-3.063563e+00
1.520000e-06	1.728969e-03	-2.841556e+00
1.530000e-06	2.948405e-03	-2.664639e+00
1.540000e-06	4.044287e-05	-2.443597e+00
1.550000e-06	2.151372e-03	-2.334790e+00
1.560000e-06	8.242605e-04	-2.075221e+00
1.570000e-06	2.228983e-03	-1.986796e+00
1.580000e-06	-9.072872e-04	-1.777846e+00
1.590000e-06	1.242509e-03	-1.609927e+00
1.600000e-06	-2.090497e-03	-1.338426e+00
1.610000e-06	1.121566e-04	-1.157370e+00
1.620000e-06	-4.027741e-03	-9.477993e-01
1.630000e-06	-1.093935e-03	-8.094526e-01
1.640000e-06	-3.669173e-03	-5.688836e-01
1.650000e-06	-3.009036e-03	-3.904513e-01
1.660000e-06	-3.628245e-03	-1.935100e-01
1.670000e-06	-2.070657e-03	-2.261014e-02
1.680000e-06	1.578942e-03	1.453097e-01
1.690000e-06	3.296789e-03	3.368848e-01
1.700000e-06	-3.891917e-03	5.042570e-01
1.710000e-06	1.677639e-03	6.422054e-01
1.720000e-06	-5.646111e-03	7.895700e-01
1.730000e-06	-1.663157e-03	9.895703e-01
1.740000e-06	-4.940875e-03	1.211071e+00
1.750000e-06	5.500808e-03	1.398519e+00
1.760000e-06	2.708903e-02	1.628469e+00
1.770000e-06	7.438192e-02	1.810149e+00
1.780000e-06	-5.231122e-02	1.989601e+00
1.790000e-06	-3.672638e-02	2.208621e+00
1.800000e-06	-4.468029e-02	2.408969e+00
1.810000e-06	-8.341138e-02	2.483258e+00
1.820000e-06	7.304444e-02	2.681610e+00
1.830000e-06	9.631104e-02	2.821130e+00
1.840000e-06	-2.030838e-01	2.977471e+00
1.850000e-06	1.779294e-01	3.145387e+00
1.860000e-06	-5.288165e-02	3.347986e+00
1.870000e-06	-1.082784e-01	3.566969e+00
1.880000e-06	1.247529e-01	3.641182e+00
1.890000e-06	-3.709359e-02	3.881682e+00
1.900000e-06	-7.377970e-02	3.990519e+00
1.910000e-06	9.586699e-02	4.190549e+00
1.920000e-06	-8.018790e-02	4.377475e+00
1.930000e-06	7.164384e-03	4.597941e+00
1.940000e-06	3.402963e-03	4.776489e+00
1.950000e-06	-4.574305e-02	4.924838e+00
1.960000e-06	2.672128e-02	5.218890e+00
1.970000e-06	-3.991236e-02	5.357446e+00
1.980000e-06	1.306081e-02	5.534786e+00
1.990000e-06	-9.649536e-03	5.621607e+00
2.000000e-06	4.061135e-03	5.890158e+00
2.010000e-06	-2.367947e-02	6.020075e+00
2.020000e-06	-4.329064e-02	6.164841e+00
2.030000e-06	2.913542e-02	6.282707e+00
2.040000e-06	-2.618703e-02	6.390529e+00
2.050000e-06	-1.205588e-02	6.536366e+00
2.060000e-06	-6.447056e-03	6.767420e+00
2.070000e-06	-2.634712e-02	6.913637e+00
2.080000e-06	-6.064309e-03	7.019054e+00
2.090000e-06	-1.997193e-02	7.154840e+00
2.100000e-06	-6.760169e-03	7.240078e+00
2.110000e-06	-3.957521e-03	7.396974e+00
2.120000e-06	-2.595670e-02	7.564946e+00
2.130000e-06	-1.835229e-02	7.703733e+00
2.140000e-06	-1.911437e-02	7.800480e+00
2.150000e-06	-3.105624e-03	7.966326e+00
2.160000e-06	-2.170059e-02	8.083188e+00
2.170000e-06	-2.209189e-02	8.189000e+00
2.180000e-06	-7.499456e-03	8.335367e+00
2.190000e-06	-2.275178e-02	8.419476e+00
2.200000e-06	-1.695364e-02	8.482662e+00
2.210000e-06	-2.280942e-02	8.567398e+00
2.220000e-06	-1.060629e-02	8.682659e+00
2.230000e-06	-2.453871e-02	8.766424e+00
2.240000e-06	-2.458496e-02	8.859583e+00
2.250000e-06	-1.504417e-02	8.907346e+00
2.260000e-06	-2.016787e-02	9.122208e+00
2.270000e-06	-2.138861e-02	9.146472e+00
2.280000e-06	-2.479907e-02	9.241631e+00
2.290000e-06	-1.662235e-02	9.333712e+00
2.300000e-06	-2.597206e-02	9.348473e+00
2.310000e-06	-2.633504e-02	9.501583e+00
2.320000e-06	-2.306026e-02	9.514847e+00
2.330000e-06	-2.128653e-02	9.557420e+00
2.340000e-06	-2.775682e-02	9.588580e+00
2.350000e-06	-2.841865e-02	9.701113e+00
2.360000e-06	-2.142705e-02	9.754916e+00
2.370000e-06	-2.539116e-02	9.848001e+00
2.380000e-06	-2.684133e-02	9.902086e+00
2.390000e-06	-3.023237e-02	9.914738e+00
2.400000e-06	-2.841306e-02	9.997323e+00
2.410000e-06	-3.021143e-02	9.988875e+00
2.420000e-06	-2.924134e-02	1.000945e+01
2.430000e-06	-2.794824e-02	1.004155e+01
2.440000e-06	-3.087632e-02	1.005213e+01
2.450000e-06	-3.448433e-02	1.007218e+01
2.460000e-06	-3.276129e-02	1.010371e+01
2.470000e-06	-2.930725e-02	1.007418e+01
2.480000e-06	-3.434516e-02	1.011272e+01
2.490000e-06	-3.123891e-02	1.015577e+01
2.500000e-06	-3.373887e-02	1.010424e+01
2.510000e-06	-3.568498e-02	1.014369e+01
2.520000e-06	-3.706406e-02	1.011522e+01
2.530000e-06	-3.832964e-02	1.011472e+01
2.540000e-06	-3.619450e-02	1.011419e+01
2.550000e-06	-3.930556e-02	1.009169e+01
2.560000e-06	-3.900503e-02	1.007262e+01
2.570000e-06	-3.941794e-02	1.008259e+01
2.580000e-06	-3.876545e-02	1.004009e+01
2.590000e-06	-4.071824e-02	9.998931e+00
2.600000e-06	-4.113541e-02	1.000788e+01
2.610000e-06	-4.365844e-02	9.986896e+00
2.620000e-06	-4.532228e-02	9.974620e+00
2.630000e-06	-4.717656e-02	9.873613e+00
2.640000e-06	-4.820904e-02	9.818455e+00
2.650000e-06	-4.858266e-02	9.716348e+00
2.660000e-06	-5.103019e-02	9.652587e+00
2.670000e-06	-5.009771e-02	9.607880e+00
2.680000e-06	-5.119539e-02	9.565819e+00
2.690000e-06	-5.171310e-02	9.503143e+00
2.700000e-06	-5.305196e-02	9.430480e+00
2.710000e-06	-5.334966e-02	9.375745e+00
2.720000e-06	-5.617025e-02	9.261115e+00
2.730000e-06	-5.613620e-02	9.231030e+00
2.740000e-06	-5.368361e-02	9.173744e+00
2.750000e-06	-5.263565e-02	9.060056e+00
2.760000e-06	-5.158901e-02	8.937326e+00
2.770000e-06	-5.155493e-02	8.820508e+00
2.780000e-06	-4.895653e-02	8.756326e+00
2.790000e-06	-4.989475e-02	8.692185e+00
2.800000e-06	-4.629551e-02	8.578401e+00
2.810000e-06	-4.598530e-02	8.464138e+00
2.820000e-06	-4.335671e-02	8.409957e+00
2.830000e-06	-4.221672e-02	8.293191e+00
2.840000e-06	-4.034402e-02	8.189350e+00
2.850000e-06	-3.992079e-02	8.062013e+00
2.860000e-06	-3.763689e-02	7.967323e+00
2.870000e-06	-3.627105e-02	7.840486e+00
2.880000e-06	-3.265030e-02	7.674743e+00
2.890000e-06	-3.335398e-02	7.605977e+00
2.900000e-06	-3.148435e-02	7.431486e+00
2.910000e-06	-3.118442e-02	7.324590e+00
2.920000e-06	-2.889096e-02	7.125322e+00
2.930000e-06	-2.866283e-02	6.989355e+00
2.940000e-06	-2.680289e-02	6.901660e+00
2.950000e-06	-2.639039e-02	6.757876e+00
2.960000e-06	-2.382832e-02	6.618857e+00
2.970000e-06	-2.325379e-02	6.440483e+00
2.980000e-06	-2.204957e-02	6.315017e+00
2.990000e-06	-2.223412e-02	6.156822e+00
3.000000e-06	-2.215401e-02	6.009528e+00
3.010000e-06	-2.094937e-02	5.871466e+00
3.020000e-06	-2.059127e-02	5.661064e+00
3.030000e-06	-1.910497e-02	5.494693e+00
3.040000e-06	-1.903438e-02	5.377824e+00
3.050000e-06	-1.721453e-02	5.189880e+00
3.060000e-06	-1.669523e-02	4.958757e+00
3.070000e-06	-1.638311e-02	4.806372e+00
3.080000e-06	-1.516731e-02	4.609406e+00
3.090000e-06	-1.495691e-02	4.451687e+00
3.100000e-06	-1.431666e-02	4.384271e+00
3.110000e-06	-1.439729e-02	4.096119e+00
3.120000e-06	-1.256890e-02	3.985770e+00
3.130000e-06	-1.289284e-02	3.768827e+00
3.140000e-06	-1.314216e-02	3.622008e+00
3.150000e-06	-1.199977e-02	3.461513e+00
3.160000e-06	-1.136772e-02	3.234012e+00
3.170000e-06	-1.071614e-02	3.102739e+00
3.180000e-06	-1.084813e-02	2.916266e+00
3.190000e-06	-1.020311e-02	2.787326e+00
3.200000e-06	-9.003559e-03	2.555723e+00
3.210000e-06	-9.682648e-03	2.326271e+00
3.220000e-06	-9.798009e-03	2.218353e+00
3.230000e-06	-9.619033e-03	2.000481e+00
3.240000e-06	-7.924243e-03	1.799463e+00
3.250000e-06	-7.625760e-03	1.600833e+00
3.260000e-06	-7.377654e-03	1.400435e+00
3.270000e-06	-7.027629e-03	1.252058e+00
3.280000e-06	-6.161605e-03	1.029405e+00
3.290000e-06	-6.094974e-03	7.793548e-01
3.300000e-06	-5.589331e-03	6.100053e-01
3.310000e-06	-4.838786e-03	4.710342e-01
3.320000e-06	-4.907052e-03	2.941365e-01
3.330000e-06	-5.008298e-03	2.358309e-02
3.340000e-06	1.971310e-03	-1.268147e-01
3.350000e-06	1.882005e-03	-3.031855e-01
3.360000e-06	-2.047831e-03	-4.120516e-01
3.370000e-06	2.090008e-03	-5.800190e-01
3.380000e-06	-2.779162e-03	-7.905963e-01
3.390000e-06	-1.962170e-04	-9.969385e-01
3.400000e-06	9.172356e-04	-1.115808e+00
3.410000e-06	1.738981e-02	-1.243259e+00
3.420000e-06	1.010874e-01	-1.505382e+00
3.430000e-06	-4.151286e-02	-1.767488e+00
3.440000e-06	-3.097982e-02	-2.011526e+00
3.450000e-06	-4.458585e-02	-2.303728e+00
3.460000e-06	-9.900921e-02	-2.397999e+00
3.470000e-06	1.611942e-01	-2.399978e+00
3.480000e-06	8.372296e-03	-2.567542e+00
3.490000e-06	-1.670749e-01	-2.809575e+00
3.500000e-06	2.292128e-01	-2.865712e+00
3.510000e-06	-1.354974e-01	-3.086307e+00
3.520000e-06	-9.276313e-02	-3.376419e+00
3.530000e-06	2.000561e-01	-3.442133e+00
3.540000e-06	-1.306960e-01	-3.631599e+00
3.550000e-06	1.851472e-02	-3.833730e+00
3.560000e-06	1.369270e-01	-4.021049e+00
3.570000e-06	-1.843453e-01	-4.240649e+00
3.580000e-06	1.518086e-01	-4.357945e+00
3.590000e-06	-7.209513e-02	-4.537736e+00
3.600000e-06	-3.166031e-02	-4.748344e+00
3.610000e-06	1.507468e-01	-4.841232e+00
3.620000e-06	-1.481685e-01	-5.061579e+00
3.630000e-06	9.462506e-02	-5.232054e+00
3.640000e-06	7.121482e-03	-5.440650e+00
3.650000e-06	-1.651018e-02	-5.600601e+00
3.660000e-06	6.231101e-02	-5.778844e+00
3.670000e-06	-1.036238e-01	-5.926438e+00
3.680000e-06	1.169860e-01	-5.992005e+00
3.690000e-06	-3.988913e-02	-6.208004e+00
3.700000e-06	-8.883148e-03	-6.399501e+00
3.710000e-06	8.454035e-02	-6.493816e+00
3.720000e-06	-7.252692e-02	-6.674178e+00
3.730000e-06	7.296050e-02	-6.777944e+00
3.740000e-06	-5.632022e-02	-6.944737e+00
3.750000e-06	5.558835e-02	-7.135210e+00
3.760000e-06	3.863889e-02	-7.220575e+00
3.770000e-06	-5.015526e-02	-7.356868e+00
3.780000e-06	4.991801e-02	-7.441130e+00
3.790000e-06	-1.965847e-02	-7.610024e+00
3.800000e-06	5.486326e-02	-7.704842e+00
3.810000e-06	-2.208467e-02	-7.883264e+00
3.820000e-06	1.970633e-02	-8.062027e+00
3.830000e-06	3.582285e-02	-8.145238e+00
3.840000e-06	-1.854135e-02	-8.212054e+00
3.850000e-06	3.109217e-02	-8.325318e+00
3.860000e-06	-6.139608e-04	-8.370029e+00
3.870000e-06	4.365938e-02	-8.485313e+00
3.880000e-06	-1.324367e-02	-8.682209e+00
3.890000e-06	1.873877e-02	-8.768899e+00
3.900000e-06	2.961279e-02	-8.850532e+00
3.910000e-06	1.204535e-02	-8.965393e+00
3.920000e-06	1.483403e-02	-9.029450e+00
3.930000e-06	9.243062e-03	-9.104785e+00
3.940000e-06	3.448205e-02	-9.177893e+00
3.950000e-06	6.407205e-03	-9.218555e+00
3.960000e-06	1.801217e-02	-9.303236e+00
3.970000e-06	2.259584e-02	-9.348950e+00
3.980000e-06	2.324270e-02	-9.513134e+00
3.990000e-06	1.299229e-02	-9.556420e+00
4.000000e-06	1.980894e-02	-9.599953e+00
4.010000e-06	2.959477e-02	-9.621607e+00
4.020000e-06	1.897347e-02	-9.683216e+00
4.030000e-06	2.030579e-02	-9.743745e+00
4.040000e-06	2.039005e-02	-9.777897e+00
4.050000e-06	2.558116e-02	-9.811004e+00
4.060000e-06	1.937963e-02	-9.851005e+00
4.070000e-06	2.462001e-02	-9.862162e+00
4.080000e-06	2.690254e-02	-9.904292e+00
4.090000e-06	2.406286e-02	-9.935743e+00
4.100000e-06	2.097269e-02	-9.956321e+00
4.110000e-06	2.832493e-02	-9.948395e+00
4.120000e-06	2.704565e-02	-9.987396e+00
4.130000e-06	2.700765e-02	-9.967971e+00
4.140000e-06	2.761033e-02	-9.978977e+00
4.150000e-06	3.010912e-02	-9.997930e+00
4.160000e-06	2.959227e-02	-9.990425e+00
4.170000e-06	2.543741e-02	-1.001843e+01
4.180000e-06	2.781520e-02	-9.988456e+00
4.190000e-06	2.927209e-02	-9.989401e+00
4.200000e-06	3.085230e-02	-9.977421e+00
4.210000e-06	3.316185e-02	-9.978398e+00
4.220000e-06	3.476898e-02	-9.987346e+00
4.230000e-06	3.522216e-02	-9.946345e+00
4.240000e-06	3.526258e-02	-9.924764e+00
4.250000e-06	3.788779e-02	-9.894237e+00
4.260000e-06	3.387832e-02	-9.841610e+00
4.270000e-06	3.451779e-02	-9.820006e+00
4.280000e-06	3.575175e-02	-9.808352e+00
4.290000e-06	4.111469e-02	-9.726692e+00
4.300000e-06	4.109707e-02	-9.692212e+00
4.310000e-06	4.383852e-02	-9.650934e+00
4.320000e-06	4.534407e-02	-9.629953e+00
4.330000e-06	4.669504e-02	-9.587347e+00
4.340000e-06	4.479530e-02	-9.492091e+00
4.350000e-06	4.604180e-02	-9.389424e+00
4.360000e-06	4.573860e-02	-9.304589e+00
4.370000e-06	4.602387e-02	-9.261482e+00
4.380000e-06	4.559261e-02	-9.176799e+00
4.390000e-06	4.663789e-02	-9.092137e+00
4.400000e-06	4.884401e-02	-9.027957e+00
4.410000e-06	4.828301e-02	-8.925764e+00
4.420000e-06	4.608621e-02	-8.821533e+00
4.430000e-06	4.389278e-02	-8.798874e+00
4.440000e-06	4.139299e-02	-8.713088e+00
4.450000e-06	4.090929e-02	-8.555900e+00
4.460000e-06	3.932167e-02	-8.471535e+00
4.470000e-06	3.689969e-02	-8.386895e+00
4.480000e-06	3.626231e-02	-8.243566e+00
4.490000e-06	3.503371e-02	-8.177350e+00
4.500000e-06	3.392952e-02	-8.082635e+00
4.510000e-06	3.248749e-02	-7.988347e+00
4.520000e-06	3.180990e-02	-7.811457e+00
4.530000e-06	2.988346e-02	-7.684590e+00
4.540000e-06	2.665806e-02	-7.556801e+00
4.550000e-06	2.326391e-02	-7.377932e+00
4.560000e-06	2.362183e-02	-7.253665e+00
4.570000e-06	2.352171e-02	-7.149399e+00
4.580000e-06	2.245402e-02	-7.030406e+00
4.590000e-06	2.173685e-02	-6.840559e+00
4.600000e-06	1.972535e-02	-6.734269e+00
4.610000e-06	1.965727e-02	-6.608376e+00
4.620000e-06	1.690701e-02	-6.432059e+00
4.630000e-06	1.562861e-02	-6.336321e+00
4.640000e-06	1.495791e-02	-6.166802e+00
4.650000e-06	1.404541e-02	-5.988351e+00
4.660000e-06	1.299303e-02	-5.872158e+00
4.670000e-06	1.312549e-02	-5.691638e+00
4.680000e-06	1.109030e-02	-5.577250e+00
4.690000e-06	1.137715e-02	-5.327252e+00
4.700000e-06	9.516269e-03	-5.199321e+00
4.710000e-06	1.086283e-02	-4.979429e+00
4.720000e-06	8.111511e-03	-4.759481e+00
4.730000e-06	9.602227e-03	-4.639956e+00
4.740000e-06	6.467197e-03	-4.483090e+00
4.750000e-06	7.412220e-03	-4.345221e+00
4.760000e-06	3.072859e-03	-4.178479e+00
4.770000e-06	6.650548e-03	-4.020959e+00
4.780000e-06	5.467194e-03	-3.875039e+00
4.790000e-06	7.295389e-03	-3.620488e+00
4.800000e-06	3.910365e-03	-3.494664e+00
4.810000e-06	6.176577e-03	-3.326721e+00
4.820000e-06	2.477195e-03	-3.175849e+00
4.830000e-06	2.942709e-03	-2.936247e+00
4.840000e-06	1.310945e-03	-2.778398e+00
4.850000e-06	2.813841e-03	-2.589980e+00
4.860000e-06	1.460724e-03	-2.351506e+00
4.870000e-06	2.475446e-03	-2.242090e+00
4.880000e-06	1.269326e-03	-2.031005e+00
4.890000e-06	2.109288e-04	-1.834088e+00
4.900000e-06	-2.555473e-04	-1.656117e+00
4.910000e-06	-5.350954e-04	-1.526192e+00
4.920000e-06	-4.706809e-04	-1.262088e+00
4.930000e-06	-3.107568e-03	-1.083637e+00
4.940000e-06	-1.390803e-03	-8.746830e-01
4.950000e-06	-2.333438e-03	-7.042406e-01
4.960000e-06	-1.761410e-03	-5.041405e-01
4.970000e-06	-3.714120e-03	-3.067180e-01
4.980000e-06	-3.441409e-03	-1.363923e-01
4.990000e-06	-4.716068e-04	4.017145e-02
5.000000e-06	3.554275e-03	2.420940e-01
5.010000e-06	-2.418899e-03	3.995966e-01
5.020000e-06	-1.182577e-03	5.684673e-01
5.030000e-06	-6.785256e-04	7.564922e-01
5.040000e-06	-2.102548e-03	8.537118e-01
5.050000e-06	-4.797884e-03	1.146332e+00
5.060000e-06	-8.722773e-04	1.274283e+00
5.070000e-06	8.404993e-03	1.480628e+00
5.080000e-06	6.201368e-02	1.673887e+00
5.090000e-06	2.630352e-02	1.925313e+00
5.100000e-06	-6.800564e-02	2.083807e+00
5.110000e-06	-2.911721e-02	2.284207e+00
5.120000e-06	-6.304699e-02	2.441579e+00
5.130000e-06	-5.744585e-02	2.606993e+00
5.140000e-06	1.761640e-01	2.747971e+00
5.150000e-06	-1.016829e-01	2.905714e+00
5.160000e-06	-5.726519e-02	3.090129e+00
5.170000e-06	1.568634e-01	3.180519e+00
5.180000e-06	-1.585556e-01	3.441730e+00
5.190000e-06	1.073540e-02	3.609998e+00
5.200000e-06	1.113390e-01	3.745288e+00
5.210000e-06	-1.347419e-01	3.960414e+00
5.220000e-06	5.587627e-02	4.082307e+00
5.230000e-06	9.792580e-03	4.354885e+00
5.240000e-06	-6.533744e-02	4.463708e+00
5.250000e-06	3.561056e-02	4.660653e+00
5.260000e-06	-4.650326e-02	4.811625e+00
5.270000e-06	7.135453e-03	5.002126e+00
5.280000e-06	-6.916498e-03	5.282627e+00
5.290000e-06	-2.293469e-02	5.409679e+00
5.300000e-06	1.041307e-02	5.578052e+00
5.310000e-06	-5.241890e-03	5.693812e+00
5.320000e-06	-1.321447e-03	5.935368e+00
5.330000e-06	-4.109362e-02	6.063230e+00
5.340000e-06	-1.434451e-02	6.209076e+00
5.350000e-06	2.412361e-02	6.347391e+00
5.360000e-06	-4.404912e-02	6.482159e+00
5.370000e-06	1.017337e-02	6.649726e+00
5.380000e-06	-2.675843e-02	6.830053e+00
5.390000e-06	-1.488984e-02	6.956391e+00
5.400000e-06	-7.676042e-03	7.112107e+00
5.410000e-06	-2.506461e-02	7.196997e+00
5.420000e-06	1.052170e-02	7.292708e+00
5.430000e-06	-2.587920e-02	7.469709e+00
5.440000e-06	-1.272426e-02	7.640126e+00
5.450000e-06	-2.775125e-02	7.745844e+00
5.460000e-06	-3.573911e-03	7.891657e+00
5.470000e-06	-1.284782e-02	8.079001e+00
5.480000e-06	-2.395647e-02	8.106466e+00
5.490000e-06	-9.701243e-03	8.253553e+00
5.500000e-06	-1.651514e-02	8.377894e+00
5.510000e-06	-2.062339e-02	8.431107e+00
5.520000e-06	-2.442003e-02	8.544838e+00
5.530000e-06	-1.150392e-02	8.610077e+00
5.540000e-06	-1.763572e-02	8.735767e+00
5.550000e-06	-2.393401e-02	8.809103e+00
5.560000e-06	-2.293207e-02	8.892238e+00
5.570000e-06	-1.438170e-02	9.068528e+00
5.580000e-06	-2.232684e-02	9.154269e+00
5.590000e-06	-2.415717e-02	9.218972e+00
5.600000e-06	-2.044562e-02	9.261635e+00
5.610000e-06	-1.938493e-02	9.355317e+00
5.620000e-06	-2.567629e-02	9.440132e+00
5.630000e-06	-2.637402e-02	9.483764e+00
5.640000e-06	-1.926052e-02	9.567392e+00
5.650000e-06	-2.504209e-02	9.577499e+00
5.660000e-06	-2.724475e-02	9.640657e+00
5.670000e-06	-2.598724e-02	9.652791e+00
5.680000e-06	-2.291289e-02	9.756869e+00
5.690000e-06	-2.593966e-02	9.898505e+00
5.700000e-06	-2.847806e-02	9.882666e+00
5.710000e-06	-2.861963e-02	9.946770e+00
5.720000e-06	-3.043061e-02	9.977417e+00
5.730000e-06	-2.962944e-02	9.977876e+00
5.740000e-06	-2.855384e-02	1.003056e+01
5.750000e-06	-2.729404e-02	1.004103e+01
5.760000e-06	-3.468977e-02	1.005211e+01
5.770000e-06	-3.249515e-02	1.008264e+01
5.780000e-06	-3.113575e-02	1.004411e+01
5.790000e-06	-3.107665e-02	1.009514e+01
5.800000e-06	-3.415368e-02	1.014421e+01
5.810000e-06	-3.358054e-02	1.010566e+01
5.820000e-06	-3.441283e-02	1.013476e+01
5.830000e-06	-3.674623e-02	1.013584e+01
5.840000e-06	-3.703638e-02	1.014471e+01
5.850000e-06	-3.700534e-02	1.010422e+01
5.860000e-06	-3.621873e-02	1.010414e+01
5.870000e-06	-3.810954e-02	1.007461e+01
5.880000e-06	-3.945297e-02	1.009361e+01
5.890000e-06	-3.966671e-02	1.007163e+01
5.900000e-06	-4.099828e-02	1.003056e+01
5.910000e-06	-4.138043e-02	1.000901e+01
5.920000e-06	-4.328605e-02	9.966423e+00
5.930000e-06	-4.385767e-02	9.955894e+00
5.940000e-06	-4.515361e-02	9.913564e+00
5.950000e-06	-4.558539e-02	9.859534e+00
5.960000e-06	-4.672426e-02	9.765400e+00
5.970000e-06	-4.895698e-02	9.673591e+00
5.980000e-06	-5.068077e-02	9.650462e+00
5.990000e-06	-5.154108e-02	9.557380e+00
6.000000e-06	-5.188320e-02	9.492721e+00
6.010000e-06	-5.353480e-02	9.481108e+00
6.020000e-06	-5.378001e-02	9.398928e+00
6.030000e-06	-5.470378e-02	9.345741e+00
6.040000e-06	-5.361556e-02	9.251163e+00
6.050000e-06	-5.459009e-02	9.209477e+00
6.060000e-06	-5.244905e-02	9.143240e+00
6.070000e-06	-5.353151e-02	8.996856e+00
6.080000e-06	-5.148041e-02	8.863643e+00
6.090000e-06	-5.108199e-02	8.787930e+00
6.100000e-06	-4.728357e-02	8.713242e+00
6.110000e-06	-4.890721e-02	8.601507e+00
6.120000e-06	-4.532902e-02	8.514195e+00
6.130000e-06	-4.540932e-02	8.431534e+00
6.140000e-06	-4.212553e-02	8.386224e+00
6.150000e-06	-4.235304e-02	8.243064e+00
6.160000e-06	-3.890130e-02	8.113194e+00
6.170000e-06	-3.924719e-02	8.008002e+00
6.180000e-06	-3.600055e-02	7.853215e+00
6.190000e-06	-3.506727e-02	7.757303e+00
6.200000e-06	-3.306645e-02	7.650563e+00
6.210000e-06	-3.346900e-02	7.543270e+00
6.220000e-06	-3.015488e-02	7.324726e+00
6.230000e-06	-3.058707e-02	7.198884e+00
6.240000e-06	-2.936009e-02	7.052140e+00
6.250000e-06	-2.881168e-02	6.976722e+00
6.260000e-06	-2.696014e-02	6.819533e+00
6.270000e-06	-2.539881e-02	6.711735e+00
6.280000e-06	-2.399264e-02	6.523623e+00
6.290000e-06	-2.210796e-02	6.348299e+00
6.300000e-06	-2.286161e-02	6.219383e+00
6.310000e-06	-2.179724e-02	6.043110e+00
6.320000e-06	-2.125544e-02	5.975819e+00
6.330000e-06	-2.073209e-02	5.765805e+00
6.340000e-06	-2.058823e-02	5.617402e+00
6.350000e-06	-1.997495e-02	5.421535e+00
6.360000e-06	-1.892884e-02	5.231591e+00
6.370000e-06	-1.670664e-02	5.123564e+00
6.380000e-06	-1.696258e-02	4.853063e+00
6.390000e-06	-1.680543e-02	4.693146e+00
6.400000e-06	-1.556672e-02	4.525296e+00
6.410000e-06	-1.477020e-02	4.410004e+00
6.420000e-06	-1.503625e-02	4.229886e+00
6.430000e-06	-1.427918e-02	4.009482e+00
6.440000e-06	-1.233232e-02	3.872686e+00
6.450000e-06	-1.196786e-02	3.674639e+00
6.460000e-06	-1.285859e-02	3.579347e+00
6.470000e-06	-1.182395e-02	3.337856e+00
6.480000e-06	-1.134637e-02	3.178847e+00
6.490000e-06	-1.065609e-02	3.009981e+00
6.500000e-06	-1.059884e-02	2.840036e+00
6.510000e-06	-9.732797e-03	2.682613e+00
6.520000e-06	-9.668174e-03	2.451418e+00
6.530000e-06	-9.271611e-03	2.243112e+00
6.540000e-06	-8.837092e-03	2.063639e+00
6.550000e-06	-8.074686e-03	1.924767e+00
6.560000e-06	-7.548720e-03	1.737147e+00
6.570000e-06	-7.456537e-03	1.517270e+00
6.580000e-06	-6.943627e-03	1.327322e+00
6.590000e-06	-6.173078e-03	1.136751e+00
6.600000e-06	-6.528986e-03	8.651920e-01
6.610000e-06	-5.350787e-03	6.962697e-01
6.620000e-06	-5.482630e-03	5.662983e-01
6.630000e-06	-5.028120e-03	3.888772e-01
6.640000e-06	-5.952344e-03	1.464270e-01
6.650000e-06	-2.406078e-03	-1.207644e-02
6.660000e-06	3.877094e-03	-1.895713e-01
6.670000e-06	-2.384995e-03	-3.584184e-01
6.680000e-06	1.299066e-03	-4.742595e-01
6.690000e-06	-2.335495e-03	-7.663609e-01
6.700000e-06	1.083401e-03	-8.952568e-01
6.710000e-06	-3.118110e-03	-1.031628e+00
6.720000e-06	7.136614e-03	-1.240548e+00
6.730000e-06	4.575756e-02	-1.437996e+00
6.740000e-06	7.681638e-02	-1.611128e+00
6.750000e-06	-8.838051e-02	-1.895277e+00
6.760000e-06	4.224055e-03	-2.146387e+00
6.770000e-06	-9.440797e-02	-2.378471e+00
6.780000e-06	-5.258118e-03	-2.450475e+00
6.790000e-06	1.820765e-01	-2.414155e+00
6.800000e-06	-1.734642e-01	-2.714307e+00
6.810000e-06	6.305558e-02	-2.833208e+00
6.820000e-06	1.464687e-01	-3.009420e+00
6.830000e-06	-2.250814e-01	-3.222223e+00
6.840000e-06	1.169646e-01	-3.442050e+00
6.850000e-06	8.673357e-02	-3.546462e+00
6.860000e-06	-1.763394e-01	-3.737364e+00
6.870000e-06	1.880688e-01	-3.917435e+00
6.880000e-06	-7.673185e-02	-4.094305e+00
6.890000e-06	-3.796836e-02	-4.325365e+00
6.900000e-06	1.265015e-01	-4.419973e+00
6.910000e-06	-1.626282e-01	-4.681177e+00
6.920000e-06	1.311158e-01	-4.810451e+00
6.930000e-06	3.032212e-03	-4.944341e+00
6.940000e-06	-8.868657e-02	-5.174866e+00
6.950000e-06	1.335902e-01	-5.296812e+00
6.960000e-06	-7.958636e-02	-5.555413e+00
6.970000e-06	8.201613e-02	-5.713083e+00
6.980000e-06	-4.847220e-02	-5.861028e+00
6.990000e-06	-1.543235e-02	-5.998497e+00
7.000000e-06	1.029388e-01	-6.075632e+00
7.010000e-06	-1.018146e-01	-6.345831e+00
7.020000e-06	1.007827e-01	-6.433158e+00
7.030000e-06	-2.392857e-02	-6.617051e+00
7.040000e-06	-4.023942e-03	-6.747417e+00
7.050000e-06	3.866075e-02	-6.811027e+00
7.060000e-06	-5.255634e-02	-7.010520e+00
7.070000e-06	1.092177e-01	-7.188342e+00
7.080000e-06	-5.094376e-02	-7.304709e+00
7.090000e-06	1.874336e-02	-7.418500e+00
7.100000e-06	1.100568e-02	-7.525937e+00
7.110000e-06	1.135462e-02	-7.642131e+00
7.120000e-06	3.781565e-02	-7.799858e+00
7.130000e-06	-3.270216e-02	-7.977998e+00
7.140000e-06	5.981393e-02	-8.073106e+00
7.150000e-06	-1.162836e-02	-8.198422e+00
7.160000e-06	1.537055e-02	-8.264708e+00
7.170000e-06	9.560984e-03	-8.366920e+00
7.180000e-06	2.480550e-02	-8.452181e+00
7.190000e-06	2.214655e-02	-8.576975e+00
7.200000e-06	-1.321572e-02	-8.745265e+00
7.210000e-06	3.437119e-02	-8.830501e+00
7.220000e-06	1.559992e-02	-8.883739e+00
7.230000e-06	1.862933e-02	-8.998424e+00
7.240000e-06	7.652466e-03	-9.061610e+00
7.250000e-06	2.594211e-02	-9.176290e+00
7.260000e-06	2.211585e-02	-9.207972e+00
7.270000e-06	7.339182e-03	-9.262608e+00
7.280000e-06	2.180319e-02	-9.315869e+00
7.290000e-06	2.473457e-02	-9.428401e+00
7.300000e-06	1.997077e-02	-9.543190e+00
7.310000e-06	1.281076e-02	-9.567921e+00
7.320000e-06	2.744256e-02	-9.630979e+00
7.330000e-06	2.414075e-02	-9.663609e+00
7.340000e-06	2.015419e-02	-9.714237e+00
7.350000e-06	1.977069e-02	-9.735346e+00
7.360000e-06	2.385672e-02	-9.767347e+00
7.370000e-06	2.308551e-02	-9.829454e+00
7.380000e-06	2.094042e-02	-9.832632e+00
7.390000e-06	2.735157e-02	-9.894136e+00
7.400000e-06	2.592567e-02	-9.924191e+00
7.410000e-06	2.333033e-02	-9.946292e+00
7.420000e-06	2.440194e-02	-9.965343e+00
7.430000e-06	2.851391e-02	-9.977843e+00
7.440000e-06	2.651323e-02	-9.966872e+00
7.450000e-06	2.740931e-02	-9.979427e+00
7.460000e-06	2.798341e-02	-9.979421e+00
7.470000e-06	2.967393e-02	-9.979451e+00
7.480000e-06	2.642248e-02	-9.988001e+00
7.490000e-06	2.960421e-02	-9.980404e+00
7.500000e-06	3.103317e-02	-9.988977e+00
7.510000e-06	3.060391e-02	-9.988875e+00
7.520000e-06	3.184753e-02	-9.976347e+00
7.530000e-06	3.372293e-02	-9.977295e+00
7.540000e-06	3.358987e-02	-9.957297e+00
7.550000e-06	3.253118e-02	-9.943767e+00
7.560000e-06	3.484035e-02	-9.904642e+00
7.570000e-06	3.678683e-02	-9.903112e+00
7.580000e-06	3.640641e-02	-9.860554e+00
7.590000e-06	3.703666e-02	-9.790496e+00
7.600000e-06	3.964289e-02	-9.767850e+00
7.610000e-06	4.143573e-02	-9.695236e+00
7.620000e-06	4.147139e-02	-9.663133e+00
7.630000e-06	4.170467e-02	-9.601035e+00
7.640000e-06	4.426060e-02	-9.598401e+00
7.650000e-06	4.596322e-02	-9.546696e+00
7.660000e-06	4.631194e-02	-9.441984e+00
7.670000e-06	4.830410e-02	-9.344822e+00
7.680000e-06	4.711927e-02	-9.253643e+00
7.690000e-06	4.831704e-02	-9.247875e+00
7.700000e-06	4.772945e-02	-9.125769e+00
7.710000e-06	4.841908e-02	-9.072013e+00
7.720000e-06	4.682638e-02	-8.978301e+00
7.730000e-06	4.576265e-02	-8.883239e+00
7.740000e-06	4.459654e-02	-8.819004e+00
7.750000e-06	4.253195e-02	-8.757195e+00
7.760000e-06	4.173733e-02	-8.619532e+00
7.770000e-06	4.074137e-02	-8.504170e+00
7.780000e-06	3.965824e-02	-8.420953e+00
7.790000e-06	3.749310e-02	-8.314718e+00
7.800000e-06	3.608454e-02	-8.219434e+00
7.810000e-06	3.434632e-02	-8.125144e+00
7.820000e-06	3.266107e-02	-8.019882e+00
7.830000e-06	3.088792e-02	-7.896692e+00
7.840000e-06	2.967024e-02	-7.735350e+00
7.850000e-06	2.857001e-02	-7.597585e+00
7.860000e-06	2.619452e-02	-7.482610e+00
7.870000e-06	2.523787e-02	-7.346746e+00
7.880000e-06	2.389560e-02	-7.261579e+00
7.890000e-06	2.246434e-02	-7.154721e+00
7.900000e-06	2.078893e-02	-6.935302e+00
7.910000e-06	2.101400e-02	-6.809926e+00
7.920000e-06	1.970020e-02	-6.652065e+00
7.930000e-06	1.857193e-02	-6.525221e+00
7.940000e-06	1.648254e-02	-6.399979e+00
7.950000e-06	1.719661e-02	-6.239909e+00
7.960000e-06	1.452493e-02	-6.070569e+00
7.970000e-06	1.427512e-02	-5.915147e+00
7.980000e-06	1.280145e-02	-5.808877e+00
7.990000e-06	1.158422e-02	-5.630488e+00
8.000000e-06	1.171615e-02	-5.462588e+00
8.010000e-06	1.052350e-02	-5.242565e+00
8.020000e-06	1.030073e-02	-5.062143e+00
8.030000e-06	1.035331e-02	-4.924198e+00
8.040000e-06	8.090379e-03	-4.664243e+00
8.050000e-06	7.255469e-03	-4.567723e+00
8.060000e-06	7.379279e-03	-4.399005e+00
8.070000e-06	7.627301e-03	-4.262064e+00
8.080000e-06	5.065836e-03	-4.105717e+00
8.090000e-06	7.010983e-03	-3.977250e+00
8.100000e-06	3.851518e-03	-3.756826e+00
8.110000e-06	4.867177e-03	-3.588900e+00
8.120000e-06	3.832988e-03	-3.418531e+00
8.130000e-06	4.526100e-03	-3.241537e+00
8.140000e-06	3.443156e-03	-3.072614e+00
8.150000e-06	2.106038e-03	-2.842564e+00
8.160000e-06	2.637215e-03	-2.715267e+00
8.170000e-06	4.328905e-04	-2.513772e+00
8.180000e-06	2.068627e-03	-2.365297e+00
8.190000e-06	-8.372347e-05	-2.128746e+00
8.200000e-06	1.902795e-03	-1.966347e+00
8.210000e-06	-5.074923e-04	-1.749426e+00
8.220000e-06	1.015766e-03	-1.611509e+00
8.230000e-06	-1.359375e-03	-1.389380e+00
8.240000e-06	-1.454444e-04	-1.197825e+00
8.250000e-06	-3.356916e-03	-9.978759e-01
8.260000e-06	-6.417243e-04	-8.000036e-01
8.270000e-06	-4.945390e-03	-5.805098e-01
8.280000e-06	-2.671290e-03	-3.994574e-01
8.290000e-06	-3.345430e-03	-2.120364e-01
8.300000e-06	-2.448467e-03	-6.210284e-02
8.310000e-06	1.007837e-03	8.433347e-02
8.320000e-06	3.126547e-03	3.458597e-01
8.330000e-06	-5.266233e-03	4.543106e-01
8.340000e-06	1.638258e-03	6.437041e-01
8.350000e-06	-5.360094e-03	7.790440e-01
8.360000e-06	-1.953285e-03	9.290925e-01
8.370000e-06	-4.947520e-03	1.219569e+00
8.380000e-06	4.485454e-03	1.346515e+00
8.390000e-06	2.148354e-02	1.547518e+00
8.400000e-06	7.659486e-02	1.809551e+00
8.410000e-06	-4.283158e-02	1.979570e+00
8.420000e-06	-4.089576e-02	2.160017e+00
8.430000e-06	-4.045342e-02	2.386395e+00
8.440000e-06	-8.198307e-02	2.483291e+00
8.450000e-06	4.558046e-02	2.691732e+00
8.460000e-06	1.255805e-01	2.829624e+00
8.470000e-06	-2.079946e-01	2.977521e+00
8.480000e-06	1.538052e-01	3.112862e+00
8.490000e-06	-1.823722e-02	3.295388e+00
8.500000e-06	-1.260904e-01	3.535840e+00
8.510000e-06	1.115249e-01	3.652104e+00
8.520000e-06	-1.142577e-02	3.840674e+00
8.530000e-06	-9.602147e-02	4.031630e+00
8.540000e-06	1.027178e-01	4.187042e+00
8.550000e-06	-7.374176e-02	4.399971e+00
8.560000e-06	-3.646499e-03	4.566415e+00
8.570000e-06	1.286159e-02	4.727866e+00
8.580000e-06	-5.243226e-02	4.903338e+00
8.590000e-06	2.875231e-02	5.126396e+00
8.600000e-06	-3.706230e-02	5.336889e+00
8.610000e-06	1.023958e-02	5.563787e+00
8.620000e-06	-7.746093e-03	5.642604e+00
8.630000e-06	3.143211e-03	5.871579e+00
8.640000e-06	-1.901661e-02	6.010025e+00
8.650000e-06	-4.507825e-02	6.145315e+00
8.660000e-06	2.462611e-02	6.282209e+00
8.670000e-06	-1.805141e-02	6.409549e+00
8.680000e-06	-1.940062e-02	6.576342e+00
8.690000e-06	-8.916351e-04	6.724387e+00
8.700000e-06	-2.634994e-02	6.862208e+00
8.710000e-06	-6.211209e-03	6.991500e+00
8.720000e-06	-1.734119e-02	7.183763e+00
8.730000e-06	-1.078520e-02	7.231098e+00
8.740000e-06	1.361729e-03	7.406966e+00
8.750000e-06	-2.761235e-02	7.556517e+00
8.760000e-06	-1.571705e-02	7.684210e+00
8.770000e-06	-2.057509e-02	7.812525e+00
8.780000e-06	-2.228652e-03	7.964890e+00
8.790000e-06	-2.086338e-02	8.122656e+00
8.800000e-06	-2.263662e-02	8.189001e+00
8.810000e-06	-6.106022e-03	8.314810e+00
8.820000e-06	-2.346617e-02	8.389998e+00
8.830000e-06	-1.704556e-02	8.481662e+00
8.840000e-06	-2.413628e-02	8.557893e+00
8.850000e-06	-9.799673e-03	8.681608e+00
8.860000e-06	-2.381371e-02	8.736844e+00
8.870000e-06	-2.409532e-02	8.850656e+00
8.880000e-06	-1.612069e-02	8.934296e+00
8.890000e-06	-2.008645e-02	9.081182e+00
8.900000e-06	-2.186650e-02	9.166272e+00
8.910000e-06	-2.598048e-02	9.241105e+00
8.920000e-06	-1.616397e-02	9.292714e+00
8.930000e-06	-2.500887e-02	9.396425e+00
8.940000e-06	-2.575426e-02	9.453136e+00
8.950000e-06	-2.320207e-02	9.515742e+00
8.960000e-06	-2.054702e-02	9.598424e+00
8.970000e-06	-2.736939e-02	9.579477e+00
8.980000e-06	-2.830160e-02	9.683662e+00
8.990000e-06	-2.180626e-02	9.776795e+00
9.000000e-06	-2.596482e-02	9.809554e+00
9.010000e-06	-2.622739e-02	9.863157e+00
9.020000e-06	-3.023215e-02	9.963789e+00
9.030000e-06	-2.781304e-02	9.946822e+00
9.040000e-06	-3.082297e-02	9.987949e+00
9.050000e-06	-2.867682e-02	1.000895e+01
9.060000e-06	-2.791301e-02	1.002060e+01
9.070000e-06	-3.118627e-02	1.004256e+01
9.080000e-06	-3.440504e-02	1.007311e+01
9.090000e-06	-3.141810e-02	1.007263e+01
9.100000e-06	-2.904128e-02	1.006472e+01
9.110000e-06	-3.362798e-02	1.011479e+01
9.120000e-06	-3.263858e-02	1.013372e+01
9.130000e-06	-3.539381e-02	1.012429e+01
9.140000e-06	-3.502722e-02	1.010569e+01
9.150000e-06	-3.752203e-02	1.013379e+01
9.160000e-06	-3.569775e-02	1.011577e+01
9.170000e-06	-3.578107e-02	1.011422e+01
9.180000e-06	-3.796448e-02	1.007519e+01
9.190000e-06	-3.922889e-02	1.009364e+01
9.200000e-06	-3.812602e-02	1.006209e+01
9.210000e-06	-3.971814e-02	1.005013e+01
9.220000e-06	-4.170740e-02	1.002053e+01
9.230000e-06	-4.209437e-02	1.002851e+01
9.240000e-06	-4.253987e-02	9.966319e+00
9.250000e-06	-4.522728e-02	9.965296e+00
9.260000e-06	-4.610145e-02	9.900139e+00
9.270000e-06	-4.650497e-02	9.819930e+00
9.280000e-06	-4.633904e-02	9.755875e+00
9.290000e-06	-5.010903e-02	9.654088e+00
9.300000e-06	-5.056139e-02	9.628505e+00
9.310000e-06	-5.147008e-02	9.566322e+00
9.320000e-06	-5.238567e-02	9.493641e+00
9.330000e-06	-5.310853e-02	9.411984e+00
9.340000e-06	-5.325029e-02	9.358275e+00
9.350000e-06	-5.413331e-02	9.284565e+00
9.360000e-06	-5.399990e-02	9.240506e+00
9.370000e-06	-5.407754e-02	9.177421e+00
9.380000e-06	-5.254136e-02	9.011509e+00
9.390000e-06	-5.162009e-02	8.944749e+00
9.400000e-06	-5.099186e-02	8.851059e+00
9.410000e-06	-4.961534e-02	8.806926e+00
9.420000e-06	-4.854243e-02	8.642636e+00
9.430000e-06	-4.637197e-02	8.558350e+00
9.440000e-06	-4.501861e-02	8.484637e+00
9.450000e-06	-4.319834e-02	8.419979e+00
9.460000e-06	-4.225282e-02	8.356271e+00
9.470000e-06	-4.018096e-02	8.200497e+00
9.480000e-06	-3.905705e-02	8.061590e+00
9.490000e-06	-3.761638e-02	7.958772e+00
9.500000e-06	-3.641086e-02	7.830063e+00
9.510000e-06	-3.458101e-02	7.744189e+00
9.520000e-06	-3.326486e-02	7.599482e+00
9.530000e-06	-3.153480e-02	7.493082e+00
9.540000e-06	-3.181341e-02	7.235114e+00
9.550000e-06	-2.876021e-02	7.165743e+00
9.560000e-06	-2.876357e-02	7.019954e+00
9.570000e-06	-2.719140e-02	6.873664e+00
9.580000e-06	-2.662269e-02	6.798453e+00
9.590000e-06	-2.407656e-02	6.618860e+00
9.600000e-06	-2.369249e-02	6.451011e+00
9.610000e-06	-2.272433e-02	6.274214e+00
9.620000e-06	-2.282519e-02	6.188349e+00
9.630000e-06	-2.235908e-02	6.010481e+00
9.640000e-06	-2.061309e-02	5.883165e+00
9.650000e-06	-1.974996e-02	5.632719e+00
9.660000e-06	-2.005031e-02	5.494697e+00
9.670000e-06	-1.956258e-02	5.367850e+00
9.680000e-06	-1.770030e-02	5.217854e+00
9.690000e-06	-1.787636e-02	5.044881e+00
9.700000e-06	-1.741673e-02	4.808879e+00
9.710000e-06	-1.562038e-02	4.660433e+00
9.720000e-06	-1.459977e-02	4.462614e+00
9.730000e-06	-1.348528e-02	4.345276e+00
9.740000e-06	-1.565106e-02	4.094797e+00
9.750000e-06	-1.427303e-02	3.937298e+00
9.760000e-06	-1.308515e-02	3.778852e+00
9.770000e-06	-1.218639e-02	3.632557e+00
9.780000e-06	-1.263255e-02	3.442716e+00
9.790000e-06	-1.208517e-02	3.241987e+00
9.800000e-06	-1.123213e-02	3.084737e+00
9.810000e-06	-1.090656e-02	2.946271e+00
9.820000e-06	-1.017789e-02	2.810424e+00
9.830000e-06	-9.363209e-03	2.538826e+00
9.840000e-06	-9.173172e-03	2.376847e+00
9.850000e-06	-9.328739e-03	2.199429e+00
9.860000e-06	-9.286673e-03	2.009982e+00
9.870000e-06	-7.654698e-03	1.872610e+00
9.880000e-06	-7.288520e-03	1.612563e+00
9.890000e-06	-7.475435e-03	1.422661e+00
9.900000e-06	-7.736426e-03	1.243038e+00
9.910000e-06	-5.925376e-03	1.009985e+00
9.920000e-06	-4.708612e-03	8.100315e-01
9.930000e-06	-5.048988e-03	6.425340e-01
9.940000e-06	-5.626904e-03	4.136117e-01
9.950000e-06	-4.950681e-03	3.137655e-01
9.960000e-06	-5.496425e-03	7.261409e-02
9.970000e-06	9.810913e-04	-1.337845e-01
9.980000e-06	2.748173e-03	-2.427816e-01
9.990000e-06	-2.804072e-03	-4.125214e-01
1.000000e-05	2.964131e-03	-6.214976e-01
1.001000e-05	-2.292424e-03	-7.994726e-01
1.002000e-05	1.626544e-03	-9.263647e-01
1.003000e-05	4.183543e-04	-1.095362e+00
1.004000e-05	1.405787e-02	-1.294208e+00
1.005000e-05	9.589146e-02	-1.494283e+00
1.006000e-05	-2.358891e-02	-1.746337e+00
1.007000e-05	-4.196838e-02	-1.998544e+00
1.008000e-05	-3.421569e-02	-2.262352e+00
1.009000e-05	-1.038747e-01	-2.399999e+00
1.010000e-05	1.395102e-01	-2.401052e+00
1.011000e-05	4.933220e-02	-2.515391e+00
1.012000e-05	-1.920921e-01	-2.828571e+00
1.013000e-05	2.206159e-01	-2.833208e+00
1.014000e-05	-9.880202e-02	-3.114827e+00
1.015000e-05	-1.287094e-01	-3.368417e+00
1.016000e-05	2.055628e-01	-3.442681e+00
1.017000e-05	-9.895152e-02	-3.590055e+00
1.018000e-05	-2.399545e-02	-3.870154e+00
1.019000e-05	1.629677e-01	-4.009504e+00
1.020000e-05	-1.893055e-01	-4.198073e+00
1.021000e-05	1.338052e-01	-4.377371e+00
1.022000e-05	-3.894707e-02	-4.473729e+00
1.023000e-05	-6.489407e-02	-4.748415e+00
1.024000e-05	1.639678e-01	-4.864102e+00
1.025000e-05	-1.375322e-01	-5.029128e+00
1.026000e-05	6.725207e-02	-5.180572e+00
1.027000e-05	3.230840e-02	-5.449622e+00
1.028000e-05	-3.643349e-02	-5.611549e+00
1.029000e-05	7.794448e-02	-5.736371e+00
1.030000e-05	-1.066392e-01	-5.905284e+00
1.031000e-05	1.027753e-01	-6.052027e+00
1.032000e-05	-1.566438e-02	-6.148991e+00
1.033000e-05	-3.225444e-02	-6.359522e+00
1.034000e-05	9.881364e-02	-6.554686e+00
1.035000e-05	-7.626397e-02	-6.682708e+00
1.036000e-05	6.801573e-02	-6.779994e+00
1.037000e-05	-4.540274e-02	-6.903211e+00
1.038000e-05	3.647409e-02	-7.105361e+00
1.039000e-05	5.818292e-02	-7.200550e+00
1.040000e-05	-5.740763e-02	-7.355968e+00
1.041000e-05	5.073533e-02	-7.451603e+00
1.042000e-05	-2.091353e-02	-7.579444e+00
1.043000e-05	5.268577e-02	-7.724843e+00
1.044000e-05	-1.284194e-02	-7.913283e+00
1.045000e-05	8.677360e-03	-8.032027e+00
1.046000e-05	4.370359e-02	-8.093713e+00
1.047000e-05	-2.197586e-02	-8.230601e+00
1.048000e-05	3.188381e-02	-8.305243e+00
1.049000e-05	-1.666771e-03	-8.399999e+00
1.050000e-05	4.387304e-02	-8.505240e+00
1.051000e-05	-8.378489e-03	-8.650605e+00
1.052000e-05	1.311555e-02	-8.785898e+00
1.053000e-05	3.105352e-02	-8.831579e+00
1.054000e-05	1.215328e-02	-8.955345e+00
1.055000e-05	1.669994e-02	-8.988977e+00
1.056000e-05	8.149001e-03	-9.115162e+00
1.057000e-05	3.470544e-02	-9.166398e+00
1.058000e-05	7.746315e-03	-9.209028e+00
1.059000e-05	1.609214e-02	-9.302634e+00
1.060000e-05	2.254764e-02	-9.418349e+00
1.061000e-05	2.517268e-02	-9.501158e+00
1.062000e-05	1.404289e-02	-9.556796e+00
1.063000e-05	1.722678e-02	-9.546925e+00
1.064000e-05	2.993367e-02	-9.622082e+00
1.065000e-05	2.088836e-02	-9.703188e+00
1.066000e-05	2.048132e-02	-9.755241e+00
1.067000e-05	1.959775e-02	-9.767872e+00
1.068000e-05	2.597506e-02	-9.797948e+00
1.069000e-05	2.015522e-02	-9.831111e+00
1.070000e-05	2.483847e-02	-9.853110e+00
1.071000e-05	2.725680e-02	-9.924213e+00
1.072000e-05	2.415875e-02	-9.944767e+00
1.073000e-05	2.326770e-02	-9.977771e+00
1.074000e-05	2.646504e-02	-9.956293e+00
1.075000e-05	2.773361e-02	-9.966820e+00
1.076000e-05	2.530018e-02	-9.968371e+00
1.077000e-05	2.828969e-02	-9.979976e+00
1.078000e-05	2.870276e-02	-9.997926e+00
1.079000e-05	2.917684e-02	-9.978450e+00
1.080000e-05	2.596600e-02	-9.979977e+00
1.081000e-05	3.041122e-02	-1.002095e+01
1.082000e-05	3.214832e-02	-9.998447e+00
1.083000e-05	3.100580e-02	-1.000990e+01
1.084000e-05	3.214489e-02	-9.959401e+00
1.085000e-05	3.274211e-02	-9.998825e+00
1.086000e-05	3.291443e-02	-9.955295e+00
1.087000e-05	3.355963e-02	-9.935743e+00
1.088000e-05	3.640041e-02	-9.883662e+00
1.089000e-05	3.647778e-02	-9.872485e+00
1.090000e-05	3.681974e-02	-9.850034e+00
1.091000e-05	3.855552e-02	-9.778453e+00
1.092000e-05	3.948568e-02	-9.735825e+00
1.093000e-05	4.137535e-02	-9.683162e+00
1.094000e-05	4.160373e-02	-9.642637e+00
1.095000e-05	4.422514e-02	-9.620008e+00
1.096000e-05	4.352449e-02	-9.567772e+00
1.097000e-05	4.514855e-02	-9.514618e+00
1.098000e-05	4.804890e-02	-9.378433e+00
1.099000e-05	4.824924e-02	-9.333720e+00
1.100000e-05	4.656938e-02	-9.222481e+00
1.101000e-05	4.597759e-02	-9.167322e+00
1.102000e-05	4.752163e-02	-9.094668e+00
1.103000e-05	4.747698e-02	-9.008931e+00
1.104000e-05	4.555749e-02	-8.907741e+00
1.105000e-05	4.462591e-02	-8.869462e+00
1.106000e-05	4.381361e-02	-8.798904e+00
1.107000e-05	4.260569e-02	-8.684643e+00
1.108000e-05	4.048196e-02	-8.578351e+00
1.109000e-05	4.018526e-02	-8.452536e+00
1.110000e-05	3.830212e-02	-8.366800e+00
1.111000e-05	3.793135e-02	-8.285138e+00
1.112000e-05	3.481322e-02	-8.177374e+00
1.113000e-05	3.356549e-02	-8.062164e+00
1.114000e-05	3.246200e-02	-7.977450e+00
1.115000e-05	3.165412e-02	-7.868913e+00
1.116000e-05	2.999368e-02	-7.662637e+00
1.117000e-05	2.713310e-02	-7.548297e+00
1.118000e-05	2.525452e-02	-7.419957e+00
1.119000e-05	2.499883e-02	-7.323212e+00
1.120000e-05	2.375416e-02	-7.188901e+00
1.121000e-05	2.201683e-02	-7.069405e+00
1.122000e-05	2.159281e-02	-6.862535e+00
1.123000e-05	2.074773e-02	-6.745245e+00
1.124000e-05	1.941566e-02	-6.629476e+00
1.125000e-05	1.692419e-02	-6.463439e+00
1.126000e-05	1.593488e-02	-6.344847e+00
1.127000e-05	1.588685e-02	-6.159297e+00
1.128000e-05	1.418489e-02	-5.978922e+00
1.129000e-05	1.381977e-02	-5.842562e+00
1.130000e-05	1.253465e-02	-5.674118e+00
1.131000e-05	1.235256e-02	-5.588823e+00
1.132000e-05	1.142622e-02	-5.366350e+00
1.133000e-05	1.027902e-02	-5.188901e+00
1.134000e-05	1.057632e-02	-5.020455e+00
1.135000e-05	8.250552e-03	-4.840427e+00
1.136000e-05	9.448846e-03	-4.631005e+00
1.137000e-05	7.048409e-03	-4.463589e+00
1.138000e-05	8.992176e-03	-4.336295e+00
1.139000e-05	5.165817e-03	-4.180926e+00
1.140000e-05	7.220501e-03	-4.022012e+00
1.141000e-05	4.750944e-03	-3.905141e+00
1.142000e-05	4.881033e-03	-3.682542e+00
1.143000e-05	4.312026e-03	-3.505217e+00
1.144000e-05	6.145861e-03	-3.355297e+00
1.145000e-05	3.377250e-03	-3.210875e+00
1.146000e-05	3.733134e-03	-2.948276e+00
1.147000e-05	1.865689e-03	-2.789902e+00
1.148000e-05	2.818300e-03	-2.610408e+00
1.149000e-05	-2.849284e-04	-2.451034e+00
1.150000e-05	1.670744e-03	-2.272613e+00
1.151000e-05	5.568703e-04	-2.032086e+00
1.152000e-05	2.909951e-03	-1.856067e+00
1.153000e-05	-1.184110e-04	-1.724619e+00
1.154000e-05	-2.968296e-04	-1.536676e+00
1.155000e-05	-2.054832e-03	-1.272665e+00
1.156000e-05	-1.061100e-03	-1.073114e+00
1.157000e-05	-1.911021e-03	-8.751930e-01
1.158000e-05	-3.424827e-03	-7.477682e-01
1.159000e-05	-4.250285e-03	-4.961682e-01
1.160000e-05	-3.176158e-03	-3.652945e-01
1.161000e-05	-3.002143e-03	-2.093481e-01
1.162000e-05	-1.070175e-03	4.099888e-02
1.163000e-05	2.697754e-03	2.277006e-01
1.164000e-05	-5.754434e-04	3.990751e-01
1.165000e-05	-1.814791e-03	5.878664e-01
1.166000e-05	-9.174306e-04	7.658607e-01
1.167000e-05	-3.715275e-03	8.722092e-01
1.168000e-05	-4.484626e-03	1.093830e+00
1.169000e-05	-1.770841e-03	1.272306e+00
1.170000e-05	5.928205e-03	1.431183e+00
1.171000e-05	5.424794e-02	1.665266e+00
1.172000e-05	4.055440e-02	1.923311e+00
1.173000e-05	-6.737727e-02	2.062833e+00
1.174000e-05	-2.883599e-02	2.262278e+00
1.175000e-05	-6.111514e-02	2.401554e+00
1.176000e-05	-6.774215e-02	2.565839e+00
1.177000e-05	1.642025e-01	2.767838e+00
1.178000e-05	-6.512982e-02	2.923284e+00
1.179000e-05	-9.741373e-02	3.030079e+00
1.180000e-05	1.766782e-01	3.208020e+00
1.181000e-05	-1.455065e-01	3.462124e+00
1.182000e-05	-1.291068e-02	3.598476e+00
1.183000e-05	1.215438e-01	3.694790e+00
1.184000e-05	-1.263559e-01	3.955913e+00
1.185000e-05	3.377092e-02	4.051655e+00
1.186000e-05	3.066371e-02	4.323933e+00
1.187000e-05	-7.218584e-02	4.461158e+00
1.188000e-05	3.642683e-02	4.641079e+00
1.189000e-05	-3.689698e-02	4.821074e+00
1.190000e-05	-4.650812e-03	5.002171e+00
1.191000e-05	-1.053044e-03	5.282077e+00
1.192000e-05	-2.729189e-02	5.440101e+00
1.193000e-05	1.459162e-02	5.577467e+00
1.194000e-05	-6.080687e-03	5.713284e+00
1.195000e-05	-1.182258e-04	5.944337e+00
1.196000e-05	-3.860496e-02	6.073130e+00
1.197000e-05	-2.112462e-02	6.199503e+00
1.198000e-05	2.868390e-02	6.354866e+00
1.199000e-05	-4.360288e-02	6.442556e+00
1.200000e-05	6.605151e-03	6.641128e+00
1.201000e-05	-2.328557e-02	6.800625e+00
1.202000e-05	-1.568084e-02	6.955813e+00
1.203000e-05	-4.528174e-03	7.041632e+00
1.204000e-05	-2.535986e-02	7.177448e+00
1.205000e-05	6.869404e-03	7.283211e+00
1.206000e-05	-2.362517e-02	7.490160e+00
1.207000e-05	-1.387799e-02	7.629526e+00
1.208000e-05	-2.541575e-02	7.745844e+00
1.209000e-05	-4.457335e-03	7.863107e+00
1.210000e-05	-1.086796e-02	8.009520e+00
1.211000e-05	-2.423477e-02	8.156343e+00
1.212000e-05	-1.413035e-02	8.241456e+00
1.213000e-05	-1.436634e-02	8.376498e+00
1.214000e-05	-2.073098e-02	8.421079e+00
1.215000e-05	-2.227125e-02	8.565367e+00
1.216000e-05	-1.321780e-02	8.659528e+00
1.217000e-05	-1.724929e-02	8.714791e+00
1.218000e-05	-2.505783e-02	8.778025e+00
1.219000e-05	-2.321959e-02	8.862655e+00
1.220000e-05	-1.357338e-02	9.058979e+00
1.221000e-05	-2.288718e-02	9.136316e+00
1.222000e-05	-2.324810e-02	9.209000e+00
1.223000e-05	-2.149897e-02	9.231184e+00
1.224000e-05	-1.864890e-02	9.365742e+00
1.225000e-05	-2.672853e-02	9.400552e+00
1.226000e-05	-2.679490e-02	9.493162e+00
1.227000e-05	-2.006099e-02	9.546295e+00
1.228000e-05	-2.526392e-02	9.598949e+00
1.229000e-05	-2.750320e-02	9.630532e+00
1.230000e-05	-2.667826e-02	9.733687e+00
1.231000e-05	-2.215560e-02	9.777347e+00
1.232000e-05	-2.611080e-02	9.849458e+00
1.233000e-05	-2.812198e-02	9.935766e+00
1.234000e-05	-2.923941e-02	9.924818e+00
1.235000e-05	-3.087302e-02	9.968821e+00
1.236000e-05	-2.917270e-02	1.000947e+01
1.237000e-05	-2.940945e-02	1.001008e+01
1.238000e-05	-2.780602e-02	1.002105e+01
1.239000e-05	-3.386311e-02	1.005263e+01
1.240000e-05	-3.283718e-02	1.005264e+01
1.241000e-05	-3.079035e-02	1.007319e+01
1.242000e-05	-3.146790e-02	1.012324e+01
1.243000e-05	-3.348848e-02	1.013465e+01
1.244000e-05	-3.337849e-02	1.015527e+01
1.245000e-05	-3.400527e-02	1.010372e+01
1.246000e-05	-3.704243e-02	1.010474e+01
1.247000e-05	-3.740885e-02	1.015524e+01
1.248000e-05	-3.594362e-02	1.013522e+01
1.249000e-05	-3.633058e-02	1.006371e+01
1.250000e-05	-3.792054e-02	1.011424e+01
1.251000e-05	-3.853988e-02	1.005166e+01
1.252000e-05	-4.043401e-02	1.006161e+01
1.253000e-05	-4.057944e-02	1.002003e+01
1.254000e-05	-4.141476e-02	1.002043e+01
1.255000e-05	-4.291848e-02	9.977876e+00
1.256000e-05	-4.481392e-02	9.955299e+00
1.257000e-05	-4.544745e-02	9.932291e+00
1.258000e-05	-4.446911e-02	9.869458e+00
1.259000e-05	-4.622659e-02	9.808422e+00
1.260000e-05	-4.952107e-02	9.674241e+00
1.261000e-05	-4.979278e-02	9.632563e+00
1.262000e-05	-5.088284e-02	9.567401e+00
1.263000e-05	-5.140458e-02	9.514717e+00
1.264000e-05	-5.436882e-02	9.452090e+00
1.265000e-05	-5.403123e-02	9.388505e+00
1.266000e-05	-5.454095e-02	9.325743e+00
1.267000e-05	-5.388357e-02	9.272507e+00
1.268000e-05	-5.384207e-02	9.206997e+00
1.269000e-05	-5.161722e-02	9.162692e+00
1.270000e-05	-5.306815e-02	8.988880e+00
1.271000e-05	-5.268823e-02	8.893696e+00
1.272000e-05	-5.198166e-02	8.830408e+00
1.273000e-05	-4.640527e-02	8.725266e+00
1.274000e-05	-4.793709e-02	8.671508e+00
1.275000e-05	-4.568481e-02	8.506771e+00
1.276000e-05	-4.555121e-02	8.442611e+00
1.277000e-05	-4.148312e-02	8.377396e+00
1.278000e-05	-4.210235e-02	8.293134e+00
1.279000e-05	-3.932575e-02	8.145301e+00
1.280000e-05	-3.897888e-02	8.021856e+00
1.281000e-05	-3.511367e-02	7.902193e+00
1.282000e-05	-3.662792e-02	7.787851e+00
1.283000e-05	-3.378923e-02	7.653115e+00
1.284000e-05	-3.423719e-02	7.576248e+00
1.285000e-05	-3.143484e-02	7.358727e+00
1.286000e-05	-3.057093e-02	7.221004e+00
1.287000e-05	-2.878889e-02	7.083316e+00
1.288000e-05	-2.758279e-02	6.946301e+00
1.289000e-05	-2.772485e-02	6.830985e+00
1.290000e-05	-2.617407e-02	6.714743e+00
1.291000e-05	-2.415428e-02	6.506747e+00
1.292000e-05	-2.371708e-02	6.357852e+00
1.293000e-05	-2.267318e-02	6.231411e+00
1.294000e-05	-2.206486e-02	6.073088e+00
1.295000e-05	-2.110737e-02	5.978325e+00
1.296000e-05	-2.093238e-02	5.777378e+00
1.297000e-05	-2.026456e-02	5.620378e+00
1.298000e-05	-1.921863e-02	5.432610e+00
1.299000e-05	-1.751541e-02	5.274147e+00
1.300000e-05	-1.766178e-02	5.083743e+00
1.301000e-05	-1.764284e-02	4.863614e+00
1.302000e-05	-1.576412e-02	4.715223e+00
1.303000e-05	-1.542266e-02	4.547372e+00
1.304000e-05	-1.544647e-02	4.420458e+00
1.305000e-05	-1.577500e-02	4.230985e+00
1.306000e-05	-1.340561e-02	4.022610e+00
1.307000e-05	-1.254744e-02	3.903712e+00
1.308000e-05	-1.332204e-02	3.705173e+00
1.309000e-05	-1.276135e-02	3.607376e+00
1.310000e-05	-1.125222e-02	3.398798e+00
1.311000e-05	-1.118348e-02	3.179901e+00
1.312000e-05	-1.207601e-02	3.050509e+00
1.313000e-05	-1.126124e-02	2.853535e+00
1.314000e-05	-9.458460e-03	2.705063e+00
1.315000e-05	-8.852209e-03	2.463063e+00
1.316000e-05	-9.857469e-03	2.283715e+00
1.317000e-05	-8.414827e-03	2.104064e+00
1.318000e-05	-8.047143e-03	1.969373e+00
1.319000e-05	-6.849587e-03	1.727721e+00
1.320000e-05	-8.760747e-03	1.577277e+00
1.321000e-05	-6.543993e-03	1.348351e+00
1.322000e-05	-6.210026e-03	1.188878e+00
1.323000e-05	-5.894414e-03	9.047469e-01
1.324000e-05	-6.422443e-03	6.757721e-01
1.325000e-05	-5.561326e-03	5.763272e-01
1.326000e-05	-4.718864e-03	3.999774e-01
1.327000e-05	-4.196868e-03	1.684073e-01
1.328000e-05	-3.013493e-03	-1.205125e-02
1.329000e-05	4.082174e-03	-1.689948e-01
1.330000e-05	-6.078991e-04	-3.664384e-01
1.331000e-05	9.728094e-04	-4.438080e-01
1.332000e-05	-1.551499e-03	-7.173819e-01
1.333000e-05	-3.594221e-05	-8.717290e-01
1.334000e-05	-1.350510e-03	-1.011574e+00
1.335000e-05	6.920365e-03	-1.199070e+00
1.336000e-05	3.743987e-02	-1.357965e+00
1.337000e-05	8.907449e-02	-1.611142e+00
1.338000e-05	-8.699342e-02	-1.873804e+00
1.339000e-05	3.132521e-03	-2.134786e+00
1.340000e-05	-8.754250e-02	-2.387406e+00
1.341000e-05	-3.137489e-02	-2.400500e+00
1.342000e-05	1.901322e-01	-2.442133e+00
1.343000e-05	-1.452629e-01	-2.681254e+00
1.344000e-05	1.341924e-02	-2.871504e+00
1.345000e-05	1.769968e-01	-2.898213e+00
1.346000e-05	-2.246609e-01	-3.232570e+00
1.347000e-05	8.448659e-02	-3.381001e+00
1.348000e-05	1.193477e-01	-3.516387e+00
1.349000e-05	-1.840923e-01	-3.795807e+00
1.350000e-05	1.649671e-01	-3.946391e+00
1.351000e-05	-3.572160e-02	-4.084781e+00
1.352000e-05	-7.669561e-02	-4.345408e+00
1.353000e-05	1.461574e-01	-4.399526e+00
1.354000e-05	-1.582486e-01	-4.620070e+00
1.355000e-05	1.051237e-01	-4.791499e+00
1.356000e-05	3.740570e-02	-4.924408e+00
1.357000e-05	-1.124423e-01	-5.135931e+00
1.358000e-05	1.384252e-01	-5.253657e+00
1.359000e-05	-7.141887e-02	-5.506763e+00
1.360000e-05	6.643928e-02	-5.703684e+00
1.361000e-05	-2.628290e-02	-5.802075e+00
1.362000e-05	-3.892196e-02	-5.988995e+00
1.363000e-05	1.157186e-01	-6.084158e+00
1.364000e-05	-1.002091e-01	-6.305312e+00
1.365000e-05	8.421303e-02	-6.441582e+00
1.366000e-05	-3.656083e-03	-6.589496e+00
1.367000e-05	-2.063408e-02	-6.716816e+00
1.368000e-05	5.308151e-02	-6.810050e+00
1.369000e-05	-6.155103e-02	-7.006072e+00
1.370000e-05	1.053683e-01	-7.196393e+00
1.371000e-05	-3.755671e-02	-7.263232e+00
1.372000e-05	5.788306e-03	-7.378620e+00
1.373000e-05	1.987002e-02	-7.525369e+00
1.374000e-05	1.624660e-03	-7.682104e+00
1.375000e-05	4.481374e-02	-7.817971e+00
1.376000e-05	-3.408177e-02	-7.966847e+00
1.377000e-05	5.654143e-02	-8.063557e+00
1.378000e-05	-3.543130e-03	-8.146872e+00
1.379000e-05	7.907264e-03	-8.272685e+00
1.380000e-05	1.438064e-02	-8.358446e+00
1.381000e-05	1.886488e-02	-8.462082e+00
1.382000e-05	2.750378e-02	-8.587868e+00
1.383000e-05	-1.552436e-02	-8.745318e+00
1.384000e-05	3.276446e-02	-8.810003e+00
1.385000e-05	2.001275e-02	-8.893707e+00
1.386000e-05	1.657257e-02	-8.978451e+00
1.387000e-05	8.505395e-03	-9.052584e+00
1.388000e-05	2.166998e-02	-9.146689e+00
1.389000e-05	2.715106e-02	-9.167471e+00
1.390000e-05	6.771392e-03	-9.252053e+00
1.391000e-05	2.245141e-02	-9.356216e+00
1.392000e-05	2.277662e-02	-9.430155e+00
1.393000e-05	2.214671e-02	-9.494141e+00
1.394000e-05	9.930545e-03	-9.558348e+00
1.395000e-05	2.706538e-02	-9.589004e+00
1.396000e-05	2.611826e-02	-9.612158e+00
1.397000e-05	2.149603e-02	-9.714236e+00
1.398000e-05	1.910563e-02	-9.747371e+00
1.399000e-05	2.308586e-02	-9.787975e+00
1.400000e-05	2.411455e-02	-9.871528e+00
1.401000e-05	2.137879e-02	-9.872633e+00
1.402000e-05	2.741171e-02	-9.874687e+00
1.403000e-05	2.632720e-02	-9.925236e+00
1.404000e-05	2.231258e-02	-9.945269e+00
1.405000e-05	2.423269e-02	-9.947796e+00
1.406000e-05	2.819004e-02	-9.966371e+00
1.407000e-05	2.594681e-02	-9.977799e+00
1.408000e-05	2.702905e-02	-9.997897e+00
1.409000e-05	2.820109e-02	-9.988375e+00
1.410000e-05	2.977400e-02	-1.000800e+01
1.411000e-05	2.734047e-02	-9.970925e+00
1.412000e-05	2.814564e-02	-1.000992e+01
1.413000e-05	3.031181e-02	-9.999925e+00
1.414000e-05	3.114211e-02	-9.988949e+00
1.415000e-05	3.153842e-02	-9.977824e+00
1.416000e-05	3.302024e-02	-9.997972e+00
1.417000e-05	3.342915e-02	-9.967846e+00
1.418000e-05	3.252285e-02	-9.925241e+00
1.419000e-05	3.510882e-02	-9.914192e+00
1.420000e-05	3.734197e-02	-9.863714e+00
1.421000e-05	3.667070e-02	-9.822109e+00
1.422000e-05	3.701643e-02	-9.810506e+00
1.423000e-05	3.974667e-02	-9.767300e+00
1.424000e-05	4.102497e-02	-9.703842e+00
1.425000e-05	4.083512e-02	-9.644083e+00
1.426000e-05	4.289553e-02	-9.620031e+00
1.427000e-05	4.456878e-02	-9.599879e+00
1.428000e-05	4.452500e-02	-9.514274e+00
1.429000e-05	4.483817e-02	-9.409084e+00
1.430000e-05	4.790224e-02	-9.415853e+00
1.431000e-05	4.877693e-02	-9.273163e+00
1.432000e-05	4.820590e-02	-9.209477e+00
1.433000e-05	4.611834e-02	-9.135717e+00
1.434000e-05	4.874404e-02	-9.061987e+00
1.435000e-05	4.698853e-02	-8.957747e+00
1.436000e-05	4.553495e-02	-8.914715e+00
1.437000e-05	4.206151e-02	-8.820509e+00
1.438000e-05	4.374117e-02	-8.746872e+00
1.439000e-05	4.150226e-02	-8.641484e+00
1.440000e-05	4.158437e-02	-8.555721e+00
1.441000e-05	4.114372e-02	-8.440982e+00
1.442000e-05	3.823882e-02	-8.323769e+00
1.443000e-05	3.659880e-02	-8.260434e+00
1.444000e-05	3.332689e-02	-8.115718e+00
1.445000e-05	3.229519e-02	-8.011056e+00
1.446000e-05	3.156527e-02	-7.945717e+00
1.447000e-05	2.971664e-02	-7.756446e+00
1.448000e-05	2.827635e-02	-7.591356e+00
1.449000e-05	2.662475e-02	-7.475192e+00
1.450000e-05	2.569053e-02	-7.378773e+00
1.451000e-05	2.464215e-02	-7.230509e+00
1.452000e-05	2.319898e-02	-7.143169e+00
1.453000e-05	2.189217e-02	-6.968748e+00
1.454000e-05	2.141876e-02	-6.790456e+00
1.455000e-05	1.993985e-02	-6.682588e+00
1.456000e-05	1.806263e-02	-6.566292e+00
1.457000e-05	1.690618e-02	-6.429508e+00
1.458000e-05	1.693355e-02	-6.244034e+00
1.459000e-05	1.645243e-02	-6.043110e+00
1.460000e-05	1.490131e-02	-5.914796e+00
1.461000e-05	1.328689e-02	-5.789754e+00
1.462000e-05	1.184682e-02	-5.670029e+00
1.463000e-05	1.128995e-02	-5.503591e+00
1.464000e-05	1.144370e-02	-5.264069e+00
1.465000e-05	1.039938e-02	-5.094117e+00
1.466000e-05	1.004886e-02	-4.936746e+00
1.467000e-05	8.002671e-03	-4.736193e+00
1.468000e-05	8.332264e-03	-4.557849e+00
1.469000e-05	7.772650e-03	-4.431510e+00
1.470000e-05	7.524325e-03	-4.274639e+00
1.471000e-05	5.775462e-03	-4.104692e+00
1.472000e-05	7.649596e-03	-3.967729e+00
1.473000e-05	4.352991e-03	-3.759328e+00
1.474000e-05	5.387638e-03	-3.609477e+00
1.475000e-05	3.763526e-03	-3.432558e+00
1.476000e-05	3.913427e-03	-3.252611e+00
1.477000e-05	3.293811e-03	-3.080114e+00
1.478000e-05	2.002392e-03	-2.843715e+00
1.479000e-05	2.485732e-03	-2.763818e+00
1.480000e-05	1.331751e-03	-2.547743e+00
1.481000e-05	1.669573e-03	-2.409377e+00
1.482000e-05	8.425697e-04	-2.137302e+00
1.483000e-05	8.579237e-04	-1.977899e+00
1.484000e-05	-2.556893e-04	-1.799979e+00
1.485000e-05	4.826370e-04	-1.641533e+00
1.486000e-05	-1.668692e-03	-1.402431e+00
1.487000e-05	-8.415847e-04	-1.158351e+00
1.488000e-05	-2.700739e-03	-1.010450e+00
1.489000e-05	-9.931008e-04	-8.189790e-01
1.490000e-05	-4.123225e-03	-6.430338e-01
1.491000e-05	-2.755030e-03	-4.204490e-01
1.492000e-05	-3.823212e-03	-2.236103e-01
1.493000e-05	-3.639520e-03	-7.460809e-02
1.494000e-05	4.051683e-04	6.275704e-02
1.495000e-05	3.900077e-03	3.178597e-01
1.496000e-05	-5.182454e-03	4.541806e-01
1.497000e-05	1.145111e-03	6.301238e-01
1.498000e-05	-5.483581e-03	7.804912e-01
1.499000e-05	-1.602329e-03	9.090197e-01
1.500000e-05	-5.943329e-03	1.210045e+00
1.501000e-05	3.550569e-03	1.337440e+00
1.502000e-05	1.719237e-02	1.557859e+00
1.503000e-05	7.672799e-02	1.767443e+00
1.504000e-05	-3.111351e-02	1.987946e+00
1.505000e-05	-4.642882e-02	2.186463e+00
1.506000e-05	-3.665505e-02	2.356971e+00
1.507000e-05	-7.992849e-02	2.432734e+00
1.508000e-05	2.167738e-02	2.649179e+00
1.509000e-05	1.482186e-01	2.830524e+00
1.510000e-05	-2.010857e-01	2.967921e+00
1.511000e-05	1.226962e-01	3.092857e+00
1.512000e-05	1.868902e-02	3.283762e+00
1.513000e-05	-1.395469e-01	3.524366e+00
1.514000e-05	9.756249e-02	3.631103e+00
1.515000e-05	1.737476e-02	3.809075e+00
1.516000e-05	-1.124659e-01	3.999025e+00
1.517000e-05	1.023953e-01	4.165943e+00
1.518000e-05	-6.365763e-02	4.409024e+00
1.519000e-05	-1.594571e-02	4.554839e+00
1.520000e-05	2.135789e-02	4.736290e+00
1.521000e-05	-5.457803e-02	4.893209e+00
1.522000e-05	3.042160e-02	5.105813e+00
1.523000e-05	-3.431367e-02	5.336340e+00
1.524000e-05	3.577216e-03	5.494208e+00
1.525000e-05	-5.589794e-03	5.590031e+00
1.526000e-05	3.330257e-03	5.789003e+00
1.527000e-05	-1.392145e-02	5.978525e+00
1.528000e-05	-4.374802e-02	6.126816e+00
1.529000e-05	1.906527e-02	6.232733e+00
1.530000e-05	-1.039884e-02	6.389598e+00
1.531000e-05	-2.511300e-02	6.524865e+00
1.532000e-05	2.898038e-03	6.733917e+00
1.533000e-05	-2.795378e-02	6.852133e+00
1.534000e-05	-8.843562e-03	6.959048e+00
1.535000e-05	-1.461163e-02	7.095262e+00
1.536000e-05	-1.423579e-02	7.210549e+00
1.537000e-05	5.444706e-03	7.334921e+00
1.538000e-05	-3.058454e-02	7.535792e+00
1.539000e-05	-1.337619e-02	7.704162e+00
1.540000e-05	-2.397340e-02	7.789930e+00
1.541000e-05	-1.495366e-03	7.916741e+00
1.542000e-05	-1.979069e-02	8.111425e+00
1.543000e-05	-2.249604e-02	8.147447e+00
1.544000e-05	-5.134858e-03	8.314315e+00
1.545000e-05	-2.314968e-02	8.389548e+00
1.546000e-05	-1.794079e-02	8.491708e+00
1.547000e-05	-2.451929e-02	8.548420e+00
1.548000e-05	-8.042352e-03	8.622134e+00
1.549000e-05	-2.309962e-02	8.753944e+00
1.550000e-05	-2.396148e-02	8.811053e+00
1.551000e-05	-1.762352e-02	8.935741e+00
1.552000e-05	-1.881719e-02	9.052180e+00
1.553000e-05	-2.232743e-02	9.165897e+00
1.554000e-05	-2.527414e-02	9.210527e+00
1.555000e-05	-1.645955e-02	9.282263e+00
1.556000e-05	-2.491215e-02	9.386299e+00
1.557000e-05	-2.591710e-02	9.431532e+00
1.558000e-05	-2.418406e-02	9.494814e+00
1.559000e-05	-2.086550e-02	9.556394e+00
1.560000e-05	-2.780828e-02	9.579028e+00
1.561000e-05	-2.843051e-02	9.702608e+00
1.562000e-05	-2.259254e-02	9.694772e+00
1.563000e-05	-2.528649e-02	9.858451e+00
1.564000e-05	-2.645393e-02	9.901762e+00
1.565000e-05	-2.960881e-02	9.914214e+00
1.566000e-05	-2.688863e-02	9.936371e+00
1.567000e-05	-3.134910e-02	9.968874e+00
1.568000e-05	-2.921876e-02	9.989000e+00
1.569000e-05	-2.830115e-02	1.004108e+01
1.570000e-05	-2.936395e-02	1.008056e+01
1.571000e-05	-3.435592e-02	1.006319e+01
1.572000e-05	-3.217390e-02	1.009266e+01
1.573000e-05	-2.929861e-02	1.007321e+01
1.574000e-05	-3.304558e-02	1.010426e+01
1.575000e-05	-3.325297e-02	1.011472e+01
1.576000e-05	-3.432850e-02	1.013376e+01
1.577000e-05	-3.432761e-02	1.013427e+01
1.578000e-05	-3.674039e-02	1.011517e+01
1.579000e-05	-3.641711e-02	1.011479e+01
1.580000e-05	-3.548940e-02	1.010371e+01
1.581000e-05	-3.718828e-02	1.011411e+01
1.582000e-05	-3.796500e-02	1.007317e+01
1.583000e-05	-3.851675e-02	1.006264e+01
1.584000e-05	-3.943269e-02	1.003158e+01
1.585000e-05	-4.105695e-02	1.001098e+01
1.586000e-05	-4.141856e-02	1.001843e+01
1.587000e-05	-4.233333e-02	9.966322e+00
1.588000e-05	-4.410164e-02	9.904844e+00
1.589000e-05	-4.476469e-02	9.915685e+00
1.590000e-05	-4.676692e-02	9.768929e+00
1.591000e-05	-4.699308e-02	9.755297e+00
1.592000e-05	-4.938895e-02	9.642613e+00
1.593000e-05	-5.016562e-02	9.598480e+00
1.594000e-05	-5.168777e-02	9.547271e+00
1.595000e-05	-5.179394e-02	9.483167e+00
1.596000e-05	-5.284810e-02	9.430407e+00
1.597000e-05	-5.268762e-02	9.347849e+00
1.598000e-05	-5.574221e-02	9.265642e+00
1.599000e-05	-5.341299e-02	9.241534e+00
1.600000e-05	-5.314048e-02	9.195849e+00
1.601000e-05	-5.172082e-02	9.073014e+00
1.602000e-05	-5.279859e-02	8.934751e+00
1.603000e-05	-5.125503e-02	8.842084e+00
1.604000e-05	-4.994368e-02	8.766745e+00
1.605000e-05	-4.806533e-02	8.632687e+00
1.606000e-05	-4.746209e-02	8.568851e+00
1.607000e-05	-4.519770e-02	8.474694e+00
1.608000e-05	-4.335859e-02	8.429957e+00
1.609000e-05	-4.256889e-02	8.344797e+00
1.610000e-05	-4.033194e-02	8.209930e+00
1.611000e-05	-3.922205e-02	8.062648e+00
1.612000e-05	-3.721389e-02	7.956794e+00
1.613000e-05	-3.733567e-02	7.840483e+00
1.614000e-05	-3.414632e-02	7.704723e+00
1.615000e-05	-3.265886e-02	7.587980e+00
1.616000e-05	-3.252966e-02	7.442613e+00
1.617000e-05	-3.169590e-02	7.244568e+00
1.618000e-05	-2.927220e-02	7.166301e+00
1.619000e-05	-2.816680e-02	7.020483e+00
1.620000e-05	-2.708200e-02	6.884619e+00
1.621000e-05	-2.704665e-02	6.799877e+00
1.622000e-05	-2.513692e-02	6.641911e+00
1.623000e-05	-2.431632e-02	6.470988e+00
1.624000e-05	-2.247375e-02	6.273645e+00
1.625000e-05	-2.228028e-02	6.135801e+00
1.626000e-05	-2.191842e-02	6.011008e+00
1.627000e-05	-2.188764e-02	5.914069e+00
1.628000e-05	-2.032686e-02	5.673217e+00
1.629000e-05	-1.947527e-02	5.566748e+00
1.630000e-05	-1.878206e-02	5.407804e+00
1.631000e-05	-1.830874e-02	5.208810e+00
1.632000e-05	-1.803725e-02	5.028860e+00
1.633000e-05	-1.684540e-02	4.809404e+00
1.634000e-05	-1.660972e-02	4.631459e+00
1.635000e-05	-1.524149e-02	4.473687e+00
1.636000e-05	-1.541705e-02	4.356747e+00
1.637000e-05	-1.391925e-02	4.115803e+00
1.638000e-05	-1.256729e-02	3.968268e+00
1.639000e-05	-1.255299e-02	3.820427e+00
1.640000e-05	-1.403654e-02	3.651135e+00
1.641000e-05	-1.239923e-02	3.505666e+00
1.642000e-05	-1.127098e-02	3.254116e+00
1.643000e-05	-1.132991e-02	3.115743e+00
1.644000e-05	-1.092433e-02	2.926321e+00
1.645000e-05	-1.073259e-02	2.810930e+00
1.646000e-05	-9.493673e-03	2.498329e+00
1.647000e-05	-9.135024e-03	2.367901e+00
1.648000e-05	-9.527056e-03	2.228827e+00
1.649000e-05	-7.841039e-03	2.021553e+00
1.650000e-05	-8.589895e-03	1.892989e+00
1.651000e-05	-7.655299e-03	1.652583e+00
1.652000e-05	-7.648808e-03	1.453135e+00
1.653000e-05	-5.905756e-03	1.253118e+00
1.654000e-05	-6.987951e-03	1.062687e+00
1.655000e-05	-6.236615e-03	8.010090e-01
1.656000e-05	-5.668151e-03	6.330165e-01
1.657000e-05	-3.849335e-03	4.831630e-01
1.658000e-05	-4.480365e-03	3.156944e-01
1.659000e-05	-4.978746e-03	8.463909e-02
1.660000e-05	1.201068e-03	-6.425808e-02
1.661000e-05	3.451324e-03	-2.537542e-01
1.662000e-05	-3.915434e-03	-3.905238e-01
1.663000e-05	2.281116e-03	-5.696914e-01
1.664000e-05	-2.944998e-03	-7.899986e-01
1.665000e-05	8.500088e-04	-9.673357e-01
1.666000e-05	-7.971368e-04	-1.094207e+00
1.667000e-05	1.308845e-02	-1.302130e+00
1.668000e-05	8.826739e-02	-1.503231e+00
1.669000e-05	-2.594589e-03	-1.726812e+00
1.670000e-05	-5.580710e-02	-1.977517e+00
1.671000e-05	-2.295993e-02	-2.252199e+00
1.672000e-05	-1.077905e-01	-2.389974e+00
1.673000e-05	1.141832e-01	-2.400528e+00
1.674000e-05	8.311850e-02	-2.516861e+00
1.675000e-05	-2.120372e-01	-2.788047e+00
1.676000e-05	2.037338e-01	-2.903159e+00
1.677000e-05	-5.273779e-02	-3.052775e+00
1.678000e-05	-1.586566e-01	-3.335413e+00
1.679000e-05	2.019150e-01	-3.432207e+00
1.680000e-05	-6.602535e-02	-3.589575e+00
1.681000e-05	-6.360934e-02	-3.842081e+00
1.682000e-05	1.836409e-01	-3.939025e+00
1.683000e-05	-1.842437e-01	-4.189623e+00
1.684000e-05	1.098684e-01	-4.387920e+00
1.685000e-05	-6.060949e-03	-4.473707e+00
1.686000e-05	-9.436696e-02	-4.754409e+00
1.687000e-05	1.710454e-01	-4.802580e+00
1.688000e-05	-1.187638e-01	-5.031072e+00
1.689000e-05	3.731579e-02	-5.190048e+00
1.690000e-05	5.845531e-02	-5.369616e+00
1.691000e-05	-5.333191e-02	-5.599575e+00
1.692000e-05	8.578984e-02	-5.745341e+00
1.693000e-05	-1.055627e-01	-5.894809e+00
1.694000e-05	8.484529e-02	-6.010529e+00
1.695000e-05	1.071533e-02	-6.156967e+00
1.696000e-05	-5.309784e-02	-6.377945e+00
1.697000e-05	1.087988e-01	-6.513783e+00
1.698000e-05	-7.560282e-02	-6.633635e+00
1.699000e-05	5.798116e-02	-6.756946e+00
1.700000e-05	-3.047972e-02	-6.834711e+00
1.701000e-05	1.734635e-02	-7.051730e+00
1.702000e-05	7.541940e-02	-7.190023e+00
1.703000e-05	-6.513844e-02	-7.357365e+00
1.704000e-05	4.902821e-02	-7.461000e+00
1.705000e-05	-1.884142e-02	-7.546975e+00
1.706000e-05	4.748476e-02	-7.707863e+00
1.707000e-05	-3.796680e-03	-7.883659e+00
1.708000e-05	-7.902390e-04	-7.999525e+00
1.709000e-05	5.170079e-02	-8.113787e+00
1.710000e-05	-2.333608e-02	-8.230602e+00
1.711000e-05	3.081875e-02	-8.303242e+00
1.712000e-05	-2.071902e-03	-8.390499e+00
1.713000e-05	4.296982e-02	-8.494264e+00
1.714000e-05	-4.127687e-03	-8.621055e+00
1.715000e-05	6.909949e-03	-8.767220e+00
1.716000e-05	3.215626e-02	-8.822558e+00
1.717000e-05	1.342243e-02	-8.965868e+00
1.718000e-05	1.805445e-02	-9.007954e+00
1.719000e-05	5.968427e-03	-9.093683e+00
1.720000e-05	3.274038e-02	-9.156867e+00
1.721000e-05	1.179802e-02	-9.199498e+00
1.722000e-05	1.492698e-02	-9.241634e+00
1.723000e-05	2.214280e-02	-9.357923e+00
1.724000e-05	2.493259e-02	-9.502208e+00
1.725000e-05	1.496939e-02	-9.565293e+00
1.726000e-05	1.681927e-02	-9.577451e+00
1.727000e-05	2.895022e-02	-9.620079e+00
1.728000e-05	2.083256e-02	-9.683158e+00
1.729000e-05	2.250637e-02	-9.753742e+00
1.730000e-05	1.977617e-02	-9.786845e+00
1.731000e-05	2.533109e-02	-9.798926e+00
1.732000e-05	1.970522e-02	-9.841554e+00
1.733000e-05	2.375584e-02	-9.862680e+00
1.734000e-05	2.742111e-02	-9.934214e+00
1.735000e-05	2.410248e-02	-9.894793e+00
1.736000e-05	2.245078e-02	-9.936221e+00
1.737000e-05	2.620279e-02	-9.955347e+00
1.738000e-05	2.827172e-02	-9.988371e+00
1.739000e-05	2.583701e-02	-9.957450e+00
1.740000e-05	2.778919e-02	-9.977948e+00
1.741000e-05	2.871176e-02	-9.990901e+00
1.742000e-05	2.924292e-02	-9.979452e+00
1.743000e-05	2.522861e-02	-9.987948e+00
1.744000e-05	2.989331e-02	-9.990855e+00
1.745000e-05	3.114722e-02	-1.002007e+01
1.746000e-05	3.144717e-02	-9.979400e+00
1.747000e-05	3.186010e-02	-1.001782e+01
1.748000e-05	3.316288e-02	-9.958395e+00
1.749000e-05	3.341314e-02	-9.968322e+00
1.750000e-05	3.385286e-02	-9.945171e+00
1.751000e-05	3.701039e-02	-9.883717e+00
1.752000e-05	3.594043e-02	-9.861134e+00
1.753000e-05	3.572712e-02	-9.811005e+00
1.754000e-05	3.848608e-02	-9.809479e+00
1.755000e-05	3.975827e-02	-9.756300e+00
1.756000e-05	4.055192e-02	-9.684263e+00
1.757000e-05	4.288239e-02	-9.673126e+00
1.758000e-05	4.418551e-02	-9.610480e+00
1.759000e-05	4.421101e-02	-9.596350e+00
1.760000e-05	4.363109e-02	-9.483639e+00
1.761000e-05	4.700747e-02	-9.409484e+00
1.762000e-05	4.778228e-02	-9.315746e+00
1.763000e-05	4.663718e-02	-9.202035e+00
1.764000e-05	4.636048e-02	-9.199349e+00
1.765000e-05	4.849331e-02	-9.093708e+00
1.766000e-05	4.882067e-02	-9.039581e+00
1.767000e-05	4.614066e-02	-8.935689e+00
1.768000e-05	4.451407e-02	-8.851585e+00
1.769000e-05	4.439079e-02	-8.799975e+00
1.770000e-05	4.192477e-02	-8.704743e+00
1.771000e-05	4.095834e-02	-8.588452e+00
1.772000e-05	4.053815e-02	-8.441541e+00
1.773000e-05	3.980789e-02	-8.396874e+00
1.774000e-05	3.716666e-02	-8.262563e+00
1.775000e-05	3.583204e-02	-8.177922e+00
1.776000e-05	3.459114e-02	-8.093663e+00
1.777000e-05	3.222169e-02	-7.987378e+00
1.778000e-05	2.999774e-02	-7.841485e+00
1.779000e-05	2.979547e-02	-7.724647e+00
1.780000e-05	2.902511e-02	-7.618852e+00
1.781000e-05	2.557829e-02	-7.441384e+00
1.782000e-05	2.546017e-02	-7.292668e+00
1.783000e-05	2.368277e-02	-7.199905e+00
1.784000e-05	2.386585e-02	-7.040551e+00
1.785000e-05	2.161341e-02	-6.862588e+00
1.786000e-05	2.092266e-02	-6.735348e+00
1.787000e-05	2.058019e-02	-6.620455e+00
1.788000e-05	1.702558e-02	-6.493667e+00
1.789000e-05	1.631699e-02	-6.366346e+00
1.790000e-05	1.641794e-02	-6.207801e+00
1.791000e-05	1.622560e-02	-6.010459e+00
1.792000e-05	1.447811e-02	-5.831989e+00
1.793000e-05	1.303237e-02	-5.757194e+00
1.794000e-05	1.218045e-02	-5.567326e+00
1.795000e-05	1.145325e-02	-5.347333e+00
1.796000e-05	9.182813e-03	-5.199903e+00
1.797000e-05	9.896745e-03	-5.030559e+00
1.798000e-05	9.253804e-03	-4.861961e+00
1.799000e-05	9.749957e-03	-4.642530e+00
1.800000e-05	7.546522e-03	-4.455639e+00
1.801000e-05	9.139476e-03	-4.369345e+00
1.802000e-05	5.580826e-03	-4.190902e+00
1.803000e-05	5.685976e-03	-4.052633e+00
1.804000e-05	4.855627e-03	-3.925695e+00
1.805000e-05	5.278767e-03	-3.645641e+00
1.806000e-05	4.876158e-03	-3.545768e+00
1.807000e-05	4.715010e-03	-3.337772e+00
1.808000e-05	3.422471e-03	-3.209005e+00
1.809000e-05	3.826720e-03	-2.971398e+00
1.810000e-05	1.024750e-03	-2.779982e+00
1.811000e-05	2.627038e-03	-2.622083e+00
1.812000e-05	-3.363451e-04	-2.453108e+00
1.813000e-05	2.413325e-03	-2.304616e+00
1.814000e-05	-5.678810e-04	-2.043060e+00
1.815000e-05	1.527418e-03	-1.916713e+00
1.816000e-05	-1.087955e-03	-1.706318e+00
1.817000e-05	1.539508e-03	-1.558344e+00
1.818000e-05	-1.716154e-03	-1.274117e+00
1.819000e-05	-1.043472e-03	-1.064167e+00
1.820000e-05	-2.850626e-03	-9.052417e-01
1.821000e-05	-2.941952e-03	-7.982961e-01
1.822000e-05	-3.744181e-03	-4.956693e-01
1.823000e-05	-3.134231e-03	-3.682971e-01
1.824000e-05	-3.368158e-03	-1.587722e-01
1.825000e-05	-3.424812e-03	-9.429000e-03
1.826000e-05	2.637898e-03	1.791703e-01
1.827000e-05	-2.081646e-04	3.895438e-01
1.828000e-05	-3.007961e-03	5.188911e-01
1.829000e-05	-1.027684e-03	7.053846e-01
1.830000e-05	-4.282322e-03	8.316530e-01
1.831000e-05	-3.450748e-03	1.059302e+00
1.832000e-05	-3.543732e-03	1.252179e+00
1.833000e-05	4.429666e-03	1.451523e+00
1.834000e-05	4.727440e-02	1.652202e+00
1.835000e-05	5.073460e-02	1.883783e+00
1.836000e-05	-6.770843e-02	2.072657e+00
1.837000e-05	-3.010855e-02	2.252749e+00
1.838000e-05	-5.508223e-02	2.409525e+00
1.839000e-05	-7.433287e-02	2.506890e+00
1.840000e-05	1.468213e-01	2.736367e+00
1.841000e-05	-2.719555e-02	2.895259e+00
1.842000e-05	-1.308544e-01	3.010526e+00
1.843000e-05	1.901231e-01	3.198970e+00
1.844000e-05	-1.313483e-01	3.409124e+00
1.845000e-05	-3.822774e-02	3.559976e+00
1.846000e-05	1.294846e-01	3.694311e+00
1.847000e-05	-1.082463e-01	3.926836e+00
1.848000e-05	1.058882e-02	4.021704e+00
1.849000e-05	4.860206e-02	4.304307e+00
1.850000e-05	-7.920596e-02	4.411154e+00
1.851000e-05	3.185915e-02	4.641027e+00
1.852000e-05	-3.014013e-02	4.809529e+00
1.853000e-05	-1.384996e-02	4.967541e+00
1.854000e-05	7.809965e-03	5.230151e+00
1.855000e-05	-3.195331e-02	5.407976e+00
1.856000e-05	1.541731e-02	5.588938e+00
1.857000e-05	-8.294198e-03	5.720837e+00
1.858000e-05	1.969386e-03	5.954766e+00
1.859000e-05	-3.644000e-02	6.041181e+00
1.860000e-05	-2.742004e-02	6.208419e+00
1.861000e-05	3.163675e-02	6.315365e+00
1.862000e-05	-4.118695e-02	6.440635e+00
1.863000e-05	4.073707e-03	6.600574e+00
1.864000e-05	-2.009000e-02	6.779997e+00
1.865000e-05	-1.873608e-02	6.924788e+00
1.866000e-05	-4.794306e-03	7.050575e+00
1.867000e-05	-2.526815e-02	7.187572e+00
1.868000e-05	5.259090e-03	7.292682e+00
1.869000e-05	-1.923151e-02	7.359699e+00
1.870000e-05	-1.709053e-02	7.621599e+00
1.871000e-05	-2.529534e-02	7.715892e+00
1.872000e-05	-8.309034e-03	7.862630e+00
1.873000e-05	-9.514762e-03	8.047516e+00
1.874000e-05	-2.359032e-02	8.115321e+00
1.875000e-05	-1.511407e-02	8.231131e+00
1.876000e-05	-1.273974e-02	8.346791e+00
1.877000e-05	-2.242223e-02	8.430078e+00
1.878000e-05	-2.165346e-02	8.512815e+00
1.879000e-05	-1.599176e-02	8.599028e+00
1.880000e-05	-1.526146e-02	8.713766e+00
1.881000e-05	-2.394751e-02	8.779500e+00
1.882000e-05	-2.379047e-02	8.862130e+00
1.883000e-05	-1.451878e-02	8.975500e+00
1.884000e-05	-2.350986e-02	9.156288e+00
1.885000e-05	-2.294146e-02	9.199450e+00
1.886000e-05	-2.237662e-02	9.242684e+00
1.887000e-05	-1.800650e-02	9.325340e+00
1.888000e-05	-2.737974e-02	9.420032e+00
1.889000e-05	-2.740037e-02	9.483686e+00
1.890000e-05	-2.072104e-02	9.525321e+00
1.891000e-05	-2.425190e-02	9.596975e+00
1.892000e-05	-2.733121e-02	9.601107e+00
1.893000e-05	-2.763986e-02	9.674561e+00
1.894000e-05	-2.261262e-02	9.796395e+00
1.895000e-05	-2.668369e-02	9.850054e+00
1.896000e-05	-2.683062e-02	9.903614e+00
1.897000e-05	-2.883225e-02	9.975293e+00
1.898000e-05	-3.054321e-02	9.946897e+00
1.899000e-05	-3.059842e-02	9.997951e+00
1.900000e-05	-2.844520e-02	1.002095e+01
1.901000e-05	-2.624295e-02	1.000203e+01
1.902000e-05	-3.330791e-02	1.005311e+01
1.903000e-05	-3.369680e-02	1.007214e+01
1.904000e-05	-3.109601e-02	1.010269e+01
1.905000e-05	-3.045514e-02	1.008261e+01
1.906000e-05	-3.357125e-02	1.011322e+01
1.907000e-05	-3.371516e-02	1.010427e+01
1.908000e-05	-3.441320e-02	1.013474e+01
1.909000e-05	-3.616825e-02	1.014477e+01
1.910000e-05	-3.704628e-02	1.011474e+01
1.911000e-05	-3.726248e-02	1.017382e+01
1.912000e-05	-3.590702e-02	1.012374e+01
1.913000e-05	-3.800319e-02	1.011266e+01
1.914000e-05	-3.795022e-02	1.012421e+01
1.915000e-05	-3.916041e-02	1.010116e+01
1.916000e-05	-3.994284e-02	1.006111e+01
1.917000e-05	-4.121350e-02	1.001050e+01
1.918000e-05	-4.229816e-02	9.987425e+00
1.919000e-05	-4.300885e-02	1.001582e+01
1.920000e-05	-4.561210e-02	9.984742e+00
1.921000e-05	-4.507672e-02	9.871458e+00
1.922000e-05	-4.651444e-02	9.810472e+00
1.923000e-05	-4.786663e-02	9.715246e+00
1.924000e-05	-4.980679e-02	9.620081e+00
1.925000e-05	-5.148891e-02	9.557903e+00
1.926000e-05	-5.177502e-02	9.534792e+00
1.927000e-05	-5.346385e-02	9.471637e+00
1.928000e-05	-5.288820e-02	9.438451e+00
1.929000e-05	-5.391421e-02	9.295218e+00
1.930000e-05	-5.380635e-02	9.262062e+00
1.931000e-05	-5.275638e-02	9.207026e+00
1.932000e-05	-5.316391e-02	9.163693e+00
1.933000e-05	-5.253247e-02	9.049957e+00
1.934000e-05	-5.161478e-02	8.923223e+00
1.935000e-05	-5.128815e-02	8.838434e+00
1.936000e-05	-4.742572e-02	8.754792e+00
1.937000e-05	-4.934593e-02	8.648959e+00
1.938000e-05	-4.498822e-02	8.545325e+00
1.939000e-05	-4.494360e-02	8.471536e+00
1.940000e-05	-4.245507e-02	8.386303e+00
1.941000e-05	-4.383657e-02	8.325116e+00
1.942000e-05	-3.880219e-02	8.126820e+00
1.943000e-05	-3.928892e-02	8.050036e+00
1.944000e-05	-3.614493e-02	7.924171e+00
1.945000e-05	-3.779503e-02	7.798379e+00
1.946000e-05	-3.256073e-02	7.682112e+00
1.947000e-05	-3.444123e-02	7.555250e+00
1.948000e-05	-3.091325e-02	7.358856e+00
1.949000e-05	-3.084657e-02	7.239485e+00
1.950000e-05	-2.802284e-02	7.103742e+00
1.951000e-05	-2.830250e-02	6.967802e+00
1.952000e-05	-2.736733e-02	6.830558e+00
1.953000e-05	-2.519839e-02	6.735242e+00
1.954000e-05	-2.481317e-02	6.595294e+00
1.955000e-05	-2.382848e-02	6.377955e+00
1.956000e-05	-2.375182e-02	6.253082e+00
1.957000e-05	-2.297599e-02	6.114641e+00
1.958000e-05	-2.073824e-02	5.978426e+00
1.959000e-05	-2.056444e-02	5.821474e+00
1.960000e-05	-1.940946e-02	5.609985e+00
1.961000e-05	-1.967554e-02	5.453134e+00
1.962000e-05	-1.799654e-02	5.274696e+00
1.963000e-05	-1.835376e-02	5.147270e+00
1.964000e-05	-1.753559e-02	4.905093e+00
1.965000e-05	-1.639178e-02	4.745297e+00
1.966000e-05	-1.547403e-02	4.586450e+00
1.967000e-05	-1.465700e-02	4.421481e+00
1.968000e-05	-1.430025e-02	4.303111e+00
1.969000e-05	-1.378868e-02	4.052985e+00
1.970000e-05	-1.249608e-02	3.903117e+00
1.971000e-05	-1.313561e-02	3.735344e+00
1.972000e-05	-1.231046e-02	3.608977e+00
1.973000e-05	-1.175971e-02	3.408880e+00
1.974000e-05	-1.081842e-02	3.199477e+00
1.975000e-05	-1.122752e-02	3.041484e+00
1.976000e-05	-1.087126e-02	2.853088e+00
1.977000e-05	-9.302943e-03	2.713366e+00
1.978000e-05	-9.634608e-03	2.474173e+00
1.979000e-05	-8.041536e-03	2.284717e+00
1.980000e-05	-9.144552e-03	2.116168e+00
1.981000e-05	-7.271927e-03	1.978377e+00
1.982000e-05	-8.253706e-03	1.697441e+00
1.983000e-05	-7.149233e-03	1.548779e+00
1.984000e-05	-6.676631e-03	1.388872e+00
1.985000e-05	-5.735621e-03	1.186351e+00
1.986000e-05	-5.611277e-03	9.467246e-01
1.987000e-05	-6.491363e-03	7.584459e-01
1.988000e-05	-4.742931e-03	5.583461e-01
1.989000e-05	-3.646644e-03	4.210063e-01
1.990000e-05	-4.941369e-03	2.499063e-01
1.991000e-05	-2.514578e-03	8.961250e-03
1.992000e-05	2.655268e-03	-2.090161e-01
1.993000e-05	-2.277138e-04	-3.053156e-01
1.994000e-05	-5.380874e-05	-4.636780e-01
1.995000e-05	-4.350652e-04	-7.452817e-01
1.996000e-05	1.528300e-03	-8.426590e-01
1.997000e-05	-3.738727e-04	-9.805249e-01
1.998000e-05	4.508816e-03	-1.178067e+00
1.999000e-05	3.083275e-02	-1.398944e+00
2.000000e-05	9.534374e-02	-1.580074e+00
2.001000e-05	-8.100492e-02	-1.850728e+00
2.002000e-05	-2.320118e-03	-2.043286e+00
2.003000e-05	-7.702524e-02	-2.347391e+00
2.004000e-05	-5.323283e-02	-2.420000e+00
2.005000e-05	1.906436e-01	-2.420578e+00
2.006000e-05	-1.153567e-01	-2.682276e+00
2.007000e-05	-3.564285e-02	-2.832101e+00
2.008000e-05	2.039396e-01	-2.936413e+00
2.009000e-05	-2.124026e-01	-3.231075e+00
2.010000e-05	4.465697e-02	-3.388524e+00
2.011000e-05	1.444162e-01	-3.535313e+00
2.012000e-05	-1.833040e-01	-3.723860e+00
2.013000e-05	1.390723e-01	-3.915839e+00
2.014000e-05	8.709991e-03	-4.072282e+00
2.015000e-05	-1.101224e-01	-4.304282e+00
2.016000e-05	1.590008e-01	-4.380474e+00
2.017000e-05	-1.462286e-01	-4.587117e+00
2.018000e-05	7.560807e-02	-4.800971e+00
2.019000e-05	6.722612e-02	-4.905236e+00
2.020000e-05	-1.310551e-01	-5.104337e+00
2.021000e-05	1.364537e-01	-5.234209e+00
2.022000e-05	-5.765065e-02	-5.503855e+00
2.023000e-05	4.862126e-02	-5.672606e+00
2.024000e-05	-4.530536e-03	-5.799501e+00
2.025000e-05	-6.100208e-02	-5.967993e+00
2.026000e-05	1.241531e-01	-6.011607e+00
2.027000e-05	-9.261239e-02	-6.301681e+00
2.028000e-05	6.556465e-02	-6.400078e+00
2.029000e-05	1.811455e-02	-6.556917e+00
2.030000e-05	-3.692088e-02	-6.736290e+00
2.031000e-05	6.186594e-02	-6.800027e+00
2.032000e-05	-6.671938e-02	-6.934944e+00
2.033000e-05	9.962293e-02	-7.166915e+00
2.034000e-05	-2.119935e-02	-7.263629e+00
2.035000e-05	-8.241146e-03	-7.400998e+00
2.036000e-05	2.824511e-02	-7.494238e+00
2.037000e-05	-4.837631e-03	-7.662025e+00
2.038000e-05	5.055555e-02	-7.756397e+00
2.039000e-05	-3.509140e-02	-7.956915e+00
2.040000e-05	4.918439e-02	-8.053133e+00
2.041000e-05	5.800740e-03	-8.145442e+00
2.042000e-05	8.837081e-04	-8.264209e+00
2.043000e-05	2.029825e-02	-8.356316e+00
2.044000e-05	1.482724e-02	-8.432079e+00
2.045000e-05	3.413153e-02	-8.548371e+00
2.046000e-05	-1.754307e-02	-8.746287e+00
2.047000e-05	2.970258e-02	-8.780951e+00
2.048000e-05	2.107924e-02	-8.852707e+00
2.049000e-05	1.601034e-02	-8.968970e+00
2.050000e-05	9.812042e-03	-9.071031e+00
2.051000e-05	1.994562e-02	-9.106764e+00
2.052000e-05	3.002306e-02	-9.168473e+00
2.053000e-05	5.914114e-03	-9.201026e+00
2.054000e-05	2.141566e-02	-9.316222e+00
2.055000e-05	2.331339e-02	-9.368554e+00
2.056000e-05	2.157773e-02	-9.523666e+00
2.057000e-05	1.070615e-02	-9.588374e+00
2.058000e-05	2.507542e-02	-9.609002e+00
2.059000e-05	2.850241e-02	-9.632159e+00
2.060000e-05	2.057939e-02	-9.695141e+00
2.061000e-05	1.952731e-02	-9.747342e+00
2.062000e-05	2.201256e-02	-9.758897e+00
2.063000e-05	2.495742e-02	-9.838608e+00
2.064000e-05	2.077426e-02	-9.881083e+00
2.065000e-05	2.596168e-02	-9.852165e+00
2.066000e-05	2.668494e-02	-9.924764e+00
2.067000e-05	2.234158e-02	-9.935742e+00
2.068000e-05	2.303602e-02	-9.946893e+00
2.069000e-05	2.673599e-02	-9.945845e+00
2.070000e-05	2.687781e-02	-9.988423e+00
2.071000e-05	2.654984e-02	-9.968373e+00
2.072000e-05	2.880307e-02	-9.977424e+00
2.073000e-05	2.823415e-02	-9.998400e+00
2.074000e-05	2.717187e-02	-9.988951e+00
2.075000e-05	2.755969e-02	-1.001095e+01
2.076000e-05	2.998743e-02	-9.979477e+00
2.077000e-05	2.981658e-02	-9.968900e+00
2.078000e-05	3.049074e-02	-9.948423e+00
2.079000e-05	3.356865e-02	-9.977921e+00
2.080000e-05	3.414492e-02	-9.986348e+00
2.081000e-05	3.293747e-02	-9.936297e+00
2.082000e-05	3.403541e-02	-9.905819e+00
2.083000e-05	3.656154e-02	-9.882611e+00
2.084000e-05	3.579206e-02	-9.830060e+00
2.085000e-05	3.669678e-02	-9.849558e+00
2.086000e-05	3.956887e-02	-9.787351e+00
2.087000e-05	4.015315e-02	-9.714819e+00
2.088000e-05	4.155310e-02	-9.663211e+00
2.089000e-05	4.108045e-02	-9.620053e+00
2.090000e-05	4.403171e-02	-9.589927e+00
2.091000e-05	4.472906e-02	-9.555250e+00
2.092000e-05	4.507041e-02	-9.462063e+00
2.093000e-05	4.846921e-02	-9.366324e+00
2.094000e-05	4.591237e-02	-9.304142e+00
2.095000e-05	4.728050e-02	-9.209431e+00
2.096000e-05	4.654842e-02	-9.166244e+00
2.097000e-05	4.747358e-02	-9.102215e+00
2.098000e-05	4.676006e-02	-8.979302e+00
2.099000e-05	4.607841e-02	-8.834193e+00
2.100000e-05	4.521168e-02	-8.830458e+00
2.101000e-05	4.316838e-02	-8.786847e+00
2.102000e-05	4.097564e-02	-8.682559e+00
2.103000e-05	4.119607e-02	-8.535197e+00
2.104000e-05	4.032635e-02	-8.440960e+00
2.105000e-05	3.779729e-02	-8.355745e+00
2.106000e-05	3.604025e-02	-8.260510e+00
2.107000e-05	3.505094e-02	-8.106801e+00
2.108000e-05	3.419449e-02	-8.030004e+00
2.109000e-05	3.127540e-02	-7.926243e+00
2.110000e-05	3.011641e-02	-7.736926e+00
2.111000e-05	2.986249e-02	-7.639010e+00
2.112000e-05	2.714707e-02	-7.494115e+00
2.113000e-05	2.596903e-02	-7.359327e+00
2.114000e-05	2.486744e-02	-7.250533e+00
2.115000e-05	2.337273e-02	-7.135347e+00
2.116000e-05	2.247667e-02	-6.918352e+00
2.117000e-05	2.141145e-02	-6.809456e+00
2.118000e-05	2.040993e-02	-6.663641e+00
2.119000e-05	1.892868e-02	-6.536822e+00
2.120000e-05	1.765379e-02	-6.420506e+00
2.121000e-05	1.694934e-02	-6.244090e+00
2.122000e-05	1.590792e-02	-6.072541e+00
2.123000e-05	1.463490e-02	-5.965246e+00
2.124000e-05	1.356288e-02	-5.769926e+00
2.125000e-05	1.237677e-02	-5.652135e+00
2.126000e-05	1.198920e-02	-5.534140e+00
2.127000e-05	1.089030e-02	-5.303119e+00
2.128000e-05	9.487166e-03	-5.095191e+00
2.129000e-05	1.011292e-02	-4.954747e+00
2.130000e-05	9.022012e-03	-4.726772e+00
2.131000e-05	8.819852e-03	-4.578852e+00
2.132000e-05	5.918093e-03	-4.431533e+00
2.133000e-05	8.579436e-03	-4.274663e+00
2.134000e-05	4.421789e-03	-4.156269e+00
2.135000e-05	7.507368e-03	-3.990976e+00
2.136000e-05	3.885628e-03	-3.822481e+00
2.137000e-05	6.393505e-03	-3.609006e+00
2.138000e-05	3.393555e-03	-3.442458e+00
2.139000e-05	4.799442e-03	-3.283113e+00
2.140000e-05	2.528916e-03	-3.126163e+00
2.141000e-05	1.695652e-03	-2.874668e+00
2.142000e-05	2.413178e-03	-2.746267e+00
2.143000e-05	9.715841e-04	-2.578275e+00
2.144000e-05	1.561195e-03	-2.368925e+00
2.145000e-05	7.817584e-04	-2.097831e+00
2.146000e-05	1.606604e-03	-1.989825e+00
2.147000e-05	-1.963257e-04	-1.811483e+00
2.148000e-05	2.488919e-04	-1.620560e+00
2.149000e-05	-1.979999e-03	-1.461983e+00
2.150000e-05	-6.204281e-04	-1.209500e+00
2.151000e-05	-2.915987e-03	-1.000481e+00
2.152000e-05	-2.525250e-03	-8.300802e-01
2.153000e-05	-4.154584e-03	-6.540077e-01
2.154000e-05	-1.831591e-03	-4.109578e-01
2.155000e-05	-3.532924e-03	-2.841130e-01
2.156000e-05	-3.479330e-03	-8.421409e-02
2.157000e-05	-6.298400e-04	5.275941e-02
2.158000e-05	4.693404e-03	3.454320e-01
2.159000e-05	-3.848763e-03	4.740792e-01
2.160000e-05	5.828093e-04	6.215765e-01
2.161000e-05	-6.111390e-03	7.789986e-01
2.162000e-05	-2.503606e-03	9.074111e-01
2.163000e-05	-5.317149e-03	1.177992e+00
2.164000e-05	2.997096e-03	1.355341e+00
2.165000e-05	1.421820e-02	1.485938e+00
2.166000e-05	7.650108e-02	1.767472e+00
2.167000e-05	-1.619987e-02	1.977469e+00
2.168000e-05	-5.111106e-02	2.125891e+00
2.169000e-05	-3.497415e-02	2.326867e+00
2.170000e-05	-7.765263e-02	2.442683e+00
2.171000e-05	-1.358154e-03	2.672102e+00
2.172000e-05	1.638807e-01	2.799074e+00
2.173000e-05	-1.849089e-01	2.937417e+00
2.174000e-05	8.876254e-02	3.062762e+00
2.175000e-05	5.676889e-02	3.263308e+00
2.176000e-05	-1.482740e-01	3.555882e+00
2.177000e-05	7.925318e-02	3.600053e+00
2.178000e-05	4.311169e-02	3.789597e+00
2.179000e-05	-1.226153e-01	4.007974e+00
2.180000e-05	9.879470e-02	4.086460e+00
2.181000e-05	-5.034645e-02	4.379467e+00
2.182000e-05	-2.921883e-02	4.514339e+00
2.183000e-05	2.789336e-02	4.756313e+00
2.184000e-05	-5.526850e-02	4.866312e+00
2.185000e-05	2.772585e-02	5.114260e+00
2.186000e-05	-2.933197e-02	5.333842e+00
2.187000e-05	-1.034418e-03	5.472733e+00
2.188000e-05	-2.018550e-03	5.600030e+00
2.189000e-05	6.949777e-04	5.767092e+00
2.190000e-05	-1.162097e-02	5.986970e+00
2.191000e-05	-4.548845e-02	6.135361e+00
2.192000e-05	1.130976e-02	6.242702e+00
2.193000e-05	-1.299743e-03	6.369496e+00
2.194000e-05	-2.982939e-02	6.513761e+00
2.195000e-05	6.758824e-03	6.734317e+00
2.196000e-05	-2.924032e-02	6.821704e+00
2.197000e-05	-1.093464e-02	6.968496e+00
2.198000e-05	-1.394793e-02	7.132814e+00
2.199000e-05	-1.816226e-02	7.190500e+00
2.200000e-05	7.198726e-03	7.344221e+00
2.201000e-05	-3.012730e-02	7.544842e+00
2.202000e-05	-1.232867e-02	7.652583e+00
2.203000e-05	-2.676329e-02	7.788001e+00
2.204000e-05	-1.646986e-03	7.934762e+00
2.205000e-05	-1.839503e-02	8.062682e+00
2.206000e-05	-2.336145e-02	8.177997e+00
2.207000e-05	-7.207191e-03	8.324712e+00
2.208000e-05	-2.233392e-02	8.378527e+00
2.209000e-05	-1.753874e-02	8.461107e+00
2.210000e-05	-2.542738e-02	8.576345e+00
2.211000e-05	-8.692512e-03	8.662631e+00
2.212000e-05	-2.234813e-02	8.765363e+00
2.213000e-05	-2.345429e-02	8.790078e+00
2.214000e-05	-1.925099e-02	8.944288e+00
2.215000e-05	-1.853692e-02	9.071631e+00
2.216000e-05	-2.208359e-02	9.146842e+00
2.217000e-05	-2.540788e-02	9.220004e+00
2.218000e-05	-1.799548e-02	9.293262e+00
2.219000e-05	-2.507165e-02	9.355871e+00
2.220000e-05	-2.631216e-02	9.443057e+00
2.221000e-05	-2.370463e-02	9.544142e+00
2.222000e-05	-1.996791e-02	9.577397e+00
2.223000e-05	-2.726063e-02	9.589003e+00
2.224000e-05	-2.827767e-02	9.631561e+00
2.225000e-05	-2.324416e-02	9.765741e+00
2.226000e-05	-2.438348e-02	9.828522e+00
2.227000e-05	-2.682660e-02	9.902160e+00
2.228000e-05	-3.053191e-02	9.933764e+00
2.229000e-05	-2.800610e-02	9.936471e+00
2.230000e-05	-3.153503e-02	9.978447e+00
2.231000e-05	-2.921315e-02	9.999529e+00
2.232000e-05	-2.794380e-02	1.002048e+01
2.233000e-05	-2.848334e-02	1.002211e+01
2.234000e-05	-3.393962e-02	1.009211e+01
2.235000e-05	-3.230003e-02	1.006371e+01
2.236000e-05	-2.911080e-02	1.008314e+01
2.237000e-05	-3.230173e-02	1.008367e+01
2.238000e-05	-3.251718e-02	1.013419e+01
2.239000e-05	-3.535897e-02	1.010582e+01
2.240000e-05	-3.489258e-02	1.014672e+01
2.241000e-05	-3.633277e-02	1.013524e+01
2.242000e-05	-3.522545e-02	1.015472e+01
2.243000e-05	-3.537312e-02	1.012369e+01
2.244000e-05	-3.737163e-02	1.007317e+01
2.245000e-05	-3.819114e-02	1.009416e+01
2.246000e-05	-3.828857e-02	1.007211e+01
2.247000e-05	-3.882772e-02	1.004214e+01
2.248000e-05	-4.094190e-02	1.007098e+01
2.249000e-05	-4.154404e-02	1.002997e+01
2.250000e-05	-4.262940e-02	9.968327e+00
2.251000e-05	-4.448928e-02	9.957293e+00
2.252000e-05	-4.456156e-02	9.882644e+00
2.253000e-05	-4.557151e-02	9.839985e+00
2.254000e-05	-4.590961e-02	9.745326e+00
2.255000e-05	-4.920163e-02	9.674187e+00
2.256000e-05	-5.021376e-02	9.650483e+00
2.257000e-05	-5.109899e-02	9.565871e+00
2.258000e-05	-5.290127e-02	9.502719e+00
2.259000e-05	-5.378152e-02	9.460635e+00
2.260000e-05	-5.529017e-02	9.377371e+00
2.261000e-05	-5.451209e-02	9.304138e+00
2.262000e-05	-5.359681e-02	9.231010e+00
2.263000e-05	-5.360530e-02	9.179398e+00
2.264000e-05	-5.210911e-02	9.103613e+00
2.265000e-05	-5.273052e-02	8.964753e+00
2.266000e-05	-5.076367e-02	8.841067e+00
2.267000e-05	-5.174142e-02	8.797346e+00
2.268000e-05	-4.797078e-02	8.693662e+00
2.269000e-05	-4.801356e-02	8.608878e+00
2.270000e-05	-4.515891e-02	8.494240e+00
2.271000e-05	-4.533470e-02	8.439982e+00
2.272000e-05	-4.208084e-02	8.335670e+00
2.273000e-05	-4.135664e-02	8.239929e+00
2.274000e-05	-3.786786e-02	8.043567e+00
2.275000e-05	-3.923441e-02	7.987432e+00
2.276000e-05	-3.649710e-02	7.899560e+00
2.277000e-05	-3.575716e-02	7.745750e+00
2.278000e-05	-3.366817e-02	7.610507e+00
2.279000e-05	-3.222490e-02	7.522086e+00
2.280000e-05	-3.126285e-02	7.312671e+00
2.281000e-05	-2.916426e-02	7.157352e+00
2.282000e-05	-2.928776e-02	7.040581e+00
2.283000e-05	-2.718211e-02	6.894642e+00
2.284000e-05	-2.654902e-02	6.829929e+00
2.285000e-05	-2.479544e-02	6.661412e+00
2.286000e-05	-2.487661e-02	6.451510e+00
2.287000e-05	-2.325297e-02	6.316243e+00
2.288000e-05	-2.109974e-02	6.156905e+00
2.289000e-05	-2.223004e-02	6.041585e+00
2.290000e-05	-2.209250e-02	5.953317e+00
2.291000e-05	-2.094028e-02	5.714198e+00
2.292000e-05	-1.815323e-02	5.537321e+00
2.293000e-05	-1.860242e-02	5.409503e+00
2.294000e-05	-1.850367e-02	5.251405e+00
2.295000e-05	-1.776765e-02	4.998856e+00
2.296000e-05	-1.588391e-02	4.820908e+00
2.297000e-05	-1.651827e-02	4.683011e+00
2.298000e-05	-1.546812e-02	4.503164e+00
2.299000e-05	-1.412709e-02	4.408851e+00
2.300000e-05	-1.373136e-02	4.166199e+00
2.301000e-05	-1.410370e-02	3.979927e+00
2.302000e-05	-1.298007e-02	3.817955e+00
2.303000e-05	-1.200808e-02	3.642611e+00
2.304000e-05	-1.188951e-02	3.503693e+00
2.305000e-05	-1.125389e-02	3.245143e+00
2.306000e-05	-1.142090e-02	3.136818e+00
2.307000e-05	-1.078225e-02	2.968826e+00
2.308000e-05	-1.079094e-02	2.817980e+00
2.309000e-05	-9.117438e-03	2.589461e+00
2.310000e-05	-8.213093e-03	2.379434e+00
2.311000e-05	-8.604606e-03	2.199956e+00
2.312000e-05	-8.213141e-03	2.060610e+00
2.313000e-05	-8.417154e-03	1.872715e+00
2.314000e-05	-6.704637e-03	1.674635e+00
2.315000e-05	-7.391884e-03	1.475139e+00
2.316000e-05	-6.135893e-03	1.273714e+00
2.317000e-05	-5.950792e-03	1.104566e+00
2.318000e-05	-6.260393e-03	8.620601e-01
2.319000e-05	-6.198524e-03	6.736854e-01
2.320000e-05	-5.389459e-03	4.545893e-01
2.321000e-05	-3.555777e-03	3.663220e-01
2.322000e-05	-4.766379e-03	7.416671e-02
2.323000e-05	6.901681e-04	-3.470546e-02
2.324000e-05	4.546919e-03	-2.336767e-01
2.325000e-05	-4.197411e-03	-3.990186e-01
2.326000e-05	3.386300e-03	-5.700422e-01
2.327000e-05	-5.915450e-03	-7.679674e-01
2.328000e-05	3.809401e-03	-9.558383e-01
2.329000e-05	-2.036411e-03	-1.143756e+00
2.330000e-05	1.088392e-02	-1.252704e+00
2.331000e-05	7.766444e-02	-1.470152e+00
2.332000e-05	1.804006e-02	-1.694281e+00
2.333000e-05	-6.379648e-02	-1.967510e+00
2.334000e-05	-1.469060e-02	-2.210520e+00
2.335000e-05	-1.079166e-01	-2.369523e+00
2.336000e-05	8.745297e-02	-2.410528e+00
2.337000e-05	1.118946e-01	-2.514785e+00
2.338000e-05	-2.168007e-01	-2.777516e+00
2.339000e-05	1.777705e-01	-2.854107e+00
2.340000e-05	-1.975346e-04	-3.011698e+00
2.341000e-05	-1.784082e-01	-3.326310e+00
2.342000e-05	1.902113e-01	-3.433083e+00
2.343000e-05	-3.011170e-02	-3.587996e+00
2.344000e-05	-9.782158e-02	-3.809574e+00
2.345000e-05	1.979123e-01	-3.987921e+00
2.346000e-05	-1.719175e-01	-4.179494e+00
2.347000e-05	7.696612e-02	-4.376367e+00
2.348000e-05	3.123882e-02	-4.462030e+00
2.349000e-05	-1.173288e-01	-4.745861e+00
2.350000e-05	1.722562e-01	-4.850554e+00
2.351000e-05	-9.583120e-02	-4.980025e+00
2.352000e-05	6.310888e-03	-5.168501e+00
2.353000e-05	7.938072e-02	-5.348471e+00
2.354000e-05	-6.865869e-02	-5.567496e+00
2.355000e-05	9.399510e-02	-5.755362e+00
2.356000e-05	-9.460035e-02	-5.904337e+00
2.357000e-05	6.341155e-02	-6.000002e+00
2.358000e-05	3.289383e-02	-6.126383e+00
2.359000e-05	-7.276448e-02	-6.337470e+00
2.360000e-05	1.148363e-01	-6.464605e+00
2.361000e-05	-6.736064e-02	-6.662031e+00
2.362000e-05	4.828429e-02	-6.758896e+00
2.363000e-05	-1.405102e-02	-6.872685e+00
2.364000e-05	-2.197394e-03	-7.072258e+00
2.365000e-05	8.793203e-02	-7.199025e+00
2.366000e-05	-6.497163e-02	-7.364213e+00
2.367000e-05	4.662430e-02	-7.439529e+00
2.368000e-05	-1.445190e-02	-7.546346e+00
2.369000e-05	3.902370e-02	-7.723785e+00
2.370000e-05	7.311816e-03	-7.858709e+00
2.371000e-05	-9.979262e-03	-7.990001e+00
2.372000e-05	5.764049e-02	-8.093164e+00
2.373000e-05	-2.272981e-02	-8.197552e+00
2.374000e-05	2.881215e-02	-8.325315e+00
2.375000e-05	-1.754519e-03	-8.429453e+00
2.376000e-05	4.036022e-02	-8.474110e+00
2.377000e-05	4.206247e-03	-8.719504e+00
2.378000e-05	2.426041e-03	-8.757869e+00
2.379000e-05	3.425161e-02	-8.841030e+00
2.380000e-05	1.009514e-02	-8.945742e+00
2.381000e-05	1.768178e-02	-8.998928e+00
2.382000e-05	6.720245e-03	-9.095238e+00
2.383000e-05	3.594193e-02	-9.155873e+00
2.384000e-05	1.417867e-02	-9.200525e+00
2.385000e-05	1.178161e-02	-9.233557e+00
2.386000e-05	2.241304e-02	-9.335746e+00
2.387000e-05	2.469713e-02	-9.471110e+00
2.388000e-05	1.663053e-02	-9.553793e+00
2.389000e-05	1.422006e-02	-9.567500e+00
2.390000e-05	2.838959e-02	-9.652083e+00
2.391000e-05	2.110500e-02	-9.681688e+00
2.392000e-05	2.170195e-02	-9.735258e+00
2.393000e-05	2.037087e-02	-9.775872e+00
2.394000e-05	2.542027e-02	-9.808905e+00
2.395000e-05	2.010082e-02	-9.852030e+00
2.396000e-05	2.262030e-02	-9.863634e+00
2.397000e-05	2.734752e-02	-9.913715e+00
2.398000e-05	2.431919e-02	-9.934789e+00
2.399000e-05	2.414586e-02	-9.936794e+00
2.400000e-05	2.494060e-02	-9.966845e+00
2.401000e-05	2.657941e-02	-9.977371e+00
2.402000e-05	2.348242e-02	-9.978399e+00
2.403000e-05	2.886672e-02	-9.987950e+00
2.404000e-05	3.064204e-02	-9.988452e+00
2.405000e-05	2.885443e-02	-1.000095e+01
2.406000e-05	2.482228e-02	-1.000043e+01
2.407000e-05	2.862137e-02	-9.999450e+00
2.408000e-05	3.044306e-02	-9.979401e+00
2.409000e-05	3.044743e-02	-9.998350e+00
2.410000e-05	3.125382e-02	-9.978949e+00
2.411000e-05	3.341889e-02	-9.946323e+00
2.412000e-05	3.323028e-02	-9.935321e+00
2.413000e-05	3.244286e-02	-9.916316e+00
2.414000e-05	3.692570e-02	-9.913717e+00
2.415000e-05	3.740234e-02	-9.883034e+00
2.416000e-05	3.573399e-02	-9.831612e+00
2.417000e-05	3.727221e-02	-9.728902e+00
2.418000e-05	3.889604e-02	-9.757746e+00
2.419000e-05	4.166702e-02	-9.685190e+00
2.420000e-05	4.239490e-02	-9.692109e+00
2.421000e-05	4.306532e-02	-9.611510e+00
2.422000e-05	4.390247e-02	-9.577846e+00
2.423000e-05	4.422113e-02	-9.493667e+00
2.424000e-05	4.638755e-02	-9.419859e+00
2.425000e-05	4.840095e-02	-9.305747e+00
2.426000e-05	4.748691e-02	-9.240013e+00
2.427000e-05	4.767013e-02	-9.198325e+00
2.428000e-05	4.652167e-02	-9.114743e+00
2.429000e-05	4.839721e-02	-9.031480e+00
2.430000e-05	4.602195e-02	-8.955743e+00
2.431000e-05	4.491315e-02	-8.823085e+00
2.432000e-05	4.426534e-02	-8.819955e+00
2.433000e-05	4.216728e-02	-8.715716e+00
2.434000e-05	4.206497e-02	-8.618380e+00
2.435000e-05	4.105779e-02	-8.512638e+00
2.436000e-05	4.022049e-02	-8.399376e+00
2.437000e-05	3.694940e-02	-8.283138e+00
2.438000e-05	3.520055e-02	-8.219404e+00
2.439000e-05	3.429853e-02	-8.074189e+00
2.440000e-05	3.331769e-02	-8.001500e+00
2.441000e-05	3.176662e-02	-7.882035e+00
2.442000e-05	2.905016e-02	-7.747175e+00
2.443000e-05	2.782405e-02	-7.566873e+00
2.444000e-05	2.570317e-02	-7.422509e+00
2.445000e-05	2.558772e-02	-7.333241e+00
2.446000e-05	2.453687e-02	-7.196428e+00
2.447000e-05	2.259731e-02	-7.071537e+00
2.448000e-05	2.134311e-02	-6.884138e+00
2.449000e-05	2.054348e-02	-6.756821e+00
2.450000e-05	1.987355e-02	-6.611056e+00
2.451000e-05	1.817151e-02	-6.473689e+00
2.452000e-05	1.643895e-02	-6.365849e+00
2.453000e-05	1.594532e-02	-6.169931e+00
2.454000e-05	1.485357e-02	-6.020581e+00
2.455000e-05	1.495514e-02	-5.873637e+00
2.456000e-05	1.271658e-02	-5.757293e+00
2.457000e-05	1.170985e-02	-5.629325e+00
2.458000e-05	1.136892e-02	-5.427956e+00
2.459000e-05	1.001501e-02	-5.220405e+00
2.460000e-05	9.918951e-03	-5.042034e+00
2.461000e-05	8.275728e-03	-4.800559e+00
2.462000e-05	1.030287e-02	-4.673910e+00
2.463000e-05	6.341148e-03	-4.494671e+00
2.464000e-05	7.179924e-03	-4.388348e+00
2.465000e-05	4.932673e-03	-4.240528e+00
2.466000e-05	6.762016e-03	-4.043063e+00
2.467000e-05	5.863702e-03	-3.945093e+00
2.468000e-05	4.342409e-03	-3.684190e+00
2.469000e-05	3.729652e-03	-3.546196e+00
2.470000e-05	5.297854e-03	-3.367925e+00
2.471000e-05	3.405851e-03	-3.188450e+00
2.472000e-05	2.768640e-03	-3.019484e+00
2.473000e-05	1.765461e-03	-2.790452e+00
2.474000e-05	3.298579e-03	-2.681589e+00
2.475000e-05	6.247808e-04	-2.453612e+00
2.476000e-05	2.128320e-03	-2.324142e+00
2.477000e-05	5.219473e-05	-2.053116e+00
2.478000e-05	2.200647e-03	-1.895718e+00
2.479000e-05	-5.359897e-04	-1.756796e+00
2.480000e-05	-7.957432e-04	-1.577321e+00
2.481000e-05	-1.970370e-03	-1.275143e+00
2.482000e-05	-1.153821e-03	-1.134668e+00
2.483000e-05	-2.987114e-03	-9.457932e-01
2.484000e-05	-2.141966e-03	-7.698997e-01
2.485000e-05	-3.759920e-03	-5.378220e-01
2.486000e-05	-2.646842e-03	-3.367958e-01
2.487000e-05	-2.526698e-03	-2.310289e-01
2.488000e-05	-3.698563e-03	1.677759e-03
2.489000e-05	2.242177e-03	1.974927e-01
2.490000e-05	9.541918e-04	3.785198e-01
2.491000e-05	-2.913614e-03	5.148907e-01
2.492000e-05	8.937933e-04	7.123094e-01
2.493000e-05	-4.825960e-03	8.131267e-01
2.494000e-05	-2.809385e-03	1.050748e+00
2.495000e-05	-3.879708e-03	1.273655e+00
2.496000e-05	5.817620e-03	1.400623e+00
2.497000e-05	3.997327e-02	1.672675e+00
2.498000e-05	6.088552e-02	1.851728e+00
2.499000e-05	-6.650175e-02	2.053131e+00
2.500000e-05	-2.890099e-02	2.233102e+00
2.501000e-05	-5.222964e-02	2.420054e+00
2.502000e-05	-7.953081e-02	2.514364e+00
2.503000e-05	1.255206e-01	2.695412e+00
2.504000e-05	1.338530e-02	2.861081e+00
2.505000e-05	-1.573115e-01	3.010025e+00
2.506000e-05	1.968369e-01	3.166487e+00
2.507000e-05	-1.123044e-01	3.400444e+00
2.508000e-05	-6.010081e-02	3.577472e+00
2.509000e-05	1.322776e-01	3.681759e+00
2.510000e-05	-8.890500e-02	3.934832e+00
2.511000e-05	-1.468934e-02	4.023679e+00
2.512000e-05	6.515934e-02	4.291225e+00
2.513000e-05	-8.258897e-02	4.420158e+00
2.514000e-05	2.471467e-02	4.619172e+00
2.515000e-05	-1.772757e-02	4.819523e+00
2.516000e-05	-2.232795e-02	4.925924e+00
2.517000e-05	1.518324e-02	5.218498e+00
2.518000e-05	-3.710545e-02	5.398500e+00
2.519000e-05	1.421894e-02	5.546938e+00
2.520000e-05	-8.966893e-03	5.652107e+00
2.521000e-05	2.265168e-03	5.913263e+00
2.522000e-05	-3.217897e-02	6.031553e+00
2.523000e-05	-3.407883e-02	6.206520e+00
2.524000e-05	3.240944e-02	6.325342e+00
2.525000e-05	-3.898843e-02	6.452580e+00
2.526000e-05	1.138255e-03	6.628449e+00
2.527000e-05	-1.471126e-02	6.789497e+00
2.528000e-05	-2.043717e-02	6.915817e+00
2.529000e-05	-4.864154e-03	7.022028e+00
2.530000e-05	-2.461786e-02	7.198865e+00
2.531000e-05	2.152187e-03	7.230083e+00
2.532000e-05	-1.458925e-02	7.390125e+00
2.533000e-05	-1.914002e-02	7.569925e+00
2.534000e-05	-2.356720e-02	7.714364e+00
2.535000e-05	-1.171587e-02	7.831577e+00
2.536000e-05	-6.491692e-03	8.026994e+00
2.537000e-05	-2.260355e-02	8.105838e+00
2.538000e-05	-1.829778e-02	8.240050e+00
2.539000e-05	-1.188556e-02	8.357393e+00
2.540000e-05	-2.279743e-02	8.422531e+00
2.541000e-05	-2.108040e-02	8.523841e+00
2.542000e-05	-1.803680e-02	8.608450e+00
2.543000e-05	-1.412251e-02	8.683789e+00
2.544000e-05	-2.390424e-02	8.767474e+00
2.545000e-05	-2.494038e-02	8.831983e+00
2.546000e-05	-1.432854e-02	8.974546e+00
2.547000e-05	-2.235552e-02	9.134184e+00
2.548000e-05	-2.168594e-02	9.186946e+00
2.549000e-05	-2.312460e-02	9.241106e+00
2.550000e-05	-1.839994e-02	9.345219e+00
2.551000e-05	-2.733290e-02	9.389976e+00
2.552000e-05	-2.658030e-02	9.503109e+00
2.553000e-05	-2.067063e-02	9.535874e+00
2.554000e-05	-2.396562e-02	9.599374e+00
2.555000e-05	-2.760238e-02	9.619608e+00
2.556000e-05	-2.754078e-02	9.714159e+00
2.557000e-05	-2.201337e-02	9.755297e+00
2.558000e-05	-2.659705e-02	9.868480e+00
2.559000e-05	-2.726820e-02	9.894159e+00
2.560000e-05	-2.950387e-02	9.935241e+00
2.561000e-05	-2.911659e-02	9.975972e+00
2.562000e-05	-3.007598e-02	9.977922e+00
2.563000e-05	-2.856196e-02	9.999999e+00
2.564000e-05	-2.695445e-02	1.004108e+01
2.565000e-05	-3.257480e-02	1.008259e+01
2.566000e-05	-3.359440e-02	1.007266e+01
2.567000e-05	-3.024437e-02	1.007321e+01
2.568000e-05	-2.990353e-02	1.014314e+01
2.569000e-05	-3.291124e-02	1.012424e+01
2.570000e-05	-3.406887e-02	1.012481e+01
2.571000e-05	-3.389741e-02	1.011569e+01
2.572000e-05	-3.696650e-02	1.011380e+01
2.573000e-05	-3.621797e-02	1.010424e+01
2.574000e-05	-3.704354e-02	1.014519e+01
2.575000e-05	-3.479943e-02	1.008472e+01
2.576000e-05	-3.809575e-02	1.008371e+01
2.577000e-05	-3.750955e-02	1.008266e+01
2.578000e-05	-3.939532e-02	1.004261e+01
2.579000e-05	-4.023443e-02	1.002006e+01
2.580000e-05	-4.168796e-02	1.001100e+01
2.581000e-05	-4.244762e-02	1.000683e+01
2.582000e-05	-4.247845e-02	9.975894e+00
2.583000e-05	-4.583207e-02	9.914767e+00
2.584000e-05	-4.448872e-02	9.912590e+00
2.585000e-05	-4.741120e-02	9.776853e+00
2.586000e-05	-4.807941e-02	9.704197e+00
2.587000e-05	-4.937425e-02	9.670582e+00
2.588000e-05	-5.157119e-02	9.596928e+00
2.589000e-05	-4.968868e-02	9.535744e+00
2.590000e-05	-5.265334e-02	9.481137e+00
2.591000e-05	-5.344123e-02	9.389452e+00
2.592000e-05	-5.377005e-02	9.363745e+00
2.593000e-05	-5.646456e-02	9.252638e+00
2.594000e-05	-5.398602e-02	9.218452e+00
2.595000e-05	-5.505867e-02	9.163292e+00
2.596000e-05	-5.263677e-02	9.039433e+00
2.597000e-05	-5.170615e-02	8.924742e+00
2.598000e-05	-5.095846e-02	8.839432e+00
2.599000e-05	-4.712180e-02	8.744795e+00
2.600000e-05	-4.891354e-02	8.641036e+00
2.601000e-05	-4.541997e-02	8.576395e+00
2.602000e-05	-4.679455e-02	8.451538e+00
2.603000e-05	-4.402302e-02	8.397424e+00
2.604000e-05	-4.373358e-02	8.272586e+00
2.605000e-05	-3.986260e-02	8.116325e+00
2.606000e-05	-3.877106e-02	7.990458e+00
2.607000e-05	-3.640353e-02	7.935167e+00
2.608000e-05	-3.542975e-02	7.789905e+00
2.609000e-05	-3.279498e-02	7.701687e+00
2.610000e-05	-3.447165e-02	7.555850e+00
2.611000e-05	-3.124415e-02	7.427983e+00
2.612000e-05	-3.144117e-02	7.250939e+00
2.613000e-05	-2.934109e-02	7.144216e+00
2.614000e-05	-2.989222e-02	7.007303e+00
2.615000e-05	-2.785956e-02	6.862082e+00
2.616000e-05	-2.540419e-02	6.745714e+00
2.617000e-05	-2.339269e-02	6.514728e+00
2.618000e-05	-2.320200e-02	6.419906e+00
2.619000e-05	-2.342176e-02	6.221611e+00
2.620000e-05	-2.271076e-02	6.074193e+00
2.621000e-05	-2.118475e-02	5.997928e+00
2.622000e-05	-2.074671e-02	5.840956e+00
2.623000e-05	-2.026990e-02	5.629959e+00
2.624000e-05	-1.894819e-02	5.484690e+00
2.625000e-05	-1.822451e-02	5.295243e+00
2.626000e-05	-1.828142e-02	5.168225e+00
2.627000e-05	-1.740792e-02	4.884303e+00
2.628000e-05	-1.568538e-02	4.746297e+00
2.629000e-05	-1.473980e-02	4.588901e+00
2.630000e-05	-1.573769e-02	4.412084e+00
2.631000e-05	-1.422297e-02	4.312115e+00
2.632000e-05	-1.460214e-02	4.062664e+00
2.633000e-05	-1.352266e-02	3.916162e+00
2.634000e-05	-1.278542e-02	3.765296e+00
2.635000e-05	-1.221078e-02	3.589954e+00
2.636000e-05	-1.026967e-02	3.399406e+00
2.637000e-05	-1.026137e-02	3.210435e+00
2.638000e-05	-1.021344e-02	3.051060e+00
2.639000e-05	-1.133966e-02	2.862090e+00
2.640000e-05	-1.079059e-02	2.705220e+00
2.641000e-05	-9.505286e-03	2.443696e+00
2.642000e-05	-9.205693e-03	2.344269e+00
2.643000e-05	-7.954293e-03	2.147243e+00
2.644000e-05	-8.078025e-03	1.990926e+00
2.645000e-05	-6.353026e-03	1.788354e+00
2.646000e-05	-7.098597e-03	1.629404e+00
2.647000e-05	-6.667711e-03	1.379947e+00
2.648000e-05	-6.721039e-03	1.200477e+00
2.649000e-05	-6.307043e-03	9.667533e-01
2.650000e-05	-5.378523e-03	7.773197e-01
2.651000e-05	-5.096192e-03	5.393763e-01
2.652000e-05	-5.490878e-03	4.110300e-01
2.653000e-05	-5.154328e-03	2.604840e-01
2.654000e-05	-4.194582e-03	1.955075e-03
2.655000e-05	3.332151e-03	-1.254861e-01
2.656000e-05	9.191878e-04	-3.458358e-01
2.657000e-05	-1.752029e-04	-4.327052e-01
2.658000e-05	9.268738e-04	-6.638320e-01
2.659000e-05	-8.634831e-04	-8.721018e-01
2.660000e-05	-1.989480e-03	-9.804699e-01
2.661000e-05	2.979599e-03	-1.107021e+00
2.662000e-05	2.465940e-02	-1.336839e+00
2.663000e-05	1.017054e-01	-1.560072e+00
2.664000e-05	-7.186667e-02	-1.830649e+00
2.665000e-05	-7.213263e-03	-2.053730e+00
2.666000e-05	-6.784003e-02	-2.314863e+00
2.667000e-05	-7.226534e-02	-2.400003e+00
2.668000e-05	1.864552e-01	-2.431075e+00
2.669000e-05	-8.173168e-02	-2.609699e+00
2.670000e-05	-8.297310e-02	-2.830529e+00
2.671000e-05	2.186324e-01	-2.893144e+00
2.672000e-05	-1.981039e-01	-3.187969e+00
2.673000e-05	3.052846e-03	-3.389977e+00
2.674000e-05	1.666731e-01	-3.494258e+00
2.675000e-05	-1.718868e-01	-3.683733e+00
2.676000e-05	1.069019e-01	-3.915358e+00
2.677000e-05	5.105638e-02	-4.063129e+00
2.678000e-05	-1.371515e-01	-4.253208e+00
2.679000e-05	1.619172e-01	-4.379975e+00
2.680000e-05	-1.287108e-01	-4.578468e+00
2.681000e-05	4.335512e-02	-4.789497e+00
2.682000e-05	9.712939e-02	-4.873756e+00
2.683000e-05	-1.420655e-01	-5.094759e+00
2.684000e-05	1.273473e-01	-5.252686e+00
2.685000e-05	-4.121183e-02	-5.513234e+00
2.686000e-05	2.965722e-02	-5.623629e+00
2.687000e-05	1.882176e-02	-5.776477e+00
2.688000e-05	-7.698805e-02	-5.945466e+00
2.689000e-05	1.251439e-01	-6.023057e+00
2.690000e-05	-8.007708e-02	-6.241153e+00
2.691000e-05	4.485680e-02	-6.411602e+00
2.692000e-05	3.921072e-02	-6.557316e+00
2.693000e-05	-4.983954e-02	-6.714817e+00
2.694000e-05	6.978433e-02	-6.809948e+00
2.695000e-05	-6.650649e-02	-6.998372e+00
2.696000e-05	8.784644e-02	-7.133790e+00
2.697000e-05	-3.033460e-03	-7.213629e+00
2.698000e-05	-2.083196e-02	-7.388974e+00
2.699000e-05	3.646768e-02	-7.443712e+00
2.700000e-05	-1.157649e-02	-7.641624e+00
2.701000e-05	5.430241e-02	-7.768497e+00
2.702000e-05	-3.103545e-02	-7.946340e+00
2.703000e-05	4.129532e-02	-8.031680e+00
2.704000e-05	1.467901e-02	-8.146341e+00
2.705000e-05	-5.475098e-03	-8.261711e+00
2.706000e-05	2.424010e-02	-8.366369e+00
2.707000e-05	9.485364e-03	-8.432231e+00
2.708000e-05	3.793848e-02	-8.525244e+00
2.709000e-05	-1.598364e-02	-8.663182e+00
2.710000e-05	2.691181e-02	-8.808925e+00
2.711000e-05	2.288369e-02	-8.862682e+00
2.712000e-05	1.542597e-02	-8.976445e+00
2.713000e-05	1.194069e-02	-9.061058e+00
2.714000e-05	1.565462e-02	-9.113739e+00
2.715000e-05	3.064983e-02	-9.157896e+00
2.716000e-05	6.113273e-03	-9.201079e+00
2.717000e-05	2.074617e-02	-9.283268e+00
2.718000e-05	2.251650e-02	-9.379979e+00
2.719000e-05	2.295837e-02	-9.523834e+00
2.720000e-05	1.207528e-02	-9.557872e+00
2.721000e-05	2.258733e-02	-9.600079e+00
2.722000e-05	2.720704e-02	-9.642184e+00
2.723000e-05	1.968483e-02	-9.693215e+00
2.724000e-05	2.102296e-02	-9.745367e+00
2.725000e-05	2.074473e-02	-9.779328e+00
2.726000e-05	2.390539e-02	-9.799055e+00
2.727000e-05	1.967645e-02	-9.872658e+00
2.728000e-05	2.587182e-02	-9.823664e+00
2.729000e-05	2.640990e-02	-9.914243e+00
2.730000e-05	2.325591e-02	-9.935766e+00
2.731000e-05	2.346505e-02	-9.946318e+00
2.732000e-05	2.757962e-02	-9.946820e+00
2.733000e-05	2.571977e-02	-9.978897e+00
2.734000e-05	2.548471e-02	-9.996422e+00
2.735000e-05	2.759937e-02	-9.988496e+00
2.736000e-05	2.973835e-02	-1.000892e+01
2.737000e-05	2.789724e-02	-1.002002e+01
2.738000e-05	2.647000e-02	-1.003998e+01
2.739000e-05	2.942587e-02	-9.987929e+00
2.740000e-05	3.097264e-02	-9.959802e+00
2.741000e-05	3.155351e-02	-9.987921e+00
2.742000e-05	3.163337e-02	-9.978943e+00
2.743000e-05	3.258372e-02	-9.947850e+00
2.744000e-05	3.256593e-02	-9.947268e+00
2.745000e-05	3.484064e-02	-9.904238e+00
2.746000e-05	3.753883e-02	-9.903666e+00
2.747000e-05	3.572259e-02	-9.881110e+00
2.748000e-05	3.649253e-02	-9.820056e+00
2.749000e-05	3.859832e-02	-9.805898e+00
2.750000e-05	4.063234e-02	-9.724242e+00
2.751000e-05	4.207922e-02	-9.683162e+00
2.752000e-05	4.143952e-02	-9.660583e+00
2.753000e-05	4.369224e-02	-9.609903e+00
2.754000e-05	4.389463e-02	-9.566246e+00
2.755000e-05	4.565312e-02	-9.472060e+00
2.756000e-05	4.886134e-02	-9.367350e+00
2.757000e-05	4.737576e-02	-9.281720e+00
2.758000e-05	4.774903e-02	-9.220431e+00
2.759000e-05	4.747716e-02	-9.158318e+00
2.760000e-05	4.785031e-02	-9.093136e+00
2.761000e-05	4.749219e-02	-8.989281e+00
2.762000e-05	4.554535e-02	-8.884266e+00
2.763000e-05	4.481591e-02	-8.842055e+00
2.764000e-05	4.277122e-02	-8.757869e+00
2.765000e-05	4.124770e-02	-8.679565e+00
2.766000e-05	4.230343e-02	-8.496319e+00
2.767000e-05	4.212419e-02	-8.431511e+00
2.768000e-05	3.831444e-02	-8.375796e+00
2.769000e-05	3.569649e-02	-8.211035e+00
2.770000e-05	3.519923e-02	-8.145746e+00
2.771000e-05	3.393986e-02	-8.041583e+00
2.772000e-05	3.088011e-02	-7.955720e+00
2.773000e-05	2.992015e-02	-7.766409e+00
2.774000e-05	2.992553e-02	-7.662560e+00
2.775000e-05	2.768067e-02	-7.494143e+00
2.776000e-05	2.523340e-02	-7.388853e+00
2.777000e-05	2.400192e-02	-7.243087e+00
2.778000e-05	2.365460e-02	-7.125745e+00
2.779000e-05	2.232299e-02	-6.957805e+00
2.780000e-05	2.134249e-02	-6.801006e+00
2.781000e-05	1.998210e-02	-6.704789e+00
2.782000e-05	1.935274e-02	-6.548200e+00
2.783000e-05	1.787218e-02	-6.441033e+00
2.784000e-05	1.654626e-02	-6.344638e+00
2.785000e-05	1.525824e-02	-6.115694e+00
2.786000e-05	1.476932e-02	-5.946324e+00
2.787000e-05	1.327222e-02	-5.839559e+00
2.788000e-05	1.290054e-02	-5.672614e+00
2.789000e-05	1.089647e-02	-5.504697e+00
2.790000e-05	1.132822e-02	-5.285696e+00
2.791000e-05	1.007995e-02	-5.105770e+00
2.792000e-05	1.076127e-02	-4.956826e+00
2.793000e-05	8.025393e-03	-4.769325e+00
2.794000e-05	8.342562e-03	-4.618855e+00
2.795000e-05	6.152654e-03	-4.412031e+00
2.796000e-05	8.978171e-03	-4.294716e+00
2.797000e-05	3.466989e-03	-4.156726e+00
2.798000e-05	6.176673e-03	-4.019951e+00
2.799000e-05	3.497887e-03	-3.851409e+00
2.800000e-05	6.190173e-03	-3.631078e+00
2.801000e-05	2.815302e-03	-3.472062e+00
2.802000e-05	4.714076e-03	-3.303641e+00
2.803000e-05	3.048455e-03	-3.147243e+00
2.804000e-05	2.230878e-03	-2.918742e+00
2.805000e-05	2.142783e-03	-2.776822e+00
2.806000e-05	1.606117e-03	-2.557877e+00
2.807000e-05	1.431856e-03	-2.420451e+00
2.808000e-05	1.602905e-03	-2.168307e+00
2.809000e-05	2.171436e-03	-2.000883e+00
2.810000e-05	-6.015061e-05	-1.810531e+00
2.811000e-05	4.266776e-04	-1.652562e+00
2.812000e-05	-1.957104e-03	-1.493560e+00
2.813000e-05	-5.845690e-04	-1.189933e+00
2.814000e-05	-3.427669e-03	-1.031509e+00
2.815000e-05	-1.474703e-03	-8.510317e-01
2.816000e-05	-3.958044e-03	-6.840615e-01
2.817000e-05	-2.942698e-03	-4.425602e-01
2.818000e-05	-3.359192e-03	-2.551141e-01
2.819000e-05	-3.037666e-03	-9.463935e-02
2.820000e-05	-1.338264e-04	5.072777e-02
2.821000e-05	4.474587e-03	3.032855e-01
2.822000e-05	-3.914915e-03	4.221041e-01
2.823000e-05	1.221401e-03	6.101238e-01
2.824000e-05	-4.358969e-03	7.973709e-01
2.825000e-05	-2.068969e-03	8.668334e-01
2.826000e-05	-5.777611e-03	1.178941e+00
2.827000e-05	2.795440e-03	1.325961e+00
2.828000e-05	1.164542e-02	1.494410e+00
2.829000e-05	7.299004e-02	1.748466e+00
2.830000e-05	-2.862474e-03	1.966390e+00
2.831000e-05	-5.650096e-02	2.166387e+00
2.832000e-05	-3.345258e-02	2.305362e+00
2.833000e-05	-7.315348e-02	2.432157e+00
2.834000e-05	-2.019924e-02	2.570549e+00
2.835000e-05	1.735521e-01	2.788994e+00
2.836000e-05	-1.628755e-01	2.935392e+00
2.837000e-05	4.466388e-02	3.042203e+00
2.838000e-05	8.894362e-02	3.251156e+00
2.839000e-05	-1.535069e-01	3.494234e+00
2.840000e-05	5.946539e-02	3.600529e+00
2.841000e-05	6.675129e-02	3.798445e+00
2.842000e-05	-1.310949e-01	3.978445e+00
2.843000e-05	8.907655e-02	4.123861e+00
2.844000e-05	-3.433730e-02	4.377445e+00
2.845000e-05	-3.977672e-02	4.523784e+00
2.846000e-05	3.212782e-02	4.723336e+00
2.847000e-05	-5.565386e-02	4.851150e+00
2.848000e-05	2.295785e-02	5.102157e+00
2.849000e-05	-2.311031e-02	5.304258e+00
2.850000e-05	-6.711532e-03	5.471130e+00
2.851000e-05	1.711399e-03	5.569471e+00
2.852000e-05	-7.710387e-04	5.818518e+00
2.853000e-05	-8.956868e-03	5.978991e+00
2.854000e-05	-4.457768e-02	6.124233e+00
2.855000e-05	3.923672e-03	6.241579e+00
2.856000e-05	6.858998e-03	6.379471e+00
2.857000e-05	-3.502083e-02	6.513262e+00
2.858000e-05	8.399875e-03	6.707813e+00
2.859000e-05	-2.950554e-02	6.830176e+00
2.860000e-05	-1.095797e-02	6.976475e+00
2.861000e-05	-1.109216e-02	7.104733e+00
2.862000e-05	-2.103518e-02	7.210575e+00
2.863000e-05	8.497394e-03	7.296216e+00
2.864000e-05	-3.011330e-02	7.475784e+00
2.865000e-05	-1.215988e-02	7.671129e+00
2.866000e-05	-2.738370e-02	7.768472e+00
2.867000e-05	-1.446609e-03	7.895307e+00
2.868000e-05	-1.776082e-02	8.068525e+00
2.869000e-05	-2.456861e-02	8.137973e+00
2.870000e-05	-6.777730e-03	8.272709e+00
2.871000e-05	-2.049290e-02	8.397523e+00
2.872000e-05	-1.894746e-02	8.460057e+00
2.873000e-05	-2.596523e-02	8.567840e+00
2.874000e-05	-8.943316e-03	8.652107e+00
2.875000e-05	-2.211091e-02	8.747342e+00
2.876000e-05	-2.322017e-02	8.830005e+00
2.877000e-05	-2.107451e-02	8.905789e+00
2.878000e-05	-1.556076e-02	9.091582e+00
2.879000e-05	-2.100138e-02	9.146791e+00
2.880000e-05	-2.454224e-02	9.221529e+00
2.881000e-05	-1.832872e-02	9.282736e+00
2.882000e-05	-2.325333e-02	9.366415e+00
2.883000e-05	-2.568401e-02	9.430055e+00
2.884000e-05	-2.614123e-02	9.533737e+00
2.885000e-05	-1.953243e-02	9.568347e+00
2.886000e-05	-2.663739e-02	9.608979e+00
2.887000e-05	-2.761307e-02	9.642606e+00
2.888000e-05	-2.432264e-02	9.714747e+00
2.889000e-05	-2.409333e-02	9.776015e+00
2.890000e-05	-2.589192e-02	9.880685e+00
2.891000e-05	-2.898849e-02	9.945741e+00
2.892000e-05	-2.779429e-02	9.985798e+00
2.893000e-05	-3.117373e-02	9.986271e+00
2.894000e-05	-2.915548e-02	1.000995e+01
2.895000e-05	-2.822090e-02	9.991008e+00
2.896000e-05	-2.801453e-02	1.004108e+01
2.897000e-05	-3.480147e-02	1.008363e+01
2.898000e-05	-3.221813e-02	1.004364e+01
2.899000e-05	-2.952936e-02	1.011471e+01
2.900000e-05	-3.175676e-02	1.008469e+01
2.901000e-05	-3.291756e-02	1.008379e+01
2.902000e-05	-3.466545e-02	1.011479e+01
2.903000e-05	-3.372656e-02	1.011532e+01
2.904000e-05	-3.674169e-02	1.012579e+01
2.905000e-05	-3.674143e-02	1.011527e+01
2.906000e-05	-3.623460e-02	1.012272e+01
2.907000e-05	-3.644955e-02	1.009422e+01
2.908000e-05	-3.783103e-02	1.010422e+01
2.909000e-05	-3.817023e-02	1.005216e+01
2.910000e-05	-3.956252e-02	1.005258e+01
2.911000e-05	-4.154430e-02	1.004053e+01
2.912000e-05	-4.132950e-02	1.000050e+01
2.913000e-05	-4.353160e-02	1.000842e+01
2.914000e-05	-4.471045e-02	9.925219e+00
2.915000e-05	-4.528015e-02	9.913114e+00
2.916000e-05	-4.590492e-02	9.799530e+00
2.917000e-05	-4.674593e-02	9.755699e+00
2.918000e-05	-4.943765e-02	9.694114e+00
2.919000e-05	-5.013649e-02	9.609957e+00
2.920000e-05	-5.026833e-02	9.566820e+00
2.921000e-05	-5.141093e-02	9.492666e+00
2.922000e-05	-5.414247e-02	9.429509e+00
2.923000e-05	-5.491171e-02	9.357377e+00
2.924000e-05	-5.670876e-02	9.313688e+00
2.925000e-05	-5.387356e-02	9.240983e+00
2.926000e-05	-5.502983e-02	9.205901e+00
2.927000e-05	-5.203137e-02	9.085164e+00
2.928000e-05	-5.254527e-02	8.956278e+00
2.929000e-05	-5.116272e-02	8.842589e+00
2.930000e-05	-5.151269e-02	8.798851e+00
2.931000e-05	-4.858978e-02	8.704716e+00
2.932000e-05	-4.798519e-02	8.598905e+00
2.933000e-05	-4.524396e-02	8.555691e+00
2.934000e-05	-4.623562e-02	8.410057e+00
2.935000e-05	-4.280582e-02	8.326746e+00
2.936000e-05	-4.252301e-02	8.208955e+00
2.937000e-05	-3.911822e-02	8.065142e+00
2.938000e-05	-3.787880e-02	7.958947e+00
2.939000e-05	-3.571070e-02	7.853560e+00
2.940000e-05	-3.496215e-02	7.756275e+00
2.941000e-05	-3.351726e-02	7.631060e+00
2.942000e-05	-3.359931e-02	7.483190e+00
2.943000e-05	-3.186145e-02	7.305552e+00
2.944000e-05	-3.029403e-02	7.187847e+00
2.945000e-05	-2.889641e-02	7.051156e+00
2.946000e-05	-2.687011e-02	6.914745e+00
2.947000e-05	-2.675400e-02	6.840907e+00
2.948000e-05	-2.485843e-02	6.658959e+00
2.949000e-05	-2.447131e-02	6.453135e+00
2.950000e-05	-2.202463e-02	6.344794e+00
2.951000e-05	-2.272654e-02	6.190853e+00
2.952000e-05	-2.219878e-02	6.062063e+00
2.953000e-05	-2.137560e-02	5.964741e+00
2.954000e-05	-1.999527e-02	5.694750e+00
2.955000e-05	-1.957989e-02	5.578348e+00
2.956000e-05	-1.937317e-02	5.409959e+00
2.957000e-05	-1.901858e-02	5.250462e+00
2.958000e-05	-1.657102e-02	5.042584e+00
2.959000e-05	-1.659635e-02	4.820462e+00
2.960000e-05	-1.530926e-02	4.644090e+00
2.961000e-05	-1.447790e-02	4.525266e+00
2.962000e-05	-1.388160e-02	4.368903e+00
2.963000e-05	-1.477443e-02	4.147901e+00
2.964000e-05	-1.449216e-02	4.018479e+00
2.965000e-05	-1.335643e-02	3.840031e+00
2.966000e-05	-1.277581e-02	3.692666e+00
2.967000e-05	-1.156149e-02	3.576267e+00
2.968000e-05	-1.172090e-02	3.255118e+00
2.969000e-05	-1.057069e-02	3.188851e+00
2.970000e-05	-9.925082e-03	2.997351e+00
2.971000e-05	-9.918913e-03	2.809508e+00
2.972000e-05	-9.720962e-03	2.622485e+00
2.973000e-05	-1.012767e-02	2.411506e+00
2.974000e-05	-9.643832e-03	2.220481e+00
2.975000e-05	-8.725344e-03	2.052534e+00
2.976000e-05	-8.289002e-03	1.914093e+00
2.977000e-05	-7.829024e-03	1.665063e+00
2.978000e-05	-5.999853e-03	1.484192e+00
2.979000e-05	-5.900819e-03	1.304691e+00
2.980000e-05	-6.339842e-03	1.112614e+00
2.981000e-05	-6.179477e-03	8.735567e-01
2.982000e-05	-5.849237e-03	6.632381e-01
2.983000e-05	-4.467197e-03	5.057707e-01
2.984000e-05	-5.672650e-03	3.278199e-01
2.985000e-05	-5.196056e-03	1.166696e-01
2.986000e-05	-1.284460e-03	-7.422777e-02
2.987000e-05	2.727604e-03	-2.320750e-01
2.988000e-05	-2.232473e-03	-3.989937e-01
2.989000e-05	1.010569e-03	-4.979646e-01
2.990000e-05	3.769446e-05	-7.474882e-01
2.991000e-05	1.568198e-03	-9.053118e-01
2.992000e-05	-2.157387e-03	-1.054658e+00
2.993000e-05	7.752408e-03	-1.221124e+00
2.994000e-05	6.629045e-02	-1.451224e+00
2.995000e-05	3.755886e-02	-1.674228e+00
2.996000e-05	-7.633066e-02	-1.917913e+00
2.997000e-05	-6.716829e-03	-2.139921e+00
2.998000e-05	-1.033949e-01	-2.388967e+00
2.999000e-05	6.006563e-02	-2.401000e+00
3.000000e-05	1.390245e-01	-2.463208e+00
3.001000e-05	-2.101164e-01	-2.776889e+00
3.002000e-05	1.437171e-01	-2.853656e+00
3.003000e-05	4.827498e-02	-3.030650e+00
3.004000e-05	-1.984624e-01	-3.275774e+00
3.005000e-05	1.687067e-01	-3.431679e+00
3.006000e-05	6.297435e-03	-3.599396e+00
3.007000e-05	-1.267616e-01	-3.767674e+00
3.008000e-05	2.052073e-01	-3.938395e+00
3.009000e-05	-1.454359e-01	-4.148021e+00
3.010000e-05	4.607831e-02	-4.324841e+00
3.011000e-05	6.239362e-02	-4.412052e+00
3.012000e-05	-1.390291e-01	-4.711854e+00
3.013000e-05	1.627329e-01	-4.799554e+00
3.014000e-05	-6.731117e-02	-4.958947e+00
3.015000e-05	-2.326459e-02	-5.177970e+00
3.016000e-05	9.983036e-02	-5.336387e+00
3.017000e-05	-7.346205e-02	-5.549019e+00
3.018000e-05	9.356950e-02	-5.725265e+00
3.019000e-05	-8.366236e-02	-5.852233e+00
3.020000e-05	4.012447e-02	-6.009976e+00
3.021000e-05	5.744646e-02	-6.084363e+00
3.022000e-05	-8.527495e-02	-6.345941e+00
3.023000e-05	1.145752e-01	-6.472712e+00
3.024000e-05	-5.775636e-02	-6.620525e+00
3.025000e-05	3.277802e-02	-6.766946e+00
3.026000e-05	3.129579e-03	-6.822158e+00
3.027000e-05	-1.864376e-02	-7.027709e+00
3.028000e-05	9.795754e-02	-7.178922e+00
3.029000e-05	-6.432849e-02	-7.314735e+00
3.030000e-05	3.987109e-02	-7.420004e+00
3.031000e-05	-7.599717e-03	-7.534869e+00
3.032000e-05	3.170082e-02	-7.682188e+00
3.033000e-05	1.683201e-02	-7.851184e+00
3.034000e-05	-1.787262e-02	-7.948976e+00
3.035000e-05	6.022454e-02	-8.094658e+00
3.036000e-05	-2.054794e-02	-8.197494e+00
3.037000e-05	2.568848e-02	-8.305289e+00
3.038000e-05	1.564208e-03	-8.388525e+00
3.039000e-05	3.546984e-02	-8.444132e+00
3.040000e-05	8.408303e-03	-8.648520e+00
3.041000e-05	-1.709792e-03	-8.725947e+00
3.042000e-05	3.523588e-02	-8.790530e+00
3.043000e-05	1.276186e-02	-8.914213e+00
3.044000e-05	1.762298e-02	-8.988474e+00
3.045000e-05	6.425611e-03	-9.072713e+00
3.046000e-05	3.116121e-02	-9.165295e+00
3.047000e-05	1.632447e-02	-9.198425e+00
3.048000e-05	1.101074e-02	-9.262214e+00
3.049000e-05	2.149624e-02	-9.337317e+00
3.050000e-05	2.443788e-02	-9.431108e+00
3.051000e-05	1.652543e-02	-9.565819e+00
3.052000e-05	1.386550e-02	-9.595376e+00
3.053000e-05	2.898832e-02	-9.632606e+00
3.054000e-05	2.210050e-02	-9.692109e+00
3.055000e-05	2.078655e-02	-9.693742e+00
3.056000e-05	1.929916e-02	-9.747797e+00
3.057000e-05	2.463106e-02	-9.789424e+00
3.058000e-05	2.072688e-02	-9.850580e+00
3.059000e-05	2.188456e-02	-9.852609e+00
3.060000e-05	2.731658e-02	-9.903689e+00
3.061000e-05	2.507535e-02	-9.934243e+00
3.062000e-05	2.246935e-02	-9.944293e+00
3.063000e-05	2.518242e-02	-9.946872e+00
3.064000e-05	2.730045e-02	-9.945797e+00
3.065000e-05	2.375441e-02	-9.957871e+00
3.066000e-05	2.817234e-02	-9.985424e+00
3.067000e-05	2.799432e-02	-9.959973e+00
3.068000e-05	2.940189e-02	-9.998479e+00
3.069000e-05	2.623269e-02	-9.969924e+00
3.070000e-05	3.018360e-02	-1.000995e+01
3.071000e-05	3.051382e-02	-9.999879e+00
3.072000e-05	2.909452e-02	-9.990402e+00
3.073000e-05	3.095194e-02	-9.968398e+00
3.074000e-05	3.447389e-02	-9.975971e+00
3.075000e-05	3.395480e-02	-9.946318e+00
3.076000e-05	3.250156e-02	-9.946219e+00
3.077000e-05	3.582178e-02	-9.924211e+00
3.078000e-05	3.626759e-02	-9.863138e+00
3.079000e-05	3.570487e-02	-9.811558e+00
3.080000e-05	3.737491e-02	-9.819357e+00
3.081000e-05	4.150854e-02	-9.736367e+00
3.082000e-05	4.266949e-02	-9.704220e+00
3.083000e-05	4.135818e-02	-9.633062e+00
3.084000e-05	4.246704e-02	-9.640984e+00
3.085000e-05	4.436276e-02	-9.587825e+00
3.086000e-05	4.440271e-02	-9.535293e+00
3.087000e-05	4.644828e-02	-9.440462e+00
3.088000e-05	4.783924e-02	-9.353800e+00
3.089000e-05	4.761836e-02	-9.223510e+00
3.090000e-05	4.685087e-02	-9.189872e+00
3.091000e-05	4.781333e-02	-9.115717e+00
3.092000e-05	4.879099e-02	-9.020034e+00
3.093000e-05	4.698983e-02	-8.966318e+00
3.094000e-05	4.486998e-02	-8.862588e+00
3.095000e-05	4.429680e-02	-8.809354e+00
3.096000e-05	4.290123e-02	-8.755191e+00
3.097000e-05	4.133332e-02	-8.608882e+00
3.098000e-05	4.079212e-02	-8.484167e+00
3.099000e-05	3.957343e-02	-8.409349e+00
3.100000e-05	3.771897e-02	-8.275142e+00
3.101000e-05	3.541211e-02	-8.189852e+00
3.102000e-05	3.496386e-02	-8.095213e+00
3.103000e-05	3.271541e-02	-8.018457e+00
3.104000e-05	3.116592e-02	-7.842506e+00
3.105000e-05	2.971090e-02	-7.746801e+00
3.106000e-05	2.854132e-02	-7.578327e+00
3.107000e-05	2.617595e-02	-7.463088e+00
3.108000e-05	2.566743e-02	-7.305743e+00
3.109000e-05	2.478038e-02	-7.197503e+00
3.110000e-05	2.238805e-02	-7.094038e+00
3.111000e-05	2.129056e-02	-6.922640e+00
3.112000e-05	2.004993e-02	-6.756775e+00
3.113000e-05	1.970021e-02	-6.631459e+00
3.114000e-05	1.802515e-02	-6.494089e+00
3.115000e-05	1.704759e-02	-6.389826e+00
3.116000e-05	1.660110e-02	-6.179480e+00
3.117000e-05	1.410360e-02	-6.011558e+00
3.118000e-05	1.316976e-02	-5.884191e+00
3.119000e-05	1.306612e-02	-5.696772e+00
3.120000e-05	1.209575e-02	-5.627976e+00
3.121000e-05	1.125300e-02	-5.429536e+00
3.122000e-05	1.050006e-02	-5.240437e+00
3.123000e-05	1.107578e-02	-5.061109e+00
3.124000e-05	9.423977e-03	-4.833084e+00
3.125000e-05	9.437691e-03	-4.674018e+00
3.126000e-05	6.741059e-03	-4.517266e+00
3.127000e-05	6.527746e-03	-4.408947e+00
3.128000e-05	5.969849e-03	-4.252009e+00
3.129000e-05	6.482742e-03	-4.044659e+00
3.130000e-05	6.789965e-03	-3.966247e+00
3.131000e-05	4.457369e-03	-3.725217e+00
3.132000e-05	4.434336e-03	-3.516772e+00
3.133000e-05	4.217878e-03	-3.387350e+00
3.134000e-05	3.597564e-03	-3.209835e+00
3.135000e-05	3.063466e-03	-3.039456e+00
3.136000e-05	1.590059e-03	-2.810957e+00
3.137000e-05	3.396990e-03	-2.664562e+00
3.138000e-05	-5.698329e-04	-2.483563e+00
3.139000e-05	1.230657e-03	-2.337317e+00
3.140000e-05	-1.322093e-04	-2.065116e+00
3.141000e-05	2.554414e-03	-1.886293e+00
3.142000e-05	-1.846173e-03	-1.777821e+00
3.143000e-05	2.981460e-04	-1.607327e+00
3.144000e-05	-1.648347e-03	-1.287250e+00
3.145000e-05	4.438884e-04	-1.097293e+00
3.146000e-05	-3.204446e-03	-9.457509e-01
3.147000e-05	-3.104732e-03	-7.898236e-01
3.148000e-05	-4.230544e-03	-5.587523e-01
3.149000e-05	-1.132655e-03	-3.673723e-01
3.150000e-05	-2.983069e-03	-2.099500e-01
3.151000e-05	-2.509096e-03	-3.298151e-02
3.152000e-05	1.686655e-03	1.768646e-01
3.153000e-05	1.364980e-03	3.784382e-01
3.154000e-05	-3.845951e-03	5.269146e-01
3.155000e-05	1.303775e-03	6.847356e-01
3.156000e-05	-4.124799e-03	8.096739e-01
3.157000e-05	-2.451984e-03	1.050753e+00
3.158000e-05	-4.607459e-03	1.239197e+00
3.159000e-05	4.948967e-03	1.398525e+00
3.160000e-05	3.399262e-02	1.657624e+00
3.161000e-05	6.695062e-02	1.832228e+00
3.162000e-05	-5.957428e-02	2.001676e+00
3.163000e-05	-3.235292e-02	2.251549e+00
3.164000e-05	-4.830295e-02	2.389549e+00
3.165000e-05	-8.193054e-02	2.504288e+00
3.166000e-05	1.028490e-01	2.744838e+00
3.167000e-05	5.043121e-02	2.882181e+00
3.168000e-05	-1.776967e-01	2.988429e+00
3.169000e-05	1.929037e-01	3.127521e+00
3.170000e-05	-8.642529e-02	3.387072e+00
3.171000e-05	-8.260523e-02	3.577994e+00
3.172000e-05	1.269623e-01	3.653207e+00
3.173000e-05	-6.685400e-02	3.872354e+00
3.174000e-05	-3.789216e-02	4.032128e+00
3.175000e-05	7.894711e-02	4.269750e+00
3.176000e-05	-8.299635e-02	4.400603e+00
3.177000e-05	1.794502e-02	4.587472e+00
3.178000e-05	-8.348955e-03	4.800454e+00
3.179000e-05	-3.374294e-02	4.985847e+00
3.180000e-05	1.986768e-02	5.188548e+00
3.181000e-05	-3.765212e-02	5.396918e+00
3.182000e-05	1.315070e-02	5.555364e+00
3.183000e-05	-1.030477e-02	5.652133e+00
3.184000e-05	3.233205e-03	5.863288e+00
3.185000e-05	-2.628587e-02	6.052103e+00
3.186000e-05	-3.745310e-02	6.167421e+00
3.187000e-05	3.072795e-02	6.324236e+00
3.188000e-05	-3.449688e-02	6.450057e+00
3.189000e-05	-6.674406e-03	6.569068e+00
3.190000e-05	-1.133776e-02	6.756995e+00
3.191000e-05	-2.144391e-02	6.914312e+00
3.192000e-05	-6.025792e-03	7.020101e+00
3.193000e-05	-2.352776e-02	7.156846e+00
3.194000e-05	-2.241255e-03	7.241607e+00
3.195000e-05	-9.466420e-03	7.399570e+00
3.196000e-05	-2.145285e-02	7.568996e+00
3.197000e-05	-2.169952e-02	7.715288e+00
3.198000e-05	-1.362046e-02	7.820550e+00
3.199000e-05	-6.328312e-03	7.976472e+00
3.200000e-05	-2.338502e-02	8.093812e+00
3.201000e-05	-1.915159e-02	8.220529e+00
3.202000e-05	-8.820632e-03	8.334345e+00
3.203000e-05	-2.368856e-02	8.420603e+00
3.204000e-05	-2.002679e-02	8.493192e+00
3.205000e-05	-1.986389e-02	8.588474e+00
3.206000e-05	-1.149925e-02	8.654161e+00
3.207000e-05	-2.337893e-02	8.816976e+00
3.208000e-05	-2.438522e-02	8.851083e+00
3.209000e-05	-1.552523e-02	8.995895e+00
3.210000e-05	-2.293001e-02	9.114112e+00
3.211000e-05	-2.203283e-02	9.176897e+00
3.212000e-05	-2.336970e-02	9.233081e+00
3.213000e-05	-1.609527e-02	9.314763e+00
3.214000e-05	-2.706955e-02	9.409024e+00
3.215000e-05	-2.633690e-02	9.462636e+00
3.216000e-05	-2.197297e-02	9.534768e+00
3.217000e-05	-2.259449e-02	9.567899e+00
3.218000e-05	-2.761237e-02	9.599103e+00
3.219000e-05	-2.782121e-02	9.684641e+00
3.220000e-05	-2.109090e-02	9.804825e+00
3.221000e-05	-2.601750e-02	9.830058e+00
3.222000e-05	-2.710384e-02	9.920164e+00
3.223000e-05	-2.918643e-02	9.935869e+00
3.224000e-05	-2.924932e-02	9.986401e+00
3.225000e-05	-3.030026e-02	9.996925e+00
3.226000e-05	-2.859637e-02	9.969550e+00
3.227000e-05	-2.648254e-02	1.003053e+01
3.228000e-05	-3.257679e-02	1.007163e+01
3.229000e-05	-3.460397e-02	1.004264e+01
3.230000e-05	-3.089593e-02	1.005411e+01
3.231000e-05	-3.127668e-02	1.012419e+01
3.232000e-05	-3.287233e-02	1.011371e+01
3.233000e-05	-3.294451e-02	1.011469e+01
3.234000e-05	-3.319849e-02	1.018276e+01
3.235000e-05	-3.565590e-02	1.014624e+01
3.236000e-05	-3.702503e-02	1.008429e+01
3.237000e-05	-3.682138e-02	1.010474e+01
3.238000e-05	-3.517286e-02	1.012266e+01
3.239000e-05	-3.821875e-02	1.005467e+01
3.240000e-05	-3.752271e-02	1.010214e+01
3.241000e-05	-3.982390e-02	1.008366e+01
3.242000e-05	-3.991426e-02	1.004101e+01
3.243000e-05	-4.156987e-02	1.005053e+01
3.244000e-05	-4.289740e-02	1.001900e+01
3.245000e-05	-4.332190e-02	9.966376e+00
3.246000e-05	-4.463211e-02	9.924671e+00
3.247000e-05	-4.533311e-02	9.861033e+00
3.248000e-05	-4.675829e-02	9.818425e+00
3.249000e-05	-4.789440e-02	9.695222e+00
3.250000e-05	-5.058908e-02	9.661509e+00
3.251000e-05	-5.073302e-02	9.599875e+00
3.252000e-05	-5.265836e-02	9.525293e+00
3.253000e-05	-5.261221e-02	9.482636e+00
3.254000e-05	-5.372342e-02	9.398508e+00
3.255000e-05	-5.392822e-02	9.387801e+00
3.256000e-05	-5.477581e-02	9.253139e+00
3.257000e-05	-5.347669e-02	9.210879e+00
3.258000e-05	-5.304099e-02	9.154776e+00
3.259000e-05	-5.284627e-02	9.068566e+00
3.260000e-05	-5.296950e-02	8.933801e+00
3.261000e-05	-5.207957e-02	8.810456e+00
3.262000e-05	-4.900200e-02	8.744724e+00
3.263000e-05	-4.851112e-02	8.671113e+00
3.264000e-05	-4.607659e-02	8.565325e+00
3.265000e-05	-4.569186e-02	8.442112e+00
3.266000e-05	-4.368652e-02	8.389376e+00
3.267000e-05	-4.260821e-02	8.275637e+00
3.268000e-05	-3.906761e-02	8.116278e+00
3.269000e-05	-3.882685e-02	8.081582e+00
3.270000e-05	-3.771926e-02	7.924693e+00
3.271000e-05	-3.680106e-02	7.839910e+00
3.272000e-05	-3.360654e-02	7.703714e+00
3.273000e-05	-3.433396e-02	7.576978e+00
3.274000e-05	-3.086521e-02	7.407880e+00
3.275000e-05	-3.119109e-02	7.230512e+00
3.276000e-05	-2.817634e-02	7.164773e+00
3.277000e-05	-2.876078e-02	7.017932e+00
3.278000e-05	-2.763793e-02	6.852634e+00
3.279000e-05	-2.570534e-02	6.737321e+00
3.280000e-05	-2.332557e-02	6.516926e+00
3.281000e-05	-2.430727e-02	6.409955e+00
3.282000e-05	-2.396203e-02	6.282062e+00
3.283000e-05	-2.221704e-02	6.106698e+00
3.284000e-05	-2.111393e-02	6.008925e+00
3.285000e-05	-1.978136e-02	5.871010e+00
3.286000e-05	-2.064221e-02	5.660009e+00
3.287000e-05	-1.941942e-02	5.493688e+00
3.288000e-05	-1.826159e-02	5.337322e+00
3.289000e-05	-1.814406e-02	5.185796e+00
3.290000e-05	-1.665092e-02	4.908170e+00
3.291000e-05	-1.579145e-02	4.746800e+00
3.292000e-05	-1.567263e-02	4.618955e+00
3.293000e-05	-1.461899e-02	4.442010e+00
3.294000e-05	-1.469019e-02	4.333617e+00
3.295000e-05	-1.338417e-02	4.053963e+00
3.296000e-05	-1.228174e-02	3.964771e+00
3.297000e-05	-1.283658e-02	3.768320e+00
3.298000e-05	-1.259855e-02	3.620478e+00
3.299000e-05	-1.140473e-02	3.420034e+00
3.300000e-05	-1.148232e-02	3.229928e+00
3.301000e-05	-1.120689e-02	3.043088e+00
3.302000e-05	-1.163125e-02	2.874141e+00
3.303000e-05	-1.051150e-02	2.796797e+00
3.304000e-05	-8.959505e-03	2.486148e+00
3.305000e-05	-8.798944e-03	2.324770e+00
3.306000e-05	-9.032060e-03	2.137772e+00
3.307000e-05	-8.270253e-03	2.008506e+00
3.308000e-05	-7.395511e-03	1.799957e+00
3.309000e-05	-7.252134e-03	1.617400e+00
3.310000e-05	-7.067821e-03	1.400432e+00
3.311000e-05	-6.456331e-03	1.231509e+00
3.312000e-05	-5.711540e-03	9.378051e-01
3.313000e-05	-6.435200e-03	7.983524e-01
3.314000e-05	-5.833411e-03	6.105576e-01
3.315000e-05	-5.052351e-03	4.205565e-01
3.316000e-05	-4.166710e-03	2.845090e-01
3.317000e-05	-4.848769e-03	1.153532e-02
3.318000e-05	2.552001e-03	-1.168619e-01
3.319000e-05	2.595483e-04	-2.958893e-01
3.320000e-05	-1.356218e-03	-4.305552e-01
3.321000e-05	6.352082e-04	-6.816730e-01
3.322000e-05	-1.876182e-03	-8.231513e-01
3.323000e-05	-1.188453e-03	-9.794922e-01
3.324000e-05	1.992353e-03	-1.135964e+00
3.325000e-05	2.094294e-02	-1.274887e+00
3.326000e-05	1.032338e-01	-1.544994e+00
3.327000e-05	-5.885567e-02	-1.820120e+00
3.328000e-05	-1.690219e-02	-2.042628e+00
3.329000e-05	-5.836967e-02	-2.304862e+00
3.330000e-05	-8.697112e-02	-2.409999e+00
3.331000e-05	1.762836e-01	-2.411026e+00
3.332000e-05	-4.218058e-02	-2.608571e+00
3.333000e-05	-1.187240e-01	-2.831101e+00
3.334000e-05	2.242198e-01	-2.895208e+00
3.335000e-05	-1.680419e-01	-3.157468e+00
3.336000e-05	-4.091341e-02	-3.390021e+00
3.337000e-05	1.796344e-01	-3.503258e+00
3.338000e-05	-1.553919e-01	-3.663658e+00
3.339000e-05	6.836791e-02	-3.872854e+00
3.340000e-05	9.063657e-02	-4.030603e+00
3.341000e-05	-1.569083e-01	-4.263229e+00
3.342000e-05	1.582618e-01	-4.399000e+00
3.343000e-05	-1.054057e-01	-4.595867e+00
3.344000e-05	1.082632e-02	-4.768921e+00
3.345000e-05	1.230533e-01	-4.882833e+00
3.346000e-05	-1.448905e-01	-5.082180e+00
3.347000e-05	1.129617e-01	-5.261679e+00
3.348000e-05	-1.981879e-02	-5.472099e+00
3.349000e-05	9.964913e-03	-5.642178e+00
3.350000e-05	3.660398e-02	-5.757441e+00
3.351000e-05	-9.010195e-02	-5.927391e+00
3.352000e-05	1.225955e-01	-6.072104e+00
3.353000e-05	-6.204801e-02	-6.220028e+00
3.354000e-05	2.188034e-02	-6.408951e+00
3.355000e-05	6.022091e-02	-6.517445e+00
3.356000e-05	-6.033116e-02	-6.723261e+00
3.357000e-05	7.187989e-02	-6.808973e+00
3.358000e-05	-6.384677e-02	-6.937312e+00
3.359000e-05	7.393938e-02	-7.176859e+00
3.360000e-05	1.559925e-02	-7.241154e+00
3.361000e-05	-3.311258e-02	-7.399447e+00
3.362000e-05	4.190723e-02	-7.472681e+00
3.363000e-05	-1.537207e-02	-7.600152e+00
3.364000e-05	5.553811e-02	-7.767347e+00
3.365000e-05	-2.614343e-02	-7.934839e+00
3.366000e-05	3.263111e-02	-8.030955e+00
3.367000e-05	2.405205e-02	-8.135291e+00
3.368000e-05	-1.189590e-02	-8.241659e+00
3.369000e-05	2.613445e-02	-8.365344e+00
3.370000e-05	4.830884e-03	-8.411554e+00
3.371000e-05	4.061321e-02	-8.526316e+00
3.372000e-05	-1.516923e-02	-8.693039e+00
3.373000e-05	2.247861e-02	-8.769970e+00
3.374000e-05	2.645571e-02	-8.893135e+00
3.375000e-05	1.436501e-02	-8.945342e+00
3.376000e-05	1.301796e-02	-9.020076e+00
3.377000e-05	1.244287e-02	-9.135238e+00
3.378000e-05	3.348744e-02	-9.157396e+00
3.379000e-05	5.443144e-03	-9.201555e+00
3.380000e-05	1.909484e-02	-9.293116e+00
3.381000e-05	2.273069e-02	-9.407324e+00
3.382000e-05	2.341891e-02	-9.513213e+00
3.383000e-05	1.211652e-02	-9.557843e+00
3.384000e-05	2.002143e-02	-9.579927e+00
3.385000e-05	2.880923e-02	-9.692578e+00
3.386000e-05	2.033551e-02	-9.713738e+00
3.387000e-05	2.073329e-02	-9.734819e+00
3.388000e-05	2.031783e-02	-9.767451e+00
3.389000e-05	2.465526e-02	-9.820504e+00
3.390000e-05	1.896670e-02	-9.852159e+00
3.391000e-05	2.531107e-02	-9.874164e+00
3.392000e-05	2.717612e-02	-9.904265e+00
3.393000e-05	2.296190e-02	-9.933264e+00
3.394000e-05	2.318533e-02	-9.915821e+00
3.395000e-05	2.550405e-02	-9.987349e+00
3.396000e-05	2.732159e-02	-9.956846e+00
3.397000e-05	2.463969e-02	-9.986897e+00
3.398000e-05	2.867528e-02	-9.998402e+00
3.399000e-05	2.913160e-02	-1.000000e+01
3.400000e-05	2.765157e-02	-1.005890e+01
3.401000e-05	2.592396e-02	-9.998924e+00
3.402000e-05	2.974169e-02	-1.000895e+01
3.403000e-05	3.097319e-02	-9.990951e+00
3.404000e-05	3.119062e-02	-9.988849e+00
3.405000e-05	3.298891e-02	-9.958324e+00
3.406000e-05	3.336859e-02	-9.967373e+00
3.407000e-05	3.317628e-02	-9.936742e+00
3.408000e-05	3.368446e-02	-9.915191e+00
3.409000e-05	3.661052e-02	-9.893714e+00
3.410000e-05	3.650953e-02	-9.871058e+00
3.411000e-05	3.657292e-02	-9.830453e+00
3.412000e-05	3.906339e-02	-9.777900e+00
3.413000e-05	4.105784e-02	-9.765772e+00
3.414000e-05	4.152408e-02	-9.642714e+00
3.415000e-05	4.183837e-02	-9.641557e+00
3.416000e-05	4.366939e-02	-9.609430e+00
3.417000e-05	4.493812e-02	-9.546795e+00
3.418000e-05	4.418370e-02	-9.482491e+00
3.419000e-05	4.824931e-02	-9.388879e+00
3.420000e-05	4.786373e-02	-9.284642e+00
3.421000e-05	4.800703e-02	-9.229956e+00
3.422000e-05	4.610498e-02	-9.165825e+00
3.423000e-05	4.866657e-02	-9.083612e+00
3.424000e-05	4.829387e-02	-8.988350e+00
3.425000e-05	4.582386e-02	-8.903641e+00
3.426000e-05	4.431948e-02	-8.842533e+00
3.427000e-05	4.377851e-02	-8.797852e+00
3.428000e-05	4.199400e-02	-8.663089e+00
3.429000e-05	4.153243e-02	-8.566792e+00
3.430000e-05	4.049553e-02	-8.461059e+00
3.431000e-05	3.767603e-02	-8.357297e+00
3.432000e-05	3.640581e-02	-8.221135e+00
3.433000e-05	3.465523e-02	-8.157294e+00
3.434000e-05	3.338487e-02	-8.062560e+00
3.435000e-05	3.219795e-02	-7.895200e+00
3.436000e-05	3.085622e-02	-7.745352e+00
3.437000e-05	2.840021e-02	-7.641987e+00
3.438000e-05	2.668278e-02	-7.526747e+00
3.439000e-05	2.569016e-02	-7.390906e+00
3.440000e-05	2.539322e-02	-7.273488e+00
3.441000e-05	2.345152e-02	-7.147302e+00
3.442000e-05	2.136708e-02	-6.987854e+00
3.443000e-05	2.091275e-02	-6.830488e+00
3.444000e-05	1.990990e-02	-6.725214e+00
3.445000e-05	1.909238e-02	-6.576903e+00
3.446000e-05	1.729603e-02	-6.442059e+00
3.447000e-05	1.634907e-02	-6.364123e+00
3.448000e-05	1.550556e-02	-6.094648e+00
3.449000e-05	1.439972e-02	-5.967368e+00
3.450000e-05	1.375376e-02	-5.811959e+00
3.451000e-05	1.151606e-02	-5.683639e+00
3.452000e-05	1.071474e-02	-5.536247e+00
3.453000e-05	1.118123e-02	-5.357223e+00
3.454000e-05	9.522232e-03	-5.146795e+00
3.455000e-05	9.916186e-03	-4.978875e+00
3.456000e-05	7.642416e-03	-4.799229e+00
3.457000e-05	9.284963e-03	-4.620377e+00
3.458000e-05	6.346762e-03	-4.452084e+00
3.459000e-05	7.863948e-03	-4.315167e+00
3.460000e-05	4.227453e-03	-4.159375e+00
3.461000e-05	7.258113e-03	-4.030380e+00
3.462000e-05	4.846979e-03	-3.871461e+00
3.463000e-05	5.103903e-03	-3.650959e+00
3.464000e-05	4.032702e-03	-3.472609e+00
3.465000e-05	5.577803e-03	-3.314692e+00
3.466000e-05	3.624220e-03	-3.165294e+00
3.467000e-05	2.236827e-03	-2.935172e+00
3.468000e-05	2.323890e-03	-2.787346e+00
3.469000e-05	2.122806e-03	-2.588475e+00
3.470000e-05	1.052124e-03	-2.412927e+00
3.471000e-05	4.821974e-04	-2.221006e+00
3.472000e-05	7.127531e-04	-1.989979e+00
3.473000e-05	1.838601e-03	-1.862633e+00
3.474000e-05	-3.798213e-04	-1.643638e+00
3.475000e-05	-1.612641e-03	-1.474564e+00
3.476000e-05	-9.157280e-04	-1.209984e+00
3.477000e-05	-1.460962e-03	-1.032587e+00
3.478000e-05	-1.371713e-03	-8.335841e-01
3.479000e-05	-3.469153e-03	-6.925642e-01
3.480000e-05	-2.451749e-03	-4.425642e-01
3.481000e-05	-3.056360e-03	-2.757180e-01
3.482000e-05	-2.466098e-03	-1.357220e-01
3.483000e-05	-8.639294e-04	1.122520e-02
3.484000e-05	3.556550e-03	2.227515e-01
3.485000e-05	-2.894576e-03	4.110764e-01
3.486000e-05	5.672835e-04	5.795713e-01
3.487000e-05	-2.998739e-03	7.178948e-01
3.488000e-05	-2.232458e-03	9.243869e-01
3.489000e-05	-4.712886e-03	1.154893e+00
3.490000e-05	1.190855e-03	1.335337e+00
3.491000e-05	9.721294e-03	1.513289e+00
3.492000e-05	6.728811e-02	1.696386e+00
3.493000e-05	9.914694e-03	1.966366e+00
3.494000e-05	-6.064469e-02	2.105835e+00
3.495000e-05	-3.167210e-02	2.284360e+00
3.496000e-05	-6.897861e-02	2.453204e+00
3.497000e-05	-3.776609e-02	2.559074e+00
3.498000e-05	1.761025e-01	2.777966e+00
3.499000e-05	-1.366549e-01	2.905941e+00
3.500000e-05	1.369242e-03	3.040750e+00
3.501000e-05	1.177571e-01	3.222229e+00
3.502000e-05	-1.529628e-01	3.503711e+00
3.503000e-05	3.749635e-02	3.611028e+00
3.504000e-05	8.519697e-02	3.736395e+00
3.505000e-05	-1.347715e-01	4.006491e+00
3.506000e-05	7.613767e-02	4.094259e+00
3.507000e-05	-1.452135e-02	4.337893e+00
3.508000e-05	-5.063743e-02	4.473684e+00
3.509000e-05	3.367182e-02	4.713261e+00
3.510000e-05	-5.230270e-02	4.861057e+00
3.511000e-05	1.625973e-02	5.072803e+00
3.512000e-05	-1.642889e-02	5.283258e+00
3.513000e-05	-1.327190e-02	5.431707e+00
3.514000e-05	5.020105e-03	5.598571e+00
3.515000e-05	-2.676680e-03	5.735893e+00
3.516000e-05	-7.057293e-03	5.955996e+00
3.517000e-05	-4.290046e-02	6.072258e+00
3.518000e-05	-4.200512e-03	6.201578e+00
3.519000e-05	1.419435e-02	6.377466e+00
3.520000e-05	-3.866880e-02	6.443712e+00
3.521000e-05	9.335384e-03	6.723332e+00
3.522000e-05	-2.765455e-02	6.841057e+00
3.523000e-05	-1.384499e-02	6.977947e+00
3.524000e-05	-9.035442e-03	7.064259e+00
3.525000e-05	-2.341202e-02	7.208074e+00
3.526000e-05	8.576689e-03	7.295234e+00
3.527000e-05	-2.951766e-02	7.523755e+00
3.528000e-05	-1.178075e-02	7.662630e+00
3.529000e-05	-2.706983e-02	7.787947e+00
3.530000e-05	-2.545177e-03	7.943710e+00
3.531000e-05	-1.620366e-02	8.041601e+00
3.532000e-05	-2.360908e-02	8.166497e+00
3.533000e-05	-9.009798e-03	8.283086e+00
3.534000e-05	-1.952317e-02	8.387921e+00
3.535000e-05	-1.875679e-02	8.441606e+00
3.536000e-05	-2.436033e-02	8.548342e+00
3.537000e-05	-1.056851e-02	8.690078e+00
3.538000e-05	-2.083984e-02	8.744421e+00
3.539000e-05	-2.339558e-02	8.780054e+00
3.540000e-05	-2.061863e-02	8.914239e+00
3.541000e-05	-1.615281e-02	9.028527e+00
3.542000e-05	-2.250162e-02	9.174872e+00
3.543000e-05	-2.405146e-02	9.199556e+00
3.544000e-05	-1.901313e-02	9.273214e+00
3.545000e-05	-2.139023e-02	9.364717e+00
3.546000e-05	-2.562639e-02	9.430129e+00
3.547000e-05	-2.576320e-02	9.522737e+00
3.548000e-05	-1.971504e-02	9.546870e+00
3.549000e-05	-2.638512e-02	9.609000e+00
3.550000e-05	-2.696371e-02	9.650133e+00
3.551000e-05	-2.477857e-02	9.743243e+00
3.552000e-05	-2.400589e-02	9.765950e+00
3.553000e-05	-2.548712e-02	9.882033e+00
3.554000e-05	-2.817354e-02	9.891142e+00
3.555000e-05	-2.793465e-02	9.965820e+00
3.556000e-05	-3.175750e-02	9.995847e+00
3.557000e-05	-2.892760e-02	9.997400e+00
3.558000e-05	-2.834978e-02	1.002993e+01
3.559000e-05	-2.752303e-02	1.004153e+01
3.560000e-05	-3.478599e-02	1.005068e+01
3.561000e-05	-3.295813e-02	1.008216e+01
3.562000e-05	-2.917309e-02	1.010321e+01
3.563000e-05	-3.223577e-02	1.009317e+01
3.564000e-05	-3.366168e-02	1.010521e+01
3.565000e-05	-3.345797e-02	1.009619e+01
3.566000e-05	-3.391731e-02	1.010327e+01
3.567000e-05	-3.868239e-02	1.011472e+01
3.568000e-05	-3.600888e-02	1.013432e+01
3.569000e-05	-3.659141e-02	1.011479e+01
3.570000e-05	-3.356250e-02	1.012419e+01
3.571000e-05	-3.785074e-02	1.008419e+01
3.572000e-05	-3.838154e-02	1.007161e+01
3.573000e-05	-3.901846e-02	1.008206e+01
3.574000e-05	-4.336200e-02	1.003106e+01
3.575000e-05	-4.157376e-02	1.003045e+01
3.576000e-05	-4.441360e-02	9.988874e+00
3.577000e-05	-4.365395e-02	9.953872e+00
3.578000e-05	-4.430710e-02	9.944188e+00
3.579000e-05	-4.641945e-02	9.799533e+00
3.580000e-05	-4.611736e-02	9.777348e+00
3.581000e-05	-4.991872e-02	9.693243e+00
3.582000e-05	-5.060452e-02	9.631006e+00
3.583000e-05	-5.177294e-02	9.526348e+00
3.584000e-05	-5.267391e-02	9.504166e+00
3.585000e-05	-5.424695e-02	9.432063e+00
3.586000e-05	-5.460293e-02	9.358374e+00
3.587000e-05	-5.552157e-02	9.373192e+00
3.588000e-05	-5.277866e-02	9.242059e+00
3.589000e-05	-5.426402e-02	9.189377e+00
3.590000e-05	-5.175969e-02	9.152241e+00
3.591000e-05	-5.422378e-02	9.018326e+00
3.592000e-05	-5.127300e-02	8.853141e+00
3.593000e-05	-5.167085e-02	8.797422e+00
3.594000e-05	-4.810101e-02	8.664665e+00
3.595000e-05	-5.004899e-02	8.620405e+00
3.596000e-05	-4.604842e-02	8.524215e+00
3.597000e-05	-4.461937e-02	8.451082e+00
3.598000e-05	-4.186590e-02	8.386823e+00
3.599000e-05	-4.170678e-02	8.200934e+00
3.600000e-05	-3.894835e-02	8.114724e+00
3.601000e-05	-3.890341e-02	8.009876e+00
3.602000e-05	-3.622999e-02	7.872515e+00
3.603000e-05	-3.457873e-02	7.777272e+00
3.604000e-05	-3.332655e-02	7.641110e+00
3.605000e-05	-3.358470e-02	7.503214e+00
3.606000e-05	-3.159738e-02	7.345320e+00
3.607000e-05	-2.972250e-02	7.199902e+00
3.608000e-05	-2.795787e-02	7.071062e+00
3.609000e-05	-2.688826e-02	6.924747e+00
3.610000e-05	-2.705712e-02	6.831431e+00
3.611000e-05	-2.435640e-02	6.732015e+00
3.612000e-05	-2.419849e-02	6.472588e+00
3.613000e-05	-2.267211e-02	6.346768e+00
3.614000e-05	-2.226565e-02	6.218456e+00
3.615000e-05	-2.237031e-02	6.052088e+00
3.616000e-05	-2.148286e-02	5.986375e+00
3.617000e-05	-2.067100e-02	5.736245e+00
3.618000e-05	-1.993983e-02	5.578301e+00
3.619000e-05	-1.845143e-02	5.460982e+00
3.620000e-05	-1.803636e-02	5.240585e+00
3.621000e-05	-1.716785e-02	5.092614e+00
3.622000e-05	-1.615543e-02	4.871492e+00
3.623000e-05	-1.650179e-02	4.654189e+00
3.624000e-05	-1.552025e-02	4.527746e+00
3.625000e-05	-1.490593e-02	4.427455e+00
3.626000e-05	-1.416950e-02	4.148505e+00
3.627000e-05	-1.435855e-02	4.039433e+00
3.628000e-05	-1.328241e-02	3.872535e+00
3.629000e-05	-1.269115e-02	3.684165e+00
3.630000e-05	-1.134505e-02	3.565243e+00
3.631000e-05	-1.178449e-02	3.286194e+00
3.632000e-05	-1.118140e-02	3.166847e+00
3.633000e-05	-1.088265e-02	2.998330e+00
3.634000e-05	-1.133132e-02	2.830530e+00
3.635000e-05	-1.013919e-02	2.631060e+00
3.636000e-05	-9.632879e-03	2.410455e+00
3.637000e-05	-9.666377e-03	2.241506e+00
3.638000e-05	-8.683893e-03	2.043110e+00
3.639000e-05	-8.554497e-03	1.954793e+00
3.640000e-05	-6.593375e-03	1.764692e+00
3.641000e-05	-6.981150e-03	1.504193e+00
3.642000e-05	-6.731148e-03	1.335217e+00
3.643000e-05	-6.960635e-03	1.146166e+00
3.644000e-05	-6.538975e-03	8.645893e-01
3.645000e-05	-5.457709e-03	6.732669e-01
3.646000e-05	-6.248520e-03	5.147682e-01
3.647000e-05	-5.216572e-03	3.973224e-01
3.648000e-05	-4.779789e-03	1.277446e-01
3.649000e-05	-9.400031e-04	-3.167901e-02
3.650000e-05	3.391619e-03	-1.910964e-01
3.651000e-05	-2.234861e-03	-3.675161e-01
3.652000e-05	2.224861e-03	-4.778620e-01
3.653000e-05	-2.287591e-03	-7.769431e-01
3.654000e-05	7.413640e-04	-9.137806e-01
3.655000e-05	-2.828869e-03	-1.062203e+00
3.656000e-05	7.253413e-03	-1.191075e+00
3.657000e-05	5.733873e-02	-1.388673e+00
3.658000e-05	5.535593e-02	-1.642126e+00
3.659000e-05	-8.151122e-02	-1.944861e+00
3.660000e-05	-2.200649e-03	-2.108415e+00
3.661000e-05	-9.912116e-02	-2.338497e+00
3.662000e-05	2.998940e-02	-2.400026e+00
3.663000e-05	1.577518e-01	-2.453733e+00
3.664000e-05	-1.937767e-01	-2.754856e+00
3.665000e-05	1.067987e-01	-2.893660e+00
3.666000e-05	9.685127e-02	-2.958071e+00
3.667000e-05	-2.120438e-01	-3.283733e+00
3.668000e-05	1.483855e-01	-3.411575e+00
3.669000e-05	4.201065e-02	-3.547468e+00
3.670000e-05	-1.498728e-01	-3.789545e+00
3.671000e-05	1.997596e-01	-3.949896e+00
3.672000e-05	-1.164463e-01	-4.155391e+00
3.673000e-05	8.638520e-03	-4.346416e+00
3.674000e-05	9.073453e-02	-4.411076e+00
3.675000e-05	-1.498177e-01	-4.692658e+00
3.676000e-05	1.501598e-01	-4.819595e+00
3.677000e-05	-3.555811e-02	-4.985994e+00
3.678000e-05	-5.324922e-02	-5.137919e+00
3.679000e-05	1.150895e-01	-5.306789e+00
3.680000e-05	-7.601549e-02	-5.587394e+00
3.681000e-05	8.754521e-02	-5.754283e+00
3.682000e-05	-6.735230e-02	-5.852104e+00
3.683000e-05	1.604222e-02	-5.998523e+00
3.684000e-05	7.813718e-02	-6.074236e+00
3.685000e-05	-9.301246e-02	-6.325865e+00
3.686000e-05	1.091897e-01	-6.432633e+00
3.687000e-05	-4.332913e-02	-6.629024e+00
3.688000e-05	1.637425e-02	-6.747896e+00
3.689000e-05	1.994394e-02	-6.851030e+00
3.690000e-05	-3.590046e-02	-7.039730e+00
3.691000e-05	1.029808e-01	-7.157947e+00
3.692000e-05	-5.831826e-02	-7.315838e+00
3.693000e-05	3.084965e-02	-7.422058e+00
3.694000e-05	-3.351071e-04	-7.544916e+00
3.695000e-05	2.319851e-02	-7.723237e+00
3.696000e-05	2.522044e-02	-7.799526e+00
3.697000e-05	-2.384177e-02	-7.967847e+00
3.698000e-05	5.791985e-02	-8.053636e+00
3.699000e-05	-1.602263e-02	-8.198420e+00
3.700000e-05	2.003174e-02	-8.313208e+00
3.701000e-05	6.596542e-03	-8.367973e+00
3.702000e-05	3.072274e-02	-8.465108e+00
3.703000e-05	1.476216e-02	-8.578975e+00
3.704000e-05	-6.880056e-03	-8.727395e+00
3.705000e-05	3.396368e-02	-8.790003e+00
3.706000e-05	1.411643e-02	-8.924741e+00
3.707000e-05	1.747623e-02	-9.007476e+00
3.708000e-05	5.158020e-03	-9.064159e+00
3.709000e-05	2.868881e-02	-9.156269e+00
3.710000e-05	1.940375e-02	-9.198945e+00
3.711000e-05	1.033796e-02	-9.242580e+00
3.712000e-05	2.188030e-02	-9.366821e+00
3.713000e-05	2.412134e-02	-9.450029e+00
3.714000e-05	1.723243e-02	-9.533318e+00
3.715000e-05	1.320076e-02	-9.579498e+00
3.716000e-05	2.851852e-02	-9.631527e+00
3.717000e-05	2.348989e-02	-9.662662e+00
3.718000e-05	2.053881e-02	-9.704192e+00
3.719000e-05	1.808752e-02	-9.777300e+00
3.720000e-05	2.479960e-02	-9.760353e+00
3.721000e-05	2.228525e-02	-9.870529e+00
3.722000e-05	2.229103e-02	-9.912205e+00
3.723000e-05	2.683883e-02	-9.873213e+00
3.724000e-05	2.538241e-02	-9.904788e+00
3.725000e-05	2.234862e-02	-9.946245e+00
3.726000e-05	2.432092e-02	-9.965245e+00
3.727000e-05	2.808469e-02	-9.946870e+00
3.728000e-05	2.479508e-02	-9.977846e+00
3.729000e-05	2.766008e-02	-9.976400e+00
3.730000e-05	2.882573e-02	-9.969425e+00
3.731000e-05	2.888285e-02	-1.000945e+01
3.732000e-05	2.716658e-02	-1.001998e+01
3.733000e-05	2.951798e-02	-9.988954e+00
3.734000e-05	3.104393e-02	-9.969376e+00
3.735000e-05	3.005140e-02	-9.990427e+00
3.736000e-05	3.200972e-02	-9.998351e+00
3.737000e-05	3.396498e-02	-9.966373e+00
3.738000e-05	3.355004e-02	-9.967771e+00
3.739000e-05	3.210625e-02	-9.934769e+00
3.740000e-05	3.617790e-02	-9.905241e+00
3.741000e-05	3.712172e-02	-9.872636e+00
3.742000e-05	3.542059e-02	-9.840501e+00
3.743000e-05	3.739417e-02	-9.838478e+00
3.744000e-05	4.067980e-02	-9.766771e+00
3.745000e-05	4.130869e-02	-9.724715e+00
3.746000e-05	4.126272e-02	-9.673686e+00
3.747000e-05	4.222432e-02	-9.631032e+00
3.748000e-05	4.519487e-02	-9.588350e+00
3.749000e-05	4.378582e-02	-9.505692e+00
3.750000e-05	4.532095e-02	-9.450559e+00
3.751000e-05	4.865468e-02	-9.376322e+00
3.752000e-05	4.822885e-02	-9.262587e+00
3.753000e-05	4.663647e-02	-9.198426e+00
3.754000e-05	4.713018e-02	-9.113742e+00
3.755000e-05	4.800356e-02	-9.030557e+00
3.756000e-05	4.738610e-02	-8.945298e+00
3.757000e-05	4.440874e-02	-8.844135e+00
3.758000e-05	4.433091e-02	-8.817856e+00
3.759000e-05	4.275043e-02	-8.727661e+00
3.760000e-05	4.177384e-02	-8.608884e+00
3.761000e-05	4.111137e-02	-8.492641e+00
3.762000e-05	3.940210e-02	-8.399925e+00
3.763000e-05	3.757178e-02	-8.332718e+00
3.764000e-05	3.569456e-02	-8.199885e+00
3.765000e-05	3.368314e-02	-8.063718e+00
3.766000e-05	3.241275e-02	-8.019934e+00
3.767000e-05	3.160119e-02	-7.881114e+00
3.768000e-05	2.937292e-02	-7.728326e+00
3.769000e-05	2.826105e-02	-7.627854e+00
3.770000e-05	2.602037e-02	-7.463609e+00
3.771000e-05	2.559480e-02	-7.334670e+00
3.772000e-05	2.422224e-02	-7.220458e+00
3.773000e-05	2.284744e-02	-7.091566e+00
3.774000e-05	2.076169e-02	-6.906118e+00
3.775000e-05	2.090633e-02	-6.768304e+00
3.776000e-05	1.946854e-02	-6.650983e+00
3.777000e-05	1.851566e-02	-6.463717e+00
3.778000e-05	1.635908e-02	-6.408850e+00
3.779000e-05	1.623301e-02	-6.220380e+00
3.780000e-05	1.547693e-02	-6.031013e+00
3.781000e-05	1.350402e-02	-5.905690e+00
3.782000e-05	1.355795e-02	-5.748326e+00
3.783000e-05	1.212622e-02	-5.621010e+00
3.784000e-05	1.147682e-02	-5.462510e+00
3.785000e-05	9.516775e-03	-5.251585e+00
3.786000e-05	1.031300e-02	-5.072563e+00
3.787000e-05	9.695947e-03	-4.903593e+00
3.788000e-05	8.830957e-03	-4.683261e+00
3.789000e-05	7.113056e-03	-4.505270e+00
3.790000e-05	7.410725e-03	-4.399902e+00
3.791000e-05	6.522276e-03	-4.222586e+00
3.792000e-05	6.523937e-03	-4.083666e+00
3.793000e-05	5.548597e-03	-3.947822e+00
3.794000e-05	4.563800e-03	-3.716721e+00
3.795000e-05	5.201935e-03	-3.597349e+00
3.796000e-05	4.867570e-03	-3.420906e+00
3.797000e-05	4.084100e-03	-3.232381e+00
3.798000e-05	1.955597e-03	-3.081513e+00
3.799000e-05	1.516316e-03	-2.821936e+00
3.800000e-05	3.616562e-03	-2.663662e+00
3.801000e-05	1.015805e-03	-2.494120e+00
3.802000e-05	1.914933e-03	-2.346743e+00
3.803000e-05	6.722105e-04	-2.114671e+00
3.804000e-05	1.111783e-03	-1.956197e+00
3.805000e-05	-1.476139e-03	-1.754801e+00
3.806000e-05	-7.809805e-04	-1.610405e+00
3.807000e-05	-1.030360e-03	-1.419822e+00
3.808000e-05	-9.305285e-04	-1.137296e+00
3.809000e-05	-9.452028e-04	-9.473009e-01
3.810000e-05	-2.105025e-03	-8.003475e-01
3.811000e-05	-3.549557e-03	-5.487536e-01
3.812000e-05	-4.206445e-03	-3.998986e-01
3.813000e-05	-2.457509e-03	-2.193563e-01
3.814000e-05	-1.805520e-03	-6.108757e-02
3.815000e-05	2.654863e-03	1.154384e-01
3.816000e-05	2.572274e-03	3.769396e-01
3.817000e-05	-4.507349e-03	4.838380e-01
3.818000e-05	1.146028e-03	6.417068e-01
3.819000e-05	-6.792055e-03	8.605513e-01
3.820000e-05	-1.859794e-03	1.009224e+00
3.821000e-05	-4.745156e-03	1.219600e+00
3.822000e-05	6.026961e-03	1.378046e+00
3.823000e-05	2.750263e-02	1.599668e+00
3.824000e-05	7.275030e-02	1.821598e+00
3.825000e-05	-5.289381e-02	2.030626e+00
3.826000e-05	-3.614028e-02	2.220050e+00
3.827000e-05	-4.602901e-02	2.388421e+00
3.828000e-05	-8.262443e-02	2.505257e+00
3.829000e-05	7.796886e-02	2.674284e+00
3.830000e-05	8.337881e-02	2.840700e+00
3.831000e-05	-1.896704e-01	2.969999e+00
3.832000e-05	1.737433e-01	3.126912e+00
3.833000e-05	-5.770311e-02	3.375383e+00
3.834000e-05	-1.013915e-01	3.565992e+00
3.835000e-05	1.209862e-01	3.652630e+00
3.836000e-05	-4.203981e-02	3.931258e+00
3.837000e-05	-6.253354e-02	3.988050e+00
3.838000e-05	8.840302e-02	4.232149e+00
3.839000e-05	-7.897008e-02	4.389626e+00
3.840000e-05	7.019084e-03	4.577468e+00
3.841000e-05	1.303818e-03	4.748938e+00
3.842000e-05	-4.178772e-02	4.964912e+00
3.843000e-05	2.556086e-02	5.197400e+00
3.844000e-05	-3.830091e-02	5.366449e+00
3.845000e-05	1.154624e-02	5.517763e+00
3.846000e-05	-8.763041e-03	5.651583e+00
3.847000e-05	3.008243e-03	5.890206e+00
3.848000e-05	-2.441291e-02	6.010576e+00
3.849000e-05	-4.172214e-02	6.137917e+00
3.850000e-05	2.933808e-02	6.303308e+00
3.851000e-05	-2.706305e-02	6.450077e+00
3.852000e-05	-1.165918e-02	6.547470e+00
3.853000e-05	-6.890184e-03	6.777946e+00
3.854000e-05	-2.363626e-02	6.933261e+00
3.855000e-05	-6.803955e-03	7.020078e+00
3.856000e-05	-2.182156e-02	7.168316e+00
3.857000e-05	-5.395989e-03	7.241653e+00
3.858000e-05	-3.855508e-03	7.395397e+00
3.859000e-05	-2.411804e-02	7.605923e+00
3.860000e-05	-1.889083e-02	7.694286e+00
3.861000e-05	-1.715213e-02	7.850076e+00
3.862000e-05	-4.422813e-03	7.925992e+00
3.863000e-05	-2.188839e-02	8.102217e+00
3.864000e-05	-1.983497e-02	8.209549e+00
3.865000e-05	-7.045430e-03	8.355812e+00
3.866000e-05	-2.357142e-02	8.420532e+00
3.867000e-05	-1.938981e-02	8.504163e+00
3.868000e-05	-2.163844e-02	8.599999e+00
3.869000e-05	-1.020251e-02	8.662661e+00
3.870000e-05	-2.331320e-02	8.747422e+00
3.871000e-05	-2.396878e-02	8.830078e+00
3.872000e-05	-1.547217e-02	8.984371e+00
3.873000e-05	-2.109912e-02	9.123738e+00
3.874000e-05	-2.164554e-02	9.187972e+00
3.875000e-05	-2.458210e-02	9.262080e+00
3.876000e-05	-1.579608e-02	9.334738e+00
3.877000e-05	-2.622653e-02	9.378474e+00
3.878000e-05	-2.680314e-02	9.481108e+00
3.879000e-05	-2.194893e-02	9.506270e+00
3.880000e-05	-2.198499e-02	9.587925e+00
3.881000e-05	-2.660388e-02	9.609982e+00
3.882000e-05	-2.858839e-02	9.673187e+00
3.883000e-05	-2.204919e-02	9.765845e+00
3.884000e-05	-2.646260e-02	9.808028e+00
3.885000e-05	-2.559594e-02	9.860187e+00
3.886000e-05	-2.902346e-02	9.965246e+00
3.887000e-05	-2.803625e-02	9.956395e+00
3.888000e-05	-3.080604e-02	9.987398e+00
3.889000e-05	-2.915194e-02	1.001108e+01
3.890000e-05	-2.791774e-02	1.002205e+01
3.891000e-05	-3.170235e-02	1.005109e+01
3.892000e-05	-3.325832e-02	1.007211e+01
3.893000e-05	-3.010219e-02	1.006316e+01
3.894000e-05	-3.007230e-02	1.009471e+01
3.895000e-05	-3.478526e-02	1.008471e+01
3.896000e-05	-3.323416e-02	1.013470e+01
3.897000e-05	-3.468572e-02	1.012527e+01
3.898000e-05	-3.600991e-02	1.013470e+01
3.899000e-05	-3.753837e-02	1.013477e+01
3.900000e-05	-3.541515e-02	1.011522e+01
3.901000e-05	-3.417007e-02	1.009419e+01
3.902000e-05	-3.849537e-02	1.008311e+01
3.903000e-05	-3.940269e-02	1.009314e+01
3.904000e-05	-4.018185e-02	1.004311e+01
3.905000e-05	-3.976716e-02	1.003003e+01
3.906000e-05	-4.164296e-02	1.001148e+01
3.907000e-05	-4.219517e-02	1.000740e+01
3.908000e-05	-4.296234e-02	9.966371e+00
3.909000e-05	-4.503760e-02	9.964244e+00
3.910000e-05	-4.625566e-02	9.883613e+00
3.911000e-05	-4.739181e-02	9.817477e+00
3.912000e-05	-4.664279e-02	9.683797e+00
3.913000e-05	-4.966842e-02	9.683659e+00
3.914000e-05	-5.104632e-02	9.629980e+00
3.915000e-05	-5.215313e-02	9.526295e+00
3.916000e-05	-5.342815e-02	9.504687e+00
3.917000e-05	-5.303869e-02	9.418932e+00
3.918000e-05	-5.375467e-02	9.378771e+00
3.919000e-05	-5.505329e-02	9.263137e+00
3.920000e-05	-5.437190e-02	9.229630e+00
3.921000e-05	-5.348490e-02	9.155721e+00
3.922000e-05	-5.146869e-02	9.080535e+00
3.923000e-05	-5.228012e-02	8.923696e+00
3.924000e-05	-5.140071e-02	8.840559e+00
3.925000e-05	-4.965430e-02	8.768245e+00
3.926000e-05	-4.830126e-02	8.681612e+00
3.927000e-05	-4.650453e-02	8.587825e+00
3.928000e-05	-4.637830e-02	8.443191e+00
3.929000e-05	-4.316026e-02	8.420482e+00
3.930000e-05	-4.302256e-02	8.293117e+00
3.931000e-05	-4.003662e-02	8.198349e+00
3.932000e-05	-3.985053e-02	8.063508e+00
3.933000e-05	-3.632430e-02	7.925197e+00
3.934000e-05	-3.628558e-02	7.821057e+00
3.935000e-05	-3.333067e-02	7.703165e+00
3.936000e-05	-3.449965e-02	7.597904e+00
3.937000e-05	-3.065320e-02	7.417455e+00
3.938000e-05	-3.033035e-02	7.272109e+00
3.939000e-05	-2.886146e-02	7.155717e+00
3.940000e-05	-2.912574e-02	7.029930e+00
3.941000e-05	-2.651766e-02	6.852163e+00
3.942000e-05	-2.608927e-02	6.756325e+00
3.943000e-05	-2.430795e-02	6.558850e+00
3.944000e-05	-2.355981e-02	6.429479e+00
3.945000e-05	-2.163689e-02	6.243136e+00
3.946000e-05	-2.230469e-02	6.085775e+00
3.947000e-05	-2.199815e-02	6.040431e+00
3.948000e-05	-2.099187e-02	5.913059e+00
3.949000e-05	-1.913990e-02	5.632567e+00
3.950000e-05	-1.977047e-02	5.523690e+00
3.951000e-05	-1.893714e-02	5.376768e+00
3.952000e-05	-1.861585e-02	5.188295e+00
3.953000e-05	-1.694167e-02	4.927278e+00
3.954000e-05	-1.628578e-02	4.776801e+00
3.955000e-05	-1.559945e-02	4.609906e+00
3.956000e-05	-1.459517e-02	4.452140e+00
3.957000e-05	-1.534825e-02	4.335143e+00
3.958000e-05	-1.459914e-02	4.052665e+00
3.959000e-05	-1.340763e-02	3.946748e+00
3.960000e-05	-1.294949e-02	3.809877e+00
3.961000e-05	-1.316110e-02	3.621504e+00
3.962000e-05	-1.130014e-02	3.443515e+00
3.963000e-05	-1.117894e-02	3.230012e+00
3.964000e-05	-1.160335e-02	3.073212e+00
3.965000e-05	-1.161087e-02	2.914693e+00
3.966000e-05	-1.108394e-02	2.788295e+00
3.967000e-05	-9.842975e-03	2.494721e+00
3.968000e-05	-9.278257e-03	2.316293e+00
3.969000e-05	-8.955316e-03	2.168871e+00
3.970000e-05	-8.726016e-03	2.009480e+00
3.971000e-05	-8.819238e-03	1.789905e+00
3.972000e-05	-8.753472e-03	1.619630e+00
3.973000e-05	-7.412753e-03	1.401533e+00
3.974000e-05	-6.190303e-03	1.251937e+00
3.975000e-05	-6.084553e-03	9.999773e-01
3.976000e-05	-5.690675e-03	8.084038e-01
3.977000e-05	-6.340557e-03	6.009291e-01
3.978000e-05	-6.162861e-03	4.315315e-01
3.979000e-05	-5.016281e-03	2.930904e-01
3.980000e-05	-4.698375e-03	3.205426e-02
3.981000e-05	2.912188e-03	-1.159119e-01
3.982000e-05	2.144904e-03	-3.042092e-01
3.983000e-05	-2.157171e-03	-4.206301e-01
3.984000e-05	5.516505e-04	-6.521026e-01
3.985000e-05	-1.866140e-03	-8.105526e-01
3.986000e-05	-3.276167e-04	-9.684409e-01
3.987000e-05	1.278110e-03	-1.137412e+00
3.988000e-05	1.795335e-02	-1.303862e+00
3.989000e-05	1.005647e-01	-1.556914e+00
3.990000e-05	-4.405554e-02	-1.748940e+00
3.991000e-05	-2.792282e-02	-2.021650e+00
3.992000e-05	-4.736053e-02	-2.292785e+00
3.993000e-05	-9.584286e-02	-2.389999e+00
3.994000e-05	1.613560e-01	-2.401004e+00
3.995000e-05	-1.409628e-03	-2.549066e+00
3.996000e-05	-1.490553e-01	-2.790601e+00
3.997000e-05	2.187505e-01	-2.904785e+00
3.998000e-05	-1.346778e-01	-3.106952e+00
3.999000e-05	-8.145830e-02	-3.326942e+00
4.000000e-05	1.913865e-01	-3.493712e+00
4.001000e-05	-1.289571e-01	-3.643230e+00
4.002000e-05	2.983791e-02	-3.893185e+00
4.003000e-05	1.236867e-01	-4.029630e+00
4.004000e-05	-1.725429e-01	-4.230652e+00
4.005000e-05	1.465742e-01	-4.368950e+00
4.006000e-05	-7.574269e-02	-4.546861e+00
4.007000e-05	-2.128712e-02	-4.737441e+00
4.008000e-05	1.414279e-01	-4.841155e+00
4.009000e-05	-1.419375e-01	-5.031708e+00
4.010000e-05	9.229137e-02	-5.241080e+00
4.011000e-05	3.001708e-03	-5.471626e+00
4.012000e-05	-1.088059e-02	-5.641055e+00
4.013000e-05	5.618583e-02	-5.745925e+00
4.014000e-05	-9.768088e-02	-5.926887e+00
4.015000e-05	1.133097e-01	-6.052054e+00
4.016000e-05	-4.322058e-02	-6.172570e+00
4.017000e-05	-7.374756e-04	-6.419026e+00
4.018000e-05	7.765919e-02	-6.526241e+00
4.019000e-05	-6.782603e-02	-6.683232e+00
4.020000e-05	6.949837e-02	-6.769974e+00
4.021000e-05	-5.503249e-02	-6.905714e+00
4.022000e-05	5.715655e-02	-7.136239e+00
4.023000e-05	3.373956e-02	-7.250532e+00
4.024000e-05	-4.423436e-02	-7.365892e+00
4.025000e-05	4.540590e-02	-7.483609e+00
4.026000e-05	-1.900462e-02	-7.617974e+00
4.027000e-05	5.313932e-02	-7.755915e+00
4.028000e-05	-2.034381e-02	-7.944714e+00
4.029000e-05	2.353938e-02	-8.011577e+00
4.030000e-05	3.331539e-02	-8.145265e+00
4.031000e-05	-1.739173e-02	-8.220606e+00
4.032000e-05	2.835885e-02	-8.304290e+00
4.033000e-05	1.348591e-03	-8.381482e+00
4.034000e-05	4.220833e-02	-8.526741e+00
4.035000e-05	-1.236793e-02	-8.681155e+00
4.036000e-05	1.830041e-02	-8.799425e+00
4.037000e-05	2.763680e-02	-8.882076e+00
4.038000e-05	1.386202e-02	-8.976917e+00
4.039000e-05	1.463010e-02	-9.012055e+00
4.040000e-05	9.619305e-03	-9.145213e+00
4.041000e-05	3.355431e-02	-9.167847e+00
4.042000e-05	6.171823e-03	-9.211079e+00
4.043000e-05	1.958334e-02	-9.293692e+00
4.044000e-05	2.292313e-02	-9.428951e+00
4.045000e-05	2.415690e-02	-9.523186e+00
4.046000e-05	1.348893e-02	-9.556347e+00
4.047000e-05	1.716657e-02	-9.599480e+00
4.048000e-05	3.017398e-02	-9.632080e+00
4.049000e-05	1.865437e-02	-9.703660e+00
4.050000e-05	2.235822e-02	-9.765311e+00
4.051000e-05	2.032813e-02	-9.797396e+00
4.052000e-05	2.556720e-02	-9.820555e+00
4.053000e-05	1.986263e-02	-9.832508e+00
4.054000e-05	2.456646e-02	-9.883184e+00
4.055000e-05	2.723210e-02	-9.923266e+00
4.056000e-05	2.439838e-02	-9.924268e+00
4.057000e-05	2.416496e-02	-9.926793e+00
4.058000e-05	2.677364e-02	-9.965393e+00
4.059000e-05	2.756045e-02	-9.966424e+00
4.060000e-05	2.491092e-02	-9.977896e+00
4.061000e-05	2.822230e-02	-9.977350e+00
4.062000e-05	2.881884e-02	-9.997476e+00
4.063000e-05	2.981406e-02	-9.999449e+00
4.064000e-05	2.700112e-02	-9.999955e+00
4.065000e-05	3.016009e-02	-9.998502e+00
4.066000e-05	3.125387e-02	-9.997880e+00
4.067000e-05	3.097736e-02	-1.000787e+01
4.068000e-05	3.376695e-02	-9.958401e+00
4.069000e-05	3.306572e-02	-9.956873e+00
4.070000e-05	3.329236e-02	-9.946271e+00
4.071000e-05	3.336003e-02	-9.915763e+00
4.072000e-05	3.699640e-02	-9.883166e+00
4.073000e-05	3.599058e-02	-9.872584e+00
4.074000e-05	3.666959e-02	-9.791059e+00
4.075000e-05	4.070670e-02	-9.817927e+00
4.076000e-05	4.137451e-02	-9.744821e+00
4.077000e-05	4.153804e-02	-9.714168e+00
4.078000e-05	4.126002e-02	-9.632633e+00
4.079000e-05	4.457202e-02	-9.588454e+00
4.080000e-05	4.419477e-02	-9.585324e+00
4.081000e-05	4.458725e-02	-9.502140e+00
4.082000e-05	4.722375e-02	-9.376928e+00
4.083000e-05	4.816306e-02	-9.304168e+00
4.084000e-05	4.723032e-02	-9.249958e+00
4.085000e-05	4.601016e-02	-9.196870e+00
4.086000e-05	4.705265e-02	-9.082639e+00
4.087000e-05	4.856331e-02	-8.989406e+00
4.088000e-05	4.713117e-02	-8.915192e+00
4.089000e-05	4.573721e-02	-8.840635e+00
4.090000e-05	4.347091e-02	-8.787328e+00
4.091000e-05	4.157617e-02	-8.714986e+00
4.092000e-05	4.074613e-02	-8.577775e+00
4.093000e-05	4.050936e-02	-8.451462e+00
4.094000e-05	3.749588e-02	-8.386746e+00
4.095000e-05	3.693548e-02	-8.282138e+00
4.096000e-05	3.574721e-02	-8.176848e+00
4.097000e-05	3.459897e-02	-8.073083e+00
4.098000e-05	3.119626e-02	-7.965801e+00
4.099000e-05	2.948658e-02	-7.798530e+00
4.100000e-05	2.881829e-02	-7.673137e+00
4.101000e-05	2.746197e-02	-7.534271e+00
4.102000e-05	2.528450e-02	-7.449881e+00
4.103000e-05	2.538381e-02	-7.263663e+00
4.104000e-05	2.368048e-02	-7.168826e+00
4.105000e-05	2.225225e-02	-6.989013e+00
4.106000e-05	1.981932e-02	-6.882010e+00
4.107000e-05	2.032009e-02	-6.755243e+00
4.108000e-05	1.896323e-02	-6.578822e+00
4.109000e-05	1.830534e-02	-6.461557e+00
4.110000e-05	1.766820e-02	-6.306171e+00
4.111000e-05	1.599335e-02	-6.105697e+00
4.112000e-05	1.484510e-02	-6.008902e+00
4.113000e-05	1.288995e-02	-5.840458e+00
4.114000e-05	1.239512e-02	-5.672644e+00
4.115000e-05	1.108895e-02	-5.596823e+00
4.116000e-05	1.140914e-02	-5.366200e+00
4.117000e-05	1.056228e-02	-5.137273e+00
4.118000e-05	1.122746e-02	-5.029854e+00
4.119000e-05	7.720323e-03	-4.758427e+00
4.120000e-05	8.642035e-03	-4.631932e+00
4.121000e-05	7.107470e-03	-4.463590e+00
4.122000e-05	7.624331e-03	-4.305768e+00
4.123000e-05	4.467797e-03	-4.197352e+00
4.124000e-05	7.259294e-03	-4.040506e+00
4.125000e-05	6.125175e-03	-3.843459e+00
4.126000e-05	6.200620e-03	-3.651959e+00
4.127000e-05	3.179992e-03	-3.503213e+00
4.128000e-05	4.654516e-03	-3.325717e+00
4.129000e-05	3.677072e-03	-3.157275e+00
4.130000e-05	3.645840e-03	-2.927375e+00
4.131000e-05	2.100890e-03	-2.798872e+00
4.132000e-05	1.698822e-03	-2.619404e+00
4.133000e-05	1.102842e-03	-2.411510e+00
4.134000e-05	2.614471e-03	-2.231486e+00
4.135000e-05	1.572959e-03	-2.020033e+00
4.136000e-05	9.191052e-04	-1.864559e+00
4.137000e-05	-7.853780e-04	-1.694189e+00
4.138000e-05	1.779604e-04	-1.514593e+00
4.139000e-05	-4.610799e-04	-1.232459e+00
4.140000e-05	-2.311125e-03	-1.062513e+00
4.141000e-05	-3.030841e-03	-8.841655e-01
4.142000e-05	-3.028809e-03	-7.051955e-01
4.143000e-05	-2.771502e-03	-4.740655e-01
4.144000e-05	-3.799856e-03	-3.061644e-01
4.145000e-05	-3.572678e-03	-1.282183e-01
4.146000e-05	-8.518951e-04	2.962776e-02
4.147000e-05	3.855829e-03	2.227507e-01
4.148000e-05	-2.792235e-03	3.996276e-01
4.149000e-05	-1.093508e-04	5.889712e-01
4.150000e-05	-2.174564e-03	7.553933e-01
4.151000e-05	-2.912710e-03	8.743605e-01
4.152000e-05	-5.268222e-03	1.157435e+00
4.153000e-05	-2.182386e-04	1.314831e+00
4.154000e-05	6.852810e-03	1.462730e+00
4.155000e-05	6.159678e-02	1.714332e+00
4.156000e-05	2.236499e-02	1.944386e+00
4.157000e-05	-6.281586e-02	2.133809e+00
4.158000e-05	-2.996742e-02	2.312782e+00
4.159000e-05	-6.499537e-02	2.421682e+00
4.160000e-05	-5.206118e-02	2.589993e+00
4.161000e-05	1.706727e-01	2.768946e+00
4.162000e-05	-1.069659e-01	2.934311e+00
4.163000e-05	-3.980549e-02	3.041154e+00
4.164000e-05	1.438257e-01	3.210578e+00
4.165000e-05	-1.488673e-01	3.481778e+00
4.166000e-05	1.376717e-02	3.589000e+00
4.167000e-05	1.013144e-01	3.716889e+00
4.168000e-05	-1.312954e-01	3.955417e+00
4.169000e-05	5.792630e-02	4.091257e+00
4.170000e-05	5.179040e-03	4.356388e+00
4.171000e-05	-5.862568e-02	4.483707e+00
4.172000e-05	3.448679e-02	4.683230e+00
4.173000e-05	-4.765150e-02	4.830127e+00
4.174000e-05	8.208979e-03	5.010200e+00
4.175000e-05	-9.748623e-03	5.261180e+00
4.176000e-05	-1.970230e-02	5.401106e+00
4.177000e-05	8.518822e-03	5.558947e+00
4.178000e-05	-2.673572e-03	5.725943e+00
4.179000e-05	-3.089980e-03	5.967392e+00
4.180000e-05	-4.130881e-02	6.083632e+00
4.181000e-05	-1.127061e-02	6.200601e+00
4.182000e-05	2.075610e-02	6.356871e+00
4.183000e-05	-4.091697e-02	6.473234e+00
4.184000e-05	8.434351e-03	6.682725e+00
4.185000e-05	-2.654292e-02	6.821103e+00
4.186000e-05	-1.454015e-02	6.954441e+00
4.187000e-05	-7.245854e-03	7.073180e+00
4.188000e-05	-2.322644e-02	7.167504e+00
4.189000e-05	9.403495e-03	7.242689e+00
4.190000e-05	-2.654100e-02	7.451660e+00
4.191000e-05	-1.201911e-02	7.610107e+00
4.192000e-05	-2.682342e-02	7.756394e+00
4.193000e-05	-4.204422e-03	7.902712e+00
4.194000e-05	-1.412081e-02	8.037499e+00
4.195000e-05	-2.466246e-02	8.146345e+00
4.196000e-05	-1.036724e-02	8.261606e+00
4.197000e-05	-1.666023e-02	8.377471e+00
4.198000e-05	-1.841654e-02	8.411607e+00
4.199000e-05	-2.397727e-02	8.544814e+00
4.200000e-05	-1.105168e-02	8.620504e+00
4.201000e-05	-1.836878e-02	8.744817e+00
4.202000e-05	-2.440244e-02	8.790023e+00
4.203000e-05	-2.239908e-02	8.842733e+00
4.204000e-05	-1.550835e-02	9.030528e+00
4.205000e-05	-2.085727e-02	9.124847e+00
4.206000e-05	-2.452559e-02	9.209050e+00
4.207000e-05	-1.988273e-02	9.261585e+00
4.208000e-05	-2.015117e-02	9.335369e+00
4.209000e-05	-2.555114e-02	9.459529e+00
4.210000e-05	-2.709759e-02	9.474163e+00
4.211000e-05	-2.018151e-02	9.565842e+00
4.212000e-05	-2.624970e-02	9.578526e+00
4.213000e-05	-2.706867e-02	9.630611e+00
4.214000e-05	-2.549289e-02	9.684185e+00
4.215000e-05	-2.387640e-02	9.794870e+00
4.216000e-05	-2.580258e-02	9.841081e+00
4.217000e-05	-2.828449e-02	9.903144e+00
4.218000e-05	-2.736115e-02	9.964818e+00
4.219000e-05	-3.141000e-02	9.957422e+00
4.220000e-05	-2.916767e-02	9.999497e+00
4.221000e-05	-2.892576e-02	1.002803e+01
4.222000e-05	-2.672325e-02	1.004210e+01
4.223000e-05	-3.491183e-02	1.005259e+01
4.224000e-05	-3.344713e-02	1.006316e+01
4.225000e-05	-2.960947e-02	1.006361e+01
4.226000e-05	-3.084724e-02	1.011416e+01
4.227000e-05	-3.384483e-02	1.010522e+01
4.228000e-05	-3.491929e-02	1.011377e+01
4.229000e-05	-3.314807e-02	1.012482e+01
4.230000e-05	-3.655806e-02	1.014471e+01
4.231000e-05	-3.747273e-02	1.013524e+01
4.232000e-05	-3.638934e-02	1.007377e+01
4.233000e-05	-3.610949e-02	1.010419e+01
4.234000e-05	-3.806859e-02	1.008276e+01
4.235000e-05	-3.981233e-02	1.007261e+01
4.236000e-05	-3.965263e-02	1.008253e+01
4.237000e-05	-4.020644e-02	1.005011e+01
4.238000e-05	-4.088770e-02	1.002995e+01
4.239000e-05	-4.333510e-02	9.998427e+00
4.240000e-05	-4.397379e-02	9.953743e+00
4.241000e-05	-4.454084e-02	9.912713e+00
4.242000e-05	-4.534974e-02	9.810483e+00
4.243000e-05	-4.733721e-02	9.775322e+00
4.244000e-05	-4.893218e-02	9.683088e+00
4.245000e-05	-4.930256e-02	9.610032e+00
4.246000e-05	-5.083770e-02	9.597299e+00
4.247000e-05	-5.306623e-02	9.512270e+00
4.248000e-05	-5.409716e-02	9.481587e+00
4.249000e-05	-5.354176e-02	9.386299e+00
4.250000e-05	-5.455648e-02	9.304689e+00
4.251000e-05	-5.405920e-02	9.242080e+00
4.252000e-05	-5.392104e-02	9.208956e+00
4.253000e-05	-5.221812e-02	9.122690e+00
4.254000e-05	-5.359728e-02	8.988882e+00
4.255000e-05	-5.223904e-02	8.883166e+00
4.256000e-05	-5.100748e-02	8.817950e+00
4.257000e-05	-4.616875e-02	8.754238e+00
4.258000e-05	-4.812303e-02	8.580009e+00
4.259000e-05	-4.516973e-02	8.524740e+00
4.260000e-05	-4.506369e-02	8.411582e+00
4.261000e-05	-4.140241e-02	8.374796e+00
4.262000e-05	-4.261259e-02	8.229506e+00
4.263000e-05	-3.984926e-02	8.074039e+00
4.264000e-05	-3.902658e-02	8.009001e+00
4.265000e-05	-3.513961e-02	7.893613e+00
4.266000e-05	-3.620553e-02	7.786899e+00
4.267000e-05	-3.286805e-02	7.632060e+00
4.268000e-05	-3.253099e-02	7.544693e+00
4.269000e-05	-3.025573e-02	7.366720e+00
4.270000e-05	-3.054385e-02	7.249428e+00
4.271000e-05	-2.835171e-02	7.081613e+00
4.272000e-05	-2.731402e-02	6.985273e+00
4.273000e-05	-2.746265e-02	6.819005e+00
4.274000e-05	-2.609654e-02	6.660639e+00
4.275000e-05	-2.454512e-02	6.475190e+00
4.276000e-05	-2.306459e-02	6.355297e+00
4.277000e-05	-2.305647e-02	6.227428e+00
4.278000e-05	-2.164055e-02	6.063188e+00
4.279000e-05	-2.077990e-02	5.985273e+00
4.280000e-05	-1.934621e-02	5.747227e+00
4.281000e-05	-2.002973e-02	5.597901e+00
4.282000e-05	-1.910490e-02	5.419985e+00
4.283000e-05	-1.962364e-02	5.263134e+00
4.284000e-05	-1.852619e-02	5.042534e+00
4.285000e-05	-1.722073e-02	4.843539e+00
4.286000e-05	-1.647948e-02	4.734692e+00
4.287000e-05	-1.445060e-02	4.536248e+00
4.288000e-05	-1.455327e-02	4.398929e+00
4.289000e-05	-1.358998e-02	4.209855e+00
4.290000e-05	-1.376050e-02	4.020930e+00
4.291000e-05	-1.345181e-02	3.873062e+00
4.292000e-05	-1.238592e-02	3.714714e+00
4.293000e-05	-1.175712e-02	3.575897e+00
4.294000e-05	-1.294113e-02	3.307747e+00
4.295000e-05	-1.226859e-02	3.178344e+00
4.296000e-05	-9.727844e-03	3.019455e+00
4.297000e-05	-8.573967e-03	2.862633e+00
4.298000e-05	-1.059550e-02	2.701560e+00
4.299000e-05	-1.081468e-02	2.442083e+00
4.300000e-05	-9.104067e-03	2.252613e+00
4.301000e-05	-7.297503e-03	2.083688e+00
4.302000e-05	-8.808710e-03	1.944668e+00
4.303000e-05	-8.698924e-03	1.685197e+00
4.304000e-05	-7.663876e-03	1.536667e+00
4.305000e-05	-6.635571e-03	1.355668e+00
4.306000e-05	-6.982308e-03	1.127772e+00
4.307000e-05	-6.184776e-03	8.850918e-01
4.308000e-05	-4.798487e-03	7.352394e-01
4.309000e-05	-5.263672e-03	5.067183e-01
4.310000e-05	-5.126869e-03	3.569236e-01
4.311000e-05	-4.680013e-03	1.473209e-01
4.312000e-05	-1.664848e-03	-6.162770e-02
4.313000e-05	3.524257e-03	-1.910699e-01
4.314000e-05	-3.420030e-03	-3.775222e-01
4.315000e-05	2.589027e-03	-5.352395e-01
4.316000e-05	-2.705425e-04	-7.379120e-01
4.317000e-05	1.419910e-03	-8.637342e-01
4.318000e-05	-2.806029e-03	-1.041178e+00
4.319000e-05	6.840174e-03	-1.211122e+00
4.320000e-05	4.720355e-02	-1.350574e+00
4.321000e-05	7.018492e-02	-1.611675e+00
4.322000e-05	-8.276719e-02	-1.882307e+00
4.323000e-05	1.267961e-03	-2.106914e+00
4.324000e-05	-9.484349e-02	-2.387966e+00
4.325000e-05	3.056934e-03	-2.400000e+00
4.326000e-05	1.718030e-01	-2.461708e+00
4.327000e-05	-1.683127e-01	-2.703884e+00
4.328000e-05	7.090309e-02	-2.871108e+00
4.329000e-05	1.293573e-01	-2.919445e+00
4.330000e-05	-2.181699e-01	-3.262229e+00
4.331000e-05	1.203123e-01	-3.410579e+00
4.332000e-05	7.548328e-02	-3.546371e+00
4.333000e-05	-1.668911e-01	-3.757541e+00
4.334000e-05	1.832262e-01	-3.946867e+00
4.335000e-05	-8.445429e-02	-4.105938e+00
4.336000e-05	-2.735955e-02	-4.336713e+00
4.337000e-05	1.162086e-01	-4.411578e+00
4.338000e-05	-1.541903e-01	-4.693256e+00
4.339000e-05	1.286663e-01	-4.788498e+00
4.340000e-05	-3.056026e-03	-4.986967e+00
4.341000e-05	-7.850282e-02	-5.136941e+00
4.342000e-05	1.255190e-01	-5.245766e+00
4.343000e-05	-7.419220e-02	-5.537420e+00
4.344000e-05	7.797646e-02	-5.692760e+00
4.345000e-05	-4.925544e-02	-5.831631e+00
4.346000e-05	-7.467328e-03	-5.968946e+00
4.347000e-05	9.514941e-02	-6.073191e+00
4.348000e-05	-9.600031e-02	-6.344413e+00
4.349000e-05	9.860683e-02	-6.441634e+00
4.350000e-05	-2.671590e-02	-6.579568e+00
4.351000e-05	7.058892e-04	-6.757393e+00
4.352000e-05	3.494762e-02	-6.811108e+00
4.353000e-05	-4.643399e-02	-7.008704e+00
4.354000e-05	1.036080e-01	-7.159449e+00
4.355000e-05	-5.047854e-02	-7.293758e+00
4.356000e-05	1.963842e-02	-7.380575e+00
4.357000e-05	8.663842e-03	-7.516318e+00
4.358000e-05	1.446803e-02	-7.691106e+00
4.359000e-05	3.511225e-02	-7.820502e+00
4.360000e-05	-2.869997e-02	-7.997492e+00
4.361000e-05	5.713920e-02	-8.061660e+00
4.362000e-05	-1.296278e-02	-8.155949e+00
4.363000e-05	1.536554e-02	-8.293261e+00
4.364000e-05	1.011882e-02	-8.376946e+00
4.365000e-05	2.651488e-02	-8.452582e+00
4.366000e-05	1.927129e-02	-8.608524e+00
4.367000e-05	-1.104429e-02	-8.734868e+00
4.368000e-05	3.429347e-02	-8.790505e+00
4.369000e-05	1.678194e-02	-8.893259e+00
4.370000e-05	1.825635e-02	-8.978948e+00
4.371000e-05	6.518404e-03	-9.052588e+00
4.372000e-05	2.600392e-02	-9.145342e+00
4.373000e-05	2.147195e-02	-9.207425e+00
4.374000e-05	8.417974e-03	-9.271580e+00
4.375000e-05	2.231232e-02	-9.346320e+00
4.376000e-05	2.373776e-02	-9.449012e+00
4.377000e-05	1.839276e-02	-9.535797e+00
4.378000e-05	1.202380e-02	-9.577348e+00
4.379000e-05	2.848891e-02	-9.600029e+00
4.380000e-05	2.484181e-02	-9.633106e+00
4.381000e-05	1.987395e-02	-9.733691e+00
4.382000e-05	1.916603e-02	-9.755921e+00
4.383000e-05	2.438632e-02	-9.768947e+00
4.384000e-05	2.311778e-02	-9.820029e+00
4.385000e-05	2.156589e-02	-9.852059e+00
4.386000e-05	2.737763e-02	-9.893114e+00
4.387000e-05	2.549966e-02	-9.905242e+00
4.388000e-05	2.241256e-02	-9.936242e+00
4.389000e-05	2.465950e-02	-9.924820e+00
4.390000e-05	2.894175e-02	-9.966396e+00
4.391000e-05	2.658871e-02	-9.956398e+00
4.392000e-05	2.673754e-02	-9.978422e+00
4.393000e-05	2.752473e-02	-1.000782e+01
4.394000e-05	2.883944e-02	-9.999954e+00
4.395000e-05	2.677190e-02	-1.000095e+01
4.396000e-05	2.888588e-02	-9.988947e+00
4.397000e-05	3.094221e-02	-9.999405e+00
4.398000e-05	3.133155e-02	-9.977497e+00
4.399000e-05	3.099572e-02	-9.979375e+00
4.400000e-05	3.306843e-02	-9.976371e+00
4.401000e-05	3.316060e-02	-9.967349e+00
4.402000e-05	3.348035e-02	-9.916744e+00
4.403000e-05	3.463253e-02	-9.934168e+00
4.404000e-05	3.674144e-02	-9.843609e+00
4.405000e-05	3.680446e-02	-9.841007e+00
4.406000e-05	3.794829e-02	-9.820927e+00
4.407000e-05	3.990061e-02	-9.786323e+00
4.408000e-05	4.005859e-02	-9.694666e+00
4.409000e-05	4.116161e-02	-9.662588e+00
4.410000e-05	4.277666e-02	-9.631055e+00
4.411000e-05	4.437128e-02	-9.597876e+00
4.412000e-05	4.500088e-02	-9.522170e+00
4.413000e-05	4.689300e-02	-9.422010e+00
4.414000e-05	4.778288e-02	-9.346751e+00
4.415000e-05	4.615781e-02	-9.291644e+00
4.416000e-05	4.640788e-02	-9.188358e+00
4.417000e-05	4.832599e-02	-9.125745e+00
4.418000e-05	4.778796e-02	-9.032085e+00
4.419000e-05	4.625239e-02	-8.969325e+00
4.420000e-05	4.509191e-02	-8.893690e+00
4.421000e-05	4.462334e-02	-8.850030e+00
4.422000e-05	4.244560e-02	-8.744799e+00
4.423000e-05	4.127999e-02	-8.630459e+00
4.424000e-05	4.120399e-02	-8.495270e+00
4.425000e-05	4.104883e-02	-8.379457e+00
4.426000e-05	3.656395e-02	-8.294745e+00
4.427000e-05	3.618382e-02	-8.201506e+00
4.428000e-05	3.444677e-02	-8.105222e+00
4.429000e-05	3.349341e-02	-8.011026e+00
4.430000e-05	3.029692e-02	-7.912644e+00
4.431000e-05	2.954511e-02	-7.725802e+00
4.432000e-05	2.893639e-02	-7.648883e+00
4.433000e-05	2.611667e-02	-7.482113e+00
4.434000e-05	2.534841e-02	-7.397348e+00
4.435000e-05	2.431233e-02	-7.240507e+00
4.436000e-05	2.238709e-02	-7.094622e+00
4.437000e-05	2.099429e-02	-6.915194e+00
4.438000e-05	2.096056e-02	-6.807855e+00
4.439000e-05	1.949891e-02	-6.632559e+00
4.440000e-05	1.886192e-02	-6.505268e+00
4.441000e-05	1.626999e-02	-6.409979e+00
4.442000e-05	1.672790e-02	-6.242508e+00
4.443000e-05	1.495343e-02	-6.043035e+00
4.444000e-05	1.411042e-02	-5.936267e+00
4.445000e-05	1.426913e-02	-5.798359e+00
4.446000e-05	1.275084e-02	-5.652009e+00
4.447000e-05	1.070423e-02	-5.501042e+00
4.448000e-05	1.013278e-02	-5.250487e+00
4.449000e-05	1.036681e-02	-5.024139e+00
4.450000e-05	1.083479e-02	-4.935093e+00
4.451000e-05	8.746556e-03	-4.645744e+00
4.452000e-05	8.170276e-03	-4.566267e+00
4.453000e-05	8.074649e-03	-4.432456e+00
4.454000e-05	6.590728e-03	-4.251613e+00
4.455000e-05	6.517298e-03	-4.085191e+00
4.456000e-05	5.994011e-03	-3.977301e+00
4.457000e-05	5.099586e-03	-3.777802e+00
4.458000e-05	5.058170e-03	-3.576827e+00
4.459000e-05	3.929930e-03	-3.429480e+00
4.460000e-05	4.590564e-03	-3.232530e+00
4.461000e-05	3.843244e-03	-3.062615e+00
4.462000e-05	9.967870e-04	-2.861587e+00
4.463000e-05	3.417058e-03	-2.714716e+00
4.464000e-05	7.499385e-04	-2.494243e+00
4.465000e-05	3.449595e-03	-2.388172e+00
4.466000e-05	-3.234066e-04	-2.116247e+00
4.467000e-05	2.591199e-03	-1.967822e+00
4.468000e-05	-1.511139e-03	-1.759300e+00
4.469000e-05	1.470698e-03	-1.611930e+00
4.470000e-05	-2.068933e-03	-1.377954e+00
4.471000e-05	2.374174e-04	-1.147247e+00
4.472000e-05	-2.912876e-03	-9.894261e-01
4.473000e-05	-2.025052e-03	-8.204825e-01
4.474000e-05	-4.154896e-03	-5.603286e-01
4.475000e-05	-3.812110e-03	-4.094239e-01
4.476000e-05	-3.574308e-03	-2.314801e-01
4.477000e-05	-2.454754e-03	-6.358401e-02
4.478000e-05	1.099929e-03	1.258856e-01
4.479000e-05	3.494637e-03	3.679646e-01
4.480000e-05	-4.158453e-03	4.847842e-01
4.481000e-05	1.633351e-03	6.326489e-01
4.482000e-05	-6.090896e-03	7.990476e-01
4.483000e-05	-2.523119e-03	9.490236e-01
4.484000e-05	-5.525536e-03	1.199574e+00
4.485000e-05	4.598811e-03	1.377920e+00
4.486000e-05	2.336171e-02	1.538020e+00
4.487000e-05	7.371837e-02	1.801526e+00
4.488000e-05	-4.291271e-02	1.999550e+00
4.489000e-05	-4.038827e-02	2.159475e+00
4.490000e-05	-4.138322e-02	2.376920e+00
4.491000e-05	-8.114757e-02	2.452729e+00
4.492000e-05	5.305343e-02	2.683230e+00
4.493000e-05	1.111557e-01	2.821604e+00
4.494000e-05	-1.966583e-01	2.958474e+00
4.495000e-05	1.489012e-01	3.083834e+00
4.496000e-05	-2.492183e-02	3.305408e+00
4.497000e-05	-1.165895e-01	3.577971e+00
4.498000e-05	1.105927e-01	3.643103e+00
4.499000e-05	-1.531140e-02	3.841601e+00
4.500000e-05	-8.371291e-02	3.999574e+00
4.501000e-05	9.368352e-02	4.157095e+00
4.502000e-05	-7.227298e-02	4.389575e+00
4.503000e-05	-2.975544e-03	4.547871e+00
4.504000e-05	9.269975e-03	4.745888e+00
4.505000e-05	-4.747187e-02	4.945333e+00
4.506000e-05	2.471925e-02	5.155539e+00
4.507000e-05	-3.820435e-02	5.376941e+00
4.508000e-05	7.836537e-03	5.525288e+00
4.509000e-05	-5.292911e-03	5.662109e+00
4.510000e-05	4.687619e-03	5.901601e+00
4.511000e-05	-1.796362e-02	6.009476e+00
4.512000e-05	-4.243362e-02	6.164367e+00
4.513000e-05	2.383311e-02	6.313732e+00
4.514000e-05	-2.126402e-02	6.419476e+00
4.515000e-05	-1.774574e-02	6.555290e+00
4.516000e-05	-3.841937e-03	6.776966e+00
4.517000e-05	-2.559869e-02	6.893207e+00
4.518000e-05	-6.601082e-03	6.996950e+00
4.519000e-05	-1.668690e-02	7.165313e+00
4.520000e-05	-6.890237e-03	7.201631e+00
4.521000e-05	-1.387385e-04	7.375368e+00
4.522000e-05	-2.671142e-02	7.546872e+00
4.523000e-05	-1.801560e-02	7.702737e+00
4.524000e-05	-2.113787e-02	7.829579e+00
4.525000e-05	-4.423714e-03	7.953841e+00
4.526000e-05	-2.068312e-02	8.102189e+00
4.527000e-05	-2.130280e-02	8.197998e+00
4.528000e-05	-6.239175e-03	8.344791e+00
4.529000e-05	-2.216180e-02	8.400003e+00
4.530000e-05	-1.761270e-02	8.462661e+00
4.531000e-05	-2.324535e-02	8.587942e+00
4.532000e-05	-9.618422e-03	8.653136e+00
4.533000e-05	-2.356025e-02	8.776421e+00
4.534000e-05	-2.418185e-02	8.810530e+00
4.535000e-05	-1.831778e-02	8.945272e+00
4.536000e-05	-1.960555e-02	9.051211e+00
4.537000e-05	-2.042676e-02	9.186871e+00
4.538000e-05	-2.513464e-02	9.240533e+00
4.539000e-05	-1.619106e-02	9.303792e+00
4.540000e-05	-2.592081e-02	9.385476e+00
4.541000e-05	-2.564612e-02	9.471056e+00
4.542000e-05	-2.452121e-02	9.514745e+00
4.543000e-05	-2.147040e-02	9.576399e+00
4.544000e-05	-2.715337e-02	9.598003e+00
4.545000e-05	-2.745916e-02	9.702184e+00
4.546000e-05	-2.261915e-02	9.675347e+00
4.547000e-05	-2.579067e-02	9.827953e+00
4.548000e-05	-2.552801e-02	9.901162e+00
4.549000e-05	-2.985742e-02	9.914289e+00
4.550000e-05	-2.833407e-02	9.946773e+00
4.551000e-05	-3.116941e-02	9.975900e+00
4.552000e-05	-2.808415e-02	1.002950e+01
4.553000e-05	-2.815973e-02	1.003956e+01
4.554000e-05	-3.111463e-02	1.002058e+01
4.555000e-05	-3.452146e-02	1.005269e+01
4.556000e-05	-3.067100e-02	1.008216e+01
4.557000e-05	-3.030379e-02	1.010314e+01
4.558000e-05	-3.385552e-02	1.010374e+01
4.559000e-05	-3.276141e-02	1.011519e+01
4.560000e-05	-3.346176e-02	1.011479e+01
4.561000e-05	-3.554115e-02	1.012527e+01
4.562000e-05	-3.754648e-02	1.012522e+01
4.563000e-05	-3.581995e-02	1.015369e+01
4.564000e-05	-3.536704e-02	1.011377e+01
4.565000e-05	-3.833695e-02	1.006366e+01
4.566000e-05	-3.904940e-02	1.004266e+01
4.567000e-05	-3.890206e-02	1.004314e+01
4.568000e-05	-3.904401e-02	1.004053e+01
4.569000e-05	-4.152363e-02	1.001111e+01
4.570000e-05	-4.209618e-02	9.999425e+00
4.571000e-05	-4.262092e-02	9.977401e+00
4.572000e-05	-4.505489e-02	9.964268e+00
4.573000e-05	-4.473684e-02	9.892182e+00
4.574000e-05	-4.699122e-02	9.818329e+00
4.575000e-05	-4.624803e-02	9.753271e+00
4.576000e-05	-5.034003e-02	9.672189e+00
4.577000e-05	-5.009153e-02	9.599383e+00
4.578000e-05	-5.215411e-02	9.566395e+00
4.579000e-05	-5.264285e-02	9.483116e+00
4.580000e-05	-5.396999e-02	9.401982e+00
4.581000e-05	-5.314185e-02	9.336725e+00
4.582000e-05	-5.481035e-02	9.302664e+00
4.583000e-05	-5.297472e-02	9.251429e+00
4.584000e-05	-5.388466e-02	9.178248e+00
4.585000e-05	-5.227565e-02	9.059561e+00
4.586000e-05	-5.361612e-02	8.906225e+00
4.587000e-05	-5.127251e-02	8.861034e+00
4.588000e-05	-4.859113e-02	8.775347e+00
4.589000e-05	-4.751491e-02	8.661587e+00
4.590000e-05	-4.714724e-02	8.577875e+00
4.591000e-05	-4.567428e-02	8.473612e+00
4.592000e-05	-4.337659e-02	8.419554e+00
4.593000e-05	-4.239723e-02	8.295097e+00
4.594000e-05	-4.009552e-02	8.168348e+00
4.595000e-05	-3.822438e-02	8.065039e+00
4.596000e-05	-3.707999e-02	7.984247e+00
4.597000e-05	-3.604185e-02	7.811037e+00
4.598000e-05	-3.481593e-02	7.734643e+00
4.599000e-05	-3.373738e-02	7.589406e+00
4.600000e-05	-3.143808e-02	7.450934e+00
4.601000e-05	-3.125374e-02	7.272643e+00
4.602000e-05	-2.896133e-02	7.136271e+00
4.603000e-05	-2.915600e-02	6.989431e+00
4.604000e-05	-2.654670e-02	6.853139e+00
4.605000e-05	-2.683661e-02	6.767325e+00
4.606000e-05	-2.457338e-02	6.547377e+00
4.607000e-05	-2.504896e-02	6.421008e+00
4.608000e-05	-2.295714e-02	6.273139e+00
4.609000e-05	-2.151944e-02	6.176772e+00
4.610000e-05	-2.189085e-02	6.020004e+00
4.611000e-05	-2.116725e-02	5.912086e+00
4.612000e-05	-2.071001e-02	5.692587e+00
4.613000e-05	-1.935319e-02	5.525766e+00
4.614000e-05	-1.897862e-02	5.358201e+00
4.615000e-05	-1.824479e-02	5.157804e+00
4.616000e-05	-1.767513e-02	4.977323e+00
4.617000e-05	-1.704789e-02	4.788325e+00
4.618000e-05	-1.649100e-02	4.631456e+00
4.619000e-05	-1.566342e-02	4.452617e+00
4.620000e-05	-1.440413e-02	4.346243e+00
4.621000e-05	-1.542554e-02	4.105668e+00
4.622000e-05	-1.350391e-02	3.997796e+00
4.623000e-05	-1.276699e-02	3.798954e+00
4.624000e-05	-1.209580e-02	3.620484e+00
4.625000e-05	-1.276323e-02	3.514039e+00
4.626000e-05	-1.108344e-02	3.243037e+00
4.627000e-05	-1.072640e-02	3.114166e+00
4.628000e-05	-1.130859e-02	2.926217e+00
4.629000e-05	-1.151211e-02	2.768880e+00
4.630000e-05	-9.166986e-03	2.527680e+00
4.631000e-05	-9.082198e-03	2.377772e+00
4.632000e-05	-9.611530e-03	2.198406e+00
4.633000e-05	-8.637509e-03	2.010982e+00
4.634000e-05	-7.308683e-03	1.861534e+00
4.635000e-05	-7.147980e-03	1.629935e+00
4.636000e-05	-8.047224e-03	1.443984e+00
4.637000e-05	-7.170385e-03	1.261410e+00
4.638000e-05	-5.611056e-03	1.070408e+00
4.639000e-05	-5.784465e-03	8.308825e-01
4.640000e-05	-5.429958e-03	6.414579e-01
4.641000e-05	-5.257133e-03	4.316067e-01
4.642000e-05	-4.426955e-03	3.041418e-01
4.643000e-05	-5.278373e-03	5.406176e-02
4.644000e-05	1.660051e-03	-9.693927e-02
4.645000e-05	3.108048e-03	-2.332545e-01
4.646000e-05	-2.171584e-03	-4.015750e-01
4.647000e-05	2.223776e-03	-6.006477e-01
4.648000e-05	-2.320568e-03	-7.700788e-01
4.649000e-05	1.273269e-03	-9.673907e-01
4.650000e-05	-2.461001e-04	-1.105839e+00
4.651000e-05	1.526941e-02	-1.316358e+00
4.652000e-05	9.495665e-02	-1.525314e+00
4.653000e-05	-2.551427e-02	-1.747415e+00
4.654000e-05	-3.919740e-02	-1.971620e+00
4.655000e-05	-3.738344e-02	-2.274255e+00
4.656000e-05	-1.018626e-01	-2.399499e+00
4.657000e-05	1.407795e-01	-2.430051e+00
4.658000e-05	3.594463e-02	-2.528519e+00
4.659000e-05	-1.774023e-01	-2.780147e+00
4.660000e-05	2.080986e-01	-2.914685e+00
4.661000e-05	-9.795231e-02	-3.086307e+00
4.662000e-05	-1.167778e-01	-3.378390e+00
4.663000e-05	1.937775e-01	-3.442712e+00
4.664000e-05	-1.023732e-01	-3.651078e+00
4.665000e-05	-1.075963e-02	-3.864308e+00
4.666000e-05	1.521626e-01	-4.000574e+00
4.667000e-05	-1.771978e-01	-4.220553e+00
4.668000e-05	1.300490e-01	-4.368422e+00
4.669000e-05	-4.600120e-02	-4.534258e+00
4.670000e-05	-5.343556e-02	-4.756443e+00
4.671000e-05	1.541586e-01	-4.833129e+00
4.672000e-05	-1.312524e-01	-5.040602e+00
4.673000e-05	6.804122e-02	-5.200626e+00
4.674000e-05	2.732687e-02	-5.450645e+00
4.675000e-05	-2.918107e-02	-5.629575e+00
4.676000e-05	6.827729e-02	-5.737396e+00
4.677000e-05	-1.007627e-01	-5.914292e+00
4.678000e-05	1.009687e-01	-6.001605e+00
4.679000e-05	-1.977382e-02	-6.198617e+00
4.680000e-05	-2.464782e-02	-6.380046e+00
4.681000e-05	8.968868e-02	-6.514289e+00
4.682000e-05	-7.017981e-02	-6.634705e+00
4.683000e-05	6.467466e-02	-6.778898e+00
4.684000e-05	-4.384210e-02	-6.895786e+00
4.685000e-05	3.934590e-02	-7.105339e+00
4.686000e-05	5.116475e-02	-7.210128e+00
4.687000e-05	-5.379658e-02	-7.367321e+00
4.688000e-05	4.693677e-02	-7.451133e+00
4.689000e-05	-1.813225e-02	-7.608973e+00
4.690000e-05	5.032100e-02	-7.765868e+00
4.691000e-05	-1.272739e-02	-7.903740e+00
4.692000e-05	1.162468e-02	-8.010054e+00
4.693000e-05	4.129749e-02	-8.125210e+00
4.694000e-05	-1.925293e-02	-8.231556e+00
4.695000e-05	3.011929e-02	-8.336267e+00
4.696000e-05	7.236298e-04	-8.381477e+00
4.697000e-05	4.198424e-02	-8.547715e+00
4.698000e-05	-8.570743e-03	-8.619634e+00
4.699000e-05	1.309757e-02	-8.788395e+00
4.700000e-05	3.033946e-02	-8.842110e+00
4.701000e-05	1.364137e-02	-8.945818e+00
4.702000e-05	1.590652e-02	-8.990526e+00
4.703000e-05	9.332306e-03	-9.134692e+00
4.704000e-05	3.340571e-02	-9.156323e+00
4.705000e-05	9.542174e-03	-9.201050e+00
4.706000e-05	1.724976e-02	-9.273112e+00
4.707000e-05	2.309483e-02	-9.398978e+00
4.708000e-05	2.425310e-02	-9.472683e+00
4.709000e-05	1.347259e-02	-9.574898e+00
4.710000e-05	1.864593e-02	-9.598025e+00
4.711000e-05	2.933887e-02	-9.621078e+00
4.712000e-05	1.997593e-02	-9.694212e+00
4.713000e-05	2.110172e-02	-9.725892e+00
4.714000e-05	1.962983e-02	-9.795923e+00
4.715000e-05	2.567341e-02	-9.798504e+00
4.716000e-05	1.972072e-02	-9.831587e+00
4.717000e-05	2.518514e-02	-9.911135e+00
4.718000e-05	2.814227e-02	-9.913185e+00
4.719000e-05	2.339400e-02	-9.915768e+00
4.720000e-05	2.295859e-02	-9.966322e+00
4.721000e-05	2.686301e-02	-9.956868e+00
4.722000e-05	2.840299e-02	-9.977823e+00
4.723000e-05	2.450807e-02	-9.989398e+00
4.724000e-05	2.839086e-02	-9.997946e+00
4.725000e-05	2.889586e-02	-9.990501e+00
4.726000e-05	2.967146e-02	-1.003043e+01
4.727000e-05	2.723699e-02	-1.000995e+01
4.728000e-05	2.987616e-02	-9.998979e+00
4.729000e-05	3.198470e-02	-9.968981e+00
4.730000e-05	3.065102e-02	-9.977950e+00
4.731000e-05	3.271901e-02	-9.998877e+00
4.732000e-05	3.393070e-02	-9.976845e+00
4.733000e-05	3.324405e-02	-9.946844e+00
4.734000e-05	3.316239e-02	-9.914242e+00
4.735000e-05	3.642766e-02	-9.874163e+00
4.736000e-05	3.687426e-02	-9.864137e+00
4.737000e-05	3.639206e-02	-9.868485e+00
4.738000e-05	3.868552e-02	-9.808481e+00
4.739000e-05	4.003648e-02	-9.725318e+00
4.740000e-05	4.185836e-02	-9.664667e+00
4.741000e-05	4.207143e-02	-9.662110e+00
4.742000e-05	4.286797e-02	-9.609455e+00
4.743000e-05	4.341618e-02	-9.567374e+00
4.744000e-05	4.448415e-02	-9.504168e+00
4.745000e-05	4.753216e-02	-9.380379e+00
4.746000e-05	4.795184e-02	-9.325693e+00
4.747000e-05	4.713277e-02	-9.231083e+00
4.748000e-05	4.723234e-02	-9.157322e+00
4.749000e-05	4.748821e-02	-9.093640e+00
4.750000e-05	4.634604e-02	-8.991478e+00
4.751000e-05	4.598977e-02	-8.936242e+00
4.752000e-05	4.536096e-02	-8.852085e+00
4.753000e-05	4.409296e-02	-8.788925e+00
4.754000e-05	4.199496e-02	-8.734166e+00
4.755000e-05	4.099914e-02	-8.557331e+00
4.756000e-05	4.124266e-02	-8.472534e+00
4.757000e-05	3.878028e-02	-8.359846e+00
4.758000e-05	3.592897e-02	-8.293637e+00
4.759000e-05	3.575695e-02	-8.186768e+00
4.760000e-05	3.376820e-02	-8.084164e+00
4.761000e-05	3.423527e-02	-7.987875e+00
4.762000e-05	3.139436e-02	-7.842080e+00
4.763000e-05	2.866820e-02	-7.732563e+00
4.764000e-05	2.844513e-02	-7.556272e+00
4.765000e-05	2.399454e-02	-7.431031e+00
4.766000e-05	2.617547e-02	-7.312661e+00
4.767000e-05	2.307339e-02	-7.198853e+00
4.768000e-05	2.358075e-02	-7.021533e+00
4.769000e-05	2.162077e-02	-6.873065e+00
4.770000e-05	2.053074e-02	-6.746796e+00
4.771000e-05	2.049296e-02	-6.608352e+00
4.772000e-05	1.763560e-02	-6.471560e+00
4.773000e-05	1.776671e-02	-6.346294e+00
4.774000e-05	1.554500e-02	-6.127325e+00
4.775000e-05	1.438105e-02	-6.008875e+00
4.776000e-05	1.347297e-02	-5.861984e+00
4.777000e-05	1.325329e-02	-5.715642e+00
4.778000e-05	1.254586e-02	-5.578226e+00
4.779000e-05	1.182299e-02	-5.326302e+00
4.780000e-05	1.027826e-02	-5.168350e+00
4.781000e-05	1.099732e-02	-4.980481e+00
4.782000e-05	8.947494e-03	-4.809875e+00
4.783000e-05	9.446664e-03	-4.640990e+00
4.784000e-05	6.466511e-03	-4.512564e+00
4.785000e-05	7.956940e-03	-4.327270e+00
4.786000e-05	4.212422e-03	-4.198330e+00
4.787000e-05	7.028852e-03	-4.042057e+00
4.788000e-05	5.163596e-03	-3.852559e+00
4.789000e-05	6.243782e-03	-3.661516e+00
4.790000e-05	3.994314e-03	-3.486166e+00
4.791000e-05	5.404641e-03	-3.285743e+00
4.792000e-05	2.371174e-03	-3.228901e+00
4.793000e-05	3.096543e-03	-2.978276e+00
4.794000e-05	2.036503e-03	-2.798850e+00
4.795000e-05	1.426059e-03	-2.601456e+00
4.796000e-05	7.757854e-04	-2.452030e+00
4.797000e-05	2.226588e-03	-2.291989e+00
4.798000e-05	7.881952e-04	-2.042530e+00
4.799000e-05	1.583279e-03	-1.853689e+00
4.800000e-05	-1.292240e-03	-1.724638e+00
4.801000e-05	5.944711e-04	-1.536721e+00
4.802000e-05	-1.692082e-04	-1.261593e+00
4.803000e-05	-1.746425e-03	-1.084712e+00
4.804000e-05	-3.635347e-03	-8.956170e-01
4.805000e-05	-3.829892e-03	-7.162447e-01
4.806000e-05	-2.965920e-03	-4.546620e-01
4.807000e-05	-3.512893e-03	-3.357394e-01
4.808000e-05	-3.074683e-03	-1.873246e-01
4.809000e-05	-1.599283e-03	-3.437341e-04
4.810000e-05	3.544593e-03	2.296765e-01
4.811000e-05	-1.245954e-03	3.996249e-01
4.812000e-05	-1.359897e-03	5.678897e-01
4.813000e-05	-1.417562e-03	7.268846e-01
4.814000e-05	-4.322041e-03	8.321804e-01
4.815000e-05	-4.664686e-03	1.146386e+00
4.816000e-05	-1.486043e-03	1.303256e+00
4.817000e-05	7.361946e-03	1.452658e+00
4.818000e-05	5.541367e-02	1.703705e+00
4.819000e-05	3.419144e-02	1.915358e+00
4.820000e-05	-6.434176e-02	2.063234e+00
4.821000e-05	-2.980660e-02	2.283208e+00
4.822000e-05	-6.362261e-02	2.430029e+00
4.823000e-05	-6.177818e-02	2.595467e+00
4.824000e-05	1.589227e-01	2.747415e+00
4.825000e-05	-6.974224e-02	2.905188e+00
4.826000e-05	-7.957389e-02	3.030576e+00
4.827000e-05	1.606253e-01	3.218550e+00
4.828000e-05	-1.390539e-01	3.460151e+00
4.829000e-05	-9.563425e-03	3.608498e+00
4.830000e-05	1.133147e-01	3.735862e+00
4.831000e-05	-1.210301e-01	3.935391e+00
4.832000e-05	3.708587e-02	4.033704e+00
4.833000e-05	2.191177e-02	4.325338e+00
4.834000e-05	-6.853389e-02	4.471657e+00
4.835000e-05	3.568073e-02	4.651728e+00
4.836000e-05	-4.067067e-02	4.819598e+00
4.837000e-05	1.445789e-03	5.008606e+00
4.838000e-05	-2.776539e-03	5.271029e+00
4.839000e-05	-2.390166e-02	5.431076e+00
4.840000e-05	1.101936e-02	5.547494e+00
4.841000e-05	-5.337451e-03	5.754390e+00
4.842000e-05	-2.348915e-03	5.955917e+00
4.843000e-05	-4.096736e-02	6.073683e+00
4.844000e-05	-1.902850e-02	6.200079e+00
4.845000e-05	2.567222e-02	6.366840e+00
4.846000e-05	-3.953692e-02	6.493078e+00
4.847000e-05	8.185377e-03	6.651235e+00
4.848000e-05	-2.274898e-02	6.800577e+00
4.849000e-05	-1.667097e-02	6.945420e+00
4.850000e-05	-9.148470e-03	7.041232e+00
4.851000e-05	-2.609028e-02	7.197446e+00
4.852000e-05	7.696404e-03	7.281258e+00
4.853000e-05	-2.204574e-02	7.421105e+00
4.854000e-05	-1.486381e-02	7.640575e+00
4.855000e-05	-2.711660e-02	7.756318e+00
4.856000e-05	-5.143647e-03	7.902763e+00
4.857000e-05	-9.659166e-03	8.041502e+00
4.858000e-05	-2.386786e-02	8.137286e+00
4.859000e-05	-1.408866e-02	8.301659e+00
4.860000e-05	-1.624431e-02	8.376421e+00
4.861000e-05	-2.027520e-02	8.411582e+00
4.862000e-05	-2.393680e-02	8.574267e+00
4.863000e-05	-1.350892e-02	8.610979e+00
4.864000e-05	-1.741397e-02	8.764265e+00
4.865000e-05	-2.432391e-02	8.788400e+00
4.866000e-05	-2.265378e-02	8.862135e+00
4.867000e-05	-1.392726e-02	9.035577e+00
4.868000e-05	-2.037278e-02	9.146343e+00
4.869000e-05	-2.484112e-02	9.191076e+00
4.870000e-05	-2.255421e-02	9.291159e+00
4.871000e-05	-1.998384e-02	9.336845e+00
4.872000e-05	-2.571381e-02	9.420126e+00
4.873000e-05	-2.671774e-02	9.463715e+00
4.874000e-05	-2.051642e-02	9.534871e+00
4.875000e-05	-2.503423e-02	9.591449e+00
4.876000e-05	-2.806847e-02	9.681083e+00
4.877000e-05	-2.697826e-02	9.703670e+00
4.878000e-05	-2.262955e-02	9.727500e+00
4.879000e-05	-2.553729e-02	9.868530e+00
4.880000e-05	-2.871507e-02	9.874114e+00
4.881000e-05	-2.901035e-02	9.936797e+00
4.882000e-05	-3.026615e-02	9.916897e+00
4.883000e-05	-2.958362e-02	1.001797e+01
4.884000e-05	-2.993228e-02	1.003000e+01
4.885000e-05	-2.858374e-02	1.003158e+01
4.886000e-05	-3.446430e-02	1.005258e+01
4.887000e-05	-3.265533e-02	1.005267e+01
4.888000e-05	-3.103581e-02	1.010369e+01
4.889000e-05	-3.140987e-02	1.007366e+01
4.890000e-05	-3.348793e-02	1.011414e+01
4.891000e-05	-3.394921e-02	1.014374e+01
4.892000e-05	-3.409917e-02	1.015479e+01
4.893000e-05	-3.651166e-02	1.012429e+01
4.894000e-05	-3.630033e-02	1.010524e+01
4.895000e-05	-3.616472e-02	1.012474e+01
4.896000e-05	-3.682407e-02	1.006377e+01
4.897000e-05	-3.778825e-02	1.009319e+01
4.898000e-05	-3.801073e-02	1.007314e+01
4.899000e-05	-3.862357e-02	1.006161e+01
4.900000e-05	-4.060172e-02	1.003008e+01
4.901000e-05	-4.157799e-02	1.003095e+01
4.902000e-05	-4.226632e-02	9.998422e+00
4.903000e-05	-4.373415e-02	9.967870e+00
4.904000e-05	-4.622328e-02	9.923191e+00
4.905000e-05	-4.548217e-02	9.841433e+00
4.906000e-05	-4.617853e-02	9.746324e+00
4.907000e-05	-4.727664e-02	9.714221e+00
4.908000e-05	-4.942101e-02	9.659959e+00
4.909000e-05	-5.049894e-02	9.587897e+00
4.910000e-05	-5.176321e-02	9.545217e+00
4.911000e-05	-5.408437e-02	9.442109e+00
4.912000e-05	-5.337605e-02	9.408478e+00
4.913000e-05	-5.470124e-02	9.344742e+00
4.914000e-05	-5.351292e-02	9.252608e+00
4.915000e-05	-5.355569e-02	9.187903e+00
4.916000e-05	-5.262843e-02	9.123742e+00
4.917000e-05	-5.283683e-02	9.007352e+00
4.918000e-05	-5.119748e-02	8.912143e+00
4.919000e-05	-5.107304e-02	8.819350e+00
4.920000e-05	-4.703190e-02	8.703717e+00
4.921000e-05	-4.833125e-02	8.619904e+00
4.922000e-05	-4.519617e-02	8.525721e+00
4.923000e-05	-4.611812e-02	8.451116e+00
4.924000e-05	-4.233419e-02	8.387899e+00
4.925000e-05	-4.248548e-02	8.251533e+00
4.926000e-05	-3.921317e-02	8.066626e+00
4.927000e-05	-3.843033e-02	8.048005e+00
4.928000e-05	-3.594183e-02	7.873641e+00
4.929000e-05	-3.522699e-02	7.798872e+00
4.930000e-05	-3.329721e-02	7.672084e+00
4.931000e-05	-3.314620e-02	7.575799e+00
4.932000e-05	-3.067168e-02	7.328752e+00
4.933000e-05	-3.026829e-02	7.189478e+00
4.934000e-05	-2.964376e-02	7.064136e+00
4.935000e-05	-2.838359e-02	6.956298e+00
4.936000e-05	-2.712516e-02	6.830583e+00
4.937000e-05	-2.479268e-02	6.702163e+00
4.938000e-05	-2.485257e-02	6.516591e+00
4.939000e-05	-2.309297e-02	6.346299e+00
4.940000e-05	-2.216607e-02	6.210459e+00
4.941000e-05	-2.147448e-02	6.082616e+00
4.942000e-05	-2.151748e-02	5.997298e+00
4.943000e-05	-2.115086e-02	5.787850e+00
4.944000e-05	-1.989749e-02	5.640881e+00
4.945000e-05	-1.965888e-02	5.461065e+00
4.946000e-05	-1.875132e-02	5.303691e+00
4.947000e-05	-1.784783e-02	5.073565e+00
4.948000e-05	-1.612633e-02	4.843613e+00
4.949000e-05	-1.656603e-02	4.733689e+00
4.950000e-05	-1.505466e-02	4.568797e+00
4.951000e-05	-1.493989e-02	4.420375e+00
4.952000e-05	-1.380670e-02	4.249483e+00
4.953000e-05	-1.468560e-02	4.031533e+00
4.954000e-05	-1.319047e-02	3.844090e+00
4.955000e-05	-1.326262e-02	3.715218e+00
4.956000e-05	-1.178450e-02	3.618349e+00
4.957000e-05	-1.172269e-02	3.368348e+00
4.958000e-05	-1.077765e-02	3.167400e+00
4.959000e-05	-1.102209e-02	3.039954e+00
4.960000e-05	-1.085032e-02	2.831562e+00
4.961000e-05	-9.928801e-03	2.684663e+00
4.962000e-05	-9.236948e-03	2.442043e+00
4.963000e-05	-8.765472e-03	2.272166e+00
4.964000e-05	-9.485803e-03	2.106217e+00
4.965000e-05	-7.960987e-03	1.967296e+00
4.966000e-05	-6.911443e-03	1.726743e+00
4.967000e-05	-6.591695e-03	1.537190e+00
4.968000e-05	-6.829819e-03	1.369246e+00
4.969000e-05	-6.668951e-03	1.148304e+00
4.970000e-05	-5.921800e-03	9.386919e-01
4.971000e-05	-6.240712e-03	7.247932e-01
4.972000e-05	-5.758573e-03	5.678260e-01
4.973000e-05	-4.612911e-03	4.099488e-01
4.974000e-05	-4.117852e-03	2.097836e-01
4.975000e-05	-3.439200e-03	-2.051266e-03
4.976000e-05	3.136101e-03	-1.880461e-01
4.977000e-05	-1.105689e-03	-3.464634e-01
4.978000e-05	2.408219e-03	-4.948117e-01
4.979000e-05	-8.833441e-04	-7.459157e-01
4.980000e-05	9.627238e-05	-8.838106e-01
4.981000e-05	-2.459387e-03	-1.011125e+00
4.982000e-05	5.796163e-03	-1.189621e+00
4.983000e-05	3.972156e-02	-1.329099e+00
4.984000e-05	8.166287e-02	-1.591046e+00
4.985000e-05	-8.068157e-02	-1.883255e+00
4.986000e-05	2.500254e-04	-2.064885e+00
4.987000e-05	-8.750227e-02	-2.356943e+00
4.988000e-05	-2.248124e-02	-2.410528e+00
4.989000e-05	1.802932e-01	-2.443132e+00
4.990000e-05	-1.431305e-01	-2.684706e+00
4.991000e-05	2.969428e-02	-2.822032e+00
4.992000e-05	1.572578e-01	-2.947442e+00
4.993000e-05	-2.096884e-01	-3.251149e+00
4.994000e-05	8.700660e-02	-3.430029e+00
4.995000e-05	1.045182e-01	-3.565416e+00
4.996000e-05	-1.733137e-01	-3.745910e+00
4.997000e-05	1.627027e-01	-3.945871e+00
4.998000e-05	-4.378336e-02	-4.094762e+00
4.999000e-05	-6.190495e-02	-4.335916e+00
