# 260406_14:56:41.668358
t	CH1	CH2
0.000000e+00	-4.525781e-03	2.974684e-01
1.000000e-08	-4.130104e-03	5.586955e-02
2.000000e-08	1.242858e-03	-9.410288e-02
3.000000e-08	2.607371e-03	-2.810064e-01
4.000000e-08	-2.140405e-03	-4.198975e-01
5.000000e-08	2.509760e-03	-6.276696e-01
6.000000e-08	-1.456545e-03	-7.883673e-01
7.000000e-08	4.343005e-04	-9.456407e-01
8.000000e-08	-9.325301e-04	-1.103507e+00
9.000000e-08	1.587178e-02	-1.273054e+00
1.000000e-07	7.159575e-02	-1.513077e+00
1.100000e-07	1.723744e-02	-1.734532e+00
1.200000e-07	-6.234956e-02	-2.007191e+00
1.300000e-07	-2.025436e-02	-2.260199e+00
1.400000e-07	-9.450444e-02	-2.389946e+00
1.500000e-07	8.513387e-02	-2.411501e+00
1.600000e-07	8.561827e-02	-2.514591e+00
1.700000e-07	-1.637836e-01	-2.776738e+00
1.800000e-07	1.524429e-01	-2.884587e+00
1.900000e-07	-1.237742e-03	-3.061277e+00
2.000000e-07	-1.553726e-01	-3.324534e+00
2.100000e-07	1.613219e-01	-3.431080e+00
2.200000e-07	-2.883656e-02	-3.610821e+00
2.300000e-07	-7.712379e-02	-3.819396e+00
2.400000e-07	1.671818e-01	-3.976215e+00
2.500000e-07	-1.259296e-01	-4.198291e+00
2.600000e-07	5.789023e-02	-4.338212e+00
2.700000e-07	2.435954e-02	-4.452483e+00
2.800000e-07	-1.027380e-01	-4.713483e+00
2.900000e-07	1.408635e-01	-4.820954e+00
3.000000e-07	-6.516843e-02	-4.999270e+00
3.100000e-07	1.601985e-03	-5.197769e+00
3.200000e-07	7.794470e-02	-5.368667e+00
3.300000e-07	-5.156353e-02	-5.609768e+00
3.400000e-07	6.449481e-02	-5.716638e+00
3.500000e-07	-7.387242e-02	-5.871960e+00
3.600000e-07	5.497365e-02	-6.009449e+00
3.700000e-07	3.804165e-02	-6.133639e+00
3.800000e-07	-5.768437e-02	-6.378713e+00
3.900000e-07	9.591481e-02	-6.482559e+00
4.000000e-07	-5.122355e-02	-6.621376e+00
4.100000e-07	2.915440e-02	-6.787292e+00
4.200000e-07	-2.126179e-03	-6.822028e+00
4.300000e-07	2.230182e-03	-7.004485e+00
4.400000e-07	7.817731e-02	-7.208347e+00
4.500000e-07	-5.547209e-02	-7.325116e+00
4.600000e-07	3.755233e-02	-7.420425e+00
4.700000e-07	2.860382e-03	-7.545743e+00
4.800000e-07	2.758960e-02	-7.713033e+00
4.900000e-07	8.579564e-03	-7.839424e+00
5.000000e-07	-6.613379e-03	-7.978797e+00
5.100000e-07	5.282829e-02	-8.072585e+00
5.200000e-07	-1.430362e-02	-8.177772e+00
5.300000e-07	2.568094e-02	-8.253084e+00
5.400000e-07	8.791541e-03	-8.378295e+00
5.500000e-07	3.087498e-02	-8.492111e+00
5.600000e-07	5.807334e-03	-8.577345e+00
5.700000e-07	5.301200e-03	-8.725113e+00
5.800000e-07	3.705737e-02	-8.809999e+00
5.900000e-07	1.351615e-02	-8.883539e+00
6.000000e-07	1.686430e-02	-8.968422e+00
6.100000e-07	1.102884e-02	-9.041105e+00
6.200000e-07	2.988546e-02	-9.145692e+00
6.300000e-07	1.746808e-02	-9.177923e+00
6.400000e-07	1.608231e-02	-9.259079e+00
6.500000e-07	2.607293e-02	-9.326641e+00
6.600000e-07	2.195642e-02	-9.360302e+00
6.700000e-07	1.794497e-02	-9.504540e+00
6.800000e-07	2.071787e-02	-9.588771e+00
6.900000e-07	2.988990e-02	-9.641429e+00
7.000000e-07	2.146723e-02	-9.682032e+00
7.100000e-07	2.112321e-02	-9.674589e+00
7.200000e-07	2.292262e-02	-9.677692e+00
7.300000e-07	2.641458e-02	-9.727797e+00
7.400000e-07	2.388637e-02	-9.839954e+00
7.500000e-07	2.544870e-02	-9.861480e+00
7.600000e-07	2.849490e-02	-9.843564e+00
7.700000e-07	2.511477e-02	-9.855239e+00
7.800000e-07	2.557855e-02	-9.876739e+00
7.900000e-07	2.871870e-02	-9.915267e+00
8.000000e-07	2.983299e-02	-9.947243e+00
8.100000e-07	2.604636e-02	-9.976296e+00
8.200000e-07	2.995579e-02	-9.987771e+00
8.300000e-07	3.189448e-02	-9.968848e+00
8.400000e-07	3.122397e-02	-9.967446e+00
8.500000e-07	2.903672e-02	-9.957872e+00
8.600000e-07	3.219855e-02	-9.957848e+00
8.700000e-07	3.398637e-02	-9.917871e+00
8.800000e-07	3.333158e-02	-9.957421e+00
8.900000e-07	3.588772e-02	-9.977898e+00
9.000000e-07	3.518897e-02	-9.885795e+00
9.100000e-07	3.540450e-02	-9.906795e+00
9.200000e-07	3.576300e-02	-9.896188e+00
9.300000e-07	3.993957e-02	-9.863663e+00
9.400000e-07	4.062230e-02	-9.842055e+00
9.500000e-07	3.929810e-02	-9.820528e+00
9.600000e-07	4.147435e-02	-9.788351e+00
9.700000e-07	4.389338e-02	-9.706868e+00
9.800000e-07	4.571100e-02	-9.653717e+00
9.900000e-07	4.534181e-02	-9.633110e+00
1.000000e-06	4.739450e-02	-9.560957e+00
1.010000e-06	4.985845e-02	-9.536323e+00
1.020000e-06	5.025466e-02	-9.443633e+00
1.030000e-06	5.105614e-02	-9.369457e+00
1.040000e-06	5.219481e-02	-9.275216e+00
1.050000e-06	5.175183e-02	-9.232458e+00
1.060000e-06	5.166389e-02	-9.119371e+00
1.070000e-06	5.056664e-02	-9.034214e+00
1.080000e-06	5.101529e-02	-8.970050e+00
1.090000e-06	4.949160e-02	-8.897841e+00
1.100000e-06	4.839744e-02	-8.872160e+00
1.110000e-06	4.653201e-02	-8.779501e+00
1.120000e-06	4.371558e-02	-8.643762e+00
1.130000e-06	4.297069e-02	-8.546349e+00
1.140000e-06	4.291620e-02	-8.422662e+00
1.150000e-06	4.044928e-02	-8.348423e+00
1.160000e-06	3.820557e-02	-8.262660e+00
1.170000e-06	3.580004e-02	-8.159442e+00
1.180000e-06	3.481650e-02	-8.052238e+00
1.190000e-06	3.278550e-02	-7.967502e+00
1.200000e-06	3.183311e-02	-7.792244e+00
1.210000e-06	3.054542e-02	-7.645268e+00
1.220000e-06	2.942324e-02	-7.538471e+00
1.230000e-06	2.568589e-02	-7.400555e+00
1.240000e-06	2.479825e-02	-7.234687e+00
1.250000e-06	2.432533e-02	-7.189054e+00
1.260000e-06	2.384906e-02	-7.030263e+00
1.270000e-06	2.172886e-02	-6.853763e+00
1.280000e-06	2.035367e-02	-6.706871e+00
1.290000e-06	1.981629e-02	-6.611129e+00
1.300000e-06	1.881864e-02	-6.442691e+00
1.310000e-06	1.776951e-02	-6.338474e+00
1.320000e-06	1.651541e-02	-6.129056e+00
1.330000e-06	1.526185e-02	-5.988578e+00
1.340000e-06	1.423713e-02	-5.853260e+00
1.350000e-06	1.383915e-02	-5.696370e+00
1.360000e-06	1.319060e-02	-5.580521e+00
1.370000e-06	1.196969e-02	-5.411634e+00
1.380000e-06	1.062201e-02	-5.180153e+00
1.390000e-06	9.926114e-03	-5.030684e+00
1.400000e-06	1.016479e-02	-4.850708e+00
1.410000e-06	9.052759e-03	-4.682214e+00
1.420000e-06	7.741464e-03	-4.475787e+00
1.430000e-06	7.798135e-03	-4.358422e+00
1.440000e-06	5.739588e-03	-4.161657e+00
1.450000e-06	6.629163e-03	-4.072787e+00
1.460000e-06	5.904063e-03	-3.885868e+00
1.470000e-06	6.645980e-03	-3.697789e+00
1.480000e-06	4.389860e-03	-3.557974e+00
1.490000e-06	4.505463e-03	-3.328599e+00
1.500000e-06	3.289073e-03	-3.200075e+00
1.510000e-06	3.881060e-03	-2.961158e+00
1.520000e-06	2.703196e-03	-2.800128e+00
1.530000e-06	2.708054e-03	-2.652736e+00
1.540000e-06	-2.268807e-05	-2.414663e+00
1.550000e-06	2.320261e-03	-2.306941e+00
1.560000e-06	1.706576e-03	-2.063361e+00
1.570000e-06	9.684737e-04	-1.906891e+00
1.580000e-06	-1.748344e-03	-1.747494e+00
1.590000e-06	3.306940e-04	-1.547525e+00
1.600000e-06	-8.408128e-04	-1.335472e+00
1.610000e-06	-2.763834e-04	-1.106390e+00
1.620000e-06	-2.643092e-03	-9.173197e-01
1.630000e-06	-2.452337e-03	-7.774974e-01
1.640000e-06	-2.390929e-03	-5.280486e-01
1.650000e-06	-3.380832e-03	-3.580211e-01
1.660000e-06	-3.980258e-03	-1.790525e-01
1.670000e-06	-2.733588e-03	-1.918639e-02
1.680000e-06	2.375920e-03	1.976433e-01
1.690000e-06	3.772629e-04	3.678197e-01
1.700000e-06	-3.877342e-03	5.041846e-01
1.710000e-06	-2.032314e-04	6.725827e-01
1.720000e-06	-3.764314e-03	8.314753e-01
1.730000e-06	-2.860353e-03	1.009852e+00
1.740000e-06	-3.632164e-03	1.220979e+00
1.750000e-06	8.061498e-03	1.399871e+00
1.760000e-06	4.265865e-02	1.619379e+00
1.770000e-06	4.886673e-02	1.852403e+00
1.780000e-06	-5.821487e-02	2.000355e+00
1.790000e-06	-3.480047e-02	2.240401e+00
1.800000e-06	-5.555709e-02	2.369347e+00
1.810000e-06	-6.180113e-02	2.565738e+00
1.820000e-06	1.107381e-01	2.653934e+00
1.830000e-06	3.793185e-03	2.881006e+00
1.840000e-06	-1.214216e-01	3.019422e+00
1.850000e-06	1.616997e-01	3.145741e+00
1.860000e-06	-9.802714e-02	3.306220e+00
1.870000e-06	-5.432994e-02	3.576320e+00
1.880000e-06	1.022557e-01	3.653031e+00
1.890000e-06	-7.970825e-02	3.882481e+00
1.900000e-06	-1.379015e-02	4.029900e+00
1.910000e-06	6.338594e-02	4.240171e+00
1.920000e-06	-6.966223e-02	4.409396e+00
1.930000e-06	1.887956e-02	4.557742e+00
1.940000e-06	-2.481565e-02	4.846742e+00
1.950000e-06	-3.045186e-02	4.915112e+00
1.960000e-06	1.895464e-02	5.158789e+00
1.970000e-06	-2.563226e-02	5.406316e+00
1.980000e-06	8.763682e-03	5.506611e+00
1.990000e-06	-8.699224e-03	5.651481e+00
2.000000e-06	-5.197621e-03	5.812880e+00
2.010000e-06	-3.431685e-02	6.031351e+00
2.020000e-06	-2.389991e-02	6.136643e+00
2.030000e-06	2.530404e-02	6.253035e+00
2.040000e-06	-3.375949e-02	6.420897e+00
2.050000e-06	-6.389295e-03	6.537218e+00
2.060000e-06	-1.265242e-02	6.757268e+00
2.070000e-06	-2.190583e-02	6.882560e+00
2.080000e-06	-8.606217e-03	6.988875e+00
2.090000e-06	-2.426832e-02	7.064691e+00
2.100000e-06	-3.526508e-03	7.201033e+00
2.110000e-06	-1.109510e-02	7.337296e+00
2.120000e-06	-2.266990e-02	7.546267e+00
2.130000e-06	-1.849844e-02	7.663561e+00
2.140000e-06	-1.351506e-02	7.808406e+00
2.150000e-06	-1.232868e-02	7.925116e+00
2.160000e-06	-2.628766e-02	8.073035e+00
2.170000e-06	-1.562039e-02	8.199426e+00
2.180000e-06	-8.892884e-03	8.255108e+00
2.190000e-06	-2.322855e-02	8.398402e+00
2.200000e-06	-2.303608e-02	8.451057e+00
2.210000e-06	-2.054535e-02	8.527296e+00
2.220000e-06	-1.478011e-02	8.632982e+00
2.230000e-06	-2.493559e-02	8.736745e+00
2.240000e-06	-2.317227e-02	8.831029e+00
2.250000e-06	-1.737034e-02	8.895637e+00
2.260000e-06	-2.494431e-02	8.972480e+00
2.270000e-06	-2.361778e-02	9.156388e+00
2.280000e-06	-2.342901e-02	9.208452e+00
2.290000e-06	-1.943632e-02	9.254138e+00
2.300000e-06	-2.832523e-02	9.316770e+00
2.310000e-06	-2.533416e-02	9.390505e+00
2.320000e-06	-2.266303e-02	9.454166e+00
2.330000e-06	-2.592079e-02	9.525819e+00
2.340000e-06	-2.846627e-02	9.619374e+00
2.350000e-06	-2.745850e-02	9.661509e+00
2.360000e-06	-2.510059e-02	9.663641e+00
2.370000e-06	-3.005497e-02	9.725325e+00
2.380000e-06	-2.850184e-02	9.770477e+00
2.390000e-06	-2.951382e-02	9.860585e+00
2.400000e-06	-3.093420e-02	9.867215e+00
2.410000e-06	-3.248716e-02	9.905272e+00
2.420000e-06	-3.023872e-02	9.938946e+00
2.430000e-06	-2.884838e-02	9.980401e+00
2.440000e-06	-3.402792e-02	9.990951e+00
2.450000e-06	-3.501206e-02	1.002103e+01
2.460000e-06	-3.280056e-02	1.002258e+01
2.470000e-06	-3.357880e-02	1.004106e+01
2.480000e-06	-3.626703e-02	1.004256e+01
2.490000e-06	-3.507378e-02	1.005317e+01
2.500000e-06	-3.615833e-02	1.005259e+01
2.510000e-06	-3.805259e-02	1.005364e+01
2.520000e-06	-3.832753e-02	1.008412e+01
2.530000e-06	-3.891377e-02	1.008164e+01
2.540000e-06	-3.938440e-02	1.005211e+01
2.550000e-06	-4.050835e-02	1.004164e+01
2.560000e-06	-4.058280e-02	1.003108e+01
2.570000e-06	-4.170020e-02	1.002098e+01
2.580000e-06	-4.407197e-02	1.000950e+01
2.590000e-06	-4.446906e-02	9.927971e+00
2.600000e-06	-4.415190e-02	9.917348e+00
2.610000e-06	-4.601555e-02	9.875138e+00
2.620000e-06	-4.928391e-02	9.781114e+00
2.630000e-06	-4.839776e-02	9.749527e+00
2.640000e-06	-4.955468e-02	9.706674e+00
2.650000e-06	-5.241922e-02	9.642186e+00
2.660000e-06	-5.461930e-02	9.588505e+00
2.670000e-06	-5.522116e-02	9.525871e+00
2.680000e-06	-5.729803e-02	9.465715e+00
2.690000e-06	-5.563283e-02	9.441432e+00
2.700000e-06	-5.943761e-02	9.317049e+00
2.710000e-06	-5.517445e-02	9.263218e+00
2.720000e-06	-5.755614e-02	9.191084e+00
2.730000e-06	-5.791539e-02	9.127475e+00
2.740000e-06	-5.650912e-02	9.033669e+00
2.750000e-06	-5.632312e-02	8.966394e+00
2.760000e-06	-5.396391e-02	8.863084e+00
2.770000e-06	-5.340933e-02	8.769450e+00
2.780000e-06	-5.096109e-02	8.664243e+00
2.790000e-06	-4.885460e-02	8.579556e+00
2.800000e-06	-4.621547e-02	8.483794e+00
2.810000e-06	-4.482944e-02	8.411611e+00
2.820000e-06	-4.380016e-02	8.297974e+00
2.830000e-06	-4.344683e-02	8.231610e+00
2.840000e-06	-4.015749e-02	8.054763e+00
2.850000e-06	-3.975833e-02	7.978059e+00
2.860000e-06	-3.645468e-02	7.833218e+00
2.870000e-06	-3.661178e-02	7.707946e+00
2.880000e-06	-3.311683e-02	7.662184e+00
2.890000e-06	-3.358198e-02	7.444419e+00
2.900000e-06	-3.158520e-02	7.295021e+00
2.910000e-06	-3.135353e-02	7.172530e+00
2.920000e-06	-2.917073e-02	7.052291e+00
2.930000e-06	-2.833057e-02	6.877522e+00
2.940000e-06	-2.737891e-02	6.771555e+00
2.950000e-06	-2.716106e-02	6.633288e+00
2.960000e-06	-2.472033e-02	6.494242e+00
2.970000e-06	-2.319524e-02	6.338945e+00
2.980000e-06	-2.276414e-02	6.189585e+00
2.990000e-06	-2.242307e-02	6.084287e+00
3.000000e-06	-2.208474e-02	5.988474e+00
3.010000e-06	-2.074737e-02	5.749154e+00
3.020000e-06	-1.972174e-02	5.570556e+00
3.030000e-06	-2.059843e-02	5.423264e+00
3.040000e-06	-1.935811e-02	5.243792e+00
3.050000e-06	-1.617031e-02	5.063345e+00
3.060000e-06	-1.735432e-02	4.842318e+00
3.070000e-06	-1.587250e-02	4.664321e+00
3.080000e-06	-1.547915e-02	4.546424e+00
3.090000e-06	-1.565869e-02	4.410057e+00
3.100000e-06	-1.405096e-02	4.204684e+00
3.110000e-06	-1.531565e-02	4.021179e+00
3.120000e-06	-1.334826e-02	3.844887e+00
3.130000e-06	-1.372736e-02	3.695368e+00
3.140000e-06	-1.265054e-02	3.550504e+00
3.150000e-06	-1.159978e-02	3.308234e+00
3.160000e-06	-1.146294e-02	3.159051e+00
3.170000e-06	-9.836129e-03	3.030210e+00
3.180000e-06	-9.949100e-03	2.853214e+00
3.190000e-06	-1.020802e-02	2.707948e+00
3.200000e-06	-1.026891e-02	2.482366e+00
3.210000e-06	-1.034585e-02	2.305391e+00
3.220000e-06	-9.269406e-03	2.106416e+00
3.230000e-06	-8.735587e-03	1.960001e+00
3.240000e-06	-7.798262e-03	1.748129e+00
3.250000e-06	-6.863595e-03	1.528072e+00
3.260000e-06	-5.577153e-03	1.358999e+00
3.270000e-06	-5.525967e-03	1.190079e+00
3.280000e-06	-6.409662e-03	9.480499e-01
3.290000e-06	-6.262239e-03	7.479723e-01
3.300000e-06	-5.860121e-03	5.580777e-01
3.310000e-06	-5.337417e-03	4.006301e-01
3.320000e-06	-4.743531e-03	2.412753e-01
3.330000e-06	-3.471196e-03	2.026417e-04
3.340000e-06	3.535554e-03	-1.881657e-01
3.350000e-06	9.499137e-04	-3.352355e-01
3.360000e-06	-1.703909e-04	-4.729805e-01
3.370000e-06	4.607432e-04	-7.145078e-01
3.380000e-06	-6.527215e-04	-8.625263e-01
3.390000e-06	3.730417e-04	-9.988959e-01
3.400000e-06	3.454501e-03	-1.169219e+00
3.410000e-06	3.383718e-02	-1.376165e+00
3.420000e-06	8.148521e-02	-1.586785e+00
3.430000e-06	-5.536168e-02	-1.841294e+00
3.440000e-06	-2.041519e-02	-2.102453e+00
3.450000e-06	-6.771766e-02	-2.361662e+00
3.460000e-06	-4.503903e-02	-2.398975e+00
3.470000e-06	1.615739e-01	-2.431508e+00
3.480000e-06	-6.711625e-02	-2.608922e+00
3.490000e-06	-6.051714e-02	-2.860998e+00
3.500000e-06	1.779629e-01	-2.897662e+00
3.510000e-06	-1.705563e-01	-3.207634e+00
3.520000e-06	-2.601196e-03	-3.388792e+00
3.530000e-06	1.417472e-01	-3.513611e+00
3.540000e-06	-1.385708e-01	-3.674983e+00
3.550000e-06	8.568819e-02	-3.905613e+00
3.560000e-06	5.169391e-02	-4.031928e+00
3.570000e-06	-1.159786e-01	-4.312957e+00
3.580000e-06	1.290840e-01	-4.398347e+00
3.590000e-06	-1.033479e-01	-4.557191e+00
3.600000e-06	2.951500e-02	-4.807745e+00
3.610000e-06	8.999958e-02	-4.883033e+00
3.620000e-06	-1.121025e-01	-5.123482e+00
3.630000e-06	1.032450e-01	-5.231479e+00
3.640000e-06	-1.659570e-02	-5.491001e+00
3.650000e-06	1.380474e-02	-5.622555e+00
3.660000e-06	1.307897e-02	-5.807770e+00
3.670000e-06	-5.864816e-02	-5.976691e+00
3.680000e-06	1.095204e-01	-6.051527e+00
3.690000e-06	-5.706061e-02	-6.219296e+00
3.700000e-06	3.024897e-02	-6.418401e+00
3.710000e-06	4.297579e-02	-6.565139e+00
3.720000e-06	-4.655201e-02	-6.691031e+00
3.730000e-06	5.563394e-02	-6.799371e+00
3.740000e-06	-4.515569e-02	-6.953639e+00
3.750000e-06	7.426368e-02	-7.094762e+00
3.760000e-06	7.860682e-03	-7.240926e+00
3.770000e-06	-2.604053e-02	-7.398192e+00
3.780000e-06	4.100787e-02	-7.461983e+00
3.790000e-06	-6.390218e-03	-7.619817e+00
3.800000e-06	4.255809e-02	-7.726641e+00
3.810000e-06	-2.112044e-02	-7.893088e+00
3.820000e-06	3.518448e-02	-8.070951e+00
3.830000e-06	2.094800e-02	-8.094234e+00
3.840000e-06	-4.328373e-03	-8.231005e+00
3.850000e-06	2.838242e-02	-8.315715e+00
3.860000e-06	9.474387e-03	-8.450450e+00
3.870000e-06	3.070743e-02	-8.514640e+00
3.880000e-06	-9.552449e-03	-8.619952e+00
3.890000e-06	2.922057e-02	-8.796269e+00
3.900000e-06	2.600464e-02	-8.841506e+00
3.910000e-06	1.131149e-02	-8.937195e+00
3.920000e-06	1.488285e-02	-9.048478e+00
3.930000e-06	1.792341e-02	-9.104114e+00
3.940000e-06	3.107191e-02	-9.155791e+00
3.950000e-06	9.361308e-03	-9.211975e+00
3.960000e-06	2.354843e-02	-9.312090e+00
3.970000e-06	2.406312e-02	-9.377347e+00
3.980000e-06	2.106353e-02	-9.422985e+00
3.990000e-06	1.542576e-02	-9.527740e+00
4.000000e-06	2.491971e-02	-9.598374e+00
4.010000e-06	2.839159e-02	-9.631475e+00
4.020000e-06	1.939729e-02	-9.673632e+00
4.030000e-06	2.193278e-02	-9.695165e+00
4.040000e-06	2.449099e-02	-9.735800e+00
4.050000e-06	2.730027e-02	-9.788927e+00
4.060000e-06	2.315842e-02	-9.811955e+00
4.070000e-06	2.727484e-02	-9.832608e+00
4.080000e-06	2.661721e-02	-9.843583e+00
4.090000e-06	2.420089e-02	-9.895215e+00
4.100000e-06	2.720598e-02	-9.915796e+00
4.110000e-06	2.985673e-02	-9.905717e+00
4.120000e-06	2.767762e-02	-9.927888e+00
4.130000e-06	2.722832e-02	-9.937822e+00
4.140000e-06	3.169283e-02	-9.986821e+00
4.150000e-06	3.156293e-02	-1.000042e+01
4.160000e-06	2.970123e-02	-9.998846e+00
4.170000e-06	2.966999e-02	-9.978375e+00
4.180000e-06	3.379210e-02	-9.967448e+00
4.190000e-06	3.304926e-02	-9.939371e+00
4.200000e-06	3.296416e-02	-9.907822e+00
4.210000e-06	3.591669e-02	-9.965796e+00
4.220000e-06	3.634343e-02	-9.955768e+00
4.230000e-06	3.547247e-02	-9.914692e+00
4.240000e-06	3.679909e-02	-9.883187e+00
4.250000e-06	3.839795e-02	-9.832658e+00
4.260000e-06	4.069888e-02	-9.789510e+00
4.270000e-06	4.017383e-02	-9.819950e+00
4.280000e-06	4.374248e-02	-9.727894e+00
4.290000e-06	4.363694e-02	-9.673216e+00
4.300000e-06	4.630703e-02	-9.673588e+00
4.310000e-06	4.573162e-02	-9.641033e+00
4.320000e-06	4.975978e-02	-9.598947e+00
4.330000e-06	4.682327e-02	-9.476742e+00
4.340000e-06	4.974935e-02	-9.412059e+00
4.350000e-06	5.149727e-02	-9.337322e+00
4.360000e-06	5.319869e-02	-9.274236e+00
4.370000e-06	5.118005e-02	-9.188450e+00
4.380000e-06	5.075888e-02	-9.076867e+00
4.390000e-06	5.188213e-02	-9.002090e+00
4.400000e-06	5.180906e-02	-8.957945e+00
4.410000e-06	4.799913e-02	-8.853689e+00
4.420000e-06	4.690730e-02	-8.790055e+00
4.430000e-06	4.627437e-02	-8.736797e+00
4.440000e-06	4.266448e-02	-8.620687e+00
4.450000e-06	4.172214e-02	-8.474294e+00
4.460000e-06	4.140067e-02	-8.411079e+00
4.470000e-06	3.986122e-02	-8.316318e+00
4.480000e-06	3.797150e-02	-8.211057e+00
4.490000e-06	3.468485e-02	-8.050742e+00
4.500000e-06	3.426682e-02	-8.042575e+00
4.510000e-06	3.227680e-02	-7.895945e+00
4.520000e-06	3.072500e-02	-7.808001e+00
4.530000e-06	2.869317e-02	-7.599985e+00
4.540000e-06	2.728937e-02	-7.485817e+00
4.550000e-06	2.603270e-02	-7.368024e+00
4.560000e-06	2.505737e-02	-7.221154e+00
4.570000e-06	2.448079e-02	-7.136845e+00
4.580000e-06	2.250639e-02	-6.958001e+00
4.590000e-06	2.126023e-02	-6.801078e+00
4.600000e-06	2.034672e-02	-6.655788e+00
4.610000e-06	1.900393e-02	-6.538470e+00
4.620000e-06	1.741874e-02	-6.411156e+00
4.630000e-06	1.703783e-02	-6.244313e+00
4.640000e-06	1.549469e-02	-6.073838e+00
4.650000e-06	1.397904e-02	-5.957396e+00
4.660000e-06	1.349677e-02	-5.799530e+00
4.670000e-06	1.351886e-02	-5.644135e+00
4.680000e-06	1.319708e-02	-5.494967e+00
4.690000e-06	1.178041e-02	-5.295292e+00
4.700000e-06	9.131715e-03	-5.115392e+00
4.710000e-06	8.715266e-03	-4.948474e+00
4.720000e-06	9.184880e-03	-4.717071e+00
4.730000e-06	9.732515e-03	-4.568025e+00
4.740000e-06	8.330631e-03	-4.462130e+00
4.750000e-06	7.852627e-03	-4.294841e+00
4.760000e-06	5.274498e-03	-4.148871e+00
4.770000e-06	7.721881e-03	-3.970078e+00
4.780000e-06	5.550118e-03	-3.793732e+00
4.790000e-06	6.252734e-03	-3.601705e+00
4.800000e-06	4.514001e-03	-3.453164e+00
4.810000e-06	5.842203e-03	-3.283814e+00
4.820000e-06	3.759633e-03	-3.125493e+00
4.830000e-06	2.670844e-03	-2.895892e+00
4.840000e-06	1.719022e-03	-2.717919e+00
4.850000e-06	1.346479e-03	-2.558524e+00
4.860000e-06	2.010304e-03	-2.421080e+00
4.870000e-06	1.829001e-03	-2.229707e+00
4.880000e-06	2.300618e-03	-1.971126e+00
4.890000e-06	-7.840000e-06	-1.832310e+00
4.900000e-06	-6.630574e-04	-1.670237e+00
4.910000e-06	-2.028006e-03	-1.446840e+00
4.920000e-06	-9.255487e-04	-1.233109e+00
4.930000e-06	-1.321668e-03	-1.053708e+00
4.940000e-06	-1.531850e-03	-8.642593e-01
4.950000e-06	-3.907546e-03	-7.063392e-01
4.960000e-06	-3.376846e-03	-4.432317e-01
4.970000e-06	-3.038600e-03	-3.064183e-01
4.980000e-06	-3.090569e-03	-1.159670e-01
4.990000e-06	-3.585546e-04	3.097893e-02
5.000000e-06	2.234786e-03	2.495776e-01
5.010000e-06	-3.136850e-03	4.294764e-01
5.020000e-06	4.778721e-05	5.683222e-01
5.030000e-06	-3.379816e-03	7.667394e-01
5.040000e-06	-2.821972e-03	9.036369e-01
5.050000e-06	-4.627341e-03	1.084218e+00
5.060000e-06	1.456107e-03	1.312562e+00
5.070000e-06	1.663124e-02	1.452080e+00
5.080000e-06	6.343200e-02	1.806184e+00
5.090000e-06	-3.249006e-03	1.945665e+00
5.100000e-06	-5.684513e-02	2.175617e+00
5.110000e-06	-3.547668e-02	2.293158e+00
5.120000e-06	-7.323916e-02	2.421081e+00
5.130000e-06	-5.360420e-04	2.576797e+00
5.140000e-06	1.382756e-01	2.748795e+00
5.150000e-06	-1.357807e-01	2.915662e+00
5.160000e-06	3.203629e-02	3.030980e+00
5.170000e-06	7.840940e-02	3.261425e+00
5.180000e-06	-1.428310e-01	3.480480e+00
5.190000e-06	5.113808e-02	3.609400e+00
5.200000e-06	4.572452e-02	3.745694e+00
5.210000e-06	-1.100801e-01	3.954767e+00
5.220000e-06	7.734277e-02	4.094537e+00
5.230000e-06	-1.972597e-02	4.345062e+00
5.240000e-06	-3.697394e-02	4.462034e+00
5.250000e-06	2.203055e-02	4.642058e+00
5.260000e-06	-5.186686e-02	4.850880e+00
5.270000e-06	1.385034e-02	4.991797e+00
5.280000e-06	-1.085056e-02	5.280949e+00
5.290000e-06	-1.214997e-02	5.380427e+00
5.300000e-06	1.982822e-03	5.577821e+00
5.310000e-06	-4.224849e-03	5.725140e+00
5.320000e-06	-1.667511e-02	5.945634e+00
5.330000e-06	-4.184720e-02	6.081507e+00
5.340000e-06	5.274184e-03	6.218373e+00
5.350000e-06	6.708990e-03	6.355144e+00
5.360000e-06	-3.486652e-02	6.492563e+00
5.370000e-06	3.989147e-03	6.628930e+00
5.380000e-06	-2.683310e-02	6.808373e+00
5.390000e-06	-1.185946e-02	6.935140e+00
5.400000e-06	-1.349733e-02	7.044005e+00
5.410000e-06	-2.216482e-02	7.186851e+00
5.420000e-06	4.328344e-03	7.253138e+00
5.430000e-06	-2.511935e-02	7.443328e+00
5.440000e-06	-1.479606e-02	7.569026e+00
5.450000e-06	-2.338505e-02	7.724689e+00
5.460000e-06	-6.300592e-03	7.863001e+00
5.470000e-06	-2.089269e-02	7.986324e+00
5.480000e-06	-2.332583e-02	8.094695e+00
5.490000e-06	-8.349619e-03	8.221983e+00
5.500000e-06	-1.814304e-02	8.335745e+00
5.510000e-06	-2.137944e-02	8.421554e+00
5.520000e-06	-2.459082e-02	8.514140e+00
5.530000e-06	-1.451792e-02	8.597477e+00
5.540000e-06	-2.273132e-02	8.663212e+00
5.550000e-06	-2.348934e-02	8.768796e+00
5.560000e-06	-1.954697e-02	8.861109e+00
5.570000e-06	-1.934155e-02	8.938249e+00
5.580000e-06	-2.475918e-02	9.082608e+00
5.590000e-06	-2.459153e-02	9.156922e+00
5.600000e-06	-1.914705e-02	9.242035e+00
5.610000e-06	-2.508539e-02	9.286687e+00
5.620000e-06	-2.848298e-02	9.369854e+00
5.630000e-06	-2.539743e-02	9.432462e+00
5.640000e-06	-2.239785e-02	9.475191e+00
5.650000e-06	-2.786870e-02	9.548367e+00
5.660000e-06	-2.868108e-02	9.590430e+00
5.670000e-06	-2.569681e-02	9.680533e+00
5.680000e-06	-2.637978e-02	9.694695e+00
5.690000e-06	-2.889444e-02	9.757327e+00
5.700000e-06	-2.956461e-02	9.800459e+00
5.710000e-06	-2.905924e-02	9.853116e+00
5.720000e-06	-3.210437e-02	9.864661e+00
5.730000e-06	-3.031105e-02	9.927296e+00
5.740000e-06	-3.014541e-02	9.979372e+00
5.750000e-06	-3.098360e-02	9.990001e+00
5.760000e-06	-3.703121e-02	1.002052e+01
5.770000e-06	-3.485385e-02	1.001303e+01
5.780000e-06	-3.194391e-02	1.005311e+01
5.790000e-06	-3.464226e-02	1.006163e+01
5.800000e-06	-3.444114e-02	1.007409e+01
5.810000e-06	-3.499644e-02	1.006164e+01
5.820000e-06	-3.579627e-02	1.006211e+01
5.830000e-06	-3.938609e-02	1.008411e+01
5.840000e-06	-3.890307e-02	1.005211e+01
5.850000e-06	-3.930556e-02	1.005361e+01
5.860000e-06	-4.010264e-02	1.003311e+01
5.870000e-06	-4.117154e-02	1.005156e+01
5.880000e-06	-4.076531e-02	1.003161e+01
5.890000e-06	-4.129750e-02	9.991054e+00
5.900000e-06	-4.278917e-02	9.968953e+00
5.910000e-06	-4.420016e-02	9.948875e+00
5.920000e-06	-4.574248e-02	9.845343e+00
5.930000e-06	-4.771596e-02	9.853138e+00
5.940000e-06	-4.954623e-02	9.788435e+00
5.950000e-06	-5.146585e-02	9.757431e+00
5.960000e-06	-5.244119e-02	9.664719e+00
5.970000e-06	-5.407123e-02	9.613103e+00
5.980000e-06	-5.277586e-02	9.537478e+00
5.990000e-06	-5.368544e-02	9.493245e+00
6.000000e-06	-5.490867e-02	9.462661e+00
6.010000e-06	-5.943027e-02	9.358482e+00
6.020000e-06	-5.928625e-02	9.306270e+00
6.030000e-06	-5.981172e-02	9.253209e+00
6.040000e-06	-5.742811e-02	9.210051e+00
6.050000e-06	-5.725805e-02	9.098345e+00
6.060000e-06	-5.438566e-02	8.980584e+00
6.070000e-06	-5.489671e-02	8.873814e+00
6.080000e-06	-5.374858e-02	8.840004e+00
6.090000e-06	-5.219391e-02	8.675896e+00
6.100000e-06	-4.966006e-02	8.612662e+00
6.110000e-06	-4.989516e-02	8.556378e+00
6.120000e-06	-4.649659e-02	8.482665e+00
6.130000e-06	-4.489607e-02	8.409505e+00
6.140000e-06	-4.283418e-02	8.335789e+00
6.150000e-06	-4.231852e-02	8.099452e+00
6.160000e-06	-3.845917e-02	8.083091e+00
6.170000e-06	-3.871239e-02	7.905451e+00
6.180000e-06	-3.546189e-02	7.800079e+00
6.190000e-06	-3.570805e-02	7.675794e+00
6.200000e-06	-3.223966e-02	7.568529e+00
6.210000e-06	-3.336990e-02	7.421210e+00
6.220000e-06	-3.184933e-02	7.234667e+00
6.230000e-06	-3.040955e-02	7.137420e+00
6.240000e-06	-2.853328e-02	6.980581e+00
6.250000e-06	-2.735610e-02	6.864741e+00
6.260000e-06	-2.694333e-02	6.758526e+00
6.270000e-06	-2.481975e-02	6.560058e+00
6.280000e-06	-2.462176e-02	6.382078e+00
6.290000e-06	-2.335990e-02	6.274291e+00
6.300000e-06	-2.240200e-02	6.137423e+00
6.310000e-06	-2.210568e-02	6.020606e+00
6.320000e-06	-2.098023e-02	5.865392e+00
6.330000e-06	-2.148380e-02	5.645291e+00
6.340000e-06	-1.935455e-02	5.475920e+00
6.350000e-06	-1.915345e-02	5.358003e+00
6.360000e-06	-1.813695e-02	5.170209e+00
6.370000e-06	-1.856018e-02	4.950625e+00
6.380000e-06	-1.634233e-02	4.779031e+00
6.390000e-06	-1.653584e-02	4.622160e+00
6.400000e-06	-1.465497e-02	4.473768e+00
6.410000e-06	-1.472383e-02	4.326974e+00
6.420000e-06	-1.384932e-02	4.135500e+00
6.430000e-06	-1.394082e-02	3.958476e+00
6.440000e-06	-1.334941e-02	3.759655e+00
6.450000e-06	-1.279803e-02	3.632210e+00
6.460000e-06	-1.258562e-02	3.445396e+00
6.470000e-06	-1.078444e-02	3.252763e+00
6.480000e-06	-1.168368e-02	3.096898e+00
6.490000e-06	-1.034649e-02	2.938026e+00
6.500000e-06	-1.033086e-02	2.780006e+00
6.510000e-06	-9.500434e-03	2.600160e+00
6.520000e-06	-9.696905e-03	2.377056e+00
6.530000e-06	-8.739136e-03	2.171156e+00
6.540000e-06	-7.975965e-03	2.062784e+00
6.550000e-06	-7.678810e-03	1.866816e+00
6.560000e-06	-7.583760e-03	1.671838e+00
6.570000e-06	-6.606902e-03	1.474866e+00
6.580000e-06	-6.031109e-03	1.264813e+00
6.590000e-06	-6.011249e-03	1.063867e+00
6.600000e-06	-6.705474e-03	8.526629e-01
6.610000e-06	-5.984676e-03	6.733144e-01
6.620000e-06	-4.873148e-03	4.543419e-01
6.630000e-06	-3.436914e-03	3.179710e-01
6.640000e-06	-4.942230e-03	1.058935e-01
6.650000e-06	4.273969e-04	-6.298401e-02
6.660000e-06	2.870668e-03	-2.409539e-01
6.670000e-06	-1.165055e-03	-3.898185e-01
6.680000e-06	1.417204e-03	-5.787632e-01
6.690000e-06	-1.967144e-03	-7.888923e-01
6.700000e-06	1.241236e-03	-9.247118e-01
6.710000e-06	-1.002343e-03	-1.084584e+00
6.720000e-06	1.182235e-02	-1.261974e+00
6.730000e-06	6.446094e-02	-1.529804e+00
6.740000e-06	3.426265e-02	-1.692958e+00
6.750000e-06	-6.804703e-02	-1.976613e+00
6.760000e-06	-1.441390e-02	-2.196749e+00
6.770000e-06	-9.649151e-02	-2.379794e+00
6.780000e-06	6.195524e-02	-2.400528e+00
6.790000e-06	1.113809e-01	-2.523509e+00
6.800000e-06	-1.652546e-01	-2.746162e+00
6.810000e-06	1.212525e-01	-2.861610e+00
6.820000e-06	4.154738e-02	-3.010320e+00
6.830000e-06	-1.788665e-01	-3.304002e+00
6.840000e-06	1.454836e-01	-3.461027e+00
6.850000e-06	3.810777e-03	-3.577790e+00
6.860000e-06	-1.020817e-01	-3.809297e+00
6.870000e-06	1.708999e-01	-3.957341e+00
6.880000e-06	-1.089637e-01	-4.156666e+00
6.890000e-06	2.723598e-02	-4.336238e+00
6.900000e-06	5.294121e-02	-4.462429e+00
6.910000e-06	-1.199697e-01	-4.692406e+00
6.920000e-06	1.353229e-01	-4.810923e+00
6.930000e-06	-3.947740e-02	-4.946742e+00
6.940000e-06	-2.584641e-02	-5.188844e+00
6.950000e-06	9.164342e-02	-5.334613e+00
6.960000e-06	-5.599616e-02	-5.567613e+00
6.970000e-06	6.519401e-02	-5.722664e+00
6.980000e-06	-6.361704e-02	-5.851930e+00
6.990000e-06	3.363572e-02	-6.019449e+00
7.000000e-06	5.893346e-02	-6.114042e+00
7.010000e-06	-6.852677e-02	-6.344543e+00
7.020000e-06	9.356390e-02	-6.453080e+00
7.030000e-06	-3.903372e-02	-6.599297e+00
7.040000e-06	1.743952e-02	-6.785715e+00
7.050000e-06	1.206084e-02	-6.821530e+00
7.060000e-06	-1.351117e-02	-7.011297e+00
7.070000e-06	8.744132e-02	-7.177849e+00
7.080000e-06	-5.058262e-02	-7.273565e+00
7.090000e-06	3.063750e-02	-7.430450e+00
7.100000e-06	7.933397e-03	-7.565163e+00
7.110000e-06	2.020187e-02	-7.661558e+00
7.120000e-06	1.781170e-02	-7.808753e+00
7.130000e-06	-1.279870e-02	-7.958822e+00
7.140000e-06	5.454222e-02	-8.023080e+00
7.150000e-06	-1.262087e-02	-8.205348e+00
7.160000e-06	2.204229e-02	-8.242633e+00
7.170000e-06	1.176955e-02	-8.377295e+00
7.180000e-06	2.677981e-02	-8.461531e+00
7.190000e-06	1.101931e-02	-8.538697e+00
7.200000e-06	1.521164e-03	-8.693669e+00
7.210000e-06	3.838204e-02	-8.809924e+00
7.220000e-06	1.345295e-02	-8.883588e+00
7.230000e-06	1.566034e-02	-8.998848e+00
7.240000e-06	1.083215e-02	-9.032956e+00
7.250000e-06	2.938867e-02	-9.095221e+00
7.260000e-06	1.907035e-02	-9.209395e+00
7.270000e-06	1.333757e-02	-9.252504e+00
7.280000e-06	2.614196e-02	-9.355668e+00
7.290000e-06	2.292871e-02	-9.426354e+00
7.300000e-06	1.868338e-02	-9.495540e+00
7.310000e-06	1.841807e-02	-9.535800e+00
7.320000e-06	3.002605e-02	-9.620375e+00
7.330000e-06	2.208772e-02	-9.621006e+00
7.340000e-06	2.055579e-02	-9.643141e+00
7.350000e-06	2.248305e-02	-9.755718e+00
7.360000e-06	2.733130e-02	-9.757825e+00
7.370000e-06	2.450315e-02	-9.810406e+00
7.380000e-06	2.462775e-02	-9.841006e+00
7.390000e-06	2.899644e-02	-9.842161e+00
7.400000e-06	2.529186e-02	-9.893564e+00
7.410000e-06	2.492667e-02	-9.894792e+00
7.420000e-06	2.736762e-02	-9.934719e+00
7.430000e-06	2.932142e-02	-9.957846e+00
7.440000e-06	2.645878e-02	-9.938846e+00
7.450000e-06	3.011743e-02	-9.976321e+00
7.460000e-06	3.075618e-02	-9.958848e+00
7.470000e-06	3.133751e-02	-9.949395e+00
7.480000e-06	2.939925e-02	-9.978895e+00
7.490000e-06	3.167677e-02	-9.967896e+00
7.500000e-06	3.359827e-02	-9.956899e+00
7.510000e-06	3.361736e-02	-9.957972e+00
7.520000e-06	3.446646e-02	-9.927371e+00
7.530000e-06	3.501741e-02	-9.925270e+00
7.540000e-06	3.561483e-02	-9.906793e+00
7.550000e-06	3.608328e-02	-9.914239e+00
7.560000e-06	3.969381e-02	-9.843187e+00
7.570000e-06	3.923695e-02	-9.861109e+00
7.580000e-06	3.893945e-02	-9.810979e+00
7.590000e-06	4.191200e-02	-9.767554e+00
7.600000e-06	4.306648e-02	-9.705794e+00
7.610000e-06	4.435002e-02	-9.694189e+00
7.620000e-06	4.533019e-02	-9.661583e+00
7.630000e-06	4.821763e-02	-9.601052e+00
7.640000e-06	4.899823e-02	-9.556871e+00
7.650000e-06	4.848753e-02	-9.475166e+00
7.660000e-06	5.164591e-02	-9.369031e+00
7.670000e-06	5.260028e-02	-9.304268e+00
7.680000e-06	5.128992e-02	-9.192031e+00
7.690000e-06	5.030047e-02	-9.136870e+00
7.700000e-06	5.013682e-02	-9.064187e+00
7.710000e-06	5.183781e-02	-9.000906e+00
7.720000e-06	4.994709e-02	-8.887244e+00
7.730000e-06	4.849555e-02	-8.822608e+00
7.740000e-06	4.631585e-02	-8.749922e+00
7.750000e-06	4.413761e-02	-8.695318e+00
7.760000e-06	4.293049e-02	-8.570424e+00
7.770000e-06	4.243132e-02	-8.422640e+00
7.780000e-06	3.990279e-02	-8.358423e+00
7.790000e-06	3.839880e-02	-8.233789e+00
7.800000e-06	3.636288e-02	-8.158948e+00
7.810000e-06	3.575419e-02	-8.054157e+00
7.820000e-06	3.308830e-02	-7.969525e+00
7.830000e-06	3.079916e-02	-7.873267e+00
7.840000e-06	3.083701e-02	-7.695444e+00
7.850000e-06	2.942795e-02	-7.558996e+00
7.860000e-06	2.573238e-02	-7.442633e+00
7.870000e-06	2.511947e-02	-7.305862e+00
7.880000e-06	2.475744e-02	-7.177578e+00
7.890000e-06	2.292541e-02	-7.053212e+00
7.900000e-06	2.125529e-02	-6.852792e+00
7.910000e-06	2.018861e-02	-6.778449e+00
7.920000e-06	2.035583e-02	-6.620629e+00
7.930000e-06	1.929773e-02	-6.473284e+00
7.940000e-06	1.714042e-02	-6.358471e+00
7.950000e-06	1.624581e-02	-6.200122e+00
7.960000e-06	1.419018e-02	-6.040554e+00
7.970000e-06	1.480688e-02	-5.864316e+00
7.980000e-06	1.363261e-02	-5.757897e+00
7.990000e-06	1.252061e-02	-5.588578e+00
8.000000e-06	1.145630e-02	-5.391686e+00
8.010000e-06	1.083464e-02	-5.189603e+00
8.020000e-06	1.064121e-02	-5.053236e+00
8.030000e-06	8.810777e-03	-4.844713e+00
8.040000e-06	8.936063e-03	-4.632190e+00
8.050000e-06	6.890491e-03	-4.536842e+00
8.060000e-06	8.470895e-03	-4.329050e+00
8.070000e-06	6.675979e-03	-4.232207e+00
8.080000e-06	6.515427e-03	-4.054738e+00
8.090000e-06	6.007273e-03	-3.887421e+00
8.100000e-06	4.090042e-03	-3.724871e+00
8.110000e-06	4.310192e-03	-3.526020e+00
8.120000e-06	5.237136e-03	-3.358126e+00
8.130000e-06	4.812817e-03	-3.213730e+00
8.140000e-06	2.668950e-03	-3.043805e+00
8.150000e-06	1.999788e-03	-2.801637e+00
8.160000e-06	2.511594e-03	-2.664738e+00
8.170000e-06	5.318583e-04	-2.475865e+00
8.180000e-06	2.115201e-03	-2.275926e+00
8.190000e-06	5.811462e-04	-2.113388e+00
8.200000e-06	1.691822e-03	-1.926421e+00
8.210000e-06	-8.250460e-04	-1.748496e+00
8.220000e-06	6.020628e-04	-1.599551e+00
8.230000e-06	-2.370618e-03	-1.337521e+00
8.240000e-06	-3.165213e-04	-1.109018e+00
8.250000e-06	-1.562065e-03	-9.480486e-01
8.260000e-06	-2.475317e-03	-7.801236e-01
8.270000e-06	-4.386700e-03	-5.597303e-01
8.280000e-06	-3.332252e-03	-3.705725e-01
8.290000e-06	-2.548366e-03	-1.907303e-01
8.300000e-06	-1.918415e-03	-7.265914e-02
8.310000e-06	1.230435e-03	1.551382e-01
8.320000e-06	9.093037e-04	3.546684e-01
8.330000e-06	-2.252297e-03	4.741581e-01
8.340000e-06	-5.368982e-04	7.024815e-01
8.350000e-06	-5.556420e-03	7.994211e-01
8.360000e-06	-3.228117e-03	9.893198e-01
8.370000e-06	-2.609451e-03	1.230876e+00
8.380000e-06	6.066294e-03	1.367346e+00
8.390000e-06	3.657081e-02	1.587745e+00
8.400000e-06	5.556230e-02	1.821926e+00
8.410000e-06	-5.087572e-02	1.999401e+00
8.420000e-06	-3.759308e-02	2.188842e+00
8.430000e-06	-5.229682e-02	2.367867e+00
8.440000e-06	-6.799772e-02	2.473112e+00
8.450000e-06	9.446549e-02	2.692056e+00
8.460000e-06	3.740428e-02	2.851956e+00
8.470000e-06	-1.414002e-01	2.977922e+00
8.480000e-06	1.551626e-01	3.084589e+00
8.490000e-06	-7.136174e-02	3.305714e+00
8.500000e-06	-7.550511e-02	3.555288e+00
8.510000e-06	1.025096e-01	3.631533e+00
8.520000e-06	-6.132728e-02	3.831305e+00
8.530000e-06	-3.557393e-02	4.020877e+00
8.540000e-06	7.597673e-02	4.158872e+00
8.550000e-06	-6.874506e-02	4.379874e+00
8.560000e-06	1.148708e-02	4.545663e+00
8.570000e-06	-1.527214e-02	4.775691e+00
8.580000e-06	-3.879587e-02	4.905133e+00
8.590000e-06	2.191487e-02	5.165184e+00
8.600000e-06	-2.650911e-02	5.355166e+00
8.610000e-06	6.694000e-03	5.524639e+00
8.620000e-06	-7.123329e-03	5.621978e+00
8.630000e-06	-3.036713e-03	5.789774e+00
8.640000e-06	-3.165550e-02	5.980349e+00
8.650000e-06	-2.981997e-02	6.125691e+00
8.660000e-06	2.505449e-02	6.241512e+00
8.670000e-06	-2.770183e-02	6.429425e+00
8.680000e-06	-1.149707e-02	6.505167e+00
8.690000e-06	-8.706598e-03	6.735711e+00
8.700000e-06	-2.417020e-02	6.863584e+00
8.710000e-06	-7.750303e-03	6.977875e+00
8.720000e-06	-2.272806e-02	7.065563e+00
8.730000e-06	-7.821218e-03	7.230000e+00
8.740000e-06	-7.793029e-03	7.346662e+00
8.750000e-06	-2.381646e-02	7.485669e+00
8.760000e-06	-1.708467e-02	7.664059e+00
8.770000e-06	-1.598780e-02	7.788874e+00
8.780000e-06	-1.040979e-02	7.924186e+00
8.790000e-06	-2.547708e-02	8.022381e+00
8.800000e-06	-1.714474e-02	8.187321e+00
8.810000e-06	-1.002458e-02	8.284113e+00
8.820000e-06	-2.336937e-02	8.378274e+00
8.830000e-06	-1.988301e-02	8.441535e+00
8.840000e-06	-2.173680e-02	8.507820e+00
8.850000e-06	-1.458450e-02	8.640508e+00
8.860000e-06	-2.531477e-02	8.737717e+00
8.870000e-06	-2.235981e-02	8.821399e+00
8.880000e-06	-1.781767e-02	8.872613e+00
8.890000e-06	-2.471185e-02	9.010930e+00
8.900000e-06	-2.446674e-02	9.093196e+00
8.910000e-06	-2.316273e-02	9.199929e+00
8.920000e-06	-1.937241e-02	9.281588e+00
8.930000e-06	-2.785397e-02	9.327321e+00
8.940000e-06	-2.637928e-02	9.430429e+00
8.950000e-06	-2.305577e-02	9.512661e+00
8.960000e-06	-2.512325e-02	9.487719e+00
8.970000e-06	-2.916445e-02	9.617876e+00
8.980000e-06	-2.729968e-02	9.620988e+00
8.990000e-06	-2.414841e-02	9.662662e+00
9.000000e-06	-2.867503e-02	9.698247e+00
9.010000e-06	-2.892280e-02	9.759925e+00
9.020000e-06	-3.047414e-02	9.833015e+00
9.030000e-06	-3.076848e-02	9.845709e+00
9.040000e-06	-3.078957e-02	9.925166e+00
9.050000e-06	-2.888194e-02	9.937372e+00
9.060000e-06	-2.876943e-02	9.998477e+00
9.070000e-06	-3.468842e-02	1.002146e+01
9.080000e-06	-3.558625e-02	1.005051e+01
9.090000e-06	-3.302908e-02	1.002103e+01
9.100000e-06	-3.331235e-02	1.004256e+01
9.110000e-06	-3.593527e-02	1.003256e+01
9.120000e-06	-3.494867e-02	1.005209e+01
9.130000e-06	-3.608359e-02	1.005314e+01
9.140000e-06	-3.811771e-02	1.006209e+01
9.150000e-06	-3.923858e-02	1.004266e+01
9.160000e-06	-3.779120e-02	1.005214e+01
9.170000e-06	-3.822350e-02	1.006209e+01
9.180000e-06	-4.062545e-02	1.006113e+01
9.190000e-06	-4.156140e-02	1.001158e+01
9.200000e-06	-4.198293e-02	9.990526e+00
9.210000e-06	-4.313351e-02	9.991003e+00
9.220000e-06	-4.471159e-02	9.928449e+00
9.230000e-06	-4.446638e-02	9.897872e+00
9.240000e-06	-4.620868e-02	9.884693e+00
9.250000e-06	-4.816127e-02	9.802564e+00
9.260000e-06	-4.952084e-02	9.747955e+00
9.270000e-06	-5.050552e-02	9.704825e+00
9.280000e-06	-5.202314e-02	9.633114e+00
9.290000e-06	-5.437009e-02	9.540533e+00
9.300000e-06	-5.450528e-02	9.527346e+00
9.310000e-06	-5.576747e-02	9.482741e+00
9.320000e-06	-5.717474e-02	9.430633e+00
9.330000e-06	-5.746699e-02	9.317396e+00
9.340000e-06	-5.745597e-02	9.274192e+00
9.350000e-06	-5.853733e-02	9.222084e+00
9.360000e-06	-5.795079e-02	9.147951e+00
9.370000e-06	-5.756208e-02	9.053816e+00
9.380000e-06	-5.426200e-02	8.917854e+00
9.390000e-06	-5.492540e-02	8.852660e+00
9.400000e-06	-5.281195e-02	8.729052e+00
9.410000e-06	-5.130697e-02	8.684241e+00
9.420000e-06	-4.937078e-02	8.609557e+00
9.430000e-06	-4.844627e-02	8.515821e+00
9.440000e-06	-4.576748e-02	8.381636e+00
9.450000e-06	-4.345490e-02	8.347870e+00
9.460000e-06	-4.242166e-02	8.203114e+00
9.470000e-06	-4.105106e-02	8.116272e+00
9.480000e-06	-3.914421e-02	7.971551e+00
9.490000e-06	-3.694805e-02	7.865217e+00
9.500000e-06	-3.630017e-02	7.736875e+00
9.510000e-06	-3.501806e-02	7.642684e+00
9.520000e-06	-3.374183e-02	7.476820e+00
9.530000e-06	-3.140562e-02	7.298005e+00
9.540000e-06	-3.150785e-02	7.201082e+00
9.550000e-06	-2.929017e-02	7.024317e+00
9.560000e-06	-2.888249e-02	6.916474e+00
9.570000e-06	-2.637557e-02	6.802084e+00
9.580000e-06	-2.634006e-02	6.667370e+00
9.590000e-06	-2.459829e-02	6.493942e+00
9.600000e-06	-2.519445e-02	6.298498e+00
9.610000e-06	-2.246316e-02	6.212107e+00
9.620000e-06	-2.256565e-02	6.052842e+00
9.630000e-06	-2.138080e-02	5.969499e+00
9.640000e-06	-2.125262e-02	5.770284e+00
9.650000e-06	-2.071679e-02	5.622031e+00
9.660000e-06	-1.957355e-02	5.453361e+00
9.670000e-06	-1.895839e-02	5.257367e+00
9.680000e-06	-1.755111e-02	5.095975e+00
9.690000e-06	-1.646971e-02	4.864916e+00
9.700000e-06	-1.689315e-02	4.707421e+00
9.710000e-06	-1.600850e-02	4.557030e+00
9.720000e-06	-1.565820e-02	4.413583e+00
9.730000e-06	-1.502390e-02	4.223265e+00
9.740000e-06	-1.362200e-02	4.012761e+00
9.750000e-06	-1.305731e-02	3.863417e+00
9.760000e-06	-1.300894e-02	3.715921e+00
9.770000e-06	-1.321659e-02	3.550525e+00
9.780000e-06	-1.156209e-02	3.381259e+00
9.790000e-06	-1.085981e-02	3.180605e+00
9.800000e-06	-1.082285e-02	3.034187e+00
9.810000e-06	-1.105223e-02	2.823862e+00
9.820000e-06	-1.011600e-02	2.696924e+00
9.830000e-06	-1.027151e-02	2.486412e+00
9.840000e-06	-9.252525e-03	2.285967e+00
9.850000e-06	-9.697906e-03	2.096495e+00
9.860000e-06	-8.307492e-03	1.930074e+00
9.870000e-06	-7.670451e-03	1.789179e+00
9.880000e-06	-6.859699e-03	1.560550e+00
9.890000e-06	-6.835860e-03	1.369580e+00
9.900000e-06	-7.228106e-03	1.219180e+00
9.910000e-06	-5.946354e-03	9.391552e-01
9.920000e-06	-6.395059e-03	7.795774e-01
9.930000e-06	-5.063702e-03	5.595539e-01
9.940000e-06	-4.432381e-03	4.001778e-01
9.950000e-06	-4.536390e-03	2.132392e-01
9.960000e-06	-3.857264e-03	1.320410e-02
9.970000e-06	2.345417e-03	-1.557620e-01
9.980000e-06	9.835120e-04	-3.456616e-01
9.990000e-06	-9.673994e-04	-4.420789e-01
1.000000e-05	1.396653e-03	-6.538463e-01
1.001000e-05	-1.449977e-03	-8.509751e-01
1.002000e-05	-1.428509e-03	-1.009346e+00
1.003000e-05	1.711279e-03	-1.165718e+00
1.004000e-05	3.041766e-02	-1.333139e+00
1.005000e-05	8.434531e-02	-1.554742e+00
1.006000e-05	-4.392067e-02	-1.848744e+00
1.007000e-05	-2.988786e-02	-2.041023e+00
1.008000e-05	-5.681156e-02	-2.293478e+00
1.009000e-05	-6.069257e-02	-2.389995e+00
1.010000e-05	1.535416e-01	-2.410526e+00
1.011000e-05	-3.621810e-02	-2.608194e+00
1.012000e-05	-9.235850e-02	-2.809953e+00
1.013000e-05	1.870147e-01	-2.974034e+00
1.014000e-05	-1.421891e-01	-3.194538e+00
1.015000e-05	-4.117054e-02	-3.367316e+00
1.016000e-05	1.593107e-01	-3.485585e+00
1.017000e-05	-1.252455e-01	-3.672509e+00
1.018000e-05	5.007826e-02	-3.884688e+00
1.019000e-05	8.490766e-02	-4.040403e+00
1.020000e-05	-1.319867e-01	-4.251449e+00
1.021000e-05	1.284150e-01	-4.408472e+00
1.022000e-05	-8.206414e-02	-4.536636e+00
1.023000e-05	-2.125867e-03	-4.757619e+00
1.024000e-05	1.103923e-01	-4.831434e+00
1.025000e-05	-1.127996e-01	-5.081979e+00
1.026000e-05	8.916579e-02	-5.253005e+00
1.027000e-05	1.156677e-03	-5.440355e+00
1.028000e-05	-2.870428e-03	-5.640976e+00
1.029000e-05	2.985356e-02	-5.777267e+00
1.030000e-05	-7.007705e-02	-5.925764e+00
1.031000e-05	1.057662e-01	-6.032479e+00
1.032000e-05	-4.053071e-02	-6.248294e+00
1.033000e-05	1.164380e-02	-6.428870e+00
1.034000e-05	5.876119e-02	-6.495166e+00
1.035000e-05	-5.577710e-02	-6.653083e+00
1.036000e-05	5.654863e-02	-6.808371e+00
1.037000e-05	-3.951470e-02	-6.894668e+00
1.038000e-05	6.168643e-02	-7.104463e+00
1.039000e-05	2.341195e-02	-7.241354e+00
1.040000e-05	-3.658559e-02	-7.336743e+00
1.041000e-05	4.551605e-02	-7.481080e+00
1.042000e-05	-9.233411e-03	-7.569293e+00
1.043000e-05	4.230497e-02	-7.747246e+00
1.044000e-05	-1.684954e-02	-7.853930e+00
1.045000e-05	2.799460e-02	-8.040451e+00
1.046000e-05	2.951966e-02	-8.085188e+00
1.047000e-05	-9.257564e-03	-8.229480e+00
1.048000e-05	2.978337e-02	-8.313689e+00
1.049000e-05	6.056823e-03	-8.399950e+00
1.050000e-05	3.305461e-02	-8.482666e+00
1.051000e-05	-8.531661e-03	-8.591429e+00
1.052000e-05	2.688466e-02	-8.778821e+00
1.053000e-05	2.881538e-02	-8.831004e+00
1.054000e-05	1.155193e-02	-8.906716e+00
1.055000e-05	1.617089e-02	-8.998902e+00
1.056000e-05	1.500528e-02	-9.091733e+00
1.057000e-05	3.138337e-02	-9.126266e+00
1.058000e-05	8.800381e-03	-9.230499e+00
1.059000e-05	2.325293e-02	-9.293112e+00
1.060000e-05	2.537782e-02	-9.326197e+00
1.061000e-05	2.156339e-02	-9.431985e+00
1.062000e-05	1.692990e-02	-9.573666e+00
1.063000e-05	2.449300e-02	-9.598894e+00
1.064000e-05	2.824537e-02	-9.631982e+00
1.065000e-05	1.829327e-02	-9.672709e+00
1.066000e-05	2.433269e-02	-9.683694e+00
1.067000e-05	2.544147e-02	-9.706292e+00
1.068000e-05	2.609900e-02	-9.758376e+00
1.069000e-05	2.135665e-02	-9.820504e+00
1.070000e-05	2.717311e-02	-9.832009e+00
1.071000e-05	2.835098e-02	-9.894110e+00
1.072000e-05	2.469847e-02	-9.894163e+00
1.073000e-05	2.682910e-02	-9.916189e+00
1.074000e-05	2.929879e-02	-9.906769e+00
1.075000e-05	2.838948e-02	-9.945820e+00
1.076000e-05	2.810747e-02	-9.957871e+00
1.077000e-05	3.055343e-02	-9.957322e+00
1.078000e-05	3.084020e-02	-9.969400e+00
1.079000e-05	2.973054e-02	-9.988375e+00
1.080000e-05	2.911643e-02	-9.948847e+00
1.081000e-05	3.285151e-02	-9.938847e+00
1.082000e-05	3.278540e-02	-9.998399e+00
1.083000e-05	3.487028e-02	-9.977323e+00
1.084000e-05	3.594592e-02	-9.936270e+00
1.085000e-05	3.472243e-02	-9.926322e+00
1.086000e-05	3.470329e-02	-9.925792e+00
1.087000e-05	3.703244e-02	-9.884217e+00
1.088000e-05	4.170238e-02	-9.842163e+00
1.089000e-05	3.855428e-02	-9.812082e+00
1.090000e-05	3.986969e-02	-9.749403e+00
1.091000e-05	4.156013e-02	-9.746873e+00
1.092000e-05	4.486329e-02	-9.654742e+00
1.093000e-05	4.444127e-02	-9.622636e+00
1.094000e-05	4.613490e-02	-9.612607e+00
1.095000e-05	4.922234e-02	-9.590952e+00
1.096000e-05	4.993632e-02	-9.486267e+00
1.097000e-05	4.912059e-02	-9.404610e+00
1.098000e-05	5.168148e-02	-9.346945e+00
1.099000e-05	5.240294e-02	-9.263688e+00
1.100000e-05	5.231370e-02	-9.219472e+00
1.101000e-05	5.104968e-02	-9.126317e+00
1.102000e-05	5.046264e-02	-9.083188e+00
1.103000e-05	5.136190e-02	-8.949476e+00
1.104000e-05	5.001100e-02	-8.865265e+00
1.105000e-05	4.707827e-02	-8.832605e+00
1.106000e-05	4.644848e-02	-8.747866e+00
1.107000e-05	4.301584e-02	-8.610188e+00
1.108000e-05	4.243511e-02	-8.485269e+00
1.109000e-05	4.064997e-02	-8.390157e+00
1.110000e-05	3.973294e-02	-8.315872e+00
1.111000e-05	3.833398e-02	-8.251659e+00
1.112000e-05	3.533373e-02	-8.126867e+00
1.113000e-05	3.392884e-02	-8.032110e+00
1.114000e-05	3.174310e-02	-7.949393e+00
1.115000e-05	3.103288e-02	-7.778507e+00
1.116000e-05	2.958838e-02	-7.672706e+00
1.117000e-05	2.757821e-02	-7.484787e+00
1.118000e-05	2.585226e-02	-7.358454e+00
1.119000e-05	2.423883e-02	-7.254184e+00
1.120000e-05	2.372627e-02	-7.157944e+00
1.121000e-05	2.282083e-02	-6.928979e+00
1.122000e-05	2.082234e-02	-6.801605e+00
1.123000e-05	1.861328e-02	-6.704317e+00
1.124000e-05	1.896619e-02	-6.578451e+00
1.125000e-05	1.888061e-02	-6.400153e+00
1.126000e-05	1.853702e-02	-6.294861e+00
1.127000e-05	1.450572e-02	-6.106366e+00
1.128000e-05	1.508352e-02	-5.927922e+00
1.129000e-05	1.413016e-02	-5.832684e+00
1.130000e-05	1.353211e-02	-5.652838e+00
1.131000e-05	1.059076e-02	-5.575898e+00
1.132000e-05	1.078426e-02	-5.285925e+00
1.133000e-05	1.214088e-02	-5.106921e+00
1.134000e-05	1.092729e-02	-4.969053e+00
1.135000e-05	7.852409e-03	-4.715505e+00
1.136000e-05	7.744306e-03	-4.569578e+00
1.137000e-05	9.561472e-03	-4.433660e+00
1.138000e-05	8.761574e-03	-4.307391e+00
1.139000e-05	5.498572e-03	-4.117971e+00
1.140000e-05	6.827154e-03	-4.001056e+00
1.141000e-05	5.963135e-03	-3.822363e+00
1.142000e-05	5.362905e-03	-3.622658e+00
1.143000e-05	2.942348e-03	-3.493888e+00
1.144000e-05	4.777808e-03	-3.255837e+00
1.145000e-05	4.249324e-03	-3.157970e+00
1.146000e-05	2.768973e-03	-2.937468e+00
1.147000e-05	3.540438e-03	-2.759521e+00
1.148000e-05	1.408499e-03	-2.601075e+00
1.149000e-05	2.343357e-03	-2.408653e+00
1.150000e-05	5.219893e-04	-2.202210e+00
1.151000e-05	1.668023e-03	-2.021629e+00
1.152000e-05	-1.071144e-03	-1.854687e+00
1.153000e-05	3.023556e-05	-1.663709e+00
1.154000e-05	-1.165600e-03	-1.476468e+00
1.155000e-05	-1.120670e-03	-1.241280e+00
1.156000e-05	-3.495185e-03	-1.054661e+00
1.157000e-05	-1.941823e-03	-8.747369e-01
1.158000e-05	-2.262542e-03	-6.964159e-01
1.159000e-05	-2.654111e-03	-4.147904e-01
1.160000e-05	-3.616294e-03	-2.968631e-01
1.161000e-05	-3.011913e-03	-1.379935e-01
1.162000e-05	-1.046787e-04	2.045124e-02
1.163000e-05	2.472403e-03	2.698751e-01
1.164000e-05	-2.874846e-03	4.409276e-01
1.165000e-05	2.100250e-05	5.998409e-01
1.166000e-05	-2.479041e-03	7.257646e-01
1.167000e-05	-2.755007e-03	8.626092e-01
1.168000e-05	-4.817186e-03	1.137512e+00
1.169000e-05	2.187937e-04	1.313110e+00
1.170000e-05	1.493080e-02	1.484033e+00
1.171000e-05	6.003990e-02	1.684110e+00
1.172000e-05	8.042166e-03	1.904164e+00
1.173000e-05	-6.199834e-02	2.104087e+00
1.174000e-05	-3.290554e-02	2.313582e+00
1.175000e-05	-6.978811e-02	2.451525e+00
1.176000e-05	-1.779337e-02	2.544746e+00
1.177000e-05	1.426365e-01	2.757689e+00
1.178000e-05	-1.119762e-01	2.883613e+00
1.179000e-05	-3.883489e-03	3.030450e+00
1.180000e-05	1.071384e-01	3.230352e+00
1.181000e-05	-1.447282e-01	3.421279e+00
1.182000e-05	3.126185e-02	3.608946e+00
1.183000e-05	6.444032e-02	3.736088e+00
1.184000e-05	-1.114749e-01	3.965713e+00
1.185000e-05	6.363089e-02	4.075031e+00
1.186000e-05	-2.411644e-03	4.286012e+00
1.187000e-05	-4.888830e-02	4.443035e+00
1.188000e-05	2.569998e-02	4.630903e+00
1.189000e-05	-4.794015e-02	4.791451e+00
1.190000e-05	5.388819e-03	5.016676e+00
1.191000e-05	-4.910711e-03	5.260905e+00
1.192000e-05	-1.673942e-02	5.401398e+00
1.193000e-05	5.236278e-03	5.586293e+00
1.194000e-05	-6.189316e-03	5.716585e+00
1.195000e-05	-1.298984e-02	5.905055e+00
1.196000e-05	-4.161273e-02	6.030980e+00
1.197000e-05	-9.589987e-04	6.180304e+00
1.198000e-05	1.173217e-02	6.314138e+00
1.199000e-05	-3.791187e-02	6.453006e+00
1.200000e-05	4.220411e-03	6.578831e+00
1.201000e-05	-2.504752e-02	6.779347e+00
1.202000e-05	-1.491315e-02	6.915214e+00
1.203000e-05	-1.223596e-02	7.020956e+00
1.204000e-05	-2.248241e-02	7.178295e+00
1.205000e-05	4.745131e-03	7.241059e+00
1.206000e-05	-2.359967e-02	7.400280e+00
1.207000e-05	-1.674457e-02	7.578347e+00
1.208000e-05	-2.340102e-02	7.704741e+00
1.209000e-05	-7.388563e-03	7.830983e+00
1.210000e-05	-1.905284e-02	7.906796e+00
1.211000e-05	-2.464057e-02	8.066112e+00
1.212000e-05	-9.251604e-03	8.220429e+00
1.213000e-05	-1.745749e-02	8.308215e+00
1.214000e-05	-2.252124e-02	8.430004e+00
1.215000e-05	-2.428049e-02	8.494186e+00
1.216000e-05	-1.472494e-02	8.570299e+00
1.217000e-05	-2.010201e-02	8.653610e+00
1.218000e-05	-2.500102e-02	8.728350e+00
1.219000e-05	-2.122646e-02	8.861555e+00
1.220000e-05	-1.828122e-02	8.905721e+00
1.221000e-05	-2.568027e-02	9.054987e+00
1.222000e-05	-2.385019e-02	9.117797e+00
1.223000e-05	-2.037182e-02	9.251032e+00
1.224000e-05	-2.392738e-02	9.265687e+00
1.225000e-05	-2.788770e-02	9.360322e+00
1.226000e-05	-2.629586e-02	9.431461e+00
1.227000e-05	-2.114783e-02	9.494141e+00
1.228000e-05	-2.798702e-02	9.545796e+00
1.229000e-05	-2.743391e-02	9.620878e+00
1.230000e-05	-2.629364e-02	9.653058e+00
1.231000e-05	-2.561313e-02	9.694143e+00
1.232000e-05	-2.936819e-02	9.769832e+00
1.233000e-05	-2.893836e-02	9.809436e+00
1.234000e-05	-2.917955e-02	9.822113e+00
1.235000e-05	-3.222832e-02	9.916192e+00
1.236000e-05	-3.042811e-02	9.935747e+00
1.237000e-05	-2.910420e-02	9.977850e+00
1.238000e-05	-2.999597e-02	9.989475e+00
1.239000e-05	-3.616781e-02	1.003951e+01
1.240000e-05	-3.419665e-02	1.003154e+01
1.241000e-05	-3.163684e-02	1.004206e+01
1.242000e-05	-3.444704e-02	1.007159e+01
1.243000e-05	-3.577105e-02	1.005211e+01
1.244000e-05	-3.590968e-02	1.005268e+01
1.245000e-05	-3.661425e-02	1.007314e+01
1.246000e-05	-3.962030e-02	1.006168e+01
1.247000e-05	-3.874395e-02	1.008371e+01
1.248000e-05	-3.733556e-02	1.008214e+01
1.249000e-05	-3.837139e-02	1.004211e+01
1.250000e-05	-4.117501e-02	1.004213e+01
1.251000e-05	-4.148403e-02	1.003211e+01
1.252000e-05	-4.201325e-02	1.000056e+01
1.253000e-05	-4.388910e-02	9.977504e+00
1.254000e-05	-4.443608e-02	9.946877e+00
1.255000e-05	-4.450810e-02	9.873343e+00
1.256000e-05	-4.656972e-02	9.824686e+00
1.257000e-05	-4.883072e-02	9.791584e+00
1.258000e-05	-4.955091e-02	9.738331e+00
1.259000e-05	-5.044042e-02	9.654142e+00
1.260000e-05	-5.270450e-02	9.621536e+00
1.261000e-05	-5.477283e-02	9.559454e+00
1.262000e-05	-5.558852e-02	9.514867e+00
1.263000e-05	-5.602030e-02	9.442637e+00
1.264000e-05	-5.843875e-02	9.338451e+00
1.265000e-05	-5.830301e-02	9.285822e+00
1.266000e-05	-5.798871e-02	9.243637e+00
1.267000e-05	-5.748605e-02	9.179531e+00
1.268000e-05	-5.782296e-02	9.094373e+00
1.269000e-05	-5.551953e-02	8.981107e+00
1.270000e-05	-5.486537e-02	8.914352e+00
1.271000e-05	-5.291235e-02	8.801133e+00
1.272000e-05	-5.376470e-02	8.716896e+00
1.273000e-05	-5.041854e-02	8.661191e+00
1.274000e-05	-4.983542e-02	8.546954e+00
1.275000e-05	-4.525127e-02	8.462688e+00
1.276000e-05	-4.584126e-02	8.409032e+00
1.277000e-05	-4.301337e-02	8.265841e+00
1.278000e-05	-4.279673e-02	8.157376e+00
1.279000e-05	-3.903737e-02	8.033191e+00
1.280000e-05	-3.894802e-02	7.907400e+00
1.281000e-05	-3.626312e-02	7.782709e+00
1.282000e-05	-3.678388e-02	7.705869e+00
1.283000e-05	-3.318286e-02	7.560580e+00
1.284000e-05	-3.355462e-02	7.422712e+00
1.285000e-05	-3.094763e-02	7.275243e+00
1.286000e-05	-2.991784e-02	7.118971e+00
1.287000e-05	-2.884439e-02	6.999633e+00
1.288000e-05	-2.731231e-02	6.864819e+00
1.289000e-05	-2.675926e-02	6.758930e+00
1.290000e-05	-2.536847e-02	6.580638e+00
1.291000e-05	-2.530759e-02	6.401632e+00
1.292000e-05	-2.234354e-02	6.253790e+00
1.293000e-05	-2.313727e-02	6.148529e+00
1.294000e-05	-2.268031e-02	6.021108e+00
1.295000e-05	-2.196350e-02	5.896396e+00
1.296000e-05	-1.941251e-02	5.664897e+00
1.297000e-05	-1.868115e-02	5.566474e+00
1.298000e-05	-1.974894e-02	5.390527e+00
1.299000e-05	-1.861144e-02	5.151685e+00
1.300000e-05	-1.697955e-02	4.940265e+00
1.301000e-05	-1.664658e-02	4.781632e+00
1.302000e-05	-1.702054e-02	4.633289e+00
1.303000e-05	-1.576600e-02	4.504291e+00
1.304000e-05	-1.517810e-02	4.339001e+00
1.305000e-05	-1.421444e-02	4.127006e+00
1.306000e-05	-1.321574e-02	3.959502e+00
1.307000e-05	-1.293773e-02	3.801157e+00
1.308000e-05	-1.292640e-02	3.652739e+00
1.309000e-05	-1.190949e-02	3.535971e+00
1.310000e-05	-1.194620e-02	3.304311e+00
1.311000e-05	-1.086557e-02	3.106446e+00
1.312000e-05	-1.144927e-02	2.938527e+00
1.313000e-05	-1.041434e-02	2.800604e+00
1.314000e-05	-9.935467e-03	2.560712e+00
1.315000e-05	-1.007826e-02	2.359083e+00
1.316000e-05	-9.428703e-03	2.201732e+00
1.317000e-05	-8.296332e-03	2.042287e+00
1.318000e-05	-6.916075e-03	1.875443e+00
1.319000e-05	-7.422742e-03	1.633791e+00
1.320000e-05	-7.372355e-03	1.495836e+00
1.321000e-05	-6.122422e-03	1.275419e+00
1.322000e-05	-6.721320e-03	1.073918e+00
1.323000e-05	-6.642140e-03	8.222644e-01
1.324000e-05	-5.745708e-03	6.853908e-01
1.325000e-05	-5.765156e-03	4.748671e-01
1.326000e-05	-4.440673e-03	3.384461e-01
1.327000e-05	-4.680835e-03	8.694212e-02
1.328000e-05	-1.096965e-03	-5.145762e-02
1.329000e-05	3.788896e-03	-2.309450e-01
1.330000e-05	-1.301828e-03	-3.878934e-01
1.331000e-05	6.989900e-04	-5.052131e-01
1.332000e-05	-1.350703e-03	-7.571655e-01
1.333000e-05	3.738345e-04	-9.151094e-01
1.334000e-05	-5.120591e-04	-1.032030e+00
1.335000e-05	9.253117e-03	-1.221474e+00
1.336000e-05	5.805896e-02	-1.460369e+00
1.337000e-05	4.839478e-02	-1.640402e+00
1.338000e-05	-7.083348e-02	-1.936584e+00
1.339000e-05	-1.043270e-02	-2.188214e+00
1.340000e-05	-9.654044e-02	-2.398819e+00
1.341000e-05	3.496210e-02	-2.420024e+00
1.342000e-05	1.322155e-01	-2.471533e+00
1.343000e-05	-1.572569e-01	-2.735134e+00
1.344000e-05	8.846659e-02	-2.821580e+00
1.345000e-05	7.519356e-02	-2.998196e+00
1.346000e-05	-1.908979e-01	-3.302398e+00
1.347000e-05	1.232266e-01	-3.432050e+00
1.348000e-05	3.652586e-02	-3.527665e+00
1.349000e-05	-1.235683e-01	-3.779219e+00
1.350000e-05	1.666434e-01	-3.978217e+00
1.351000e-05	-7.805040e-02	-4.134661e+00
1.352000e-05	-6.679223e-03	-4.354638e+00
1.353000e-05	7.839648e-02	-4.421026e+00
1.354000e-05	-1.271906e-01	-4.701874e+00
1.355000e-05	1.246177e-01	-4.800471e+00
1.356000e-05	-1.344645e-02	-4.967767e+00
1.357000e-05	-5.322274e-02	-5.167168e+00
1.358000e-05	1.048279e-01	-5.333609e+00
1.359000e-05	-5.563379e-02	-5.547593e+00
1.360000e-05	6.000128e-02	-5.673083e+00
1.361000e-05	-5.028433e-02	-5.850403e+00
1.362000e-05	1.369871e-02	-6.018771e+00
1.363000e-05	7.590463e-02	-6.093057e+00
1.364000e-05	-7.726746e-02	-6.295559e+00
1.365000e-05	8.798547e-02	-6.430980e+00
1.366000e-05	-2.472257e-02	-6.558373e+00
1.367000e-05	3.073844e-03	-6.837716e+00
1.368000e-05	2.367936e-02	-6.839426e+00
1.369000e-05	-2.626067e-02	-6.978201e+00
1.370000e-05	9.219880e-02	-7.169220e+00
1.371000e-05	-4.314139e-02	-7.282087e+00
1.372000e-05	2.087049e-02	-7.379924e+00
1.373000e-05	1.487800e-02	-7.524589e+00
1.374000e-05	1.197989e-02	-7.630556e+00
1.375000e-05	2.411557e-02	-7.776822e+00
1.376000e-05	-1.748056e-02	-7.927170e+00
1.377000e-05	5.577567e-02	-8.032081e+00
1.378000e-05	-7.257243e-03	-8.136823e+00
1.379000e-05	1.558253e-02	-8.244083e+00
1.380000e-05	1.517270e-02	-8.366744e+00
1.381000e-05	2.331632e-02	-8.472085e+00
1.382000e-05	1.622879e-02	-8.537724e+00
1.383000e-05	-4.492078e-03	-8.703087e+00
1.384000e-05	3.779529e-02	-8.798952e+00
1.385000e-05	1.528068e-02	-8.873587e+00
1.386000e-05	1.534623e-02	-8.948373e+00
1.387000e-05	1.092062e-02	-9.051008e+00
1.388000e-05	2.742738e-02	-9.095165e+00
1.389000e-05	2.286814e-02	-9.177346e+00
1.390000e-05	1.153177e-02	-9.249981e+00
1.391000e-05	2.568103e-02	-9.304763e+00
1.392000e-05	2.310022e-02	-9.369904e+00
1.393000e-05	1.954996e-02	-9.484566e+00
1.394000e-05	1.711307e-02	-9.526245e+00
1.395000e-05	2.840168e-02	-9.630850e+00
1.396000e-05	2.413536e-02	-9.642030e+00
1.397000e-05	2.099790e-02	-9.685109e+00
1.398000e-05	2.314249e-02	-9.715239e+00
1.399000e-05	2.607099e-02	-9.779274e+00
1.400000e-05	2.419592e-02	-9.818429e+00
1.401000e-05	2.416559e-02	-9.840055e+00
1.402000e-05	2.933665e-02	-9.872112e+00
1.403000e-05	2.559443e-02	-9.874662e+00
1.404000e-05	2.434009e-02	-9.905187e+00
1.405000e-05	2.716035e-02	-9.936196e+00
1.406000e-05	2.997550e-02	-9.927769e+00
1.407000e-05	2.677010e-02	-9.936823e+00
1.408000e-05	2.953118e-02	-9.958371e+00
1.409000e-05	3.207787e-02	-9.969397e+00
1.410000e-05	3.140359e-02	-9.949926e+00
1.411000e-05	2.914351e-02	-9.977947e+00
1.412000e-05	3.138460e-02	-9.948325e+00
1.413000e-05	3.360146e-02	-9.968349e+00
1.414000e-05	3.331359e-02	-9.948951e+00
1.415000e-05	3.496123e-02	-9.956925e+00
1.416000e-05	3.542547e-02	-9.917821e+00
1.417000e-05	3.565833e-02	-9.904341e+00
1.418000e-05	3.622395e-02	-9.894739e+00
1.419000e-05	3.929743e-02	-9.853665e+00
1.420000e-05	4.061946e-02	-9.842108e+00
1.421000e-05	3.868388e-02	-9.771554e+00
1.422000e-05	4.216928e-02	-9.735924e+00
1.423000e-05	4.400693e-02	-9.718167e+00
1.424000e-05	4.361436e-02	-9.703266e+00
1.425000e-05	4.375712e-02	-9.622637e+00
1.426000e-05	4.652779e-02	-9.620028e+00
1.427000e-05	5.043138e-02	-9.548849e+00
1.428000e-05	4.915917e-02	-9.444187e+00
1.429000e-05	5.080661e-02	-9.369430e+00
1.430000e-05	5.348180e-02	-9.284798e+00
1.431000e-05	5.235303e-02	-9.252634e+00
1.432000e-05	5.059894e-02	-9.157397e+00
1.433000e-05	5.021088e-02	-9.074316e+00
1.434000e-05	5.238378e-02	-8.950529e+00
1.435000e-05	5.081736e-02	-8.915820e+00
1.436000e-05	4.674753e-02	-8.872634e+00
1.437000e-05	4.644678e-02	-8.778528e+00
1.438000e-05	4.459761e-02	-8.674268e+00
1.439000e-05	4.397446e-02	-8.538358e+00
1.440000e-05	4.192394e-02	-8.472661e+00
1.441000e-05	4.052802e-02	-8.349475e+00
1.442000e-05	3.825063e-02	-8.294789e+00
1.443000e-05	3.669785e-02	-8.199522e+00
1.444000e-05	3.500363e-02	-8.067239e+00
1.445000e-05	3.351166e-02	-7.969525e+00
1.446000e-05	3.127946e-02	-7.842842e+00
1.447000e-05	3.035232e-02	-7.705846e+00
1.448000e-05	2.918479e-02	-7.549475e+00
1.449000e-05	2.641945e-02	-7.402237e+00
1.450000e-05	2.621917e-02	-7.325923e+00
1.451000e-05	2.503083e-02	-7.209506e+00
1.452000e-05	2.281842e-02	-7.033817e+00
1.453000e-05	2.070950e-02	-6.845390e+00
1.454000e-05	2.083582e-02	-6.759974e+00
1.455000e-05	2.075498e-02	-6.642183e+00
1.456000e-05	1.815885e-02	-6.463840e+00
1.457000e-05	1.611491e-02	-6.389051e+00
1.458000e-05	1.701273e-02	-6.151159e+00
1.459000e-05	1.636471e-02	-6.044109e+00
1.460000e-05	1.456487e-02	-5.894841e+00
1.461000e-05	1.233447e-02	-5.727974e+00
1.462000e-05	1.290276e-02	-5.600555e+00
1.463000e-05	1.220071e-02	-5.391737e+00
1.464000e-05	1.083731e-02	-5.230736e+00
1.465000e-05	9.826895e-03	-5.073714e+00
1.466000e-05	9.721825e-03	-4.884393e+00
1.467000e-05	9.372105e-03	-4.673263e+00
1.468000e-05	8.712575e-03	-4.498895e+00
1.469000e-05	7.519469e-03	-4.371078e+00
1.470000e-05	6.747927e-03	-4.242707e+00
1.471000e-05	5.262951e-03	-4.094791e+00
1.472000e-05	6.055331e-03	-3.957900e+00
1.473000e-05	4.823891e-03	-3.757571e+00
1.474000e-05	5.578894e-03	-3.559076e+00
1.475000e-05	4.273350e-03	-3.349604e+00
1.476000e-05	4.032851e-03	-3.241209e+00
1.477000e-05	3.886368e-03	-3.041312e+00
1.478000e-05	1.435758e-03	-2.852706e+00
1.479000e-05	3.741410e-03	-2.694862e+00
1.480000e-05	1.343499e-03	-2.506361e+00
1.481000e-05	2.388881e-03	-2.326918e+00
1.482000e-05	1.739039e-03	-2.126395e+00
1.483000e-05	2.712175e-03	-1.948523e+00
1.484000e-05	-1.948389e-04	-1.769154e+00
1.485000e-05	-6.779807e-04	-1.601153e+00
1.486000e-05	-2.219435e-03	-1.399656e+00
1.487000e-05	3.659363e-05	-1.148572e+00
1.488000e-05	-2.013001e-03	-9.701224e-01
1.489000e-05	-1.364768e-03	-8.201313e-01
1.490000e-05	-3.939769e-03	-5.902076e-01
1.491000e-05	-2.640297e-03	-3.905223e-01
1.492000e-05	-2.643364e-03	-2.106605e-01
1.493000e-05	-2.941053e-03	-5.431291e-02
1.494000e-05	8.303524e-04	1.151620e-01
1.495000e-05	1.535956e-03	3.467383e-01
1.496000e-05	-3.838735e-03	4.731329e-01
1.497000e-05	1.234712e-03	6.714776e-01
1.498000e-05	-4.156884e-03	8.024475e-01
1.499000e-05	-2.400214e-03	9.647433e-01
1.500000e-05	-3.918749e-03	1.227899e+00
1.501000e-05	6.067157e-03	1.327288e+00
1.502000e-05	3.258948e-02	1.527166e+00
1.503000e-05	6.103787e-02	1.830821e+00
1.504000e-05	-4.330354e-02	2.009869e+00
1.505000e-05	-4.174667e-02	2.177344e+00
1.506000e-05	-4.763149e-02	2.356342e+00
1.507000e-05	-7.356481e-02	2.463131e+00
1.508000e-05	7.448603e-02	2.652905e+00
1.509000e-05	6.814619e-02	2.830924e+00
1.510000e-05	-1.551502e-01	2.957747e+00
1.511000e-05	1.409179e-01	3.094610e+00
1.512000e-05	-4.157748e-02	3.284038e+00
1.513000e-05	-9.671046e-02	3.513689e+00
1.514000e-05	9.783487e-02	3.601503e+00
1.515000e-05	-3.805853e-02	3.790325e+00
1.516000e-05	-5.723271e-02	4.010370e+00
1.517000e-05	8.419488e-02	4.136097e+00
1.518000e-05	-6.583243e-02	4.399969e+00
1.519000e-05	2.216910e-03	4.534717e+00
1.520000e-05	-4.021842e-03	4.707739e+00
1.521000e-05	-4.334560e-02	4.842559e+00
1.522000e-05	2.508187e-02	5.123488e+00
1.523000e-05	-2.550420e-02	5.304688e+00
1.524000e-05	2.585986e-03	5.464538e+00
1.525000e-05	-6.727046e-03	5.640976e+00
1.526000e-05	-2.243269e-03	5.807747e+00
1.527000e-05	-2.766616e-02	5.947870e+00
1.528000e-05	-3.327687e-02	6.104614e+00
1.529000e-05	2.357735e-02	6.231504e+00
1.530000e-05	-2.191971e-02	6.410324e+00
1.531000e-05	-1.599044e-02	6.525113e+00
1.532000e-05	-4.689492e-03	6.673664e+00
1.533000e-05	-2.715243e-02	6.832029e+00
1.534000e-05	-8.944641e-03	6.966797e+00
1.535000e-05	-2.082997e-02	7.081689e+00
1.536000e-05	-9.868187e-03	7.219900e+00
1.537000e-05	-4.343380e-03	7.283171e+00
1.538000e-05	-2.557269e-02	7.423612e+00
1.539000e-05	-1.541038e-02	7.642013e+00
1.540000e-05	-1.779363e-02	7.767827e+00
1.541000e-05	-9.999285e-03	7.866663e+00
1.542000e-05	-2.476872e-02	8.029504e+00
1.543000e-05	-1.775146e-02	8.108297e+00
1.544000e-05	-7.806786e-03	8.262612e+00
1.545000e-05	-2.467264e-02	8.357849e+00
1.546000e-05	-2.037389e-02	8.430533e+00
1.547000e-05	-2.293099e-02	8.507719e+00
1.548000e-05	-1.355515e-02	8.630030e+00
1.549000e-05	-2.529322e-02	8.686641e+00
1.550000e-05	-2.282841e-02	8.779478e+00
1.551000e-05	-1.722344e-02	8.882566e+00
1.552000e-05	-2.240273e-02	8.959351e+00
1.553000e-05	-2.493973e-02	9.105693e+00
1.554000e-05	-2.344316e-02	9.218422e+00
1.555000e-05	-1.908011e-02	9.242634e+00
1.556000e-05	-2.781302e-02	9.304216e+00
1.557000e-05	-2.758463e-02	9.400379e+00
1.558000e-05	-2.279604e-02	9.453135e+00
1.559000e-05	-2.364888e-02	9.476717e+00
1.560000e-05	-2.856444e-02	9.588924e+00
1.561000e-05	-2.859556e-02	9.639455e+00
1.562000e-05	-2.476466e-02	9.665640e+00
1.563000e-05	-2.786027e-02	9.717146e+00
1.564000e-05	-2.777287e-02	9.778906e+00
1.565000e-05	-3.099135e-02	9.830112e+00
1.566000e-05	-3.087322e-02	9.844689e+00
1.567000e-05	-3.189294e-02	9.885746e+00
1.568000e-05	-2.921099e-02	9.926896e+00
1.569000e-05	-2.998343e-02	9.957422e+00
1.570000e-05	-3.386682e-02	1.001098e+01
1.571000e-05	-3.530807e-02	1.002003e+01
1.572000e-05	-3.289670e-02	1.004203e+01
1.573000e-05	-3.228818e-02	1.005206e+01
1.574000e-05	-3.520661e-02	1.004216e+01
1.575000e-05	-3.528154e-02	1.007211e+01
1.576000e-05	-3.621729e-02	1.003266e+01
1.577000e-05	-3.743189e-02	1.008264e+01
1.578000e-05	-3.915144e-02	1.005364e+01
1.579000e-05	-3.880285e-02	1.007406e+01
1.580000e-05	-3.797966e-02	1.004259e+01
1.581000e-05	-4.006060e-02	1.002251e+01
1.582000e-05	-4.061336e-02	1.004161e+01
1.583000e-05	-4.172636e-02	1.002050e+01
1.584000e-05	-4.253306e-02	9.999505e+00
1.585000e-05	-4.472102e-02	9.988397e+00
1.586000e-05	-4.551551e-02	9.928897e+00
1.587000e-05	-4.686998e-02	9.833317e+00
1.588000e-05	-4.714909e-02	9.822739e+00
1.589000e-05	-4.807516e-02	9.798984e+00
1.590000e-05	-5.033909e-02	9.696727e+00
1.591000e-05	-5.151715e-02	9.673140e+00
1.592000e-05	-5.388815e-02	9.598979e+00
1.593000e-05	-5.395053e-02	9.516873e+00
1.594000e-05	-5.618406e-02	9.473242e+00
1.595000e-05	-5.783597e-02	9.403083e+00
1.596000e-05	-5.781410e-02	9.338429e+00
1.597000e-05	-5.784730e-02	9.294766e+00
1.598000e-05	-5.934637e-02	9.241610e+00
1.599000e-05	-5.912147e-02	9.170027e+00
1.600000e-05	-5.534673e-02	9.065344e+00
1.601000e-05	-5.559765e-02	8.978056e+00
1.602000e-05	-5.294327e-02	8.852143e+00
1.603000e-05	-5.290384e-02	8.780556e+00
1.604000e-05	-5.188920e-02	8.705794e+00
1.605000e-05	-5.018368e-02	8.600611e+00
1.606000e-05	-5.156374e-02	8.476371e+00
1.607000e-05	-4.579611e-02	8.443633e+00
1.608000e-05	-4.413925e-02	8.330924e+00
1.609000e-05	-4.191242e-02	8.234217e+00
1.610000e-05	-3.975220e-02	8.106330e+00
1.611000e-05	-4.026806e-02	7.951079e+00
1.612000e-05	-3.752170e-02	7.885743e+00
1.613000e-05	-3.549808e-02	7.759951e+00
1.614000e-05	-3.369885e-02	7.633264e+00
1.615000e-05	-3.337008e-02	7.498397e+00
1.616000e-05	-3.371643e-02	7.329455e+00
1.617000e-05	-3.115317e-02	7.201083e+00
1.618000e-05	-2.904433e-02	7.084791e+00
1.619000e-05	-2.762172e-02	6.929496e+00
1.620000e-05	-2.675298e-02	6.841608e+00
1.621000e-05	-2.744704e-02	6.694972e+00
1.622000e-05	-2.323276e-02	6.515921e+00
1.623000e-05	-2.351318e-02	6.378505e+00
1.624000e-05	-2.204228e-02	6.232685e+00
1.625000e-05	-2.199655e-02	6.064318e+00
1.626000e-05	-2.166442e-02	5.999976e+00
1.627000e-05	-2.242718e-02	5.820629e+00
1.628000e-05	-2.129660e-02	5.572630e+00
1.629000e-05	-1.899584e-02	5.423791e+00
1.630000e-05	-1.656207e-02	5.286818e+00
1.631000e-05	-1.745536e-02	5.076497e+00
1.632000e-05	-1.764760e-02	4.896818e+00
1.633000e-05	-1.696817e-02	4.738996e+00
1.634000e-05	-1.640958e-02	4.539602e+00
1.635000e-05	-1.627414e-02	4.412684e+00
1.636000e-05	-1.481683e-02	4.266464e+00
1.637000e-05	-1.634213e-02	4.016340e+00
1.638000e-05	-1.114755e-02	3.916468e+00
1.639000e-05	-1.174157e-02	3.740048e+00
1.640000e-05	-1.175336e-02	3.600079e+00
1.641000e-05	-1.305631e-02	3.361785e+00
1.642000e-05	-1.355937e-02	3.210558e+00
1.643000e-05	-1.086252e-02	3.053810e+00
1.644000e-05	-1.074256e-02	2.883287e+00
1.645000e-05	-8.126063e-03	2.718472e+00
1.646000e-05	-7.893928e-03	2.516045e+00
1.647000e-05	-1.196920e-02	2.317525e+00
1.648000e-05	-9.094754e-03	2.117497e+00
1.649000e-05	-1.001981e-02	2.000529e+00
1.650000e-05	-4.601501e-03	1.772779e+00
1.651000e-05	-6.405014e-03	1.551579e+00
1.652000e-05	-6.862278e-03	1.403677e+00
1.653000e-05	-8.347430e-03	1.170656e+00
1.654000e-05	-7.885862e-03	9.511801e-01
1.655000e-05	-4.593301e-03	7.586235e-01
1.656000e-05	-3.603317e-03	6.121765e-01
1.657000e-05	-4.775781e-03	4.226828e-01
1.658000e-05	-5.132067e-03	2.428356e-01
1.659000e-05	-4.176437e-03	-1.931197e-02
1.660000e-05	2.833326e-03	-1.657358e-01
1.661000e-05	1.607953e-03	-3.025341e-01
1.662000e-05	-2.234112e-03	-4.419765e-01
1.663000e-05	1.907401e-05	-6.434986e-01
1.664000e-05	-1.952498e-03	-8.203499e-01
1.665000e-05	2.911351e-03	-9.577922e-01
1.666000e-05	2.315479e-03	-1.145083e+00
1.667000e-05	2.375236e-02	-1.314062e+00
1.668000e-05	8.071847e-02	-1.575591e+00
1.669000e-05	-2.977071e-02	-1.796216e+00
1.670000e-05	-3.816224e-02	-2.060875e+00
1.671000e-05	-4.501870e-02	-2.312525e+00
1.672000e-05	-7.354848e-02	-2.369450e+00
1.673000e-05	1.403403e-01	-2.421005e+00
1.674000e-05	-2.348176e-03	-2.587191e+00
1.675000e-05	-1.183054e-01	-2.839876e+00
1.676000e-05	1.979056e-01	-2.873084e+00
1.677000e-05	-1.086771e-01	-3.155438e+00
1.678000e-05	-7.684846e-02	-3.388767e+00
1.679000e-05	1.695243e-01	-3.494560e+00
1.680000e-05	-1.060582e-01	-3.652949e+00
1.681000e-05	1.574204e-02	-3.851004e+00
1.682000e-05	1.145137e-01	-4.011451e+00
1.683000e-05	-1.426626e-01	-4.211874e+00
1.684000e-05	1.182329e-01	-4.397371e+00
1.685000e-05	-5.694873e-02	-4.515537e+00
1.686000e-05	-3.423279e-02	-4.738739e+00
1.687000e-05	1.276230e-01	-4.852028e+00
1.688000e-05	-1.071700e-01	-5.041380e+00
1.689000e-05	6.904743e-02	-5.261026e+00
1.690000e-05	2.226720e-02	-5.449801e+00
1.691000e-05	-1.862258e-02	-5.630425e+00
1.692000e-05	4.256342e-02	-5.756291e+00
1.693000e-05	-7.789750e-02	-5.884087e+00
1.694000e-05	9.915147e-02	-6.031479e+00
1.695000e-05	-2.008927e-02	-6.167321e+00
1.696000e-05	-9.123990e-03	-6.399193e+00
1.697000e-05	7.401388e-02	-6.534615e+00
1.698000e-05	-5.885850e-02	-6.673456e+00
1.699000e-05	5.278185e-02	-6.806918e+00
1.700000e-05	-3.338042e-02	-6.863640e+00
1.701000e-05	4.807672e-02	-7.134977e+00
1.702000e-05	4.132255e-02	-7.230399e+00
1.703000e-05	-4.639449e-02	-7.344742e+00
1.704000e-05	4.629565e-02	-7.421553e+00
1.705000e-05	-7.390484e-03	-7.618325e+00
1.706000e-05	4.085353e-02	-7.724139e+00
1.707000e-05	-1.213763e-02	-7.891904e+00
1.708000e-05	1.770405e-02	-8.029852e+00
1.709000e-05	3.864714e-02	-8.104535e+00
1.710000e-05	-1.183750e-02	-8.200880e+00
1.711000e-05	3.055783e-02	-8.315590e+00
1.712000e-05	5.268300e-03	-8.419875e+00
1.713000e-05	3.388979e-02	-8.492138e+00
1.714000e-05	-5.472208e-03	-8.580910e+00
1.715000e-05	1.979152e-02	-8.777797e+00
1.716000e-05	3.224408e-02	-8.840025e+00
1.717000e-05	1.185921e-02	-8.944689e+00
1.718000e-05	1.620841e-02	-9.000399e+00
1.719000e-05	1.341805e-02	-9.054612e+00
1.720000e-05	3.216151e-02	-9.136742e+00
1.721000e-05	1.226414e-02	-9.249926e+00
1.722000e-05	2.094442e-02	-9.251629e+00
1.723000e-05	2.519852e-02	-9.318301e+00
1.724000e-05	2.179351e-02	-9.430054e+00
1.725000e-05	1.654479e-02	-9.534692e+00
1.726000e-05	2.256294e-02	-9.548275e+00
1.727000e-05	2.934102e-02	-9.621029e+00
1.728000e-05	1.930681e-02	-9.683105e+00
1.729000e-05	2.181790e-02	-9.706233e+00
1.730000e-05	2.341011e-02	-9.738769e+00
1.731000e-05	2.815289e-02	-9.779350e+00
1.732000e-05	2.208133e-02	-9.829983e+00
1.733000e-05	2.671842e-02	-9.841132e+00
1.734000e-05	2.720619e-02	-9.863608e+00
1.735000e-05	2.464999e-02	-9.894238e+00
1.736000e-05	2.595458e-02	-9.916291e+00
1.737000e-05	2.917601e-02	-9.906245e+00
1.738000e-05	2.823159e-02	-9.925320e+00
1.739000e-05	2.643433e-02	-9.967371e+00
1.740000e-05	3.123247e-02	-9.966822e+00
1.741000e-05	3.248595e-02	-9.959395e+00
1.742000e-05	3.074729e-02	-9.958972e+00
1.743000e-05	2.942118e-02	-9.998876e+00
1.744000e-05	3.322762e-02	-9.998947e+00
1.745000e-05	3.327928e-02	-9.957897e+00
1.746000e-05	3.286635e-02	-9.958351e+00
1.747000e-05	3.587924e-02	-9.915846e+00
1.748000e-05	3.664384e-02	-9.918293e+00
1.749000e-05	3.499413e-02	-9.904290e+00
1.750000e-05	3.638373e-02	-9.885216e+00
1.751000e-05	4.039126e-02	-9.862561e+00
1.752000e-05	3.959392e-02	-9.822104e+00
1.753000e-05	4.012664e-02	-9.769928e+00
1.754000e-05	4.236782e-02	-9.709322e+00
1.755000e-05	4.409949e-02	-9.695318e+00
1.756000e-05	4.475774e-02	-9.652162e+00
1.757000e-05	4.487166e-02	-9.630132e+00
1.758000e-05	4.792230e-02	-9.548001e+00
1.759000e-05	5.018414e-02	-9.498372e+00
1.760000e-05	5.026352e-02	-9.442632e+00
1.761000e-05	5.249922e-02	-9.346374e+00
1.762000e-05	5.236092e-02	-9.263712e+00
1.763000e-05	5.147057e-02	-9.220050e+00
1.764000e-05	5.082213e-02	-9.085820e+00
1.765000e-05	5.143980e-02	-9.043613e+00
1.766000e-05	5.155411e-02	-8.969951e+00
1.767000e-05	4.857239e-02	-8.864264e+00
1.768000e-05	4.806650e-02	-8.810608e+00
1.769000e-05	4.572072e-02	-8.757900e+00
1.770000e-05	4.273179e-02	-8.642139e+00
1.771000e-05	4.295242e-02	-8.506397e+00
1.772000e-05	4.204567e-02	-8.453106e+00
1.773000e-05	4.123502e-02	-8.317871e+00
1.774000e-05	3.680419e-02	-8.232657e+00
1.775000e-05	3.536004e-02	-8.125972e+00
1.776000e-05	3.518796e-02	-8.072635e+00
1.777000e-05	3.231678e-02	-7.929421e+00
1.778000e-05	2.930370e-02	-7.780085e+00
1.779000e-05	2.828138e-02	-7.612686e+00
1.780000e-05	2.762728e-02	-7.505847e+00
1.781000e-05	2.645536e-02	-7.401003e+00
1.782000e-05	2.530897e-02	-7.252137e+00
1.783000e-05	2.435101e-02	-7.148440e+00
1.784000e-05	2.277033e-02	-6.940557e+00
1.785000e-05	2.073215e-02	-6.832633e+00
1.786000e-05	2.004240e-02	-6.725843e+00
1.787000e-05	1.909394e-02	-6.549026e+00
1.788000e-05	1.824226e-02	-6.420661e+00
1.789000e-05	1.730989e-02	-6.295396e+00
1.790000e-05	1.612521e-02	-6.115021e+00
1.791000e-05	1.462831e-02	-5.957999e+00
1.792000e-05	1.310736e-02	-5.792705e+00
1.793000e-05	1.358297e-02	-5.663293e+00
1.794000e-05	1.261496e-02	-5.507471e+00
1.795000e-05	1.147310e-02	-5.286401e+00
1.796000e-05	1.021175e-02	-5.128951e+00
1.797000e-05	1.104807e-02	-4.957624e+00
1.798000e-05	8.632273e-03	-4.748560e+00
1.799000e-05	8.777268e-03	-4.612131e+00
1.800000e-05	6.404226e-03	-4.464788e+00
1.801000e-05	8.445729e-03	-4.347367e+00
1.802000e-05	6.269754e-03	-4.158101e+00
1.803000e-05	7.046879e-03	-4.041584e+00
1.804000e-05	5.131255e-03	-3.875383e+00
1.805000e-05	5.662579e-03	-3.632734e+00
1.806000e-05	4.790943e-03	-3.505365e+00
1.807000e-05	4.087210e-03	-3.325917e+00
1.808000e-05	2.884931e-03	-3.130026e+00
1.809000e-05	2.933585e-03	-2.927966e+00
1.810000e-05	3.209080e-03	-2.759551e+00
1.811000e-05	2.069842e-03	-2.571149e+00
1.812000e-05	9.654598e-05	-2.382679e+00
1.813000e-05	9.059747e-04	-2.252261e+00
1.814000e-05	1.969182e-03	-2.021760e+00
1.815000e-05	4.822892e-04	-1.853338e+00
1.816000e-05	-6.821467e-04	-1.674865e+00
1.817000e-05	-8.138294e-04	-1.503991e+00
1.818000e-05	-2.459034e-04	-1.285236e+00
1.819000e-05	-2.455972e-03	-1.095264e+00
1.820000e-05	-2.560312e-03	-9.043094e-01
1.821000e-05	-2.850187e-03	-7.564634e-01
1.822000e-05	-2.694599e-03	-5.059669e-01
1.823000e-05	-3.292076e-03	-3.164685e-01
1.824000e-05	-3.722431e-03	-1.575461e-01
1.825000e-05	-6.147447e-04	8.448556e-03
1.826000e-05	3.452989e-03	1.897500e-01
1.827000e-05	-1.922174e-03	4.208975e-01
1.828000e-05	-1.903272e-03	5.467646e-01
1.829000e-05	-2.152826e-03	7.161844e-01
1.830000e-05	-3.067401e-03	8.825067e-01
1.831000e-05	-3.471403e-03	1.091509e+00
1.832000e-05	-7.976287e-04	1.262056e+00
1.833000e-05	1.167814e-02	1.481401e+00
1.834000e-05	5.688605e-02	1.724058e+00
1.835000e-05	2.230782e-02	1.895083e+00
1.836000e-05	-6.169598e-02	2.084081e+00
1.837000e-05	-3.280331e-02	2.271980e+00
1.838000e-05	-6.738325e-02	2.400875e+00
1.839000e-05	-3.341718e-02	2.544642e+00
1.840000e-05	1.398351e-01	2.755712e+00
1.841000e-05	-8.318404e-02	2.842557e+00
1.842000e-05	-3.826937e-02	3.008950e+00
1.843000e-05	1.299975e-01	3.187766e+00
1.844000e-05	-1.406311e-01	3.411875e+00
1.845000e-05	7.388145e-03	3.578415e+00
1.846000e-05	7.858120e-02	3.693561e+00
1.847000e-05	-1.085851e-01	3.915688e+00
1.848000e-05	4.645828e-02	4.074585e+00
1.849000e-05	1.754367e-02	4.282483e+00
1.850000e-05	-5.790616e-02	4.460530e+00
1.851000e-05	2.549855e-02	4.628951e+00
1.852000e-05	-4.427283e-02	4.799874e+00
1.853000e-05	-2.328434e-03	4.967247e+00
1.854000e-05	2.563865e-03	5.209394e+00
1.855000e-05	-1.966531e-02	5.398846e+00
1.856000e-05	5.709919e-03	5.546741e+00
1.857000e-05	-7.592610e-03	5.682035e+00
1.858000e-05	-9.550544e-03	5.944486e+00
1.859000e-05	-4.071327e-02	6.051504e+00
1.860000e-05	-6.359510e-03	6.178745e+00
1.861000e-05	1.643281e-02	6.294166e+00
1.862000e-05	-3.867703e-02	6.440506e+00
1.863000e-05	1.841377e-03	6.558248e+00
1.864000e-05	-2.194821e-02	6.777899e+00
1.865000e-05	-1.659172e-02	6.884136e+00
1.866000e-05	-1.162327e-02	7.001954e+00
1.867000e-05	-2.314736e-02	7.157717e+00
1.868000e-05	1.800442e-03	7.249007e+00
1.869000e-05	-1.837451e-02	7.390354e+00
1.870000e-05	-1.737579e-02	7.558271e+00
1.871000e-05	-2.259874e-02	7.714637e+00
1.872000e-05	-9.210075e-03	7.859481e+00
1.873000e-05	-1.879780e-02	7.966245e+00
1.874000e-05	-2.376974e-02	8.075139e+00
1.875000e-05	-1.108614e-02	8.200480e+00
1.876000e-05	-1.389540e-02	8.335743e+00
1.877000e-05	-2.283199e-02	8.408450e+00
1.878000e-05	-2.297808e-02	8.473062e+00
1.879000e-05	-1.600066e-02	8.549324e+00
1.880000e-05	-1.998723e-02	8.662584e+00
1.881000e-05	-2.480044e-02	8.768271e+00
1.882000e-05	-2.142336e-02	8.851978e+00
1.883000e-05	-1.799896e-02	8.945702e+00
1.884000e-05	-2.496222e-02	9.051483e+00
1.885000e-05	-2.242096e-02	9.147318e+00
1.886000e-05	-2.111859e-02	9.229977e+00
1.887000e-05	-2.300341e-02	9.294614e+00
1.888000e-05	-2.912117e-02	9.357297e+00
1.889000e-05	-2.572590e-02	9.430554e+00
1.890000e-05	-2.160781e-02	9.475641e+00
1.891000e-05	-2.672706e-02	9.536394e+00
1.892000e-05	-2.826802e-02	9.619453e+00
1.893000e-05	-2.622160e-02	9.651583e+00
1.894000e-05	-2.653207e-02	9.705193e+00
1.895000e-05	-2.989373e-02	9.767825e+00
1.896000e-05	-2.831136e-02	9.720027e+00
1.897000e-05	-2.837941e-02	9.852535e+00
1.898000e-05	-3.092207e-02	9.845618e+00
1.899000e-05	-3.115402e-02	9.928195e+00
1.900000e-05	-2.999472e-02	9.948848e+00
1.901000e-05	-3.036101e-02	9.967999e+00
1.902000e-05	-3.612272e-02	1.002993e+01
1.903000e-05	-3.430341e-02	1.003156e+01
1.904000e-05	-3.184092e-02	1.005353e+01
1.905000e-05	-3.290064e-02	1.005211e+01
1.906000e-05	-3.591622e-02	1.006261e+01
1.907000e-05	-3.519400e-02	1.005364e+01
1.908000e-05	-3.683841e-02	1.005261e+01
1.909000e-05	-4.007829e-02	1.006261e+01
1.910000e-05	-3.897682e-02	1.004211e+01
1.911000e-05	-3.694030e-02	1.005309e+01
1.912000e-05	-3.706937e-02	1.005308e+01
1.913000e-05	-4.197466e-02	1.004263e+01
1.914000e-05	-4.166844e-02	1.005105e+01
1.915000e-05	-4.219842e-02	9.991004e+00
1.916000e-05	-4.424559e-02	9.998053e+00
1.917000e-05	-4.344554e-02	9.949424e+00
1.918000e-05	-4.466748e-02	9.837746e+00
1.919000e-05	-4.572951e-02	9.825193e+00
1.920000e-05	-4.930059e-02	9.759159e+00
1.921000e-05	-5.022552e-02	9.767904e+00
1.922000e-05	-5.186637e-02	9.695221e+00
1.923000e-05	-5.228519e-02	9.632633e+00
1.924000e-05	-5.413000e-02	9.539000e+00
1.925000e-05	-5.429683e-02	9.495845e+00
1.926000e-05	-5.672305e-02	9.432163e+00
1.927000e-05	-5.760617e-02	9.379533e+00
1.928000e-05	-5.777195e-02	9.295870e+00
1.929000e-05	-5.903845e-02	9.254234e+00
1.930000e-05	-5.725874e-02	9.201108e+00
1.931000e-05	-5.786753e-02	9.106368e+00
1.932000e-05	-5.550782e-02	9.013661e+00
1.933000e-05	-5.554465e-02	8.886375e+00
1.934000e-05	-5.360060e-02	8.812562e+00
1.935000e-05	-5.378612e-02	8.726900e+00
1.936000e-05	-4.938680e-02	8.662137e+00
1.937000e-05	-4.908082e-02	8.550050e+00
1.938000e-05	-4.593286e-02	8.454189e+00
1.939000e-05	-4.577170e-02	8.391029e+00
1.940000e-05	-4.365971e-02	8.286347e+00
1.941000e-05	-4.311723e-02	8.149104e+00
1.942000e-05	-3.907128e-02	8.053691e+00
1.943000e-05	-3.894367e-02	7.938000e+00
1.944000e-05	-3.640766e-02	7.811134e+00
1.945000e-05	-3.572690e-02	7.686341e+00
1.946000e-05	-3.247543e-02	7.580633e+00
1.947000e-05	-3.379401e-02	7.464793e+00
1.948000e-05	-3.081516e-02	7.265746e+00
1.949000e-05	-3.152832e-02	7.147501e+00
1.950000e-05	-2.841658e-02	7.020633e+00
1.951000e-05	-2.820236e-02	6.846896e+00
1.952000e-05	-2.623759e-02	6.780006e+00
1.953000e-05	-2.540638e-02	6.581740e+00
1.954000e-05	-2.457627e-02	6.414239e+00
1.955000e-05	-2.359556e-02	6.276375e+00
1.956000e-05	-2.293566e-02	6.180076e+00
1.957000e-05	-2.162544e-02	6.041637e+00
1.958000e-05	-2.113979e-02	5.915995e+00
1.959000e-05	-2.048671e-02	5.705372e+00
1.960000e-05	-1.958552e-02	5.528473e+00
1.961000e-05	-1.929910e-02	5.379630e+00
1.962000e-05	-1.935249e-02	5.242209e+00
1.963000e-05	-1.825506e-02	4.950712e+00
1.964000e-05	-1.632657e-02	4.831734e+00
1.965000e-05	-1.669192e-02	4.654241e+00
1.966000e-05	-1.634073e-02	4.476919e+00
1.967000e-05	-1.511520e-02	4.369525e+00
1.968000e-05	-1.403634e-02	4.166653e+00
1.969000e-05	-1.225542e-02	3.970029e+00
1.970000e-05	-1.246319e-02	3.822707e+00
1.971000e-05	-1.446742e-02	3.645791e+00
1.972000e-05	-1.164575e-02	3.504450e+00
1.973000e-05	-1.309529e-02	3.317377e+00
1.974000e-05	-1.095939e-02	3.106996e+00
1.975000e-05	-1.087271e-02	2.939524e+00
1.976000e-05	-1.064508e-02	2.802610e+00
1.977000e-05	-9.326673e-03	2.586358e+00
1.978000e-05	-9.751467e-03	2.402206e+00
1.979000e-05	-9.522599e-03	2.231262e+00
1.980000e-05	-9.049520e-03	2.054264e+00
1.981000e-05	-8.101812e-03	1.894941e+00
1.982000e-05	-7.817402e-03	1.688369e+00
1.983000e-05	-8.156088e-03	1.495493e+00
1.984000e-05	-6.377103e-03	1.296420e+00
1.985000e-05	-6.086325e-03	1.117466e+00
1.986000e-05	-6.075918e-03	8.454359e-01
1.987000e-05	-6.794403e-03	6.663159e-01
1.988000e-05	-5.308445e-03	4.874695e-01
1.989000e-05	-4.337648e-03	3.785749e-01
1.990000e-05	-3.932377e-03	1.391461e-01
1.991000e-05	-2.829185e-03	-7.142756e-02
1.992000e-05	2.463727e-03	-1.998674e-01
1.993000e-05	-1.205849e-03	-3.778386e-01
1.994000e-05	1.506958e-03	-5.650106e-01
1.995000e-05	-1.066403e-03	-7.656117e-01
1.996000e-05	-2.217270e-04	-9.035829e-01
1.997000e-05	-1.020198e-03	-1.041425e+00
1.998000e-05	7.080298e-03	-1.210421e+00
1.999000e-05	5.082135e-02	-1.410715e+00
2.000000e-05	6.218802e-02	-1.660325e+00
2.001000e-05	-7.086711e-02	-1.913458e+00
2.002000e-05	-1.051455e-02	-2.116186e+00
2.003000e-05	-9.158513e-02	-2.376220e+00
2.004000e-05	1.194766e-02	-2.400501e+00
2.005000e-05	1.491338e-01	-2.442554e+00
2.006000e-05	-1.438480e-01	-2.722456e+00
2.007000e-05	4.130999e-02	-2.871604e+00
2.008000e-05	1.040041e-01	-2.955740e+00
2.009000e-05	-1.964084e-01	-3.231304e+00
2.010000e-05	9.411038e-02	-3.440949e+00
2.011000e-05	6.642440e-02	-3.555710e+00
2.012000e-05	-1.372185e-01	-3.755641e+00
2.013000e-05	1.551271e-01	-3.954213e+00
2.014000e-05	-4.519441e-02	-4.133532e+00
2.015000e-05	-3.776324e-02	-4.324191e+00
2.016000e-05	1.015740e-01	-4.399924e+00
2.017000e-05	-1.297104e-01	-4.659372e+00
2.018000e-05	1.034937e-01	-4.768844e+00
2.019000e-05	1.567179e-02	-4.963617e+00
2.020000e-05	-7.475225e-02	-5.136667e+00
2.021000e-05	1.112114e-01	-5.314033e+00
2.022000e-05	-5.059968e-02	-5.548088e+00
2.023000e-05	5.051486e-02	-5.683584e+00
2.024000e-05	-3.530571e-02	-5.830401e+00
2.025000e-05	-9.799650e-03	-5.977871e+00
2.026000e-05	9.147735e-02	-6.094059e+00
2.027000e-05	-7.602530e-02	-6.274958e+00
2.028000e-05	7.706578e-02	-6.410980e+00
2.029000e-05	-9.101744e-03	-6.567268e+00
2.030000e-05	-1.081722e-02	-6.716136e+00
2.031000e-05	3.602650e-02	-6.839904e+00
2.032000e-05	-3.526013e-02	-6.977296e+00
2.033000e-05	9.068826e-02	-7.146616e+00
2.034000e-05	-3.382671e-02	-7.234058e+00
2.035000e-05	8.796854e-03	-7.428921e+00
2.036000e-05	2.325805e-02	-7.503087e+00
2.037000e-05	8.373678e-03	-7.631430e+00
2.038000e-05	3.145843e-02	-7.797694e+00
2.039000e-05	-2.237368e-02	-7.957244e+00
2.040000e-05	5.177792e-02	-8.042480e+00
2.041000e-05	6.308451e-04	-8.158221e+00
2.042000e-05	1.123694e-02	-8.241508e+00
2.043000e-05	1.704237e-02	-8.386792e+00
2.044000e-05	1.967628e-02	-8.441533e+00
2.045000e-05	2.217973e-02	-8.534616e+00
2.046000e-05	-5.851714e-03	-8.702463e+00
2.047000e-05	3.631116e-02	-8.798699e+00
2.048000e-05	1.870764e-02	-8.874584e+00
2.049000e-05	1.485954e-02	-8.897846e+00
2.050000e-05	1.009554e-02	-9.031506e+00
2.051000e-05	2.420553e-02	-9.084714e+00
2.052000e-05	2.539312e-02	-9.198822e+00
2.053000e-05	1.146981e-02	-9.232003e+00
2.054000e-05	2.504191e-02	-9.314088e+00
2.055000e-05	2.301592e-02	-9.378923e+00
2.056000e-05	2.026615e-02	-9.473562e+00
2.057000e-05	1.761728e-02	-9.566771e+00
2.058000e-05	2.802313e-02	-9.599829e+00
2.059000e-05	2.472424e-02	-9.622608e+00
2.060000e-05	2.067616e-02	-9.684666e+00
2.061000e-05	2.230595e-02	-9.695170e+00
2.062000e-05	2.470843e-02	-9.718915e+00
2.063000e-05	2.517674e-02	-9.779928e+00
2.064000e-05	2.422911e-02	-9.811507e+00
2.065000e-05	2.911506e-02	-9.862089e+00
2.066000e-05	2.533648e-02	-9.885137e+00
2.067000e-05	2.426305e-02	-9.895263e+00
2.068000e-05	2.807115e-02	-9.916769e+00
2.069000e-05	2.958908e-02	-9.927770e+00
2.070000e-05	2.685749e-02	-9.937368e+00
2.071000e-05	2.877803e-02	-9.938822e+00
2.072000e-05	3.138886e-02	-9.977296e+00
2.073000e-05	3.161641e-02	-9.998970e+00
2.074000e-05	2.959423e-02	-9.979426e+00
2.075000e-05	3.088021e-02	-9.997351e+00
2.076000e-05	3.388662e-02	-9.938372e+00
2.077000e-05	3.286651e-02	-9.957796e+00
2.078000e-05	3.480319e-02	-9.968345e+00
2.079000e-05	3.729389e-02	-9.907767e+00
2.080000e-05	3.579836e-02	-9.885768e+00
2.081000e-05	3.495783e-02	-9.904264e+00
2.082000e-05	3.782295e-02	-9.873688e+00
2.083000e-05	4.109512e-02	-9.841553e+00
2.084000e-05	3.938612e-02	-9.802480e+00
2.085000e-05	4.139760e-02	-9.778448e+00
2.086000e-05	4.387616e-02	-9.716821e+00
2.087000e-05	4.451236e-02	-9.684664e+00
2.088000e-05	4.535690e-02	-9.651607e+00
2.089000e-05	4.712449e-02	-9.572028e+00
2.090000e-05	5.017897e-02	-9.546425e+00
2.091000e-05	4.917833e-02	-9.495263e+00
2.092000e-05	4.989217e-02	-9.391560e+00
2.093000e-05	5.207506e-02	-9.315322e+00
2.094000e-05	5.196956e-02	-9.232685e+00
2.095000e-05	5.187499e-02	-9.169476e+00
2.096000e-05	5.084022e-02	-9.073792e+00
2.097000e-05	5.277535e-02	-9.031527e+00
2.098000e-05	5.126840e-02	-8.906870e+00
2.099000e-05	4.894556e-02	-8.862691e+00
2.100000e-05	4.664811e-02	-8.800525e+00
2.101000e-05	4.431427e-02	-8.666865e+00
2.102000e-05	4.326793e-02	-8.558963e+00
2.103000e-05	4.219533e-02	-8.485138e+00
2.104000e-05	4.114382e-02	-8.367550e+00
2.105000e-05	3.892708e-02	-8.274267e+00
2.106000e-05	3.657778e-02	-8.191527e+00
2.107000e-05	3.514095e-02	-8.025239e+00
2.108000e-05	3.358211e-02	-7.990554e+00
2.109000e-05	3.205619e-02	-7.926739e+00
2.110000e-05	3.073404e-02	-7.706921e+00
2.111000e-05	2.912821e-02	-7.600076e+00
2.112000e-05	2.635301e-02	-7.442213e+00
2.113000e-05	2.498893e-02	-7.318395e+00
2.114000e-05	2.514521e-02	-7.222499e+00
2.115000e-05	2.423338e-02	-7.082841e+00
2.116000e-05	2.167860e-02	-6.865901e+00
2.117000e-05	2.065069e-02	-6.749479e+00
2.118000e-05	2.032531e-02	-6.651688e+00
2.119000e-05	1.899943e-02	-6.507418e+00
2.120000e-05	1.703984e-02	-6.359972e+00
2.121000e-05	1.645072e-02	-6.232230e+00
2.122000e-05	1.548310e-02	-6.012186e+00
2.123000e-05	1.413765e-02	-5.894843e+00
2.124000e-05	1.317351e-02	-5.749027e+00
2.125000e-05	1.222485e-02	-5.591604e+00
2.126000e-05	1.209017e-02	-5.462292e+00
2.127000e-05	1.058336e-02	-5.275243e+00
2.128000e-05	1.097008e-02	-5.054267e+00
2.129000e-05	1.000608e-02	-4.906920e+00
2.130000e-05	9.059536e-03	-4.684764e+00
2.131000e-05	8.842621e-03	-4.567923e+00
2.132000e-05	7.722236e-03	-4.401080e+00
2.133000e-05	7.316038e-03	-4.244262e+00
2.134000e-05	5.357112e-03	-4.106344e+00
2.135000e-05	7.014880e-03	-3.930370e+00
2.136000e-05	4.565232e-03	-3.727975e+00
2.137000e-05	5.570950e-03	-3.538975e+00
2.138000e-05	5.206753e-03	-3.372155e+00
2.139000e-05	4.773880e-03	-3.233732e+00
2.140000e-05	3.322273e-03	-3.064893e+00
2.141000e-05	1.395086e-03	-2.843789e+00
2.142000e-05	3.461631e-03	-2.706293e+00
2.143000e-05	7.834871e-04	-2.517372e+00
2.144000e-05	2.318969e-03	-2.370498e+00
2.145000e-05	3.378636e-04	-2.149025e+00
2.146000e-05	2.220201e-03	-1.937946e+00
2.147000e-05	-2.867332e-04	-1.789130e+00
2.148000e-05	7.234868e-04	-1.602084e+00
2.149000e-05	-1.279645e-03	-1.411701e+00
2.150000e-05	-7.892247e-04	-1.158599e+00
2.151000e-05	-1.989519e-03	-9.990987e-01
2.152000e-05	-1.978025e-03	-8.106065e-01
2.153000e-05	-4.063759e-03	-6.327905e-01
2.154000e-05	-2.439582e-03	-4.005791e-01
2.155000e-05	-3.156434e-03	-2.637592e-01
2.156000e-05	-2.344195e-03	-8.416297e-02
2.157000e-05	1.332604e-03	8.256046e-02
2.158000e-05	2.133438e-03	3.256120e-01
2.159000e-05	-4.376070e-03	4.935553e-01
2.160000e-05	5.176190e-04	6.624762e-01
2.161000e-05	-4.285087e-03	7.568973e-01
2.162000e-05	-2.352054e-03	9.176895e-01
2.163000e-05	-4.943053e-03	1.187841e+00
2.164000e-05	4.506869e-03	1.355191e+00
2.165000e-05	2.649061e-02	1.525113e+00
2.166000e-05	6.307235e-02	1.819447e+00
2.167000e-05	-3.335767e-02	1.998823e+00
2.168000e-05	-4.463868e-02	2.145743e+00
2.169000e-05	-4.431504e-02	2.377296e+00
2.170000e-05	-7.565961e-02	2.433528e+00
2.171000e-05	5.411741e-02	2.609925e+00
2.172000e-05	9.202252e-02	2.778474e+00
2.173000e-05	-1.589842e-01	2.966241e+00
2.174000e-05	1.204696e-01	3.084058e+00
2.175000e-05	-7.710927e-03	3.263559e+00
2.176000e-05	-1.138889e-01	3.534138e+00
2.177000e-05	8.989803e-02	3.649974e+00
2.178000e-05	-1.755994e-02	3.757270e+00
2.179000e-05	-7.809191e-02	3.967899e+00
2.180000e-05	8.829099e-02	4.126090e+00
2.181000e-05	-5.547397e-02	4.367794e+00
2.182000e-05	-5.716873e-03	4.504633e+00
2.183000e-05	4.299859e-03	4.694661e+00
2.184000e-05	-4.840829e-02	4.863012e+00
2.185000e-05	2.431336e-02	5.101511e+00
2.186000e-05	-2.334911e-02	5.314187e+00
2.187000e-05	-4.099917e-04	5.452434e+00
2.188000e-05	-5.972816e-03	5.590824e+00
2.189000e-05	-2.783091e-03	5.758750e+00
2.190000e-05	-2.539973e-02	5.967317e+00
2.191000e-05	-3.707906e-02	6.073561e+00
2.192000e-05	2.058834e-02	6.241983e+00
2.193000e-05	-1.388361e-02	6.367345e+00
2.194000e-05	-2.301539e-02	6.493087e+00
2.195000e-05	-1.579710e-03	6.685035e+00
2.196000e-05	-2.850058e-02	6.831455e+00
2.197000e-05	-9.686837e-03	6.936369e+00
2.198000e-05	-1.943118e-02	7.094036e+00
2.199000e-05	-1.242208e-02	7.221423e+00
2.200000e-05	-1.018676e-03	7.273140e+00
2.201000e-05	-2.693725e-02	7.503564e+00
2.202000e-05	-1.518326e-02	7.660932e+00
2.203000e-05	-1.976303e-02	7.766295e+00
2.204000e-05	-8.097964e-03	7.865145e+00
2.205000e-05	-2.496500e-02	7.989430e+00
2.206000e-05	-1.986383e-02	8.177792e+00
2.207000e-05	-6.980719e-03	8.262460e+00
2.208000e-05	-2.276489e-02	8.378346e+00
2.209000e-05	-2.046960e-02	8.431982e+00
2.210000e-05	-2.305530e-02	8.535717e+00
2.211000e-05	-1.354740e-02	8.641457e+00
2.212000e-05	-2.453566e-02	8.695216e+00
2.213000e-05	-2.351902e-02	8.808876e+00
2.214000e-05	-1.791249e-02	8.854062e+00
2.215000e-05	-2.184157e-02	9.006803e+00
2.216000e-05	-2.467919e-02	9.115639e+00
2.217000e-05	-2.527123e-02	9.157852e+00
2.218000e-05	-1.915288e-02	9.261088e+00
2.219000e-05	-2.610824e-02	9.326197e+00
2.220000e-05	-2.719575e-02	9.349385e+00
2.221000e-05	-2.462436e-02	9.461061e+00
2.222000e-05	-2.345256e-02	9.506692e+00
2.223000e-05	-2.808159e-02	9.568321e+00
2.224000e-05	-2.803740e-02	9.590954e+00
2.225000e-05	-2.553146e-02	9.673611e+00
2.226000e-05	-2.812355e-02	9.736245e+00
2.227000e-05	-2.918383e-02	9.778407e+00
2.228000e-05	-3.023921e-02	9.829963e+00
2.229000e-05	-2.908269e-02	9.882963e+00
2.230000e-05	-3.203321e-02	9.894241e+00
2.231000e-05	-3.119810e-02	9.917775e+00
2.232000e-05	-3.051069e-02	9.948877e+00
2.233000e-05	-3.003749e-02	1.001101e+01
2.234000e-05	-3.443220e-02	1.003955e+01
2.235000e-05	-3.404834e-02	1.004211e+01
2.236000e-05	-3.427956e-02	1.003316e+01
2.237000e-05	-3.477466e-02	1.004258e+01
2.238000e-05	-3.547203e-02	1.006211e+01
2.239000e-05	-3.633754e-02	1.005217e+01
2.240000e-05	-3.742088e-02	1.007264e+01
2.241000e-05	-3.834200e-02	1.005211e+01
2.242000e-05	-3.839734e-02	1.005266e+01
2.243000e-05	-3.753091e-02	1.005259e+01
2.244000e-05	-3.959537e-02	1.002256e+01
2.245000e-05	-4.148735e-02	1.003158e+01
2.246000e-05	-4.308418e-02	9.981059e+00
2.247000e-05	-4.288137e-02	1.000001e+01
2.248000e-05	-4.222029e-02	9.958951e+00
2.249000e-05	-4.461437e-02	9.887822e+00
2.250000e-05	-4.672788e-02	9.844190e+00
2.251000e-05	-4.896724e-02	9.774163e+00
2.252000e-05	-4.834510e-02	9.761635e+00
2.253000e-05	-5.010470e-02	9.707827e+00
2.254000e-05	-5.079836e-02	9.673692e+00
2.255000e-05	-5.419101e-02	9.571054e+00
2.256000e-05	-5.440031e-02	9.518374e+00
2.257000e-05	-5.647320e-02	9.504666e+00
2.258000e-05	-5.700887e-02	9.432613e+00
2.259000e-05	-5.773146e-02	9.368476e+00
2.260000e-05	-5.832829e-02	9.283742e+00
2.261000e-05	-5.904279e-02	9.232584e+00
2.262000e-05	-5.690297e-02	9.169050e+00
2.263000e-05	-5.623693e-02	9.056342e+00
2.264000e-05	-5.482151e-02	8.959884e+00
2.265000e-05	-5.557394e-02	8.844193e+00
2.266000e-05	-5.338498e-02	8.790979e+00
2.267000e-05	-5.213584e-02	8.677317e+00
2.268000e-05	-4.965710e-02	8.611085e+00
2.269000e-05	-4.859907e-02	8.496373e+00
2.270000e-05	-4.507889e-02	8.453136e+00
2.271000e-05	-4.357416e-02	8.389525e+00
2.272000e-05	-4.274166e-02	8.213812e+00
2.273000e-05	-4.207218e-02	8.085348e+00
2.274000e-05	-3.949849e-02	7.982084e+00
2.275000e-05	-3.770027e-02	7.875792e+00
2.276000e-05	-3.521427e-02	7.748955e+00
2.277000e-05	-3.416544e-02	7.633792e+00
2.278000e-05	-3.355472e-02	7.498372e+00
2.279000e-05	-3.172289e-02	7.350110e+00
2.280000e-05	-3.094585e-02	7.193085e+00
2.281000e-05	-2.900899e-02	7.095370e+00
2.282000e-05	-2.934088e-02	6.969004e+00
2.283000e-05	-2.629340e-02	6.832187e+00
2.284000e-05	-2.584478e-02	6.716400e+00
2.285000e-05	-2.480345e-02	6.517997e+00
2.286000e-05	-2.460824e-02	6.360029e+00
2.287000e-05	-2.307818e-02	6.222212e+00
2.288000e-05	-2.248032e-02	6.115846e+00
2.289000e-05	-2.246528e-02	5.971054e+00
2.290000e-05	-1.974741e-02	5.811716e+00
2.291000e-05	-2.010677e-02	5.612660e+00
2.292000e-05	-1.822499e-02	5.483816e+00
2.293000e-05	-1.945312e-02	5.296875e+00
2.294000e-05	-1.919094e-02	5.099029e+00
2.295000e-05	-1.614846e-02	4.886972e+00
2.296000e-05	-1.801293e-02	4.758422e+00
2.297000e-05	-1.619887e-02	4.580555e+00
2.298000e-05	-1.597726e-02	4.421685e+00
2.299000e-05	-1.343188e-02	4.275868e+00
2.300000e-05	-1.427577e-02	4.054818e+00
2.301000e-05	-1.310024e-02	3.916450e+00
2.302000e-05	-1.187366e-02	3.749599e+00
2.303000e-05	-1.257732e-02	3.590605e+00
2.304000e-05	-1.222378e-02	3.473288e+00
2.305000e-05	-1.217601e-02	3.220758e+00
2.306000e-05	-1.105665e-02	3.042365e+00
2.307000e-05	-1.084690e-02	2.886472e+00
2.308000e-05	-1.106680e-02	2.768971e+00
2.309000e-05	-9.718853e-03	2.527550e+00
2.310000e-05	-9.575657e-03	2.319470e+00
2.311000e-05	-8.475590e-03	2.127972e+00
2.312000e-05	-8.646068e-03	1.971609e+00
2.313000e-05	-7.328273e-03	1.811712e+00
2.314000e-05	-6.932220e-03	1.601178e+00
2.315000e-05	-7.268705e-03	1.422212e+00
2.316000e-05	-6.424131e-03	1.253263e+00
2.317000e-05	-6.602709e-03	1.011258e+00
2.318000e-05	-6.592426e-03	7.716526e-01
2.319000e-05	-6.261609e-03	5.927090e-01
2.320000e-05	-5.137206e-03	4.417342e-01
2.321000e-05	-3.298806e-03	2.864169e-01
2.322000e-05	-3.427475e-03	6.281191e-02
2.323000e-05	1.012996e-03	-1.351118e-01
2.324000e-05	1.623117e-03	-2.724818e-01
2.325000e-05	-1.959626e-03	-4.614514e-01
2.326000e-05	1.637122e-03	-6.682187e-01
2.327000e-05	-2.077355e-03	-8.099238e-01
2.328000e-05	2.268694e-04	-9.781622e-01
2.329000e-05	3.163827e-04	-1.104657e+00
2.330000e-05	2.004561e-02	-1.281508e+00
2.331000e-05	8.004342e-02	-1.472906e+00
2.332000e-05	-1.233595e-02	-1.746537e+00
2.333000e-05	-4.702175e-02	-2.019366e+00
2.334000e-05	-3.462267e-02	-2.271928e+00
2.335000e-05	-8.429282e-02	-2.388950e+00
2.336000e-05	1.223532e-01	-2.421501e+00
2.337000e-05	2.975525e-02	-2.544241e+00
2.338000e-05	-1.406594e-01	-2.779346e+00
2.339000e-05	1.955068e-01	-2.882138e+00
2.340000e-05	-6.646156e-02	-3.142001e+00
2.341000e-05	-1.087743e-01	-3.345759e+00
2.342000e-05	1.721768e-01	-3.462555e+00
2.343000e-05	-8.189573e-02	-3.628868e+00
2.344000e-05	-1.806934e-02	-3.879949e+00
2.345000e-05	1.380523e-01	-4.018347e+00
2.346000e-05	-1.428587e-01	-4.218248e+00
2.347000e-05	9.805104e-02	-4.367895e+00
2.348000e-05	-2.785415e-02	-4.493083e+00
2.349000e-05	-6.112616e-02	-4.735111e+00
2.350000e-05	1.387392e-01	-4.812524e+00
2.351000e-05	-9.585798e-02	-5.001345e+00
2.352000e-05	4.462864e-02	-5.198348e+00
2.353000e-05	4.279764e-02	-5.398195e+00
2.354000e-05	-3.293763e-02	-5.621396e+00
2.355000e-05	5.477048e-02	-5.706641e+00
2.356000e-05	-7.805676e-02	-5.906059e+00
2.357000e-05	8.466663e-02	-6.040978e+00
2.358000e-05	-1.970784e-03	-6.157642e+00
2.359000e-05	-2.914787e-02	-6.349293e+00
2.360000e-05	8.556463e-02	-6.494084e+00
2.361000e-05	-5.910952e-02	-6.641429e+00
2.362000e-05	4.750566e-02	-6.777747e+00
2.363000e-05	-2.309438e-02	-6.892484e+00
2.364000e-05	3.023416e-02	-7.050079e+00
2.365000e-05	5.761937e-02	-7.199349e+00
2.366000e-05	-5.143620e-02	-7.304640e+00
2.367000e-05	4.396174e-02	-7.449954e+00
2.368000e-05	-7.937360e-03	-7.558745e+00
2.369000e-05	3.695858e-02	-7.694008e+00
2.370000e-05	-3.823364e-03	-7.831905e+00
2.371000e-05	1.039893e-02	-8.019851e+00
2.372000e-05	4.430950e-02	-8.114087e+00
2.373000e-05	-1.500071e-02	-8.218424e+00
2.374000e-05	2.921891e-02	-8.264134e+00
2.375000e-05	6.014952e-03	-8.419875e+00
2.376000e-05	3.334667e-02	-8.483081e+00
2.377000e-05	-1.930055e-03	-8.560298e+00
2.378000e-05	1.481563e-02	-8.736641e+00
2.379000e-05	3.372297e-02	-8.811525e+00
2.380000e-05	1.119336e-02	-8.926717e+00
2.381000e-05	1.539006e-02	-8.999797e+00
2.382000e-05	1.127370e-02	-9.051556e+00
2.383000e-05	3.183579e-02	-9.125694e+00
2.384000e-05	1.423264e-02	-9.199397e+00
2.385000e-05	2.006799e-02	-9.262534e+00
2.386000e-05	2.560121e-02	-9.336845e+00
2.387000e-05	2.120134e-02	-9.371908e+00
2.388000e-05	1.590939e-02	-9.514638e+00
2.389000e-05	2.071002e-02	-9.578872e+00
2.390000e-05	3.081488e-02	-9.631502e+00
2.391000e-05	2.149267e-02	-9.643536e+00
2.392000e-05	2.251830e-02	-9.704162e+00
2.393000e-05	2.293581e-02	-9.746693e+00
2.394000e-05	2.675480e-02	-9.778775e+00
2.395000e-05	2.191725e-02	-9.818929e+00
2.396000e-05	2.610190e-02	-9.862483e+00
2.397000e-05	2.788265e-02	-9.882560e+00
2.398000e-05	2.417636e-02	-9.905662e+00
2.399000e-05	2.603676e-02	-9.895692e+00
2.400000e-05	2.958434e-02	-9.945318e+00
2.401000e-05	2.942794e-02	-9.906271e+00
2.402000e-05	2.597611e-02	-9.937297e+00
2.403000e-05	3.034784e-02	-9.936870e+00
2.404000e-05	3.099490e-02	-9.998395e+00
2.405000e-05	3.026563e-02	-9.968901e+00
2.406000e-05	2.909093e-02	-9.988924e+00
2.407000e-05	3.292415e-02	-9.968895e+00
2.408000e-05	3.406356e-02	-9.988844e+00
2.409000e-05	3.294882e-02	-9.936848e+00
2.410000e-05	3.557325e-02	-9.917821e+00
2.411000e-05	3.617178e-02	-9.907342e+00
2.412000e-05	3.504957e-02	-9.906293e+00
2.413000e-05	3.640221e-02	-9.893664e+00
2.414000e-05	4.024655e-02	-9.864163e+00
2.415000e-05	4.027005e-02	-9.822557e+00
2.416000e-05	3.908374e-02	-9.800926e+00
2.417000e-05	4.228152e-02	-9.719323e+00
2.418000e-05	4.319790e-02	-9.744768e+00
2.419000e-05	4.483960e-02	-9.693154e+00
2.420000e-05	4.536645e-02	-9.642107e+00
2.421000e-05	4.829032e-02	-9.599978e+00
2.422000e-05	4.935918e-02	-9.527896e+00
2.423000e-05	4.976825e-02	-9.454039e+00
2.424000e-05	5.235193e-02	-9.359945e+00
2.425000e-05	5.280200e-02	-9.304740e+00
2.426000e-05	5.107091e-02	-9.200532e+00
2.427000e-05	4.986311e-02	-9.126818e+00
2.428000e-05	5.137354e-02	-9.064665e+00
2.429000e-05	5.189143e-02	-8.990029e+00
2.430000e-05	4.970754e-02	-8.924262e+00
2.431000e-05	4.722619e-02	-8.821533e+00
2.432000e-05	4.562027e-02	-8.766449e+00
2.433000e-05	4.388256e-02	-8.655237e+00
2.434000e-05	4.282244e-02	-8.547921e+00
2.435000e-05	4.214063e-02	-8.452587e+00
2.436000e-05	3.968649e-02	-8.327867e+00
2.437000e-05	3.769050e-02	-8.243160e+00
2.438000e-05	3.629481e-02	-8.158922e+00
2.439000e-05	3.444809e-02	-8.033614e+00
2.440000e-05	3.241392e-02	-7.967525e+00
2.441000e-05	3.073845e-02	-7.822109e+00
2.442000e-05	2.999974e-02	-7.664190e+00
2.443000e-05	2.779304e-02	-7.537819e+00
2.444000e-05	2.607400e-02	-7.401056e+00
2.445000e-05	2.603900e-02	-7.264264e+00
2.446000e-05	2.377159e-02	-7.156526e+00
2.447000e-05	2.134442e-02	-7.052205e+00
2.448000e-05	2.065937e-02	-6.813635e+00
2.449000e-05	2.087108e-02	-6.716867e+00
2.450000e-05	2.010980e-02	-6.581027e+00
2.451000e-05	1.794035e-02	-6.441110e+00
2.452000e-05	1.584080e-02	-6.307370e+00
2.453000e-05	1.622679e-02	-6.127500e+00
2.454000e-05	1.497997e-02	-5.958426e+00
2.455000e-05	1.375330e-02	-5.873737e+00
2.456000e-05	1.311801e-02	-5.705863e+00
2.457000e-05	1.233079e-02	-5.538022e+00
2.458000e-05	1.208277e-02	-5.347498e+00
2.459000e-05	9.380088e-03	-5.157475e+00
2.460000e-05	1.034875e-02	-4.999580e+00
2.461000e-05	9.799428e-03	-4.761630e+00
2.462000e-05	9.407925e-03	-4.649606e+00
2.463000e-05	7.783729e-03	-4.483714e+00
2.464000e-05	7.910431e-03	-4.348394e+00
2.465000e-05	6.345987e-03	-4.170104e+00
2.466000e-05	6.582309e-03	-4.072633e+00
2.467000e-05	5.545491e-03	-3.895367e+00
2.468000e-05	5.058589e-03	-3.634188e+00
2.469000e-05	4.921821e-03	-3.494911e+00
2.470000e-05	5.386917e-03	-3.337945e+00
2.471000e-05	4.166072e-03	-3.160549e+00
2.472000e-05	2.930158e-03	-2.970130e+00
2.473000e-05	1.749455e-03	-2.799479e+00
2.474000e-05	2.527308e-03	-2.610684e+00
2.475000e-05	1.735586e-03	-2.443184e+00
2.476000e-05	2.089175e-03	-2.215817e+00
2.477000e-05	1.247682e-03	-2.052784e+00
2.478000e-05	1.046210e-03	-1.875292e+00
2.479000e-05	-2.935616e-04	-1.705921e+00
2.480000e-05	-3.628605e-04	-1.575995e+00
2.481000e-05	-1.137867e-03	-1.276020e+00
2.482000e-05	-2.450396e-03	-1.095838e+00
2.483000e-05	-2.261040e-03	-8.884409e-01
2.484000e-05	-2.133635e-03	-7.179396e-01
2.485000e-05	-3.174045e-03	-5.178919e-01
2.486000e-05	-3.096969e-03	-3.379673e-01
2.487000e-05	-2.772338e-03	-2.005801e-01
2.488000e-05	-1.898175e-03	1.207520e-02
2.489000e-05	1.933282e-03	2.172684e-01
2.490000e-05	-1.933487e-04	4.283199e-01
2.491000e-05	-1.536621e-03	5.362157e-01
2.492000e-05	-2.975422e-04	6.836107e-01
2.493000e-05	-4.678480e-03	8.324763e-01
2.494000e-05	-3.707100e-03	1.089901e+00
2.495000e-05	-1.933017e-03	1.252009e+00
2.496000e-05	9.681835e-03	1.420426e+00
2.497000e-05	5.172057e-02	1.683949e+00
2.498000e-05	3.226358e-02	1.882059e+00
2.499000e-05	-6.106994e-02	2.062981e+00
2.500000e-05	-3.259444e-02	2.250476e+00
2.501000e-05	-6.352609e-02	2.408952e+00
2.502000e-05	-4.595038e-02	2.524587e+00
2.503000e-05	1.336796e-01	2.695664e+00
2.504000e-05	-5.188097e-02	2.853005e+00
2.505000e-05	-7.053640e-02	3.009442e+00
2.506000e-05	1.483905e-01	3.179265e+00
2.507000e-05	-1.291947e-01	3.376876e+00
2.508000e-05	-1.538059e-02	3.586770e+00
2.509000e-05	9.017841e-02	3.663559e+00
2.510000e-05	-1.008914e-01	3.913108e+00
2.511000e-05	2.572929e-02	4.043530e+00
2.512000e-05	3.393502e-02	4.271380e+00
2.513000e-05	-6.625186e-02	4.429478e+00
2.514000e-05	2.418833e-02	4.588949e+00
2.515000e-05	-3.645017e-02	4.788899e+00
2.516000e-05	-1.358299e-02	4.926192e+00
2.517000e-05	9.292540e-03	5.197345e+00
2.518000e-05	-2.321616e-02	5.406322e+00
2.519000e-05	6.791405e-03	5.556118e+00
2.520000e-05	-8.832434e-03	5.672584e+00
2.521000e-05	-6.293535e-03	5.863484e+00
2.522000e-05	-3.752263e-02	6.031480e+00
2.523000e-05	-1.322426e-02	6.168222e+00
2.524000e-05	2.084948e-02	6.295591e+00
2.525000e-05	-3.788685e-02	6.451028e+00
2.526000e-05	-2.697657e-04	6.557769e+00
2.527000e-05	-1.974603e-02	6.775791e+00
2.528000e-05	-1.851572e-02	6.884658e+00
2.529000e-05	-1.011054e-02	7.010001e+00
2.530000e-05	-2.540020e-02	7.116720e+00
2.531000e-05	1.757285e-03	7.240530e+00
2.532000e-05	-1.637579e-02	7.337222e+00
2.533000e-05	-1.902672e-02	7.506272e+00
2.534000e-05	-2.240717e-02	7.675110e+00
2.535000e-05	-1.083915e-02	7.829948e+00
2.536000e-05	-1.593382e-02	7.928768e+00
2.537000e-05	-2.557578e-02	8.083663e+00
2.538000e-05	-1.145579e-02	8.189325e+00
2.539000e-05	-1.254548e-02	8.276141e+00
2.540000e-05	-2.307014e-02	8.410452e+00
2.541000e-05	-2.315437e-02	8.433085e+00
2.542000e-05	-1.762281e-02	8.568299e+00
2.543000e-05	-1.758856e-02	8.672009e+00
2.544000e-05	-2.515008e-02	8.746215e+00
2.545000e-05	-2.249020e-02	8.811032e+00
2.546000e-05	-1.686621e-02	8.915164e+00
2.547000e-05	-2.434704e-02	9.021511e+00
2.548000e-05	-2.429597e-02	9.135141e+00
2.549000e-05	-2.319548e-02	9.190976e+00
2.550000e-05	-2.070542e-02	9.274117e+00
2.551000e-05	-2.797392e-02	9.348826e+00
2.552000e-05	-2.710714e-02	9.391058e+00
2.553000e-05	-2.082834e-02	9.463166e+00
2.554000e-05	-2.645226e-02	9.555770e+00
2.555000e-05	-2.887221e-02	9.618424e+00
2.556000e-05	-2.849310e-02	9.634563e+00
2.557000e-05	-2.553785e-02	9.675217e+00
2.558000e-05	-2.855861e-02	9.726774e+00
2.559000e-05	-2.884323e-02	9.769908e+00
2.560000e-05	-3.060189e-02	9.833487e+00
2.561000e-05	-3.204411e-02	9.865167e+00
2.562000e-05	-3.185858e-02	9.926868e+00
2.563000e-05	-3.011366e-02	9.977822e+00
2.564000e-05	-2.860761e-02	9.978853e+00
2.565000e-05	-3.480253e-02	1.001003e+01
2.566000e-05	-3.496177e-02	1.001103e+01
2.567000e-05	-3.328367e-02	1.001158e+01
2.568000e-05	-3.431973e-02	1.004306e+01
2.569000e-05	-3.560425e-02	1.004314e+01
2.570000e-05	-3.543188e-02	1.006316e+01
2.571000e-05	-3.599024e-02	1.006211e+01
2.572000e-05	-3.890402e-02	1.005518e+01
2.573000e-05	-3.883457e-02	1.004314e+01
2.574000e-05	-3.772555e-02	1.006164e+01
2.575000e-05	-3.910600e-02	1.003258e+01
2.576000e-05	-4.232263e-02	1.002156e+01
2.577000e-05	-4.176587e-02	1.003256e+01
2.578000e-05	-4.171574e-02	9.990481e+00
2.579000e-05	-4.315257e-02	9.949452e+00
2.580000e-05	-4.468212e-02	9.908871e+00
2.581000e-05	-4.615745e-02	9.865316e+00
2.582000e-05	-4.690875e-02	9.804691e+00
2.583000e-05	-4.903219e-02	9.802664e+00
2.584000e-05	-4.922008e-02	9.749305e+00
2.585000e-05	-5.095066e-02	9.675742e+00
2.586000e-05	-5.331782e-02	9.613063e+00
2.587000e-05	-5.429130e-02	9.577506e+00
2.588000e-05	-5.504695e-02	9.498795e+00
2.589000e-05	-5.601783e-02	9.454712e+00
2.590000e-05	-5.728451e-02	9.411508e+00
2.591000e-05	-5.854097e-02	9.316796e+00
2.592000e-05	-5.858822e-02	9.284241e+00
2.593000e-05	-5.788260e-02	9.213029e+00
2.594000e-05	-5.750900e-02	9.117922e+00
2.595000e-05	-5.646855e-02	8.992689e+00
2.596000e-05	-5.535714e-02	8.904400e+00
2.597000e-05	-5.395704e-02	8.832064e+00
2.598000e-05	-5.384922e-02	8.757997e+00
2.599000e-05	-5.010737e-02	8.644665e+00
2.600000e-05	-5.034490e-02	8.536456e+00
2.601000e-05	-4.607710e-02	8.494741e+00
2.602000e-05	-4.551203e-02	8.422178e+00
2.603000e-05	-4.313999e-02	8.267344e+00
2.604000e-05	-4.329025e-02	8.160035e+00
2.605000e-05	-3.972274e-02	8.043691e+00
2.606000e-05	-3.973801e-02	7.979050e+00
2.607000e-05	-3.668244e-02	7.832112e+00
2.608000e-05	-3.676184e-02	7.716921e+00
2.609000e-05	-3.307532e-02	7.581083e+00
2.610000e-05	-3.384206e-02	7.425769e+00
2.611000e-05	-3.166630e-02	7.283891e+00
2.612000e-05	-3.095967e-02	7.159525e+00
2.613000e-05	-2.746647e-02	7.043087e+00
2.614000e-05	-2.780658e-02	6.866372e+00
2.615000e-05	-2.743611e-02	6.801083e+00
2.616000e-05	-2.571733e-02	6.622741e+00
2.617000e-05	-2.418839e-02	6.463170e+00
2.618000e-05	-2.441571e-02	6.316446e+00
2.619000e-05	-2.293319e-02	6.160525e+00
2.620000e-05	-2.219658e-02	6.032264e+00
2.621000e-05	-2.130419e-02	5.887970e+00
2.622000e-05	-2.119661e-02	5.753950e+00
2.623000e-05	-2.011938e-02	5.569526e+00
2.624000e-05	-1.904012e-02	5.402208e+00
2.625000e-05	-1.891834e-02	5.213813e+00
2.626000e-05	-1.810470e-02	5.031821e+00
2.627000e-05	-1.742710e-02	4.833686e+00
2.628000e-05	-1.657702e-02	4.665365e+00
2.629000e-05	-1.636049e-02	4.506970e+00
2.630000e-05	-1.435788e-02	4.370049e+00
2.631000e-05	-1.351206e-02	4.171256e+00
2.632000e-05	-1.470576e-02	3.971129e+00
2.633000e-05	-1.406597e-02	3.844265e+00
2.634000e-05	-1.293614e-02	3.675391e+00
2.635000e-05	-1.081931e-02	3.547526e+00
2.636000e-05	-1.128500e-02	3.306026e+00
2.637000e-05	-1.119995e-02	3.117520e+00
2.638000e-05	-1.191388e-02	2.959626e+00
2.639000e-05	-1.057236e-02	2.821207e+00
2.640000e-05	-1.083428e-02	2.664387e+00
2.641000e-05	-9.611478e-03	2.403237e+00
2.642000e-05	-8.789602e-03	2.262717e+00
2.643000e-05	-8.166631e-03	2.054393e+00
2.644000e-05	-7.890818e-03	1.928467e+00
2.645000e-05	-7.358661e-03	1.737995e+00
2.646000e-05	-7.499949e-03	1.488395e+00
2.647000e-05	-7.110831e-03	1.328497e+00
2.648000e-05	-6.495574e-03	1.140149e+00
2.649000e-05	-5.781040e-03	8.650497e-01
2.650000e-05	-5.571662e-03	6.964509e-01
2.651000e-05	-5.577628e-03	4.768911e-01
2.652000e-05	-4.581351e-03	3.485725e-01
2.653000e-05	-4.687691e-03	1.580790e-01
2.654000e-05	-2.780983e-03	-5.047499e-02
2.655000e-05	3.018834e-03	-1.977947e-01
2.656000e-05	1.712714e-04	-3.767908e-01
2.657000e-05	-3.014298e-05	-5.435554e-01
2.658000e-05	-4.621247e-04	-7.051345e-01
2.659000e-05	1.961073e-04	-8.725828e-01
2.660000e-05	-1.237966e-04	-1.031447e+00
2.661000e-05	5.901590e-03	-1.218799e+00
2.662000e-05	4.497480e-02	-1.458868e+00
2.663000e-05	7.183673e-02	-1.638271e+00
2.664000e-05	-6.781158e-02	-1.862405e+00
2.665000e-05	-1.272299e-02	-2.104030e+00
2.666000e-05	-8.483581e-02	-2.387587e+00
2.667000e-05	-9.814942e-03	-2.410001e+00
2.668000e-05	1.591606e-01	-2.431579e+00
2.669000e-05	-1.222975e-01	-2.691903e+00
2.670000e-05	-3.918999e-03	-2.852057e+00
2.671000e-05	1.332998e-01	-2.986647e+00
2.672000e-05	-1.986376e-01	-3.228799e+00
2.673000e-05	5.964892e-02	-3.428425e+00
2.674000e-05	9.636066e-02	-3.525713e+00
2.675000e-05	-1.431937e-01	-3.703567e+00
2.676000e-05	1.359997e-01	-3.965161e+00
2.677000e-05	-9.271273e-03	-4.113555e+00
2.678000e-05	-7.097395e-02	-4.305132e+00
2.679000e-05	1.164267e-01	-4.419924e+00
2.680000e-05	-1.242587e-01	-4.617799e+00
2.681000e-05	7.890376e-02	-4.769874e+00
2.682000e-05	4.399770e-02	-4.934529e+00
2.683000e-05	-9.149324e-02	-5.175086e+00
2.684000e-05	1.123761e-01	-5.283602e+00
2.685000e-05	-4.192194e-02	-5.503010e+00
2.686000e-05	3.866712e-02	-5.651031e+00
2.687000e-05	-1.742359e-02	-5.818841e+00
2.688000e-05	-2.835585e-02	-5.987843e+00
2.689000e-05	1.005613e-01	-6.072558e+00
2.690000e-05	-7.384170e-02	-6.273033e+00
2.691000e-05	6.152050e-02	-6.420976e+00
2.692000e-05	1.004989e-02	-6.566693e+00
2.693000e-05	-2.454960e-02	-6.735717e+00
2.694000e-05	4.462753e-02	-6.820425e+00
2.695000e-05	-4.203091e-02	-6.936668e+00
2.696000e-05	8.739938e-02	-7.147667e+00
2.697000e-05	-1.955445e-02	-7.272004e+00
2.698000e-05	-3.625431e-03	-7.377819e+00
2.699000e-05	2.922361e-02	-7.524560e+00
2.700000e-05	1.238541e-03	-7.630355e+00
2.701000e-05	3.811603e-02	-7.748696e+00
2.702000e-05	-2.262130e-02	-7.924638e+00
2.703000e-05	4.683007e-02	-8.041003e+00
2.704000e-05	6.506154e-03	-8.148193e+00
2.705000e-05	5.294479e-03	-8.241960e+00
2.706000e-05	2.099597e-02	-8.337741e+00
2.707000e-05	1.516629e-02	-8.410477e+00
2.708000e-05	2.571728e-02	-8.506670e+00
2.709000e-05	-7.982359e-03	-8.722961e+00
2.710000e-05	3.389556e-02	-8.789322e+00
2.711000e-05	2.033851e-02	-8.864383e+00
2.712000e-05	1.424452e-02	-8.945721e+00
2.713000e-05	1.214639e-02	-9.030001e+00
2.714000e-05	2.146559e-02	-9.094213e+00
2.715000e-05	2.741137e-02	-9.176769e+00
2.716000e-05	1.032852e-02	-9.241526e+00
2.717000e-05	2.415749e-02	-9.304668e+00
2.718000e-05	2.351571e-02	-9.367230e+00
2.719000e-05	2.001634e-02	-9.433013e+00
2.720000e-05	1.581203e-02	-9.558345e+00
2.721000e-05	2.663740e-02	-9.579825e+00
2.722000e-05	2.723579e-02	-9.642008e+00
2.723000e-05	2.130928e-02	-9.684587e+00
2.724000e-05	2.277120e-02	-9.705215e+00
2.725000e-05	2.426529e-02	-9.717294e+00
2.726000e-05	2.505552e-02	-9.809428e+00
2.727000e-05	2.237589e-02	-9.831530e+00
2.728000e-05	2.848580e-02	-9.821486e+00
2.729000e-05	2.686432e-02	-9.904138e+00
2.730000e-05	2.593016e-02	-9.864742e+00
2.731000e-05	2.689333e-02	-9.896216e+00
2.732000e-05	2.867316e-02	-9.925794e+00
2.733000e-05	2.710464e-02	-9.946317e+00
2.734000e-05	2.895754e-02	-9.957294e+00
2.735000e-05	3.197444e-02	-9.967396e+00
2.736000e-05	3.188160e-02	-9.957375e+00
2.737000e-05	2.913495e-02	-9.979423e+00
2.738000e-05	3.041005e-02	-9.989872e+00
2.739000e-05	3.328848e-02	-9.947923e+00
2.740000e-05	3.237266e-02	-9.929378e+00
2.741000e-05	3.396478e-02	-9.929872e+00
2.742000e-05	3.620467e-02	-9.967796e+00
2.743000e-05	3.570591e-02	-9.907268e+00
2.744000e-05	3.562559e-02	-9.904738e+00
2.745000e-05	3.717646e-02	-9.872666e+00
2.746000e-05	4.009985e-02	-9.861110e+00
2.747000e-05	4.006667e-02	-9.830951e+00
2.748000e-05	4.044461e-02	-9.759903e+00
2.749000e-05	4.356822e-02	-9.735347e+00
2.750000e-05	4.422380e-02	-9.696215e+00
2.751000e-05	4.505463e-02	-9.664161e+00
2.752000e-05	4.649264e-02	-9.600504e+00
2.753000e-05	4.848699e-02	-9.559898e+00
2.754000e-05	4.885656e-02	-9.495295e+00
2.755000e-05	5.070177e-02	-9.381133e+00
2.756000e-05	5.268448e-02	-9.337846e+00
2.757000e-05	5.099146e-02	-9.283110e+00
2.758000e-05	5.078872e-02	-9.181377e+00
2.759000e-05	5.157116e-02	-9.105239e+00
2.760000e-05	5.129900e-02	-8.982084e+00
2.761000e-05	5.065919e-02	-8.948896e+00
2.762000e-05	4.854213e-02	-8.883714e+00
2.763000e-05	4.693185e-02	-8.780550e+00
2.764000e-05	4.405718e-02	-8.707870e+00
2.765000e-05	4.328568e-02	-8.590580e+00
2.766000e-05	4.273532e-02	-8.474271e+00
2.767000e-05	4.159920e-02	-8.400578e+00
2.768000e-05	3.815347e-02	-8.325770e+00
2.769000e-05	3.684584e-02	-8.179126e+00
2.770000e-05	3.628496e-02	-8.106772e+00
2.771000e-05	3.343990e-02	-8.021578e+00
2.772000e-05	3.123760e-02	-7.927875e+00
2.773000e-05	2.923785e-02	-7.707977e+00
2.774000e-05	2.944883e-02	-7.570031e+00
2.775000e-05	2.654841e-02	-7.451689e+00
2.776000e-05	2.571236e-02	-7.328323e+00
2.777000e-05	2.496140e-02	-7.221654e+00
2.778000e-05	2.396949e-02	-7.115726e+00
2.779000e-05	2.101674e-02	-6.926872e+00
2.780000e-05	2.007188e-02	-6.767574e+00
2.781000e-05	1.962177e-02	-6.634688e+00
2.782000e-05	1.955368e-02	-6.487318e+00
2.783000e-05	1.757820e-02	-6.389556e+00
2.784000e-05	1.676160e-02	-6.264213e+00
2.785000e-05	1.560028e-02	-6.072710e+00
2.786000e-05	1.373739e-02	-5.935921e+00
2.787000e-05	1.326445e-02	-5.761053e+00
2.788000e-05	1.247135e-02	-5.603105e+00
2.789000e-05	1.262097e-02	-5.444420e+00
2.790000e-05	1.137277e-02	-5.244269e+00
2.791000e-05	1.050575e-02	-5.095242e+00
2.792000e-05	8.833276e-03	-4.927944e+00
2.793000e-05	8.281154e-03	-4.695321e+00
2.794000e-05	8.554395e-03	-4.546001e+00
2.795000e-05	7.535290e-03	-4.392113e+00
2.796000e-05	7.711475e-03	-4.283762e+00
2.797000e-05	6.370750e-03	-4.096392e+00
2.798000e-05	7.558953e-03	-3.998975e+00
2.799000e-05	4.524890e-03	-3.791631e+00
2.800000e-05	4.895139e-03	-3.589505e+00
2.801000e-05	4.235344e-03	-3.402712e+00
2.802000e-05	4.830768e-03	-3.282768e+00
2.803000e-05	3.198430e-03	-3.086892e+00
2.804000e-05	2.236280e-03	-2.934262e+00
2.805000e-05	2.815457e-03	-2.727470e+00
2.806000e-05	6.309317e-04	-2.496397e+00
2.807000e-05	9.441149e-04	-2.370571e+00
2.808000e-05	1.233382e-03	-2.180552e+00
2.809000e-05	2.563753e-03	-1.968521e+00
2.810000e-05	1.678173e-04	-1.812106e+00
2.811000e-05	2.613884e-04	-1.623687e+00
2.812000e-05	-1.867433e-03	-1.422362e+00
2.813000e-05	-7.916038e-04	-1.171604e+00
2.814000e-05	-2.960732e-03	-1.001683e+00
2.815000e-05	-1.840858e-03	-8.041815e-01
2.816000e-05	-4.095402e-03	-6.547380e-01
2.817000e-05	-2.476422e-03	-4.121566e-01
2.818000e-05	-3.281191e-03	-2.748342e-01
2.819000e-05	-2.398715e-03	-6.478817e-02
2.820000e-05	3.117372e-04	6.210658e-02
2.821000e-05	2.143626e-03	2.946377e-01
2.822000e-05	-3.473854e-03	4.615076e-01
2.823000e-05	1.003445e-03	6.103951e-01
2.824000e-05	-3.710649e-03	7.982974e-01
2.825000e-05	-2.479150e-03	9.236395e-01
2.826000e-05	-4.975882e-03	1.126335e+00
2.827000e-05	1.778353e-03	1.355685e+00
2.828000e-05	2.284639e-02	1.501634e+00
2.829000e-05	6.433468e-02	1.746850e+00
2.830000e-05	-2.234962e-02	1.976145e+00
2.831000e-05	-5.056200e-02	2.135663e+00
2.832000e-05	-4.086854e-02	2.328693e+00
2.833000e-05	-7.579585e-02	2.442028e+00
2.834000e-05	3.373385e-02	2.586749e+00
2.835000e-05	1.129221e-01	2.820322e+00
2.836000e-05	-1.558585e-01	2.956241e+00
2.837000e-05	9.007600e-02	3.052082e+00
2.838000e-05	2.571679e-02	3.252428e+00
2.839000e-05	-1.286764e-01	3.432535e+00
2.840000e-05	7.900636e-02	3.589501e+00
2.841000e-05	7.226938e-03	3.757794e+00
2.842000e-05	-8.928539e-02	3.986771e+00
2.843000e-05	8.813226e-02	4.083112e+00
2.844000e-05	-4.576997e-02	4.397121e+00
2.845000e-05	-2.005369e-02	4.484059e+00
2.846000e-05	1.182714e-02	4.701508e+00
2.847000e-05	-4.914297e-02	4.861503e+00
2.848000e-05	2.080705e-02	5.080378e+00
2.849000e-05	-1.956167e-02	5.303035e+00
2.850000e-05	-4.857441e-03	5.412031e+00
2.851000e-05	-1.120444e-03	5.629419e+00
2.852000e-05	-2.822703e-03	5.727793e+00
2.853000e-05	-2.172185e-02	5.947790e+00
2.854000e-05	-3.972986e-02	6.084063e+00
2.855000e-05	1.547253e-02	6.229380e+00
2.856000e-05	-7.611593e-03	6.397772e+00
2.857000e-05	-2.752325e-02	6.462638e+00
2.858000e-05	1.355188e-03	6.650958e+00
2.859000e-05	-2.781165e-02	6.830479e+00
2.860000e-05	-1.079856e-02	6.946747e+00
2.861000e-05	-1.749003e-02	7.043009e+00
2.862000e-05	-1.548536e-02	7.179348e+00
2.863000e-05	1.570230e-03	7.234158e+00
2.864000e-05	-2.660945e-02	7.433564e+00
2.865000e-05	-1.550455e-02	7.621928e+00
2.866000e-05	-2.179771e-02	7.717795e+00
2.867000e-05	-7.201692e-03	7.884584e+00
2.868000e-05	-2.374011e-02	8.009852e+00
2.869000e-05	-2.090041e-02	8.095743e+00
2.870000e-05	-6.939102e-03	8.252533e+00
2.871000e-05	-2.100564e-02	8.356746e+00
2.872000e-05	-2.080467e-02	8.431556e+00
2.873000e-05	-2.476734e-02	8.496241e+00
2.874000e-05	-1.437216e-02	8.609450e+00
2.875000e-05	-2.314292e-02	8.664636e+00
2.876000e-05	-2.384736e-02	8.808906e+00
2.877000e-05	-1.887612e-02	8.882035e+00
2.878000e-05	-2.141941e-02	8.957325e+00
2.879000e-05	-2.462724e-02	9.094040e+00
2.880000e-05	-2.445137e-02	9.229900e+00
2.881000e-05	-1.943923e-02	9.242055e+00
2.882000e-05	-2.487606e-02	9.336189e+00
2.883000e-05	-2.721508e-02	9.389483e+00
2.884000e-05	-2.456715e-02	9.463160e+00
2.885000e-05	-2.301735e-02	9.505819e+00
2.886000e-05	-2.835797e-02	9.528798e+00
2.887000e-05	-2.842671e-02	9.610002e+00
2.888000e-05	-2.576731e-02	9.642586e+00
2.889000e-05	-2.718638e-02	9.705691e+00
2.890000e-05	-2.836296e-02	9.725852e+00
2.891000e-05	-2.950008e-02	9.822006e+00
2.892000e-05	-2.925795e-02	9.853614e+00
2.893000e-05	-3.192221e-02	9.875171e+00
2.894000e-05	-2.994034e-02	9.918349e+00
2.895000e-05	-3.013795e-02	9.958951e+00
2.896000e-05	-3.210915e-02	9.989028e+00
2.897000e-05	-3.603506e-02	1.003103e+01
2.898000e-05	-3.272026e-02	1.003211e+01
2.899000e-05	-3.266666e-02	1.004166e+01
2.900000e-05	-3.517902e-02	1.006313e+01
2.901000e-05	-3.530601e-02	1.006266e+01
2.902000e-05	-3.581860e-02	1.006366e+01
2.903000e-05	-3.754578e-02	1.005211e+01
2.904000e-05	-3.913010e-02	1.006364e+01
2.905000e-05	-3.901756e-02	1.005266e+01
2.906000e-05	-3.904565e-02	1.004311e+01
2.907000e-05	-3.992799e-02	1.004356e+01
2.908000e-05	-4.018543e-02	1.002253e+01
2.909000e-05	-4.123803e-02	1.000063e+01
2.910000e-05	-4.284704e-02	1.002003e+01
2.911000e-05	-4.416948e-02	9.987481e+00
2.912000e-05	-4.503817e-02	9.899369e+00
2.913000e-05	-4.560610e-02	9.875367e+00
2.914000e-05	-4.763287e-02	9.863639e+00
2.915000e-05	-4.790399e-02	9.761110e+00
2.916000e-05	-5.009258e-02	9.756877e+00
2.917000e-05	-5.201385e-02	9.673672e+00
2.918000e-05	-5.451115e-02	9.601132e+00
2.919000e-05	-5.402528e-02	9.568896e+00
2.920000e-05	-5.544829e-02	9.464792e+00
2.921000e-05	-5.718332e-02	9.422686e+00
2.922000e-05	-5.718979e-02	9.348378e+00
2.923000e-05	-5.726409e-02	9.315320e+00
2.924000e-05	-5.854739e-02	9.213114e+00
2.925000e-05	-5.804763e-02	9.189975e+00
2.926000e-05	-5.673240e-02	9.086794e+00
2.927000e-05	-5.543354e-02	9.002111e+00
2.928000e-05	-5.508869e-02	8.884824e+00
2.929000e-05	-5.325160e-02	8.779984e+00
2.930000e-05	-5.042653e-02	8.717770e+00
2.931000e-05	-4.944424e-02	8.621583e+00
2.932000e-05	-4.896988e-02	8.516345e+00
2.933000e-05	-4.666463e-02	8.442213e+00
2.934000e-05	-4.413984e-02	8.359006e+00
2.935000e-05	-4.325822e-02	8.263812e+00
2.936000e-05	-4.184588e-02	8.097977e+00
2.937000e-05	-3.975372e-02	8.042582e+00
2.938000e-05	-3.789716e-02	7.876392e+00
2.939000e-05	-3.593236e-02	7.779558e+00
2.940000e-05	-3.485442e-02	7.673347e+00
2.941000e-05	-3.385919e-02	7.559002e+00
2.942000e-05	-3.285840e-02	7.390112e+00
2.943000e-05	-3.050962e-02	7.211613e+00
2.944000e-05	-2.964424e-02	7.055895e+00
2.945000e-05	-2.899142e-02	6.961554e+00
2.946000e-05	-2.766104e-02	6.842188e+00
2.947000e-05	-2.669431e-02	6.728921e+00
2.948000e-05	-2.513568e-02	6.537027e+00
2.949000e-05	-2.471014e-02	6.381558e+00
2.950000e-05	-2.328687e-02	6.213836e+00
2.951000e-05	-2.212427e-02	6.097370e+00
2.952000e-05	-2.239548e-02	5.980581e+00
2.953000e-05	-2.123980e-02	5.802790e+00
2.954000e-05	-2.057597e-02	5.622765e+00
2.955000e-05	-1.976567e-02	5.474770e+00
2.956000e-05	-1.939857e-02	5.325851e+00
2.957000e-05	-1.910756e-02	5.130576e+00
2.958000e-05	-1.627334e-02	4.896076e+00
2.959000e-05	-1.761397e-02	4.748606e+00
2.960000e-05	-1.614956e-02	4.601205e+00
2.961000e-05	-1.583148e-02	4.452789e+00
2.962000e-05	-1.401711e-02	4.317421e+00
2.963000e-05	-1.537774e-02	4.066349e+00
2.964000e-05	-1.411509e-02	3.937923e+00
2.965000e-05	-1.342236e-02	3.739606e+00
2.966000e-05	-1.265397e-02	3.612706e+00
2.967000e-05	-1.178541e-02	3.453321e+00
2.968000e-05	-1.116678e-02	3.222692e+00
2.969000e-05	-1.130760e-02	3.084396e+00
2.970000e-05	-1.060724e-02	2.887945e+00
2.971000e-05	-1.150640e-02	2.769501e+00
2.972000e-05	-9.462486e-03	2.568034e+00
2.973000e-05	-1.024595e-02	2.346971e+00
2.974000e-05	-9.632241e-03	2.140628e+00
2.975000e-05	-9.454639e-03	2.031630e+00
2.976000e-05	-8.246528e-03	1.815313e+00
2.977000e-05	-7.556751e-03	1.642239e+00
2.978000e-05	-6.518930e-03	1.413210e+00
2.979000e-05	-5.741761e-03	1.234338e+00
2.980000e-05	-5.806015e-03	1.002358e+00
2.981000e-05	-6.414737e-03	7.805815e-01
2.982000e-05	-6.199120e-03	6.022141e-01
2.983000e-05	-5.627842e-03	4.842855e-01
2.984000e-05	-4.605529e-03	2.759171e-01
2.985000e-05	-4.512992e-03	8.418704e-02
2.986000e-05	1.491728e-04	-1.140841e-01
2.987000e-05	2.876620e-03	-2.919754e-01
2.988000e-05	-1.490122e-03	-4.004474e-01
2.989000e-05	2.096843e-03	-5.993459e-01
2.990000e-05	-1.215295e-03	-7.693446e-01
2.991000e-05	9.859572e-04	-9.667370e-01
2.992000e-05	-2.155894e-04	-1.104560e+00
2.993000e-05	1.542208e-02	-1.291430e+00
2.994000e-05	7.438146e-02	-1.515557e+00
2.995000e-05	4.903905e-03	-1.725584e+00
2.996000e-05	-5.616750e-02	-1.986716e+00
2.997000e-05	-2.545567e-02	-2.197927e+00
2.998000e-05	-9.188073e-02	-2.397895e+00
2.999000e-05	1.010787e-01	-2.410001e+00
3.000000e-05	6.197693e-02	-2.544634e+00
3.001000e-05	-1.556432e-01	-2.808242e+00
3.002000e-05	1.792118e-01	-2.893126e+00
3.003000e-05	-1.931854e-02	-3.083400e+00
3.004000e-05	-1.333733e-01	-3.335634e+00
3.005000e-05	1.682808e-01	-3.483482e+00
3.006000e-05	-5.318268e-02	-3.588925e+00
3.007000e-05	-5.278768e-02	-3.889371e+00
3.008000e-05	1.569440e-01	-3.989347e+00
3.009000e-05	-1.348627e-01	-4.169195e+00
3.010000e-05	7.735217e-02	-4.367842e+00
3.011000e-05	3.891521e-03	-4.493002e+00
3.012000e-05	-8.620349e-02	-4.675485e+00
3.013000e-05	1.417323e-01	-4.821027e+00
3.014000e-05	-7.916440e-02	-5.020299e+00
3.015000e-05	1.868647e-02	-5.179319e+00
3.016000e-05	6.274344e-02	-5.369166e+00
3.017000e-05	-4.364753e-02	-5.600822e+00
3.018000e-05	6.164956e-02	-5.696163e+00
3.019000e-05	-7.555439e-02	-5.872985e+00
3.020000e-05	6.859686e-02	-6.019975e+00
3.021000e-05	2.029525e-02	-6.115720e+00
3.022000e-05	-4.558643e-02	-6.338288e+00
3.023000e-05	9.146711e-02	-6.462584e+00
3.024000e-05	-5.506077e-02	-6.620976e+00
3.025000e-05	3.879666e-02	-6.767321e+00
3.026000e-05	-1.087087e-02	-6.832031e+00
3.027000e-05	1.363338e-02	-7.061512e+00
3.028000e-05	6.972702e-02	-7.219773e+00
3.029000e-05	-5.382726e-02	-7.294692e+00
3.030000e-05	4.188770e-02	-7.440981e+00
3.031000e-05	-2.975832e-03	-7.565741e+00
3.032000e-05	3.176621e-02	-7.693030e+00
3.033000e-05	3.211867e-03	-7.851852e+00
3.034000e-05	7.976097e-04	-7.989900e+00
3.035000e-05	4.878159e-02	-8.082563e+00
3.036000e-05	-1.560524e-02	-8.189822e+00
3.037000e-05	2.744550e-02	-8.294113e+00
3.038000e-05	8.117094e-03	-8.379799e+00
3.039000e-05	3.248458e-02	-8.485030e+00
3.040000e-05	2.724630e-03	-8.598823e+00
3.041000e-05	8.256751e-03	-8.745788e+00
3.042000e-05	3.576157e-02	-8.810923e+00
3.043000e-05	1.290560e-02	-8.882661e+00
3.044000e-05	1.730014e-02	-8.957425e+00
3.045000e-05	1.124295e-02	-9.042530e+00
3.046000e-05	3.180932e-02	-9.126240e+00
3.047000e-05	1.489033e-02	-9.159947e+00
3.048000e-05	1.595133e-02	-9.231562e+00
3.049000e-05	2.425443e-02	-9.345192e+00
3.050000e-05	2.306078e-02	-9.421433e+00
3.051000e-05	1.754450e-02	-9.424717e+00
3.052000e-05	1.925493e-02	-9.557344e+00
3.053000e-05	3.012107e-02	-9.608979e+00
3.054000e-05	2.207027e-02	-9.664057e+00
3.055000e-05	2.271559e-02	-9.695689e+00
3.056000e-05	2.184318e-02	-9.716220e+00
3.057000e-05	2.655461e-02	-9.758826e+00
3.058000e-05	2.317518e-02	-9.810930e+00
3.059000e-05	2.577451e-02	-9.793008e+00
3.060000e-05	2.814775e-02	-9.833082e+00
3.061000e-05	2.470095e-02	-9.884667e+00
3.062000e-05	2.550213e-02	-9.915742e+00
3.063000e-05	2.901894e-02	-9.905691e+00
3.064000e-05	2.940756e-02	-9.927271e+00
3.065000e-05	2.621895e-02	-9.938343e+00
3.066000e-05	2.972412e-02	-9.957396e+00
3.067000e-05	3.202084e-02	-9.989398e+00
3.068000e-05	3.154971e-02	-9.969374e+00
3.069000e-05	2.853340e-02	-9.968849e+00
3.070000e-05	3.145858e-02	-9.958899e+00
3.071000e-05	3.417934e-02	-9.980350e+00
3.072000e-05	3.369357e-02	-9.948343e+00
3.073000e-05	3.580230e-02	-9.926893e+00
3.074000e-05	3.595484e-02	-9.955796e+00
3.075000e-05	3.543025e-02	-9.896270e+00
3.076000e-05	3.547943e-02	-9.885214e+00
3.077000e-05	3.974173e-02	-9.875659e+00
3.078000e-05	4.070645e-02	-9.843053e+00
3.079000e-05	4.014722e-02	-9.810506e+00
3.080000e-05	4.145708e-02	-9.756920e+00
3.081000e-05	4.347242e-02	-9.714792e+00
3.082000e-05	4.571683e-02	-9.683164e+00
3.083000e-05	4.633084e-02	-9.642111e+00
3.084000e-05	4.754402e-02	-9.609999e+00
3.085000e-05	4.980151e-02	-9.516896e+00
3.086000e-05	4.908604e-02	-9.424638e+00
3.087000e-05	5.177588e-02	-9.368381e+00
3.088000e-05	5.293020e-02	-9.266215e+00
3.089000e-05	5.137241e-02	-9.180630e+00
3.090000e-05	5.096162e-02	-9.137368e+00
3.091000e-05	5.082656e-02	-9.062187e+00
3.092000e-05	5.268992e-02	-8.990470e+00
3.093000e-05	5.064532e-02	-8.877864e+00
3.094000e-05	4.744153e-02	-8.852081e+00
3.095000e-05	4.493731e-02	-8.748471e+00
3.096000e-05	4.391493e-02	-8.675263e+00
3.097000e-05	4.310541e-02	-8.550446e+00
3.098000e-05	4.219022e-02	-8.432636e+00
3.099000e-05	3.940697e-02	-8.338346e+00
3.100000e-05	3.757677e-02	-8.233234e+00
3.101000e-05	3.595928e-02	-8.157923e+00
3.102000e-05	3.479832e-02	-8.053160e+00
3.103000e-05	3.226497e-02	-7.980025e+00
3.104000e-05	3.168143e-02	-7.782663e+00
3.105000e-05	3.024406e-02	-7.685292e+00
3.106000e-05	2.859243e-02	-7.547921e+00
3.107000e-05	2.651552e-02	-7.392609e+00
3.108000e-05	2.601877e-02	-7.244242e+00
3.109000e-05	2.383419e-02	-7.169453e+00
3.110000e-05	2.172120e-02	-6.993189e+00
3.111000e-05	2.154735e-02	-6.852659e+00
3.112000e-05	2.050225e-02	-6.739393e+00
3.113000e-05	2.011125e-02	-6.560557e+00
3.114000e-05	1.902843e-02	-6.433137e+00
3.115000e-05	1.715318e-02	-6.307420e+00
3.116000e-05	1.653573e-02	-6.120479e+00
3.117000e-05	1.500975e-02	-5.958979e+00
3.118000e-05	1.444039e-02	-5.863762e+00
3.119000e-05	1.264922e-02	-5.705873e+00
3.120000e-05	1.219562e-02	-5.549047e+00
3.121000e-05	1.068445e-02	-5.382609e+00
3.122000e-05	1.104257e-02	-5.170502e+00
3.123000e-05	1.047658e-02	-5.011559e+00
3.124000e-05	9.326945e-03	-4.831835e+00
3.125000e-05	9.429460e-03	-4.641210e+00
3.126000e-05	8.484079e-03	-4.496792e+00
3.127000e-05	7.474411e-03	-4.328025e+00
3.128000e-05	4.922028e-03	-4.202053e+00
3.129000e-05	6.816463e-03	-4.073587e+00
3.130000e-05	5.491729e-03	-3.874843e+00
3.131000e-05	6.158459e-03	-3.655293e+00
3.132000e-05	3.573040e-03	-3.515444e+00
3.133000e-05	5.369295e-03	-3.338000e+00
3.134000e-05	4.431041e-03	-3.180554e+00
3.135000e-05	3.978697e-03	-2.970705e+00
3.136000e-05	2.444482e-03	-2.791529e+00
3.137000e-05	2.368101e-03	-2.652762e+00
3.138000e-05	6.954561e-04	-2.414631e+00
3.139000e-05	1.029929e-03	-2.255893e+00
3.140000e-05	5.128164e-04	-2.072868e+00
3.141000e-05	1.162424e-03	-1.895819e+00
3.142000e-05	-1.972268e-04	-1.725945e+00
3.143000e-05	-6.675008e-05	-1.591005e+00
3.144000e-05	-8.081618e-04	-1.257493e+00
3.145000e-05	-1.914594e-03	-1.115867e+00
3.146000e-05	-1.960780e-03	-9.064408e-01
3.147000e-05	-1.720131e-03	-7.490724e-01
3.148000e-05	-3.010202e-03	-5.084962e-01
3.149000e-05	-3.746805e-03	-3.580235e-01
3.150000e-05	-3.428812e-03	-1.491013e-01
3.151000e-05	-1.236566e-03	-3.268020e-02
3.152000e-05	2.258337e-03	1.572147e-01
3.153000e-05	-6.172784e-04	3.673972e-01
3.154000e-05	-1.548490e-03	4.856606e-01
3.155000e-05	-2.302746e-05	6.726104e-01
3.156000e-05	-4.253527e-03	8.010526e-01
3.157000e-05	-4.772086e-03	9.998261e-01
3.158000e-05	-2.676385e-03	1.220000e+00
3.159000e-05	8.900039e-03	1.391349e+00
3.160000e-05	4.708842e-02	1.709347e+00
3.161000e-05	4.082912e-02	1.852505e+00
3.162000e-05	-5.815782e-02	2.061000e+00
3.163000e-05	-3.333116e-02	2.281929e+00
3.164000e-05	-5.940135e-02	2.400873e+00
3.165000e-05	-5.710144e-02	2.496138e+00
3.166000e-05	1.216282e-01	2.714185e+00
3.167000e-05	-1.746146e-02	2.851533e+00
3.168000e-05	-9.690266e-02	2.997347e+00
3.169000e-05	1.579965e-01	3.157762e+00
3.170000e-05	-1.115413e-01	3.364747e+00
3.171000e-05	-3.698139e-02	3.567742e+00
3.172000e-05	9.740331e-02	3.663057e+00
3.173000e-05	-9.102797e-02	3.892030e+00
3.174000e-05	1.911456e-03	4.032055e+00
3.175000e-05	5.164268e-02	4.212876e+00
3.176000e-05	-6.772859e-02	4.440425e+00
3.177000e-05	2.141864e-02	4.587349e+00
3.178000e-05	-2.980364e-02	4.776819e+00
3.179000e-05	-2.256260e-02	4.956666e+00
3.180000e-05	1.380702e-02	5.178272e+00
3.181000e-05	-2.634014e-02	5.367720e+00
3.182000e-05	7.669545e-03	5.496117e+00
3.183000e-05	-7.814712e-03	5.642483e+00
3.184000e-05	-4.866018e-03	5.810954e+00
3.185000e-05	-3.588523e-02	5.990449e+00
3.186000e-05	-1.820947e-02	6.118241e+00
3.187000e-05	2.437847e-02	6.283560e+00
3.188000e-05	-3.596089e-02	6.431925e+00
3.189000e-05	-3.511306e-03	6.567723e+00
3.190000e-05	-1.500418e-02	6.756818e+00
3.191000e-05	-2.048081e-02	6.864659e+00
3.192000e-05	-8.314522e-03	6.980377e+00
3.193000e-05	-2.362247e-02	7.095616e+00
3.194000e-05	-1.122246e-04	7.220980e+00
3.195000e-05	-1.509420e-02	7.355797e+00
3.196000e-05	-2.148829e-02	7.517771e+00
3.197000e-05	-1.927876e-02	7.671587e+00
3.198000e-05	-1.093487e-02	7.790376e+00
3.199000e-05	-1.399731e-02	7.917120e+00
3.200000e-05	-2.673314e-02	8.083635e+00
3.201000e-05	-1.388804e-02	8.178826e+00
3.202000e-05	-1.159863e-02	8.295614e+00
3.203000e-05	-2.424943e-02	8.399474e+00
3.204000e-05	-2.200862e-02	8.453038e+00
3.205000e-05	-1.880498e-02	8.516345e+00
3.206000e-05	-1.557062e-02	8.642079e+00
3.207000e-05	-2.544608e-02	8.736220e+00
3.208000e-05	-2.244811e-02	8.810456e+00
3.209000e-05	-1.770657e-02	8.896788e+00
3.210000e-05	-2.518237e-02	9.001884e+00
3.211000e-05	-2.514783e-02	9.157769e+00
3.212000e-05	-2.160881e-02	9.229975e+00
3.213000e-05	-1.803351e-02	9.253160e+00
3.214000e-05	-2.742140e-02	9.346820e+00
3.215000e-05	-2.791683e-02	9.421529e+00
3.216000e-05	-2.247920e-02	9.463661e+00
3.217000e-05	-2.510598e-02	9.517769e+00
3.218000e-05	-2.831453e-02	9.580350e+00
3.219000e-05	-2.808563e-02	9.641582e+00
3.220000e-05	-2.477594e-02	9.673214e+00
3.221000e-05	-2.814375e-02	9.748300e+00
3.222000e-05	-2.801717e-02	9.780481e+00
3.223000e-05	-3.033883e-02	9.842112e+00
3.224000e-05	-3.102760e-02	9.855292e+00
3.225000e-05	-3.057196e-02	9.925742e+00
3.226000e-05	-2.977212e-02	9.957871e+00
3.227000e-05	-2.921034e-02	9.980999e+00
3.228000e-05	-3.516923e-02	1.000056e+01
3.229000e-05	-3.481527e-02	1.006101e+01
3.230000e-05	-3.307736e-02	1.003311e+01
3.231000e-05	-3.388822e-02	1.005211e+01
3.232000e-05	-3.666156e-02	1.008213e+01
3.233000e-05	-3.522075e-02	1.005359e+01
3.234000e-05	-3.600110e-02	1.005312e+01
3.235000e-05	-3.766134e-02	1.007366e+01
3.236000e-05	-3.887034e-02	1.005316e+01
3.237000e-05	-3.821153e-02	1.006361e+01
3.238000e-05	-3.921696e-02	1.003166e+01
3.239000e-05	-4.182650e-02	1.004208e+01
3.240000e-05	-4.109161e-02	1.006304e+01
3.241000e-05	-4.229313e-02	9.980029e+00
3.242000e-05	-4.344526e-02	9.960501e+00
3.243000e-05	-4.364991e-02	9.939496e+00
3.244000e-05	-4.424145e-02	9.876368e+00
3.245000e-05	-4.578484e-02	9.873219e+00
3.246000e-05	-4.929576e-02	9.783563e+00
3.247000e-05	-5.005142e-02	9.726433e+00
3.248000e-05	-5.083010e-02	9.686272e+00
3.249000e-05	-5.193335e-02	9.634107e+00
3.250000e-05	-5.418523e-02	9.539554e+00
3.251000e-05	-5.528229e-02	9.517895e+00
3.252000e-05	-5.532925e-02	9.493738e+00
3.253000e-05	-5.828014e-02	9.401057e+00
3.254000e-05	-5.833957e-02	9.316471e+00
3.255000e-05	-5.789919e-02	9.243691e+00
3.256000e-05	-5.745657e-02	9.242633e+00
3.257000e-05	-5.756404e-02	9.108470e+00
3.258000e-05	-5.621775e-02	8.984718e+00
3.259000e-05	-5.548035e-02	8.904977e+00
3.260000e-05	-5.500631e-02	8.852642e+00
3.261000e-05	-5.334887e-02	8.779450e+00
3.262000e-05	-5.075793e-02	8.644217e+00
3.263000e-05	-4.972248e-02	8.531054e+00
3.264000e-05	-4.584152e-02	8.474716e+00
3.265000e-05	-4.561623e-02	8.431556e+00
3.266000e-05	-4.399988e-02	8.286922e+00
3.267000e-05	-4.362816e-02	8.190586e+00
3.268000e-05	-3.942138e-02	8.025344e+00
3.269000e-05	-3.910684e-02	7.959025e+00
3.270000e-05	-3.735776e-02	7.821740e+00
3.271000e-05	-3.720233e-02	7.698420e+00
3.272000e-05	-3.362159e-02	7.611610e+00
3.273000e-05	-3.355538e-02	7.415318e+00
3.274000e-05	-3.062424e-02	7.346797e+00
3.275000e-05	-3.083252e-02	7.148480e+00
3.276000e-05	-2.831121e-02	7.033238e+00
3.277000e-05	-2.834689e-02	6.916448e+00
3.278000e-05	-2.795337e-02	6.801580e+00
3.279000e-05	-2.660707e-02	6.663741e+00
3.280000e-05	-2.435676e-02	6.454776e+00
3.281000e-05	-2.338026e-02	6.327424e+00
3.282000e-05	-2.260157e-02	6.241607e+00
3.283000e-05	-2.176185e-02	6.025265e+00
3.284000e-05	-2.173924e-02	5.957979e+00
3.285000e-05	-2.133737e-02	5.711433e+00
3.286000e-05	-2.117534e-02	5.520628e+00
3.287000e-05	-1.932942e-02	5.431658e+00
3.288000e-05	-1.739291e-02	5.243268e+00
3.289000e-05	-1.771946e-02	5.005442e+00
3.290000e-05	-1.885910e-02	4.795739e+00
3.291000e-05	-1.782188e-02	4.673292e+00
3.292000e-05	-1.570308e-02	4.527498e+00
3.293000e-05	-1.439296e-02	4.410580e+00
3.294000e-05	-1.415527e-02	4.211786e+00
3.295000e-05	-1.400435e-02	3.982184e+00
3.296000e-05	-1.261369e-02	3.844317e+00
3.297000e-05	-1.267272e-02	3.667367e+00
3.298000e-05	-1.312001e-02	3.559079e+00
3.299000e-05	-1.201494e-02	3.299651e+00
3.300000e-05	-1.065489e-02	3.140547e+00
3.301000e-05	-1.034936e-02	2.980733e+00
3.302000e-05	-1.157635e-02	2.853264e+00
3.303000e-05	-9.094614e-03	2.726342e+00
3.304000e-05	-9.118292e-03	2.443789e+00
3.305000e-05	-9.453429e-03	2.284841e+00
3.306000e-05	-9.032356e-03	2.085395e+00
3.307000e-05	-7.832013e-03	1.928521e+00
3.308000e-05	-6.847050e-03	1.777995e+00
3.309000e-05	-7.468184e-03	1.519072e+00
3.310000e-05	-7.638327e-03	1.329050e+00
3.311000e-05	-7.145205e-03	1.120600e+00
3.312000e-05	-7.091605e-03	8.660921e-01
3.313000e-05	-5.875288e-03	7.279459e-01
3.314000e-05	-5.456916e-03	5.074725e-01
3.315000e-05	-3.412839e-03	3.710539e-01
3.316000e-05	-4.406337e-03	2.101828e-01
3.317000e-05	-2.245492e-03	-4.937142e-02
3.318000e-05	3.335636e-03	-1.983159e-01
3.319000e-05	7.526524e-04	-3.371893e-01
3.320000e-05	-5.587277e-04	-5.050792e-01
3.321000e-05	1.044846e-03	-7.345543e-01
3.322000e-05	-8.953267e-04	-8.535565e-01
3.323000e-05	-6.459737e-04	-1.018325e+00
3.324000e-05	3.535746e-03	-1.187795e+00
3.325000e-05	3.895310e-02	-1.405217e+00
3.326000e-05	7.845497e-02	-1.588167e+00
3.327000e-05	-5.927278e-02	-1.870846e+00
3.328000e-05	-1.691730e-02	-2.113503e+00
3.329000e-05	-7.598427e-02	-2.343729e+00
3.330000e-05	-2.959263e-02	-2.400500e+00
3.331000e-05	1.620174e-01	-2.451552e+00
3.332000e-05	-9.255874e-02	-2.700879e+00
3.333000e-05	-4.096786e-02	-2.881477e+00
3.334000e-05	1.547019e-01	-2.945639e+00
3.335000e-05	-1.881518e-01	-3.208788e+00
3.336000e-05	2.247975e-02	-3.391321e+00
3.337000e-05	1.219600e-01	-3.514588e+00
3.338000e-05	-1.405720e-01	-3.743058e+00
3.339000e-05	1.110475e-01	-3.975106e+00
3.340000e-05	2.552883e-02	-4.061930e+00
3.341000e-05	-9.793791e-02	-4.264083e+00
3.342000e-05	1.259057e-01	-4.368400e+00
3.343000e-05	-1.141432e-01	-4.599167e+00
3.344000e-05	4.997357e-02	-4.798318e+00
3.345000e-05	7.107056e-02	-4.874082e+00
3.346000e-05	-1.019503e-01	-5.112934e+00
3.347000e-05	1.080802e-01	-5.292508e+00
3.348000e-05	-2.751099e-02	-5.533304e+00
3.349000e-05	2.466360e-02	-5.642053e+00
3.350000e-05	-1.616056e-04	-5.788771e+00
3.351000e-05	-4.646220e-02	-5.977268e+00
3.352000e-05	1.064458e-01	-6.072528e+00
3.353000e-05	-6.468901e-02	-6.231453e+00
3.354000e-05	4.479272e-02	-6.412424e+00
3.355000e-05	2.985415e-02	-6.576193e+00
3.356000e-05	-3.918800e-02	-6.724613e+00
3.357000e-05	5.143345e-02	-6.809449e+00
3.358000e-05	-4.579430e-02	-6.956071e+00
3.359000e-05	8.217469e-02	-7.187663e+00
3.360000e-05	-3.198866e-03	-7.261002e+00
3.361000e-05	-1.705652e-02	-7.347295e+00
3.362000e-05	3.300073e-02	-7.493157e+00
3.363000e-05	-2.957947e-03	-7.640877e+00
3.364000e-05	4.056104e-02	-7.695672e+00
3.365000e-05	-2.158697e-02	-7.965014e+00
3.366000e-05	4.074574e-02	-8.030978e+00
3.367000e-05	1.572094e-02	-8.095117e+00
3.368000e-05	-5.325472e-04	-8.251955e+00
3.369000e-05	2.484404e-02	-8.355217e+00
3.370000e-05	1.193749e-02	-8.421002e+00
3.371000e-05	2.861225e-02	-8.505190e+00
3.372000e-05	-8.959129e-03	-8.673859e+00
3.373000e-05	3.012345e-02	-8.777238e+00
3.374000e-05	2.423321e-02	-8.842082e+00
3.375000e-05	1.381479e-02	-8.935322e+00
3.376000e-05	1.388763e-02	-9.040000e+00
3.377000e-05	1.929605e-02	-9.104164e+00
3.378000e-05	2.880288e-02	-9.177296e+00
3.379000e-05	9.011811e-03	-9.230426e+00
3.380000e-05	2.381171e-02	-9.274109e+00
3.381000e-05	2.437772e-02	-9.307848e+00
3.382000e-05	2.065898e-02	-9.451484e+00
3.383000e-05	1.573887e-02	-9.495674e+00
3.384000e-05	2.576563e-02	-9.559829e+00
3.385000e-05	2.746393e-02	-9.641555e+00
3.386000e-05	1.951887e-02	-9.683638e+00
3.387000e-05	2.291424e-02	-9.684718e+00
3.388000e-05	2.517688e-02	-9.768248e+00
3.389000e-05	2.611895e-02	-9.787900e+00
3.390000e-05	2.199992e-02	-9.840129e+00
3.391000e-05	2.767289e-02	-9.853583e+00
3.392000e-05	2.719161e-02	-9.853664e+00
3.393000e-05	2.516189e-02	-9.905689e+00
3.394000e-05	2.773908e-02	-9.896790e+00
3.395000e-05	2.926252e-02	-9.905745e+00
3.396000e-05	2.681717e-02	-9.936821e+00
3.397000e-05	2.816087e-02	-9.947370e+00
3.398000e-05	3.155180e-02	-9.969321e+00
3.399000e-05	3.184808e-02	-9.967851e+00
3.400000e-05	2.868098e-02	-9.938927e+00
3.401000e-05	3.086220e-02	-9.967897e+00
3.402000e-05	3.316268e-02	-9.959895e+00
3.403000e-05	3.207325e-02	-9.998874e+00
3.404000e-05	3.295023e-02	-9.898349e+00
3.405000e-05	3.667800e-02	-9.945770e+00
3.406000e-05	3.641580e-02	-9.876797e+00
3.407000e-05	3.510616e-02	-9.894316e+00
3.408000e-05	3.702325e-02	-9.865214e+00
3.409000e-05	4.081343e-02	-9.833559e+00
3.410000e-05	3.985351e-02	-9.831432e+00
3.411000e-05	4.027829e-02	-9.761402e+00
3.412000e-05	4.294873e-02	-9.728426e+00
3.413000e-05	4.433555e-02	-9.715238e+00
3.414000e-05	4.466411e-02	-9.633712e+00
3.415000e-05	4.594939e-02	-9.642583e+00
3.416000e-05	4.943939e-02	-9.558477e+00
3.417000e-05	4.979893e-02	-9.487792e+00
3.418000e-05	5.058606e-02	-9.380080e+00
3.419000e-05	5.248900e-02	-9.297271e+00
3.420000e-05	5.171366e-02	-9.273684e+00
3.421000e-05	5.048691e-02	-9.171501e+00
3.422000e-05	5.052702e-02	-9.097273e+00
3.423000e-05	5.068805e-02	-9.012562e+00
3.424000e-05	5.005390e-02	-8.958322e+00
3.425000e-05	4.876435e-02	-8.874187e+00
3.426000e-05	4.824760e-02	-8.812054e+00
3.427000e-05	4.587322e-02	-8.717396e+00
3.428000e-05	4.277453e-02	-8.602083e+00
3.429000e-05	4.193002e-02	-8.504817e+00
3.430000e-05	4.095835e-02	-8.371529e+00
3.431000e-05	3.881825e-02	-8.316319e+00
3.432000e-05	3.668451e-02	-8.172050e+00
3.433000e-05	3.520149e-02	-8.118346e+00
3.434000e-05	3.452572e-02	-7.999556e+00
3.435000e-05	3.192859e-02	-7.927222e+00
3.436000e-05	3.105693e-02	-7.740604e+00
3.437000e-05	2.927540e-02	-7.622634e+00
3.438000e-05	2.756687e-02	-7.483816e+00
3.439000e-05	2.535103e-02	-7.349976e+00
3.440000e-05	2.504916e-02	-7.190533e+00
3.441000e-05	2.400571e-02	-7.094421e+00
3.442000e-05	2.184980e-02	-6.928521e+00
3.443000e-05	2.035176e-02	-6.780050e+00
3.444000e-05	2.012828e-02	-6.693315e+00
3.445000e-05	1.943187e-02	-6.507501e+00
3.446000e-05	1.785314e-02	-6.421078e+00
3.447000e-05	1.701593e-02	-6.254167e+00
3.448000e-05	1.695519e-02	-6.042746e+00
3.449000e-05	1.424586e-02	-5.946868e+00
3.450000e-05	1.394900e-02	-5.782553e+00
3.451000e-05	1.240582e-02	-5.633209e+00
3.452000e-05	1.224078e-02	-5.456363e+00
3.453000e-05	1.016557e-02	-5.265812e+00
3.454000e-05	9.984589e-03	-5.106794e+00
3.455000e-05	1.062142e-02	-4.897450e+00
3.456000e-05	8.974322e-03	-4.749018e+00
3.457000e-05	8.667470e-03	-4.538474e+00
3.458000e-05	6.930347e-03	-4.473109e+00
3.459000e-05	8.010240e-03	-4.305841e+00
3.460000e-05	5.212502e-03	-4.136897e+00
3.461000e-05	6.345154e-03	-3.989905e+00
3.462000e-05	4.266134e-03	-3.780108e+00
3.463000e-05	5.335261e-03	-3.610603e+00
3.464000e-05	3.939285e-03	-3.421712e+00
3.465000e-05	4.516234e-03	-3.264262e+00
3.466000e-05	3.832182e-03	-3.105916e+00
3.467000e-05	2.364072e-03	-2.884341e+00
3.468000e-05	3.030658e-03	-2.726370e+00
3.469000e-05	1.227324e-03	-2.517525e+00
3.470000e-05	2.596652e-03	-2.371049e+00
3.471000e-05	9.108373e-04	-2.191056e+00
3.472000e-05	7.186087e-04	-2.011580e+00
3.473000e-05	-7.312325e-04	-1.862707e+00
3.474000e-05	1.718978e-03	-1.632783e+00
3.475000e-05	-5.918246e-04	-1.474837e+00
3.476000e-05	-4.419557e-04	-1.232183e+00
3.477000e-05	-2.195297e-03	-1.012210e+00
3.478000e-05	-1.309472e-03	-8.311843e-01
3.479000e-05	-4.347808e-03	-6.838632e-01
3.480000e-05	-3.087671e-03	-4.422566e-01
3.481000e-05	-3.392284e-03	-2.847655e-01
3.482000e-05	-2.143856e-03	-1.159396e-01
3.483000e-05	-6.153165e-04	4.255632e-02
3.484000e-05	1.931883e-03	2.825542e-01
3.485000e-05	-3.712622e-03	4.408815e-01
3.486000e-05	6.411527e-04	6.093500e-01
3.487000e-05	-3.754261e-03	7.688208e-01
3.488000e-05	-2.264882e-03	8.825367e-01
3.489000e-05	-4.008264e-03	1.145661e+00
3.490000e-05	2.121716e-03	1.305137e+00
3.491000e-05	1.717525e-02	1.492586e+00
3.492000e-05	6.378191e-02	1.715718e+00
3.493000e-05	-1.106593e-02	1.924693e+00
3.494000e-05	-5.564801e-02	2.145662e+00
3.495000e-05	-3.778313e-02	2.314661e+00
3.496000e-05	-7.495302e-02	2.461976e+00
3.497000e-05	1.428154e-02	2.588299e+00
3.498000e-05	1.286324e-01	2.797769e+00
3.499000e-05	-1.452454e-01	2.896693e+00
3.500000e-05	5.665948e-02	3.022030e+00
3.501000e-05	6.060403e-02	3.231929e+00
3.502000e-05	-1.389275e-01	3.464555e+00
3.503000e-05	6.243092e-02	3.618924e+00
3.504000e-05	2.887264e-02	3.768743e+00
3.505000e-05	-1.013985e-01	3.946367e+00
3.506000e-05	8.256130e-02	4.104034e+00
3.507000e-05	-2.984460e-02	4.326641e+00
3.508000e-05	-3.038760e-02	4.474587e+00
3.509000e-05	1.872348e-02	4.660977e+00
3.510000e-05	-5.135893e-02	4.812059e+00
3.511000e-05	1.738706e-02	5.019933e+00
3.512000e-05	-1.360815e-02	5.231981e+00
3.513000e-05	-8.946204e-03	5.401383e+00
3.514000e-05	5.328931e-04	5.557800e+00
3.515000e-05	-4.878322e-03	5.688741e+00
3.516000e-05	-1.892715e-02	5.895642e+00
3.517000e-05	-4.169847e-02	6.051483e+00
3.518000e-05	1.093223e-02	6.188975e+00
3.519000e-05	5.794681e-04	6.367263e+00
3.520000e-05	-3.122703e-02	6.491756e+00
3.521000e-05	2.353699e-03	6.602383e+00
3.522000e-05	-2.680032e-02	6.820928e+00
3.523000e-05	-1.164982e-02	6.946342e+00
3.524000e-05	-1.688046e-02	7.053479e+00
3.525000e-05	-2.063090e-02	7.188822e+00
3.526000e-05	3.980439e-03	7.283062e+00
3.527000e-05	-2.379231e-02	7.432926e+00
3.528000e-05	-1.333443e-02	7.598926e+00
3.529000e-05	-2.207730e-02	7.737721e+00
3.530000e-05	-8.024317e-03	7.841064e+00
3.531000e-05	-2.253923e-02	7.979870e+00
3.532000e-05	-2.241082e-02	8.104668e+00
3.533000e-05	-8.418588e-03	8.221505e+00
3.534000e-05	-2.001347e-02	8.348845e+00
3.535000e-05	-2.135033e-02	8.431004e+00
3.536000e-05	-2.384961e-02	8.483716e+00
3.537000e-05	-1.380459e-02	8.578951e+00
3.538000e-05	-2.211574e-02	8.674187e+00
3.539000e-05	-2.391544e-02	8.768850e+00
3.540000e-05	-1.948168e-02	8.852585e+00
3.541000e-05	-2.157325e-02	8.906751e+00
3.542000e-05	-2.569169e-02	9.054663e+00
3.543000e-05	-2.426241e-02	9.159300e+00
3.544000e-05	-1.937458e-02	9.231584e+00
3.545000e-05	-2.556215e-02	9.288742e+00
3.546000e-05	-2.795146e-02	9.369824e+00
3.547000e-05	-2.349441e-02	9.463067e+00
3.548000e-05	-2.086674e-02	9.484687e+00
3.549000e-05	-2.840521e-02	9.557296e+00
3.550000e-05	-3.016164e-02	9.630478e+00
3.551000e-05	-2.678226e-02	9.622066e+00
3.552000e-05	-2.604512e-02	9.656220e+00
3.553000e-05	-2.877401e-02	9.740454e+00
3.554000e-05	-3.031850e-02	9.843530e+00
3.555000e-05	-2.806020e-02	9.783662e+00
3.556000e-05	-3.076180e-02	9.893745e+00
3.557000e-05	-2.942044e-02	9.937848e+00
3.558000e-05	-3.024284e-02	9.969873e+00
3.559000e-05	-3.100119e-02	9.940455e+00
3.560000e-05	-3.637037e-02	1.001998e+01
3.561000e-05	-3.484467e-02	1.003101e+01
3.562000e-05	-3.284172e-02	1.002204e+01
3.563000e-05	-3.374169e-02	1.004158e+01
3.564000e-05	-3.508881e-02	1.005259e+01
3.565000e-05	-3.400447e-02	1.006371e+01
3.566000e-05	-3.689063e-02	1.004264e+01
3.567000e-05	-3.942195e-02	1.006461e+01
3.568000e-05	-3.784924e-02	1.004164e+01
3.569000e-05	-3.785913e-02	1.006216e+01
3.570000e-05	-3.969638e-02	1.004309e+01
3.571000e-05	-4.116217e-02	1.000159e+01
3.572000e-05	-4.204894e-02	1.004153e+01
3.573000e-05	-4.261222e-02	9.962080e+00
3.574000e-05	-4.412718e-02	9.970977e+00
3.575000e-05	-4.441329e-02	9.938846e+00
3.576000e-05	-4.495048e-02	9.866323e+00
3.577000e-05	-4.687481e-02	9.791658e+00
3.578000e-05	-4.810968e-02	9.801036e+00
3.579000e-05	-5.015793e-02	9.756799e+00
3.580000e-05	-5.155850e-02	9.653749e+00
3.581000e-05	-5.445767e-02	9.580033e+00
3.582000e-05	-5.428465e-02	9.527448e+00
3.583000e-05	-5.465630e-02	9.474820e+00
3.584000e-05	-5.569597e-02	9.422109e+00
3.585000e-05	-5.721423e-02	9.390480e+00
3.586000e-05	-5.769799e-02	9.295843e+00
3.587000e-05	-5.871829e-02	9.232235e+00
3.588000e-05	-5.744216e-02	9.160506e+00
3.589000e-05	-5.716743e-02	9.077393e+00
3.590000e-05	-5.446532e-02	8.979586e+00
3.591000e-05	-5.557136e-02	8.876243e+00
3.592000e-05	-5.366041e-02	8.791055e+00
3.593000e-05	-5.265333e-02	8.705869e+00
3.594000e-05	-4.907757e-02	8.631685e+00
3.595000e-05	-4.929890e-02	8.466951e+00
3.596000e-05	-4.610046e-02	8.463161e+00
3.597000e-05	-4.500970e-02	8.399051e+00
3.598000e-05	-4.288591e-02	8.234739e+00
3.599000e-05	-4.151112e-02	8.120001e+00
3.600000e-05	-3.887650e-02	8.043135e+00
3.601000e-05	-3.723543e-02	7.897350e+00
3.602000e-05	-3.712726e-02	7.801530e+00
3.603000e-05	-3.641681e-02	7.653717e+00
3.604000e-05	-3.264390e-02	7.548509e+00
3.605000e-05	-3.122215e-02	7.400639e+00
3.606000e-05	-3.076915e-02	7.232683e+00
3.607000e-05	-3.020900e-02	7.085447e+00
3.608000e-05	-2.935375e-02	6.950554e+00
3.609000e-05	-2.793157e-02	6.854294e+00
3.610000e-05	-2.807065e-02	6.777497e+00
3.611000e-05	-2.616956e-02	6.508531e+00
3.612000e-05	-2.323810e-02	6.371661e+00
3.613000e-05	-2.147573e-02	6.233817e+00
3.614000e-05	-2.261673e-02	6.116849e+00
3.615000e-05	-2.301010e-02	5.979608e+00
3.616000e-05	-2.167293e-02	5.834393e+00
3.617000e-05	-2.074816e-02	5.643841e+00
3.618000e-05	-1.979093e-02	5.506418e+00
3.619000e-05	-1.896407e-02	5.317500e+00
3.620000e-05	-1.804038e-02	5.100078e+00
3.621000e-05	-1.690050e-02	4.930106e+00
3.622000e-05	-1.770818e-02	4.751075e+00
3.623000e-05	-1.772076e-02	4.612759e+00
3.624000e-05	-1.644891e-02	4.475841e+00
3.625000e-05	-1.536241e-02	4.297950e+00
3.626000e-05	-1.411620e-02	4.095951e+00
3.627000e-05	-1.351495e-02	3.938895e+00
3.628000e-05	-1.295937e-02	3.801103e+00
3.629000e-05	-1.315411e-02	3.632237e+00
3.630000e-05	-1.239156e-02	3.475366e+00
3.631000e-05	-1.120368e-02	3.265788e+00
3.632000e-05	-1.153346e-02	3.086843e+00
3.633000e-05	-1.161388e-02	2.926922e+00
3.634000e-05	-1.010263e-02	2.791052e+00
3.635000e-05	-8.488783e-03	2.581056e+00
3.636000e-05	-8.688419e-03	2.338073e+00
3.637000e-05	-9.932136e-03	2.189584e+00
3.638000e-05	-8.914166e-03	2.001707e+00
3.639000e-05	-8.206248e-03	1.854818e+00
3.640000e-05	-6.866412e-03	1.602814e+00
3.641000e-05	-6.807481e-03	1.455691e+00
3.642000e-05	-6.101410e-03	1.283888e+00
3.643000e-05	-6.421502e-03	1.024289e+00
3.644000e-05	-6.500429e-03	8.122340e-01
3.645000e-05	-6.508924e-03	6.542895e-01
3.646000e-05	-5.767820e-03	4.633395e-01
3.647000e-05	-4.556226e-03	3.369946e-01
3.648000e-05	-4.442654e-03	1.144495e-01
3.649000e-05	5.009922e-04	-1.125091e-01
3.650000e-05	3.585500e-03	-2.820264e-01
3.651000e-05	-1.727781e-03	-3.799211e-01
3.652000e-05	1.129068e-03	-5.578144e-01
3.653000e-05	-2.563335e-03	-7.783434e-01
3.654000e-05	7.449121e-04	-9.352107e-01
3.655000e-05	-8.748075e-04	-1.103083e+00
3.656000e-05	1.304763e-02	-1.271478e+00
3.657000e-05	6.853559e-02	-1.482427e+00
3.658000e-05	2.299382e-02	-1.734034e+00
3.659000e-05	-6.449317e-02	-2.007766e+00
3.660000e-05	-1.650306e-02	-2.186796e+00
3.661000e-05	-9.707563e-02	-2.398420e+00
3.662000e-05	7.756455e-02	-2.410005e+00
3.663000e-05	9.068704e-02	-2.503536e+00
3.664000e-05	-1.658700e-01	-2.775763e+00
3.665000e-05	1.477421e-01	-2.902139e+00
3.666000e-05	2.276091e-02	-3.028854e+00
3.667000e-05	-1.601875e-01	-3.284112e+00
3.668000e-05	1.568020e-01	-3.461528e+00
3.669000e-05	-2.198120e-02	-3.607769e+00
3.670000e-05	-7.875914e-02	-3.810798e+00
3.671000e-05	1.690112e-01	-3.999819e+00
3.672000e-05	-1.196510e-01	-4.196691e+00
3.673000e-05	4.742315e-02	-4.378767e+00
3.674000e-05	3.065281e-02	-4.441930e+00
3.675000e-05	-1.069355e-01	-4.711479e+00
3.676000e-05	1.403189e-01	-4.820450e+00
3.677000e-05	-5.592148e-02	-4.976169e+00
3.678000e-05	-7.296525e-03	-5.187742e+00
3.679000e-05	8.025888e-02	-5.366191e+00
3.680000e-05	-4.991118e-02	-5.580317e+00
3.681000e-05	6.320177e-02	-5.733037e+00
3.682000e-05	-6.915268e-02	-5.854033e+00
3.683000e-05	4.983996e-02	-6.030825e+00
3.684000e-05	4.220538e-02	-6.174614e+00
3.685000e-05	-6.099762e-02	-6.352113e+00
3.686000e-05	9.220179e-02	-6.473559e+00
3.687000e-05	-4.663197e-02	-6.600274e+00
3.688000e-05	2.730020e-02	-6.786845e+00
3.689000e-05	2.827475e-03	-6.862008e+00
3.690000e-05	-1.055216e-03	-6.989945e+00
3.691000e-05	8.058639e-02	-7.198844e+00
3.692000e-05	-5.312881e-02	-7.284709e+00
3.693000e-05	3.428996e-02	-7.419929e+00
3.694000e-05	3.168847e-03	-7.536234e+00
3.695000e-05	2.530012e-02	-7.724140e+00
3.696000e-05	1.070043e-02	-7.797779e+00
3.697000e-05	-6.835499e-03	-7.968345e+00
3.698000e-05	5.312621e-02	-8.062559e+00
3.699000e-05	-1.157755e-02	-8.189272e+00
3.700000e-05	2.556920e-02	-8.304612e+00
3.701000e-05	9.539028e-03	-8.388354e+00
3.702000e-05	2.709893e-02	-8.493087e+00
3.703000e-05	5.765589e-03	-8.586274e+00
3.704000e-05	5.127514e-03	-8.717043e+00
3.705000e-05	3.775875e-02	-8.829502e+00
3.706000e-05	1.288766e-02	-8.873635e+00
3.707000e-05	1.644156e-02	-8.989371e+00
3.708000e-05	1.156621e-02	-9.052059e+00
3.709000e-05	3.093519e-02	-9.117192e+00
3.710000e-05	1.825110e-02	-9.189423e+00
3.711000e-05	1.469938e-02	-9.263581e+00
3.712000e-05	2.515491e-02	-9.305261e+00
3.713000e-05	2.229402e-02	-9.419374e+00
3.714000e-05	1.877748e-02	-9.484742e+00
3.715000e-05	1.912725e-02	-9.558721e+00
3.716000e-05	3.025036e-02	-9.599004e+00
3.717000e-05	2.086684e-02	-9.641561e+00
3.718000e-05	2.198332e-02	-9.663146e+00
3.719000e-05	2.320954e-02	-9.707265e+00
3.720000e-05	2.628880e-02	-9.789324e+00
3.721000e-05	2.332774e-02	-9.839930e+00
3.722000e-05	2.518690e-02	-9.831982e+00
3.723000e-05	2.852791e-02	-9.863137e+00
3.724000e-05	2.387923e-02	-9.884689e+00
3.725000e-05	2.439498e-02	-9.885217e+00
3.726000e-05	2.871418e-02	-9.924768e+00
3.727000e-05	2.961512e-02	-9.938296e+00
3.728000e-05	2.646736e-02	-9.936322e+00
3.729000e-05	2.987025e-02	-9.956896e+00
3.730000e-05	3.233801e-02	-9.948297e+00
3.731000e-05	3.092035e-02	-9.959373e+00
3.732000e-05	2.962874e-02	-9.978323e+00
3.733000e-05	3.148470e-02	-9.969424e+00
3.734000e-05	3.299651e-02	-9.998897e+00
3.735000e-05	3.365834e-02	-9.957819e+00
3.736000e-05	3.479079e-02	-9.938295e+00
3.737000e-05	3.700649e-02	-9.937420e+00
3.738000e-05	3.586658e-02	-9.915767e+00
3.739000e-05	3.558327e-02	-9.895614e+00
3.740000e-05	3.932712e-02	-9.842714e+00
3.741000e-05	3.981354e-02	-9.832583e+00
3.742000e-05	4.046413e-02	-9.810029e+00
3.743000e-05	4.157794e-02	-9.738852e+00
3.744000e-05	4.399661e-02	-9.725296e+00
3.745000e-05	4.382450e-02	-9.683188e+00
3.746000e-05	4.526158e-02	-9.632084e+00
3.747000e-05	4.697863e-02	-9.619524e+00
3.748000e-05	4.979775e-02	-9.527371e+00
3.749000e-05	4.941956e-02	-9.473114e+00
3.750000e-05	5.127862e-02	-9.348880e+00
3.751000e-05	5.251425e-02	-9.275791e+00
3.752000e-05	5.040312e-02	-9.231559e+00
3.753000e-05	5.177679e-02	-9.137848e+00
3.754000e-05	4.939107e-02	-9.103685e+00
3.755000e-05	5.390863e-02	-8.980981e+00
3.756000e-05	5.002679e-02	-8.876343e+00
3.757000e-05	4.852011e-02	-8.822158e+00
3.758000e-05	4.723594e-02	-8.769428e+00
3.759000e-05	4.231285e-02	-8.646316e+00
3.760000e-05	4.288907e-02	-8.579025e+00
3.761000e-05	4.111747e-02	-8.464209e+00
3.762000e-05	4.126597e-02	-8.319996e+00
3.763000e-05	3.944106e-02	-8.263260e+00
3.764000e-05	3.645353e-02	-8.198076e+00
3.765000e-05	3.506583e-02	-8.033738e+00
3.766000e-05	3.198423e-02	-7.968974e+00
3.767000e-05	3.159754e-02	-7.825188e+00
3.768000e-05	2.988103e-02	-7.684790e+00
3.769000e-05	2.778081e-02	-7.558547e+00
3.770000e-05	2.643106e-02	-7.421558e+00
3.771000e-05	2.567885e-02	-7.304813e+00
3.772000e-05	2.502399e-02	-7.190054e+00
3.773000e-05	2.320020e-02	-7.032663e+00
3.774000e-05	2.128148e-02	-6.863284e+00
3.775000e-05	2.047089e-02	-6.756422e+00
3.776000e-05	1.931641e-02	-6.609555e+00
3.777000e-05	1.835568e-02	-6.464162e+00
3.778000e-05	1.745191e-02	-6.358494e+00
3.779000e-05	1.682249e-02	-6.179048e+00
3.780000e-05	1.508131e-02	-5.971505e+00
3.781000e-05	1.393268e-02	-5.874263e+00
3.782000e-05	1.245303e-02	-5.727973e+00
3.783000e-05	1.235071e-02	-5.579526e+00
3.784000e-05	1.205068e-02	-5.370181e+00
3.785000e-05	1.091806e-02	-5.221107e+00
3.786000e-05	1.083594e-02	-5.043108e+00
3.787000e-05	8.628999e-03	-4.854259e+00
3.788000e-05	9.316175e-03	-4.643265e+00
3.789000e-05	7.391622e-03	-4.496391e+00
3.790000e-05	9.142749e-03	-4.349503e+00
3.791000e-05	5.545745e-03	-4.202605e+00
3.792000e-05	6.455620e-03	-4.064338e+00
3.793000e-05	6.137375e-03	-3.897397e+00
3.794000e-05	5.351482e-03	-3.676848e+00
3.795000e-05	4.647877e-03	-3.517896e+00
3.796000e-05	4.978825e-03	-3.379471e+00
3.797000e-05	3.402329e-03	-3.190154e+00
3.798000e-05	3.324471e-03	-3.012208e+00
3.799000e-05	1.998766e-03	-2.780684e+00
3.800000e-05	2.611744e-03	-2.634787e+00
3.801000e-05	6.827521e-04	-2.464262e+00
3.802000e-05	2.529955e-03	-2.288363e+00
3.803000e-05	9.396622e-04	-2.084766e+00
3.804000e-05	1.100737e-03	-1.926896e+00
3.805000e-05	-4.725568e-04	-1.718596e+00
3.806000e-05	4.450624e-04	-1.569070e+00
3.807000e-05	-5.101680e-04	-1.338151e+00
3.808000e-05	-1.546896e-03	-1.126895e+00
3.809000e-05	-3.355317e-03	-9.564911e-01
3.810000e-05	-3.132450e-03	-7.490736e-01
3.811000e-05	-3.344267e-03	-5.591750e-01
3.812000e-05	-3.251296e-03	-3.489962e-01
3.813000e-05	-2.801338e-03	-2.201289e-01
3.814000e-05	-2.912603e-03	-3.326046e-02
3.815000e-05	1.666860e-03	1.562469e-01
3.816000e-05	7.582367e-04	3.983660e-01
3.817000e-05	-3.041793e-03	4.846883e-01
3.818000e-05	-2.529365e-04	6.430603e-01
3.819000e-05	-4.346587e-03	7.900014e-01
3.820000e-05	-3.545902e-03	9.987700e-01
3.821000e-05	-3.533760e-03	1.230003e+00
3.822000e-05	7.408876e-03	1.388822e+00
3.823000e-05	4.179659e-02	1.558747e+00
3.824000e-05	5.056621e-02	1.831880e+00
3.825000e-05	-5.345876e-02	2.011403e+00
3.826000e-05	-3.510738e-02	2.219321e+00
3.827000e-05	-5.573399e-02	2.378946e+00
3.828000e-05	-6.513979e-02	2.474586e+00
3.829000e-05	1.056058e-01	2.682085e+00
3.830000e-05	1.451525e-02	2.822480e+00
3.831000e-05	-1.211170e-01	2.977842e+00
3.832000e-05	1.567049e-01	3.124712e+00
3.833000e-05	-8.870346e-02	3.285218e+00
3.834000e-05	-6.035656e-02	3.547316e+00
3.835000e-05	1.016270e-01	3.653004e+00
3.836000e-05	-7.374196e-02	3.852503e+00
3.837000e-05	-2.037668e-02	3.999451e+00
3.838000e-05	6.616209e-02	4.199774e+00
3.839000e-05	-6.949691e-02	4.409001e+00
3.840000e-05	1.492948e-02	4.566721e+00
3.841000e-05	-2.260712e-02	4.747716e+00
3.842000e-05	-3.257178e-02	4.896166e+00
3.843000e-05	1.898214e-02	5.188091e+00
3.844000e-05	-2.605707e-02	5.326292e+00
3.845000e-05	6.857925e-03	5.485189e+00
3.846000e-05	-6.644940e-03	5.622500e+00
3.847000e-05	-4.081660e-03	5.810927e+00
3.848000e-05	-3.417738e-02	5.989924e+00
3.849000e-05	-2.543384e-02	6.116115e+00
3.850000e-05	2.538711e-02	6.243482e+00
3.851000e-05	-3.046210e-02	6.410424e+00
3.852000e-05	-8.025562e-03	6.487720e+00
3.853000e-05	-1.135199e-02	6.754694e+00
3.854000e-05	-2.317739e-02	6.852562e+00
3.855000e-05	-9.470177e-03	6.978374e+00
3.856000e-05	-2.279397e-02	7.083716e+00
3.857000e-05	-3.413290e-03	7.201979e+00
3.858000e-05	-1.033308e-02	7.336743e+00
3.859000e-05	-2.293218e-02	7.516717e+00
3.860000e-05	-1.950465e-02	7.631106e+00
3.861000e-05	-1.270087e-02	7.808976e+00
3.862000e-05	-1.190186e-02	7.907112e+00
3.863000e-05	-2.692104e-02	8.050584e+00
3.864000e-05	-1.536398e-02	8.149849e+00
3.865000e-05	-1.022555e-02	8.314137e+00
3.866000e-05	-2.287166e-02	8.388425e+00
3.867000e-05	-2.237227e-02	8.471056e+00
3.868000e-05	-2.079365e-02	8.538221e+00
3.869000e-05	-1.496478e-02	8.660533e+00
3.870000e-05	-2.594098e-02	8.735766e+00
3.871000e-05	-2.273714e-02	8.808431e+00
3.872000e-05	-1.785982e-02	8.895616e+00
3.873000e-05	-2.430664e-02	8.990981e+00
3.874000e-05	-2.472745e-02	9.125741e+00
3.875000e-05	-2.325030e-02	9.230329e+00
3.876000e-05	-1.873804e-02	9.232587e+00
3.877000e-05	-2.797598e-02	9.327824e+00
3.878000e-05	-2.755075e-02	9.370502e+00
3.879000e-05	-2.307994e-02	9.483117e+00
3.880000e-05	-2.500399e-02	9.516741e+00
3.881000e-05	-2.837046e-02	9.568375e+00
3.882000e-05	-2.751109e-02	9.633034e+00
3.883000e-05	-2.550312e-02	9.664162e+00
3.884000e-05	-2.919045e-02	9.726321e+00
3.885000e-05	-2.875271e-02	9.779858e+00
3.886000e-05	-2.972562e-02	9.853240e+00
3.887000e-05	-3.069370e-02	9.833641e+00
3.888000e-05	-3.208720e-02	9.914768e+00
3.889000e-05	-3.006345e-02	9.938895e+00
3.890000e-05	-2.799526e-02	9.967829e+00
3.891000e-05	-3.440574e-02	1.003000e+01
3.892000e-05	-3.534106e-02	1.002108e+01
3.893000e-05	-3.267369e-02	1.004158e+01
3.894000e-05	-3.301791e-02	1.002203e+01
3.895000e-05	-3.587993e-02	1.003309e+01
3.896000e-05	-3.547366e-02	1.004264e+01
3.897000e-05	-3.549972e-02	1.005258e+01
3.898000e-05	-3.826616e-02	1.005314e+01
3.899000e-05	-3.981971e-02	1.005371e+01
3.900000e-05	-3.777760e-02	1.007209e+01
3.901000e-05	-3.758407e-02	1.006362e+01
3.902000e-05	-4.076181e-02	1.004306e+01
3.903000e-05	-4.111289e-02	1.005213e+01
3.904000e-05	-4.271245e-02	1.001098e+01
3.905000e-05	-4.270877e-02	9.940000e+00
3.906000e-05	-4.496529e-02	9.988370e+00
3.907000e-05	-4.488307e-02	9.898346e+00
3.908000e-05	-4.659086e-02	9.894639e+00
3.909000e-05	-4.741785e-02	9.811137e+00
3.910000e-05	-4.871392e-02	9.759011e+00
3.911000e-05	-5.087478e-02	9.705248e+00
3.912000e-05	-5.251724e-02	9.623534e+00
3.913000e-05	-5.368448e-02	9.579953e+00
3.914000e-05	-5.561887e-02	9.497321e+00
3.915000e-05	-5.585831e-02	9.464766e+00
3.916000e-05	-5.734670e-02	9.431533e+00
3.917000e-05	-5.759998e-02	9.327398e+00
3.918000e-05	-5.885023e-02	9.254812e+00
3.919000e-05	-5.765313e-02	9.212610e+00
3.920000e-05	-5.753245e-02	9.138399e+00
3.921000e-05	-5.615912e-02	9.052715e+00
3.922000e-05	-5.612321e-02	8.916852e+00
3.923000e-05	-5.431804e-02	8.832587e+00
3.924000e-05	-5.348765e-02	8.709426e+00
3.925000e-05	-5.036372e-02	8.674768e+00
3.926000e-05	-4.982500e-02	8.611034e+00
3.927000e-05	-4.685646e-02	8.476842e+00
3.928000e-05	-4.594157e-02	8.432582e+00
3.929000e-05	-4.290393e-02	8.328425e+00
3.930000e-05	-4.293305e-02	8.220664e+00
3.931000e-05	-3.971965e-02	8.056197e+00
3.932000e-05	-3.957399e-02	8.000980e+00
3.933000e-05	-3.658047e-02	7.842744e+00
3.934000e-05	-3.706249e-02	7.716499e+00
3.935000e-05	-3.461188e-02	7.612639e+00
3.936000e-05	-3.338972e-02	7.436318e+00
3.937000e-05	-3.037946e-02	7.286328e+00
3.938000e-05	-3.051026e-02	7.181053e+00
3.939000e-05	-2.927800e-02	7.034217e+00
3.940000e-05	-2.897759e-02	6.907472e+00
3.941000e-05	-2.703387e-02	6.822560e+00
3.942000e-05	-2.605951e-02	6.625819e+00
3.943000e-05	-2.438161e-02	6.467293e+00
3.944000e-05	-2.365497e-02	6.328446e+00
3.945000e-05	-2.288263e-02	6.192133e+00
3.946000e-05	-2.268074e-02	6.043212e+00
3.947000e-05	-2.140191e-02	5.949897e+00
3.948000e-05	-2.080780e-02	5.770976e+00
3.949000e-05	-1.991682e-02	5.589556e+00
3.950000e-05	-1.990926e-02	5.443711e+00
3.951000e-05	-1.787036e-02	5.255344e+00
3.952000e-05	-1.743860e-02	5.064796e+00
3.953000e-05	-1.657014e-02	4.854392e+00
3.954000e-05	-1.753581e-02	4.706291e+00
3.955000e-05	-1.578673e-02	4.579523e+00
3.956000e-05	-1.500245e-02	4.401605e+00
3.957000e-05	-1.417108e-02	4.183288e+00
3.958000e-05	-1.401247e-02	3.981610e+00
3.959000e-05	-1.250860e-02	3.835789e+00
3.960000e-05	-1.305536e-02	3.697969e+00
3.961000e-05	-1.309202e-02	3.550528e+00
3.962000e-05	-1.221026e-02	3.363178e+00
3.963000e-05	-1.118647e-02	3.171026e+00
3.964000e-05	-1.102744e-02	3.022704e+00
3.965000e-05	-1.129106e-02	2.874265e+00
3.966000e-05	-9.890922e-03	2.675445e+00
3.967000e-05	-9.593349e-03	2.443339e+00
3.968000e-05	-8.460163e-03	2.325317e+00
3.969000e-05	-8.457330e-03	2.106845e+00
3.970000e-05	-8.465051e-03	1.958999e+00
3.971000e-05	-7.525163e-03	1.709631e+00
3.972000e-05	-6.761694e-03	1.580095e+00
3.973000e-05	-7.157430e-03	1.359075e+00
3.974000e-05	-6.725097e-03	1.212179e+00
3.975000e-05	-6.612007e-03	9.164248e-01
3.976000e-05	-5.655264e-03	7.484987e-01
3.977000e-05	-6.032645e-03	5.796026e-01
3.978000e-05	-5.632053e-03	4.021301e-01
3.979000e-05	-4.540835e-03	2.217537e-01
3.980000e-05	-2.607562e-03	-2.034372e-02
3.981000e-05	3.067398e-03	-1.867909e-01
3.982000e-05	-6.273937e-05	-3.156868e-01
3.983000e-05	-4.729237e-04	-4.620527e-01
3.984000e-05	1.245795e-03	-7.255538e-01
3.985000e-05	-7.917027e-04	-8.420790e-01
3.986000e-05	-8.884627e-04	-9.804434e-01
3.987000e-05	2.668132e-03	-1.158267e+00
3.988000e-05	3.393736e-02	-1.387714e+00
3.989000e-05	8.135354e-02	-1.606690e+00
3.990000e-05	-5.070385e-02	-1.860344e+00
3.991000e-05	-2.387698e-02	-2.082428e+00
3.992000e-05	-6.398371e-02	-2.346041e+00
3.993000e-05	-4.852959e-02	-2.410499e+00
3.994000e-05	1.585411e-01	-2.421001e+00
3.995000e-05	-5.647358e-02	-2.618271e+00
3.996000e-05	-6.867124e-02	-2.841077e+00
3.997000e-05	1.720999e-01	-2.885584e+00
3.998000e-05	-1.680378e-01	-3.216661e+00
3.999000e-05	-1.674945e-02	-3.396816e+00
4.000000e-05	1.457354e-01	-3.514636e+00
4.001000e-05	-1.328182e-01	-3.654033e+00
4.002000e-05	7.483033e-02	-3.905440e+00
4.003000e-05	6.285210e-02	-4.090953e+00
4.004000e-05	-1.202845e-01	-4.262983e+00
4.005000e-05	1.272656e-01	-4.389397e+00
4.006000e-05	-9.641923e-02	-4.557713e+00
4.007000e-05	2.046953e-02	-4.758293e+00
4.008000e-05	9.525387e-02	-4.894039e+00
4.009000e-05	-1.104144e-01	-5.062478e+00
4.010000e-05	9.567439e-02	-5.241448e+00
4.011000e-05	-1.051844e-02	-5.480404e+00
4.012000e-05	7.710369e-03	-5.641480e+00
4.013000e-05	1.710967e-02	-5.759221e+00
4.014000e-05	-5.971272e-02	-5.935267e+00
4.015000e-05	1.072458e-01	-6.063032e+00
4.016000e-05	-5.144968e-02	-6.248849e+00
4.017000e-05	2.590162e-02	-6.417477e+00
4.018000e-05	4.666379e-02	-6.545213e+00
4.019000e-05	-4.921856e-02	-6.723588e+00
4.020000e-05	5.280731e-02	-6.799872e+00
4.021000e-05	-4.193616e-02	-6.925666e+00
4.022000e-05	7.065837e-02	-7.165037e+00
4.023000e-05	1.249472e-02	-7.231452e+00
4.024000e-05	-2.843862e-02	-7.368345e+00
4.025000e-05	3.994756e-02	-7.453057e+00
4.026000e-05	-6.435652e-03	-7.620899e+00
4.027000e-05	4.192499e-02	-7.745693e+00
4.028000e-05	-1.931697e-02	-7.905612e+00
4.029000e-05	3.379366e-02	-8.041351e+00
4.030000e-05	2.346903e-02	-8.115187e+00
4.031000e-05	-5.984800e-03	-8.221477e+00
4.032000e-05	2.812939e-02	-8.365638e+00
4.033000e-05	9.115686e-03	-8.419452e+00
4.034000e-05	3.111455e-02	-8.484744e+00
4.035000e-05	-8.411850e-03	-8.650408e+00
4.036000e-05	2.724270e-02	-8.798319e+00
4.037000e-05	2.605260e-02	-8.831453e+00
4.038000e-05	1.233815e-02	-8.936696e+00
4.039000e-05	1.526423e-02	-8.972476e+00
4.040000e-05	1.783046e-02	-9.063634e+00
4.041000e-05	2.969876e-02	-9.158217e+00
4.042000e-05	9.166986e-03	-9.209576e+00
4.043000e-05	2.256364e-02	-9.284563e+00
4.044000e-05	2.423086e-02	-9.349322e+00
4.045000e-05	2.063272e-02	-9.471488e+00
4.046000e-05	1.581802e-02	-9.505717e+00
4.047000e-05	2.525175e-02	-9.590447e+00
4.048000e-05	2.793601e-02	-9.631929e+00
4.049000e-05	1.919155e-02	-9.662588e+00
4.050000e-05	2.268491e-02	-9.695765e+00
4.051000e-05	2.466393e-02	-9.755771e+00
4.052000e-05	2.617614e-02	-9.739924e+00
4.053000e-05	2.232538e-02	-9.831508e+00
4.054000e-05	2.730472e-02	-9.841485e+00
4.055000e-05	2.731030e-02	-9.862611e+00
4.056000e-05	2.374012e-02	-9.906688e+00
4.057000e-05	2.562130e-02	-9.915238e+00
4.058000e-05	3.013831e-02	-9.916795e+00
4.059000e-05	2.879829e-02	-9.917870e+00
4.060000e-05	2.713028e-02	-9.967367e+00
4.061000e-05	2.936047e-02	-9.989325e+00
4.062000e-05	3.089143e-02	-9.948347e+00
4.063000e-05	3.042531e-02	-9.988370e+00
4.064000e-05	2.997378e-02	-9.968449e+00
4.065000e-05	3.336086e-02	-9.957822e+00
4.066000e-05	3.341574e-02	-9.937946e+00
4.067000e-05	3.333645e-02	-9.957825e+00
4.068000e-05	3.513395e-02	-9.937293e+00
4.069000e-05	3.641262e-02	-9.936745e+00
4.070000e-05	3.552347e-02	-9.876867e+00
4.071000e-05	3.651349e-02	-9.873713e+00
4.072000e-05	3.925507e-02	-9.824114e+00
4.073000e-05	3.985275e-02	-9.820078e+00
4.074000e-05	3.991653e-02	-9.769432e+00
4.075000e-05	4.212955e-02	-9.727399e+00
4.076000e-05	4.453236e-02	-9.725240e+00
4.077000e-05	4.466887e-02	-9.644637e+00
4.078000e-05	4.585589e-02	-9.611108e+00
4.079000e-05	4.871306e-02	-9.589476e+00
4.080000e-05	4.928785e-02	-9.486865e+00
4.081000e-05	5.019300e-02	-9.413082e+00
4.082000e-05	5.202520e-02	-9.318322e+00
4.083000e-05	5.141503e-02	-9.252642e+00
4.084000e-05	5.169198e-02	-9.188476e+00
4.085000e-05	5.228741e-02	-9.105268e+00
4.086000e-05	5.198565e-02	-9.042131e+00
4.087000e-05	4.916001e-02	-8.938375e+00
4.088000e-05	4.705977e-02	-8.862717e+00
4.089000e-05	4.788975e-02	-8.820553e+00
4.090000e-05	4.540954e-02	-8.708423e+00
4.091000e-05	4.317500e-02	-8.614685e+00
4.092000e-05	4.272637e-02	-8.457291e+00
4.093000e-05	4.200391e-02	-8.390580e+00
4.094000e-05	3.981706e-02	-8.297294e+00
4.095000e-05	3.718882e-02	-8.221059e+00
4.096000e-05	3.593150e-02	-8.106393e+00
4.097000e-05	3.392803e-02	-8.020555e+00
4.098000e-05	3.210654e-02	-7.887368e+00
4.099000e-05	3.012412e-02	-7.761030e+00
4.100000e-05	3.028337e-02	-7.661130e+00
4.101000e-05	2.751155e-02	-7.486769e+00
4.102000e-05	2.588427e-02	-7.348025e+00
4.103000e-05	2.445718e-02	-7.252204e+00
4.104000e-05	2.362123e-02	-7.097497e+00
4.105000e-05	2.213731e-02	-6.949079e+00
4.106000e-05	2.095605e-02	-6.799534e+00
4.107000e-05	2.047107e-02	-6.664818e+00
4.108000e-05	1.970451e-02	-6.556850e+00
4.109000e-05	1.724111e-02	-6.442609e+00
4.110000e-05	1.734308e-02	-6.245867e+00
4.111000e-05	1.611617e-02	-6.073848e+00
4.112000e-05	1.552561e-02	-5.930020e+00
4.113000e-05	1.326957e-02	-5.800629e+00
4.114000e-05	1.341880e-02	-5.664742e+00
4.115000e-05	1.207721e-02	-5.506868e+00
4.116000e-05	1.190068e-02	-5.304395e+00
4.117000e-05	9.816443e-03	-5.146417e+00
4.118000e-05	9.805529e-03	-4.919526e+00
4.119000e-05	8.711589e-03	-4.705875e+00
4.120000e-05	8.574364e-03	-4.560029e+00
4.121000e-05	7.685318e-03	-4.443184e+00
4.122000e-05	8.386285e-03	-4.293790e+00
4.123000e-05	5.323072e-03	-4.158476e+00
4.124000e-05	6.956879e-03	-3.980106e+00
4.125000e-05	4.888955e-03	-3.813687e+00
4.126000e-05	6.063473e-03	-3.611583e+00
4.127000e-05	3.584939e-03	-3.455284e+00
4.128000e-05	4.537608e-03	-3.285815e+00
4.129000e-05	4.604205e-03	-3.107974e+00
4.130000e-05	3.139265e-03	-2.896892e+00
4.131000e-05	2.899200e-03	-2.728497e+00
4.132000e-05	1.699928e-03	-2.570625e+00
4.133000e-05	1.969721e-03	-2.420557e+00
4.134000e-05	1.836913e-03	-2.200233e+00
4.135000e-05	1.256971e-03	-1.980603e+00
4.136000e-05	-6.511665e-04	-1.863237e+00
4.137000e-05	5.211633e-04	-1.684288e+00
4.138000e-05	-9.350566e-04	-1.475887e+00
4.139000e-05	2.728583e-04	-1.250610e+00
4.140000e-05	-2.064231e-03	-1.082684e+00
4.141000e-05	-1.688264e-03	-8.633106e-01
4.142000e-05	-3.422345e-03	-6.958870e-01
4.143000e-05	-2.658523e-03	-4.337603e-01
4.144000e-05	-2.516327e-03	-3.068920e-01
4.145000e-05	-3.812380e-03	-1.160184e-01
4.146000e-05	-2.298233e-04	4.047382e-02
4.147000e-05	2.170576e-03	2.215050e-01
4.148000e-05	-2.806656e-03	4.204739e-01
4.149000e-05	2.611398e-04	5.583949e-01
4.150000e-05	-3.117749e-03	7.456634e-01
4.151000e-05	-2.971683e-03	8.740092e-01
4.152000e-05	-4.384286e-03	1.075087e+00
4.153000e-05	9.551183e-04	1.294136e+00
4.154000e-05	1.537865e-02	1.483050e+00
4.155000e-05	6.265162e-02	1.714164e+00
4.156000e-05	1.422405e-03	1.935636e+00
4.157000e-05	-5.864542e-02	2.095661e+00
4.158000e-05	-3.519814e-02	2.294108e+00
4.159000e-05	-7.313883e-02	2.411524e+00
4.160000e-05	-4.556996e-03	2.575292e+00
4.161000e-05	1.377955e-01	2.778692e+00
4.162000e-05	-1.287624e-01	2.867087e+00
4.163000e-05	1.809754e-02	3.020050e+00
4.164000e-05	8.893208e-02	3.210370e+00
4.165000e-05	-1.427471e-01	3.439457e+00
4.166000e-05	4.409805e-02	3.609896e+00
4.167000e-05	4.893145e-02	3.715213e+00
4.168000e-05	-1.070214e-01	3.967262e+00
4.169000e-05	7.262230e-02	4.073004e+00
4.170000e-05	-1.425278e-02	4.326685e+00
4.171000e-05	-4.265372e-02	4.472059e+00
4.172000e-05	2.284812e-02	4.631951e+00
4.173000e-05	-4.918468e-02	4.841451e+00
4.174000e-05	1.213199e-02	5.008806e+00
4.175000e-05	-7.852914e-03	5.221982e+00
4.176000e-05	-1.323386e-02	5.409953e+00
4.177000e-05	1.537977e-03	5.558269e+00
4.178000e-05	-5.774735e-03	5.684662e+00
4.179000e-05	-1.581294e-02	5.915112e+00
4.180000e-05	-4.135592e-02	6.021479e+00
4.181000e-05	4.940700e-03	6.208326e+00
4.182000e-05	7.076030e-03	6.325715e+00
4.183000e-05	-3.597545e-02	6.474058e+00
4.184000e-05	3.289378e-03	6.579929e+00
4.185000e-05	-2.617995e-02	6.790922e+00
4.186000e-05	-1.374718e-02	6.936716e+00
4.187000e-05	-1.396179e-02	7.011956e+00
4.188000e-05	-2.158829e-02	7.148792e+00
4.189000e-05	4.826933e-03	7.232558e+00
4.190000e-05	-2.346094e-02	7.401850e+00
4.191000e-05	-1.519824e-02	7.589380e+00
4.192000e-05	-2.400436e-02	7.725716e+00
4.193000e-05	-8.015542e-03	7.842008e+00
4.194000e-05	-2.059592e-02	7.978718e+00
4.195000e-05	-2.363959e-02	8.104689e+00
4.196000e-05	-8.240970e-03	8.220433e+00
4.197000e-05	-1.813724e-02	8.327243e+00
4.198000e-05	-2.198184e-02	8.419977e+00
4.199000e-05	-2.415656e-02	8.485166e+00
4.200000e-05	-1.432991e-02	8.599875e+00
4.201000e-05	-2.154286e-02	8.662712e+00
4.202000e-05	-2.573317e-02	8.808372e+00
4.203000e-05	-2.102074e-02	8.829585e+00
4.204000e-05	-1.909611e-02	8.916296e+00
4.205000e-05	-2.537450e-02	9.093063e+00
4.206000e-05	-2.395027e-02	9.148751e+00
4.207000e-05	-2.145472e-02	9.242056e+00
4.208000e-05	-2.385477e-02	9.274214e+00
4.209000e-05	-2.846183e-02	9.349853e+00
4.210000e-05	-2.451558e-02	9.432058e+00
4.211000e-05	-2.119029e-02	9.473194e+00
4.212000e-05	-2.778082e-02	9.519395e+00
4.213000e-05	-2.967269e-02	9.578481e+00
4.214000e-05	-2.703223e-02	9.672559e+00
4.215000e-05	-2.671748e-02	9.704767e+00
4.216000e-05	-2.822868e-02	9.728775e+00
4.217000e-05	-2.939212e-02	9.802056e+00
4.218000e-05	-2.940551e-02	9.823560e+00
4.219000e-05	-3.171831e-02	9.883764e+00
4.220000e-05	-3.042236e-02	9.908347e+00
4.221000e-05	-2.977458e-02	9.948400e+00
4.222000e-05	-3.082396e-02	9.998951e+00
4.223000e-05	-3.613615e-02	1.000998e+01
4.224000e-05	-3.415009e-02	1.004201e+01
4.225000e-05	-3.337725e-02	1.002161e+01
4.226000e-05	-3.547226e-02	1.005214e+01
4.227000e-05	-3.541894e-02	1.004261e+01
4.228000e-05	-3.549680e-02	1.006411e+01
4.229000e-05	-3.630267e-02	1.004261e+01
4.230000e-05	-3.885776e-02	1.004366e+01
4.231000e-05	-3.832837e-02	1.008261e+01
4.232000e-05	-3.792285e-02	1.005314e+01
4.233000e-05	-3.922986e-02	1.004306e+01
4.234000e-05	-4.186367e-02	1.005166e+01
4.235000e-05	-4.126937e-02	1.004259e+01
4.236000e-05	-4.269848e-02	1.001151e+01
4.237000e-05	-4.517866e-02	9.957975e+00
4.238000e-05	-4.450789e-02	9.897870e+00
4.239000e-05	-4.469802e-02	9.846746e+00
4.240000e-05	-4.594367e-02	9.813688e+00
4.241000e-05	-4.935794e-02	9.740557e+00
4.242000e-05	-5.079494e-02	9.717455e+00
4.243000e-05	-5.098655e-02	9.662217e+00
4.244000e-05	-5.468390e-02	9.610531e+00
4.245000e-05	-5.454933e-02	9.558977e+00
4.246000e-05	-5.545381e-02	9.485267e+00
4.247000e-05	-5.653934e-02	9.463086e+00
4.248000e-05	-5.740493e-02	9.380975e+00
4.249000e-05	-5.870888e-02	9.306344e+00
4.250000e-05	-5.833444e-02	9.223638e+00
4.251000e-05	-5.708123e-02	9.200054e+00
4.252000e-05	-5.742994e-02	9.095897e+00
4.253000e-05	-5.536467e-02	8.981084e+00
4.254000e-05	-5.509632e-02	8.885321e+00
4.255000e-05	-5.341472e-02	8.781510e+00
4.256000e-05	-5.419794e-02	8.678395e+00
4.257000e-05	-4.987919e-02	8.643236e+00
4.258000e-05	-4.872895e-02	8.537450e+00
4.259000e-05	-4.545404e-02	8.463715e+00
4.260000e-05	-4.554674e-02	8.390554e+00
4.261000e-05	-4.297471e-02	8.275864e+00
4.262000e-05	-4.224126e-02	8.127902e+00
4.263000e-05	-3.935988e-02	8.053215e+00
4.264000e-05	-3.935885e-02	7.918398e+00
4.265000e-05	-3.669566e-02	7.783160e+00
4.266000e-05	-3.480599e-02	7.695844e+00
4.267000e-05	-3.369470e-02	7.550554e+00
4.268000e-05	-3.351979e-02	7.393310e+00
4.269000e-05	-3.177577e-02	7.224643e+00
4.270000e-05	-3.021403e-02	7.108424e+00
4.271000e-05	-2.882494e-02	6.961584e+00
4.272000e-05	-2.782388e-02	6.864291e+00
4.273000e-05	-2.683409e-02	6.738552e+00
4.274000e-05	-2.596192e-02	6.552161e+00
4.275000e-05	-2.543715e-02	6.411635e+00
4.276000e-05	-2.348887e-02	6.284866e+00
4.277000e-05	-2.251387e-02	6.138975e+00
4.278000e-05	-2.127409e-02	5.992584e+00
4.279000e-05	-2.133464e-02	5.865342e+00
4.280000e-05	-2.041754e-02	5.665898e+00
4.281000e-05	-1.985070e-02	5.486997e+00
4.282000e-05	-1.976325e-02	5.369580e+00
4.283000e-05	-1.896309e-02	5.191659e+00
4.284000e-05	-1.838141e-02	4.940582e+00
4.285000e-05	-1.644725e-02	4.780705e+00
4.286000e-05	-1.610981e-02	4.664213e+00
4.287000e-05	-1.540332e-02	4.475314e+00
4.288000e-05	-1.540431e-02	4.338449e+00
4.289000e-05	-1.385358e-02	4.106975e+00
4.290000e-05	-1.354911e-02	3.939551e+00
4.291000e-05	-1.266358e-02	3.791707e+00
4.292000e-05	-1.246088e-02	3.673662e+00
4.293000e-05	-1.222123e-02	3.475447e+00
4.294000e-05	-1.181969e-02	3.243841e+00
4.295000e-05	-1.146460e-02	3.107920e+00
4.296000e-05	-1.032706e-02	2.929476e+00
4.297000e-05	-1.019481e-02	2.791155e+00
4.298000e-05	-9.429617e-03	2.560337e+00
4.299000e-05	-9.494820e-03	2.369582e+00
4.300000e-05	-9.732404e-03	2.171234e+00
4.301000e-05	-9.632285e-03	2.041710e+00
4.302000e-05	-7.375490e-03	1.856866e+00
4.303000e-05	-8.638464e-03	1.693811e+00
4.304000e-05	-6.299423e-03	1.502842e+00
4.305000e-05	-7.247730e-03	1.276868e+00
4.306000e-05	-4.692389e-03	1.085414e+00
4.307000e-05	-6.400940e-03	8.433166e-01
4.308000e-05	-4.846186e-03	6.848633e-01
4.309000e-05	-6.045747e-03	4.658144e-01
4.310000e-05	-5.067142e-03	2.975196e-01
4.311000e-05	-4.608694e-03	9.541974e-02
4.312000e-05	-8.352763e-04	-3.302907e-02
4.313000e-05	3.807441e-03	-2.394724e-01
4.314000e-05	-1.302580e-03	-3.868386e-01
4.315000e-05	6.400780e-04	-5.366370e-01
4.316000e-05	-1.605883e-03	-7.988910e-01
4.317000e-05	7.332342e-04	-9.361380e-01
4.318000e-05	-3.331289e-04	-1.082457e+00
4.319000e-05	1.033969e-02	-1.241449e+00
4.320000e-05	6.373008e-02	-1.460905e+00
4.321000e-05	3.816144e-02	-1.692476e+00
4.322000e-05	-7.008174e-02	-1.944588e+00
4.323000e-05	-1.281130e-02	-2.157267e+00
4.324000e-05	-1.000969e-01	-2.368846e+00
4.325000e-05	5.364866e-02	-2.410026e+00
4.326000e-05	1.163263e-01	-2.504033e+00
4.327000e-05	-1.608602e-01	-2.744639e+00
4.328000e-05	1.093982e-01	-2.832534e+00
4.329000e-05	5.590901e-02	-3.008275e+00
4.330000e-05	-1.760835e-01	-3.254058e+00
4.331000e-05	1.394007e-01	-3.469953e+00
4.332000e-05	1.103064e-02	-3.557742e+00
4.333000e-05	-1.066915e-01	-3.797749e+00
4.334000e-05	1.698922e-01	-3.966893e+00
4.335000e-05	-9.601766e-02	-4.125165e+00
4.336000e-05	1.647194e-02	-4.336317e+00
4.337000e-05	6.026975e-02	-4.450471e+00
4.338000e-05	-1.186641e-01	-4.663580e+00
4.339000e-05	1.313954e-01	-4.828949e+00
4.340000e-05	-3.133474e-02	-4.996566e+00
4.341000e-05	-3.465445e-02	-5.138266e+00
4.342000e-05	9.458766e-02	-5.344092e+00
4.343000e-05	-5.408358e-02	-5.586795e+00
4.344000e-05	6.119697e-02	-5.703533e+00
4.345000e-05	-5.796973e-02	-5.891429e+00
4.346000e-05	3.000238e-02	-6.010324e+00
4.347000e-05	6.116816e-02	-6.095036e+00
4.348000e-05	-7.045669e-02	-6.345937e+00
4.349000e-05	8.999637e-02	-6.432034e+00
4.350000e-05	-3.436634e-02	-6.598846e+00
4.351000e-05	1.451806e-02	-6.736766e+00
4.352000e-05	1.551472e-02	-6.852528e+00
4.353000e-05	-1.586543e-02	-7.040452e+00
4.354000e-05	8.588886e-02	-7.149397e+00
4.355000e-05	-4.755364e-02	-7.303584e+00
4.356000e-05	2.652469e-02	-7.431474e+00
4.357000e-05	9.716561e-03	-7.536210e+00
4.358000e-05	1.943420e-02	-7.681081e+00
4.359000e-05	2.017244e-02	-7.809849e+00
4.360000e-05	-1.295671e-02	-7.978771e+00
4.361000e-05	5.333302e-02	-8.061580e+00
4.362000e-05	-8.893829e-03	-8.157771e+00
4.363000e-05	1.937499e-02	-8.283038e+00
4.364000e-05	1.191663e-02	-8.338296e+00
4.365000e-05	2.568017e-02	-8.462560e+00
4.366000e-05	1.308785e-02	-8.568274e+00
4.367000e-05	7.086866e-04	-8.684637e+00
4.368000e-05	3.638165e-02	-8.789474e+00
4.369000e-05	1.481881e-02	-8.902584e+00
4.370000e-05	1.624325e-02	-8.949795e+00
4.371000e-05	1.102153e-02	-9.041556e+00
4.372000e-05	2.877551e-02	-9.116238e+00
4.373000e-05	2.138386e-02	-9.167845e+00
4.374000e-05	1.417161e-02	-9.252505e+00
4.375000e-05	2.441203e-02	-9.326192e+00
4.376000e-05	2.195991e-02	-9.359852e+00
4.377000e-05	1.880962e-02	-9.454537e+00
4.378000e-05	1.870976e-02	-9.528347e+00
4.379000e-05	2.941918e-02	-9.609924e+00
4.380000e-05	2.370588e-02	-9.672032e+00
4.381000e-05	2.218907e-02	-9.664110e+00
4.382000e-05	2.220659e-02	-9.705270e+00
4.383000e-05	2.575808e-02	-9.758771e+00
4.384000e-05	2.393648e-02	-9.800875e+00
4.385000e-05	2.477594e-02	-9.823008e+00
4.386000e-05	2.840421e-02	-9.854057e+00
4.387000e-05	2.587050e-02	-9.883713e+00
4.388000e-05	2.564846e-02	-9.944789e+00
4.389000e-05	2.782788e-02	-9.874741e+00
4.390000e-05	2.879521e-02	-9.916394e+00
4.391000e-05	2.695297e-02	-9.934772e+00
4.392000e-05	2.998910e-02	-9.968343e+00
4.393000e-05	3.161746e-02	-9.969393e+00
4.394000e-05	3.154236e-02	-9.947925e+00
4.395000e-05	2.870169e-02	-9.978897e+00
4.396000e-05	3.076696e-02	-9.968899e+00
4.397000e-05	3.261477e-02	-9.959901e+00
4.398000e-05	3.312326e-02	-9.966874e+00
4.399000e-05	3.548290e-02	-9.956872e+00
4.400000e-05	3.612968e-02	-9.925848e+00
4.401000e-05	3.552614e-02	-9.915243e+00
4.402000e-05	3.557435e-02	-9.895717e+00
4.403000e-05	3.897265e-02	-9.853637e+00
4.404000e-05	4.008015e-02	-9.842559e+00
4.405000e-05	3.876039e-02	-9.809528e+00
4.406000e-05	4.147085e-02	-9.779451e+00
4.407000e-05	4.389888e-02	-9.737345e+00
4.408000e-05	4.385463e-02	-9.673163e+00
4.409000e-05	4.423583e-02	-9.653081e+00
4.410000e-05	4.658305e-02	-9.600030e+00
4.411000e-05	5.035766e-02	-9.557923e+00
4.412000e-05	4.936873e-02	-9.463141e+00
4.413000e-05	5.042358e-02	-9.359456e+00
4.414000e-05	5.293525e-02	-9.304313e+00
4.415000e-05	5.132844e-02	-9.220581e+00
4.416000e-05	5.049296e-02	-9.126848e+00
4.417000e-05	4.995875e-02	-9.074714e+00
4.418000e-05	5.169974e-02	-9.010580e+00
4.419000e-05	5.060288e-02	-8.896292e+00
4.420000e-05	4.819478e-02	-8.841112e+00
4.421000e-05	4.634817e-02	-8.779426e+00
4.422000e-05	4.417261e-02	-8.678237e+00
4.423000e-05	4.308911e-02	-8.527479e+00
4.424000e-05	4.140730e-02	-8.453662e+00
4.425000e-05	3.962438e-02	-8.368425e+00
4.426000e-05	3.831049e-02	-8.254240e+00
4.427000e-05	3.576262e-02	-8.199027e+00
4.428000e-05	3.475635e-02	-8.052715e+00
4.429000e-05	3.277756e-02	-7.999999e+00
4.430000e-05	3.180068e-02	-7.834164e+00
4.431000e-05	3.081713e-02	-7.705791e+00
4.432000e-05	2.914209e-02	-7.570005e+00
4.433000e-05	2.641773e-02	-7.421184e+00
4.434000e-05	2.549388e-02	-7.276795e+00
4.435000e-05	2.407291e-02	-7.201053e+00
4.436000e-05	2.328557e-02	-7.093289e+00
4.437000e-05	2.156388e-02	-6.874662e+00
4.438000e-05	2.045173e-02	-6.748974e+00
4.439000e-05	2.070471e-02	-6.622633e+00
4.440000e-05	1.816148e-02	-6.474812e+00
4.441000e-05	1.618332e-02	-6.328976e+00
4.442000e-05	1.633984e-02	-6.189659e+00
4.443000e-05	1.487062e-02	-6.020056e+00
4.444000e-05	1.428685e-02	-5.875241e+00
4.445000e-05	1.253787e-02	-5.737471e+00
4.446000e-05	1.223292e-02	-5.570606e+00
4.447000e-05	1.199493e-02	-5.402160e+00
4.448000e-05	1.074669e-02	-5.211583e+00
4.449000e-05	1.043472e-02	-5.043634e+00
4.450000e-05	9.603397e-03	-4.856238e+00
4.451000e-05	9.931265e-03	-4.665244e+00
4.452000e-05	7.207250e-03	-4.526893e+00
4.453000e-05	8.511880e-03	-4.389049e+00
4.454000e-05	5.910388e-03	-4.241132e+00
4.455000e-05	6.103837e-03	-4.074339e+00
4.456000e-05	6.544765e-03	-3.928947e+00
4.457000e-05	5.800198e-03	-3.746999e+00
4.458000e-05	5.249309e-03	-3.507974e+00
4.459000e-05	3.732973e-03	-3.380634e+00
4.460000e-05	3.361324e-03	-3.221656e+00
4.461000e-05	3.667468e-03	-3.041237e+00
4.462000e-05	1.469017e-03	-2.821180e+00
4.463000e-05	2.217592e-03	-2.654762e+00
4.464000e-05	7.527611e-04	-2.495767e+00
4.465000e-05	1.292082e-03	-2.326968e+00
4.466000e-05	4.699063e-04	-2.096914e+00
4.467000e-05	1.489910e-03	-1.928945e+00
4.468000e-05	-1.243264e-04	-1.748572e+00
4.469000e-05	-3.223727e-04	-1.579581e+00
4.470000e-05	-1.864967e-03	-1.320549e+00
4.471000e-05	-3.836041e-04	-1.118952e+00
4.472000e-05	-2.594334e-03	-9.480522e-01
4.473000e-05	-1.448052e-03	-7.830813e-01
4.474000e-05	-4.175015e-03	-5.701326e-01
4.475000e-05	-2.726706e-03	-3.690762e-01
4.476000e-05	-3.473727e-03	-2.216289e-01
4.477000e-05	-2.752598e-03	-4.173396e-02
4.478000e-05	1.589569e-03	1.250595e-01
4.479000e-05	1.218713e-03	3.462659e-01
4.480000e-05	-3.146728e-03	4.836580e-01
4.481000e-05	7.488248e-04	6.625326e-01
4.482000e-05	-4.121326e-03	8.093926e-01
4.483000e-05	-2.997323e-03	9.666695e-01
4.484000e-05	-3.810023e-03	1.199427e+00
4.485000e-05	4.873185e-03	1.377317e+00
4.486000e-05	3.633173e-02	1.588763e+00
4.487000e-05	5.673085e-02	1.817903e+00
4.488000e-05	-4.685588e-02	2.010421e+00
4.489000e-05	-3.902487e-02	2.197821e+00
4.490000e-05	-5.109555e-02	2.356820e+00
4.491000e-05	-7.072650e-02	2.471560e+00
4.492000e-05	8.879380e-02	2.661930e+00
4.493000e-05	4.527280e-02	2.841950e+00
4.494000e-05	-1.430858e-01	2.936821e+00
4.495000e-05	1.470067e-01	3.083163e+00
4.496000e-05	-6.152653e-02	3.316088e+00
4.497000e-05	-8.232440e-02	3.525240e+00
4.498000e-05	1.012249e-01	3.661529e+00
4.499000e-05	-5.269612e-02	3.811248e+00
4.500000e-05	-4.078479e-02	4.008875e+00
4.501000e-05	7.628190e-02	4.198225e+00
4.502000e-05	-6.828958e-02	4.418872e+00
4.503000e-05	6.925655e-03	4.516721e+00
4.504000e-05	-1.114478e-02	4.724164e+00
4.505000e-05	-3.871574e-02	4.865587e+00
4.506000e-05	2.281651e-02	5.095112e+00
4.507000e-05	-2.724411e-02	5.324740e+00
4.508000e-05	3.944841e-03	5.503130e+00
4.509000e-05	-5.798807e-03	5.639425e+00
4.510000e-05	-1.026494e-03	5.809354e+00
4.511000e-05	-3.003720e-02	6.008920e+00
4.512000e-05	-3.010352e-02	6.103715e+00
4.513000e-05	2.402222e-02	6.271053e+00
4.514000e-05	-2.573520e-02	6.390896e+00
4.515000e-05	-1.240522e-02	6.516616e+00
4.516000e-05	-7.271195e-03	6.724562e+00
4.517000e-05	-2.596862e-02	6.841530e+00
4.518000e-05	-9.238395e-03	6.987451e+00
4.519000e-05	-2.168755e-02	7.103166e+00
4.520000e-05	-6.556920e-03	7.198948e+00
4.521000e-05	-6.577304e-03	7.275690e+00
4.522000e-05	-2.447809e-02	7.516164e+00
4.523000e-05	-1.827938e-02	7.653008e+00
4.524000e-05	-1.678715e-02	7.810347e+00
4.525000e-05	-9.781678e-03	7.926207e+00
4.526000e-05	-2.453118e-02	8.050430e+00
4.527000e-05	-1.679524e-02	8.168347e+00
4.528000e-05	-9.591947e-03	8.251614e+00
4.529000e-05	-2.383895e-02	8.397450e+00
4.530000e-05	-2.092882e-02	8.442512e+00
4.531000e-05	-2.163460e-02	8.537321e+00
4.532000e-05	-1.396562e-02	8.621555e+00
4.533000e-05	-2.499414e-02	8.695215e+00
4.534000e-05	-2.321616e-02	8.791950e+00
4.535000e-05	-1.792915e-02	8.893109e+00
4.536000e-05	-2.400531e-02	8.991905e+00
4.537000e-05	-2.398911e-02	9.096160e+00
4.538000e-05	-2.325426e-02	9.200350e+00
4.539000e-05	-1.911536e-02	9.253062e+00
4.540000e-05	-2.809929e-02	9.306792e+00
4.541000e-05	-2.738191e-02	9.380477e+00
4.542000e-05	-2.317458e-02	9.455188e+00
4.543000e-05	-2.371203e-02	9.485267e+00
4.544000e-05	-2.860285e-02	9.599425e+00
4.545000e-05	-2.844167e-02	9.619980e+00
4.546000e-05	-2.487493e-02	9.644663e+00
4.547000e-05	-2.845530e-02	9.765771e+00
4.548000e-05	-2.875543e-02	9.799937e+00
4.549000e-05	-3.052540e-02	9.831682e+00
4.550000e-05	-3.069625e-02	9.874740e+00
4.551000e-05	-3.172711e-02	9.876895e+00
4.552000e-05	-2.962214e-02	9.938372e+00
4.553000e-05	-2.909762e-02	9.989499e+00
4.554000e-05	-3.320012e-02	9.999979e+00
4.555000e-05	-3.517683e-02	1.001061e+01
4.556000e-05	-3.348558e-02	9.990133e+00
4.557000e-05	-3.322738e-02	1.005151e+01
4.558000e-05	-3.542888e-02	1.004266e+01
4.559000e-05	-3.525845e-02	1.007364e+01
4.560000e-05	-3.580851e-02	1.008117e+01
4.561000e-05	-3.742289e-02	1.005064e+01
4.562000e-05	-3.957242e-02	1.004266e+01
4.563000e-05	-3.848990e-02	1.007366e+01
4.564000e-05	-3.734654e-02	1.003256e+01
4.565000e-05	-3.971707e-02	1.000303e+01
4.566000e-05	-4.060634e-02	1.001156e+01
4.567000e-05	-4.228619e-02	1.002155e+01
4.568000e-05	-4.279820e-02	9.999981e+00
4.569000e-05	-4.406180e-02	9.959927e+00
4.570000e-05	-4.493592e-02	9.916871e+00
4.571000e-05	-4.561795e-02	9.904817e+00
4.572000e-05	-4.804872e-02	9.812613e+00
4.573000e-05	-4.870377e-02	9.760505e+00
4.574000e-05	-5.070093e-02	9.707751e+00
4.575000e-05	-5.174472e-02	9.654113e+00
4.576000e-05	-5.399743e-02	9.570530e+00
4.577000e-05	-5.534192e-02	9.518376e+00
4.578000e-05	-5.651398e-02	9.475267e+00
4.579000e-05	-5.740931e-02	9.403061e+00
4.580000e-05	-5.733416e-02	9.338423e+00
4.581000e-05	-5.839745e-02	9.296317e+00
4.582000e-05	-5.873748e-02	9.221134e+00
4.583000e-05	-5.713588e-02	9.166999e+00
4.584000e-05	-5.588976e-02	9.035688e+00
4.585000e-05	-5.483336e-02	8.949507e+00
4.586000e-05	-5.486586e-02	8.873667e+00
4.587000e-05	-5.304891e-02	8.780101e+00
4.588000e-05	-5.030841e-02	8.664765e+00
4.589000e-05	-5.000289e-02	8.603081e+00
4.590000e-05	-4.806829e-02	8.496395e+00
4.591000e-05	-4.614122e-02	8.413632e+00
4.592000e-05	-4.359304e-02	8.327949e+00
4.593000e-05	-4.316594e-02	8.190788e+00
4.594000e-05	-4.047639e-02	8.095821e+00
4.595000e-05	-4.006982e-02	7.979630e+00
4.596000e-05	-3.784273e-02	7.835289e+00
4.597000e-05	-3.685112e-02	7.728998e+00
4.598000e-05	-3.378248e-02	7.603685e+00
4.599000e-05	-3.349438e-02	7.466871e+00
4.600000e-05	-3.260801e-02	7.288551e+00
4.601000e-05	-3.217398e-02	7.171580e+00
4.602000e-05	-2.846307e-02	7.064266e+00
4.603000e-05	-2.815306e-02	6.937947e+00
4.604000e-05	-2.684751e-02	6.822635e+00
4.605000e-05	-2.644497e-02	6.685343e+00
4.606000e-05	-2.444671e-02	6.484826e+00
4.607000e-05	-2.467732e-02	6.347999e+00
4.608000e-05	-2.327874e-02	6.232260e+00
4.609000e-05	-2.286456e-02	6.072766e+00
4.610000e-05	-2.209030e-02	5.969527e+00
4.611000e-05	-2.151876e-02	5.770105e+00
4.612000e-05	-1.969135e-02	5.621081e+00
4.613000e-05	-1.852978e-02	5.463217e+00
4.614000e-05	-1.904860e-02	5.295921e+00
4.615000e-05	-1.918017e-02	5.116942e+00
4.616000e-05	-1.644290e-02	4.886824e+00
4.617000e-05	-1.597920e-02	4.705971e+00
4.618000e-05	-1.522029e-02	4.569526e+00
4.619000e-05	-1.604257e-02	4.411233e+00
4.620000e-05	-1.434398e-02	4.233838e+00
4.621000e-05	-1.440650e-02	4.062167e+00
4.622000e-05	-1.395937e-02	3.906991e+00
4.623000e-05	-1.382691e-02	3.707424e+00
4.624000e-05	-1.133643e-02	3.550575e+00
4.625000e-05	-1.171482e-02	3.371255e+00
4.626000e-05	-1.227334e-02	3.190078e+00
4.627000e-05	-1.195652e-02	3.031285e+00
4.628000e-05	-1.046309e-02	2.845288e+00
4.629000e-05	-1.066317e-02	2.707046e+00
4.630000e-05	-1.032539e-02	2.474920e+00
4.631000e-05	-9.260848e-03	2.286913e+00
4.632000e-05	-8.335855e-03	2.106974e+00
4.633000e-05	-8.048748e-03	1.970049e+00
4.634000e-05	-7.698370e-03	1.770157e+00
4.635000e-05	-6.900427e-03	1.558674e+00
4.636000e-05	-7.269469e-03	1.380628e+00
4.637000e-05	-6.938570e-03	1.180158e+00
4.638000e-05	-6.416569e-03	9.481500e-01
4.639000e-05	-5.220453e-03	7.600251e-01
4.640000e-05	-5.885762e-03	5.511787e-01
4.641000e-05	-5.449684e-03	4.007579e-01
4.642000e-05	-4.534530e-03	2.042567e-01
4.643000e-05	-2.986594e-03	-8.845902e-03
4.644000e-05	2.266570e-03	-1.461871e-01
4.645000e-05	5.182139e-04	-3.151079e-01
4.646000e-05	-6.122235e-04	-4.624790e-01
4.647000e-05	1.151135e-03	-7.025062e-01
4.648000e-05	-2.057763e-03	-8.214463e-01
4.649000e-05	-6.780027e-04	-9.982972e-01
4.650000e-05	1.460829e-03	-1.146707e+00
4.651000e-05	2.811323e-02	-1.325110e+00
4.652000e-05	8.229187e-02	-1.585639e+00
4.653000e-05	-3.768096e-02	-1.808267e+00
4.654000e-05	-3.160311e-02	-2.060425e+00
4.655000e-05	-5.263271e-02	-2.335008e+00
4.656000e-05	-6.392285e-02	-2.410999e+00
4.657000e-05	1.477687e-01	-2.420500e+00
4.658000e-05	-2.291167e-02	-2.598243e+00
4.659000e-05	-9.340534e-02	-2.800850e+00
4.660000e-05	1.893723e-01	-2.953159e+00
4.661000e-05	-1.344995e-01	-3.183086e+00
4.662000e-05	-5.506733e-02	-3.378716e+00
4.663000e-05	1.604235e-01	-3.493052e+00
4.664000e-05	-1.188724e-01	-3.662475e+00
4.665000e-05	3.940014e-02	-3.892976e+00
4.666000e-05	9.276208e-02	-4.031449e+00
4.667000e-05	-1.357096e-01	-4.261973e+00
4.668000e-05	1.204031e-01	-4.389295e+00
4.669000e-05	-7.399953e-02	-4.555088e+00
4.670000e-05	-1.176917e-02	-4.748790e+00
4.671000e-05	1.146889e-01	-4.881532e+00
4.672000e-05	-1.087299e-01	-5.042424e+00
4.673000e-05	7.949075e-02	-5.230973e+00
4.674000e-05	8.199150e-03	-5.461903e+00
4.675000e-05	-7.064134e-03	-5.632501e+00
4.676000e-05	3.222116e-02	-5.756269e+00
4.677000e-05	-6.909987e-02	-5.935661e+00
4.678000e-05	1.022360e-01	-6.020974e+00
4.679000e-05	-3.482790e-02	-6.191344e+00
4.680000e-05	4.638926e-03	-6.389895e+00
4.681000e-05	6.276694e-02	-6.505187e+00
4.682000e-05	-5.413832e-02	-6.662555e+00
4.683000e-05	5.319780e-02	-6.798269e+00
4.684000e-05	-3.823525e-02	-6.894063e+00
4.685000e-05	5.627081e-02	-7.114016e+00
4.686000e-05	2.948575e-02	-7.230453e+00
4.687000e-05	-3.742849e-02	-7.336266e+00
4.688000e-05	4.350348e-02	-7.463980e+00
4.689000e-05	-7.327063e-03	-7.609773e+00
4.690000e-05	4.054840e-02	-7.727063e+00
4.691000e-05	-1.554169e-02	-7.871612e+00
4.692000e-05	2.474197e-02	-8.019428e+00
4.693000e-05	3.253613e-02	-8.074114e+00
4.694000e-05	-9.659706e-03	-8.210380e+00
4.695000e-05	2.807311e-02	-8.315163e+00
4.696000e-05	6.471060e-03	-8.400500e+00
4.697000e-05	3.283584e-02	-8.495612e+00
4.698000e-05	-6.297425e-03	-8.659450e+00
4.699000e-05	2.293924e-02	-8.758771e+00
4.700000e-05	2.889083e-02	-8.820529e+00
4.701000e-05	1.243500e-02	-8.935668e+00
4.702000e-05	1.566751e-02	-9.009922e+00
4.703000e-05	1.456629e-02	-9.072587e+00
4.704000e-05	3.180888e-02	-9.126264e+00
4.705000e-05	1.183684e-02	-9.189476e+00
4.706000e-05	2.134580e-02	-9.263585e+00
4.707000e-05	2.332695e-02	-9.319167e+00
4.708000e-05	2.200195e-02	-9.462912e+00
4.709000e-05	1.639058e-02	-9.516592e+00
4.710000e-05	2.349532e-02	-9.577823e+00
4.711000e-05	2.829947e-02	-9.641503e+00
4.712000e-05	1.970046e-02	-9.674062e+00
4.713000e-05	2.437081e-02	-9.693717e+00
4.714000e-05	2.414208e-02	-9.747317e+00
4.715000e-05	2.692489e-02	-9.771373e+00
4.716000e-05	2.137459e-02	-9.809880e+00
4.717000e-05	2.654366e-02	-9.841531e+00
4.718000e-05	2.637955e-02	-9.883583e+00
4.719000e-05	2.421264e-02	-9.895092e+00
4.720000e-05	2.637822e-02	-9.895767e+00
4.721000e-05	3.023163e-02	-9.925318e+00
4.722000e-05	2.811402e-02	-9.927346e+00
4.723000e-05	2.670007e-02	-9.938344e+00
4.724000e-05	3.080963e-02	-9.949871e+00
4.725000e-05	3.187041e-02	-9.988848e+00
4.726000e-05	3.045298e-02	-9.999421e+00
4.727000e-05	2.915740e-02	-9.970351e+00
4.728000e-05	3.165297e-02	-9.978400e+00
4.729000e-05	3.308024e-02	-9.979848e+00
4.730000e-05	3.416469e-02	-9.956343e+00
4.731000e-05	3.443096e-02	-9.926818e+00
4.732000e-05	3.628826e-02	-9.946246e+00
4.733000e-05	3.621888e-02	-9.904191e+00
4.734000e-05	3.671653e-02	-9.884641e+00
4.735000e-05	4.035341e-02	-9.824137e+00
4.736000e-05	3.828005e-02	-9.800488e+00
4.737000e-05	4.191187e-02	-9.810550e+00
4.738000e-05	4.221818e-02	-9.746317e+00
4.739000e-05	4.403210e-02	-9.697263e+00
4.740000e-05	4.386229e-02	-9.623638e+00
4.741000e-05	4.664926e-02	-9.600502e+00
4.742000e-05	4.954863e-02	-9.570476e+00
4.743000e-05	4.984500e-02	-9.516295e+00
4.744000e-05	4.983500e-02	-9.411137e+00
4.745000e-05	5.246156e-02	-9.338852e+00
4.746000e-05	5.263877e-02	-9.274114e+00
4.747000e-05	5.119347e-02	-9.220554e+00
4.748000e-05	5.057442e-02	-9.115792e+00
4.749000e-05	5.173823e-02	-9.052134e+00
4.750000e-05	5.155918e-02	-8.938471e+00
4.751000e-05	4.866167e-02	-8.893216e+00
4.752000e-05	4.806652e-02	-8.820108e+00
4.753000e-05	4.706787e-02	-8.748446e+00
4.754000e-05	4.369613e-02	-8.622688e+00
4.755000e-05	4.186807e-02	-8.536348e+00
4.756000e-05	4.167481e-02	-8.389480e+00
4.757000e-05	4.038337e-02	-8.287393e+00
4.758000e-05	3.766369e-02	-8.242062e+00
4.759000e-05	3.528912e-02	-8.136443e+00
4.760000e-05	3.399135e-02	-8.031163e+00
4.761000e-05	3.411131e-02	-7.906448e+00
4.762000e-05	3.015487e-02	-7.769556e+00
4.763000e-05	2.918517e-02	-7.611689e+00
4.764000e-05	2.775222e-02	-7.494394e+00
4.765000e-05	2.676031e-02	-7.380501e+00
4.766000e-05	2.597363e-02	-7.253736e+00
4.767000e-05	2.401249e-02	-7.158396e+00
4.768000e-05	2.226760e-02	-6.961079e+00
4.769000e-05	2.090177e-02	-6.801556e+00
4.770000e-05	2.015840e-02	-6.704841e+00
4.771000e-05	1.909994e-02	-6.538450e+00
4.772000e-05	1.856190e-02	-6.442612e+00
4.773000e-05	1.813889e-02	-6.275345e+00
4.774000e-05	1.640535e-02	-6.106267e+00
4.775000e-05	1.437880e-02	-5.929445e+00
4.776000e-05	1.423824e-02	-5.791204e+00
4.777000e-05	1.301205e-02	-5.684812e+00
4.778000e-05	1.249827e-02	-5.517921e+00
4.779000e-05	1.096518e-02	-5.299425e+00
4.780000e-05	1.042809e-02	-5.127422e+00
4.781000e-05	1.048282e-02	-4.981053e+00
4.782000e-05	9.025461e-03	-4.738052e+00
4.783000e-05	8.420615e-03	-4.590552e+00
4.784000e-05	7.962953e-03	-4.472715e+00
4.785000e-05	8.597470e-03	-4.276322e+00
4.786000e-05	6.538257e-03	-4.189527e+00
4.787000e-05	6.940332e-03	-4.002031e+00
4.788000e-05	5.868948e-03	-3.844809e+00
4.789000e-05	5.444731e-03	-3.642614e+00
4.790000e-05	4.012046e-03	-3.434342e+00
4.791000e-05	3.914348e-03	-3.305866e+00
4.792000e-05	4.378621e-03	-3.149997e+00
4.793000e-05	1.943182e-03	-2.956997e+00
4.794000e-05	2.582358e-03	-2.760500e+00
4.795000e-05	2.143112e-03	-2.539584e+00
4.796000e-05	1.135317e-03	-2.431683e+00
4.797000e-05	1.712981e-03	-2.243133e+00
4.798000e-05	2.726611e-03	-2.021633e+00
4.799000e-05	-5.258744e-04	-1.834784e+00
4.800000e-05	-1.188449e-03	-1.674343e+00
4.801000e-05	-1.773999e-03	-1.517341e+00
4.802000e-05	-8.177821e-04	-1.234837e+00
4.803000e-05	-1.480916e-03	-1.054738e+00
4.804000e-05	-1.660191e-03	-9.048143e-01
4.805000e-05	-3.226368e-03	-6.968447e-01
4.806000e-05	-2.669129e-03	-4.732355e-01
4.807000e-05	-2.528414e-03	-3.163631e-01
4.808000e-05	-2.988208e-03	-1.585221e-01
4.809000e-05	-9.001773e-04	1.995006e-02
4.810000e-05	2.211901e-03	2.414504e-01
4.811000e-05	-2.188499e-03	4.309488e-01
4.812000e-05	-1.093964e-03	5.167937e-01
4.813000e-05	-2.633659e-03	7.246917e-01
4.814000e-05	-4.216449e-03	8.625303e-01
4.815000e-05	-4.650664e-03	1.144183e+00
4.816000e-05	4.902327e-04	1.284659e+00
4.817000e-05	1.288228e-02	1.482004e+00
4.818000e-05	6.031379e-02	1.733062e+00
4.819000e-05	1.214206e-02	1.924184e+00
4.820000e-05	-6.125256e-02	2.074058e+00
4.821000e-05	-3.429309e-02	2.272508e+00
4.822000e-05	-7.008128e-02	2.421075e+00
4.823000e-05	-2.128294e-02	2.515796e+00
4.824000e-05	1.398474e-01	2.746269e+00
4.825000e-05	-1.027138e-01	2.873063e+00
4.826000e-05	-1.893814e-02	3.019403e+00
4.827000e-05	1.109905e-01	3.238295e+00
4.828000e-05	-1.427458e-01	3.407801e+00
4.829000e-05	2.371961e-02	3.578372e+00
4.830000e-05	6.696993e-02	3.715087e+00
4.831000e-05	-1.081737e-01	3.896136e+00
4.832000e-05	5.662318e-02	4.111505e+00
4.833000e-05	3.138990e-03	4.274563e+00
4.834000e-05	-5.307484e-02	4.442550e+00
4.835000e-05	2.474847e-02	4.629925e+00
4.836000e-05	-4.561295e-02	4.790424e+00
4.837000e-05	2.483084e-03	4.977800e+00
4.838000e-05	-1.887987e-03	5.210896e+00
4.839000e-05	-1.741828e-02	5.410375e+00
4.840000e-05	3.860897e-03	5.565671e+00
4.841000e-05	-7.051522e-03	5.695110e+00
4.842000e-05	-1.279787e-02	5.903090e+00
4.843000e-05	-4.219466e-02	6.031507e+00
4.844000e-05	-2.542182e-03	6.189769e+00
4.845000e-05	1.422810e-02	6.346137e+00
4.846000e-05	-3.679358e-02	6.423580e+00
4.847000e-05	2.821612e-03	6.567924e+00
4.848000e-05	-2.505400e-02	6.770826e+00
4.849000e-05	-1.557431e-02	6.893691e+00
4.850000e-05	-1.258459e-02	7.041552e+00
4.851000e-05	-2.208217e-02	7.147293e+00
4.852000e-05	2.931787e-03	7.251505e+00
4.853000e-05	-2.211457e-02	7.399356e+00
4.854000e-05	-1.784405e-02	7.587950e+00
4.855000e-05	-2.182202e-02	7.705692e+00
4.856000e-05	-9.184180e-03	7.860976e+00
4.857000e-05	-1.842942e-02	7.966724e+00
4.858000e-05	-2.512963e-02	8.085137e+00
4.859000e-05	-9.879519e-03	8.228921e+00
4.860000e-05	-1.673440e-02	8.345720e+00
4.861000e-05	-2.284608e-02	8.421003e+00
4.862000e-05	-2.422018e-02	8.485163e+00
4.863000e-05	-1.587433e-02	8.586927e+00
4.864000e-05	-1.966256e-02	8.663136e+00
4.865000e-05	-2.443865e-02	8.748272e+00
4.866000e-05	-2.106986e-02	8.841037e+00
4.867000e-05	-1.802189e-02	8.907718e+00
4.868000e-05	-2.555351e-02	9.021886e+00
4.869000e-05	-2.465595e-02	9.138298e+00
4.870000e-05	-2.068601e-02	9.231529e+00
4.871000e-05	-2.249340e-02	9.263164e+00
4.872000e-05	-2.867930e-02	9.347721e+00
4.873000e-05	-2.654366e-02	9.430533e+00
4.874000e-05	-2.217844e-02	9.483717e+00
4.875000e-05	-2.767064e-02	9.545246e+00
4.876000e-05	-2.787626e-02	9.579904e+00
4.877000e-05	-2.659001e-02	9.653061e+00
4.878000e-05	-2.593366e-02	9.715223e+00
4.879000e-05	-3.004155e-02	9.706849e+00
4.880000e-05	-2.980479e-02	9.769981e+00
4.881000e-05	-3.022254e-02	9.855213e+00
4.882000e-05	-3.144932e-02	9.864792e+00
4.883000e-05	-3.140222e-02	9.947871e+00
4.884000e-05	-2.938776e-02	9.948426e+00
4.885000e-05	-3.021629e-02	9.949529e+00
4.886000e-05	-3.511015e-02	1.003103e+01
4.887000e-05	-3.430936e-02	1.001208e+01
4.888000e-05	-3.297805e-02	1.004208e+01
4.889000e-05	-3.440117e-02	1.003361e+01
4.890000e-05	-3.580947e-02	1.004209e+01
4.891000e-05	-3.681027e-02	1.005419e+01
4.892000e-05	-3.663512e-02	1.006366e+01
4.893000e-05	-3.824309e-02	1.005319e+01
4.894000e-05	-3.840758e-02	1.004214e+01
4.895000e-05	-3.925508e-02	1.006313e+01
4.896000e-05	-3.927238e-02	1.004206e+01
4.897000e-05	-3.959445e-02	1.002211e+01
4.898000e-05	-4.055539e-02	1.000109e+01
4.899000e-05	-4.327964e-02	1.000008e+01
4.900000e-05	-4.495724e-02	9.990500e+00
4.901000e-05	-4.433254e-02	9.948446e+00
4.902000e-05	-4.501697e-02	9.896743e+00
4.903000e-05	-4.691424e-02	9.844720e+00
4.904000e-05	-4.873939e-02	9.771509e+00
4.905000e-05	-4.932513e-02	9.749054e+00
4.906000e-05	-5.019610e-02	9.694219e+00
4.907000e-05	-5.295732e-02	9.644159e+00
4.908000e-05	-5.471640e-02	9.550422e+00
4.909000e-05	-5.563945e-02	9.485345e+00
4.910000e-05	-5.750627e-02	9.444716e+00
4.911000e-05	-5.892266e-02	9.409532e+00
4.912000e-05	-5.778925e-02	9.286870e+00
4.913000e-05	-5.764585e-02	9.252664e+00
4.914000e-05	-5.739951e-02	9.192081e+00
4.915000e-05	-5.786932e-02	9.128398e+00
4.916000e-05	-5.468761e-02	8.971685e+00
4.917000e-05	-5.406359e-02	8.906798e+00
4.918000e-05	-5.350126e-02	8.782059e+00
4.919000e-05	-5.305702e-02	8.728847e+00
4.920000e-05	-4.958440e-02	8.682709e+00
4.921000e-05	-5.019401e-02	8.529452e+00
4.922000e-05	-4.560284e-02	8.465215e+00
4.923000e-05	-4.610569e-02	8.381104e+00
4.924000e-05	-4.275539e-02	8.296417e+00
4.925000e-05	-4.279873e-02	8.168102e+00
4.926000e-05	-3.937983e-02	8.024213e+00
4.927000e-05	-3.868799e-02	7.928904e+00
4.928000e-05	-3.610210e-02	7.834183e+00
4.929000e-05	-3.478371e-02	7.706343e+00
4.930000e-05	-3.462951e-02	7.589578e+00
4.931000e-05	-3.416119e-02	7.404367e+00
4.932000e-05	-3.003183e-02	7.283294e+00
4.933000e-05	-2.882332e-02	7.128401e+00
4.934000e-05	-2.864783e-02	7.021610e+00
4.935000e-05	-2.921753e-02	6.874869e+00
4.936000e-05	-2.722209e-02	6.769525e+00
4.937000e-05	-2.473385e-02	6.562708e+00
4.938000e-05	-2.343841e-02	6.402662e+00
4.939000e-05	-2.258598e-02	6.296946e+00
4.940000e-05	-2.304226e-02	6.158073e+00
4.941000e-05	-2.257736e-02	6.023609e+00
4.942000e-05	-2.176936e-02	5.875915e+00
4.943000e-05	-1.994739e-02	5.668967e+00
4.944000e-05	-1.961979e-02	5.507424e+00
4.945000e-05	-1.977375e-02	5.351107e+00
4.946000e-05	-1.783263e-02	5.191185e+00
4.947000e-05	-1.722259e-02	4.991762e+00
4.948000e-05	-1.632541e-02	4.770713e+00
4.949000e-05	-1.668368e-02	4.644787e+00
4.950000e-05	-1.635691e-02	4.475372e+00
4.951000e-05	-1.534660e-02	4.347050e+00
4.952000e-05	-1.403424e-02	4.129127e+00
4.953000e-05	-1.351692e-02	4.020103e+00
4.954000e-05	-1.309069e-02	3.802684e+00
4.955000e-05	-1.298170e-02	3.664314e+00
4.956000e-05	-1.191447e-02	3.528445e+00
4.957000e-05	-1.177425e-02	3.286368e+00
4.958000e-05	-1.054526e-02	3.127001e+00
4.959000e-05	-1.006464e-02	2.961026e+00
4.960000e-05	-1.082491e-02	2.821532e+00
4.961000e-05	-1.011473e-02	2.603835e+00
4.962000e-05	-1.038412e-02	2.392532e+00
4.963000e-05	-8.183870e-03	2.202760e+00
4.964000e-05	-8.442835e-03	2.043313e+00
4.965000e-05	-7.071816e-03	1.876417e+00
4.966000e-05	-7.997161e-03	1.657917e+00
4.967000e-05	-7.345036e-03	1.495921e+00
4.968000e-05	-6.676813e-03	1.305920e+00
4.969000e-05	-6.182969e-03	1.108022e+00
4.970000e-05	-6.063962e-03	8.753153e-01
4.971000e-05	-5.848713e-03	6.958909e-01
4.972000e-05	-5.971411e-03	5.069409e-01
4.973000e-05	-5.455379e-03	3.305248e-01
4.974000e-05	-4.175340e-03	1.379786e-01
4.975000e-05	-9.853128e-04	-3.247519e-02
4.976000e-05	3.612402e-03	-2.094724e-01
4.977000e-05	-1.539818e-03	-3.878160e-01
4.978000e-05	1.381615e-03	-5.266832e-01
4.979000e-05	-1.598824e-03	-7.187406e-01
4.980000e-05	6.457843e-04	-9.046318e-01
4.981000e-05	-1.639980e-03	-1.072476e+00
4.982000e-05	8.924365e-03	-1.220396e+00
4.983000e-05	5.716643e-02	-1.427895e+00
4.984000e-05	5.303183e-02	-1.660978e+00
4.985000e-05	-6.990871e-02	-1.933533e+00
4.986000e-05	-1.158037e-02	-2.185638e+00
4.987000e-05	-9.608280e-02	-2.368290e+00
4.988000e-05	2.775300e-02	-2.400526e+00
4.989000e-05	1.378573e-01	-2.462529e+00
4.990000e-05	-1.537982e-01	-2.714509e+00
4.991000e-05	6.466391e-02	-2.831103e+00
4.992000e-05	8.137432e-02	-2.947119e+00
4.993000e-05	-1.888225e-01	-3.261320e+00
4.994000e-05	1.127853e-01	-3.420950e+00
4.995000e-05	4.346655e-02	-3.535241e+00
4.996000e-05	-1.242383e-01	-3.776187e+00
4.997000e-05	1.633732e-01	-3.966218e+00
4.998000e-05	-6.664671e-02	-4.155062e+00
4.999000e-05	-1.558906e-02	-4.325238e+00
