# 260406_15:28:36.155470
t	CH1	CH2
0.000000e+00	-8.822780e-03	2.275287e+00
1.000000e-08	-7.469750e-03	2.043578e+00
2.000000e-08	-7.770199e-03	1.728917e+00
3.000000e-08	-6.735667e-03	1.453679e+00
4.000000e-08	-6.000076e-03	1.146916e+00
5.000000e-08	-5.445733e-03	8.217526e-01
6.000000e-08	-5.680427e-03	5.568897e-01
7.000000e-08	-5.154066e-03	2.543095e-01
8.000000e-08	-3.631821e-03	-4.297901e-02
9.000000e-08	6.156910e-03	-2.831629e-01
1.000000e-07	-9.669953e-04	-5.168996e-01
1.100000e-07	3.158921e-04	-8.110328e-01
1.200000e-07	-7.241890e-04	-1.062637e+00
1.300000e-07	8.070779e-04	-1.359395e+00
1.400000e-07	-1.959969e-03	-1.644062e+00
1.500000e-07	1.678279e-02	-1.874209e+00
1.600000e-07	6.787848e-02	-2.094037e+00
1.700000e-07	6.276838e-02	-2.392035e+00
1.800000e-07	-1.119642e-01	-2.831053e+00
1.900000e-07	2.362853e-02	-3.180029e+00
2.000000e-07	-5.052651e-02	-3.400581e+00
2.100000e-07	-3.134683e-02	-3.581554e+00
2.200000e-07	-6.026991e-02	-3.810628e+00
2.300000e-07	2.154395e-01	-3.972055e+00
2.400000e-07	-1.892299e-01	-4.295820e+00
2.500000e-07	1.381850e-01	-4.550438e+00
2.600000e-07	-9.646520e-03	-4.843532e+00
2.700000e-07	-1.001860e-01	-5.108316e+00
2.800000e-07	1.667555e-01	-5.411430e+00
2.900000e-07	-1.643709e-01	-5.708871e+00
3.000000e-07	1.526400e-01	-5.969396e+00
3.100000e-07	-3.260039e-02	-6.204133e+00
3.200000e-07	-5.112838e-02	-6.519846e+00
3.300000e-07	1.120140e-01	-6.759974e+00
3.400000e-07	-1.329835e-01	-7.124841e+00
3.500000e-07	1.363798e-01	-7.307900e+00
3.600000e-07	-1.035551e-01	-7.600550e+00
3.700000e-07	8.611945e-02	-7.884890e+00
3.800000e-07	1.787526e-02	-8.157319e+00
3.900000e-07	-4.906800e-02	-8.381974e+00
4.000000e-07	9.840511e-02	-8.624086e+00
4.100000e-07	-9.022907e-02	-8.866817e+00
4.200000e-07	8.601721e-02	-9.065817e+00
4.300000e-07	-6.163366e-02	-9.298867e+00
4.400000e-07	7.300275e-02	-9.541026e+00
4.500000e-07	2.523303e-04	-9.791053e+00
4.600000e-07	2.970498e-03	-9.982579e+00
4.700000e-07	1.764132e-02	-1.015250e+01
4.800000e-07	-1.450685e-02	-1.043423e+01
4.900000e-07	5.801964e-02	-1.059250e+01
5.000000e-07	-3.114656e-02	-1.083350e+01
5.100000e-07	5.761944e-02	-1.100208e+01
5.200000e-07	-1.703951e-02	-1.119513e+01
5.300000e-07	3.907217e-02	-1.139453e+01
5.400000e-07	-1.755463e-02	-1.163163e+01
5.500000e-07	4.340474e-02	-1.180310e+01
5.600000e-07	7.757137e-03	-1.200347e+01
5.700000e-07	1.863961e-02	-1.218200e+01
5.800000e-07	1.099736e-02	-1.225997e+01
5.900000e-07	2.440873e-02	-1.249934e+01
6.000000e-07	2.504072e-02	-1.267526e+01
6.100000e-07	4.993218e-03	-1.282666e+01
6.200000e-07	3.008721e-02	-1.298206e+01
6.300000e-07	1.156581e-02	-1.313045e+01
6.400000e-07	3.173544e-02	-1.329931e+01
6.500000e-07	9.533682e-03	-1.344423e+01
6.600000e-07	3.894267e-02	-1.356152e+01
6.700000e-07	1.703272e-02	-1.369742e+01
6.800000e-07	2.685191e-02	-1.385516e+01
6.900000e-07	2.091205e-02	-1.395993e+01
7.000000e-07	3.522008e-02	-1.406977e+01
7.100000e-07	2.519345e-02	-1.419558e+01
7.200000e-07	2.683581e-02	-1.430942e+01
7.300000e-07	3.133130e-02	-1.438461e+01
7.400000e-07	3.141094e-02	-1.452034e+01
7.500000e-07	3.332837e-02	-1.458100e+01
7.600000e-07	3.316750e-02	-1.462521e+01
7.700000e-07	3.712567e-02	-1.473145e+01
7.800000e-07	3.318781e-02	-1.481520e+01
7.900000e-07	3.548168e-02	-1.488781e+01
8.000000e-07	3.931782e-02	-1.492047e+01
8.100000e-07	4.140903e-02	-1.499355e+01
8.200000e-07	3.935891e-02	-1.500418e+01
8.300000e-07	4.289493e-02	-1.505626e+01
8.400000e-07	4.385519e-02	-1.507786e+01
8.500000e-07	4.528209e-02	-1.512887e+01
8.600000e-07	4.619877e-02	-1.517347e+01
8.700000e-07	5.093632e-02	-1.515398e+01
8.800000e-07	5.113353e-02	-1.521715e+01
8.900000e-07	5.268437e-02	-1.517563e+01
9.000000e-07	5.430812e-02	-1.519658e+01
9.100000e-07	5.683255e-02	-1.518713e+01
9.200000e-07	5.819374e-02	-1.522565e+01
9.300000e-07	5.747601e-02	-1.518513e+01
9.400000e-07	6.382358e-02	-1.518318e+01
9.500000e-07	6.840904e-02	-1.519497e+01
9.600000e-07	6.864132e-02	-1.516395e+01
9.700000e-07	7.589637e-02	-1.515137e+01
9.800000e-07	7.784974e-02	-1.509879e+01
9.900000e-07	8.298260e-02	-1.505671e+01
1.000000e-06	8.646953e-02	-1.501455e+01
1.010000e-06	9.274304e-02	-1.494002e+01
1.020000e-06	9.850437e-02	-1.490974e+01
1.030000e-06	1.021793e-01	-1.483573e+01
1.040000e-06	1.039727e-01	-1.473300e+01
1.050000e-06	1.022078e-01	-1.466733e+01
1.060000e-06	9.704364e-02	-1.457158e+01
1.070000e-06	9.500775e-02	-1.452031e+01
1.080000e-06	8.989447e-02	-1.441165e+01
1.090000e-06	8.312736e-02	-1.428829e+01
1.100000e-06	7.398595e-02	-1.419413e+01
1.110000e-06	6.881397e-02	-1.410869e+01
1.120000e-06	6.475781e-02	-1.392247e+01
1.130000e-06	5.988700e-02	-1.382471e+01
1.140000e-06	5.698109e-02	-1.368946e+01
1.150000e-06	5.364334e-02	-1.357205e+01
1.160000e-06	4.840102e-02	-1.343573e+01
1.170000e-06	4.364645e-02	-1.333231e+01
1.180000e-06	4.112734e-02	-1.313152e+01
1.190000e-06	3.780713e-02	-1.300416e+01
1.200000e-06	3.580815e-02	-1.288834e+01
1.210000e-06	3.224424e-02	-1.273139e+01
1.220000e-06	3.061166e-02	-1.259305e+01
1.230000e-06	3.090533e-02	-1.243560e+01
1.240000e-06	3.086768e-02	-1.226613e+01
1.250000e-06	2.741029e-02	-1.214681e+01
1.260000e-06	2.384917e-02	-1.191784e+01
1.270000e-06	2.260480e-02	-1.172084e+01
1.280000e-06	2.421802e-02	-1.151886e+01
1.290000e-06	2.154233e-02	-1.126879e+01
1.300000e-06	1.919526e-02	-1.104624e+01
1.310000e-06	1.814543e-02	-1.088618e+01
1.320000e-06	1.752443e-02	-1.067724e+01
1.330000e-06	1.795783e-02	-1.049836e+01
1.340000e-06	1.745326e-02	-1.025623e+01
1.350000e-06	1.603634e-02	-1.006518e+01
1.360000e-06	1.473363e-02	-9.814105e+00
1.370000e-06	1.358937e-02	-9.644652e+00
1.380000e-06	1.056025e-02	-9.403603e+00
1.390000e-06	1.175328e-02	-9.159945e+00
1.400000e-06	1.072777e-02	-8.939892e+00
1.410000e-06	1.041348e-02	-8.697213e+00
1.420000e-06	8.124871e-03	-8.467259e+00
1.430000e-06	7.997990e-03	-8.214103e+00
1.440000e-06	9.507445e-03	-8.033601e+00
1.450000e-06	8.489380e-03	-7.739891e+00
1.460000e-06	6.570917e-03	-7.454683e+00
1.470000e-06	5.766243e-03	-7.243575e+00
1.480000e-06	5.118176e-03	-6.938970e+00
1.490000e-06	4.847079e-03	-6.737288e+00
1.500000e-06	4.037896e-03	-6.495180e+00
1.510000e-06	3.594679e-03	-6.211127e+00
1.520000e-06	3.706228e-03	-5.937791e+00
1.530000e-06	3.127364e-03	-5.702207e+00
1.540000e-06	2.906167e-03	-5.402951e+00
1.550000e-06	3.652583e-03	-5.107737e+00
1.560000e-06	2.984294e-03	-4.781002e+00
1.570000e-06	1.811166e-03	-4.455839e+00
1.580000e-06	8.025525e-04	-4.305257e+00
1.590000e-06	9.686236e-04	-4.033528e+00
1.600000e-06	1.056424e-03	-3.737787e+00
1.610000e-06	-1.266765e-03	-3.444702e+00
1.620000e-06	-2.165480e-04	-3.229496e+00
1.630000e-06	-2.700354e-03	-2.875239e+00
1.640000e-06	-3.909500e-04	-2.631003e+00
1.650000e-06	-1.955270e-03	-2.388990e+00
1.660000e-06	-4.380512e-04	-2.063054e+00
1.670000e-06	-2.799430e-03	-1.759946e+00
1.680000e-06	-1.586423e-03	-1.496336e+00
1.690000e-06	-4.907027e-03	-1.157869e+00
1.700000e-06	-2.984400e-03	-8.647105e-01
1.710000e-06	-5.247086e-03	-6.083650e-01
1.720000e-06	-3.058189e-03	-3.463619e-01
1.730000e-06	-4.840172e-03	-1.005388e-02
1.740000e-06	5.277137e-03	2.531578e-01
1.750000e-06	3.418540e-03	4.962396e-01
1.760000e-06	-2.938963e-03	7.485248e-01
1.770000e-06	2.410357e-03	1.043683e+00
1.780000e-06	-4.385398e-03	1.316365e+00
1.790000e-06	-2.371447e-04	1.673284e+00
1.800000e-06	-3.785919e-03	1.926736e+00
1.810000e-06	2.087577e-02	2.055787e+00
1.820000e-06	6.763507e-02	2.380450e+00
1.830000e-06	2.761651e-02	2.717417e+00
1.840000e-06	-9.465824e-02	3.041458e+00
1.850000e-06	-1.162709e-02	3.285632e+00
1.860000e-06	-3.222761e-02	3.590447e+00
1.870000e-06	-2.570987e-02	3.834678e+00
1.880000e-06	-5.769196e-02	4.002127e+00
1.890000e-06	1.100225e-01	4.255209e+00
1.900000e-06	1.677764e-03	4.558946e+00
1.910000e-06	-1.192598e-01	4.758499e+00
1.920000e-06	1.825016e-01	5.077816e+00
1.930000e-06	-1.740755e-01	5.392558e+00
1.940000e-06	7.825724e-02	5.698211e+00
1.950000e-06	-3.296224e-02	5.939497e+00
1.960000e-06	1.596077e-03	6.192049e+00
1.970000e-06	1.648498e-02	6.494840e+00
1.980000e-06	-4.948784e-02	6.757950e+00
1.990000e-06	3.897301e-02	7.013629e+00
2.000000e-06	-5.102200e-02	7.255283e+00
2.010000e-06	5.289499e-03	7.601073e+00
2.020000e-06	-3.251337e-02	7.805608e+00
2.030000e-06	6.777613e-03	8.109441e+00
2.040000e-06	2.763169e-02	8.370396e+00
2.050000e-06	-5.334739e-02	8.580974e+00
2.060000e-06	1.131353e-02	8.803174e+00
2.070000e-06	-2.232715e-02	9.068208e+00
2.080000e-06	-1.200180e-02	9.265832e+00
2.090000e-06	-2.003314e-02	9.487363e+00
2.100000e-06	-9.344308e-03	9.731418e+00
2.110000e-06	1.896061e-03	9.950446e+00
2.120000e-06	-2.516617e-02	1.015100e+01
2.130000e-06	-2.054010e-02	1.039400e+01
2.140000e-06	-1.891309e-02	1.056503e+01
2.150000e-06	-3.648848e-03	1.076208e+01
2.160000e-06	-2.094182e-02	1.098207e+01
2.170000e-06	-2.312394e-02	1.116042e+01
2.180000e-06	-6.285394e-03	1.142455e+01
2.190000e-06	-1.615112e-02	1.157303e+01
2.200000e-06	-2.729680e-02	1.176407e+01
2.210000e-06	-2.079907e-02	1.193150e+01
2.220000e-06	-1.246872e-02	1.211112e+01
2.230000e-06	-2.083908e-02	1.232884e+01
2.240000e-06	-2.909980e-02	1.247884e+01
2.250000e-06	-1.658355e-02	1.263468e+01
2.260000e-06	-2.085816e-02	1.279413e+01
2.270000e-06	-2.705278e-02	1.292097e+01
2.280000e-06	-2.876815e-02	1.308947e+01
2.290000e-06	-2.116376e-02	1.328787e+01
2.300000e-06	-2.536626e-02	1.335418e+01
2.310000e-06	-3.352352e-02	1.356249e+01
2.320000e-06	-2.397448e-02	1.368839e+01
2.330000e-06	-2.745144e-02	1.381616e+01
2.340000e-06	-2.956112e-02	1.394252e+01
2.350000e-06	-3.673359e-02	1.411097e+01
2.360000e-06	-2.698523e-02	1.416573e+01
2.370000e-06	-3.307373e-02	1.438352e+01
2.380000e-06	-3.595505e-02	1.446671e+01
2.390000e-06	-3.514130e-02	1.454147e+01
2.400000e-06	-3.587378e-02	1.463621e+01
2.410000e-06	-3.599914e-02	1.470934e+01
2.420000e-06	-4.094685e-02	1.478352e+01
2.430000e-06	-3.625620e-02	1.488368e+01
2.440000e-06	-4.429822e-02	1.491984e+01
2.450000e-06	-4.226047e-02	1.495247e+01
2.460000e-06	-4.662215e-02	1.500410e+01
2.470000e-06	-4.285851e-02	1.504626e+01
2.480000e-06	-4.810498e-02	1.509882e+01
2.490000e-06	-5.016677e-02	1.512302e+01
2.500000e-06	-4.964756e-02	1.519360e+01
2.510000e-06	-5.535351e-02	1.521675e+01
2.520000e-06	-5.422321e-02	1.523723e+01
2.530000e-06	-5.762981e-02	1.524828e+01
2.540000e-06	-5.414097e-02	1.525923e+01
2.550000e-06	-6.141440e-02	1.529031e+01
2.560000e-06	-6.137803e-02	1.526979e+01
2.570000e-06	-6.354546e-02	1.525086e+01
2.580000e-06	-6.644060e-02	1.527833e+01
2.590000e-06	-6.933176e-02	1.527621e+01
2.600000e-06	-7.224607e-02	1.523731e+01
2.610000e-06	-7.255086e-02	1.519671e+01
2.620000e-06	-7.949444e-02	1.520618e+01
2.630000e-06	-8.173982e-02	1.515405e+01
2.640000e-06	-8.819205e-02	1.514340e+01
2.650000e-06	-9.246837e-02	1.505836e+01
2.660000e-06	-9.901488e-02	1.505670e+01
2.670000e-06	-1.034214e-01	1.499305e+01
2.680000e-06	-1.060727e-01	1.492038e+01
2.690000e-06	-1.091488e-01	1.485563e+01
2.700000e-06	-1.074259e-01	1.476155e+01
2.710000e-06	-1.075674e-01	1.471936e+01
2.720000e-06	-1.015484e-01	1.461510e+01
2.730000e-06	-9.716519e-02	1.455284e+01
2.740000e-06	-8.813936e-02	1.438363e+01
2.750000e-06	-8.414297e-02	1.428997e+01
2.760000e-06	-7.877439e-02	1.419305e+01
2.770000e-06	-7.412415e-02	1.405976e+01
2.780000e-06	-6.780675e-02	1.391344e+01
2.790000e-06	-6.450669e-02	1.380365e+01
2.800000e-06	-6.037296e-02	1.369986e+01
2.810000e-06	-5.682974e-02	1.349147e+01
2.820000e-06	-5.127849e-02	1.341308e+01
2.830000e-06	-5.069001e-02	1.326831e+01
2.840000e-06	-4.614789e-02	1.311094e+01
2.850000e-06	-4.468906e-02	1.301355e+01
2.860000e-06	-4.109250e-02	1.281728e+01
2.870000e-06	-4.024208e-02	1.266776e+01
2.880000e-06	-3.704375e-02	1.253092e+01
2.890000e-06	-3.744926e-02	1.240400e+01
2.900000e-06	-3.469882e-02	1.222453e+01
2.910000e-06	-3.449491e-02	1.201708e+01
2.920000e-06	-3.104587e-02	1.185566e+01
2.930000e-06	-3.004248e-02	1.166725e+01
2.940000e-06	-2.891491e-02	1.141668e+01
2.950000e-06	-2.720424e-02	1.125764e+01
2.960000e-06	-2.749420e-02	1.100863e+01
2.970000e-06	-2.614471e-02	1.089775e+01
2.980000e-06	-2.619021e-02	1.065613e+01
2.990000e-06	-2.428653e-02	1.043620e+01
3.000000e-06	-2.347467e-02	1.018360e+01
3.010000e-06	-2.229397e-02	1.000455e+01
3.020000e-06	-2.147018e-02	9.762920e+00
3.030000e-06	-1.980741e-02	9.548391e+00
3.040000e-06	-1.964258e-02	9.298408e+00
3.050000e-06	-2.072724e-02	9.087839e+00
3.060000e-06	-2.015327e-02	8.866704e+00
3.070000e-06	-1.975242e-02	8.623522e+00
3.080000e-06	-1.730998e-02	8.422045e+00
3.090000e-06	-1.710351e-02	8.149512e+00
3.100000e-06	-1.775800e-02	7.907762e+00
3.110000e-06	-1.737643e-02	7.655705e+00
3.120000e-06	-1.622369e-02	7.372021e+00
3.130000e-06	-1.466561e-02	7.098288e+00
3.140000e-06	-1.412318e-02	6.865312e+00
3.150000e-06	-1.357473e-02	6.643655e+00
3.160000e-06	-1.461081e-02	6.409394e+00
3.170000e-06	-1.315606e-02	6.117812e+00
3.180000e-06	-1.303918e-02	5.884155e+00
3.190000e-06	-1.265580e-02	5.582470e+00
3.200000e-06	-1.234002e-02	5.309261e+00
3.210000e-06	-1.255565e-02	4.980995e+00
3.220000e-06	-1.122490e-02	4.726208e+00
3.230000e-06	-1.095358e-02	4.464628e+00
3.240000e-06	-9.023641e-03	4.119341e+00
3.250000e-06	-9.623337e-03	3.867710e+00
3.260000e-06	-1.011448e-02	3.643129e+00
3.270000e-06	-1.071368e-02	3.310418e+00
3.280000e-06	-8.425832e-03	3.044678e+00
3.290000e-06	-7.943868e-03	2.831047e+00
3.300000e-06	-7.577612e-03	2.506835e+00
3.310000e-06	-8.859774e-03	2.200498e+00
3.320000e-06	-7.978216e-03	1.957367e+00
3.330000e-06	-6.686910e-03	1.665154e+00
3.340000e-06	-5.947892e-03	1.367267e+00
3.350000e-06	-5.729991e-03	1.032523e+00
3.360000e-06	-6.342565e-03	7.458370e-01
3.370000e-06	-6.247371e-03	4.831317e-01
3.380000e-06	-3.946264e-03	1.897686e-01
3.390000e-06	-1.595539e-03	-1.152918e-01
3.400000e-06	1.069482e-02	-4.184473e-01
3.410000e-06	-6.428166e-03	-6.415290e-01
3.420000e-06	5.561680e-03	-8.958656e-01
3.430000e-06	-5.959572e-03	-1.159400e+00
3.440000e-06	4.963863e-03	-1.495287e+00
3.450000e-06	-3.904999e-03	-1.695292e+00
3.460000e-06	3.080814e-02	-1.927895e+00
3.470000e-06	9.181508e-02	-2.200456e+00
3.480000e-06	-1.507356e-02	-2.577430e+00
3.490000e-06	-6.973883e-02	-2.938822e+00
3.500000e-06	7.206310e-03	-3.235664e+00
3.510000e-06	-3.632620e-02	-3.453659e+00
3.520000e-06	-7.465767e-02	-3.634686e+00
3.530000e-06	5.675935e-02	-3.877363e+00
3.540000e-06	1.258095e-01	-4.065216e+00
3.550000e-06	-1.921049e-01	-4.381051e+00
3.560000e-06	2.195919e-01	-4.651564e+00
3.570000e-06	-1.707614e-01	-4.947820e+00
3.580000e-06	5.845107e-02	-5.233530e+00
3.590000e-06	4.892749e-02	-5.516321e+00
3.600000e-06	-1.082775e-01	-5.813654e+00
3.610000e-06	1.845020e-01	-6.002053e+00
3.620000e-06	-1.391575e-01	-6.357393e+00
3.630000e-06	7.067768e-02	-6.633155e+00
3.640000e-06	2.930903e-03	-6.903765e+00
3.650000e-06	-5.581446e-02	-7.172581e+00
3.660000e-06	1.083892e-01	-7.383076e+00
3.670000e-06	-1.203609e-01	-7.716348e+00
3.680000e-06	1.533117e-01	-7.959021e+00
3.690000e-06	-8.478378e-02	-8.212627e+00
3.700000e-06	5.091841e-02	-8.476313e+00
3.710000e-06	2.284443e-02	-8.688395e+00
3.720000e-06	-4.070900e-02	-8.981975e+00
3.730000e-06	6.457033e-02	-9.149049e+00
3.740000e-06	-6.442697e-02	-9.430010e+00
3.750000e-06	1.040211e-01	-9.635134e+00
3.760000e-06	-4.798025e-02	-9.814684e+00
3.770000e-06	4.969421e-02	-1.004529e+01
3.780000e-06	-2.869130e-02	-1.025626e+01
3.790000e-06	3.596704e-02	-1.050581e+01
3.800000e-06	1.479304e-02	-1.063659e+01
3.810000e-06	-4.899143e-05	-1.087779e+01
3.820000e-06	4.079647e-02	-1.105416e+01
3.830000e-06	-9.417822e-03	-1.125489e+01
3.840000e-06	3.239912e-02	-1.140468e+01
3.850000e-06	-1.484638e-02	-1.163729e+01
3.860000e-06	5.414847e-02	-1.187676e+01
3.870000e-06	-7.632361e-03	-1.203526e+01
3.880000e-06	3.119761e-02	-1.222313e+01
3.890000e-06	8.710657e-04	-1.235502e+01
3.900000e-06	4.054064e-02	-1.259050e+01
3.910000e-06	6.269331e-03	-1.271982e+01
3.920000e-06	1.993638e-02	-1.292827e+01
3.930000e-06	2.145253e-02	-1.301613e+01
3.940000e-06	2.180688e-02	-1.318205e+01
3.950000e-06	2.213175e-02	-1.330047e+01
3.960000e-06	1.861758e-02	-1.347672e+01
3.970000e-06	3.522767e-02	-1.358550e+01
3.980000e-06	1.606333e-02	-1.374295e+01
3.990000e-06	2.837418e-02	-1.387831e+01
4.000000e-06	2.269485e-02	-1.398258e+01
4.010000e-06	3.643145e-02	-1.412194e+01
4.020000e-06	2.099949e-02	-1.426676e+01
4.030000e-06	3.149609e-02	-1.434095e+01
4.040000e-06	2.988718e-02	-1.443726e+01
4.050000e-06	3.303169e-02	-1.450997e+01
4.060000e-06	3.081794e-02	-1.460358e+01
4.070000e-06	3.529098e-02	-1.465831e+01
4.080000e-06	3.647879e-02	-1.472155e+01
4.090000e-06	3.369696e-02	-1.484623e+01
4.100000e-06	3.548262e-02	-1.490779e+01
4.110000e-06	4.014088e-02	-1.497095e+01
4.120000e-06	4.068578e-02	-1.501412e+01
4.130000e-06	3.984714e-02	-1.505516e+01
4.140000e-06	4.283414e-02	-1.507571e+01
4.150000e-06	4.443608e-02	-1.510934e+01
4.160000e-06	4.606473e-02	-1.513087e+01
4.170000e-06	4.622831e-02	-1.518047e+01
4.180000e-06	5.138327e-02	-1.519108e+01
4.190000e-06	5.100713e-02	-1.518600e+01
4.200000e-06	5.344657e-02	-1.520508e+01
4.210000e-06	5.544713e-02	-1.524720e+01
4.220000e-06	5.708629e-02	-1.524666e+01
4.230000e-06	5.791394e-02	-1.518813e+01
4.240000e-06	6.010845e-02	-1.523558e+01
4.250000e-06	6.535169e-02	-1.519560e+01
4.260000e-06	6.777142e-02	-1.516305e+01
4.270000e-06	7.021533e-02	-1.514192e+01
4.280000e-06	7.542030e-02	-1.510830e+01
4.290000e-06	7.917247e-02	-1.507734e+01
4.300000e-06	8.369924e-02	-1.502421e+01
4.310000e-06	9.036769e-02	-1.497408e+01
4.320000e-06	9.599542e-02	-1.496199e+01
4.330000e-06	1.001640e-01	-1.487939e+01
4.340000e-06	1.011919e-01	-1.481660e+01
4.350000e-06	1.025525e-01	-1.471095e+01
4.360000e-06	1.009534e-01	-1.465816e+01
4.370000e-06	9.697146e-02	-1.458152e+01
4.380000e-06	9.229606e-02	-1.445824e+01
4.390000e-06	8.709123e-02	-1.436453e+01
4.400000e-06	8.018101e-02	-1.426831e+01
4.410000e-06	7.423911e-02	-1.418048e+01
4.420000e-06	6.809077e-02	-1.402468e+01
4.430000e-06	6.383149e-02	-1.387889e+01
4.440000e-06	5.752508e-02	-1.377402e+01
4.450000e-06	5.356551e-02	-1.365788e+01
4.460000e-06	5.146284e-02	-1.354034e+01
4.470000e-06	4.631756e-02	-1.341313e+01
4.480000e-06	4.300137e-02	-1.326621e+01
4.490000e-06	3.941771e-02	-1.308096e+01
4.500000e-06	3.723859e-02	-1.302300e+01
4.510000e-06	3.505268e-02	-1.285671e+01
4.520000e-06	3.297416e-02	-1.266716e+01
4.530000e-06	3.201545e-02	-1.256039e+01
4.540000e-06	2.899031e-02	-1.237200e+01
4.550000e-06	2.745737e-02	-1.224358e+01
4.560000e-06	2.632031e-02	-1.204723e+01
4.570000e-06	2.427681e-02	-1.189821e+01
4.580000e-06	2.372114e-02	-1.161513e+01
4.590000e-06	2.240547e-02	-1.146515e+01
4.600000e-06	2.104596e-02	-1.122513e+01
4.610000e-06	1.988844e-02	-1.099412e+01
4.620000e-06	1.820125e-02	-1.079255e+01
4.630000e-06	1.763426e-02	-1.062558e+01
4.640000e-06	1.715792e-02	-1.044558e+01
4.650000e-06	1.422161e-02	-1.019307e+01
4.660000e-06	1.554238e-02	-9.971519e+00
4.670000e-06	1.484348e-02	-9.749972e+00
4.680000e-06	1.366645e-02	-9.529469e+00
4.690000e-06	1.115917e-02	-9.319337e+00
4.700000e-06	1.121654e-02	-9.097138e+00
4.710000e-06	1.080483e-02	-8.896307e+00
4.720000e-06	9.438029e-03	-8.624080e+00
4.730000e-06	8.035606e-03	-8.402548e+00
4.740000e-06	8.420007e-03	-8.178945e+00
4.750000e-06	7.776449e-03	-7.939266e+00
4.760000e-06	6.478960e-03	-7.655028e+00
4.770000e-06	7.295014e-03	-7.330874e+00
4.780000e-06	5.544016e-03	-7.180847e+00
4.790000e-06	5.965693e-03	-6.885237e+00
4.800000e-06	4.051859e-03	-6.652550e+00
4.810000e-06	5.247575e-03	-6.411471e+00
4.820000e-06	3.194677e-03	-6.097365e+00
4.830000e-06	4.557841e-03	-5.863709e+00
4.840000e-06	1.355523e-03	-5.582596e+00
4.850000e-06	3.580991e-03	-5.296812e+00
4.860000e-06	1.524991e-03	-5.011500e+00
4.870000e-06	2.885779e-03	-4.645262e+00
4.880000e-06	1.276027e-03	-4.432103e+00
4.890000e-06	3.001083e-03	-4.231525e+00
4.900000e-06	5.645485e-04	-3.968961e+00
4.910000e-06	6.757951e-04	-3.673683e+00
4.920000e-06	-1.410929e-03	-3.389346e+00
4.930000e-06	-8.720526e-05	-3.116266e+00
4.940000e-06	-2.636203e-03	-2.800550e+00
4.950000e-06	-4.256392e-04	-2.568793e+00
4.960000e-06	-1.711272e-03	-2.232176e+00
4.970000e-06	-1.430104e-03	-1.988394e+00
4.980000e-06	-3.712287e-03	-1.714057e+00
4.990000e-06	-2.345672e-03	-1.390423e+00
5.000000e-06	-3.370171e-03	-1.091608e+00
5.010000e-06	-3.993212e-03	-7.714936e-01
5.020000e-06	-3.805939e-03	-4.821617e-01
5.030000e-06	-2.984097e-03	-2.115227e-01
5.040000e-06	-1.980860e-03	2.363427e-02
5.050000e-06	7.675547e-03	3.489722e-01
5.060000e-06	-4.298050e-03	5.980026e-01
5.070000e-06	1.571358e-03	8.130582e-01
5.080000e-06	-3.864536e-03	1.197923e+00
5.090000e-06	1.135982e-04	1.432079e+00
5.100000e-06	-6.098247e-03	1.728868e+00
5.110000e-06	6.384798e-03	1.958970e+00
5.120000e-06	2.624797e-02	2.170022e+00
5.130000e-06	8.939145e-02	2.474687e+00
5.140000e-06	-4.386629e-02	2.821099e+00
5.150000e-06	-5.620747e-02	3.096396e+00
5.160000e-06	-2.736759e-02	3.351001e+00
5.170000e-06	-1.102092e-02	3.624662e+00
5.180000e-06	-6.321590e-02	3.934263e+00
5.190000e-06	-4.563120e-03	4.065238e+00
5.200000e-06	1.301738e-01	4.358967e+00
5.210000e-06	-1.093131e-01	4.614178e+00
5.220000e-06	1.959449e-02	4.883154e+00
5.230000e-06	7.629653e-02	5.212160e+00
5.240000e-06	-1.426859e-01	5.487287e+00
5.250000e-06	9.748613e-02	5.770049e+00
5.260000e-06	-6.321022e-02	6.032608e+00
5.270000e-06	3.632615e-02	6.257787e+00
5.280000e-06	-2.126170e-02	6.550975e+00
5.290000e-06	-2.696378e-02	6.804659e+00
5.300000e-06	3.221805e-02	7.066816e+00
5.310000e-06	-5.954781e-02	7.353570e+00
5.320000e-06	2.295404e-02	7.644784e+00
5.330000e-06	-5.428924e-02	7.938948e+00
5.340000e-06	4.403164e-02	8.203606e+00
5.350000e-06	-1.051299e-02	8.412659e+00
5.360000e-06	-4.078801e-02	8.605631e+00
5.370000e-06	2.168599e-02	8.907361e+00
5.380000e-06	-4.154593e-02	9.130392e+00
5.390000e-06	8.877743e-03	9.359949e+00
5.400000e-06	-4.331982e-02	9.570529e+00
5.410000e-06	2.206306e-02	9.833580e+00
5.420000e-06	-2.619058e-02	1.002463e+01
5.430000e-06	-1.226078e-02	1.018515e+01
5.440000e-06	-2.976408e-02	1.044766e+01
5.450000e-06	-9.094942e-03	1.065678e+01
5.460000e-06	-5.712730e-03	1.081578e+01
5.470000e-06	-3.241492e-02	1.100619e+01
5.480000e-06	-5.754636e-03	1.123371e+01
5.490000e-06	-1.799691e-02	1.146671e+01
5.500000e-06	-9.432712e-03	1.160769e+01
5.510000e-06	-4.005793e-02	1.182366e+01
5.520000e-06	-4.578579e-03	1.203513e+01
5.530000e-06	-2.076749e-02	1.217458e+01
5.540000e-06	-2.100875e-02	1.235253e+01
5.550000e-06	-2.870762e-02	1.253942e+01
5.560000e-06	-1.576418e-02	1.269844e+01
5.570000e-06	-2.047253e-02	1.283521e+01
5.580000e-06	-3.404011e-02	1.295363e+01
5.590000e-06	-1.772362e-02	1.313257e+01
5.600000e-06	-2.637303e-02	1.332994e+01
5.610000e-06	-2.384474e-02	1.348618e+01
5.620000e-06	-3.765374e-02	1.360418e+01
5.630000e-06	-1.885652e-02	1.379254e+01
5.640000e-06	-3.088987e-02	1.388882e+01
5.650000e-06	-3.142661e-02	1.396670e+01
5.660000e-06	-3.338885e-02	1.417359e+01
5.670000e-06	-2.884080e-02	1.422729e+01
5.680000e-06	-3.219491e-02	1.442517e+01
5.690000e-06	-3.966149e-02	1.444884e+01
5.700000e-06	-3.043298e-02	1.460358e+01
5.710000e-06	-3.935906e-02	1.464726e+01
5.720000e-06	-3.637115e-02	1.474089e+01
5.730000e-06	-4.192941e-02	1.476465e+01
5.740000e-06	-3.672689e-02	1.487626e+01
5.750000e-06	-4.372734e-02	1.489942e+01
5.760000e-06	-4.496237e-02	1.497397e+01
5.770000e-06	-4.411465e-02	1.499616e+01
5.780000e-06	-4.554011e-02	1.504783e+01
5.790000e-06	-4.639687e-02	1.508044e+01
5.800000e-06	-5.092478e-02	1.514452e+01
5.810000e-06	-4.920066e-02	1.516305e+01
5.820000e-06	-5.569804e-02	1.522723e+01
5.830000e-06	-5.400128e-02	1.520628e+01
5.840000e-06	-5.634587e-02	1.522884e+01
5.850000e-06	-5.720814e-02	1.526888e+01
5.860000e-06	-5.976355e-02	1.529034e+01
5.870000e-06	-6.313557e-02	1.529936e+01
5.880000e-06	-6.295272e-02	1.520937e+01
5.890000e-06	-6.887085e-02	1.528981e+01
5.900000e-06	-6.856872e-02	1.524881e+01
5.910000e-06	-7.205030e-02	1.527826e+01
5.920000e-06	-7.447457e-02	1.524718e+01
5.930000e-06	-8.005870e-02	1.516523e+01
5.940000e-06	-8.417615e-02	1.515145e+01
5.950000e-06	-8.884040e-02	1.509902e+01
5.960000e-06	-9.612736e-02	1.506781e+01
5.970000e-06	-1.003232e-01	1.502563e+01
5.980000e-06	-1.054285e-01	1.494205e+01
5.990000e-06	-1.061909e-01	1.487931e+01
6.000000e-06	-1.089700e-01	1.482573e+01
6.010000e-06	-1.062882e-01	1.471192e+01
6.020000e-06	-1.045175e-01	1.467718e+01
6.030000e-06	-1.000262e-01	1.458257e+01
6.040000e-06	-9.619635e-02	1.449934e+01
6.050000e-06	-8.832015e-02	1.437515e+01
6.060000e-06	-8.229984e-02	1.426581e+01
6.070000e-06	-7.715760e-02	1.411099e+01
6.080000e-06	-7.095710e-02	1.402473e+01
6.090000e-06	-6.740881e-02	1.390031e+01
6.100000e-06	-6.227803e-02	1.374413e+01
6.110000e-06	-5.829270e-02	1.358772e+01
6.120000e-06	-5.416174e-02	1.347936e+01
6.130000e-06	-5.059805e-02	1.336097e+01
6.140000e-06	-4.999961e-02	1.324865e+01
6.150000e-06	-4.661928e-02	1.304789e+01
6.160000e-06	-4.368967e-02	1.296349e+01
6.170000e-06	-4.084367e-02	1.277402e+01
6.180000e-06	-4.007741e-02	1.261463e+01
6.190000e-06	-3.755694e-02	1.250884e+01
6.200000e-06	-3.532517e-02	1.231936e+01
6.210000e-06	-3.414666e-02	1.215252e+01
6.220000e-06	-3.272172e-02	1.194357e+01
6.230000e-06	-3.160515e-02	1.175255e+01
6.240000e-06	-2.935667e-02	1.155597e+01
6.250000e-06	-2.940651e-02	1.134355e+01
6.260000e-06	-2.737993e-02	1.117200e+01
6.270000e-06	-2.745502e-02	1.097200e+01
6.280000e-06	-2.623501e-02	1.083517e+01
6.290000e-06	-2.541486e-02	1.059293e+01
6.300000e-06	-2.401993e-02	1.035055e+01
6.310000e-06	-2.292857e-02	1.014994e+01
6.320000e-06	-2.204636e-02	9.917915e+00
6.330000e-06	-2.134315e-02	9.659307e+00
6.340000e-06	-2.120784e-02	9.457204e+00
6.350000e-06	-2.077073e-02	9.243728e+00
6.360000e-06	-2.040727e-02	9.023578e+00
6.370000e-06	-1.881343e-02	8.780473e+00
6.380000e-06	-1.849011e-02	8.521845e+00
6.390000e-06	-1.863641e-02	8.318391e+00
6.400000e-06	-1.827811e-02	8.036835e+00
6.410000e-06	-1.630624e-02	7.794171e+00
6.420000e-06	-1.580873e-02	7.582019e+00
6.430000e-06	-1.659645e-02	7.266734e+00
6.440000e-06	-1.541138e-02	7.044678e+00
6.450000e-06	-1.431615e-02	6.802545e+00
6.460000e-06	-1.349382e-02	6.480938e+00
6.470000e-06	-1.418543e-02	6.257182e+00
6.480000e-06	-1.243108e-02	6.043627e+00
6.490000e-06	-1.296107e-02	5.760950e+00
6.500000e-06	-1.193074e-02	5.527259e+00
6.510000e-06	-1.208975e-02	5.213673e+00
6.520000e-06	-1.168694e-02	4.886778e+00
6.530000e-06	-1.124643e-02	4.633025e+00
6.540000e-06	-1.097261e-02	4.357791e+00
6.550000e-06	-1.060672e-02	4.044655e+00
6.560000e-06	-1.096008e-02	3.820524e+00
6.570000e-06	-1.006246e-02	3.528338e+00
6.580000e-06	-8.776958e-03	3.233551e+00
6.590000e-06	-8.710056e-03	2.979494e+00
6.600000e-06	-8.326766e-03	2.747813e+00
6.610000e-06	-7.918482e-03	2.391952e+00
6.620000e-06	-7.466995e-03	2.135235e+00
6.630000e-06	-7.122966e-03	1.903755e+00
6.640000e-06	-7.046794e-03	1.569366e+00
6.650000e-06	-6.630684e-03	1.263684e+00
6.660000e-06	-5.807316e-03	8.962611e-01
6.670000e-06	-5.404747e-03	6.520253e-01
6.680000e-06	-5.766906e-03	3.909686e-01
6.690000e-06	-3.982649e-03	9.610547e-02
6.700000e-06	1.574977e-03	-1.689762e-01
6.710000e-06	8.129324e-03	-4.505843e-01
6.720000e-06	-6.814386e-03	-7.249709e-01
6.730000e-06	5.374864e-03	-9.885210e-01
6.740000e-06	-4.932378e-03	-1.233058e+00
6.750000e-06	4.154074e-03	-1.587425e+00
6.760000e-06	2.438836e-03	-1.799001e+00
6.770000e-06	4.616364e-02	-2.020526e+00
6.780000e-06	1.021986e-01	-2.305813e+00
6.790000e-06	-8.827204e-02	-2.695264e+00
6.800000e-06	-1.011157e-02	-3.033811e+00
6.810000e-06	-3.110115e-02	-3.317895e+00
6.820000e-06	-1.734618e-02	-3.557894e+00
6.830000e-06	-1.048655e-01	-3.787370e+00
6.840000e-06	1.817768e-01	-3.938950e+00
6.850000e-06	-3.588050e-02	-4.179955e+00
6.860000e-06	-5.334540e-02	-4.515210e+00
6.870000e-06	1.633584e-01	-4.725792e+00
6.880000e-06	-2.079523e-01	-5.033682e+00
6.890000e-06	1.790162e-01	-5.276894e+00
6.900000e-06	-9.142439e-02	-5.603658e+00
6.910000e-06	1.969882e-02	-5.914290e+00
6.920000e-06	1.129875e-01	-6.095246e+00
6.930000e-06	-1.496642e-01	-6.393680e+00
6.940000e-06	1.452435e-01	-6.687342e+00
6.950000e-06	-1.045643e-01	-6.971997e+00
6.960000e-06	6.031351e-02	-7.226782e+00
6.970000e-06	3.709386e-03	-7.486741e+00
6.980000e-06	-4.360135e-02	-7.781555e+00
6.990000e-06	1.283601e-01	-8.053183e+00
7.000000e-06	-1.123117e-01	-8.306840e+00
7.010000e-06	1.140789e-01	-8.528896e+00
7.020000e-06	-6.119891e-02	-8.822084e+00
7.030000e-06	3.607090e-02	-9.033159e+00
7.040000e-06	6.608842e-04	-9.201058e+00
7.050000e-06	-6.812848e-03	-9.494761e+00
7.060000e-06	7.262040e-02	-9.716268e+00
7.070000e-06	-4.554913e-02	-9.907337e+00
7.080000e-06	5.735552e-02	-1.011842e+01
7.090000e-06	-4.660232e-02	-1.033990e+01
7.100000e-06	6.837381e-02	-1.055045e+01
7.110000e-06	-2.335485e-02	-1.068887e+01
7.120000e-06	3.936636e-02	-1.092987e+01
7.130000e-06	5.895403e-03	-1.112934e+01
7.140000e-06	1.691026e-02	-1.131037e+01
7.150000e-06	6.860304e-03	-1.151929e+01
7.160000e-06	1.154217e-02	-1.172937e+01
7.170000e-06	3.859214e-02	-1.191036e+01
7.180000e-06	-6.647510e-04	-1.208844e+01
7.190000e-06	2.748473e-02	-1.227631e+01
7.200000e-06	4.869159e-03	-1.246678e+01
7.210000e-06	4.076431e-02	-1.263308e+01
7.220000e-06	-2.858057e-03	-1.276002e+01
7.230000e-06	3.124435e-02	-1.294097e+01
7.240000e-06	1.236120e-02	-1.310874e+01
7.250000e-06	3.185062e-02	-1.323471e+01
7.260000e-06	1.249840e-02	-1.336260e+01
7.270000e-06	2.995332e-02	-1.350094e+01
7.280000e-06	2.638300e-02	-1.364668e+01
7.290000e-06	2.276584e-02	-1.377410e+01
7.300000e-06	2.448954e-02	-1.391882e+01
7.310000e-06	2.822292e-02	-1.407608e+01
7.320000e-06	3.224574e-02	-1.418147e+01
7.330000e-06	2.367496e-02	-1.424774e+01
7.340000e-06	3.211845e-02	-1.438318e+01
7.350000e-06	2.821489e-02	-1.446579e+01
7.360000e-06	3.341911e-02	-1.455097e+01
7.370000e-06	3.164819e-02	-1.463323e+01
7.380000e-06	3.714794e-02	-1.470985e+01
7.390000e-06	3.448999e-02	-1.472208e+01
7.400000e-06	3.471229e-02	-1.485616e+01
7.410000e-06	3.669339e-02	-1.487892e+01
7.420000e-06	4.062947e-02	-1.499202e+01
7.430000e-06	3.898536e-02	-1.503465e+01
7.440000e-06	4.211667e-02	-1.504573e+01
7.450000e-06	4.357189e-02	-1.507731e+01
7.460000e-06	4.520054e-02	-1.513979e+01
7.470000e-06	4.455045e-02	-1.513000e+01
7.480000e-06	4.867303e-02	-1.514255e+01
7.490000e-06	5.142619e-02	-1.517357e+01
7.500000e-06	5.197465e-02	-1.521508e+01
7.510000e-06	5.408024e-02	-1.517563e+01
7.520000e-06	5.658956e-02	-1.522521e+01
7.530000e-06	5.751270e-02	-1.518720e+01
7.540000e-06	5.852727e-02	-1.523563e+01
7.550000e-06	6.204326e-02	-1.520405e+01
7.560000e-06	6.604706e-02	-1.518305e+01
7.570000e-06	6.803574e-02	-1.515402e+01
7.580000e-06	7.262162e-02	-1.513144e+01
7.590000e-06	7.684557e-02	-1.510889e+01
7.600000e-06	8.026116e-02	-1.508826e+01
7.610000e-06	8.564169e-02	-1.501463e+01
7.620000e-06	9.275600e-02	-1.496505e+01
7.630000e-06	9.822973e-02	-1.491992e+01
7.640000e-06	9.999036e-02	-1.487771e+01
7.650000e-06	1.020837e-01	-1.480307e+01
7.660000e-06	1.028759e-01	-1.470889e+01
7.670000e-06	9.976320e-02	-1.460523e+01
7.680000e-06	9.382138e-02	-1.455095e+01
7.690000e-06	9.008997e-02	-1.448678e+01
7.700000e-06	8.452449e-02	-1.435095e+01
7.710000e-06	7.899741e-02	-1.422673e+01
7.720000e-06	7.151521e-02	-1.415993e+01
7.730000e-06	6.744808e-02	-1.401407e+01
7.740000e-06	6.208254e-02	-1.384824e+01
7.750000e-06	5.688154e-02	-1.373042e+01
7.760000e-06	5.313275e-02	-1.361462e+01
7.770000e-06	4.916407e-02	-1.347884e+01
7.780000e-06	4.610159e-02	-1.337990e+01
7.790000e-06	4.147277e-02	-1.317563e+01
7.800000e-06	3.851086e-02	-1.306721e+01
7.810000e-06	3.591259e-02	-1.296092e+01
7.820000e-06	3.574583e-02	-1.279220e+01
7.830000e-06	3.316415e-02	-1.263521e+01
7.840000e-06	3.097586e-02	-1.249729e+01
7.850000e-06	2.865407e-02	-1.230839e+01
7.860000e-06	2.653155e-02	-1.217245e+01
7.870000e-06	2.576762e-02	-1.199247e+01
7.880000e-06	2.389155e-02	-1.180410e+01
7.890000e-06	2.285106e-02	-1.155155e+01
7.900000e-06	2.240546e-02	-1.137244e+01
7.910000e-06	2.098892e-02	-1.112097e+01
7.920000e-06	1.885071e-02	-1.099090e+01
7.930000e-06	1.860724e-02	-1.079891e+01
7.940000e-06	1.768397e-02	-1.055945e+01
7.950000e-06	1.663078e-02	-1.035099e+01
7.960000e-06	1.527736e-02	-1.011781e+01
7.970000e-06	1.461480e-02	-9.906261e+00
7.980000e-06	1.368090e-02	-9.707812e+00
7.990000e-06	1.240385e-02	-9.466260e+00
8.000000e-06	1.186962e-02	-9.254685e+00
8.010000e-06	1.050768e-02	-9.023049e+00
8.020000e-06	1.082781e-02	-8.860504e+00
8.030000e-06	9.359818e-03	-8.548440e+00
8.040000e-06	8.228178e-03	-8.317290e+00
8.050000e-06	7.878992e-03	-8.096285e+00
8.060000e-06	7.176716e-03	-7.813603e+00
8.070000e-06	6.631850e-03	-7.549819e+00
8.080000e-06	6.932675e-03	-7.306712e+00
8.090000e-06	5.028674e-03	-7.055155e+00
8.100000e-06	5.383431e-03	-6.792474e+00
8.110000e-06	4.431078e-03	-6.537862e+00
8.120000e-06	5.152490e-03	-6.294758e+00
8.130000e-06	2.848099e-03	-6.044130e+00
8.140000e-06	3.754850e-03	-5.778895e+00
8.150000e-06	2.058085e-03	-5.548688e+00
8.160000e-06	4.420286e-03	-5.221528e+00
8.170000e-06	1.225360e-03	-4.917786e+00
8.180000e-06	3.325531e-03	-4.651054e+00
8.190000e-06	1.320391e-03	-4.400394e+00
8.200000e-06	2.617536e-03	-4.115363e+00
8.210000e-06	2.400575e-04	-3.875078e+00
8.220000e-06	-4.557978e-04	-3.528396e+00
8.230000e-06	-6.085934e-04	-3.305265e+00
8.240000e-06	-8.522353e-04	-3.021051e+00
8.250000e-06	-1.679430e-03	-2.737186e+00
8.260000e-06	-1.229511e-03	-2.452100e+00
8.270000e-06	-1.754564e-03	-2.187366e+00
8.280000e-06	-3.213620e-03	-1.873733e+00
8.290000e-06	-2.125773e-03	-1.602554e+00
8.300000e-06	-3.264659e-03	-1.261659e+00
8.310000e-06	-3.427659e-03	-9.664174e-01
8.320000e-06	-4.581241e-03	-7.315830e-01
8.330000e-06	-3.162456e-03	-3.589461e-01
8.340000e-06	-3.952226e-03	-1.352134e-01
8.350000e-06	-5.928328e-04	1.068732e-01
8.360000e-06	8.327724e-03	4.321051e-01
8.370000e-06	-6.453003e-03	6.953117e-01
8.380000e-06	5.201192e-03	9.067684e-01
8.390000e-06	-6.846116e-03	1.252135e+00
8.400000e-06	2.237728e-03	1.498266e+00
8.410000e-06	-7.260495e-03	1.841052e+00
8.420000e-06	1.571296e-02	2.001553e+00
8.430000e-06	3.832491e-02	2.243686e+00
8.440000e-06	7.996349e-02	2.559951e+00
8.450000e-06	-9.446786e-02	2.937888e+00
8.460000e-06	-1.945856e-02	3.189947e+00
8.470000e-06	-4.053284e-02	3.506291e+00
8.480000e-06	-2.119396e-03	3.718367e+00
8.490000e-06	-8.083736e-02	3.939471e+00
8.500000e-06	5.580252e-02	4.139451e+00
8.510000e-06	9.815509e-02	4.424159e+00
8.520000e-06	-1.709433e-01	4.659786e+00
8.530000e-06	1.513072e-01	4.930502e+00
8.540000e-06	-7.474257e-02	5.276817e+00
8.550000e-06	-3.263392e-02	5.593095e+00
8.560000e-06	4.135781e-02	5.844743e+00
8.570000e-06	-4.699026e-02	6.118813e+00
8.580000e-06	4.318429e-02	6.369496e+00
8.590000e-06	-4.561931e-02	6.633185e+00
8.600000e-06	1.138324e-02	6.907341e+00
8.610000e-06	-7.278309e-03	7.182000e+00
8.620000e-06	-3.469833e-02	7.456863e+00
8.630000e-06	7.301894e-03	7.729920e+00
8.640000e-06	-3.926306e-02	8.033578e+00
8.650000e-06	5.113943e-02	8.307309e+00
8.660000e-06	-4.283939e-02	8.467837e+00
8.670000e-06	-1.669250e-02	8.748846e+00
8.680000e-06	9.198195e-03	8.930577e+00
8.690000e-06	-3.667162e-02	9.195154e+00
8.700000e-06	8.961913e-03	9.414087e+00
8.710000e-06	-4.170154e-02	9.655687e+00
8.720000e-06	2.468363e-02	9.887214e+00
8.730000e-06	-3.891022e-02	1.008784e+01
8.740000e-06	-9.323777e-03	1.031734e+01
8.750000e-06	-2.807286e-02	1.052790e+01
8.760000e-06	-3.011700e-03	1.070041e+01
8.770000e-06	-1.081467e-02	1.086741e+01
8.780000e-06	-3.463045e-02	1.106783e+01
8.790000e-06	2.901283e-03	1.125892e+01
8.800000e-06	-2.286383e-02	1.150839e+01
8.810000e-06	-1.327448e-02	1.175137e+01
8.820000e-06	-3.793731e-02	1.184929e+01
8.830000e-06	-3.175088e-03	1.207876e+01
8.840000e-06	-2.511046e-02	1.223726e+01
8.850000e-06	-2.467523e-02	1.241623e+01
8.860000e-06	-2.145473e-02	1.257303e+01
8.870000e-06	-1.697229e-02	1.275252e+01
8.880000e-06	-2.257875e-02	1.288939e+01
8.890000e-06	-3.587048e-02	1.307576e+01
8.900000e-06	-1.629729e-02	1.318563e+01
8.910000e-06	-2.798763e-02	1.337003e+01
8.920000e-06	-2.673104e-02	1.349979e+01
8.930000e-06	-3.323264e-02	1.363616e+01
8.940000e-06	-2.163218e-02	1.378463e+01
8.950000e-06	-2.895358e-02	1.390884e+01
8.960000e-06	-3.527989e-02	1.403874e+01
8.970000e-06	-2.957555e-02	1.416560e+01
8.980000e-06	-3.285793e-02	1.428096e+01
8.990000e-06	-3.183007e-02	1.443568e+01
9.000000e-06	-3.888915e-02	1.452989e+01
9.010000e-06	-3.206384e-02	1.454461e+01
9.020000e-06	-3.919747e-02	1.470934e+01
9.030000e-06	-3.849602e-02	1.475357e+01
9.040000e-06	-3.840209e-02	1.480568e+01
9.050000e-06	-4.108507e-02	1.485926e+01
9.060000e-06	-4.174066e-02	1.491949e+01
9.070000e-06	-4.567425e-02	1.499410e+01
9.080000e-06	-4.171615e-02	1.500621e+01
9.090000e-06	-4.800937e-02	1.507042e+01
9.100000e-06	-4.904503e-02	1.512999e+01
9.110000e-06	-5.083693e-02	1.514360e+01
9.120000e-06	-5.103626e-02	1.520607e+01
9.130000e-06	-5.395776e-02	1.521718e+01
9.140000e-06	-5.677952e-02	1.524825e+01
9.150000e-06	-5.455408e-02	1.525626e+01
9.160000e-06	-5.979525e-02	1.528881e+01
9.170000e-06	-6.034332e-02	1.527883e+01
9.180000e-06	-6.551142e-02	1.527996e+01
9.190000e-06	-6.410699e-02	1.523989e+01
9.200000e-06	-7.019234e-02	1.526981e+01
9.210000e-06	-6.940051e-02	1.525628e+01
9.220000e-06	-7.186620e-02	1.522776e+01
9.230000e-06	-7.647459e-02	1.520413e+01
9.240000e-06	-8.025853e-02	1.516620e+01
9.250000e-06	-8.645731e-02	1.513199e+01
9.260000e-06	-9.005899e-02	1.510929e+01
9.270000e-06	-9.807638e-02	1.503781e+01
9.280000e-06	-1.010729e-01	1.500320e+01
9.290000e-06	-1.058763e-01	1.494197e+01
9.300000e-06	-1.086685e-01	1.485931e+01
9.310000e-06	-1.089006e-01	1.480505e+01
9.320000e-06	-1.062776e-01	1.472944e+01
9.330000e-06	-1.020273e-01	1.462612e+01
9.340000e-06	-9.868937e-02	1.453345e+01
9.350000e-06	-9.188812e-02	1.440819e+01
9.360000e-06	-8.632752e-02	1.434454e+01
9.370000e-06	-8.089448e-02	1.420660e+01
9.380000e-06	-7.569477e-02	1.409138e+01
9.390000e-06	-7.006838e-02	1.397660e+01
9.400000e-06	-6.559871e-02	1.388868e+01
9.410000e-06	-5.991834e-02	1.377141e+01
9.420000e-06	-5.792772e-02	1.363658e+01
9.430000e-06	-5.368854e-02	1.344569e+01
9.440000e-06	-5.150026e-02	1.336144e+01
9.450000e-06	-4.832279e-02	1.319450e+01
9.460000e-06	-4.557403e-02	1.301618e+01
9.470000e-06	-4.392062e-02	1.283931e+01
9.480000e-06	-4.141934e-02	1.273096e+01
9.490000e-06	-3.806079e-02	1.259310e+01
9.500000e-06	-3.641820e-02	1.242762e+01
9.510000e-06	-3.558205e-02	1.224669e+01
9.520000e-06	-3.397501e-02	1.204989e+01
9.530000e-06	-3.130156e-02	1.189929e+01
9.540000e-06	-3.220272e-02	1.172041e+01
9.550000e-06	-3.011442e-02	1.150979e+01
9.560000e-06	-2.759626e-02	1.129841e+01
9.570000e-06	-2.581562e-02	1.108874e+01
9.580000e-06	-2.770107e-02	1.092984e+01
9.590000e-06	-2.623199e-02	1.067991e+01
9.600000e-06	-2.390389e-02	1.051044e+01
9.610000e-06	-2.329096e-02	1.027676e+01
9.620000e-06	-2.336139e-02	1.008791e+01
9.630000e-06	-2.287525e-02	9.815559e+00
9.640000e-06	-1.946801e-02	9.604679e+00
9.650000e-06	-2.129025e-02	9.380970e+00
9.660000e-06	-2.069043e-02	9.181050e+00
9.670000e-06	-2.061125e-02	8.909442e+00
9.680000e-06	-1.818136e-02	8.716812e+00
9.690000e-06	-1.920493e-02	8.487306e+00
9.700000e-06	-1.765411e-02	8.245628e+00
9.710000e-06	-1.716423e-02	7.971524e+00
9.720000e-06	-1.630100e-02	7.730438e+00
9.730000e-06	-1.654914e-02	7.467227e+00
9.740000e-06	-1.633455e-02	7.232550e+00
9.750000e-06	-1.429942e-02	6.960470e+00
9.760000e-06	-1.454524e-02	6.738338e+00
9.770000e-06	-1.362424e-02	6.444678e+00
9.780000e-06	-1.348297e-02	6.222024e+00
9.790000e-06	-1.227867e-02	5.989992e+00
9.800000e-06	-1.391562e-02	5.725738e+00
9.810000e-06	-1.270037e-02	5.454549e+00
9.820000e-06	-1.174929e-02	5.129336e+00
9.830000e-06	-1.075220e-02	4.779945e+00
9.840000e-06	-1.086715e-02	4.527342e+00
9.850000e-06	-1.165154e-02	4.295755e+00
9.860000e-06	-1.009941e-02	3.980399e+00
9.870000e-06	-9.902108e-03	3.727286e+00
9.880000e-06	-1.001790e-02	3.463727e+00
9.890000e-06	-9.185490e-03	3.138388e+00
9.900000e-06	-8.041785e-03	2.874763e+00
9.910000e-06	-7.428370e-03	2.591578e+00
9.920000e-06	-8.333869e-03	2.295710e+00
9.930000e-06	-7.576143e-03	2.052626e+00
9.940000e-06	-7.102615e-03	1.768971e+00
9.950000e-06	-6.193882e-03	1.473130e+00
9.960000e-06	-6.485773e-03	1.147439e+00
9.970000e-06	-5.564716e-03	8.535251e-01
9.980000e-06	-6.068730e-03	5.679896e-01
9.990000e-06	-4.669441e-03	2.647592e-01
1.000000e-05	-3.193653e-03	-4.000251e-02
1.001000e-05	5.301364e-03	-2.851856e-01
1.002000e-05	7.156661e-04	-5.362471e-01
1.003000e-05	-5.132165e-05	-8.101078e-01
1.004000e-05	2.538266e-04	-1.062612e+00
1.005000e-05	-3.198825e-04	-1.377502e+00
1.006000e-05	-1.810229e-03	-1.631558e+00
1.007000e-05	1.536699e-02	-1.852732e+00
1.008000e-05	6.660994e-02	-2.073137e+00
1.009000e-05	6.727005e-02	-2.422655e+00
1.010000e-05	-1.124219e-01	-2.810578e+00
1.011000e-05	2.393476e-02	-3.190949e+00
1.012000e-05	-4.988733e-02	-3.370003e+00
1.013000e-05	-2.823210e-02	-3.619475e+00
1.014000e-05	-6.755239e-02	-3.823101e+00
1.015000e-05	2.181601e-01	-4.001003e+00
1.016000e-05	-1.820384e-01	-4.296812e+00
1.017000e-05	1.238982e-01	-4.577949e+00
1.018000e-05	6.488779e-03	-4.810554e+00
1.019000e-05	-1.128346e-01	-5.145868e+00
1.020000e-05	1.736435e-01	-5.379382e+00
1.021000e-05	-1.611268e-01	-5.747845e+00
1.022000e-05	1.424787e-01	-5.968922e+00
1.023000e-05	-1.991152e-02	-6.231533e+00
1.024000e-05	-6.113257e-02	-6.538365e+00
1.025000e-05	1.196043e-01	-6.738972e+00
1.026000e-05	-1.345883e-01	-7.065238e+00
1.027000e-05	1.318867e-01	-7.338919e+00
1.028000e-05	-9.688271e-02	-7.571529e+00
1.029000e-05	7.595029e-02	-7.926317e+00
1.030000e-05	2.829015e-02	-8.137844e+00
1.031000e-05	-5.560249e-02	-8.341503e+00
1.032000e-05	1.031650e-01	-8.624052e+00
1.033000e-05	-9.008288e-02	-8.868263e+00
1.034000e-05	8.133091e-02	-9.095213e+00
1.035000e-05	-5.847498e-02	-9.257887e+00
1.036000e-05	6.804468e-02	-9.549468e+00
1.037000e-05	6.299097e-03	-9.757525e+00
1.038000e-05	-1.243778e-03	-9.960403e+00
1.039000e-05	2.144994e-02	-1.018103e+01
1.040000e-05	-1.894503e-02	-1.040311e+01
1.041000e-05	5.921625e-02	-1.062305e+01
1.042000e-05	-2.914113e-02	-1.081151e+01
1.043000e-05	5.686062e-02	-1.098155e+01
1.044000e-05	-1.557880e-02	-1.116401e+01
1.045000e-05	3.625490e-02	-1.138203e+01
1.046000e-05	-1.481873e-02	-1.158303e+01
1.047000e-05	4.100950e-02	-1.183313e+01
1.048000e-05	1.001472e-02	-1.198355e+01
1.049000e-05	1.714938e-02	-1.215200e+01
1.050000e-05	1.280709e-02	-1.232939e+01
1.051000e-05	2.274044e-02	-1.248737e+01
1.052000e-05	2.627773e-02	-1.263624e+01
1.053000e-05	4.581696e-03	-1.282466e+01
1.054000e-05	3.050051e-02	-1.297108e+01
1.055000e-05	1.100807e-02	-1.313947e+01
1.056000e-05	3.229148e-02	-1.330664e+01
1.057000e-05	9.862507e-03	-1.339613e+01
1.058000e-05	3.870264e-02	-1.355055e+01
1.059000e-05	1.716322e-02	-1.367779e+01
1.060000e-05	2.728166e-02	-1.383615e+01
1.061000e-05	2.000603e-02	-1.396195e+01
1.062000e-05	3.536413e-02	-1.406731e+01
1.063000e-05	2.632383e-02	-1.423458e+01
1.064000e-05	2.740533e-02	-1.433132e+01
1.065000e-05	3.145234e-02	-1.441413e+01
1.066000e-05	3.104529e-02	-1.450989e+01
1.067000e-05	3.328203e-02	-1.457360e+01
1.068000e-05	3.192550e-02	-1.464721e+01
1.069000e-05	3.781320e-02	-1.471999e+01
1.070000e-05	3.400397e-02	-1.481515e+01
1.071000e-05	3.524598e-02	-1.488774e+01
1.072000e-05	3.824884e-02	-1.493037e+01
1.073000e-05	4.118918e-02	-1.495252e+01
1.074000e-05	3.948345e-02	-1.502408e+01
1.075000e-05	4.315730e-02	-1.511776e+01
1.076000e-05	4.268247e-02	-1.507977e+01
1.077000e-05	4.528700e-02	-1.512084e+01
1.078000e-05	4.671852e-02	-1.516142e+01
1.079000e-05	5.106121e-02	-1.518502e+01
1.080000e-05	5.073943e-02	-1.518358e+01
1.081000e-05	5.211521e-02	-1.519558e+01
1.082000e-05	5.507599e-02	-1.521665e+01
1.083000e-05	5.742428e-02	-1.522718e+01
1.084000e-05	5.722466e-02	-1.521663e+01
1.085000e-05	5.925126e-02	-1.525456e+01
1.086000e-05	6.473513e-02	-1.519505e+01
1.087000e-05	6.750280e-02	-1.517205e+01
1.088000e-05	6.736204e-02	-1.517195e+01
1.089000e-05	7.241248e-02	-1.512085e+01
1.090000e-05	7.826804e-02	-1.512939e+01
1.091000e-05	8.326246e-02	-1.508778e+01
1.092000e-05	8.801013e-02	-1.502305e+01
1.093000e-05	9.285934e-02	-1.496357e+01
1.094000e-05	9.916637e-02	-1.492089e+01
1.095000e-05	1.004848e-01	-1.485476e+01
1.096000e-05	1.029162e-01	-1.475207e+01
1.097000e-05	1.026037e-01	-1.464881e+01
1.098000e-05	9.860050e-02	-1.461255e+01
1.099000e-05	9.330910e-02	-1.449074e+01
1.100000e-05	8.847210e-02	-1.439615e+01
1.101000e-05	8.236530e-02	-1.433836e+01
1.102000e-05	7.668957e-02	-1.415260e+01
1.103000e-05	7.058921e-02	-1.406031e+01
1.104000e-05	6.578842e-02	-1.392250e+01
1.105000e-05	5.874452e-02	-1.384511e+01
1.106000e-05	5.673776e-02	-1.369931e+01
1.107000e-05	5.174686e-02	-1.357302e+01
1.108000e-05	4.841747e-02	-1.346468e+01
1.109000e-05	4.339104e-02	-1.331037e+01
1.110000e-05	3.957532e-02	-1.320147e+01
1.111000e-05	3.978872e-02	-1.300466e+01
1.112000e-05	3.731587e-02	-1.292881e+01
1.113000e-05	3.287651e-02	-1.274042e+01
1.114000e-05	3.259536e-02	-1.261353e+01
1.115000e-05	3.067466e-02	-1.242508e+01
1.116000e-05	2.981657e-02	-1.226626e+01
1.117000e-05	2.647703e-02	-1.210938e+01
1.118000e-05	2.419397e-02	-1.194589e+01
1.119000e-05	2.220254e-02	-1.169743e+01
1.120000e-05	2.261371e-02	-1.149981e+01
1.121000e-05	2.202991e-02	-1.128679e+01
1.122000e-05	2.097484e-02	-1.107576e+01
1.123000e-05	1.875338e-02	-1.087874e+01
1.124000e-05	1.831509e-02	-1.070783e+01
1.125000e-05	1.809990e-02	-1.054839e+01
1.126000e-05	1.568956e-02	-1.024773e+01
1.127000e-05	1.481844e-02	-1.002468e+01
1.128000e-05	1.319791e-02	-9.834633e+00
1.129000e-05	1.357463e-02	-9.683605e+00
1.130000e-05	1.071904e-02	-9.381027e+00
1.131000e-05	1.193295e-02	-9.160971e+00
1.132000e-05	1.161249e-02	-8.950472e+00
1.133000e-05	1.223884e-02	-8.738340e+00
1.134000e-05	8.766623e-03	-8.476286e+00
1.135000e-05	6.604133e-03	-8.244000e+00
1.136000e-05	7.240325e-03	-8.042576e+00
1.137000e-05	8.624004e-03	-7.719468e+00
1.138000e-05	7.517629e-03	-7.495183e+00
1.139000e-05	5.393936e-03	-7.235629e+00
1.140000e-05	5.438344e-03	-6.939441e+00
1.141000e-05	4.863787e-03	-6.706237e+00
1.142000e-05	4.516729e-03	-6.486185e+00
1.143000e-05	3.611676e-03	-6.173075e+00
1.144000e-05	4.662686e-03	-5.977390e+00
1.145000e-05	4.807141e-03	-5.676184e+00
1.146000e-05	1.976608e-03	-5.411626e+00
1.147000e-05	3.014370e-03	-5.107263e+00
1.148000e-05	1.496824e-03	-4.782076e+00
1.149000e-05	2.950418e-03	-4.536761e+00
1.150000e-05	1.132731e-03	-4.334731e+00
1.151000e-05	8.580763e-04	-4.022104e+00
1.152000e-05	1.734145e-03	-3.749393e+00
1.153000e-05	-5.541550e-04	-3.485658e+00
1.154000e-05	5.299826e-04	-3.210999e+00
1.155000e-05	-2.961990e-03	-2.914711e+00
1.156000e-05	-9.465728e-05	-2.641604e+00
1.157000e-05	-3.008636e-03	-2.367416e+00
1.158000e-05	-1.195322e-03	-2.061580e+00
1.159000e-05	-4.443957e-03	-1.799922e+00
1.160000e-05	-1.281990e-03	-1.534758e+00
1.161000e-05	-5.095113e-03	-1.178340e+00
1.162000e-05	-2.532535e-03	-9.035316e-01
1.163000e-05	-4.866041e-03	-6.213961e-01
1.164000e-05	-3.010170e-03	-3.248380e-01
1.165000e-05	-4.242951e-03	-7.157782e-02
1.166000e-05	5.283464e-03	2.237551e-01
1.167000e-05	2.326454e-03	4.952143e-01
1.168000e-05	-4.483511e-03	7.784659e-01
1.169000e-05	2.555266e-03	1.009704e+00
1.170000e-05	-4.490427e-03	1.326391e+00
1.171000e-05	-9.495625e-04	1.620685e+00
1.172000e-05	-4.341812e-03	1.893710e+00
1.173000e-05	2.063074e-02	2.084237e+00
1.174000e-05	6.493127e-02	2.351520e+00
1.175000e-05	3.188462e-02	2.727339e+00
1.176000e-05	-9.572294e-02	3.021578e+00
1.177000e-05	-1.007963e-02	3.255214e+00
1.178000e-05	-3.315227e-02	3.610520e+00
1.179000e-05	-2.448014e-02	3.802029e+00
1.180000e-05	-6.049866e-02	4.001003e+00
1.181000e-05	1.066154e-01	4.223184e+00
1.182000e-05	1.185438e-02	4.548343e+00
1.183000e-05	-1.257142e-01	4.769471e+00
1.184000e-05	1.835457e-01	5.057838e+00
1.185000e-05	-1.714033e-01	5.392178e+00
1.186000e-05	6.809351e-02	5.664732e+00
1.187000e-05	-2.809819e-02	5.950865e+00
1.188000e-05	-3.904376e-04	6.200554e+00
1.189000e-05	2.005595e-02	6.435733e+00
1.190000e-05	-5.280912e-02	6.710023e+00
1.191000e-05	3.745469e-02	7.012708e+00
1.192000e-05	-4.527400e-02	7.305283e+00
1.193000e-05	3.376781e-03	7.590522e+00
1.194000e-05	-3.010836e-02	7.823653e+00
1.195000e-05	3.495429e-03	8.099370e+00
1.196000e-05	3.019956e-02	8.320072e+00
1.197000e-05	-5.444180e-02	8.581497e+00
1.198000e-05	8.663886e-03	8.823529e+00
1.199000e-05	-1.775201e-02	9.046254e+00
1.200000e-05	-1.498154e-02	9.235834e+00
1.201000e-05	-1.861159e-02	9.447941e+00
1.202000e-05	-1.269710e-02	9.730021e+00
1.203000e-05	4.982295e-03	9.971949e+00
1.204000e-05	-2.714278e-02	1.017148e+01
1.205000e-05	-1.994042e-02	1.031097e+01
1.206000e-05	-1.924922e-02	1.057255e+01
1.207000e-05	-4.308752e-03	1.076458e+01
1.208000e-05	-1.912957e-02	1.099152e+01
1.209000e-05	-2.610911e-02	1.115307e+01
1.210000e-05	-4.243627e-03	1.135241e+01
1.211000e-05	-1.869496e-02	1.157502e+01
1.212000e-05	-2.466384e-02	1.178255e+01
1.213000e-05	-2.133782e-02	1.194155e+01
1.214000e-05	-1.022839e-02	1.213142e+01
1.215000e-05	-2.253275e-02	1.231934e+01
1.216000e-05	-3.049942e-02	1.245681e+01
1.217000e-05	-1.582427e-02	1.263518e+01
1.218000e-05	-2.135709e-02	1.277456e+01
1.219000e-05	-2.664009e-02	1.293304e+01
1.220000e-05	-2.822129e-02	1.311789e+01
1.221000e-05	-2.097896e-02	1.327686e+01
1.222000e-05	-2.695756e-02	1.340460e+01
1.223000e-05	-3.351526e-02	1.354355e+01
1.224000e-05	-2.277943e-02	1.369983e+01
1.225000e-05	-2.733609e-02	1.382463e+01
1.226000e-05	-2.964599e-02	1.393340e+01
1.227000e-05	-3.655534e-02	1.413195e+01
1.228000e-05	-2.646100e-02	1.422923e+01
1.229000e-05	-3.346710e-02	1.433244e+01
1.230000e-05	-3.690062e-02	1.446818e+01
1.231000e-05	-3.433162e-02	1.451447e+01
1.232000e-05	-3.483192e-02	1.462771e+01
1.233000e-05	-3.649086e-02	1.471839e+01
1.234000e-05	-4.098389e-02	1.477407e+01
1.235000e-05	-3.628751e-02	1.485773e+01
1.236000e-05	-4.386393e-02	1.485939e+01
1.237000e-05	-4.282490e-02	1.494299e+01
1.238000e-05	-4.542637e-02	1.498405e+01
1.239000e-05	-4.265568e-02	1.503721e+01
1.240000e-05	-4.818247e-02	1.509939e+01
1.241000e-05	-4.990163e-02	1.513245e+01
1.242000e-05	-4.929015e-02	1.517310e+01
1.243000e-05	-5.503939e-02	1.520620e+01
1.244000e-05	-5.487315e-02	1.520568e+01
1.245000e-05	-5.635480e-02	1.522883e+01
1.246000e-05	-5.432753e-02	1.523934e+01
1.247000e-05	-6.135700e-02	1.527076e+01
1.248000e-05	-6.178941e-02	1.527889e+01
1.249000e-05	-6.371441e-02	1.529981e+01
1.250000e-05	-6.554935e-02	1.525929e+01
1.251000e-05	-6.996740e-02	1.523934e+01
1.252000e-05	-7.147205e-02	1.524819e+01
1.253000e-05	-7.170050e-02	1.518813e+01
1.254000e-05	-7.849293e-02	1.521618e+01
1.255000e-05	-8.182924e-02	1.518508e+01
1.256000e-05	-8.833038e-02	1.512297e+01
1.257000e-05	-9.324451e-02	1.505886e+01
1.258000e-05	-9.917139e-02	1.501440e+01
1.259000e-05	-1.033997e-01	1.496350e+01
1.260000e-05	-1.063552e-01	1.492034e+01
1.261000e-05	-1.088881e-01	1.485628e+01
1.262000e-05	-1.073112e-01	1.477257e+01
1.263000e-05	-1.064522e-01	1.469978e+01
1.264000e-05	-1.016142e-01	1.459457e+01
1.265000e-05	-9.802184e-02	1.453836e+01
1.266000e-05	-8.785342e-02	1.441418e+01
1.267000e-05	-8.496239e-02	1.433036e+01
1.268000e-05	-7.914689e-02	1.419368e+01
1.269000e-05	-7.543692e-02	1.406973e+01
1.270000e-05	-6.755603e-02	1.394484e+01
1.271000e-05	-6.424682e-02	1.380513e+01
1.272000e-05	-6.068141e-02	1.368824e+01
1.273000e-05	-5.632246e-02	1.352155e+01
1.274000e-05	-5.073947e-02	1.343410e+01
1.275000e-05	-5.000134e-02	1.334978e+01
1.276000e-05	-4.808586e-02	1.316197e+01
1.277000e-05	-4.556323e-02	1.297407e+01
1.278000e-05	-4.186194e-02	1.283518e+01
1.279000e-05	-4.020329e-02	1.268721e+01
1.280000e-05	-3.775717e-02	1.255992e+01
1.281000e-05	-3.795925e-02	1.238450e+01
1.282000e-05	-3.359566e-02	1.221355e+01
1.283000e-05	-3.338735e-02	1.203825e+01
1.284000e-05	-3.201816e-02	1.185713e+01
1.285000e-05	-3.101171e-02	1.164928e+01
1.286000e-05	-2.902785e-02	1.144668e+01
1.287000e-05	-2.738534e-02	1.120718e+01
1.288000e-05	-2.751500e-02	1.106564e+01
1.289000e-05	-2.643744e-02	1.086620e+01
1.290000e-05	-2.647161e-02	1.063623e+01
1.291000e-05	-2.326935e-02	1.041518e+01
1.292000e-05	-2.392845e-02	1.018410e+01
1.293000e-05	-2.331541e-02	1.003423e+01
1.294000e-05	-2.148736e-02	9.781542e+00
1.295000e-05	-2.035666e-02	9.541367e+00
1.296000e-05	-2.029133e-02	9.320341e+00
1.297000e-05	-2.103167e-02	9.096258e+00
1.298000e-05	-1.885236e-02	8.826207e+00
1.299000e-05	-1.913718e-02	8.614152e+00
1.300000e-05	-1.764811e-02	8.392027e+00
1.301000e-05	-1.820448e-02	8.152442e+00
1.302000e-05	-1.642197e-02	7.896787e+00
1.303000e-05	-1.692126e-02	7.677182e+00
1.304000e-05	-1.589735e-02	7.352566e+00
1.305000e-05	-1.559769e-02	7.118343e+00
1.306000e-05	-1.483107e-02	6.888704e+00
1.307000e-05	-1.371859e-02	6.644550e+00
1.308000e-05	-1.410348e-02	6.380346e+00
1.309000e-05	-1.346559e-02	6.117336e+00
1.310000e-05	-1.372816e-02	5.915711e+00
1.311000e-05	-1.240803e-02	5.592001e+00
1.312000e-05	-1.092452e-02	5.308940e+00
1.313000e-05	-1.238346e-02	4.991471e+00
1.314000e-05	-1.135978e-02	4.706207e+00
1.315000e-05	-1.077182e-02	4.443732e+00
1.316000e-05	-9.745897e-03	4.180441e+00
1.317000e-05	-9.589109e-03	3.945263e+00
1.318000e-05	-1.032038e-02	3.633102e+00
1.319000e-05	-9.736806e-03	3.349837e+00
1.320000e-05	-9.425463e-03	3.044657e+00
1.321000e-05	-8.203040e-03	2.822024e+00
1.322000e-05	-8.079699e-03	2.486792e+00
1.323000e-05	-7.662880e-03	2.231075e+00
1.324000e-05	-6.969546e-03	1.958894e+00
1.325000e-05	-6.537925e-03	1.654607e+00
1.326000e-05	-6.811569e-03	1.338892e+00
1.327000e-05	-7.130477e-03	1.052026e+00
1.328000e-05	-6.101961e-03	7.278869e-01
1.329000e-05	-5.878306e-03	4.651030e-01
1.330000e-05	-3.849518e-03	1.905212e-01
1.331000e-05	-1.823120e-03	-1.068632e-01
1.332000e-05	1.004579e-02	-3.769211e-01
1.333000e-05	-5.723429e-03	-6.521853e-01
1.334000e-05	4.979785e-03	-9.047393e-01
1.335000e-05	-6.118711e-03	-1.137446e+00
1.336000e-05	5.167230e-03	-1.411687e+00
1.337000e-05	-3.178473e-03	-1.696267e+00
1.338000e-05	3.033506e-02	-1.906943e+00
1.339000e-05	9.071291e-02	-2.106527e+00
1.340000e-05	-8.639293e-03	-2.547421e+00
1.341000e-05	-7.527362e-02	-2.935322e+00
1.342000e-05	9.798300e-03	-3.202586e+00
1.343000e-05	-3.793772e-02	-3.462111e+00
1.344000e-05	-6.961454e-02	-3.652687e+00
1.345000e-05	4.609447e-02	-3.887364e+00
1.346000e-05	1.360379e-01	-4.093713e+00
1.347000e-05	-1.957484e-01	-4.422050e+00
1.348000e-05	2.186296e-01	-4.551628e+00
1.349000e-05	-1.584742e-01	-4.925824e+00
1.350000e-05	4.563394e-02	-5.232599e+00
1.351000e-05	5.896898e-02	-5.455288e+00
1.352000e-05	-1.185922e-01	-5.810031e+00
1.353000e-05	1.850785e-01	-6.001130e+00
1.354000e-05	-1.298684e-01	-6.356268e+00
1.355000e-05	6.095878e-02	-6.642156e+00
1.356000e-05	1.172569e-02	-6.863182e+00
1.357000e-05	-6.458244e-02	-7.130050e+00
1.358000e-05	1.136488e-01	-7.393105e+00
1.359000e-05	-1.230960e-01	-7.666938e+00
1.360000e-05	1.502391e-01	-7.960600e+00
1.361000e-05	-7.532181e-02	-8.183106e+00
1.362000e-05	4.234690e-02	-8.443212e+00
1.363000e-05	2.862259e-02	-8.729271e+00
1.364000e-05	-4.803881e-02	-8.918972e+00
1.365000e-05	6.858329e-02	-9.149921e+00
1.366000e-05	-6.505554e-02	-9.350974e+00
1.367000e-05	1.019389e-01	-9.575534e+00
1.368000e-05	-4.524864e-02	-9.833608e+00
1.369000e-05	4.655394e-02	-1.005371e+01
1.370000e-05	-2.535685e-02	-1.025519e+01
1.371000e-05	3.148555e-02	-1.047831e+01
1.372000e-05	1.976004e-02	-1.065418e+01
1.373000e-05	-2.872883e-03	-1.086374e+01
1.374000e-05	4.215379e-02	-1.102461e+01
1.375000e-05	-1.031516e-02	-1.126626e+01
1.376000e-05	3.283458e-02	-1.145416e+01
1.377000e-05	-1.632903e-02	-1.166671e+01
1.378000e-05	5.327831e-02	-1.185666e+01
1.379000e-05	-5.511746e-03	-1.202636e+01
1.380000e-05	3.037596e-02	-1.222415e+01
1.381000e-05	1.552311e-03	-1.236203e+01
1.382000e-05	3.843884e-02	-1.259205e+01
1.383000e-05	8.303383e-03	-1.269782e+01
1.384000e-05	1.799466e-02	-1.284826e+01
1.385000e-05	2.224269e-02	-1.301511e+01
1.386000e-05	2.079281e-02	-1.318310e+01
1.387000e-05	2.325228e-02	-1.329992e+01
1.388000e-05	1.665470e-02	-1.348626e+01
1.389000e-05	3.522601e-02	-1.358416e+01
1.390000e-05	1.649836e-02	-1.374895e+01
1.391000e-05	2.790417e-02	-1.385689e+01
1.392000e-05	2.216699e-02	-1.398356e+01
1.393000e-05	3.674250e-02	-1.411139e+01
1.394000e-05	2.248570e-02	-1.426574e+01
1.395000e-05	3.125470e-02	-1.432194e+01
1.396000e-05	3.040113e-02	-1.444667e+01
1.397000e-05	3.240191e-02	-1.450942e+01
1.398000e-05	3.096421e-02	-1.457360e+01
1.399000e-05	3.509403e-02	-1.468926e+01
1.400000e-05	3.713548e-02	-1.476200e+01
1.401000e-05	3.372795e-02	-1.484513e+01
1.402000e-05	3.453017e-02	-1.487829e+01
1.403000e-05	4.031781e-02	-1.495144e+01
1.404000e-05	4.080450e-02	-1.500103e+01
1.405000e-05	4.039287e-02	-1.505623e+01
1.406000e-05	4.203115e-02	-1.504729e+01
1.407000e-05	4.435108e-02	-1.509989e+01
1.408000e-05	4.685156e-02	-1.514242e+01
1.409000e-05	4.634690e-02	-1.516302e+01
1.410000e-05	5.042329e-02	-1.513255e+01
1.411000e-05	5.099417e-02	-1.518363e+01
1.412000e-05	5.397432e-02	-1.520365e+01
1.413000e-05	5.489125e-02	-1.523463e+01
1.414000e-05	5.634201e-02	-1.524673e+01
1.415000e-05	5.867367e-02	-1.521713e+01
1.416000e-05	6.189574e-02	-1.517503e+01
1.417000e-05	6.543424e-02	-1.520453e+01
1.418000e-05	6.650871e-02	-1.518350e+01
1.419000e-05	7.064399e-02	-1.515395e+01
1.420000e-05	7.457896e-02	-1.511852e+01
1.421000e-05	7.914400e-02	-1.509676e+01
1.422000e-05	8.308023e-02	-1.502523e+01
1.423000e-05	8.978462e-02	-1.499363e+01
1.424000e-05	9.576657e-02	-1.494245e+01
1.425000e-05	1.001966e-01	-1.485831e+01
1.426000e-05	1.016838e-01	-1.483410e+01
1.427000e-05	1.031667e-01	-1.473194e+01
1.428000e-05	1.007169e-01	-1.467571e+01
1.429000e-05	9.698801e-02	-1.458255e+01
1.430000e-05	9.075487e-02	-1.447931e+01
1.431000e-05	8.610821e-02	-1.436245e+01
1.432000e-05	8.116900e-02	-1.431828e+01
1.433000e-05	7.565628e-02	-1.418237e+01
1.434000e-05	6.818583e-02	-1.406673e+01
1.435000e-05	6.243704e-02	-1.391789e+01
1.436000e-05	5.890087e-02	-1.380263e+01
1.437000e-05	5.494714e-02	-1.368624e+01
1.438000e-05	5.093961e-02	-1.352039e+01
1.439000e-05	4.550727e-02	-1.339368e+01
1.440000e-05	4.291285e-02	-1.326778e+01
1.441000e-05	3.999584e-02	-1.308986e+01
1.442000e-05	3.685908e-02	-1.300250e+01
1.443000e-05	3.506474e-02	-1.284673e+01
1.444000e-05	3.400354e-02	-1.271724e+01
1.445000e-05	3.319898e-02	-1.257150e+01
1.446000e-05	2.934818e-02	-1.238200e+01
1.447000e-05	2.649837e-02	-1.224360e+01
1.448000e-05	2.612554e-02	-1.206518e+01
1.449000e-05	2.498416e-02	-1.185573e+01
1.450000e-05	2.258073e-02	-1.166723e+01
1.451000e-05	2.206481e-02	-1.143616e+01
1.452000e-05	2.124476e-02	-1.122573e+01
1.453000e-05	2.037975e-02	-1.100305e+01
1.454000e-05	1.993777e-02	-1.082310e+01
1.455000e-05	1.756310e-02	-1.063561e+01
1.456000e-05	1.742841e-02	-1.043508e+01
1.457000e-05	1.510910e-02	-1.019203e+01
1.458000e-05	1.513847e-02	-9.980522e+00
1.459000e-05	1.312084e-02	-9.777949e+00
1.460000e-05	1.263146e-02	-9.570468e+00
1.461000e-05	1.141972e-02	-9.317894e+00
1.462000e-05	1.195887e-02	-9.108262e+00
1.463000e-05	1.101038e-02	-8.894763e+00
1.464000e-05	9.833260e-03	-8.633656e+00
1.465000e-05	9.027720e-03	-8.399951e+00
1.466000e-05	8.008064e-03	-8.131943e+00
1.467000e-05	8.306771e-03	-7.968887e+00
1.468000e-05	6.731183e-03	-7.654683e+00
1.469000e-05	7.732009e-03	-7.372500e+00
1.470000e-05	5.493663e-03	-7.137940e+00
1.471000e-05	5.371983e-03	-6.864304e+00
1.472000e-05	3.572567e-03	-6.635103e+00
1.473000e-05	6.240094e-03	-6.421594e+00
1.474000e-05	4.715900e-03	-6.108840e+00
1.475000e-05	5.405438e-03	-5.844155e+00
1.476000e-05	1.351077e-03	-5.608950e+00
1.477000e-05	2.799723e-03	-5.296268e+00
1.478000e-05	2.001100e-03	-5.041875e+00
1.479000e-05	3.185877e-03	-4.665783e+00
1.480000e-05	5.707243e-04	-4.443654e+00
1.481000e-05	1.997021e-03	-4.210601e+00
1.482000e-05	1.630839e-03	-3.959397e+00
1.483000e-05	2.404080e-03	-3.671503e+00
1.484000e-05	-1.052698e-03	-3.379474e+00
1.485000e-05	-3.401113e-05	-3.097808e+00
1.486000e-05	-3.346537e-03	-2.820500e+00
1.487000e-05	-6.600883e-04	-2.547769e+00
1.488000e-05	-3.064244e-03	-2.314603e+00
1.489000e-05	-1.076592e-03	-1.968019e+00
1.490000e-05	-4.082579e-03	-1.686682e+00
1.491000e-05	-1.430063e-03	-1.419920e+00
1.492000e-05	-4.293511e-03	-1.072186e+00
1.493000e-05	-3.087565e-03	-8.384761e-01
1.494000e-05	-4.223303e-03	-4.946307e-01
1.495000e-05	-2.951337e-03	-2.515766e-01
1.496000e-05	-3.281207e-03	9.457933e-02
1.497000e-05	6.913722e-03	3.288446e-01
1.498000e-05	-3.104241e-03	5.889761e-01
1.499000e-05	2.339365e-03	8.436265e-01
1.500000e-05	-2.947515e-03	1.116440e+00
1.501000e-05	-1.036929e-03	1.380527e+00
1.502000e-05	-5.998967e-03	1.717841e+00
1.503000e-05	5.736352e-03	1.937918e+00
1.504000e-05	2.602566e-02	2.158450e+00
1.505000e-05	8.690334e-02	2.454232e+00
1.506000e-05	-3.891382e-02	2.840556e+00
1.507000e-05	-5.929209e-02	3.066837e+00
1.508000e-05	-2.367037e-02	3.328950e+00
1.509000e-05	-1.299683e-02	3.634662e+00
1.510000e-05	-6.163332e-02	3.844241e+00
1.511000e-05	-9.428382e-03	4.045205e+00
1.512000e-05	1.287115e-01	4.328944e+00
1.513000e-05	-1.007372e-01	4.602678e+00
1.514000e-05	7.728202e-03	4.805313e+00
1.515000e-05	8.888756e-02	5.162079e+00
1.516000e-05	-1.480153e-01	5.474317e+00
1.517000e-05	9.716523e-02	5.729975e+00
1.518000e-05	-6.345153e-02	6.014129e+00
1.519000e-05	3.326208e-02	6.255738e+00
1.520000e-05	-1.791202e-02	6.527947e+00
1.521000e-05	-3.007186e-02	6.823659e+00
1.522000e-05	3.274543e-02	7.056313e+00
1.523000e-05	-5.838183e-02	7.324174e+00
1.524000e-05	2.347317e-02	7.646180e+00
1.525000e-05	-5.242705e-02	7.889896e+00
1.526000e-05	4.124442e-02	8.232081e+00
1.527000e-05	-7.136036e-03	8.424636e+00
1.528000e-05	-4.389964e-02	8.633807e+00
1.529000e-05	2.181822e-02	8.937787e+00
1.530000e-05	-4.068279e-02	9.098417e+00
1.531000e-05	8.038873e-03	9.329949e+00
1.532000e-05	-4.256124e-02	9.552524e+00
1.533000e-05	1.799708e-02	9.743579e+00
1.534000e-05	-2.496963e-02	9.994657e+00
1.535000e-05	-1.240254e-02	1.017411e+01
1.536000e-05	-2.853980e-02	1.044571e+01
1.537000e-05	-9.101072e-03	1.064568e+01
1.538000e-05	-5.120813e-03	1.083416e+01
1.539000e-05	-3.250279e-02	1.100411e+01
1.540000e-05	-8.329810e-03	1.120615e+01
1.541000e-05	-1.692555e-02	1.142620e+01
1.542000e-05	-9.937708e-03	1.161671e+01
1.543000e-05	-3.912299e-02	1.179673e+01
1.544000e-05	-6.075797e-03	1.200363e+01
1.545000e-05	-2.057202e-02	1.217360e+01
1.546000e-05	-2.029917e-02	1.232390e+01
1.547000e-05	-2.946435e-02	1.254996e+01
1.548000e-05	-1.655476e-02	1.269894e+01
1.549000e-05	-2.030279e-02	1.285634e+01
1.550000e-05	-3.406094e-02	1.303410e+01
1.551000e-05	-1.961775e-02	1.316262e+01
1.552000e-05	-2.634221e-02	1.329837e+01
1.553000e-05	-2.329340e-02	1.343618e+01
1.554000e-05	-3.654577e-02	1.359568e+01
1.555000e-05	-2.023144e-02	1.370147e+01
1.556000e-05	-3.082819e-02	1.384776e+01
1.557000e-05	-3.098571e-02	1.402517e+01
1.558000e-05	-3.307758e-02	1.415250e+01
1.559000e-05	-2.901916e-02	1.422986e+01
1.560000e-05	-3.365398e-02	1.441300e+01
1.561000e-05	-4.013154e-02	1.447829e+01
1.562000e-05	-3.006529e-02	1.457314e+01
1.563000e-05	-3.924586e-02	1.468726e+01
1.564000e-05	-3.623111e-02	1.474192e+01
1.565000e-05	-4.051383e-02	1.478460e+01
1.566000e-05	-3.494912e-02	1.485831e+01
1.567000e-05	-4.374545e-02	1.490844e+01
1.568000e-05	-4.589223e-02	1.496357e+01
1.569000e-05	-4.413341e-02	1.499476e+01
1.570000e-05	-4.582578e-02	1.505776e+01
1.571000e-05	-4.711395e-02	1.510986e+01
1.572000e-05	-5.258316e-02	1.514100e+01
1.573000e-05	-4.874825e-02	1.515560e+01
1.574000e-05	-5.473232e-02	1.523668e+01
1.575000e-05	-5.478162e-02	1.523776e+01
1.576000e-05	-5.649502e-02	1.524773e+01
1.577000e-05	-5.689274e-02	1.523779e+01
1.578000e-05	-6.048908e-02	1.528084e+01
1.579000e-05	-6.369596e-02	1.530886e+01
1.580000e-05	-6.376627e-02	1.532091e+01
1.581000e-05	-6.883244e-02	1.529841e+01
1.582000e-05	-6.850434e-02	1.523633e+01
1.583000e-05	-7.302031e-02	1.526923e+01
1.584000e-05	-7.380491e-02	1.522873e+01
1.585000e-05	-7.978162e-02	1.520617e+01
1.586000e-05	-8.343715e-02	1.516410e+01
1.587000e-05	-8.872777e-02	1.507199e+01
1.588000e-05	-9.527924e-02	1.504733e+01
1.589000e-05	-1.002624e-01	1.498812e+01
1.590000e-05	-1.056735e-01	1.498202e+01
1.591000e-05	-1.059214e-01	1.493086e+01
1.592000e-05	-1.097006e-01	1.480612e+01
1.593000e-05	-1.071088e-01	1.475192e+01
1.594000e-05	-1.049401e-01	1.470766e+01
1.595000e-05	-9.970514e-02	1.456210e+01
1.596000e-05	-9.458417e-02	1.447876e+01
1.597000e-05	-8.925366e-02	1.437310e+01
1.598000e-05	-8.358621e-02	1.427776e+01
1.599000e-05	-7.622644e-02	1.419340e+01
1.600000e-05	-7.151995e-02	1.398673e+01
1.601000e-05	-6.750768e-02	1.388977e+01
1.602000e-05	-6.348396e-02	1.378450e+01
1.603000e-05	-5.812485e-02	1.361718e+01
1.604000e-05	-5.387681e-02	1.349126e+01
1.605000e-05	-5.184524e-02	1.336202e+01
1.606000e-05	-5.029557e-02	1.324715e+01
1.607000e-05	-4.568629e-02	1.305826e+01
1.608000e-05	-4.413464e-02	1.295194e+01
1.609000e-05	-4.087366e-02	1.278357e+01
1.610000e-05	-4.077017e-02	1.263663e+01
1.611000e-05	-3.631866e-02	1.248839e+01
1.612000e-05	-3.546369e-02	1.234041e+01
1.613000e-05	-3.459357e-02	1.214299e+01
1.614000e-05	-3.405124e-02	1.196212e+01
1.615000e-05	-3.053586e-02	1.180355e+01
1.616000e-05	-2.948220e-02	1.162407e+01
1.617000e-05	-2.966942e-02	1.138204e+01
1.618000e-05	-2.832441e-02	1.115155e+01
1.619000e-05	-2.739348e-02	1.097102e+01
1.620000e-05	-2.546249e-02	1.076352e+01
1.621000e-05	-2.584400e-02	1.058355e+01
1.622000e-05	-2.459840e-02	1.036097e+01
1.623000e-05	-2.353728e-02	1.013102e+01
1.624000e-05	-2.157829e-02	9.931868e+00
1.625000e-05	-2.126218e-02	9.699341e+00
1.626000e-05	-2.088785e-02	9.436185e+00
1.627000e-05	-2.062408e-02	9.296702e+00
1.628000e-05	-1.995977e-02	9.004575e+00
1.629000e-05	-1.864916e-02	8.771444e+00
1.630000e-05	-1.958233e-02	8.559415e+00
1.631000e-05	-1.875300e-02	8.369292e+00
1.632000e-05	-1.834935e-02	8.116235e+00
1.633000e-05	-1.643653e-02	7.824103e+00
1.634000e-05	-1.563079e-02	7.591991e+00
1.635000e-05	-1.623989e-02	7.267889e+00
1.636000e-05	-1.467236e-02	7.054177e+00
1.637000e-05	-1.512496e-02	6.823002e+00
1.638000e-05	-1.307017e-02	6.519415e+00
1.639000e-05	-1.428780e-02	6.285733e+00
1.640000e-05	-1.244065e-02	6.053655e+00
1.641000e-05	-1.275593e-02	5.808972e+00
1.642000e-05	-1.259160e-02	5.528237e+00
1.643000e-05	-1.227368e-02	5.194623e+00
1.644000e-05	-1.178636e-02	4.867261e+00
1.645000e-05	-1.077828e-02	4.644601e+00
1.646000e-05	-1.112786e-02	4.380066e+00
1.647000e-05	-1.059410e-02	4.067180e+00
1.648000e-05	-1.125508e-02	3.800075e+00
1.649000e-05	-8.804431e-03	3.568419e+00
1.650000e-05	-9.161910e-03	3.245128e+00
1.651000e-05	-7.656073e-03	2.981474e+00
1.652000e-05	-9.274791e-03	2.717838e+00
1.653000e-05	-8.359797e-03	2.417999e+00
1.654000e-05	-6.859076e-03	2.127791e+00
1.655000e-05	-7.763374e-03	1.886182e+00
1.656000e-05	-6.787653e-03	1.577914e+00
1.657000e-05	-6.042300e-03	1.304105e+00
1.658000e-05	-5.565603e-03	9.662661e-01
1.659000e-05	-5.810815e-03	6.745979e-01
1.660000e-05	-5.575494e-03	3.994923e-01
1.661000e-05	-3.173835e-03	8.470784e-02
1.662000e-05	1.736545e-03	-1.875013e-01
1.663000e-05	7.303396e-03	-4.010314e-01
1.664000e-05	-7.261908e-03	-7.273671e-01
1.665000e-05	6.499129e-03	-9.890021e-01
1.666000e-05	-4.527897e-03	-1.232180e+00
1.667000e-05	3.975222e-03	-1.547949e+00
1.668000e-05	9.751381e-04	-1.779477e+00
1.669000e-05	4.504343e-02	-1.981000e+00
1.670000e-05	1.027628e-01	-2.293312e+00
1.671000e-05	-8.317864e-02	-2.655714e+00
1.672000e-05	-1.514540e-02	-3.066105e+00
1.673000e-05	-2.833165e-02	-3.337868e+00
1.674000e-05	-1.774589e-02	-3.547368e+00
1.675000e-05	-1.037904e-01	-3.756290e+00
1.676000e-05	1.732633e-01	-3.947821e+00
1.677000e-05	-2.140726e-02	-4.178501e+00
1.678000e-05	-6.461682e-02	-4.494292e+00
1.679000e-05	1.729804e-01	-4.695736e+00
1.680000e-05	-2.108992e-01	-4.991685e+00
1.681000e-05	1.715208e-01	-5.316318e+00
1.682000e-05	-8.018706e-02	-5.579004e+00
1.683000e-05	8.809856e-03	-5.903766e+00
1.684000e-05	1.204733e-01	-6.086288e+00
1.685000e-05	-1.532255e-01	-6.442129e+00
1.686000e-05	1.417420e-01	-6.696213e+00
1.687000e-05	-9.644508e-02	-6.960970e+00
1.688000e-05	4.821922e-02	-7.235260e+00
1.689000e-05	1.460132e-02	-7.455663e+00
1.690000e-05	-5.059027e-02	-7.773525e+00
1.691000e-05	1.338848e-01	-8.035206e+00
1.692000e-05	-1.142875e-01	-8.286313e+00
1.693000e-05	1.110818e-01	-8.507965e+00
1.694000e-05	-5.447710e-02	-8.752080e+00
1.695000e-05	2.885100e-02	-9.013608e+00
1.696000e-05	6.561537e-03	-9.213130e+00
1.697000e-05	-1.284644e-02	-9.464687e+00
1.698000e-05	7.673151e-02	-9.707265e+00
1.699000e-05	-4.750997e-02	-9.906889e+00
1.700000e-05	5.749515e-02	-1.004683e+01
1.701000e-05	-4.541923e-02	-1.029894e+01
1.702000e-05	6.591197e-02	-1.057040e+01
1.703000e-05	-2.130095e-02	-1.073791e+01
1.704000e-05	3.677270e-02	-1.091939e+01
1.705000e-05	8.905644e-03	-1.109837e+01
1.706000e-05	1.391179e-02	-1.129892e+01
1.707000e-05	9.655952e-03	-1.149034e+01
1.708000e-05	9.510096e-03	-1.169839e+01
1.709000e-05	3.943460e-02	-1.189932e+01
1.710000e-05	-4.230974e-03	-1.210939e+01
1.711000e-05	2.853684e-02	-1.221474e+01
1.712000e-05	6.020612e-03	-1.242465e+01
1.713000e-05	4.133147e-02	-1.265318e+01
1.714000e-05	-2.388123e-03	-1.277307e+01
1.715000e-05	3.047302e-02	-1.291047e+01
1.716000e-05	1.462354e-02	-1.307628e+01
1.717000e-05	2.966939e-02	-1.323766e+01
1.718000e-05	1.297278e-02	-1.334200e+01
1.719000e-05	2.940316e-02	-1.351034e+01
1.720000e-05	2.715843e-02	-1.359624e+01
1.721000e-05	2.085676e-02	-1.373260e+01
1.722000e-05	2.335797e-02	-1.391984e+01
1.723000e-05	2.949815e-02	-1.403521e+01
1.724000e-05	3.325840e-02	-1.416315e+01
1.725000e-05	2.165415e-02	-1.425726e+01
1.726000e-05	3.169675e-02	-1.438298e+01
1.727000e-05	2.911534e-02	-1.446926e+01
1.728000e-05	3.443614e-02	-1.455100e+01
1.729000e-05	3.118931e-02	-1.463516e+01
1.730000e-05	3.666148e-02	-1.471934e+01
1.731000e-05	3.456417e-02	-1.480247e+01
1.732000e-05	3.409065e-02	-1.484769e+01
1.733000e-05	3.636223e-02	-1.488836e+01
1.734000e-05	4.126543e-02	-1.493150e+01
1.735000e-05	3.860617e-02	-1.500258e+01
1.736000e-05	4.184552e-02	-1.505566e+01
1.737000e-05	4.366217e-02	-1.507779e+01
1.738000e-05	4.482190e-02	-1.510936e+01
1.739000e-05	4.516990e-02	-1.513144e+01
1.740000e-05	4.868979e-02	-1.517150e+01
1.741000e-05	5.103017e-02	-1.513415e+01
1.742000e-05	4.909508e-02	-1.518465e+01
1.743000e-05	5.280257e-02	-1.519463e+01
1.744000e-05	5.739975e-02	-1.522618e+01
1.745000e-05	5.881573e-02	-1.522466e+01
1.746000e-05	5.767522e-02	-1.520516e+01
1.747000e-05	6.100412e-02	-1.520318e+01
1.748000e-05	6.572095e-02	-1.516407e+01
1.749000e-05	6.807773e-02	-1.519145e+01
1.750000e-05	7.135525e-02	-1.514089e+01
1.751000e-05	7.723178e-02	-1.513937e+01
1.752000e-05	8.071678e-02	-1.505779e+01
1.753000e-05	8.563048e-02	-1.502515e+01
1.754000e-05	9.203978e-02	-1.496302e+01
1.755000e-05	9.753515e-02	-1.495234e+01
1.756000e-05	9.955897e-02	-1.483673e+01
1.757000e-05	1.021527e-01	-1.478248e+01
1.758000e-05	1.027070e-01	-1.471687e+01
1.759000e-05	9.948035e-02	-1.462373e+01
1.760000e-05	9.441677e-02	-1.454096e+01
1.761000e-05	9.112653e-02	-1.445521e+01
1.762000e-05	8.466798e-02	-1.439239e+01
1.763000e-05	7.841157e-02	-1.422513e+01
1.764000e-05	7.125187e-02	-1.415142e+01
1.765000e-05	6.702939e-02	-1.401350e+01
1.766000e-05	6.216457e-02	-1.386566e+01
1.767000e-05	5.725427e-02	-1.375044e+01
1.768000e-05	5.335343e-02	-1.364565e+01
1.769000e-05	4.987681e-02	-1.344774e+01
1.770000e-05	4.553964e-02	-1.337052e+01
1.771000e-05	4.181492e-02	-1.320413e+01
1.772000e-05	3.943284e-02	-1.304521e+01
1.773000e-05	3.650564e-02	-1.295997e+01
1.774000e-05	3.526314e-02	-1.282354e+01
1.775000e-05	3.267133e-02	-1.263513e+01
1.776000e-05	3.123959e-02	-1.244536e+01
1.777000e-05	2.890224e-02	-1.234884e+01
1.778000e-05	2.630793e-02	-1.215892e+01
1.779000e-05	2.549517e-02	-1.197150e+01
1.780000e-05	2.380579e-02	-1.182355e+01
1.781000e-05	2.435348e-02	-1.160253e+01
1.782000e-05	2.210392e-02	-1.138192e+01
1.783000e-05	2.053785e-02	-1.114050e+01
1.784000e-05	1.885359e-02	-1.098887e+01
1.785000e-05	1.803587e-02	-1.078992e+01
1.786000e-05	1.766753e-02	-1.058155e+01
1.787000e-05	1.683700e-02	-1.032240e+01
1.788000e-05	1.596486e-02	-1.014787e+01
1.789000e-05	1.466990e-02	-9.917315e+00
1.790000e-05	1.313432e-02	-9.717362e+00
1.791000e-05	1.233625e-02	-9.475758e+00
1.792000e-05	1.175393e-02	-9.245258e+00
1.793000e-05	1.104113e-02	-9.033029e+00
1.794000e-05	9.831092e-03	-8.814097e+00
1.795000e-05	1.009395e-02	-8.558969e+00
1.796000e-05	8.725985e-03	-8.317792e+00
1.797000e-05	8.014696e-03	-8.067312e+00
1.798000e-05	5.541703e-03	-7.874579e+00
1.799000e-05	6.941780e-03	-7.528343e+00
1.800000e-05	6.652483e-03	-7.316790e+00
1.801000e-05	5.496706e-03	-7.084663e+00
1.802000e-05	5.226181e-03	-6.811974e+00
1.803000e-05	5.101505e-03	-6.578870e+00
1.804000e-05	4.863183e-03	-6.307888e+00
1.805000e-05	1.712246e-03	-6.044579e+00
1.806000e-05	4.210824e-03	-5.790997e+00
1.807000e-05	2.697571e-03	-5.567841e+00
1.808000e-05	4.803832e-03	-5.213074e+00
1.809000e-05	8.650992e-04	-4.917791e+00
1.810000e-05	1.874376e-03	-4.599524e+00
1.811000e-05	7.229385e-04	-4.379950e+00
1.812000e-05	2.450226e-03	-4.175862e+00
1.813000e-05	1.131074e-03	-3.843154e+00
1.814000e-05	3.866721e-04	-3.568896e+00
1.815000e-05	4.336648e-04	-3.305791e+00
1.816000e-05	-2.107542e-03	-2.998979e+00
1.817000e-05	-1.969691e-03	-2.726366e+00
1.818000e-05	-1.172663e-03	-2.462078e+00
1.819000e-05	-1.603628e-03	-2.177416e+00
1.820000e-05	-2.205184e-03	-1.875157e+00
1.821000e-05	-3.003345e-03	-1.632071e+00
1.822000e-05	-3.897276e-03	-1.283660e+00
1.823000e-05	-3.096849e-03	-9.684722e-01
1.824000e-05	-4.105610e-03	-7.132594e-01
1.825000e-05	-3.583927e-03	-3.994736e-01
1.826000e-05	-4.825531e-03	-1.267644e-01
1.827000e-05	4.922195e-04	1.468982e-01
1.828000e-05	9.399873e-03	4.215828e-01
1.829000e-05	-6.280923e-03	6.856869e-01
1.830000e-05	3.978731e-03	8.841646e-01
1.831000e-05	-7.038305e-03	1.213080e+00
1.832000e-05	1.223842e-03	1.486342e+00
1.833000e-05	-7.823673e-03	1.821530e+00
1.834000e-05	1.523746e-02	2.002025e+00
1.835000e-05	3.912411e-02	2.243236e+00
1.836000e-05	8.318325e-02	2.558575e+00
1.837000e-05	-9.028554e-02	2.897313e+00
1.838000e-05	-2.285999e-02	3.190950e+00
1.839000e-05	-3.924880e-02	3.476837e+00
1.840000e-05	-2.631680e-03	3.697945e+00
1.841000e-05	-8.196351e-02	3.926346e+00
1.842000e-05	5.021646e-02	4.118972e+00
1.843000e-05	1.030632e-01	4.464656e+00
1.844000e-05	-1.666539e-01	4.709238e+00
1.845000e-05	1.426837e-01	4.919471e+00
1.846000e-05	-6.114058e-02	5.307366e+00
1.847000e-05	-4.176456e-02	5.561027e+00
1.848000e-05	4.947674e-02	5.844708e+00
1.849000e-05	-4.956039e-02	6.098290e+00
1.850000e-05	4.110369e-02	6.332520e+00
1.851000e-05	-4.583342e-02	6.635285e+00
1.852000e-05	8.137356e-03	6.936843e+00
1.853000e-05	-1.595128e-03	7.190526e+00
1.854000e-05	-3.584368e-02	7.486868e+00
1.855000e-05	9.347726e-03	7.719420e+00
1.856000e-05	-4.163017e-02	8.014085e+00
1.857000e-05	5.134560e-02	8.246311e+00
1.858000e-05	-4.056653e-02	8.467340e+00
1.859000e-05	-1.911279e-02	8.717866e+00
1.860000e-05	1.132255e-02	8.940027e+00
1.861000e-05	-3.918180e-02	9.172625e+00
1.862000e-05	8.050928e-03	9.393132e+00
1.863000e-05	-4.231844e-02	9.655232e+00
1.864000e-05	2.618331e-02	9.865761e+00
1.865000e-05	-3.704471e-02	1.008841e+01
1.866000e-05	-8.915638e-03	1.030893e+01
1.867000e-05	-2.761963e-02	1.051032e+01
1.868000e-05	-3.730057e-03	1.070882e+01
1.869000e-05	-1.004137e-02	1.092034e+01
1.870000e-05	-3.519783e-02	1.108736e+01
1.871000e-05	7.986745e-04	1.127894e+01
1.872000e-05	-2.340404e-02	1.148132e+01
1.873000e-05	-1.198504e-02	1.168889e+01
1.874000e-05	-3.754716e-02	1.186784e+01
1.875000e-05	-2.113764e-03	1.206828e+01
1.876000e-05	-2.492650e-02	1.225523e+01
1.877000e-05	-2.498363e-02	1.238513e+01
1.878000e-05	-2.323124e-02	1.256302e+01
1.879000e-05	-1.845760e-02	1.273904e+01
1.880000e-05	-2.183429e-02	1.289931e+01
1.881000e-05	-3.553583e-02	1.303715e+01
1.882000e-05	-1.613630e-02	1.318714e+01
1.883000e-05	-2.831762e-02	1.335052e+01
1.884000e-05	-2.715977e-02	1.352941e+01
1.885000e-05	-3.315758e-02	1.362626e+01
1.886000e-05	-2.216182e-02	1.379410e+01
1.887000e-05	-2.902113e-02	1.393989e+01
1.888000e-05	-3.474627e-02	1.408820e+01
1.889000e-05	-3.008006e-02	1.416510e+01
1.890000e-05	-3.296217e-02	1.429986e+01
1.891000e-05	-3.181947e-02	1.445668e+01
1.892000e-05	-3.943310e-02	1.450034e+01
1.893000e-05	-3.169877e-02	1.457260e+01
1.894000e-05	-3.933530e-02	1.464931e+01
1.895000e-05	-3.777789e-02	1.477199e+01
1.896000e-05	-3.828288e-02	1.479470e+01
1.897000e-05	-4.170402e-02	1.487828e+01
1.898000e-05	-4.220565e-02	1.493094e+01
1.899000e-05	-4.552519e-02	1.499362e+01
1.900000e-05	-4.193794e-02	1.499726e+01
1.901000e-05	-4.764040e-02	1.511828e+01
1.902000e-05	-4.759021e-02	1.511989e+01
1.903000e-05	-5.192052e-02	1.517265e+01
1.904000e-05	-5.099696e-02	1.518655e+01
1.905000e-05	-5.452634e-02	1.516716e+01
1.906000e-05	-5.545967e-02	1.519821e+01
1.907000e-05	-5.547189e-02	1.526728e+01
1.908000e-05	-5.945475e-02	1.529033e+01
1.909000e-05	-6.046897e-02	1.529131e+01
1.910000e-05	-6.454889e-02	1.529141e+01
1.911000e-05	-6.407573e-02	1.525886e+01
1.912000e-05	-6.921246e-02	1.526933e+01
1.913000e-05	-6.960408e-02	1.524876e+01
1.914000e-05	-7.253686e-02	1.524773e+01
1.915000e-05	-7.634992e-02	1.522768e+01
1.916000e-05	-8.039512e-02	1.519415e+01
1.917000e-05	-8.644274e-02	1.516302e+01
1.918000e-05	-8.941285e-02	1.514036e+01
1.919000e-05	-9.816088e-02	1.505530e+01
1.920000e-05	-1.008087e-01	1.499403e+01
1.921000e-05	-1.057124e-01	1.496049e+01
1.922000e-05	-1.078331e-01	1.490876e+01
1.923000e-05	-1.093021e-01	1.480417e+01
1.924000e-05	-1.069769e-01	1.473144e+01
1.925000e-05	-1.020892e-01	1.462678e+01
1.926000e-05	-9.818567e-02	1.454191e+01
1.927000e-05	-9.166262e-02	1.444726e+01
1.928000e-05	-8.613884e-02	1.432402e+01
1.929000e-05	-8.023271e-02	1.425773e+01
1.930000e-05	-7.688268e-02	1.409089e+01
1.931000e-05	-7.016890e-02	1.396350e+01
1.932000e-05	-6.643673e-02	1.386631e+01
1.933000e-05	-5.948459e-02	1.374151e+01
1.934000e-05	-5.826338e-02	1.357417e+01
1.935000e-05	-5.368623e-02	1.345573e+01
1.936000e-05	-5.124229e-02	1.330034e+01
1.937000e-05	-4.830210e-02	1.319350e+01
1.938000e-05	-4.547008e-02	1.304628e+01
1.939000e-05	-4.323482e-02	1.290034e+01
1.940000e-05	-4.146987e-02	1.273247e+01
1.941000e-05	-3.890910e-02	1.260347e+01
1.942000e-05	-3.783857e-02	1.239610e+01
1.943000e-05	-3.464461e-02	1.223666e+01
1.944000e-05	-3.467054e-02	1.212029e+01
1.945000e-05	-3.143062e-02	1.190889e+01
1.946000e-05	-3.184259e-02	1.170942e+01
1.947000e-05	-2.886852e-02	1.151034e+01
1.948000e-05	-2.909528e-02	1.132294e+01
1.949000e-05	-2.685218e-02	1.109936e+01
1.950000e-05	-2.800527e-02	1.094037e+01
1.951000e-05	-2.520820e-02	1.075139e+01
1.952000e-05	-2.501288e-02	1.050884e+01
1.953000e-05	-2.292661e-02	1.026781e+01
1.954000e-05	-2.348831e-02	1.010623e+01
1.955000e-05	-2.210918e-02	9.877605e+00
1.956000e-05	-2.032236e-02	9.602603e+00
1.957000e-05	-2.094137e-02	9.391545e+00
1.958000e-05	-2.160875e-02	9.212522e+00
1.959000e-05	-2.035814e-02	8.990893e+00
1.960000e-05	-1.867812e-02	8.686758e+00
1.961000e-05	-1.849777e-02	8.476760e+00
1.962000e-05	-1.938967e-02	8.315100e+00
1.963000e-05	-1.566161e-02	7.983000e+00
1.964000e-05	-1.679711e-02	7.739869e+00
1.965000e-05	-1.614919e-02	7.507758e+00
1.966000e-05	-1.520585e-02	7.223527e+00
1.967000e-05	-1.666492e-02	6.969922e+00
1.968000e-05	-1.266835e-02	6.738740e+00
1.969000e-05	-1.671422e-02	6.433176e+00
1.970000e-05	-1.092142e-02	6.193050e+00
1.971000e-05	-1.292263e-02	5.989913e+00
1.972000e-05	-1.180713e-02	5.675338e+00
1.973000e-05	-1.352997e-02	5.443052e+00
1.974000e-05	-1.327613e-02	5.107810e+00
1.975000e-05	-1.034932e-02	4.824676e+00
1.976000e-05	-1.065314e-02	4.547313e+00
1.977000e-05	-1.033883e-02	4.295729e+00
1.978000e-05	-1.082324e-02	4.000970e+00
1.979000e-05	-1.055671e-02	3.686311e+00
1.980000e-05	-9.410330e-03	3.475577e+00
1.981000e-05	-9.552746e-03	3.178370e+00
1.982000e-05	-7.817041e-03	2.894732e+00
1.983000e-05	-8.080249e-03	2.662499e+00
1.984000e-05	-7.499753e-03	2.306761e+00
1.985000e-05	-7.340753e-03	2.053104e+00
1.986000e-05	-7.808345e-03	1.808919e+00
1.987000e-05	-7.652152e-03	1.463058e+00
1.988000e-05	-6.625407e-03	1.188387e+00
1.989000e-05	-6.691947e-03	8.414978e-01
1.990000e-05	-5.070069e-03	5.784434e-01
1.991000e-05	-4.122801e-03	2.867606e-01
1.992000e-05	-2.374973e-03	-1.475131e-03
1.993000e-05	4.896658e-03	-3.037130e-01
1.994000e-05	7.279415e-04	-5.032671e-01
1.995000e-05	-1.404015e-03	-7.795578e-01
1.996000e-05	6.316220e-04	-1.071660e+00
1.997000e-05	-3.699506e-04	-1.327421e+00
1.998000e-05	-1.006827e-03	-1.661080e+00
1.999000e-05	1.437246e-02	-1.823759e+00
2.000000e-05	6.394675e-02	-2.022636e+00
2.001000e-05	7.168232e-02	-2.389981e+00
2.002000e-05	-1.119439e-01	-2.800500e+00
2.003000e-05	2.129322e-02	-3.159423e+00
2.004000e-05	-4.973776e-02	-3.422076e+00
2.005000e-05	-2.621049e-02	-3.658051e+00
2.006000e-05	-7.225539e-02	-3.851605e+00
2.007000e-05	2.193834e-01	-3.999951e+00
2.008000e-05	-1.717034e-01	-4.276316e+00
2.009000e-05	1.087653e-01	-4.537421e+00
2.010000e-05	2.059047e-02	-4.770026e+00
2.011000e-05	-1.239616e-01	-5.115774e+00
2.012000e-05	1.781969e-01	-5.399973e+00
2.013000e-05	-1.562565e-01	-5.667822e+00
2.014000e-05	1.359112e-01	-5.929419e+00
2.015000e-05	-8.201441e-03	-6.172428e+00
2.016000e-05	-7.391715e-02	-6.518368e+00
2.017000e-05	1.230767e-01	-6.750421e+00
2.018000e-05	-1.345464e-01	-7.054816e+00
2.019000e-05	1.286744e-01	-7.317796e+00
2.020000e-05	-8.877441e-02	-7.529028e+00
2.021000e-05	6.710220e-02	-7.877790e+00
2.022000e-05	3.833777e-02	-8.107397e+00
2.023000e-05	-6.409279e-02	-8.350001e+00
2.024000e-05	1.044841e-01	-8.624054e+00
2.025000e-05	-8.889086e-02	-8.835289e+00
2.026000e-05	7.975141e-02	-9.035763e+00
2.027000e-05	-5.245332e-02	-9.287270e+00
2.028000e-05	6.280826e-02	-9.529926e+00
2.029000e-05	1.372859e-02	-9.751497e+00
2.030000e-05	-6.920499e-03	-9.953029e+00
2.031000e-05	2.418422e-02	-1.023195e+01
2.032000e-05	-2.239798e-02	-1.038473e+01
2.033000e-05	6.158022e-02	-1.058102e+01
2.034000e-05	-3.083226e-02	-1.080157e+01
2.035000e-05	5.778464e-02	-1.095152e+01
2.036000e-05	-1.400184e-02	-1.113108e+01
2.037000e-05	3.575221e-02	-1.136205e+01
2.038000e-05	-1.462133e-02	-1.159000e+01
2.039000e-05	3.860411e-02	-1.181210e+01
2.040000e-05	1.182829e-02	-1.194155e+01
2.041000e-05	1.472924e-02	-1.216047e+01
2.042000e-05	1.444134e-02	-1.230747e+01
2.043000e-05	2.227180e-02	-1.248784e+01
2.044000e-05	2.804578e-02	-1.264522e+01
2.045000e-05	2.601861e-03	-1.284463e+01
2.046000e-05	3.154392e-02	-1.297200e+01
2.047000e-05	1.211856e-02	-1.312897e+01
2.048000e-05	3.176424e-02	-1.326671e+01
2.049000e-05	1.012078e-02	-1.338414e+01
2.050000e-05	3.786595e-02	-1.358200e+01
2.051000e-05	1.828853e-02	-1.364637e+01
2.052000e-05	2.590063e-02	-1.383373e+01
2.053000e-05	2.123245e-02	-1.392156e+01
2.054000e-05	3.451190e-02	-1.408831e+01
2.055000e-05	2.616332e-02	-1.421421e+01
2.056000e-05	2.630399e-02	-1.428934e+01
2.057000e-05	3.066987e-02	-1.440423e+01
2.058000e-05	3.147216e-02	-1.449882e+01
2.059000e-05	3.245821e-02	-1.454295e+01
2.060000e-05	3.236375e-02	-1.466671e+01
2.061000e-05	3.669469e-02	-1.474202e+01
2.062000e-05	3.270494e-02	-1.478460e+01
2.063000e-05	3.465685e-02	-1.485731e+01
2.064000e-05	3.879365e-02	-1.490084e+01
2.065000e-05	4.222915e-02	-1.497155e+01
2.066000e-05	3.922439e-02	-1.499466e+01
2.067000e-05	4.246254e-02	-1.507621e+01
2.068000e-05	4.279675e-02	-1.507831e+01
2.069000e-05	4.471393e-02	-1.516897e+01
2.070000e-05	4.505252e-02	-1.512890e+01
2.071000e-05	5.061070e-02	-1.518350e+01
2.072000e-05	5.115308e-02	-1.519370e+01
2.073000e-05	5.154115e-02	-1.519615e+01
2.074000e-05	5.417634e-02	-1.520670e+01
2.075000e-05	5.741916e-02	-1.521768e+01
2.076000e-05	5.756493e-02	-1.520510e+01
2.077000e-05	5.728220e-02	-1.518620e+01
2.078000e-05	6.424451e-02	-1.519613e+01
2.079000e-05	6.725400e-02	-1.517450e+01
2.080000e-05	6.976627e-02	-1.515302e+01
2.081000e-05	7.217413e-02	-1.516094e+01
2.082000e-05	7.791124e-02	-1.507884e+01
2.083000e-05	8.113491e-02	-1.506724e+01
2.084000e-05	8.724782e-02	-1.497565e+01
2.085000e-05	9.364931e-02	-1.496245e+01
2.086000e-05	1.002672e-01	-1.487984e+01
2.087000e-05	1.013434e-01	-1.484819e+01
2.088000e-05	1.014955e-01	-1.474102e+01
2.089000e-05	1.009946e-01	-1.464834e+01
2.090000e-05	9.921230e-02	-1.463455e+01
2.091000e-05	9.309214e-02	-1.448936e+01
2.092000e-05	8.823335e-02	-1.439713e+01
2.093000e-05	8.251030e-02	-1.429036e+01
2.094000e-05	7.758694e-02	-1.418710e+01
2.095000e-05	7.041817e-02	-1.406831e+01
2.096000e-05	6.573320e-02	-1.396400e+01
2.097000e-05	5.937327e-02	-1.381566e+01
2.098000e-05	5.568489e-02	-1.368186e+01
2.099000e-05	5.184029e-02	-1.359295e+01
2.100000e-05	4.990654e-02	-1.344528e+01
2.101000e-05	4.506038e-02	-1.335039e+01
2.102000e-05	4.035111e-02	-1.317200e+01
2.103000e-05	3.761316e-02	-1.306408e+01
2.104000e-05	3.637467e-02	-1.290784e+01
2.105000e-05	3.510281e-02	-1.276144e+01
2.106000e-05	3.263287e-02	-1.263153e+01
2.107000e-05	3.031216e-02	-1.241519e+01
2.108000e-05	2.801124e-02	-1.228471e+01
2.109000e-05	2.600006e-02	-1.211729e+01
2.110000e-05	2.538262e-02	-1.194987e+01
2.111000e-05	2.447853e-02	-1.173837e+01
2.112000e-05	2.266105e-02	-1.151844e+01
2.113000e-05	2.118140e-02	-1.126781e+01
2.114000e-05	2.009748e-02	-1.106736e+01
2.115000e-05	1.926249e-02	-1.088681e+01
2.116000e-05	1.831596e-02	-1.067681e+01
2.117000e-05	1.717037e-02	-1.052892e+01
2.118000e-05	1.562856e-02	-1.027671e+01
2.119000e-05	1.438145e-02	-1.002526e+01
2.120000e-05	1.390935e-02	-9.866679e+00
2.121000e-05	1.414330e-02	-9.665199e+00
2.122000e-05	1.200958e-02	-9.393553e+00
2.123000e-05	1.195595e-02	-9.170499e+00
2.124000e-05	1.031463e-02	-8.928425e+00
2.125000e-05	1.049020e-02	-8.746990e+00
2.126000e-05	8.957903e-03	-8.518337e+00
2.127000e-05	8.195499e-03	-8.212659e+00
2.128000e-05	8.064784e-03	-8.023553e+00
2.129000e-05	7.356352e-03	-7.769470e+00
2.130000e-05	6.870568e-03	-7.444733e+00
2.131000e-05	6.348379e-03	-7.194003e+00
2.132000e-05	5.006274e-03	-6.940422e+00
2.133000e-05	4.708562e-03	-6.736767e+00
2.134000e-05	4.292052e-03	-6.503762e+00
2.135000e-05	3.969085e-03	-6.202526e+00
2.136000e-05	4.803470e-03	-5.987842e+00
2.137000e-05	3.367966e-03	-5.704764e+00
2.138000e-05	1.977266e-03	-5.421401e+00
2.139000e-05	2.952729e-03	-5.126738e+00
2.140000e-05	1.987616e-03	-4.812069e+00
2.141000e-05	3.380563e-03	-4.518242e+00
2.142000e-05	1.541605e-04	-4.276239e+00
2.143000e-05	1.200870e-03	-4.034083e+00
2.144000e-05	2.062415e-04	-3.717470e+00
2.145000e-05	-8.941672e-04	-3.505659e+00
2.146000e-05	-8.096545e-04	-3.221574e+00
2.147000e-05	-9.956416e-04	-2.886664e+00
2.148000e-05	-1.611795e-04	-2.663128e+00
2.149000e-05	-2.835863e-03	-2.399397e+00
2.150000e-05	-1.415284e-03	-2.103480e+00
2.151000e-05	-3.680508e-03	-1.840500e+00
2.152000e-05	-1.761790e-03	-1.557359e+00
2.153000e-05	-4.819047e-03	-1.179393e+00
2.154000e-05	-2.452109e-03	-9.222358e-01
2.155000e-05	-3.640567e-03	-5.889186e-01
2.156000e-05	-3.697298e-03	-3.364130e-01
2.157000e-05	-5.573541e-03	-3.053390e-02
2.158000e-05	3.000437e-03	2.336566e-01
2.159000e-05	5.171851e-03	4.957894e-01
2.160000e-05	-3.914390e-03	7.285184e-01
2.161000e-05	4.032943e-03	1.013679e+00
2.162000e-05	-5.549434e-03	1.346241e+00
2.163000e-05	5.235125e-04	1.632204e+00
2.164000e-05	-5.212460e-03	1.844259e+00
2.165000e-05	2.013248e-02	2.054738e+00
2.166000e-05	6.237371e-02	2.307841e+00
2.167000e-05	3.744534e-02	2.686387e+00
2.168000e-05	-9.645400e-02	2.972531e+00
2.169000e-05	-1.027378e-02	3.264634e+00
2.170000e-05	-3.390485e-02	3.579023e+00
2.171000e-05	-2.135249e-02	3.791554e+00
2.172000e-05	-6.511686e-02	4.070997e+00
2.173000e-05	1.020338e-01	4.234780e+00
2.174000e-05	2.076368e-02	4.508867e+00
2.175000e-05	-1.338796e-01	4.749447e+00
2.176000e-05	1.844542e-01	5.057886e+00
2.177000e-05	-1.636178e-01	5.413128e+00
2.178000e-05	6.382195e-02	5.713159e+00
2.179000e-05	-2.016029e-02	5.948946e+00
2.180000e-05	-5.962922e-03	6.180522e+00
2.181000e-05	2.099165e-02	6.496153e+00
2.182000e-05	-5.222153e-02	6.740921e+00
2.183000e-05	3.681626e-02	7.000551e+00
2.184000e-05	-4.318217e-02	7.258238e+00
2.185000e-05	2.833285e-04	7.550472e+00
2.186000e-05	-2.570508e-02	7.833709e+00
2.187000e-05	-1.588178e-03	8.147320e+00
2.188000e-05	3.195675e-02	8.359473e+00
2.189000e-05	-5.210518e-02	8.571448e+00
2.190000e-05	8.228756e-03	8.813529e+00
2.191000e-05	-1.532383e-02	9.014105e+00
2.192000e-05	-1.719338e-02	9.236261e+00
2.193000e-05	-1.410258e-02	9.477312e+00
2.194000e-05	-1.672656e-02	9.707516e+00
2.195000e-05	4.671852e-03	9.961018e+00
2.196000e-05	-2.799469e-02	1.014207e+01
2.197000e-05	-1.860393e-02	1.034057e+01
2.198000e-05	-2.019982e-02	1.054202e+01
2.199000e-05	-3.817198e-03	1.077210e+01
2.200000e-05	-1.817701e-02	1.097297e+01
2.201000e-05	-2.530352e-02	1.113997e+01
2.202000e-05	-5.062009e-03	1.131258e+01
2.203000e-05	-1.887021e-02	1.155452e+01
2.204000e-05	-2.477534e-02	1.175255e+01
2.205000e-05	-2.302298e-02	1.192202e+01
2.206000e-05	-9.635959e-03	1.211839e+01
2.207000e-05	-2.126549e-02	1.227889e+01
2.208000e-05	-2.943777e-02	1.245633e+01
2.209000e-05	-1.616213e-02	1.263423e+01
2.210000e-05	-2.091317e-02	1.280363e+01
2.211000e-05	-2.711776e-02	1.292050e+01
2.212000e-05	-3.038560e-02	1.309931e+01
2.213000e-05	-1.991155e-02	1.325676e+01
2.214000e-05	-2.537660e-02	1.340213e+01
2.215000e-05	-3.256885e-02	1.353197e+01
2.216000e-05	-2.488517e-02	1.368031e+01
2.217000e-05	-2.656864e-02	1.380565e+01
2.218000e-05	-2.957244e-02	1.392250e+01
2.219000e-05	-3.712597e-02	1.408137e+01
2.220000e-05	-2.748669e-02	1.421710e+01
2.221000e-05	-3.266222e-02	1.433194e+01
2.222000e-05	-3.498433e-02	1.446821e+01
2.223000e-05	-3.596645e-02	1.451949e+01
2.224000e-05	-3.475382e-02	1.461516e+01
2.225000e-05	-3.574052e-02	1.470987e+01
2.226000e-05	-4.088457e-02	1.475254e+01
2.227000e-05	-3.577293e-02	1.481716e+01
2.228000e-05	-4.329623e-02	1.486034e+01
2.229000e-05	-4.262693e-02	1.495152e+01
2.230000e-05	-4.605841e-02	1.498355e+01
2.231000e-05	-4.296661e-02	1.503820e+01
2.232000e-05	-4.792012e-02	1.507081e+01
2.233000e-05	-4.950418e-02	1.514242e+01
2.234000e-05	-4.979787e-02	1.520350e+01
2.235000e-05	-5.353167e-02	1.519565e+01
2.236000e-05	-5.336915e-02	1.523720e+01
2.237000e-05	-5.780560e-02	1.524873e+01
2.238000e-05	-5.422042e-02	1.524926e+01
2.239000e-05	-6.075788e-02	1.528971e+01
2.240000e-05	-6.087924e-02	1.527884e+01
2.241000e-05	-6.464632e-02	1.524934e+01
2.242000e-05	-6.591885e-02	1.526833e+01
2.243000e-05	-6.815202e-02	1.526879e+01
2.244000e-05	-7.197869e-02	1.524776e+01
2.245000e-05	-7.251652e-02	1.519675e+01
2.246000e-05	-7.870543e-02	1.520420e+01
2.247000e-05	-8.027562e-02	1.514510e+01
2.248000e-05	-8.884539e-02	1.514247e+01
2.249000e-05	-9.262952e-02	1.505039e+01
2.250000e-05	-9.829591e-02	1.504530e+01
2.251000e-05	-1.019857e-01	1.497357e+01
2.252000e-05	-1.061229e-01	1.492037e+01
2.253000e-05	-1.087601e-01	1.484724e+01
2.254000e-05	-1.072737e-01	1.476252e+01
2.255000e-05	-1.065222e-01	1.468989e+01
2.256000e-05	-1.015785e-01	1.461505e+01
2.257000e-05	-9.799329e-02	1.445997e+01
2.258000e-05	-8.915814e-02	1.442611e+01
2.259000e-05	-8.465842e-02	1.429089e+01
2.260000e-05	-7.977273e-02	1.419355e+01
2.261000e-05	-7.360231e-02	1.402736e+01
2.262000e-05	-7.020576e-02	1.392092e+01
2.263000e-05	-6.325778e-02	1.380463e+01
2.264000e-05	-6.176912e-02	1.370984e+01
2.265000e-05	-5.497424e-02	1.353049e+01
2.266000e-05	-5.028294e-02	1.342403e+01
2.267000e-05	-5.095512e-02	1.328781e+01
2.268000e-05	-4.717809e-02	1.311239e+01
2.269000e-05	-4.651150e-02	1.298160e+01
2.270000e-05	-4.146911e-02	1.281718e+01
2.271000e-05	-4.207318e-02	1.269681e+01
2.272000e-05	-3.605211e-02	1.257202e+01
2.273000e-05	-3.810656e-02	1.237550e+01
2.274000e-05	-3.248331e-02	1.220355e+01
2.275000e-05	-3.678002e-02	1.199471e+01
2.276000e-05	-2.841511e-02	1.185818e+01
2.277000e-05	-2.989565e-02	1.163731e+01
2.278000e-05	-2.898818e-02	1.145566e+01
2.279000e-05	-2.760479e-02	1.123723e+01
2.280000e-05	-2.977198e-02	1.107515e+01
2.281000e-05	-2.390239e-02	1.086778e+01
2.282000e-05	-2.823688e-02	1.067615e+01
2.283000e-05	-2.430737e-02	1.042621e+01
2.284000e-05	-2.490991e-02	1.021458e+01
2.285000e-05	-2.294522e-02	1.003372e+01
2.286000e-05	-2.016919e-02	9.793445e+00
2.287000e-05	-2.048635e-02	9.528444e+00
2.288000e-05	-2.010806e-02	9.309388e+00
2.289000e-05	-2.225237e-02	9.108810e+00
2.290000e-05	-1.990268e-02	8.855305e+00
2.291000e-05	-1.747297e-02	8.642602e+00
2.292000e-05	-1.849762e-02	8.402102e+00
2.293000e-05	-1.769685e-02	8.162015e+00
2.294000e-05	-1.829076e-02	7.907809e+00
2.295000e-05	-1.655084e-02	7.655228e+00
2.296000e-05	-1.534785e-02	7.380998e+00
2.297000e-05	-1.562908e-02	7.126895e+00
2.298000e-05	-1.323644e-02	6.906709e+00
2.299000e-05	-1.361095e-02	6.662675e+00
2.300000e-05	-1.447353e-02	6.409444e+00
2.301000e-05	-1.348115e-02	6.118343e+00
2.302000e-05	-1.328219e-02	5.904658e+00
2.303000e-05	-1.241602e-02	5.621507e+00
2.304000e-05	-1.256961e-02	5.377864e+00
2.305000e-05	-1.199891e-02	5.011049e+00
2.306000e-05	-1.067419e-02	4.735287e+00
2.307000e-05	-1.036607e-02	4.464224e+00
2.308000e-05	-1.098034e-02	4.172442e+00
2.309000e-05	-1.009031e-02	3.915312e+00
2.310000e-05	-9.586662e-03	3.652125e+00
2.311000e-05	-9.445705e-03	3.339542e+00
2.312000e-05	-8.542267e-03	3.085181e+00
2.313000e-05	-8.913076e-03	2.852521e+00
2.314000e-05	-7.905088e-03	2.527787e+00
2.315000e-05	-8.864100e-03	2.223053e+00
2.316000e-05	-8.377726e-03	1.958970e+00
2.317000e-05	-6.656656e-03	1.692678e+00
2.318000e-05	-6.538219e-03	1.358918e+00
2.319000e-05	-6.221254e-03	1.054227e+00
2.320000e-05	-5.986011e-03	7.073671e-01
2.321000e-05	-5.148224e-03	4.731318e-01
2.322000e-05	-4.317939e-03	1.589688e-01
2.323000e-05	-2.001740e-03	-8.421315e-02
2.324000e-05	9.201923e-03	-3.468922e-01
2.325000e-05	-5.585564e-03	-6.330338e-01
2.326000e-05	4.913292e-03	-9.142381e-01
2.327000e-05	-4.954018e-03	-1.145920e+00
2.328000e-05	4.051017e-03	-1.494804e+00
2.329000e-05	-4.108018e-03	-1.705214e+00
2.330000e-05	2.800098e-02	-1.916395e+00
2.331000e-05	8.967800e-02	-2.168400e+00
2.332000e-05	-6.461766e-04	-2.528499e+00
2.333000e-05	-8.006543e-02	-2.877197e+00
2.334000e-05	1.097568e-02	-3.232631e+00
2.335000e-05	-3.909666e-02	-3.452633e+00
2.336000e-05	-6.594007e-02	-3.693232e+00
2.337000e-05	3.383168e-02	-3.866216e+00
2.338000e-05	1.486837e-01	-4.103663e+00
2.339000e-05	-1.989657e-01	-4.419951e+00
2.340000e-05	2.132974e-01	-4.602606e+00
2.341000e-05	-1.471983e-01	-4.904894e+00
2.342000e-05	2.890123e-02	-5.212600e+00
2.343000e-05	7.158245e-02	-5.473737e+00
2.344000e-05	-1.268774e-01	-5.801029e+00
2.345000e-05	1.853211e-01	-6.012024e+00
2.346000e-05	-1.225880e-01	-6.296338e+00
2.347000e-05	5.442676e-02	-6.602629e+00
2.348000e-05	2.305824e-02	-6.852663e+00
2.349000e-05	-7.388458e-02	-7.149599e+00
2.350000e-05	1.170443e-01	-7.422998e+00
2.351000e-05	-1.244514e-01	-7.695412e+00
2.352000e-05	1.453338e-01	-7.958576e+00
2.353000e-05	-6.829481e-02	-8.171080e+00
2.354000e-05	3.381635e-02	-8.455639e+00
2.355000e-05	3.687415e-02	-8.728769e+00
2.356000e-05	-5.406322e-02	-8.927427e+00
2.357000e-05	7.203354e-02	-9.128918e+00
2.358000e-05	-6.352900e-02	-9.369976e+00
2.359000e-05	1.016384e-01	-9.593628e+00
2.360000e-05	-4.160443e-02	-9.813107e+00
2.361000e-05	3.954975e-02	-1.004316e+01
2.362000e-05	-2.116301e-02	-1.025524e+01
2.363000e-05	2.671700e-02	-1.049531e+01
2.364000e-05	2.377022e-02	-1.063526e+01
2.365000e-05	-6.662184e-03	-1.086576e+01
2.366000e-05	4.574354e-02	-1.102421e+01
2.367000e-05	-1.162447e-02	-1.125669e+01
2.368000e-05	3.384997e-02	-1.145318e+01
2.369000e-05	-1.486890e-02	-1.164618e+01
2.370000e-05	5.314753e-02	-1.187726e+01
2.371000e-05	-4.722583e-03	-1.203616e+01
2.372000e-05	2.917457e-02	-1.219413e+01
2.373000e-05	1.694962e-03	-1.236105e+01
2.374000e-05	3.818997e-02	-1.255153e+01
2.375000e-05	9.070161e-03	-1.268042e+01
2.376000e-05	1.581818e-02	-1.289834e+01
2.377000e-05	2.171218e-02	-1.300416e+01
2.378000e-05	2.002812e-02	-1.318355e+01
2.379000e-05	2.543978e-02	-1.331042e+01
2.380000e-05	1.770964e-02	-1.345826e+01
2.381000e-05	3.793803e-02	-1.358511e+01
2.382000e-05	1.657099e-02	-1.374047e+01
2.383000e-05	2.684933e-02	-1.384484e+01
2.384000e-05	2.002302e-02	-1.400505e+01
2.385000e-05	3.616363e-02	-1.410094e+01
2.386000e-05	2.278790e-02	-1.424668e+01
2.387000e-05	3.005240e-02	-1.433097e+01
2.388000e-05	3.039806e-02	-1.443666e+01
2.389000e-05	3.332236e-02	-1.452040e+01
2.390000e-05	3.237796e-02	-1.459215e+01
2.391000e-05	3.618297e-02	-1.468724e+01
2.392000e-05	3.724010e-02	-1.476300e+01
2.393000e-05	3.169261e-02	-1.479363e+01
2.394000e-05	3.347520e-02	-1.484779e+01
2.395000e-05	4.054786e-02	-1.490140e+01
2.396000e-05	4.169526e-02	-1.494263e+01
2.397000e-05	3.948775e-02	-1.506621e+01
2.398000e-05	4.211180e-02	-1.502826e+01
2.399000e-05	4.383095e-02	-1.511886e+01
2.400000e-05	4.617847e-02	-1.510044e+01
2.401000e-05	4.683503e-02	-1.515999e+01
2.402000e-05	5.117925e-02	-1.517260e+01
2.403000e-05	5.181413e-02	-1.517607e+01
2.404000e-05	5.279576e-02	-1.517623e+01
2.405000e-05	5.395543e-02	-1.522713e+01
2.406000e-05	5.646530e-02	-1.525611e+01
2.407000e-05	5.911265e-02	-1.521571e+01
2.408000e-05	6.139150e-02	-1.521560e+01
2.409000e-05	6.457976e-02	-1.521315e+01
2.410000e-05	6.729530e-02	-1.517252e+01
2.411000e-05	7.061481e-02	-1.515257e+01
2.412000e-05	7.526384e-02	-1.512939e+01
2.413000e-05	7.833549e-02	-1.508821e+01
2.414000e-05	8.323046e-02	-1.507618e+01
2.415000e-05	8.916467e-02	-1.497448e+01
2.416000e-05	9.534121e-02	-1.494247e+01
2.417000e-05	9.980802e-02	-1.486884e+01
2.418000e-05	1.019727e-01	-1.478405e+01
2.419000e-05	1.039869e-01	-1.472099e+01
2.420000e-05	1.015525e-01	-1.467378e+01
2.421000e-05	9.755232e-02	-1.459188e+01
2.422000e-05	9.168438e-02	-1.448873e+01
2.423000e-05	8.717514e-02	-1.436405e+01
2.424000e-05	8.120877e-02	-1.428773e+01
2.425000e-05	7.370352e-02	-1.416245e+01
2.426000e-05	6.795154e-02	-1.409721e+01
2.427000e-05	6.409170e-02	-1.388839e+01
2.428000e-05	5.965699e-02	-1.381460e+01
2.429000e-05	5.484230e-02	-1.366878e+01
2.430000e-05	5.150451e-02	-1.354989e+01
2.431000e-05	4.759663e-02	-1.337268e+01
2.432000e-05	4.244713e-02	-1.326774e+01
2.433000e-05	3.969860e-02	-1.311794e+01
2.434000e-05	3.706863e-02	-1.302102e+01
2.435000e-05	3.554194e-02	-1.285778e+01
2.436000e-05	3.390450e-02	-1.271727e+01
2.437000e-05	3.192081e-02	-1.254032e+01
2.438000e-05	3.019139e-02	-1.240160e+01
2.439000e-05	2.777091e-02	-1.224403e+01
2.440000e-05	2.662050e-02	-1.207721e+01
2.441000e-05	2.523109e-02	-1.185631e+01
2.442000e-05	2.383571e-02	-1.164471e+01
2.443000e-05	2.202063e-02	-1.138660e+01
2.444000e-05	1.977142e-02	-1.126408e+01
2.445000e-05	1.997894e-02	-1.103311e+01
2.446000e-05	1.936635e-02	-1.082418e+01
2.447000e-05	1.838822e-02	-1.064361e+01
2.448000e-05	1.699716e-02	-1.045458e+01
2.449000e-05	1.550695e-02	-1.020305e+01
2.450000e-05	1.536842e-02	-9.980500e+00
2.451000e-05	1.446955e-02	-9.750000e+00
2.452000e-05	1.304822e-02	-9.591419e+00
2.453000e-05	1.140363e-02	-9.337914e+00
2.454000e-05	1.107684e-02	-9.075864e+00
2.455000e-05	1.041052e-02	-8.906339e+00
2.456000e-05	9.177533e-03	-8.615633e+00
2.457000e-05	8.261729e-03	-8.401052e+00
2.458000e-05	8.849517e-03	-8.190967e+00
2.459000e-05	8.899238e-03	-7.969415e+00
2.460000e-05	6.647651e-03	-7.664707e+00
2.461000e-05	6.669566e-03	-7.370973e+00
2.462000e-05	4.682428e-03	-7.190442e+00
2.463000e-05	6.273201e-03	-6.887737e+00
2.464000e-05	3.798075e-03	-6.622549e+00
2.465000e-05	5.262651e-03	-6.383073e+00
2.466000e-05	3.037127e-03	-6.148287e+00
2.467000e-05	5.014632e-03	-5.845135e+00
2.468000e-05	2.581552e-03	-5.622600e+00
2.469000e-05	4.303781e-03	-5.367865e+00
2.470000e-05	2.209650e-03	-5.022123e+00
2.471000e-05	1.972591e-03	-4.676762e+00
2.472000e-05	-1.843387e-04	-4.472628e+00
2.473000e-05	2.227305e-03	-4.221998e+00
2.474000e-05	1.046290e-03	-3.957418e+00
2.475000e-05	2.090066e-03	-3.632603e+00
2.476000e-05	-1.270861e-03	-3.423524e+00
2.477000e-05	2.029731e-04	-3.127335e+00
2.478000e-05	-2.201555e-03	-2.820075e+00
2.479000e-05	6.012067e-04	-2.568221e+00
2.480000e-05	-2.320990e-03	-2.284774e+00
2.481000e-05	-8.088847e-04	-1.987896e+00
2.482000e-05	-4.107444e-03	-1.725263e+00
2.483000e-05	-2.785067e-03	-1.429998e+00
2.484000e-05	-4.136509e-03	-1.044203e+00
2.485000e-05	-4.029669e-03	-8.213512e-01
2.486000e-05	-4.176990e-03	-4.930855e-01
2.487000e-05	-3.701000e-03	-2.520805e-01
2.488000e-05	-2.462556e-03	1.010592e-01
2.489000e-05	8.270190e-03	3.794134e-01
2.490000e-05	-2.937706e-03	5.799775e-01
2.491000e-05	5.636124e-04	8.001278e-01
2.492000e-05	-3.041513e-03	1.140345e+00
2.493000e-05	-2.773656e-04	1.390475e+00
2.494000e-05	-5.171242e-03	1.716896e+00
2.495000e-05	4.325738e-03	1.916392e+00
2.496000e-05	2.448086e-02	2.160447e+00
2.497000e-05	8.609216e-02	2.444487e+00
2.498000e-05	-3.146583e-02	2.791531e+00
2.499000e-05	-6.324121e-02	3.076412e+00
2.500000e-05	-2.179655e-02	3.349947e+00
2.501000e-05	-1.407374e-02	3.633159e+00
2.502000e-05	-5.817157e-02	3.904808e+00
2.503000e-05	-1.747998e-02	4.014657e+00
2.504000e-05	1.278390e-01	4.309495e+00
2.505000e-05	-8.913576e-02	4.664254e+00
2.506000e-05	-5.531286e-03	4.824658e+00
2.507000e-05	9.909144e-02	5.211004e+00
2.508000e-05	-1.542210e-01	5.496734e+00
2.509000e-05	9.612431e-02	5.739399e+00
2.510000e-05	-6.213378e-02	6.033157e+00
2.511000e-05	3.216541e-02	6.245734e+00
2.512000e-05	-1.230285e-02	6.529941e+00
2.513000e-05	-3.245215e-02	6.804157e+00
2.514000e-05	3.314220e-02	7.025336e+00
2.515000e-05	-5.925530e-02	7.310471e+00
2.516000e-05	2.203780e-02	7.624712e+00
2.517000e-05	-5.057048e-02	7.878313e+00
2.518000e-05	3.949606e-02	8.153130e+00
2.519000e-05	-3.349469e-03	8.412605e+00
2.520000e-05	-4.517354e-02	8.603681e+00
2.521000e-05	1.960850e-02	8.866336e+00
2.522000e-05	-3.727667e-02	9.088869e+00
2.523000e-05	5.589936e-03	9.348889e+00
2.524000e-05	-4.134238e-02	9.552023e+00
2.525000e-05	1.579978e-02	9.753526e+00
2.526000e-05	-2.149168e-02	9.983155e+00
2.527000e-05	-1.414503e-02	1.023415e+01
2.528000e-05	-2.803814e-02	1.045616e+01
2.529000e-05	-9.836806e-03	1.062413e+01
2.530000e-05	-4.550648e-03	1.080518e+01
2.531000e-05	-3.153361e-02	1.105510e+01
2.532000e-05	-9.296921e-03	1.121411e+01
2.533000e-05	-1.542804e-02	1.139428e+01
2.534000e-05	-1.106347e-02	1.160521e+01
2.535000e-05	-3.851872e-02	1.177463e+01
2.536000e-05	-7.287978e-03	1.200428e+01
2.537000e-05	-1.891369e-02	1.215513e+01
2.538000e-05	-1.969286e-02	1.236304e+01
2.539000e-05	-2.987989e-02	1.253042e+01
2.540000e-05	-1.538897e-02	1.264741e+01
2.541000e-05	-2.110407e-02	1.284723e+01
2.542000e-05	-3.318415e-02	1.297413e+01
2.543000e-05	-2.274263e-02	1.313200e+01
2.544000e-05	-2.573503e-02	1.334946e+01
2.545000e-05	-2.351080e-02	1.340675e+01
2.546000e-05	-3.641366e-02	1.361367e+01
2.547000e-05	-2.020249e-02	1.370397e+01
2.548000e-05	-3.081764e-02	1.385721e+01
2.549000e-05	-3.000595e-02	1.398465e+01
2.550000e-05	-3.343639e-02	1.416360e+01
2.551000e-05	-2.901150e-02	1.425134e+01
2.552000e-05	-3.227698e-02	1.443308e+01
2.553000e-05	-3.863583e-02	1.443684e+01
2.554000e-05	-3.107740e-02	1.456210e+01
2.555000e-05	-3.839354e-02	1.465823e+01
2.556000e-05	-3.709349e-02	1.472192e+01
2.557000e-05	-4.122401e-02	1.478502e+01
2.558000e-05	-3.598336e-02	1.486678e+01
2.559000e-05	-4.347626e-02	1.490040e+01
2.560000e-05	-4.423257e-02	1.495207e+01
2.561000e-05	-4.432049e-02	1.500510e+01
2.562000e-05	-4.572967e-02	1.505628e+01
2.563000e-05	-4.693602e-02	1.511189e+01
2.564000e-05	-5.234620e-02	1.512102e+01
2.565000e-05	-4.888998e-02	1.516365e+01
2.566000e-05	-5.497069e-02	1.526618e+01
2.567000e-05	-5.388089e-02	1.520518e+01
2.568000e-05	-5.618781e-02	1.525821e+01
2.569000e-05	-5.660828e-02	1.527026e+01
2.570000e-05	-5.980603e-02	1.523988e+01
2.571000e-05	-6.312603e-02	1.529834e+01
2.572000e-05	-6.394448e-02	1.529988e+01
2.573000e-05	-6.932901e-02	1.528983e+01
2.574000e-05	-6.873688e-02	1.527876e+01
2.575000e-05	-7.239073e-02	1.524834e+01
2.576000e-05	-7.380678e-02	1.521728e+01
2.577000e-05	-8.133388e-02	1.520512e+01
2.578000e-05	-8.339531e-02	1.516457e+01
2.579000e-05	-8.829012e-02	1.511099e+01
2.580000e-05	-9.430671e-02	1.504924e+01
2.581000e-05	-1.003562e-01	1.500263e+01
2.582000e-05	-1.041792e-01	1.499359e+01
2.583000e-05	-1.067622e-01	1.488974e+01
2.584000e-05	-1.086315e-01	1.482563e+01
2.585000e-05	-1.069551e-01	1.476147e+01
2.586000e-05	-1.048123e-01	1.469778e+01
2.587000e-05	-1.009728e-01	1.461410e+01
2.588000e-05	-9.628461e-02	1.448934e+01
2.589000e-05	-8.809136e-02	1.436460e+01
2.590000e-05	-8.282874e-02	1.427868e+01
2.591000e-05	-7.662541e-02	1.414297e+01
2.592000e-05	-7.322356e-02	1.402823e+01
2.593000e-05	-6.749362e-02	1.392934e+01
2.594000e-05	-6.488871e-02	1.377507e+01
2.595000e-05	-5.899035e-02	1.365615e+01
2.596000e-05	-5.562700e-02	1.346031e+01
2.597000e-05	-5.069462e-02	1.337097e+01
2.598000e-05	-5.031395e-02	1.324710e+01
2.599000e-05	-4.602054e-02	1.310786e+01
2.600000e-05	-4.393845e-02	1.295044e+01
2.601000e-05	-4.188345e-02	1.276660e+01
2.602000e-05	-4.037138e-02	1.263703e+01
2.603000e-05	-3.622969e-02	1.247786e+01
2.604000e-05	-3.528345e-02	1.230927e+01
2.605000e-05	-3.465119e-02	1.216057e+01
2.606000e-05	-3.326051e-02	1.196255e+01
2.607000e-05	-3.165371e-02	1.181310e+01
2.608000e-05	-2.969046e-02	1.162605e+01
2.609000e-05	-2.991327e-02	1.137409e+01
2.610000e-05	-2.787713e-02	1.117297e+01
2.611000e-05	-2.724947e-02	1.098095e+01
2.612000e-05	-2.550287e-02	1.081505e+01
2.613000e-05	-2.610986e-02	1.059312e+01
2.614000e-05	-2.400973e-02	1.034207e+01
2.615000e-05	-2.323561e-02	1.015094e+01
2.616000e-05	-2.205111e-02	9.951316e+00
2.617000e-05	-2.116229e-02	9.727363e+00
2.618000e-05	-2.123834e-02	9.477184e+00
2.619000e-05	-2.040220e-02	9.286202e+00
2.620000e-05	-2.113395e-02	9.045573e+00
2.621000e-05	-1.925693e-02	8.792999e+00
2.622000e-05	-1.857205e-02	8.508968e+00
2.623000e-05	-1.713531e-02	8.338892e+00
2.624000e-05	-1.845848e-02	8.096707e+00
2.625000e-05	-1.594312e-02	7.842603e+00
2.626000e-05	-1.543877e-02	7.611965e+00
2.627000e-05	-1.635050e-02	7.316889e+00
2.628000e-05	-1.612562e-02	7.065078e+00
2.629000e-05	-1.476658e-02	6.812023e+00
2.630000e-05	-1.383317e-02	6.550890e+00
2.631000e-05	-1.327295e-02	6.286232e+00
2.632000e-05	-1.317232e-02	6.043207e+00
2.633000e-05	-1.266814e-02	5.762441e+00
2.634000e-05	-1.161151e-02	5.516786e+00
2.635000e-05	-1.236898e-02	5.254602e+00
2.636000e-05	-1.203517e-02	4.915810e+00
2.637000e-05	-1.056167e-02	4.622604e+00
2.638000e-05	-1.015733e-02	4.400494e+00
2.639000e-05	-1.141020e-02	4.135752e+00
2.640000e-05	-1.091162e-02	3.801474e+00
2.641000e-05	-9.309653e-03	3.589889e+00
2.642000e-05	-8.278367e-03	3.276203e+00
2.643000e-05	-9.456347e-03	2.991471e+00
2.644000e-05	-8.892100e-03	2.746338e+00
2.645000e-05	-7.261169e-03	2.371045e+00
2.646000e-05	-7.179472e-03	2.115817e+00
2.647000e-05	-8.459395e-03	1.904158e+00
2.648000e-05	-7.257889e-03	1.580944e+00
2.649000e-05	-5.997756e-03	1.274129e+00
2.650000e-05	-5.338760e-03	9.387647e-01
2.651000e-05	-5.990494e-03	6.836278e-01
2.652000e-05	-5.348620e-03	4.099987e-01
2.653000e-05	-3.396149e-03	1.021542e-01
2.654000e-05	9.828000e-05	-1.474737e-01
2.655000e-05	7.743901e-03	-4.211053e-01
2.656000e-05	-7.365764e-03	-6.564558e-01
2.657000e-05	6.036881e-03	-9.584961e-01
2.658000e-05	-4.653479e-03	-1.221159e+00
2.659000e-05	3.891023e-03	-1.568495e+00
2.660000e-05	7.865945e-04	-1.789952e+00
2.661000e-05	4.253477e-02	-1.999026e+00
2.662000e-05	1.024200e-01	-2.264314e+00
2.663000e-05	-7.708336e-02	-2.675688e+00
2.664000e-05	-2.108162e-02	-3.042559e+00
2.665000e-05	-2.511154e-02	-3.328320e+00
2.666000e-05	-2.054374e-02	-3.507341e+00
2.667000e-05	-1.018397e-01	-3.725971e+00
2.668000e-05	1.624387e-01	-3.927945e+00
2.669000e-05	-3.933208e-03	-4.180422e+00
2.670000e-05	-7.815982e-02	-4.473683e+00
2.671000e-05	1.805360e-01	-4.675237e+00
2.672000e-05	-2.129767e-01	-4.990103e+00
2.673000e-05	1.608695e-01	-5.315684e+00
2.674000e-05	-6.707973e-02	-5.581606e+00
2.675000e-05	-3.974721e-03	-5.865264e+00
2.676000e-05	1.294187e-01	-6.065159e+00
2.677000e-05	-1.541249e-01	-6.402209e+00
2.678000e-05	1.357038e-01	-6.715287e+00
2.679000e-05	-8.679913e-02	-6.908949e+00
2.680000e-05	3.964208e-02	-7.214284e+00
2.681000e-05	2.422503e-02	-7.476137e+00
2.682000e-05	-5.877661e-02	-7.801500e+00
2.683000e-05	1.377034e-01	-7.993633e+00
2.684000e-05	-1.133004e-01	-8.276315e+00
2.685000e-05	1.047101e-01	-8.497970e+00
2.686000e-05	-4.762537e-02	-8.760553e+00
2.687000e-05	2.184836e-02	-9.023530e+00
2.688000e-05	1.367465e-02	-9.224233e+00
2.689000e-05	-1.759114e-02	-9.466262e+00
2.690000e-05	8.016029e-02	-9.646762e+00
2.691000e-05	-4.867169e-02	-9.885864e+00
2.692000e-05	5.719154e-02	-1.006542e+01
2.693000e-05	-4.424179e-02	-1.030985e+01
2.694000e-05	6.418034e-02	-1.051840e+01
2.695000e-05	-1.734304e-02	-1.074677e+01
2.696000e-05	3.292642e-02	-1.090889e+01
2.697000e-05	1.280684e-02	-1.108829e+01
2.698000e-05	1.109294e-02	-1.130842e+01
2.699000e-05	1.223513e-02	-1.156827e+01
2.700000e-05	5.819582e-03	-1.171999e+01
2.701000e-05	4.199335e-02	-1.188584e+01
2.702000e-05	-3.385274e-03	-1.210737e+01
2.703000e-05	2.896964e-02	-1.227681e+01
2.704000e-05	4.006656e-03	-1.242365e+01
2.705000e-05	4.202659e-02	-1.260415e+01
2.706000e-05	-1.283729e-03	-1.275153e+01
2.707000e-05	2.925779e-02	-1.291890e+01
2.708000e-05	1.420903e-02	-1.308719e+01
2.709000e-05	2.907169e-02	-1.322468e+01
2.710000e-05	1.542978e-02	-1.338153e+01
2.711000e-05	2.763689e-02	-1.352884e+01
2.712000e-05	2.825685e-02	-1.363426e+01
2.713000e-05	2.054855e-02	-1.377250e+01
2.714000e-05	2.505527e-02	-1.389944e+01
2.715000e-05	2.688062e-02	-1.404418e+01
2.716000e-05	3.282989e-02	-1.415050e+01
2.717000e-05	2.287663e-02	-1.424571e+01
2.718000e-05	3.253203e-02	-1.436212e+01
2.719000e-05	2.849745e-02	-1.441479e+01
2.720000e-05	3.309600e-02	-1.453094e+01
2.721000e-05	3.235783e-02	-1.460413e+01
2.722000e-05	3.669793e-02	-1.466741e+01
2.723000e-05	3.317480e-02	-1.480558e+01
2.724000e-05	3.320824e-02	-1.486566e+01
2.725000e-05	3.698639e-02	-1.486796e+01
2.726000e-05	4.181906e-02	-1.497147e+01
2.727000e-05	3.803899e-02	-1.499358e+01
2.728000e-05	4.158527e-02	-1.502571e+01
2.729000e-05	4.349213e-02	-1.508879e+01
2.730000e-05	4.540899e-02	-1.508937e+01
2.731000e-05	4.398618e-02	-1.512002e+01
2.732000e-05	4.892814e-02	-1.516947e+01
2.733000e-05	5.249421e-02	-1.515312e+01
2.734000e-05	5.139049e-02	-1.521468e+01
2.735000e-05	5.444500e-02	-1.517512e+01
2.736000e-05	5.576896e-02	-1.522613e+01
2.737000e-05	5.776168e-02	-1.522568e+01
2.738000e-05	5.792186e-02	-1.525358e+01
2.739000e-05	6.194599e-02	-1.519357e+01
2.740000e-05	6.596911e-02	-1.517415e+01
2.741000e-05	6.912604e-02	-1.515255e+01
2.742000e-05	7.164489e-02	-1.512147e+01
2.743000e-05	7.630202e-02	-1.516131e+01
2.744000e-05	7.978305e-02	-1.508574e+01
2.745000e-05	8.534942e-02	-1.501518e+01
2.746000e-05	9.168133e-02	-1.498205e+01
2.747000e-05	9.753791e-02	-1.492989e+01
2.748000e-05	9.981784e-02	-1.488769e+01
2.749000e-05	1.024362e-01	-1.478200e+01
2.750000e-05	1.033932e-01	-1.469684e+01
2.751000e-05	1.001399e-01	-1.464465e+01
2.752000e-05	9.523815e-02	-1.458244e+01
2.753000e-05	9.017751e-02	-1.443621e+01
2.754000e-05	8.534703e-02	-1.438102e+01
2.755000e-05	7.931668e-02	-1.420716e+01
2.756000e-05	7.157053e-02	-1.412129e+01
2.757000e-05	6.717681e-02	-1.395410e+01
2.758000e-05	6.268466e-02	-1.386736e+01
2.759000e-05	5.722245e-02	-1.377189e+01
2.760000e-05	5.348735e-02	-1.363518e+01
2.761000e-05	4.950899e-02	-1.349726e+01
2.762000e-05	4.646370e-02	-1.335205e+01
2.763000e-05	4.224890e-02	-1.325310e+01
2.764000e-05	3.803156e-02	-1.305774e+01
2.765000e-05	3.594008e-02	-1.292042e+01
2.766000e-05	3.564034e-02	-1.276147e+01
2.767000e-05	3.352541e-02	-1.264368e+01
2.768000e-05	3.054347e-02	-1.252728e+01
2.769000e-05	2.813164e-02	-1.233744e+01
2.770000e-05	2.716760e-02	-1.218140e+01
2.771000e-05	2.691046e-02	-1.198212e+01
2.772000e-05	2.452531e-02	-1.176060e+01
2.773000e-05	2.234769e-02	-1.156360e+01
2.774000e-05	2.110880e-02	-1.139047e+01
2.775000e-05	2.143977e-02	-1.116099e+01
2.776000e-05	1.925889e-02	-1.094997e+01
2.777000e-05	1.833331e-02	-1.078000e+01
2.778000e-05	1.710706e-02	-1.059094e+01
2.779000e-05	1.788574e-02	-1.035292e+01
2.780000e-05	1.566757e-02	-1.011994e+01
2.781000e-05	1.405395e-02	-9.927286e+00
2.782000e-05	1.429731e-02	-9.687818e+00
2.783000e-05	1.354677e-02	-9.497258e+00
2.784000e-05	1.176412e-02	-9.285808e+00
2.785000e-05	1.055747e-02	-9.045634e+00
2.786000e-05	1.001004e-02	-8.824025e+00
2.787000e-05	9.581658e-03	-8.570341e+00
2.788000e-05	8.506948e-03	-8.318291e+00
2.789000e-05	7.377588e-03	-8.086239e+00
2.790000e-05	7.589214e-03	-7.864062e+00
2.791000e-05	7.372553e-03	-7.569947e+00
2.792000e-05	8.231249e-03	-7.308340e+00
2.793000e-05	4.834955e-03	-7.065053e+00
2.794000e-05	4.658562e-03	-6.832530e+00
2.795000e-05	3.409689e-03	-6.578372e+00
2.796000e-05	5.346279e-03	-6.337757e+00
2.797000e-05	3.438223e-03	-6.053078e+00
2.798000e-05	4.519645e-03	-5.811024e+00
2.799000e-05	1.805763e-03	-5.557883e+00
2.800000e-05	4.728933e-03	-5.223178e+00
2.801000e-05	3.157595e-04	-4.949371e+00
2.802000e-05	3.654625e-03	-4.571504e+00
2.803000e-05	6.239651e-04	-4.381471e+00
2.804000e-05	3.715738e-03	-4.147842e+00
2.805000e-05	-6.103580e-04	-3.883129e+00
2.806000e-05	-1.587558e-04	-3.588921e+00
2.807000e-05	-6.390853e-04	-3.316289e+00
2.808000e-05	-4.212590e-04	-3.061999e+00
2.809000e-05	-1.392139e-03	-2.736341e+00
2.810000e-05	-1.151845e-03	-2.443708e+00
2.811000e-05	-1.599351e-03	-2.169918e+00
2.812000e-05	-1.882665e-03	-1.906186e+00
2.813000e-05	-1.232267e-03	-1.641028e+00
2.814000e-05	-4.008931e-03	-1.303153e+00
2.815000e-05	-2.959774e-03	-9.588709e-01
2.816000e-05	-4.308555e-03	-7.267094e-01
2.817000e-05	-3.246018e-03	-4.110463e-01
2.818000e-05	-4.771551e-03	-1.482658e-01
2.819000e-05	-1.026375e-04	1.063510e-01
2.820000e-05	7.967812e-03	4.410078e-01
2.821000e-05	-6.186471e-03	6.641842e-01
2.822000e-05	4.930753e-03	9.158669e-01
2.823000e-05	-6.955316e-03	1.231530e+00
2.824000e-05	1.776589e-03	1.474769e+00
2.825000e-05	-6.824570e-03	1.780976e+00
2.826000e-05	1.387519e-02	2.001530e+00
2.827000e-05	3.538063e-02	2.232711e+00
2.828000e-05	8.345960e-02	2.558520e+00
2.829000e-05	-8.598764e-02	2.845316e+00
2.830000e-05	-2.519342e-02	3.200500e+00
2.831000e-05	-3.849677e-02	3.415839e+00
2.832000e-05	-2.718912e-03	3.696367e+00
2.833000e-05	-7.929664e-02	3.916316e+00
2.834000e-05	4.392185e-02	4.117416e+00
2.835000e-05	1.056242e-01	4.464184e+00
2.836000e-05	-1.641973e-01	4.665788e+00
2.837000e-05	1.300870e-01	4.949474e+00
2.838000e-05	-4.728366e-02	5.307789e+00
2.839000e-05	-5.281249e-02	5.560900e+00
2.840000e-05	5.691851e-02	5.834734e+00
2.841000e-05	-4.923801e-02	6.087818e+00
2.842000e-05	4.183474e-02	6.350372e+00
2.843000e-05	-4.471129e-02	6.654137e+00
2.844000e-05	2.780683e-03	6.878813e+00
2.845000e-05	6.243415e-04	7.190998e+00
2.846000e-05	-3.928132e-02	7.435232e+00
2.847000e-05	1.168757e-02	7.707895e+00
2.848000e-05	-4.334943e-02	7.983629e+00
2.849000e-05	5.126520e-02	8.256287e+00
2.850000e-05	-3.729977e-02	8.456367e+00
2.851000e-05	-1.989619e-02	8.708344e+00
2.852000e-05	1.270946e-02	8.919017e+00
2.853000e-05	-4.070825e-02	9.203003e+00
2.854000e-05	7.463701e-03	9.424053e+00
2.855000e-05	-4.332259e-02	9.593755e+00
2.856000e-05	2.638178e-02	9.826236e+00
2.857000e-05	-3.600442e-02	1.003772e+01
2.858000e-05	-8.286539e-03	1.029826e+01
2.859000e-05	-2.923407e-02	1.044681e+01
2.860000e-05	-5.542451e-03	1.069731e+01
2.861000e-05	-9.980689e-03	1.090987e+01
2.862000e-05	-3.487871e-02	1.108846e+01
2.863000e-05	1.952811e-03	1.126889e+01
2.864000e-05	-2.303061e-02	1.150986e+01
2.865000e-05	-1.209259e-02	1.166786e+01
2.866000e-05	-3.815581e-02	1.187831e+01
2.867000e-05	-1.010281e-03	1.201676e+01
2.868000e-05	-2.345023e-02	1.221476e+01
2.869000e-05	-2.542480e-02	1.239468e+01
2.870000e-05	-2.418646e-02	1.256208e+01
2.871000e-05	-1.808041e-02	1.272054e+01
2.872000e-05	-2.156175e-02	1.287989e+01
2.873000e-05	-3.603347e-02	1.302571e+01
2.874000e-05	-1.592243e-02	1.319616e+01
2.875000e-05	-2.811966e-02	1.335050e+01
2.876000e-05	-2.568915e-02	1.348784e+01
2.877000e-05	-3.469366e-02	1.363678e+01
2.878000e-05	-2.097928e-02	1.379410e+01
2.879000e-05	-2.997573e-02	1.388039e+01
2.880000e-05	-3.459349e-02	1.399728e+01
2.881000e-05	-3.042805e-02	1.418313e+01
2.882000e-05	-3.169678e-02	1.428286e+01
2.883000e-05	-3.156270e-02	1.437475e+01
2.884000e-05	-3.870156e-02	1.450241e+01
2.885000e-05	-3.177436e-02	1.461453e+01
2.886000e-05	-3.941798e-02	1.460684e+01
2.887000e-05	-3.665284e-02	1.477147e+01
2.888000e-05	-3.834851e-02	1.481671e+01
2.889000e-05	-4.022577e-02	1.485891e+01
2.890000e-05	-4.231285e-02	1.491149e+01
2.891000e-05	-4.594096e-02	1.499365e+01
2.892000e-05	-4.244321e-02	1.503626e+01
2.893000e-05	-4.804522e-02	1.506984e+01
2.894000e-05	-4.736529e-02	1.516199e+01
2.895000e-05	-5.047048e-02	1.515257e+01
2.896000e-05	-5.170284e-02	1.515563e+01
2.897000e-05	-5.378200e-02	1.523768e+01
2.898000e-05	-5.786883e-02	1.525771e+01
2.899000e-05	-5.206437e-02	1.521786e+01
2.900000e-05	-6.008693e-02	1.527124e+01
2.901000e-05	-6.053914e-02	1.530886e+01
2.902000e-05	-6.497647e-02	1.525926e+01
2.903000e-05	-6.488925e-02	1.530929e+01
2.904000e-05	-6.716457e-02	1.530929e+01
2.905000e-05	-7.000817e-02	1.528781e+01
2.906000e-05	-7.223247e-02	1.523683e+01
2.907000e-05	-7.602880e-02	1.520470e+01
2.908000e-05	-8.125287e-02	1.518410e+01
2.909000e-05	-8.463754e-02	1.513304e+01
2.910000e-05	-9.061382e-02	1.508841e+01
2.911000e-05	-9.762690e-02	1.502678e+01
2.912000e-05	-1.002321e-01	1.501515e+01
2.913000e-05	-1.052327e-01	1.491147e+01
2.914000e-05	-1.074049e-01	1.488923e+01
2.915000e-05	-1.091988e-01	1.479305e+01
2.916000e-05	-1.065566e-01	1.475092e+01
2.917000e-05	-1.043453e-01	1.464683e+01
2.918000e-05	-9.844185e-02	1.452247e+01
2.919000e-05	-9.403055e-02	1.445723e+01
2.920000e-05	-8.492551e-02	1.435244e+01
2.921000e-05	-8.243556e-02	1.423568e+01
2.922000e-05	-7.450182e-02	1.413886e+01
2.923000e-05	-6.911464e-02	1.397505e+01
2.924000e-05	-6.471398e-02	1.388826e+01
2.925000e-05	-6.040365e-02	1.370397e+01
2.926000e-05	-6.047106e-02	1.358515e+01
2.927000e-05	-5.486814e-02	1.344618e+01
2.928000e-05	-5.315205e-02	1.332992e+01
2.929000e-05	-4.899405e-02	1.318472e+01
2.930000e-05	-4.458970e-02	1.302670e+01
2.931000e-05	-4.240759e-02	1.288986e+01
2.932000e-05	-3.755126e-02	1.274139e+01
2.933000e-05	-3.818909e-02	1.259210e+01
2.934000e-05	-3.488377e-02	1.245572e+01
2.935000e-05	-3.609629e-02	1.226819e+01
2.936000e-05	-3.640774e-02	1.213886e+01
2.937000e-05	-3.474388e-02	1.194131e+01
2.938000e-05	-3.380476e-02	1.173944e+01
2.939000e-05	-2.951696e-02	1.153129e+01
2.940000e-05	-2.786361e-02	1.129089e+01
2.941000e-05	-2.492732e-02	1.112886e+01
2.942000e-05	-2.485813e-02	1.093934e+01
2.943000e-05	-2.484048e-02	1.073044e+01
2.944000e-05	-2.523804e-02	1.052186e+01
2.945000e-05	-2.526445e-02	1.028829e+01
2.946000e-05	-2.385436e-02	1.007826e+01
2.947000e-05	-2.352555e-02	9.846705e+00
2.948000e-05	-2.110215e-02	9.634202e+00
2.949000e-05	-2.094186e-02	9.391002e+00
2.950000e-05	-1.914198e-02	9.212024e+00
2.951000e-05	-1.871852e-02	8.948921e+00
2.952000e-05	-1.825247e-02	8.726841e+00
2.953000e-05	-1.772484e-02	8.467235e+00
2.954000e-05	-1.849615e-02	8.247127e+00
2.955000e-05	-1.647641e-02	8.043525e+00
2.956000e-05	-1.724435e-02	7.778915e+00
2.957000e-05	-1.659020e-02	7.496807e+00
2.958000e-05	-1.592997e-02	7.192601e+00
2.959000e-05	-1.439084e-02	7.001422e+00
2.960000e-05	-1.384174e-02	6.758863e+00
2.961000e-05	-1.369046e-02	6.474656e+00
2.962000e-05	-1.314317e-02	6.233551e+00
2.963000e-05	-1.183384e-02	6.009971e+00
2.964000e-05	-1.365777e-02	5.698684e+00
2.965000e-05	-1.351616e-02	5.452175e+00
2.966000e-05	-1.257578e-02	5.169388e+00
2.967000e-05	-1.096085e-02	4.801574e+00
2.968000e-05	-1.088285e-02	4.577892e+00
2.969000e-05	-1.057281e-02	4.286230e+00
2.970000e-05	-9.461079e-03	4.002395e+00
2.971000e-05	-9.674455e-03	3.726863e+00
2.972000e-05	-9.805764e-03	3.485629e+00
2.973000e-05	-9.147315e-03	3.158445e+00
2.974000e-05	-9.021017e-03	2.905208e+00
2.975000e-05	-7.918954e-03	2.652053e+00
2.976000e-05	-8.235989e-03	2.337211e+00
2.977000e-05	-7.844221e-03	2.034204e+00
2.978000e-05	-7.049317e-03	1.759816e+00
2.979000e-05	-5.900640e-03	1.475228e+00
2.980000e-05	-6.007994e-03	1.209367e+00
2.981000e-05	-6.323751e-03	8.335002e-01
2.982000e-05	-5.861598e-03	5.393411e-01
2.983000e-05	-5.043030e-03	3.268567e-01
2.984000e-05	-2.945193e-03	1.159487e-02
2.985000e-05	4.960144e-03	-2.521855e-01
2.986000e-05	1.259228e-03	-5.072434e-01
2.987000e-05	-1.765140e-03	-7.980538e-01
2.988000e-05	2.715280e-03	-1.054132e+00
2.989000e-05	-1.122223e-03	-1.296349e+00
2.990000e-05	-1.946713e-03	-1.610583e+00
2.991000e-05	1.202046e-02	-1.842633e+00
2.992000e-05	6.371496e-02	-2.063637e+00
2.993000e-05	7.593048e-02	-2.411509e+00
2.994000e-05	-1.096221e-01	-2.789949e+00
2.995000e-05	1.805653e-02	-3.159498e+00
2.996000e-05	-4.701002e-02	-3.379504e+00
2.997000e-05	-2.488134e-02	-3.601523e+00
2.998000e-05	-7.992346e-02	-3.773130e+00
2.999000e-05	2.156757e-01	-3.981526e+00
3.000000e-05	-1.611838e-01	-4.222291e+00
3.001000e-05	9.066302e-02	-4.546421e+00
3.002000e-05	3.176076e-02	-4.770529e+00
3.003000e-05	-1.359266e-01	-5.166340e+00
3.004000e-05	1.820486e-01	-5.362083e+00
3.005000e-05	-1.521550e-01	-5.686316e+00
3.006000e-05	1.231409e-01	-5.959395e+00
3.007000e-05	5.375886e-03	-6.129554e+00
3.008000e-05	-8.215980e-02	-6.526942e+00
3.009000e-05	1.276440e-01	-6.727900e+00
3.010000e-05	-1.326050e-01	-7.085362e+00
3.011000e-05	1.237404e-01	-7.317343e+00
3.012000e-05	-8.044570e-02	-7.527001e+00
3.013000e-05	5.532902e-02	-7.875266e+00
3.014000e-05	4.860505e-02	-8.096393e+00
3.015000e-05	-6.914757e-02	-8.371421e+00
3.016000e-05	1.073211e-01	-8.582584e+00
3.017000e-05	-8.659880e-02	-8.825782e+00
3.018000e-05	7.550943e-02	-9.065289e+00
3.019000e-05	-4.981569e-02	-9.265862e+00
3.020000e-05	5.498108e-02	-9.527923e+00
3.021000e-05	2.032822e-02	-9.758451e+00
3.022000e-05	-9.427827e-03	-9.950948e+00
3.023000e-05	2.816331e-02	-1.014005e+01
3.024000e-05	-2.442194e-02	-1.038315e+01
3.025000e-05	6.394334e-02	-1.058305e+01
3.026000e-05	-3.024306e-02	-1.076250e+01
3.027000e-05	5.397262e-02	-1.093155e+01
3.028000e-05	-1.291991e-02	-1.120208e+01
3.029000e-05	3.367097e-02	-1.141253e+01
3.030000e-05	-1.170281e-02	-1.157253e+01
3.031000e-05	3.721746e-02	-1.176303e+01
3.032000e-05	1.603163e-02	-1.194154e+01
3.033000e-05	1.368979e-02	-1.215152e+01
3.034000e-05	1.597779e-02	-1.233742e+01
3.035000e-05	1.971442e-02	-1.248736e+01
3.036000e-05	2.982169e-02	-1.266476e+01
3.037000e-05	2.372300e-03	-1.279416e+01
3.038000e-05	3.110633e-02	-1.296252e+01
3.039000e-05	1.097604e-02	-1.314094e+01
3.040000e-05	3.267948e-02	-1.327679e+01
3.041000e-05	1.106735e-02	-1.341368e+01
3.042000e-05	3.743302e-02	-1.355249e+01
3.043000e-05	1.898877e-02	-1.370684e+01
3.044000e-05	2.633935e-02	-1.381515e+01
3.045000e-05	2.183116e-02	-1.395992e+01
3.046000e-05	3.357118e-02	-1.406824e+01
3.047000e-05	2.674688e-02	-1.421413e+01
3.048000e-05	2.515805e-02	-1.432831e+01
3.049000e-05	3.081183e-02	-1.440415e+01
3.050000e-05	3.113340e-02	-1.448981e+01
3.051000e-05	3.410866e-02	-1.455158e+01
3.052000e-05	3.264158e-02	-1.464678e+01
3.053000e-05	3.697653e-02	-1.471144e+01
3.054000e-05	3.365376e-02	-1.481155e+01
3.055000e-05	3.472297e-02	-1.481531e+01
3.056000e-05	3.774876e-02	-1.492044e+01
3.057000e-05	4.075460e-02	-1.497205e+01
3.058000e-05	3.950072e-02	-1.498369e+01
3.059000e-05	4.249864e-02	-1.506771e+01
3.060000e-05	4.338000e-02	-1.511687e+01
3.061000e-05	4.407990e-02	-1.511841e+01
3.062000e-05	4.621403e-02	-1.517244e+01
3.063000e-05	5.072551e-02	-1.517305e+01
3.064000e-05	5.233939e-02	-1.518402e+01
3.065000e-05	5.153695e-02	-1.518410e+01
3.066000e-05	5.495064e-02	-1.520513e+01
3.067000e-05	5.668206e-02	-1.524771e+01
3.068000e-05	5.703420e-02	-1.520613e+01
3.069000e-05	5.806256e-02	-1.519413e+01
3.070000e-05	6.326104e-02	-1.518560e+01
3.071000e-05	6.757933e-02	-1.517260e+01
3.072000e-05	7.042744e-02	-1.520290e+01
3.073000e-05	7.262922e-02	-1.511984e+01
3.074000e-05	7.775145e-02	-1.512837e+01
3.075000e-05	8.193148e-02	-1.505521e+01
3.076000e-05	8.739348e-02	-1.499307e+01
3.077000e-05	9.272049e-02	-1.493242e+01
3.078000e-05	9.959011e-02	-1.490034e+01
3.079000e-05	1.020765e-01	-1.481613e+01
3.080000e-05	1.034435e-01	-1.481252e+01
3.081000e-05	1.019846e-01	-1.464673e+01
3.082000e-05	9.844351e-02	-1.465355e+01
3.083000e-05	9.338804e-02	-1.452034e+01
3.084000e-05	8.874590e-02	-1.443512e+01
3.085000e-05	8.323750e-02	-1.431734e+01
3.086000e-05	7.671603e-02	-1.422302e+01
3.087000e-05	7.119553e-02	-1.408031e+01
3.088000e-05	6.627804e-02	-1.395305e+01
3.089000e-05	6.068966e-02	-1.382416e+01
3.090000e-05	5.497730e-02	-1.368889e+01
3.091000e-05	5.279509e-02	-1.358357e+01
3.092000e-05	4.990008e-02	-1.345566e+01
3.093000e-05	4.427928e-02	-1.335036e+01
3.094000e-05	4.034191e-02	-1.317305e+01
3.095000e-05	3.860372e-02	-1.304513e+01
3.096000e-05	3.662992e-02	-1.289989e+01
3.097000e-05	3.409034e-02	-1.273144e+01
3.098000e-05	3.284133e-02	-1.257258e+01
3.099000e-05	3.116621e-02	-1.244466e+01
3.100000e-05	2.823843e-02	-1.229623e+01
3.101000e-05	2.593111e-02	-1.213939e+01
3.102000e-05	2.544698e-02	-1.188979e+01
3.103000e-05	2.443476e-02	-1.171797e+01
3.104000e-05	2.295632e-02	-1.154899e+01
3.105000e-05	2.146821e-02	-1.129784e+01
3.106000e-05	1.989858e-02	-1.107676e+01
3.107000e-05	1.907714e-02	-1.088681e+01
3.108000e-05	1.752896e-02	-1.071784e+01
3.109000e-05	1.766392e-02	-1.049886e+01
3.110000e-05	1.608974e-02	-1.025576e+01
3.111000e-05	1.541840e-02	-1.007566e+01
3.112000e-05	1.432109e-02	-9.894105e+00
3.113000e-05	1.406652e-02	-9.653149e+00
3.114000e-05	1.235569e-02	-9.443579e+00
3.115000e-05	1.127406e-02	-9.202074e+00
3.116000e-05	1.054069e-02	-8.948495e+00
3.117000e-05	9.844441e-03	-8.779415e+00
3.118000e-05	9.904660e-03	-8.496385e+00
3.119000e-05	8.832279e-03	-8.273106e+00
3.120000e-05	7.840061e-03	-8.042130e+00
3.121000e-05	6.698490e-03	-7.779911e+00
3.122000e-05	7.328582e-03	-7.494755e+00
3.123000e-05	5.498503e-03	-7.272104e+00
3.124000e-05	5.059461e-03	-6.991021e+00
3.125000e-05	5.238295e-03	-6.736768e+00
3.126000e-05	5.526301e-03	-6.494712e+00
3.127000e-05	3.877886e-03	-6.251550e+00
3.128000e-05	3.528072e-03	-5.968945e+00
3.129000e-05	3.302510e-03	-5.725287e+00
3.130000e-05	3.027070e-03	-5.513545e+00
3.131000e-05	2.791879e-03	-5.178865e+00
3.132000e-05	8.445769e-04	-4.832396e+00
3.133000e-05	2.775926e-03	-4.506843e+00
3.134000e-05	1.454200e-03	-4.354833e+00
3.135000e-05	1.290660e-03	-4.053104e+00
3.136000e-05	8.396515e-04	-3.769895e+00
3.137000e-05	-1.329127e-03	-3.495734e+00
3.138000e-05	-3.968078e-04	-3.242130e+00
3.139000e-05	-2.589527e-03	-2.907241e+00
3.140000e-05	-3.208779e-04	-2.652159e+00
3.141000e-05	-1.634563e-03	-2.380321e+00
3.142000e-05	-4.398023e-04	-2.064111e+00
3.143000e-05	-4.198933e-03	-1.800474e+00
3.144000e-05	-1.708397e-03	-1.516293e+00
3.145000e-05	-4.296631e-03	-1.158469e+00
3.146000e-05	-2.497519e-03	-8.841846e-01
3.147000e-05	-4.664518e-03	-6.109262e-01
3.148000e-05	-3.035393e-03	-3.358120e-01
3.149000e-05	-4.403349e-03	-9.258045e-02
3.150000e-05	3.887573e-03	2.046328e-01
3.151000e-05	4.392152e-03	4.948156e-01
3.152000e-05	-5.166845e-03	7.183959e-01
3.153000e-05	2.943719e-03	1.052183e+00
3.154000e-05	-5.364880e-03	1.264792e+00
3.155000e-05	8.713674e-04	1.582058e+00
3.156000e-05	-4.227018e-03	1.873257e+00
3.157000e-05	1.952653e-02	2.065712e+00
3.158000e-05	6.093081e-02	2.337942e+00
3.159000e-05	4.254566e-02	2.656867e+00
3.160000e-05	-9.657726e-02	2.990548e+00
3.161000e-05	-1.080097e-02	3.254185e+00
3.162000e-05	-3.535098e-02	3.560922e+00
3.163000e-05	-1.882659e-02	3.761951e+00
3.164000e-05	-6.676959e-02	3.980026e+00
3.165000e-05	9.778012e-02	4.244008e+00
3.166000e-05	2.920505e-02	4.497319e+00
3.167000e-05	-1.394475e-01	4.770397e+00
3.168000e-05	1.845803e-01	5.016736e+00
3.169000e-05	-1.571644e-01	5.401551e+00
3.170000e-05	5.350918e-02	5.624654e+00
3.171000e-05	-1.423151e-02	5.927890e+00
3.172000e-05	-9.660312e-03	6.181948e+00
3.173000e-05	2.357726e-02	6.444632e+00
3.174000e-05	-5.302569e-02	6.737922e+00
3.175000e-05	3.389681e-02	7.001075e+00
3.176000e-05	-3.802937e-02	7.254687e+00
3.177000e-05	-2.923754e-03	7.550896e+00
3.178000e-05	-2.390176e-02	7.813083e+00
3.179000e-05	-6.768069e-03	8.110363e+00
3.180000e-05	3.492674e-02	8.330421e+00
3.181000e-05	-5.250878e-02	8.560946e+00
3.182000e-05	5.390190e-03	8.771550e+00
3.183000e-05	-1.136274e-02	8.996154e+00
3.184000e-05	-1.985680e-02	9.236735e+00
3.185000e-05	-1.368640e-02	9.476787e+00
3.186000e-05	-1.785931e-02	9.717396e+00
3.187000e-05	6.273622e-03	9.959942e+00
3.188000e-05	-2.864275e-02	1.013952e+01
3.189000e-05	-1.891724e-02	1.035005e+01
3.190000e-05	-1.934211e-02	1.055152e+01
3.191000e-05	-2.851513e-03	1.077163e+01
3.192000e-05	-1.678046e-02	1.095302e+01
3.193000e-05	-2.746388e-02	1.115040e+01
3.194000e-05	-4.743903e-03	1.135055e+01
3.195000e-05	-1.927629e-02	1.154300e+01
3.196000e-05	-2.460725e-02	1.175302e+01
3.197000e-05	-2.445167e-02	1.193147e+01
3.198000e-05	-8.177341e-03	1.210004e+01
3.199000e-05	-2.202942e-02	1.230821e+01
3.200000e-05	-2.775978e-02	1.245731e+01
3.201000e-05	-1.685383e-02	1.264373e+01
3.202000e-05	-1.948038e-02	1.277313e+01
3.203000e-05	-2.629868e-02	1.292197e+01
3.204000e-05	-3.130909e-02	1.309881e+01
3.205000e-05	-2.032961e-02	1.321734e+01
3.206000e-05	-2.610060e-02	1.336353e+01
3.207000e-05	-3.153242e-02	1.351145e+01
3.208000e-05	-2.478408e-02	1.366937e+01
3.209000e-05	-2.595024e-02	1.380470e+01
3.210000e-05	-2.858871e-02	1.392140e+01
3.211000e-05	-3.804843e-02	1.409036e+01
3.212000e-05	-2.651070e-02	1.419676e+01
3.213000e-05	-3.211443e-02	1.435149e+01
3.214000e-05	-3.414114e-02	1.441574e+01
3.215000e-05	-3.655754e-02	1.453144e+01
3.216000e-05	-3.564936e-02	1.463468e+01
3.217000e-05	-3.669230e-02	1.470046e+01
3.218000e-05	-4.056236e-02	1.483357e+01
3.219000e-05	-3.548764e-02	1.480610e+01
3.220000e-05	-4.288557e-02	1.489081e+01
3.221000e-05	-4.134857e-02	1.496145e+01
3.222000e-05	-4.488444e-02	1.499515e+01
3.223000e-05	-4.232395e-02	1.504521e+01
3.224000e-05	-4.859970e-02	1.510041e+01
3.225000e-05	-5.017785e-02	1.516249e+01
3.226000e-05	-4.935931e-02	1.515510e+01
3.227000e-05	-5.348539e-02	1.517570e+01
3.228000e-05	-5.359213e-02	1.518611e+01
3.229000e-05	-5.641462e-02	1.527473e+01
3.230000e-05	-5.410751e-02	1.522834e+01
3.231000e-05	-6.008949e-02	1.528729e+01
3.232000e-05	-6.210838e-02	1.527834e+01
3.233000e-05	-6.471565e-02	1.527988e+01
3.234000e-05	-6.538132e-02	1.529891e+01
3.235000e-05	-6.869880e-02	1.523081e+01
3.236000e-05	-7.180461e-02	1.526873e+01
3.237000e-05	-7.200150e-02	1.523778e+01
3.238000e-05	-7.911426e-02	1.518562e+01
3.239000e-05	-8.111019e-02	1.516452e+01
3.240000e-05	-8.894370e-02	1.509247e+01
3.241000e-05	-9.116977e-02	1.507786e+01
3.242000e-05	-9.808311e-02	1.505468e+01
3.243000e-05	-1.022386e-01	1.496300e+01
3.244000e-05	-1.065727e-01	1.493984e+01
3.245000e-05	-1.087788e-01	1.479730e+01
3.246000e-05	-1.077496e-01	1.480202e+01
3.247000e-05	-1.062970e-01	1.469894e+01
3.248000e-05	-1.010681e-01	1.461510e+01
3.249000e-05	-9.867808e-02	1.450244e+01
3.250000e-05	-8.932762e-02	1.439657e+01
3.251000e-05	-8.480936e-02	1.429089e+01
3.252000e-05	-8.034324e-02	1.420610e+01
3.253000e-05	-7.455980e-02	1.407031e+01
3.254000e-05	-7.121010e-02	1.395147e+01
3.255000e-05	-6.144485e-02	1.382663e+01
3.256000e-05	-5.953092e-02	1.368829e+01
3.257000e-05	-5.593105e-02	1.353257e+01
3.258000e-05	-5.211698e-02	1.339461e+01
3.259000e-05	-5.120786e-02	1.325831e+01
3.260000e-05	-4.689962e-02	1.309242e+01
3.261000e-05	-4.713066e-02	1.301263e+01
3.262000e-05	-4.225919e-02	1.281873e+01
3.263000e-05	-3.956042e-02	1.269924e+01
3.264000e-05	-3.737509e-02	1.259102e+01
3.265000e-05	-3.572561e-02	1.240307e+01
3.266000e-05	-3.480757e-02	1.221410e+01
3.267000e-05	-3.372079e-02	1.199768e+01
3.268000e-05	-3.067033e-02	1.187666e+01
3.269000e-05	-3.194278e-02	1.165620e+01
3.270000e-05	-3.007542e-02	1.147718e+01
3.271000e-05	-2.843156e-02	1.123618e+01
3.272000e-05	-2.595768e-02	1.106518e+01
3.273000e-05	-2.676678e-02	1.088726e+01
3.274000e-05	-2.616899e-02	1.062514e+01
3.275000e-05	-2.310273e-02	1.042616e+01
3.276000e-05	-2.229009e-02	1.023463e+01
3.277000e-05	-2.200577e-02	1.005366e+01
3.278000e-05	-2.267588e-02	9.823546e+00
3.279000e-05	-2.084510e-02	9.518337e+00
3.280000e-05	-2.032312e-02	9.308967e+00
3.281000e-05	-2.047708e-02	9.097259e+00
3.282000e-05	-2.062071e-02	8.877683e+00
3.283000e-05	-1.923562e-02	8.634076e+00
3.284000e-05	-1.778979e-02	8.455599e+00
3.285000e-05	-1.761731e-02	8.180969e+00
3.286000e-05	-1.645148e-02	7.947785e+00
3.287000e-05	-1.654665e-02	7.675680e+00
3.288000e-05	-1.419069e-02	7.370045e+00
3.289000e-05	-1.535621e-02	7.139415e+00
3.290000e-05	-1.541344e-02	6.897388e+00
3.291000e-05	-1.458979e-02	6.635103e+00
3.292000e-05	-1.289601e-02	6.371495e+00
3.293000e-05	-1.252233e-02	6.107793e+00
3.294000e-05	-1.292578e-02	5.916157e+00
3.295000e-05	-1.268401e-02	5.612071e+00
3.296000e-05	-1.122499e-02	5.369290e+00
3.297000e-05	-1.111065e-02	4.992468e+00
3.298000e-05	-1.206413e-02	4.705713e+00
3.299000e-05	-1.185358e-02	4.474154e+00
3.300000e-05	-1.069312e-02	4.199499e+00
3.301000e-05	-1.009229e-02	3.877763e+00
3.302000e-05	-9.883084e-03	3.633600e+00
3.303000e-05	-9.571372e-03	3.388916e+00
3.304000e-05	-7.319435e-03	3.076733e+00
3.305000e-05	-8.813149e-03	2.832550e+00
3.306000e-05	-8.522149e-03	2.508190e+00
3.307000e-05	-8.820973e-03	2.243076e+00
3.308000e-05	-7.498198e-03	2.008967e+00
3.309000e-05	-7.160132e-03	1.673559e+00
3.310000e-05	-6.629520e-03	1.397969e+00
3.311000e-05	-6.798055e-03	1.083677e+00
3.312000e-05	-5.819809e-03	7.358922e-01
3.313000e-05	-5.169146e-03	4.846793e-01
3.314000e-05	-3.694228e-03	2.105438e-01
3.315000e-05	-2.700011e-03	-9.376309e-02
3.316000e-05	8.277277e-03	-3.268699e-01
3.317000e-05	-5.015908e-03	-5.905813e-01
3.318000e-05	4.969164e-03	-9.122670e-01
3.319000e-05	-4.529590e-03	-1.146870e+00
3.320000e-05	3.090324e-03	-1.433113e+00
3.321000e-05	-4.153795e-03	-1.694214e+00
3.322000e-05	2.816539e-02	-1.935893e+00
3.323000e-05	8.703302e-02	-2.125926e+00
3.324000e-05	6.277075e-03	-2.507892e+00
3.325000e-05	-8.405501e-02	-2.865291e+00
3.326000e-05	1.334321e-02	-3.223687e+00
3.327000e-05	-4.052871e-02	-3.432662e+00
3.328000e-05	-6.226761e-02	-3.663764e+00
3.329000e-05	2.340416e-02	-3.885265e+00
3.330000e-05	1.589095e-01	-4.045161e+00
3.331000e-05	-2.016512e-01	-4.391024e+00
3.332000e-05	2.026015e-01	-4.589555e+00
3.333000e-05	-1.310374e-01	-4.885292e+00
3.334000e-05	1.411198e-02	-5.210033e+00
3.335000e-05	8.504098e-02	-5.454719e+00
3.336000e-05	-1.301144e-01	-5.790930e+00
3.337000e-05	1.816019e-01	-6.031953e+00
3.338000e-05	-1.153660e-01	-6.276820e+00
3.339000e-05	3.780600e-02	-6.591530e+00
3.340000e-05	3.169488e-02	-6.864208e+00
3.341000e-05	-8.024184e-02	-7.140026e+00
3.342000e-05	1.211059e-01	-7.420530e+00
3.343000e-05	-1.187193e-01	-7.674891e+00
3.344000e-05	1.401539e-01	-7.960425e+00
3.345000e-05	-5.891533e-02	-8.181029e+00
3.346000e-05	2.317785e-02	-8.445181e+00
3.347000e-05	4.195213e-02	-8.664766e+00
3.348000e-05	-5.603928e-02	-8.960971e+00
3.349000e-05	7.311892e-02	-9.098420e+00
3.350000e-05	-6.393173e-02	-9.373079e+00
3.351000e-05	9.835398e-02	-9.582578e+00
3.352000e-05	-3.486015e-02	-9.863177e+00
3.353000e-05	3.804987e-02	-1.007270e+01
3.354000e-05	-1.914873e-02	-1.025418e+01
3.355000e-05	2.109330e-02	-1.044531e+01
3.356000e-05	2.736879e-02	-1.065476e+01
3.357000e-05	-6.636525e-03	-1.084581e+01
3.358000e-05	4.627117e-02	-1.101570e+01
3.359000e-05	-1.254433e-02	-1.124421e+01
3.360000e-05	3.391760e-02	-1.139316e+01
3.361000e-05	-1.624239e-02	-1.161626e+01
3.362000e-05	5.317276e-02	-1.182518e+01
3.363000e-05	-3.771614e-03	-1.204573e+01
3.364000e-05	2.789783e-02	-1.220505e+01
3.365000e-05	1.922226e-03	-1.241102e+01
3.366000e-05	3.548754e-02	-1.253955e+01
3.367000e-05	1.167228e-02	-1.270992e+01
3.368000e-05	1.616636e-02	-1.284526e+01
3.369000e-05	2.380306e-02	-1.297461e+01
3.370000e-05	1.858875e-02	-1.320255e+01
3.371000e-05	2.453073e-02	-1.331941e+01
3.372000e-05	1.627402e-02	-1.344776e+01
3.373000e-05	3.621415e-02	-1.363255e+01
3.374000e-05	1.497964e-02	-1.368907e+01
3.375000e-05	2.818405e-02	-1.383874e+01
3.376000e-05	2.218699e-02	-1.401417e+01
3.377000e-05	3.729515e-02	-1.407989e+01
3.378000e-05	2.223688e-02	-1.422516e+01
3.379000e-05	2.969840e-02	-1.431139e+01
3.380000e-05	2.956210e-02	-1.441721e+01
3.381000e-05	3.177741e-02	-1.452937e+01
3.382000e-05	3.264356e-02	-1.458310e+01
3.383000e-05	3.507398e-02	-1.467686e+01
3.384000e-05	3.765333e-02	-1.477157e+01
3.385000e-05	3.325492e-02	-1.483610e+01
3.386000e-05	3.533342e-02	-1.487831e+01
3.387000e-05	3.890100e-02	-1.495045e+01
3.388000e-05	4.057417e-02	-1.498200e+01
3.389000e-05	4.029564e-02	-1.504421e+01
3.390000e-05	4.265357e-02	-1.507524e+01
3.391000e-05	4.430443e-02	-1.509981e+01
3.392000e-05	4.655658e-02	-1.514192e+01
3.393000e-05	4.593704e-02	-1.516152e+01
3.394000e-05	4.992751e-02	-1.518255e+01
3.395000e-05	5.149583e-02	-1.518363e+01
3.396000e-05	5.472412e-02	-1.519555e+01
3.397000e-05	5.575560e-02	-1.521563e+01
3.398000e-05	5.636841e-02	-1.524663e+01
3.399000e-05	5.706538e-02	-1.523418e+01
3.400000e-05	6.076621e-02	-1.521455e+01
3.401000e-05	6.514697e-02	-1.521460e+01
3.402000e-05	6.654713e-02	-1.516304e+01
3.403000e-05	7.021293e-02	-1.521087e+01
3.404000e-05	7.494076e-02	-1.513147e+01
3.405000e-05	7.976865e-02	-1.512831e+01
3.406000e-05	8.277600e-02	-1.507416e+01
3.407000e-05	8.923516e-02	-1.500258e+01
3.408000e-05	9.542550e-02	-1.497047e+01
3.409000e-05	9.939899e-02	-1.487826e+01
3.410000e-05	1.027946e-01	-1.484713e+01
3.411000e-05	1.031625e-01	-1.473044e+01
3.412000e-05	1.007375e-01	-1.464579e+01
3.413000e-05	9.731631e-02	-1.461207e+01
3.414000e-05	9.281332e-02	-1.445831e+01
3.415000e-05	8.705075e-02	-1.438397e+01
3.416000e-05	8.091784e-02	-1.427823e+01
3.417000e-05	7.516609e-02	-1.417345e+01
3.418000e-05	6.900934e-02	-1.405421e+01
3.419000e-05	6.351120e-02	-1.389790e+01
3.420000e-05	5.821968e-02	-1.383257e+01
3.421000e-05	5.485859e-02	-1.363631e+01
3.422000e-05	5.194967e-02	-1.350037e+01
3.423000e-05	4.733331e-02	-1.342400e+01
3.424000e-05	4.284082e-02	-1.329824e+01
3.425000e-05	4.089974e-02	-1.311137e+01
3.426000e-05	3.784434e-02	-1.298102e+01
3.427000e-05	3.556470e-02	-1.288521e+01
3.428000e-05	3.324124e-02	-1.268781e+01
3.429000e-05	3.284099e-02	-1.257094e+01
3.430000e-05	2.966805e-02	-1.240204e+01
3.431000e-05	2.759637e-02	-1.222358e+01
3.432000e-05	2.646454e-02	-1.206568e+01
3.433000e-05	2.546589e-02	-1.184673e+01
3.434000e-05	2.357815e-02	-1.170671e+01
3.435000e-05	2.249774e-02	-1.147613e+01
3.436000e-05	2.136762e-02	-1.125616e+01
3.437000e-05	1.947824e-02	-1.103161e+01
3.438000e-05	1.875508e-02	-1.087557e+01
3.439000e-05	1.665545e-02	-1.065368e+01
3.440000e-05	1.764542e-02	-1.045518e+01
3.441000e-05	1.560820e-02	-1.021408e+01
3.442000e-05	1.464732e-02	-9.981497e+00
3.443000e-05	1.345623e-02	-9.772444e+00
3.444000e-05	1.335936e-02	-9.581447e+00
3.445000e-05	1.169901e-02	-9.358442e+00
3.446000e-05	1.132383e-02	-9.118814e+00
3.447000e-05	1.004681e-02	-8.846333e+00
3.448000e-05	9.944949e-03	-8.665010e+00
3.449000e-05	9.168334e-03	-8.401549e+00
3.450000e-05	7.361979e-03	-8.182474e+00
3.451000e-05	8.640881e-03	-7.978343e+00
3.452000e-05	6.728363e-03	-7.686180e+00
3.453000e-05	7.452050e-03	-7.391075e+00
3.454000e-05	4.644412e-03	-7.181495e+00
3.455000e-05	5.681229e-03	-6.915282e+00
3.456000e-05	4.826288e-03	-6.694575e+00
3.457000e-05	5.161081e-03	-6.392097e+00
3.458000e-05	3.073701e-03	-6.148870e+00
3.459000e-05	4.549150e-03	-5.875680e+00
3.460000e-05	2.737544e-03	-5.630547e+00
3.461000e-05	2.464244e-03	-5.317443e+00
3.462000e-05	1.866313e-03	-5.093648e+00
3.463000e-05	2.613848e-03	-4.745765e+00
3.464000e-05	2.028934e-03	-4.493228e+00
3.465000e-05	3.000813e-03	-4.261579e+00
3.466000e-05	4.405810e-04	-3.999366e+00
3.467000e-05	1.376666e-03	-3.673657e+00
3.468000e-05	-2.059023e-03	-3.420524e+00
3.469000e-05	1.900704e-04	-3.176863e+00
3.470000e-05	-3.371601e-03	-2.850551e+00
3.471000e-05	6.877245e-05	-2.569491e+00
3.472000e-05	-2.456290e-03	-2.307204e+00
3.473000e-05	-1.428254e-04	-1.979970e+00
3.474000e-05	-3.558675e-03	-1.734735e+00
3.475000e-05	-2.145338e-03	-1.452025e+00
3.476000e-05	-3.888534e-03	-1.103285e+00
3.477000e-05	-3.269971e-03	-7.795473e-01
3.478000e-05	-4.331290e-03	-4.846395e-01
3.479000e-05	-3.447897e-03	-2.521500e-01
3.480000e-05	-2.387024e-03	3.303026e-02
3.481000e-05	7.355688e-03	3.459158e-01
3.482000e-05	-2.929066e-03	5.604499e-01
3.483000e-05	4.133488e-04	8.605227e-01
3.484000e-05	-8.258871e-04	1.097472e+00
3.485000e-05	-1.933978e-03	1.420472e+00
3.486000e-05	-4.851694e-03	1.716441e+00
3.487000e-05	3.468921e-03	1.947392e+00
3.488000e-05	2.445429e-02	2.129395e+00
3.489000e-05	8.402061e-02	2.443078e+00
3.490000e-05	-2.512957e-02	2.810027e+00
3.491000e-05	-6.577922e-02	3.075312e+00
3.492000e-05	-2.059861e-02	3.341422e+00
3.493000e-05	-1.672208e-02	3.673185e+00
3.494000e-05	-5.475113e-02	3.864259e+00
3.495000e-05	-2.112987e-02	4.064208e+00
3.496000e-05	1.270525e-01	4.308421e+00
3.497000e-05	-7.863411e-02	4.603659e+00
3.498000e-05	-1.833184e-02	4.853207e+00
3.499000e-05	1.103935e-01	5.221559e+00
3.500000e-05	-1.587941e-01	5.448264e+00
3.501000e-05	9.045618e-02	5.677772e+00
3.502000e-05	-6.200070e-02	5.983627e+00
3.503000e-05	3.124595e-02	6.234688e+00
3.504000e-05	-6.178023e-03	6.489446e+00
3.505000e-05	-3.395907e-02	6.812033e+00
3.506000e-05	3.312407e-02	7.025738e+00
3.507000e-05	-5.842029e-02	7.350101e+00
3.508000e-05	1.940960e-02	7.614159e+00
3.509000e-05	-5.015996e-02	7.897841e+00
3.510000e-05	3.564100e-02	8.180101e+00
3.511000e-05	1.393324e-03	8.383604e+00
3.512000e-05	-4.745497e-02	8.644232e+00
3.513000e-05	1.868614e-02	8.856734e+00
3.514000e-05	-3.575999e-02	9.119369e+00
3.515000e-05	5.277469e-03	9.338418e+00
3.516000e-05	-3.879075e-02	9.559445e+00
3.517000e-05	1.223566e-02	9.763575e+00
3.518000e-05	-1.991464e-02	1.000413e+01
3.519000e-05	-1.396188e-02	1.022455e+01
3.520000e-05	-2.703471e-02	1.041521e+01
3.521000e-05	-1.105304e-02	1.064475e+01
3.522000e-05	-5.760272e-03	1.081515e+01
3.523000e-05	-3.041371e-02	1.100413e+01
3.524000e-05	-9.963152e-03	1.121555e+01
3.525000e-05	-1.309816e-02	1.144671e+01
3.526000e-05	-1.090489e-02	1.163530e+01
3.527000e-05	-3.734278e-02	1.180466e+01
3.528000e-05	-8.554686e-03	1.203408e+01
3.529000e-05	-2.112779e-02	1.216313e+01
3.530000e-05	-1.937774e-02	1.233252e+01
3.531000e-05	-3.133262e-02	1.248900e+01
3.532000e-05	-1.270353e-02	1.269826e+01
3.533000e-05	-2.049321e-02	1.284626e+01
3.534000e-05	-3.265885e-02	1.296350e+01
3.535000e-05	-2.068049e-02	1.317247e+01
3.536000e-05	-2.604082e-02	1.331789e+01
3.537000e-05	-2.376048e-02	1.341781e+01
3.538000e-05	-3.888455e-02	1.361150e+01
3.539000e-05	-2.049310e-02	1.367157e+01
3.540000e-05	-2.972773e-02	1.385721e+01
3.541000e-05	-2.979799e-02	1.397362e+01
3.542000e-05	-3.252944e-02	1.414148e+01
3.543000e-05	-2.799022e-02	1.422831e+01
3.544000e-05	-3.418206e-02	1.440357e+01
3.545000e-05	-4.043401e-02	1.445079e+01
3.546000e-05	-3.187640e-02	1.458195e+01
3.547000e-05	-3.597151e-02	1.464728e+01
3.548000e-05	-3.689880e-02	1.473137e+01
3.549000e-05	-4.209127e-02	1.478265e+01
3.550000e-05	-3.716343e-02	1.487629e+01
3.551000e-05	-4.212488e-02	1.487892e+01
3.552000e-05	-4.247389e-02	1.493155e+01
3.553000e-05	-4.494673e-02	1.503517e+01
3.554000e-05	-4.628323e-02	1.501628e+01
3.555000e-05	-4.867137e-02	1.508189e+01
3.556000e-05	-5.043143e-02	1.514397e+01
3.557000e-05	-4.841180e-02	1.516310e+01
3.558000e-05	-5.364535e-02	1.519360e+01
3.559000e-05	-5.528755e-02	1.523671e+01
3.560000e-05	-5.785749e-02	1.521776e+01
3.561000e-05	-5.580662e-02	1.522981e+01
3.562000e-05	-5.915109e-02	1.527784e+01
3.563000e-05	-6.271048e-02	1.525931e+01
3.564000e-05	-6.555728e-02	1.526787e+01
3.565000e-05	-6.814100e-02	1.525736e+01
3.566000e-05	-6.824760e-02	1.524734e+01
3.567000e-05	-7.241601e-02	1.524576e+01
3.568000e-05	-7.434255e-02	1.518513e+01
3.569000e-05	-8.105985e-02	1.518517e+01
3.570000e-05	-8.340240e-02	1.514410e+01
3.571000e-05	-8.935946e-02	1.510039e+01
3.572000e-05	-9.324467e-02	1.504779e+01
3.573000e-05	-9.840638e-02	1.501510e+01
3.574000e-05	-1.055826e-01	1.496252e+01
3.575000e-05	-1.089888e-01	1.484989e+01
3.576000e-05	-1.101152e-01	1.483705e+01
3.577000e-05	-1.046626e-01	1.476044e+01
3.578000e-05	-1.046682e-01	1.466781e+01
3.579000e-05	-1.003224e-01	1.455402e+01
3.580000e-05	-9.679181e-02	1.451986e+01
3.581000e-05	-8.837998e-02	1.438555e+01
3.582000e-05	-8.357833e-02	1.424929e+01
3.583000e-05	-7.602005e-02	1.415103e+01
3.584000e-05	-7.192652e-02	1.406518e+01
3.585000e-05	-6.708838e-02	1.389941e+01
3.586000e-05	-6.406900e-02	1.377310e+01
3.587000e-05	-5.941279e-02	1.365621e+01
3.588000e-05	-5.505985e-02	1.351731e+01
3.589000e-05	-5.058295e-02	1.337097e+01
3.590000e-05	-5.087269e-02	1.323621e+01
3.591000e-05	-4.588980e-02	1.306936e+01
3.592000e-05	-4.394461e-02	1.294102e+01
3.593000e-05	-3.958611e-02	1.279295e+01
3.594000e-05	-4.069856e-02	1.267618e+01
3.595000e-05	-3.763465e-02	1.249889e+01
3.596000e-05	-3.672748e-02	1.231834e+01
3.597000e-05	-3.413112e-02	1.219152e+01
3.598000e-05	-3.294494e-02	1.195364e+01
3.599000e-05	-3.066870e-02	1.180200e+01
3.600000e-05	-2.943896e-02	1.162297e+01
3.601000e-05	-3.035907e-02	1.141357e+01
3.602000e-05	-2.847842e-02	1.118297e+01
3.603000e-05	-2.800817e-02	1.094298e+01
3.604000e-05	-2.497950e-02	1.081410e+01
3.605000e-05	-2.488867e-02	1.057302e+01
3.606000e-05	-2.318849e-02	1.037152e+01
3.607000e-05	-2.257866e-02	1.013099e+01
3.608000e-05	-2.180732e-02	9.919343e+00
3.609000e-05	-2.172906e-02	9.729262e+00
3.610000e-05	-2.139301e-02	9.466203e+00
3.611000e-05	-2.007066e-02	9.284256e+00
3.612000e-05	-2.222078e-02	9.044552e+00
3.613000e-05	-1.652286e-02	8.801030e+00
3.614000e-05	-2.150827e-02	8.538371e+00
3.615000e-05	-1.390576e-02	8.370910e+00
3.616000e-05	-1.777015e-02	8.096859e+00
3.617000e-05	-1.865500e-02	7.854154e+00
3.618000e-05	-1.552598e-02	7.641467e+00
3.619000e-05	-1.810229e-02	7.308861e+00
3.620000e-05	-1.199854e-02	7.054154e+00
3.621000e-05	-1.560603e-02	6.823579e+00
3.622000e-05	-1.349476e-02	6.499843e+00
3.623000e-05	-1.317604e-02	6.337282e+00
3.624000e-05	-1.340951e-02	6.045155e+00
3.625000e-05	-1.201728e-02	5.834999e+00
3.626000e-05	-1.261756e-02	5.536313e+00
3.627000e-05	-1.143394e-02	5.244653e+00
3.628000e-05	-1.104574e-02	4.977261e+00
3.629000e-05	-1.181816e-02	4.653603e+00
3.630000e-05	-1.034232e-02	4.411545e+00
3.631000e-05	-1.110050e-02	4.099709e+00
3.632000e-05	-1.013127e-02	3.823501e+00
3.633000e-05	-1.106802e-02	3.589417e+00
3.634000e-05	-9.853760e-03	3.235678e+00
3.635000e-05	-8.746308e-03	3.002946e+00
3.636000e-05	-7.509294e-03	2.767843e+00
3.637000e-05	-6.874974e-03	2.440473e+00
3.638000e-05	-8.005207e-03	2.147338e+00
3.639000e-05	-8.564133e-03	1.924733e+00
3.640000e-05	-7.424616e-03	1.570920e+00
3.641000e-05	-6.104520e-03	1.315708e+00
3.642000e-05	-5.604000e-03	9.294184e-01
3.643000e-05	-5.799235e-03	6.951815e-01
3.644000e-05	-4.977234e-03	4.414224e-01
3.645000e-05	-4.163653e-03	1.132633e-01
3.646000e-05	4.072861e-04	-1.965261e-01
3.647000e-05	8.707249e-03	-4.800241e-01
3.648000e-05	-5.688664e-03	-7.078681e-01
3.649000e-05	5.452613e-03	-9.379984e-01
3.650000e-05	-5.547589e-03	-1.222632e+00
3.651000e-05	3.793814e-03	-1.558418e+00
3.652000e-05	-2.933071e-04	-1.768925e+00
3.653000e-05	4.149375e-02	-1.991024e+00
3.654000e-05	1.010441e-01	-2.264312e+00
3.655000e-05	-7.035462e-02	-2.583710e+00
3.656000e-05	-2.631962e-02	-3.042685e+00
3.657000e-05	-2.025339e-02	-3.297322e+00
3.658000e-05	-2.137261e-02	-3.517870e+00
3.659000e-05	-1.007898e-01	-3.736441e+00
3.660000e-05	1.497551e-01	-3.927423e+00
3.661000e-05	1.037169e-02	-4.168974e+00
3.662000e-05	-9.052118e-02	-4.434837e+00
3.663000e-05	1.885951e-01	-4.705713e+00
3.664000e-05	-2.083337e-01	-5.000658e+00
3.665000e-05	1.521265e-01	-5.295333e+00
3.666000e-05	-5.331867e-02	-5.579026e+00
3.667000e-05	-1.749591e-02	-5.855214e+00
3.668000e-05	1.360034e-01	-6.074763e+00
3.669000e-05	-1.517505e-01	-6.370581e+00
3.670000e-05	1.295656e-01	-6.625211e+00
3.671000e-05	-7.860445e-02	-6.947966e+00
3.672000e-05	2.704145e-02	-7.223661e+00
3.673000e-05	3.477693e-02	-7.445784e+00
3.674000e-05	-6.602144e-02	-7.790078e+00
3.675000e-05	1.397760e-01	-8.012610e+00
3.676000e-05	-1.094387e-01	-8.264364e+00
3.677000e-05	1.003120e-01	-8.498370e+00
3.678000e-05	-3.917536e-02	-8.801951e+00
3.679000e-05	1.325708e-02	-9.003130e+00
3.680000e-05	1.794229e-02	-9.182079e+00
3.681000e-05	-2.304285e-02	-9.446187e+00
3.682000e-05	8.298436e-02	-9.657212e+00
3.683000e-05	-4.777613e-02	-9.888318e+00
3.684000e-05	5.722052e-02	-1.010734e+01
3.685000e-05	-4.259765e-02	-1.029937e+01
3.686000e-05	6.067621e-02	-1.049892e+01
3.687000e-05	-1.376723e-02	-1.072782e+01
3.688000e-05	2.887614e-02	-1.090641e+01
3.689000e-05	1.596321e-02	-1.109790e+01
3.690000e-05	9.311442e-03	-1.133889e+01
3.691000e-05	1.506578e-02	-1.147749e+01
3.692000e-05	3.465599e-03	-1.170996e+01
3.693000e-05	4.264366e-02	-1.190731e+01
3.694000e-05	-3.581026e-03	-1.209734e+01
3.695000e-05	2.959369e-02	-1.224516e+01
3.696000e-05	3.323800e-03	-1.242421e+01
3.697000e-05	4.119737e-02	-1.259018e+01
3.698000e-05	-1.427307e-04	-1.274298e+01
3.699000e-05	2.880801e-02	-1.291794e+01
3.700000e-05	1.438344e-02	-1.307729e+01
3.701000e-05	2.761793e-02	-1.321468e+01
3.702000e-05	1.608679e-02	-1.336253e+01
3.703000e-05	2.733392e-02	-1.352944e+01
3.704000e-05	2.731358e-02	-1.361571e+01
3.705000e-05	2.018933e-02	-1.373303e+01
3.706000e-05	2.586026e-02	-1.388781e+01
3.707000e-05	2.648922e-02	-1.404468e+01
3.708000e-05	3.334251e-02	-1.413148e+01
3.709000e-05	2.233821e-02	-1.423581e+01
3.710000e-05	3.252793e-02	-1.436257e+01
3.711000e-05	2.956055e-02	-1.446681e+01
3.712000e-05	3.284444e-02	-1.456144e+01
3.713000e-05	3.114222e-02	-1.461473e+01
3.714000e-05	3.564325e-02	-1.470089e+01
3.715000e-05	3.474793e-02	-1.479347e+01
3.716000e-05	3.383200e-02	-1.484668e+01
3.717000e-05	3.636286e-02	-1.489934e+01
3.718000e-05	4.092455e-02	-1.495054e+01
3.719000e-05	3.974827e-02	-1.502263e+01
3.720000e-05	4.170324e-02	-1.506518e+01
3.721000e-05	4.314468e-02	-1.507829e+01
3.722000e-05	4.475664e-02	-1.511892e+01
3.723000e-05	4.586713e-02	-1.512037e+01
3.724000e-05	4.763939e-02	-1.515244e+01
3.725000e-05	5.164186e-02	-1.517405e+01
3.726000e-05	5.178699e-02	-1.519613e+01
3.727000e-05	5.533411e-02	-1.523668e+01
3.728000e-05	5.535868e-02	-1.521466e+01
3.729000e-05	5.735464e-02	-1.523611e+01
3.730000e-05	5.681673e-02	-1.518418e+01
3.731000e-05	6.211864e-02	-1.521665e+01
3.732000e-05	6.640973e-02	-1.519408e+01
3.733000e-05	6.803265e-02	-1.517298e+01
3.734000e-05	7.125961e-02	-1.515249e+01
3.735000e-05	7.624210e-02	-1.511941e+01
3.736000e-05	8.028612e-02	-1.505673e+01
3.737000e-05	8.511457e-02	-1.502218e+01
3.738000e-05	9.201398e-02	-1.499407e+01
3.739000e-05	9.757259e-02	-1.492135e+01
3.740000e-05	1.006526e-01	-1.487673e+01
3.741000e-05	1.022396e-01	-1.478305e+01
3.742000e-05	1.029719e-01	-1.469934e+01
3.743000e-05	9.972219e-02	-1.466416e+01
3.744000e-05	9.462664e-02	-1.453044e+01
3.745000e-05	9.021239e-02	-1.443713e+01
3.746000e-05	8.564484e-02	-1.437042e+01
3.747000e-05	7.883109e-02	-1.421720e+01
3.748000e-05	7.331872e-02	-1.414194e+01
3.749000e-05	6.723780e-02	-1.401308e+01
3.750000e-05	6.160660e-02	-1.385734e+01
3.751000e-05	5.686634e-02	-1.372150e+01
3.752000e-05	5.358813e-02	-1.362523e+01
3.753000e-05	5.045720e-02	-1.351826e+01
3.754000e-05	4.556242e-02	-1.337253e+01
3.755000e-05	4.189361e-02	-1.323568e+01
3.756000e-05	3.942662e-02	-1.309876e+01
3.757000e-05	3.612066e-02	-1.294994e+01
3.758000e-05	3.529708e-02	-1.277308e+01
3.759000e-05	3.344747e-02	-1.264521e+01
3.760000e-05	3.163288e-02	-1.249879e+01
3.761000e-05	2.812571e-02	-1.236941e+01
3.762000e-05	2.646400e-02	-1.216902e+01
3.763000e-05	2.570502e-02	-1.199057e+01
3.764000e-05	2.358157e-02	-1.179307e+01
3.765000e-05	2.311792e-02	-1.161410e+01
3.766000e-05	2.142055e-02	-1.138254e+01
3.767000e-05	2.104164e-02	-1.119099e+01
3.768000e-05	1.917462e-02	-1.098147e+01
3.769000e-05	1.910966e-02	-1.073244e+01
3.770000e-05	1.688935e-02	-1.058152e+01
3.771000e-05	1.623704e-02	-1.036994e+01
3.772000e-05	1.503836e-02	-1.015939e+01
3.773000e-05	1.482551e-02	-9.936817e+00
3.774000e-05	1.312199e-02	-9.729391e+00
3.775000e-05	1.215217e-02	-9.488234e+00
3.776000e-05	1.184567e-02	-9.275254e+00
3.777000e-05	1.141227e-02	-9.035653e+00
3.778000e-05	1.008754e-02	-8.833529e+00
3.779000e-05	9.044198e-03	-8.571490e+00
3.780000e-05	8.546563e-03	-8.327766e+00
3.781000e-05	8.911259e-03	-8.098312e+00
3.782000e-05	7.756479e-03	-7.793683e+00
3.783000e-05	6.597699e-03	-7.579395e+00
3.784000e-05	7.275040e-03	-7.298361e+00
3.785000e-05	5.142639e-03	-7.146727e+00
3.786000e-05	5.187010e-03	-6.802026e+00
3.787000e-05	4.397415e-03	-6.551996e+00
3.788000e-05	4.421736e-03	-6.338735e+00
3.789000e-05	3.438246e-03	-6.064656e+00
3.790000e-05	4.579136e-03	-5.832447e+00
3.791000e-05	1.530261e-03	-5.568261e+00
3.792000e-05	3.283737e-03	-5.231199e+00
3.793000e-05	8.670297e-04	-4.977366e+00
3.794000e-05	3.204403e-03	-4.611049e+00
3.795000e-05	8.845996e-04	-4.409951e+00
3.796000e-05	2.772611e-03	-4.168315e+00
3.797000e-05	8.102208e-04	-3.885635e+00
3.798000e-05	5.203127e-04	-3.578921e+00
3.799000e-05	1.316602e-04	-3.286766e+00
3.800000e-05	-1.412912e-03	-3.074625e+00
3.801000e-05	-1.993593e-03	-2.717340e+00
3.802000e-05	-1.316392e-03	-2.522109e+00
3.803000e-05	-1.284511e-03	-2.188995e+00
3.804000e-05	-2.986830e-03	-1.906337e+00
3.805000e-05	-2.441014e-03	-1.611477e+00
3.806000e-05	-3.088209e-03	-1.314690e+00
3.807000e-05	-2.648397e-03	-9.889686e-01
3.808000e-05	-4.276990e-03	-7.358446e-01
3.809000e-05	-2.454903e-03	-3.990037e-01
3.810000e-05	-4.322313e-03	-1.553896e-01
3.811000e-05	-2.563271e-05	8.578948e-02
3.812000e-05	7.607813e-03	3.715338e-01
3.813000e-05	-7.263609e-03	6.627129e-01
3.814000e-05	4.490492e-03	9.161369e-01
3.815000e-05	-6.265190e-03	1.211532e+00
3.816000e-05	1.522015e-03	1.453743e+00
3.817000e-05	-6.909258e-03	1.781004e+00
3.818000e-05	1.336863e-02	1.991051e+00
3.819000e-05	3.628357e-02	2.213259e+00
3.820000e-05	8.421214e-02	2.536849e+00
3.821000e-05	-8.138587e-02	2.864788e+00
3.822000e-05	-2.943952e-02	3.179946e+00
3.823000e-05	-3.605614e-02	3.424234e+00
3.824000e-05	-3.648240e-03	3.726315e+00
3.825000e-05	-7.889678e-02	3.937393e+00
3.826000e-05	3.790863e-02	4.117412e+00
3.827000e-05	1.106283e-01	4.422132e+00
3.828000e-05	-1.587023e-01	4.685768e+00
3.829000e-05	1.185292e-01	4.927923e+00
3.830000e-05	-3.255427e-02	5.287816e+00
3.831000e-05	-6.235814e-02	5.569376e+00
3.832000e-05	5.970008e-02	5.837158e+00
3.833000e-05	-5.467791e-02	6.085792e+00
3.834000e-05	4.094340e-02	6.338870e+00
3.835000e-05	-4.001705e-02	6.633134e+00
3.836000e-05	-1.563736e-05	6.916842e+00
3.837000e-05	4.104940e-03	7.140523e+00
3.838000e-05	-4.192336e-02	7.403784e+00
3.839000e-05	1.296903e-02	7.688394e+00
3.840000e-05	-4.377897e-02	7.991600e+00
3.841000e-05	5.278114e-02	8.215288e+00
3.842000e-05	-3.369810e-02	8.476313e+00
3.843000e-05	-2.500830e-02	8.708315e+00
3.844000e-05	1.297197e-02	8.910051e+00
3.845000e-05	-4.123122e-02	9.174069e+00
3.846000e-05	9.021680e-03	9.382580e+00
3.847000e-05	-4.319199e-02	9.616158e+00
3.848000e-05	2.747620e-02	9.866787e+00
3.849000e-05	-3.447017e-02	1.006734e+01
3.850000e-05	-8.998387e-03	1.026431e+01
3.851000e-05	-2.901603e-02	1.046833e+01
3.852000e-05	-5.144345e-03	1.070839e+01
3.853000e-05	-9.246573e-03	1.090734e+01
3.854000e-05	-3.574915e-02	1.105531e+01
3.855000e-05	2.329553e-04	1.128981e+01
3.856000e-05	-2.161307e-02	1.148787e+01
3.857000e-05	-1.144705e-02	1.169784e+01
3.858000e-05	-3.862041e-02	1.187781e+01
3.859000e-05	-2.063138e-03	1.204681e+01
3.860000e-05	-2.364212e-02	1.221423e+01
3.861000e-05	-2.397954e-02	1.242558e+01
3.862000e-05	-2.395362e-02	1.255150e+01
3.863000e-05	-1.724500e-02	1.271992e+01
3.864000e-05	-2.219080e-02	1.286737e+01
3.865000e-05	-3.581252e-02	1.303668e+01
3.866000e-05	-1.622154e-02	1.319660e+01
3.867000e-05	-2.815209e-02	1.332997e+01
3.868000e-05	-2.639100e-02	1.352732e+01
3.869000e-05	-3.295995e-02	1.361621e+01
3.870000e-05	-2.115350e-02	1.371308e+01
3.871000e-05	-2.906446e-02	1.389981e+01
3.872000e-05	-3.361311e-02	1.402621e+01
3.873000e-05	-2.975642e-02	1.418407e+01
3.874000e-05	-3.207948e-02	1.427986e+01
3.875000e-05	-3.415057e-02	1.442368e+01
3.876000e-05	-3.919191e-02	1.447887e+01
3.877000e-05	-3.132822e-02	1.455410e+01
3.878000e-05	-3.814285e-02	1.466829e+01
3.879000e-05	-3.742052e-02	1.477104e+01
3.880000e-05	-3.882056e-02	1.482570e+01
3.881000e-05	-3.960343e-02	1.487824e+01
3.882000e-05	-4.361989e-02	1.495939e+01
3.883000e-05	-4.581757e-02	1.495305e+01
3.884000e-05	-4.227575e-02	1.501471e+01
3.885000e-05	-4.770140e-02	1.508831e+01
3.886000e-05	-4.724117e-02	1.511089e+01
3.887000e-05	-5.144077e-02	1.514307e+01
3.888000e-05	-5.029909e-02	1.519402e+01
3.889000e-05	-5.543684e-02	1.524500e+01
3.890000e-05	-5.569099e-02	1.523825e+01
3.891000e-05	-5.511352e-02	1.523623e+01
3.892000e-05	-5.888710e-02	1.522883e+01
3.893000e-05	-6.043555e-02	1.528831e+01
3.894000e-05	-6.577438e-02	1.525936e+01
3.895000e-05	-6.338278e-02	1.527831e+01
3.896000e-05	-7.161251e-02	1.530874e+01
3.897000e-05	-6.767220e-02	1.525826e+01
3.898000e-05	-7.429501e-02	1.527823e+01
3.899000e-05	-7.434584e-02	1.517613e+01
3.900000e-05	-7.997529e-02	1.521465e+01
3.901000e-05	-8.441678e-02	1.512294e+01
3.902000e-05	-8.880715e-02	1.512087e+01
3.903000e-05	-9.873038e-02	1.502726e+01
3.904000e-05	-1.015441e-01	1.498307e+01
3.905000e-05	-1.073663e-01	1.495139e+01
3.906000e-05	-1.073296e-01	1.486877e+01
3.907000e-05	-1.076122e-01	1.480612e+01
3.908000e-05	-1.072908e-01	1.474891e+01
3.909000e-05	-1.010387e-01	1.462725e+01
3.910000e-05	-9.862630e-02	1.452110e+01
3.911000e-05	-9.160427e-02	1.446921e+01
3.912000e-05	-8.647187e-02	1.434352e+01
3.913000e-05	-8.086171e-02	1.428623e+01
3.914000e-05	-7.800397e-02	1.412996e+01
3.915000e-05	-7.038074e-02	1.398357e+01
3.916000e-05	-6.642805e-02	1.387676e+01
3.917000e-05	-6.023546e-02	1.374044e+01
3.918000e-05	-5.914600e-02	1.364255e+01
3.919000e-05	-5.298231e-02	1.344725e+01
3.920000e-05	-5.170311e-02	1.332942e+01
3.921000e-05	-4.775071e-02	1.319407e+01
3.922000e-05	-4.581396e-02	1.302564e+01
3.923000e-05	-4.301916e-02	1.288836e+01
3.924000e-05	-4.155866e-02	1.274007e+01
3.925000e-05	-3.979371e-02	1.257255e+01
3.926000e-05	-3.808320e-02	1.244720e+01
3.927000e-05	-3.427904e-02	1.228623e+01
3.928000e-05	-3.415904e-02	1.213041e+01
3.929000e-05	-3.184234e-02	1.193036e+01
3.930000e-05	-3.254786e-02	1.173049e+01
3.931000e-05	-2.913815e-02	1.154991e+01
3.932000e-05	-2.897217e-02	1.135932e+01
3.933000e-05	-2.725271e-02	1.113934e+01
3.934000e-05	-2.715010e-02	1.092931e+01
3.935000e-05	-2.552066e-02	1.075231e+01
3.936000e-05	-2.483150e-02	1.048979e+01
3.937000e-05	-2.532397e-02	1.029781e+01
3.938000e-05	-2.326616e-02	1.011831e+01
3.939000e-05	-2.103378e-02	9.867686e+00
3.940000e-05	-1.883692e-02	9.625125e+00
3.941000e-05	-2.157219e-02	9.391022e+00
3.942000e-05	-2.037461e-02	9.194070e+00
3.943000e-05	-2.050450e-02	8.959993e+00
3.944000e-05	-1.767696e-02	8.737287e+00
3.945000e-05	-1.966196e-02	8.487836e+00
3.946000e-05	-1.821137e-02	8.274629e+00
3.947000e-05	-1.653591e-02	8.041575e+00
3.948000e-05	-1.695759e-02	7.749421e+00
3.949000e-05	-1.568441e-02	7.466266e+00
3.950000e-05	-1.531786e-02	7.254500e+00
3.951000e-05	-1.421365e-02	7.021572e+00
3.952000e-05	-1.394279e-02	6.779811e+00
3.953000e-05	-1.391533e-02	6.483188e+00
3.954000e-05	-1.305100e-02	6.201650e+00
3.955000e-05	-1.274708e-02	6.001044e+00
3.956000e-05	-1.307114e-02	5.667257e+00
3.957000e-05	-1.301256e-02	5.434102e+00
3.958000e-05	-1.228417e-02	5.149888e+00
3.959000e-05	-1.157243e-02	4.861546e+00
3.960000e-05	-1.032363e-02	4.548369e+00
3.961000e-05	-9.861725e-03	4.357186e+00
3.962000e-05	-1.008804e-02	3.991497e+00
3.963000e-05	-1.040785e-02	3.737315e+00
3.964000e-05	-1.089168e-02	3.515181e+00
3.965000e-05	-8.563055e-03	3.169370e+00
3.966000e-05	-8.540754e-03	2.896789e+00
3.967000e-05	-8.594108e-03	2.635049e+00
3.968000e-05	-7.612514e-03	2.316788e+00
3.969000e-05	-7.002949e-03	2.034604e+00
3.970000e-05	-6.114682e-03	1.808894e+00
3.971000e-05	-7.772338e-03	1.504682e+00
3.972000e-05	-6.221255e-03	1.189921e+00
3.973000e-05	-6.615960e-03	8.220017e-01
3.974000e-05	-5.674261e-03	5.904711e-01
3.975000e-05	-5.630918e-03	3.357644e-01
3.976000e-05	-3.782287e-03	4.248783e-04
3.977000e-05	4.558819e-03	-2.731855e-01
3.978000e-05	2.553426e-03	-4.847394e-01
3.979000e-05	-2.109495e-03	-8.205300e-01
3.980000e-05	1.184791e-03	-1.032657e+00
3.981000e-05	-1.220156e-03	-1.327377e+00
3.982000e-05	5.307032e-04	-1.640604e+00
3.983000e-05	1.217272e-02	-1.871210e+00
3.984000e-05	6.008568e-02	-2.052084e+00
3.985000e-05	7.909582e-02	-2.390556e+00
3.986000e-05	-1.082533e-01	-2.780976e+00
3.987000e-05	1.581310e-02	-3.159897e+00
3.988000e-05	-4.651281e-02	-3.370002e+00
3.989000e-05	-2.336240e-02	-3.578952e+00
3.990000e-05	-8.195208e-02	-3.779530e+00
3.991000e-05	2.114627e-01	-3.969503e+00
3.992000e-05	-1.482144e-01	-4.254288e+00
3.993000e-05	7.208555e-02	-4.498447e+00
3.994000e-05	4.408732e-02	-4.758054e+00
3.995000e-05	-1.470821e-01	-5.086818e+00
3.996000e-05	1.825632e-01	-5.381449e+00
3.997000e-05	-1.473543e-01	-5.665789e+00
3.998000e-05	1.130107e-01	-5.948866e+00
3.999000e-05	1.827382e-02	-6.159903e+00
4.000000e-05	-9.054800e-02	-6.527817e+00
4.001000e-05	1.299397e-01	-6.739020e+00
4.002000e-05	-1.299931e-01	-7.056214e+00
4.003000e-05	1.175353e-01	-7.346866e+00
4.004000e-05	-7.149479e-02	-7.590546e+00
4.005000e-05	4.325348e-02	-7.867264e+00
4.006000e-05	5.591769e-02	-8.117867e+00
4.007000e-05	-7.443833e-02	-8.370523e+00
4.008000e-05	1.093416e-01	-8.613549e+00
4.009000e-05	-8.308987e-02	-8.855263e+00
4.010000e-05	7.187558e-02	-9.045313e+00
4.011000e-05	-4.338877e-02	-9.265866e+00
4.012000e-05	4.742952e-02	-9.550498e+00
4.013000e-05	2.493650e-02	-9.729346e+00
4.014000e-05	-1.364244e-02	-9.960451e+00
4.015000e-05	3.156035e-02	-1.015305e+01
4.016000e-05	-2.741087e-02	-1.037360e+01
4.017000e-05	6.292934e-02	-1.058058e+01
4.018000e-05	-3.008779e-02	-1.078098e+01
4.019000e-05	5.369757e-02	-1.095198e+01
4.020000e-05	-1.021016e-02	-1.116100e+01
4.021000e-05	3.207324e-02	-1.135103e+01
4.022000e-05	-1.041789e-02	-1.157158e+01
4.023000e-05	3.412154e-02	-1.178303e+01
4.024000e-05	1.810428e-02	-1.195195e+01
4.025000e-05	1.046941e-02	-1.214997e+01
4.026000e-05	1.676710e-02	-1.234837e+01
4.027000e-05	1.830379e-02	-1.246639e+01
4.028000e-05	3.041333e-02	-1.266523e+01
4.029000e-05	2.544023e-03	-1.279513e+01
4.030000e-05	3.196587e-02	-1.296002e+01
4.031000e-05	1.213951e-02	-1.310991e+01
4.032000e-05	3.168108e-02	-1.329671e+01
4.033000e-05	1.030338e-02	-1.341511e+01
4.034000e-05	3.646028e-02	-1.358047e+01
4.035000e-05	1.979894e-02	-1.368784e+01
4.036000e-05	2.577494e-02	-1.382460e+01
4.037000e-05	2.128267e-02	-1.395049e+01
4.038000e-05	3.260202e-02	-1.409926e+01
4.039000e-05	2.773438e-02	-1.425361e+01
4.040000e-05	2.558479e-02	-1.432782e+01
4.041000e-05	3.229993e-02	-1.441463e+01
4.042000e-05	3.065320e-02	-1.450789e+01
4.043000e-05	3.254637e-02	-1.456255e+01
4.044000e-05	3.193442e-02	-1.463526e+01
4.045000e-05	3.852723e-02	-1.471042e+01
4.046000e-05	3.381493e-02	-1.480413e+01
4.047000e-05	3.424929e-02	-1.486878e+01
4.048000e-05	3.826651e-02	-1.489886e+01
4.049000e-05	4.246983e-02	-1.496292e+01
4.050000e-05	3.967424e-02	-1.505353e+01
4.051000e-05	4.188649e-02	-1.509776e+01
4.052000e-05	4.308547e-02	-1.509729e+01
4.053000e-05	4.650902e-02	-1.512029e+01
4.054000e-05	4.537492e-02	-1.515252e+01
4.055000e-05	4.949193e-02	-1.515347e+01
4.056000e-05	5.148617e-02	-1.516365e+01
4.057000e-05	5.278149e-02	-1.523505e+01
4.058000e-05	5.483786e-02	-1.520668e+01
4.059000e-05	5.611772e-02	-1.521621e+01
4.060000e-05	5.758025e-02	-1.525461e+01
4.061000e-05	5.910728e-02	-1.519563e+01
4.062000e-05	6.382675e-02	-1.518355e+01
4.063000e-05	6.624249e-02	-1.520410e+01
4.064000e-05	6.928590e-02	-1.518099e+01
4.065000e-05	7.276890e-02	-1.515292e+01
4.066000e-05	7.765369e-02	-1.510877e+01
4.067000e-05	8.104205e-02	-1.508668e+01
4.068000e-05	8.739872e-02	-1.498468e+01
4.069000e-05	9.342347e-02	-1.495060e+01
4.070000e-05	9.943047e-02	-1.491979e+01
4.071000e-05	1.007721e-01	-1.484521e+01
4.072000e-05	1.023896e-01	-1.474147e+01
4.073000e-05	1.018750e-01	-1.470829e+01
4.074000e-05	9.890053e-02	-1.461260e+01
4.075000e-05	9.400983e-02	-1.453034e+01
4.076000e-05	8.917856e-02	-1.438457e+01
4.077000e-05	8.307645e-02	-1.435891e+01
4.078000e-05	7.680164e-02	-1.421363e+01
4.079000e-05	7.092348e-02	-1.407724e+01
4.080000e-05	6.613995e-02	-1.395254e+01
4.081000e-05	6.031492e-02	-1.386526e+01
4.082000e-05	5.588821e-02	-1.372986e+01
4.083000e-05	5.332598e-02	-1.358392e+01
4.084000e-05	4.832029e-02	-1.346513e+01
4.085000e-05	4.426995e-02	-1.333789e+01
4.086000e-05	4.057299e-02	-1.319307e+01
4.087000e-05	3.870543e-02	-1.306511e+01
4.088000e-05	3.527899e-02	-1.289838e+01
4.089000e-05	3.436289e-02	-1.277087e+01
4.090000e-05	3.285643e-02	-1.263308e+01
4.091000e-05	3.132632e-02	-1.243618e+01
4.092000e-05	2.760293e-02	-1.228673e+01
4.093000e-05	2.630175e-02	-1.215842e+01
4.094000e-05	2.540446e-02	-1.196036e+01
4.095000e-05	2.382050e-02	-1.179092e+01
4.096000e-05	2.172250e-02	-1.153939e+01
4.097000e-05	2.216944e-02	-1.128779e+01
4.098000e-05	2.077610e-02	-1.108579e+01
4.099000e-05	1.913635e-02	-1.089671e+01
4.100000e-05	1.710796e-02	-1.068839e+01
4.101000e-05	1.779495e-02	-1.051879e+01
4.102000e-05	1.607604e-02	-1.030781e+01
4.103000e-05	1.546538e-02	-1.006571e+01
4.104000e-05	1.419198e-02	-9.886653e+00
4.105000e-05	1.315124e-02	-9.656153e+00
4.106000e-05	1.240246e-02	-9.404578e+00
4.107000e-05	1.038885e-02	-9.189999e+00
4.108000e-05	1.122374e-02	-8.979975e+00
4.109000e-05	8.942515e-03	-8.791390e+00
4.110000e-05	8.519207e-03	-8.505286e+00
4.111000e-05	8.617365e-03	-8.254180e+00
4.112000e-05	9.406020e-03	-8.053580e+00
4.113000e-05	7.342368e-03	-7.790021e+00
4.114000e-05	6.007018e-03	-7.475662e+00
4.115000e-05	5.717140e-03	-7.235627e+00
4.116000e-05	5.386676e-03	-6.991525e+00
4.117000e-05	4.452593e-03	-6.717816e+00
4.118000e-05	4.102067e-03	-6.506735e+00
4.119000e-05	4.181749e-03	-6.224079e+00
4.120000e-05	4.871819e-03	-5.969420e+00
4.121000e-05	3.634471e-03	-5.727342e+00
4.122000e-05	2.389787e-03	-5.444098e+00
4.123000e-05	4.083083e-03	-5.167843e+00
4.124000e-05	1.227229e-03	-4.802529e+00
4.125000e-05	2.755980e-03	-4.517368e+00
4.126000e-05	3.492609e-04	-4.337788e+00
4.127000e-05	2.022286e-03	-4.072658e+00
4.128000e-05	1.026845e-03	-3.808470e+00
4.129000e-05	-8.586415e-04	-3.485184e+00
4.130000e-05	-3.967289e-04	-3.252128e+00
4.131000e-05	-1.487271e-03	-2.905790e+00
4.132000e-05	-6.257342e-04	-2.665682e+00
4.133000e-05	-1.506022e-03	-2.421474e+00
4.134000e-05	-1.226539e-03	-2.084608e+00
4.135000e-05	-3.782966e-03	-1.860995e+00
4.136000e-05	-1.959079e-03	-1.588389e+00
4.137000e-05	-4.452262e-03	-1.219424e+00
4.138000e-05	-3.358332e-03	-9.431882e-01
4.139000e-05	-4.042008e-03	-6.425451e-01
4.140000e-05	-2.830652e-03	-3.463371e-01
4.141000e-05	-4.838791e-03	-5.260671e-02
4.142000e-05	2.993831e-03	2.216099e-01
4.143000e-05	4.758078e-03	4.747382e-01
4.144000e-05	-5.057612e-03	7.468946e-01
4.145000e-05	2.830111e-03	1.020606e+00
4.146000e-05	-5.960306e-03	1.257268e+00
4.147000e-05	8.511615e-04	1.599152e+00
4.148000e-05	-5.322560e-03	1.843784e+00
4.149000e-05	1.910419e-02	2.074162e+00
4.150000e-05	5.783099e-02	2.317372e+00
4.151000e-05	4.708707e-02	2.667339e+00
4.152000e-05	-9.632137e-02	2.950875e+00
4.153000e-05	-1.199173e-02	3.254155e+00
4.154000e-05	-3.529518e-02	3.579949e+00
4.155000e-05	-1.671641e-02	3.811004e+00
4.156000e-05	-6.842884e-02	3.971450e+00
4.157000e-05	9.224921e-02	4.193233e+00
4.158000e-05	3.732672e-02	4.497844e+00
4.159000e-05	-1.445611e-01	4.759494e+00
4.160000e-05	1.815549e-01	5.015158e+00
4.161000e-05	-1.478452e-01	5.391075e+00
4.162000e-05	4.652344e-02	5.633086e+00
4.163000e-05	-7.894856e-03	5.918373e+00
4.164000e-05	-1.464955e-02	6.160525e+00
4.165000e-05	2.535583e-02	6.412707e+00
4.166000e-05	-5.139663e-02	6.688918e+00
4.167000e-05	3.042151e-02	6.959950e+00
4.168000e-05	-3.654974e-02	7.236184e+00
4.169000e-05	-7.489549e-03	7.538322e+00
4.170000e-05	-1.780936e-02	7.802179e+00
4.171000e-05	-9.006772e-03	8.114764e+00
4.172000e-05	3.656921e-02	8.309445e+00
4.173000e-05	-5.114379e-02	8.550473e+00
4.174000e-05	2.384637e-03	8.781449e+00
4.175000e-05	-9.198530e-03	9.013105e+00
4.176000e-05	-2.265894e-02	9.214762e+00
4.177000e-05	-9.438751e-03	9.465234e+00
4.178000e-05	-2.036396e-02	9.678370e+00
4.179000e-05	9.623300e-03	9.939896e+00
4.180000e-05	-3.110295e-02	1.013047e+01
4.181000e-05	-1.740136e-02	1.031094e+01
4.182000e-05	-2.203707e-02	1.052139e+01
4.183000e-05	-3.085626e-03	1.072102e+01
4.184000e-05	-1.644774e-02	1.098050e+01
4.185000e-05	-2.758863e-02	1.111950e+01
4.186000e-05	-2.985038e-03	1.132202e+01
4.187000e-05	-1.961932e-02	1.157092e+01
4.188000e-05	-2.281051e-02	1.176155e+01
4.189000e-05	-2.705931e-02	1.191992e+01
4.190000e-05	-8.301858e-03	1.212947e+01
4.191000e-05	-2.189837e-02	1.226932e+01
4.192000e-05	-2.831137e-02	1.245674e+01
4.193000e-05	-1.849756e-02	1.260568e+01
4.194000e-05	-2.010290e-02	1.275405e+01
4.195000e-05	-2.483273e-02	1.292189e+01
4.196000e-05	-3.106569e-02	1.310081e+01
4.197000e-05	-1.934845e-02	1.322673e+01
4.198000e-05	-2.600399e-02	1.335405e+01
4.199000e-05	-3.080528e-02	1.353950e+01
4.200000e-05	-2.589295e-02	1.364721e+01
4.201000e-05	-2.600533e-02	1.379415e+01
4.202000e-05	-2.922932e-02	1.395085e+01
4.203000e-05	-3.628206e-02	1.406886e+01
4.204000e-05	-2.797298e-02	1.420518e+01
4.205000e-05	-3.295020e-02	1.432197e+01
4.206000e-05	-3.414635e-02	1.444623e+01
4.207000e-05	-3.612169e-02	1.453152e+01
4.208000e-05	-3.459799e-02	1.458415e+01
4.209000e-05	-3.760152e-02	1.472844e+01
4.210000e-05	-4.019140e-02	1.473305e+01
4.211000e-05	-3.658767e-02	1.482621e+01
4.212000e-05	-4.267414e-02	1.492026e+01
4.213000e-05	-4.361574e-02	1.495149e+01
4.214000e-05	-4.617646e-02	1.497302e+01
4.215000e-05	-4.172542e-02	1.504676e+01
4.216000e-05	-4.867109e-02	1.505983e+01
4.217000e-05	-5.005707e-02	1.515045e+01
4.218000e-05	-4.936500e-02	1.517449e+01
4.219000e-05	-5.243016e-02	1.520503e+01
4.220000e-05	-5.425494e-02	1.520515e+01
4.221000e-05	-5.754843e-02	1.523671e+01
4.222000e-05	-5.450497e-02	1.527873e+01
4.223000e-05	-6.075009e-02	1.526881e+01
4.224000e-05	-6.171784e-02	1.527926e+01
4.225000e-05	-6.398038e-02	1.529888e+01
4.226000e-05	-6.568753e-02	1.529679e+01
4.227000e-05	-6.884643e-02	1.527879e+01
4.228000e-05	-7.208039e-02	1.525728e+01
4.229000e-05	-7.221085e-02	1.520716e+01
4.230000e-05	-7.843413e-02	1.520563e+01
4.231000e-05	-8.145988e-02	1.517200e+01
4.232000e-05	-8.723054e-02	1.513192e+01
4.233000e-05	-9.147483e-02	1.505986e+01
4.234000e-05	-9.883028e-02	1.502568e+01
4.235000e-05	-1.029631e-01	1.499307e+01
4.236000e-05	-1.064336e-01	1.494041e+01
4.237000e-05	-1.087485e-01	1.484725e+01
4.238000e-05	-1.084219e-01	1.480107e+01
4.239000e-05	-1.072460e-01	1.468976e+01
4.240000e-05	-1.009704e-01	1.460626e+01
4.241000e-05	-9.761942e-02	1.453944e+01
4.242000e-05	-9.008651e-02	1.441621e+01
4.243000e-05	-8.580292e-02	1.432984e+01
4.244000e-05	-7.902352e-02	1.418357e+01
4.245000e-05	-7.452543e-02	1.405976e+01
4.246000e-05	-6.846220e-02	1.394194e+01
4.247000e-05	-6.503962e-02	1.380613e+01
4.248000e-05	-6.065176e-02	1.363826e+01
4.249000e-05	-5.663795e-02	1.351201e+01
4.250000e-05	-5.301588e-02	1.343408e+01
4.251000e-05	-5.056032e-02	1.327883e+01
4.252000e-05	-4.714599e-02	1.314197e+01
4.253000e-05	-4.475304e-02	1.301500e+01
4.254000e-05	-4.157318e-02	1.287676e+01
4.255000e-05	-4.189209e-02	1.269676e+01
4.256000e-05	-3.792771e-02	1.257990e+01
4.257000e-05	-3.592220e-02	1.241457e+01
4.258000e-05	-3.338099e-02	1.220408e+01
4.259000e-05	-3.485199e-02	1.204573e+01
4.260000e-05	-3.114310e-02	1.185668e+01
4.261000e-05	-3.084207e-02	1.165886e+01
4.262000e-05	-2.903837e-02	1.146621e+01
4.263000e-05	-2.893551e-02	1.129573e+01
4.264000e-05	-2.772393e-02	1.105568e+01
4.265000e-05	-2.594122e-02	1.087726e+01
4.266000e-05	-2.479170e-02	1.064678e+01
4.267000e-05	-2.432000e-02	1.044366e+01
4.268000e-05	-2.412372e-02	1.022510e+01
4.269000e-05	-2.183125e-02	1.004258e+01
4.270000e-05	-2.210009e-02	9.802999e+00
4.271000e-05	-2.119910e-02	9.549916e+00
4.272000e-05	-1.982625e-02	9.319411e+00
4.273000e-05	-1.883169e-02	9.107312e+00
4.274000e-05	-1.958591e-02	8.848731e+00
4.275000e-05	-2.013918e-02	8.685002e+00
4.276000e-05	-1.849692e-02	8.403623e+00
4.277000e-05	-1.785202e-02	8.180970e+00
4.278000e-05	-1.660813e-02	7.896790e+00
4.279000e-05	-1.767465e-02	7.677133e+00
4.280000e-05	-1.548789e-02	7.383026e+00
4.281000e-05	-1.507414e-02	7.138843e+00
4.282000e-05	-1.569670e-02	6.887858e+00
4.283000e-05	-1.429504e-02	6.653177e+00
4.284000e-05	-1.340827e-02	6.409969e+00
4.285000e-05	-1.244901e-02	6.128915e+00
4.286000e-05	-1.363183e-02	5.886112e+00
4.287000e-05	-1.262105e-02	5.642999e+00
4.288000e-05	-1.181357e-02	5.368920e+00
4.289000e-05	-1.201026e-02	4.994649e+00
4.290000e-05	-1.078661e-02	4.757262e+00
4.291000e-05	-1.152385e-02	4.453235e+00
4.292000e-05	-9.425643e-03	4.210996e+00
4.293000e-05	-1.052072e-02	3.915732e+00
4.294000e-05	-1.022700e-02	3.634155e+00
4.295000e-05	-9.288198e-03	3.380445e+00
4.296000e-05	-8.468060e-03	3.104658e+00
4.297000e-05	-8.246139e-03	2.831549e+00
4.298000e-05	-8.738500e-03	2.486787e+00
4.299000e-05	-8.003758e-03	2.271101e+00
4.300000e-05	-7.847938e-03	1.988971e+00
4.301000e-05	-7.589058e-03	1.652703e+00
4.302000e-05	-6.955593e-03	1.418920e+00
4.303000e-05	-6.300878e-03	1.093155e+00
4.304000e-05	-5.890523e-03	7.473646e-01
4.305000e-05	-5.288295e-03	4.841278e-01
4.306000e-05	-4.230492e-03	2.009424e-01
4.307000e-05	-2.172339e-03	-9.368946e-02
4.308000e-05	7.924182e-03	-3.178947e-01
4.309000e-05	-5.231925e-03	-6.000326e-01
4.310000e-05	5.340657e-03	-8.831905e-01
4.311000e-05	-3.076240e-03	-1.115441e+00
4.312000e-05	2.545242e-03	-1.444639e+00
4.313000e-05	-4.482109e-03	-1.655213e+00
4.314000e-05	2.563231e-02	-1.926342e+00
4.315000e-05	8.639739e-02	-2.156896e+00
4.316000e-05	1.178748e-02	-2.516799e+00
4.317000e-05	-8.618104e-02	-2.885271e+00
4.318000e-05	1.470694e-02	-3.271785e+00
4.319000e-05	-4.117513e-02	-3.422659e+00
4.320000e-05	-5.962076e-02	-3.682680e+00
4.321000e-05	1.266793e-02	-3.845334e+00
4.322000e-05	1.675248e-01	-4.073711e+00
4.323000e-05	-2.014265e-01	-4.401025e+00
4.324000e-05	1.942266e-01	-4.581106e+00
4.325000e-05	-1.148784e-01	-4.876417e+00
4.326000e-05	3.946145e-04	-5.171580e+00
4.327000e-05	9.166272e-02	-5.445292e+00
4.328000e-05	-1.329050e-01	-5.800000e+00
4.329000e-05	1.778118e-01	-6.021053e+00
4.330000e-05	-1.025936e-01	-6.287314e+00
4.331000e-05	2.676672e-02	-6.611529e+00
4.332000e-05	4.356941e-02	-6.844710e+00
4.333000e-05	-8.747586e-02	-7.178527e+00
4.334000e-05	1.219621e-01	-7.380980e+00
4.335000e-05	-1.179954e-01	-7.686785e+00
4.336000e-05	1.337551e-01	-7.949900e+00
4.337000e-05	-4.901368e-02	-8.181078e+00
4.338000e-05	1.437204e-02	-8.454207e+00
4.339000e-05	5.050149e-02	-8.716288e+00
4.340000e-05	-6.146158e-02	-8.928970e+00
4.341000e-05	7.401277e-02	-9.137869e+00
4.342000e-05	-6.480571e-02	-9.390050e+00
4.343000e-05	9.549273e-02	-9.594032e+00
4.344000e-05	-3.105292e-02	-9.801583e+00
4.345000e-05	3.375779e-02	-1.003421e+01
4.346000e-05	-1.311623e-02	-1.022476e+01
4.347000e-05	1.647563e-02	-1.048679e+01
4.348000e-05	3.087270e-02	-1.063566e+01
4.349000e-05	-1.076680e-02	-1.083483e+01
4.350000e-05	4.817436e-02	-1.102461e+01
4.351000e-05	-1.250122e-02	-1.123626e+01
4.352000e-05	3.549175e-02	-1.142461e+01
4.353000e-05	-1.725036e-02	-1.162519e+01
4.354000e-05	5.079334e-02	-1.185418e+01
4.355000e-05	-2.012769e-03	-1.203576e+01
4.356000e-05	2.781094e-02	-1.219363e+01
4.357000e-05	3.311184e-03	-1.234155e+01
4.358000e-05	3.399089e-02	-1.255097e+01
4.359000e-05	1.354960e-02	-1.269631e+01
4.360000e-05	1.486772e-02	-1.286734e+01
4.361000e-05	2.402407e-02	-1.299555e+01
4.362000e-05	1.844485e-02	-1.319207e+01
4.363000e-05	2.527841e-02	-1.330989e+01
4.364000e-05	1.460269e-02	-1.348628e+01
4.365000e-05	3.547229e-02	-1.355361e+01
4.366000e-05	1.684154e-02	-1.372895e+01
4.367000e-05	2.824805e-02	-1.387623e+01
4.368000e-05	2.187011e-02	-1.396213e+01
4.369000e-05	3.563297e-02	-1.409037e+01
4.370000e-05	2.277645e-02	-1.427671e+01
4.371000e-05	2.993169e-02	-1.436097e+01
4.372000e-05	3.028271e-02	-1.443618e+01
4.373000e-05	3.228720e-02	-1.452942e+01
4.374000e-05	3.226923e-02	-1.458265e+01
4.375000e-05	3.503821e-02	-1.464732e+01
4.376000e-05	3.709713e-02	-1.477102e+01
4.377000e-05	3.353999e-02	-1.486523e+01
4.378000e-05	3.465402e-02	-1.487976e+01
4.379000e-05	3.875800e-02	-1.491944e+01
4.380000e-05	3.967392e-02	-1.498315e+01
4.381000e-05	4.041732e-02	-1.505466e+01
4.382000e-05	4.357365e-02	-1.506626e+01
4.383000e-05	4.530927e-02	-1.515031e+01
4.384000e-05	4.534075e-02	-1.515037e+01
4.385000e-05	4.661508e-02	-1.515302e+01
4.386000e-05	5.100118e-02	-1.518412e+01
4.387000e-05	5.130437e-02	-1.517460e+01
4.388000e-05	5.245715e-02	-1.518613e+01
4.389000e-05	5.529307e-02	-1.520466e+01
4.390000e-05	5.892179e-02	-1.523615e+01
4.391000e-05	5.732345e-02	-1.518568e+01
4.392000e-05	5.999056e-02	-1.520267e+01
4.393000e-05	6.503259e-02	-1.521258e+01
4.394000e-05	6.740275e-02	-1.515313e+01
4.395000e-05	6.960698e-02	-1.514292e+01
4.396000e-05	7.355703e-02	-1.512092e+01
4.397000e-05	7.967789e-02	-1.508779e+01
4.398000e-05	8.324258e-02	-1.502366e+01
4.399000e-05	8.933241e-02	-1.498402e+01
4.400000e-05	9.499119e-02	-1.496050e+01
4.401000e-05	1.012608e-01	-1.488724e+01
4.402000e-05	1.016117e-01	-1.483413e+01
4.403000e-05	1.025656e-01	-1.471995e+01
4.404000e-05	1.010611e-01	-1.464678e+01
4.405000e-05	9.815030e-02	-1.457098e+01
4.406000e-05	9.121569e-02	-1.448876e+01
4.407000e-05	8.705173e-02	-1.437360e+01
4.408000e-05	8.177987e-02	-1.427779e+01
4.409000e-05	7.454808e-02	-1.415395e+01
4.410000e-05	6.863960e-02	-1.405616e+01
4.411000e-05	6.396278e-02	-1.389992e+01
4.412000e-05	5.913173e-02	-1.381313e+01
4.413000e-05	5.409532e-02	-1.368781e+01
4.414000e-05	5.158788e-02	-1.356139e+01
4.415000e-05	4.770803e-02	-1.340258e+01
4.416000e-05	4.341278e-02	-1.324826e+01
4.417000e-05	3.958451e-02	-1.311944e+01
4.418000e-05	3.625590e-02	-1.300355e+01
4.419000e-05	3.585523e-02	-1.289679e+01
4.420000e-05	3.428236e-02	-1.271726e+01
4.421000e-05	3.183175e-02	-1.257100e+01
4.422000e-05	2.976716e-02	-1.241308e+01
4.423000e-05	2.753435e-02	-1.224258e+01
4.424000e-05	2.621143e-02	-1.207669e+01
4.425000e-05	2.445872e-02	-1.184613e+01
4.426000e-05	2.426519e-02	-1.167616e+01
4.427000e-05	2.226630e-02	-1.150478e+01
4.428000e-05	2.102381e-02	-1.121361e+01
4.429000e-05	1.936557e-02	-1.099410e+01
4.430000e-05	1.915274e-02	-1.082618e+01
4.431000e-05	1.868070e-02	-1.066616e+01
4.432000e-05	1.752293e-02	-1.046566e+01
4.433000e-05	1.503813e-02	-1.023370e+01
4.434000e-05	1.487979e-02	-1.000417e+01
4.435000e-05	1.469645e-02	-9.781529e+00
4.436000e-05	1.252420e-02	-9.612023e+00
4.437000e-05	1.187467e-02	-9.338371e+00
4.438000e-05	1.086603e-02	-9.097837e+00
4.439000e-05	1.102728e-02	-8.916789e+00
4.440000e-05	9.869123e-03	-8.686206e+00
4.441000e-05	8.219711e-03	-8.382529e+00
4.442000e-05	8.140645e-03	-8.198926e+00
4.443000e-05	8.418085e-03	-7.959313e+00
4.444000e-05	6.496382e-03	-7.678258e+00
4.445000e-05	7.357670e-03	-7.413074e+00
4.446000e-05	5.600108e-03	-7.229849e+00
4.447000e-05	5.971696e-03	-6.895365e+00
4.448000e-05	3.850878e-03	-6.675177e+00
4.449000e-05	5.538664e-03	-6.441549e+00
4.450000e-05	2.405635e-03	-6.168016e+00
4.451000e-05	5.045200e-03	-5.903711e+00
4.452000e-05	3.125469e-03	-5.622553e+00
4.453000e-05	3.634493e-03	-5.368915e+00
4.454000e-05	1.849419e-03	-5.063778e+00
4.455000e-05	2.193474e-03	-4.717370e+00
4.456000e-05	1.971711e-03	-4.473628e+00
4.457000e-05	2.495626e-03	-4.273600e+00
4.458000e-05	-1.324390e-04	-3.978923e+00
4.459000e-05	1.466691e-03	-3.674130e+00
4.460000e-05	-9.142615e-04	-3.430079e+00
4.461000e-05	5.984980e-04	-3.167843e+00
4.462000e-05	-3.832313e-03	-2.841554e+00
4.463000e-05	7.066722e-04	-2.577970e+00
4.464000e-05	-2.018577e-03	-2.284756e+00
4.465000e-05	-6.213362e-04	-2.009050e+00
4.466000e-05	-4.285206e-03	-1.705816e+00
4.467000e-05	-1.765423e-03	-1.441100e+00
4.468000e-05	-3.809983e-03	-1.084708e+00
4.469000e-05	-3.783336e-03	-8.615751e-01
4.470000e-05	-4.521413e-03	-5.251845e-01
4.471000e-05	-3.433449e-03	-2.430790e-01
4.472000e-05	-2.638418e-03	3.815649e-06
4.473000e-05	6.598790e-03	3.269659e-01
4.474000e-05	-1.931510e-03	5.809723e-01
4.475000e-05	2.815786e-04	8.005028e-01
4.476000e-05	-1.592913e-03	1.108368e+00
4.477000e-05	-1.965936e-03	1.380480e+00
4.478000e-05	-4.004466e-03	1.695766e+00
4.479000e-05	2.335058e-03	1.957892e+00
4.480000e-05	2.406203e-02	2.178416e+00
4.481000e-05	8.032843e-02	2.431555e+00
4.482000e-05	-1.833039e-02	2.800504e+00
4.483000e-05	-7.000462e-02	3.093214e+00
4.484000e-05	-1.898143e-02	3.338422e+00
4.485000e-05	-1.847916e-02	3.635157e+00
4.486000e-05	-4.985303e-02	3.845235e+00
4.487000e-05	-2.584977e-02	4.051153e+00
4.488000e-05	1.243297e-01	4.288341e+00
4.489000e-05	-7.183082e-02	4.623050e+00
4.490000e-05	-3.219220e-02	4.813655e+00
4.491000e-05	1.200557e-01	5.161476e+00
4.492000e-05	-1.570126e-01	5.455760e+00
4.493000e-05	9.367269e-02	5.707792e+00
4.494000e-05	-5.866785e-02	5.982030e+00
4.495000e-05	2.482386e-02	6.233206e+00
4.496000e-05	-4.691064e-03	6.546945e+00
4.497000e-05	-3.565244e-02	6.793129e+00
4.498000e-05	3.204967e-02	7.044209e+00
4.499000e-05	-5.890016e-02	7.367994e+00
4.500000e-05	1.927802e-02	7.634683e+00
4.501000e-05	-4.490864e-02	7.889862e+00
4.502000e-05	3.318556e-02	8.180079e+00
4.503000e-05	2.817649e-03	8.383130e+00
4.504000e-05	-4.804329e-02	8.613136e+00
4.505000e-05	1.740535e-02	8.845755e+00
4.506000e-05	-3.262426e-02	9.137866e+00
4.507000e-05	2.677406e-03	9.307417e+00
4.508000e-05	-3.715717e-02	9.550917e+00
4.509000e-05	7.653428e-03	9.772034e+00
4.510000e-05	-1.830995e-02	9.994128e+00
4.511000e-05	-1.351502e-02	1.021360e+01
4.512000e-05	-2.465902e-02	1.040461e+01
4.513000e-05	-1.251340e-02	1.061316e+01
4.514000e-05	-5.337193e-03	1.080563e+01
4.515000e-05	-2.972112e-02	1.101408e+01
4.516000e-05	-1.279742e-02	1.121355e+01
4.517000e-05	-1.336364e-02	1.140572e+01
4.518000e-05	-1.075540e-02	1.159471e+01
4.519000e-05	-3.659357e-02	1.177416e+01
4.520000e-05	-1.151955e-02	1.200413e+01
4.521000e-05	-1.735902e-02	1.214302e+01
4.522000e-05	-1.901390e-02	1.231042e+01
4.523000e-05	-2.912240e-02	1.252887e+01
4.524000e-05	-1.596498e-02	1.266629e+01
4.525000e-05	-2.136614e-02	1.284566e+01
4.526000e-05	-3.213476e-02	1.297410e+01
4.527000e-05	-2.301355e-02	1.315147e+01
4.528000e-05	-2.464943e-02	1.329876e+01
4.529000e-05	-2.370713e-02	1.342721e+01
4.530000e-05	-3.734429e-02	1.357302e+01
4.531000e-05	-2.077948e-02	1.370247e+01
4.532000e-05	-2.815661e-02	1.384621e+01
4.533000e-05	-2.879374e-02	1.396260e+01
4.534000e-05	-3.520540e-02	1.416352e+01
4.535000e-05	-3.011452e-02	1.420824e+01
4.536000e-05	-3.332700e-02	1.437300e+01
4.537000e-05	-3.855613e-02	1.449629e+01
4.538000e-05	-3.158159e-02	1.452252e+01
4.539000e-05	-3.902428e-02	1.463683e+01
4.540000e-05	-3.582267e-02	1.474997e+01
4.541000e-05	-4.129930e-02	1.479515e+01
4.542000e-05	-3.627837e-02	1.480774e+01
4.543000e-05	-4.363141e-02	1.491942e+01
4.544000e-05	-4.285151e-02	1.495300e+01
4.545000e-05	-4.570243e-02	1.499260e+01
4.546000e-05	-4.554381e-02	1.504728e+01
4.547000e-05	-4.807704e-02	1.514141e+01
4.548000e-05	-5.144409e-02	1.514147e+01
4.549000e-05	-4.612690e-02	1.519560e+01
4.550000e-05	-5.735935e-02	1.517413e+01
4.551000e-05	-5.279935e-02	1.522710e+01
4.552000e-05	-5.739203e-02	1.524773e+01
4.553000e-05	-5.576658e-02	1.526731e+01
4.554000e-05	-6.003279e-02	1.526776e+01
4.555000e-05	-6.505719e-02	1.527831e+01
4.556000e-05	-6.313266e-02	1.527884e+01
4.557000e-05	-6.922546e-02	1.527824e+01
4.558000e-05	-6.851179e-02	1.524926e+01
4.559000e-05	-7.148101e-02	1.522721e+01
4.560000e-05	-7.344331e-02	1.523715e+01
4.561000e-05	-7.970394e-02	1.524560e+01
4.562000e-05	-8.309971e-02	1.517302e+01
4.563000e-05	-8.735564e-02	1.511047e+01
4.564000e-05	-9.428177e-02	1.505786e+01
4.565000e-05	-1.001569e-01	1.504465e+01
4.566000e-05	-1.045395e-01	1.497099e+01
4.567000e-05	-1.074115e-01	1.492836e+01
4.568000e-05	-1.092608e-01	1.481575e+01
4.569000e-05	-1.070697e-01	1.475147e+01
4.570000e-05	-1.051993e-01	1.466673e+01
4.571000e-05	-9.958213e-02	1.456657e+01
4.572000e-05	-9.565400e-02	1.451931e+01
4.573000e-05	-8.795071e-02	1.437305e+01
4.574000e-05	-8.356313e-02	1.427681e+01
4.575000e-05	-7.701128e-02	1.417194e+01
4.576000e-05	-7.323494e-02	1.403720e+01
4.577000e-05	-6.814064e-02	1.389031e+01
4.578000e-05	-6.385626e-02	1.379357e+01
4.579000e-05	-5.871759e-02	1.365765e+01
4.580000e-05	-5.409585e-02	1.347889e+01
4.581000e-05	-5.135494e-02	1.340205e+01
4.582000e-05	-4.947845e-02	1.325623e+01
4.583000e-05	-4.677659e-02	1.307726e+01
4.584000e-05	-4.350894e-02	1.295999e+01
4.585000e-05	-4.103893e-02	1.276162e+01
4.586000e-05	-4.032137e-02	1.263516e+01
4.587000e-05	-3.816034e-02	1.248786e+01
4.588000e-05	-3.606665e-02	1.235989e+01
4.589000e-05	-3.493302e-02	1.218147e+01
4.590000e-05	-3.288187e-02	1.196210e+01
4.591000e-05	-3.071017e-02	1.180205e+01
4.592000e-05	-2.937699e-02	1.163465e+01
4.593000e-05	-2.973976e-02	1.138252e+01
4.594000e-05	-2.784006e-02	1.118202e+01
4.595000e-05	-2.777611e-02	1.098297e+01
4.596000e-05	-2.587891e-02	1.082463e+01
4.597000e-05	-2.678560e-02	1.060395e+01
4.598000e-05	-2.357612e-02	1.036307e+01
4.599000e-05	-2.310745e-02	1.015042e+01
4.600000e-05	-2.196694e-02	9.929463e+00
4.601000e-05	-2.152820e-02	9.728841e+00
4.602000e-05	-2.094751e-02	9.515210e+00
4.603000e-05	-2.002817e-02	9.295733e+00
4.604000e-05	-2.052858e-02	9.044076e+00
4.605000e-05	-1.911926e-02	8.761392e+00
4.606000e-05	-1.939033e-02	8.550420e+00
4.607000e-05	-1.839643e-02	8.361440e+00
4.608000e-05	-1.928605e-02	8.115783e+00
4.609000e-05	-1.639804e-02	7.824603e+00
4.610000e-05	-1.573986e-02	7.641922e+00
4.611000e-05	-1.502559e-02	7.317813e+00
4.612000e-05	-1.513456e-02	7.065078e+00
4.613000e-05	-1.463477e-02	6.834175e+00
4.614000e-05	-1.383402e-02	6.559971e+00
4.615000e-05	-1.429721e-02	6.296681e+00
4.616000e-05	-1.272542e-02	6.035128e+00
4.617000e-05	-1.333289e-02	5.803524e+00
4.618000e-05	-1.223460e-02	5.556792e+00
4.619000e-05	-1.151060e-02	5.244629e+00
4.620000e-05	-1.201126e-02	4.916835e+00
4.621000e-05	-1.136272e-02	4.672651e+00
4.622000e-05	-1.146967e-02	4.410022e+00
4.623000e-05	-9.218543e-03	4.084261e+00
4.624000e-05	-1.012233e-02	3.841572e+00
4.625000e-05	-1.098391e-02	3.590444e+00
4.626000e-05	-9.071598e-03	3.284134e+00
4.627000e-05	-8.171706e-03	3.000995e+00
4.628000e-05	-9.145652e-03	2.785813e+00
4.629000e-05	-8.879514e-03	2.422023e+00
4.630000e-05	-7.857600e-03	2.136869e+00
4.631000e-05	-5.801635e-03	1.875808e+00
4.632000e-05	-6.373504e-03	1.588416e+00
4.633000e-05	-6.405236e-03	1.315782e+00
4.634000e-05	-5.999944e-03	9.662632e-01
4.635000e-05	-5.769441e-03	6.831278e-01
4.636000e-05	-5.873209e-03	3.904948e-01
4.637000e-05	-3.758321e-03	1.137305e-01
4.638000e-05	1.123213e-04	-1.479000e-01
4.639000e-05	9.321474e-03	-3.905527e-01
4.640000e-05	-7.720277e-03	-7.058434e-01
4.641000e-05	5.958759e-03	-9.489486e-01
4.642000e-05	-4.397930e-03	-1.211630e+00
4.643000e-05	5.073611e-03	-1.557498e+00
4.644000e-05	-4.265673e-04	-1.759945e+00
4.645000e-05	4.045586e-02	-2.009475e+00
4.646000e-05	1.007085e-01	-2.265338e+00
4.647000e-05	-6.448598e-02	-2.643212e+00
4.648000e-05	-3.217995e-02	-2.981130e+00
4.649000e-05	-1.701469e-02	-3.305868e+00
4.650000e-05	-2.322058e-02	-3.507867e+00
4.651000e-05	-9.750439e-02	-3.707902e+00
4.652000e-05	1.391544e-01	-3.937896e+00
4.653000e-05	2.273600e-02	-4.138451e+00
4.654000e-05	-1.038281e-01	-4.464188e+00
4.655000e-05	1.957244e-01	-4.684788e+00
4.656000e-05	-2.018157e-01	-5.001505e+00
4.657000e-05	1.397257e-01	-5.295288e+00
4.658000e-05	-4.166380e-02	-5.599429e+00
4.659000e-05	-2.827659e-02	-5.873762e+00
4.660000e-05	1.431201e-01	-6.065791e+00
4.661000e-05	-1.478141e-01	-6.402555e+00
4.662000e-05	1.214080e-01	-6.685710e+00
4.663000e-05	-6.970278e-02	-6.887918e+00
4.664000e-05	1.766622e-02	-7.233237e+00
4.665000e-05	4.498107e-02	-7.454643e+00
4.666000e-05	-7.202506e-02	-7.772054e+00
4.667000e-05	1.407569e-01	-8.023130e+00
4.668000e-05	-1.062812e-01	-8.276341e+00
4.669000e-05	9.383283e-02	-8.517891e+00
4.670000e-05	-3.375835e-02	-8.762051e+00
4.671000e-05	6.186463e-03	-9.004154e+00
4.672000e-05	2.514244e-02	-9.232053e+00
4.673000e-05	-2.696592e-02	-9.433711e+00
4.674000e-05	8.508391e-02	-9.656216e+00
4.675000e-05	-4.921382e-02	-9.875291e+00
4.676000e-05	5.670606e-02	-1.008734e+01
4.677000e-05	-4.083122e-02	-1.029792e+01
4.678000e-05	5.690603e-02	-1.051939e+01
4.679000e-05	-1.104282e-02	-1.069839e+01
4.680000e-05	2.699071e-02	-1.090692e+01
4.681000e-05	1.864627e-02	-1.106790e+01
4.682000e-05	6.820395e-03	-1.130745e+01
4.683000e-05	1.644473e-02	-1.150831e+01
4.684000e-05	2.307749e-03	-1.168939e+01
4.685000e-05	4.412910e-02	-1.189736e+01
4.686000e-05	-3.428321e-03	-1.206634e+01
4.687000e-05	2.981934e-02	-1.223566e+01
4.688000e-05	3.544046e-03	-1.242471e+01
4.689000e-05	3.952163e-02	-1.261363e+01
4.690000e-05	9.108178e-04	-1.274250e+01
4.691000e-05	2.798902e-02	-1.289844e+01
4.692000e-05	1.568848e-02	-1.307574e+01
4.693000e-05	2.719988e-02	-1.319266e+01
4.694000e-05	1.575409e-02	-1.335195e+01
4.695000e-05	2.574687e-02	-1.350891e+01
4.696000e-05	2.905928e-02	-1.363569e+01
4.697000e-05	1.995672e-02	-1.378105e+01
4.698000e-05	2.565561e-02	-1.387736e+01
4.699000e-05	2.609558e-02	-1.402463e+01
4.700000e-05	3.266358e-02	-1.414255e+01
4.701000e-05	2.239988e-02	-1.428671e+01
4.702000e-05	3.255319e-02	-1.435247e+01
4.703000e-05	2.988696e-02	-1.445881e+01
4.704000e-05	3.386712e-02	-1.453198e+01
4.705000e-05	3.172872e-02	-1.459466e+01
4.706000e-05	3.685936e-02	-1.471937e+01
4.707000e-05	3.510492e-02	-1.477348e+01
4.708000e-05	3.359977e-02	-1.482529e+01
4.709000e-05	3.601156e-02	-1.488781e+01
4.710000e-05	4.051361e-02	-1.493150e+01
4.711000e-05	3.897866e-02	-1.497270e+01
4.712000e-05	4.116022e-02	-1.503618e+01
4.713000e-05	4.411834e-02	-1.506931e+01
4.714000e-05	4.477085e-02	-1.511736e+01
4.715000e-05	4.527003e-02	-1.517149e+01
4.716000e-05	4.780392e-02	-1.516248e+01
4.717000e-05	5.163929e-02	-1.518407e+01
4.718000e-05	5.140803e-02	-1.519310e+01
4.719000e-05	5.341072e-02	-1.521371e+01
4.720000e-05	5.502593e-02	-1.523618e+01
4.721000e-05	5.809333e-02	-1.524612e+01
4.722000e-05	5.772428e-02	-1.521463e+01
4.723000e-05	6.141995e-02	-1.520410e+01
4.724000e-05	6.585515e-02	-1.518157e+01
4.725000e-05	6.883303e-02	-1.516353e+01
4.726000e-05	7.084622e-02	-1.515152e+01
4.727000e-05	7.627552e-02	-1.509944e+01
4.728000e-05	7.987714e-02	-1.509681e+01
4.729000e-05	8.504105e-02	-1.503471e+01
4.730000e-05	9.100209e-02	-1.495250e+01
4.731000e-05	9.774880e-02	-1.491929e+01
4.732000e-05	1.009483e-01	-1.486881e+01
4.733000e-05	1.020584e-01	-1.482313e+01
4.734000e-05	1.034181e-01	-1.470939e+01
4.735000e-05	9.990429e-02	-1.463368e+01
4.736000e-05	9.624857e-02	-1.455044e+01
4.737000e-05	8.942339e-02	-1.446621e+01
4.738000e-05	8.526201e-02	-1.433097e+01
4.739000e-05	7.842337e-02	-1.424518e+01
4.740000e-05	7.268260e-02	-1.415139e+01
4.741000e-05	6.764259e-02	-1.397411e+01
4.742000e-05	6.257663e-02	-1.388778e+01
4.743000e-05	5.773265e-02	-1.377095e+01
4.744000e-05	5.283916e-02	-1.367463e+01
4.745000e-05	5.053370e-02	-1.348676e+01
4.746000e-05	4.508269e-02	-1.338245e+01
4.747000e-05	4.232623e-02	-1.321470e+01
4.748000e-05	3.853772e-02	-1.309576e+01
4.749000e-05	3.666082e-02	-1.296205e+01
4.750000e-05	3.506798e-02	-1.279405e+01
4.751000e-05	3.318516e-02	-1.263518e+01
4.752000e-05	3.075159e-02	-1.249981e+01
4.753000e-05	2.909178e-02	-1.231989e+01
4.754000e-05	2.596137e-02	-1.218252e+01
4.755000e-05	2.624812e-02	-1.203397e+01
4.756000e-05	2.453660e-02	-1.180460e+01
4.757000e-05	2.401725e-02	-1.159415e+01
4.758000e-05	2.000044e-02	-1.138405e+01
4.759000e-05	2.040342e-02	-1.120300e+01
4.760000e-05	1.864446e-02	-1.094000e+01
4.761000e-05	1.965179e-02	-1.079050e+01
4.762000e-05	1.733302e-02	-1.057005e+01
4.763000e-05	1.705365e-02	-1.042100e+01
4.764000e-05	1.498143e-02	-1.012092e+01
4.765000e-05	1.522569e-02	-9.937863e+00
4.766000e-05	1.345423e-02	-9.747914e+00
4.767000e-05	1.229907e-02	-9.507740e+00
4.768000e-05	1.226492e-02	-9.284804e+00
4.769000e-05	1.143312e-02	-9.064104e+00
4.770000e-05	9.832814e-03	-8.843100e+00
4.771000e-05	8.369693e-03	-8.621998e+00
4.772000e-05	8.750816e-03	-8.328837e+00
4.773000e-05	9.120822e-03	-8.107833e+00
4.774000e-05	7.498385e-03	-7.857632e+00
4.775000e-05	6.792303e-03	-7.588517e+00
4.776000e-05	7.221149e-03	-7.327816e+00
4.777000e-05	5.372881e-03	-7.114257e+00
4.778000e-05	4.842127e-03	-6.812633e+00
4.779000e-05	3.594252e-03	-6.560969e+00
4.780000e-05	5.076175e-03	-6.318890e+00
4.781000e-05	2.982390e-03	-6.073607e+00
4.782000e-05	4.535546e-03	-5.791551e+00
4.783000e-05	1.875024e-03	-5.558321e+00
4.784000e-05	4.796033e-03	-5.263103e+00
4.785000e-05	9.489786e-04	-4.961916e+00
4.786000e-05	2.759666e-03	-4.623580e+00
4.787000e-05	7.189616e-04	-4.439521e+00
4.788000e-05	2.614514e-03	-4.118419e+00
4.789000e-05	6.928548e-04	-3.924658e+00
4.790000e-05	4.102486e-04	-3.581000e+00
4.791000e-05	-1.482694e-03	-3.367190e+00
4.792000e-05	-2.356069e-04	-3.062178e+00
4.793000e-05	-1.556537e-03	-2.777296e+00
4.794000e-05	-1.033579e-03	-2.442708e+00
4.795000e-05	-1.346003e-03	-2.209446e+00
4.796000e-05	-1.609534e-03	-1.925288e+00
4.797000e-05	-2.718927e-03	-1.663500e+00
4.798000e-05	-3.384549e-03	-1.325734e+00
4.799000e-05	-3.413177e-03	-1.000975e+00
4.800000e-05	-3.906523e-03	-7.478871e-01
4.801000e-05	-3.846264e-03	-4.184513e-01
4.802000e-05	-5.146026e-03	-1.584159e-01
4.803000e-05	-7.203083e-04	6.531447e-02
4.804000e-05	8.154341e-03	3.915499e-01
4.805000e-05	-5.962433e-03	6.125616e-01
4.806000e-05	4.121366e-03	8.961357e-01
4.807000e-05	-4.914024e-03	1.181599e+00
4.808000e-05	1.110902e-03	1.493758e+00
4.809000e-05	-7.575744e-03	1.742505e+00
4.810000e-05	1.223821e-02	2.009978e+00
4.811000e-05	3.449127e-02	2.252132e+00
4.812000e-05	8.525955e-02	2.498073e+00
4.813000e-05	-7.724336e-02	2.865213e+00
4.814000e-05	-3.186428e-02	3.128949e+00
4.815000e-05	-3.400263e-02	3.445259e+00
4.816000e-05	-4.308075e-03	3.676891e+00
4.817000e-05	-7.715822e-02	3.946817e+00
4.818000e-05	3.278334e-02	4.076918e+00
4.819000e-05	1.125306e-01	4.392104e+00
4.820000e-05	-1.523014e-01	4.685809e+00
4.821000e-05	1.076961e-01	4.885864e+00
4.822000e-05	-1.990485e-02	5.246313e+00
4.823000e-05	-7.205360e-02	5.528425e+00
4.824000e-05	6.582635e-02	5.744679e+00
4.825000e-05	-5.451786e-02	6.027238e+00
4.826000e-05	4.001013e-02	6.338422e+00
4.827000e-05	-3.706546e-02	6.594680e+00
4.828000e-05	-2.758752e-03	6.855763e+00
4.829000e-05	6.037484e-03	7.149024e+00
4.830000e-05	-4.421316e-02	7.487232e+00
4.831000e-05	1.450856e-02	7.720270e+00
4.832000e-05	-4.543804e-02	7.991129e+00
4.833000e-05	4.977342e-02	8.266688e+00
4.834000e-05	-3.138305e-02	8.425286e+00
4.835000e-05	-2.433714e-02	8.686266e+00
4.836000e-05	1.462921e-02	8.918443e+00
4.837000e-05	-4.054861e-02	9.151029e+00
4.838000e-05	8.030377e-03	9.351528e+00
4.839000e-05	-4.177819e-02	9.614705e+00
4.840000e-05	2.530349e-02	9.814282e+00
4.841000e-05	-3.492527e-02	1.003626e+01
4.842000e-05	-1.027930e-02	1.026633e+01
4.843000e-05	-2.942416e-02	1.044829e+01
4.844000e-05	-5.195455e-03	1.069776e+01
4.845000e-05	-7.553870e-03	1.087789e+01
4.846000e-05	-3.383956e-02	1.108621e+01
4.847000e-05	-1.152636e-03	1.129929e+01
4.848000e-05	-2.175684e-02	1.150878e+01
4.849000e-05	-1.090191e-02	1.167889e+01
4.850000e-05	-3.909521e-02	1.186674e+01
4.851000e-05	-3.736196e-03	1.201576e+01
4.852000e-05	-2.301270e-02	1.221663e+01
4.853000e-05	-2.191096e-02	1.238363e+01
4.854000e-05	-2.466033e-02	1.255205e+01
4.855000e-05	-1.688278e-02	1.272989e+01
4.856000e-05	-2.107446e-02	1.282829e+01
4.857000e-05	-3.627380e-02	1.303575e+01
4.858000e-05	-1.841709e-02	1.314465e+01
4.859000e-05	-2.778468e-02	1.334095e+01
4.860000e-05	-2.431824e-02	1.350829e+01
4.861000e-05	-3.346994e-02	1.362713e+01
4.862000e-05	-2.092172e-02	1.376352e+01
4.863000e-05	-3.046369e-02	1.386937e+01
4.864000e-05	-3.431963e-02	1.403773e+01
4.865000e-05	-3.073196e-02	1.414510e+01
4.866000e-05	-3.180303e-02	1.431981e+01
4.867000e-05	-3.175137e-02	1.442508e+01
4.868000e-05	-3.880147e-02	1.447792e+01
4.869000e-05	-3.015169e-02	1.460460e+01
4.870000e-05	-3.907221e-02	1.468826e+01
4.871000e-05	-3.784281e-02	1.475144e+01
4.872000e-05	-3.936499e-02	1.482416e+01
4.873000e-05	-3.914549e-02	1.484684e+01
4.874000e-05	-4.164136e-02	1.491992e+01
4.875000e-05	-4.541904e-02	1.496255e+01
4.876000e-05	-4.274427e-02	1.503523e+01
4.877000e-05	-4.735275e-02	1.506834e+01
4.878000e-05	-4.758922e-02	1.509141e+01
4.879000e-05	-5.196830e-02	1.515207e+01
4.880000e-05	-5.069462e-02	1.518358e+01
4.881000e-05	-5.475530e-02	1.519618e+01
4.882000e-05	-5.520871e-02	1.525571e+01
4.883000e-05	-5.521225e-02	1.524781e+01
4.884000e-05	-5.904731e-02	1.527976e+01
4.885000e-05	-6.092455e-02	1.529784e+01
4.886000e-05	-6.479245e-02	1.530934e+01
4.887000e-05	-6.382826e-02	1.525792e+01
4.888000e-05	-6.877127e-02	1.523879e+01
4.889000e-05	-6.924942e-02	1.526924e+01
4.890000e-05	-7.254644e-02	1.524623e+01
4.891000e-05	-7.626556e-02	1.523576e+01
4.892000e-05	-8.064852e-02	1.520558e+01
4.893000e-05	-8.482498e-02	1.514047e+01
4.894000e-05	-8.887160e-02	1.509989e+01
4.895000e-05	-9.724910e-02	1.505771e+01
4.896000e-05	-1.004995e-01	1.501513e+01
4.897000e-05	-1.053304e-01	1.496107e+01
4.898000e-05	-1.068102e-01	1.484933e+01
4.899000e-05	-1.094173e-01	1.479408e+01
4.900000e-05	-1.077727e-01	1.472994e+01
4.901000e-05	-1.034249e-01	1.463713e+01
4.902000e-05	-9.787672e-02	1.456197e+01
4.903000e-05	-9.205242e-02	1.446628e+01
4.904000e-05	-8.685154e-02	1.434364e+01
4.905000e-05	-8.126625e-02	1.424528e+01
4.906000e-05	-7.619106e-02	1.408039e+01
4.907000e-05	-7.019879e-02	1.402457e+01
4.908000e-05	-6.716175e-02	1.385628e+01
4.909000e-05	-6.073569e-02	1.375099e+01
4.910000e-05	-5.873569e-02	1.360460e+01
4.911000e-05	-5.340237e-02	1.345771e+01
4.912000e-05	-5.121053e-02	1.334094e+01
4.913000e-05	-4.867180e-02	1.320305e+01
4.914000e-05	-4.561488e-02	1.303623e+01
4.915000e-05	-4.296730e-02	1.289878e+01
4.916000e-05	-4.099440e-02	1.274139e+01
4.917000e-05	-3.880677e-02	1.258305e+01
4.918000e-05	-3.727979e-02	1.247575e+01
4.919000e-05	-3.462223e-02	1.225621e+01
4.920000e-05	-3.495017e-02	1.208939e+01
4.921000e-05	-3.203758e-02	1.192943e+01
4.922000e-05	-3.157994e-02	1.176192e+01
4.923000e-05	-2.881741e-02	1.152189e+01
4.924000e-05	-2.897942e-02	1.130141e+01
4.925000e-05	-2.740614e-02	1.114084e+01
4.926000e-05	-2.712103e-02	1.093992e+01
4.927000e-05	-2.623419e-02	1.074944e+01
4.928000e-05	-2.470292e-02	1.050142e+01
4.929000e-05	-2.424995e-02	1.031726e+01
4.930000e-05	-2.249883e-02	1.010831e+01
4.931000e-05	-2.247023e-02	9.904683e+00
4.932000e-05	-2.103018e-02	9.634627e+00
4.933000e-05	-2.109284e-02	9.412602e+00
4.934000e-05	-2.083263e-02	9.232003e+00
4.935000e-05	-1.999420e-02	8.949918e+00
4.936000e-05	-1.964632e-02	8.719832e+00
4.937000e-05	-1.865422e-02	8.506858e+00
4.938000e-05	-1.801871e-02	8.274735e+00
4.939000e-05	-1.734627e-02	8.011600e+00
4.940000e-05	-1.694462e-02	7.780395e+00
4.941000e-05	-1.715923e-02	7.527309e+00
4.942000e-05	-1.619429e-02	7.222654e+00
4.943000e-05	-1.440461e-02	7.031524e+00
4.944000e-05	-1.474103e-02	6.758886e+00
4.945000e-05	-1.363168e-02	6.465859e+00
4.946000e-05	-1.326111e-02	6.243175e+00
4.947000e-05	-1.314458e-02	6.010049e+00
4.948000e-05	-1.274295e-02	5.666434e+00
4.949000e-05	-1.202527e-02	5.443176e+00
4.950000e-05	-1.150368e-02	5.159940e+00
4.951000e-05	-1.208992e-02	4.871649e+00
4.952000e-05	-1.147887e-02	4.558842e+00
4.953000e-05	-1.067312e-02	4.305842e+00
4.954000e-05	-9.518288e-03	4.041022e+00
4.955000e-05	-1.009180e-02	3.727837e+00
4.956000e-05	-9.665197e-03	3.516236e+00
4.957000e-05	-8.605360e-03	3.179395e+00
4.958000e-05	-8.746587e-03	2.865786e+00
4.959000e-05	-8.177473e-03	2.634176e+00
4.960000e-05	-8.188640e-03	2.316315e+00
4.961000e-05	-8.165583e-03	2.103679e+00
4.962000e-05	-6.951018e-03	1.809443e+00
4.963000e-05	-7.236148e-03	1.484783e+00
4.964000e-05	-5.843578e-03	1.240446e+00
4.965000e-05	-5.814710e-03	8.920990e-01
4.966000e-05	-5.605687e-03	5.988463e-01
4.967000e-05	-4.732329e-03	3.252317e-01
4.968000e-05	-3.553184e-03	2.199513e-02
4.969000e-05	3.837047e-03	-2.521866e-01
4.970000e-05	2.842134e-03	-4.832344e-01
4.971000e-05	-2.817801e-03	-7.894526e-01
4.972000e-05	1.844002e-03	-1.042709e+00
4.973000e-05	-1.581658e-03	-1.325371e+00
4.974000e-05	8.789606e-04	-1.630576e+00
4.975000e-05	1.139818e-02	-1.823182e+00
4.976000e-05	5.889242e-02	-2.073109e+00
4.977000e-05	8.180423e-02	-2.369101e+00
4.978000e-05	-1.059557e-01	-2.799995e+00
4.979000e-05	1.253001e-02	-3.147919e+00
4.980000e-05	-4.527324e-02	-3.380974e+00
4.981000e-05	-2.328035e-02	-3.550524e+00
4.982000e-05	-8.421728e-02	-3.861532e+00
4.983000e-05	2.061756e-01	-3.969949e+00
4.984000e-05	-1.346461e-01	-4.254738e+00
4.985000e-05	5.604621e-02	-4.505820e+00
4.986000e-05	5.554125e-02	-4.750473e+00
4.987000e-05	-1.564088e-01	-5.126842e+00
4.988000e-05	1.823800e-01	-5.357924e+00
4.989000e-05	-1.428196e-01	-5.625788e+00
4.990000e-05	1.031307e-01	-5.907343e+00
4.991000e-05	3.180061e-02	-6.151574e+00
4.992000e-05	-9.671199e-02	-6.517866e+00
4.993000e-05	1.299838e-01	-6.727372e+00
4.994000e-05	-1.283087e-01	-7.016131e+00
4.995000e-05	1.097241e-01	-7.287366e+00
4.996000e-05	-6.155030e-02	-7.521450e+00
4.997000e-05	3.507165e-02	-7.835732e+00
4.998000e-05	6.635094e-02	-8.076789e+00
4.999000e-05	-7.978886e-02	-8.328972e+00
