# 260406_15:02:04.726388
t	CH1	CH2
0.000000e+00	-5.278325e-03	3.047720e-01
1.000000e-08	-5.246411e-03	7.116328e-02
2.000000e-08	4.957430e-04	-1.052553e-01
3.000000e-08	2.772758e-03	-2.231503e-01
4.000000e-08	-2.361417e-03	-3.900462e-01
5.000000e-08	1.929795e-03	-5.916186e-01
6.000000e-08	-2.173191e-03	-7.694173e-01
7.000000e-08	-3.843457e-04	-9.269634e-01
8.000000e-08	-1.775480e-03	-1.115232e+00
9.000000e-08	1.228699e-02	-1.255728e+00
1.000000e-07	7.563829e-02	-1.493253e+00
1.100000e-07	1.471183e-02	-1.746307e+00
1.200000e-07	-5.696539e-02	-1.999016e+00
1.300000e-07	-2.462747e-02	-2.194643e+00
1.400000e-07	-9.884715e-02	-2.401020e+00
1.500000e-07	8.972348e-02	-2.411625e+00
1.600000e-07	8.598047e-02	-2.568430e+00
1.700000e-07	-1.642655e-01	-2.780492e+00
1.800000e-07	1.595925e-01	-2.904883e+00
1.900000e-07	-6.092935e-03	-3.094202e+00
2.000000e-07	-1.587601e-01	-3.317281e+00
2.100000e-07	1.578926e-01	-3.474757e+00
2.200000e-07	-3.612567e-02	-3.621020e+00
2.300000e-07	-6.974738e-02	-3.873250e+00
2.400000e-07	1.573175e-01	-3.961094e+00
2.500000e-07	-1.297145e-01	-4.200586e+00
2.600000e-07	6.250923e-02	-4.369424e+00
2.700000e-07	1.934877e-02	-4.495329e+00
2.800000e-07	-8.917604e-02	-4.668832e+00
2.900000e-07	1.304577e-01	-4.854251e+00
3.000000e-07	-7.390371e-02	-4.982694e+00
3.100000e-07	1.924088e-02	-5.191171e+00
3.200000e-07	6.539099e-02	-5.391567e+00
3.300000e-07	-4.274465e-02	-5.582047e+00
3.400000e-07	6.414720e-02	-5.757937e+00
3.500000e-07	-7.942888e-02	-5.906335e+00
3.600000e-07	6.240824e-02	-6.011150e+00
3.700000e-07	2.912347e-02	-6.159559e+00
3.800000e-07	-4.870026e-02	-6.371465e+00
3.900000e-07	9.390022e-02	-6.506858e+00
4.000000e-07	-5.023443e-02	-6.654224e+00
4.100000e-07	3.312506e-02	-6.821070e+00
4.200000e-07	-1.201965e-02	-6.928432e+00
4.300000e-07	1.296321e-02	-7.116855e+00
4.400000e-07	7.288934e-02	-7.183149e+00
4.500000e-07	-5.169145e-02	-7.319464e+00
4.600000e-07	3.638471e-02	-7.403778e+00
4.700000e-07	3.751835e-03	-7.572093e+00
4.800000e-07	3.392319e-02	-7.769116e+00
4.900000e-07	6.054588e-04	-7.875381e+00
5.000000e-07	-3.546222e-03	-8.014674e+00
5.100000e-07	4.955690e-02	-8.148512e+00
5.200000e-07	-1.025621e-02	-8.232648e+00
5.300000e-07	2.679851e-02	-8.328434e+00
5.400000e-07	1.129334e-02	-8.402625e+00
5.500000e-07	3.019041e-02	-8.541010e+00
5.600000e-07	-3.977659e-04	-8.626403e+00
5.700000e-07	8.987714e-03	-8.750515e+00
5.800000e-07	3.627786e-02	-8.854800e+00
5.900000e-07	1.524140e-02	-8.960038e+00
6.000000e-07	1.546426e-02	-9.023723e+00
6.100000e-07	1.292107e-02	-9.106309e+00
6.200000e-07	3.075250e-02	-9.129541e+00
6.300000e-07	1.457063e-02	-9.231751e+00
6.400000e-07	1.724564e-02	-9.308985e+00
6.500000e-07	2.608725e-02	-9.423323e+00
6.600000e-07	2.248909e-02	-9.477281e+00
6.700000e-07	1.643080e-02	-9.559520e+00
6.800000e-07	2.206073e-02	-9.591724e+00
6.900000e-07	3.158506e-02	-9.633804e+00
7.000000e-07	2.046143e-02	-9.687338e+00
7.100000e-07	2.048049e-02	-9.739041e+00
7.200000e-07	2.400440e-02	-9.761598e+00
7.300000e-07	2.895260e-02	-9.834224e+00
7.400000e-07	2.438362e-02	-9.856281e+00
7.500000e-07	2.686840e-02	-9.875302e+00
7.600000e-07	2.832979e-02	-9.927488e+00
7.700000e-07	2.396335e-02	-9.908464e+00
7.800000e-07	2.491323e-02	-9.949945e+00
7.900000e-07	3.049416e-02	-9.979546e+00
8.000000e-07	3.142230e-02	-9.970096e+00
8.100000e-07	2.659484e-02	-9.991549e+00
8.200000e-07	3.098284e-02	-9.971651e+00
8.300000e-07	3.188617e-02	-9.984805e+00
8.400000e-07	3.146861e-02	-1.004280e+01
8.500000e-07	3.000530e-02	-1.001268e+01
8.600000e-07	3.281748e-02	-1.000373e+01
8.700000e-07	3.453344e-02	-9.993225e+00
8.800000e-07	3.374828e-02	-1.001271e+01
8.900000e-07	3.689037e-02	-1.003272e+01
9.000000e-07	3.775852e-02	-1.000312e+01
9.100000e-07	3.641896e-02	-9.960097e+00
9.200000e-07	3.583971e-02	-9.968496e+00
9.300000e-07	4.001874e-02	-9.906410e+00
9.400000e-07	4.279591e-02	-9.896838e+00
9.500000e-07	4.079504e-02	-9.846329e+00
9.600000e-07	4.354811e-02	-9.811700e+00
9.700000e-07	4.615770e-02	-9.700620e+00
9.800000e-07	4.658976e-02	-9.708969e+00
9.900000e-07	4.615835e-02	-9.696851e+00
1.000000e-06	4.936589e-02	-9.633755e+00
1.010000e-06	5.214611e-02	-9.602025e+00
1.020000e-06	5.205311e-02	-9.488541e+00
1.030000e-06	5.335930e-02	-9.453337e+00
1.040000e-06	5.390737e-02	-9.330721e+00
1.050000e-06	5.242892e-02	-9.255861e+00
1.060000e-06	5.267244e-02	-9.191576e+00
1.070000e-06	5.244697e-02	-9.127392e+00
1.080000e-06	5.266222e-02	-9.033308e+00
1.090000e-06	5.196459e-02	-8.920072e+00
1.100000e-06	4.954595e-02	-8.844912e+00
1.110000e-06	4.814476e-02	-8.803079e+00
1.120000e-06	4.465649e-02	-8.756994e+00
1.130000e-06	4.389843e-02	-8.605252e+00
1.140000e-06	4.368050e-02	-8.546960e+00
1.150000e-06	4.205238e-02	-8.382629e+00
1.160000e-06	3.958338e-02	-8.307911e+00
1.170000e-06	3.687912e-02	-8.201202e+00
1.180000e-06	3.575087e-02	-8.098966e+00
1.190000e-06	3.410149e-02	-7.992176e+00
1.200000e-06	3.134623e-02	-7.896390e+00
1.210000e-06	3.031036e-02	-7.750596e+00
1.220000e-06	2.976702e-02	-7.610730e+00
1.230000e-06	2.775135e-02	-7.474261e+00
1.240000e-06	2.663523e-02	-7.319044e+00
1.250000e-06	2.420250e-02	-7.201159e+00
1.260000e-06	2.257072e-02	-7.105838e+00
1.270000e-06	2.198485e-02	-6.938441e+00
1.280000e-06	2.037786e-02	-6.780973e+00
1.290000e-06	2.063031e-02	-6.624284e+00
1.300000e-06	1.835688e-02	-6.507395e+00
1.310000e-06	1.834048e-02	-6.380501e+00
1.320000e-06	1.744257e-02	-6.221752e+00
1.330000e-06	1.570316e-02	-6.034157e+00
1.340000e-06	1.442549e-02	-5.897366e+00
1.350000e-06	1.366451e-02	-5.759475e+00
1.360000e-06	1.294291e-02	-5.602101e+00
1.370000e-06	1.199799e-02	-5.451861e+00
1.380000e-06	1.105445e-02	-5.202736e+00
1.390000e-06	1.129746e-02	-5.096233e+00
1.400000e-06	1.047472e-02	-4.856365e+00
1.410000e-06	9.143109e-03	-4.705788e+00
1.420000e-06	6.963457e-03	-4.517475e+00
1.430000e-06	8.594006e-03	-4.410028e+00
1.440000e-06	6.601869e-03	-4.283284e+00
1.450000e-06	6.587287e-03	-4.074316e+00
1.460000e-06	5.477494e-03	-3.978446e+00
1.470000e-06	6.713632e-03	-3.737502e+00
1.480000e-06	4.417703e-03	-3.578949e+00
1.490000e-06	4.861858e-03	-3.430079e+00
1.500000e-06	2.574991e-03	-3.192603e+00
1.510000e-06	4.434142e-03	-3.073738e+00
1.520000e-06	2.743107e-03	-2.841706e+00
1.530000e-06	3.844595e-03	-2.665291e+00
1.540000e-06	4.374158e-04	-2.426288e+00
1.550000e-06	1.516497e-03	-2.338968e+00
1.560000e-06	1.585594e-03	-2.095818e+00
1.570000e-06	1.445676e-03	-1.937872e+00
1.580000e-06	-1.174092e-03	-1.798474e+00
1.590000e-06	4.497334e-04	-1.610050e+00
1.600000e-06	-2.459883e-04	-1.370498e+00
1.610000e-06	2.165586e-04	-1.115896e+00
1.620000e-06	-3.155983e-03	-9.578723e-01
1.630000e-06	-3.061336e-03	-8.019774e-01
1.640000e-06	-3.551943e-03	-5.714522e-01
1.650000e-06	-2.955615e-03	-3.689724e-01
1.660000e-06	-3.960963e-03	-2.300578e-01
1.670000e-06	-2.554828e-03	-4.213782e-02
1.680000e-06	2.048568e-03	1.262896e-01
1.690000e-06	1.100995e-03	3.564386e-01
1.700000e-06	-4.076459e-03	4.942605e-01
1.710000e-06	-6.356701e-04	6.631281e-01
1.720000e-06	-4.362369e-03	8.120263e-01
1.730000e-06	-2.971886e-03	9.685176e-01
1.740000e-06	-3.648578e-03	1.230548e+00
1.750000e-06	4.974349e-03	1.378414e+00
1.760000e-06	4.211494e-02	1.609499e+00
1.770000e-06	5.125303e-02	1.843125e+00
1.780000e-06	-5.575252e-02	1.982549e+00
1.790000e-06	-3.825079e-02	2.181526e+00
1.800000e-06	-5.471583e-02	2.358544e+00
1.810000e-06	-6.750576e-02	2.495230e+00
1.820000e-06	1.191928e-01	2.643727e+00
1.830000e-06	-4.733072e-04	2.812230e+00
1.840000e-06	-1.232932e-01	2.958995e+00
1.850000e-06	1.588066e-01	3.126363e+00
1.860000e-06	-9.568300e-02	3.378415e+00
1.870000e-06	-5.702627e-02	3.508393e+00
1.880000e-06	1.046764e-01	3.665252e+00
1.890000e-06	-8.401237e-02	3.873153e+00
1.900000e-06	-1.192019e-02	3.990723e+00
1.910000e-06	6.166093e-02	4.202618e+00
1.920000e-06	-6.828048e-02	4.422124e+00
1.930000e-06	1.517065e-02	4.560019e+00
1.940000e-06	-2.265053e-02	4.741466e+00
1.950000e-06	-2.764465e-02	4.888961e+00
1.960000e-06	8.741664e-03	5.189516e+00
1.970000e-06	-2.282817e-02	5.377468e+00
1.980000e-06	1.102830e-02	5.496784e+00
1.990000e-06	-1.290515e-02	5.666679e+00
2.000000e-06	-3.508650e-03	5.853728e+00
2.010000e-06	-3.655814e-02	6.021625e+00
2.020000e-06	-2.701932e-02	6.148963e+00
2.030000e-06	2.497026e-02	6.267886e+00
2.040000e-06	-3.464321e-02	6.391700e+00
2.050000e-06	-5.894946e-03	6.531641e+00
2.060000e-06	-1.471668e-02	6.728493e+00
2.070000e-06	-2.206430e-02	6.896309e+00
2.080000e-06	-1.081003e-02	7.021200e+00
2.090000e-06	-2.588150e-02	7.147440e+00
2.100000e-06	-2.816749e-03	7.243227e+00
2.110000e-06	-1.328250e-02	7.340121e+00
2.120000e-06	-1.896269e-02	7.527991e+00
2.130000e-06	-2.243501e-02	7.685337e+00
2.140000e-06	-1.279366e-02	7.801727e+00
2.150000e-06	-1.512965e-02	7.928916e+00
2.160000e-06	-2.838489e-02	8.105932e+00
2.170000e-06	-1.718384e-02	8.192750e+00
2.180000e-06	-8.587171e-03	8.287389e+00
2.190000e-06	-2.209211e-02	8.372099e+00
2.200000e-06	-2.469893e-02	8.474359e+00
2.210000e-06	-2.053357e-02	8.591523e+00
2.220000e-06	-1.730913e-02	8.655831e+00
2.230000e-06	-2.535378e-02	8.758496e+00
2.240000e-06	-2.430830e-02	8.823130e+00
2.250000e-06	-1.765739e-02	8.891592e+00
2.260000e-06	-2.498506e-02	9.024856e+00
2.270000e-06	-2.381814e-02	9.147496e+00
2.280000e-06	-2.492974e-02	9.222228e+00
2.290000e-06	-2.200136e-02	9.337386e+00
2.300000e-06	-2.861214e-02	9.379645e+00
2.310000e-06	-2.785987e-02	9.434306e+00
2.320000e-06	-2.235057e-02	9.536314e+00
2.330000e-06	-2.644153e-02	9.560044e+00
2.340000e-06	-2.959644e-02	9.620654e+00
2.350000e-06	-2.901313e-02	9.678810e+00
2.360000e-06	-2.582438e-02	9.689538e+00
2.370000e-06	-2.983944e-02	9.773273e+00
2.380000e-06	-3.045871e-02	9.826830e+00
2.390000e-06	-3.029129e-02	9.896913e+00
2.400000e-06	-3.156356e-02	9.887025e+00
2.410000e-06	-3.195132e-02	9.929518e+00
2.420000e-06	-3.083953e-02	9.982124e+00
2.430000e-06	-2.953732e-02	1.000313e+01
2.440000e-06	-3.579981e-02	1.003471e+01
2.450000e-06	-3.733288e-02	1.004373e+01
2.460000e-06	-3.482134e-02	1.006376e+01
2.470000e-06	-3.330333e-02	1.006489e+01
2.480000e-06	-3.685738e-02	1.005543e+01
2.490000e-06	-3.692349e-02	1.004634e+01
2.500000e-06	-3.806104e-02	1.009789e+01
2.510000e-06	-3.928936e-02	1.007631e+01
2.520000e-06	-3.955027e-02	1.007744e+01
2.530000e-06	-4.040647e-02	1.006591e+01
2.540000e-06	-4.047090e-02	1.006679e+01
2.550000e-06	-4.201037e-02	1.005571e+01
2.560000e-06	-4.230659e-02	1.005426e+01
2.570000e-06	-4.353897e-02	1.002481e+01
2.580000e-06	-4.533105e-02	1.001221e+01
2.590000e-06	-4.524513e-02	9.981654e+00
2.600000e-06	-4.663911e-02	9.951100e+00
2.610000e-06	-4.802218e-02	9.919466e+00
2.620000e-06	-5.088579e-02	9.824861e+00
2.630000e-06	-5.054484e-02	9.793732e+00
2.640000e-06	-5.101972e-02	9.711171e+00
2.650000e-06	-5.462725e-02	9.656037e+00
2.660000e-06	-5.763174e-02	9.614832e+00
2.670000e-06	-5.799091e-02	9.570454e+00
2.680000e-06	-5.755557e-02	9.526419e+00
2.690000e-06	-5.853485e-02	9.412760e+00
2.700000e-06	-6.016639e-02	9.341647e+00
2.710000e-06	-6.103740e-02	9.297917e+00
2.720000e-06	-5.988113e-02	9.232809e+00
2.730000e-06	-5.877224e-02	9.201575e+00
2.740000e-06	-5.818180e-02	9.097922e+00
2.750000e-06	-5.818563e-02	8.981054e+00
2.760000e-06	-5.584818e-02	8.856965e+00
2.770000e-06	-5.416940e-02	8.763575e+00
2.780000e-06	-5.288812e-02	8.696897e+00
2.790000e-06	-5.190924e-02	8.613728e+00
2.800000e-06	-4.962005e-02	8.516970e+00
2.810000e-06	-4.607502e-02	8.443136e+00
2.820000e-06	-4.470484e-02	8.379025e+00
2.830000e-06	-4.431775e-02	8.242410e+00
2.840000e-06	-4.141639e-02	8.126893e+00
2.850000e-06	-3.911144e-02	8.022157e+00
2.860000e-06	-3.821517e-02	7.836771e+00
2.870000e-06	-3.818006e-02	7.751052e+00
2.880000e-06	-3.607599e-02	7.684287e+00
2.890000e-06	-3.383046e-02	7.539426e+00
2.900000e-06	-3.204679e-02	7.338229e+00
2.910000e-06	-3.212829e-02	7.192231e+00
2.920000e-06	-2.970551e-02	7.095791e+00
2.930000e-06	-2.861946e-02	6.959076e+00
2.940000e-06	-2.701783e-02	6.812179e+00
2.950000e-06	-2.778823e-02	6.705441e+00
2.960000e-06	-2.516962e-02	6.526474e+00
2.970000e-06	-2.407894e-02	6.351500e+00
2.980000e-06	-2.295157e-02	6.222128e+00
2.990000e-06	-2.316285e-02	6.054840e+00
3.000000e-06	-2.299121e-02	5.960029e+00
3.010000e-06	-1.996972e-02	5.800606e+00
3.020000e-06	-2.019287e-02	5.622076e+00
3.030000e-06	-2.040683e-02	5.463259e+00
3.040000e-06	-2.010793e-02	5.315367e+00
3.050000e-06	-1.864104e-02	5.085340e+00
3.060000e-06	-1.718816e-02	4.855794e+00
3.070000e-06	-1.735961e-02	4.746472e+00
3.080000e-06	-1.724884e-02	4.549501e+00
3.090000e-06	-1.595127e-02	4.391557e+00
3.100000e-06	-1.486263e-02	4.261816e+00
3.110000e-06	-1.497152e-02	4.022213e+00
3.120000e-06	-1.462627e-02	3.865842e+00
3.130000e-06	-1.332953e-02	3.706271e+00
3.140000e-06	-1.216342e-02	3.597049e+00
3.150000e-06	-1.193176e-02	3.369629e+00
3.160000e-06	-1.212103e-02	3.199975e+00
3.170000e-06	-1.125191e-02	3.032613e+00
3.180000e-06	-1.046704e-02	2.853688e+00
3.190000e-06	-1.006041e-02	2.726272e+00
3.200000e-06	-1.069553e-02	2.443690e+00
3.210000e-06	-1.025448e-02	2.275318e+00
3.220000e-06	-8.527109e-03	2.067245e+00
3.230000e-06	-7.845416e-03	1.968976e+00
3.240000e-06	-8.064608e-03	1.758000e+00
3.250000e-06	-8.368795e-03	1.547379e+00
3.260000e-06	-6.668834e-03	1.357405e+00
3.270000e-06	-6.159606e-03	1.188478e+00
3.280000e-06	-7.315674e-03	8.974249e-01
3.290000e-06	-6.360335e-03	7.573485e-01
3.300000e-06	-5.273422e-03	5.694501e-01
3.310000e-06	-4.755946e-03	4.000040e-01
3.320000e-06	-4.949640e-03	1.919316e-01
3.330000e-06	-4.549097e-03	-8.945997e-03
3.340000e-06	2.585150e-03	-1.684144e-01
3.350000e-06	4.981714e-04	-3.189420e-01
3.360000e-06	-8.302450e-04	-4.867043e-01
3.370000e-06	-2.582907e-04	-6.957517e-01
3.380000e-06	-7.735358e-04	-8.732551e-01
3.390000e-06	-1.605153e-04	-1.009047e+00
3.400000e-06	3.712665e-03	-1.169939e+00
3.410000e-06	2.973417e-02	-1.367388e+00
3.420000e-06	8.517829e-02	-1.570017e+00
3.430000e-06	-5.319992e-02	-1.842173e+00
3.440000e-06	-1.897530e-02	-2.076299e+00
3.450000e-06	-6.774899e-02	-2.335310e+00
3.460000e-06	-5.509505e-02	-2.411651e+00
3.470000e-06	1.671837e-01	-2.433128e+00
3.480000e-06	-6.826068e-02	-2.621649e+00
3.490000e-06	-6.427444e-02	-2.844755e+00
3.500000e-06	1.738863e-01	-2.959063e+00
3.510000e-06	-1.657625e-01	-3.201567e+00
3.520000e-06	4.587445e-03	-3.404073e+00
3.530000e-06	1.377635e-01	-3.526912e+00
3.540000e-06	-1.436105e-01	-3.718406e+00
3.550000e-06	8.964036e-02	-3.946913e+00
3.560000e-06	4.952184e-02	-4.064727e+00
3.570000e-06	-1.068774e-01	-4.295308e+00
3.580000e-06	1.236212e-01	-4.372574e+00
3.590000e-06	-9.745284e-02	-4.571095e+00
3.600000e-06	3.451791e-02	-4.805143e+00
3.610000e-06	7.357537e-02	-4.915881e+00
3.620000e-06	-1.003563e-01	-5.115982e+00
3.630000e-06	1.065635e-01	-5.307329e+00
3.640000e-06	-2.537517e-02	-5.527930e+00
3.650000e-06	2.260183e-02	-5.665257e+00
3.660000e-06	4.744236e-03	-5.791198e+00
3.670000e-06	-5.610973e-02	-5.960017e+00
3.680000e-06	1.067779e-01	-6.116354e+00
3.690000e-06	-5.732608e-02	-6.305824e+00
3.700000e-06	3.922722e-02	-6.443200e+00
3.710000e-06	3.647616e-02	-6.570091e+00
3.720000e-06	-3.980166e-02	-6.758465e+00
3.730000e-06	4.880639e-02	-6.823700e+00
3.740000e-06	-4.437637e-02	-6.992720e+00
3.750000e-06	7.796541e-02	-7.168970e+00
3.760000e-06	2.754118e-03	-7.255307e+00
3.770000e-06	-1.837686e-02	-7.392128e+00
3.780000e-06	3.476318e-02	-7.476391e+00
3.790000e-06	7.408219e-04	-7.625477e+00
3.800000e-06	3.995703e-02	-7.755120e+00
3.810000e-06	-2.241260e-02	-7.966987e+00
3.820000e-06	3.634317e-02	-8.055254e+00
3.830000e-06	1.938219e-02	-8.180494e+00
3.840000e-06	-1.559092e-05	-8.275329e+00
3.850000e-06	2.650040e-02	-8.368568e+00
3.860000e-06	1.485638e-02	-8.455831e+00
3.870000e-06	2.419139e-02	-8.552215e+00
3.880000e-06	-9.743149e-03	-8.678335e+00
3.890000e-06	3.069034e-02	-8.790647e+00
3.900000e-06	2.780178e-02	-8.878355e+00
3.910000e-06	1.376401e-02	-8.951169e+00
3.920000e-06	1.297840e-02	-9.035251e+00
3.930000e-06	1.970643e-02	-9.106963e+00
3.940000e-06	2.802806e-02	-9.152121e+00
3.950000e-06	9.921700e-03	-9.234677e+00
3.960000e-06	2.351004e-02	-9.330113e+00
3.970000e-06	2.534224e-02	-9.415801e+00
3.980000e-06	2.043020e-02	-9.487415e+00
3.990000e-06	1.616514e-02	-9.580040e+00
4.000000e-06	2.639478e-02	-9.644199e+00
4.010000e-06	2.741617e-02	-9.655383e+00
4.020000e-06	1.951683e-02	-9.728039e+00
4.030000e-06	2.317873e-02	-9.710618e+00
4.040000e-06	2.526198e-02	-9.803247e+00
4.050000e-06	2.721493e-02	-9.834779e+00
4.060000e-06	2.435941e-02	-9.835781e+00
4.070000e-06	2.944309e-02	-9.877835e+00
4.080000e-06	2.632971e-02	-9.928362e+00
4.090000e-06	2.279591e-02	-9.938919e+00
4.100000e-06	2.815304e-02	-9.942570e+00
4.110000e-06	3.251482e-02	-9.972547e+00
4.120000e-06	2.899254e-02	-1.000212e+01
4.130000e-06	2.710859e-02	-1.002118e+01
4.140000e-06	3.194582e-02	-1.001220e+01
4.150000e-06	3.300308e-02	-9.983854e+00
4.160000e-06	3.035336e-02	-1.001466e+01
4.170000e-06	3.022798e-02	-1.003268e+01
4.180000e-06	3.506201e-02	-1.000263e+01
4.190000e-06	3.473935e-02	-1.004478e+01
4.200000e-06	3.412252e-02	-1.002470e+01
4.210000e-06	3.647398e-02	-1.001163e+01
4.220000e-06	3.814745e-02	-1.000110e+01
4.230000e-06	3.703385e-02	-9.959992e+00
4.240000e-06	3.730536e-02	-9.928465e+00
4.250000e-06	4.084898e-02	-9.907363e+00
4.260000e-06	4.232569e-02	-9.876834e+00
4.270000e-06	4.339014e-02	-9.812730e+00
4.280000e-06	4.412695e-02	-9.772647e+00
4.290000e-06	4.425767e-02	-9.721569e+00
4.300000e-06	4.605829e-02	-9.706414e+00
4.310000e-06	4.806438e-02	-9.656331e+00
4.320000e-06	5.090052e-02	-9.613181e+00
4.330000e-06	5.123915e-02	-9.572599e+00
4.340000e-06	5.166011e-02	-9.516911e+00
4.350000e-06	5.428641e-02	-9.415327e+00
4.360000e-06	5.308288e-02	-9.331090e+00
4.370000e-06	5.257065e-02	-9.234780e+00
4.380000e-06	5.162662e-02	-9.170072e+00
4.390000e-06	5.337289e-02	-9.087311e+00
4.400000e-06	5.284591e-02	-8.984177e+00
4.410000e-06	4.945886e-02	-8.948011e+00
4.420000e-06	4.765834e-02	-8.864202e+00
4.430000e-06	4.618287e-02	-8.770053e+00
4.440000e-06	4.561782e-02	-8.698390e+00
4.450000e-06	4.277142e-02	-8.561722e+00
4.460000e-06	4.296265e-02	-8.464887e+00
4.470000e-06	4.055658e-02	-8.369447e+00
4.480000e-06	3.888107e-02	-8.276860e+00
4.490000e-06	3.571242e-02	-8.136699e+00
4.500000e-06	3.432851e-02	-8.085263e+00
4.510000e-06	3.281247e-02	-7.971625e+00
4.520000e-06	3.178984e-02	-7.804353e+00
4.530000e-06	3.095029e-02	-7.635833e+00
4.540000e-06	2.794357e-02	-7.520016e+00
4.550000e-06	2.644653e-02	-7.402204e+00
4.560000e-06	2.629615e-02	-7.275790e+00
4.570000e-06	2.435961e-02	-7.148995e+00
4.580000e-06	2.219619e-02	-7.031733e+00
4.590000e-06	2.082715e-02	-6.814207e+00
4.600000e-06	2.165463e-02	-6.746944e+00
4.610000e-06	1.987936e-02	-6.581130e+00
4.620000e-06	1.723448e-02	-6.424235e+00
4.630000e-06	1.727212e-02	-6.357894e+00
4.640000e-06	1.710746e-02	-6.088544e+00
4.650000e-06	1.614042e-02	-5.961449e+00
4.660000e-06	1.378004e-02	-5.843234e+00
4.670000e-06	1.271430e-02	-5.707315e+00
4.680000e-06	1.266908e-02	-5.547471e+00
4.690000e-06	1.175530e-02	-5.358400e+00
4.700000e-06	1.065478e-02	-5.169974e+00
4.710000e-06	1.036435e-02	-4.980578e+00
4.720000e-06	8.532613e-03	-4.812024e+00
4.730000e-06	9.604033e-03	-4.621079e+00
4.740000e-06	7.766791e-03	-4.472243e+00
4.750000e-06	7.410036e-03	-4.357421e+00
4.760000e-06	5.177272e-03	-4.190020e+00
4.770000e-06	8.345939e-03	-4.011130e+00
4.780000e-06	5.003131e-03	-3.824289e+00
4.790000e-06	5.451482e-03	-3.652060e+00
4.800000e-06	3.449742e-03	-3.485967e+00
4.810000e-06	5.986879e-03	-3.326892e+00
4.820000e-06	3.773152e-03	-3.159324e+00
4.830000e-06	2.208619e-03	-2.947497e+00
4.840000e-06	2.084250e-03	-2.777925e+00
4.850000e-06	2.385350e-03	-2.651505e+00
4.860000e-06	2.537261e-03	-2.441031e+00
4.870000e-06	6.656911e-04	-2.282614e+00
4.880000e-06	1.588132e-03	-2.013683e+00
4.890000e-06	-2.239707e-04	-1.873684e+00
4.900000e-06	-9.068274e-05	-1.664718e+00
4.910000e-06	-3.341033e-04	-1.534314e+00
4.920000e-06	-1.353714e-03	-1.253153e+00
4.930000e-06	-1.824650e-03	-1.062687e+00
4.940000e-06	-1.254052e-04	-8.947591e-01
4.950000e-06	-3.272893e-03	-6.943720e-01
4.960000e-06	-3.684094e-03	-4.557120e-01
4.970000e-06	-3.776072e-03	-3.137695e-01
4.980000e-06	-3.169702e-03	-1.663195e-01
4.990000e-06	-1.599913e-03	2.522513e-03
5.000000e-06	2.701546e-03	2.700238e-01
5.010000e-06	-2.396994e-03	4.005701e-01
5.020000e-06	1.023566e-03	5.884460e-01
5.030000e-06	-3.815498e-03	7.478870e-01
5.040000e-06	-4.170894e-03	8.863044e-01
5.050000e-06	-5.206757e-03	1.073761e+00
5.060000e-06	1.403729e-03	1.295256e+00
5.070000e-06	1.423878e-02	1.433230e+00
5.080000e-06	6.387084e-02	1.723384e+00
5.090000e-06	-1.812345e-03	1.895866e+00
5.100000e-06	-5.615956e-02	2.096782e+00
5.110000e-06	-3.511601e-02	2.274804e+00
5.120000e-06	-7.519091e-02	2.421077e+00
5.130000e-06	-8.196986e-03	2.508442e+00
5.140000e-06	1.458821e-01	2.768918e+00
5.150000e-06	-1.385557e-01	2.935787e+00
5.160000e-06	3.643309e-02	3.021625e+00
5.170000e-06	8.229247e-02	3.200120e+00
5.180000e-06	-1.419334e-01	3.433778e+00
5.190000e-06	4.830222e-02	3.590021e+00
5.200000e-06	4.577443e-02	3.709890e+00
5.210000e-06	-1.162040e-01	3.967437e+00
5.220000e-06	7.599127e-02	4.105781e+00
5.230000e-06	-1.485122e-02	4.287888e+00
5.240000e-06	-3.895372e-02	4.474229e+00
5.250000e-06	1.911172e-02	4.673804e+00
5.260000e-06	-5.098333e-02	4.834528e+00
5.270000e-06	1.022732e-02	5.053093e+00
5.280000e-06	-1.515749e-02	5.252752e+00
5.290000e-06	-3.638343e-03	5.422675e+00
5.300000e-06	-1.543862e-03	5.549022e+00
5.310000e-06	-5.650601e-03	5.749463e+00
5.320000e-06	-1.504024e-02	5.878963e+00
5.330000e-06	-4.430845e-02	6.054278e+00
5.340000e-06	3.670518e-03	6.191627e+00
5.350000e-06	5.920140e-03	6.328917e+00
5.360000e-06	-3.272166e-02	6.454306e+00
5.370000e-06	-2.157012e-04	6.634723e+00
5.380000e-06	-2.610650e-02	6.779649e+00
5.390000e-06	-1.379326e-02	6.929968e+00
5.400000e-06	-1.559602e-02	7.053228e+00
5.410000e-06	-2.281343e-02	7.190020e+00
5.420000e-06	2.669559e-03	7.274333e+00
5.430000e-06	-2.565150e-02	7.486275e+00
5.440000e-06	-1.386944e-02	7.563224e+00
5.450000e-06	-2.362430e-02	7.728386e+00
5.460000e-06	-7.293550e-03	7.833960e+00
5.470000e-06	-2.438501e-02	7.984144e+00
5.480000e-06	-2.731599e-02	8.139443e+00
5.490000e-06	-7.548322e-03	8.223753e+00
5.500000e-06	-1.791507e-02	8.340493e+00
5.510000e-06	-2.102105e-02	8.433256e+00
5.520000e-06	-2.582763e-02	8.517891e+00
5.530000e-06	-1.475752e-02	8.582677e+00
5.540000e-06	-2.500106e-02	8.707440e+00
5.550000e-06	-2.499631e-02	8.790072e+00
5.560000e-06	-1.953095e-02	8.864907e+00
5.570000e-06	-2.006305e-02	9.003377e+00
5.580000e-06	-2.484824e-02	9.106458e+00
5.590000e-06	-2.565139e-02	9.182100e+00
5.600000e-06	-1.950125e-02	9.265258e+00
5.610000e-06	-2.657877e-02	9.318944e+00
5.620000e-06	-3.056890e-02	9.391674e+00
5.630000e-06	-2.531367e-02	9.454759e+00
5.640000e-06	-2.077405e-02	9.528468e+00
5.650000e-06	-2.765161e-02	9.559547e+00
5.660000e-06	-3.003621e-02	9.612682e+00
5.670000e-06	-2.817607e-02	9.687389e+00
5.680000e-06	-2.885449e-02	9.762590e+00
5.690000e-06	-2.957628e-02	9.813348e+00
5.700000e-06	-3.044626e-02	9.864837e+00
5.710000e-06	-3.012284e-02	9.868466e+00
5.720000e-06	-3.361404e-02	9.919023e+00
5.730000e-06	-3.012847e-02	9.929600e+00
5.740000e-06	-3.243609e-02	1.001315e+01
5.750000e-06	-3.348676e-02	9.992679e+00
5.760000e-06	-3.699643e-02	1.003278e+01
5.770000e-06	-3.485294e-02	1.002421e+01
5.780000e-06	-3.366981e-02	1.003633e+01
5.790000e-06	-3.719389e-02	1.008526e+01
5.800000e-06	-3.679354e-02	1.005788e+01
5.810000e-06	-3.744907e-02	1.006646e+01
5.820000e-06	-3.822867e-02	1.006791e+01
5.830000e-06	-4.223593e-02	1.005696e+01
5.840000e-06	-4.028330e-02	1.008641e+01
5.850000e-06	-3.958822e-02	1.006436e+01
5.860000e-06	-4.059514e-02	1.004533e+01
5.870000e-06	-4.321437e-02	1.005384e+01
5.880000e-06	-4.311625e-02	1.003631e+01
5.890000e-06	-4.325107e-02	1.004371e+01
5.900000e-06	-4.569277e-02	9.991677e+00
5.910000e-06	-4.661542e-02	9.963078e+00
5.920000e-06	-4.804890e-02	9.937996e+00
5.930000e-06	-4.995279e-02	9.907939e+00
5.940000e-06	-4.835139e-02	9.814863e+00
5.950000e-06	-5.143512e-02	9.782248e+00
5.960000e-06	-5.287078e-02	9.707968e+00
5.970000e-06	-5.809557e-02	9.673762e+00
5.980000e-06	-5.588977e-02	9.561651e+00
5.990000e-06	-5.836088e-02	9.529944e+00
6.000000e-06	-5.835926e-02	9.474861e+00
6.010000e-06	-5.978847e-02	9.414182e+00
6.020000e-06	-5.886579e-02	9.388497e+00
6.030000e-06	-6.030721e-02	9.295765e+00
6.040000e-06	-6.007419e-02	9.232681e+00
6.050000e-06	-5.907317e-02	9.166025e+00
6.060000e-06	-5.760866e-02	9.054838e+00
6.070000e-06	-5.638442e-02	8.930094e+00
6.080000e-06	-5.567914e-02	8.844334e+00
6.090000e-06	-5.433263e-02	8.741474e+00
6.100000e-06	-5.142023e-02	8.634811e+00
6.110000e-06	-5.011912e-02	8.582078e+00
6.120000e-06	-4.805469e-02	8.464341e+00
6.130000e-06	-4.712257e-02	8.393129e+00
6.140000e-06	-4.373460e-02	8.327468e+00
6.150000e-06	-4.267401e-02	8.132154e+00
6.160000e-06	-4.022666e-02	8.086212e+00
6.170000e-06	-4.061955e-02	7.961074e+00
6.180000e-06	-3.774769e-02	7.832784e+00
6.190000e-06	-3.687089e-02	7.707421e+00
6.200000e-06	-3.457980e-02	7.602181e+00
6.210000e-06	-3.397262e-02	7.436735e+00
6.220000e-06	-3.194746e-02	7.256419e+00
6.230000e-06	-2.975950e-02	7.180078e+00
6.240000e-06	-2.864919e-02	7.023155e+00
6.250000e-06	-2.955116e-02	6.895817e+00
6.260000e-06	-2.815703e-02	6.770530e+00
6.270000e-06	-2.574378e-02	6.601788e+00
6.280000e-06	-2.485958e-02	6.401738e+00
6.290000e-06	-2.428194e-02	6.266344e+00
6.300000e-06	-2.339325e-02	6.139025e+00
6.310000e-06	-2.235384e-02	6.001610e+00
6.320000e-06	-2.237349e-02	5.897396e+00
6.330000e-06	-2.213559e-02	5.655316e+00
6.340000e-06	-1.983058e-02	5.537422e+00
6.350000e-06	-1.992999e-02	5.378979e+00
6.360000e-06	-1.876194e-02	5.210179e+00
6.370000e-06	-1.948713e-02	4.991086e+00
6.380000e-06	-1.628882e-02	4.831605e+00
6.390000e-06	-1.660084e-02	4.633188e+00
6.400000e-06	-1.720260e-02	4.475817e+00
6.410000e-06	-1.560475e-02	4.360001e+00
6.420000e-06	-1.398660e-02	4.105881e+00
6.430000e-06	-1.431254e-02	3.949499e+00
6.440000e-06	-1.428642e-02	3.821556e+00
6.450000e-06	-1.368919e-02	3.632712e+00
6.460000e-06	-1.172778e-02	3.476895e+00
6.470000e-06	-1.191259e-02	3.273273e+00
6.480000e-06	-1.155348e-02	3.137397e+00
6.490000e-06	-1.165264e-02	2.949404e+00
6.500000e-06	-1.144031e-02	2.801084e+00
6.510000e-06	-1.108928e-02	2.592087e+00
6.520000e-06	-8.802051e-03	2.358477e+00
6.530000e-06	-9.337707e-03	2.211083e+00
6.540000e-06	-9.428154e-03	2.032584e+00
6.550000e-06	-1.025240e-02	1.864716e+00
6.560000e-06	-6.802076e-03	1.655139e+00
6.570000e-06	-6.695296e-03	1.473168e+00
6.580000e-06	-6.727115e-03	1.284768e+00
6.590000e-06	-7.560052e-03	1.073693e+00
6.600000e-06	-5.842050e-03	8.522394e-01
6.610000e-06	-5.607950e-03	6.421418e-01
6.620000e-06	-6.217633e-03	4.742168e-01
6.630000e-06	-5.316335e-03	3.262760e-01
6.640000e-06	-4.735720e-03	1.366983e-01
6.650000e-06	3.578520e-04	-1.132065e-01
6.660000e-06	3.227661e-03	-2.436003e-01
6.670000e-06	-2.375695e-03	-4.104460e-01
6.680000e-06	8.927176e-04	-6.209109e-01
6.690000e-06	-1.968185e-03	-8.194462e-01
6.700000e-06	-2.684258e-04	-9.368832e-01
6.710000e-06	-8.843574e-04	-1.065182e+00
6.720000e-06	9.916556e-03	-1.265075e+00
6.730000e-06	6.607510e-02	-1.474805e+00
6.740000e-06	3.460178e-02	-1.665849e+00
6.750000e-06	-6.471520e-02	-1.957888e+00
6.760000e-06	-1.734163e-02	-2.233116e+00
6.770000e-06	-9.729541e-02	-2.379470e+00
6.780000e-06	5.843600e-02	-2.431177e+00
6.790000e-06	1.201984e-01	-2.547781e+00
6.800000e-06	-1.732291e-01	-2.738989e+00
6.810000e-06	1.223061e-01	-2.887856e+00
6.820000e-06	4.947071e-02	-3.032794e+00
6.830000e-06	-1.724393e-01	-3.336306e+00
6.840000e-06	1.388845e-01	-3.455100e+00
6.850000e-06	5.089443e-03	-3.582066e+00
6.860000e-06	-1.032108e-01	-3.844538e+00
6.870000e-06	1.675794e-01	-3.971596e+00
6.880000e-06	-1.052911e-01	-4.179535e+00
6.890000e-06	2.522200e-02	-4.357469e+00
6.900000e-06	5.406740e-02	-4.485728e+00
6.910000e-06	-1.083666e-01	-4.715858e+00
6.920000e-06	1.240314e-01	-4.854656e+00
6.930000e-06	-4.928138e-02	-5.012065e+00
6.940000e-06	-1.006801e-02	-5.209544e+00
6.950000e-06	8.711829e-02	-5.411112e+00
6.960000e-06	-5.198222e-02	-5.581619e+00
6.970000e-06	6.601398e-02	-5.740015e+00
6.980000e-06	-6.947076e-02	-5.885282e+00
6.990000e-06	3.644090e-02	-6.013648e+00
7.000000e-06	5.293105e-02	-6.150485e+00
7.010000e-06	-6.326928e-02	-6.377564e+00
7.020000e-06	9.598235e-02	-6.464857e+00
7.030000e-06	-3.818705e-02	-6.622724e+00
7.040000e-06	1.816463e-02	-6.799094e+00
7.050000e-06	2.333297e-03	-6.826804e+00
7.060000e-06	-6.209230e-03	-6.995879e+00
7.070000e-06	8.351752e-02	-7.212624e+00
7.080000e-06	-4.858486e-02	-7.358465e+00
7.090000e-06	2.821829e-02	-7.454829e+00
7.100000e-06	8.234120e-03	-7.572040e+00
7.110000e-06	2.758213e-02	-7.707957e+00
7.120000e-06	1.114155e-02	-7.825824e+00
7.130000e-06	-1.355012e-02	-8.022697e+00
7.140000e-06	5.225229e-02	-8.107358e+00
7.150000e-06	-7.660855e-03	-8.233224e+00
7.160000e-06	2.234386e-02	-8.317885e+00
7.170000e-06	1.215634e-02	-8.383152e+00
7.180000e-06	2.913089e-02	-8.519961e+00
7.190000e-06	6.611824e-03	-8.603801e+00
7.200000e-06	2.651028e-03	-8.718542e+00
7.210000e-06	3.495736e-02	-8.843206e+00
7.220000e-06	1.684027e-02	-8.937864e+00
7.230000e-06	1.679140e-02	-9.013723e+00
7.240000e-06	1.194130e-02	-9.107881e+00
7.250000e-06	2.913089e-02	-9.158543e+00
7.260000e-06	1.807619e-02	-9.203175e+00
7.270000e-06	1.583858e-02	-9.290407e+00
7.280000e-06	2.626719e-02	-9.364169e+00
7.290000e-06	2.244804e-02	-9.475328e+00
7.300000e-06	1.685674e-02	-9.568595e+00
7.310000e-06	2.040282e-02	-9.611623e+00
7.320000e-06	3.092716e-02	-9.614230e+00
7.330000e-06	2.222999e-02	-9.696910e+00
7.340000e-06	2.100263e-02	-9.719989e+00
7.350000e-06	2.331560e-02	-9.801118e+00
7.360000e-06	2.910613e-02	-9.822701e+00
7.370000e-06	2.429576e-02	-9.854782e+00
7.380000e-06	2.658966e-02	-9.875360e+00
7.390000e-06	2.909500e-02	-9.926886e+00
7.400000e-06	2.401898e-02	-9.918967e+00
7.410000e-06	2.442431e-02	-9.979542e+00
7.420000e-06	3.030986e-02	-9.960095e+00
7.430000e-06	3.206387e-02	-9.973051e+00
7.440000e-06	2.765190e-02	-9.981601e+00
7.450000e-06	2.935190e-02	-9.991626e+00
7.460000e-06	3.309310e-02	-1.001363e+01
7.470000e-06	3.199653e-02	-1.001368e+01
7.480000e-06	2.933717e-02	-1.001380e+01
7.490000e-06	3.182742e-02	-1.003165e+01
7.500000e-06	3.382082e-02	-9.992828e+00
7.510000e-06	3.403609e-02	-1.003315e+01
7.520000e-06	3.617228e-02	-1.000270e+01
7.530000e-06	3.839338e-02	-1.000162e+01
7.540000e-06	3.743955e-02	-1.000068e+01
7.550000e-06	3.576755e-02	-9.960491e+00
7.560000e-06	3.993323e-02	-9.919967e+00
7.570000e-06	4.174407e-02	-9.876412e+00
7.580000e-06	4.094667e-02	-9.863307e+00
7.590000e-06	4.219760e-02	-9.822728e+00
7.600000e-06	4.457758e-02	-9.771051e+00
7.610000e-06	4.580341e-02	-9.707995e+00
7.620000e-06	4.649593e-02	-9.665812e+00
7.630000e-06	4.899847e-02	-9.623780e+00
7.640000e-06	5.209079e-02	-9.611599e+00
7.650000e-06	5.122986e-02	-9.559494e+00
7.660000e-06	5.187723e-02	-9.495415e+00
7.670000e-06	5.303363e-02	-9.372719e+00
7.680000e-06	5.323878e-02	-9.267981e+00
7.690000e-06	5.304632e-02	-9.181776e+00
7.700000e-06	5.351309e-02	-9.138967e+00
7.710000e-06	5.298253e-02	-9.093757e+00
7.720000e-06	5.112893e-02	-9.002121e+00
7.730000e-06	4.872110e-02	-8.905914e+00
7.740000e-06	4.844523e-02	-8.822703e+00
7.750000e-06	4.570848e-02	-8.760495e+00
7.760000e-06	4.317006e-02	-8.644307e+00
7.770000e-06	4.315055e-02	-8.478438e+00
7.780000e-06	4.170829e-02	-8.400633e+00
7.790000e-06	3.990248e-02	-8.328945e+00
7.800000e-06	3.648292e-02	-8.224652e+00
7.810000e-06	3.528196e-02	-8.117868e+00
7.820000e-06	3.415585e-02	-8.062155e+00
7.830000e-06	3.162493e-02	-7.967394e+00
7.840000e-06	3.115747e-02	-7.781105e+00
7.850000e-06	3.026534e-02	-7.622913e+00
7.860000e-06	2.660425e-02	-7.514860e+00
7.870000e-06	2.583762e-02	-7.370450e+00
7.880000e-06	2.485265e-02	-7.192581e+00
7.890000e-06	2.438628e-02	-7.087942e+00
7.900000e-06	2.192154e-02	-6.947470e+00
7.910000e-06	2.052822e-02	-6.792102e+00
7.920000e-06	2.053142e-02	-6.696311e+00
7.930000e-06	1.816976e-02	-6.517870e+00
7.940000e-06	1.710363e-02	-6.411620e+00
7.950000e-06	1.606995e-02	-6.273235e+00
7.960000e-06	1.696302e-02	-6.036289e+00
7.970000e-06	1.556135e-02	-5.906867e+00
7.980000e-06	1.346975e-02	-5.790079e+00
7.990000e-06	1.313856e-02	-5.592684e+00
8.000000e-06	1.150354e-02	-5.484334e+00
8.010000e-06	1.122271e-02	-5.253732e+00
8.020000e-06	1.078429e-02	-5.075316e+00
8.030000e-06	1.003843e-02	-4.947295e+00
8.040000e-06	9.883585e-03	-4.674998e+00
8.050000e-06	7.468525e-03	-4.518846e+00
8.060000e-06	7.765573e-03	-4.412101e+00
8.070000e-06	6.620227e-03	-4.274286e+00
8.080000e-06	7.115181e-03	-4.093692e+00
8.090000e-06	7.368571e-03	-3.999525e+00
8.100000e-06	5.166870e-03	-3.809453e+00
8.110000e-06	5.227687e-03	-3.609946e+00
8.120000e-06	5.143839e-03	-3.422203e+00
8.130000e-06	4.425900e-03	-3.243732e+00
8.140000e-06	3.961420e-03	-3.044239e+00
8.150000e-06	1.527974e-03	-2.832707e+00
8.160000e-06	3.917170e-03	-2.717293e+00
8.170000e-06	9.759827e-04	-2.537295e+00
8.180000e-06	2.752001e-03	-2.360449e+00
8.190000e-06	3.635239e-04	-2.137349e+00
8.200000e-06	2.839577e-03	-1.968449e+00
8.210000e-06	-1.448436e-03	-1.748028e+00
8.220000e-06	6.702541e-04	-1.631058e+00
8.230000e-06	-3.301337e-03	-1.397574e+00
8.240000e-06	6.980325e-04	-1.168950e+00
8.250000e-06	-2.321568e-03	-9.690259e-01
8.260000e-06	-1.263726e-03	-8.295799e-01
8.270000e-06	-3.289100e-03	-6.400314e-01
8.280000e-06	-2.143013e-03	-4.425540e-01
8.290000e-06	-3.080357e-03	-2.425803e-01
8.300000e-06	-4.035417e-03	-1.026654e-01
8.310000e-06	-1.350687e-05	8.581047e-02
8.320000e-06	1.352666e-03	3.058621e-01
8.330000e-06	-2.114445e-03	4.641291e-01
8.340000e-06	7.057402e-04	6.326527e-01
8.350000e-06	-4.917656e-03	7.896500e-01
8.360000e-06	-3.743269e-03	9.484959e-01
8.370000e-06	-3.976163e-03	1.198998e+00
8.380000e-06	4.581180e-03	1.386416e+00
8.390000e-06	3.427272e-02	1.580466e+00
8.400000e-06	5.922233e-02	1.809521e+00
8.410000e-06	-4.827115e-02	2.021598e+00
8.420000e-06	-3.999112e-02	2.169492e+00
8.430000e-06	-5.166350e-02	2.347464e+00
8.440000e-06	-7.423742e-02	2.434207e+00
8.450000e-06	9.510228e-02	2.641753e+00
8.460000e-06	4.301099e-02	2.801600e+00
8.470000e-06	-1.475707e-01	2.928943e+00
8.480000e-06	1.533670e-01	3.106037e+00
8.490000e-06	-6.550486e-02	3.336911e+00
8.500000e-06	-8.323806e-02	3.497891e+00
8.510000e-06	1.020980e-01	3.633203e+00
8.520000e-06	-5.978103e-02	3.832126e+00
8.530000e-06	-4.075773e-02	3.991550e+00
8.540000e-06	7.665952e-02	4.180068e+00
8.550000e-06	-6.505007e-02	4.390550e+00
8.560000e-06	7.517994e-03	4.547990e+00
8.570000e-06	-1.371477e-02	4.709467e+00
8.580000e-06	-3.690505e-02	4.927833e+00
8.590000e-06	1.383105e-02	5.146541e+00
8.600000e-06	-2.435598e-02	5.319360e+00
8.610000e-06	9.444855e-03	5.486807e+00
8.620000e-06	-1.059766e-02	5.591675e+00
8.630000e-06	-2.416097e-03	5.782200e+00
8.640000e-06	-3.220006e-02	5.970100e+00
8.650000e-06	-3.454176e-02	6.146913e+00
8.660000e-06	2.564865e-02	6.254779e+00
8.670000e-06	-2.737209e-02	6.390094e+00
8.680000e-06	-1.164092e-02	6.571510e+00
8.690000e-06	-9.887915e-03	6.668917e+00
8.700000e-06	-2.428891e-02	6.845156e+00
8.710000e-06	-9.449614e-03	6.963596e+00
8.720000e-06	-2.458276e-02	7.127460e+00
8.730000e-06	-7.099439e-03	7.201129e+00
8.740000e-06	-9.470692e-03	7.340671e+00
8.750000e-06	-2.070122e-02	7.528492e+00
8.760000e-06	-1.960042e-02	7.645283e+00
8.770000e-06	-1.574710e-02	7.762095e+00
8.780000e-06	-1.270322e-02	7.919467e+00
8.790000e-06	-2.760852e-02	8.025834e+00
8.800000e-06	-1.922398e-02	8.192170e+00
8.810000e-06	-8.386632e-03	8.267890e+00
8.820000e-06	-2.120738e-02	8.381597e+00
8.830000e-06	-2.161256e-02	8.455834e+00
8.840000e-06	-2.336349e-02	8.538048e+00
8.850000e-06	-1.820272e-02	8.624857e+00
8.860000e-06	-2.656558e-02	8.728469e+00
8.870000e-06	-2.279842e-02	8.803254e+00
8.880000e-06	-1.775836e-02	8.958535e+00
8.890000e-06	-2.411312e-02	9.023926e+00
8.900000e-06	-2.461218e-02	9.088571e+00
8.910000e-06	-2.526441e-02	9.213203e+00
8.920000e-06	-2.179924e-02	9.306288e+00
8.930000e-06	-2.969042e-02	9.339991e+00
8.940000e-06	-2.806714e-02	9.406257e+00
8.950000e-06	-2.296782e-02	9.455913e+00
8.960000e-06	-2.504943e-02	9.540469e+00
8.970000e-06	-2.979251e-02	9.590123e+00
8.980000e-06	-2.926148e-02	9.625782e+00
8.990000e-06	-2.642459e-02	9.738611e+00
9.000000e-06	-3.143222e-02	9.763623e+00
9.010000e-06	-2.960119e-02	9.824253e+00
9.020000e-06	-3.066929e-02	9.824938e+00
9.030000e-06	-3.042262e-02	9.907470e+00
9.040000e-06	-3.352836e-02	9.940968e+00
9.050000e-06	-3.160546e-02	1.001113e+01
9.060000e-06	-3.108424e-02	1.000318e+01
9.070000e-06	-3.548777e-02	1.002413e+01
9.080000e-06	-3.746909e-02	1.005531e+01
9.090000e-06	-3.409931e-02	1.005628e+01
9.100000e-06	-3.392555e-02	1.008686e+01
9.110000e-06	-3.754147e-02	1.003582e+01
9.120000e-06	-3.785051e-02	1.007779e+01
9.130000e-06	-3.741956e-02	1.007649e+01
9.140000e-06	-3.949332e-02	1.005701e+01
9.150000e-06	-4.141064e-02	1.006739e+01
9.160000e-06	-3.996894e-02	1.007639e+01
9.170000e-06	-3.979727e-02	1.005592e+01
9.180000e-06	-4.293601e-02	1.008428e+01
9.190000e-06	-4.214158e-02	1.004433e+01
9.200000e-06	-4.379220e-02	1.005323e+01
9.210000e-06	-4.472162e-02	1.002266e+01
9.220000e-06	-4.682591e-02	9.983176e+00
9.230000e-06	-4.692789e-02	1.000062e+01
9.240000e-06	-4.785703e-02	9.898523e+00
9.250000e-06	-5.048214e-02	9.835390e+00
9.260000e-06	-5.022128e-02	9.813781e+00
9.270000e-06	-5.277004e-02	9.752126e+00
9.280000e-06	-5.314494e-02	9.696390e+00
9.290000e-06	-5.766847e-02	9.583260e+00
9.300000e-06	-5.765029e-02	9.557978e+00
9.310000e-06	-5.785304e-02	9.509418e+00
9.320000e-06	-5.903710e-02	9.473256e+00
9.330000e-06	-5.932468e-02	9.400653e+00
9.340000e-06	-6.020198e-02	9.286467e+00
9.350000e-06	-6.047135e-02	9.265808e+00
9.360000e-06	-6.065166e-02	9.171103e+00
9.370000e-06	-5.894185e-02	9.157392e+00
9.380000e-06	-5.635112e-02	8.992133e+00
9.390000e-06	-5.578237e-02	8.877366e+00
9.400000e-06	-5.468170e-02	8.822229e+00
9.410000e-06	-5.328444e-02	8.707919e+00
9.420000e-06	-5.143239e-02	8.642755e+00
9.430000e-06	-5.040633e-02	8.558475e+00
9.440000e-06	-4.685045e-02	8.443311e+00
9.450000e-06	-4.547273e-02	8.340550e+00
9.460000e-06	-4.344474e-02	8.263787e+00
9.470000e-06	-4.203007e-02	8.127990e+00
9.480000e-06	-4.031454e-02	8.042635e+00
9.490000e-06	-3.811598e-02	7.918916e+00
9.500000e-06	-3.818966e-02	7.791127e+00
9.510000e-06	-3.518397e-02	7.645287e+00
9.520000e-06	-3.408083e-02	7.558925e+00
9.530000e-06	-3.276609e-02	7.341631e+00
9.540000e-06	-3.215511e-02	7.224133e+00
9.550000e-06	-3.056228e-02	7.116440e+00
9.560000e-06	-2.946826e-02	6.980478e+00
9.570000e-06	-2.774218e-02	6.822634e+00
9.580000e-06	-2.676712e-02	6.743965e+00
9.590000e-06	-2.558686e-02	6.509026e+00
9.600000e-06	-2.409637e-02	6.370025e+00
9.610000e-06	-2.376629e-02	6.272186e+00
9.620000e-06	-2.425518e-02	6.076790e+00
9.630000e-06	-2.310108e-02	5.998075e+00
9.640000e-06	-2.320769e-02	5.803659e+00
9.650000e-06	-1.901589e-02	5.643188e+00
9.660000e-06	-2.151620e-02	5.474717e+00
9.670000e-06	-1.815070e-02	5.276395e+00
9.680000e-06	-1.900578e-02	5.108425e+00
9.690000e-06	-1.763836e-02	4.886924e+00
9.700000e-06	-1.718268e-02	4.748471e+00
9.710000e-06	-1.773486e-02	4.608474e+00
9.720000e-06	-1.545969e-02	4.432634e+00
9.730000e-06	-1.686747e-02	4.304293e+00
9.740000e-06	-1.509191e-02	4.053690e+00
9.750000e-06	-1.463082e-02	3.867392e+00
9.760000e-06	-1.343042e-02	3.767851e+00
9.770000e-06	-1.263114e-02	3.590555e+00
9.780000e-06	-1.153520e-02	3.388083e+00
9.790000e-06	-1.061373e-02	3.200058e+00
9.800000e-06	-1.183816e-02	3.041663e+00
9.810000e-06	-1.116840e-02	2.884763e+00
9.820000e-06	-1.035684e-02	2.746322e+00
9.830000e-06	-1.087803e-02	2.495847e+00
9.840000e-06	-1.106355e-02	2.275192e+00
9.850000e-06	-1.003681e-02	2.136896e+00
9.860000e-06	-7.912880e-03	1.990529e+00
9.870000e-06	-6.945230e-03	1.768423e+00
9.880000e-06	-7.886401e-03	1.578980e+00
9.890000e-06	-7.149996e-03	1.379007e+00
9.900000e-06	-6.916481e-03	1.191455e+00
9.910000e-06	-5.980582e-03	9.488816e-01
9.920000e-06	-6.984775e-03	7.484513e-01
9.930000e-06	-6.412966e-03	6.000739e-01
9.940000e-06	-5.531431e-03	4.395578e-01
9.950000e-06	-5.241925e-03	2.126332e-01
9.960000e-06	-3.823868e-03	1.252763e-02
9.970000e-06	1.927595e-03	-1.668921e-01
9.980000e-06	2.473667e-03	-3.173042e-01
9.990000e-06	-9.467457e-04	-4.836990e-01
1.000000e-05	8.928068e-04	-6.341527e-01
1.001000e-05	-1.563727e-03	-8.525952e-01
1.002000e-05	-2.903841e-04	-9.904661e-01
1.003000e-05	2.032434e-03	-1.177440e+00
1.004000e-05	2.402056e-02	-1.316385e+00
1.005000e-05	8.794530e-02	-1.558511e+00
1.006000e-05	-3.989206e-02	-1.840564e+00
1.007000e-05	-2.884298e-02	-2.063175e+00
1.008000e-05	-5.334225e-02	-2.295787e+00
1.009000e-05	-7.284452e-02	-2.400074e+00
1.010000e-05	1.554476e-01	-2.443654e+00
1.011000e-05	-2.919276e-02	-2.562566e+00
1.012000e-05	-9.996686e-02	-2.822620e+00
1.013000e-05	1.850755e-01	-2.898958e+00
1.014000e-05	-1.367460e-01	-3.167939e+00
1.015000e-05	-4.562755e-02	-3.391624e+00
1.016000e-05	1.539476e-01	-3.505932e+00
1.017000e-05	-1.271279e-01	-3.685876e+00
1.018000e-05	4.710448e-02	-3.915433e+00
1.019000e-05	9.099701e-02	-4.045175e+00
1.020000e-05	-1.240169e-01	-4.274203e+00
1.021000e-05	1.226020e-01	-4.401070e+00
1.022000e-05	-7.301981e-02	-4.559638e+00
1.023000e-05	-3.542729e-03	-4.770167e+00
1.024000e-05	9.731518e-02	-4.907882e+00
1.025000e-05	-1.069878e-01	-5.096856e+00
1.026000e-05	9.237118e-02	-5.274827e+00
1.027000e-05	-2.432907e-03	-5.474797e+00
1.028000e-05	6.244915e-03	-5.694228e+00
1.029000e-05	2.819765e-02	-5.752095e+00
1.030000e-05	-7.226052e-02	-5.977994e+00
1.031000e-05	1.022288e-01	-6.046303e+00
1.032000e-05	-4.233770e-02	-6.223773e+00
1.033000e-05	1.634322e-02	-6.414151e+00
1.034000e-05	5.870276e-02	-6.539040e+00
1.035000e-05	-4.871441e-02	-6.687906e+00
1.036000e-05	5.142499e-02	-6.811174e+00
1.037000e-05	-4.209707e-02	-6.908591e+00
1.038000e-05	6.302641e-02	-7.148537e+00
1.039000e-05	2.106554e-02	-7.284278e+00
1.040000e-05	-3.155785e-02	-7.370620e+00
1.041000e-05	4.018039e-02	-7.487407e+00
1.042000e-05	-1.198429e-03	-7.603828e+00
1.043000e-05	4.056999e-02	-7.754140e+00
1.044000e-05	-1.935182e-02	-7.929460e+00
1.045000e-05	2.698269e-02	-8.033752e+00
1.046000e-05	2.917524e-02	-8.140536e+00
1.047000e-05	-5.048045e-03	-8.255305e+00
1.048000e-05	2.704349e-02	-8.380015e+00
1.049000e-05	1.282149e-02	-8.437727e+00
1.050000e-05	2.935667e-02	-8.571215e+00
1.051000e-05	-9.254226e-03	-8.676881e+00
1.052000e-05	2.455086e-02	-8.761619e+00
1.053000e-05	2.990531e-02	-8.896784e+00
1.054000e-05	1.367386e-02	-8.940069e+00
1.055000e-05	1.468978e-02	-9.064774e+00
1.056000e-05	1.757746e-02	-9.108913e+00
1.057000e-05	3.021362e-02	-9.180094e+00
1.058000e-05	1.052257e-02	-9.195302e+00
1.059000e-05	2.257325e-02	-9.260110e+00
1.060000e-05	2.522708e-02	-9.433299e+00
1.061000e-05	2.069326e-02	-9.506934e+00
1.062000e-05	1.649797e-02	-9.580072e+00
1.063000e-05	2.668851e-02	-9.593177e+00
1.064000e-05	2.892615e-02	-9.675781e+00
1.065000e-05	2.004971e-02	-9.697564e+00
1.066000e-05	2.273405e-02	-9.740071e+00
1.067000e-05	2.442414e-02	-9.782673e+00
1.068000e-05	2.734359e-02	-9.823679e+00
1.069000e-05	2.390298e-02	-9.866308e+00
1.070000e-05	2.968223e-02	-9.896858e+00
1.071000e-05	2.743167e-02	-9.898414e+00
1.072000e-05	2.409181e-02	-9.910065e+00
1.073000e-05	2.728434e-02	-9.969919e+00
1.074000e-05	3.084534e-02	-1.000062e+01
1.075000e-05	3.002215e-02	-9.950550e+00
1.076000e-05	2.747524e-02	-9.994651e+00
1.077000e-05	3.138137e-02	-1.000320e+01
1.078000e-05	3.270319e-02	-1.003168e+01
1.079000e-05	3.096366e-02	-1.002423e+01
1.080000e-05	3.059617e-02	-9.985230e+00
1.081000e-05	3.410544e-02	-1.002225e+01
1.082000e-05	3.431353e-02	-1.000168e+01
1.083000e-05	3.463561e-02	-1.002213e+01
1.084000e-05	3.699343e-02	-9.990146e+00
1.085000e-05	3.747290e-02	-1.001152e+01
1.086000e-05	3.604802e-02	-9.932417e+00
1.087000e-05	3.700428e-02	-9.947538e+00
1.088000e-05	4.087618e-02	-9.906388e+00
1.089000e-05	4.142756e-02	-9.876335e+00
1.090000e-05	4.209113e-02	-9.844779e+00
1.091000e-05	4.391259e-02	-9.792728e+00
1.092000e-05	4.563588e-02	-9.760072e+00
1.093000e-05	4.604183e-02	-9.697960e+00
1.094000e-05	4.700001e-02	-9.655308e+00
1.095000e-05	5.021806e-02	-9.653703e+00
1.096000e-05	5.166414e-02	-9.529498e+00
1.097000e-05	5.181077e-02	-9.498441e+00
1.098000e-05	5.249457e-02	-9.423749e+00
1.099000e-05	5.287446e-02	-9.329616e+00
1.100000e-05	5.284705e-02	-9.234255e+00
1.101000e-05	5.202404e-02	-9.161096e+00
1.102000e-05	5.247710e-02	-9.127416e+00
1.103000e-05	5.154688e-02	-8.993680e+00
1.104000e-05	5.086621e-02	-8.908994e+00
1.105000e-05	4.894339e-02	-8.885808e+00
1.106000e-05	4.643312e-02	-8.791076e+00
1.107000e-05	4.382881e-02	-8.695942e+00
1.108000e-05	4.317376e-02	-8.543125e+00
1.109000e-05	4.328223e-02	-8.476933e+00
1.110000e-05	4.023081e-02	-8.379522e+00
1.111000e-05	3.861717e-02	-8.265861e+00
1.112000e-05	3.634966e-02	-8.190098e+00
1.113000e-05	3.446815e-02	-8.075308e+00
1.114000e-05	3.254479e-02	-7.991054e+00
1.115000e-05	3.169460e-02	-7.855203e+00
1.116000e-05	3.095726e-02	-7.687388e+00
1.117000e-05	2.827580e-02	-7.569070e+00
1.118000e-05	2.595962e-02	-7.382733e+00
1.119000e-05	2.646155e-02	-7.305811e+00
1.120000e-05	2.533083e-02	-7.159550e+00
1.121000e-05	2.356836e-02	-7.024208e+00
1.122000e-05	2.101612e-02	-6.865259e+00
1.123000e-05	1.988520e-02	-6.748971e+00
1.124000e-05	1.923227e-02	-6.611128e+00
1.125000e-05	1.796220e-02	-6.463285e+00
1.126000e-05	1.696861e-02	-6.298974e+00
1.127000e-05	1.693656e-02	-6.120577e+00
1.128000e-05	1.525380e-02	-5.992598e+00
1.129000e-05	1.425721e-02	-5.854285e+00
1.130000e-05	1.298858e-02	-5.706815e+00
1.131000e-05	1.290080e-02	-5.579003e+00
1.132000e-05	1.185257e-02	-5.390122e+00
1.133000e-05	1.005706e-02	-5.121050e+00
1.134000e-05	1.043774e-02	-5.031132e+00
1.135000e-05	8.203514e-03	-4.860733e+00
1.136000e-05	1.017048e-02	-4.613756e+00
1.137000e-05	7.609199e-03	-4.484839e+00
1.138000e-05	9.734672e-03	-4.347945e+00
1.139000e-05	4.514368e-03	-4.179525e+00
1.140000e-05	6.860958e-03	-4.063109e+00
1.141000e-05	4.757113e-03	-3.895866e+00
1.142000e-05	7.374390e-03	-3.673258e+00
1.143000e-05	3.234141e-03	-3.546216e+00
1.144000e-05	4.988150e-03	-3.336396e+00
1.145000e-05	2.453834e-03	-3.148574e+00
1.146000e-05	3.228089e-03	-3.021026e+00
1.147000e-05	1.885303e-03	-2.788475e+00
1.148000e-05	3.060241e-03	-2.622074e+00
1.149000e-05	1.144165e-03	-2.432702e+00
1.150000e-05	1.488265e-03	-2.304787e+00
1.151000e-05	1.541308e-03	-2.051634e+00
1.152000e-05	1.648251e-03	-1.884713e+00
1.153000e-05	-9.910701e-04	-1.695337e+00
1.154000e-05	-1.679347e-03	-1.559387e+00
1.155000e-05	-9.288326e-04	-1.283736e+00
1.156000e-05	-1.565307e-03	-1.074659e+00
1.157000e-05	-1.931836e-03	-9.062168e-01
1.158000e-05	-2.902553e-03	-7.673196e-01
1.159000e-05	-1.797946e-03	-5.242208e-01
1.160000e-05	-2.922810e-03	-3.353195e-01
1.161000e-05	-3.734632e-03	-1.683198e-01
1.162000e-05	-1.801710e-03	2.012126e-02
1.163000e-05	3.103298e-03	2.190699e-01
1.164000e-05	-2.541245e-03	3.804975e-01
1.165000e-05	-1.763184e-03	5.574386e-01
1.166000e-05	-2.885518e-03	7.153358e-01
1.167000e-05	-3.459710e-03	8.411279e-01
1.168000e-05	-5.149214e-03	1.074304e+00
1.169000e-05	-5.231818e-04	1.274283e+00
1.170000e-05	1.093935e-02	1.451677e+00
1.171000e-05	6.007957e-02	1.686183e+00
1.172000e-05	1.239705e-02	1.885257e+00
1.173000e-05	-5.941981e-02	2.064307e+00
1.174000e-05	-3.428207e-02	2.262732e+00
1.175000e-05	-6.978060e-02	2.411603e+00
1.176000e-05	-2.884488e-02	2.558845e+00
1.177000e-05	1.504114e-01	2.758413e+00
1.178000e-05	-1.093007e-01	2.874708e+00
1.179000e-05	-1.099776e-02	2.990651e+00
1.180000e-05	1.148085e-01	3.180569e+00
1.181000e-05	-1.399731e-01	3.392204e+00
1.182000e-05	2.192296e-02	3.569996e+00
1.183000e-05	6.842319e-02	3.687412e+00
1.184000e-05	-1.169402e-01	3.907333e+00
1.185000e-05	5.810047e-02	4.045328e+00
1.186000e-05	6.334279e-03	4.305892e+00
1.187000e-05	-4.836773e-02	4.463256e+00
1.188000e-05	2.550128e-02	4.632649e+00
1.189000e-05	-4.823378e-02	4.832599e+00
1.190000e-05	-1.143522e-03	5.011243e+00
1.191000e-05	-1.036055e-02	5.243647e+00
1.192000e-05	-8.199209e-03	5.420698e+00
1.193000e-05	4.255622e-03	5.559417e+00
1.194000e-05	-6.563090e-03	5.726883e+00
1.195000e-05	-1.057431e-02	5.868336e+00
1.196000e-05	-4.275889e-02	6.024177e+00
1.197000e-05	-5.196193e-03	6.142524e+00
1.198000e-05	1.283056e-02	6.337364e+00
1.199000e-05	-3.732114e-02	6.484229e+00
1.200000e-05	2.314979e-03	6.633630e+00
1.201000e-05	-2.526366e-02	6.792124e+00
1.202000e-05	-1.517678e-02	6.888938e+00
1.203000e-05	-1.270259e-02	7.042250e+00
1.204000e-05	-2.293581e-02	7.150047e+00
1.205000e-05	3.293525e-03	7.224756e+00
1.206000e-05	-2.423013e-02	7.472849e+00
1.207000e-05	-1.572358e-02	7.593149e+00
1.208000e-05	-2.225985e-02	7.737440e+00
1.209000e-05	-7.318247e-03	7.814204e+00
1.210000e-05	-2.108747e-02	7.922621e+00
1.211000e-05	-2.752273e-02	8.127962e+00
1.212000e-05	-1.042394e-02	8.243803e+00
1.213000e-05	-1.670457e-02	8.328970e+00
1.214000e-05	-2.131577e-02	8.442152e+00
1.215000e-05	-2.435128e-02	8.505913e+00
1.216000e-05	-1.590407e-02	8.602602e+00
1.217000e-05	-2.310633e-02	8.705812e+00
1.218000e-05	-2.594369e-02	8.761520e+00
1.219000e-05	-2.099366e-02	8.855909e+00
1.220000e-05	-1.893216e-02	8.993544e+00
1.221000e-05	-2.523680e-02	9.076908e+00
1.222000e-05	-2.511745e-02	9.187102e+00
1.223000e-05	-2.072909e-02	9.243678e+00
1.224000e-05	-2.511236e-02	9.328990e+00
1.225000e-05	-2.969066e-02	9.390623e+00
1.226000e-05	-2.688724e-02	9.485382e+00
1.227000e-05	-2.112812e-02	9.508438e+00
1.228000e-05	-2.821575e-02	9.531023e+00
1.229000e-05	-2.960366e-02	9.605328e+00
1.230000e-05	-2.853872e-02	9.646782e+00
1.231000e-05	-2.726748e-02	9.710543e+00
1.232000e-05	-3.046237e-02	9.774223e+00
1.233000e-05	-3.089522e-02	9.835286e+00
1.234000e-05	-3.056437e-02	9.936941e+00
1.235000e-05	-3.282818e-02	9.978944e+00
1.236000e-05	-3.136630e-02	9.979573e+00
1.237000e-05	-3.152149e-02	9.961573e+00
1.238000e-05	-3.213124e-02	1.003323e+01
1.239000e-05	-3.866885e-02	1.004425e+01
1.240000e-05	-3.696933e-02	1.002576e+01
1.241000e-05	-3.339501e-02	1.004571e+01
1.242000e-05	-3.413679e-02	1.005686e+01
1.243000e-05	-3.547271e-02	1.005584e+01
1.244000e-05	-3.887563e-02	1.006633e+01
1.245000e-05	-3.772654e-02	1.012687e+01
1.246000e-05	-4.076656e-02	1.005739e+01
1.247000e-05	-3.966535e-02	1.005731e+01
1.248000e-05	-4.019343e-02	1.006586e+01
1.249000e-05	-3.938152e-02	1.005434e+01
1.250000e-05	-4.213814e-02	1.004488e+01
1.251000e-05	-4.393541e-02	1.004433e+01
1.252000e-05	-4.424249e-02	1.002270e+01
1.253000e-05	-4.496365e-02	9.992605e+00
1.254000e-05	-4.510715e-02	9.981628e+00
1.255000e-05	-4.820093e-02	9.959600e+00
1.256000e-05	-4.877265e-02	9.887965e+00
1.257000e-05	-5.069305e-02	9.865865e+00
1.258000e-05	-5.105865e-02	9.751673e+00
1.259000e-05	-5.389153e-02	9.708615e+00
1.260000e-05	-5.559164e-02	9.646362e+00
1.261000e-05	-5.677587e-02	9.651078e+00
1.262000e-05	-5.771324e-02	9.548998e+00
1.263000e-05	-5.762934e-02	9.485339e+00
1.264000e-05	-5.948846e-02	9.422183e+00
1.265000e-05	-5.939522e-02	9.320027e+00
1.266000e-05	-6.048861e-02	9.286363e+00
1.267000e-05	-6.079883e-02	9.233705e+00
1.268000e-05	-5.915201e-02	9.161078e+00
1.269000e-05	-5.666050e-02	9.065942e+00
1.270000e-05	-5.641517e-02	8.928626e+00
1.271000e-05	-5.698572e-02	8.814812e+00
1.272000e-05	-5.456331e-02	8.780024e+00
1.273000e-05	-5.082517e-02	8.684816e+00
1.274000e-05	-5.056603e-02	8.572079e+00
1.275000e-05	-4.789897e-02	8.515795e+00
1.276000e-05	-4.735730e-02	8.433659e+00
1.277000e-05	-4.363788e-02	8.348322e+00
1.278000e-05	-4.372392e-02	8.182710e+00
1.279000e-05	-4.115226e-02	8.086397e+00
1.280000e-05	-4.058751e-02	8.011576e+00
1.281000e-05	-3.826567e-02	7.824337e+00
1.282000e-05	-3.744796e-02	7.747496e+00
1.283000e-05	-3.476912e-02	7.592682e+00
1.284000e-05	-3.397961e-02	7.506865e+00
1.285000e-05	-3.161056e-02	7.298475e+00
1.286000e-05	-3.124997e-02	7.178527e+00
1.287000e-05	-2.968768e-02	7.044659e+00
1.288000e-05	-2.893918e-02	6.897891e+00
1.289000e-05	-2.786891e-02	6.800529e+00
1.290000e-05	-2.700416e-02	6.654762e+00
1.291000e-05	-2.595651e-02	6.415237e+00
1.292000e-05	-2.451215e-02	6.315871e+00
1.293000e-05	-2.346495e-02	6.191129e+00
1.294000e-05	-2.308212e-02	6.022764e+00
1.295000e-05	-2.171973e-02	5.937475e+00
1.296000e-05	-2.058667e-02	5.705050e+00
1.297000e-05	-2.036544e-02	5.549975e+00
1.298000e-05	-2.014296e-02	5.412082e+00
1.299000e-05	-2.004501e-02	5.272787e+00
1.300000e-05	-1.768029e-02	5.002818e+00
1.301000e-05	-1.837301e-02	4.802763e+00
1.302000e-05	-1.804931e-02	4.674765e+00
1.303000e-05	-1.707586e-02	4.497391e+00
1.304000e-05	-1.538900e-02	4.387476e+00
1.305000e-05	-1.411847e-02	4.182010e+00
1.306000e-05	-1.479157e-02	4.020000e+00
1.307000e-05	-1.477559e-02	3.833163e+00
1.308000e-05	-1.336366e-02	3.673237e+00
1.309000e-05	-1.251309e-02	3.527371e+00
1.310000e-05	-1.229544e-02	3.317320e+00
1.311000e-05	-1.222840e-02	3.137421e+00
1.312000e-05	-1.114615e-02	2.999479e+00
1.313000e-05	-9.904137e-03	2.801055e+00
1.314000e-05	-1.012570e-02	2.641663e+00
1.315000e-05	-1.014930e-02	2.400055e+00
1.316000e-05	-9.058987e-03	2.221557e+00
1.317000e-05	-8.203855e-03	2.071637e+00
1.318000e-05	-1.017084e-02	1.875195e+00
1.319000e-05	-7.711983e-03	1.703220e+00
1.320000e-05	-8.056857e-03	1.516770e+00
1.321000e-05	-6.078813e-03	1.305318e+00
1.322000e-05	-7.564874e-03	1.104322e+00
1.323000e-05	-6.496906e-03	8.636679e-01
1.324000e-05	-5.251898e-03	6.846620e-01
1.325000e-05	-5.525384e-03	4.841959e-01
1.326000e-05	-3.928581e-03	3.469022e-01
1.327000e-05	-5.040039e-03	1.072734e-01
1.328000e-05	-1.318411e-03	-4.315022e-02
1.329000e-05	3.316885e-03	-2.200489e-01
1.330000e-05	-2.684449e-03	-3.399911e-01
1.331000e-05	2.366192e-03	-5.205118e-01
1.332000e-05	-3.617940e-03	-7.484421e-01
1.333000e-05	3.204258e-03	-9.267832e-01
1.334000e-05	-1.711009e-03	-1.063678e+00
1.335000e-05	8.643870e-03	-1.222172e+00
1.336000e-05	5.536042e-02	-1.425095e+00
1.337000e-05	5.283665e-02	-1.653725e+00
1.338000e-05	-6.681555e-02	-1.908857e+00
1.339000e-05	-1.403187e-02	-2.178958e+00
1.340000e-05	-9.375704e-02	-2.348991e+00
1.341000e-05	2.571022e-02	-2.422076e+00
1.342000e-05	1.454376e-01	-2.476279e+00
1.343000e-05	-1.594658e-01	-2.715786e+00
1.344000e-05	7.624415e-02	-2.902807e+00
1.345000e-05	9.113833e-02	-3.012194e+00
1.346000e-05	-1.822904e-01	-3.264722e+00
1.347000e-05	1.101783e-01	-3.432229e+00
1.348000e-05	4.644749e-02	-3.579945e+00
1.349000e-05	-1.293028e-01	-3.759520e+00
1.350000e-05	1.639179e-01	-3.950390e+00
1.351000e-05	-6.979410e-02	-4.157939e+00
1.352000e-05	-1.574723e-02	-4.348441e+00
1.353000e-05	8.160581e-02	-4.414196e+00
1.354000e-05	-1.172614e-01	-4.698327e+00
1.355000e-05	1.115384e-01	-4.821100e+00
1.356000e-05	-1.722891e-02	-4.961047e+00
1.357000e-05	-4.165325e-02	-5.169112e+00
1.358000e-05	1.022494e-01	-5.349989e+00
1.359000e-05	-5.559846e-02	-5.581069e+00
1.360000e-05	6.097739e-02	-5.697433e+00
1.361000e-05	-5.267893e-02	-5.824778e+00
1.362000e-05	1.113024e-02	-6.003099e+00
1.363000e-05	7.403636e-02	-6.126887e+00
1.364000e-05	-7.128348e-02	-6.328535e+00
1.365000e-05	8.910334e-02	-6.456330e+00
1.366000e-05	-2.194899e-02	-6.623646e+00
1.367000e-05	1.800635e-03	-6.730041e+00
1.368000e-05	1.742096e-02	-6.898328e+00
1.369000e-05	-2.280175e-02	-7.024281e+00
1.370000e-05	8.947461e-02	-7.231072e+00
1.371000e-05	-4.002765e-02	-7.297910e+00
1.372000e-05	1.731780e-02	-7.454678e+00
1.373000e-05	1.502333e-02	-7.571142e+00
1.374000e-05	1.899480e-02	-7.729406e+00
1.375000e-05	2.177208e-02	-7.835352e+00
1.376000e-05	-1.816059e-02	-8.010597e+00
1.377000e-05	5.190819e-02	-8.106859e+00
1.378000e-05	-2.203235e-03	-8.171594e+00
1.379000e-05	1.639286e-02	-8.296311e+00
1.380000e-05	1.535266e-02	-8.412722e+00
1.381000e-05	2.537765e-02	-8.487533e+00
1.382000e-05	1.186876e-02	-8.603172e+00
1.383000e-05	-2.766550e-03	-8.760036e+00
1.384000e-05	3.516363e-02	-8.822703e+00
1.385000e-05	1.979109e-02	-8.918890e+00
1.386000e-05	1.762127e-02	-8.993150e+00
1.387000e-05	1.234589e-02	-9.115858e+00
1.388000e-05	2.532419e-02	-9.130440e+00
1.389000e-05	2.186520e-02	-9.182724e+00
1.390000e-05	1.199339e-02	-9.298386e+00
1.391000e-05	2.622776e-02	-9.343241e+00
1.392000e-05	2.592405e-02	-9.468321e+00
1.393000e-05	1.934620e-02	-9.539464e+00
1.394000e-05	1.840207e-02	-9.602620e+00
1.395000e-05	2.892784e-02	-9.663702e+00
1.396000e-05	2.261611e-02	-9.666383e+00
1.397000e-05	2.164534e-02	-9.727960e+00
1.398000e-05	2.430295e-02	-9.752566e+00
1.399000e-05	2.791120e-02	-9.804602e+00
1.400000e-05	2.552539e-02	-9.833356e+00
1.401000e-05	2.394748e-02	-9.856911e+00
1.402000e-05	3.045635e-02	-9.896908e+00
1.403000e-05	2.486364e-02	-9.908515e+00
1.404000e-05	2.549052e-02	-9.948964e+00
1.405000e-05	2.872387e-02	-9.982544e+00
1.406000e-05	3.173171e-02	-9.982171e+00
1.407000e-05	2.821906e-02	-9.983173e+00
1.408000e-05	2.937817e-02	-1.001220e+01
1.409000e-05	3.257054e-02	-1.001365e+01
1.410000e-05	3.164490e-02	-1.003533e+01
1.411000e-05	3.025980e-02	-1.006423e+01
1.412000e-05	3.184350e-02	-9.994754e+00
1.413000e-05	3.563053e-02	-1.005365e+01
1.414000e-05	3.446075e-02	-1.002368e+01
1.415000e-05	3.455307e-02	-1.002213e+01
1.416000e-05	3.518510e-02	-1.000310e+01
1.417000e-05	3.718723e-02	-1.000257e+01
1.418000e-05	3.842232e-02	-9.929490e+00
1.419000e-05	3.901260e-02	-9.918543e+00
1.420000e-05	3.971990e-02	-9.887908e+00
1.421000e-05	4.012614e-02	-9.846808e+00
1.422000e-05	4.260143e-02	-9.843204e+00
1.423000e-05	4.632794e-02	-9.771124e+00
1.424000e-05	4.726129e-02	-9.720041e+00
1.425000e-05	4.572957e-02	-9.685761e+00
1.426000e-05	5.014424e-02	-9.625707e+00
1.427000e-05	4.937636e-02	-9.602127e+00
1.428000e-05	5.103194e-02	-9.550071e+00
1.429000e-05	5.074917e-02	-9.506382e+00
1.430000e-05	5.333164e-02	-9.371218e+00
1.431000e-05	5.246718e-02	-9.296933e+00
1.432000e-05	5.283148e-02	-9.213230e+00
1.433000e-05	5.333243e-02	-9.150040e+00
1.434000e-05	5.368819e-02	-9.066832e+00
1.435000e-05	5.236150e-02	-8.962149e+00
1.436000e-05	4.810029e-02	-8.906863e+00
1.437000e-05	4.756947e-02	-8.842178e+00
1.438000e-05	4.645077e-02	-8.778523e+00
1.439000e-05	4.386330e-02	-8.644832e+00
1.440000e-05	4.246765e-02	-8.547019e+00
1.441000e-05	4.092395e-02	-8.443681e+00
1.442000e-05	4.015567e-02	-8.369045e+00
1.443000e-05	3.830976e-02	-8.233730e+00
1.444000e-05	3.639968e-02	-8.139892e+00
1.445000e-05	3.453534e-02	-8.052732e+00
1.446000e-05	3.110575e-02	-7.906996e+00
1.447000e-05	3.116507e-02	-7.769098e+00
1.448000e-05	2.997655e-02	-7.625254e+00
1.449000e-05	2.760010e-02	-7.518938e+00
1.450000e-05	2.541271e-02	-7.360051e+00
1.451000e-05	2.494107e-02	-7.243704e+00
1.452000e-05	2.451448e-02	-7.079442e+00
1.453000e-05	2.200940e-02	-6.939599e+00
1.454000e-05	2.097222e-02	-6.802127e+00
1.455000e-05	2.102058e-02	-6.684861e+00
1.456000e-05	2.074844e-02	-6.486996e+00
1.457000e-05	1.709107e-02	-6.413130e+00
1.458000e-05	1.538593e-02	-6.256260e+00
1.459000e-05	1.602237e-02	-6.076334e+00
1.460000e-05	1.551023e-02	-5.928421e+00
1.461000e-05	1.412810e-02	-5.791651e+00
1.462000e-05	1.164026e-02	-5.653734e+00
1.463000e-05	1.228960e-02	-5.516836e+00
1.464000e-05	1.215026e-02	-5.256842e+00
1.465000e-05	1.074866e-02	-5.086313e+00
1.466000e-05	9.704790e-03	-4.927949e+00
1.467000e-05	9.957441e-03	-4.727843e+00
1.468000e-05	8.306390e-03	-4.589001e+00
1.469000e-05	7.301460e-03	-4.441582e+00
1.470000e-05	6.957682e-03	-4.266283e+00
1.471000e-05	7.162615e-03	-4.147421e+00
1.472000e-05	6.843057e-03	-3.979972e+00
1.473000e-05	4.381179e-03	-3.821528e+00
1.474000e-05	4.926166e-03	-3.579004e+00
1.475000e-05	4.700268e-03	-3.431583e+00
1.476000e-05	5.651648e-03	-3.252159e+00
1.477000e-05	3.767156e-03	-3.075789e+00
1.478000e-05	1.301199e-03	-2.853238e+00
1.479000e-05	3.071343e-03	-2.706820e+00
1.480000e-05	3.609115e-04	-2.577919e+00
1.481000e-05	1.798674e-03	-2.388595e+00
1.482000e-05	3.141560e-04	-2.158948e+00
1.483000e-05	2.695524e-03	-1.957423e+00
1.484000e-05	-4.418991e-04	-1.790575e+00
1.485000e-05	1.593155e-04	-1.621509e+00
1.486000e-05	-2.698182e-03	-1.382624e+00
1.487000e-05	-2.801275e-04	-1.187475e+00
1.488000e-05	-2.681242e-03	-9.795300e-01
1.489000e-05	-1.460592e-03	-8.416030e-01
1.490000e-05	-4.786959e-03	-6.111330e-01
1.491000e-05	-2.162341e-03	-4.005041e-01
1.492000e-05	-4.847422e-03	-2.341318e-01
1.493000e-05	-2.251497e-03	-9.366064e-02
1.494000e-05	-8.847882e-04	1.158093e-01
1.495000e-05	3.619172e-03	3.047845e-01
1.496000e-05	-4.248616e-03	4.646306e-01
1.497000e-05	4.805276e-04	6.521001e-01
1.498000e-05	-4.742210e-03	7.900186e-01
1.499000e-05	-4.610457e-03	9.384132e-01
1.500000e-05	-4.540670e-03	1.179517e+00
1.501000e-05	2.797656e-03	1.327868e+00
1.502000e-05	2.853571e-02	1.527842e+00
1.503000e-05	6.474719e-02	1.788520e+00
1.504000e-05	-3.951913e-02	1.987496e+00
1.505000e-05	-4.348517e-02	2.170365e+00
1.506000e-05	-4.579500e-02	2.366844e+00
1.507000e-05	-7.730649e-02	2.455278e+00
1.508000e-05	6.795303e-02	2.650703e+00
1.509000e-05	7.864264e-02	2.771048e+00
1.510000e-05	-1.630932e-01	2.957866e+00
1.511000e-05	1.344788e-01	3.076210e+00
1.512000e-05	-2.942097e-02	3.255304e+00
1.513000e-05	-1.056759e-01	3.486887e+00
1.514000e-05	9.610757e-02	3.602202e+00
1.515000e-05	-3.367275e-02	3.803119e+00
1.516000e-05	-6.552609e-02	4.000072e+00
1.517000e-05	8.537498e-02	4.150066e+00
1.518000e-05	-5.912322e-02	4.359473e+00
1.519000e-05	-3.421013e-03	4.517340e+00
1.520000e-05	-1.987636e-03	4.676414e+00
1.521000e-05	-4.447925e-02	4.908382e+00
1.522000e-05	1.592906e-02	5.115956e+00
1.523000e-05	-2.563047e-02	5.316435e+00
1.524000e-05	8.528188e-03	5.536329e+00
1.525000e-05	-8.691194e-03	5.601150e+00
1.526000e-05	-2.050027e-03	5.762203e+00
1.527000e-05	-2.721081e-02	5.961071e+00
1.528000e-05	-3.785993e-02	6.087889e+00
1.529000e-05	2.117552e-02	6.254703e+00
1.530000e-05	-2.028640e-02	6.391099e+00
1.531000e-05	-1.727083e-02	6.527985e+00
1.532000e-05	-5.446465e-03	6.696464e+00
1.533000e-05	-2.556551e-02	6.864203e+00
1.534000e-05	-1.000960e-02	6.970672e+00
1.535000e-05	-2.256655e-02	7.085784e+00
1.536000e-05	-1.143869e-02	7.161127e+00
1.537000e-05	-4.722748e-03	7.298986e+00
1.538000e-05	-2.281969e-02	7.498537e+00
1.539000e-05	-1.700221e-02	7.693304e+00
1.540000e-05	-1.853479e-02	7.792625e+00
1.541000e-05	-9.169193e-03	7.890010e+00
1.542000e-05	-2.733747e-02	8.043278e+00
1.543000e-05	-2.132801e-02	8.161095e+00
1.544000e-05	-8.035031e-03	8.256833e+00
1.545000e-05	-2.132922e-02	8.380000e+00
1.546000e-05	-2.120193e-02	8.454732e+00
1.547000e-05	-2.381466e-02	8.529418e+00
1.548000e-05	-1.629650e-02	8.654779e+00
1.549000e-05	-2.607046e-02	8.706961e+00
1.550000e-05	-2.432267e-02	8.792128e+00
1.551000e-05	-1.795110e-02	8.888961e+00
1.552000e-05	-2.389415e-02	9.024777e+00
1.553000e-05	-2.476226e-02	9.138541e+00
1.554000e-05	-2.572967e-02	9.221701e+00
1.555000e-05	-2.032919e-02	9.266312e+00
1.556000e-05	-2.873292e-02	9.310566e+00
1.557000e-05	-2.804180e-02	9.414731e+00
1.558000e-05	-2.322657e-02	9.467806e+00
1.559000e-05	-2.411618e-02	9.517469e+00
1.560000e-05	-2.948148e-02	9.580727e+00
1.561000e-05	-2.954451e-02	9.665427e+00
1.562000e-05	-2.663370e-02	9.699013e+00
1.563000e-05	-3.066732e-02	9.782623e+00
1.564000e-05	-2.968826e-02	9.793307e+00
1.565000e-05	-3.122471e-02	9.896888e+00
1.566000e-05	-3.125480e-02	9.908491e+00
1.567000e-05	-3.338742e-02	9.950444e+00
1.568000e-05	-3.078879e-02	9.970649e+00
1.569000e-05	-3.077050e-02	1.000262e+01
1.570000e-05	-3.523992e-02	1.001326e+01
1.571000e-05	-3.706096e-02	1.004428e+01
1.572000e-05	-3.452761e-02	1.005426e+01
1.573000e-05	-3.404886e-02	1.005683e+01
1.574000e-05	-3.701654e-02	1.004641e+01
1.575000e-05	-3.765471e-02	1.007636e+01
1.576000e-05	-3.759035e-02	1.009782e+01
1.577000e-05	-3.947770e-02	1.009886e+01
1.578000e-05	-4.054008e-02	1.009791e+01
1.579000e-05	-3.958286e-02	1.008646e+01
1.580000e-05	-3.890106e-02	1.005486e+01
1.581000e-05	-4.138740e-02	1.004684e+01
1.582000e-05	-4.275727e-02	1.005523e+01
1.583000e-05	-4.390050e-02	1.004473e+01
1.584000e-05	-4.433291e-02	1.001373e+01
1.585000e-05	-4.579669e-02	9.990629e+00
1.586000e-05	-4.589534e-02	9.970499e+00
1.587000e-05	-4.783467e-02	9.929469e+00
1.588000e-05	-4.931351e-02	9.886487e+00
1.589000e-05	-5.005953e-02	9.823810e+00
1.590000e-05	-5.324471e-02	9.709546e+00
1.591000e-05	-5.434581e-02	9.688464e+00
1.592000e-05	-5.633037e-02	9.633783e+00
1.593000e-05	-5.595753e-02	9.580045e+00
1.594000e-05	-5.724010e-02	9.506893e+00
1.595000e-05	-5.934396e-02	9.414357e+00
1.596000e-05	-5.947889e-02	9.421650e+00
1.597000e-05	-5.892244e-02	9.306499e+00
1.598000e-05	-6.028370e-02	9.264758e+00
1.599000e-05	-5.939260e-02	9.191203e+00
1.600000e-05	-5.885238e-02	9.138466e+00
1.601000e-05	-5.627365e-02	8.973282e+00
1.602000e-05	-5.737492e-02	8.878471e+00
1.603000e-05	-5.539498e-02	8.803080e+00
1.604000e-05	-5.315278e-02	8.739469e+00
1.605000e-05	-5.058856e-02	8.643758e+00
1.606000e-05	-5.004774e-02	8.571022e+00
1.607000e-05	-4.713083e-02	8.424259e+00
1.608000e-05	-4.579973e-02	8.390028e+00
1.609000e-05	-4.268245e-02	8.265367e+00
1.610000e-05	-4.254750e-02	8.119146e+00
1.611000e-05	-4.138628e-02	8.053258e+00
1.612000e-05	-4.013385e-02	7.919468e+00
1.613000e-05	-3.809470e-02	7.792182e+00
1.614000e-05	-3.626820e-02	7.694414e+00
1.615000e-05	-3.385782e-02	7.600574e+00
1.616000e-05	-3.292269e-02	7.441107e+00
1.617000e-05	-3.222545e-02	7.213811e+00
1.618000e-05	-3.074677e-02	7.106420e+00
1.619000e-05	-2.925616e-02	6.960603e+00
1.620000e-05	-2.870727e-02	6.844212e+00
1.621000e-05	-2.809650e-02	6.728972e+00
1.622000e-05	-2.640009e-02	6.539496e+00
1.623000e-05	-2.531862e-02	6.410053e+00
1.624000e-05	-2.501844e-02	6.275186e+00
1.625000e-05	-2.261268e-02	6.116894e+00
1.626000e-05	-2.233630e-02	6.010558e+00
1.627000e-05	-2.180098e-02	5.871766e+00
1.628000e-05	-2.121154e-02	5.623262e+00
1.629000e-05	-2.050057e-02	5.477414e+00
1.630000e-05	-1.969226e-02	5.327499e+00
1.631000e-05	-1.933302e-02	5.189403e+00
1.632000e-05	-1.833935e-02	4.946999e+00
1.633000e-05	-1.826370e-02	4.779548e+00
1.634000e-05	-1.684733e-02	4.591580e+00
1.635000e-05	-1.579267e-02	4.433189e+00
1.636000e-05	-1.551813e-02	4.305369e+00
1.637000e-05	-1.506590e-02	4.062691e+00
1.638000e-05	-1.424452e-02	3.926297e+00
1.639000e-05	-1.335812e-02	3.729526e+00
1.640000e-05	-1.370231e-02	3.600532e+00
1.641000e-05	-1.289263e-02	3.421688e+00
1.642000e-05	-1.177008e-02	3.210563e+00
1.643000e-05	-1.130859e-02	3.062687e+00
1.644000e-05	-1.067386e-02	2.896293e+00
1.645000e-05	-1.141181e-02	2.747401e+00
1.646000e-05	-9.829038e-03	2.516330e+00
1.647000e-05	-1.018540e-02	2.356869e+00
1.648000e-05	-8.455884e-03	2.148897e+00
1.649000e-05	-8.956896e-03	2.009029e+00
1.650000e-05	-8.114744e-03	1.799558e+00
1.651000e-05	-8.141516e-03	1.609529e+00
1.652000e-05	-7.339232e-03	1.401084e+00
1.653000e-05	-6.134612e-03	1.221660e+00
1.654000e-05	-7.172232e-03	1.008985e+00
1.655000e-05	-6.228792e-03	7.900300e-01
1.656000e-05	-6.049654e-03	6.005316e-01
1.657000e-05	-5.153123e-03	4.225330e-01
1.658000e-05	-4.991921e-03	2.626369e-01
1.659000e-05	-4.460419e-03	1.105888e-02
1.660000e-05	2.261510e-03	-1.363832e-01
1.661000e-05	2.679779e-03	-3.347066e-01
1.662000e-05	-2.824557e-03	-4.315726e-01
1.663000e-05	1.056379e-03	-6.502779e-01
1.664000e-05	-8.939149e-04	-8.510687e-01
1.665000e-05	1.269685e-04	-1.009965e+00
1.666000e-05	7.204156e-04	-1.176836e+00
1.667000e-05	1.896630e-02	-1.337459e+00
1.668000e-05	8.746260e-02	-1.476389e+00
1.669000e-05	-2.254480e-02	-1.768511e+00
1.670000e-05	-3.934707e-02	-2.034170e+00
1.671000e-05	-4.223374e-02	-2.296198e+00
1.672000e-05	-8.718116e-02	-2.389598e+00
1.673000e-05	1.366558e-01	-2.441702e+00
1.674000e-05	1.207169e-02	-2.601439e+00
1.675000e-05	-1.280988e-01	-2.841024e+00
1.676000e-05	1.883845e-01	-2.906337e+00
1.677000e-05	-9.322362e-02	-3.159385e+00
1.678000e-05	-9.219306e-02	-3.378937e+00
1.679000e-05	1.646137e-01	-3.496781e+00
1.680000e-05	-9.908089e-02	-3.673800e+00
1.681000e-05	5.255766e-03	-3.894352e+00
1.682000e-05	1.231660e-01	-4.022624e+00
1.683000e-05	-1.403167e-01	-4.233177e+00
1.684000e-05	1.062538e-01	-4.380541e+00
1.685000e-05	-4.375965e-02	-4.558011e+00
1.686000e-05	-3.614431e-02	-4.728521e+00
1.687000e-05	1.175969e-01	-4.895754e+00
1.688000e-05	-1.020050e-01	-5.064251e+00
1.689000e-05	7.061746e-02	-5.244752e+00
1.690000e-05	2.016667e-02	-5.454718e+00
1.691000e-05	-1.589161e-02	-5.664199e+00
1.692000e-05	4.447284e-02	-5.801567e+00
1.693000e-05	-7.934193e-02	-5.957390e+00
1.694000e-05	9.325222e-02	-6.066203e+00
1.695000e-05	-1.865421e-02	-6.223147e+00
1.696000e-05	-9.017422e-03	-6.402597e+00
1.697000e-05	7.510660e-02	-6.517413e+00
1.698000e-05	-5.436164e-02	-6.687353e+00
1.699000e-05	4.889985e-02	-6.800625e+00
1.700000e-05	-3.393699e-02	-6.931035e+00
1.701000e-05	4.513321e-02	-7.109015e+00
1.702000e-05	4.201124e-02	-7.244201e+00
1.703000e-05	-3.990005e-02	-7.360070e+00
1.704000e-05	4.208373e-02	-7.446833e+00
1.705000e-05	-4.701236e-03	-7.615202e+00
1.706000e-05	3.893727e-02	-7.781716e+00
1.707000e-05	-1.267190e-02	-7.948461e+00
1.708000e-05	1.664180e-02	-8.034252e+00
1.709000e-05	3.926098e-02	-8.117963e+00
1.710000e-05	-8.504528e-03	-8.244250e+00
1.711000e-05	2.827748e-02	-8.338411e+00
1.712000e-05	9.041024e-03	-8.433677e+00
1.713000e-05	3.134507e-02	-8.550093e+00
1.714000e-05	-5.481876e-03	-8.666825e+00
1.715000e-05	1.929485e-02	-8.761544e+00
1.716000e-05	3.229017e-02	-8.865379e+00
1.717000e-05	1.497884e-02	-8.988041e+00
1.718000e-05	1.584405e-02	-9.024723e+00
1.719000e-05	1.480595e-02	-9.108487e+00
1.720000e-05	2.995302e-02	-9.151046e+00
1.721000e-05	1.323176e-02	-9.226254e+00
1.722000e-05	2.151895e-02	-9.279086e+00
1.723000e-05	2.656212e-02	-9.464322e+00
1.724000e-05	2.326716e-02	-9.489409e+00
1.725000e-05	1.673479e-02	-9.551093e+00
1.726000e-05	2.457385e-02	-9.602202e+00
1.727000e-05	2.950655e-02	-9.634832e+00
1.728000e-05	2.000284e-02	-9.698989e+00
1.729000e-05	2.179449e-02	-9.761564e+00
1.730000e-05	2.461108e-02	-9.792142e+00
1.731000e-05	2.812945e-02	-9.833252e+00
1.732000e-05	2.356740e-02	-9.876333e+00
1.733000e-05	2.837529e-02	-9.896432e+00
1.734000e-05	2.822740e-02	-9.888467e+00
1.735000e-05	2.463822e-02	-9.919935e+00
1.736000e-05	2.675870e-02	-9.958566e+00
1.737000e-05	3.081996e-02	-9.989671e+00
1.738000e-05	3.018387e-02	-9.960676e+00
1.739000e-05	2.764213e-02	-9.990675e+00
1.740000e-05	3.121363e-02	-1.001327e+01
1.741000e-05	3.251881e-02	-9.994755e+00
1.742000e-05	3.194852e-02	-1.000440e+01
1.743000e-05	2.925384e-02	-9.973703e+00
1.744000e-05	3.277620e-02	-1.003375e+01
1.745000e-05	3.468739e-02	-1.002315e+01
1.746000e-05	3.439152e-02	-1.002365e+01
1.747000e-05	3.624014e-02	-1.002165e+01
1.748000e-05	3.669479e-02	-9.991167e+00
1.749000e-05	3.642604e-02	-9.939670e+00
1.750000e-05	3.722797e-02	-9.949520e+00
1.751000e-05	4.017687e-02	-9.907940e+00
1.752000e-05	4.167371e-02	-9.875856e+00
1.753000e-05	4.154986e-02	-9.856307e+00
1.754000e-05	4.410968e-02	-9.812653e+00
1.755000e-05	4.420642e-02	-9.750094e+00
1.756000e-05	4.565566e-02	-9.716012e+00
1.757000e-05	4.639447e-02	-9.676810e+00
1.758000e-05	5.057068e-02	-9.614729e+00
1.759000e-05	5.104795e-02	-9.570148e+00
1.760000e-05	5.154575e-02	-9.539490e+00
1.761000e-05	5.358467e-02	-9.494229e+00
1.762000e-05	5.259873e-02	-9.351644e+00
1.763000e-05	5.257897e-02	-9.225338e+00
1.764000e-05	5.158345e-02	-9.162224e+00
1.765000e-05	5.178687e-02	-9.117366e+00
1.766000e-05	5.254012e-02	-9.032754e+00
1.767000e-05	5.118104e-02	-8.960594e+00
1.768000e-05	5.073246e-02	-8.864281e+00
1.769000e-05	4.713525e-02	-8.762624e+00
1.770000e-05	4.341139e-02	-8.737444e+00
1.771000e-05	4.377613e-02	-8.623731e+00
1.772000e-05	4.294551e-02	-8.486391e+00
1.773000e-05	4.079339e-02	-8.421099e+00
1.774000e-05	3.763742e-02	-8.255336e+00
1.775000e-05	3.656683e-02	-8.201176e+00
1.776000e-05	3.591175e-02	-8.087363e+00
1.777000e-05	3.365800e-02	-8.030026e+00
1.778000e-05	3.108059e-02	-7.895257e+00
1.779000e-05	2.981221e-02	-7.676018e+00
1.780000e-05	2.904108e-02	-7.581648e+00
1.781000e-05	2.762898e-02	-7.453812e+00
1.782000e-05	2.560579e-02	-7.346791e+00
1.783000e-05	2.406207e-02	-7.161478e+00
1.784000e-05	2.208520e-02	-7.095361e+00
1.785000e-05	2.095810e-02	-6.886366e+00
1.786000e-05	2.224744e-02	-6.759398e+00
1.787000e-05	2.019435e-02	-6.632682e+00
1.788000e-05	1.865747e-02	-6.474838e+00
1.789000e-05	1.775359e-02	-6.330525e+00
1.790000e-05	1.656265e-02	-6.172976e+00
1.791000e-05	1.538708e-02	-6.012626e+00
1.792000e-05	1.408242e-02	-5.894763e+00
1.793000e-05	1.408785e-02	-5.747442e+00
1.794000e-05	1.318027e-02	-5.561075e+00
1.795000e-05	1.109361e-02	-5.451128e+00
1.796000e-05	1.043417e-02	-5.171598e+00
1.797000e-05	1.214165e-02	-5.043638e+00
1.798000e-05	9.674546e-03	-4.843781e+00
1.799000e-05	8.278960e-03	-4.632188e+00
1.800000e-05	6.362086e-03	-4.494788e+00
1.801000e-05	9.494190e-03	-4.368450e+00
1.802000e-05	5.174094e-03	-4.211608e+00
1.803000e-05	6.940625e-03	-4.054163e+00
1.804000e-05	4.337290e-03	-3.935365e+00
1.805000e-05	7.142156e-03	-3.675293e+00
1.806000e-05	3.921535e-03	-3.517844e+00
1.807000e-05	4.258716e-03	-3.378400e+00
1.808000e-05	3.592955e-03	-3.200553e+00
1.809000e-05	4.168379e-03	-2.990579e+00
1.810000e-05	2.528452e-03	-2.811530e+00
1.811000e-05	2.432646e-03	-2.634087e+00
1.812000e-05	1.511623e-04	-2.433163e+00
1.813000e-05	2.227189e-03	-2.294268e+00
1.814000e-05	-9.467487e-04	-2.073710e+00
1.815000e-05	1.253797e-03	-1.906216e+00
1.816000e-05	-1.667014e-03	-1.735417e+00
1.817000e-05	-5.542171e-05	-1.556874e+00
1.818000e-05	-1.012117e-03	-1.295745e+00
1.819000e-05	-1.457068e-03	-1.116792e+00
1.820000e-05	-3.007464e-03	-9.742647e-01
1.821000e-05	-3.617730e-03	-7.677750e-01
1.822000e-05	-3.378957e-03	-4.848720e-01
1.823000e-05	-3.185094e-03	-3.463461e-01
1.824000e-05	-3.363857e-03	-1.689489e-01
1.825000e-05	-1.799958e-03	-1.005184e-03
1.826000e-05	2.509554e-03	1.874446e-01
1.827000e-05	-1.645428e-03	3.589488e-01
1.828000e-05	-1.884466e-03	5.073921e-01
1.829000e-05	-1.559044e-03	7.557594e-01
1.830000e-05	-3.424812e-03	8.221037e-01
1.831000e-05	-3.804877e-03	1.062124e+00
1.832000e-05	-2.498183e-03	1.219578e+00
1.833000e-05	8.110520e-03	1.430529e+00
1.834000e-05	5.474392e-02	1.682177e+00
1.835000e-05	2.882734e-02	1.874733e+00
1.836000e-05	-6.009384e-02	2.054180e+00
1.837000e-05	-3.530937e-02	2.264200e+00
1.838000e-05	-6.484950e-02	2.400043e+00
1.839000e-05	-4.525079e-02	2.486841e+00
1.840000e-05	1.443940e-01	2.725861e+00
1.841000e-05	-7.330172e-02	2.853754e+00
1.842000e-05	-5.537271e-02	2.991550e+00
1.843000e-05	1.373897e-01	3.169471e+00
1.844000e-05	-1.306784e-01	3.380620e+00
1.845000e-05	-4.432623e-03	3.559946e+00
1.846000e-05	8.633896e-02	3.695808e+00
1.847000e-05	-1.119693e-01	3.906859e+00
1.848000e-05	3.527244e-02	4.063179e+00
1.849000e-05	2.659968e-02	4.225304e+00
1.850000e-05	-5.675382e-02	4.453127e+00
1.851000e-05	2.517194e-02	4.612975e+00
1.852000e-05	-4.071967e-02	4.800646e+00
1.853000e-05	-9.718660e-03	4.982621e+00
1.854000e-05	-2.686317e-03	5.211675e+00
1.855000e-05	-1.370145e-02	5.372548e+00
1.856000e-05	6.871135e-03	5.548916e+00
1.857000e-05	-9.117790e-03	5.726285e+00
1.858000e-05	-7.078721e-03	5.876338e+00
1.859000e-05	-4.155256e-02	6.023228e+00
1.860000e-05	-1.152635e-02	6.159695e+00
1.861000e-05	1.976602e-02	6.298366e+00
1.862000e-05	-3.748613e-02	6.443703e+00
1.863000e-05	-4.294051e-04	6.611725e+00
1.864000e-05	-2.097908e-02	6.759571e+00
1.865000e-05	-1.702378e-02	6.906837e+00
1.866000e-05	-1.134726e-02	7.031703e+00
1.867000e-05	-2.543210e-02	7.138469e+00
1.868000e-05	2.353265e-03	7.274279e+00
1.869000e-05	-2.163253e-02	7.373702e+00
1.870000e-05	-1.630167e-02	7.600522e+00
1.871000e-05	-2.328585e-02	7.717940e+00
1.872000e-05	-8.358820e-03	7.822727e+00
1.873000e-05	-1.776203e-02	8.012164e+00
1.874000e-05	-2.871884e-02	8.137961e+00
1.875000e-05	-1.220128e-02	8.194178e+00
1.876000e-05	-1.468142e-02	8.347439e+00
1.877000e-05	-2.088600e-02	8.432678e+00
1.878000e-05	-2.437995e-02	8.495359e+00
1.879000e-05	-1.676300e-02	8.573175e+00
1.880000e-05	-2.111098e-02	8.683934e+00
1.881000e-05	-2.614079e-02	8.729470e+00
1.882000e-05	-2.217032e-02	8.815281e+00
1.883000e-05	-1.853893e-02	8.970119e+00
1.884000e-05	-2.618222e-02	9.056336e+00
1.885000e-05	-2.535306e-02	9.131119e+00
1.886000e-05	-2.200668e-02	9.233255e+00
1.887000e-05	-2.346045e-02	9.307412e+00
1.888000e-05	-2.978822e-02	9.391052e+00
1.889000e-05	-2.652846e-02	9.456333e+00
1.890000e-05	-2.197987e-02	9.527388e+00
1.891000e-05	-2.729854e-02	9.580100e+00
1.892000e-05	-3.034354e-02	9.623231e+00
1.893000e-05	-2.899945e-02	9.666355e+00
1.894000e-05	-2.740575e-02	9.710644e+00
1.895000e-05	-2.915893e-02	9.771819e+00
1.896000e-05	-3.071324e-02	9.855361e+00
1.897000e-05	-2.979210e-02	9.907934e+00
1.898000e-05	-3.281830e-02	9.908521e+00
1.899000e-05	-3.099951e-02	9.959596e+00
1.900000e-05	-3.146850e-02	9.992129e+00
1.901000e-05	-3.104422e-02	1.001315e+01
1.902000e-05	-3.664277e-02	1.004425e+01
1.903000e-05	-3.560308e-02	1.003431e+01
1.904000e-05	-3.337784e-02	1.006581e+01
1.905000e-05	-3.554894e-02	1.004539e+01
1.906000e-05	-3.584155e-02	1.006791e+01
1.907000e-05	-3.768659e-02	1.009591e+01
1.908000e-05	-3.812413e-02	1.006691e+01
1.909000e-05	-4.000113e-02	1.008691e+01
1.910000e-05	-3.886953e-02	1.010689e+01
1.911000e-05	-3.868098e-02	1.008584e+01
1.912000e-05	-4.233188e-02	1.006543e+01
1.913000e-05	-4.423853e-02	1.005481e+01
1.914000e-05	-4.241157e-02	1.007378e+01
1.915000e-05	-4.371396e-02	1.001318e+01
1.916000e-05	-4.429424e-02	1.000370e+01
1.917000e-05	-4.557625e-02	1.000163e+01
1.918000e-05	-4.623613e-02	9.970621e+00
1.919000e-05	-4.864694e-02	9.878442e+00
1.920000e-05	-5.113249e-02	9.876385e+00
1.921000e-05	-5.106284e-02	9.774698e+00
1.922000e-05	-5.236544e-02	9.709495e+00
1.923000e-05	-5.450217e-02	9.665365e+00
1.924000e-05	-5.671437e-02	9.593156e+00
1.925000e-05	-5.736022e-02	9.549470e+00
1.926000e-05	-5.803684e-02	9.456814e+00
1.927000e-05	-5.944903e-02	9.434732e+00
1.928000e-05	-5.913162e-02	9.341123e+00
1.929000e-05	-6.026419e-02	9.277238e+00
1.930000e-05	-5.919626e-02	9.233208e+00
1.931000e-05	-5.880898e-02	9.162495e+00
1.932000e-05	-5.796329e-02	9.083815e+00
1.933000e-05	-5.871464e-02	8.920601e+00
1.934000e-05	-5.735516e-02	8.815963e+00
1.935000e-05	-5.462742e-02	8.791502e+00
1.936000e-05	-5.132332e-02	8.657466e+00
1.937000e-05	-4.918331e-02	8.571607e+00
1.938000e-05	-4.795831e-02	8.487473e+00
1.939000e-05	-4.703813e-02	8.413210e+00
1.940000e-05	-4.495967e-02	8.348994e+00
1.941000e-05	-4.468422e-02	8.211682e+00
1.942000e-05	-4.140387e-02	8.076415e+00
1.943000e-05	-4.141078e-02	7.990625e+00
1.944000e-05	-3.818305e-02	7.855811e+00
1.945000e-05	-3.753253e-02	7.728448e+00
1.946000e-05	-3.492864e-02	7.603757e+00
1.947000e-05	-3.550286e-02	7.498471e+00
1.948000e-05	-3.292695e-02	7.319945e+00
1.949000e-05	-3.049234e-02	7.162575e+00
1.950000e-05	-3.068537e-02	7.045215e+00
1.951000e-05	-2.923942e-02	6.897994e+00
1.952000e-05	-2.746398e-02	6.811108e+00
1.953000e-05	-2.665475e-02	6.656315e+00
1.954000e-05	-2.637970e-02	6.424392e+00
1.955000e-05	-2.570058e-02	6.307921e+00
1.956000e-05	-2.377379e-02	6.171155e+00
1.957000e-05	-2.181473e-02	6.064287e+00
1.958000e-05	-2.177635e-02	5.949445e+00
1.959000e-05	-2.235791e-02	5.769054e+00
1.960000e-05	-1.992593e-02	5.570551e+00
1.961000e-05	-2.090893e-02	5.413656e+00
1.962000e-05	-1.995443e-02	5.243638e+00
1.963000e-05	-1.981089e-02	5.115816e+00
1.964000e-05	-1.697025e-02	4.854287e+00
1.965000e-05	-1.593966e-02	4.706292e+00
1.966000e-05	-1.669234e-02	4.527446e+00
1.967000e-05	-1.806672e-02	4.412558e+00
1.968000e-05	-1.495833e-02	4.221036e+00
1.969000e-05	-1.458239e-02	3.991576e+00
1.970000e-05	-1.340832e-02	3.853665e+00
1.971000e-05	-1.375445e-02	3.685295e+00
1.972000e-05	-1.233827e-02	3.527953e+00
1.973000e-05	-1.135601e-02	3.327953e+00
1.974000e-05	-1.230220e-02	3.137970e+00
1.975000e-05	-1.206393e-02	2.980005e+00
1.976000e-05	-1.133208e-02	2.832657e+00
1.977000e-05	-1.053045e-02	2.663192e+00
1.978000e-05	-1.055503e-02	2.442082e+00
1.979000e-05	-9.153969e-03	2.262666e+00
1.980000e-05	-8.047792e-03	2.054791e+00
1.981000e-05	-9.040081e-03	1.906848e+00
1.982000e-05	-8.293954e-03	1.718691e+00
1.983000e-05	-8.308058e-03	1.466925e+00
1.984000e-05	-6.447639e-03	1.338872e+00
1.985000e-05	-8.066639e-03	1.096371e+00
1.986000e-05	-6.215347e-03	8.633169e-01
1.987000e-05	-5.866594e-03	7.057196e-01
1.988000e-05	-4.673881e-03	5.148236e-01
1.989000e-05	-3.973634e-03	4.063736e-01
1.990000e-05	-5.148208e-03	1.188236e-01
1.991000e-05	-2.811299e-03	-5.212745e-02
1.992000e-05	2.246551e-03	-2.095236e-01
1.993000e-05	-1.414791e-03	-3.689157e-01
1.994000e-05	1.947374e-04	-4.942592e-01
1.995000e-05	-9.105706e-04	-7.452856e-01
1.996000e-05	-4.200893e-04	-9.047329e-01
1.997000e-05	-1.531107e-03	-1.022578e+00
1.998000e-05	6.574991e-03	-1.192493e+00
1.999000e-05	4.654450e-02	-1.393495e+00
2.000000e-05	6.799724e-02	-1.631648e+00
2.001000e-05	-6.762896e-02	-1.905855e+00
2.002000e-05	-1.207726e-02	-2.148907e+00
2.003000e-05	-8.563930e-02	-2.368870e+00
2.004000e-05	-5.856961e-03	-2.420129e+00
2.005000e-05	1.596159e-01	-2.443755e+00
2.006000e-05	-1.340724e-01	-2.695782e+00
2.007000e-05	2.583387e-02	-2.886858e+00
2.008000e-05	1.297984e-01	-2.991955e+00
2.009000e-05	-1.849767e-01	-3.203675e+00
2.010000e-05	7.503409e-02	-3.441700e+00
2.011000e-05	8.417890e-02	-3.540390e+00
2.012000e-05	-1.448234e-01	-3.759088e+00
2.013000e-05	1.452311e-01	-3.948966e+00
2.014000e-05	-2.976201e-02	-4.127886e+00
2.015000e-05	-5.225314e-02	-4.326837e+00
2.016000e-05	1.039281e-01	-4.432096e+00
2.017000e-05	-1.195152e-01	-4.674724e+00
2.018000e-05	8.635355e-02	-4.823150e+00
2.019000e-05	1.648932e-02	-4.949486e+00
2.020000e-05	-6.751876e-02	-5.137462e+00
2.021000e-05	1.111375e-01	-5.348957e+00
2.022000e-05	-5.006179e-02	-5.560592e+00
2.023000e-05	5.111521e-02	-5.706433e+00
2.024000e-05	-3.387106e-02	-5.842747e+00
2.025000e-05	-1.590533e-02	-5.978546e+00
2.026000e-05	9.118109e-02	-6.126957e+00
2.027000e-05	-7.246764e-02	-6.317908e+00
2.028000e-05	7.687220e-02	-6.463730e+00
2.029000e-05	-1.562413e-03	-6.622668e+00
2.030000e-05	-1.519418e-02	-6.757919e+00
2.031000e-05	3.207207e-02	-6.802776e+00
2.032000e-05	-3.416405e-02	-7.031213e+00
2.033000e-05	9.088284e-02	-7.211998e+00
2.034000e-05	-2.972162e-02	-7.295908e+00
2.035000e-05	5.051396e-03	-7.412701e+00
2.036000e-05	2.485946e-02	-7.538517e+00
2.037000e-05	1.174633e-02	-7.656456e+00
2.038000e-05	2.881040e-02	-7.802272e+00
2.039000e-05	-2.318287e-02	-7.971542e+00
2.040000e-05	4.998573e-02	-8.075329e+00
2.041000e-05	4.226500e-03	-8.172020e+00
2.042000e-05	1.032796e-02	-8.316857e+00
2.043000e-05	2.040387e-02	-8.361073e+00
2.044000e-05	2.267776e-02	-8.486905e+00
2.045000e-05	1.734380e-02	-8.635668e+00
2.046000e-05	-6.082646e-03	-8.728069e+00
2.047000e-05	3.505174e-02	-8.793273e+00
2.048000e-05	2.268022e-02	-8.937338e+00
2.049000e-05	1.637014e-02	-8.982695e+00
2.050000e-05	1.143603e-02	-9.046356e+00
2.051000e-05	2.529653e-02	-9.139541e+00
2.052000e-05	2.407723e-02	-9.191650e+00
2.053000e-05	1.197788e-02	-9.256830e+00
2.054000e-05	2.588165e-02	-9.382091e+00
2.055000e-05	2.505952e-02	-9.455805e+00
2.056000e-05	1.878350e-02	-9.527036e+00
2.057000e-05	1.795459e-02	-9.591649e+00
2.058000e-05	2.973556e-02	-9.624279e+00
2.059000e-05	2.601664e-02	-9.686781e+00
2.060000e-05	2.014575e-02	-9.708489e+00
2.061000e-05	2.498724e-02	-9.741073e+00
2.062000e-05	2.695938e-02	-9.793199e+00
2.063000e-05	2.493656e-02	-9.843233e+00
2.064000e-05	2.382718e-02	-9.876333e+00
2.065000e-05	3.010671e-02	-9.928412e+00
2.066000e-05	2.530042e-02	-9.938962e+00
2.067000e-05	2.343475e-02	-9.958469e+00
2.068000e-05	2.972362e-02	-9.970499e+00
2.069000e-05	3.249396e-02	-9.961725e+00
2.070000e-05	2.812558e-02	-9.991599e+00
2.071000e-05	2.813387e-02	-1.001223e+01
2.072000e-05	3.258166e-02	-1.002220e+01
2.073000e-05	3.307838e-02	-1.004541e+01
2.074000e-05	2.985460e-02	-1.002478e+01
2.075000e-05	3.146872e-02	-9.992852e+00
2.076000e-05	3.473142e-02	-1.003228e+01
2.077000e-05	3.496450e-02	-1.001275e+01
2.078000e-05	3.607508e-02	-1.001268e+01
2.079000e-05	3.703085e-02	-1.000262e+01
2.080000e-05	3.789663e-02	-9.950676e+00
2.081000e-05	3.626281e-02	-9.980020e+00
2.082000e-05	3.904570e-02	-9.939016e+00
2.083000e-05	4.164682e-02	-9.936357e+00
2.084000e-05	4.108158e-02	-9.855833e+00
2.085000e-05	4.152325e-02	-9.865202e+00
2.086000e-05	4.471929e-02	-9.803173e+00
2.087000e-05	4.539363e-02	-9.739515e+00
2.088000e-05	4.637675e-02	-9.686491e+00
2.089000e-05	4.776261e-02	-9.595257e+00
2.090000e-05	5.159932e-02	-9.592228e+00
2.091000e-05	5.094623e-02	-9.580019e+00
2.092000e-05	5.165015e-02	-9.527410e+00
2.093000e-05	5.344034e-02	-9.392778e+00
2.094000e-05	5.266519e-02	-9.296962e+00
2.095000e-05	5.209894e-02	-9.233731e+00
2.096000e-05	5.195077e-02	-9.151045e+00
2.097000e-05	5.364402e-02	-9.085362e+00
2.098000e-05	5.256888e-02	-8.980679e+00
2.099000e-05	5.004060e-02	-8.889343e+00
2.100000e-05	4.816882e-02	-8.835179e+00
2.101000e-05	4.668562e-02	-8.759473e+00
2.102000e-05	4.464291e-02	-8.616805e+00
2.103000e-05	4.385341e-02	-8.549119e+00
2.104000e-05	4.159943e-02	-8.452811e+00
2.105000e-05	3.996903e-02	-8.347470e+00
2.106000e-05	3.724475e-02	-8.262780e+00
2.107000e-05	3.640246e-02	-8.150019e+00
2.108000e-05	3.471706e-02	-8.053759e+00
2.109000e-05	3.340262e-02	-7.959547e+00
2.110000e-05	3.122063e-02	-7.811603e+00
2.111000e-05	3.148026e-02	-7.685280e+00
2.112000e-05	2.750402e-02	-7.518391e+00
2.113000e-05	2.576980e-02	-7.387626e+00
2.114000e-05	2.539147e-02	-7.264337e+00
2.115000e-05	2.455585e-02	-7.179946e+00
2.116000e-05	2.160154e-02	-7.002124e+00
2.117000e-05	2.068296e-02	-6.792684e+00
2.118000e-05	2.111681e-02	-6.737363e+00
2.119000e-05	2.048840e-02	-6.540048e+00
2.120000e-05	1.808178e-02	-6.431707e+00
2.121000e-05	1.607639e-02	-6.297343e+00
2.122000e-05	1.586024e-02	-6.117496e+00
2.123000e-05	1.514872e-02	-5.968521e+00
2.124000e-05	1.328959e-02	-5.832087e+00
2.125000e-05	1.228075e-02	-5.674257e+00
2.126000e-05	1.230840e-02	-5.506867e+00
2.127000e-05	1.137991e-02	-5.275393e+00
2.128000e-05	1.052704e-02	-5.137444e+00
2.129000e-05	9.799958e-03	-4.969447e+00
2.130000e-05	9.408287e-03	-4.728569e+00
2.131000e-05	8.467505e-03	-4.569522e+00
2.132000e-05	8.316234e-03	-4.442182e+00
2.133000e-05	6.779289e-03	-4.314341e+00
2.134000e-05	4.778419e-03	-4.158900e+00
2.135000e-05	6.499317e-03	-3.971078e+00
2.136000e-05	4.957564e-03	-3.812632e+00
2.137000e-05	4.985838e-03	-3.610630e+00
2.138000e-05	4.866435e-03	-3.421659e+00
2.139000e-05	5.262014e-03	-3.285238e+00
2.140000e-05	3.975260e-03	-3.125793e+00
2.141000e-05	1.524908e-03	-2.906293e+00
2.142000e-05	2.421097e-03	-2.737895e+00
2.143000e-05	1.226845e-03	-2.557050e+00
2.144000e-05	1.690262e-03	-2.410951e+00
2.145000e-05	7.223170e-05	-2.241033e+00
2.146000e-05	1.195122e-03	-2.001028e+00
2.147000e-05	-1.000998e-03	-1.811077e+00
2.148000e-05	-9.126725e-04	-1.663113e+00
2.149000e-05	-1.641697e-03	-1.450745e+00
2.150000e-05	-6.679385e-04	-1.220504e+00
2.151000e-05	-3.133937e-03	-1.041554e+00
2.152000e-05	-2.401900e-03	-8.126041e-01
2.153000e-05	-3.826815e-03	-6.831051e-01
2.154000e-05	-2.753426e-03	-4.610540e-01
2.155000e-05	-4.255451e-03	-2.641618e-01
2.156000e-05	-4.447004e-03	-1.232183e-01
2.157000e-05	3.286598e-04	7.312778e-02
2.158000e-05	3.425528e-03	2.737255e-01
2.159000e-05	-3.539143e-03	4.431027e-01
2.160000e-05	-1.609174e-03	6.010500e-01
2.161000e-05	-3.498389e-03	7.395909e-01
2.162000e-05	-4.093303e-03	9.356883e-01
2.163000e-05	-5.258191e-03	1.147469e+00
2.164000e-05	1.457435e-03	1.296838e+00
2.165000e-05	2.228273e-02	1.525864e+00
2.166000e-05	6.607544e-02	1.759899e+00
2.167000e-05	-2.827462e-02	1.987946e+00
2.168000e-05	-4.921485e-02	2.168913e+00
2.169000e-05	-4.068078e-02	2.316910e+00
2.170000e-05	-7.700294e-02	2.445083e+00
2.171000e-05	4.094922e-02	2.603092e+00
2.172000e-05	1.086829e-01	2.779996e+00
2.173000e-05	-1.660504e-01	2.947964e+00
2.174000e-05	1.062158e-01	3.065232e+00
2.175000e-05	1.082456e-02	3.244182e+00
2.176000e-05	-1.223129e-01	3.475334e+00
2.177000e-05	8.272178e-02	3.601575e+00
2.178000e-05	-5.787732e-03	3.799492e+00
2.179000e-05	-8.814603e-02	3.949499e+00
2.180000e-05	8.811098e-02	4.136840e+00
2.181000e-05	-4.579222e-02	4.369464e+00
2.182000e-05	-1.564834e-02	4.525836e+00
2.183000e-05	8.374366e-03	4.695331e+00
2.184000e-05	-4.837687e-02	4.814282e+00
2.185000e-05	1.515976e-02	5.075883e+00
2.186000e-05	-2.296609e-02	5.286385e+00
2.187000e-05	5.150253e-03	5.473782e+00
2.188000e-05	-6.189163e-03	5.592074e+00
2.189000e-05	-4.326702e-03	5.821513e+00
2.190000e-05	-2.122975e-02	5.969017e+00
2.191000e-05	-4.053803e-02	6.077283e+00
2.192000e-05	1.673776e-02	6.241754e+00
2.193000e-05	-1.172513e-02	6.359973e+00
2.194000e-05	-2.425503e-02	6.497837e+00
2.195000e-05	-2.643688e-03	6.707310e+00
2.196000e-05	-2.600422e-02	6.844703e+00
2.197000e-05	-1.008827e-02	6.938995e+00
2.198000e-05	-1.981036e-02	7.065308e+00
2.199000e-05	-1.483728e-02	7.201549e+00
2.200000e-05	-2.817836e-03	7.326958e+00
2.201000e-05	-2.527997e-02	7.456487e+00
2.202000e-05	-1.583859e-02	7.656262e+00
2.203000e-05	-1.942792e-02	7.780595e+00
2.204000e-05	-8.149456e-03	7.886962e+00
2.205000e-05	-2.627180e-02	8.073780e+00
2.206000e-05	-2.375366e-02	8.160518e+00
2.207000e-05	-7.118885e-03	8.256357e+00
2.208000e-05	-2.151944e-02	8.370027e+00
2.209000e-05	-2.108985e-02	8.424307e+00
2.210000e-05	-2.447785e-02	8.539516e+00
2.211000e-05	-1.417792e-02	8.612280e+00
2.212000e-05	-2.583021e-02	8.717511e+00
2.213000e-05	-2.578469e-02	8.811179e+00
2.214000e-05	-1.900989e-02	8.868987e+00
2.215000e-05	-2.277822e-02	8.985804e+00
2.216000e-05	-2.535662e-02	9.107994e+00
2.217000e-05	-2.565237e-02	9.171625e+00
2.218000e-05	-2.023962e-02	9.265308e+00
2.219000e-05	-2.730035e-02	9.328966e+00
2.220000e-05	-2.852930e-02	9.402227e+00
2.221000e-05	-2.443129e-02	9.466910e+00
2.222000e-05	-2.378983e-02	9.508395e+00
2.223000e-05	-2.798832e-02	9.590602e+00
2.224000e-05	-2.895936e-02	9.625380e+00
2.225000e-05	-2.691571e-02	9.689566e+00
2.226000e-05	-3.144918e-02	9.751143e+00
2.227000e-05	-2.881400e-02	9.794332e+00
2.228000e-05	-3.065835e-02	9.885862e+00
2.229000e-05	-3.065814e-02	9.898987e+00
2.230000e-05	-3.193812e-02	9.937975e+00
2.231000e-05	-3.037004e-02	1.000160e+01
2.232000e-05	-3.011438e-02	9.961678e+00
2.233000e-05	-3.481007e-02	1.002321e+01
2.234000e-05	-3.708562e-02	1.001328e+01
2.235000e-05	-3.383943e-02	1.005326e+01
2.236000e-05	-3.379230e-02	1.006483e+01
2.237000e-05	-3.564227e-02	1.004531e+01
2.238000e-05	-3.712455e-02	1.007639e+01
2.239000e-05	-3.698785e-02	1.007646e+01
2.240000e-05	-3.795764e-02	1.010839e+01
2.241000e-05	-3.974360e-02	1.007644e+01
2.242000e-05	-3.961647e-02	1.008684e+01
2.243000e-05	-3.987932e-02	1.003583e+01
2.244000e-05	-4.082674e-02	1.005579e+01
2.245000e-05	-4.130643e-02	1.006638e+01
2.246000e-05	-4.338153e-02	1.005468e+01
2.247000e-05	-4.431829e-02	1.002316e+01
2.248000e-05	-4.559986e-02	1.002318e+01
2.249000e-05	-4.515769e-02	9.940649e+00
2.250000e-05	-4.732495e-02	9.958996e+00
2.251000e-05	-4.916013e-02	9.866916e+00
2.252000e-05	-4.926179e-02	9.834356e+00
2.253000e-05	-5.098965e-02	9.751128e+00
2.254000e-05	-5.403043e-02	9.675817e+00
2.255000e-05	-5.635293e-02	9.635260e+00
2.256000e-05	-5.669561e-02	9.581601e+00
2.257000e-05	-5.701103e-02	9.508019e+00
2.258000e-05	-5.854438e-02	9.464311e+00
2.259000e-05	-6.038969e-02	9.412177e+00
2.260000e-05	-5.831139e-02	9.318398e+00
2.261000e-05	-5.978734e-02	9.224762e+00
2.262000e-05	-5.899736e-02	9.222675e+00
2.263000e-05	-5.935785e-02	9.119017e+00
2.264000e-05	-5.648881e-02	8.986809e+00
2.265000e-05	-5.648367e-02	8.887444e+00
2.266000e-05	-5.514557e-02	8.802080e+00
2.267000e-05	-5.467851e-02	8.748444e+00
2.268000e-05	-5.051365e-02	8.634285e+00
2.269000e-05	-5.005518e-02	8.561074e+00
2.270000e-05	-4.672538e-02	8.453839e+00
2.271000e-05	-4.609818e-02	8.391151e+00
2.272000e-05	-4.349903e-02	8.297894e+00
2.273000e-05	-4.314308e-02	8.172600e+00
2.274000e-05	-4.020833e-02	8.035163e+00
2.275000e-05	-4.010598e-02	7.889494e+00
2.276000e-05	-3.739878e-02	7.793712e+00
2.277000e-05	-3.620460e-02	7.686443e+00
2.278000e-05	-3.438026e-02	7.591124e+00
2.279000e-05	-3.347721e-02	7.374312e+00
2.280000e-05	-3.203623e-02	7.294262e+00
2.281000e-05	-3.025004e-02	7.119922e+00
2.282000e-05	-2.897600e-02	7.011130e+00
2.283000e-05	-2.851851e-02	6.824365e+00
2.284000e-05	-2.795279e-02	6.757974e+00
2.285000e-05	-2.629646e-02	6.560605e+00
2.286000e-05	-2.483617e-02	6.402587e+00
2.287000e-05	-2.308423e-02	6.275288e+00
2.288000e-05	-2.336913e-02	6.158424e+00
2.289000e-05	-2.312482e-02	6.022553e+00
2.290000e-05	-2.218961e-02	5.875813e+00
2.291000e-05	-2.102777e-02	5.643766e+00
2.292000e-05	-2.082402e-02	5.515920e+00
2.293000e-05	-2.001345e-02	5.349452e+00
2.294000e-05	-1.885818e-02	5.159629e+00
2.295000e-05	-1.807213e-02	4.928525e+00
2.296000e-05	-1.784921e-02	4.760978e+00
2.297000e-05	-1.789511e-02	4.610132e+00
2.298000e-05	-1.593806e-02	4.474736e+00
2.299000e-05	-1.448598e-02	4.314346e+00
2.300000e-05	-1.443833e-02	4.097870e+00
2.301000e-05	-1.406777e-02	3.987945e+00
2.302000e-05	-1.281103e-02	3.799029e+00
2.303000e-05	-1.346779e-02	3.630559e+00
2.304000e-05	-1.242039e-02	3.494238e+00
2.305000e-05	-1.232269e-02	3.222658e+00
2.306000e-05	-1.171538e-02	3.085193e+00
2.307000e-05	-1.137512e-02	2.936870e+00
2.308000e-05	-1.103486e-02	2.788495e+00
2.309000e-05	-1.041847e-02	2.567926e+00
2.310000e-05	-9.116767e-03	2.317900e+00
2.311000e-05	-8.649161e-03	2.190424e+00
2.312000e-05	-9.577209e-03	2.021008e+00
2.313000e-05	-9.010783e-03	1.821038e+00
2.314000e-05	-8.393707e-03	1.641084e+00
2.315000e-05	-6.772499e-03	1.443660e+00
2.316000e-05	-7.781395e-03	1.223137e+00
2.317000e-05	-7.157974e-03	1.022038e+00
2.318000e-05	-6.509801e-03	8.215078e-01
2.319000e-05	-5.092726e-03	6.230152e-01
2.320000e-05	-5.594948e-03	4.645842e-01
2.321000e-05	-4.780554e-03	2.837921e-01
2.322000e-05	-5.714318e-03	5.261076e-02
2.323000e-05	9.378008e-04	-1.342066e-01
2.324000e-05	2.802180e-03	-2.837292e-01
2.325000e-05	-2.001505e-03	-4.326240e-01
2.326000e-05	6.247680e-04	-6.290177e-01
2.327000e-05	-2.682569e-03	-8.000724e-01
2.328000e-05	-3.244160e-04	-9.579909e-01
2.329000e-05	7.384411e-06	-1.105332e+00
2.330000e-05	1.392933e-02	-1.265154e+00
2.331000e-05	8.200937e-02	-1.508260e+00
2.332000e-05	-3.078398e-03	-1.758407e+00
2.333000e-05	-5.005842e-02	-2.019520e+00
2.334000e-05	-3.166159e-02	-2.273677e+00
2.335000e-05	-9.521579e-02	-2.401073e+00
2.336000e-05	1.125969e-01	-2.410976e+00
2.337000e-05	5.351431e-02	-2.548986e+00
2.338000e-05	-1.561587e-01	-2.782020e+00
2.339000e-05	1.744400e-01	-2.937412e+00
2.340000e-05	-4.673382e-02	-3.057407e+00
2.341000e-05	-1.298780e-01	-3.327863e+00
2.342000e-05	1.657283e-01	-3.504729e+00
2.343000e-05	-6.633832e-02	-3.662649e+00
2.344000e-05	-3.588603e-02	-3.775780e+00
2.345000e-05	1.476153e-01	-3.991648e+00
2.346000e-05	-1.386336e-01	-4.212570e+00
2.347000e-05	8.135481e-02	-4.368969e+00
2.348000e-05	-1.146290e-02	-4.488256e+00
2.349000e-05	-6.645864e-02	-4.727912e+00
2.350000e-05	1.295819e-01	-4.875830e+00
2.351000e-05	-8.879416e-02	-5.042798e+00
2.352000e-05	4.330317e-02	-5.215199e+00
2.353000e-05	4.514274e-02	-5.434665e+00
2.354000e-05	-3.349655e-02	-5.634149e+00
2.355000e-05	5.540451e-02	-5.759090e+00
2.356000e-05	-8.014405e-02	-5.928407e+00
2.357000e-05	7.684255e-02	-6.013752e+00
2.358000e-05	7.210191e-03	-6.222694e+00
2.359000e-05	-3.234083e-02	-6.392670e+00
2.360000e-05	8.920345e-02	-6.526961e+00
2.361000e-05	-5.455414e-02	-6.645357e+00
2.362000e-05	4.033150e-02	-6.780599e+00
2.363000e-05	-2.447387e-02	-6.918433e+00
2.364000e-05	2.766889e-02	-7.125811e+00
2.365000e-05	5.993242e-02	-7.234202e+00
2.366000e-05	-4.729921e-02	-7.338590e+00
2.367000e-05	3.891950e-02	-7.456354e+00
2.368000e-05	-6.653099e-04	-7.602643e+00
2.369000e-05	3.603547e-02	-7.770511e+00
2.370000e-05	-3.489817e-03	-7.876908e+00
2.371000e-05	4.926110e-03	-8.002203e+00
2.372000e-05	4.685671e-02	-8.086491e+00
2.373000e-05	-1.043706e-02	-8.244702e+00
2.374000e-05	2.738956e-02	-8.357364e+00
2.375000e-05	9.459536e-03	-8.432198e+00
2.376000e-05	3.189487e-02	-8.499588e+00
2.377000e-05	-2.945505e-03	-8.633895e+00
2.378000e-05	1.294728e-02	-8.770569e+00
2.379000e-05	3.510349e-02	-8.864227e+00
2.380000e-05	1.522748e-02	-8.978517e+00
2.381000e-05	1.641392e-02	-9.023850e+00
2.382000e-05	1.237748e-02	-9.117837e+00
2.383000e-05	3.155797e-02	-9.179622e+00
2.384000e-05	1.325316e-02	-9.242179e+00
2.385000e-05	1.911874e-02	-9.319033e+00
2.386000e-05	2.616253e-02	-9.414722e+00
2.387000e-05	2.437502e-02	-9.477854e+00
2.388000e-05	1.678555e-02	-9.539491e+00
2.389000e-05	2.164714e-02	-9.613199e+00
2.390000e-05	3.090278e-02	-9.654831e+00
2.391000e-05	2.125854e-02	-9.687337e+00
2.392000e-05	2.159191e-02	-9.721040e+00
2.393000e-05	2.300274e-02	-9.782094e+00
2.394000e-05	2.891508e-02	-9.833328e+00
2.395000e-05	2.479880e-02	-9.893829e+00
2.396000e-05	2.707157e-02	-9.907385e+00
2.397000e-05	2.760220e-02	-9.907415e+00
2.398000e-05	2.497442e-02	-9.928012e+00
2.399000e-05	2.502018e-02	-9.950043e+00
2.400000e-05	3.069524e-02	-9.969020e+00
2.401000e-05	3.129380e-02	-9.981595e+00
2.402000e-05	2.720145e-02	-1.000310e+01
2.403000e-05	3.146653e-02	-1.002258e+01
2.404000e-05	3.210420e-02	-1.002470e+01
2.405000e-05	3.117056e-02	-1.002225e+01
2.406000e-05	2.942868e-02	-1.004333e+01
2.407000e-05	3.286767e-02	-1.002230e+01
2.408000e-05	3.509027e-02	-1.002268e+01
2.409000e-05	3.487176e-02	-9.991651e+00
2.410000e-05	3.719893e-02	-9.983146e+00
2.411000e-05	3.682161e-02	-9.951126e+00
2.412000e-05	3.647413e-02	-9.960966e+00
2.413000e-05	3.649820e-02	-9.937991e+00
2.414000e-05	3.974973e-02	-9.928363e+00
2.415000e-05	4.154717e-02	-9.846386e+00
2.416000e-05	4.141094e-02	-9.845808e+00
2.417000e-05	4.380934e-02	-9.822174e+00
2.418000e-05	4.597055e-02	-9.769045e+00
2.419000e-05	4.630467e-02	-9.707415e+00
2.420000e-05	4.597181e-02	-9.665307e+00
2.421000e-05	4.952256e-02	-9.623282e+00
2.422000e-05	5.252542e-02	-9.630600e+00
2.423000e-05	5.181635e-02	-9.537494e+00
2.424000e-05	5.288202e-02	-9.435780e+00
2.425000e-05	5.293543e-02	-9.381496e+00
2.426000e-05	5.303808e-02	-9.246806e+00
2.427000e-05	5.223841e-02	-9.171548e+00
2.428000e-05	5.259970e-02	-9.127937e+00
2.429000e-05	5.314844e-02	-9.053757e+00
2.430000e-05	5.257220e-02	-8.979045e+00
2.431000e-05	5.000069e-02	-8.863812e+00
2.432000e-05	4.784651e-02	-8.811653e+00
2.433000e-05	4.555431e-02	-8.699547e+00
2.434000e-05	4.396059e-02	-8.624177e+00
2.435000e-05	4.228298e-02	-8.486815e+00
2.436000e-05	4.142336e-02	-8.380573e+00
2.437000e-05	4.041808e-02	-8.337941e+00
2.438000e-05	3.744191e-02	-8.211653e+00
2.439000e-05	3.498947e-02	-8.076335e+00
2.440000e-05	3.274251e-02	-8.031606e+00
2.441000e-05	3.277720e-02	-7.886886e+00
2.442000e-05	3.093634e-02	-7.737568e+00
2.443000e-05	2.988741e-02	-7.581154e+00
2.444000e-05	2.682521e-02	-7.445786e+00
2.445000e-05	2.655700e-02	-7.307366e+00
2.446000e-05	2.494647e-02	-7.202149e+00
2.447000e-05	2.335602e-02	-7.064785e+00
2.448000e-05	2.097443e-02	-6.907398e+00
2.449000e-05	2.143013e-02	-6.751545e+00
2.450000e-05	2.079668e-02	-6.642635e+00
2.451000e-05	1.879989e-02	-6.507363e+00
2.452000e-05	1.785404e-02	-6.359122e+00
2.453000e-05	1.674648e-02	-6.202078e+00
2.454000e-05	1.516923e-02	-6.012129e+00
2.455000e-05	1.405143e-02	-5.894814e+00
2.456000e-05	1.355192e-02	-5.768923e+00
2.457000e-05	1.180262e-02	-5.612552e+00
2.458000e-05	1.228700e-02	-5.399783e+00
2.459000e-05	1.016192e-02	-5.214078e+00
2.460000e-05	1.175234e-02	-5.023659e+00
2.461000e-05	9.469664e-03	-4.875337e+00
2.462000e-05	1.033860e-02	-4.615812e+00
2.463000e-05	7.329272e-03	-4.586895e+00
2.464000e-05	8.740941e-03	-4.359548e+00
2.465000e-05	5.291389e-03	-4.222604e+00
2.466000e-05	6.742061e-03	-4.045238e+00
2.467000e-05	6.055786e-03	-3.956871e+00
2.468000e-05	6.234302e-03	-3.726917e+00
2.469000e-05	4.949092e-03	-3.527396e+00
2.470000e-05	4.743318e-03	-3.348099e+00
2.471000e-05	3.470228e-03	-3.240529e+00
2.472000e-05	3.245287e-03	-3.042588e+00
2.473000e-05	2.383764e-03	-2.822030e+00
2.474000e-05	2.812346e-03	-2.663733e+00
2.475000e-05	1.410373e-04	-2.484293e+00
2.476000e-05	1.099814e-03	-2.335198e+00
2.477000e-05	3.276366e-04	-2.094812e+00
2.478000e-05	1.189414e-03	-1.947894e+00
2.479000e-05	-7.455674e-04	-1.796844e+00
2.480000e-05	-4.301529e-04	-1.559401e+00
2.481000e-05	-1.437923e-03	-1.316375e+00
2.482000e-05	-1.236878e-03	-1.134368e+00
2.483000e-05	-2.425227e-03	-8.962659e-01
2.484000e-05	-3.023016e-03	-7.479486e-01
2.485000e-05	-4.090512e-03	-5.584236e-01
2.486000e-05	-2.628906e-03	-3.773697e-01
2.487000e-05	-3.384260e-03	-2.120564e-01
2.488000e-05	-1.868816e-03	2.105250e-02
2.489000e-05	1.221185e-03	1.078659e-01
2.490000e-05	-7.621271e-04	3.674921e-01
2.491000e-05	-2.130535e-03	5.062857e-01
2.492000e-05	-3.945352e-04	6.952319e-01
2.493000e-05	-4.641381e-03	7.995789e-01
2.494000e-05	-4.314501e-03	9.942013e-01
2.495000e-05	-3.035343e-03	1.240051e+00
2.496000e-05	7.037490e-03	1.440446e+00
2.497000e-05	4.789552e-02	1.601225e+00
2.498000e-05	4.025319e-02	1.877675e+00
2.499000e-05	-5.806062e-02	2.033173e+00
2.500000e-05	-3.615573e-02	2.211597e+00
2.501000e-05	-6.000649e-02	2.380573e+00
2.502000e-05	-5.875997e-02	2.485367e+00
2.503000e-05	1.326085e-01	2.686361e+00
2.504000e-05	-3.291915e-02	2.854203e+00
2.505000e-05	-9.095712e-02	3.000443e+00
2.506000e-05	1.529174e-01	3.157890e+00
2.507000e-05	-1.124332e-01	3.350545e+00
2.508000e-05	-3.370145e-02	3.558895e+00
2.509000e-05	9.782020e-02	3.665207e+00
2.510000e-05	-9.834233e-02	3.925878e+00
2.511000e-05	9.563597e-03	4.022602e+00
2.512000e-05	4.528966e-02	4.203228e+00
2.513000e-05	-6.282041e-02	4.412577e+00
2.514000e-05	2.199161e-02	4.599690e+00
2.515000e-05	-3.424515e-02	4.781020e+00
2.516000e-05	-1.906424e-02	4.980464e+00
2.517000e-05	3.331063e-03	5.171669e+00
2.518000e-05	-1.710319e-02	5.370070e+00
2.519000e-05	7.940242e-03	5.516938e+00
2.520000e-05	-8.403129e-03	5.644332e+00
2.521000e-05	-4.033377e-03	5.874281e+00
2.522000e-05	-3.984784e-02	6.022250e+00
2.523000e-05	-2.219353e-02	6.148970e+00
2.524000e-05	2.250110e-02	6.305960e+00
2.525000e-05	-3.680477e-02	6.422655e+00
2.526000e-05	-3.393808e-03	6.552596e+00
2.527000e-05	-1.806010e-02	6.760552e+00
2.528000e-05	-1.711924e-02	6.875364e+00
2.529000e-05	-1.065545e-02	7.034179e+00
2.530000e-05	-2.572114e-02	7.178936e+00
2.531000e-05	-1.583801e-03	7.235179e+00
2.532000e-05	-1.820907e-02	7.410619e+00
2.533000e-05	-1.978237e-02	7.581645e+00
2.534000e-05	-2.213747e-02	7.697413e+00
2.535000e-05	-1.064136e-02	7.803253e+00
2.536000e-05	-1.655287e-02	7.941940e+00
2.537000e-05	-3.024623e-02	8.085432e+00
2.538000e-05	-1.414868e-02	8.213174e+00
2.539000e-05	-1.059023e-02	8.337892e+00
2.540000e-05	-2.164316e-02	8.381149e+00
2.541000e-05	-2.359947e-02	8.497362e+00
2.542000e-05	-1.987209e-02	8.591623e+00
2.543000e-05	-2.125888e-02	8.646861e+00
2.544000e-05	-2.758012e-02	8.728943e+00
2.545000e-05	-2.263326e-02	8.844306e+00
2.546000e-05	-1.829400e-02	8.931116e+00
2.547000e-05	-2.533163e-02	9.095911e+00
2.548000e-05	-2.592820e-02	9.170067e+00
2.549000e-05	-2.206360e-02	9.232279e+00
2.550000e-05	-2.170660e-02	9.286413e+00
2.551000e-05	-2.963307e-02	9.361621e+00
2.552000e-05	-2.856897e-02	9.436330e+00
2.553000e-05	-2.226264e-02	9.506890e+00
2.554000e-05	-2.705076e-02	9.569523e+00
2.555000e-05	-2.947851e-02	9.643201e+00
2.556000e-05	-2.876686e-02	9.635760e+00
2.557000e-05	-2.639621e-02	9.701594e+00
2.558000e-05	-3.031324e-02	9.783247e+00
2.559000e-05	-3.028268e-02	9.874356e+00
2.560000e-05	-3.086099e-02	9.916867e+00
2.561000e-05	-3.229999e-02	9.928444e+00
2.562000e-05	-3.166608e-02	9.959523e+00
2.563000e-05	-3.121878e-02	9.981600e+00
2.564000e-05	-3.123185e-02	1.000270e+01
2.565000e-05	-3.635543e-02	1.004426e+01
2.566000e-05	-3.599592e-02	1.003486e+01
2.567000e-05	-3.396547e-02	1.005586e+01
2.568000e-05	-3.451052e-02	1.005636e+01
2.569000e-05	-3.694319e-02	1.008586e+01
2.570000e-05	-3.614815e-02	1.008632e+01
2.571000e-05	-3.738858e-02	1.007736e+01
2.572000e-05	-4.050590e-02	1.008834e+01
2.573000e-05	-4.005672e-02	1.006744e+01
2.574000e-05	-3.941983e-02	1.007739e+01
2.575000e-05	-3.946025e-02	1.009682e+01
2.576000e-05	-4.295380e-02	1.005583e+01
2.577000e-05	-4.233792e-02	1.006529e+01
2.578000e-05	-4.284004e-02	1.003376e+01
2.579000e-05	-4.401037e-02	1.000216e+01
2.580000e-05	-4.608155e-02	9.981704e+00
2.581000e-05	-4.747932e-02	9.951546e+00
2.582000e-05	-4.861211e-02	9.946490e+00
2.583000e-05	-4.978783e-02	9.876835e+00
2.584000e-05	-5.071888e-02	9.772307e+00
2.585000e-05	-5.258784e-02	9.719123e+00
2.586000e-05	-5.450109e-02	9.667943e+00
2.587000e-05	-5.666345e-02	9.602233e+00
2.588000e-05	-5.606558e-02	9.550527e+00
2.589000e-05	-5.703046e-02	9.477413e+00
2.590000e-05	-5.943453e-02	9.424744e+00
2.591000e-05	-5.958934e-02	9.370103e+00
2.592000e-05	-6.019450e-02	9.316814e+00
2.593000e-05	-5.890170e-02	9.223159e+00
2.594000e-05	-6.018432e-02	9.193078e+00
2.595000e-05	-5.841490e-02	9.086987e+00
2.596000e-05	-5.716927e-02	8.943153e+00
2.597000e-05	-5.478421e-02	8.855812e+00
2.598000e-05	-5.492831e-02	8.791102e+00
2.599000e-05	-5.188014e-02	8.696893e+00
2.600000e-05	-5.124699e-02	8.602708e+00
2.601000e-05	-5.024062e-02	8.528493e+00
2.602000e-05	-4.621314e-02	8.422135e+00
2.603000e-05	-4.394776e-02	8.399478e+00
2.604000e-05	-4.301696e-02	8.264859e+00
2.605000e-05	-4.278756e-02	8.106997e+00
2.606000e-05	-4.041993e-02	7.981177e+00
2.607000e-05	-3.854083e-02	7.874842e+00
2.608000e-05	-3.749257e-02	7.799504e+00
2.609000e-05	-3.405278e-02	7.623233e+00
2.610000e-05	-3.399314e-02	7.566965e+00
2.611000e-05	-3.182469e-02	7.348023e+00
2.612000e-05	-3.295456e-02	7.213103e+00
2.613000e-05	-2.858186e-02	7.064842e+00
2.614000e-05	-2.894350e-02	6.929370e+00
2.615000e-05	-2.800423e-02	6.842079e+00
2.616000e-05	-2.732601e-02	6.693870e+00
2.617000e-05	-2.499435e-02	6.477395e+00
2.618000e-05	-2.402510e-02	6.339476e+00
2.619000e-05	-2.515340e-02	6.231654e+00
2.620000e-05	-2.293758e-02	6.083715e+00
2.621000e-05	-2.161937e-02	5.969025e+00
2.622000e-05	-2.081768e-02	5.777531e+00
2.623000e-05	-2.072053e-02	5.571028e+00
2.624000e-05	-2.029065e-02	5.462736e+00
2.625000e-05	-1.906203e-02	5.295713e+00
2.626000e-05	-1.904701e-02	5.077869e+00
2.627000e-05	-1.764007e-02	4.865314e+00
2.628000e-05	-1.635253e-02	4.727771e+00
2.629000e-05	-1.565507e-02	4.567999e+00
2.630000e-05	-1.630613e-02	4.431077e+00
2.631000e-05	-1.467392e-02	4.242715e+00
2.632000e-05	-1.430466e-02	4.052139e+00
2.633000e-05	-1.290377e-02	3.865263e+00
2.634000e-05	-1.301487e-02	3.705347e+00
2.635000e-05	-1.308372e-02	3.569425e+00
2.636000e-05	-1.300456e-02	3.378400e+00
2.637000e-05	-1.127415e-02	3.199952e+00
2.638000e-05	-9.828113e-03	3.031560e+00
2.639000e-05	-1.158519e-02	2.842660e+00
2.640000e-05	-1.131678e-02	2.725292e+00
2.641000e-05	-9.193166e-03	2.471711e+00
2.642000e-05	-8.547729e-03	2.274639e+00
2.643000e-05	-9.213653e-03	2.096265e+00
2.644000e-05	-8.430596e-03	1.966900e+00
2.645000e-05	-7.399998e-03	1.687320e+00
2.646000e-05	-7.300974e-03	1.547850e+00
2.647000e-05	-7.973645e-03	1.347425e+00
2.648000e-05	-6.071913e-03	1.168305e+00
2.649000e-05	-6.010807e-03	9.057947e-01
2.650000e-05	-5.602032e-03	6.972735e-01
2.651000e-05	-6.339164e-03	5.873213e-01
2.652000e-05	-5.162091e-03	3.993776e-01
2.653000e-05	-3.960888e-03	1.989649e-01
2.654000e-05	-2.662792e-03	9.452375e-03
2.655000e-05	2.831284e-03	-2.090171e-01
2.656000e-05	-9.348894e-04	-3.278171e-01
2.657000e-05	-6.168401e-04	-5.357315e-01
2.658000e-05	-8.434793e-05	-7.063894e-01
2.659000e-05	-3.515275e-04	-8.637254e-01
2.660000e-05	2.632527e-04	-1.032025e+00
2.661000e-05	5.464731e-03	-1.199516e+00
2.662000e-05	3.740143e-02	-1.412021e+00
2.663000e-05	7.818899e-02	-1.600469e+00
2.664000e-05	-6.148366e-02	-1.851749e+00
2.665000e-05	-1.647018e-02	-2.097907e+00
2.666000e-05	-7.713747e-02	-2.348441e+00
2.667000e-05	-3.220558e-02	-2.421047e+00
2.668000e-05	1.650339e-01	-2.433230e+00
2.669000e-05	-9.813079e-02	-2.644649e+00
2.670000e-05	-2.374259e-02	-2.865829e+00
2.671000e-05	1.618558e-01	-2.981564e+00
2.672000e-05	-1.767754e-01	-3.202121e+00
2.673000e-05	3.343446e-02	-3.423171e+00
2.674000e-05	1.136972e-01	-3.546414e+00
2.675000e-05	-1.472209e-01	-3.728988e+00
2.676000e-05	1.168131e-01	-3.947914e+00
2.677000e-05	1.371828e-02	-4.086306e+00
2.678000e-05	-8.291959e-02	-4.316361e+00
2.679000e-05	1.177143e-01	-4.423199e+00
2.680000e-05	-1.110217e-01	-4.658671e+00
2.681000e-05	5.616877e-02	-4.821143e+00
2.682000e-05	4.929124e-02	-4.936512e+00
2.683000e-05	-8.845494e-02	-5.157935e+00
2.684000e-05	1.118454e-01	-5.306904e+00
2.685000e-05	-3.754979e-02	-5.528911e+00
2.686000e-05	3.568502e-02	-5.672729e+00
2.687000e-05	-1.320303e-02	-5.833226e+00
2.688000e-05	-3.849015e-02	-5.980042e+00
2.689000e-05	1.025455e-01	-6.096456e+00
2.690000e-05	-6.759054e-02	-6.286953e+00
2.691000e-05	5.577015e-02	-6.454726e+00
2.692000e-05	2.091275e-02	-6.602597e+00
2.693000e-05	-2.966515e-02	-6.748521e+00
2.694000e-05	4.181649e-02	-6.842276e+00
2.695000e-05	-4.242148e-02	-7.012691e+00
2.696000e-05	8.483923e-02	-7.160037e+00
2.697000e-05	-1.183311e-02	-7.276329e+00
2.698000e-05	-9.059180e-03	-7.394672e+00
2.699000e-05	3.103035e-02	-7.547486e+00
2.700000e-05	5.331533e-03	-7.665947e+00
2.701000e-05	3.586417e-02	-7.755302e+00
2.702000e-05	-2.527537e-02	-7.978117e+00
2.703000e-05	4.333299e-02	-8.075805e+00
2.704000e-05	1.384688e-02	-8.171094e+00
2.705000e-05	4.725448e-03	-8.276908e+00
2.706000e-05	2.175162e-02	-8.361095e+00
2.707000e-05	1.724089e-02	-8.464331e+00
2.708000e-05	2.376868e-02	-8.524743e+00
2.709000e-05	-8.095715e-03	-8.756941e+00
2.710000e-05	3.174128e-02	-8.791149e+00
2.711000e-05	2.405235e-02	-8.896933e+00
2.712000e-05	1.533231e-02	-9.001195e+00
2.713000e-05	1.333070e-02	-9.064354e+00
2.714000e-05	2.062720e-02	-9.169538e+00
2.715000e-05	2.654963e-02	-9.180647e+00
2.716000e-05	1.055166e-02	-9.265830e+00
2.717000e-05	2.488267e-02	-9.302137e+00
2.718000e-05	2.463364e-02	-9.425302e+00
2.719000e-05	2.031827e-02	-9.538390e+00
2.720000e-05	1.858181e-02	-9.581097e+00
2.721000e-05	2.812388e-02	-9.623727e+00
2.722000e-05	2.728455e-02	-9.686832e+00
2.723000e-05	1.874136e-02	-9.716016e+00
2.724000e-05	2.275436e-02	-9.780521e+00
2.725000e-05	2.568587e-02	-9.801652e+00
2.726000e-05	2.620896e-02	-9.853804e+00
2.727000e-05	2.415031e-02	-9.856908e+00
2.728000e-05	2.936512e-02	-9.907410e+00
2.729000e-05	2.685197e-02	-9.898415e+00
2.730000e-05	2.410795e-02	-9.970491e+00
2.731000e-05	2.781014e-02	-9.938571e+00
2.732000e-05	3.124857e-02	-9.990118e+00
2.733000e-05	2.846774e-02	-1.001255e+01
2.734000e-05	2.804915e-02	-9.981625e+00
2.735000e-05	3.181842e-02	-1.002363e+01
2.736000e-05	3.169591e-02	-1.000330e+01
2.737000e-05	2.976147e-02	-1.001468e+01
2.738000e-05	3.038192e-02	-1.001375e+01
2.739000e-05	3.470760e-02	-1.002325e+01
2.740000e-05	3.425753e-02	-1.001173e+01
2.741000e-05	3.458756e-02	-1.000313e+01
2.742000e-05	3.731692e-02	-9.981174e+00
2.743000e-05	3.776645e-02	-9.982120e+00
2.744000e-05	3.551311e-02	-9.958045e+00
2.745000e-05	3.769194e-02	-9.916968e+00
2.746000e-05	4.095374e-02	-9.905860e+00
2.747000e-05	4.188232e-02	-9.864833e+00
2.748000e-05	4.137538e-02	-9.825253e+00
2.749000e-05	4.431783e-02	-9.822600e+00
2.750000e-05	4.561890e-02	-9.759488e+00
2.751000e-05	4.658360e-02	-9.716415e+00
2.752000e-05	4.685428e-02	-9.654332e+00
2.753000e-05	5.063266e-02	-9.633178e+00
2.754000e-05	5.158090e-02	-9.551069e+00
2.755000e-05	5.215365e-02	-9.499464e+00
2.756000e-05	5.248360e-02	-9.402726e+00
2.757000e-05	5.205783e-02	-9.299542e+00
2.758000e-05	5.279843e-02	-9.213726e+00
2.759000e-05	5.213549e-02	-9.149521e+00
2.760000e-05	5.351458e-02	-9.087387e+00
2.761000e-05	5.204533e-02	-8.991199e+00
2.762000e-05	5.045753e-02	-8.918415e+00
2.763000e-05	4.920756e-02	-8.821234e+00
2.764000e-05	4.684709e-02	-8.750025e+00
2.765000e-05	4.424553e-02	-8.706367e+00
2.766000e-05	4.380344e-02	-8.590070e+00
2.767000e-05	4.276456e-02	-8.455810e+00
2.768000e-05	4.017898e-02	-8.360450e+00
2.769000e-05	3.771683e-02	-8.274308e+00
2.770000e-05	3.626058e-02	-8.148945e+00
2.771000e-05	3.509694e-02	-8.024733e+00
2.772000e-05	3.372069e-02	-7.929946e+00
2.773000e-05	3.102893e-02	-7.813282e+00
2.774000e-05	3.095132e-02	-7.634887e+00
2.775000e-05	2.780025e-02	-7.527442e+00
2.776000e-05	2.592052e-02	-7.392127e+00
2.777000e-05	2.520301e-02	-7.275313e+00
2.778000e-05	2.315606e-02	-7.158898e+00
2.779000e-05	2.323539e-02	-7.002078e+00
2.780000e-05	2.112817e-02	-6.854208e+00
2.781000e-05	2.181962e-02	-6.706391e+00
2.782000e-05	2.000548e-02	-6.578475e+00
2.783000e-05	1.988880e-02	-6.444259e+00
2.784000e-05	1.651286e-02	-6.326866e+00
2.785000e-05	1.591138e-02	-6.128468e+00
2.786000e-05	1.348186e-02	-5.989519e+00
2.787000e-05	1.393222e-02	-5.833182e+00
2.788000e-05	1.176693e-02	-5.674259e+00
2.789000e-05	1.253811e-02	-5.518996e+00
2.790000e-05	1.116871e-02	-5.318898e+00
2.791000e-05	1.252003e-02	-5.138467e+00
2.792000e-05	1.176604e-02	-4.951023e+00
2.793000e-05	8.662219e-03	-4.799174e+00
2.794000e-05	7.997486e-03	-4.610981e+00
2.795000e-05	6.740639e-03	-4.444711e+00
2.796000e-05	8.237941e-03	-4.306917e+00
2.797000e-05	4.682845e-03	-4.147903e+00
2.798000e-05	7.099596e-03	-4.030654e+00
2.799000e-05	5.060999e-03	-3.824161e+00
2.800000e-05	6.368746e-03	-3.643155e+00
2.801000e-05	3.936276e-03	-3.494689e+00
2.802000e-05	5.796405e-03	-3.295265e+00
2.803000e-05	4.213238e-03	-3.126396e+00
2.804000e-05	2.095866e-03	-2.927317e+00
2.805000e-05	1.817544e-03	-2.748919e+00
2.806000e-05	2.873775e-03	-2.600998e+00
2.807000e-05	-6.104287e-04	-2.411050e+00
2.808000e-05	2.768868e-03	-2.231628e+00
2.809000e-05	6.602987e-04	-2.011001e+00
2.810000e-05	1.645840e-03	-1.852084e+00
2.811000e-05	-2.989103e-04	-1.684132e+00
2.812000e-05	-5.579064e-04	-1.482341e+00
2.813000e-05	3.304546e-04	-1.254104e+00
2.814000e-05	-3.300940e-03	-1.062082e+00
2.815000e-05	-3.098998e-03	-8.706392e-01
2.816000e-05	-4.064786e-03	-7.141920e-01
2.817000e-05	-2.972194e-03	-4.426341e-01
2.818000e-05	-2.237458e-03	-3.147643e-01
2.819000e-05	-3.572945e-03	-1.353380e-01
2.820000e-05	-1.104915e-04	2.420409e-02
2.821000e-05	3.092205e-03	2.636530e-01
2.822000e-05	-3.016570e-03	4.411740e-01
2.823000e-05	7.588583e-04	5.800200e-01
2.824000e-05	-4.054242e-03	7.093159e-01
2.825000e-05	-3.363095e-03	8.957357e-01
2.826000e-05	-4.980719e-03	1.126888e+00
2.827000e-05	1.152827e-03	1.326313e+00
2.828000e-05	1.782666e-02	1.504211e+00
2.829000e-05	6.684835e-02	1.701362e+00
2.830000e-05	-1.206120e-02	1.927415e+00
2.831000e-05	-5.311949e-02	2.096362e+00
2.832000e-05	-3.747324e-02	2.305234e+00
2.833000e-05	-7.662321e-02	2.423627e+00
2.834000e-05	1.466674e-02	2.589145e+00
2.835000e-05	1.298310e-01	2.789495e+00
2.836000e-05	-1.539120e-01	2.897837e+00
2.837000e-05	7.069440e-02	3.042203e+00
2.838000e-05	5.196440e-02	3.264101e+00
2.839000e-05	-1.337276e-01	3.466363e+00
2.840000e-05	6.394777e-02	3.590625e+00
2.841000e-05	2.235076e-02	3.738517e+00
2.842000e-05	-1.009086e-01	3.947946e+00
2.843000e-05	8.297525e-02	4.096408e+00
2.844000e-05	-3.274213e-02	4.375919e+00
2.845000e-05	-3.133176e-02	4.496334e+00
2.846000e-05	1.790026e-02	4.693882e+00
2.847000e-05	-4.912658e-02	4.845702e+00
2.848000e-05	1.328763e-02	5.065353e+00
2.849000e-05	-2.063340e-02	5.265905e+00
2.850000e-05	4.865824e-04	5.443704e+00
2.851000e-05	-2.833262e-03	5.589624e+00
2.852000e-05	-6.220476e-03	5.760987e+00
2.853000e-05	-1.895784e-02	5.948023e+00
2.854000e-05	-4.347917e-02	6.105809e+00
2.855000e-05	1.064182e-02	6.173204e+00
2.856000e-05	-2.150296e-03	6.339400e+00
2.857000e-05	-2.996029e-02	6.507428e+00
2.858000e-05	1.481823e-04	6.615853e+00
2.859000e-05	-2.615009e-02	6.833725e+00
2.860000e-05	-1.231222e-02	6.929992e+00
2.861000e-05	-1.778562e-02	7.063853e+00
2.862000e-05	-1.862728e-02	7.181523e+00
2.863000e-05	1.427745e-03	7.255960e+00
2.864000e-05	-2.553153e-02	7.485813e+00
2.865000e-05	-1.592272e-02	7.612754e+00
2.866000e-05	-2.196954e-02	7.771519e+00
2.867000e-05	-8.801840e-03	7.895932e+00
2.868000e-05	-2.442626e-02	8.015227e+00
2.869000e-05	-2.477029e-02	8.189013e+00
2.870000e-05	-7.191430e-03	8.254858e+00
2.871000e-05	-1.892167e-02	8.340048e+00
2.872000e-05	-2.173570e-02	8.413757e+00
2.873000e-05	-2.493021e-02	8.490039e+00
2.874000e-05	-1.496454e-02	8.615702e+00
2.875000e-05	-2.539659e-02	8.727435e+00
2.876000e-05	-2.476180e-02	8.770150e+00
2.877000e-05	-1.979710e-02	8.907882e+00
2.878000e-05	-2.129632e-02	8.974375e+00
2.879000e-05	-2.625093e-02	9.096987e+00
2.880000e-05	-2.483197e-02	9.191620e+00
2.881000e-05	-2.007362e-02	9.255808e+00
2.882000e-05	-2.705445e-02	9.318995e+00
2.883000e-05	-2.833696e-02	9.452302e+00
2.884000e-05	-2.413583e-02	9.476464e+00
2.885000e-05	-2.334431e-02	9.517966e+00
2.886000e-05	-3.020920e-02	9.571073e+00
2.887000e-05	-3.046245e-02	9.623280e+00
2.888000e-05	-2.603841e-02	9.667961e+00
2.889000e-05	-2.920537e-02	9.771223e+00
2.890000e-05	-2.964057e-02	9.834801e+00
2.891000e-05	-3.022640e-02	9.827831e+00
2.892000e-05	-2.933885e-02	9.916441e+00
2.893000e-05	-3.278616e-02	9.928948e+00
2.894000e-05	-3.029893e-02	9.980523e+00
2.895000e-05	-3.055055e-02	1.001408e+01
2.896000e-05	-3.343804e-02	1.005315e+01
2.897000e-05	-3.800230e-02	1.004326e+01
2.898000e-05	-3.559248e-02	1.005478e+01
2.899000e-05	-3.289208e-02	1.007476e+01
2.900000e-05	-3.587273e-02	1.007626e+01
2.901000e-05	-3.642437e-02	1.007744e+01
2.902000e-05	-3.658510e-02	1.005639e+01
2.903000e-05	-3.753390e-02	1.009631e+01
2.904000e-05	-4.130985e-02	1.009744e+01
2.905000e-05	-4.021833e-02	1.009591e+01
2.906000e-05	-3.945883e-02	1.005691e+01
2.907000e-05	-4.098367e-02	1.006579e+01
2.908000e-05	-4.294049e-02	1.003481e+01
2.909000e-05	-4.316753e-02	1.007683e+01
2.910000e-05	-4.320365e-02	9.993231e+00
2.911000e-05	-4.519291e-02	1.001316e+01
2.912000e-05	-4.601400e-02	9.990578e+00
2.913000e-05	-4.743123e-02	9.950070e+00
2.914000e-05	-4.878754e-02	9.909045e+00
2.915000e-05	-4.963357e-02	9.806385e+00
2.916000e-05	-5.325187e-02	9.792224e+00
2.917000e-05	-5.411762e-02	9.670014e+00
2.918000e-05	-5.608017e-02	9.643782e+00
2.919000e-05	-5.639357e-02	9.581706e+00
2.920000e-05	-5.732146e-02	9.518019e+00
2.921000e-05	-5.874602e-02	9.476340e+00
2.922000e-05	-5.938545e-02	9.372699e+00
2.923000e-05	-5.914679e-02	9.381023e+00
2.924000e-05	-6.063369e-02	9.275388e+00
2.925000e-05	-5.955294e-02	9.213202e+00
2.926000e-05	-5.933208e-02	9.159497e+00
2.927000e-05	-5.741653e-02	9.022812e+00
2.928000e-05	-5.822385e-02	8.949595e+00
2.929000e-05	-5.606381e-02	8.835254e+00
2.930000e-05	-5.437572e-02	8.739474e+00
2.931000e-05	-4.968448e-02	8.684333e+00
2.932000e-05	-5.028967e-02	8.579601e+00
2.933000e-05	-4.684166e-02	8.454863e+00
2.934000e-05	-4.680113e-02	8.381157e+00
2.935000e-05	-4.494880e-02	8.306866e+00
2.936000e-05	-4.427132e-02	8.150625e+00
2.937000e-05	-4.098606e-02	8.084287e+00
2.938000e-05	-4.036302e-02	7.958475e+00
2.939000e-05	-3.676948e-02	7.842756e+00
2.940000e-05	-3.665465e-02	7.705942e+00
2.941000e-05	-3.375554e-02	7.602576e+00
2.942000e-05	-3.387255e-02	7.443285e+00
2.943000e-05	-3.241984e-02	7.254308e+00
2.944000e-05	-3.026343e-02	7.139474e+00
2.945000e-05	-2.965889e-02	7.013584e+00
2.946000e-05	-2.919479e-02	6.875316e+00
2.947000e-05	-2.797699e-02	6.770053e+00
2.948000e-05	-2.586580e-02	6.623159e+00
2.949000e-05	-2.517244e-02	6.453580e+00
2.950000e-05	-2.443005e-02	6.284865e+00
2.951000e-05	-2.308921e-02	6.138993e+00
2.952000e-05	-2.230982e-02	6.023657e+00
2.953000e-05	-2.138317e-02	5.864916e+00
2.954000e-05	-2.096586e-02	5.675869e+00
2.955000e-05	-1.975688e-02	5.516945e+00
2.956000e-05	-2.069731e-02	5.349578e+00
2.957000e-05	-1.996766e-02	5.171656e+00
2.958000e-05	-1.862855e-02	4.958583e+00
2.959000e-05	-1.688421e-02	4.782029e+00
2.960000e-05	-1.746196e-02	4.653158e+00
2.961000e-05	-1.514128e-02	4.496190e+00
2.962000e-05	-1.474669e-02	4.337371e+00
2.963000e-05	-1.469937e-02	4.108424e+00
2.964000e-05	-1.459422e-02	3.969029e+00
2.965000e-05	-1.391769e-02	3.760079e+00
2.966000e-05	-1.385745e-02	3.643136e+00
2.967000e-05	-1.292108e-02	3.463840e+00
2.968000e-05	-1.185929e-02	3.264218e+00
2.969000e-05	-1.075847e-02	3.107769e+00
2.970000e-05	-1.159565e-02	2.947970e+00
2.971000e-05	-1.186282e-02	2.820955e+00
2.972000e-05	-1.040484e-02	2.559965e+00
2.973000e-05	-8.559965e-03	2.338450e+00
2.974000e-05	-8.877827e-03	2.179551e+00
2.975000e-05	-9.778305e-03	2.042055e+00
2.976000e-05	-9.342350e-03	1.852663e+00
2.977000e-05	-7.579028e-03	1.612610e+00
2.978000e-05	-7.600416e-03	1.443616e+00
2.979000e-05	-7.025812e-03	1.245664e+00
2.980000e-05	-6.839904e-03	1.070689e+00
2.981000e-05	-6.459806e-03	8.401115e-01
2.982000e-05	-5.648744e-03	6.541643e-01
2.983000e-05	-4.893081e-03	4.526655e-01
2.984000e-05	-5.639530e-03	2.957198e-01
2.985000e-05	-5.380511e-03	6.613716e-02
2.986000e-05	-6.783956e-04	-9.370665e-02
2.987000e-05	2.977678e-03	-2.526527e-01
2.988000e-05	-2.141754e-03	-4.005211e-01
2.989000e-05	1.298163e-03	-6.000121e-01
2.990000e-05	-2.223681e-03	-8.000449e-01
2.991000e-05	-6.521335e-04	-9.468619e-01
2.992000e-05	-1.276195e-03	-1.104708e+00
2.993000e-05	1.155016e-02	-1.305280e+00
2.994000e-05	7.310481e-02	-1.495284e+00
2.995000e-05	1.927221e-02	-1.716278e+00
2.996000e-05	-5.969471e-02	-2.009467e+00
2.997000e-05	-2.324122e-02	-2.262171e+00
2.998000e-05	-1.001087e-01	-2.380023e+00
2.999000e-05	8.307666e-02	-2.421579e+00
3.000000e-05	9.257479e-02	-2.536407e+00
3.001000e-05	-1.689229e-01	-2.791466e+00
3.002000e-05	1.400996e-01	-2.894885e+00
3.003000e-05	3.610743e-03	-3.074227e+00
3.004000e-05	-1.588283e-01	-3.306912e+00
3.005000e-05	1.527510e-01	-3.514705e+00
3.006000e-05	-2.929070e-02	-3.622648e+00
3.007000e-05	-7.551388e-02	-3.801245e+00
3.008000e-05	1.649366e-01	-3.990095e+00
3.009000e-05	-1.163803e-01	-4.210016e+00
3.010000e-05	5.313184e-02	-4.367940e+00
3.011000e-05	2.226237e-02	-4.486329e+00
3.012000e-05	-9.313844e-02	-4.728385e+00
3.013000e-05	1.303873e-01	-4.863829e+00
3.014000e-05	-6.829794e-02	-5.023119e+00
3.015000e-05	1.264852e-02	-5.203198e+00
3.016000e-05	7.146240e-02	-5.431645e+00
3.017000e-05	-4.547178e-02	-5.612169e+00
3.018000e-05	6.074114e-02	-5.718438e+00
3.019000e-05	-7.693165e-02	-5.897404e+00
3.020000e-05	5.690818e-02	-6.011550e+00
3.021000e-05	3.315858e-02	-6.189585e+00
3.022000e-05	-5.109036e-02	-6.381464e+00
3.023000e-05	9.452233e-02	-6.505836e+00
3.024000e-05	-4.562120e-02	-6.664254e+00
3.025000e-05	2.921116e-02	-6.790044e+00
3.026000e-05	-8.637261e-03	-6.895833e+00
3.027000e-05	8.502557e-03	-7.117361e+00
3.028000e-05	7.312744e-02	-7.223149e+00
3.029000e-05	-5.074699e-02	-7.338441e+00
3.030000e-05	3.604755e-02	-7.435255e+00
3.031000e-05	6.582636e-03	-7.573175e+00
3.032000e-05	3.123480e-02	-7.690066e+00
3.033000e-05	4.204040e-03	-7.857383e+00
3.034000e-05	-4.749785e-03	-8.012153e+00
3.035000e-05	5.048699e-02	-8.096938e+00
3.036000e-05	-1.032414e-02	-8.214671e+00
3.037000e-05	2.536197e-02	-8.288960e+00
3.038000e-05	1.201103e-02	-8.403197e+00
3.039000e-05	3.024710e-02	-8.530062e+00
3.040000e-05	9.104439e-04	-8.607850e+00
3.041000e-05	7.364005e-03	-8.741091e+00
3.042000e-05	3.650966e-02	-8.854203e+00
3.043000e-05	1.458838e-02	-8.960112e+00
3.044000e-05	1.663754e-02	-9.033754e+00
3.045000e-05	1.296701e-02	-9.088389e+00
3.046000e-05	3.177220e-02	-9.159997e+00
3.047000e-05	1.442206e-02	-9.223700e+00
3.048000e-05	1.620256e-02	-9.307885e+00
3.049000e-05	2.607924e-02	-9.394269e+00
3.050000e-05	2.294702e-02	-9.477406e+00
3.051000e-05	1.754209e-02	-9.539019e+00
3.052000e-05	2.253577e-02	-9.602149e+00
3.053000e-05	3.206891e-02	-9.625354e+00
3.054000e-05	2.076656e-02	-9.666906e+00
3.055000e-05	1.993253e-02	-9.748043e+00
3.056000e-05	2.409175e-02	-9.771620e+00
3.057000e-05	2.728400e-02	-9.834277e+00
3.058000e-05	2.381409e-02	-9.825304e+00
3.059000e-05	2.683682e-02	-9.876409e+00
3.060000e-05	3.097310e-02	-9.907391e+00
3.061000e-05	2.475598e-02	-9.930469e+00
3.062000e-05	2.454971e-02	-9.960022e+00
3.063000e-05	3.016519e-02	-9.981520e+00
3.064000e-05	3.230108e-02	-9.999621e+00
3.065000e-05	2.711055e-02	-9.993123e+00
3.066000e-05	2.989351e-02	-9.991628e+00
3.067000e-05	3.264825e-02	-1.001380e+01
3.068000e-05	3.116208e-02	-1.001420e+01
3.069000e-05	2.987166e-02	-1.003270e+01
3.070000e-05	3.232982e-02	-1.004513e+01
3.071000e-05	3.563451e-02	-1.002218e+01
3.072000e-05	3.474297e-02	-9.983753e+00
3.073000e-05	3.576446e-02	-9.981677e+00
3.074000e-05	3.662431e-02	-9.962145e+00
3.075000e-05	3.713908e-02	-9.960023e+00
3.076000e-05	3.658776e-02	-9.928067e+00
3.077000e-05	4.063370e-02	-9.969391e+00
3.078000e-05	4.115789e-02	-9.876360e+00
3.079000e-05	4.112680e-02	-9.857283e+00
3.080000e-05	4.318451e-02	-9.832724e+00
3.081000e-05	4.637631e-02	-9.740598e+00
3.082000e-05	4.571454e-02	-9.728992e+00
3.083000e-05	4.661149e-02	-9.675285e+00
3.084000e-05	4.951301e-02	-9.633704e+00
3.085000e-05	5.226011e-02	-9.601000e+00
3.086000e-05	5.241240e-02	-9.549518e+00
3.087000e-05	5.247149e-02	-9.435884e+00
3.088000e-05	5.451367e-02	-9.333269e+00
3.089000e-05	5.241927e-02	-9.276387e+00
3.090000e-05	5.241284e-02	-9.192672e+00
3.091000e-05	5.190478e-02	-9.159467e+00
3.092000e-05	5.346937e-02	-9.043259e+00
3.093000e-05	5.274462e-02	-8.971594e+00
3.094000e-05	5.021189e-02	-8.885457e+00
3.095000e-05	4.766453e-02	-8.823155e+00
3.096000e-05	4.546630e-02	-8.739520e+00
3.097000e-05	4.415945e-02	-8.624325e+00
3.098000e-05	4.357158e-02	-8.477012e+00
3.099000e-05	4.043320e-02	-8.411700e+00
3.100000e-05	3.958800e-02	-8.327441e+00
3.101000e-05	3.655970e-02	-8.202174e+00
3.102000e-05	3.673093e-02	-8.126493e+00
3.103000e-05	3.420535e-02	-8.002679e+00
3.104000e-05	3.171379e-02	-7.927364e+00
3.105000e-05	3.107538e-02	-7.710044e+00
3.106000e-05	2.997514e-02	-7.581228e+00
3.107000e-05	2.766488e-02	-7.475761e+00
3.108000e-05	2.597174e-02	-7.348096e+00
3.109000e-05	2.558038e-02	-7.213127e+00
3.110000e-05	2.314890e-02	-7.096965e+00
3.111000e-05	2.116375e-02	-6.896016e+00
3.112000e-05	2.023641e-02	-6.790148e+00
3.113000e-05	2.081717e-02	-6.655283e+00
3.114000e-05	1.916240e-02	-6.525890e+00
3.115000e-05	1.851869e-02	-6.410523e+00
3.116000e-05	1.650568e-02	-6.213183e+00
3.117000e-05	1.563295e-02	-6.031729e+00
3.118000e-05	1.517069e-02	-5.947336e+00
3.119000e-05	1.342518e-02	-5.720419e+00
3.120000e-05	1.266291e-02	-5.622632e+00
3.121000e-05	1.187025e-02	-5.484758e+00
3.122000e-05	1.182536e-02	-5.263708e+00
3.123000e-05	1.054216e-02	-5.054186e+00
3.124000e-05	9.578293e-03	-4.908316e+00
3.125000e-05	9.363557e-03	-4.673265e+00
3.126000e-05	8.444254e-03	-4.526945e+00
3.127000e-05	8.020752e-03	-4.380549e+00
3.128000e-05	5.363972e-03	-4.241759e+00
3.129000e-05	6.137424e-03	-4.075338e+00
3.130000e-05	6.859152e-03	-3.898347e+00
3.131000e-05	6.039034e-03	-3.727971e+00
3.132000e-05	3.996720e-03	-3.579945e+00
3.133000e-05	4.467588e-03	-3.351051e+00
3.134000e-05	4.620465e-03	-3.242157e+00
3.135000e-05	4.106409e-03	-3.074709e+00
3.136000e-05	2.044729e-03	-2.834607e+00
3.137000e-05	1.700855e-03	-2.715238e+00
3.138000e-05	6.366547e-04	-2.465795e+00
3.139000e-05	2.415986e-03	-2.328325e+00
3.140000e-05	9.474681e-04	-2.098393e+00
3.141000e-05	1.329723e-03	-1.947344e+00
3.142000e-05	-1.165520e-03	-1.739399e+00
3.143000e-05	-3.478889e-05	-1.619530e+00
3.144000e-05	-1.363464e-03	-1.390374e+00
3.145000e-05	-3.579429e-04	-1.147274e+00
3.146000e-05	-2.617981e-03	-9.463485e-01
3.147000e-05	-3.906341e-03	-8.015026e-01
3.148000e-05	-3.614036e-03	-5.790801e-01
3.149000e-05	-3.327369e-03	-3.789762e-01
3.150000e-05	-2.856100e-03	-2.114802e-01
3.151000e-05	-2.289166e-03	6.342059e-03
3.152000e-05	1.177006e-03	1.367859e-01
3.153000e-05	3.969453e-04	3.673669e-01
3.154000e-05	-4.154030e-03	4.736356e-01
3.155000e-05	6.448238e-04	6.342580e-01
3.156000e-05	-3.644152e-03	7.810014e-01
3.157000e-05	-3.459828e-03	1.030020e+00
3.158000e-05	-3.672604e-03	1.210600e+00
3.159000e-05	5.114799e-03	1.367994e+00
3.160000e-05	4.116734e-02	1.600069e+00
3.161000e-05	5.042852e-02	1.842682e+00
3.162000e-05	-5.287415e-02	2.023030e+00
3.163000e-05	-3.753429e-02	2.200049e+00
3.164000e-05	-5.475390e-02	2.378921e+00
3.165000e-05	-6.858123e-02	2.514257e+00
3.166000e-05	1.135731e-01	2.663209e+00
3.167000e-05	7.094976e-03	2.843153e+00
3.168000e-05	-1.245778e-01	2.958996e+00
3.169000e-05	1.544955e-01	3.095995e+00
3.170000e-05	-8.613054e-02	3.328414e+00
3.171000e-05	-5.949901e-02	3.527942e+00
3.172000e-05	1.009602e-01	3.663252e+00
3.173000e-05	-8.149081e-02	3.844730e+00
3.174000e-05	-1.828926e-02	4.014100e+00
3.175000e-05	6.635016e-02	4.210620e+00
3.176000e-05	-6.433454e-02	4.420573e+00
3.177000e-05	1.482554e-02	4.589545e+00
3.178000e-05	-2.308136e-02	4.797544e+00
3.179000e-05	-2.977554e-02	4.866959e+00
3.180000e-05	9.540812e-03	5.168990e+00
3.181000e-05	-2.437764e-02	5.299441e+00
3.182000e-05	1.128331e-02	5.496312e+00
3.183000e-05	-9.521896e-03	5.653304e+00
3.184000e-05	-3.848813e-03	5.815227e+00
3.185000e-05	-3.622531e-02	5.993152e+00
3.186000e-05	-2.643131e-02	6.149919e+00
3.187000e-05	2.478112e-02	6.294360e+00
3.188000e-05	-3.320535e-02	6.391625e+00
3.189000e-05	-8.973978e-03	6.540539e+00
3.190000e-05	-1.347789e-02	6.729520e+00
3.191000e-05	-2.148834e-02	6.854382e+00
3.192000e-05	-9.600180e-03	7.013196e+00
3.193000e-05	-2.486073e-02	7.127492e+00
3.194000e-05	-2.624658e-03	7.251127e+00
3.195000e-05	-1.486750e-02	7.340648e+00
3.196000e-05	-2.076815e-02	7.571067e+00
3.197000e-05	-1.982518e-02	7.706912e+00
3.198000e-05	-1.126947e-02	7.813703e+00
3.199000e-05	-1.473153e-02	7.927993e+00
3.200000e-05	-2.943883e-02	8.056435e+00
3.201000e-05	-1.686849e-02	8.202226e+00
3.202000e-05	-9.707488e-03	8.297894e+00
3.203000e-05	-2.243169e-02	8.412601e+00
3.204000e-05	-2.334753e-02	8.477330e+00
3.205000e-05	-2.079523e-02	8.550595e+00
3.206000e-05	-1.782714e-02	8.668832e+00
3.207000e-05	-2.662091e-02	8.728473e+00
3.208000e-05	-2.294367e-02	8.833856e+00
3.209000e-05	-1.818330e-02	8.890518e+00
3.210000e-05	-2.656417e-02	9.065383e+00
3.211000e-05	-2.450268e-02	9.168024e+00
3.212000e-05	-2.338853e-02	9.243730e+00
3.213000e-05	-1.985977e-02	9.286462e+00
3.214000e-05	-2.951969e-02	9.350993e+00
3.215000e-05	-2.720628e-02	9.424733e+00
3.216000e-05	-2.276417e-02	9.487935e+00
3.217000e-05	-2.651290e-02	9.581552e+00
3.218000e-05	-2.955109e-02	9.570631e+00
3.219000e-05	-2.858391e-02	9.706908e+00
3.220000e-05	-2.645421e-02	9.708718e+00
3.221000e-05	-3.020245e-02	9.760700e+00
3.222000e-05	-3.024370e-02	9.825856e+00
3.223000e-05	-2.955226e-02	9.856911e+00
3.224000e-05	-3.152077e-02	9.898443e+00
3.225000e-05	-3.230440e-02	9.940068e+00
3.226000e-05	-3.121292e-02	9.989624e+00
3.227000e-05	-3.033255e-02	1.002225e+01
3.228000e-05	-3.635273e-02	1.002375e+01
3.229000e-05	-3.743380e-02	1.003323e+01
3.230000e-05	-3.346555e-02	1.005526e+01
3.231000e-05	-3.429641e-02	1.009694e+01
3.232000e-05	-3.686832e-02	1.008541e+01
3.233000e-05	-3.647032e-02	1.005644e+01
3.234000e-05	-3.792141e-02	1.006641e+01
3.235000e-05	-3.868906e-02	1.007644e+01
3.236000e-05	-4.090243e-02	1.008801e+01
3.237000e-05	-3.955825e-02	1.010539e+01
3.238000e-05	-3.918780e-02	1.007793e+01
3.239000e-05	-4.189010e-02	1.005679e+01
3.240000e-05	-4.132218e-02	1.003323e+01
3.241000e-05	-4.439240e-02	1.002473e+01
3.242000e-05	-4.482390e-02	1.004171e+01
3.243000e-05	-4.633540e-02	9.991626e+00
3.244000e-05	-4.592776e-02	9.979578e+00
3.245000e-05	-4.774451e-02	9.927946e+00
3.246000e-05	-5.024234e-02	9.854887e+00
3.247000e-05	-4.987832e-02	9.813806e+00
3.248000e-05	-5.123229e-02	9.729174e+00
3.249000e-05	-5.369442e-02	9.645841e+00
3.250000e-05	-5.779796e-02	9.622255e+00
3.251000e-05	-5.818810e-02	9.550099e+00
3.252000e-05	-5.733363e-02	9.516339e+00
3.253000e-05	-5.866914e-02	9.455257e+00
3.254000e-05	-5.867441e-02	9.401152e+00
3.255000e-05	-6.018249e-02	9.308418e+00
3.256000e-05	-5.988731e-02	9.234258e+00
3.257000e-05	-6.121852e-02	9.200603e+00
3.258000e-05	-5.790518e-02	9.096887e+00
3.259000e-05	-5.648553e-02	9.012755e+00
3.260000e-05	-5.547640e-02	8.866790e+00
3.261000e-05	-5.537557e-02	8.781202e+00
3.262000e-05	-5.265309e-02	8.696916e+00
3.263000e-05	-5.089353e-02	8.621732e+00
3.264000e-05	-4.922693e-02	8.527918e+00
3.265000e-05	-4.682545e-02	8.434690e+00
3.266000e-05	-4.505846e-02	8.359998e+00
3.267000e-05	-4.369505e-02	8.282781e+00
3.268000e-05	-4.194945e-02	8.130445e+00
3.269000e-05	-4.083043e-02	8.001176e+00
3.270000e-05	-3.884045e-02	7.893790e+00
3.271000e-05	-3.789782e-02	7.741075e+00
3.272000e-05	-3.487202e-02	7.655209e+00
3.273000e-05	-3.353084e-02	7.540498e+00
3.274000e-05	-3.204992e-02	7.389550e+00
3.275000e-05	-3.074629e-02	7.213052e+00
3.276000e-05	-2.996804e-02	7.087288e+00
3.277000e-05	-2.968976e-02	6.958994e+00
3.278000e-05	-2.873007e-02	6.831112e+00
3.279000e-05	-2.636740e-02	6.695915e+00
3.280000e-05	-2.504520e-02	6.496870e+00
3.281000e-05	-2.504585e-02	6.368024e+00
3.282000e-05	-2.358976e-02	6.232634e+00
3.283000e-05	-2.243403e-02	6.076420e+00
3.284000e-05	-2.148465e-02	5.959571e+00
3.285000e-05	-2.152187e-02	5.788630e+00
3.286000e-05	-2.025261e-02	5.611207e+00
3.287000e-05	-1.950383e-02	5.443766e+00
3.288000e-05	-1.977902e-02	5.295843e+00
3.289000e-05	-1.851713e-02	5.119419e+00
3.290000e-05	-1.721018e-02	4.876295e+00
3.291000e-05	-1.713296e-02	4.736920e+00
3.292000e-05	-1.798009e-02	4.570500e+00
3.293000e-05	-1.659902e-02	4.410578e+00
3.294000e-05	-1.413414e-02	4.284813e+00
3.295000e-05	-1.345325e-02	4.074109e+00
3.296000e-05	-1.397748e-02	3.905795e+00
3.297000e-05	-1.386543e-02	3.746424e+00
3.298000e-05	-1.206459e-02	3.579954e+00
3.299000e-05	-1.204804e-02	3.379529e+00
3.300000e-05	-1.203379e-02	3.239603e+00
3.301000e-05	-1.143257e-02	3.022608e+00
3.302000e-05	-9.868642e-03	2.854289e+00
3.303000e-05	-1.031949e-02	2.704871e+00
3.304000e-05	-1.055396e-02	2.493617e+00
3.305000e-05	-9.867257e-03	2.285317e+00
3.306000e-05	-8.340226e-03	2.116822e+00
3.307000e-05	-8.304754e-03	1.938350e+00
3.308000e-05	-8.877975e-03	1.799948e+00
3.309000e-05	-7.854484e-03	1.526400e+00
3.310000e-05	-7.362494e-03	1.357426e+00
3.311000e-05	-7.177243e-03	1.188430e+00
3.312000e-05	-6.961137e-03	9.387749e-01
3.313000e-05	-6.725200e-03	7.259000e-01
3.314000e-05	-6.063764e-03	5.484788e-01
3.315000e-05	-5.741597e-03	3.990525e-01
3.316000e-05	-5.022268e-03	2.094379e-01
3.317000e-05	-3.232231e-03	9.503885e-03
3.318000e-05	3.054394e-03	-1.769671e-01
3.319000e-05	4.171831e-04	-3.272868e-01
3.320000e-05	-1.113125e-03	-4.456766e-01
3.321000e-05	5.285694e-04	-7.157779e-01
3.322000e-05	-2.170119e-03	-8.436263e-01
3.323000e-05	1.009813e-03	-9.810999e-01
3.324000e-05	2.557596e-04	-1.168515e+00
3.325000e-05	3.123220e-02	-1.358961e+00
3.326000e-05	8.358082e-02	-1.590020e+00
3.327000e-05	-4.948449e-02	-1.852145e+00
3.328000e-05	-2.401105e-02	-2.076229e+00
3.329000e-05	-6.546745e-02	-2.336891e+00
3.330000e-05	-5.499372e-02	-2.391024e+00
3.331000e-05	1.605701e-01	-2.442653e+00
3.332000e-05	-6.126506e-02	-2.641698e+00
3.333000e-05	-6.066249e-02	-2.843674e+00
3.334000e-05	1.837396e-01	-2.998493e+00
3.335000e-05	-1.516155e-01	-3.151617e+00
3.336000e-05	-8.933470e-03	-3.450547e+00
3.337000e-05	1.373282e-01	-3.527366e+00
3.338000e-05	-1.389082e-01	-3.676383e+00
3.339000e-05	8.017656e-02	-3.937439e+00
3.340000e-05	5.632707e-02	-4.053754e+00
3.341000e-05	-1.057532e-01	-4.265283e+00
3.342000e-05	1.219280e-01	-4.390074e+00
3.343000e-05	-9.416705e-02	-4.610486e+00
3.344000e-05	2.371156e-02	-4.811570e+00
3.345000e-05	7.899274e-02	-4.906383e+00
3.346000e-05	-1.007972e-01	-5.096382e+00
3.347000e-05	1.045107e-01	-5.295880e+00
3.348000e-05	-1.918211e-02	-5.527483e+00
3.349000e-05	1.829933e-02	-5.695775e+00
3.350000e-05	8.546152e-03	-5.813147e+00
3.351000e-05	-5.789867e-02	-5.961070e+00
3.352000e-05	1.043259e-01	-6.066303e+00
3.353000e-05	-5.459746e-02	-6.266777e+00
3.354000e-05	3.437287e-02	-6.443178e+00
3.355000e-05	4.170237e-02	-6.550616e+00
3.356000e-05	-4.146061e-02	-6.748341e+00
3.357000e-05	4.957975e-02	-6.822674e+00
3.358000e-05	-4.241366e-02	-6.952696e+00
3.359000e-05	7.469831e-02	-7.139066e+00
3.360000e-05	5.289946e-03	-7.266303e+00
3.361000e-05	-2.226981e-02	-7.392221e+00
3.362000e-05	3.629765e-02	-7.518508e+00
3.363000e-05	-4.163171e-05	-7.674852e+00
3.364000e-05	3.960144e-02	-7.813718e+00
3.365000e-05	-2.249953e-02	-7.939064e+00
3.366000e-05	3.526348e-02	-8.045280e+00
3.367000e-05	2.253666e-02	-8.151067e+00
3.368000e-05	-5.905294e-05	-8.266407e+00
3.369000e-05	2.575183e-02	-8.340115e+00
3.370000e-05	1.275811e-02	-8.473879e+00
3.371000e-05	2.625132e-02	-8.590717e+00
3.372000e-05	-9.771566e-03	-8.728383e+00
3.373000e-05	2.747215e-02	-8.833148e+00
3.374000e-05	2.785600e-02	-8.897381e+00
3.375000e-05	1.571654e-02	-9.010567e+00
3.376000e-05	1.498667e-02	-9.035804e+00
3.377000e-05	1.892037e-02	-9.128390e+00
3.378000e-05	2.808187e-02	-9.180045e+00
3.379000e-05	9.081152e-03	-9.223930e+00
3.380000e-05	2.327636e-02	-9.320512e+00
3.381000e-05	2.522727e-02	-9.434828e+00
3.382000e-05	2.214410e-02	-9.516933e+00
3.383000e-05	1.648026e-02	-9.560574e+00
3.384000e-05	2.572773e-02	-9.623128e+00
3.385000e-05	2.786156e-02	-9.675382e+00
3.386000e-05	1.949308e-02	-9.738437e+00
3.387000e-05	2.378137e-02	-9.779118e+00
3.388000e-05	2.548033e-02	-9.771651e+00
3.389000e-05	2.686188e-02	-9.865802e+00
3.390000e-05	2.359367e-02	-9.864931e+00
3.391000e-05	2.783420e-02	-9.886784e+00
3.392000e-05	2.619229e-02	-9.949094e+00
3.393000e-05	2.366855e-02	-9.938519e+00
3.394000e-05	2.747232e-02	-9.959569e+00
3.395000e-05	3.242802e-02	-9.989570e+00
3.396000e-05	3.060151e-02	-1.000159e+01
3.397000e-05	2.806027e-02	-9.981574e+00
3.398000e-05	3.034175e-02	-1.001260e+01
3.399000e-05	3.154434e-02	-1.001273e+01
3.400000e-05	3.022744e-02	-1.003735e+01
3.401000e-05	3.113185e-02	-1.002170e+01
3.402000e-05	3.381599e-02	-1.002465e+01
3.403000e-05	3.458171e-02	-9.993724e+00
3.404000e-05	3.485493e-02	-1.002318e+01
3.405000e-05	3.686631e-02	-1.001208e+01
3.406000e-05	3.708700e-02	-1.000060e+01
3.407000e-05	3.702955e-02	-9.949940e+00
3.408000e-05	3.797206e-02	-9.918017e+00
3.409000e-05	4.023395e-02	-9.895836e+00
3.410000e-05	4.035796e-02	-9.885382e+00
3.411000e-05	4.189575e-02	-9.813780e+00
3.412000e-05	4.519643e-02	-9.812122e+00
3.413000e-05	4.651616e-02	-9.769494e+00
3.414000e-05	4.635356e-02	-9.695941e+00
3.415000e-05	4.798363e-02	-9.673785e+00
3.416000e-05	5.122425e-02	-9.622152e+00
3.417000e-05	5.248186e-02	-9.589524e+00
3.418000e-05	5.166241e-02	-9.498966e+00
3.419000e-05	5.377542e-02	-9.402251e+00
3.420000e-05	5.342157e-02	-9.299042e+00
3.421000e-05	5.198067e-02	-9.233784e+00
3.422000e-05	5.182731e-02	-9.170072e+00
3.423000e-05	5.331352e-02	-9.096364e+00
3.424000e-05	5.393272e-02	-8.992727e+00
3.425000e-05	5.051768e-02	-8.968016e+00
3.426000e-05	4.904396e-02	-8.825206e+00
3.427000e-05	4.829593e-02	-8.771119e+00
3.428000e-05	4.524108e-02	-8.717912e+00
3.429000e-05	4.150946e-02	-8.578698e+00
3.430000e-05	4.239324e-02	-8.433830e+00
3.431000e-05	4.129084e-02	-8.370620e+00
3.432000e-05	3.896138e-02	-8.276284e+00
3.433000e-05	3.591008e-02	-8.160071e+00
3.434000e-05	3.500249e-02	-8.084257e+00
3.435000e-05	3.481490e-02	-7.950070e+00
3.436000e-05	3.236813e-02	-7.863860e+00
3.437000e-05	3.049979e-02	-7.624907e+00
3.438000e-05	2.812484e-02	-7.569622e+00
3.439000e-05	2.625263e-02	-7.422203e+00
3.440000e-05	2.560449e-02	-7.267837e+00
3.441000e-05	2.463944e-02	-7.170072e+00
3.442000e-05	2.411017e-02	-7.052809e+00
3.443000e-05	2.156067e-02	-6.843783e+00
3.444000e-05	1.995940e-02	-6.758442e+00
3.445000e-05	1.930202e-02	-6.621549e+00
3.446000e-05	1.983737e-02	-6.474211e+00
3.447000e-05	1.815739e-02	-6.369347e+00
3.448000e-05	1.544380e-02	-6.177950e+00
3.449000e-05	1.510645e-02	-5.959575e+00
3.450000e-05	1.451796e-02	-5.872256e+00
3.451000e-05	1.284494e-02	-5.696813e+00
3.452000e-05	1.177912e-02	-5.550467e+00
3.453000e-05	1.155457e-02	-5.378999e+00
3.454000e-05	1.212594e-02	-5.160471e+00
3.455000e-05	1.136403e-02	-5.001477e+00
3.456000e-05	9.200152e-03	-4.822680e+00
3.457000e-05	8.952186e-03	-4.610022e+00
3.458000e-05	7.802395e-03	-4.474186e+00
3.459000e-05	7.411650e-03	-4.336370e+00
3.460000e-05	5.409435e-03	-4.161026e+00
3.461000e-05	8.176152e-03	-4.021505e+00
3.462000e-05	5.320792e-03	-3.894686e+00
3.463000e-05	5.089189e-03	-3.642610e+00
3.464000e-05	4.417853e-03	-3.513889e+00
3.465000e-05	5.686136e-03	-3.366870e+00
3.466000e-05	4.266919e-03	-3.138973e+00
3.467000e-05	3.004606e-03	-2.928549e+00
3.468000e-05	2.340000e-03	-2.799971e+00
3.469000e-05	2.453636e-03	-2.621557e+00
3.470000e-05	2.235733e-03	-2.392153e+00
3.471000e-05	1.448998e-03	-2.264563e+00
3.472000e-05	1.745847e-03	-2.033080e+00
3.473000e-05	5.611611e-04	-1.833687e+00
3.474000e-05	5.840868e-04	-1.674140e+00
3.475000e-05	-4.650973e-04	-1.496342e+00
3.476000e-05	-1.405973e-04	-1.251212e+00
3.477000e-05	-2.220762e-03	-1.071686e+00
3.478000e-05	-1.969178e-03	-8.647320e-01
3.479000e-05	-2.865671e-03	-7.338720e-01
3.480000e-05	-3.073936e-03	-4.427631e-01
3.481000e-05	-3.473573e-03	-3.058183e-01
3.482000e-05	-2.071173e-03	-1.267709e-01
3.483000e-05	-2.626858e-04	2.305369e-02
3.484000e-05	3.090541e-03	2.125025e-01
3.485000e-05	-2.717914e-03	4.195526e-01
3.486000e-05	-5.722939e-04	6.079173e-01
3.487000e-05	-2.513427e-03	7.558670e-01
3.488000e-05	-3.873159e-03	8.247317e-01
3.489000e-05	-4.320336e-03	1.084782e+00
3.490000e-05	1.573281e-03	1.283759e+00
3.491000e-05	1.339695e-02	1.443681e+00
3.492000e-05	6.303017e-02	1.744759e+00
3.493000e-05	8.577143e-04	1.897388e+00
3.494000e-05	-5.611220e-02	2.105782e+00
3.495000e-05	-3.530188e-02	2.304732e+00
3.496000e-05	-7.390224e-02	2.430078e+00
3.497000e-05	-8.358329e-03	2.548999e+00
3.498000e-05	1.428516e-01	2.758422e+00
3.499000e-05	-1.305552e-01	2.905788e+00
3.500000e-05	2.492298e-02	3.021576e+00
3.501000e-05	8.570707e-02	3.222770e+00
3.502000e-05	-1.399827e-01	3.444701e+00
3.503000e-05	4.327003e-02	3.600050e+00
3.504000e-05	4.738330e-02	3.728437e+00
3.505000e-05	-1.127453e-01	3.907991e+00
3.506000e-05	6.954223e-02	4.086284e+00
3.507000e-05	-9.757339e-03	4.336387e+00
3.508000e-05	-3.973938e-02	4.475207e+00
3.509000e-05	2.092999e-02	4.653704e+00
3.510000e-05	-5.118070e-02	4.833050e+00
3.511000e-05	4.495942e-03	4.993749e+00
3.512000e-05	-1.446686e-02	5.265302e+00
3.513000e-05	-4.556190e-03	5.464253e+00
3.514000e-05	1.942593e-03	5.579501e+00
3.515000e-05	-7.128381e-03	5.767938e+00
3.516000e-05	-1.549188e-02	5.917914e+00
3.517000e-05	-4.587724e-02	6.074754e+00
3.518000e-05	3.734420e-03	6.181152e+00
3.519000e-05	6.861311e-03	6.350064e+00
3.520000e-05	-3.389706e-02	6.454854e+00
3.521000e-05	2.363462e-04	6.645783e+00
3.522000e-05	-2.458795e-02	6.812648e+00
3.523000e-05	-1.377618e-02	6.907866e+00
3.524000e-05	-1.628348e-02	7.074756e+00
3.525000e-05	-2.235459e-02	7.172549e+00
3.526000e-05	2.565020e-03	7.256858e+00
3.527000e-05	-2.621587e-02	7.415280e+00
3.528000e-05	-1.628183e-02	7.604803e+00
3.529000e-05	-2.171977e-02	7.739045e+00
3.530000e-05	-6.166868e-03	7.836957e+00
3.531000e-05	-2.370602e-02	8.002645e+00
3.532000e-05	-2.751724e-02	8.119042e+00
3.533000e-05	-1.004616e-02	8.274257e+00
3.534000e-05	-1.776597e-02	8.338041e+00
3.535000e-05	-2.168520e-02	8.432230e+00
3.536000e-05	-2.531129e-02	8.497885e+00
3.537000e-05	-1.571125e-02	8.652252e+00
3.538000e-05	-2.419044e-02	8.667864e+00
3.539000e-05	-2.556778e-02	8.769574e+00
3.540000e-05	-2.018057e-02	8.885306e+00
3.541000e-05	-2.058031e-02	8.973671e+00
3.542000e-05	-2.561317e-02	9.075911e+00
3.543000e-05	-2.540596e-02	9.161175e+00
3.544000e-05	-2.055251e-02	9.245730e+00
3.545000e-05	-2.619644e-02	9.327491e+00
3.546000e-05	-2.887660e-02	9.412701e+00
3.547000e-05	-2.601220e-02	9.484385e+00
3.548000e-05	-2.225338e-02	9.498468e+00
3.549000e-05	-2.910257e-02	9.589701e+00
3.550000e-05	-2.962395e-02	9.622728e+00
3.551000e-05	-2.751994e-02	9.667437e+00
3.552000e-05	-2.855218e-02	9.721543e+00
3.553000e-05	-2.978123e-02	9.804332e+00
3.554000e-05	-3.047341e-02	9.897381e+00
3.555000e-05	-3.128658e-02	9.856961e+00
3.556000e-05	-3.332279e-02	9.929517e+00
3.557000e-05	-3.054814e-02	9.980095e+00
3.558000e-05	-3.033912e-02	1.000110e+01
3.559000e-05	-3.332361e-02	1.002323e+01
3.560000e-05	-3.778574e-02	1.004375e+01
3.561000e-05	-3.546208e-02	1.003426e+01
3.562000e-05	-3.400597e-02	1.003584e+01
3.563000e-05	-3.608941e-02	1.006536e+01
3.564000e-05	-3.717569e-02	1.006736e+01
3.565000e-05	-3.703210e-02	1.005543e+01
3.566000e-05	-3.841970e-02	1.009794e+01
3.567000e-05	-4.068894e-02	1.008649e+01
3.568000e-05	-4.042345e-02	1.007741e+01
3.569000e-05	-3.921534e-02	1.005446e+01
3.570000e-05	-4.214980e-02	1.006533e+01
3.571000e-05	-4.277879e-02	1.007434e+01
3.572000e-05	-4.309877e-02	1.000379e+01
3.573000e-05	-4.370269e-02	1.001366e+01
3.574000e-05	-4.613716e-02	9.992705e+00
3.575000e-05	-4.643643e-02	9.992071e+00
3.576000e-05	-4.707505e-02	9.949521e+00
3.577000e-05	-4.853897e-02	9.928970e+00
3.578000e-05	-5.150326e-02	9.853812e+00
3.579000e-05	-5.206658e-02	9.793173e+00
3.580000e-05	-5.319487e-02	9.769089e+00
3.581000e-05	-5.599035e-02	9.635812e+00
3.582000e-05	-5.767231e-02	9.601631e+00
3.583000e-05	-5.788307e-02	9.549975e+00
3.584000e-05	-5.780032e-02	9.444390e+00
3.585000e-05	-6.027096e-02	9.443678e+00
3.586000e-05	-6.007690e-02	9.318593e+00
3.587000e-05	-5.969467e-02	9.265387e+00
3.588000e-05	-5.905401e-02	9.213679e+00
3.589000e-05	-5.981209e-02	9.159996e+00
3.590000e-05	-5.796352e-02	9.025358e+00
3.591000e-05	-5.680347e-02	8.888567e+00
3.592000e-05	-5.539440e-02	8.803760e+00
3.593000e-05	-5.397694e-02	8.769025e+00
3.594000e-05	-5.082700e-02	8.673910e+00
3.595000e-05	-5.118657e-02	8.589574e+00
3.596000e-05	-4.729776e-02	8.487340e+00
3.597000e-05	-4.702877e-02	8.392627e+00
3.598000e-05	-4.376848e-02	8.328369e+00
3.599000e-05	-4.333405e-02	8.200702e+00
3.600000e-05	-4.037585e-02	8.113461e+00
3.601000e-05	-4.027927e-02	7.960450e+00
3.602000e-05	-3.785323e-02	7.853207e+00
3.603000e-05	-3.723602e-02	7.707417e+00
3.604000e-05	-3.382027e-02	7.591599e+00
3.605000e-05	-3.349826e-02	7.475464e+00
3.606000e-05	-3.214699e-02	7.256414e+00
3.607000e-05	-3.075465e-02	7.140000e+00
3.608000e-05	-2.888044e-02	7.014257e+00
3.609000e-05	-2.815975e-02	6.875342e+00
3.610000e-05	-2.782746e-02	6.760526e+00
3.611000e-05	-2.682972e-02	6.603232e+00
3.612000e-05	-2.490240e-02	6.464687e+00
3.613000e-05	-2.361447e-02	6.315870e+00
3.614000e-05	-2.325210e-02	6.178474e+00
3.615000e-05	-2.204835e-02	6.023234e+00
3.616000e-05	-2.141979e-02	5.876292e+00
3.617000e-05	-2.127562e-02	5.736344e+00
3.618000e-05	-2.008608e-02	5.567422e+00
3.619000e-05	-1.994905e-02	5.391050e+00
3.620000e-05	-1.835837e-02	5.242611e+00
3.621000e-05	-1.887929e-02	5.020159e+00
3.622000e-05	-1.743795e-02	4.811557e+00
3.623000e-05	-1.722469e-02	4.653161e+00
3.624000e-05	-1.656557e-02	4.505893e+00
3.625000e-05	-1.520578e-02	4.369526e+00
3.626000e-05	-1.438356e-02	4.108473e+00
3.627000e-05	-1.325981e-02	3.989975e+00
3.628000e-05	-1.334423e-02	3.811133e+00
3.629000e-05	-1.218678e-02	3.663662e+00
3.630000e-05	-1.260715e-02	3.504769e+00
3.631000e-05	-1.167137e-02	3.245746e+00
3.632000e-05	-1.176317e-02	3.118924e+00
3.633000e-05	-1.067109e-02	2.959450e+00
3.634000e-05	-1.116361e-02	2.811503e+00
3.635000e-05	-9.943552e-03	2.641033e+00
3.636000e-05	-9.361727e-03	2.390401e+00
3.637000e-05	-9.163920e-03	2.220557e+00
3.638000e-05	-8.414971e-03	2.051533e+00
3.639000e-05	-8.164805e-03	1.903217e+00
3.640000e-05	-7.748122e-03	1.683638e+00
3.641000e-05	-7.958445e-03	1.463216e+00
3.642000e-05	-7.110957e-03	1.284717e+00
3.643000e-05	-6.332528e-03	1.075292e+00
3.644000e-05	-6.215578e-03	8.320607e-01
3.645000e-05	-5.774147e-03	6.746857e-01
3.646000e-05	-4.934235e-03	4.947383e-01
3.647000e-05	-3.659017e-03	3.472736e-01
3.648000e-05	-4.510442e-03	1.142959e-01
3.649000e-05	-3.499339e-04	-8.420390e-02
3.650000e-05	3.360890e-03	-2.431488e-01
3.651000e-05	-2.461501e-03	-4.214935e-01
3.652000e-05	1.067503e-03	-5.293347e-01
3.653000e-05	-1.957263e-03	-7.989411e-01
3.654000e-05	-1.445979e-04	-9.358645e-01
3.655000e-05	-8.322163e-04	-1.094704e+00
3.656000e-05	9.501521e-03	-1.241648e+00
3.657000e-05	6.504754e-02	-1.452778e+00
3.658000e-05	3.854750e-02	-1.684707e+00
3.659000e-05	-6.305353e-02	-1.948465e+00
3.660000e-05	-1.733785e-02	-2.191117e+00
3.661000e-05	-9.922909e-02	-2.369522e+00
3.662000e-05	5.319085e-02	-2.450150e+00
3.663000e-05	1.240144e-01	-2.486811e+00
3.664000e-05	-1.653201e-01	-2.708937e+00
3.665000e-05	9.994842e-02	-2.888281e+00
3.666000e-05	4.543195e-02	-3.044272e+00
3.667000e-05	-1.776220e-01	-3.296332e+00
3.668000e-05	1.324105e-01	-3.463805e+00
3.669000e-05	1.128606e-02	-3.561496e+00
3.670000e-05	-1.047665e-01	-3.813099e+00
3.671000e-05	1.671697e-01	-3.970497e+00
3.672000e-05	-9.189731e-02	-4.142066e+00
3.673000e-05	1.754436e-02	-4.378921e+00
3.674000e-05	5.565096e-02	-4.434252e+00
3.675000e-05	-1.096016e-01	-4.676779e+00
3.676000e-05	1.210489e-01	-4.833728e+00
3.677000e-05	-4.112140e-02	-4.961098e+00
3.678000e-05	-1.804198e-02	-5.192190e+00
3.679000e-05	9.160866e-02	-5.403544e+00
3.680000e-05	-4.985445e-02	-5.601620e+00
3.681000e-05	6.247653e-02	-5.728390e+00
3.682000e-05	-6.667263e-02	-5.875256e+00
3.683000e-05	3.134426e-02	-6.033674e+00
3.684000e-05	5.682228e-02	-6.141082e+00
3.685000e-05	-6.470118e-02	-6.340041e+00
3.686000e-05	9.278239e-02	-6.485808e+00
3.687000e-05	-3.202804e-02	-6.634203e+00
3.688000e-05	1.558051e-02	-6.770998e+00
3.689000e-05	4.870940e-03	-6.887830e+00
3.690000e-05	-9.048288e-03	-7.066302e+00
3.691000e-05	8.299411e-02	-7.220648e+00
3.692000e-05	-4.661047e-02	-7.317990e+00
3.693000e-05	2.614992e-02	-7.413725e+00
3.694000e-05	1.139181e-02	-7.571091e+00
3.695000e-05	2.499050e-02	-7.718482e+00
3.696000e-05	1.325552e-02	-7.874378e+00
3.697000e-05	-1.417144e-02	-8.012121e+00
3.698000e-05	5.235253e-02	-8.087888e+00
3.699000e-05	-5.933497e-03	-8.202175e+00
3.700000e-05	2.194085e-02	-8.318435e+00
3.701000e-05	1.436919e-02	-8.390595e+00
3.702000e-05	2.712594e-02	-8.497584e+00
3.703000e-05	6.597952e-03	-8.574876e+00
3.704000e-05	1.628761e-03	-8.739493e+00
3.705000e-05	3.627265e-02	-8.835727e+00
3.706000e-05	1.820264e-02	-8.907484e+00
3.707000e-05	1.599809e-02	-9.031225e+00
3.708000e-05	1.190417e-02	-9.037387e+00
3.709000e-05	2.858564e-02	-9.139043e+00
3.710000e-05	1.938680e-02	-9.203200e+00
3.711000e-05	1.462570e-02	-9.257957e+00
3.712000e-05	2.448537e-02	-9.383268e+00
3.713000e-05	2.231715e-02	-9.476862e+00
3.714000e-05	1.903688e-02	-9.549970e+00
3.715000e-05	2.089613e-02	-9.611647e+00
3.716000e-05	3.022367e-02	-9.625281e+00
3.717000e-05	2.224960e-02	-9.707914e+00
3.718000e-05	2.095042e-02	-9.748037e+00
3.719000e-05	2.258487e-02	-9.771593e+00
3.720000e-05	2.734540e-02	-9.814225e+00
3.721000e-05	2.533088e-02	-9.863879e+00
3.722000e-05	2.652061e-02	-9.886406e+00
3.723000e-05	2.836327e-02	-9.887363e+00
3.724000e-05	2.407986e-02	-9.939016e+00
3.725000e-05	2.610909e-02	-9.939542e+00
3.726000e-05	2.968511e-02	-9.961042e+00
3.727000e-05	3.079775e-02	-1.000115e+01
3.728000e-05	2.708326e-02	-1.000213e+01
3.729000e-05	3.026232e-02	-1.001258e+01
3.730000e-05	3.273996e-02	-9.996278e+00
3.731000e-05	3.141823e-02	-1.003168e+01
3.732000e-05	2.933619e-02	-9.994308e+00
3.733000e-05	3.232725e-02	-1.003428e+01
3.734000e-05	3.391654e-02	-1.004468e+01
3.735000e-05	3.524429e-02	-1.003365e+01
3.736000e-05	3.559158e-02	-9.991075e+00
3.737000e-05	3.697428e-02	-9.971550e+00
3.738000e-05	3.585591e-02	-9.952049e+00
3.739000e-05	3.612797e-02	-9.918018e+00
3.740000e-05	4.062454e-02	-9.907465e+00
3.741000e-05	4.150963e-02	-9.896333e+00
3.742000e-05	4.098236e-02	-9.835303e+00
3.743000e-05	4.234187e-02	-9.813727e+00
3.744000e-05	4.490877e-02	-9.781071e+00
3.745000e-05	4.621817e-02	-9.726991e+00
3.746000e-05	4.614954e-02	-9.696311e+00
3.747000e-05	4.963184e-02	-9.636181e+00
3.748000e-05	5.123521e-02	-9.591152e+00
3.749000e-05	5.090563e-02	-9.538520e+00
3.750000e-05	5.135170e-02	-9.437408e+00
3.751000e-05	5.390877e-02	-9.383145e+00
3.752000e-05	5.352898e-02	-9.257438e+00
3.753000e-05	5.208408e-02	-9.201674e+00
3.754000e-05	5.117619e-02	-9.148518e+00
3.755000e-05	5.362214e-02	-9.054311e+00
3.756000e-05	5.208432e-02	-8.970073e+00
3.757000e-05	4.869772e-02	-8.906411e+00
3.758000e-05	4.598956e-02	-8.833182e+00
3.759000e-05	4.555596e-02	-8.748519e+00
3.760000e-05	4.547445e-02	-8.654309e+00
3.761000e-05	4.323309e-02	-8.538561e+00
3.762000e-05	4.044701e-02	-8.412756e+00
3.763000e-05	3.897409e-02	-8.337937e+00
3.764000e-05	3.771422e-02	-8.192202e+00
3.765000e-05	3.542387e-02	-8.117963e+00
3.766000e-05	3.339647e-02	-8.023705e+00
3.767000e-05	3.219998e-02	-7.907866e+00
3.768000e-05	3.244886e-02	-7.770091e+00
3.769000e-05	2.764295e-02	-7.613203e+00
3.770000e-05	2.703810e-02	-7.486362e+00
3.771000e-05	2.666054e-02	-7.319070e+00
3.772000e-05	2.602433e-02	-7.211104e+00
3.773000e-05	2.268054e-02	-7.077390e+00
3.774000e-05	2.144604e-02	-6.920046e+00
3.775000e-05	2.104725e-02	-6.821049e+00
3.776000e-05	2.061123e-02	-6.635311e+00
3.777000e-05	1.848740e-02	-6.508917e+00
3.778000e-05	1.729979e-02	-6.430001e+00
3.779000e-05	1.661686e-02	-6.213782e+00
3.780000e-05	1.646366e-02	-6.074362e+00
3.781000e-05	1.406687e-02	-5.927318e+00
3.782000e-05	1.359627e-02	-5.780625e+00
3.783000e-05	1.228239e-02	-5.653159e+00
3.784000e-05	1.158417e-02	-5.475333e+00
3.785000e-05	1.127759e-02	-5.274783e+00
3.786000e-05	1.113735e-02	-5.084313e+00
3.787000e-05	1.009591e-02	-4.924895e+00
3.788000e-05	8.831193e-03	-4.666893e+00
3.789000e-05	7.539808e-03	-4.549019e+00
3.790000e-05	7.691380e-03	-4.410625e+00
3.791000e-05	6.886856e-03	-4.263686e+00
3.792000e-05	6.089936e-03	-4.076290e+00
3.793000e-05	7.631077e-03	-3.946947e+00
3.794000e-05	4.623118e-03	-3.728600e+00
3.795000e-05	4.824220e-03	-3.588451e+00
3.796000e-05	3.531786e-03	-3.430582e+00
3.797000e-05	6.310036e-03	-3.241637e+00
3.798000e-05	3.279479e-03	-3.092793e+00
3.799000e-05	3.444769e-03	-2.843627e+00
3.800000e-05	2.320361e-03	-2.695815e+00
3.801000e-05	3.543072e-04	-2.514841e+00
3.802000e-05	2.585248e-03	-2.338900e+00
3.803000e-05	3.519897e-04	-2.166372e+00
3.804000e-05	2.866433e-03	-1.958921e+00
3.805000e-05	8.522956e-06	-1.790024e+00
3.806000e-05	-3.422461e-05	-1.610126e+00
3.807000e-05	-8.649244e-04	-1.380959e+00
3.808000e-05	-2.320045e-03	-1.159473e+00
3.809000e-05	-1.988337e-03	-9.903751e-01
3.810000e-05	-1.042424e-03	-8.505975e-01
3.811000e-05	-2.360828e-03	-5.610564e-01
3.812000e-05	-2.746115e-03	-3.804776e-01
3.813000e-05	-3.000004e-03	-2.526037e-01
3.814000e-05	-1.821302e-03	-8.418546e-02
3.815000e-05	1.823147e-03	1.342117e-01
3.816000e-05	5.808557e-04	2.963620e-01
3.817000e-05	-3.511038e-03	4.727330e-01
3.818000e-05	-1.636782e-03	6.616067e-01
3.819000e-05	-5.103640e-03	7.915699e-01
3.820000e-05	-2.542668e-03	9.770199e-01
3.821000e-05	-1.999798e-03	1.150966e+00
3.822000e-05	5.420723e-03	1.368420e+00
3.823000e-05	3.292713e-02	1.528995e+00
3.824000e-05	5.769967e-02	1.812548e+00
3.825000e-05	-4.573378e-02	2.020024e+00
3.826000e-05	-4.072538e-02	2.207970e+00
3.827000e-05	-4.916537e-02	2.338347e+00
3.828000e-05	-7.465115e-02	2.484180e+00
3.829000e-05	9.074523e-02	2.683728e+00
3.830000e-05	4.654731e-02	2.821572e+00
3.831000e-05	-1.486540e-01	2.948472e+00
3.832000e-05	1.445093e-01	3.086838e+00
3.833000e-05	-5.324999e-02	3.336807e+00
3.834000e-05	-8.644353e-02	3.527440e+00
3.835000e-05	1.015567e-01	3.653678e+00
3.836000e-05	-5.501040e-02	3.783129e+00
3.837000e-05	-4.441668e-02	4.001095e+00
3.838000e-05	7.688783e-02	4.200568e+00
3.839000e-05	-6.199258e-02	4.370023e+00
3.840000e-05	7.072715e-03	4.540441e+00
3.841000e-05	-1.255086e-02	4.747391e+00
3.842000e-05	-3.586236e-02	4.906408e+00
3.843000e-05	1.428430e-02	5.119894e+00
3.844000e-05	-2.461137e-02	5.318415e+00
3.845000e-05	7.664219e-03	5.486362e+00
3.846000e-05	-7.265788e-03	5.603177e+00
3.847000e-05	-1.138722e-03	5.825255e+00
3.848000e-05	-3.105298e-02	5.969996e+00
3.849000e-05	-3.434937e-02	6.148991e+00
3.850000e-05	2.326222e-02	6.305779e+00
3.851000e-05	-2.544373e-02	6.400101e+00
3.852000e-05	-1.295030e-02	6.548541e+00
3.853000e-05	-8.935872e-03	6.748966e+00
3.854000e-05	-2.308375e-02	6.855732e+00
3.855000e-05	-9.501160e-03	7.002176e+00
3.856000e-05	-2.371700e-02	7.095337e+00
3.857000e-05	-8.247032e-03	7.232150e+00
3.858000e-05	-9.222248e-03	7.361090e+00
3.859000e-05	-2.282937e-02	7.549588e+00
3.860000e-05	-1.883083e-02	7.675332e+00
3.861000e-05	-1.575468e-02	7.780699e+00
3.862000e-05	-9.846567e-03	7.918513e+00
3.863000e-05	-2.737320e-02	8.094754e+00
3.864000e-05	-1.928302e-02	8.138574e+00
3.865000e-05	-9.915847e-03	8.295886e+00
3.866000e-05	-2.264579e-02	8.399598e+00
3.867000e-05	-2.134446e-02	8.465282e+00
3.868000e-05	-2.117363e-02	8.568571e+00
3.869000e-05	-1.550374e-02	8.674305e+00
3.870000e-05	-2.652978e-02	8.727969e+00
3.871000e-05	-2.410853e-02	8.824753e+00
3.872000e-05	-1.877491e-02	8.890038e+00
3.873000e-05	-2.389467e-02	9.064298e+00
3.874000e-05	-2.401885e-02	9.126967e+00
3.875000e-05	-2.387243e-02	9.232126e+00
3.876000e-05	-2.008350e-02	9.295912e+00
3.877000e-05	-2.855722e-02	9.369570e+00
3.878000e-05	-2.793591e-02	9.434830e+00
3.879000e-05	-2.418934e-02	9.496836e+00
3.880000e-05	-2.537333e-02	9.527968e+00
3.881000e-05	-2.914665e-02	9.601151e+00
3.882000e-05	-2.862944e-02	9.664258e+00
3.883000e-05	-2.550439e-02	9.697616e+00
3.884000e-05	-3.021947e-02	9.762147e+00
3.885000e-05	-2.961584e-02	9.844259e+00
3.886000e-05	-3.239239e-02	9.864962e+00
3.887000e-05	-3.047065e-02	9.906046e+00
3.888000e-05	-3.184662e-02	9.958551e+00
3.889000e-05	-3.043930e-02	1.000000e+01
3.890000e-05	-3.136718e-02	1.001168e+01
3.891000e-05	-3.567334e-02	1.002426e+01
3.892000e-05	-3.657571e-02	1.005425e+01
3.893000e-05	-3.464805e-02	1.005481e+01
3.894000e-05	-3.391584e-02	1.005641e+01
3.895000e-05	-3.592118e-02	1.007738e+01
3.896000e-05	-3.601804e-02	1.007631e+01
3.897000e-05	-3.819516e-02	1.011639e+01
3.898000e-05	-4.008198e-02	1.008789e+01
3.899000e-05	-4.067096e-02	1.006841e+01
3.900000e-05	-3.968374e-02	1.012586e+01
3.901000e-05	-4.012768e-02	1.006541e+01
3.902000e-05	-4.187524e-02	1.008431e+01
3.903000e-05	-4.253663e-02	1.009533e+01
3.904000e-05	-4.395413e-02	1.004383e+01
3.905000e-05	-4.474413e-02	1.003363e+01
3.906000e-05	-4.589536e-02	1.000113e+01
3.907000e-05	-4.696010e-02	9.981025e+00
3.908000e-05	-4.804906e-02	9.937915e+00
3.909000e-05	-5.021468e-02	9.935259e+00
3.910000e-05	-5.051872e-02	9.822231e+00
3.911000e-05	-5.324589e-02	9.691122e+00
3.912000e-05	-5.419444e-02	9.657912e+00
3.913000e-05	-5.792479e-02	9.634734e+00
3.914000e-05	-5.754970e-02	9.579051e+00
3.915000e-05	-5.722651e-02	9.508994e+00
3.916000e-05	-5.869827e-02	9.465314e+00
3.917000e-05	-6.027200e-02	9.401674e+00
3.918000e-05	-6.134228e-02	9.298970e+00
3.919000e-05	-6.074688e-02	9.262312e+00
3.920000e-05	-5.971269e-02	9.201601e+00
3.921000e-05	-5.838671e-02	9.118017e+00
3.922000e-05	-5.653832e-02	8.983284e+00
3.923000e-05	-5.692599e-02	8.876914e+00
3.924000e-05	-5.536696e-02	8.792129e+00
3.925000e-05	-5.348489e-02	8.696469e+00
3.926000e-05	-5.096305e-02	8.634261e+00
3.927000e-05	-4.999885e-02	8.547997e+00
3.928000e-05	-4.722268e-02	8.444287e+00
3.929000e-05	-4.599505e-02	8.370526e+00
3.930000e-05	-4.378795e-02	8.244838e+00
3.931000e-05	-4.243433e-02	8.138999e+00
3.932000e-05	-3.937570e-02	7.952633e+00
3.933000e-05	-3.868773e-02	7.946869e+00
3.934000e-05	-3.776873e-02	7.792197e+00
3.935000e-05	-3.615908e-02	7.674266e+00
3.936000e-05	-3.335456e-02	7.532049e+00
3.937000e-05	-3.391008e-02	7.399534e+00
3.938000e-05	-3.064013e-02	7.242132e+00
3.939000e-05	-3.027377e-02	7.105921e+00
3.940000e-05	-2.960300e-02	6.948550e+00
3.941000e-05	-2.797854e-02	6.834712e+00
3.942000e-05	-2.776220e-02	6.737870e+00
3.943000e-05	-2.587327e-02	6.529922e+00
3.944000e-05	-2.497351e-02	6.371579e+00
3.945000e-05	-2.358207e-02	6.253661e+00
3.946000e-05	-2.297424e-02	6.116394e+00
3.947000e-05	-2.305072e-02	5.970525e+00
3.948000e-05	-2.172826e-02	5.831637e+00
3.949000e-05	-2.125065e-02	5.622614e+00
3.950000e-05	-2.036736e-02	5.466215e+00
3.951000e-05	-1.991902e-02	5.326893e+00
3.952000e-05	-1.850359e-02	5.137471e+00
3.953000e-05	-1.837511e-02	4.896394e+00
3.954000e-05	-1.769958e-02	4.749320e+00
3.955000e-05	-1.706030e-02	4.581075e+00
3.956000e-05	-1.570164e-02	4.441608e+00
3.957000e-05	-1.505847e-02	4.315264e+00
3.958000e-05	-1.521810e-02	4.034209e+00
3.959000e-05	-1.345062e-02	3.925340e+00
3.960000e-05	-1.320013e-02	3.766446e+00
3.961000e-05	-1.408558e-02	3.589580e+00
3.962000e-05	-1.289548e-02	3.400083e+00
3.963000e-05	-1.184953e-02	3.191556e+00
3.964000e-05	-1.119937e-02	3.032710e+00
3.965000e-05	-1.178934e-02	2.914742e+00
3.966000e-05	-1.078011e-02	2.717369e+00
3.967000e-05	-1.015804e-02	2.495417e+00
3.968000e-05	-1.041326e-02	2.335291e+00
3.969000e-05	-1.011015e-02	2.127347e+00
3.970000e-05	-8.124710e-03	1.989500e+00
3.971000e-05	-7.850139e-03	1.759326e+00
3.972000e-05	-7.815678e-03	1.589005e+00
3.973000e-05	-7.958903e-03	1.399885e+00
3.974000e-05	-6.185699e-03	1.220481e+00
3.975000e-05	-5.998384e-03	9.798500e-01
3.976000e-05	-6.659607e-03	7.784763e-01
3.977000e-05	-5.188418e-03	5.894989e-01
3.978000e-05	-4.725966e-03	4.305327e-01
3.979000e-05	-4.227238e-03	2.225091e-01
3.980000e-05	-4.099494e-03	-4.468388e-05
3.981000e-05	1.473811e-03	-1.259421e-01
3.982000e-05	1.199375e-03	-3.038082e-01
3.983000e-05	-1.739218e-03	-4.836779e-01
3.984000e-05	1.638813e-03	-7.053329e-01
3.985000e-05	-8.779332e-04	-8.331002e-01
3.986000e-05	1.327280e-04	-9.805209e-01
3.987000e-05	1.286330e-03	-1.159909e+00
3.988000e-05	2.320067e-02	-1.318390e+00
3.989000e-05	8.516397e-02	-1.538915e+00
3.990000e-05	-3.538434e-02	-1.791620e+00
3.991000e-05	-3.219043e-02	-2.113699e+00
3.992000e-05	-4.994154e-02	-2.305834e+00
3.993000e-05	-7.281504e-02	-2.419600e+00
3.994000e-05	1.477657e-01	-2.462704e+00
3.995000e-05	-2.178245e-02	-2.600619e+00
3.996000e-05	-9.328743e-02	-2.812729e+00
3.997000e-05	1.943153e-01	-2.978836e+00
3.998000e-05	-1.175823e-01	-3.190014e+00
3.999000e-05	-5.463119e-02	-3.390067e+00
4.000000e-05	1.558295e-01	-3.516305e+00
4.001000e-05	-1.188021e-01	-3.685308e+00
4.002000e-05	3.855649e-02	-3.877407e+00
4.003000e-05	9.080525e-02	-4.052176e+00
4.004000e-05	-1.265810e-01	-4.263778e+00
4.005000e-05	1.160115e-01	-4.391021e+00
4.006000e-05	-6.728498e-02	-4.539487e+00
4.007000e-05	-9.588543e-03	-4.789471e+00
4.008000e-05	1.030183e-01	-4.864853e+00
4.009000e-05	-1.028948e-01	-5.087783e+00
4.010000e-05	8.511935e-02	-5.264907e+00
4.011000e-05	4.344026e-03	-5.506827e+00
4.012000e-05	-8.936323e-04	-5.663224e+00
4.013000e-05	2.865993e-02	-5.811095e+00
4.014000e-05	-7.092404e-02	-5.949512e+00
4.015000e-05	1.004361e-01	-6.045329e+00
4.016000e-05	-3.369798e-02	-6.253824e+00
4.017000e-05	1.125177e-02	-6.422678e+00
4.018000e-05	6.210257e-02	-6.569513e+00
4.019000e-05	-5.135624e-02	-6.696958e+00
4.020000e-05	4.918532e-02	-6.782696e+00
4.021000e-05	-3.825163e-02	-6.961193e+00
4.022000e-05	6.019775e-02	-7.158994e+00
4.023000e-05	2.501703e-02	-7.254879e+00
4.024000e-05	-3.338162e-02	-7.401571e+00
4.025000e-05	4.228090e-02	-7.486884e+00
4.026000e-05	-1.324670e-03	-7.623753e+00
4.027000e-05	3.868686e-02	-7.793746e+00
4.028000e-05	-1.753316e-02	-7.907959e+00
4.029000e-05	2.481203e-02	-8.045229e+00
4.030000e-05	3.148772e-02	-8.170139e+00
4.031000e-05	-5.724982e-03	-8.275375e+00
4.032000e-05	2.794621e-02	-8.339469e+00
4.033000e-05	1.224923e-02	-8.455430e+00
4.034000e-05	3.010635e-02	-8.561040e+00
4.035000e-05	-8.911142e-03	-8.685412e+00
4.036000e-05	2.352330e-02	-8.812121e+00
4.037000e-05	3.049227e-02	-8.855277e+00
4.038000e-05	1.445404e-02	-8.979070e+00
4.039000e-05	1.438682e-02	-9.085726e+00
4.040000e-05	1.589518e-02	-9.108507e+00
4.041000e-05	3.021381e-02	-9.191023e+00
4.042000e-05	1.168652e-02	-9.254303e+00
4.043000e-05	2.217961e-02	-9.331538e+00
4.044000e-05	2.548386e-02	-9.422277e+00
4.045000e-05	2.307372e-02	-9.526460e+00
4.046000e-05	1.746528e-02	-9.560618e+00
4.047000e-05	2.513364e-02	-9.602227e+00
4.048000e-05	2.793170e-02	-9.695832e+00
4.049000e-05	1.935056e-02	-9.687461e+00
4.050000e-05	2.224199e-02	-9.751593e+00
4.051000e-05	2.490925e-02	-9.802149e+00
4.052000e-05	2.739612e-02	-9.833754e+00
4.053000e-05	2.489765e-02	-9.895379e+00
4.054000e-05	2.876325e-02	-9.876908e+00
4.055000e-05	2.714963e-02	-9.918891e+00
4.056000e-05	2.536838e-02	-9.978540e+00
4.057000e-05	2.692944e-02	-9.958575e+00
4.058000e-05	3.188024e-02	-1.001007e+01
4.059000e-05	2.921811e-02	-1.000017e+01
4.060000e-05	2.781709e-02	-1.000215e+01
4.061000e-05	3.208719e-02	-1.001225e+01
4.062000e-05	3.303967e-02	-1.003423e+01
4.063000e-05	3.108482e-02	-1.001333e+01
4.064000e-05	3.022340e-02	-9.994753e+00
4.065000e-05	3.421735e-02	-1.001323e+01
4.066000e-05	3.572891e-02	-1.003376e+01
4.067000e-05	3.525272e-02	-9.993175e+00
4.068000e-05	3.633277e-02	-9.983124e+00
4.069000e-05	3.663496e-02	-9.980491e+00
4.070000e-05	3.641130e-02	-9.930571e+00
4.071000e-05	3.784264e-02	-9.917492e+00
4.072000e-05	4.057092e-02	-9.916386e+00
4.073000e-05	4.203095e-02	-9.847308e+00
4.074000e-05	4.247963e-02	-9.835254e+00
4.075000e-05	4.454685e-02	-9.774675e+00
4.076000e-05	4.525238e-02	-9.749520e+00
4.077000e-05	4.580162e-02	-9.717964e+00
4.078000e-05	4.713063e-02	-9.653740e+00
4.079000e-05	4.949720e-02	-9.633153e+00
4.080000e-05	5.099384e-02	-9.551572e+00
4.081000e-05	5.219239e-02	-9.507444e+00
4.082000e-05	5.363426e-02	-9.433902e+00
4.083000e-05	5.376443e-02	-9.319596e+00
4.084000e-05	5.256281e-02	-9.235355e+00
4.085000e-05	5.132222e-02	-9.169998e+00
4.086000e-05	5.286283e-02	-9.107813e+00
4.087000e-05	5.324090e-02	-9.023678e+00
4.088000e-05	5.155758e-02	-8.948991e+00
4.089000e-05	4.746396e-02	-8.856734e+00
4.090000e-05	4.666298e-02	-8.760125e+00
4.091000e-05	4.462141e-02	-8.697945e+00
4.092000e-05	4.280916e-02	-8.593227e+00
4.093000e-05	4.264288e-02	-8.464807e+00
4.094000e-05	4.123965e-02	-8.389099e+00
4.095000e-05	3.804521e-02	-8.284862e+00
4.096000e-05	3.629483e-02	-8.150076e+00
4.097000e-05	3.579436e-02	-8.094887e+00
4.098000e-05	3.310397e-02	-8.011599e+00
4.099000e-05	3.050811e-02	-7.854286e+00
4.100000e-05	2.966532e-02	-7.665266e+00
4.101000e-05	2.932680e-02	-7.558496e+00
4.102000e-05	2.658768e-02	-7.442233e+00
4.103000e-05	2.534105e-02	-7.295367e+00
4.104000e-05	2.415662e-02	-7.190022e+00
4.105000e-05	2.263316e-02	-7.052758e+00
4.106000e-05	2.116415e-02	-6.906281e+00
4.107000e-05	2.070174e-02	-6.779418e+00
4.108000e-05	1.960475e-02	-6.611603e+00
4.109000e-05	1.804586e-02	-6.474209e+00
4.110000e-05	1.746925e-02	-6.369991e+00
4.111000e-05	1.602533e-02	-6.180049e+00
4.112000e-05	1.506884e-02	-5.970525e+00
4.113000e-05	1.302600e-02	-5.832812e+00
4.114000e-05	1.245794e-02	-5.726917e+00
4.115000e-05	1.215483e-02	-5.580975e+00
4.116000e-05	1.189894e-02	-5.381625e+00
4.117000e-05	1.069572e-02	-5.182547e+00
4.118000e-05	1.166209e-02	-5.001651e+00
4.119000e-05	8.916539e-03	-4.841706e+00
4.120000e-05	8.298467e-03	-4.632060e+00
4.121000e-05	5.979988e-03	-4.504838e+00
4.122000e-05	8.196945e-03	-4.338870e+00
4.123000e-05	6.699193e-03	-4.201625e+00
4.124000e-05	7.752849e-03	-4.053157e+00
4.125000e-05	5.455672e-03	-3.904842e+00
4.126000e-05	5.845147e-03	-3.663358e+00
4.127000e-05	3.184793e-03	-3.516841e+00
4.128000e-05	5.205115e-03	-3.327438e+00
4.129000e-05	3.104091e-03	-3.200949e+00
4.130000e-05	3.416250e-03	-2.968026e+00
4.131000e-05	2.099287e-03	-2.791000e+00
4.132000e-05	2.357751e-03	-2.622603e+00
4.133000e-05	2.144767e-03	-2.463109e+00
4.134000e-05	5.001111e-04	-2.305691e+00
4.135000e-05	1.067787e-03	-2.032182e+00
4.136000e-05	2.090126e-04	-1.874237e+00
4.137000e-05	1.251102e-03	-1.715340e+00
4.138000e-05	-1.140005e-03	-1.577896e+00
4.139000e-05	-2.065395e-03	-1.252211e+00
4.140000e-05	-2.534361e-03	-1.086214e+00
4.141000e-05	-1.697892e-03	-9.363132e-01
4.142000e-05	-3.789576e-03	-7.058673e-01
4.143000e-05	-4.128426e-03	-4.952670e-01
4.144000e-05	-2.737153e-03	-3.458934e-01
4.145000e-05	-3.166956e-03	-1.468461e-01
4.146000e-05	-1.290570e-03	-1.902594e-02
4.147000e-05	2.826032e-03	1.910951e-01
4.148000e-05	-1.791815e-03	4.195226e-01
4.149000e-05	2.019931e-04	5.373172e-01
4.150000e-05	-2.915449e-03	6.957894e-01
4.151000e-05	-4.702332e-03	8.226277e-01
4.152000e-05	-5.124671e-03	1.103684e+00
4.153000e-05	-1.387760e-04	1.254182e+00
4.154000e-05	1.105349e-02	1.464130e+00
4.155000e-05	5.916690e-02	1.675758e+00
4.156000e-05	1.613994e-02	1.915859e+00
4.157000e-05	-5.976046e-02	2.073759e+00
4.158000e-05	-3.496820e-02	2.284257e+00
4.159000e-05	-6.973500e-02	2.369028e+00
4.160000e-05	-2.690304e-02	2.535910e+00
4.161000e-05	1.442769e-01	2.728415e+00
4.162000e-05	-1.002822e-01	2.894282e+00
4.163000e-05	-1.892642e-02	3.012075e+00
4.164000e-05	1.129269e-01	3.159519e+00
4.165000e-05	-1.351679e-01	3.382201e+00
4.166000e-05	1.874474e-02	3.549996e+00
4.167000e-05	6.700280e-02	3.695783e+00
4.168000e-05	-1.140072e-01	3.906386e+00
4.169000e-05	5.217879e-02	4.044702e+00
4.170000e-05	1.064340e-02	4.326357e+00
4.171000e-05	-5.011085e-02	4.443704e+00
4.172000e-05	2.233117e-02	4.612250e+00
4.173000e-05	-4.712548e-02	4.813574e+00
4.174000e-05	-3.669461e-03	4.962745e+00
4.175000e-05	-6.766213e-03	5.213278e+00
4.176000e-05	-8.217252e-03	5.431704e+00
4.177000e-05	4.740496e-03	5.527941e+00
4.178000e-05	-8.904486e-03	5.687439e+00
4.179000e-05	-1.193427e-02	5.925386e+00
4.180000e-05	-4.155782e-02	6.024175e+00
4.181000e-05	-6.754409e-03	6.180520e+00
4.182000e-05	1.259933e-02	6.318444e+00
4.183000e-05	-3.717897e-02	6.442280e+00
4.184000e-05	2.852246e-03	6.613781e+00
4.185000e-05	-2.200523e-02	6.772124e+00
4.186000e-05	-1.495385e-02	6.917991e+00
4.187000e-05	-1.283262e-02	7.052300e+00
4.188000e-05	-2.290196e-02	7.149544e+00
4.189000e-05	7.955045e-04	7.253311e+00
4.190000e-05	-2.437007e-02	7.404854e+00
4.191000e-05	-1.664957e-02	7.580150e+00
4.192000e-05	-2.088885e-02	7.708038e+00
4.193000e-05	-8.630170e-03	7.865856e+00
4.194000e-05	-1.956073e-02	7.981168e+00
4.195000e-05	-2.731278e-02	8.087965e+00
4.196000e-05	-8.744555e-03	8.243274e+00
4.197000e-05	-1.527499e-02	8.348016e+00
4.198000e-05	-2.171100e-02	8.413756e+00
4.199000e-05	-2.591967e-02	8.467413e+00
4.200000e-05	-1.726306e-02	8.599674e+00
4.201000e-05	-2.247354e-02	8.656413e+00
4.202000e-05	-2.566047e-02	8.748573e+00
4.203000e-05	-2.100163e-02	8.873857e+00
4.204000e-05	-1.885227e-02	8.983720e+00
4.205000e-05	-2.416586e-02	9.146382e+00
4.206000e-05	-2.445203e-02	9.171125e+00
4.207000e-05	-2.208878e-02	9.232830e+00
4.208000e-05	-2.516119e-02	9.308989e+00
4.209000e-05	-2.885256e-02	9.351704e+00
4.210000e-05	-2.621250e-02	9.464785e+00
4.211000e-05	-2.363957e-02	9.478465e+00
4.212000e-05	-2.903709e-02	9.569570e+00
4.213000e-05	-2.824662e-02	9.583206e+00
4.214000e-05	-2.692367e-02	9.667889e+00
4.215000e-05	-2.772392e-02	9.730647e+00
4.216000e-05	-3.045313e-02	9.753773e+00
4.217000e-05	-2.982804e-02	9.794410e+00
4.218000e-05	-3.075838e-02	9.887408e+00
4.219000e-05	-3.341414e-02	9.949565e+00
4.220000e-05	-3.169601e-02	9.969574e+00
4.221000e-05	-3.013348e-02	9.970703e+00
4.222000e-05	-3.250932e-02	1.001323e+01
4.223000e-05	-3.785875e-02	1.003480e+01
4.224000e-05	-3.559298e-02	1.005529e+01
4.225000e-05	-3.217921e-02	1.004434e+01
4.226000e-05	-3.503663e-02	1.007576e+01
4.227000e-05	-3.755764e-02	1.007739e+01
4.228000e-05	-3.766150e-02	1.007584e+01
4.229000e-05	-3.836371e-02	1.008694e+01
4.230000e-05	-4.087680e-02	1.009592e+01
4.231000e-05	-4.007336e-02	1.007539e+01
4.232000e-05	-4.018630e-02	1.009743e+01
4.233000e-05	-3.970204e-02	1.005636e+01
4.234000e-05	-4.239063e-02	1.007583e+01
4.235000e-05	-4.208053e-02	1.005438e+01
4.236000e-05	-4.402249e-02	1.004321e+01
4.237000e-05	-4.541760e-02	1.002270e+01
4.238000e-05	-4.612005e-02	9.960545e+00
4.239000e-05	-4.759015e-02	9.898571e+00
4.240000e-05	-4.894150e-02	9.858507e+00
4.241000e-05	-4.969202e-02	9.854911e+00
4.242000e-05	-5.081600e-02	9.822730e+00
4.243000e-05	-5.239233e-02	9.699568e+00
4.244000e-05	-5.555674e-02	9.635939e+00
4.245000e-05	-5.645157e-02	9.601706e+00
4.246000e-05	-5.678911e-02	9.519970e+00
4.247000e-05	-5.815280e-02	9.474814e+00
4.248000e-05	-6.020762e-02	9.393683e+00
4.249000e-05	-5.908685e-02	9.330502e+00
4.250000e-05	-5.954411e-02	9.275864e+00
4.251000e-05	-5.979412e-02	9.234179e+00
4.252000e-05	-5.907906e-02	9.149072e+00
4.253000e-05	-5.749343e-02	9.075342e+00
4.254000e-05	-5.618998e-02	8.940647e+00
4.255000e-05	-5.555459e-02	8.845710e+00
4.256000e-05	-5.326568e-02	8.771594e+00
4.257000e-05	-5.111770e-02	8.686316e+00
4.258000e-05	-5.026275e-02	8.591732e+00
4.259000e-05	-4.902020e-02	8.485369e+00
4.260000e-05	-4.713123e-02	8.403653e+00
4.261000e-05	-4.457080e-02	8.328421e+00
4.262000e-05	-4.329518e-02	8.191178e+00
4.263000e-05	-3.947840e-02	8.116913e+00
4.264000e-05	-3.956963e-02	7.979076e+00
4.265000e-05	-3.830969e-02	7.845263e+00
4.266000e-05	-3.754749e-02	7.707494e+00
4.267000e-05	-3.425267e-02	7.642654e+00
4.268000e-05	-3.329637e-02	7.455390e+00
4.269000e-05	-3.275208e-02	7.306919e+00
4.270000e-05	-3.103556e-02	7.148979e+00
4.271000e-05	-2.957868e-02	7.042759e+00
4.272000e-05	-2.884259e-02	6.907467e+00
4.273000e-05	-2.831464e-02	6.792078e+00
4.274000e-05	-2.683610e-02	6.653287e+00
4.275000e-05	-2.471960e-02	6.464666e+00
4.276000e-05	-2.481129e-02	6.296392e+00
4.277000e-05	-2.322999e-02	6.161529e+00
4.278000e-05	-2.262889e-02	6.043712e+00
4.279000e-05	-2.141099e-02	5.936845e+00
4.280000e-05	-2.219437e-02	5.706047e+00
4.281000e-05	-2.074083e-02	5.550026e+00
4.282000e-05	-2.018877e-02	5.411608e+00
4.283000e-05	-1.874735e-02	5.252161e+00
4.284000e-05	-1.843813e-02	5.022209e+00
4.285000e-05	-1.774335e-02	4.802158e+00
4.286000e-05	-1.727236e-02	4.654709e+00
4.287000e-05	-1.669611e-02	4.496397e+00
4.288000e-05	-1.475582e-02	4.380053e+00
4.289000e-05	-1.478222e-02	4.170526e+00
4.290000e-05	-1.340001e-02	4.000053e+00
4.291000e-05	-1.349274e-02	3.862086e+00
4.292000e-05	-1.316570e-02	3.653766e+00
4.293000e-05	-1.320040e-02	3.526896e+00
4.294000e-05	-1.283430e-02	3.255771e+00
4.295000e-05	-1.168249e-02	3.137922e+00
4.296000e-05	-1.104252e-02	2.979454e+00
4.297000e-05	-1.108342e-02	2.812531e+00
4.298000e-05	-1.051179e-02	2.612086e+00
4.299000e-05	-9.347073e-03	2.378980e+00
4.300000e-05	-9.151814e-03	2.232083e+00
4.301000e-05	-9.305969e-03	2.073088e+00
4.302000e-05	-8.629739e-03	1.906216e+00
4.303000e-05	-8.703664e-03	1.685737e+00
4.304000e-05	-7.772150e-03	1.494217e+00
4.305000e-05	-6.933171e-03	1.315824e+00
4.306000e-05	-6.812922e-03	1.145818e+00
4.307000e-05	-6.216613e-03	8.826669e-01
4.308000e-05	-6.068343e-03	6.642674e-01
4.309000e-05	-5.547698e-03	4.768156e-01
4.310000e-05	-4.366371e-03	3.463500e-01
4.311000e-05	-5.141891e-03	7.627092e-02
4.312000e-05	-2.273891e-03	-7.312770e-02
4.313000e-05	2.792393e-03	-2.300475e-01
4.314000e-05	-1.543586e-03	-4.104684e-01
4.315000e-05	5.729010e-04	-5.488856e-01
4.316000e-05	-1.059985e-03	-7.584909e-01
4.317000e-05	4.560302e-04	-8.946855e-01
4.318000e-05	-2.250476e-03	-1.054203e+00
4.319000e-05	6.950643e-03	-1.253649e+00
4.320000e-05	5.587968e-02	-1.494231e+00
4.321000e-05	5.514435e-02	-1.634175e+00
4.322000e-05	-6.699666e-02	-1.926835e+00
4.323000e-05	-1.473543e-02	-2.178465e+00
4.324000e-05	-9.196209e-02	-2.358971e+00
4.325000e-05	2.454693e-02	-2.401075e+00
4.326000e-05	1.437387e-01	-2.504782e+00
4.327000e-05	-1.503402e-01	-2.737436e+00
4.328000e-05	5.847536e-02	-2.884458e+00
4.329000e-05	8.606251e-02	-3.022596e+00
4.330000e-05	-1.903875e-01	-3.294804e+00
4.331000e-05	9.959421e-02	-3.430654e+00
4.332000e-05	5.208364e-02	-3.580516e+00
4.333000e-05	-1.264814e-01	-3.811144e+00
4.334000e-05	1.552198e-01	-3.980995e+00
4.335000e-05	-6.043928e-02	-4.138012e+00
4.336000e-05	-2.272059e-02	-4.349413e+00
4.337000e-05	8.300070e-02	-4.434201e+00
4.338000e-05	-1.155794e-01	-4.685854e+00
4.339000e-05	1.071818e-01	-4.802699e+00
4.340000e-05	-9.079684e-03	-4.990017e+00
4.341000e-05	-4.745195e-02	-5.182018e+00
4.342000e-05	1.009767e-01	-5.321537e+00
4.343000e-05	-5.153720e-02	-5.571045e+00
4.344000e-05	5.635855e-02	-5.706412e+00
4.345000e-05	-4.805341e-02	-5.834280e+00
4.346000e-05	6.257751e-03	-6.030594e+00
4.347000e-05	7.624845e-02	-6.168533e+00
4.348000e-05	-7.054491e-02	-6.349465e+00
4.349000e-05	8.431629e-02	-6.475331e+00
4.350000e-05	-1.608288e-02	-6.633146e+00
4.351000e-05	-1.505728e-03	-6.738467e+00
4.352000e-05	1.988910e-02	-6.854827e+00
4.353000e-05	-2.446987e-02	-7.014747e+00
4.354000e-05	8.794002e-02	-7.201646e+00
4.355000e-05	-3.642828e-02	-7.318440e+00
4.356000e-05	1.335339e-02	-7.433252e+00
4.357000e-05	1.738622e-02	-7.559090e+00
4.358000e-05	1.578660e-02	-7.708956e+00
4.359000e-05	2.436715e-02	-7.851730e+00
4.360000e-05	-1.813376e-02	-7.982141e+00
4.361000e-05	5.175974e-02	-8.117882e+00
4.362000e-05	-8.300727e-04	-8.193146e+00
4.363000e-05	1.467754e-02	-8.296333e+00
4.364000e-05	1.442826e-02	-8.409648e+00
4.365000e-05	2.548068e-02	-8.497884e+00
4.366000e-05	1.353625e-02	-8.602771e+00
4.367000e-05	-8.958367e-04	-8.739541e+00
4.368000e-05	3.367146e-02	-8.813749e+00
4.369000e-05	1.925714e-02	-8.947408e+00
4.370000e-05	1.778057e-02	-9.052724e+00
4.371000e-05	1.181045e-02	-9.086308e+00
4.372000e-05	2.589826e-02	-9.139017e+00
4.373000e-05	2.020732e-02	-9.212677e+00
4.374000e-05	1.335325e-02	-9.316507e+00
4.375000e-05	2.579016e-02	-9.394741e+00
4.376000e-05	2.457568e-02	-9.495428e+00
4.377000e-05	1.957379e-02	-9.509540e+00
4.378000e-05	1.844777e-02	-9.591624e+00
4.379000e-05	2.980523e-02	-9.664256e+00
4.380000e-05	2.417486e-02	-9.686384e+00
4.381000e-05	2.043965e-02	-9.709014e+00
4.382000e-05	2.344466e-02	-9.781620e+00
4.383000e-05	2.749113e-02	-9.844254e+00
4.384000e-05	2.464649e-02	-9.824329e+00
4.385000e-05	2.474228e-02	-9.896858e+00
4.386000e-05	2.891469e-02	-9.896936e+00
4.387000e-05	2.638611e-02	-9.958391e+00
4.388000e-05	2.451695e-02	-9.959039e+00
4.389000e-05	2.853118e-02	-9.950519e+00
4.390000e-05	3.205079e-02	-1.002110e+01
4.391000e-05	2.858683e-02	-1.001013e+01
4.392000e-05	3.022068e-02	-9.994228e+00
4.393000e-05	3.251829e-02	-1.002070e+01
4.394000e-05	3.198765e-02	-1.002378e+01
4.395000e-05	2.997144e-02	-1.001425e+01
4.396000e-05	3.160751e-02	-1.003373e+01
4.397000e-05	3.505063e-02	-1.003220e+01
4.398000e-05	3.383646e-02	-1.001271e+01
4.399000e-05	3.515451e-02	-1.001318e+01
4.400000e-05	3.729290e-02	-9.961071e+00
4.401000e-05	3.774555e-02	-9.982149e+00
4.402000e-05	3.601283e-02	-9.918563e+00
4.403000e-05	3.781584e-02	-9.938488e+00
4.404000e-05	4.139266e-02	-9.876410e+00
4.405000e-05	4.128991e-02	-9.854832e+00
4.406000e-05	4.259448e-02	-9.872278e+00
4.407000e-05	4.533953e-02	-9.760649e+00
4.408000e-05	4.628655e-02	-9.738444e+00
4.409000e-05	4.682609e-02	-9.675363e+00
4.410000e-05	4.757726e-02	-9.655308e+00
4.411000e-05	5.151937e-02	-9.611129e+00
4.412000e-05	5.158009e-02	-9.549022e+00
4.413000e-05	5.343670e-02	-9.488486e+00
4.414000e-05	5.362367e-02	-9.392753e+00
4.415000e-05	5.259386e-02	-9.286013e+00
4.416000e-05	5.201795e-02	-9.203701e+00
4.417000e-05	5.209271e-02	-9.148518e+00
4.418000e-05	5.317812e-02	-9.075807e+00
4.419000e-05	5.220030e-02	-8.960673e+00
4.420000e-05	5.005463e-02	-8.868337e+00
4.421000e-05	4.793306e-02	-8.853254e+00
4.422000e-05	4.550251e-02	-8.770041e+00
4.423000e-05	4.297482e-02	-8.675808e+00
4.424000e-05	4.275402e-02	-8.539138e+00
4.425000e-05	4.209549e-02	-8.424182e+00
4.426000e-05	4.006136e-02	-8.338498e+00
4.427000e-05	3.676035e-02	-8.254680e+00
4.428000e-05	3.578874e-02	-8.140893e+00
4.429000e-05	3.456737e-02	-8.023229e+00
4.430000e-05	3.272224e-02	-7.979416e+00
4.431000e-05	3.086251e-02	-7.770200e+00
4.432000e-05	2.956875e-02	-7.634728e+00
4.433000e-05	2.798846e-02	-7.506865e+00
4.434000e-05	2.590981e-02	-7.401046e+00
4.435000e-05	2.508858e-02	-7.263233e+00
4.436000e-05	2.392526e-02	-7.138920e+00
4.437000e-05	2.311088e-02	-6.940074e+00
4.438000e-05	2.128859e-02	-6.830630e+00
4.439000e-05	2.073110e-02	-6.675338e+00
4.440000e-05	1.880887e-02	-6.527972e+00
4.441000e-05	1.811629e-02	-6.431080e+00
4.442000e-05	1.638883e-02	-6.275341e+00
4.443000e-05	1.539295e-02	-6.065312e+00
4.444000e-05	1.363357e-02	-5.947946e+00
4.445000e-05	1.424495e-02	-5.821602e+00
4.446000e-05	1.388474e-02	-5.652684e+00
4.447000e-05	1.293985e-02	-5.507365e+00
4.448000e-05	1.184721e-02	-5.267840e+00
4.449000e-05	1.023788e-02	-5.096764e+00
4.450000e-05	9.449542e-03	-4.958445e+00
4.451000e-05	9.301942e-03	-4.718900e+00
4.452000e-05	7.709776e-03	-4.581021e+00
4.453000e-05	8.360201e-03	-4.431579e+00
4.454000e-05	7.018461e-03	-4.285237e+00
4.455000e-05	6.477688e-03	-4.137943e+00
4.456000e-05	7.997177e-03	-3.991545e+00
4.457000e-05	6.153386e-03	-3.820230e+00
4.458000e-05	5.010470e-03	-3.580046e+00
4.459000e-05	4.358039e-03	-3.421608e+00
4.460000e-05	4.926947e-03	-3.265213e+00
4.461000e-05	3.087863e-03	-3.114838e+00
4.462000e-05	1.496038e-03	-2.866212e+00
4.463000e-05	2.511367e-03	-2.734371e+00
4.464000e-05	6.714058e-04	-2.539820e+00
4.465000e-05	2.304484e-03	-2.370995e+00
4.466000e-05	6.655792e-04	-2.209452e+00
4.467000e-05	3.062763e-03	-1.959400e+00
4.468000e-05	-5.606404e-04	-1.831051e+00
4.469000e-05	6.675261e-04	-1.653558e+00
4.470000e-05	-2.851689e-03	-1.454182e+00
4.471000e-05	-7.122631e-04	-1.160404e+00
4.472000e-05	-3.176099e-03	-1.040554e+00
4.473000e-05	-1.681183e-03	-8.321316e-01
4.474000e-05	-2.293412e-03	-6.211078e-01
4.475000e-05	-2.032604e-03	-4.110776e-01
4.476000e-05	-3.628947e-03	-2.521530e-01
4.477000e-05	-3.938104e-03	-9.578683e-02
4.478000e-05	3.892040e-04	7.663303e-02
4.479000e-05	1.790590e-03	2.843106e-01
4.480000e-05	-3.431521e-03	4.432052e-01
4.481000e-05	1.930552e-04	6.291265e-01
4.482000e-05	-3.530037e-03	7.704459e-01
4.483000e-05	-3.268897e-03	9.363931e-01
4.484000e-05	-4.830607e-03	1.178919e+00
4.485000e-05	3.067583e-03	1.316865e+00
4.486000e-05	2.746086e-02	1.535311e+00
4.487000e-05	6.237528e-02	1.759549e+00
4.488000e-05	-3.675482e-02	1.998522e+00
4.489000e-05	-4.516008e-02	2.148440e+00
4.490000e-05	-4.512520e-02	2.326941e+00
4.491000e-05	-7.609989e-02	2.454157e+00
4.492000e-05	6.459530e-02	2.611630e+00
4.493000e-05	7.944281e-02	2.821524e+00
4.494000e-05	-1.598272e-01	2.946467e+00
4.495000e-05	1.207449e-01	3.054810e+00
4.496000e-05	-1.719754e-02	3.275331e+00
4.497000e-05	-1.045572e-01	3.485335e+00
4.498000e-05	9.202212e-02	3.622177e+00
4.499000e-05	-3.056462e-02	3.811575e+00
4.500000e-05	-6.829534e-02	3.970048e+00
4.501000e-05	8.303102e-02	4.177366e+00
4.502000e-05	-5.384308e-02	4.369973e+00
4.503000e-05	-4.336971e-03	4.489461e+00
4.504000e-05	7.153006e-04	4.707992e+00
4.505000e-05	-4.261639e-02	4.847308e+00
4.506000e-05	1.377982e-02	5.074512e+00
4.507000e-05	-2.410421e-02	5.316436e+00
4.508000e-05	6.691581e-03	5.444777e+00
4.509000e-05	-6.933364e-03	5.641626e+00
4.510000e-05	-2.515331e-03	5.820149e+00
4.511000e-05	-2.645232e-02	5.951544e+00
4.512000e-05	-3.773763e-02	6.115835e+00
4.513000e-05	1.938358e-02	6.231706e+00
4.514000e-05	-1.837682e-02	6.400098e+00
4.515000e-05	-1.942461e-02	6.511361e+00
4.516000e-05	-5.027921e-03	6.706987e+00
4.517000e-05	-2.510809e-02	6.844828e+00
4.518000e-05	-9.103090e-03	7.001071e+00
4.519000e-05	-2.214056e-02	7.055835e+00
4.520000e-05	-1.265406e-02	7.212578e+00
4.521000e-05	-5.392890e-03	7.308011e+00
4.522000e-05	-2.377897e-02	7.467343e+00
4.523000e-05	-1.699289e-02	7.665833e+00
4.524000e-05	-1.740192e-02	7.760599e+00
4.525000e-05	-1.052384e-02	7.879481e+00
4.526000e-05	-2.583042e-02	8.052682e+00
4.527000e-05	-2.178454e-02	8.171167e+00
4.528000e-05	-8.498492e-03	8.236335e+00
4.529000e-05	-2.118683e-02	8.389522e+00
4.530000e-05	-2.127500e-02	8.435756e+00
4.531000e-05	-2.285079e-02	8.510097e+00
4.532000e-05	-1.587879e-02	8.644730e+00
4.533000e-05	-2.632869e-02	8.728916e+00
4.534000e-05	-2.435652e-02	8.820704e+00
4.535000e-05	-1.851510e-02	8.876911e+00
4.536000e-05	-2.335273e-02	9.036328e+00
4.537000e-05	-2.510188e-02	9.117516e+00
4.538000e-05	-2.490733e-02	9.203128e+00
4.539000e-05	-2.056959e-02	9.286432e+00
4.540000e-05	-2.814858e-02	9.358142e+00
4.541000e-05	-2.831118e-02	9.434281e+00
4.542000e-05	-2.422484e-02	9.466386e+00
4.543000e-05	-2.413757e-02	9.518895e+00
4.544000e-05	-2.969623e-02	9.590626e+00
4.545000e-05	-2.964634e-02	9.615310e+00
4.546000e-05	-2.599689e-02	9.698065e+00
4.547000e-05	-2.982366e-02	9.769170e+00
4.548000e-05	-3.060484e-02	9.814285e+00
4.549000e-05	-3.174133e-02	9.846408e+00
4.550000e-05	-3.110362e-02	9.928882e+00
4.551000e-05	-3.254145e-02	9.959541e+00
4.552000e-05	-3.025312e-02	9.972074e+00
4.553000e-05	-3.099136e-02	1.001215e+01
4.554000e-05	-3.493915e-02	9.993753e+00
4.555000e-05	-3.790563e-02	1.005533e+01
4.556000e-05	-3.596601e-02	1.004478e+01
4.557000e-05	-3.438274e-02	1.007431e+01
4.558000e-05	-3.662584e-02	1.004733e+01
4.559000e-05	-3.676820e-02	1.005634e+01
4.560000e-05	-3.768418e-02	1.006498e+01
4.561000e-05	-3.874670e-02	1.009844e+01
4.562000e-05	-4.040280e-02	1.009741e+01
4.563000e-05	-4.010096e-02	1.006589e+01
4.564000e-05	-3.959567e-02	1.006579e+01
4.565000e-05	-4.340499e-02	1.004531e+01
4.566000e-05	-4.210727e-02	1.003433e+01
4.567000e-05	-4.306891e-02	1.004426e+01
4.568000e-05	-4.312869e-02	1.002266e+01
4.569000e-05	-4.632871e-02	9.981704e+00
4.570000e-05	-4.769296e-02	9.990549e+00
4.571000e-05	-4.759322e-02	9.938971e+00
4.572000e-05	-4.931236e-02	9.854864e+00
4.573000e-05	-5.030068e-02	9.885756e+00
4.574000e-05	-5.305112e-02	9.739603e+00
4.575000e-05	-5.363441e-02	9.697889e+00
4.576000e-05	-5.584653e-02	9.635281e+00
4.577000e-05	-5.716471e-02	9.590646e+00
4.578000e-05	-5.775610e-02	9.529469e+00
4.579000e-05	-5.875322e-02	9.464286e+00
4.580000e-05	-5.995905e-02	9.411102e+00
4.581000e-05	-6.039177e-02	9.318495e+00
4.582000e-05	-6.020735e-02	9.244859e+00
4.583000e-05	-5.889916e-02	9.172654e+00
4.584000e-05	-5.843195e-02	9.108497e+00
4.585000e-05	-5.566239e-02	9.031803e+00
4.586000e-05	-5.674657e-02	8.895942e+00
4.587000e-05	-5.475260e-02	8.782658e+00
4.588000e-05	-5.456943e-02	8.717419e+00
4.589000e-05	-5.117705e-02	8.633685e+00
4.590000e-05	-5.054505e-02	8.559923e+00
4.591000e-05	-4.592861e-02	8.464737e+00
4.592000e-05	-4.591566e-02	8.411077e+00
4.593000e-05	-4.241416e-02	8.273786e+00
4.594000e-05	-4.390960e-02	8.121144e+00
4.595000e-05	-4.039751e-02	8.012664e+00
4.596000e-05	-4.007339e-02	7.937563e+00
4.597000e-05	-3.755373e-02	7.800128e+00
4.598000e-05	-3.621301e-02	7.696843e+00
4.599000e-05	-3.308702e-02	7.550070e+00
4.600000e-05	-3.220175e-02	7.442158e+00
4.601000e-05	-3.222074e-02	7.254209e+00
4.602000e-05	-3.080801e-02	7.117919e+00
4.603000e-05	-2.986619e-02	7.011602e+00
4.604000e-05	-2.851868e-02	6.863633e+00
4.605000e-05	-2.756789e-02	6.739947e+00
4.606000e-05	-2.528952e-02	6.536924e+00
4.607000e-05	-2.451240e-02	6.381602e+00
4.608000e-05	-2.529192e-02	6.264734e+00
4.609000e-05	-2.345808e-02	6.107394e+00
4.610000e-05	-2.210043e-02	5.981557e+00
4.611000e-05	-2.106298e-02	5.814709e+00
4.612000e-05	-2.141812e-02	5.653183e+00
4.613000e-05	-1.991920e-02	5.506294e+00
4.614000e-05	-1.946597e-02	5.318374e+00
4.615000e-05	-1.952381e-02	5.129500e+00
4.616000e-05	-1.879470e-02	4.907421e+00
4.617000e-05	-1.731627e-02	4.779524e+00
4.618000e-05	-1.652458e-02	4.582055e+00
4.619000e-05	-1.679268e-02	4.472610e+00
4.620000e-05	-1.534397e-02	4.295823e+00
4.621000e-05	-1.331241e-02	4.055689e+00
4.622000e-05	-1.428459e-02	3.924896e+00
4.623000e-05	-1.471833e-02	3.738478e+00
4.624000e-05	-1.292111e-02	3.601075e+00
4.625000e-05	-1.213047e-02	3.440609e+00
4.626000e-05	-1.210884e-02	3.231634e+00
4.627000e-05	-1.184617e-02	3.042734e+00
4.628000e-05	-1.074278e-02	2.926722e+00
4.629000e-05	-1.023214e-02	2.777900e+00
4.630000e-05	-1.098624e-02	2.505847e+00
4.631000e-05	-1.015251e-02	2.316397e+00
4.632000e-05	-8.724082e-03	2.159429e+00
4.633000e-05	-8.537303e-03	1.989050e+00
4.634000e-05	-8.461265e-03	1.791156e+00
4.635000e-05	-7.689503e-03	1.598479e+00
4.636000e-05	-7.137161e-03	1.390481e+00
4.637000e-05	-6.392406e-03	1.220608e+00
4.638000e-05	-6.829051e-03	9.784816e-01
4.639000e-05	-6.099412e-03	7.694776e-01
4.640000e-05	-5.683160e-03	6.224825e-01
4.641000e-05	-4.922930e-03	4.220103e-01
4.642000e-05	-5.222069e-03	2.826903e-01
4.643000e-05	-2.994618e-03	2.160901e-02
4.644000e-05	1.519028e-03	-1.388894e-01
4.645000e-05	1.179908e-03	-3.038329e-01
4.646000e-05	-2.780378e-03	-4.331552e-01
4.647000e-05	1.344782e-03	-6.946727e-01
4.648000e-05	-1.074180e-03	-8.621001e-01
4.649000e-05	-8.500624e-05	-9.789185e-01
4.650000e-05	9.260355e-04	-1.135862e+00
4.651000e-05	1.829100e-02	-1.305810e+00
4.652000e-05	8.463929e-02	-1.557913e+00
4.653000e-05	-1.717954e-02	-1.757492e+00
4.654000e-05	-4.218371e-02	-2.021649e+00
4.655000e-05	-3.946816e-02	-2.305729e+00
4.656000e-05	-8.662446e-02	-2.410549e+00
4.657000e-05	1.293310e-01	-2.432078e+00
4.658000e-05	1.962459e-02	-2.579041e+00
4.659000e-05	-1.289281e-01	-2.802625e+00
4.660000e-05	1.872035e-01	-2.938487e+00
4.661000e-05	-7.300520e-02	-3.184909e+00
4.662000e-05	-9.129116e-02	-3.389066e+00
4.663000e-05	1.639807e-01	-3.495860e+00
4.664000e-05	-9.096719e-02	-3.634298e+00
4.665000e-05	-2.845344e-03	-3.886353e+00
4.666000e-05	1.228354e-01	-4.021125e+00
4.667000e-05	-1.321192e-01	-4.263225e+00
4.668000e-05	9.776960e-02	-4.390996e+00
4.669000e-05	-3.826255e-02	-4.487086e+00
4.670000e-05	-3.856910e-02	-4.760020e+00
4.671000e-05	1.195212e-01	-4.894806e+00
4.672000e-05	-9.611798e-02	-5.055204e+00
4.673000e-05	6.128309e-02	-5.222831e+00
4.674000e-05	2.869672e-02	-5.473825e+00
4.675000e-05	-1.941209e-02	-5.643775e+00
4.676000e-05	4.331014e-02	-5.780070e+00
4.677000e-05	-7.602100e-02	-5.937438e+00
4.678000e-05	9.025199e-02	-6.064254e+00
4.679000e-05	-1.371681e-02	-6.233298e+00
4.680000e-05	-1.295341e-02	-6.402172e+00
4.681000e-05	7.669631e-02	-6.487482e+00
4.682000e-05	-5.282895e-02	-6.696408e+00
4.683000e-05	4.456275e-02	-6.793098e+00
4.684000e-05	-3.106526e-02	-6.978611e+00
4.685000e-05	4.362341e-02	-7.106963e+00
4.686000e-05	4.316207e-02	-7.244227e+00
4.687000e-05	-4.205219e-02	-7.370070e+00
4.688000e-05	4.115715e-02	-7.485402e+00
4.689000e-05	-1.227069e-03	-7.613275e+00
4.690000e-05	3.706137e-02	-7.772113e+00
4.691000e-05	-1.139897e-02	-7.917437e+00
4.692000e-05	1.481123e-02	-8.062825e+00
4.693000e-05	3.906547e-02	-8.127991e+00
4.694000e-05	-8.556040e-03	-8.276302e+00
4.695000e-05	2.878305e-02	-8.378039e+00
4.696000e-05	9.784505e-03	-8.453802e+00
4.697000e-05	3.051109e-02	-8.540160e+00
4.698000e-05	-4.866391e-03	-8.655381e+00
4.699000e-05	1.842815e-02	-8.822050e+00
4.700000e-05	3.243320e-02	-8.854277e+00
4.701000e-05	1.420024e-02	-8.979568e+00
4.702000e-05	1.692922e-02	-9.064728e+00
4.703000e-05	1.470274e-02	-9.127462e+00
4.704000e-05	2.976388e-02	-9.200120e+00
4.705000e-05	1.221293e-02	-9.223303e+00
4.706000e-05	2.134575e-02	-9.299656e+00
4.707000e-05	2.524489e-02	-9.415872e+00
4.708000e-05	2.208608e-02	-9.516886e+00
4.709000e-05	1.774691e-02	-9.602544e+00
4.710000e-05	2.483536e-02	-9.612728e+00
4.711000e-05	3.025514e-02	-9.624806e+00
4.712000e-05	1.977305e-02	-9.696985e+00
4.713000e-05	2.228462e-02	-9.769590e+00
4.714000e-05	2.339327e-02	-9.780677e+00
4.715000e-05	2.752281e-02	-9.833778e+00
4.716000e-05	2.326771e-02	-9.875330e+00
4.717000e-05	2.906468e-02	-9.876336e+00
4.718000e-05	2.941474e-02	-9.919489e+00
4.719000e-05	2.511431e-02	-9.948490e+00
4.720000e-05	2.632851e-02	-9.959617e+00
4.721000e-05	3.166492e-02	-9.980545e+00
4.722000e-05	3.032706e-02	-9.993095e+00
4.723000e-05	2.646414e-02	-9.991776e+00
4.724000e-05	3.029765e-02	-1.000273e+01
4.725000e-05	3.195557e-02	-1.004330e+01
4.726000e-05	3.144021e-02	-1.003270e+01
4.727000e-05	2.994728e-02	-1.003420e+01
4.728000e-05	3.410467e-02	-1.005228e+01
4.729000e-05	3.517524e-02	-1.004223e+01
4.730000e-05	3.593325e-02	-1.001423e+01
4.731000e-05	3.632504e-02	-9.981100e+00
4.732000e-05	3.774644e-02	-1.002008e+01
4.733000e-05	3.573012e-02	-9.959046e+00
4.734000e-05	3.647909e-02	-9.948465e+00
4.735000e-05	4.036750e-02	-9.905463e+00
4.736000e-05	4.103714e-02	-9.877433e+00
4.737000e-05	4.188010e-02	-9.836357e+00
4.738000e-05	4.423615e-02	-9.802176e+00
4.739000e-05	4.628062e-02	-9.770119e+00
4.740000e-05	4.598109e-02	-9.729440e+00
4.741000e-05	4.618709e-02	-9.673856e+00
4.742000e-05	4.959010e-02	-9.633228e+00
4.743000e-05	5.145137e-02	-9.591574e+00
4.744000e-05	5.082983e-02	-9.527492e+00
4.745000e-05	5.170938e-02	-9.443855e+00
4.746000e-05	5.367562e-02	-9.359638e+00
4.747000e-05	5.261166e-02	-9.275783e+00
4.748000e-05	5.232649e-02	-9.180647e+00
4.749000e-05	5.246313e-02	-9.128436e+00
4.750000e-05	5.367133e-02	-9.044757e+00
4.751000e-05	5.108850e-02	-8.949094e+00
4.752000e-05	4.839985e-02	-8.854883e+00
4.753000e-05	4.650348e-02	-8.801123e+00
4.754000e-05	4.437808e-02	-8.747364e+00
4.755000e-05	4.316276e-02	-8.631247e+00
4.756000e-05	4.062240e-02	-8.457310e+00
4.757000e-05	4.203869e-02	-8.421101e+00
4.758000e-05	3.741591e-02	-8.296411e+00
4.759000e-05	3.892629e-02	-8.180623e+00
4.760000e-05	3.631375e-02	-8.066334e+00
4.761000e-05	3.360070e-02	-7.991125e+00
4.762000e-05	3.241943e-02	-7.906361e+00
4.763000e-05	2.803559e-02	-7.736514e+00
4.764000e-05	2.914545e-02	-7.580043e+00
4.765000e-05	2.455629e-02	-7.454650e+00
4.766000e-05	2.529719e-02	-7.287391e+00
4.767000e-05	2.385308e-02	-7.200099e+00
4.768000e-05	2.422178e-02	-7.062840e+00
4.769000e-05	2.285887e-02	-6.886967e+00
4.770000e-05	2.142631e-02	-6.778044e+00
4.771000e-05	2.001974e-02	-6.662203e+00
4.772000e-05	1.841538e-02	-6.443337e+00
4.773000e-05	1.600460e-02	-6.338473e+00
4.774000e-05	1.511460e-02	-6.191700e+00
4.775000e-05	1.406719e-02	-6.031103e+00
4.776000e-05	1.505961e-02	-5.905363e+00
4.777000e-05	1.396893e-02	-5.736916e+00
4.778000e-05	1.295056e-02	-5.601051e+00
4.779000e-05	1.288619e-02	-5.392253e+00
4.780000e-05	1.011183e-02	-5.212050e+00
4.781000e-05	1.050999e-02	-5.043657e+00
4.782000e-05	9.062956e-03	-4.853182e+00
4.783000e-05	8.371613e-03	-4.633782e+00
4.784000e-05	7.453637e-03	-4.506817e+00
4.785000e-05	9.392122e-03	-4.389474e+00
4.786000e-05	4.031624e-03	-4.201129e+00
4.787000e-05	8.714359e-03	-4.103811e+00
4.788000e-05	4.861023e-03	-3.866366e+00
4.789000e-05	7.825146e-03	-3.693811e+00
4.790000e-05	3.320887e-03	-3.527416e+00
4.791000e-05	5.321570e-03	-3.379473e+00
4.792000e-05	3.855312e-03	-3.200550e+00
4.793000e-05	3.201873e-03	-3.040654e+00
4.794000e-05	7.432376e-04	-2.810003e+00
4.795000e-05	8.817633e-04	-2.612637e+00
4.796000e-05	1.497116e-03	-2.453261e+00
4.797000e-05	3.163538e-03	-2.275291e+00
4.798000e-05	1.979652e-03	-2.065811e+00
4.799000e-05	1.130012e-03	-1.914366e+00
4.800000e-05	-1.625253e-03	-1.736466e+00
4.801000e-05	-1.004801e-03	-1.578974e+00
4.802000e-05	-2.055784e-03	-1.306290e+00
4.803000e-05	-1.953106e-03	-1.146312e+00
4.804000e-05	-1.247290e-03	-9.572444e-01
4.805000e-05	-3.547215e-03	-7.383974e-01
4.806000e-05	-3.018720e-03	-5.453697e-01
4.807000e-05	-3.529330e-03	-3.478949e-01
4.808000e-05	-3.253480e-03	-2.184473e-01
4.809000e-05	-2.174536e-03	-5.247638e-02
4.810000e-05	1.994731e-03	1.895183e-01
4.811000e-05	-2.730438e-03	3.894949e-01
4.812000e-05	-1.990626e-03	4.857620e-01
4.813000e-05	-2.102438e-04	7.037818e-01
4.814000e-05	-4.609738e-03	8.326241e-01
4.815000e-05	-4.393373e-03	1.012202e+00
4.816000e-05	-2.663202e-03	1.253183e+00
4.817000e-05	8.745975e-03	1.392074e+00
4.818000e-05	5.322253e-02	1.644202e+00
4.819000e-05	3.046418e-02	1.864756e+00
4.820000e-05	-5.879944e-02	2.064204e+00
4.821000e-05	-3.590373e-02	2.222652e+00
4.822000e-05	-6.489100e-02	2.370549e+00
4.823000e-05	-4.608198e-02	2.517835e+00
4.824000e-05	1.378843e-01	2.688362e+00
4.825000e-05	-6.340580e-02	2.873778e+00
4.826000e-05	-5.392399e-02	3.040629e+00
4.827000e-05	1.368400e-01	3.188964e+00
4.828000e-05	-1.240515e-01	3.409516e+00
4.829000e-05	-9.680668e-03	3.548992e+00
4.830000e-05	8.267613e-02	3.695262e+00
4.831000e-05	-1.058285e-01	3.904361e+00
4.832000e-05	2.877251e-02	4.043675e+00
4.833000e-05	3.140172e-02	4.284754e+00
4.834000e-05	-5.857832e-02	4.422178e+00
4.835000e-05	1.991713e-02	4.560103e+00
4.836000e-05	-3.915227e-02	4.759571e+00
4.837000e-05	-1.017140e-02	4.939619e+00
4.838000e-05	4.186369e-04	5.203199e+00
4.839000e-05	-1.639328e-02	5.410145e+00
4.840000e-05	7.644640e-03	5.537942e+00
4.841000e-05	-8.635215e-03	5.674828e+00
4.842000e-05	-6.989711e-03	5.864833e+00
4.843000e-05	-4.114932e-02	6.034202e+00
4.844000e-05	-1.279820e-02	6.170095e+00
4.845000e-05	1.840348e-02	6.297838e+00
4.846000e-05	-3.538978e-02	6.421577e+00
4.847000e-05	-4.448326e-05	6.605121e+00
4.848000e-05	-1.854353e-02	6.789551e+00
4.849000e-05	-1.733127e-02	6.875936e+00
4.850000e-05	-1.349047e-02	7.072776e+00
4.851000e-05	-2.477189e-02	7.148493e+00
4.852000e-05	2.261917e-03	7.253284e+00
4.853000e-05	-1.826034e-02	7.382224e+00
4.854000e-05	-1.779444e-02	7.610619e+00
4.855000e-05	-2.240797e-02	7.707887e+00
4.856000e-05	-9.297601e-03	7.864278e+00
4.857000e-05	-1.864875e-02	7.939073e+00
4.858000e-05	-2.744843e-02	8.115941e+00
4.859000e-05	-1.220373e-02	8.234199e+00
4.860000e-05	-1.219539e-02	8.339041e+00
4.861000e-05	-2.228939e-02	8.434151e+00
4.862000e-05	-2.467109e-02	8.476761e+00
4.863000e-05	-1.739520e-02	8.581129e+00
4.864000e-05	-2.037232e-02	8.666312e+00
4.865000e-05	-2.629308e-02	8.749548e+00
4.866000e-05	-2.219967e-02	8.844782e+00
4.867000e-05	-1.848925e-02	8.952215e+00
4.868000e-05	-2.386452e-02	9.056380e+00
4.869000e-05	-2.583497e-02	9.149570e+00
4.870000e-05	-2.262657e-02	9.254253e+00
4.871000e-05	-2.403877e-02	9.296962e+00
4.872000e-05	-2.830323e-02	9.371675e+00
4.873000e-05	-2.652343e-02	9.457760e+00
4.874000e-05	-2.203949e-02	9.526963e+00
4.875000e-05	-2.764585e-02	9.572024e+00
4.876000e-05	-2.965529e-02	9.623256e+00
4.877000e-05	-2.809815e-02	9.685408e+00
4.878000e-05	-2.685157e-02	9.741564e+00
4.879000e-05	-3.023283e-02	9.812768e+00
4.880000e-05	-3.074737e-02	9.844930e+00
4.881000e-05	-3.031685e-02	9.897961e+00
4.882000e-05	-3.275921e-02	9.937445e+00
4.883000e-05	-3.079807e-02	9.948524e+00
4.884000e-05	-3.132402e-02	9.980076e+00
4.885000e-05	-3.167622e-02	9.983204e+00
4.886000e-05	-3.712772e-02	1.002321e+01
4.887000e-05	-3.661625e-02	1.005331e+01
4.888000e-05	-3.338324e-02	1.005529e+01
4.889000e-05	-3.485859e-02	1.003539e+01
4.890000e-05	-3.590891e-02	1.004594e+01
4.891000e-05	-3.746523e-02	1.005494e+01
4.892000e-05	-3.779284e-02	1.008641e+01
4.893000e-05	-3.951019e-02	1.012641e+01
4.894000e-05	-3.952092e-02	1.007691e+01
4.895000e-05	-4.097158e-02	1.008544e+01
4.896000e-05	-4.082129e-02	1.005633e+01
4.897000e-05	-4.182716e-02	1.006439e+01
4.898000e-05	-4.164558e-02	1.003378e+01
4.899000e-05	-4.435187e-02	1.004375e+01
4.900000e-05	-4.584308e-02	1.001308e+01
4.901000e-05	-4.576147e-02	9.982071e+00
4.902000e-05	-4.662337e-02	9.959124e+00
4.903000e-05	-4.813483e-02	9.917422e+00
4.904000e-05	-5.070982e-02	9.875433e+00
4.905000e-05	-5.037826e-02	9.793781e+00
4.906000e-05	-5.216154e-02	9.758616e+00
4.907000e-05	-5.575973e-02	9.665832e+00
4.908000e-05	-5.707390e-02	9.603656e+00
4.909000e-05	-5.672035e-02	9.518523e+00
4.910000e-05	-5.753574e-02	9.516840e+00
4.911000e-05	-5.929101e-02	9.434232e+00
4.912000e-05	-6.032218e-02	9.370070e+00
4.913000e-05	-6.020697e-02	9.305943e+00
4.914000e-05	-5.971422e-02	9.213230e+00
4.915000e-05	-5.981615e-02	9.161525e+00
4.916000e-05	-5.798130e-02	9.035838e+00
4.917000e-05	-5.638857e-02	8.921251e+00
4.918000e-05	-5.591825e-02	8.865916e+00
4.919000e-05	-5.410266e-02	8.762026e+00
4.920000e-05	-5.248638e-02	8.686816e+00
4.921000e-05	-5.124264e-02	8.571103e+00
4.922000e-05	-4.857445e-02	8.488918e+00
4.923000e-05	-4.671775e-02	8.403610e+00
4.924000e-05	-4.410837e-02	8.328523e+00
4.925000e-05	-4.407051e-02	8.254232e+00
4.926000e-05	-4.138456e-02	8.056767e+00
4.927000e-05	-4.070486e-02	7.962552e+00
4.928000e-05	-3.851076e-02	7.853812e+00
4.929000e-05	-3.800166e-02	7.727945e+00
4.930000e-05	-3.495406e-02	7.590654e+00
4.931000e-05	-3.382521e-02	7.496894e+00
4.932000e-05	-3.283181e-02	7.306002e+00
4.933000e-05	-3.122717e-02	7.201073e+00
4.934000e-05	-2.961355e-02	7.064186e+00
4.935000e-05	-2.987515e-02	6.928919e+00
4.936000e-05	-2.824555e-02	6.802104e+00
4.937000e-05	-2.764204e-02	6.684760e+00
4.938000e-05	-2.478166e-02	6.475290e+00
4.939000e-05	-2.399688e-02	6.367895e+00
4.940000e-05	-2.307792e-02	6.181630e+00
4.941000e-05	-2.334780e-02	6.052759e+00
4.942000e-05	-2.331511e-02	5.947345e+00
4.943000e-05	-2.164222e-02	5.758551e+00
4.944000e-05	-2.111786e-02	5.589002e+00
4.945000e-05	-1.959039e-02	5.452708e+00
4.946000e-05	-1.896342e-02	5.244286e+00
4.947000e-05	-1.923329e-02	5.052791e+00
4.948000e-05	-1.795081e-02	4.833212e+00
4.949000e-05	-1.790524e-02	4.716318e+00
4.950000e-05	-1.598832e-02	4.517347e+00
4.951000e-05	-1.584810e-02	4.390551e+00
4.952000e-05	-1.501205e-02	4.201109e+00
4.953000e-05	-1.500533e-02	3.969104e+00
4.954000e-05	-1.421082e-02	3.875187e+00
4.955000e-05	-1.316742e-02	3.695267e+00
4.956000e-05	-1.220179e-02	3.547372e+00
4.957000e-05	-1.227678e-02	3.366424e+00
4.958000e-05	-1.199439e-02	3.157449e+00
4.959000e-05	-1.146993e-02	3.010005e+00
4.960000e-05	-1.133038e-02	2.813108e+00
4.961000e-05	-9.821963e-03	2.621611e+00
4.962000e-05	-1.063131e-02	2.450063e+00
4.963000e-05	-1.086802e-02	2.271607e+00
4.964000e-05	-1.021668e-02	2.093188e+00
4.965000e-05	-8.171441e-03	1.906845e+00
4.966000e-05	-7.412051e-03	1.694312e+00
4.967000e-05	-7.357188e-03	1.535268e+00
4.968000e-05	-7.235109e-03	1.316400e+00
4.969000e-05	-6.538314e-03	1.145221e+00
4.970000e-05	-6.892869e-03	8.937170e-01
4.971000e-05	-6.403165e-03	7.266646e-01
4.972000e-05	-5.403411e-03	5.463221e-01
4.973000e-05	-4.308228e-03	3.684026e-01
4.974000e-05	-4.431059e-03	1.363023e-01
4.975000e-05	-3.100525e-03	-3.210000e-02
4.976000e-05	3.833304e-03	-2.189473e-01
4.977000e-05	-8.684896e-04	-3.474435e-01
4.978000e-05	3.745747e-04	-5.462843e-01
4.979000e-05	-7.907276e-04	-7.483909e-01
4.980000e-05	1.272758e-03	-8.552079e-01
4.981000e-05	-6.813704e-04	-1.044100e+00
4.982000e-05	5.237357e-03	-1.171170e+00
4.983000e-05	4.611736e-02	-1.402599e+00
4.984000e-05	6.685539e-02	-1.632673e+00
4.985000e-05	-6.227052e-02	-1.874833e+00
4.986000e-05	-1.655215e-02	-2.137508e+00
4.987000e-05	-8.405647e-02	-2.378442e+00
4.988000e-05	-4.284594e-03	-2.402104e+00
4.989000e-05	1.566923e-01	-2.474278e+00
4.990000e-05	-1.232691e-01	-2.695380e+00
4.991000e-05	1.470764e-02	-2.863831e+00
4.992000e-05	1.245426e-01	-2.992042e+00
4.993000e-05	-1.884459e-01	-3.273146e+00
4.994000e-05	6.418508e-02	-3.423729e+00
4.995000e-05	8.633236e-02	-3.519941e+00
4.996000e-05	-1.388927e-01	-3.779617e+00
4.997000e-05	1.308813e-01	-3.919469e+00
4.998000e-05	-2.249340e-02	-4.104859e+00
4.999000e-05	-5.480968e-02	-4.305412e+00
