# 260406_15:01:31.456933
t	CH1	CH2
0.000000e+00	-4.459792e-03	2.434126e-01
1.000000e-08	-4.197124e-03	2.115419e-02
2.000000e-08	2.465895e-03	-1.067909e-01
3.000000e-08	1.181856e-03	-2.846344e-01
4.000000e-08	-1.748283e-03	-4.710278e-01
5.000000e-08	1.666562e-03	-6.115766e-01
6.000000e-08	-2.670379e-04	-8.205012e-01
7.000000e-08	-7.164175e-05	-9.673699e-01
8.000000e-08	2.529770e-04	-1.078266e+00
9.000000e-08	1.778655e-02	-1.325737e+00
1.000000e-07	8.121972e-02	-1.516212e+00
1.100000e-07	-1.234624e-02	-1.788796e+00
1.200000e-07	-4.248934e-02	-1.998448e+00
1.300000e-07	-4.047707e-02	-2.293099e+00
1.400000e-07	-7.942715e-02	-2.399974e+00
1.500000e-07	1.160062e-01	-2.431003e+00
1.600000e-07	2.739621e-02	-2.550794e+00
1.700000e-07	-1.213721e-01	-2.780028e+00
1.800000e-07	1.646369e-01	-2.956108e+00
1.900000e-07	-6.759180e-02	-3.106113e+00
2.000000e-07	-1.010027e-01	-3.368317e+00
2.100000e-07	1.516293e-01	-3.503657e+00
2.200000e-07	-7.449506e-02	-3.663578e+00
2.300000e-07	-1.057623e-02	-3.874632e+00
2.400000e-07	1.189665e-01	-4.019377e+00
2.500000e-07	-1.223577e-01	-4.241505e+00
2.600000e-07	8.621866e-02	-4.378448e+00
2.700000e-07	-3.041960e-02	-4.505591e+00
2.800000e-07	-4.408869e-02	-4.778867e+00
2.900000e-07	1.220154e-01	-4.873561e+00
3.000000e-07	-9.147212e-02	-5.062028e+00
3.100000e-07	4.876504e-02	-5.211031e+00
3.200000e-07	3.354077e-02	-5.503373e+00
3.300000e-07	-2.282503e-02	-5.651454e+00
3.400000e-07	4.596819e-02	-5.748791e+00
3.500000e-07	-7.028393e-02	-5.917715e+00
3.600000e-07	7.995331e-02	-6.051507e+00
3.700000e-07	-8.136707e-03	-6.181247e+00
3.800000e-07	-1.909564e-02	-6.390450e+00
3.900000e-07	7.657112e-02	-6.506662e+00
4.000000e-07	-4.781749e-02	-6.714559e+00
4.100000e-07	4.177772e-02	-6.809475e+00
4.200000e-07	-2.689449e-02	-6.905714e+00
4.300000e-07	3.489102e-02	-7.145183e+00
4.400000e-07	4.647682e-02	-7.221506e+00
4.500000e-07	-4.004015e-02	-7.348319e+00
4.600000e-07	3.781923e-02	-7.443584e+00
4.700000e-07	-5.072333e-03	-7.569945e+00
4.800000e-07	3.696345e-02	-7.756236e+00
4.900000e-07	-6.877093e-03	-7.904981e+00
5.000000e-07	1.341971e-02	-8.019573e+00
5.100000e-07	3.823967e-02	-8.125666e+00
5.200000e-07	-8.506609e-03	-8.232055e+00
5.300000e-07	2.427570e-02	-8.326264e+00
5.400000e-07	6.750686e-03	-8.411474e+00
5.500000e-07	3.354694e-02	-8.526166e+00
5.600000e-07	-1.069287e-03	-8.665511e+00
5.700000e-07	1.387748e-02	-8.788971e+00
5.800000e-07	2.963783e-02	-8.861107e+00
5.900000e-07	1.297383e-02	-8.948269e+00
6.000000e-07	1.460408e-02	-9.022029e+00
6.100000e-07	1.205111e-02	-9.125711e+00
6.200000e-07	3.109747e-02	-9.168846e+00
6.300000e-07	1.535839e-02	-9.211025e+00
6.400000e-07	1.868832e-02	-9.294662e+00
6.500000e-07	2.173856e-02	-9.409845e+00
6.600000e-07	2.138063e-02	-9.464002e+00
6.700000e-07	1.556031e-02	-9.578194e+00
6.800000e-07	2.180331e-02	-9.560447e+00
6.900000e-07	2.939070e-02	-9.642054e+00
7.000000e-07	2.048089e-02	-9.694235e+00
7.100000e-07	2.208326e-02	-9.766339e+00
7.200000e-07	2.232041e-02	-9.799825e+00
7.300000e-07	2.542537e-02	-9.830502e+00
7.400000e-07	2.229015e-02	-9.871552e+00
7.500000e-07	2.607596e-02	-9.842561e+00
7.600000e-07	2.720772e-02	-9.925210e+00
7.700000e-07	2.449336e-02	-9.956740e+00
7.800000e-07	2.502373e-02	-9.966393e+00
7.900000e-07	2.862820e-02	-9.968819e+00
8.000000e-07	2.699607e-02	-9.968868e+00
8.100000e-07	2.498714e-02	-9.949397e+00
8.200000e-07	2.974601e-02	-9.968349e+00
8.300000e-07	3.101295e-02	-9.989497e+00
8.400000e-07	3.049318e-02	-1.002001e+01
8.500000e-07	2.775634e-02	-1.000250e+01
8.600000e-07	3.149019e-02	-1.001045e+01
8.700000e-07	3.130666e-02	-9.978972e+00
8.800000e-07	3.148331e-02	-1.003095e+01
8.900000e-07	3.458899e-02	-9.978470e+00
9.000000e-07	3.471526e-02	-9.976895e+00
9.100000e-07	3.451501e-02	-9.967871e+00
9.200000e-07	3.309742e-02	-9.955337e+00
9.300000e-07	3.680400e-02	-9.904763e+00
9.400000e-07	3.656796e-02	-9.853108e+00
9.500000e-07	3.689814e-02	-9.872032e+00
9.600000e-07	3.950765e-02	-9.808948e+00
9.700000e-07	4.183616e-02	-9.757792e+00
9.800000e-07	4.189602e-02	-9.725187e+00
9.900000e-07	4.230828e-02	-9.675108e+00
1.000000e-06	4.443128e-02	-9.612077e+00
1.010000e-06	4.515934e-02	-9.567894e+00
1.020000e-06	4.585181e-02	-9.502136e+00
1.030000e-06	4.786238e-02	-9.422527e+00
1.040000e-06	4.891861e-02	-9.316291e+00
1.050000e-06	4.814515e-02	-9.271129e+00
1.060000e-06	4.797936e-02	-9.168421e+00
1.070000e-06	4.746767e-02	-9.105187e+00
1.080000e-06	4.900815e-02	-9.032480e+00
1.090000e-06	4.745775e-02	-8.936241e+00
1.100000e-06	4.710346e-02	-8.882133e+00
1.110000e-06	4.470757e-02	-8.820475e+00
1.120000e-06	4.214085e-02	-8.714739e+00
1.130000e-06	4.181671e-02	-8.589372e+00
1.140000e-06	4.074393e-02	-8.474106e+00
1.150000e-06	3.976986e-02	-8.399922e+00
1.160000e-06	3.898425e-02	-8.293712e+00
1.170000e-06	3.630189e-02	-8.198971e+00
1.180000e-06	3.468139e-02	-8.103684e+00
1.190000e-06	3.300391e-02	-7.991975e+00
1.200000e-06	3.206756e-02	-7.842061e+00
1.210000e-06	3.123338e-02	-7.716712e+00
1.220000e-06	2.815009e-02	-7.568770e+00
1.230000e-06	2.691396e-02	-7.471555e+00
1.240000e-06	2.599555e-02	-7.304781e+00
1.250000e-06	2.374720e-02	-7.229998e+00
1.260000e-06	2.425359e-02	-7.031529e+00
1.270000e-06	1.996768e-02	-6.865682e+00
1.280000e-06	2.253849e-02	-6.758920e+00
1.290000e-06	1.973260e-02	-6.643074e+00
1.300000e-06	1.866638e-02	-6.494583e+00
1.310000e-06	1.786286e-02	-6.389892e+00
1.320000e-06	1.554613e-02	-6.210021e+00
1.330000e-06	1.586839e-02	-6.040000e+00
1.340000e-06	1.405895e-02	-5.873284e+00
1.350000e-06	1.444504e-02	-5.716871e+00
1.360000e-06	1.394180e-02	-5.590446e+00
1.370000e-06	9.500152e-03	-5.401426e+00
1.380000e-06	1.235984e-02	-5.209473e+00
1.390000e-06	1.055836e-02	-5.043623e+00
1.400000e-06	1.071238e-02	-4.853635e+00
1.410000e-06	8.103698e-03	-4.692104e+00
1.420000e-06	8.283158e-03	-4.505338e+00
1.430000e-06	9.543532e-03	-4.388421e+00
1.440000e-06	5.800399e-03	-4.231077e+00
1.450000e-06	7.046520e-03	-4.074705e+00
1.460000e-06	4.889627e-03	-3.934868e+00
1.470000e-06	5.807447e-03	-3.665755e+00
1.480000e-06	4.095980e-03	-3.546441e+00
1.490000e-06	5.962538e-03	-3.328897e+00
1.500000e-06	4.615745e-03	-3.199523e+00
1.510000e-06	3.405367e-03	-3.011652e+00
1.520000e-06	1.581191e-03	-2.780551e+00
1.530000e-06	1.913001e-03	-2.683679e+00
1.540000e-06	6.507164e-04	-2.494204e+00
1.550000e-06	2.211573e-03	-2.287317e+00
1.560000e-06	1.648588e-03	-2.064108e+00
1.570000e-06	2.335011e-03	-1.913787e+00
1.580000e-06	-1.358153e-03	-1.746867e+00
1.590000e-06	-1.037990e-03	-1.600470e+00
1.600000e-06	-1.657665e-03	-1.337286e+00
1.610000e-06	-8.650749e-04	-1.154841e+00
1.620000e-06	-1.407733e-03	-9.048419e-01
1.630000e-06	-1.823676e-03	-7.879709e-01
1.640000e-06	-2.554458e-03	-5.458420e-01
1.650000e-06	-3.897405e-03	-3.789211e-01
1.660000e-06	-3.966403e-03	-1.895237e-01
1.670000e-06	-2.371968e-03	-5.105263e-02
1.680000e-06	2.671291e-03	1.783239e-01
1.690000e-06	-6.606429e-04	3.789500e-01
1.700000e-06	-1.767251e-03	5.257620e-01
1.710000e-06	-1.232962e-03	7.057108e-01
1.720000e-06	-3.863838e-03	8.515278e-01
1.730000e-06	-4.326444e-03	1.041054e+00
1.740000e-06	-2.546168e-03	1.242504e+00
1.750000e-06	7.775789e-03	1.390903e+00
1.760000e-06	5.138087e-02	1.610154e+00
1.770000e-06	3.231059e-02	1.883534e+00
1.780000e-06	-5.502450e-02	2.073605e+00
1.790000e-06	-3.718256e-02	2.250008e+00
1.800000e-06	-6.174228e-02	2.370525e+00
1.810000e-06	-4.583448e-02	2.504192e+00
1.820000e-06	1.250238e-01	2.706636e+00
1.830000e-06	-4.811891e-02	2.882609e+00
1.840000e-06	-6.159344e-02	2.989898e+00
1.850000e-06	1.239758e-01	3.136773e+00
1.860000e-06	-1.075962e-01	3.369824e+00
1.870000e-06	-1.868745e-02	3.538294e+00
1.880000e-06	8.362829e-02	3.692611e+00
1.890000e-06	-8.984879e-02	3.843682e+00
1.900000e-06	2.007814e-02	4.031030e+00
1.910000e-06	2.763860e-02	4.242407e+00
1.920000e-06	-5.455537e-02	4.411478e+00
1.930000e-06	2.002829e-02	4.589428e+00
1.940000e-06	-3.467504e-02	4.798804e+00
1.950000e-06	-9.180180e-03	4.928743e+00
1.960000e-06	3.072834e-03	5.188449e+00
1.970000e-06	-2.180696e-02	5.378849e+00
1.980000e-06	6.502492e-03	5.514741e+00
1.990000e-06	-3.333447e-03	5.692209e+00
2.000000e-06	-7.809208e-03	5.873006e+00
2.010000e-06	-3.801996e-02	6.009479e+00
2.020000e-06	-1.367746e-02	6.137875e+00
2.030000e-06	1.804465e-02	6.294611e+00
2.040000e-06	-3.350145e-02	6.433055e+00
2.050000e-06	-8.234229e-04	6.537299e+00
2.060000e-06	-1.751043e-02	6.768823e+00
2.070000e-06	-1.802673e-02	6.884587e+00
2.080000e-06	-1.103227e-02	6.991476e+00
2.090000e-06	-2.343170e-02	7.138212e+00
2.100000e-06	2.055045e-03	7.241054e+00
2.110000e-06	-1.696746e-02	7.307823e+00
2.120000e-06	-1.803471e-02	7.558245e+00
2.130000e-06	-2.105409e-02	7.662635e+00
2.140000e-06	-8.398720e-03	7.840427e+00
2.150000e-06	-1.464420e-02	7.937267e+00
2.160000e-06	-2.460992e-02	8.074762e+00
2.170000e-06	-1.265166e-02	8.218950e+00
2.180000e-06	-1.235803e-02	8.306262e+00
2.190000e-06	-2.036465e-02	8.420524e+00
2.200000e-06	-2.322650e-02	8.474634e+00
2.210000e-06	-1.702470e-02	8.539871e+00
2.220000e-06	-1.761512e-02	8.682085e+00
2.230000e-06	-2.334796e-02	8.757847e+00
2.240000e-06	-2.181072e-02	8.791579e+00
2.250000e-06	-1.805505e-02	8.937195e+00
2.260000e-06	-2.300645e-02	9.015453e+00
2.270000e-06	-2.436049e-02	9.185745e+00
2.280000e-06	-1.978376e-02	9.221506e+00
2.290000e-06	-2.120850e-02	9.305160e+00
2.300000e-06	-2.667102e-02	9.357274e+00
2.310000e-06	-2.663314e-02	9.411032e+00
2.320000e-06	-2.076596e-02	9.495161e+00
2.330000e-06	-2.570014e-02	9.526792e+00
2.340000e-06	-2.816026e-02	9.592026e+00
2.350000e-06	-2.671643e-02	9.642102e+00
2.360000e-06	-2.323584e-02	9.685617e+00
2.370000e-06	-2.806428e-02	9.757824e+00
2.380000e-06	-2.854331e-02	9.840427e+00
2.390000e-06	-2.916561e-02	9.864084e+00
2.400000e-06	-2.992122e-02	9.874662e+00
2.410000e-06	-3.086102e-02	9.936393e+00
2.420000e-06	-2.936041e-02	9.988396e+00
2.430000e-06	-2.784894e-02	1.000002e+01
2.440000e-06	-3.301277e-02	1.005203e+01
2.450000e-06	-3.465329e-02	1.004158e+01
2.460000e-06	-3.340968e-02	1.005260e+01
2.470000e-06	-3.299496e-02	1.004263e+01
2.480000e-06	-3.320650e-02	1.008311e+01
2.490000e-06	-3.424074e-02	1.009358e+01
2.500000e-06	-3.523125e-02	1.007366e+01
2.510000e-06	-3.704395e-02	1.009474e+01
2.520000e-06	-3.713667e-02	1.008266e+01
2.530000e-06	-3.676302e-02	1.006164e+01
2.540000e-06	-3.743929e-02	1.007269e+01
2.550000e-06	-3.841714e-02	1.004208e+01
2.560000e-06	-3.917489e-02	1.003153e+01
2.570000e-06	-4.026995e-02	1.001105e+01
2.580000e-06	-4.095845e-02	9.990529e+00
2.590000e-06	-4.231885e-02	9.957946e+00
2.600000e-06	-4.310217e-02	9.936741e+00
2.610000e-06	-4.389295e-02	9.905240e+00
2.620000e-06	-4.602376e-02	9.831477e+00
2.630000e-06	-4.556756e-02	9.808022e+00
2.640000e-06	-4.703861e-02	9.714240e+00
2.650000e-06	-4.905985e-02	9.643633e+00
2.660000e-06	-5.122373e-02	9.560447e+00
2.670000e-06	-5.114348e-02	9.535873e+00
2.680000e-06	-5.179364e-02	9.493186e+00
2.690000e-06	-5.339200e-02	9.420528e+00
2.700000e-06	-5.420803e-02	9.379349e+00
2.710000e-06	-5.523756e-02	9.272687e+00
2.720000e-06	-5.380683e-02	9.221003e+00
2.730000e-06	-5.485589e-02	9.166325e+00
2.740000e-06	-5.365784e-02	9.033584e+00
2.750000e-06	-5.427482e-02	8.976366e+00
2.760000e-06	-5.172031e-02	8.882157e+00
2.770000e-06	-5.228910e-02	8.748326e+00
2.780000e-06	-4.995942e-02	8.674187e+00
2.790000e-06	-4.900298e-02	8.619525e+00
2.800000e-06	-4.619503e-02	8.525242e+00
2.810000e-06	-4.478364e-02	8.451527e+00
2.820000e-06	-4.379874e-02	8.324915e+00
2.830000e-06	-4.280731e-02	8.227424e+00
2.840000e-06	-4.059002e-02	8.105187e+00
2.850000e-06	-3.969560e-02	7.997926e+00
2.860000e-06	-3.787485e-02	7.884158e+00
2.870000e-06	-3.740317e-02	7.747869e+00
2.880000e-06	-3.497509e-02	7.651554e+00
2.890000e-06	-3.363958e-02	7.503711e+00
2.900000e-06	-3.137431e-02	7.335893e+00
2.910000e-06	-3.073048e-02	7.168924e+00
2.920000e-06	-2.962437e-02	7.053659e+00
2.930000e-06	-2.806864e-02	6.925817e+00
2.940000e-06	-2.745277e-02	6.809003e+00
2.950000e-06	-2.750179e-02	6.631682e+00
2.960000e-06	-2.617693e-02	6.473712e+00
2.970000e-06	-2.465638e-02	6.326341e+00
2.980000e-06	-2.317353e-02	6.189478e+00
2.990000e-06	-2.131749e-02	6.071155e+00
3.000000e-06	-2.264420e-02	5.926421e+00
3.010000e-06	-1.920588e-02	5.766371e+00
3.020000e-06	-2.044263e-02	5.598471e+00
3.030000e-06	-2.021570e-02	5.431602e+00
3.040000e-06	-1.992367e-02	5.262707e+00
3.050000e-06	-1.973409e-02	5.062281e+00
3.060000e-06	-1.617926e-02	4.910630e+00
3.070000e-06	-1.662567e-02	4.693668e+00
3.080000e-06	-1.624378e-02	4.525417e+00
3.090000e-06	-1.607953e-02	4.429024e+00
3.100000e-06	-1.524068e-02	4.140155e+00
3.110000e-06	-1.408030e-02	3.991049e+00
3.120000e-06	-1.414707e-02	3.863682e+00
3.130000e-06	-1.261777e-02	3.685161e+00
3.140000e-06	-1.208443e-02	3.567422e+00
3.150000e-06	-1.213520e-02	3.335316e+00
3.160000e-06	-1.187339e-02	3.157493e+00
3.170000e-06	-1.214274e-02	2.980074e+00
3.180000e-06	-1.180720e-02	2.852080e+00
3.190000e-06	-1.088856e-02	2.653333e+00
3.200000e-06	-9.575139e-03	2.440104e+00
3.210000e-06	-8.354606e-03	2.252083e+00
3.220000e-06	-9.049344e-03	2.093187e+00
3.230000e-06	-7.760802e-03	1.957394e+00
3.240000e-06	-7.692037e-03	1.732785e+00
3.250000e-06	-7.886186e-03	1.547368e+00
3.260000e-06	-6.968145e-03	1.305393e+00
3.270000e-06	-6.146958e-03	1.136416e+00
3.280000e-06	-6.120261e-03	8.753608e-01
3.290000e-06	-5.963784e-03	7.168156e-01
3.300000e-06	-5.452632e-03	5.169660e-01
3.310000e-06	-4.577928e-03	3.784989e-01
3.320000e-06	-4.671736e-03	1.580249e-01
3.330000e-06	-3.075813e-03	-5.200134e-02
3.340000e-06	3.413876e-03	-2.199262e-01
3.350000e-06	2.001580e-04	-3.267922e-01
3.360000e-06	7.068711e-04	-5.136857e-01
3.370000e-06	-7.386780e-04	-7.477409e-01
3.380000e-06	-3.382973e-04	-8.651341e-01
3.390000e-06	-1.481397e-03	-1.053028e+00
3.400000e-06	5.432491e-03	-1.151473e+00
3.410000e-06	4.254429e-02	-1.392298e+00
3.420000e-06	6.960969e-02	-1.642501e+00
3.430000e-06	-5.722191e-02	-1.864063e+00
3.440000e-06	-1.886615e-02	-2.128716e+00
3.450000e-06	-7.912323e-02	-2.357896e+00
3.460000e-06	-1.441580e-02	-2.410975e+00
3.470000e-06	1.444874e-01	-2.464107e+00
3.480000e-06	-1.062740e-01	-2.663558e+00
3.490000e-06	-6.748034e-03	-2.852659e+00
3.500000e-06	1.269007e-01	-2.949370e+00
3.510000e-06	-1.629492e-01	-3.282549e+00
3.520000e-06	4.768891e-02	-3.430501e+00
3.530000e-06	9.327406e-02	-3.587710e+00
3.540000e-06	-1.312207e-01	-3.755242e+00
3.550000e-06	1.206010e-01	-3.948315e+00
3.560000e-06	-2.894547e-03	-4.094611e+00
3.570000e-06	-5.856147e-02	-4.305716e+00
3.580000e-06	9.941562e-02	-4.411896e+00
3.590000e-06	-1.093739e-01	-4.650422e+00
3.600000e-06	7.012509e-02	-4.771929e+00
3.610000e-06	3.919358e-02	-4.948616e+00
3.620000e-06	-8.146917e-02	-5.137694e+00
3.630000e-06	1.002526e-01	-5.272641e+00
3.640000e-06	-3.516059e-02	-5.526765e+00
3.650000e-06	3.656527e-02	-5.673112e+00
3.660000e-06	-1.653709e-02	-5.825054e+00
3.670000e-06	-2.583600e-02	-5.958899e+00
3.680000e-06	8.980909e-02	-6.083536e+00
3.690000e-06	-6.692352e-02	-6.335560e+00
3.700000e-06	5.847347e-02	-6.453057e+00
3.710000e-06	1.092607e-02	-6.589350e+00
3.720000e-06	-2.064487e-02	-6.766240e+00
3.730000e-06	3.506279e-02	-6.790479e+00
3.740000e-06	-3.611038e-02	-6.969897e+00
3.750000e-06	8.076441e-02	-7.138346e+00
3.760000e-06	-1.730663e-02	-7.273111e+00
3.770000e-06	-3.775690e-04	-7.420954e+00
3.780000e-06	2.402706e-02	-7.525660e+00
3.790000e-06	3.346453e-03	-7.720637e+00
3.800000e-06	3.139962e-02	-7.812273e+00
3.810000e-06	-1.913626e-02	-7.977796e+00
3.820000e-06	4.413839e-02	-8.073533e+00
3.830000e-06	7.771332e-03	-8.208346e+00
3.840000e-06	7.401423e-03	-8.303136e+00
3.850000e-06	1.777674e-02	-8.368817e+00
3.860000e-06	1.565641e-02	-8.423109e+00
3.870000e-06	2.263766e-02	-8.579193e+00
3.880000e-06	-4.778826e-03	-8.734660e+00
3.890000e-06	3.089476e-02	-8.818951e+00
3.900000e-06	2.013647e-02	-8.904662e+00
3.910000e-06	1.574821e-02	-8.980447e+00
3.920000e-06	1.189784e-02	-9.073984e+00
3.930000e-06	2.106718e-02	-9.126340e+00
3.940000e-06	2.441390e-02	-9.198471e+00
3.950000e-06	1.187816e-02	-9.242008e+00
3.960000e-06	2.215982e-02	-9.336217e+00
3.970000e-06	2.247720e-02	-9.450902e+00
3.980000e-06	2.067256e-02	-9.554689e+00
3.990000e-06	1.660429e-02	-9.589895e+00
4.000000e-06	2.658084e-02	-9.611450e+00
4.010000e-06	2.373072e-02	-9.683085e+00
4.020000e-06	2.068045e-02	-9.684660e+00
4.030000e-06	2.195463e-02	-9.777815e+00
4.040000e-06	2.420119e-02	-9.788424e+00
4.050000e-06	2.451281e-02	-9.852479e+00
4.060000e-06	2.266764e-02	-9.873057e+00
4.070000e-06	2.758971e-02	-9.904585e+00
4.080000e-06	2.642332e-02	-9.925709e+00
4.090000e-06	2.448909e-02	-9.937291e+00
4.100000e-06	2.685374e-02	-9.925770e+00
4.110000e-06	2.754989e-02	-9.978317e+00
4.120000e-06	2.492612e-02	-9.937945e+00
4.130000e-06	2.819799e-02	-9.989845e+00
4.140000e-06	3.046865e-02	-9.998948e+00
4.150000e-06	3.064521e-02	-9.991471e+00
4.160000e-06	2.809168e-02	-1.002000e+01
4.170000e-06	2.905844e-02	-9.990998e+00
4.180000e-06	3.115825e-02	-1.001998e+01
4.190000e-06	3.087505e-02	-9.989953e+00
4.200000e-06	3.276304e-02	-9.980425e+00
4.210000e-06	3.437594e-02	-9.970341e+00
4.220000e-06	3.411343e-02	-9.979367e+00
4.230000e-06	3.388731e-02	-9.947745e+00
4.240000e-06	3.626515e-02	-9.924765e+00
4.250000e-06	3.654296e-02	-9.904137e+00
4.260000e-06	3.676619e-02	-9.853634e+00
4.270000e-06	3.759931e-02	-9.802005e+00
4.280000e-06	4.246047e-02	-9.808346e+00
4.290000e-06	4.113167e-02	-9.727319e+00
4.300000e-06	4.221522e-02	-9.705158e+00
4.310000e-06	4.226252e-02	-9.652107e+00
4.320000e-06	4.575418e-02	-9.578498e+00
4.330000e-06	4.472635e-02	-9.557870e+00
4.340000e-06	4.661846e-02	-9.501607e+00
4.350000e-06	4.912370e-02	-9.380799e+00
4.360000e-06	4.766328e-02	-9.314187e+00
4.370000e-06	4.692805e-02	-9.241426e+00
4.380000e-06	4.743205e-02	-9.177365e+00
4.390000e-06	4.943839e-02	-9.074682e+00
4.400000e-06	4.850185e-02	-9.010496e+00
4.410000e-06	4.622656e-02	-8.925210e+00
4.420000e-06	4.578470e-02	-8.842525e+00
4.430000e-06	4.471032e-02	-8.767300e+00
4.440000e-06	4.320546e-02	-8.655612e+00
4.450000e-06	4.255158e-02	-8.525761e+00
4.460000e-06	4.145970e-02	-8.461028e+00
4.470000e-06	3.885564e-02	-8.316319e+00
4.480000e-06	3.736284e-02	-8.261579e+00
4.490000e-06	3.597994e-02	-8.147816e+00
4.500000e-06	3.462764e-02	-8.060123e+00
4.510000e-06	3.273264e-02	-7.927347e+00
4.520000e-06	3.050778e-02	-7.810891e+00
4.530000e-06	3.117508e-02	-7.673034e+00
4.540000e-06	2.850651e-02	-7.534786e+00
4.550000e-06	2.648354e-02	-7.368424e+00
4.560000e-06	2.538790e-02	-7.272577e+00
4.570000e-06	2.358317e-02	-7.156319e+00
4.580000e-06	2.310787e-02	-6.990446e+00
4.590000e-06	2.116684e-02	-6.832002e+00
4.600000e-06	2.104783e-02	-6.696759e+00
4.610000e-06	1.940475e-02	-6.568845e+00
4.620000e-06	1.812956e-02	-6.452149e+00
4.630000e-06	1.761466e-02	-6.273258e+00
4.640000e-06	1.703375e-02	-6.136679e+00
4.650000e-06	1.524641e-02	-5.956496e+00
4.660000e-06	1.411068e-02	-5.870051e+00
4.670000e-06	1.250784e-02	-5.703559e+00
4.680000e-06	1.277803e-02	-5.524335e+00
4.690000e-06	1.131343e-02	-5.285208e+00
4.700000e-06	1.088626e-02	-5.135913e+00
4.710000e-06	1.160073e-02	-4.958493e+00
4.720000e-06	9.362550e-03	-4.817388e+00
4.730000e-06	8.877632e-03	-4.580023e+00
4.740000e-06	7.422342e-03	-4.443179e+00
4.750000e-06	8.583039e-03	-4.295257e+00
4.760000e-06	6.608336e-03	-4.147347e+00
4.770000e-06	6.588170e-03	-4.031525e+00
4.780000e-06	4.305536e-03	-3.871701e+00
4.790000e-06	5.752470e-03	-3.582550e+00
4.800000e-06	5.542791e-03	-3.462757e+00
4.810000e-06	4.495215e-03	-3.322755e+00
4.820000e-06	3.488838e-03	-3.146892e+00
4.830000e-06	2.558834e-03	-2.905786e+00
4.840000e-06	3.099829e-03	-2.767420e+00
4.850000e-06	1.512957e-03	-2.568396e+00
4.860000e-06	1.712415e-03	-2.380025e+00
4.870000e-06	1.854886e-03	-2.210095e+00
4.880000e-06	2.337914e-03	-2.020975e+00
4.890000e-06	-8.198268e-04	-1.822155e+00
4.900000e-06	-7.429488e-04	-1.683232e+00
4.910000e-06	-6.640737e-05	-1.464736e+00
4.920000e-06	-9.670573e-04	-1.221003e+00
4.930000e-06	-2.568702e-03	-1.022553e+00
4.940000e-06	-2.188237e-03	-8.625803e-01
4.950000e-06	-2.289981e-03	-6.842564e-01
4.960000e-06	-2.666115e-03	-4.736067e-01
4.970000e-06	-4.658275e-03	-2.743905e-01
4.980000e-06	-2.361904e-03	-1.058381e-01
4.990000e-06	2.676054e-04	1.059213e-03
5.000000e-06	3.603740e-03	2.726069e-01
5.010000e-06	-4.588930e-03	4.410315e-01
5.020000e-06	-2.351537e-04	6.209748e-01
5.030000e-06	-3.858770e-03	7.462684e-01
5.040000e-06	-3.176818e-03	8.936922e-01
5.050000e-06	-4.702102e-03	1.126365e+00
5.060000e-06	2.721943e-03	1.316165e+00
5.070000e-06	2.020163e-02	1.444612e+00
5.080000e-06	6.331512e-02	1.734818e+00
5.090000e-06	-1.590884e-02	1.956895e+00
5.100000e-06	-4.954995e-02	2.135690e+00
5.110000e-06	-4.083324e-02	2.335216e+00
5.120000e-06	-7.406360e-02	2.420559e+00
5.130000e-06	2.768586e-02	2.588743e+00
5.140000e-06	1.058904e-01	2.758400e+00
5.150000e-06	-1.352567e-01	2.925216e+00
5.160000e-06	7.613017e-02	3.082057e+00
5.170000e-06	3.105086e-02	3.283011e+00
5.180000e-06	-1.165839e-01	3.442581e+00
5.190000e-06	6.478107e-02	3.559949e+00
5.200000e-06	1.082836e-02	3.758345e+00
5.210000e-06	-8.574536e-02	3.976769e+00
5.220000e-06	7.291067e-02	4.146116e+00
5.230000e-06	-3.338861e-02	4.328316e+00
5.240000e-06	-1.954527e-02	4.492636e+00
5.250000e-06	7.614087e-03	4.664109e+00
5.260000e-06	-4.527026e-02	4.832983e+00
5.270000e-06	1.650235e-02	5.102537e+00
5.280000e-06	-1.784780e-02	5.282608e+00
5.290000e-06	-3.757754e-03	5.452007e+00
5.300000e-06	3.837978e-04	5.579925e+00
5.310000e-06	-3.412840e-03	5.728900e+00
5.320000e-06	-2.062848e-02	5.906741e+00
5.330000e-06	-3.957646e-02	6.113684e+00
5.340000e-06	1.432785e-02	6.220532e+00
5.350000e-06	-6.838604e-03	6.367840e+00
5.360000e-06	-2.584964e-02	6.462109e+00
5.370000e-06	-9.064936e-04	6.673582e+00
5.380000e-06	-2.273943e-02	6.800530e+00
5.390000e-06	-1.182351e-02	6.976270e+00
5.400000e-06	-1.728388e-02	7.052032e+00
5.410000e-06	-1.468715e-02	7.229423e+00
5.420000e-06	-6.429892e-04	7.314138e+00
5.430000e-06	-2.424172e-02	7.453536e+00
5.440000e-06	-1.449464e-02	7.590455e+00
5.450000e-06	-2.028910e-02	7.748419e+00
5.460000e-06	-8.746009e-03	7.842161e+00
5.470000e-06	-2.221981e-02	8.028474e+00
5.480000e-06	-2.121311e-02	8.115721e+00
5.490000e-06	-7.386484e-03	8.260134e+00
5.500000e-06	-1.942524e-02	8.369373e+00
5.510000e-06	-1.933242e-02	8.413558e+00
5.520000e-06	-2.337457e-02	8.525738e+00
5.530000e-06	-1.499266e-02	8.601481e+00
5.540000e-06	-2.299614e-02	8.694711e+00
5.550000e-06	-2.349097e-02	8.819900e+00
5.560000e-06	-1.860171e-02	8.892086e+00
5.570000e-06	-2.189011e-02	8.978400e+00
5.580000e-06	-2.359272e-02	9.114062e+00
5.590000e-06	-2.441392e-02	9.178797e+00
5.600000e-06	-1.912271e-02	9.253584e+00
5.610000e-06	-2.463166e-02	9.294215e+00
5.620000e-06	-2.616434e-02	9.408855e+00
5.630000e-06	-2.372534e-02	9.462536e+00
5.640000e-06	-2.394929e-02	9.485744e+00
5.650000e-06	-2.726020e-02	9.566818e+00
5.660000e-06	-2.888875e-02	9.620509e+00
5.670000e-06	-2.498484e-02	9.662113e+00
5.680000e-06	-2.722347e-02	9.725293e+00
5.690000e-06	-2.745450e-02	9.789849e+00
5.700000e-06	-2.909217e-02	9.880483e+00
5.710000e-06	-2.848422e-02	9.895161e+00
5.720000e-06	-3.147618e-02	9.935288e+00
5.730000e-06	-2.913568e-02	9.987370e+00
5.740000e-06	-2.902653e-02	9.998900e+00
5.750000e-06	-3.015193e-02	1.002098e+01
5.760000e-06	-3.433563e-02	1.000151e+01
5.770000e-06	-3.236717e-02	1.004211e+01
5.780000e-06	-3.204583e-02	1.007111e+01
5.790000e-06	-3.422069e-02	1.007361e+01
5.800000e-06	-3.469027e-02	1.007311e+01
5.810000e-06	-3.446148e-02	1.008313e+01
5.820000e-06	-3.525883e-02	1.010361e+01
5.830000e-06	-3.667842e-02	1.007464e+01
5.840000e-06	-3.668721e-02	1.006414e+01
5.850000e-06	-3.774308e-02	1.008363e+01
5.860000e-06	-3.838899e-02	1.003263e+01
5.870000e-06	-3.842899e-02	1.006306e+01
5.880000e-06	-3.930349e-02	1.003155e+01
5.890000e-06	-4.132416e-02	1.001950e+01
5.900000e-06	-4.191980e-02	9.969399e+00
5.910000e-06	-4.234848e-02	9.947871e+00
5.920000e-06	-4.291871e-02	9.914870e+00
5.930000e-06	-4.570993e-02	9.913589e+00
5.940000e-06	-4.496916e-02	9.831926e+00
5.950000e-06	-4.691517e-02	9.766320e+00
5.960000e-06	-4.651194e-02	9.705141e+00
5.970000e-06	-5.101163e-02	9.641580e+00
5.980000e-06	-5.254116e-02	9.567447e+00
5.990000e-06	-5.272896e-02	9.514739e+00
6.000000e-06	-5.198299e-02	9.474083e+00
6.010000e-06	-5.346502e-02	9.400023e+00
6.020000e-06	-5.428316e-02	9.324316e+00
6.030000e-06	-5.486155e-02	9.253154e+00
6.040000e-06	-5.530398e-02	9.199503e+00
6.050000e-06	-5.441201e-02	9.112768e+00
6.060000e-06	-5.272751e-02	9.009978e+00
6.070000e-06	-5.268440e-02	8.895236e+00
6.080000e-06	-5.179617e-02	8.811024e+00
6.090000e-06	-5.051636e-02	8.726317e+00
6.100000e-06	-4.879573e-02	8.670631e+00
6.110000e-06	-4.835584e-02	8.527371e+00
6.120000e-06	-4.701651e-02	8.453681e+00
6.130000e-06	-4.554356e-02	8.418453e+00
6.140000e-06	-4.327860e-02	8.373715e+00
6.150000e-06	-4.227694e-02	8.146896e+00
6.160000e-06	-3.993814e-02	8.052578e+00
6.170000e-06	-3.834342e-02	7.896292e+00
6.180000e-06	-3.769067e-02	7.820525e+00
6.190000e-06	-3.608731e-02	7.674211e+00
6.200000e-06	-3.404829e-02	7.598447e+00
6.210000e-06	-3.237998e-02	7.398583e+00
6.220000e-06	-3.082315e-02	7.222054e+00
6.230000e-06	-3.099928e-02	7.104340e+00
6.240000e-06	-2.920617e-02	6.979050e+00
6.250000e-06	-2.843648e-02	6.863184e+00
6.260000e-06	-2.824089e-02	6.736368e+00
6.270000e-06	-2.361914e-02	6.576474e+00
6.280000e-06	-2.575288e-02	6.431525e+00
6.290000e-06	-2.182453e-02	6.263708e+00
6.300000e-06	-2.309246e-02	6.136871e+00
6.310000e-06	-2.157980e-02	5.989526e+00
6.320000e-06	-2.193219e-02	5.882133e+00
6.330000e-06	-2.212589e-02	5.673155e+00
6.340000e-06	-2.122050e-02	5.534767e+00
6.350000e-06	-2.061900e-02	5.338446e+00
6.360000e-06	-1.819677e-02	5.129023e+00
6.370000e-06	-1.673119e-02	4.985873e+00
6.380000e-06	-1.687916e-02	4.786996e+00
6.390000e-06	-1.652568e-02	4.620126e+00
6.400000e-06	-1.549766e-02	4.482707e+00
6.410000e-06	-1.432106e-02	4.324397e+00
6.420000e-06	-1.395528e-02	4.135296e+00
6.430000e-06	-1.423857e-02	3.976422e+00
6.440000e-06	-1.440211e-02	3.799479e+00
6.450000e-06	-1.336125e-02	3.640103e+00
6.460000e-06	-1.118342e-02	3.452839e+00
6.470000e-06	-1.209129e-02	3.235133e+00
6.480000e-06	-1.147888e-02	3.095763e+00
6.490000e-06	-1.119672e-02	2.936418e+00
6.500000e-06	-9.878511e-03	2.768496e+00
6.510000e-06	-9.522284e-03	2.549416e+00
6.520000e-06	-9.479295e-03	2.366396e+00
6.530000e-06	-8.316848e-03	2.188475e+00
6.540000e-06	-9.043920e-03	2.030604e+00
6.550000e-06	-9.575098e-03	1.872189e+00
6.560000e-06	-8.773684e-03	1.630630e+00
6.570000e-06	-5.995353e-03	1.444259e+00
6.580000e-06	-4.556397e-03	1.242283e+00
6.590000e-06	-6.521501e-03	1.013730e+00
6.600000e-06	-6.478277e-03	8.115276e-01
6.610000e-06	-5.477332e-03	6.516316e-01
6.620000e-06	-4.230831e-03	4.326628e-01
6.630000e-06	-4.625207e-03	2.973706e-01
6.640000e-06	-5.348727e-03	9.366170e-02
6.650000e-06	-1.989605e-04	-1.146345e-01
6.660000e-06	2.136903e-03	-2.631317e-01
6.670000e-06	-1.489108e-03	-4.115251e-01
6.680000e-06	1.257143e-03	-6.402001e-01
6.690000e-06	-1.072586e-03	-8.104250e-01
6.700000e-06	3.098364e-04	-9.262910e-01
6.710000e-06	7.220285e-05	-1.107161e+00
6.720000e-06	1.322632e-02	-1.244034e+00
6.730000e-06	7.412033e-02	-1.494162e+00
6.740000e-06	1.060462e-02	-1.706665e+00
6.750000e-06	-5.269392e-02	-1.988873e+00
6.760000e-06	-3.001121e-02	-2.254027e+00
6.770000e-06	-8.849823e-02	-2.390029e+00
6.780000e-06	8.596222e-02	-2.421527e+00
6.790000e-06	6.960402e-02	-2.536215e+00
6.800000e-06	-1.376304e-01	-2.799896e+00
6.810000e-06	1.452084e-01	-2.894683e+00
6.820000e-06	-5.134613e-03	-3.075059e+00
6.830000e-06	-1.357666e-01	-3.314693e+00
6.840000e-06	1.425551e-01	-3.463557e+00
6.850000e-06	-3.439544e-02	-3.621474e+00
6.860000e-06	-5.814989e-02	-3.832158e+00
6.870000e-06	1.408996e-01	-3.999396e+00
6.880000e-06	-1.112402e-01	-4.190849e+00
6.890000e-06	5.723841e-02	-4.357892e+00
6.900000e-06	1.036875e-02	-4.463609e+00
6.910000e-06	-7.715860e-02	-4.745391e+00
6.920000e-06	1.271822e-01	-4.843608e+00
6.930000e-06	-7.029809e-02	-5.030928e+00
6.940000e-06	1.094516e-02	-5.210524e+00
6.950000e-06	6.165659e-02	-5.420797e+00
6.960000e-06	-3.604098e-02	-5.610925e+00
6.970000e-06	5.538229e-02	-5.785690e+00
6.980000e-06	-7.029127e-02	-5.935109e+00
6.990000e-06	5.768827e-02	-5.982979e+00
7.000000e-06	2.348831e-02	-6.126742e+00
7.010000e-06	-4.357632e-02	-6.378848e+00
7.020000e-06	8.488326e-02	-6.504587e+00
7.030000e-06	-4.292117e-02	-6.643057e+00
7.040000e-06	3.061871e-02	-6.809367e+00
7.050000e-06	-1.247188e-02	-6.894029e+00
7.060000e-06	1.203555e-02	-7.083058e+00
7.070000e-06	6.517341e-02	-7.209955e+00
7.080000e-06	-4.490087e-02	-7.367189e+00
7.090000e-06	3.355586e-02	-7.451554e+00
7.100000e-06	-1.162690e-03	-7.557794e+00
7.110000e-06	3.093341e-02	-7.728222e+00
7.120000e-06	3.960225e-03	-7.923509e+00
7.130000e-06	9.493310e-05	-8.021424e+00
7.140000e-06	4.438613e-02	-8.125712e+00
7.150000e-06	-9.801422e-03	-8.209907e+00
7.160000e-06	2.365384e-02	-8.326762e+00
7.170000e-06	7.331007e-03	-8.419898e+00
7.180000e-06	3.092374e-02	-8.554661e+00
7.190000e-06	2.760372e-03	-8.683501e+00
7.200000e-06	6.755876e-03	-8.798369e+00
7.210000e-06	3.200758e-02	-8.861505e+00
7.220000e-06	1.492776e-02	-8.956290e+00
7.230000e-06	1.555702e-02	-9.020401e+00
7.240000e-06	1.107705e-02	-9.105609e+00
7.250000e-06	2.926470e-02	-9.148290e+00
7.260000e-06	1.560043e-02	-9.221471e+00
7.270000e-06	1.586686e-02	-9.322712e+00
7.280000e-06	2.496087e-02	-9.398316e+00
7.290000e-06	2.270323e-02	-9.482988e+00
7.300000e-06	1.675827e-02	-9.548318e+00
7.310000e-06	1.747184e-02	-9.608969e+00
7.320000e-06	2.912127e-02	-9.652556e+00
7.330000e-06	2.146430e-02	-9.695035e+00
7.340000e-06	2.208720e-02	-9.745190e+00
7.350000e-06	2.036964e-02	-9.759946e+00
7.360000e-06	2.551832e-02	-9.801549e+00
7.370000e-06	2.294589e-02	-9.861530e+00
7.380000e-06	2.651561e-02	-9.884133e+00
7.390000e-06	2.719043e-02	-9.893113e+00
7.400000e-06	2.304010e-02	-9.945663e+00
7.410000e-06	2.348308e-02	-9.947337e+00
7.420000e-06	2.731133e-02	-9.926822e+00
7.430000e-06	2.864911e-02	-9.968896e+00
7.440000e-06	2.600430e-02	-9.938895e+00
7.450000e-06	2.915998e-02	-9.990975e+00
7.460000e-06	3.025242e-02	-1.000945e+01
7.470000e-06	2.897364e-02	-9.991049e+00
7.480000e-06	2.789918e-02	-1.003098e+01
7.490000e-06	3.055672e-02	-1.001290e+01
7.500000e-06	3.187457e-02	-1.001095e+01
7.510000e-06	2.998124e-02	-1.000942e+01
7.520000e-06	3.250128e-02	-9.978921e+00
7.530000e-06	3.554359e-02	-9.997919e+00
7.540000e-06	3.611588e-02	-9.957819e+00
7.550000e-06	3.350697e-02	-9.905366e+00
7.560000e-06	3.485358e-02	-9.894765e+00
7.570000e-06	3.687825e-02	-9.874159e+00
7.580000e-06	3.760418e-02	-9.892084e+00
7.590000e-06	3.945554e-02	-9.800923e+00
7.600000e-06	4.051812e-02	-9.776817e+00
7.610000e-06	4.086388e-02	-9.725737e+00
7.620000e-06	4.134891e-02	-9.664082e+00
7.630000e-06	4.388660e-02	-9.620025e+00
7.640000e-06	4.565417e-02	-9.569346e+00
7.650000e-06	4.597696e-02	-9.505287e+00
7.660000e-06	4.759169e-02	-9.412529e+00
7.670000e-06	4.824398e-02	-9.387739e+00
7.680000e-06	4.684586e-02	-9.294681e+00
7.690000e-06	4.734243e-02	-9.189972e+00
7.700000e-06	4.721373e-02	-9.105287e+00
7.710000e-06	4.926540e-02	-8.991028e+00
7.720000e-06	4.721759e-02	-8.966837e+00
7.730000e-06	4.669489e-02	-8.883611e+00
7.740000e-06	4.598425e-02	-8.829501e+00
7.750000e-06	4.464406e-02	-8.705719e+00
7.760000e-06	4.179338e-02	-8.608431e+00
7.770000e-06	4.160918e-02	-8.535158e+00
7.780000e-06	4.008836e-02	-8.380025e+00
7.790000e-06	3.825083e-02	-8.315186e+00
7.800000e-06	3.497467e-02	-8.240523e+00
7.810000e-06	3.519238e-02	-8.105632e+00
7.820000e-06	3.475099e-02	-8.010999e+00
7.830000e-06	3.091748e-02	-7.883134e+00
7.840000e-06	3.102253e-02	-7.776820e+00
7.850000e-06	2.864523e-02	-7.580018e+00
7.860000e-06	2.972848e-02	-7.462056e+00
7.870000e-06	2.624537e-02	-7.348266e+00
7.880000e-06	2.506931e-02	-7.211552e+00
7.890000e-06	2.316332e-02	-7.094238e+00
7.900000e-06	2.113021e-02	-6.925110e+00
7.910000e-06	2.048534e-02	-6.757474e+00
7.920000e-06	1.996808e-02	-6.601556e+00
7.930000e-06	1.887177e-02	-6.485263e+00
7.940000e-06	1.893836e-02	-6.408925e+00
7.950000e-06	1.802984e-02	-6.200600e+00
7.960000e-06	1.636669e-02	-5.992598e+00
7.970000e-06	1.463592e-02	-5.866811e+00
7.980000e-06	1.387818e-02	-5.727318e+00
7.990000e-06	1.226614e-02	-5.611519e+00
8.000000e-06	1.166029e-02	-5.422104e+00
8.010000e-06	1.167026e-02	-5.222479e+00
8.020000e-06	1.012210e-02	-5.073058e+00
8.030000e-06	1.030239e-02	-4.853279e+00
8.040000e-06	8.981063e-03	-4.674614e+00
8.050000e-06	8.813432e-03	-4.546416e+00
8.060000e-06	8.924810e-03	-4.399024e+00
8.070000e-06	7.778180e-03	-4.252578e+00
8.080000e-06	7.910208e-03	-4.073738e+00
8.090000e-06	5.258780e-03	-3.956890e+00
8.100000e-06	4.692970e-03	-3.717816e+00
8.110000e-06	4.265354e-03	-3.548895e+00
8.120000e-06	4.527714e-03	-3.408975e+00
8.130000e-06	4.575013e-03	-3.243626e+00
8.140000e-06	3.859838e-03	-3.070633e+00
8.150000e-06	2.534351e-03	-2.842548e+00
8.160000e-06	3.487148e-03	-2.683710e+00
8.170000e-06	1.979091e-05	-2.503758e+00
8.180000e-06	1.462994e-03	-2.306890e+00
8.190000e-06	1.165557e-03	-2.106262e+00
8.200000e-06	1.498933e-03	-1.936392e+00
8.210000e-06	-1.404841e-03	-1.808920e+00
8.220000e-06	-6.925591e-06	-1.618003e+00
8.230000e-06	-3.883874e-04	-1.359338e+00
8.240000e-06	-3.991192e-04	-1.165893e+00
8.250000e-06	-2.137901e-03	-9.569170e-01
8.260000e-06	-1.812364e-03	-8.014961e-01
8.270000e-06	-3.681711e-03	-5.685194e-01
8.280000e-06	-3.392459e-03	-4.189761e-01
8.290000e-06	-4.492354e-03	-2.320725e-01
8.300000e-06	-2.557070e-03	-6.262870e-02
8.310000e-06	2.014711e-03	1.172724e-01
8.320000e-06	3.755548e-04	3.369737e-01
8.330000e-06	-1.540522e-03	4.962143e-01
8.340000e-06	9.365287e-04	6.441094e-01
8.350000e-06	-3.976083e-03	8.215015e-01
8.360000e-06	-4.283762e-03	9.783505e-01
8.370000e-06	-3.671842e-03	1.201451e+00
8.380000e-06	6.251805e-03	1.348472e+00
8.390000e-06	4.262897e-02	1.588876e+00
8.400000e-06	4.541047e-02	1.821579e+00
8.410000e-06	-5.052365e-02	2.011104e+00
8.420000e-06	-3.784869e-02	2.209477e+00
8.430000e-06	-5.547091e-02	2.388896e+00
8.440000e-06	-5.853507e-02	2.523166e+00
8.450000e-06	1.078407e-01	2.623582e+00
8.460000e-06	-9.807054e-04	2.841056e+00
8.470000e-06	-9.978322e-02	2.989892e+00
8.480000e-06	1.316313e-01	3.126164e+00
8.490000e-06	-8.353518e-02	3.297191e+00
8.500000e-06	-5.074355e-02	3.556846e+00
8.510000e-06	9.243197e-02	3.653034e+00
8.520000e-06	-7.139942e-02	3.873108e+00
8.530000e-06	-6.923637e-03	4.000056e+00
8.540000e-06	4.964479e-02	4.191902e+00
8.550000e-06	-5.864237e-02	4.409979e+00
8.560000e-06	1.302852e-02	4.556920e+00
8.570000e-06	-2.497247e-02	4.787949e+00
8.580000e-06	-2.137197e-02	4.942666e+00
8.590000e-06	1.072339e-02	5.157874e+00
8.600000e-06	-2.608509e-02	5.357801e+00
8.610000e-06	6.801855e-03	5.484184e+00
8.620000e-06	-2.731767e-03	5.631582e+00
8.630000e-06	-3.775801e-03	5.802530e+00
8.640000e-06	-3.444784e-02	5.979477e+00
8.650000e-06	-2.352792e-02	6.127246e+00
8.660000e-06	2.114580e-02	6.263584e+00
8.670000e-06	-2.992216e-02	6.380879e+00
8.680000e-06	-4.935842e-03	6.547720e+00
8.690000e-06	-1.240176e-02	6.747341e+00
8.700000e-06	-1.935552e-02	6.894132e+00
8.710000e-06	-9.968123e-03	6.978978e+00
8.720000e-06	-2.403451e-02	7.096742e+00
8.730000e-06	-1.343185e-03	7.250456e+00
8.740000e-06	-1.341483e-02	7.367724e+00
8.750000e-06	-1.904845e-02	7.534715e+00
8.760000e-06	-2.092114e-02	7.704609e+00
8.770000e-06	-1.174190e-02	7.798874e+00
8.780000e-06	-1.117309e-02	7.936667e+00
8.790000e-06	-2.301872e-02	8.062258e+00
8.800000e-06	-1.620987e-02	8.208474e+00
8.810000e-06	-1.195213e-02	8.322665e+00
8.820000e-06	-2.209795e-02	8.358377e+00
8.830000e-06	-2.217692e-02	8.472659e+00
8.840000e-06	-1.990489e-02	8.567370e+00
8.850000e-06	-1.589326e-02	8.614136e+00
8.860000e-06	-2.379733e-02	8.746767e+00
8.870000e-06	-2.130258e-02	8.811005e+00
8.880000e-06	-1.674549e-02	8.873741e+00
8.890000e-06	-2.432883e-02	9.061908e+00
8.900000e-06	-2.376449e-02	9.166842e+00
8.910000e-06	-2.327948e-02	9.200129e+00
8.920000e-06	-1.922118e-02	9.282636e+00
8.930000e-06	-2.722224e-02	9.376895e+00
8.940000e-06	-2.683064e-02	9.441554e+00
8.950000e-06	-2.219500e-02	9.443686e+00
8.960000e-06	-2.605199e-02	9.538317e+00
8.970000e-06	-2.794975e-02	9.549927e+00
8.980000e-06	-2.686163e-02	9.671053e+00
8.990000e-06	-2.358629e-02	9.685141e+00
9.000000e-06	-2.839047e-02	9.769874e+00
9.010000e-06	-2.860429e-02	9.846400e+00
9.020000e-06	-2.866049e-02	9.840934e+00
9.030000e-06	-2.998278e-02	9.845690e+00
9.040000e-06	-3.020664e-02	9.958218e+00
9.050000e-06	-2.981366e-02	1.000940e+01
9.060000e-06	-2.861402e-02	1.000890e+01
9.070000e-06	-3.304714e-02	1.002153e+01
9.080000e-06	-3.429801e-02	1.004103e+01
9.090000e-06	-3.164201e-02	1.004161e+01
9.100000e-06	-3.260359e-02	1.006113e+01
9.110000e-06	-3.490576e-02	1.005311e+01
9.120000e-06	-3.460904e-02	1.007211e+01
9.130000e-06	-3.524665e-02	1.007214e+01
9.140000e-06	-3.642116e-02	1.009356e+01
9.150000e-06	-3.669589e-02	1.010469e+01
9.160000e-06	-3.786786e-02	1.007363e+01
9.170000e-06	-3.755923e-02	1.006164e+01
9.180000e-06	-3.892485e-02	1.006359e+01
9.190000e-06	-3.890710e-02	1.005213e+01
9.200000e-06	-3.982051e-02	1.004195e+01
9.210000e-06	-4.094636e-02	1.000047e+01
9.220000e-06	-4.188183e-02	9.989346e+00
9.230000e-06	-4.268607e-02	9.906317e+00
9.240000e-06	-4.459798e-02	9.915311e+00
9.250000e-06	-4.551255e-02	9.851604e+00
9.260000e-06	-4.618803e-02	9.781299e+00
9.270000e-06	-4.740124e-02	9.724740e+00
9.280000e-06	-4.895671e-02	9.652031e+00
9.290000e-06	-5.064770e-02	9.639925e+00
9.300000e-06	-5.129455e-02	9.519265e+00
9.310000e-06	-5.268468e-02	9.484211e+00
9.320000e-06	-5.357293e-02	9.420032e+00
9.330000e-06	-5.369701e-02	9.366848e+00
9.340000e-06	-5.498973e-02	9.323711e+00
9.350000e-06	-5.480463e-02	9.242605e+00
9.360000e-06	-5.510661e-02	9.148425e+00
9.370000e-06	-5.357931e-02	9.043688e+00
9.380000e-06	-5.400109e-02	8.978423e+00
9.390000e-06	-5.309205e-02	8.863185e+00
9.400000e-06	-5.229536e-02	8.767948e+00
9.410000e-06	-4.950756e-02	8.693214e+00
9.420000e-06	-4.879246e-02	8.569550e+00
9.430000e-06	-4.735548e-02	8.473789e+00
9.440000e-06	-4.657820e-02	8.440604e+00
9.450000e-06	-4.416103e-02	8.327945e+00
9.460000e-06	-4.358382e-02	8.241128e+00
9.470000e-06	-4.091257e-02	8.096313e+00
9.480000e-06	-4.048314e-02	8.008426e+00
9.490000e-06	-3.747044e-02	7.874637e+00
9.500000e-06	-3.670223e-02	7.766921e+00
9.510000e-06	-3.469967e-02	7.681657e+00
9.520000e-06	-3.430679e-02	7.485943e+00
9.530000e-06	-3.296660e-02	7.365261e+00
9.540000e-06	-3.076380e-02	7.190526e+00
9.550000e-06	-2.903276e-02	7.083185e+00
9.560000e-06	-2.924422e-02	6.936893e+00
9.570000e-06	-2.799307e-02	6.810526e+00
9.580000e-06	-2.733803e-02	6.685262e+00
9.590000e-06	-2.505397e-02	6.522304e+00
9.600000e-06	-2.579872e-02	6.357921e+00
9.610000e-06	-2.412666e-02	6.181025e+00
9.620000e-06	-2.137158e-02	6.092658e+00
9.630000e-06	-2.172340e-02	5.978469e+00
9.640000e-06	-2.123236e-02	5.790077e+00
9.650000e-06	-2.111328e-02	5.610000e+00
9.660000e-06	-1.981945e-02	5.412132e+00
9.670000e-06	-1.957750e-02	5.273785e+00
9.680000e-06	-1.871659e-02	5.054211e+00
9.690000e-06	-1.762836e-02	4.864136e+00
9.700000e-06	-1.675461e-02	4.726365e+00
9.710000e-06	-1.591185e-02	4.537392e+00
9.720000e-06	-1.560647e-02	4.430054e+00
9.730000e-06	-1.457426e-02	4.201735e+00
9.740000e-06	-1.399057e-02	4.040549e+00
9.750000e-06	-1.317690e-02	3.893762e+00
9.760000e-06	-1.344344e-02	3.714337e+00
9.770000e-06	-1.266201e-02	3.569499e+00
9.780000e-06	-1.150401e-02	3.390570e+00
9.790000e-06	-1.089972e-02	3.188026e+00
9.800000e-06	-1.053711e-02	3.040554e+00
9.810000e-06	-1.061985e-02	2.873180e+00
9.820000e-06	-1.011601e-02	2.694289e+00
9.830000e-06	-8.919551e-03	2.474083e+00
9.840000e-06	-9.587498e-03	2.265764e+00
9.850000e-06	-9.088106e-03	2.134762e+00
9.860000e-06	-8.349810e-03	1.965448e+00
9.870000e-06	-7.688773e-03	1.718443e+00
9.880000e-06	-7.624721e-03	1.525469e+00
9.890000e-06	-7.143564e-03	1.346995e+00
9.900000e-06	-6.050564e-03	1.156022e+00
9.910000e-06	-5.821767e-03	9.163495e-01
9.920000e-06	-6.412416e-03	7.759159e-01
9.930000e-06	-5.350909e-03	5.489199e-01
9.940000e-06	-4.039914e-03	3.980990e-01
9.950000e-06	-2.734279e-03	1.911987e-01
9.960000e-06	-3.990227e-03	-1.097619e-02
9.970000e-06	7.493693e-04	-1.584010e-01
9.980000e-06	2.314241e-04	-3.267596e-01
9.990000e-06	2.927524e-04	-4.755781e-01
1.000000e-05	9.860450e-04	-7.246669e-01
1.001000e-05	-1.155134e-03	-8.420330e-01
1.002000e-05	-3.236677e-04	-9.994500e-01
1.003000e-05	3.476994e-03	-1.207342e+00
1.004000e-05	3.251674e-02	-1.360743e+00
1.005000e-05	7.852851e-02	-1.559869e+00
1.006000e-05	-4.659325e-02	-1.841430e+00
1.007000e-05	-2.444573e-02	-2.095132e+00
1.008000e-05	-6.741090e-02	-2.356212e+00
1.009000e-05	-4.220126e-02	-2.410526e+00
1.010000e-05	1.453947e-01	-2.442104e+00
1.011000e-05	-5.980447e-02	-2.651503e+00
1.012000e-05	-5.268740e-02	-2.821130e+00
1.013000e-05	1.482475e-01	-2.938171e+00
1.014000e-05	-1.488855e-01	-3.238849e+00
1.015000e-05	-5.226920e-03	-3.411000e+00
1.016000e-05	1.248026e-01	-3.555163e+00
1.017000e-05	-1.241924e-01	-3.676085e+00
1.018000e-05	7.979031e-02	-3.915817e+00
1.019000e-05	4.475211e-02	-4.053508e+00
1.020000e-05	-9.247104e-02	-4.304140e+00
1.021000e-05	1.083249e-01	-4.410423e+00
1.022000e-05	-9.221039e-02	-4.539298e+00
1.023000e-05	3.210106e-02	-4.789399e+00
1.024000e-05	7.531648e-02	-4.895106e+00
1.025000e-05	-9.651831e-02	-5.095137e+00
1.026000e-05	9.116724e-02	-5.264058e+00
1.027000e-05	-1.523617e-02	-5.483536e+00
1.028000e-05	1.649553e-02	-5.662536e+00
1.029000e-05	6.607470e-03	-5.758348e+00
1.030000e-05	-4.857973e-02	-5.988867e+00
1.031000e-05	9.663140e-02	-6.015608e+00
1.032000e-05	-5.256866e-02	-6.210503e+00
1.033000e-05	3.319179e-02	-6.421504e+00
1.034000e-05	3.658784e-02	-6.558789e+00
1.035000e-05	-3.621181e-02	-6.695212e+00
1.036000e-05	4.244463e-02	-6.800975e+00
1.037000e-05	-3.786487e-02	-6.949245e+00
1.038000e-05	7.095012e-02	-7.177719e+00
1.039000e-05	2.337090e-03	-7.292033e+00
1.040000e-05	-1.867292e-02	-7.390350e+00
1.041000e-05	3.261075e-02	-7.506137e+00
1.042000e-05	4.395705e-04	-7.662984e+00
1.043000e-05	3.705912e-02	-7.758849e+00
1.044000e-05	-1.929797e-02	-7.977265e+00
1.045000e-05	3.511873e-02	-8.073559e+00
1.046000e-05	1.837677e-02	-8.137815e+00
1.047000e-05	-9.524355e-04	-8.273061e+00
1.048000e-05	2.069873e-02	-8.396793e+00
1.049000e-05	1.332588e-02	-8.444532e+00
1.050000e-05	2.930670e-02	-8.567823e+00
1.051000e-05	-8.875793e-03	-8.715110e+00
1.052000e-05	2.526226e-02	-8.811399e+00
1.053000e-05	2.478312e-02	-8.865084e+00
1.054000e-05	1.555973e-02	-8.980347e+00
1.055000e-05	1.184357e-02	-9.040905e+00
1.056000e-05	1.764646e-02	-9.117713e+00
1.057000e-05	2.880585e-02	-9.200347e+00
1.058000e-05	1.104994e-02	-9.242054e+00
1.059000e-05	2.067447e-02	-9.346691e+00
1.060000e-05	2.238157e-02	-9.448252e+00
1.061000e-05	2.282315e-02	-9.505111e+00
1.062000e-05	1.608462e-02	-9.588320e+00
1.063000e-05	2.235110e-02	-9.610427e+00
1.064000e-05	2.717822e-02	-9.652508e+00
1.065000e-05	2.147767e-02	-9.714689e+00
1.066000e-05	2.241475e-02	-9.736815e+00
1.067000e-05	2.106261e-02	-9.788374e+00
1.068000e-05	2.413102e-02	-9.822406e+00
1.069000e-05	2.400279e-02	-9.862008e+00
1.070000e-05	2.721527e-02	-9.883635e+00
1.071000e-05	2.566143e-02	-9.905711e+00
1.072000e-05	2.317942e-02	-9.936288e+00
1.073000e-05	2.566160e-02	-9.955741e+00
1.074000e-05	2.819920e-02	-9.967315e+00
1.075000e-05	2.537716e-02	-9.957847e+00
1.076000e-05	2.608529e-02	-9.988845e+00
1.077000e-05	3.017397e-02	-9.997419e+00
1.078000e-05	3.105553e-02	-9.989901e+00
1.079000e-05	2.838066e-02	-9.988531e+00
1.080000e-05	2.787519e-02	-1.002102e+01
1.081000e-05	3.050032e-02	-1.001943e+01
1.082000e-05	3.272902e-02	-1.003040e+01
1.083000e-05	3.162184e-02	-1.001032e+01
1.084000e-05	3.367932e-02	-9.958370e+00
1.085000e-05	3.460104e-02	-9.977818e+00
1.086000e-05	3.447420e-02	-9.926291e+00
1.087000e-05	3.463546e-02	-9.925188e+00
1.088000e-05	3.628658e-02	-9.904186e+00
1.089000e-05	3.735121e-02	-9.894082e+00
1.090000e-05	3.806901e-02	-9.829903e+00
1.091000e-05	4.037262e-02	-9.778423e+00
1.092000e-05	4.003026e-02	-9.716766e+00
1.093000e-05	4.201496e-02	-9.724686e+00
1.094000e-05	4.275411e-02	-9.662506e+00
1.095000e-05	4.463025e-02	-9.610049e+00
1.096000e-05	4.481632e-02	-9.506344e+00
1.097000e-05	4.647677e-02	-9.453059e+00
1.098000e-05	4.941427e-02	-9.449373e+00
1.099000e-05	4.669300e-02	-9.334636e+00
1.100000e-05	4.825350e-02	-9.260451e+00
1.101000e-05	4.775867e-02	-9.157790e+00
1.102000e-05	4.956910e-02	-9.115109e+00
1.103000e-05	4.837277e-02	-9.009549e+00
1.104000e-05	4.702643e-02	-8.925566e+00
1.105000e-05	4.619390e-02	-8.842552e+00
1.106000e-05	4.492059e-02	-8.766420e+00
1.107000e-05	4.271133e-02	-8.643264e+00
1.108000e-05	4.124975e-02	-8.576843e+00
1.109000e-05	4.105754e-02	-8.443627e+00
1.110000e-05	3.895989e-02	-8.379296e+00
1.111000e-05	3.851340e-02	-8.273658e+00
1.112000e-05	3.700092e-02	-8.177264e+00
1.113000e-05	3.512197e-02	-8.092605e+00
1.114000e-05	3.235775e-02	-7.969922e+00
1.115000e-05	3.220471e-02	-7.830920e+00
1.116000e-05	3.082649e-02	-7.630608e+00
1.117000e-05	2.848931e-02	-7.525289e+00
1.118000e-05	2.532128e-02	-7.398496e+00
1.119000e-05	2.560192e-02	-7.304007e+00
1.120000e-05	2.522260e-02	-7.168896e+00
1.121000e-05	2.311577e-02	-7.041025e+00
1.122000e-05	2.196695e-02	-6.861075e+00
1.123000e-05	2.051314e-02	-6.705738e+00
1.124000e-05	2.032493e-02	-6.598319e+00
1.125000e-05	1.876098e-02	-6.482555e+00
1.126000e-05	1.713810e-02	-6.295891e+00
1.127000e-05	1.704773e-02	-6.155763e+00
1.128000e-05	1.652280e-02	-5.968396e+00
1.129000e-05	1.456239e-02	-5.862125e+00
1.130000e-05	1.164521e-02	-5.713634e+00
1.131000e-05	1.195516e-02	-5.527468e+00
1.132000e-05	1.229812e-02	-5.376813e+00
1.133000e-05	1.025010e-02	-5.157346e+00
1.134000e-05	1.062831e-02	-4.989949e+00
1.135000e-05	1.049288e-02	-4.806927e+00
1.136000e-05	9.560098e-03	-4.610001e+00
1.137000e-05	8.472717e-03	-4.463684e+00
1.138000e-05	6.691276e-03	-4.325315e+00
1.139000e-05	5.723200e-03	-4.150521e+00
1.140000e-05	7.368703e-03	-4.060525e+00
1.141000e-05	5.176170e-03	-3.851187e+00
1.142000e-05	5.335522e-03	-3.681055e+00
1.143000e-05	3.756993e-03	-3.503209e+00
1.144000e-05	5.503854e-03	-3.335908e+00
1.145000e-05	4.287799e-03	-3.137869e+00
1.146000e-05	2.447345e-03	-2.968462e+00
1.147000e-05	2.948882e-03	-2.788499e+00
1.148000e-05	1.432539e-03	-2.607999e+00
1.149000e-05	1.743576e-03	-2.421478e+00
1.150000e-05	-9.419348e-05	-2.231680e+00
1.151000e-05	2.018819e-03	-2.022028e+00
1.152000e-05	1.343103e-04	-1.863704e+00
1.153000e-05	6.419613e-04	-1.683234e+00
1.154000e-05	-7.416980e-04	-1.505388e+00
1.155000e-05	-9.930658e-04	-1.263128e+00
1.156000e-05	-2.435261e-03	-1.033282e+00
1.157000e-05	-2.934796e-03	-8.847368e-01
1.158000e-05	-3.318659e-03	-7.358870e-01
1.159000e-05	-2.781285e-03	-4.742068e-01
1.160000e-05	-2.247044e-03	-3.348405e-01
1.161000e-05	-4.107922e-03	-1.354407e-01
1.162000e-05	2.210326e-04	2.054028e-03
1.163000e-05	2.475960e-03	2.225290e-01
1.164000e-05	-1.275843e-03	4.000025e-01
1.165000e-05	-3.252781e-04	5.578524e-01
1.166000e-05	-2.885812e-03	7.066896e-01
1.167000e-05	-2.968165e-03	8.840869e-01
1.168000e-05	-5.111189e-03	1.094236e+00
1.169000e-05	9.125546e-04	1.275111e+00
1.170000e-05	1.503932e-02	1.442155e+00
1.171000e-05	6.303913e-02	1.716138e+00
1.172000e-05	-5.411086e-04	1.926767e+00
1.173000e-05	-5.349960e-02	2.124661e+00
1.174000e-05	-3.803129e-02	2.305640e+00
1.175000e-05	-7.000777e-02	2.419505e+00
1.176000e-05	3.171212e-04	2.537872e+00
1.177000e-05	1.227218e-01	2.706821e+00
1.178000e-05	-1.150595e-01	2.955691e+00
1.179000e-05	2.816211e-02	3.030982e+00
1.180000e-05	7.106961e-02	3.231430e+00
1.181000e-05	-1.274147e-01	3.462532e+00
1.182000e-05	4.160151e-02	3.589823e+00
1.183000e-05	4.507905e-02	3.756269e+00
1.184000e-05	-9.336114e-02	3.946642e+00
1.185000e-05	6.164008e-02	4.021613e+00
1.186000e-05	-1.947726e-02	4.325715e+00
1.187000e-05	-3.462908e-02	4.454035e+00
1.188000e-05	1.707459e-02	4.662584e+00
1.189000e-05	-4.122577e-02	4.821607e+00
1.190000e-05	1.290368e-02	5.022802e+00
1.191000e-05	-1.205294e-02	5.272978e+00
1.192000e-05	-1.279069e-02	5.451432e+00
1.193000e-05	-6.104152e-04	5.549845e+00
1.194000e-05	1.954468e-04	5.727341e+00
1.195000e-05	-1.536144e-02	5.906117e+00
1.196000e-05	-3.808462e-02	6.062557e+00
1.197000e-05	4.085389e-03	6.189454e+00
1.198000e-05	3.671522e-03	6.346316e+00
1.199000e-05	-3.040408e-02	6.433584e+00
1.200000e-05	1.966013e-04	6.652455e+00
1.201000e-05	-2.304237e-02	6.790933e+00
1.202000e-05	-1.449899e-02	6.916721e+00
1.203000e-05	-1.411287e-02	7.042058e+00
1.204000e-05	-1.659684e-02	7.148919e+00
1.205000e-05	3.290078e-03	7.261587e+00
1.206000e-05	-2.346212e-02	7.471480e+00
1.207000e-05	-1.667748e-02	7.598928e+00
1.208000e-05	-2.279058e-02	7.736741e+00
1.209000e-05	-7.147449e-03	7.843057e+00
1.210000e-05	-1.986498e-02	7.998772e+00
1.211000e-05	-2.307415e-02	8.097190e+00
1.212000e-05	-8.925677e-03	8.238079e+00
1.213000e-05	-1.800755e-02	8.367763e+00
1.214000e-05	-1.893591e-02	8.421529e+00
1.215000e-05	-2.337009e-02	8.523289e+00
1.216000e-05	-1.373497e-02	8.610902e+00
1.217000e-05	-2.212653e-02	8.665662e+00
1.218000e-05	-2.381847e-02	8.778818e+00
1.219000e-05	-1.954451e-02	8.832136e+00
1.220000e-05	-1.901177e-02	8.947748e+00
1.221000e-05	-2.416310e-02	9.094578e+00
1.222000e-05	-2.528682e-02	9.179422e+00
1.223000e-05	-1.895299e-02	9.241555e+00
1.224000e-05	-2.326196e-02	9.274214e+00
1.225000e-05	-2.685025e-02	9.357853e+00
1.226000e-05	-2.512672e-02	9.491610e+00
1.227000e-05	-2.057303e-02	9.525714e+00
1.228000e-05	-2.766366e-02	9.587897e+00
1.229000e-05	-2.828891e-02	9.600456e+00
1.230000e-05	-2.499100e-02	9.693635e+00
1.231000e-05	-2.623749e-02	9.727138e+00
1.232000e-05	-2.760632e-02	9.829481e+00
1.233000e-05	-3.045371e-02	9.833957e+00
1.234000e-05	-2.754575e-02	9.874633e+00
1.235000e-05	-2.898508e-02	9.955167e+00
1.236000e-05	-2.889434e-02	1.000842e+01
1.237000e-05	-2.948396e-02	9.989897e+00
1.238000e-05	-3.099591e-02	9.989979e+00
1.239000e-05	-3.381917e-02	1.005050e+01
1.240000e-05	-3.255971e-02	1.006253e+01
1.241000e-05	-3.058547e-02	1.006205e+01
1.242000e-05	-3.523305e-02	1.005311e+01
1.243000e-05	-3.416233e-02	1.011369e+01
1.244000e-05	-3.338485e-02	1.008313e+01
1.245000e-05	-3.315497e-02	1.009369e+01
1.246000e-05	-3.674966e-02	1.011209e+01
1.247000e-05	-3.776152e-02	1.010363e+01
1.248000e-05	-3.740199e-02	1.007411e+01
1.249000e-05	-3.808836e-02	1.005413e+01
1.250000e-05	-3.874157e-02	1.007255e+01
1.251000e-05	-3.952891e-02	1.002158e+01
1.252000e-05	-4.076515e-02	1.003045e+01
1.253000e-05	-4.120275e-02	1.001000e+01
1.254000e-05	-4.205848e-02	9.969424e+00
1.255000e-05	-4.244042e-02	9.926217e+00
1.256000e-05	-4.485014e-02	9.864635e+00
1.257000e-05	-4.549874e-02	9.818979e+00
1.258000e-05	-4.688784e-02	9.776344e+00
1.259000e-05	-4.769022e-02	9.712291e+00
1.260000e-05	-4.946820e-02	9.672128e+00
1.261000e-05	-5.078192e-02	9.569419e+00
1.262000e-05	-5.270975e-02	9.546314e+00
1.263000e-05	-5.342572e-02	9.462185e+00
1.264000e-05	-5.395392e-02	9.412026e+00
1.265000e-05	-5.266117e-02	9.326294e+00
1.266000e-05	-5.401091e-02	9.263709e+00
1.267000e-05	-5.546660e-02	9.208554e+00
1.268000e-05	-5.551705e-02	9.127273e+00
1.269000e-05	-5.338152e-02	9.031929e+00
1.270000e-05	-5.356741e-02	8.926760e+00
1.271000e-05	-5.213573e-02	8.850975e+00
1.272000e-05	-5.197907e-02	8.737866e+00
1.273000e-05	-4.864428e-02	8.653186e+00
1.274000e-05	-4.845473e-02	8.549898e+00
1.275000e-05	-4.631899e-02	8.483681e+00
1.276000e-05	-4.505494e-02	8.411474e+00
1.277000e-05	-4.179248e-02	8.295221e+00
1.278000e-05	-4.237626e-02	8.207968e+00
1.279000e-05	-4.134574e-02	8.051183e+00
1.280000e-05	-3.991296e-02	7.927343e+00
1.281000e-05	-3.696094e-02	7.861050e+00
1.282000e-05	-3.674573e-02	7.715764e+00
1.283000e-05	-3.513695e-02	7.609424e+00
1.284000e-05	-3.436986e-02	7.421181e+00
1.285000e-05	-3.105589e-02	7.303131e+00
1.286000e-05	-3.054873e-02	7.177895e+00
1.287000e-05	-2.961887e-02	6.999575e+00
1.288000e-05	-2.929681e-02	6.894213e+00
1.289000e-05	-2.747893e-02	6.759495e+00
1.290000e-05	-2.537548e-02	6.559459e+00
1.291000e-05	-2.588462e-02	6.460582e+00
1.292000e-05	-2.422400e-02	6.302713e+00
1.293000e-05	-2.363909e-02	6.176475e+00
1.294000e-05	-2.158716e-02	6.011104e+00
1.295000e-05	-2.228583e-02	5.924837e+00
1.296000e-05	-2.105272e-02	5.665108e+00
1.297000e-05	-1.987864e-02	5.515393e+00
1.298000e-05	-1.990558e-02	5.368999e+00
1.299000e-05	-1.917221e-02	5.210128e+00
1.300000e-05	-1.810841e-02	4.988026e+00
1.301000e-05	-1.735418e-02	4.839503e+00
1.302000e-05	-1.610938e-02	4.641057e+00
1.303000e-05	-1.660119e-02	4.483712e+00
1.304000e-05	-1.562732e-02	4.357947e+00
1.305000e-05	-1.432625e-02	4.155864e+00
1.306000e-05	-1.319490e-02	3.967495e+00
1.307000e-05	-1.226849e-02	3.830076e+00
1.308000e-05	-1.275738e-02	3.652628e+00
1.309000e-05	-1.219742e-02	3.486316e+00
1.310000e-05	-1.189022e-02	3.264708e+00
1.311000e-05	-1.142765e-02	3.115313e+00
1.312000e-05	-1.069284e-02	2.966518e+00
1.313000e-05	-9.811570e-03	2.810026e+00
1.314000e-05	-1.018585e-02	2.601051e+00
1.315000e-05	-8.224532e-03	2.408999e+00
1.316000e-05	-9.854400e-03	2.179500e+00
1.317000e-05	-8.995263e-03	2.041607e+00
1.318000e-05	-6.785857e-03	1.893787e+00
1.319000e-05	-9.353971e-03	1.654630e+00
1.320000e-05	-5.651879e-03	1.482685e+00
1.321000e-05	-7.061785e-03	1.294262e+00
1.322000e-05	-6.296873e-03	1.063762e+00
1.323000e-05	-4.975011e-03	8.416315e-01
1.324000e-05	-6.960202e-03	6.532079e-01
1.325000e-05	-5.342395e-03	4.957092e-01
1.326000e-05	-6.022259e-03	3.369157e-01
1.327000e-05	-2.622390e-03	1.248105e-01
1.328000e-05	-1.231063e-04	-8.355680e-02
1.329000e-05	1.837512e-03	-2.520005e-01
1.330000e-05	-8.878573e-04	-3.794989e-01
1.331000e-05	8.854736e-04	-6.173475e-01
1.332000e-05	-3.391150e-04	-7.679473e-01
1.333000e-05	-3.966374e-04	-9.266171e-01
1.334000e-05	-1.008478e-03	-1.105183e+00
1.335000e-05	1.057846e-02	-1.232655e+00
1.336000e-05	6.340748e-02	-1.492480e+00
1.337000e-05	3.363885e-02	-1.684062e+00
1.338000e-05	-5.961956e-02	-1.958217e+00
1.339000e-05	-2.116851e-02	-2.192398e+00
1.340000e-05	-8.940983e-02	-2.410001e+00
1.341000e-05	5.123282e-02	-2.421026e+00
1.342000e-05	1.049288e-01	-2.503111e+00
1.343000e-05	-1.418496e-01	-2.747318e+00
1.344000e-05	1.081780e-01	-2.884082e+00
1.345000e-05	5.347855e-02	-3.040928e+00
1.346000e-05	-1.569560e-01	-3.314113e+00
1.347000e-05	1.183955e-01	-3.443004e+00
1.348000e-05	1.170935e-02	-3.608374e+00
1.349000e-05	-9.347351e-02	-3.809820e+00
1.350000e-05	1.468588e-01	-3.989369e+00
1.351000e-05	-8.881199e-02	-4.158322e+00
1.352000e-05	1.772808e-02	-4.346819e+00
1.353000e-05	4.752149e-02	-4.452507e+00
1.354000e-05	-1.003488e-01	-4.674576e+00
1.355000e-05	1.195954e-01	-4.810380e+00
1.356000e-05	-3.626843e-02	-5.019320e+00
1.357000e-05	-2.497126e-02	-5.188397e+00
1.358000e-05	8.244468e-02	-5.419771e+00
1.359000e-05	-4.440818e-02	-5.567449e+00
1.360000e-05	5.617041e-02	-5.715713e+00
1.361000e-05	-5.671767e-02	-5.924056e+00
1.362000e-05	3.069233e-02	-5.990004e+00
1.363000e-05	5.196886e-02	-6.135713e+00
1.364000e-05	-6.066540e-02	-6.325340e+00
1.365000e-05	8.379791e-02	-6.483559e+00
1.366000e-05	-2.828956e-02	-6.619979e+00
1.367000e-05	1.483263e-02	-6.757817e+00
1.368000e-05	5.911434e-03	-6.873133e+00
1.369000e-05	-9.585928e-03	-7.103056e+00
1.370000e-05	7.740868e-02	-7.178980e+00
1.371000e-05	-4.238800e-02	-7.307262e+00
1.372000e-05	2.577191e-02	-7.422505e+00
1.373000e-05	7.527395e-03	-7.536793e+00
1.374000e-05	2.289302e-02	-7.716212e+00
1.375000e-05	1.427389e-02	-7.852849e+00
1.376000e-05	-1.035668e-02	-7.999922e+00
1.377000e-05	4.918087e-02	-8.094634e+00
1.378000e-05	-6.688119e-03	-8.219926e+00
1.379000e-05	2.037045e-02	-8.325237e+00
1.380000e-05	9.631060e-03	-8.409447e+00
1.381000e-05	2.765343e-02	-8.473611e+00
1.382000e-05	1.067785e-02	-8.630893e+00
1.383000e-05	1.702217e-03	-8.758239e+00
1.384000e-05	3.285391e-02	-8.821029e+00
1.385000e-05	1.557462e-02	-8.925740e+00
1.386000e-05	1.775964e-02	-8.990401e+00
1.387000e-05	1.129496e-02	-9.053631e+00
1.388000e-05	2.717457e-02	-9.138290e+00
1.389000e-05	1.926248e-02	-9.219348e+00
1.390000e-05	1.503018e-02	-9.294109e+00
1.391000e-05	2.251819e-02	-9.369243e+00
1.392000e-05	2.240728e-02	-9.493508e+00
1.393000e-05	1.784287e-02	-9.547744e+00
1.394000e-05	1.818488e-02	-9.610923e+00
1.395000e-05	2.779434e-02	-9.612554e+00
1.396000e-05	2.252169e-02	-9.693532e+00
1.397000e-05	2.042246e-02	-9.735216e+00
1.398000e-05	2.165305e-02	-9.747790e+00
1.399000e-05	2.552292e-02	-9.829304e+00
1.400000e-05	2.313468e-02	-9.833030e+00
1.401000e-05	2.387468e-02	-9.894181e+00
1.402000e-05	2.716737e-02	-9.883660e+00
1.403000e-05	2.479357e-02	-9.926242e+00
1.404000e-05	2.406238e-02	-9.956816e+00
1.405000e-05	2.710569e-02	-9.978770e+00
1.406000e-05	2.802926e-02	-9.987370e+00
1.407000e-05	2.552069e-02	-9.978375e+00
1.408000e-05	2.871914e-02	-1.001880e+01
1.409000e-05	2.933265e-02	-9.998398e+00
1.410000e-05	3.137656e-02	-1.002048e+01
1.411000e-05	2.734835e-02	-1.002050e+01
1.412000e-05	2.904613e-02	-1.003090e+01
1.413000e-05	2.987734e-02	-1.003042e+01
1.414000e-05	3.171346e-02	-1.001940e+01
1.415000e-05	3.435291e-02	-9.978346e+00
1.416000e-05	3.400498e-02	-9.988847e+00
1.417000e-05	3.418598e-02	-9.966867e+00
1.418000e-05	3.321660e-02	-9.946716e+00
1.419000e-05	3.695919e-02	-9.905741e+00
1.420000e-05	3.653262e-02	-9.894132e+00
1.421000e-05	3.669837e-02	-9.851554e+00
1.422000e-05	3.873811e-02	-9.831495e+00
1.423000e-05	4.161519e-02	-9.787898e+00
1.424000e-05	4.145162e-02	-9.706260e+00
1.425000e-05	4.130266e-02	-9.683057e+00
1.426000e-05	4.361375e-02	-9.651527e+00
1.427000e-05	4.621117e-02	-9.608424e+00
1.428000e-05	4.530352e-02	-9.526737e+00
1.429000e-05	4.650513e-02	-9.431983e+00
1.430000e-05	4.898810e-02	-9.377769e+00
1.431000e-05	4.857541e-02	-9.274604e+00
1.432000e-05	4.837388e-02	-9.210921e+00
1.433000e-05	4.796975e-02	-9.125814e+00
1.434000e-05	4.882347e-02	-9.072531e+00
1.435000e-05	4.776202e-02	-8.957820e+00
1.436000e-05	4.610693e-02	-8.923178e+00
1.437000e-05	4.649970e-02	-8.811001e+00
1.438000e-05	4.433741e-02	-8.726242e+00
1.439000e-05	4.287386e-02	-8.610031e+00
1.440000e-05	4.177787e-02	-8.505237e+00
1.441000e-05	4.064544e-02	-8.441402e+00
1.442000e-05	3.789837e-02	-8.305788e+00
1.443000e-05	3.675649e-02	-8.230028e+00
1.444000e-05	3.568045e-02	-8.115211e+00
1.445000e-05	3.453726e-02	-8.061453e+00
1.446000e-05	3.182927e-02	-7.873759e+00
1.447000e-05	3.092622e-02	-7.749290e+00
1.448000e-05	3.021701e-02	-7.589048e+00
1.449000e-05	2.794958e-02	-7.514155e+00
1.450000e-05	2.643393e-02	-7.346815e+00
1.451000e-05	2.559515e-02	-7.231529e+00
1.452000e-05	2.457176e-02	-7.114788e+00
1.453000e-05	2.250132e-02	-6.956262e+00
1.454000e-05	2.008803e-02	-6.810475e+00
1.455000e-05	2.056639e-02	-6.653684e+00
1.456000e-05	1.988640e-02	-6.535291e+00
1.457000e-05	1.910097e-02	-6.389474e+00
1.458000e-05	1.685016e-02	-6.270732e+00
1.459000e-05	1.588719e-02	-6.083553e+00
1.460000e-05	1.474134e-02	-5.934292e+00
1.461000e-05	1.417417e-02	-5.798069e+00
1.462000e-05	1.233674e-02	-5.631553e+00
1.463000e-05	1.172157e-02	-5.440652e+00
1.464000e-05	1.144468e-02	-5.273582e+00
1.465000e-05	1.152116e-02	-5.093212e+00
1.466000e-05	1.000501e-02	-4.914838e+00
1.467000e-05	9.276898e-03	-4.685812e+00
1.468000e-05	8.205226e-03	-4.535366e+00
1.469000e-05	7.811546e-03	-4.389501e+00
1.470000e-05	7.213805e-03	-4.264654e+00
1.471000e-05	5.802031e-03	-4.085386e+00
1.472000e-05	6.414728e-03	-3.968946e+00
1.473000e-05	5.361430e-03	-3.787465e+00
1.474000e-05	4.627689e-03	-3.558447e+00
1.475000e-05	3.414807e-03	-3.430024e+00
1.476000e-05	4.011837e-03	-3.263041e+00
1.477000e-05	3.694775e-03	-3.082185e+00
1.478000e-05	2.963564e-03	-2.873653e+00
1.479000e-05	1.948814e-03	-2.723737e+00
1.480000e-05	6.256946e-04	-2.545688e+00
1.481000e-05	1.881816e-03	-2.376946e+00
1.482000e-05	9.956964e-04	-2.168290e+00
1.483000e-05	9.113045e-04	-1.945471e+00
1.484000e-05	-6.884011e-04	-1.799996e+00
1.485000e-05	1.245224e-03	-1.608551e+00
1.486000e-05	-5.956799e-04	-1.367623e+00
1.487000e-05	-2.443886e-03	-1.157470e+00
1.488000e-05	-3.598702e-03	-9.789696e-01
1.489000e-05	-1.968217e-03	-8.119962e-01
1.490000e-05	-2.375968e-03	-5.901485e-01
1.491000e-05	-3.280984e-03	-4.105237e-01
1.492000e-05	-3.473019e-03	-2.121790e-01
1.493000e-05	-2.503436e-03	-3.410663e-02
1.494000e-05	1.683062e-03	1.371910e-01
1.495000e-05	1.067709e-03	3.462448e-01
1.496000e-05	-3.337462e-03	4.756631e-01
1.497000e-05	1.948698e-04	6.330842e-01
1.498000e-05	-2.289909e-03	7.884237e-01
1.499000e-05	-5.269200e-03	9.772463e-01
1.500000e-05	-3.459092e-03	1.188899e+00
1.501000e-05	3.811538e-03	1.376870e+00
1.502000e-05	3.779227e-02	1.598719e+00
1.503000e-05	5.527085e-02	1.811374e+00
1.504000e-05	-4.127092e-02	1.970428e+00
1.505000e-05	-4.231224e-02	2.198421e+00
1.506000e-05	-5.000477e-02	2.377793e+00
1.507000e-05	-6.729527e-02	2.451082e+00
1.508000e-05	8.141598e-02	2.651002e+00
1.509000e-05	4.222189e-02	2.800558e+00
1.510000e-05	-1.230451e-01	2.976246e+00
1.511000e-05	1.251035e-01	3.094635e+00
1.512000e-05	-5.044949e-02	3.276637e+00
1.513000e-05	-7.852823e-02	3.496719e+00
1.514000e-05	9.044340e-02	3.620029e+00
1.515000e-05	-4.662149e-02	3.843007e+00
1.516000e-05	-3.934345e-02	3.979448e+00
1.517000e-05	6.396790e-02	4.208698e+00
1.518000e-05	-5.571629e-02	4.348899e+00
1.519000e-05	4.773953e-03	4.506194e+00
1.520000e-05	-1.219610e-02	4.747267e+00
1.521000e-05	-3.209343e-02	4.883218e+00
1.522000e-05	1.650176e-02	5.146186e+00
1.523000e-05	-2.655461e-02	5.326739e+00
1.524000e-05	3.861401e-03	5.496137e+00
1.525000e-05	-3.348652e-03	5.640058e+00
1.526000e-05	-2.700921e-03	5.790400e+00
1.527000e-05	-2.917107e-02	5.978994e+00
1.528000e-05	-3.032741e-02	6.086689e+00
1.529000e-05	2.187150e-02	6.282108e+00
1.530000e-05	-2.338842e-02	6.361900e+00
1.531000e-05	-1.201767e-02	6.555665e+00
1.532000e-05	-7.890026e-03	6.716641e+00
1.533000e-05	-2.376996e-02	6.862558e+00
1.534000e-05	-9.851977e-03	6.987894e+00
1.535000e-05	-2.122308e-02	7.105190e+00
1.536000e-05	-5.263175e-03	7.200403e+00
1.537000e-05	-8.252830e-03	7.375645e+00
1.538000e-05	-2.230601e-02	7.555517e+00
1.539000e-05	-1.780129e-02	7.633584e+00
1.540000e-05	-1.515457e-02	7.768373e+00
1.541000e-05	-1.074734e-02	7.924587e+00
1.542000e-05	-2.458472e-02	8.031958e+00
1.543000e-05	-1.704635e-02	8.186874e+00
1.544000e-05	-9.703156e-03	8.261638e+00
1.545000e-05	-2.202031e-02	8.388869e+00
1.546000e-05	-2.173935e-02	8.452085e+00
1.547000e-05	-2.056466e-02	8.557266e+00
1.548000e-05	-1.493936e-02	8.652634e+00
1.549000e-05	-2.325307e-02	8.696266e+00
1.550000e-05	-2.313957e-02	8.840553e+00
1.551000e-05	-1.659314e-02	8.875666e+00
1.552000e-05	-2.306852e-02	9.020900e+00
1.553000e-05	-2.239136e-02	9.156162e+00
1.554000e-05	-2.338158e-02	9.191500e+00
1.555000e-05	-1.964051e-02	9.263637e+00
1.556000e-05	-2.680242e-02	9.348868e+00
1.557000e-05	-2.626804e-02	9.419904e+00
1.558000e-05	-2.272490e-02	9.462087e+00
1.559000e-05	-2.425081e-02	9.528240e+00
1.560000e-05	-2.740981e-02	9.608450e+00
1.561000e-05	-2.622777e-02	9.641555e+00
1.562000e-05	-2.402317e-02	9.714689e+00
1.563000e-05	-2.888026e-02	9.796745e+00
1.564000e-05	-2.773497e-02	9.819951e+00
1.565000e-05	-2.762863e-02	9.880581e+00
1.566000e-05	-3.078117e-02	9.934137e+00
1.567000e-05	-3.043258e-02	9.926817e+00
1.568000e-05	-3.078293e-02	9.988342e+00
1.569000e-05	-2.576976e-02	9.998949e+00
1.570000e-05	-3.165391e-02	9.999974e+00
1.571000e-05	-3.369316e-02	1.002051e+01
1.572000e-05	-3.206393e-02	1.005108e+01
1.573000e-05	-3.227047e-02	1.005258e+01
1.574000e-05	-3.400049e-02	1.007266e+01
1.575000e-05	-3.452713e-02	1.006321e+01
1.576000e-05	-3.429928e-02	1.008364e+01
1.577000e-05	-3.551726e-02	1.009466e+01
1.578000e-05	-3.639526e-02	1.009371e+01
1.579000e-05	-3.737962e-02	1.009413e+01
1.580000e-05	-3.709228e-02	1.008261e+01
1.581000e-05	-3.821906e-02	1.004263e+01
1.582000e-05	-3.772741e-02	1.004260e+01
1.583000e-05	-3.927673e-02	1.005053e+01
1.584000e-05	-4.061127e-02	1.002003e+01
1.585000e-05	-4.248972e-02	1.000845e+01
1.586000e-05	-4.256712e-02	9.937893e+00
1.587000e-05	-4.488173e-02	9.914238e+00
1.588000e-05	-4.598089e-02	9.893128e+00
1.589000e-05	-4.459693e-02	9.810354e+00
1.590000e-05	-4.667344e-02	9.766812e+00
1.591000e-05	-4.842333e-02	9.683156e+00
1.592000e-05	-5.078486e-02	9.620527e+00
1.593000e-05	-5.118759e-02	9.536318e+00
1.594000e-05	-5.252077e-02	9.523737e+00
1.595000e-05	-5.385014e-02	9.442609e+00
1.596000e-05	-5.438694e-02	9.377398e+00
1.597000e-05	-5.496713e-02	9.296788e+00
1.598000e-05	-5.563914e-02	9.241080e+00
1.599000e-05	-5.571961e-02	9.188946e+00
1.600000e-05	-5.406551e-02	9.094316e+00
1.601000e-05	-5.257483e-02	8.999893e+00
1.602000e-05	-5.254745e-02	8.903157e+00
1.603000e-05	-5.266484e-02	8.771946e+00
1.604000e-05	-5.103626e-02	8.723767e+00
1.605000e-05	-4.998785e-02	8.630977e+00
1.606000e-05	-4.744240e-02	8.517764e+00
1.607000e-05	-4.568173e-02	8.442132e+00
1.608000e-05	-4.490537e-02	8.368470e+00
1.609000e-05	-4.344790e-02	8.263158e+00
1.610000e-05	-4.205161e-02	8.125811e+00
1.611000e-05	-3.950880e-02	8.001955e+00
1.612000e-05	-3.795937e-02	7.895213e+00
1.613000e-05	-3.638002e-02	7.796920e+00
1.614000e-05	-3.597972e-02	7.673638e+00
1.615000e-05	-3.391795e-02	7.566345e+00
1.616000e-05	-3.289557e-02	7.386375e+00
1.617000e-05	-3.143179e-02	7.220525e+00
1.618000e-05	-3.036448e-02	7.095161e+00
1.619000e-05	-2.918868e-02	6.977872e+00
1.620000e-05	-2.772477e-02	6.842052e+00
1.621000e-05	-2.704467e-02	6.694340e+00
1.622000e-05	-2.539062e-02	6.594786e+00
1.623000e-05	-2.416201e-02	6.357371e+00
1.624000e-05	-2.228445e-02	6.262132e+00
1.625000e-05	-2.285741e-02	6.103637e+00
1.626000e-05	-2.312196e-02	5.949921e+00
1.627000e-05	-2.128192e-02	5.817573e+00
1.628000e-05	-1.940288e-02	5.632029e+00
1.629000e-05	-2.028961e-02	5.481708e+00
1.630000e-05	-1.977890e-02	5.304762e+00
1.631000e-05	-1.880560e-02	5.105787e+00
1.632000e-05	-1.719478e-02	4.923712e+00
1.633000e-05	-1.642941e-02	4.736918e+00
1.634000e-05	-1.594735e-02	4.597949e+00
1.635000e-05	-1.449026e-02	4.442103e+00
1.636000e-05	-1.376044e-02	4.283261e+00
1.637000e-05	-1.434293e-02	4.063154e+00
1.638000e-05	-1.496697e-02	3.875286e+00
1.639000e-05	-1.236563e-02	3.725969e+00
1.640000e-05	-1.098604e-02	3.609549e+00
1.641000e-05	-1.139652e-02	3.390050e+00
1.642000e-05	-1.225721e-02	3.189501e+00
1.643000e-05	-1.055011e-02	3.071079e+00
1.644000e-05	-1.057068e-02	2.883184e+00
1.645000e-05	-1.081393e-02	2.725893e+00
1.646000e-05	-1.091103e-02	2.543686e+00
1.647000e-05	-8.744549e-03	2.314291e+00
1.648000e-05	-8.590467e-03	2.125391e+00
1.649000e-05	-7.399340e-03	1.959525e+00
1.650000e-05	-7.464639e-03	1.759600e+00
1.651000e-05	-6.693047e-03	1.579051e+00
1.652000e-05	-7.266158e-03	1.369021e+00
1.653000e-05	-7.107179e-03	1.209554e+00
1.654000e-05	-6.126473e-03	9.684971e-01
1.655000e-05	-5.993988e-03	7.379697e-01
1.656000e-05	-4.946028e-03	5.590722e-01
1.657000e-05	-5.145514e-03	4.105526e-01
1.658000e-05	-4.180251e-03	2.113064e-01
1.659000e-05	-3.781397e-03	1.576238e-03
1.660000e-05	2.141019e-03	-1.478448e-01
1.661000e-05	6.373433e-04	-3.462145e-01
1.662000e-05	-1.376634e-03	-4.521042e-01
1.663000e-05	7.226694e-04	-7.040606e-01
1.664000e-05	-3.400172e-04	-8.610290e-01
1.665000e-05	-7.479071e-04	-1.019476e+00
1.666000e-05	1.613172e-03	-1.166844e+00
1.667000e-05	2.466830e-02	-1.357315e+00
1.668000e-05	8.166633e-02	-1.557846e+00
1.669000e-05	-3.096814e-02	-1.810851e+00
1.670000e-05	-3.340456e-02	-2.023502e+00
1.671000e-05	-5.237166e-02	-2.304239e+00
1.672000e-05	-6.411637e-02	-2.369999e+00
1.673000e-05	1.324831e-01	-2.442079e+00
1.674000e-05	-1.281604e-02	-2.607425e+00
1.675000e-05	-9.381248e-02	-2.832079e+00
1.676000e-05	1.576627e-01	-2.915792e+00
1.677000e-05	-1.187053e-01	-3.166146e+00
1.678000e-05	-5.679334e-02	-3.408400e+00
1.679000e-05	1.440743e-01	-3.494637e+00
1.680000e-05	-1.044637e-01	-3.674036e+00
1.681000e-05	2.996661e-02	-3.876484e+00
1.682000e-05	8.782942e-02	-4.052504e+00
1.683000e-05	-1.144746e-01	-4.273057e+00
1.684000e-05	1.023833e-01	-4.387896e+00
1.685000e-05	-6.207862e-02	-4.557290e+00
1.686000e-05	-9.310404e-03	-4.789473e+00
1.687000e-05	1.033971e-01	-4.924059e+00
1.688000e-05	-1.015285e-01	-5.084608e+00
1.689000e-05	7.298955e-02	-5.263507e+00
1.690000e-05	1.066162e-02	-5.463006e+00
1.691000e-05	-4.808111e-03	-5.691556e+00
1.692000e-05	2.946404e-02	-5.799374e+00
1.693000e-05	-6.354331e-02	-5.957791e+00
1.694000e-05	9.205690e-02	-6.042607e+00
1.695000e-05	-3.179216e-02	-6.211804e+00
1.696000e-05	4.194273e-03	-6.441957e+00
1.697000e-05	5.944250e-02	-6.548265e+00
1.698000e-05	-4.576851e-02	-6.725215e+00
1.699000e-05	4.567689e-02	-6.809480e+00
1.700000e-05	-3.572672e-02	-6.957669e+00
1.701000e-05	5.413434e-02	-7.116212e+00
1.702000e-05	2.697440e-02	-7.221506e+00
1.703000e-05	-3.015200e-02	-7.398322e+00
1.704000e-05	3.698254e-02	-7.483612e+00
1.705000e-05	-5.183009e-03	-7.640483e+00
1.706000e-05	3.793329e-02	-7.766215e+00
1.707000e-05	-1.368149e-02	-7.915806e+00
1.708000e-05	2.360133e-02	-8.041084e+00
1.709000e-05	2.854549e-02	-8.156212e+00
1.710000e-05	-5.622621e-03	-8.252603e+00
1.711000e-05	2.466403e-02	-8.347264e+00
1.712000e-05	9.057796e-03	-8.422055e+00
1.713000e-05	3.211097e-02	-8.597166e+00
1.714000e-05	-4.645204e-03	-8.683005e+00
1.715000e-05	1.978208e-02	-8.809949e+00
1.716000e-05	2.560100e-02	-8.882037e+00
1.717000e-05	1.386728e-02	-8.997319e+00
1.718000e-05	1.455630e-02	-9.021459e+00
1.719000e-05	1.510889e-02	-9.126087e+00
1.720000e-05	2.928529e-02	-9.177869e+00
1.721000e-05	1.228561e-02	-9.211461e+00
1.722000e-05	1.981566e-02	-9.304113e+00
1.723000e-05	2.188080e-02	-9.429899e+00
1.724000e-05	2.188666e-02	-9.503610e+00
1.725000e-05	1.561060e-02	-9.569365e+00
1.726000e-05	2.220261e-02	-9.629925e+00
1.727000e-05	2.672235e-02	-9.662608e+00
1.728000e-05	2.011398e-02	-9.674134e+00
1.729000e-05	2.238978e-02	-9.765295e+00
1.730000e-05	2.233831e-02	-9.791394e+00
1.731000e-05	2.562833e-02	-9.829474e+00
1.732000e-05	2.174677e-02	-9.844079e+00
1.733000e-05	2.669218e-02	-9.894659e+00
1.734000e-05	2.669483e-02	-9.945161e+00
1.735000e-05	2.371149e-02	-9.956766e+00
1.736000e-05	2.446145e-02	-9.968796e+00
1.737000e-05	2.680005e-02	-9.958320e+00
1.738000e-05	2.688786e-02	-1.000732e+01
1.739000e-05	2.612569e-02	-1.000847e+01
1.740000e-05	2.943256e-02	-1.003998e+01
1.741000e-05	3.029525e-02	-9.990449e+00
1.742000e-05	2.899480e-02	-1.003995e+01
1.743000e-05	2.806232e-02	-9.981475e+00
1.744000e-05	3.043986e-02	-1.002095e+01
1.745000e-05	3.077205e-02	-9.990499e+00
1.746000e-05	3.258392e-02	-1.000945e+01
1.747000e-05	3.385326e-02	-1.000892e+01
1.748000e-05	3.441589e-02	-9.988790e+00
1.749000e-05	3.348381e-02	-9.936843e+00
1.750000e-05	3.450712e-02	-9.928793e+00
1.751000e-05	3.717271e-02	-9.884658e+00
1.752000e-05	3.644971e-02	-9.892604e+00
1.753000e-05	3.757576e-02	-9.861479e+00
1.754000e-05	4.092933e-02	-9.780399e+00
1.755000e-05	4.144713e-02	-9.737415e+00
1.756000e-05	4.123092e-02	-9.734712e+00
1.757000e-05	4.181501e-02	-9.672132e+00
1.758000e-05	4.470052e-02	-9.640553e+00
1.759000e-05	4.521203e-02	-9.576322e+00
1.760000e-05	4.577544e-02	-9.465216e+00
1.761000e-05	4.840347e-02	-9.439377e+00
1.762000e-05	4.859389e-02	-9.335764e+00
1.763000e-05	4.819702e-02	-9.272979e+00
1.764000e-05	4.888585e-02	-9.157447e+00
1.765000e-05	4.936515e-02	-9.094685e+00
1.766000e-05	4.856905e-02	-9.010375e+00
1.767000e-05	4.746644e-02	-8.986807e+00
1.768000e-05	4.518849e-02	-8.861604e+00
1.769000e-05	4.498883e-02	-8.787924e+00
1.770000e-05	4.353407e-02	-8.704185e+00
1.771000e-05	4.274571e-02	-8.559369e+00
1.772000e-05	4.213633e-02	-8.472654e+00
1.773000e-05	3.939176e-02	-8.348920e+00
1.774000e-05	3.811431e-02	-8.263156e+00
1.775000e-05	3.641504e-02	-8.179449e+00
1.776000e-05	3.505444e-02	-8.084604e+00
1.777000e-05	3.338104e-02	-7.968397e+00
1.778000e-05	3.203007e-02	-7.857682e+00
1.779000e-05	3.098996e-02	-7.744184e+00
1.780000e-05	2.932895e-02	-7.536391e+00
1.781000e-05	2.698269e-02	-7.400950e+00
1.782000e-05	2.604994e-02	-7.314656e+00
1.783000e-05	2.456912e-02	-7.169447e+00
1.784000e-05	2.236466e-02	-7.029606e+00
1.785000e-05	2.186418e-02	-6.924105e+00
1.786000e-05	2.066083e-02	-6.744792e+00
1.787000e-05	2.064008e-02	-6.620452e+00
1.788000e-05	1.880237e-02	-6.443682e+00
1.789000e-05	1.816916e-02	-6.326920e+00
1.790000e-05	1.613800e-02	-6.147789e+00
1.791000e-05	1.529116e-02	-5.988425e+00
1.792000e-05	1.362154e-02	-5.874634e+00
1.793000e-05	1.396344e-02	-5.723764e+00
1.794000e-05	1.253107e-02	-5.584493e+00
1.795000e-05	1.207075e-02	-5.359995e+00
1.796000e-05	1.015611e-02	-5.187921e+00
1.797000e-05	1.101953e-02	-5.009549e+00
1.798000e-05	9.272633e-03	-4.790553e+00
1.799000e-05	8.850110e-03	-4.692578e+00
1.800000e-05	7.545433e-03	-4.505307e+00
1.801000e-05	8.111900e-03	-4.347846e+00
1.802000e-05	6.592994e-03	-4.229020e+00
1.803000e-05	7.487330e-03	-4.031050e+00
1.804000e-05	6.343842e-03	-3.922838e+00
1.805000e-05	5.646057e-03	-3.684636e+00
1.806000e-05	4.403542e-03	-3.533693e+00
1.807000e-05	3.633420e-03	-3.337366e+00
1.808000e-05	4.187007e-03	-3.169943e+00
1.809000e-05	3.823987e-03	-2.950022e+00
1.810000e-05	2.240581e-03	-2.828524e+00
1.811000e-05	1.122813e-03	-2.642052e+00
1.812000e-05	1.321344e-03	-2.441048e+00
1.813000e-05	2.776498e-03	-2.202280e+00
1.814000e-05	1.268616e-03	-2.063100e+00
1.815000e-05	1.547403e-03	-1.904762e+00
1.816000e-05	-5.237998e-04	-1.744711e+00
1.817000e-05	-9.996652e-04	-1.524916e+00
1.818000e-05	-1.644788e-03	-1.304659e+00
1.819000e-05	-4.872996e-04	-1.083887e+00
1.820000e-05	-2.314876e-03	-9.167880e-01
1.821000e-05	-1.756449e-03	-7.573407e-01
1.822000e-05	-3.558153e-03	-5.248157e-01
1.823000e-05	-1.542865e-03	-3.064183e-01
1.824000e-05	-2.961912e-03	-1.589684e-01
1.825000e-05	-1.046928e-04	-1.949854e-02
1.826000e-05	2.754108e-03	2.029577e-01
1.827000e-05	-1.896548e-03	3.794512e-01
1.828000e-05	-2.271004e-03	5.484434e-01
1.829000e-05	-1.846521e-03	7.148147e-01
1.830000e-05	-3.749551e-03	8.221128e-01
1.831000e-05	-3.190036e-03	1.094708e+00
1.832000e-05	-9.901408e-04	1.273639e+00
1.833000e-05	1.274816e-02	1.441505e+00
1.834000e-05	5.721401e-02	1.675660e+00
1.835000e-05	1.726579e-02	1.894637e+00
1.836000e-05	-5.687513e-02	2.105611e+00
1.837000e-05	-3.658047e-02	2.242058e+00
1.838000e-05	-6.648889e-02	2.389004e+00
1.839000e-05	-2.399612e-02	2.535690e+00
1.840000e-05	1.283131e-01	2.745691e+00
1.841000e-05	-8.411937e-02	2.865191e+00
1.842000e-05	-2.140923e-02	3.038955e+00
1.843000e-05	1.040441e-01	3.167875e+00
1.844000e-05	-1.193221e-01	3.390898e+00
1.845000e-05	9.559534e-03	3.558873e+00
1.846000e-05	6.327673e-02	3.704637e+00
1.847000e-05	-9.720766e-02	3.916260e+00
1.848000e-05	4.552940e-02	4.042984e+00
1.849000e-05	9.993873e-03	4.282188e+00
1.850000e-05	-4.605989e-02	4.440532e+00
1.851000e-05	1.692341e-02	4.631982e+00
1.852000e-05	-4.145199e-02	4.791025e+00
1.853000e-05	2.329953e-03	4.929853e+00
1.854000e-05	-2.156436e-03	5.240954e+00
1.855000e-05	-1.804650e-02	5.379950e+00
1.856000e-05	4.816857e-03	5.548244e+00
1.857000e-05	-3.328878e-03	5.716115e+00
1.858000e-05	-1.116931e-02	5.904163e+00
1.859000e-05	-4.059980e-02	6.051983e+00
1.860000e-05	-3.752691e-03	6.178897e+00
1.861000e-05	1.254553e-02	6.317164e+00
1.862000e-05	-3.306174e-02	6.443031e+00
1.863000e-05	9.117175e-04	6.638450e+00
1.864000e-05	-2.038171e-02	6.799478e+00
1.865000e-05	-1.591376e-02	6.927187e+00
1.866000e-05	-1.380863e-02	7.060527e+00
1.867000e-05	-2.195865e-02	7.148318e+00
1.868000e-05	2.440150e-03	7.233006e+00
1.869000e-05	-2.025139e-02	7.440299e+00
1.870000e-05	-1.678028e-02	7.558500e+00
1.871000e-05	-2.145657e-02	7.734765e+00
1.872000e-05	-1.035929e-02	7.842008e+00
1.873000e-05	-1.804612e-02	7.990225e+00
1.874000e-05	-2.302547e-02	8.085213e+00
1.875000e-05	-1.028041e-02	8.218981e+00
1.876000e-05	-1.547307e-02	8.359190e+00
1.877000e-05	-2.077608e-02	8.390975e+00
1.878000e-05	-2.315993e-02	8.473661e+00
1.879000e-05	-1.579834e-02	8.549877e+00
1.880000e-05	-1.934020e-02	8.684182e+00
1.881000e-05	-2.412833e-02	8.798817e+00
1.882000e-05	-2.102356e-02	8.850506e+00
1.883000e-05	-1.801519e-02	8.948747e+00
1.884000e-05	-2.292802e-02	9.094507e+00
1.885000e-05	-2.339323e-02	9.167345e+00
1.886000e-05	-2.053443e-02	9.231530e+00
1.887000e-05	-2.234046e-02	9.284163e+00
1.888000e-05	-2.786873e-02	9.366922e+00
1.889000e-05	-2.562299e-02	9.441528e+00
1.890000e-05	-2.127848e-02	9.526311e+00
1.891000e-05	-2.580503e-02	9.566794e+00
1.892000e-05	-2.784337e-02	9.589474e+00
1.893000e-05	-2.587464e-02	9.702558e+00
1.894000e-05	-2.572390e-02	9.687269e+00
1.895000e-05	-2.737130e-02	9.778321e+00
1.896000e-05	-2.779488e-02	9.849451e+00
1.897000e-05	-2.897182e-02	9.885058e+00
1.898000e-05	-3.073614e-02	9.937765e+00
1.899000e-05	-2.983054e-02	9.937765e+00
1.900000e-05	-2.906017e-02	9.999371e+00
1.901000e-05	-2.992323e-02	1.002040e+01
1.902000e-05	-3.422088e-02	1.003108e+01
1.903000e-05	-3.280210e-02	1.005156e+01
1.904000e-05	-3.085014e-02	1.002156e+01
1.905000e-05	-3.350196e-02	1.006261e+01
1.906000e-05	-3.393552e-02	1.006413e+01
1.907000e-05	-3.392040e-02	1.007261e+01
1.908000e-05	-3.529082e-02	1.010419e+01
1.909000e-05	-3.788781e-02	1.009358e+01
1.910000e-05	-3.735638e-02	1.007268e+01
1.911000e-05	-3.629710e-02	1.004409e+01
1.912000e-05	-3.746695e-02	1.007316e+01
1.913000e-05	-3.873268e-02	1.006260e+01
1.914000e-05	-3.908022e-02	1.002110e+01
1.915000e-05	-3.991578e-02	9.991575e+00
1.916000e-05	-4.218059e-02	9.990027e+00
1.917000e-05	-4.266919e-02	9.987943e+00
1.918000e-05	-4.345635e-02	9.925763e+00
1.919000e-05	-4.391351e-02	9.905308e+00
1.920000e-05	-4.552448e-02	9.872453e+00
1.921000e-05	-4.688900e-02	9.796749e+00
1.922000e-05	-4.838270e-02	9.762237e+00
1.923000e-05	-4.996079e-02	9.629606e+00
1.924000e-05	-5.033278e-02	9.597350e+00
1.925000e-05	-5.098041e-02	9.527763e+00
1.926000e-05	-5.199522e-02	9.473184e+00
1.927000e-05	-5.433131e-02	9.391501e+00
1.928000e-05	-5.389955e-02	9.355270e+00
1.929000e-05	-5.500062e-02	9.302658e+00
1.930000e-05	-5.530825e-02	9.241553e+00
1.931000e-05	-5.575617e-02	9.127446e+00
1.932000e-05	-5.385392e-02	9.053005e+00
1.933000e-05	-5.286222e-02	8.946337e+00
1.934000e-05	-5.253026e-02	8.860579e+00
1.935000e-05	-5.166049e-02	8.776897e+00
1.936000e-05	-5.045009e-02	8.662660e+00
1.937000e-05	-4.957604e-02	8.598972e+00
1.938000e-05	-4.706608e-02	8.493684e+00
1.939000e-05	-4.545345e-02	8.388974e+00
1.940000e-05	-4.364940e-02	8.316242e+00
1.941000e-05	-4.288292e-02	8.179898e+00
1.942000e-05	-4.072391e-02	8.084209e+00
1.943000e-05	-4.019111e-02	7.926870e+00
1.944000e-05	-3.738319e-02	7.861082e+00
1.945000e-05	-3.616187e-02	7.715817e+00
1.946000e-05	-3.393311e-02	7.619926e+00
1.947000e-05	-3.424574e-02	7.473735e+00
1.948000e-05	-3.265948e-02	7.304338e+00
1.949000e-05	-3.148718e-02	7.178369e+00
1.950000e-05	-2.910231e-02	7.042130e+00
1.951000e-05	-2.882330e-02	6.914212e+00
1.952000e-05	-2.845118e-02	6.768524e+00
1.953000e-05	-2.592459e-02	6.629585e+00
1.954000e-05	-2.400348e-02	6.452628e+00
1.955000e-05	-2.405866e-02	6.334741e+00
1.956000e-05	-2.362757e-02	6.188945e+00
1.957000e-05	-2.284335e-02	6.051580e+00
1.958000e-05	-2.214000e-02	5.874839e+00
1.959000e-05	-2.084723e-02	5.745211e+00
1.960000e-05	-2.068128e-02	5.538320e+00
1.961000e-05	-1.922354e-02	5.408601e+00
1.962000e-05	-1.881220e-02	5.220653e+00
1.963000e-05	-1.818616e-02	5.061554e+00
1.964000e-05	-1.713834e-02	4.829599e+00
1.965000e-05	-1.657216e-02	4.642807e+00
1.966000e-05	-1.535886e-02	4.495864e+00
1.967000e-05	-1.434489e-02	4.369971e+00
1.968000e-05	-1.411541e-02	4.177020e+00
1.969000e-05	-1.341632e-02	3.998998e+00
1.970000e-05	-1.337415e-02	3.841576e+00
1.971000e-05	-1.220958e-02	3.684182e+00
1.972000e-05	-1.227975e-02	3.507966e+00
1.973000e-05	-1.120789e-02	3.336282e+00
1.974000e-05	-1.086586e-02	3.155467e+00
1.975000e-05	-1.044934e-02	2.968471e+00
1.976000e-05	-1.105485e-02	2.812004e+00
1.977000e-05	-1.012674e-02	2.660203e+00
1.978000e-05	-9.915560e-03	2.429075e+00
1.979000e-05	-9.580406e-03	2.239579e+00
1.980000e-05	-7.760046e-03	2.082708e+00
1.981000e-05	-7.951810e-03	1.885888e+00
1.982000e-05	-7.608248e-03	1.685307e+00
1.983000e-05	-6.877469e-03	1.505311e+00
1.984000e-05	-7.207045e-03	1.334839e+00
1.985000e-05	-6.568064e-03	1.105387e+00
1.986000e-05	-5.712250e-03	8.557816e-01
1.987000e-05	-5.808210e-03	6.848130e-01
1.988000e-05	-5.332793e-03	4.857905e-01
1.989000e-05	-4.690069e-03	3.369471e-01
1.990000e-05	-4.722821e-03	1.180157e-01
1.991000e-05	-1.993292e-03	-4.253284e-02
1.992000e-05	3.419514e-03	-2.009740e-01
1.993000e-05	-1.176422e-03	-3.673712e-01
1.994000e-05	8.826373e-04	-5.647149e-01
1.995000e-05	-7.949713e-04	-7.474162e-01
1.996000e-05	4.183465e-04	-9.252108e-01
1.997000e-05	-1.646198e-03	-1.042982e+00
1.998000e-05	7.390319e-03	-1.251529e+00
1.999000e-05	5.247243e-02	-1.418450e+00
2.000000e-05	5.259734e-02	-1.642505e+00
2.001000e-05	-6.137718e-02	-1.895742e+00
2.002000e-05	-1.853664e-02	-2.188244e+00
2.003000e-05	-8.498174e-02	-2.408919e+00
2.004000e-05	1.739079e-02	-2.411504e+00
2.005000e-05	1.288091e-01	-2.474134e+00
2.006000e-05	-1.316011e-01	-2.685713e+00
2.007000e-05	5.178069e-02	-2.893162e+00
2.008000e-05	1.027872e-01	-3.022370e+00
2.009000e-05	-1.619348e-01	-3.273029e+00
2.010000e-05	8.801040e-02	-3.432049e+00
2.011000e-05	5.483890e-02	-3.558349e+00
2.012000e-05	-1.185559e-01	-3.756825e+00
2.013000e-05	1.392211e-01	-3.946320e+00
2.014000e-05	-4.934527e-02	-4.106216e+00
2.015000e-05	-2.332716e-02	-4.317813e+00
2.016000e-05	8.151059e-02	-4.421978e+00
2.017000e-05	-1.088256e-01	-4.703054e+00
2.018000e-05	9.752856e-02	-4.831073e+00
2.019000e-05	6.591857e-05	-4.918237e+00
2.020000e-05	-5.864743e-02	-5.178944e+00
2.021000e-05	9.624273e-02	-5.349315e+00
2.022000e-05	-4.202750e-02	-5.588846e+00
2.023000e-05	4.929273e-02	-5.696188e+00
2.024000e-05	-3.592297e-02	-5.871977e+00
2.025000e-05	1.967836e-03	-5.991426e+00
2.026000e-05	7.407055e-02	-6.104636e+00
2.027000e-05	-6.912162e-02	-6.317736e+00
2.028000e-05	7.315830e-02	-6.464060e+00
2.029000e-05	-8.801345e-03	-6.611500e+00
2.030000e-05	-3.508761e-03	-6.737241e+00
2.031000e-05	2.292038e-02	-6.842458e+00
2.032000e-05	-2.363798e-02	-7.031804e+00
2.033000e-05	8.194420e-02	-7.179369e+00
2.034000e-05	-3.267887e-02	-7.305186e+00
2.035000e-05	1.148373e-02	-7.431424e+00
2.036000e-05	1.630300e-02	-7.526791e+00
2.037000e-05	1.343952e-02	-7.692182e+00
2.038000e-05	2.535176e-02	-7.821978e+00
2.039000e-05	-1.574225e-02	-7.988820e+00
2.040000e-05	4.790456e-02	-8.092634e+00
2.041000e-05	-1.194799e-03	-8.188422e+00
2.042000e-05	1.352499e-02	-8.294236e+00
2.043000e-05	1.403665e-02	-8.387897e+00
2.044000e-05	2.271079e-02	-8.486166e+00
2.045000e-05	1.713554e-02	-8.618845e+00
2.046000e-05	-3.923429e-03	-8.756265e+00
2.047000e-05	3.264999e-02	-8.822503e+00
2.048000e-05	1.859754e-02	-8.925660e+00
2.049000e-05	1.638669e-02	-8.978474e+00
2.050000e-05	1.006599e-02	-9.072534e+00
2.051000e-05	2.417053e-02	-9.177314e+00
2.052000e-05	2.139954e-02	-9.178949e+00
2.053000e-05	1.257406e-02	-9.261609e+00
2.054000e-05	2.427439e-02	-9.336764e+00
2.055000e-05	2.263281e-02	-9.480381e+00
2.056000e-05	1.778064e-02	-9.544239e+00
2.057000e-05	1.554808e-02	-9.608869e+00
2.058000e-05	2.801124e-02	-9.652558e+00
2.059000e-05	2.453176e-02	-9.673607e+00
2.060000e-05	2.043674e-02	-9.716689e+00
2.061000e-05	2.088200e-02	-9.777318e+00
2.062000e-05	2.451530e-02	-9.799874e+00
2.063000e-05	2.420292e-02	-9.873528e+00
2.064000e-05	2.269227e-02	-9.882052e+00
2.065000e-05	2.704719e-02	-9.875161e+00
2.066000e-05	2.547047e-02	-9.896211e+00
2.067000e-05	2.213036e-02	-9.937292e+00
2.068000e-05	2.534321e-02	-9.936892e+00
2.069000e-05	2.991079e-02	-9.957899e+00
2.070000e-05	2.877119e-02	-9.968424e+00
2.071000e-05	2.687431e-02	-9.979873e+00
2.072000e-05	2.762843e-02	-9.988422e+00
2.073000e-05	2.889078e-02	-9.979950e+00
2.074000e-05	2.908306e-02	-1.000895e+01
2.075000e-05	2.994532e-02	-1.001945e+01
2.076000e-05	3.145057e-02	-1.000850e+01
2.077000e-05	3.218119e-02	-9.980999e+00
2.078000e-05	3.333459e-02	-1.000845e+01
2.079000e-05	3.458480e-02	-9.989420e+00
2.080000e-05	3.435590e-02	-9.986342e+00
2.081000e-05	3.263689e-02	-9.955213e+00
2.082000e-05	3.471608e-02	-9.947738e+00
2.083000e-05	3.623612e-02	-9.883134e+00
2.084000e-05	3.690584e-02	-9.842629e+00
2.085000e-05	3.840075e-02	-9.840453e+00
2.086000e-05	4.146693e-02	-9.767324e+00
2.087000e-05	4.258760e-02	-9.757314e+00
2.088000e-05	4.166181e-02	-9.714660e+00
2.089000e-05	4.268585e-02	-9.632557e+00
2.090000e-05	4.547738e-02	-9.608425e+00
2.091000e-05	4.466382e-02	-9.526339e+00
2.092000e-05	4.708371e-02	-9.503052e+00
2.093000e-05	4.890056e-02	-9.380319e+00
2.094000e-05	4.882737e-02	-9.323108e+00
2.095000e-05	4.879128e-02	-9.248976e+00
2.096000e-05	4.762332e-02	-9.125787e+00
2.097000e-05	4.843886e-02	-9.043230e+00
2.098000e-05	4.787669e-02	-8.999822e+00
2.099000e-05	4.749285e-02	-8.934661e+00
2.100000e-05	4.616345e-02	-8.850976e+00
2.101000e-05	4.435486e-02	-8.768345e+00
2.102000e-05	4.125372e-02	-8.633028e+00
2.103000e-05	4.121375e-02	-8.545186e+00
2.104000e-05	4.105360e-02	-8.422502e+00
2.105000e-05	3.865445e-02	-8.356266e+00
2.106000e-05	3.761261e-02	-8.252076e+00
2.107000e-05	3.546054e-02	-8.145843e+00
2.108000e-05	3.412606e-02	-8.010576e+00
2.109000e-05	3.153095e-02	-7.924168e+00
2.110000e-05	3.095083e-02	-7.777839e+00
2.111000e-05	2.998229e-02	-7.670554e+00
2.112000e-05	2.675475e-02	-7.483733e+00
2.113000e-05	2.624302e-02	-7.357349e+00
2.114000e-05	2.600338e-02	-7.260595e+00
2.115000e-05	2.486225e-02	-7.095845e+00
2.116000e-05	2.262599e-02	-6.987291e+00
2.117000e-05	2.115718e-02	-6.799599e+00
2.118000e-05	2.044172e-02	-6.672757e+00
2.119000e-05	2.035015e-02	-6.537322e+00
2.120000e-05	1.728544e-02	-6.440500e+00
2.121000e-05	1.708395e-02	-6.224708e+00
2.122000e-05	1.640406e-02	-6.095079e+00
2.123000e-05	1.474661e-02	-5.906745e+00
2.124000e-05	1.380168e-02	-5.778998e+00
2.125000e-05	1.243932e-02	-5.682148e+00
2.126000e-05	1.188259e-02	-5.474262e+00
2.127000e-05	1.177891e-02	-5.254583e+00
2.128000e-05	1.106713e-02	-5.094238e+00
2.129000e-05	9.737293e-03	-4.933920e+00
2.130000e-05	8.945473e-03	-4.728288e+00
2.131000e-05	8.507547e-03	-4.589419e+00
2.132000e-05	7.584922e-03	-4.441054e+00
2.133000e-05	6.803542e-03	-4.284236e+00
2.134000e-05	5.260686e-03	-4.136338e+00
2.135000e-05	6.758326e-03	-3.998517e+00
2.136000e-05	5.179018e-03	-3.789048e+00
2.137000e-05	5.329752e-03	-3.590497e+00
2.138000e-05	3.638967e-03	-3.411077e+00
2.139000e-05	3.720640e-03	-3.273234e+00
2.140000e-05	2.993401e-03	-3.073842e+00
2.141000e-05	3.159836e-03	-2.905729e+00
2.142000e-05	2.345569e-03	-2.737314e+00
2.143000e-05	1.450689e-03	-2.536397e+00
2.144000e-05	1.602292e-03	-2.358924e+00
2.145000e-05	2.324693e-03	-2.157546e+00
2.146000e-05	1.388177e-03	-1.970046e+00
2.147000e-05	6.841744e-06	-1.821050e+00
2.148000e-05	-9.378749e-04	-1.620579e+00
2.149000e-05	-4.266844e-04	-1.401176e+00
2.150000e-05	-7.731415e-05	-1.199546e+00
2.151000e-05	-1.451168e-03	-1.010046e+00
2.152000e-05	-1.632164e-03	-8.420750e-01
2.153000e-05	-4.119482e-03	-6.521540e-01
2.154000e-05	-4.370881e-03	-4.305765e-01
2.155000e-05	-3.759698e-03	-2.642028e-01
2.156000e-05	-1.633047e-03	-1.247605e-01
2.157000e-05	1.751855e-03	6.420704e-02
2.158000e-05	2.285469e-03	3.032382e-01
2.159000e-05	-3.831553e-03	4.240803e-01
2.160000e-05	-7.715587e-04	6.210515e-01
2.161000e-05	-5.177526e-03	7.613438e-01
2.162000e-05	-2.460825e-03	9.156936e-01
2.163000e-05	-3.551624e-03	1.168416e+00
2.164000e-05	4.439148e-03	1.336841e+00
2.165000e-05	2.847585e-02	1.545794e+00
2.166000e-05	6.170564e-02	1.778322e+00
2.167000e-05	-2.900689e-02	1.978425e+00
2.168000e-05	-4.555642e-02	2.167314e+00
2.169000e-05	-4.496034e-02	2.327241e+00
2.170000e-05	-7.171684e-02	2.392136e+00
2.171000e-05	5.490615e-02	2.631374e+00
2.172000e-05	7.677810e-02	2.770476e+00
2.173000e-05	-1.330897e-01	2.936788e+00
2.174000e-05	1.056542e-01	3.104611e+00
2.175000e-05	-1.000208e-02	3.265587e+00
2.176000e-05	-1.034812e-01	3.466265e+00
2.177000e-05	7.908548e-02	3.620004e+00
2.178000e-05	-1.660743e-02	3.800898e+00
2.179000e-05	-6.327366e-02	3.967946e+00
2.180000e-05	6.996781e-02	4.136194e+00
2.181000e-05	-4.862835e-02	4.347471e+00
2.182000e-05	-6.732896e-03	4.516162e+00
2.183000e-05	2.239289e-04	4.715218e+00
2.184000e-05	-3.907612e-02	4.812054e+00
2.185000e-05	1.831960e-02	5.084140e+00
2.186000e-05	-2.230392e-02	5.304616e+00
2.187000e-05	-3.395009e-04	5.462584e+00
2.188000e-05	-2.197883e-03	5.609875e+00
2.189000e-05	-2.642063e-03	5.757346e+00
2.190000e-05	-2.360196e-02	5.968370e+00
2.191000e-05	-3.544837e-02	6.085136e+00
2.192000e-05	1.771562e-02	6.282011e+00
2.193000e-05	-1.392122e-02	6.378421e+00
2.194000e-05	-1.967146e-02	6.495612e+00
2.195000e-05	-4.264810e-03	6.684605e+00
2.196000e-05	-2.425717e-02	6.811583e+00
2.197000e-05	-1.097440e-02	6.967269e+00
2.198000e-05	-1.972155e-02	7.083183e+00
2.199000e-05	-8.873429e-03	7.180449e+00
2.200000e-05	-3.049773e-03	7.334763e+00
2.201000e-05	-2.465948e-02	7.513689e+00
2.202000e-05	-1.672234e-02	7.621505e+00
2.203000e-05	-1.759956e-02	7.747824e+00
2.204000e-05	-7.573975e-03	7.878135e+00
2.205000e-05	-2.427380e-02	8.039904e+00
2.206000e-05	-1.923668e-02	8.148324e+00
2.207000e-05	-7.866986e-03	8.254109e+00
2.208000e-05	-1.975072e-02	8.348322e+00
2.209000e-05	-1.982287e-02	8.452082e+00
2.210000e-05	-2.290214e-02	8.526343e+00
2.211000e-05	-1.469678e-02	8.620503e+00
2.212000e-05	-2.382285e-02	8.745715e+00
2.213000e-05	-2.337443e-02	8.769430e+00
2.214000e-05	-1.694304e-02	8.873640e+00
2.215000e-05	-2.126402e-02	9.011897e+00
2.216000e-05	-2.366915e-02	9.104713e+00
2.217000e-05	-2.366707e-02	9.190076e+00
2.218000e-05	-1.874756e-02	9.241059e+00
2.219000e-05	-2.525651e-02	9.336742e+00
2.220000e-05	-2.677413e-02	9.411477e+00
2.221000e-05	-2.405753e-02	9.495184e+00
2.222000e-05	-2.222402e-02	9.527240e+00
2.223000e-05	-2.689493e-02	9.568950e+00
2.224000e-05	-2.750100e-02	9.620507e+00
2.225000e-05	-2.424591e-02	9.674665e+00
2.226000e-05	-2.710142e-02	9.748698e+00
2.227000e-05	-2.731176e-02	9.828502e+00
2.228000e-05	-2.890741e-02	9.852909e+00
2.229000e-05	-2.933520e-02	9.914208e+00
2.230000e-05	-3.025520e-02	9.937762e+00
2.231000e-05	-2.916095e-02	9.997344e+00
2.232000e-05	-2.854426e-02	1.000048e+01
2.233000e-05	-3.179426e-02	1.001148e+01
2.234000e-05	-3.421009e-02	1.003163e+01
2.235000e-05	-3.150480e-02	1.003261e+01
2.236000e-05	-3.209104e-02	1.003210e+01
2.237000e-05	-3.440067e-02	1.007314e+01
2.238000e-05	-3.379083e-02	1.004361e+01
2.239000e-05	-3.439779e-02	1.008471e+01
2.240000e-05	-3.567567e-02	1.010416e+01
2.241000e-05	-3.747033e-02	1.009466e+01
2.242000e-05	-3.779742e-02	1.005314e+01
2.243000e-05	-3.667971e-02	1.006363e+01
2.244000e-05	-3.886848e-02	1.004318e+01
2.245000e-05	-3.857584e-02	1.004311e+01
2.246000e-05	-3.948361e-02	1.002150e+01
2.247000e-05	-3.956550e-02	1.004048e+01
2.248000e-05	-4.212074e-02	1.001745e+01
2.249000e-05	-4.318984e-02	9.957870e+00
2.250000e-05	-4.376243e-02	9.905317e+00
2.251000e-05	-4.559380e-02	9.821656e+00
2.252000e-05	-4.590887e-02	9.802478e+00
2.253000e-05	-4.640649e-02	9.736691e+00
2.254000e-05	-4.789801e-02	9.675608e+00
2.255000e-05	-5.105190e-02	9.610504e+00
2.256000e-05	-5.165106e-02	9.587848e+00
2.257000e-05	-5.218399e-02	9.494736e+00
2.258000e-05	-5.298969e-02	9.464131e+00
2.259000e-05	-5.434482e-02	9.416924e+00
2.260000e-05	-5.490495e-02	9.305811e+00
2.261000e-05	-5.642491e-02	9.272129e+00
2.262000e-05	-5.490835e-02	9.170950e+00
2.263000e-05	-5.433174e-02	9.052663e+00
2.264000e-05	-5.241002e-02	9.019954e+00
2.265000e-05	-5.347966e-02	8.944608e+00
2.266000e-05	-5.241535e-02	8.808998e+00
2.267000e-05	-5.128086e-02	8.725764e+00
2.268000e-05	-4.930642e-02	8.632055e+00
2.269000e-05	-4.845627e-02	8.555290e+00
2.270000e-05	-4.589976e-02	8.482605e+00
2.271000e-05	-4.515099e-02	8.409424e+00
2.272000e-05	-4.389400e-02	8.264112e+00
2.273000e-05	-4.187459e-02	8.183891e+00
2.274000e-05	-4.020635e-02	8.012503e+00
2.275000e-05	-3.853384e-02	7.935310e+00
2.276000e-05	-3.769504e-02	7.758404e+00
2.277000e-05	-3.545225e-02	7.692159e+00
2.278000e-05	-3.391426e-02	7.556369e+00
2.279000e-05	-3.248497e-02	7.439000e+00
2.280000e-05	-3.231836e-02	7.220654e+00
2.281000e-05	-3.017675e-02	7.104865e+00
2.282000e-05	-2.895364e-02	6.988873e+00
2.283000e-05	-2.879515e-02	6.862604e+00
2.284000e-05	-2.754514e-02	6.704344e+00
2.285000e-05	-2.514395e-02	6.537342e+00
2.286000e-05	-2.373372e-02	6.429474e+00
2.287000e-05	-2.360497e-02	6.223105e+00
2.288000e-05	-2.343729e-02	6.134717e+00
2.289000e-05	-2.211600e-02	6.021000e+00
2.290000e-05	-2.108455e-02	5.870157e+00
2.291000e-05	-2.116739e-02	5.661104e+00
2.292000e-05	-2.038404e-02	5.483210e+00
2.293000e-05	-1.954173e-02	5.347392e+00
2.294000e-05	-1.850028e-02	5.146845e+00
2.295000e-05	-1.749395e-02	4.946338e+00
2.296000e-05	-1.652276e-02	4.717893e+00
2.297000e-05	-1.555975e-02	4.608500e+00
2.298000e-05	-1.578616e-02	4.460605e+00
2.299000e-05	-1.494378e-02	4.275265e+00
2.300000e-05	-1.419045e-02	4.073755e+00
2.301000e-05	-1.250947e-02	3.925916e+00
2.302000e-05	-1.398344e-02	3.766548e+00
2.303000e-05	-1.292237e-02	3.641026e+00
2.304000e-05	-1.198962e-02	3.451729e+00
2.305000e-05	-1.162797e-02	3.222549e+00
2.306000e-05	-1.089719e-02	3.103262e+00
2.307000e-05	-1.091325e-02	2.924863e+00
2.308000e-05	-1.018808e-02	2.737946e+00
2.309000e-05	-1.041296e-02	2.573959e+00
2.310000e-05	-9.342611e-03	2.387366e+00
2.311000e-05	-8.884587e-03	2.137469e+00
2.312000e-05	-8.273157e-03	1.989526e+00
2.313000e-05	-8.353031e-03	1.789625e+00
2.314000e-05	-7.477944e-03	1.601053e+00
2.315000e-05	-7.048914e-03	1.379551e+00
2.316000e-05	-6.253390e-03	1.210079e+00
2.317000e-05	-6.211103e-03	9.987249e-01
2.318000e-05	-6.023437e-03	7.994962e-01
2.319000e-05	-5.776612e-03	5.695549e-01
2.320000e-05	-4.733641e-03	4.016790e-01
2.321000e-05	-4.864975e-03	2.642853e-01
2.322000e-05	-5.324853e-03	5.110281e-02
2.323000e-05	4.391740e-04	-1.366633e-01
2.324000e-05	2.024772e-03	-2.437106e-01
2.325000e-05	-2.067827e-03	-4.425552e-01
2.326000e-05	5.167033e-04	-6.911004e-01
2.327000e-05	-1.545753e-03	-8.410751e-01
2.328000e-05	5.196199e-04	-9.888961e-01
2.329000e-05	-7.060753e-05	-1.126165e+00
2.330000e-05	1.802776e-02	-1.324665e+00
2.331000e-05	7.870097e-02	-1.516792e+00
2.332000e-05	-9.705507e-03	-1.758796e+00
2.333000e-05	-4.404354e-02	-2.029503e+00
2.334000e-05	-3.884825e-02	-2.286058e+00
2.335000e-05	-7.875751e-02	-2.410526e+00
2.336000e-05	1.113091e-01	-2.440507e+00
2.337000e-05	3.180202e-02	-2.589774e+00
2.338000e-05	-1.179790e-01	-2.819576e+00
2.339000e-05	1.544584e-01	-2.906164e+00
2.340000e-05	-6.580009e-02	-3.144168e+00
2.341000e-05	-1.068679e-01	-3.368820e+00
2.342000e-05	1.499631e-01	-3.484608e+00
2.343000e-05	-7.021184e-02	-3.661481e+00
2.344000e-05	-1.565875e-02	-3.933181e+00
2.345000e-05	1.186611e-01	-4.040478e+00
2.346000e-05	-1.202409e-01	-4.212030e+00
2.347000e-05	8.185107e-02	-4.378924e+00
2.348000e-05	-2.618750e-02	-4.537138e+00
2.349000e-05	-4.524846e-02	-4.766222e+00
2.350000e-05	1.205929e-01	-4.843657e+00
2.351000e-05	-8.848323e-02	-5.053532e+00
2.352000e-05	4.134827e-02	-5.231977e+00
2.353000e-05	3.819677e-02	-5.442879e+00
2.354000e-05	-2.310360e-02	-5.619558e+00
2.355000e-05	4.554923e-02	-5.747792e+00
2.356000e-05	-6.918680e-02	-5.926741e+00
2.357000e-05	7.832557e-02	-6.033554e+00
2.358000e-05	-3.827130e-03	-6.170752e+00
2.359000e-05	-2.203828e-02	-6.408875e+00
2.360000e-05	7.542079e-02	-6.505665e+00
2.361000e-05	-4.737658e-02	-6.684084e+00
2.362000e-05	3.965525e-02	-6.779474e+00
2.363000e-05	-2.507892e-02	-6.896561e+00
2.364000e-05	3.331509e-02	-7.144140e+00
2.365000e-05	4.834492e-02	-7.240503e+00
2.366000e-05	-4.113569e-02	-7.338370e+00
2.367000e-05	3.718495e-02	-7.475082e+00
2.368000e-05	-3.984710e-03	-7.579376e+00
2.369000e-05	3.609615e-02	-7.778266e+00
2.370000e-05	-4.497433e-03	-7.943564e+00
2.371000e-05	1.158985e-02	-8.031030e+00
2.372000e-05	3.846311e-02	-8.136691e+00
2.373000e-05	-9.185425e-03	-8.220425e+00
2.374000e-05	2.425478e-02	-8.336112e+00
2.375000e-05	6.696238e-03	-8.409503e+00
2.376000e-05	3.221046e-02	-8.506688e+00
2.377000e-05	-8.016709e-04	-8.652882e+00
2.378000e-05	1.469108e-02	-8.778895e+00
2.379000e-05	2.965849e-02	-8.851536e+00
2.380000e-05	1.296663e-02	-8.967696e+00
2.381000e-05	1.483956e-02	-9.020530e+00
2.382000e-05	1.251626e-02	-9.134636e+00
2.383000e-05	3.043534e-02	-9.149322e+00
2.384000e-05	1.339830e-02	-9.231528e+00
2.385000e-05	1.810799e-02	-9.326239e+00
2.386000e-05	2.332423e-02	-9.399845e+00
2.387000e-05	2.215719e-02	-9.512657e+00
2.388000e-05	1.518417e-02	-9.556815e+00
2.389000e-05	2.066882e-02	-9.599429e+00
2.390000e-05	2.781769e-02	-9.673079e+00
2.391000e-05	2.116153e-02	-9.714686e+00
2.392000e-05	2.084811e-02	-9.745716e+00
2.393000e-05	2.229952e-02	-9.788851e+00
2.394000e-05	2.589308e-02	-9.822423e+00
2.395000e-05	2.112770e-02	-9.873479e+00
2.396000e-05	2.600037e-02	-9.865061e+00
2.397000e-05	2.706467e-02	-9.894187e+00
2.398000e-05	2.456898e-02	-9.904690e+00
2.399000e-05	2.453555e-02	-9.956766e+00
2.400000e-05	2.681847e-02	-9.967317e+00
2.401000e-05	2.739093e-02	-9.976918e+00
2.402000e-05	2.531446e-02	-9.970394e+00
2.403000e-05	3.008705e-02	-9.989450e+00
2.404000e-05	3.046918e-02	-1.000902e+01
2.405000e-05	2.992425e-02	-1.001092e+01
2.406000e-05	2.847009e-02	-1.001943e+01
2.407000e-05	2.990971e-02	-1.000093e+01
2.408000e-05	3.133669e-02	-9.988426e+00
2.409000e-05	3.221028e-02	-1.001045e+01
2.410000e-05	3.479353e-02	-9.959897e+00
2.411000e-05	3.463561e-02	-9.978772e+00
2.412000e-05	3.352920e-02	-9.936794e+00
2.413000e-05	3.404510e-02	-9.906265e+00
2.414000e-05	3.632715e-02	-9.915161e+00
2.415000e-05	3.819347e-02	-9.882582e+00
2.416000e-05	3.718074e-02	-9.842025e+00
2.417000e-05	3.953167e-02	-9.819403e+00
2.418000e-05	4.208748e-02	-9.777817e+00
2.419000e-05	4.174661e-02	-9.704239e+00
2.420000e-05	4.223992e-02	-9.643104e+00
2.421000e-05	4.382902e-02	-9.642577e+00
2.422000e-05	4.542881e-02	-9.586894e+00
2.423000e-05	4.618545e-02	-9.494784e+00
2.424000e-05	4.815790e-02	-9.449977e+00
2.425000e-05	4.808324e-02	-9.336392e+00
2.426000e-05	4.862161e-02	-9.293553e+00
2.427000e-05	4.867397e-02	-9.158873e+00
2.428000e-05	4.894777e-02	-9.114686e+00
2.429000e-05	4.836051e-02	-9.020505e+00
2.430000e-05	4.831558e-02	-8.925390e+00
2.431000e-05	4.564351e-02	-8.864184e+00
2.432000e-05	4.499314e-02	-8.808446e+00
2.433000e-05	4.253747e-02	-8.715364e+00
2.434000e-05	4.215464e-02	-8.628995e+00
2.435000e-05	4.188530e-02	-8.516179e+00
2.436000e-05	3.986001e-02	-8.409348e+00
2.437000e-05	3.894800e-02	-8.295132e+00
2.438000e-05	3.705253e-02	-8.169449e+00
2.439000e-05	3.546938e-02	-8.092609e+00
2.440000e-05	3.337343e-02	-8.010021e+00
2.441000e-05	3.095785e-02	-7.882129e+00
2.442000e-05	3.004587e-02	-7.745234e+00
2.443000e-05	2.876414e-02	-7.606442e+00
2.444000e-05	2.695751e-02	-7.472076e+00
2.445000e-05	2.588743e-02	-7.314781e+00
2.446000e-05	2.478213e-02	-7.189400e+00
2.447000e-05	2.328873e-02	-7.060155e+00
2.448000e-05	2.241594e-02	-6.885681e+00
2.449000e-05	2.144111e-02	-6.747347e+00
2.450000e-05	1.947523e-02	-6.608574e+00
2.451000e-05	1.899338e-02	-6.483704e+00
2.452000e-05	1.781956e-02	-6.388943e+00
2.453000e-05	1.702803e-02	-6.210974e+00
2.454000e-05	1.430395e-02	-5.993500e+00
2.455000e-05	1.423057e-02	-5.873659e+00
2.456000e-05	1.317398e-02	-5.715365e+00
2.457000e-05	1.251650e-02	-5.609871e+00
2.458000e-05	1.129968e-02	-5.400425e+00
2.459000e-05	1.104487e-02	-5.219524e+00
2.460000e-05	1.199621e-02	-5.072029e+00
2.461000e-05	9.141866e-03	-4.812535e+00
2.462000e-05	7.867911e-03	-4.675103e+00
2.463000e-05	6.921446e-03	-4.494286e+00
2.464000e-05	8.342621e-03	-4.377947e+00
2.465000e-05	5.672742e-03	-4.189026e+00
2.466000e-05	7.829888e-03	-4.092624e+00
2.467000e-05	3.373461e-03	-3.926839e+00
2.468000e-05	7.758533e-03	-3.685685e+00
2.469000e-05	4.823951e-03	-3.546865e+00
2.470000e-05	4.882399e-03	-3.349422e+00
2.471000e-05	4.777910e-03	-3.209550e+00
2.472000e-05	1.045711e-03	-3.031025e+00
2.473000e-05	2.997303e-03	-2.799974e+00
2.474000e-05	-7.133372e-05	-2.643630e+00
2.475000e-05	1.638739e-03	-2.483178e+00
2.476000e-05	1.819016e-03	-2.285863e+00
2.477000e-05	1.067857e-03	-2.104180e+00
2.478000e-05	1.873419e-03	-1.905314e+00
2.479000e-05	-2.418980e-04	-1.747442e+00
2.480000e-05	8.023165e-04	-1.528889e+00
2.481000e-05	-1.465171e-03	-1.334808e+00
2.482000e-05	-1.047650e-03	-1.095363e+00
2.483000e-05	-3.678828e-03	-9.478672e-01
2.484000e-05	-3.138631e-03	-7.455446e-01
2.485000e-05	-3.279841e-03	-5.589644e-01
2.486000e-05	-3.133719e-03	-3.669458e-01
2.487000e-05	-3.446706e-03	-2.310013e-01
2.488000e-05	-1.557999e-03	1.205383e-02
2.489000e-05	3.170125e-03	1.868463e-01
2.490000e-05	5.687033e-04	3.774749e-01
2.491000e-05	-8.137928e-04	5.162434e-01
2.492000e-05	-1.297351e-03	6.737131e-01
2.493000e-05	-4.813144e-03	8.305027e-01
2.494000e-05	-5.768287e-03	1.013030e+00
2.495000e-05	-3.204948e-03	1.231978e+00
2.496000e-05	1.069537e-02	1.392456e+00
2.497000e-05	5.218813e-02	1.641507e+00
2.498000e-05	3.226417e-02	1.853135e+00
2.499000e-05	-5.601632e-02	2.062034e+00
2.500000e-05	-3.867524e-02	2.210535e+00
2.501000e-05	-6.154153e-02	2.368979e+00
2.502000e-05	-4.329467e-02	2.505741e+00
2.503000e-05	1.211147e-01	2.724337e+00
2.504000e-05	-4.188242e-02	2.833083e+00
2.505000e-05	-6.465077e-02	2.988949e+00
2.506000e-05	1.217359e-01	3.137823e+00
2.507000e-05	-1.055950e-01	3.359403e+00
2.508000e-05	-2.077442e-02	3.558921e+00
2.509000e-05	8.125929e-02	3.644585e+00
2.510000e-05	-8.529708e-02	3.854137e+00
2.511000e-05	1.764341e-02	4.050558e+00
2.512000e-05	2.830669e-02	4.193504e+00
2.513000e-05	-5.511089e-02	4.430450e+00
2.514000e-05	1.777303e-02	4.610448e+00
2.515000e-05	-3.297175e-02	4.749348e+00
2.516000e-05	-8.433640e-03	4.934718e+00
2.517000e-05	5.035777e-03	5.228402e+00
2.518000e-05	-2.293002e-02	5.358374e+00
2.519000e-05	3.797188e-03	5.545241e+00
2.520000e-05	-4.831395e-03	5.645089e+00
2.521000e-05	-8.842728e-03	5.864081e+00
2.522000e-05	-3.800635e-02	6.000955e+00
2.523000e-05	-1.348843e-02	6.138824e+00
2.524000e-05	1.892318e-02	6.295192e+00
2.525000e-05	-3.222974e-02	6.455602e+00
2.526000e-05	-2.802596e-03	6.547319e+00
2.527000e-05	-1.863276e-02	6.747895e+00
2.528000e-05	-1.858480e-02	6.913660e+00
2.529000e-05	-1.052183e-02	7.030480e+00
2.530000e-05	-2.312928e-02	7.156714e+00
2.531000e-05	1.223225e-03	7.220457e+00
2.532000e-05	-1.710126e-02	7.350774e+00
2.533000e-05	-1.817796e-02	7.598268e+00
2.534000e-05	-2.180660e-02	7.685136e+00
2.535000e-05	-1.003650e-02	7.810004e+00
2.536000e-05	-1.338639e-02	7.936764e+00
2.537000e-05	-2.404653e-02	8.034605e+00
2.538000e-05	-1.259166e-02	8.178975e+00
2.539000e-05	-1.464322e-02	8.326193e+00
2.540000e-05	-2.015692e-02	8.409503e+00
2.541000e-05	-2.255009e-02	8.464086e+00
2.542000e-05	-1.794045e-02	8.577947e+00
2.543000e-05	-1.859264e-02	8.694137e+00
2.544000e-05	-2.370935e-02	8.737743e+00
2.545000e-05	-2.122741e-02	8.811053e+00
2.546000e-05	-1.768372e-02	8.927769e+00
2.547000e-05	-2.320152e-02	9.082429e+00
2.548000e-05	-2.341955e-02	9.166842e+00
2.549000e-05	-2.081663e-02	9.240980e+00
2.550000e-05	-2.103406e-02	9.296186e+00
2.551000e-05	-2.615120e-02	9.349343e+00
2.552000e-05	-2.610652e-02	9.422507e+00
2.553000e-05	-2.188237e-02	9.514740e+00
2.554000e-05	-2.648644e-02	9.557315e+00
2.555000e-05	-2.770426e-02	9.611453e+00
2.556000e-05	-2.610690e-02	9.632582e+00
2.557000e-05	-2.458566e-02	9.714664e+00
2.558000e-05	-2.758530e-02	9.748320e+00
2.559000e-05	-2.809672e-02	9.822003e+00
2.560000e-05	-2.864667e-02	9.883481e+00
2.561000e-05	-2.921467e-02	9.925658e+00
2.562000e-05	-3.103203e-02	9.966891e+00
2.563000e-05	-2.887845e-02	1.000037e+01
2.564000e-05	-2.895130e-02	1.000995e+01
2.565000e-05	-3.337819e-02	1.003053e+01
2.566000e-05	-3.418333e-02	1.001158e+01
2.567000e-05	-3.184978e-02	1.006263e+01
2.568000e-05	-3.138358e-02	1.005366e+01
2.569000e-05	-3.420505e-02	1.006263e+01
2.570000e-05	-3.433584e-02	1.012418e+01
2.571000e-05	-3.499600e-02	1.008266e+01
2.572000e-05	-3.614206e-02	1.006316e+01
2.573000e-05	-3.779541e-02	1.009366e+01
2.574000e-05	-3.793447e-02	1.010361e+01
2.575000e-05	-3.716970e-02	1.007316e+01
2.576000e-05	-3.755775e-02	1.006156e+01
2.577000e-05	-3.852963e-02	1.005253e+01
2.578000e-05	-4.048524e-02	1.000055e+01
2.579000e-05	-4.175195e-02	1.002690e+01
2.580000e-05	-4.171263e-02	9.946520e+00
2.581000e-05	-4.330631e-02	9.896287e+00
2.582000e-05	-4.501845e-02	9.894160e+00
2.583000e-05	-4.610702e-02	9.870583e+00
2.584000e-05	-4.593619e-02	9.798396e+00
2.585000e-05	-4.770363e-02	9.725314e+00
2.586000e-05	-4.973385e-02	9.672007e+00
2.587000e-05	-5.075073e-02	9.568947e+00
2.588000e-05	-5.146288e-02	9.515293e+00
2.589000e-05	-5.311472e-02	9.473684e+00
2.590000e-05	-5.433982e-02	9.431553e+00
2.591000e-05	-5.358043e-02	9.377319e+00
2.592000e-05	-5.470369e-02	9.294236e+00
2.593000e-05	-5.570219e-02	9.222027e+00
2.594000e-05	-5.590780e-02	9.159393e+00
2.595000e-05	-5.405330e-02	9.082060e+00
2.596000e-05	-5.318432e-02	8.967491e+00
2.597000e-05	-5.271105e-02	8.862132e+00
2.598000e-05	-5.232159e-02	8.777344e+00
2.599000e-05	-4.951496e-02	8.674183e+00
2.600000e-05	-4.920397e-02	8.588899e+00
2.601000e-05	-4.698624e-02	8.474188e+00
2.602000e-05	-4.685450e-02	8.450627e+00
2.603000e-05	-4.389346e-02	8.305741e+00
2.604000e-05	-4.273167e-02	8.190079e+00
2.605000e-05	-4.046675e-02	8.103655e+00
2.606000e-05	-3.965684e-02	7.928446e+00
2.607000e-05	-3.688875e-02	7.882080e+00
2.608000e-05	-3.663322e-02	7.736874e+00
2.609000e-05	-3.435642e-02	7.631054e+00
2.610000e-05	-3.527627e-02	7.492284e+00
2.611000e-05	-3.244832e-02	7.326709e+00
2.612000e-05	-2.968079e-02	7.167950e+00
2.613000e-05	-2.937573e-02	7.063503e+00
2.614000e-05	-2.913000e-02	6.885815e+00
2.615000e-05	-2.792974e-02	6.819952e+00
2.616000e-05	-2.597088e-02	6.630752e+00
2.617000e-05	-2.505012e-02	6.482583e+00
2.618000e-05	-2.349987e-02	6.335345e+00
2.619000e-05	-2.323159e-02	6.169046e+00
2.620000e-05	-2.082681e-02	6.102656e+00
2.621000e-05	-2.178038e-02	5.925940e+00
2.622000e-05	-2.095061e-02	5.755821e+00
2.623000e-05	-2.065345e-02	5.568471e+00
2.624000e-05	-1.920523e-02	5.432582e+00
2.625000e-05	-1.958534e-02	5.242132e+00
2.626000e-05	-1.729757e-02	5.031736e+00
2.627000e-05	-1.752880e-02	4.842057e+00
2.628000e-05	-1.643141e-02	4.684206e+00
2.629000e-05	-1.632935e-02	4.525789e+00
2.630000e-05	-1.479967e-02	4.389025e+00
2.631000e-05	-1.353628e-02	4.198025e+00
2.632000e-05	-1.386129e-02	4.061474e+00
2.633000e-05	-1.429400e-02	3.871654e+00
2.634000e-05	-1.318965e-02	3.692737e+00
2.635000e-05	-1.237359e-02	3.536920e+00
2.636000e-05	-1.290949e-02	3.344892e+00
2.637000e-05	-1.103658e-02	3.127444e+00
2.638000e-05	-1.108935e-02	2.999047e+00
2.639000e-05	-9.771823e-03	2.851629e+00
2.640000e-05	-9.498566e-03	2.632738e+00
2.641000e-05	-8.725715e-03	2.452578e+00
2.642000e-05	-9.163384e-03	2.262580e+00
2.643000e-05	-8.523583e-03	2.072681e+00
2.644000e-05	-8.883224e-03	1.886996e+00
2.645000e-05	-8.505272e-03	1.704260e+00
2.646000e-05	-7.858990e-03	1.504941e+00
2.647000e-05	-6.617587e-03	1.315915e+00
2.648000e-05	-5.690291e-03	1.107940e+00
2.649000e-05	-6.040519e-03	9.143107e-01
2.650000e-05	-6.751342e-03	7.058421e-01
2.651000e-05	-5.192982e-03	5.249146e-01
2.652000e-05	-5.358580e-03	3.589961e-01
2.653000e-05	-4.652628e-03	1.849695e-01
2.654000e-05	-3.220534e-03	-3.200014e-02
2.655000e-05	3.089301e-03	-1.709751e-01
2.656000e-05	-4.174286e-04	-3.764236e-01
2.657000e-05	1.120053e-03	-5.051384e-01
2.658000e-05	-2.539820e-04	-7.148908e-01
2.659000e-05	-1.009276e-03	-8.735843e-01
2.660000e-05	-1.458039e-03	-1.021032e+00
2.661000e-05	4.054806e-03	-1.179930e+00
2.662000e-05	4.376660e-02	-1.411505e+00
2.663000e-05	6.739904e-02	-1.612403e+00
2.664000e-05	-5.637795e-02	-1.855058e+00
2.665000e-05	-2.055372e-02	-2.126165e+00
2.666000e-05	-7.630212e-02	-2.308794e+00
2.667000e-05	-1.446861e-02	-2.421551e+00
2.668000e-05	1.409590e-01	-2.442557e+00
2.669000e-05	-1.010639e-01	-2.664211e+00
2.670000e-05	-7.881795e-03	-2.862564e+00
2.671000e-05	1.275727e-01	-3.029316e+00
2.672000e-05	-1.546748e-01	-3.221558e+00
2.673000e-05	4.527183e-02	-3.431503e+00
2.674000e-05	9.374269e-02	-3.556319e+00
2.675000e-05	-1.265377e-01	-3.706741e+00
2.676000e-05	1.155244e-01	-3.947296e+00
2.677000e-05	-1.497973e-03	-4.134588e+00
2.678000e-05	-6.392147e-02	-4.324742e+00
2.679000e-05	9.916794e-02	-4.420504e+00
2.680000e-05	-1.040165e-01	-4.653504e+00
2.681000e-05	6.753037e-02	-4.780455e+00
2.682000e-05	4.120491e-02	-4.946241e+00
2.683000e-05	-8.176886e-02	-5.124694e+00
2.684000e-05	9.752874e-02	-5.293163e+00
2.685000e-05	-3.102414e-02	-5.546766e+00
2.686000e-05	3.313064e-02	-5.704136e+00
2.687000e-05	-1.520934e-02	-5.851353e+00
2.688000e-05	-2.593673e-02	-5.978972e+00
2.689000e-05	8.924738e-02	-6.105138e+00
2.690000e-05	-6.355782e-02	-6.304635e+00
2.691000e-05	5.442123e-02	-6.442059e+00
2.692000e-05	1.395199e-02	-6.580346e+00
2.693000e-05	-2.106248e-02	-6.726217e+00
2.694000e-05	3.558191e-02	-6.830454e+00
2.695000e-05	-3.420463e-02	-7.011395e+00
2.696000e-05	7.874789e-02	-7.180349e+00
2.697000e-05	-1.461849e-02	-7.295109e+00
2.698000e-05	-3.673017e-03	-7.440054e+00
2.699000e-05	2.296888e-02	-7.525166e+00
2.700000e-05	4.649881e-03	-7.663555e+00
2.701000e-05	3.419742e-02	-7.761353e+00
2.702000e-05	-1.834388e-02	-8.006766e+00
2.703000e-05	4.157293e-02	-8.082033e+00
2.704000e-05	9.007577e-03	-8.189294e+00
2.705000e-05	6.305062e-03	-8.274182e+00
2.706000e-05	1.643326e-02	-8.378342e+00
2.707000e-05	1.543256e-02	-8.513082e+00
2.708000e-05	2.409663e-02	-8.588248e+00
2.709000e-05	-6.157518e-03	-8.706116e+00
2.710000e-05	2.861471e-02	-8.829999e+00
2.711000e-05	1.967921e-02	-8.894108e+00
2.712000e-05	1.682470e-02	-8.999400e+00
2.713000e-05	1.240092e-02	-9.084504e+00
2.714000e-05	1.985295e-02	-9.108240e+00
2.715000e-05	2.431289e-02	-9.168899e+00
2.716000e-05	1.292749e-02	-9.263034e+00
2.717000e-05	2.156996e-02	-9.358719e+00
2.718000e-05	2.158902e-02	-9.440505e+00
2.719000e-05	2.033610e-02	-9.545190e+00
2.720000e-05	1.520754e-02	-9.569369e+00
2.721000e-05	2.587120e-02	-9.601000e+00
2.722000e-05	2.580072e-02	-9.674084e+00
2.723000e-05	2.020928e-02	-9.725165e+00
2.724000e-05	2.244065e-02	-9.758291e+00
2.725000e-05	2.381993e-02	-9.789853e+00
2.726000e-05	2.364906e-02	-9.853480e+00
2.727000e-05	2.164647e-02	-9.874534e+00
2.728000e-05	2.619027e-02	-9.884163e+00
2.729000e-05	2.619572e-02	-9.934715e+00
2.730000e-05	2.349486e-02	-9.955241e+00
2.731000e-05	2.620753e-02	-9.947340e+00
2.732000e-05	2.806593e-02	-9.977392e+00
2.733000e-05	2.662327e-02	-9.979322e+00
2.734000e-05	2.728456e-02	-9.978400e+00
2.735000e-05	3.005517e-02	-1.004895e+01
2.736000e-05	3.021250e-02	-1.001145e+01
2.737000e-05	2.939543e-02	-9.981953e+00
2.738000e-05	2.931772e-02	-1.000095e+01
2.739000e-05	2.926426e-02	-9.989923e+00
2.740000e-05	3.070830e-02	-9.968925e+00
2.741000e-05	3.275665e-02	-1.000945e+01
2.742000e-05	3.610099e-02	-9.988896e+00
2.743000e-05	3.520338e-02	-9.978367e+00
2.744000e-05	3.327490e-02	-9.956795e+00
2.745000e-05	3.427300e-02	-9.916190e+00
2.746000e-05	3.690203e-02	-9.884609e+00
2.747000e-05	3.751152e-02	-9.861558e+00
2.748000e-05	3.836100e-02	-9.850953e+00
2.749000e-05	4.143588e-02	-9.777396e+00
2.750000e-05	4.210463e-02	-9.758711e+00
2.751000e-05	4.148816e-02	-9.664662e+00
2.752000e-05	4.361043e-02	-9.651029e+00
2.753000e-05	4.583700e-02	-9.568978e+00
2.754000e-05	4.618183e-02	-9.537317e+00
2.755000e-05	4.555073e-02	-9.504185e+00
2.756000e-05	4.932699e-02	-9.408875e+00
2.757000e-05	4.829792e-02	-9.315685e+00
2.758000e-05	4.749985e-02	-9.221001e+00
2.759000e-05	4.698627e-02	-9.178290e+00
2.760000e-05	4.979631e-02	-9.073107e+00
2.761000e-05	4.891650e-02	-8.989348e+00
2.762000e-05	4.620495e-02	-8.904107e+00
2.763000e-05	4.566090e-02	-8.812003e+00
2.764000e-05	4.458656e-02	-8.747870e+00
2.765000e-05	4.263972e-02	-8.673108e+00
2.766000e-05	4.148002e-02	-8.566813e+00
2.767000e-05	4.067338e-02	-8.432053e+00
2.768000e-05	3.872405e-02	-8.326315e+00
2.769000e-05	3.797309e-02	-8.243156e+00
2.770000e-05	3.578727e-02	-8.127246e+00
2.771000e-05	3.502189e-02	-8.042654e+00
2.772000e-05	3.258809e-02	-7.906845e+00
2.773000e-05	3.129006e-02	-7.810391e+00
2.774000e-05	3.051423e-02	-7.622579e+00
2.775000e-05	2.804330e-02	-7.495291e+00
2.776000e-05	2.555801e-02	-7.409346e+00
2.777000e-05	2.590145e-02	-7.242606e+00
2.778000e-05	2.396480e-02	-7.127850e+00
2.779000e-05	2.190985e-02	-7.009420e+00
2.780000e-05	2.054015e-02	-6.832028e+00
2.781000e-05	2.153543e-02	-6.715739e+00
2.782000e-05	2.002776e-02	-6.616768e+00
2.783000e-05	1.874478e-02	-6.461479e+00
2.784000e-05	1.780546e-02	-6.293710e+00
2.785000e-05	1.598497e-02	-6.135284e+00
2.786000e-05	1.534714e-02	-5.957866e+00
2.787000e-05	1.361601e-02	-5.792550e+00
2.788000e-05	1.263633e-02	-5.672629e+00
2.789000e-05	1.112950e-02	-5.515847e+00
2.790000e-05	1.136348e-02	-5.306257e+00
2.791000e-05	1.012588e-02	-5.145265e+00
2.792000e-05	1.079595e-02	-4.956947e+00
2.793000e-05	8.974706e-03	-4.777867e+00
2.794000e-05	9.829581e-03	-4.599003e+00
2.795000e-05	8.276215e-03	-4.462604e+00
2.796000e-05	8.010765e-03	-4.324260e+00
2.797000e-05	5.197851e-03	-4.157845e+00
2.798000e-05	6.360371e-03	-3.989947e+00
2.799000e-05	4.474174e-03	-3.831155e+00
2.800000e-05	5.397258e-03	-3.641628e+00
2.801000e-05	4.203188e-03	-3.483108e+00
2.802000e-05	4.726585e-03	-3.314784e+00
2.803000e-05	4.693352e-03	-3.126363e+00
2.804000e-05	3.033699e-03	-2.934812e+00
2.805000e-05	3.180722e-03	-2.696471e+00
2.806000e-05	1.149957e-03	-2.567497e+00
2.807000e-05	1.839222e-03	-2.420000e+00
2.808000e-05	1.278074e-03	-2.200075e+00
2.809000e-05	1.071997e-03	-2.010498e+00
2.810000e-05	-4.148235e-04	-1.860606e+00
2.811000e-05	5.344072e-04	-1.662206e+00
2.812000e-05	-7.466643e-04	-1.483810e+00
2.813000e-05	1.504858e-04	-1.219999e+00
2.814000e-05	-2.057389e-03	-1.063103e+00
2.815000e-05	-1.183592e-03	-8.325541e-01
2.816000e-05	-3.441178e-03	-7.027853e-01
2.817000e-05	-3.135862e-03	-4.546315e-01
2.818000e-05	-3.258172e-03	-2.752353e-01
2.819000e-05	-2.696629e-03	-1.148845e-01
2.820000e-05	-1.711622e-04	8.208285e-02
2.821000e-05	2.608178e-03	2.941105e-01
2.822000e-05	-2.764671e-03	4.520539e-01
2.823000e-05	-8.253796e-05	5.909485e-01
2.824000e-05	-3.116201e-03	7.373175e-01
2.825000e-05	-3.821101e-03	8.846881e-01
2.826000e-05	-3.262658e-03	1.155791e+00
2.827000e-05	2.154540e-03	1.304288e+00
2.828000e-05	2.107911e-02	1.463187e+00
2.829000e-05	6.120730e-02	1.746819e+00
2.830000e-05	-1.503399e-02	1.956870e+00
2.831000e-05	-4.925361e-02	2.145713e+00
2.832000e-05	-4.152229e-02	2.325158e+00
2.833000e-05	-7.322618e-02	2.443129e+00
2.834000e-05	2.604615e-02	2.607375e+00
2.835000e-05	1.030686e-01	2.787972e+00
2.836000e-05	-1.293163e-01	2.934812e+00
2.837000e-05	7.179217e-02	3.051033e+00
2.838000e-05	3.414210e-02	3.202533e+00
2.839000e-05	-1.172834e-01	3.495687e+00
2.840000e-05	6.107295e-02	3.581004e+00
2.841000e-05	1.291074e-02	3.776817e+00
2.842000e-05	-8.084473e-02	3.958363e+00
2.843000e-05	6.723186e-02	4.114621e+00
2.844000e-05	-3.218321e-02	4.365775e+00
2.845000e-05	-2.334969e-02	4.464561e+00
2.846000e-05	1.241474e-02	4.773561e+00
2.847000e-05	-4.449468e-02	4.892083e+00
2.848000e-05	1.546766e-02	5.081952e+00
2.849000e-05	-1.907647e-02	5.303561e+00
2.850000e-05	-8.494516e-03	5.431579e+00
2.851000e-05	4.961856e-04	5.548398e+00
2.852000e-05	-2.890722e-03	5.686792e+00
2.853000e-05	-1.750613e-02	5.946211e+00
2.854000e-05	-3.705157e-02	6.073060e+00
2.855000e-05	1.108384e-02	6.200527e+00
2.856000e-05	-5.406684e-03	6.357215e+00
2.857000e-05	-2.626251e-02	6.463088e+00
2.858000e-05	-7.835312e-04	6.643980e+00
2.859000e-05	-2.361679e-02	6.820506e+00
2.860000e-05	-1.257732e-02	6.936718e+00
2.861000e-05	-1.716024e-02	7.062612e+00
2.862000e-05	-1.421632e-02	7.180845e+00
2.863000e-05	8.154172e-04	7.294157e+00
2.864000e-05	-2.407938e-02	7.421558e+00
2.865000e-05	-1.689311e-02	7.622504e+00
2.866000e-05	-1.942184e-02	7.758767e+00
2.867000e-05	-7.500374e-03	7.894110e+00
2.868000e-05	-2.121262e-02	8.029848e+00
2.869000e-05	-2.134487e-02	8.118266e+00
2.870000e-05	-9.142760e-03	8.271106e+00
2.871000e-05	-1.951299e-02	8.377845e+00
2.872000e-05	-2.064177e-02	8.411055e+00
2.873000e-05	-2.227742e-02	8.506239e+00
2.874000e-05	-1.282706e-02	8.610506e+00
2.875000e-05	-2.145786e-02	8.703260e+00
2.876000e-05	-2.477533e-02	8.779402e+00
2.877000e-05	-1.993540e-02	8.862090e+00
2.878000e-05	-2.077973e-02	9.020397e+00
2.879000e-05	-2.287285e-02	9.074639e+00
2.880000e-05	-2.360784e-02	9.166924e+00
2.881000e-05	-1.869437e-02	9.262108e+00
2.882000e-05	-2.481111e-02	9.357165e+00
2.883000e-05	-2.595234e-02	9.370953e+00
2.884000e-05	-2.336608e-02	9.443605e+00
2.885000e-05	-2.205726e-02	9.505216e+00
2.886000e-05	-2.785387e-02	9.556390e+00
2.887000e-05	-2.742059e-02	9.641561e+00
2.888000e-05	-2.399356e-02	9.644161e+00
2.889000e-05	-2.654558e-02	9.766720e+00
2.890000e-05	-2.845147e-02	9.770325e+00
2.891000e-05	-2.925222e-02	9.852012e+00
2.892000e-05	-2.845269e-02	9.934082e+00
2.893000e-05	-3.093684e-02	9.895342e+00
2.894000e-05	-2.914793e-02	9.968297e+00
2.895000e-05	-2.794988e-02	9.998945e+00
2.896000e-05	-3.058791e-02	1.004045e+01
2.897000e-05	-3.545211e-02	1.003253e+01
2.898000e-05	-3.283588e-02	1.005103e+01
2.899000e-05	-3.046479e-02	1.001251e+01
2.900000e-05	-3.424970e-02	1.005263e+01
2.901000e-05	-3.467719e-02	1.006311e+01
2.902000e-05	-3.436562e-02	1.010318e+01
2.903000e-05	-3.446105e-02	1.007416e+01
2.904000e-05	-3.741527e-02	1.005311e+01
2.905000e-05	-3.848833e-02	1.007263e+01
2.906000e-05	-3.635013e-02	1.009221e+01
2.907000e-05	-3.696194e-02	1.005266e+01
2.908000e-05	-3.905619e-02	1.005156e+01
2.909000e-05	-4.107503e-02	1.003208e+01
2.910000e-05	-4.108331e-02	1.000895e+01
2.911000e-05	-4.148339e-02	1.000793e+01
2.912000e-05	-4.232912e-02	9.927744e+00
2.913000e-05	-4.382892e-02	9.936292e+00
2.914000e-05	-4.428618e-02	9.882554e+00
2.915000e-05	-4.579470e-02	9.788448e+00
2.916000e-05	-4.709600e-02	9.768319e+00
2.917000e-05	-4.810669e-02	9.692710e+00
2.918000e-05	-5.052376e-02	9.620058e+00
2.919000e-05	-5.111494e-02	9.558371e+00
2.920000e-05	-5.153530e-02	9.494662e+00
2.921000e-05	-5.269012e-02	9.443185e+00
2.922000e-05	-5.438997e-02	9.399450e+00
2.923000e-05	-5.460856e-02	9.305766e+00
2.924000e-05	-5.441483e-02	9.282108e+00
2.925000e-05	-5.421697e-02	9.220978e+00
2.926000e-05	-5.507008e-02	9.065766e+00
2.927000e-05	-5.379015e-02	9.008500e+00
2.928000e-05	-5.325714e-02	8.905687e+00
2.929000e-05	-5.156642e-02	8.829476e+00
2.930000e-05	-5.204395e-02	8.695742e+00
2.931000e-05	-4.953239e-02	8.702103e+00
2.932000e-05	-4.863195e-02	8.546264e+00
2.933000e-05	-4.525045e-02	8.462582e+00
2.934000e-05	-4.509944e-02	8.359928e+00
2.935000e-05	-4.313290e-02	8.291212e+00
2.936000e-05	-4.153111e-02	8.179373e+00
2.937000e-05	-3.949431e-02	8.030578e+00
2.938000e-05	-3.880097e-02	7.924818e+00
2.939000e-05	-3.698761e-02	7.819501e+00
2.940000e-05	-3.602579e-02	7.673261e+00
2.941000e-05	-3.420035e-02	7.616395e+00
2.942000e-05	-3.343777e-02	7.380574e+00
2.943000e-05	-3.198993e-02	7.263129e+00
2.944000e-05	-2.959972e-02	7.106315e+00
2.945000e-05	-2.944963e-02	7.009976e+00
2.946000e-05	-2.830712e-02	6.873180e+00
2.947000e-05	-2.709464e-02	6.795921e+00
2.948000e-05	-2.488368e-02	6.569394e+00
2.949000e-05	-2.404313e-02	6.409575e+00
2.950000e-05	-2.435625e-02	6.261184e+00
2.951000e-05	-2.287666e-02	6.136867e+00
2.952000e-05	-2.172129e-02	6.031024e+00
2.953000e-05	-2.095490e-02	5.852688e+00
2.954000e-05	-2.093820e-02	5.663705e+00
2.955000e-05	-2.000048e-02	5.495716e+00
2.956000e-05	-1.911273e-02	5.337394e+00
2.957000e-05	-1.854306e-02	5.171074e+00
2.958000e-05	-1.809130e-02	4.936942e+00
2.959000e-05	-1.613438e-02	4.787474e+00
2.960000e-05	-1.540935e-02	4.620503e+00
2.961000e-05	-1.631911e-02	4.474158e+00
2.962000e-05	-1.502063e-02	4.304418e+00
2.963000e-05	-1.457087e-02	4.096289e+00
2.964000e-05	-1.351945e-02	3.927845e+00
2.965000e-05	-1.365862e-02	3.758949e+00
2.966000e-05	-1.201863e-02	3.641630e+00
2.967000e-05	-1.205059e-02	3.462259e+00
2.968000e-05	-1.158218e-02	3.231579e+00
2.969000e-05	-1.117829e-02	3.075762e+00
2.970000e-05	-1.093217e-02	2.953363e+00
2.971000e-05	-1.079086e-02	2.788975e+00
2.972000e-05	-1.015463e-02	2.536372e+00
2.973000e-05	-8.676385e-03	2.376470e+00
2.974000e-05	-9.379156e-03	2.178921e+00
2.975000e-05	-9.855604e-03	2.021077e+00
2.976000e-05	-7.348204e-03	1.791753e+00
2.977000e-05	-7.046164e-03	1.630580e+00
2.978000e-05	-6.571472e-03	1.431681e+00
2.979000e-05	-7.546106e-03	1.252183e+00
2.980000e-05	-7.587239e-03	1.013210e+00
2.981000e-05	-5.561715e-03	8.110239e-01
2.982000e-05	-5.983686e-03	6.615851e-01
2.983000e-05	-5.792208e-03	4.626315e-01
2.984000e-05	-4.743870e-03	2.649191e-01
2.985000e-05	-4.824989e-03	6.425670e-02
2.986000e-05	8.058814e-04	-1.156571e-01
2.987000e-05	1.935838e-03	-3.040853e-01
2.988000e-05	-2.219886e-03	-4.120026e-01
2.989000e-05	1.030488e-03	-6.314750e-01
2.990000e-05	-1.975532e-03	-8.004525e-01
2.991000e-05	4.556559e-05	-9.188434e-01
2.992000e-05	2.055275e-04	-1.115763e+00
2.993000e-05	1.414326e-02	-1.272684e+00
2.994000e-05	7.083011e-02	-1.536189e+00
2.995000e-05	1.157599e-02	-1.766690e+00
2.996000e-05	-5.367886e-02	-1.989353e+00
2.997000e-05	-2.822078e-02	-2.232549e+00
2.998000e-05	-8.580585e-02	-2.390975e+00
2.999000e-05	8.265952e-02	-2.431003e+00
3.000000e-05	6.898179e-02	-2.547214e+00
3.001000e-05	-1.318123e-01	-2.758924e+00
3.002000e-05	1.413084e-01	-2.916711e+00
3.003000e-05	-4.710188e-03	-3.054979e+00
3.004000e-05	-1.375734e-01	-3.337763e+00
3.005000e-05	1.386195e-01	-3.463158e+00
3.006000e-05	-3.207584e-02	-3.651481e+00
3.007000e-05	-5.810887e-02	-3.831084e+00
3.008000e-05	1.365034e-01	-4.000451e+00
3.009000e-05	-1.076674e-01	-4.197846e+00
3.010000e-05	5.239876e-02	-4.357847e+00
3.011000e-05	1.118682e-02	-4.484561e+00
3.012000e-05	-7.682872e-02	-4.715765e+00
3.013000e-05	1.246387e-01	-4.811503e+00
3.014000e-05	-6.391684e-02	-5.030927e+00
3.015000e-05	7.708289e-03	-5.210924e+00
3.016000e-05	6.270381e-02	-5.421350e+00
3.017000e-05	-3.787865e-02	-5.620018e+00
3.018000e-05	5.360200e-02	-5.734766e+00
3.019000e-05	-6.586052e-02	-5.925163e+00
3.020000e-05	5.555865e-02	-6.032028e+00
3.021000e-05	2.539632e-02	-6.167250e+00
3.022000e-05	-4.466023e-02	-6.359372e+00
3.023000e-05	8.241410e-02	-6.495187e+00
3.024000e-05	-4.021743e-02	-6.653428e+00
3.025000e-05	2.677519e-02	-6.799395e+00
3.026000e-05	-9.062607e-03	-6.874137e+00
3.027000e-05	1.231706e-02	-7.092604e+00
3.028000e-05	6.553426e-02	-7.230452e+00
3.029000e-05	-4.623319e-02	-7.347269e+00
3.030000e-05	3.203858e-02	-7.444154e+00
3.031000e-05	2.308095e-03	-7.567845e+00
3.032000e-05	3.045127e-02	-7.707793e+00
3.033000e-05	4.594540e-03	-7.864109e+00
3.034000e-05	-9.649749e-04	-8.010453e+00
3.035000e-05	4.397354e-02	-8.115192e+00
3.036000e-05	-9.012983e-03	-8.232954e+00
3.037000e-05	2.186892e-02	-8.336765e+00
3.038000e-05	8.222514e-03	-8.390023e+00
3.039000e-05	3.068541e-02	-8.476664e+00
3.040000e-05	5.329763e-03	-8.642450e+00
3.041000e-05	7.493633e-03	-8.768297e+00
3.042000e-05	3.200827e-02	-8.831033e+00
3.043000e-05	1.350169e-02	-8.936790e+00
3.044000e-05	1.509983e-02	-9.009403e+00
3.045000e-05	1.036890e-02	-9.083612e+00
3.046000e-05	2.951939e-02	-9.138217e+00
3.047000e-05	1.728236e-02	-9.201471e+00
3.048000e-05	1.593471e-02	-9.263559e+00
3.049000e-05	2.404260e-02	-9.400843e+00
3.050000e-05	2.128634e-02	-9.492581e+00
3.051000e-05	1.691726e-02	-9.518695e+00
3.052000e-05	1.890805e-02	-9.590324e+00
3.053000e-05	2.936571e-02	-9.651582e+00
3.054000e-05	2.126341e-02	-9.664606e+00
3.055000e-05	2.101977e-02	-9.725736e+00
3.056000e-05	2.110549e-02	-9.768950e+00
3.057000e-05	2.501330e-02	-9.819902e+00
3.058000e-05	2.262139e-02	-9.842554e+00
3.059000e-05	2.493419e-02	-9.884059e+00
3.060000e-05	2.782629e-02	-9.894610e+00
3.061000e-05	2.407386e-02	-9.926713e+00
3.062000e-05	2.359561e-02	-9.966743e+00
3.063000e-05	2.763344e-02	-9.937267e+00
3.064000e-05	2.866967e-02	-9.967367e+00
3.065000e-05	2.528667e-02	-9.988448e+00
3.066000e-05	2.843166e-02	-9.969526e+00
3.067000e-05	2.977506e-02	-1.004200e+01
3.068000e-05	3.094649e-02	-1.001042e+01
3.069000e-05	2.731036e-02	-1.004095e+01
3.070000e-05	3.093415e-02	-9.990478e+00
3.071000e-05	3.182306e-02	-1.003195e+01
3.072000e-05	3.029991e-02	-9.990424e+00
3.073000e-05	3.367666e-02	-9.979946e+00
3.074000e-05	3.513241e-02	-9.969871e+00
3.075000e-05	3.480144e-02	-9.965717e+00
3.076000e-05	3.395513e-02	-9.946342e+00
3.077000e-05	3.584043e-02	-9.914162e+00
3.078000e-05	3.801458e-02	-9.864062e+00
3.079000e-05	3.827469e-02	-9.852082e+00
3.080000e-05	4.027960e-02	-9.808952e+00
3.081000e-05	4.036351e-02	-9.777869e+00
3.082000e-05	4.205414e-02	-9.705239e+00
3.083000e-05	4.236048e-02	-9.674636e+00
3.084000e-05	4.399388e-02	-9.650550e+00
3.085000e-05	4.474973e-02	-9.609347e+00
3.086000e-05	4.597020e-02	-9.505314e+00
3.087000e-05	4.785037e-02	-9.420472e+00
3.088000e-05	4.784325e-02	-9.367792e+00
3.089000e-05	4.854139e-02	-9.293078e+00
3.090000e-05	4.766113e-02	-9.188897e+00
3.091000e-05	4.748321e-02	-9.123762e+00
3.092000e-05	4.831383e-02	-9.050480e+00
3.093000e-05	4.822300e-02	-8.947842e+00
3.094000e-05	4.709895e-02	-8.893559e+00
3.095000e-05	4.459265e-02	-8.779549e+00
3.096000e-05	4.355526e-02	-8.695787e+00
3.097000e-05	4.178287e-02	-8.639423e+00
3.098000e-05	4.250178e-02	-8.515111e+00
3.099000e-05	4.003654e-02	-8.401473e+00
3.100000e-05	3.870964e-02	-8.313716e+00
3.101000e-05	3.644127e-02	-8.167474e+00
3.102000e-05	3.523869e-02	-8.084211e+00
3.103000e-05	3.363273e-02	-7.990970e+00
3.104000e-05	3.218771e-02	-7.892738e+00
3.105000e-05	3.090542e-02	-7.737782e+00
3.106000e-05	2.896392e-02	-7.627924e+00
3.107000e-05	2.612119e-02	-7.474654e+00
3.108000e-05	2.601679e-02	-7.346789e+00
3.109000e-05	2.535798e-02	-7.231452e+00
3.110000e-05	2.379726e-02	-7.062360e+00
3.111000e-05	2.192736e-02	-6.916186e+00
3.112000e-05	2.157700e-02	-6.758347e+00
3.113000e-05	1.990218e-02	-6.681604e+00
3.114000e-05	1.880860e-02	-6.505228e+00
3.115000e-05	1.821412e-02	-6.368951e+00
3.116000e-05	1.753746e-02	-6.199522e+00
3.117000e-05	1.524450e-02	-6.022100e+00
3.118000e-05	1.394036e-02	-5.863736e+00
3.119000e-05	1.320137e-02	-5.756945e+00
3.120000e-05	1.335586e-02	-5.588570e+00
3.121000e-05	1.276580e-02	-5.423106e+00
3.122000e-05	9.838226e-03	-5.271577e+00
3.123000e-05	1.142458e-02	-5.062104e+00
3.124000e-05	1.058046e-02	-4.872233e+00
3.125000e-05	1.005556e-02	-4.692054e+00
3.126000e-05	6.741218e-03	-4.544891e+00
3.127000e-05	8.029297e-03	-4.388493e+00
3.128000e-05	7.336331e-03	-4.253556e+00
3.129000e-05	6.814393e-03	-4.054683e+00
3.130000e-05	6.605270e-03	-3.906868e+00
3.131000e-05	6.095388e-03	-3.774793e+00
3.132000e-05	4.909465e-03	-3.558420e+00
3.133000e-05	5.055566e-03	-3.409046e+00
3.134000e-05	3.350258e-03	-3.243104e+00
3.135000e-05	4.059154e-03	-3.070654e+00
3.136000e-05	2.248586e-03	-2.823079e+00
3.137000e-05	3.114202e-03	-2.682185e+00
3.138000e-05	1.697098e-04	-2.495752e+00
3.139000e-05	2.293418e-03	-2.326916e+00
3.140000e-05	1.193986e-03	-2.075785e+00
3.141000e-05	2.672524e-03	-1.946866e+00
3.142000e-05	-9.187671e-05	-1.748443e+00
3.143000e-05	-3.999337e-04	-1.599000e+00
3.144000e-05	-4.797660e-04	-1.347441e+00
3.145000e-05	-7.811323e-04	-1.134893e+00
3.146000e-05	-2.694087e-03	-9.784421e-01
3.147000e-05	-2.463708e-03	-8.295699e-01
3.148000e-05	-3.046210e-03	-5.969684e-01
3.149000e-05	-2.546385e-03	-3.874960e-01
3.150000e-05	-2.983426e-03	-2.115221e-01
3.151000e-05	-1.784296e-03	-4.218007e-02
3.152000e-05	1.855377e-03	1.067907e-01
3.153000e-05	7.862660e-04	3.488973e-01
3.154000e-05	-3.438405e-03	5.057146e-01
3.155000e-05	-5.254599e-04	6.551106e-01
3.156000e-05	-3.397503e-03	8.210800e-01
3.157000e-05	-2.095380e-03	1.029404e+00
3.158000e-05	-2.369232e-03	1.200006e+00
3.159000e-05	5.599130e-03	1.369975e+00
3.160000e-05	4.274307e-02	1.599875e+00
3.161000e-05	4.442560e-02	1.822033e+00
3.162000e-05	-4.859393e-02	2.002504e+00
3.163000e-05	-3.975018e-02	2.219953e+00
3.164000e-05	-5.528720e-02	2.359444e+00
3.165000e-05	-5.506875e-02	2.472083e+00
3.166000e-05	1.026634e-01	2.682936e+00
3.167000e-05	-1.615389e-03	2.831556e+00
3.168000e-05	-9.762527e-02	2.958424e+00
3.169000e-05	1.270826e-01	3.115269e+00
3.170000e-05	-7.885630e-02	3.328769e+00
3.171000e-05	-5.018140e-02	3.547845e+00
3.172000e-05	8.873306e-02	3.641531e+00
3.173000e-05	-6.811394e-02	3.803557e+00
3.174000e-05	-1.039623e-02	3.979454e+00
3.175000e-05	4.627454e-02	4.199427e+00
3.176000e-05	-6.004732e-02	4.401479e+00
3.177000e-05	1.256240e-02	4.568300e+00
3.178000e-05	-1.920642e-02	4.758822e+00
3.179000e-05	-2.108504e-02	4.917245e+00
3.180000e-05	1.002506e-02	5.209248e+00
3.181000e-05	-2.821029e-02	5.357245e+00
3.182000e-05	3.875190e-03	5.534688e+00
3.183000e-05	-2.182149e-03	5.602509e+00
3.184000e-05	-3.281411e-03	5.813432e+00
3.185000e-05	-3.377188e-02	5.999476e+00
3.186000e-05	-2.133635e-02	6.187269e+00
3.187000e-05	1.883322e-02	6.283633e+00
3.188000e-05	-2.966308e-02	6.390023e+00
3.189000e-05	-7.704516e-03	6.527693e+00
3.190000e-05	-1.250984e-02	6.755715e+00
3.191000e-05	-1.956468e-02	6.875183e+00
3.192000e-05	-1.014685e-02	7.009923e+00
3.193000e-05	-2.095793e-02	7.096166e+00
3.194000e-05	-9.160752e-04	7.240979e+00
3.195000e-05	-1.161622e-02	7.348295e+00
3.196000e-05	-2.132740e-02	7.556241e+00
3.197000e-05	-1.999378e-02	7.733085e+00
3.198000e-05	-1.256647e-02	7.799009e+00
3.199000e-05	-1.038057e-02	7.935195e+00
3.200000e-05	-2.455127e-02	8.054679e+00
3.201000e-05	-1.559410e-02	8.209851e+00
3.202000e-05	-1.221588e-02	8.306137e+00
3.203000e-05	-2.024882e-02	8.389376e+00
3.204000e-05	-2.148903e-02	8.492583e+00
3.205000e-05	-1.969990e-02	8.547296e+00
3.206000e-05	-1.498777e-02	8.661107e+00
3.207000e-05	-2.289847e-02	8.767216e+00
3.208000e-05	-2.226847e-02	8.800053e+00
3.209000e-05	-1.787927e-02	8.872698e+00
3.210000e-05	-2.298901e-02	9.042925e+00
3.211000e-05	-2.323269e-02	9.175845e+00
3.212000e-05	-2.184375e-02	9.219375e+00
3.213000e-05	-2.013338e-02	9.293190e+00
3.214000e-05	-2.613474e-02	9.355767e+00
3.215000e-05	-2.601136e-02	9.401583e+00
3.216000e-05	-2.222643e-02	9.534161e+00
3.217000e-05	-2.540778e-02	9.517293e+00
3.218000e-05	-2.718797e-02	9.579002e+00
3.219000e-05	-2.736092e-02	9.641102e+00
3.220000e-05	-2.418693e-02	9.673138e+00
3.221000e-05	-2.785584e-02	9.769768e+00
3.222000e-05	-2.811608e-02	9.818954e+00
3.223000e-05	-2.948044e-02	9.893060e+00
3.224000e-05	-2.987721e-02	9.893668e+00
3.225000e-05	-3.081804e-02	9.946339e+00
3.226000e-05	-2.946834e-02	9.977921e+00
3.227000e-05	-2.800766e-02	9.990424e+00
3.228000e-05	-3.274127e-02	1.000096e+01
3.229000e-05	-3.402608e-02	1.002101e+01
3.230000e-05	-3.166643e-02	1.006213e+01
3.231000e-05	-3.247181e-02	1.005406e+01
3.232000e-05	-3.468427e-02	1.006363e+01
3.233000e-05	-3.476286e-02	1.006368e+01
3.234000e-05	-3.470301e-02	1.008316e+01
3.235000e-05	-3.666427e-02	1.009369e+01
3.236000e-05	-3.782366e-02	1.009311e+01
3.237000e-05	-3.717836e-02	1.007213e+01
3.238000e-05	-3.800435e-02	1.006251e+01
3.239000e-05	-3.871726e-02	1.007313e+01
3.240000e-05	-3.887888e-02	1.004256e+01
3.241000e-05	-3.990233e-02	9.989553e+00
3.242000e-05	-4.166086e-02	1.000043e+01
3.243000e-05	-4.305000e-02	9.920022e+00
3.244000e-05	-4.287025e-02	9.946267e+00
3.245000e-05	-4.388876e-02	9.914192e+00
3.246000e-05	-4.557436e-02	9.821062e+00
3.247000e-05	-4.704773e-02	9.787448e+00
3.248000e-05	-4.720717e-02	9.715319e+00
3.249000e-05	-4.944954e-02	9.632158e+00
3.250000e-05	-5.083725e-02	9.610924e+00
3.251000e-05	-5.156138e-02	9.536393e+00
3.252000e-05	-5.166604e-02	9.504661e+00
3.253000e-05	-5.346428e-02	9.421532e+00
3.254000e-05	-5.419504e-02	9.348444e+00
3.255000e-05	-5.426264e-02	9.282710e+00
3.256000e-05	-5.484838e-02	9.280528e+00
3.257000e-05	-5.418711e-02	9.146471e+00
3.258000e-05	-5.332597e-02	9.093184e+00
3.259000e-05	-5.414048e-02	8.957369e+00
3.260000e-05	-5.304767e-02	8.871633e+00
3.261000e-05	-5.218330e-02	8.739425e+00
3.262000e-05	-4.907249e-02	8.684187e+00
3.263000e-05	-4.912907e-02	8.591950e+00
3.264000e-05	-4.773469e-02	8.495260e+00
3.265000e-05	-4.627550e-02	8.452079e+00
3.266000e-05	-4.363104e-02	8.328847e+00
3.267000e-05	-4.303817e-02	8.221977e+00
3.268000e-05	-4.095520e-02	8.105262e+00
3.269000e-05	-4.014105e-02	7.979870e+00
3.270000e-05	-3.719346e-02	7.842686e+00
3.271000e-05	-3.687465e-02	7.769844e+00
3.272000e-05	-3.453752e-02	7.653108e+00
3.273000e-05	-3.432279e-02	7.503838e+00
3.274000e-05	-3.089516e-02	7.335295e+00
3.275000e-05	-3.148775e-02	7.209975e+00
3.276000e-05	-2.982795e-02	7.053209e+00
3.277000e-05	-2.915445e-02	6.976869e+00
3.278000e-05	-2.732281e-02	6.830500e+00
3.279000e-05	-2.674334e-02	6.665714e+00
3.280000e-05	-2.515418e-02	6.465183e+00
3.281000e-05	-2.502882e-02	6.345895e+00
3.282000e-05	-2.337313e-02	6.231525e+00
3.283000e-05	-2.264509e-02	6.093111e+00
3.284000e-05	-2.207545e-02	5.969470e+00
3.285000e-05	-2.093420e-02	5.779522e+00
3.286000e-05	-1.992602e-02	5.588426e+00
3.287000e-05	-2.005058e-02	5.441579e+00
3.288000e-05	-1.957725e-02	5.273757e+00
3.289000e-05	-1.877491e-02	5.103708e+00
3.290000e-05	-1.677346e-02	4.873708e+00
3.291000e-05	-1.649307e-02	4.704288e+00
3.292000e-05	-1.582965e-02	4.556392e+00
3.293000e-05	-1.552189e-02	4.400525e+00
3.294000e-05	-1.471735e-02	4.240651e+00
3.295000e-05	-1.373231e-02	4.000050e+00
3.296000e-05	-1.298816e-02	3.884262e+00
3.297000e-05	-1.363168e-02	3.715816e+00
3.298000e-05	-1.271232e-02	3.588973e+00
3.299000e-05	-1.170608e-02	3.409537e+00
3.300000e-05	-1.120489e-02	3.188950e+00
3.301000e-05	-1.119412e-02	3.001552e+00
3.302000e-05	-1.143660e-02	2.862680e+00
3.303000e-05	-1.087705e-02	2.705344e+00
3.304000e-05	-8.980496e-03	2.462051e+00
3.305000e-05	-9.233026e-03	2.284229e+00
3.306000e-05	-8.654066e-03	2.124788e+00
3.307000e-05	-8.684742e-03	1.946471e+00
3.308000e-05	-7.527008e-03	1.756446e+00
3.309000e-05	-7.574033e-03	1.548467e+00
3.310000e-05	-6.847374e-03	1.336895e+00
3.311000e-05	-6.179765e-03	1.159976e+00
3.312000e-05	-6.537018e-03	9.244650e-01
3.313000e-05	-6.091279e-03	7.664147e-01
3.314000e-05	-5.974867e-03	5.384945e-01
3.315000e-05	-4.151557e-03	4.190712e-01
3.316000e-05	-4.697164e-03	1.781248e-01
3.317000e-05	-2.870922e-03	-4.090120e-02
3.318000e-05	2.569059e-03	-1.488699e-01
3.319000e-05	8.313859e-04	-3.063185e-01
3.320000e-05	-7.334607e-04	-5.051091e-01
3.321000e-05	2.743121e-04	-7.257881e-01
3.322000e-05	-8.270388e-04	-8.645827e-01
3.323000e-05	-8.227877e-04	-1.020979e+00
3.324000e-05	3.704578e-03	-1.179897e+00
3.325000e-05	3.472909e-02	-1.349387e+00
3.326000e-05	7.749192e-02	-1.601927e+00
3.327000e-05	-4.457325e-02	-1.861554e+00
3.328000e-05	-2.644237e-02	-2.123589e+00
3.329000e-05	-6.518077e-02	-2.345372e+00
3.330000e-05	-4.118235e-02	-2.410500e+00
3.331000e-05	1.412045e-01	-2.442028e+00
3.332000e-05	-5.711214e-02	-2.651478e+00
3.333000e-05	-5.839945e-02	-2.802558e+00
3.334000e-05	1.444991e-01	-2.987742e+00
3.335000e-05	-1.445848e-01	-3.228353e+00
3.336000e-05	-6.731673e-03	-3.390526e+00
3.337000e-05	1.246509e-01	-3.525662e+00
3.338000e-05	-1.185861e-01	-3.685188e+00
3.339000e-05	7.635606e-02	-3.887237e+00
3.340000e-05	4.696326e-02	-4.083583e+00
3.341000e-05	-9.274595e-02	-4.295187e+00
3.342000e-05	1.050095e-01	-4.389974e+00
3.343000e-05	-8.706643e-02	-4.608249e+00
3.344000e-05	3.031665e-02	-4.799471e+00
3.345000e-05	7.704939e-02	-4.916042e+00
3.346000e-05	-9.625507e-02	-5.124187e+00
3.347000e-05	8.783960e-02	-5.263133e+00
3.348000e-05	-1.200599e-02	-5.504562e+00
3.349000e-05	1.422485e-02	-5.693658e+00
3.350000e-05	7.801857e-03	-5.829323e+00
3.351000e-05	-4.816725e-02	-5.957850e+00
3.352000e-05	9.450864e-02	-6.083584e+00
3.353000e-05	-4.930939e-02	-6.224553e+00
3.354000e-05	2.940565e-02	-6.461557e+00
3.355000e-05	3.789122e-02	-6.569269e+00
3.356000e-05	-3.499412e-02	-6.706713e+00
3.357000e-05	4.265866e-02	-6.791453e+00
3.358000e-05	-3.677707e-02	-6.939223e+00
3.359000e-05	6.835018e-02	-7.168243e+00
3.360000e-05	6.038449e-03	-7.252537e+00
3.361000e-05	-1.838605e-02	-7.388850e+00
3.362000e-05	3.225982e-02	-7.517611e+00
3.363000e-05	-1.043635e-03	-7.630980e+00
3.364000e-05	3.599022e-02	-7.780928e+00
3.365000e-05	-1.738488e-02	-7.957842e+00
3.366000e-05	3.339328e-02	-8.042558e+00
3.367000e-05	1.862381e-02	-8.138245e+00
3.368000e-05	-2.563727e-04	-8.254108e+00
3.369000e-05	2.184798e-02	-8.387293e+00
3.370000e-05	1.170172e-02	-8.441583e+00
3.371000e-05	2.842758e-02	-8.506298e+00
3.372000e-05	-5.659524e-03	-8.745132e+00
3.373000e-05	2.480835e-02	-8.809451e+00
3.374000e-05	2.326310e-02	-8.844609e+00
3.375000e-05	1.562658e-02	-8.987821e+00
3.376000e-05	1.395134e-02	-9.062054e+00
3.377000e-05	1.637210e-02	-9.116217e+00
3.378000e-05	2.772323e-02	-9.168795e+00
3.379000e-05	1.155125e-02	-9.262479e+00
3.380000e-05	2.087805e-02	-9.326718e+00
3.381000e-05	2.256564e-02	-9.460377e+00
3.382000e-05	2.187212e-02	-9.563165e+00
3.383000e-05	1.596237e-02	-9.587819e+00
3.384000e-05	2.412713e-02	-9.622027e+00
3.385000e-05	2.569424e-02	-9.694108e+00
3.386000e-05	2.080743e-02	-9.684686e+00
3.387000e-05	2.137460e-02	-9.727791e+00
3.388000e-05	2.308188e-02	-9.799395e+00
3.389000e-05	2.545224e-02	-9.820007e+00
3.390000e-05	2.273267e-02	-9.863629e+00
3.391000e-05	2.648073e-02	-9.914134e+00
3.392000e-05	2.591209e-02	-9.905188e+00
3.393000e-05	2.412709e-02	-9.946840e+00
3.394000e-05	2.624262e-02	-9.957214e+00
3.395000e-05	2.790759e-02	-9.957790e+00
3.396000e-05	2.590016e-02	-9.987921e+00
3.397000e-05	2.658680e-02	-9.999876e+00
3.398000e-05	2.895755e-02	-9.999399e+00
3.399000e-05	2.999166e-02	-1.002947e+01
3.400000e-05	2.914861e-02	-9.981025e+00
3.401000e-05	2.888759e-02	-9.969899e+00
3.402000e-05	3.086643e-02	-9.988974e+00
3.403000e-05	3.143373e-02	-1.001838e+01
3.404000e-05	3.297792e-02	-9.987399e+00
3.405000e-05	3.482192e-02	-9.988819e+00
3.406000e-05	3.349239e-02	-9.968321e+00
3.407000e-05	3.339164e-02	-9.957338e+00
3.408000e-05	3.564530e-02	-9.914291e+00
3.409000e-05	3.754706e-02	-9.864161e+00
3.410000e-05	3.693732e-02	-9.862612e+00
3.411000e-05	3.789230e-02	-9.831532e+00
3.412000e-05	4.111981e-02	-9.810873e+00
3.413000e-05	4.124220e-02	-9.747293e+00
3.414000e-05	4.096904e-02	-9.685635e+00
3.415000e-05	4.272709e-02	-9.623079e+00
3.416000e-05	4.481633e-02	-9.590976e+00
3.417000e-05	4.448051e-02	-9.528920e+00
3.418000e-05	4.550206e-02	-9.454114e+00
3.419000e-05	4.794824e-02	-9.399844e+00
3.420000e-05	4.935437e-02	-9.314162e+00
3.421000e-05	4.797624e-02	-9.250501e+00
3.422000e-05	4.846675e-02	-9.158842e+00
3.423000e-05	4.837811e-02	-9.103638e+00
3.424000e-05	4.877321e-02	-9.029842e+00
3.425000e-05	4.645268e-02	-8.935741e+00
3.426000e-05	4.479157e-02	-8.822031e+00
3.427000e-05	4.390278e-02	-8.798896e+00
3.428000e-05	4.239703e-02	-8.665136e+00
3.429000e-05	4.278879e-02	-8.567845e+00
3.430000e-05	4.188873e-02	-8.450579e+00
3.431000e-05	3.978415e-02	-8.357893e+00
3.432000e-05	3.825889e-02	-8.252053e+00
3.433000e-05	3.596828e-02	-8.146823e+00
3.434000e-05	3.392657e-02	-8.064556e+00
3.435000e-05	3.243484e-02	-8.028344e+00
3.436000e-05	3.023773e-02	-7.829951e+00
3.437000e-05	3.132525e-02	-7.663652e+00
3.438000e-05	2.814025e-02	-7.536812e+00
3.439000e-05	2.656043e-02	-7.421523e+00
3.440000e-05	2.645108e-02	-7.254579e+00
3.441000e-05	2.519693e-02	-7.146899e+00
3.442000e-05	2.193134e-02	-7.010876e+00
3.443000e-05	2.177960e-02	-6.872553e+00
3.444000e-05	2.126098e-02	-6.716322e+00
3.445000e-05	2.038574e-02	-6.607497e+00
3.446000e-05	1.801433e-02	-6.472100e+00
3.447000e-05	1.702466e-02	-6.325789e+00
3.448000e-05	1.703095e-02	-6.136885e+00
3.449000e-05	1.556257e-02	-5.988870e+00
3.450000e-05	1.401426e-02	-5.841078e+00
3.451000e-05	1.278254e-02	-5.673208e+00
3.452000e-05	1.228105e-02	-5.536945e+00
3.453000e-05	1.244891e-02	-5.317268e+00
3.454000e-05	1.100958e-02	-5.157396e+00
3.455000e-05	1.116738e-02	-5.019019e+00
3.456000e-05	8.965781e-03	-4.800417e+00
3.457000e-05	8.786832e-03	-4.618551e+00
3.458000e-05	7.522687e-03	-4.453137e+00
3.459000e-05	7.928751e-03	-4.315893e+00
3.460000e-05	6.382403e-03	-4.187870e+00
3.461000e-05	7.250900e-03	-3.943051e+00
3.462000e-05	5.201375e-03	-3.843178e+00
3.463000e-05	6.283944e-03	-3.672577e+00
3.464000e-05	3.903041e-03	-3.514711e+00
3.465000e-05	4.533109e-03	-3.325211e+00
3.466000e-05	3.884397e-03	-3.147991e+00
3.467000e-05	3.359803e-03	-2.926766e+00
3.468000e-05	2.768342e-03	-2.767472e+00
3.469000e-05	1.710850e-03	-2.581045e+00
3.470000e-05	2.274436e-03	-2.430403e+00
3.471000e-05	1.962049e-03	-2.252629e+00
3.472000e-05	1.932464e-03	-2.031628e+00
3.473000e-05	7.963139e-05	-1.884183e+00
3.474000e-05	-2.193185e-04	-1.674259e+00
3.475000e-05	-1.397485e-03	-1.496863e+00
3.476000e-05	-1.107772e-03	-1.262555e+00
3.477000e-05	-2.160601e-03	-1.073155e+00
3.478000e-05	-6.816286e-04	-8.732116e-01
3.479000e-05	-3.156717e-03	-6.948642e-01
3.480000e-05	-2.762328e-03	-5.342806e-01
3.481000e-05	-3.891474e-03	-3.164105e-01
3.482000e-05	-3.142842e-03	-1.274932e-01
3.483000e-05	-2.400496e-04	2.054147e-03
3.484000e-05	2.703712e-03	2.505340e-01
3.485000e-05	-2.601245e-03	4.300040e-01
3.486000e-05	4.587257e-04	5.679687e-01
3.487000e-05	-2.445220e-03	7.558661e-01
3.488000e-05	-3.014832e-03	8.760869e-01
3.489000e-05	-5.422930e-03	1.126661e+00
3.490000e-05	7.922946e-04	1.315709e+00
3.491000e-05	1.650827e-02	1.452032e+00
3.492000e-05	6.040361e-02	1.704743e+00
3.493000e-05	7.916149e-04	1.926238e+00
3.494000e-05	-5.439922e-02	2.075184e+00
3.495000e-05	-3.824469e-02	2.274683e+00
3.496000e-05	-7.118138e-02	2.420707e+00
3.497000e-05	4.062175e-04	2.577225e+00
3.498000e-05	1.181749e-01	2.717873e+00
3.499000e-05	-1.100546e-01	2.905210e+00
3.500000e-05	2.554305e-02	3.022056e+00
3.501000e-05	7.351723e-02	3.211933e+00
3.502000e-05	-1.212403e-01	3.444629e+00
3.503000e-05	3.771971e-02	3.608971e+00
3.504000e-05	3.857276e-02	3.726716e+00
3.505000e-05	-9.219474e-02	3.916289e+00
3.506000e-05	5.964479e-02	4.073192e+00
3.507000e-05	-1.212714e-02	4.295841e+00
3.508000e-05	-3.360173e-02	4.473587e+00
3.509000e-05	1.612212e-02	4.631983e+00
3.510000e-05	-4.376465e-02	4.810504e+00
3.511000e-05	8.830360e-03	5.040451e+00
3.512000e-05	-9.768221e-03	5.253003e+00
3.513000e-05	-1.180949e-02	5.391553e+00
3.514000e-05	2.442406e-03	5.547345e+00
3.515000e-05	-3.685873e-03	5.746194e+00
3.516000e-05	-1.482068e-02	5.926690e+00
3.517000e-05	-3.914488e-02	6.052558e+00
3.518000e-05	4.161468e-03	6.209427e+00
3.519000e-05	2.883723e-03	6.336241e+00
3.520000e-05	-2.998927e-02	6.503584e+00
3.521000e-05	3.611380e-04	6.671907e+00
3.522000e-05	-2.337352e-02	6.780925e+00
3.523000e-05	-1.304529e-02	6.926216e+00
3.524000e-05	-1.441475e-02	7.063004e+00
3.525000e-05	-1.757465e-02	7.187377e+00
3.526000e-05	6.587203e-04	7.233637e+00
3.527000e-05	-2.278788e-02	7.461529e+00
3.528000e-05	-1.556259e-02	7.570980e+00
3.529000e-05	-2.027407e-02	7.707221e+00
3.530000e-05	-8.567856e-03	7.822059e+00
3.531000e-05	-1.975891e-02	8.019300e+00
3.532000e-05	-2.216715e-02	8.105667e+00
3.533000e-05	-8.222883e-03	8.231528e+00
3.534000e-05	-1.715927e-02	8.346669e+00
3.535000e-05	-2.010298e-02	8.411556e+00
3.536000e-05	-2.335381e-02	8.494193e+00
3.537000e-05	-1.462697e-02	8.578927e+00
3.538000e-05	-2.113733e-02	8.654661e+00
3.539000e-05	-2.397890e-02	8.789798e+00
3.540000e-05	-1.915880e-02	8.871713e+00
3.541000e-05	-1.954491e-02	8.958348e+00
3.542000e-05	-2.370055e-02	9.053586e+00
3.543000e-05	-2.413279e-02	9.168404e+00
3.544000e-05	-1.932630e-02	9.221054e+00
3.545000e-05	-2.366961e-02	9.314667e+00
3.546000e-05	-2.675740e-02	9.368972e+00
3.547000e-05	-2.427165e-02	9.482633e+00
3.548000e-05	-2.182895e-02	9.495690e+00
3.549000e-05	-2.713795e-02	9.577819e+00
3.550000e-05	-2.835348e-02	9.612453e+00
3.551000e-05	-2.516614e-02	9.653135e+00
3.552000e-05	-2.583007e-02	9.736794e+00
3.553000e-05	-2.666872e-02	9.818778e+00
3.554000e-05	-2.929864e-02	9.860533e+00
3.555000e-05	-2.846666e-02	9.914208e+00
3.556000e-05	-3.132742e-02	9.895319e+00
3.557000e-05	-2.857219e-02	9.938773e+00
3.558000e-05	-2.896379e-02	9.958401e+00
3.559000e-05	-3.099671e-02	9.990050e+00
3.560000e-05	-3.533394e-02	1.003103e+01
3.561000e-05	-3.351208e-02	1.003213e+01
3.562000e-05	-3.085054e-02	1.005303e+01
3.563000e-05	-3.273733e-02	1.004264e+01
3.564000e-05	-3.360467e-02	1.005261e+01
3.565000e-05	-3.446689e-02	1.008514e+01
3.566000e-05	-3.581089e-02	1.008361e+01
3.567000e-05	-3.785375e-02	1.008314e+01
3.568000e-05	-3.687939e-02	1.009316e+01
3.569000e-05	-3.613775e-02	1.011461e+01
3.570000e-05	-3.757372e-02	1.005359e+01
3.571000e-05	-3.891761e-02	1.003208e+01
3.572000e-05	-3.893721e-02	1.004258e+01
3.573000e-05	-4.074439e-02	1.003000e+01
3.574000e-05	-4.291524e-02	9.969974e+00
3.575000e-05	-4.163135e-02	9.968846e+00
3.576000e-05	-4.271907e-02	9.903767e+00
3.577000e-05	-4.420456e-02	9.874638e+00
3.578000e-05	-4.643927e-02	9.807954e+00
3.579000e-05	-4.586960e-02	9.747374e+00
3.580000e-05	-4.761817e-02	9.714190e+00
3.581000e-05	-4.970194e-02	9.653006e+00
3.582000e-05	-5.181629e-02	9.536925e+00
3.583000e-05	-5.147573e-02	9.516266e+00
3.584000e-05	-5.234129e-02	9.473611e+00
3.585000e-05	-5.315950e-02	9.411423e+00
3.586000e-05	-5.475695e-02	9.335342e+00
3.587000e-05	-5.491527e-02	9.282182e+00
3.588000e-05	-5.465634e-02	9.219999e+00
3.589000e-05	-5.518894e-02	9.086295e+00
3.590000e-05	-5.288823e-02	8.990453e+00
3.591000e-05	-5.309752e-02	8.937162e+00
3.592000e-05	-5.307504e-02	8.821978e+00
3.593000e-05	-5.216948e-02	8.725345e+00
3.594000e-05	-4.833001e-02	8.642157e+00
3.595000e-05	-4.741290e-02	8.588223e+00
3.596000e-05	-4.615693e-02	8.464111e+00
3.597000e-05	-4.585790e-02	8.410525e+00
3.598000e-05	-4.258662e-02	8.334817e+00
3.599000e-05	-4.285920e-02	8.168371e+00
3.600000e-05	-3.961353e-02	8.042083e+00
3.601000e-05	-3.910872e-02	7.915245e+00
3.602000e-05	-3.700890e-02	7.831100e+00
3.603000e-05	-3.651173e-02	7.685288e+00
3.604000e-05	-3.374434e-02	7.589053e+00
3.605000e-05	-3.307107e-02	7.442057e+00
3.606000e-05	-3.155205e-02	7.275151e+00
3.607000e-05	-3.139729e-02	7.135319e+00
3.608000e-05	-2.912748e-02	7.031075e+00
3.609000e-05	-2.906807e-02	6.884183e+00
3.610000e-05	-2.719219e-02	6.777973e+00
3.611000e-05	-2.589983e-02	6.621550e+00
3.612000e-05	-2.432750e-02	6.450502e+00
3.613000e-05	-2.412119e-02	6.284266e+00
3.614000e-05	-2.311839e-02	6.106870e+00
3.615000e-05	-2.231873e-02	6.021526e+00
3.616000e-05	-2.109173e-02	5.873809e+00
3.617000e-05	-2.096752e-02	5.683742e+00
3.618000e-05	-1.947494e-02	5.536347e+00
3.619000e-05	-1.910522e-02	5.409600e+00
3.620000e-05	-1.961745e-02	5.200628e+00
3.621000e-05	-1.842277e-02	4.978473e+00
3.622000e-05	-1.827655e-02	4.799474e+00
3.623000e-05	-1.501579e-02	4.622153e+00
3.624000e-05	-1.660664e-02	4.493808e+00
3.625000e-05	-1.559294e-02	4.307447e+00
3.626000e-05	-1.433003e-02	4.146938e+00
3.627000e-05	-1.282629e-02	3.967972e+00
3.628000e-05	-1.367221e-02	3.770100e+00
3.629000e-05	-1.375389e-02	3.671582e+00
3.630000e-05	-1.207029e-02	3.473812e+00
3.631000e-05	-1.198264e-02	3.283187e+00
3.632000e-05	-1.141715e-02	3.095317e+00
3.633000e-05	-1.057066e-02	2.936942e+00
3.634000e-05	-1.045397e-02	2.789576e+00
3.635000e-05	-9.239352e-03	2.610555e+00
3.636000e-05	-1.039769e-02	2.379547e+00
3.637000e-05	-8.700593e-03	2.188999e+00
3.638000e-05	-8.675304e-03	2.022630e+00
3.639000e-05	-8.464483e-03	1.870780e+00
3.640000e-05	-8.944601e-03	1.633205e+00
3.641000e-05	-7.754786e-03	1.462734e+00
3.642000e-05	-5.199306e-03	1.285157e+00
3.643000e-05	-5.903798e-03	1.051810e+00
3.644000e-05	-7.511337e-03	8.630592e-01
3.645000e-05	-6.259772e-03	6.127528e-01
3.646000e-05	-4.587156e-03	4.648105e-01
3.647000e-05	-4.266060e-03	3.064158e-01
3.648000e-05	-4.226936e-03	8.773821e-02
3.649000e-05	-8.095828e-04	-8.211060e-02
3.650000e-05	3.114184e-03	-2.330816e-01
3.651000e-05	-1.652746e-03	-3.890000e-01
3.652000e-05	1.277326e-03	-5.777986e-01
3.653000e-05	-1.146923e-03	-7.689238e-01
3.654000e-05	6.973611e-04	-9.067660e-01
3.655000e-05	-4.489758e-04	-1.084134e+00
3.656000e-05	1.097489e-02	-1.262507e+00
3.657000e-05	6.255050e-02	-1.495084e+00
3.658000e-05	3.336448e-02	-1.665082e+00
3.659000e-05	-6.010536e-02	-1.916771e+00
3.660000e-05	-2.301895e-02	-2.201869e+00
3.661000e-05	-8.781326e-02	-2.409900e+00
3.662000e-05	5.120899e-02	-2.451078e+00
3.663000e-05	1.022033e-01	-2.483637e+00
3.664000e-05	-1.362852e-01	-2.738893e+00
3.665000e-05	1.034089e-01	-2.835636e+00
3.666000e-05	5.554007e-02	-3.021904e+00
3.667000e-05	-1.524360e-01	-3.306688e+00
3.668000e-05	1.150350e-01	-3.453058e+00
3.669000e-05	1.110949e-02	-3.579373e+00
3.670000e-05	-9.136561e-02	-3.812128e+00
3.671000e-05	1.441578e-01	-3.969922e+00
3.672000e-05	-8.064124e-02	-4.169248e+00
3.673000e-05	1.578665e-02	-4.358345e+00
3.674000e-05	4.875034e-02	-4.442511e+00
3.675000e-05	-9.862448e-02	-4.694763e+00
3.676000e-05	1.156804e-01	-4.872950e+00
3.677000e-05	-3.105564e-02	-4.979851e+00
3.678000e-05	-2.832768e-02	-5.190451e+00
3.679000e-05	8.328707e-02	-5.358744e+00
3.680000e-05	-4.479296e-02	-5.578397e+00
3.681000e-05	5.433276e-02	-5.725740e+00
3.682000e-05	-5.316259e-02	-5.884534e+00
3.683000e-05	2.924947e-02	-6.031078e+00
3.684000e-05	5.218874e-02	-6.179745e+00
3.685000e-05	-5.873807e-02	-6.346270e+00
3.686000e-05	8.034776e-02	-6.503557e+00
3.687000e-05	-2.559875e-02	-6.623480e+00
3.688000e-05	1.306404e-02	-6.758421e+00
3.689000e-05	7.099922e-03	-6.872608e+00
3.690000e-05	-9.142508e-03	-7.033952e+00
3.691000e-05	7.625704e-02	-7.190400e+00
3.692000e-05	-4.100885e-02	-7.335736e+00
3.693000e-05	2.246865e-02	-7.412530e+00
3.694000e-05	8.627975e-03	-7.549296e+00
3.695000e-05	2.238035e-02	-7.695714e+00
3.696000e-05	1.552914e-02	-7.843448e+00
3.697000e-05	-1.005334e-02	-7.959452e+00
3.698000e-05	4.697244e-02	-8.074636e+00
3.699000e-05	-5.550206e-03	-8.180850e+00
3.700000e-05	1.800754e-02	-8.295190e+00
3.701000e-05	1.019014e-02	-8.389899e+00
3.702000e-05	2.709333e-02	-8.503587e+00
3.703000e-05	1.117308e-02	-8.621903e+00
3.704000e-05	2.023284e-03	-8.736291e+00
3.705000e-05	3.225353e-02	-8.820004e+00
3.706000e-05	1.582038e-02	-8.916716e+00
3.707000e-05	1.601356e-02	-9.009450e+00
3.708000e-05	1.110358e-02	-9.084084e+00
3.709000e-05	2.776100e-02	-9.136790e+00
3.710000e-05	1.940124e-02	-9.198950e+00
3.711000e-05	1.370563e-02	-9.273086e+00
3.712000e-05	2.230817e-02	-9.337795e+00
3.713000e-05	2.332931e-02	-9.483451e+00
3.714000e-05	1.805718e-02	-9.536219e+00
3.715000e-05	1.732759e-02	-9.599869e+00
3.716000e-05	2.788405e-02	-9.662004e+00
3.717000e-05	2.383884e-02	-9.653056e+00
3.718000e-05	2.126597e-02	-9.735212e+00
3.719000e-05	2.086371e-02	-9.767791e+00
3.720000e-05	2.419819e-02	-9.801875e+00
3.721000e-05	2.418137e-02	-9.822455e+00
3.722000e-05	2.406157e-02	-9.871583e+00
3.723000e-05	2.767022e-02	-9.925162e+00
3.724000e-05	2.526418e-02	-9.915740e+00
3.725000e-05	2.490968e-02	-9.937788e+00
3.726000e-05	2.676053e-02	-9.967318e+00
3.727000e-05	2.756095e-02	-9.988367e+00
3.728000e-05	2.602802e-02	-9.949895e+00
3.729000e-05	2.926291e-02	-1.000840e+01
3.730000e-05	3.097842e-02	-9.998450e+00
3.731000e-05	2.899998e-02	-1.000902e+01
3.732000e-05	2.879443e-02	-9.981001e+00
3.733000e-05	2.977217e-02	-1.001948e+01
3.734000e-05	3.181295e-02	-1.005085e+01
3.735000e-05	3.081194e-02	-9.970949e+00
3.736000e-05	3.372931e-02	-9.988900e+00
3.737000e-05	3.546534e-02	-9.969892e+00
3.738000e-05	3.420668e-02	-9.946797e+00
3.739000e-05	3.283511e-02	-9.925291e+00
3.740000e-05	3.605165e-02	-9.935191e+00
3.741000e-05	3.705286e-02	-9.895059e+00
3.742000e-05	3.753087e-02	-9.842532e+00
3.743000e-05	3.869328e-02	-9.800474e+00
3.744000e-05	4.193060e-02	-9.758844e+00
3.745000e-05	4.209638e-02	-9.725738e+00
3.746000e-05	4.202827e-02	-9.673131e+00
3.747000e-05	4.419846e-02	-9.642007e+00
3.748000e-05	4.418036e-02	-9.569900e+00
3.749000e-05	4.516584e-02	-9.484866e+00
3.750000e-05	4.812403e-02	-9.442480e+00
3.751000e-05	5.086839e-02	-9.388341e+00
3.752000e-05	4.759746e-02	-9.273530e+00
3.753000e-05	4.608659e-02	-9.241422e+00
3.754000e-05	4.793820e-02	-9.133313e+00
3.755000e-05	4.964219e-02	-9.072629e+00
3.756000e-05	4.691302e-02	-8.949937e+00
3.757000e-05	4.653443e-02	-8.903608e+00
3.758000e-05	4.678513e-02	-8.801025e+00
3.759000e-05	4.508266e-02	-8.735340e+00
3.760000e-05	3.963344e-02	-8.631053e+00
3.761000e-05	4.120785e-02	-8.517235e+00
3.762000e-05	4.118758e-02	-8.420973e+00
3.763000e-05	3.902183e-02	-8.294262e+00
3.764000e-05	3.639807e-02	-8.211474e+00
3.765000e-05	3.511607e-02	-8.115791e+00
3.766000e-05	3.564229e-02	-8.022550e+00
3.767000e-05	3.171952e-02	-7.886265e+00
3.768000e-05	2.998740e-02	-7.769788e+00
3.769000e-05	2.982492e-02	-7.608502e+00
3.770000e-05	2.768358e-02	-7.483714e+00
3.771000e-05	2.632781e-02	-7.346821e+00
3.772000e-05	2.463085e-02	-7.252052e+00
3.773000e-05	2.450252e-02	-7.075861e+00
3.774000e-05	2.262721e-02	-6.945315e+00
3.775000e-05	2.021896e-02	-6.800424e+00
3.776000e-05	1.980978e-02	-6.684133e+00
3.777000e-05	2.035820e-02	-6.505738e+00
3.778000e-05	2.010173e-02	-6.420474e+00
3.779000e-05	1.563597e-02	-6.212032e+00
3.780000e-05	1.589213e-02	-6.042630e+00
3.781000e-05	1.437004e-02	-5.946763e+00
3.782000e-05	1.350348e-02	-5.758994e+00
3.783000e-05	1.222272e-02	-5.633001e+00
3.784000e-05	1.274948e-02	-5.443260e+00
3.785000e-05	1.261958e-02	-5.270606e+00
3.786000e-05	1.030038e-02	-5.054204e+00
3.787000e-05	9.499778e-03	-4.892890e+00
3.788000e-05	1.022108e-02	-4.725661e+00
3.789000e-05	8.864039e-03	-4.557938e+00
3.790000e-05	7.010671e-03	-4.421051e+00
3.791000e-05	7.709274e-03	-4.293232e+00
3.792000e-05	6.917484e-03	-4.114759e+00
3.793000e-05	7.839294e-03	-3.947995e+00
3.794000e-05	4.075035e-03	-3.756943e+00
3.795000e-05	4.084089e-03	-3.587495e+00
3.796000e-05	5.745533e-03	-3.402075e+00
3.797000e-05	5.326902e-03	-3.232630e+00
3.798000e-05	2.872412e-03	-3.072181e+00
3.799000e-05	2.793534e-03	-2.853105e+00
3.800000e-05	2.235171e-03	-2.664734e+00
3.801000e-05	1.306778e-03	-2.504811e+00
3.802000e-05	1.330610e-03	-2.367870e+00
3.803000e-05	5.170010e-04	-2.106815e+00
3.804000e-05	1.711635e-03	-1.986971e+00
3.805000e-05	-4.202864e-04	-1.808496e+00
3.806000e-05	-1.415163e-04	-1.590554e+00
3.807000e-05	-1.041216e-03	-1.387591e+00
3.808000e-05	5.557189e-04	-1.177423e+00
3.809000e-05	-1.850216e-03	-9.684699e-01
3.810000e-05	-2.709305e-03	-7.810487e-01
3.811000e-05	-3.569007e-03	-5.906224e-01
3.812000e-05	-2.341168e-03	-3.720737e-01
3.813000e-05	-2.083883e-03	-2.220553e-01
3.814000e-05	-3.298831e-03	-5.420519e-02
3.815000e-05	1.664039e-03	7.471105e-02
3.816000e-05	1.866429e-03	3.068196e-01
3.817000e-05	-2.468102e-03	4.331094e-01
3.818000e-05	-1.709999e-03	6.125315e-01
3.819000e-05	-4.500120e-03	8.104498e-01
3.820000e-05	-2.866513e-03	9.583786e-01
3.821000e-05	-4.302447e-03	1.129376e+00
3.822000e-05	4.768417e-03	1.306320e+00
3.823000e-05	3.439803e-02	1.528324e+00
3.824000e-05	5.419406e-02	1.830479e+00
3.825000e-05	-4.137614e-02	1.979477e+00
3.826000e-05	-4.267642e-02	2.188901e+00
3.827000e-05	-5.002368e-02	2.346892e+00
3.828000e-05	-6.425308e-02	2.452086e+00
3.829000e-05	8.070270e-02	2.650583e+00
3.830000e-05	4.089333e-02	2.831453e+00
3.831000e-05	-1.182104e-01	2.927897e+00
3.832000e-05	1.195828e-01	3.086061e+00
3.833000e-05	-4.675627e-02	3.315288e+00
3.834000e-05	-7.625770e-02	3.528742e+00
3.835000e-05	8.754434e-02	3.651557e+00
3.836000e-05	-4.456643e-02	3.800979e+00
3.837000e-05	-3.961365e-02	3.979400e+00
3.838000e-05	6.318677e-02	4.189748e+00
3.839000e-05	-5.502619e-02	4.389474e+00
3.840000e-05	2.981088e-03	4.578219e+00
3.841000e-05	-1.234791e-02	4.716766e+00
3.842000e-05	-2.994401e-02	4.826145e+00
3.843000e-05	1.471216e-02	5.115294e+00
3.844000e-05	-2.557328e-02	5.316774e+00
3.845000e-05	2.009260e-03	5.504639e+00
3.846000e-05	-1.209823e-03	5.621529e+00
3.847000e-05	-4.043487e-03	5.798404e+00
3.848000e-05	-2.922123e-02	5.979924e+00
3.849000e-05	-2.723271e-02	6.096788e+00
3.850000e-05	2.180890e-02	6.233634e+00
3.851000e-05	-2.282858e-02	6.389408e+00
3.852000e-05	-1.401195e-02	6.524691e+00
3.853000e-05	-9.024619e-03	6.707190e+00
3.854000e-05	-2.213414e-02	6.843613e+00
3.855000e-05	-1.101351e-02	6.968900e+00
3.856000e-05	-2.119123e-02	7.075137e+00
3.857000e-05	-4.307486e-03	7.219902e+00
3.858000e-05	-6.277940e-03	7.346720e+00
3.859000e-05	-2.057029e-02	7.514115e+00
3.860000e-05	-1.793747e-02	7.674136e+00
3.861000e-05	-1.666695e-02	7.759448e+00
3.862000e-05	-1.092633e-02	7.905139e+00
3.863000e-05	-2.359113e-02	8.011558e+00
3.864000e-05	-1.730974e-02	8.159897e+00
3.865000e-05	-1.095485e-02	8.304140e+00
3.866000e-05	-2.136140e-02	8.388924e+00
3.867000e-05	-2.050048e-02	8.433534e+00
3.868000e-05	-1.989388e-02	8.557770e+00
3.869000e-05	-1.379352e-02	8.633555e+00
3.870000e-05	-2.263367e-02	8.715190e+00
3.871000e-05	-2.418232e-02	8.800475e+00
3.872000e-05	-1.997358e-02	8.935617e+00
3.873000e-05	-2.264645e-02	9.040850e+00
3.874000e-05	-2.230665e-02	9.156761e+00
3.875000e-05	-2.282574e-02	9.199980e+00
3.876000e-05	-2.059256e-02	9.282136e+00
3.877000e-05	-2.600565e-02	9.328243e+00
3.878000e-05	-2.499416e-02	9.420852e+00
3.879000e-05	-2.072233e-02	9.454636e+00
3.880000e-05	-2.278003e-02	9.557819e+00
3.881000e-05	-2.942452e-02	9.577848e+00
3.882000e-05	-2.969275e-02	9.631510e+00
3.883000e-05	-2.481350e-02	9.696666e+00
3.884000e-05	-2.612118e-02	9.747246e+00
3.885000e-05	-2.794494e-02	9.830377e+00
3.886000e-05	-2.979426e-02	9.872007e+00
3.887000e-05	-3.009639e-02	9.904637e+00
3.888000e-05	-2.984063e-02	9.935295e+00
3.889000e-05	-2.935776e-02	9.959371e+00
3.890000e-05	-2.870407e-02	1.000096e+01
3.891000e-05	-3.330979e-02	1.001150e+01
3.892000e-05	-3.519814e-02	1.000208e+01
3.893000e-05	-3.221878e-02	1.007158e+01
3.894000e-05	-3.243031e-02	1.007308e+01
3.895000e-05	-3.451176e-02	1.006311e+01
3.896000e-05	-3.401669e-02	1.008416e+01
3.897000e-05	-3.427652e-02	1.006466e+01
3.898000e-05	-3.559293e-02	1.008461e+01
3.899000e-05	-3.740941e-02	1.007414e+01
3.900000e-05	-3.736539e-02	1.011213e+01
3.901000e-05	-3.725862e-02	1.006406e+01
3.902000e-05	-3.921686e-02	1.009161e+01
3.903000e-05	-3.937045e-02	1.005211e+01
3.904000e-05	-4.042510e-02	1.000151e+01
3.905000e-05	-4.034240e-02	9.991001e+00
3.906000e-05	-4.128690e-02	9.948498e+00
3.907000e-05	-4.215608e-02	9.916869e+00
3.908000e-05	-4.357819e-02	9.885064e+00
3.909000e-05	-4.605344e-02	9.852633e+00
3.910000e-05	-4.548877e-02	9.800326e+00
3.911000e-05	-4.716248e-02	9.729246e+00
3.912000e-05	-4.801209e-02	9.664637e+00
3.913000e-05	-5.130113e-02	9.608953e+00
3.914000e-05	-5.163471e-02	9.566245e+00
3.915000e-05	-5.213625e-02	9.502613e+00
3.916000e-05	-5.301270e-02	9.452034e+00
3.917000e-05	-5.309176e-02	9.367469e+00
3.918000e-05	-5.299742e-02	9.304713e+00
3.919000e-05	-5.551836e-02	9.251604e+00
3.920000e-05	-5.510075e-02	9.157872e+00
3.921000e-05	-5.425365e-02	9.064235e+00
3.922000e-05	-5.241666e-02	9.017867e+00
3.923000e-05	-5.292942e-02	8.882632e+00
3.924000e-05	-5.156452e-02	8.791474e+00
3.925000e-05	-4.966640e-02	8.705734e+00
3.926000e-05	-4.970119e-02	8.639074e+00
3.927000e-05	-4.729239e-02	8.514335e+00
3.928000e-05	-4.608072e-02	8.463103e+00
3.929000e-05	-4.395232e-02	8.347345e+00
3.930000e-05	-4.389059e-02	8.261559e+00
3.931000e-05	-4.154814e-02	8.095240e+00
3.932000e-05	-4.001013e-02	8.011501e+00
3.933000e-05	-3.747174e-02	7.903739e+00
3.934000e-05	-3.820659e-02	7.787846e+00
3.935000e-05	-3.472658e-02	7.653632e+00
3.936000e-05	-3.537087e-02	7.515921e+00
3.937000e-05	-3.149304e-02	7.387924e+00
3.938000e-05	-3.137119e-02	7.188577e+00
3.939000e-05	-2.937269e-02	7.083741e+00
3.940000e-05	-2.963788e-02	6.935319e+00
3.941000e-05	-2.782435e-02	6.841604e+00
3.942000e-05	-2.693866e-02	6.706336e+00
3.943000e-05	-2.537229e-02	6.577308e+00
3.944000e-05	-2.438617e-02	6.377450e+00
3.945000e-05	-2.361242e-02	6.241580e+00
3.946000e-05	-2.256288e-02	6.114260e+00
3.947000e-05	-2.174167e-02	5.957426e+00
3.948000e-05	-2.185825e-02	5.778546e+00
3.949000e-05	-2.067731e-02	5.601477e+00
3.950000e-05	-1.993490e-02	5.443157e+00
3.951000e-05	-1.903340e-02	5.284264e+00
3.952000e-05	-1.893931e-02	5.126287e+00
3.953000e-05	-1.732867e-02	4.935160e+00
3.954000e-05	-1.682957e-02	4.756893e+00
3.955000e-05	-1.623619e-02	4.577021e+00
3.956000e-05	-1.516774e-02	4.421103e+00
3.957000e-05	-1.445053e-02	4.231763e+00
3.958000e-05	-1.490181e-02	4.042578e+00
3.959000e-05	-1.265619e-02	3.884238e+00
3.960000e-05	-1.318357e-02	3.757893e+00
3.961000e-05	-1.323082e-02	3.569474e+00
3.962000e-05	-1.170414e-02	3.399524e+00
3.963000e-05	-1.097851e-02	3.211024e+00
3.964000e-05	-1.203888e-02	3.032083e+00
3.965000e-05	-1.101314e-02	2.862711e+00
3.966000e-05	-9.882835e-03	2.727444e+00
3.967000e-05	-8.659702e-03	2.484762e+00
3.968000e-05	-1.022288e-02	2.284813e+00
3.969000e-05	-8.578629e-03	2.145841e+00
3.970000e-05	-8.280345e-03	1.998421e+00
3.971000e-05	-7.466274e-03	1.745517e+00
3.972000e-05	-8.580629e-03	1.590002e+00
3.973000e-05	-7.096203e-03	1.399073e+00
3.974000e-05	-6.358091e-03	1.220577e+00
3.975000e-05	-5.898251e-03	9.679469e-01
3.976000e-05	-6.097117e-03	7.769423e-01
3.977000e-05	-5.267171e-03	5.989986e-01
3.978000e-05	-5.191881e-03	4.400526e-01
3.979000e-05	-4.670578e-03	2.517537e-01
3.980000e-05	-3.402013e-03	-3.050131e-02
3.981000e-05	3.000543e-03	-1.378422e-01
3.982000e-05	1.876854e-03	-3.146370e-01
3.983000e-05	-2.579015e-03	-4.425579e-01
3.984000e-05	4.018661e-04	-6.844607e-01
3.985000e-05	-8.283180e-04	-8.125304e-01
3.986000e-05	8.320080e-04	-9.794265e-01
3.987000e-05	2.102789e-03	-1.157745e+00
3.988000e-05	2.554208e-02	-1.307221e+00
3.989000e-05	7.931429e-02	-1.567325e+00
3.990000e-05	-2.756967e-02	-1.801376e+00
3.991000e-05	-3.527717e-02	-2.051533e+00
3.992000e-05	-5.230133e-02	-2.304816e+00
3.993000e-05	-6.170506e-02	-2.390028e+00
3.994000e-05	1.293237e-01	-2.421555e+00
3.995000e-05	-1.106483e-02	-2.589299e+00
3.996000e-05	-8.972446e-02	-2.823603e+00
3.997000e-05	1.516356e-01	-2.936693e+00
3.998000e-05	-1.112019e-01	-3.177745e+00
3.999000e-05	-5.702835e-02	-3.388924e+00
4.000000e-05	1.401655e-01	-3.475660e+00
4.001000e-05	-9.830283e-02	-3.684113e+00
4.002000e-05	2.980265e-02	-3.912236e+00
4.003000e-05	8.768250e-02	-4.043008e+00
4.004000e-05	-1.098757e-01	-4.274059e+00
4.005000e-05	9.588194e-02	-4.388898e+00
4.006000e-05	-5.858148e-02	-4.557721e+00
4.007000e-05	-9.247914e-03	-4.769424e+00
4.008000e-05	1.022510e-01	-4.896114e+00
4.009000e-05	-9.493928e-02	-5.103083e+00
4.010000e-05	6.730735e-02	-5.274583e+00
4.011000e-05	1.338948e-02	-5.445057e+00
4.012000e-05	-6.699400e-03	-5.613583e+00
4.013000e-05	2.759376e-02	-5.769322e+00
4.014000e-05	-6.102827e-02	-5.947291e+00
4.015000e-05	8.608717e-02	-6.043108e+00
4.016000e-05	-2.775857e-02	-6.222476e+00
4.017000e-05	3.047252e-03	-6.420400e+00
4.018000e-05	5.951839e-02	-6.527218e+00
4.019000e-05	-4.362514e-02	-6.706163e+00
4.020000e-05	4.287272e-02	-6.798900e+00
4.021000e-05	-3.304196e-02	-6.947224e+00
4.022000e-05	5.012598e-02	-7.155614e+00
4.023000e-05	2.721148e-02	-7.234050e+00
4.024000e-05	-3.159075e-02	-7.399296e+00
4.025000e-05	3.628418e-02	-7.474609e+00
4.026000e-05	-3.941901e-03	-7.640884e+00
4.027000e-05	3.674612e-02	-7.778869e+00
4.028000e-05	-1.154858e-02	-7.935137e+00
4.029000e-05	2.284179e-02	-8.060534e+00
4.030000e-05	2.928732e-02	-8.157290e+00
4.031000e-05	-5.918781e-03	-8.253530e+00
4.032000e-05	2.266316e-02	-8.358265e+00
4.033000e-05	7.584931e-03	-8.413009e+00
4.034000e-05	3.221705e-02	-8.506743e+00
4.035000e-05	-3.217954e-03	-8.675608e+00
4.036000e-05	1.963325e-02	-8.800901e+00
4.037000e-05	2.564861e-02	-8.864109e+00
4.038000e-05	1.368980e-02	-8.958294e+00
4.039000e-05	1.534305e-02	-9.002429e+00
4.040000e-05	1.422867e-02	-9.135688e+00
4.041000e-05	2.894325e-02	-9.168898e+00
4.042000e-05	1.241111e-02	-9.212057e+00
4.043000e-05	2.001950e-02	-9.315665e+00
4.044000e-05	2.285153e-02	-9.379279e+00
4.045000e-05	2.198879e-02	-9.506135e+00
4.046000e-05	1.569078e-02	-9.538843e+00
4.047000e-05	2.232171e-02	-9.599949e+00
4.048000e-05	2.698022e-02	-9.663059e+00
4.049000e-05	2.046421e-02	-9.694637e+00
4.050000e-05	2.293546e-02	-9.736765e+00
4.051000e-05	2.182223e-02	-9.799396e+00
4.052000e-05	2.547476e-02	-9.801402e+00
4.053000e-05	2.161058e-02	-9.843631e+00
4.054000e-05	2.623866e-02	-9.864634e+00
4.055000e-05	2.626920e-02	-9.924162e+00
4.056000e-05	2.416918e-02	-9.916238e+00
4.057000e-05	2.472418e-02	-9.937243e+00
4.058000e-05	2.842674e-02	-9.969969e+00
4.059000e-05	2.534116e-02	-9.948366e+00
4.060000e-05	2.589156e-02	-9.979425e+00
4.061000e-05	2.997358e-02	-1.001095e+01
4.062000e-05	2.960983e-02	-1.002890e+01
4.063000e-05	3.061313e-02	-9.979978e+00
4.064000e-05	2.776820e-02	-1.003000e+01
4.065000e-05	3.048054e-02	-9.988503e+00
4.066000e-05	3.041749e-02	-9.978921e+00
4.067000e-05	3.059394e-02	-1.000095e+01
4.068000e-05	3.416398e-02	-9.979370e+00
4.069000e-05	3.364127e-02	-9.988347e+00
4.070000e-05	3.436500e-02	-9.927290e+00
4.071000e-05	3.470424e-02	-9.956287e+00
4.072000e-05	3.717228e-02	-9.874658e+00
4.073000e-05	3.665258e-02	-9.894030e+00
4.074000e-05	3.811248e-02	-9.843529e+00
4.075000e-05	4.087315e-02	-9.808495e+00
4.076000e-05	4.114711e-02	-9.755841e+00
4.077000e-05	4.056867e-02	-9.725187e+00
4.078000e-05	4.119777e-02	-9.693604e+00
4.079000e-05	4.382892e-02	-9.620475e+00
4.080000e-05	4.526363e-02	-9.547373e+00
4.081000e-05	4.566941e-02	-9.466741e+00
4.082000e-05	4.857272e-02	-9.432377e+00
4.083000e-05	4.840511e-02	-9.325735e+00
4.084000e-05	4.837612e-02	-9.221526e+00
4.085000e-05	4.822984e-02	-9.167872e+00
4.086000e-05	4.815976e-02	-9.114659e+00
4.087000e-05	4.811448e-02	-9.032005e+00
4.088000e-05	4.616079e-02	-8.926286e+00
4.089000e-05	4.634796e-02	-8.842606e+00
4.090000e-05	4.486234e-02	-8.769475e+00
4.091000e-05	4.308831e-02	-8.685186e+00
4.092000e-05	4.351574e-02	-8.569919e+00
4.093000e-05	4.124996e-02	-8.484108e+00
4.094000e-05	3.911317e-02	-8.387899e+00
4.095000e-05	3.683963e-02	-8.294660e+00
4.096000e-05	3.654481e-02	-8.157945e+00
4.097000e-05	3.592260e-02	-8.094108e+00
4.098000e-05	3.245159e-02	-8.007925e+00
4.099000e-05	3.048707e-02	-7.841504e+00
4.100000e-05	3.071012e-02	-7.755609e+00
4.101000e-05	2.827680e-02	-7.576365e+00
4.102000e-05	2.658033e-02	-7.439526e+00
4.103000e-05	2.688119e-02	-7.284160e+00
4.104000e-05	2.484695e-02	-7.159945e+00
4.105000e-05	2.336198e-02	-7.022477e+00
4.106000e-05	2.164609e-02	-6.903579e+00
4.107000e-05	2.045306e-02	-6.715865e+00
4.108000e-05	1.986614e-02	-6.580448e+00
4.109000e-05	1.751249e-02	-6.463129e+00
4.110000e-05	1.826993e-02	-6.337795e+00
4.111000e-05	1.711810e-02	-6.139875e+00
4.112000e-05	1.587950e-02	-6.009975e+00
4.113000e-05	1.400984e-02	-5.853629e+00
4.114000e-05	1.331226e-02	-5.726338e+00
4.115000e-05	1.223654e-02	-5.577895e+00
4.116000e-05	1.131451e-02	-5.388940e+00
4.117000e-05	1.158532e-02	-5.156899e+00
4.118000e-05	1.177326e-02	-5.020524e+00
4.119000e-05	1.034418e-02	-4.810573e+00
4.120000e-05	9.614704e-03	-4.652105e+00
4.121000e-05	7.281758e-03	-4.454158e+00
4.122000e-05	8.758715e-03	-4.345863e+00
4.123000e-05	5.361928e-03	-4.189523e+00
4.124000e-05	6.680318e-03	-4.061530e+00
4.125000e-05	5.501140e-03	-3.905258e+00
4.126000e-05	6.406659e-03	-3.673157e+00
4.127000e-05	4.591240e-03	-3.495311e+00
4.128000e-05	4.960676e-03	-3.326863e+00
4.129000e-05	4.343117e-03	-3.199021e+00
4.130000e-05	3.555418e-03	-2.958496e+00
4.131000e-05	2.864974e-03	-2.781499e+00
4.132000e-05	2.592182e-03	-2.601578e+00
4.133000e-05	8.889550e-04	-2.433604e+00
4.134000e-05	1.613873e-03	-2.274258e+00
4.135000e-05	9.173812e-04	-2.072103e+00
4.136000e-05	1.088123e-03	-1.903784e+00
4.137000e-05	-5.051406e-04	-1.694738e+00
4.138000e-05	2.349541e-04	-1.496989e+00
4.139000e-05	4.127205e-04	-1.291682e+00
4.140000e-05	-5.034378e-04	-1.074859e+00
4.141000e-05	-1.640613e-03	-9.133597e-01
4.142000e-05	-2.437660e-03	-7.759171e-01
4.143000e-05	-3.673420e-03	-5.068118e-01
4.144000e-05	-3.467936e-03	-3.373920e-01
4.145000e-05	-3.557696e-03	-1.469222e-01
4.146000e-05	-1.653994e-03	-2.049873e-02
4.147000e-05	3.157442e-03	2.114515e-01
4.148000e-05	-6.580635e-04	3.895050e-01
4.149000e-05	-8.451853e-06	5.454187e-01
4.150000e-05	-1.956741e-03	7.246922e-01
4.151000e-05	-3.695839e-03	7.925067e-01
4.152000e-05	-4.996314e-03	1.114661e+00
4.153000e-05	-6.643478e-04	1.253512e+00
4.154000e-05	1.252902e-02	1.420577e+00
4.155000e-05	5.597228e-02	1.683039e+00
4.156000e-05	1.782310e-02	1.874666e+00
4.157000e-05	-5.530468e-02	2.073659e+00
4.158000e-05	-3.719367e-02	2.253084e+00
4.159000e-05	-6.721341e-02	2.389003e+00
4.160000e-05	-2.139561e-02	2.505317e+00
4.161000e-05	1.217694e-01	2.746722e+00
4.162000e-05	-7.812922e-02	2.853163e+00
4.163000e-05	-2.249782e-02	2.988954e+00
4.164000e-05	1.002184e-01	3.178901e+00
4.165000e-05	-1.169101e-01	3.379875e+00
4.166000e-05	8.060102e-03	3.558471e+00
4.167000e-05	6.097221e-02	3.704688e+00
4.168000e-05	-9.100443e-02	3.906212e+00
4.169000e-05	4.177704e-02	4.022586e+00
4.170000e-05	1.030040e-02	4.263066e+00
4.171000e-05	-4.621089e-02	4.441034e+00
4.172000e-05	1.760199e-02	4.600977e+00
4.173000e-05	-3.953860e-02	4.768449e+00
4.174000e-05	1.450876e-03	4.988245e+00
4.175000e-05	-8.988629e-04	5.261500e+00
4.176000e-05	-1.853505e-02	5.379900e+00
4.177000e-05	4.065194e-03	5.547769e+00
4.178000e-05	-3.535019e-03	5.713614e+00
4.179000e-05	-1.093833e-02	5.903032e+00
4.180000e-05	-3.797354e-02	6.011034e+00
4.181000e-05	-4.029847e-03	6.179323e+00
4.182000e-05	1.162933e-02	6.315790e+00
4.183000e-05	-3.259211e-02	6.439558e+00
4.184000e-05	-4.657231e-04	6.618351e+00
4.185000e-05	-1.988406e-02	6.777874e+00
4.186000e-05	-1.561627e-02	6.915263e+00
4.187000e-05	-1.342360e-02	7.051504e+00
4.188000e-05	-2.099855e-02	7.116869e+00
4.189000e-05	1.529610e-03	7.252581e+00
4.190000e-05	-1.932138e-02	7.422897e+00
4.191000e-05	-1.582144e-02	7.598975e+00
4.192000e-05	-2.117463e-02	7.695191e+00
4.193000e-05	-1.036180e-02	7.821058e+00
4.194000e-05	-1.765529e-02	7.958269e+00
4.195000e-05	-2.339185e-02	8.094136e+00
4.196000e-05	-1.122445e-02	8.209530e+00
4.197000e-05	-1.487941e-02	8.337764e+00
4.198000e-05	-2.082453e-02	8.399507e+00
4.199000e-05	-2.337022e-02	8.483136e+00
4.200000e-05	-1.670629e-02	8.559872e+00
4.201000e-05	-1.865275e-02	8.664158e+00
4.202000e-05	-2.318199e-02	8.758346e+00
4.203000e-05	-2.149125e-02	8.832057e+00
4.204000e-05	-1.955735e-02	8.946250e+00
4.205000e-05	-2.390729e-02	9.082534e+00
4.206000e-05	-2.348515e-02	9.187894e+00
4.207000e-05	-1.994866e-02	9.201608e+00
4.208000e-05	-2.261122e-02	9.256115e+00
4.209000e-05	-2.725172e-02	9.398797e+00
4.210000e-05	-2.579377e-02	9.443007e+00
4.211000e-05	-2.174836e-02	9.524160e+00
4.212000e-05	-2.620233e-02	9.558793e+00
4.213000e-05	-2.802430e-02	9.579406e+00
4.214000e-05	-2.642495e-02	9.674111e+00
4.215000e-05	-2.553895e-02	9.745670e+00
4.216000e-05	-2.790112e-02	9.779324e+00
4.217000e-05	-2.833582e-02	9.792432e+00
4.218000e-05	-2.910037e-02	9.893133e+00
4.219000e-05	-3.067302e-02	9.896166e+00
4.220000e-05	-2.972932e-02	9.996769e+00
4.221000e-05	-2.913740e-02	9.969497e+00
4.222000e-05	-2.946305e-02	1.001901e+01
4.223000e-05	-3.410986e-02	1.003101e+01
4.224000e-05	-3.317543e-02	1.001108e+01
4.225000e-05	-3.206795e-02	1.003253e+01
4.226000e-05	-3.331202e-02	1.005203e+01
4.227000e-05	-3.442003e-02	1.005206e+01
4.228000e-05	-3.433484e-02	1.004163e+01
4.229000e-05	-3.486216e-02	1.009411e+01
4.230000e-05	-3.707357e-02	1.010363e+01
4.231000e-05	-3.655124e-02	1.005321e+01
4.232000e-05	-3.693547e-02	1.006314e+01
4.233000e-05	-3.771958e-02	1.004411e+01
4.234000e-05	-3.984169e-02	1.007311e+01
4.235000e-05	-3.865776e-02	1.004158e+01
4.236000e-05	-4.050846e-02	1.003151e+01
4.237000e-05	-4.243517e-02	9.962002e+00
4.238000e-05	-4.262806e-02	9.957897e+00
4.239000e-05	-4.254283e-02	9.915218e+00
4.240000e-05	-4.404996e-02	9.855116e+00
4.241000e-05	-4.598428e-02	9.802031e+00
4.242000e-05	-4.625051e-02	9.786802e+00
4.243000e-05	-4.767966e-02	9.724689e+00
4.244000e-05	-4.975016e-02	9.663056e+00
4.245000e-05	-5.110857e-02	9.599026e+00
4.246000e-05	-5.253584e-02	9.535840e+00
4.247000e-05	-5.255799e-02	9.463634e+00
4.248000e-05	-5.441414e-02	9.381528e+00
4.249000e-05	-5.392829e-02	9.336819e+00
4.250000e-05	-5.463504e-02	9.302683e+00
4.251000e-05	-5.436731e-02	9.232001e+00
4.252000e-05	-5.427250e-02	9.107847e+00
4.253000e-05	-5.369987e-02	9.040603e+00
4.254000e-05	-5.431086e-02	8.955717e+00
4.255000e-05	-5.245204e-02	8.850053e+00
4.256000e-05	-5.217795e-02	8.738342e+00
4.257000e-05	-4.844170e-02	8.683161e+00
4.258000e-05	-5.009914e-02	8.597997e+00
4.259000e-05	-4.573057e-02	8.513709e+00
4.260000e-05	-4.527497e-02	8.420529e+00
4.261000e-05	-4.411118e-02	8.324769e+00
4.262000e-05	-4.296892e-02	8.176872e+00
4.263000e-05	-4.044600e-02	8.095308e+00
4.264000e-05	-3.841265e-02	7.994919e+00
4.265000e-05	-3.744725e-02	7.842128e+00
4.266000e-05	-3.729341e-02	7.724317e+00
4.267000e-05	-3.491076e-02	7.611500e+00
4.268000e-05	-3.269769e-02	7.472134e+00
4.269000e-05	-3.126178e-02	7.313208e+00
4.270000e-05	-3.090045e-02	7.137370e+00
4.271000e-05	-2.957938e-02	7.052053e+00
4.272000e-05	-2.795723e-02	6.896265e+00
4.273000e-05	-2.847715e-02	6.769399e+00
4.274000e-05	-2.638223e-02	6.622580e+00
4.275000e-05	-2.561769e-02	6.472552e+00
4.276000e-05	-2.430231e-02	6.336391e+00
4.277000e-05	-2.336455e-02	6.157349e+00
4.278000e-05	-2.203684e-02	6.051600e+00
4.279000e-05	-2.192522e-02	5.915390e+00
4.280000e-05	-2.135686e-02	5.694834e+00
4.281000e-05	-2.083668e-02	5.547368e+00
4.282000e-05	-1.982851e-02	5.428978e+00
4.283000e-05	-1.854439e-02	5.190628e+00
4.284000e-05	-1.800595e-02	5.041578e+00
4.285000e-05	-1.709347e-02	4.870478e+00
4.286000e-05	-1.756653e-02	4.662333e+00
4.287000e-05	-1.652027e-02	4.484210e+00
4.288000e-05	-1.518105e-02	4.356972e+00
4.289000e-05	-1.413252e-02	4.183967e+00
4.290000e-05	-1.344595e-02	3.999424e+00
4.291000e-05	-1.307394e-02	3.860128e+00
4.292000e-05	-1.294140e-02	3.672636e+00
4.293000e-05	-1.219646e-02	3.497891e+00
4.294000e-05	-1.217406e-02	3.344888e+00
4.295000e-05	-1.145406e-02	3.125820e+00
4.296000e-05	-1.073407e-02	2.978495e+00
4.297000e-05	-1.003882e-02	2.800101e+00
4.298000e-05	-9.521538e-03	2.611150e+00
4.299000e-05	-9.609417e-03	2.410474e+00
4.300000e-05	-8.902404e-03	2.221653e+00
4.301000e-05	-8.620729e-03	2.052233e+00
4.302000e-05	-8.258839e-03	1.874889e+00
4.303000e-05	-7.145531e-03	1.653688e+00
4.304000e-05	-7.060605e-03	1.504284e+00
4.305000e-05	-7.642999e-03	1.304362e+00
4.306000e-05	-6.025953e-03	1.092717e+00
4.307000e-05	-6.095015e-03	8.536540e-01
4.308000e-05	-6.085196e-03	6.957367e-01
4.309000e-05	-5.740029e-03	5.133157e-01
4.310000e-05	-3.867136e-03	3.479970e-01
4.311000e-05	-3.966271e-03	1.362408e-01
4.312000e-05	-1.853407e-03	-5.352909e-02
4.313000e-05	2.300840e-03	-2.209764e-01
4.314000e-05	-4.219792e-04	-4.109724e-01
4.315000e-05	7.468946e-04	-5.263621e-01
4.316000e-05	-1.521207e-03	-7.774686e-01
4.317000e-05	3.335002e-04	-8.842420e-01
4.318000e-05	-9.819458e-04	-1.044032e+00
4.319000e-05	7.538534e-03	-1.222553e+00
4.320000e-05	5.290773e-02	-1.452957e+00
4.321000e-05	5.309009e-02	-1.634004e+00
4.322000e-05	-5.874486e-02	-1.905164e+00
4.323000e-05	-2.039550e-02	-2.197275e+00
4.324000e-05	-8.471164e-02	-2.379946e+00
4.325000e-05	1.726264e-02	-2.410501e+00
4.326000e-05	1.251723e-01	-2.474608e+00
4.327000e-05	-1.223778e-01	-2.706767e+00
4.328000e-05	5.072128e-02	-2.863634e+00
4.329000e-05	9.948389e-02	-3.029399e+00
4.330000e-05	-1.591637e-01	-3.293609e+00
4.331000e-05	7.956152e-02	-3.421583e+00
4.332000e-05	5.616444e-02	-3.577320e+00
4.333000e-05	-1.114547e-01	-3.787804e+00
4.334000e-05	1.331270e-01	-3.967817e+00
4.335000e-05	-4.434772e-02	-4.137217e+00
4.336000e-05	-2.976873e-02	-4.326216e+00
4.337000e-05	7.649211e-02	-4.422480e+00
4.338000e-05	-1.041878e-01	-4.693054e+00
4.339000e-05	9.482288e-02	-4.850551e+00
4.340000e-05	5.708018e-03	-4.937191e+00
4.341000e-05	-5.853411e-02	-5.169324e+00
4.342000e-05	9.313425e-02	-5.338168e+00
4.343000e-05	-4.030981e-02	-5.567497e+00
4.344000e-05	4.379627e-02	-5.695662e+00
4.345000e-05	-3.322236e-02	-5.842053e+00
4.346000e-05	5.047871e-04	-5.979897e+00
4.347000e-05	7.296289e-02	-6.127162e+00
4.348000e-05	-6.385629e-02	-6.296717e+00
4.349000e-05	6.933823e-02	-6.464613e+00
4.350000e-05	-6.860111e-03	-6.650403e+00
4.351000e-05	-5.747638e-03	-6.768340e+00
4.352000e-05	2.200974e-02	-6.852082e+00
4.353000e-05	-2.327931e-02	-7.032455e+00
4.354000e-05	8.051878e-02	-7.200479e+00
4.355000e-05	-2.708243e-02	-7.276115e+00
4.356000e-05	8.899432e-03	-7.420980e+00
4.357000e-05	1.572999e-02	-7.518241e+00
4.358000e-05	1.231675e-02	-7.706163e+00
4.359000e-05	2.540734e-02	-7.819429e+00
4.360000e-05	-1.482358e-02	-7.970423e+00
4.361000e-05	4.565980e-02	-8.064613e+00
4.362000e-05	1.225542e-03	-8.210401e+00
4.363000e-05	1.162586e-02	-8.284086e+00
4.364000e-05	1.404006e-02	-8.378953e+00
4.365000e-05	2.171125e-02	-8.463633e+00
4.366000e-05	1.937256e-02	-8.600873e+00
4.367000e-05	-3.183521e-03	-8.757719e+00
4.368000e-05	3.125933e-02	-8.811980e+00
4.369000e-05	1.847551e-02	-8.885663e+00
4.370000e-05	1.664947e-02	-8.991876e+00
4.371000e-05	1.013949e-02	-9.052985e+00
4.372000e-05	2.414000e-02	-9.146263e+00
4.373000e-05	2.280142e-02	-9.209927e+00
4.374000e-05	1.335165e-02	-9.224034e+00
4.375000e-05	2.383957e-02	-9.348267e+00
4.376000e-05	2.286779e-02	-9.495476e+00
4.377000e-05	1.889764e-02	-9.515689e+00
4.378000e-05	1.650340e-02	-9.589922e+00
4.379000e-05	2.613405e-02	-9.621957e+00
4.380000e-05	2.435308e-02	-9.674686e+00
4.381000e-05	2.187272e-02	-9.726114e+00
4.382000e-05	2.247192e-02	-9.737820e+00
4.383000e-05	2.465500e-02	-9.799874e+00
4.384000e-05	2.289876e-02	-9.851479e+00
4.385000e-05	2.251109e-02	-9.884083e+00
4.386000e-05	2.676972e-02	-9.904663e+00
4.387000e-05	2.487395e-02	-9.895740e+00
4.388000e-05	2.317592e-02	-9.947741e+00
4.389000e-05	2.701939e-02	-9.948845e+00
4.390000e-05	2.878223e-02	-9.936821e+00
4.391000e-05	2.635438e-02	-9.988950e+00
4.392000e-05	2.787423e-02	-9.999396e+00
4.393000e-05	2.981570e-02	-9.980551e+00
4.394000e-05	2.969719e-02	-1.003242e+01
4.395000e-05	2.760318e-02	-1.002003e+01
4.396000e-05	2.845241e-02	-1.002050e+01
4.397000e-05	3.139922e-02	-9.999874e+00
4.398000e-05	3.180704e-02	-9.991499e+00
4.399000e-05	3.292537e-02	-1.001040e+01
4.400000e-05	3.488955e-02	-9.958872e+00
4.401000e-05	3.460853e-02	-9.936945e+00
4.402000e-05	3.487496e-02	-9.947740e+00
4.403000e-05	3.548688e-02	-9.935136e+00
4.404000e-05	3.606955e-02	-9.894559e+00
4.405000e-05	3.547565e-02	-9.873082e+00
4.406000e-05	3.766882e-02	-9.840446e+00
4.407000e-05	4.131016e-02	-9.758874e+00
4.408000e-05	4.247692e-02	-9.736240e+00
4.409000e-05	4.139840e-02	-9.695208e+00
4.410000e-05	4.237530e-02	-9.643053e+00
4.411000e-05	4.445381e-02	-9.579474e+00
4.412000e-05	4.597701e-02	-9.474342e+00
4.413000e-05	4.687735e-02	-9.441631e+00
4.414000e-05	4.883481e-02	-9.359266e+00
4.415000e-05	4.749783e-02	-9.283661e+00
4.416000e-05	4.625371e-02	-9.220997e+00
4.417000e-05	4.662180e-02	-9.115313e+00
4.418000e-05	4.920664e-02	-9.053607e+00
4.419000e-05	4.860085e-02	-9.038419e+00
4.420000e-05	4.617705e-02	-8.913187e+00
4.421000e-05	4.514027e-02	-8.842003e+00
4.422000e-05	4.521462e-02	-8.738370e+00
4.423000e-05	4.330299e-02	-8.642582e+00
4.424000e-05	4.175027e-02	-8.536286e+00
4.425000e-05	3.863805e-02	-8.420525e+00
4.426000e-05	3.790702e-02	-8.335742e+00
4.427000e-05	3.727115e-02	-8.273030e+00
4.428000e-05	3.643123e-02	-8.147264e+00
4.429000e-05	3.506246e-02	-8.031577e+00
4.430000e-05	3.217346e-02	-7.925791e+00
4.431000e-05	3.163332e-02	-7.768368e+00
4.432000e-05	2.981425e-02	-7.640082e+00
4.433000e-05	2.664018e-02	-7.504236e+00
4.434000e-05	2.695607e-02	-7.358338e+00
4.435000e-05	2.541436e-02	-7.261078e+00
4.436000e-05	2.510551e-02	-7.115291e+00
4.437000e-05	2.140662e-02	-6.956363e+00
4.438000e-05	2.180055e-02	-6.840426e+00
4.439000e-05	1.973083e-02	-6.673681e+00
4.440000e-05	2.042970e-02	-6.566844e+00
4.441000e-05	1.874675e-02	-6.441499e+00
4.442000e-05	1.700687e-02	-6.252661e+00
4.443000e-05	1.589652e-02	-6.102132e+00
4.444000e-05	1.547980e-02	-5.915840e+00
4.445000e-05	1.459205e-02	-5.789521e+00
4.446000e-05	1.263530e-02	-5.642605e+00
4.447000e-05	1.149990e-02	-5.474285e+00
4.448000e-05	1.139209e-02	-5.262106e+00
4.449000e-05	1.040292e-02	-5.095737e+00
4.450000e-05	9.712322e-03	-4.886388e+00
4.451000e-05	1.024254e-02	-4.767238e+00
4.452000e-05	8.680807e-03	-4.566945e+00
4.453000e-05	6.689558e-03	-4.420076e+00
4.454000e-05	7.198446e-03	-4.283711e+00
4.455000e-05	5.438840e-03	-4.126813e+00
4.456000e-05	7.503111e-03	-3.979973e+00
4.457000e-05	3.340392e-03	-3.820021e+00
4.458000e-05	6.063332e-03	-3.588473e+00
4.459000e-05	4.393029e-03	-3.431129e+00
4.460000e-05	5.238805e-03	-3.283136e+00
4.461000e-05	2.663514e-03	-3.127765e+00
4.462000e-05	1.863937e-03	-2.884679e+00
4.463000e-05	3.152396e-03	-2.725839e+00
4.464000e-05	1.539416e-03	-2.567366e+00
4.465000e-05	2.065589e-03	-2.368971e+00
4.466000e-05	1.565136e-03	-2.178318e+00
4.467000e-05	7.667304e-04	-1.989446e+00
4.468000e-05	-1.792808e-03	-1.830526e+00
4.469000e-05	-2.339627e-04	-1.612100e+00
4.470000e-05	-1.750840e-04	-1.411724e+00
4.471000e-05	-6.795963e-04	-1.178470e+00
4.472000e-05	-2.157780e-03	-1.020996e+00
4.473000e-05	-1.840177e-03	-8.421001e-01
4.474000e-05	-4.095285e-03	-6.522025e-01
4.475000e-05	-3.854107e-03	-4.114989e-01
4.476000e-05	-3.644307e-03	-2.631278e-01
4.477000e-05	-1.592260e-03	-1.037630e-01
4.478000e-05	-2.549020e-04	9.515936e-02
4.479000e-05	1.900781e-03	2.752420e-01
4.480000e-05	-3.559447e-03	4.525880e-01
4.481000e-05	3.831381e-04	6.125064e-01
4.482000e-05	-4.642586e-03	7.088448e-01
4.483000e-05	-3.030524e-03	9.162223e-01
4.484000e-05	-4.012573e-03	1.148322e+00
4.485000e-05	4.142477e-03	1.325213e+00
4.486000e-05	2.829700e-02	1.535343e+00
4.487000e-05	5.902815e-02	1.808375e+00
4.488000e-05	-2.799368e-02	1.947900e+00
4.489000e-05	-4.732327e-02	2.166346e+00
4.490000e-05	-4.527914e-02	2.315668e+00
4.491000e-05	-6.882341e-02	2.411029e+00
4.492000e-05	5.375560e-02	2.630354e+00
4.493000e-05	7.395401e-02	2.809926e+00
4.494000e-05	-1.290292e-01	2.935790e+00
4.495000e-05	9.405457e-02	3.074058e+00
4.496000e-05	-7.234071e-03	3.263586e+00
4.497000e-05	-9.985409e-02	3.494036e+00
4.498000e-05	7.662167e-02	3.641033e+00
4.499000e-05	-1.469808e-02	3.809351e+00
4.500000e-05	-6.194332e-02	3.958349e+00
4.501000e-05	6.786469e-02	4.146143e+00
4.502000e-05	-4.423420e-02	4.348924e+00
4.503000e-05	-9.511131e-03	4.505166e+00
4.504000e-05	-4.143028e-04	4.704188e+00
4.505000e-05	-3.824169e-02	4.862607e+00
4.506000e-05	1.729628e-02	5.135611e+00
4.507000e-05	-2.207734e-02	5.316137e+00
4.508000e-05	-2.519995e-03	5.463533e+00
4.509000e-05	-1.071896e-03	5.600404e+00
4.510000e-05	-2.150803e-03	5.777299e+00
4.511000e-05	-2.381188e-02	5.977845e+00
4.512000e-05	-3.402170e-02	6.123636e+00
4.513000e-05	1.655238e-02	6.239507e+00
4.514000e-05	-1.382261e-02	6.389450e+00
4.515000e-05	-1.979363e-02	6.524090e+00
4.516000e-05	-3.844283e-03	6.705186e+00
4.517000e-05	-2.355806e-02	6.842083e+00
4.518000e-05	-1.104613e-02	6.948422e+00
4.519000e-05	-1.965447e-02	7.084685e+00
4.520000e-05	-1.085725e-02	7.180000e+00
4.521000e-05	-3.307794e-03	7.314643e+00
4.522000e-05	-2.351040e-02	7.514636e+00
4.523000e-05	-1.692684e-02	7.662530e+00
4.524000e-05	-1.791814e-02	7.788299e+00
4.525000e-05	-7.918980e-03	7.913613e+00
4.526000e-05	-2.293104e-02	8.014454e+00
4.527000e-05	-1.952234e-02	8.145344e+00
4.528000e-05	-8.501932e-03	8.273612e+00
4.529000e-05	-1.997819e-02	8.379944e+00
4.530000e-05	-2.007124e-02	8.432558e+00
4.531000e-05	-2.260831e-02	8.546769e+00
4.532000e-05	-1.397709e-02	8.642031e+00
4.533000e-05	-2.243754e-02	8.746691e+00
4.534000e-05	-2.312874e-02	8.799501e+00
4.535000e-05	-1.931095e-02	8.883592e+00
4.536000e-05	-2.203381e-02	8.998378e+00
4.537000e-05	-2.301064e-02	9.116236e+00
4.538000e-05	-2.366299e-02	9.188474e+00
4.539000e-05	-1.990151e-02	9.233536e+00
4.540000e-05	-2.537953e-02	9.336741e+00
4.541000e-05	-2.655245e-02	9.428953e+00
4.542000e-05	-2.337522e-02	9.474636e+00
4.543000e-05	-2.305696e-02	9.534765e+00
4.544000e-05	-2.729820e-02	9.578949e+00
4.545000e-05	-2.701201e-02	9.610534e+00
4.546000e-05	-2.500112e-02	9.681616e+00
4.547000e-05	-2.790356e-02	9.746793e+00
4.548000e-05	-2.820663e-02	9.800474e+00
4.549000e-05	-2.908081e-02	9.862454e+00
4.550000e-05	-2.952956e-02	9.904615e+00
4.551000e-05	-3.061703e-02	9.916744e+00
4.552000e-05	-2.900310e-02	9.958396e+00
4.553000e-05	-2.844213e-02	1.001000e+01
4.554000e-05	-3.135163e-02	9.990530e+00
4.555000e-05	-3.414845e-02	1.001201e+01
4.556000e-05	-3.224103e-02	1.000105e+01
4.557000e-05	-3.157984e-02	1.008263e+01
4.558000e-05	-3.466696e-02	1.003261e+01
4.559000e-05	-3.472124e-02	1.009313e+01
4.560000e-05	-3.434642e-02	1.008363e+01
4.561000e-05	-3.564575e-02	1.009361e+01
4.562000e-05	-3.737573e-02	1.007259e+01
4.563000e-05	-3.667968e-02	1.006263e+01
4.564000e-05	-3.626448e-02	1.006224e+01
4.565000e-05	-3.790960e-02	1.006313e+01
4.566000e-05	-3.924478e-02	1.003113e+01
4.567000e-05	-4.046844e-02	1.001148e+01
4.568000e-05	-4.053462e-02	1.002098e+01
4.569000e-05	-4.140553e-02	9.998949e+00
4.570000e-05	-4.322754e-02	9.918274e+00
4.571000e-05	-4.377305e-02	9.925289e+00
4.572000e-05	-4.525490e-02	9.841961e+00
4.573000e-05	-4.548181e-02	9.832430e+00
4.574000e-05	-4.668742e-02	9.766296e+00
4.575000e-05	-4.786823e-02	9.683685e+00
4.576000e-05	-5.011343e-02	9.651977e+00
4.577000e-05	-5.239068e-02	9.577341e+00
4.578000e-05	-5.210927e-02	9.514637e+00
4.579000e-05	-5.327374e-02	9.452606e+00
4.580000e-05	-5.359753e-02	9.378903e+00
4.581000e-05	-5.538537e-02	9.326240e+00
4.582000e-05	-5.593807e-02	9.260628e+00
4.583000e-05	-5.430259e-02	9.208474e+00
4.584000e-05	-5.446624e-02	9.054293e+00
4.585000e-05	-5.253049e-02	9.019425e+00
4.586000e-05	-5.397997e-02	8.863686e+00
4.587000e-05	-5.216033e-02	8.779498e+00
4.588000e-05	-5.042963e-02	8.704737e+00
4.589000e-05	-4.971231e-02	8.622007e+00
4.590000e-05	-4.794583e-02	8.546346e+00
4.591000e-05	-4.635710e-02	8.452705e+00
4.592000e-05	-4.496512e-02	8.368971e+00
4.593000e-05	-4.306806e-02	8.253677e+00
4.594000e-05	-4.117645e-02	8.156366e+00
4.595000e-05	-4.045239e-02	7.990501e+00
4.596000e-05	-3.884186e-02	7.914792e+00
4.597000e-05	-3.800945e-02	7.838525e+00
4.598000e-05	-3.607751e-02	7.653182e+00
4.599000e-05	-3.472236e-02	7.557421e+00
4.600000e-05	-3.333761e-02	7.379499e+00
4.601000e-05	-3.243039e-02	7.220552e+00
4.602000e-05	-3.012239e-02	7.114741e+00
4.603000e-05	-2.889301e-02	7.007450e+00
4.604000e-05	-2.799802e-02	6.863582e+00
4.605000e-05	-2.710326e-02	6.705873e+00
4.606000e-05	-2.521131e-02	6.525821e+00
4.607000e-05	-2.468673e-02	6.399426e+00
4.608000e-05	-2.341484e-02	6.251658e+00
4.609000e-05	-2.337619e-02	6.115265e+00
4.610000e-05	-2.241573e-02	5.979047e+00
4.611000e-05	-2.155218e-02	5.841203e+00
4.612000e-05	-2.060548e-02	5.659553e+00
4.613000e-05	-1.978971e-02	5.474287e+00
4.614000e-05	-1.868670e-02	5.346341e+00
4.615000e-05	-1.786132e-02	5.136397e+00
4.616000e-05	-1.783753e-02	4.955808e+00
4.617000e-05	-1.784218e-02	4.757895e+00
4.618000e-05	-1.690699e-02	4.578976e+00
4.619000e-05	-1.554162e-02	4.442104e+00
4.620000e-05	-1.458792e-02	4.304760e+00
4.621000e-05	-1.335489e-02	4.113203e+00
4.622000e-05	-1.409616e-02	3.904889e+00
4.623000e-05	-1.365720e-02	3.787392e+00
4.624000e-05	-1.261513e-02	3.621502e+00
4.625000e-05	-1.230198e-02	3.438675e+00
4.626000e-05	-1.085300e-02	3.240477e+00
4.627000e-05	-1.076674e-02	3.083638e+00
4.628000e-05	-1.065705e-02	2.923266e+00
4.629000e-05	-1.029857e-02	2.726942e+00
4.630000e-05	-1.052194e-02	2.546235e+00
4.631000e-05	-9.981984e-03	2.335416e+00
4.632000e-05	-9.060631e-03	2.158445e+00
4.633000e-05	-7.570896e-03	1.969497e+00
4.634000e-05	-7.473114e-03	1.841103e+00
4.635000e-05	-7.512348e-03	1.549572e+00
4.636000e-05	-7.066262e-03	1.420576e+00
4.637000e-05	-5.913984e-03	1.188053e+00
4.638000e-05	-6.383227e-03	9.705501e-01
4.639000e-05	-6.311266e-03	8.099712e-01
4.640000e-05	-5.273207e-03	6.516214e-01
4.641000e-05	-4.869092e-03	4.515778e-01
4.642000e-05	-4.111944e-03	2.906840e-01
4.643000e-05	-4.252737e-03	3.959907e-02
4.644000e-05	1.010269e-03	-1.348170e-01
4.645000e-05	2.386390e-03	-2.861843e-01
4.646000e-05	-1.372104e-03	-4.820290e-01
4.647000e-05	1.017540e-03	-6.330293e-01
4.648000e-05	-4.775082e-04	-8.420051e-01
4.649000e-05	-7.979812e-05	-9.898975e-01
4.650000e-05	-4.240103e-04	-1.127317e+00
4.651000e-05	1.876878e-02	-1.305165e+00
4.652000e-05	7.652853e-02	-1.518715e+00
4.653000e-05	-6.330429e-03	-1.757797e+00
4.654000e-05	-4.541850e-02	-2.041455e+00
4.655000e-05	-3.951281e-02	-2.305188e+00
4.656000e-05	-7.466877e-02	-2.409999e+00
4.657000e-05	1.069036e-01	-2.421032e+00
4.658000e-05	3.155813e-02	-2.577224e+00
4.659000e-05	-1.149883e-01	-2.800600e+00
4.660000e-05	1.475749e-01	-2.896687e+00
4.661000e-05	-6.175134e-02	-3.156663e+00
4.662000e-05	-1.038140e-01	-3.348872e+00
4.663000e-05	1.443561e-01	-3.503607e+00
4.664000e-05	-6.614260e-02	-3.643533e+00
4.665000e-05	-1.777812e-02	-3.896138e+00
4.666000e-05	1.160493e-01	-4.042404e+00
4.667000e-05	-1.140987e-01	-4.231928e+00
4.668000e-05	7.458313e-02	-4.378397e+00
4.669000e-05	-2.203926e-02	-4.516616e+00
4.670000e-05	-4.642861e-02	-4.758421e+00
4.671000e-05	1.165059e-01	-4.865906e+00
4.672000e-05	-8.333321e-02	-5.072006e+00
4.673000e-05	3.712913e-02	-5.253500e+00
4.674000e-05	4.045378e-02	-5.450950e+00
4.675000e-05	-2.449516e-02	-5.652532e+00
4.676000e-05	4.416564e-02	-5.737797e+00
4.677000e-05	-6.517280e-02	-5.906788e+00
4.678000e-05	7.204459e-02	-6.072532e+00
4.679000e-05	-1.810146e-03	-6.210448e+00
4.680000e-05	-2.241507e-02	-6.399374e+00
4.681000e-05	7.301030e-02	-6.525691e+00
4.682000e-05	-4.363378e-02	-6.704637e+00
4.683000e-05	3.644501e-02	-6.789373e+00
4.684000e-05	-2.153315e-02	-6.917690e+00
4.685000e-05	3.105814e-02	-7.135212e+00
4.686000e-05	4.895794e-02	-7.222981e+00
4.687000e-05	-3.909337e-02	-7.328800e+00
4.688000e-05	3.503565e-02	-7.486062e+00
4.689000e-05	-3.518382e-03	-7.559855e+00
4.690000e-05	3.338044e-02	-7.757290e+00
4.691000e-05	-2.517480e-03	-7.914713e+00
4.692000e-05	1.095423e-02	-8.012505e+00
4.693000e-05	3.813090e-02	-8.095668e+00
4.694000e-05	-8.082380e-03	-8.233055e+00
4.695000e-05	2.385891e-02	-8.357193e+00
4.696000e-05	7.296286e-03	-8.401007e+00
4.697000e-05	3.084592e-02	-8.496741e+00
4.698000e-05	4.891928e-04	-8.663530e+00
4.699000e-05	1.390261e-02	-8.778048e+00
4.700000e-05	2.997059e-02	-8.853532e+00
4.701000e-05	1.375630e-02	-8.936744e+00
4.702000e-05	1.679296e-02	-9.021979e+00
4.703000e-05	1.255423e-02	-9.105188e+00
4.704000e-05	2.859853e-02	-9.196337e+00
4.705000e-05	1.412205e-02	-9.230976e+00
4.706000e-05	1.779787e-02	-9.295195e+00
4.707000e-05	2.283746e-02	-9.409849e+00
4.708000e-05	2.178898e-02	-9.504082e+00
4.709000e-05	1.654133e-02	-9.576843e+00
4.710000e-05	1.987875e-02	-9.609879e+00
4.711000e-05	2.757328e-02	-9.642581e+00
4.712000e-05	2.142833e-02	-9.714140e+00
4.713000e-05	2.204491e-02	-9.746717e+00
4.714000e-05	2.192093e-02	-9.758896e+00
4.715000e-05	2.541488e-02	-9.841480e+00
4.716000e-05	2.247070e-02	-9.862058e+00
4.717000e-05	2.504203e-02	-9.844108e+00
4.718000e-05	2.635554e-02	-9.905265e+00
4.719000e-05	2.446275e-02	-9.905715e+00
4.720000e-05	2.598455e-02	-9.949841e+00
4.721000e-05	2.635641e-02	-9.947370e+00
4.722000e-05	2.617731e-02	-9.958396e+00
4.723000e-05	2.586475e-02	-9.990892e+00
4.724000e-05	2.929132e-02	-9.970453e+00
4.725000e-05	2.996104e-02	-9.999425e+00
4.726000e-05	2.966279e-02	-1.000000e+01
4.727000e-05	2.822240e-02	-9.989499e+00
4.728000e-05	3.057736e-02	-9.990375e+00
4.729000e-05	3.069767e-02	-9.980473e+00
4.730000e-05	3.143954e-02	-1.002088e+01
4.731000e-05	3.270586e-02	-9.997999e+00
4.732000e-05	3.414968e-02	-9.978299e+00
4.733000e-05	3.440089e-02	-9.927793e+00
4.734000e-05	3.364584e-02	-9.945242e+00
4.735000e-05	3.797413e-02	-9.895734e+00
4.736000e-05	3.712972e-02	-9.903060e+00
4.737000e-05	3.792960e-02	-9.872528e+00
4.738000e-05	3.980776e-02	-9.799977e+00
4.739000e-05	4.042245e-02	-9.736795e+00
4.740000e-05	4.197795e-02	-9.705687e+00
4.741000e-05	4.251211e-02	-9.683632e+00
4.742000e-05	4.489660e-02	-9.642502e+00
4.743000e-05	4.425761e-02	-9.557873e+00
4.744000e-05	4.570370e-02	-9.525638e+00
4.745000e-05	4.846166e-02	-9.432078e+00
4.746000e-05	4.968454e-02	-9.337761e+00
4.747000e-05	4.838628e-02	-9.264577e+00
4.748000e-05	4.730732e-02	-9.177921e+00
4.749000e-05	4.935507e-02	-9.105786e+00
4.750000e-05	4.921863e-02	-9.010980e+00
4.751000e-05	4.803835e-02	-8.965390e+00
4.752000e-05	4.541418e-02	-8.872081e+00
4.753000e-05	4.533714e-02	-8.831024e+00
4.754000e-05	4.181309e-02	-8.686236e+00
4.755000e-05	4.214557e-02	-8.628574e+00
4.756000e-05	4.208895e-02	-8.494653e+00
4.757000e-05	4.089854e-02	-8.388925e+00
4.758000e-05	3.924941e-02	-8.264159e+00
4.759000e-05	3.677505e-02	-8.179925e+00
4.760000e-05	3.462757e-02	-8.094159e+00
4.761000e-05	3.311736e-02	-7.970474e+00
4.762000e-05	3.077179e-02	-7.873599e+00
4.763000e-05	3.204671e-02	-7.765237e+00
4.764000e-05	2.917947e-02	-7.546891e+00
4.765000e-05	2.701605e-02	-7.463652e+00
4.766000e-05	2.612593e-02	-7.326761e+00
4.767000e-05	2.560148e-02	-7.169424e+00
4.768000e-05	2.383327e-02	-7.030605e+00
4.769000e-05	2.137900e-02	-6.885232e+00
4.770000e-05	2.087693e-02	-6.756395e+00
4.771000e-05	2.082054e-02	-6.641151e+00
4.772000e-05	1.873811e-02	-6.494209e+00
4.773000e-05	1.788158e-02	-6.338896e+00
4.774000e-05	1.555587e-02	-6.207419e+00
4.775000e-05	1.647143e-02	-6.040471e+00
4.776000e-05	1.484506e-02	-5.874680e+00
4.777000e-05	1.359346e-02	-5.726312e+00
4.778000e-05	1.263105e-02	-5.589473e+00
4.779000e-05	1.187960e-02	-5.398596e+00
4.780000e-05	1.197203e-02	-5.169474e+00
4.781000e-05	1.005403e-02	-5.033128e+00
4.782000e-05	9.273048e-03	-4.870120e+00
4.783000e-05	1.043807e-02	-4.622106e+00
4.784000e-05	8.173436e-03	-4.504711e+00
4.785000e-05	8.631980e-03	-4.357897e+00
4.786000e-05	6.603973e-03	-4.241128e+00
4.787000e-05	7.219192e-03	-4.063203e+00
4.788000e-05	6.372988e-03	-3.914839e+00
4.789000e-05	5.721284e-03	-3.693687e+00
4.790000e-05	2.940017e-03	-3.525340e+00
4.791000e-05	5.792027e-03	-3.388897e+00
4.792000e-05	3.573969e-03	-3.210578e+00
4.793000e-05	4.479513e-03	-3.012021e+00
4.794000e-05	2.118882e-03	-2.819049e+00
4.795000e-05	3.648033e-03	-2.661153e+00
4.796000e-05	3.348342e-04	-2.463303e+00
4.797000e-05	1.421437e-03	-2.302738e+00
4.798000e-05	4.626823e-04	-2.072605e+00
4.799000e-05	1.242805e-03	-1.916267e+00
4.800000e-05	-5.074857e-04	-1.755341e+00
4.801000e-05	-3.940578e-04	-1.578519e+00
4.802000e-05	-1.440798e-03	-1.324787e+00
4.803000e-05	-1.255843e-03	-1.094762e+00
4.804000e-05	-1.683315e-03	-9.074133e-01
4.805000e-05	-2.117658e-03	-7.575435e-01
4.806000e-05	-3.815968e-03	-5.663656e-01
4.807000e-05	-3.152614e-03	-3.484672e-01
4.808000e-05	-3.252900e-03	-1.775211e-01
4.809000e-05	-1.356788e-03	-1.011881e-02
4.810000e-05	1.953350e-03	1.682974e-01
4.811000e-05	-8.480569e-04	3.889749e-01
4.812000e-05	-1.819205e-03	5.472436e-01
4.813000e-05	-7.020189e-04	6.866120e-01
4.814000e-05	-4.222268e-03	8.329815e-01
4.815000e-05	-3.296249e-03	1.002082e+00
4.816000e-05	-1.296379e-03	1.222505e+00
4.817000e-05	1.032001e-02	1.409428e+00
4.818000e-05	4.932670e-02	1.601505e+00
4.819000e-05	3.211001e-02	1.873535e+00
4.820000e-05	-5.378951e-02	2.031632e+00
4.821000e-05	-3.840348e-02	2.252530e+00
4.822000e-05	-6.071239e-02	2.368976e+00
4.823000e-05	-3.919314e-02	2.494137e+00
4.824000e-05	1.144076e-01	2.696287e+00
4.825000e-05	-3.832547e-02	2.854084e+00
4.826000e-05	-6.462771e-02	2.967323e+00
4.827000e-05	1.172294e-01	3.116773e+00
4.828000e-05	-9.921399e-02	3.338772e+00
4.829000e-05	-2.068761e-02	3.558894e+00
4.830000e-05	7.788768e-02	3.673662e+00
4.831000e-05	-8.184681e-02	3.895634e+00
4.832000e-05	1.483052e-02	4.040483e+00
4.833000e-05	3.056631e-02	4.244529e+00
4.834000e-05	-5.263926e-02	4.442483e+00
4.835000e-05	1.781932e-02	4.588476e+00
4.836000e-05	-3.104567e-02	4.779504e+00
4.837000e-05	-1.137300e-02	4.919744e+00
4.838000e-05	5.968752e-03	5.208857e+00
4.839000e-05	-2.285159e-02	5.358351e+00
4.840000e-05	5.531892e-03	5.536740e+00
4.841000e-05	-3.460856e-03	5.664614e+00
4.842000e-05	-7.543162e-03	5.863057e+00
4.843000e-05	-3.689800e-02	6.031005e+00
4.844000e-05	-1.365395e-02	6.187773e+00
4.845000e-05	1.585617e-02	6.274111e+00
4.846000e-05	-3.163574e-02	6.451053e+00
4.847000e-05	-3.699147e-03	6.587320e+00
4.848000e-05	-1.570616e-02	6.757775e+00
4.849000e-05	-1.795088e-02	6.903663e+00
4.850000e-05	-1.080672e-02	7.010528e+00
4.851000e-05	-2.214995e-02	7.116764e+00
4.852000e-05	-1.728035e-04	7.221036e+00
4.853000e-05	-1.584869e-02	7.348373e+00
4.854000e-05	-1.819748e-02	7.568800e+00
4.855000e-05	-2.043570e-02	7.703662e+00
4.856000e-05	-1.104186e-02	7.810482e+00
4.857000e-05	-1.399177e-02	7.966274e+00
4.858000e-05	-2.417007e-02	8.043587e+00
4.859000e-05	-1.365433e-02	8.210828e+00
4.860000e-05	-1.414557e-02	8.314214e+00
4.861000e-05	-2.102441e-02	8.400005e+00
4.862000e-05	-2.195398e-02	8.473611e+00
4.863000e-05	-1.849830e-02	8.618853e+00
4.864000e-05	-1.744016e-02	8.664111e+00
4.865000e-05	-2.384093e-02	8.768792e+00
4.866000e-05	-2.140201e-02	8.820529e+00
4.867000e-05	-1.811781e-02	8.948170e+00
4.868000e-05	-2.420044e-02	9.093059e+00
4.869000e-05	-2.288306e-02	9.136817e+00
4.870000e-05	-2.103233e-02	9.240026e+00
4.871000e-05	-2.084748e-02	9.304611e+00
4.872000e-05	-2.785676e-02	9.357796e+00
4.873000e-05	-2.570740e-02	9.422031e+00
4.874000e-05	-2.150026e-02	9.504636e+00
4.875000e-05	-2.561009e-02	9.566243e+00
4.876000e-05	-2.809712e-02	9.597403e+00
4.877000e-05	-2.642530e-02	9.634609e+00
4.878000e-05	-2.434658e-02	9.745717e+00
4.879000e-05	-2.846876e-02	9.759320e+00
4.880000e-05	-2.904905e-02	9.831353e+00
4.881000e-05	-2.852389e-02	9.922632e+00
4.882000e-05	-2.964198e-02	9.937235e+00
4.883000e-05	-3.082741e-02	9.947940e+00
4.884000e-05	-2.895870e-02	9.959449e+00
4.885000e-05	-2.822744e-02	1.001043e+01
4.886000e-05	-3.241034e-02	1.001001e+01
4.887000e-05	-3.414059e-02	1.004196e+01
4.888000e-05	-3.147818e-02	1.005311e+01
4.889000e-05	-3.300379e-02	1.004306e+01
4.890000e-05	-3.509948e-02	1.007516e+01
4.891000e-05	-3.493462e-02	1.006358e+01
4.892000e-05	-3.363291e-02	1.010271e+01
4.893000e-05	-3.643150e-02	1.007413e+01
4.894000e-05	-3.757945e-02	1.010469e+01
4.895000e-05	-3.832605e-02	1.005354e+01
4.896000e-05	-3.753533e-02	1.005213e+01
4.897000e-05	-3.792837e-02	1.005108e+01
4.898000e-05	-3.815897e-02	1.008213e+01
4.899000e-05	-4.018982e-02	1.004200e+01
4.900000e-05	-4.102121e-02	9.989475e+00
4.901000e-05	-4.201597e-02	9.997921e+00
4.902000e-05	-4.440325e-02	9.965294e+00
4.903000e-05	-4.470431e-02	9.845138e+00
4.904000e-05	-4.479899e-02	9.831058e+00
4.905000e-05	-4.548925e-02	9.809820e+00
4.906000e-05	-4.825742e-02	9.734792e+00
4.907000e-05	-4.907751e-02	9.671585e+00
4.908000e-05	-4.982973e-02	9.588423e+00
4.909000e-05	-5.217241e-02	9.506315e+00
4.910000e-05	-5.329050e-02	9.464161e+00
4.911000e-05	-5.322775e-02	9.450024e+00
4.912000e-05	-5.289153e-02	9.348769e+00
4.913000e-05	-5.464133e-02	9.294185e+00
4.914000e-05	-5.612325e-02	9.259532e+00
4.915000e-05	-5.486123e-02	9.139898e+00
4.916000e-05	-5.310911e-02	9.083109e+00
4.917000e-05	-5.347551e-02	8.956817e+00
4.918000e-05	-5.208428e-02	8.861627e+00
4.919000e-05	-5.153525e-02	8.767922e+00
4.920000e-05	-4.859097e-02	8.673660e+00
4.921000e-05	-5.091442e-02	8.569474e+00
4.922000e-05	-4.778116e-02	8.484688e+00
4.923000e-05	-4.653947e-02	8.410006e+00
4.924000e-05	-4.324617e-02	8.316341e+00
4.925000e-05	-4.250490e-02	8.189999e+00
4.926000e-05	-4.092572e-02	8.072158e+00
4.927000e-05	-3.997405e-02	7.987374e+00
4.928000e-05	-3.808271e-02	7.833109e+00
4.929000e-05	-3.713903e-02	7.734842e+00
4.930000e-05	-3.444187e-02	7.611603e+00
4.931000e-05	-3.374244e-02	7.494732e+00
4.932000e-05	-3.303355e-02	7.295236e+00
4.933000e-05	-3.165545e-02	7.177473e+00
4.934000e-05	-3.030339e-02	7.071053e+00
4.935000e-05	-2.872911e-02	6.935763e+00
4.936000e-05	-2.716475e-02	6.812500e+00
4.937000e-05	-2.664258e-02	6.653701e+00
4.938000e-05	-2.478231e-02	6.494681e+00
4.939000e-05	-2.484129e-02	6.336262e+00
4.940000e-05	-2.274488e-02	6.179499e+00
4.941000e-05	-2.260090e-02	6.051603e+00
4.942000e-05	-2.234924e-02	5.957393e+00
4.943000e-05	-2.130332e-02	5.764464e+00
4.944000e-05	-2.010585e-02	5.607447e+00
4.945000e-05	-2.014077e-02	5.421525e+00
4.946000e-05	-1.848408e-02	5.292081e+00
4.947000e-05	-1.851733e-02	5.053186e+00
4.948000e-05	-1.637616e-02	4.854053e+00
4.949000e-05	-1.685144e-02	4.684235e+00
4.950000e-05	-1.609923e-02	4.555889e+00
4.951000e-05	-1.508570e-02	4.390996e+00
4.952000e-05	-1.376555e-02	4.199079e+00
4.953000e-05	-1.385831e-02	4.031575e+00
4.954000e-05	-1.319051e-02	3.862629e+00
4.955000e-05	-1.302512e-02	3.694182e+00
4.956000e-05	-1.219166e-02	3.556441e+00
4.957000e-05	-1.161928e-02	3.376317e+00
4.958000e-05	-1.117871e-02	3.167470e+00
4.959000e-05	-1.024833e-02	3.009524e+00
4.960000e-05	-9.767248e-03	2.851131e+00
4.961000e-05	-1.052004e-02	2.692332e+00
4.962000e-05	-9.884753e-03	2.421677e+00
4.963000e-05	-8.924598e-03	2.242654e+00
4.964000e-05	-8.073536e-03	2.083234e+00
4.965000e-05	-7.706409e-03	1.926419e+00
4.966000e-05	-7.148034e-03	1.743833e+00
4.967000e-05	-6.999147e-03	1.524913e+00
4.968000e-05	-7.147825e-03	1.326391e+00
4.969000e-05	-6.780532e-03	1.167966e+00
4.970000e-05	-6.099854e-03	8.931828e-01
4.971000e-05	-4.905011e-03	7.263408e-01
4.972000e-05	-5.249456e-03	5.443407e-01
4.973000e-05	-4.932097e-03	3.774449e-01
4.974000e-05	-5.114632e-03	1.568909e-01
4.975000e-05	-2.238606e-03	-5.050396e-02
4.976000e-05	2.977944e-03	-1.794263e-01
4.977000e-05	5.097761e-05	-3.378948e-01
4.978000e-05	-3.712568e-04	-5.361894e-01
4.979000e-05	4.229672e-04	-7.473722e-01
4.980000e-05	1.129280e-04	-8.551879e-01
4.981000e-05	-3.971014e-04	-1.021999e+00
4.982000e-05	5.548736e-03	-1.189481e+00
4.983000e-05	4.324516e-02	-1.410377e+00
4.984000e-05	6.549214e-02	-1.641904e+00
4.985000e-05	-5.353294e-02	-1.855063e+00
4.986000e-05	-2.244127e-02	-2.096711e+00
4.987000e-05	-7.442316e-02	-2.358320e+00
4.988000e-05	-1.343762e-02	-2.411075e+00
4.989000e-05	1.350468e-01	-2.453557e+00
4.990000e-05	-9.384558e-02	-2.656586e+00
4.991000e-05	-9.435187e-03	-2.865133e+00
4.992000e-05	1.280894e-01	-2.988299e+00
4.993000e-05	-1.495981e-01	-3.210929e+00
4.994000e-05	3.967549e-02	-3.412080e+00
4.995000e-05	9.369439e-02	-3.557293e+00
4.996000e-05	-1.196277e-01	-3.766821e+00
4.997000e-05	1.054399e-01	-3.946767e+00
4.998000e-05	2.718794e-03	-4.105092e+00
4.999000e-05	-6.422126e-02	-4.305694e+00
