# 260406_15:01:53.979804
t	CH1	CH2
0.000000e+00	-3.968070e-03	3.028155e-01
1.000000e-08	-3.533844e-03	7.221252e-02
2.000000e-08	1.069462e-04	-1.073858e-01
3.000000e-08	3.461953e-03	-2.246805e-01
4.000000e-08	-5.001640e-04	-4.120489e-01
5.000000e-08	3.544728e-04	-5.710792e-01
6.000000e-08	-3.604763e-04	-8.205727e-01
7.000000e-08	1.107665e-03	-9.678662e-01
8.000000e-08	9.871858e-04	-1.067262e+00
9.000000e-08	2.078040e-02	-1.323752e+00
1.000000e-07	5.150333e-02	-1.486860e+00
1.100000e-07	3.578639e-02	-1.718865e+00
1.200000e-07	-6.945428e-02	-1.980020e+00
1.300000e-07	-2.124660e-02	-2.202652e+00
1.400000e-07	-6.797544e-02	-2.379499e+00
1.500000e-07	4.749166e-02	-2.441129e+00
1.600000e-07	8.542486e-02	-2.508316e+00
1.700000e-07	-1.200813e-01	-2.781572e+00
1.800000e-07	8.004872e-02	-2.902190e+00
1.900000e-07	4.727153e-02	-3.023309e+00
2.000000e-07	-1.349136e-01	-3.297417e+00
2.100000e-07	1.115235e-01	-3.465209e+00
2.200000e-07	1.587316e-02	-3.632077e+00
2.300000e-07	-8.556696e-02	-3.833651e+00
2.400000e-07	1.310954e-01	-4.021548e+00
2.500000e-07	-6.283024e-02	-4.182076e+00
2.600000e-07	3.228597e-03	-4.369019e+00
2.700000e-07	4.847120e-02	-4.457687e+00
2.800000e-07	-8.918158e-02	-4.727392e+00
2.900000e-07	1.053064e-01	-4.814629e+00
3.000000e-07	-2.499001e-02	-5.003104e+00
3.100000e-07	-2.945506e-02	-5.231553e+00
3.200000e-07	8.997913e-02	-5.382499e+00
3.300000e-07	-5.030442e-02	-5.600604e+00
3.400000e-07	5.003706e-02	-5.738441e+00
3.500000e-07	-4.083699e-02	-5.886337e+00
3.600000e-07	1.952146e-02	-6.021553e+00
3.700000e-07	5.489440e-02	-6.151449e+00
3.800000e-07	-5.801107e-02	-6.390025e+00
3.900000e-07	7.840050e-02	-6.475287e+00
4.000000e-07	-2.187999e-02	-6.674258e+00
4.100000e-07	4.626875e-03	-6.739025e+00
4.200000e-07	1.729994e-02	-6.884787e+00
4.300000e-07	-9.261763e-03	-7.074790e+00
4.400000e-07	7.505908e-02	-7.220624e+00
4.500000e-07	-3.985471e-02	-7.337467e+00
4.600000e-07	2.368715e-02	-7.463686e+00
4.700000e-07	1.045072e-02	-7.599421e+00
4.800000e-07	1.397207e-02	-7.737890e+00
4.900000e-07	2.075064e-02	-7.866732e+00
5.000000e-07	-8.346369e-03	-8.001077e+00
5.100000e-07	5.065357e-02	-8.096762e+00
5.200000e-07	-3.898879e-03	-8.200085e+00
5.300000e-07	1.849412e-02	-8.315319e+00
5.400000e-07	1.495900e-02	-8.419003e+00
5.500000e-07	2.097222e-02	-8.505747e+00
5.600000e-07	1.335270e-02	-8.662156e+00
5.700000e-07	-2.093604e-04	-8.778025e+00
5.800000e-07	3.404983e-02	-8.842558e+00
5.900000e-07	1.660464e-02	-8.896894e+00
6.000000e-07	2.060716e-02	-9.010602e+00
6.100000e-07	1.399200e-02	-9.105264e+00
6.200000e-07	2.617679e-02	-9.117970e+00
6.300000e-07	2.064181e-02	-9.221028e+00
6.400000e-07	1.478671e-02	-9.263813e+00
6.500000e-07	2.390861e-02	-9.410503e+00
6.600000e-07	2.106738e-02	-9.534333e+00
6.700000e-07	1.976769e-02	-9.556918e+00
6.800000e-07	1.865790e-02	-9.599955e+00
6.900000e-07	2.794539e-02	-9.661131e+00
7.000000e-07	2.426889e-02	-9.684190e+00
7.100000e-07	2.464866e-02	-9.736866e+00
7.200000e-07	2.515942e-02	-9.746999e+00
7.300000e-07	2.475273e-02	-9.831549e+00
7.400000e-07	2.263053e-02	-9.873630e+00
7.500000e-07	2.474821e-02	-9.883736e+00
7.600000e-07	2.834091e-02	-9.913839e+00
7.700000e-07	2.572382e-02	-9.924870e+00
7.800000e-07	2.504308e-02	-9.935869e+00
7.900000e-07	2.938374e-02	-9.938899e+00
8.000000e-07	2.958325e-02	-9.977951e+00
8.100000e-07	2.820082e-02	-1.000005e+01
8.200000e-07	3.020632e-02	-9.990000e+00
8.300000e-07	3.171857e-02	-9.999025e+00
8.400000e-07	3.096111e-02	-1.005058e+01
8.500000e-07	2.859568e-02	-1.002008e+01
8.600000e-07	3.164181e-02	-9.988903e+00
8.700000e-07	3.360110e-02	-1.004913e+01
8.800000e-07	3.455828e-02	-1.002003e+01
8.900000e-07	3.546418e-02	-9.959430e+00
9.000000e-07	3.549400e-02	-9.977451e+00
9.100000e-07	3.620103e-02	-9.995920e+00
9.200000e-07	3.649355e-02	-9.945318e+00
9.300000e-07	3.901462e-02	-9.894742e+00
9.400000e-07	3.931500e-02	-9.865241e+00
9.500000e-07	3.956475e-02	-9.851128e+00
9.600000e-07	4.122105e-02	-9.838979e+00
9.700000e-07	4.359499e-02	-9.787899e+00
9.800000e-07	4.473736e-02	-9.724314e+00
9.900000e-07	4.645244e-02	-9.664684e+00
1.000000e-06	4.800150e-02	-9.640079e+00
1.010000e-06	4.895640e-02	-9.597930e+00
1.020000e-06	4.919983e-02	-9.534844e+00
1.030000e-06	5.160293e-02	-9.450612e+00
1.040000e-06	5.202176e-02	-9.326316e+00
1.050000e-06	5.117791e-02	-9.291687e+00
1.060000e-06	5.140344e-02	-9.217900e+00
1.070000e-06	5.189521e-02	-9.133868e+00
1.080000e-06	5.269095e-02	-9.010629e+00
1.090000e-06	5.038107e-02	-8.993874e+00
1.100000e-06	4.913554e-02	-8.851712e+00
1.110000e-06	4.686753e-02	-8.827904e+00
1.120000e-06	4.420403e-02	-8.696370e+00
1.130000e-06	4.242743e-02	-8.619579e+00
1.140000e-06	4.232184e-02	-8.491789e+00
1.150000e-06	4.134174e-02	-8.359452e+00
1.160000e-06	3.871711e-02	-8.293238e+00
1.170000e-06	3.771636e-02	-8.159052e+00
1.180000e-06	3.599890e-02	-8.082837e+00
1.190000e-06	3.407070e-02	-7.959503e+00
1.200000e-06	3.196907e-02	-7.864692e+00
1.210000e-06	3.095009e-02	-7.682891e+00
1.220000e-06	2.891696e-02	-7.579450e+00
1.230000e-06	2.691505e-02	-7.451178e+00
1.240000e-06	2.631850e-02	-7.314341e+00
1.250000e-06	2.522381e-02	-7.229351e+00
1.260000e-06	2.342816e-02	-7.062711e+00
1.270000e-06	2.211761e-02	-6.863766e+00
1.280000e-06	2.114916e-02	-6.767852e+00
1.290000e-06	2.072396e-02	-6.601078e+00
1.300000e-06	1.989038e-02	-6.473696e+00
1.310000e-06	1.712321e-02	-6.357000e+00
1.320000e-06	1.682761e-02	-6.207904e+00
1.330000e-06	1.536574e-02	-6.031031e+00
1.340000e-06	1.452248e-02	-5.893736e+00
1.350000e-06	1.372191e-02	-5.768347e+00
1.360000e-06	1.245431e-02	-5.577901e+00
1.370000e-06	1.223974e-02	-5.442080e+00
1.380000e-06	1.185704e-02	-5.198535e+00
1.390000e-06	1.083079e-02	-5.031107e+00
1.400000e-06	1.008153e-02	-4.902136e+00
1.410000e-06	9.245958e-03	-4.649533e+00
1.420000e-06	9.217743e-03	-4.515312e+00
1.430000e-06	7.636726e-03	-4.387451e+00
1.440000e-06	6.255365e-03	-4.241082e+00
1.450000e-06	5.857444e-03	-4.051257e+00
1.460000e-06	7.553485e-03	-3.924816e+00
1.470000e-06	5.308496e-03	-3.723789e+00
1.480000e-06	5.709941e-03	-3.535317e+00
1.490000e-06	3.429681e-03	-3.386497e+00
1.500000e-06	4.594351e-03	-3.190527e+00
1.510000e-06	2.636159e-03	-3.019633e+00
1.520000e-06	2.548477e-03	-2.829600e+00
1.530000e-06	2.068374e-03	-2.662638e+00
1.540000e-06	1.225999e-03	-2.503585e+00
1.550000e-06	9.151968e-04	-2.315270e+00
1.560000e-06	7.872958e-04	-2.102187e+00
1.570000e-06	6.919894e-04	-1.956343e+00
1.580000e-06	5.970726e-04	-1.726343e+00
1.590000e-06	-4.564838e-04	-1.557918e+00
1.600000e-06	-1.585385e-03	-1.384816e+00
1.610000e-06	-1.163219e-03	-1.115242e+00
1.620000e-06	-3.366100e-03	-9.443181e-01
1.630000e-06	-1.694383e-03	-7.579472e-01
1.640000e-06	-4.332797e-03	-5.857721e-01
1.650000e-06	-2.754853e-03	-3.574473e-01
1.660000e-06	-3.450552e-03	-2.000048e-01
1.670000e-06	-1.724919e-03	-3.003389e-02
1.680000e-06	2.631866e-04	1.284173e-01
1.690000e-06	9.467908e-04	4.008939e-01
1.700000e-06	-3.460597e-03	4.668659e-01
1.710000e-06	3.186707e-04	6.562555e-01
1.720000e-06	-4.716231e-03	8.320263e-01
1.730000e-06	-2.645929e-03	9.911026e-01
1.740000e-06	-2.675360e-03	1.222131e+00
1.750000e-06	1.034318e-02	1.410446e+00
1.760000e-06	3.409703e-02	1.572603e+00
1.770000e-06	4.407366e-02	1.832708e+00
1.780000e-06	-4.256200e-02	2.032552e+00
1.790000e-06	-4.375701e-02	2.222554e+00
1.800000e-06	-5.053969e-02	2.410023e+00
1.810000e-06	-4.364244e-02	2.476265e+00
1.820000e-06	6.659741e-02	2.735759e+00
1.830000e-06	3.895869e-02	2.842632e+00
1.840000e-06	-1.132674e-01	3.027923e+00
1.850000e-06	1.164910e-01	3.139390e+00
1.860000e-06	-4.909998e-02	3.358826e+00
1.870000e-06	-6.581477e-02	3.558344e+00
1.880000e-06	7.662027e-02	3.694638e+00
1.890000e-06	-3.669621e-02	3.895685e+00
1.900000e-06	-3.968727e-02	4.003029e+00
1.910000e-06	6.546201e-02	4.213058e+00
1.920000e-06	-5.657108e-02	4.431055e+00
1.930000e-06	-1.498881e-03	4.600520e+00
1.940000e-06	-1.075468e-02	4.769922e+00
1.950000e-06	-3.298624e-02	4.937822e+00
1.960000e-06	1.872236e-02	5.211476e+00
1.970000e-06	-2.625728e-02	5.389919e+00
1.980000e-06	8.896414e-03	5.526362e+00
1.990000e-06	-7.512342e-03	5.676134e+00
2.000000e-06	-6.714481e-03	5.863133e+00
2.010000e-06	-2.715102e-02	5.992577e+00
2.020000e-06	-2.491996e-02	6.148870e+00
2.030000e-06	1.531556e-02	6.296190e+00
2.040000e-06	-1.992819e-02	6.452079e+00
2.050000e-06	-1.556884e-02	6.578852e+00
2.060000e-06	-6.614964e-03	6.748896e+00
2.070000e-06	-2.269834e-02	6.876259e+00
2.080000e-06	-1.176476e-02	7.009649e+00
2.090000e-06	-1.925722e-02	7.097344e+00
2.100000e-06	-8.107440e-03	7.231509e+00
2.110000e-06	-5.942165e-03	7.430528e+00
2.120000e-06	-2.602559e-02	7.598940e+00
2.130000e-06	-1.459738e-02	7.675765e+00
2.140000e-06	-1.905015e-02	7.841079e+00
2.150000e-06	-1.189221e-02	7.977874e+00
2.160000e-06	-2.493417e-02	8.105791e+00
2.170000e-06	-1.736896e-02	8.191079e+00
2.180000e-06	-8.695742e-03	8.327845e+00
2.190000e-06	-2.312722e-02	8.431026e+00
2.200000e-06	-2.026068e-02	8.504165e+00
2.210000e-06	-2.344534e-02	8.609899e+00
2.220000e-06	-1.537826e-02	8.653711e+00
2.230000e-06	-2.656888e-02	8.808448e+00
2.240000e-06	-2.183552e-02	8.823556e+00
2.250000e-06	-1.907614e-02	8.937847e+00
2.260000e-06	-2.305080e-02	9.093162e+00
2.270000e-06	-2.334849e-02	9.157847e+00
2.280000e-06	-2.377409e-02	9.242103e+00
2.290000e-06	-2.086078e-02	9.283715e+00
2.300000e-06	-2.833195e-02	9.348873e+00
2.310000e-06	-2.617852e-02	9.471109e+00
2.320000e-06	-2.491991e-02	9.523789e+00
2.330000e-06	-2.509044e-02	9.556447e+00
2.340000e-06	-2.874791e-02	9.600432e+00
2.350000e-06	-2.721682e-02	9.681136e+00
2.360000e-06	-2.553124e-02	9.755296e+00
2.370000e-06	-2.911421e-02	9.847357e+00
2.380000e-06	-2.858974e-02	9.861640e+00
2.390000e-06	-3.121116e-02	9.872216e+00
2.400000e-06	-3.004541e-02	9.995267e+00
2.410000e-06	-3.254196e-02	9.946948e+00
2.420000e-06	-2.969074e-02	1.001805e+01
2.430000e-06	-3.128406e-02	1.002153e+01
2.440000e-06	-3.453473e-02	1.003056e+01
2.450000e-06	-3.569916e-02	1.003359e+01
2.460000e-06	-3.305125e-02	1.005318e+01
2.470000e-06	-3.298219e-02	1.008314e+01
2.480000e-06	-3.494440e-02	1.007271e+01
2.490000e-06	-3.541891e-02	1.005524e+01
2.500000e-06	-3.716018e-02	1.007322e+01
2.510000e-06	-3.779564e-02	1.011479e+01
2.520000e-06	-3.917261e-02	1.009414e+01
2.530000e-06	-3.856957e-02	1.008314e+01
2.540000e-06	-3.882381e-02	1.007371e+01
2.550000e-06	-4.054440e-02	1.006264e+01
2.560000e-06	-4.027879e-02	1.005163e+01
2.570000e-06	-4.184297e-02	1.006208e+01
2.580000e-06	-4.301203e-02	1.004005e+01
2.590000e-06	-4.447782e-02	1.000795e+01
2.600000e-06	-4.496194e-02	9.967374e+00
2.610000e-06	-4.635248e-02	9.955343e+00
2.620000e-06	-4.831441e-02	9.903362e+00
2.630000e-06	-4.898147e-02	9.799525e+00
2.640000e-06	-5.107065e-02	9.756399e+00
2.650000e-06	-5.299602e-02	9.682212e+00
2.660000e-06	-5.510024e-02	9.649506e+00
2.670000e-06	-5.438123e-02	9.576370e+00
2.680000e-06	-5.590700e-02	9.504266e+00
2.690000e-06	-5.739764e-02	9.480108e+00
2.700000e-06	-5.794676e-02	9.377001e+00
2.710000e-06	-5.825041e-02	9.315216e+00
2.720000e-06	-5.873916e-02	9.292108e+00
2.730000e-06	-5.895574e-02	9.209424e+00
2.740000e-06	-5.748158e-02	9.115790e+00
2.750000e-06	-5.575665e-02	8.974902e+00
2.760000e-06	-5.522639e-02	8.912709e+00
2.770000e-06	-5.341706e-02	8.768448e+00
2.780000e-06	-5.192747e-02	8.705793e+00
2.790000e-06	-4.978263e-02	8.620057e+00
2.800000e-06	-4.901658e-02	8.554344e+00
2.810000e-06	-4.613401e-02	8.440083e+00
2.820000e-06	-4.556851e-02	8.365923e+00
2.830000e-06	-4.331838e-02	8.263137e+00
2.840000e-06	-4.218377e-02	8.153771e+00
2.850000e-06	-4.028925e-02	8.060426e+00
2.860000e-06	-3.890417e-02	7.882739e+00
2.870000e-06	-3.695463e-02	7.796972e+00
2.880000e-06	-3.433572e-02	7.670588e+00
2.890000e-06	-3.293809e-02	7.524845e+00
2.900000e-06	-3.307329e-02	7.365871e+00
2.910000e-06	-3.258838e-02	7.228503e+00
2.920000e-06	-2.978149e-02	7.093613e+00
2.930000e-06	-2.933763e-02	6.977347e+00
2.940000e-06	-2.904470e-02	6.839579e+00
2.950000e-06	-2.612258e-02	6.691789e+00
2.960000e-06	-2.668244e-02	6.562766e+00
2.970000e-06	-2.281956e-02	6.377875e+00
2.980000e-06	-2.295245e-02	6.228556e+00
2.990000e-06	-2.209358e-02	6.093683e+00
3.000000e-06	-2.170558e-02	5.936847e+00
3.010000e-06	-2.227923e-02	5.765902e+00
3.020000e-06	-2.082657e-02	5.619428e+00
3.030000e-06	-2.229893e-02	5.480660e+00
3.040000e-06	-1.953176e-02	5.292261e+00
3.050000e-06	-1.733264e-02	5.172212e+00
3.060000e-06	-1.698729e-02	4.913188e+00
3.070000e-06	-1.630235e-02	4.723287e+00
3.080000e-06	-1.538878e-02	4.587398e+00
3.090000e-06	-1.465026e-02	4.409978e+00
3.100000e-06	-1.488235e-02	4.282107e+00
3.110000e-06	-1.528531e-02	4.070581e+00
3.120000e-06	-1.477863e-02	3.891688e+00
3.130000e-06	-1.363691e-02	3.755243e+00
3.140000e-06	-1.263606e-02	3.576476e+00
3.150000e-06	-1.197872e-02	3.437826e+00
3.160000e-06	-1.093748e-02	3.198501e+00
3.170000e-06	-1.004514e-02	3.040530e+00
3.180000e-06	-9.767487e-03	2.831209e+00
3.190000e-06	-9.072300e-03	2.722190e+00
3.200000e-06	-9.792330e-03	2.442109e+00
3.210000e-06	-9.541349e-03	2.331737e+00
3.220000e-06	-9.563819e-03	2.144288e+00
3.230000e-06	-8.506939e-03	1.964370e+00
3.240000e-06	-8.474985e-03	1.744948e+00
3.250000e-06	-7.558998e-03	1.594896e+00
3.260000e-06	-5.503108e-03	1.366945e+00
3.270000e-06	-5.823529e-03	1.185973e+00
3.280000e-06	-5.695813e-03	9.947891e-01
3.290000e-06	-5.895505e-03	7.468981e-01
3.300000e-06	-4.004561e-03	5.653210e-01
3.310000e-06	-4.596853e-03	4.394773e-01
3.320000e-06	-6.297502e-03	2.459799e-01
3.330000e-06	-3.763354e-03	-1.200282e-02
3.340000e-06	2.416306e-03	-1.504450e-01
3.350000e-06	2.360448e-03	-3.363384e-01
3.360000e-06	-1.891052e-03	-5.246345e-01
3.370000e-06	2.520719e-03	-6.773087e-01
3.380000e-06	-1.582109e-03	-8.652355e-01
3.390000e-06	1.603417e-03	-1.011546e+00
3.400000e-06	3.420707e-03	-1.180046e+00
3.410000e-06	3.620242e-02	-1.410869e+00
3.420000e-06	6.372538e-02	-1.590974e+00
3.430000e-06	-2.779915e-02	-1.874108e+00
3.440000e-06	-4.371622e-02	-2.086267e+00
3.450000e-06	-5.045532e-02	-2.357343e+00
3.460000e-06	-3.761972e-02	-2.401077e+00
3.470000e-06	1.151653e-01	-2.444107e+00
3.480000e-06	-1.319573e-02	-2.644632e+00
3.490000e-06	-7.990930e-02	-2.820532e+00
3.500000e-06	1.503740e-01	-3.009870e+00
3.510000e-06	-1.020017e-01	-3.222074e+00
3.520000e-06	-4.597374e-02	-3.421099e+00
3.530000e-06	1.274176e-01	-3.507285e+00
3.540000e-06	-8.296783e-02	-3.707740e+00
3.550000e-06	2.324544e-02	-3.926941e+00
3.560000e-06	8.343101e-02	-4.075787e+00
3.570000e-06	-1.100145e-01	-4.256786e+00
3.580000e-06	8.898123e-02	-4.430000e+00
3.590000e-06	-5.059646e-02	-4.529950e+00
3.600000e-06	-5.346631e-03	-4.800554e+00
3.610000e-06	9.103767e-02	-4.916235e+00
3.620000e-06	-9.124133e-02	-5.089240e+00
3.630000e-06	7.022759e-02	-5.286743e+00
3.640000e-06	1.767673e-02	-5.486259e+00
3.650000e-06	-1.842632e-02	-5.643631e+00
3.660000e-06	3.263500e-02	-5.802052e+00
3.670000e-06	-5.435291e-02	-5.948971e+00
3.680000e-06	8.178754e-02	-6.102691e+00
3.690000e-06	-2.055602e-02	-6.277233e+00
3.700000e-06	7.454072e-04	-6.442105e+00
3.710000e-06	6.402992e-02	-6.559420e+00
3.720000e-06	-4.883899e-02	-6.686837e+00
3.730000e-06	4.150464e-02	-6.801954e+00
3.740000e-06	-2.397266e-02	-6.959827e+00
3.750000e-06	4.764803e-02	-7.158916e+00
3.760000e-06	2.917511e-02	-7.243637e+00
3.770000e-06	-3.416359e-02	-7.400003e+00
3.780000e-06	4.368221e-02	-7.514712e+00
3.790000e-06	-5.852978e-03	-7.612108e+00
3.800000e-06	3.617683e-02	-7.793630e+00
3.810000e-06	-7.164921e-03	-7.957944e+00
3.820000e-06	2.223091e-02	-8.022108e+00
3.830000e-06	3.188996e-02	-8.169367e+00
3.840000e-06	-8.492267e-03	-8.252707e+00
3.850000e-06	2.885994e-02	-8.389319e+00
3.860000e-06	7.209172e-03	-8.473706e+00
3.870000e-06	3.163844e-02	-8.570927e+00
3.880000e-06	-2.764432e-03	-8.686737e+00
3.890000e-06	2.290896e-02	-8.820525e+00
3.900000e-06	2.740738e-02	-8.883286e+00
3.910000e-06	1.356843e-02	-8.957976e+00
3.920000e-06	1.928966e-02	-9.082654e+00
3.930000e-06	1.517756e-02	-9.117843e+00
3.940000e-06	2.929488e-02	-9.170474e+00
3.950000e-06	1.148186e-02	-9.261606e+00
3.960000e-06	2.222694e-02	-9.325368e+00
3.970000e-06	2.424566e-02	-9.428581e+00
3.980000e-06	2.320477e-02	-9.504839e+00
3.990000e-06	1.879638e-02	-9.588474e+00
4.000000e-06	2.409917e-02	-9.630503e+00
4.010000e-06	2.778570e-02	-9.672633e+00
4.020000e-06	2.147499e-02	-9.724791e+00
4.030000e-06	2.377053e-02	-9.718394e+00
4.040000e-06	2.248120e-02	-9.810478e+00
4.050000e-06	2.732547e-02	-9.832153e+00
4.060000e-06	2.375406e-02	-9.842636e+00
4.070000e-06	2.842839e-02	-9.913737e+00
4.080000e-06	2.633449e-02	-9.905316e+00
4.090000e-06	2.592248e-02	-9.947419e+00
4.100000e-06	2.711050e-02	-9.959420e+00
4.110000e-06	2.912681e-02	-9.965969e+00
4.120000e-06	2.825962e-02	-9.949498e+00
4.130000e-06	2.759933e-02	-9.979046e+00
4.140000e-06	3.239846e-02	-1.003150e+01
4.150000e-06	3.066468e-02	-1.000908e+01
4.160000e-06	3.001020e-02	-1.003906e+01
4.170000e-06	2.972451e-02	-1.002008e+01
4.180000e-06	3.362983e-02	-1.000953e+01
4.190000e-06	3.396000e-02	-9.988977e+00
4.200000e-06	3.502208e-02	-9.980551e+00
4.210000e-06	3.638629e-02	-9.958454e+00
4.220000e-06	3.549528e-02	-9.997972e+00
4.230000e-06	3.526809e-02	-9.966899e+00
4.240000e-06	3.600392e-02	-9.916765e+00
4.250000e-06	4.029719e-02	-9.883214e+00
4.260000e-06	3.891865e-02	-9.882687e+00
4.270000e-06	4.101266e-02	-9.841107e+00
4.280000e-06	4.351344e-02	-9.810049e+00
4.290000e-06	4.435053e-02	-9.747422e+00
4.300000e-06	4.600303e-02	-9.693242e+00
4.310000e-06	4.606504e-02	-9.662208e+00
4.320000e-06	4.899433e-02	-9.620979e+00
4.330000e-06	4.911324e-02	-9.587950e+00
4.340000e-06	4.955054e-02	-9.464716e+00
4.350000e-06	5.248662e-02	-9.368975e+00
4.360000e-06	5.179040e-02	-9.302814e+00
4.370000e-06	5.207066e-02	-9.239581e+00
4.380000e-06	5.032657e-02	-9.156846e+00
4.390000e-06	5.302118e-02	-9.072239e+00
4.400000e-06	5.181599e-02	-9.009099e+00
4.410000e-06	4.885840e-02	-8.906316e+00
4.420000e-06	4.672527e-02	-8.851600e+00
4.430000e-06	4.721521e-02	-8.787975e+00
4.440000e-06	4.418329e-02	-8.643661e+00
4.450000e-06	4.258260e-02	-8.535449e+00
4.460000e-06	4.171551e-02	-8.442158e+00
4.470000e-06	4.146490e-02	-8.356845e+00
4.480000e-06	3.880434e-02	-8.210633e+00
4.490000e-06	3.572436e-02	-8.176372e+00
4.500000e-06	3.562929e-02	-8.070709e+00
4.510000e-06	3.318085e-02	-7.926397e+00
4.520000e-06	3.235606e-02	-7.819107e+00
4.530000e-06	2.929486e-02	-7.670635e+00
4.540000e-06	2.849481e-02	-7.525842e+00
4.550000e-06	2.680066e-02	-7.398426e+00
4.560000e-06	2.636202e-02	-7.211211e+00
4.570000e-06	2.475128e-02	-7.176421e+00
4.580000e-06	2.316594e-02	-6.988054e+00
4.590000e-06	2.163653e-02	-6.860033e+00
4.600000e-06	2.112557e-02	-6.724240e+00
4.610000e-06	2.000779e-02	-6.587954e+00
4.620000e-06	1.833560e-02	-6.451608e+00
4.630000e-06	1.864362e-02	-6.315767e+00
4.640000e-06	1.678604e-02	-6.133842e+00
4.650000e-06	1.511108e-02	-5.968424e+00
4.660000e-06	1.297534e-02	-5.862080e+00
4.670000e-06	1.323582e-02	-5.672210e+00
4.680000e-06	1.303738e-02	-5.574218e+00
4.690000e-06	1.200554e-02	-5.305871e+00
4.700000e-06	1.026808e-02	-5.146395e+00
4.710000e-06	1.002505e-02	-4.967426e+00
4.720000e-06	9.542845e-03	-4.808377e+00
4.730000e-06	9.142894e-03	-4.579504e+00
4.740000e-06	8.076948e-03	-4.462162e+00
4.750000e-06	8.006492e-03	-4.303738e+00
4.760000e-06	6.098071e-03	-4.186947e+00
4.770000e-06	5.791787e-03	-4.059032e+00
4.780000e-06	4.562411e-03	-3.843135e+00
4.790000e-06	6.086422e-03	-3.609584e+00
4.800000e-06	5.994949e-03	-3.473183e+00
4.810000e-06	4.445728e-03	-3.293190e+00
4.820000e-06	2.780035e-03	-3.104819e+00
4.830000e-06	2.887796e-03	-2.984243e+00
4.840000e-06	2.331001e-03	-2.756422e+00
4.850000e-06	7.232461e-04	-2.587952e+00
4.860000e-06	-5.230409e-04	-2.390002e+00
4.870000e-06	1.848935e-03	-2.281109e+00
4.880000e-06	1.199057e-03	-2.001034e+00
4.890000e-06	1.788626e-03	-1.860708e+00
4.900000e-06	-9.813601e-04	-1.682685e+00
4.910000e-06	-1.047818e-03	-1.472739e+00
4.920000e-06	-1.867868e-03	-1.231633e+00
4.930000e-06	-1.166694e-03	-1.041684e+00
4.940000e-06	-3.028941e-03	-8.511090e-01
4.950000e-06	-3.263298e-03	-6.737093e-01
4.960000e-06	-4.665706e-03	-4.912088e-01
4.970000e-06	-3.092161e-03	-2.932130e-01
4.980000e-06	-2.106590e-03	-1.451657e-01
4.990000e-06	-7.634287e-04	6.353289e-02
5.000000e-06	1.817708e-03	2.441528e-01
5.010000e-06	-1.699608e-03	4.320028e-01
5.020000e-06	-1.316871e-03	5.689962e-01
5.030000e-06	-2.155089e-03	7.288951e-01
5.040000e-06	-4.238925e-03	8.642333e-01
5.050000e-06	-3.277082e-03	1.148891e+00
5.060000e-06	1.123068e-03	1.296710e+00
5.070000e-06	1.971942e-02	1.467683e+00
5.080000e-06	4.872942e-02	1.769839e+00
5.090000e-06	1.300389e-02	1.929816e+00
5.100000e-06	-6.224354e-02	2.128287e+00
5.110000e-06	-3.747022e-02	2.287337e+00
5.120000e-06	-6.197414e-02	2.453979e+00
5.130000e-06	-3.515006e-03	2.559500e+00
5.140000e-06	1.047075e-01	2.758947e+00
5.150000e-06	-7.073083e-02	2.897285e+00
5.160000e-06	-2.554537e-02	3.043104e+00
5.170000e-06	9.930454e-02	3.243156e+00
5.180000e-06	-1.194061e-01	3.484786e+00
5.190000e-06	1.775029e-02	3.608952e+00
5.200000e-06	5.454931e-02	3.758921e+00
5.210000e-06	-8.564703e-02	3.947765e+00
5.220000e-06	3.986973e-02	4.127767e+00
5.230000e-06	8.466476e-03	4.356845e+00
5.240000e-06	-4.842803e-02	4.465213e+00
5.250000e-06	1.178951e-02	4.683208e+00
5.260000e-06	-3.509850e-02	4.812085e+00
5.270000e-06	-7.612165e-05	5.024556e+00
5.280000e-06	-2.484684e-03	5.293083e+00
5.290000e-06	-1.735314e-02	5.443179e+00
5.300000e-06	9.887456e-03	5.590449e+00
5.310000e-06	-1.257902e-02	5.747347e+00
5.320000e-06	-1.291143e-02	5.927890e+00
5.330000e-06	-3.532287e-02	6.085234e+00
5.340000e-06	-6.732927e-03	6.231427e+00
5.350000e-06	1.411575e-02	6.377870e+00
5.360000e-06	-3.638782e-02	6.494083e+00
5.370000e-06	1.431929e-03	6.644583e+00
5.380000e-06	-2.296530e-02	6.821524e+00
5.390000e-06	-1.513454e-02	6.968870e+00
5.400000e-06	-1.413228e-02	7.064108e+00
5.410000e-06	-2.033439e-02	7.199999e+00
5.420000e-06	1.739524e-03	7.295653e+00
5.430000e-06	-2.267831e-02	7.444111e+00
5.440000e-06	-1.611093e-02	7.621004e+00
5.450000e-06	-2.192831e-02	7.748376e+00
5.460000e-06	-1.038344e-02	7.882691e+00
5.470000e-06	-1.886782e-02	7.991528e+00
5.480000e-06	-2.255711e-02	8.187920e+00
5.490000e-06	-1.183614e-02	8.214533e+00
5.500000e-06	-1.534743e-02	8.388473e+00
5.510000e-06	-2.299685e-02	8.421555e+00
5.520000e-06	-2.219996e-02	8.556190e+00
5.530000e-06	-1.785002e-02	8.621107e+00
5.540000e-06	-2.133390e-02	8.697740e+00
5.550000e-06	-2.556248e-02	8.811449e+00
5.560000e-06	-2.141646e-02	8.883588e+00
5.570000e-06	-1.924225e-02	8.971548e+00
5.580000e-06	-2.431425e-02	9.105691e+00
5.590000e-06	-2.350067e-02	9.190450e+00
5.600000e-06	-2.206398e-02	9.263608e+00
5.610000e-06	-2.434381e-02	9.315795e+00
5.620000e-06	-2.908765e-02	9.400557e+00
5.630000e-06	-2.601552e-02	9.503107e+00
5.640000e-06	-2.249911e-02	9.535373e+00
5.650000e-06	-2.741942e-02	9.599422e+00
5.660000e-06	-2.829400e-02	9.589585e+00
5.670000e-06	-2.795090e-02	9.692686e+00
5.680000e-06	-2.525252e-02	9.786824e+00
5.690000e-06	-3.003141e-02	9.800530e+00
5.700000e-06	-2.952678e-02	9.911692e+00
5.710000e-06	-3.024465e-02	9.945262e+00
5.720000e-06	-3.128247e-02	9.926869e+00
5.730000e-06	-3.065658e-02	9.977399e+00
5.740000e-06	-3.059528e-02	1.002048e+01
5.750000e-06	-3.248790e-02	1.003251e+01
5.760000e-06	-3.501168e-02	1.008161e+01
5.770000e-06	-3.598727e-02	1.006258e+01
5.780000e-06	-3.086933e-02	1.008213e+01
5.790000e-06	-3.386020e-02	1.007221e+01
5.800000e-06	-3.555998e-02	1.010271e+01
5.810000e-06	-3.611984e-02	1.009321e+01
5.820000e-06	-3.897952e-02	1.008276e+01
5.830000e-06	-3.889067e-02	1.007381e+01
5.840000e-06	-3.859339e-02	1.010471e+01
5.850000e-06	-3.770606e-02	1.008364e+01
5.860000e-06	-3.867649e-02	1.006363e+01
5.870000e-06	-4.116868e-02	1.007368e+01
5.880000e-06	-4.180527e-02	1.003105e+01
5.890000e-06	-4.332746e-02	1.004101e+01
5.900000e-06	-4.330244e-02	1.003005e+01
5.910000e-06	-4.431155e-02	1.000742e+01
5.920000e-06	-4.460921e-02	9.955900e+00
5.930000e-06	-4.662979e-02	9.922219e+00
5.940000e-06	-4.994273e-02	9.870655e+00
5.950000e-06	-5.020394e-02	9.748925e+00
5.960000e-06	-5.244387e-02	9.733321e+00
5.970000e-06	-5.327143e-02	9.669686e+00
5.980000e-06	-5.421796e-02	9.598952e+00
5.990000e-06	-5.591793e-02	9.514869e+00
6.000000e-06	-5.593657e-02	9.502712e+00
6.010000e-06	-5.851092e-02	9.440057e+00
6.020000e-06	-5.861058e-02	9.346822e+00
6.030000e-06	-5.867170e-02	9.282137e+00
6.040000e-06	-5.852389e-02	9.250604e+00
6.050000e-06	-5.643599e-02	9.187848e+00
6.060000e-06	-5.704811e-02	9.019682e+00
6.070000e-06	-5.499504e-02	8.912822e+00
6.080000e-06	-5.519579e-02	8.839057e+00
6.090000e-06	-5.301253e-02	8.786897e+00
6.100000e-06	-5.164060e-02	8.683163e+00
6.110000e-06	-4.994985e-02	8.617401e+00
6.120000e-06	-4.713131e-02	8.492661e+00
6.130000e-06	-4.625539e-02	8.429429e+00
6.140000e-06	-4.390812e-02	8.336845e+00
6.150000e-06	-4.370685e-02	8.185952e+00
6.160000e-06	-4.063044e-02	8.091132e+00
6.170000e-06	-3.991107e-02	7.976376e+00
6.180000e-06	-3.773469e-02	7.860558e+00
6.190000e-06	-3.659568e-02	7.713217e+00
6.200000e-06	-3.420335e-02	7.618478e+00
6.210000e-06	-3.462873e-02	7.450209e+00
6.220000e-06	-3.208013e-02	7.302637e+00
6.230000e-06	-3.129178e-02	7.145422e+00
6.240000e-06	-2.906375e-02	7.039005e+00
6.250000e-06	-2.892165e-02	6.902641e+00
6.260000e-06	-2.784437e-02	6.807948e+00
6.270000e-06	-2.645311e-02	6.609103e+00
6.280000e-06	-2.390694e-02	6.479583e+00
6.290000e-06	-2.383144e-02	6.323242e+00
6.300000e-06	-2.362060e-02	6.186374e+00
6.310000e-06	-2.283146e-02	6.040105e+00
6.320000e-06	-2.135878e-02	5.924242e+00
6.330000e-06	-2.026037e-02	5.692217e+00
6.340000e-06	-1.960548e-02	5.525343e+00
6.350000e-06	-1.977694e-02	5.398422e+00
6.360000e-06	-1.968647e-02	5.199006e+00
6.370000e-06	-1.819525e-02	4.979357e+00
6.380000e-06	-1.682722e-02	4.828425e+00
6.390000e-06	-1.619605e-02	4.640957e+00
6.400000e-06	-1.519844e-02	4.513739e+00
6.410000e-06	-1.467796e-02	4.365921e+00
6.420000e-06	-1.403860e-02	4.195175e+00
6.430000e-06	-1.335645e-02	3.956897e+00
6.440000e-06	-1.316464e-02	3.839505e+00
6.450000e-06	-1.315237e-02	3.671112e+00
6.460000e-06	-1.209108e-02	3.512241e+00
6.470000e-06	-1.140906e-02	3.272213e+00
6.480000e-06	-1.033417e-02	3.135242e+00
6.490000e-06	-1.060862e-02	2.956371e+00
6.500000e-06	-1.069738e-02	2.789451e+00
6.510000e-06	-9.574680e-03	2.657955e+00
6.520000e-06	-8.849633e-03	2.388470e+00
6.530000e-06	-8.553602e-03	2.198529e+00
6.540000e-06	-9.057183e-03	2.071556e+00
6.550000e-06	-7.749494e-03	1.902186e+00
6.560000e-06	-6.709873e-03	1.690611e+00
6.570000e-06	-7.107469e-03	1.501689e+00
6.580000e-06	-7.046892e-03	1.283185e+00
6.590000e-06	-6.706043e-03	1.072685e+00
6.600000e-06	-5.691550e-03	8.695800e-01
6.610000e-06	-5.255476e-03	6.626627e-01
6.620000e-06	-5.132397e-03	4.720628e-01
6.630000e-06	-4.716294e-03	3.173167e-01
6.640000e-06	-3.752113e-03	1.231900e-01
6.650000e-06	-7.884749e-04	-6.418558e-02
6.660000e-06	2.235396e-03	-2.241292e-01
6.670000e-06	-7.610952e-04	-4.090014e-01
6.680000e-06	1.388128e-04	-5.598264e-01
6.690000e-06	-4.800686e-04	-7.884726e-01
6.700000e-06	3.701225e-04	-8.984159e-01
6.710000e-06	6.312334e-04	-1.095657e+00
6.720000e-06	1.589036e-02	-1.274582e+00
6.730000e-06	4.942552e-02	-1.426186e+00
6.740000e-06	4.801299e-02	-1.646686e+00
6.750000e-06	-6.857753e-02	-1.939313e+00
6.760000e-06	-1.959265e-02	-2.162545e+00
6.770000e-06	-7.365426e-02	-2.347948e+00
6.780000e-06	2.745219e-02	-2.422125e+00
6.790000e-06	1.072245e-01	-2.527217e+00
6.800000e-06	-1.063727e-01	-2.740018e+00
6.810000e-06	4.339825e-02	-2.915836e+00
6.820000e-06	7.277911e-02	-3.014629e+00
6.830000e-06	-1.539373e-01	-3.286736e+00
6.840000e-06	8.937623e-02	-3.452632e+00
6.850000e-06	4.285063e-02	-3.602027e+00
6.860000e-06	-1.006257e-01	-3.802175e+00
6.870000e-06	1.251070e-01	-4.020500e+00
6.880000e-06	-3.513132e-02	-4.160475e+00
6.890000e-06	-2.740637e-02	-4.357419e+00
6.900000e-06	6.832286e-02	-4.484130e+00
6.910000e-06	-9.557279e-02	-4.656861e+00
6.920000e-06	9.338074e-02	-4.822055e+00
6.930000e-06	2.407108e-04	-5.002023e+00
6.940000e-06	-5.162575e-02	-5.182001e+00
6.950000e-06	9.967822e-02	-5.358447e+00
6.960000e-06	-4.750553e-02	-5.599525e+00
6.970000e-06	4.069717e-02	-5.745317e+00
6.980000e-06	-2.737159e-02	-5.875135e+00
6.990000e-06	2.814758e-04	-6.011055e+00
7.000000e-06	6.890617e-02	-6.127373e+00
7.010000e-06	-6.130579e-02	-6.326968e+00
7.020000e-06	7.065522e-02	-6.472688e+00
7.030000e-06	-5.534430e-03	-6.630657e+00
7.040000e-06	-8.115814e-03	-6.778400e+00
7.050000e-06	2.881176e-02	-6.865236e+00
7.060000e-06	-2.149190e-02	-7.073635e+00
7.070000e-06	7.671667e-02	-7.191477e+00
7.080000e-06	-3.067968e-02	-7.318316e+00
7.090000e-06	1.565201e-02	-7.433106e+00
7.100000e-06	2.140558e-02	-7.557548e+00
7.110000e-06	8.519216e-03	-7.705791e+00
7.120000e-06	2.632175e-02	-7.863232e+00
7.130000e-06	-1.272120e-02	-7.988528e+00
7.140000e-06	4.691146e-02	-8.107212e+00
7.150000e-06	1.803373e-03	-8.201055e+00
7.160000e-06	1.276307e-02	-8.285312e+00
7.170000e-06	1.767062e-02	-8.410501e+00
7.180000e-06	1.903287e-02	-8.444716e+00
7.190000e-06	1.989562e-02	-8.621654e+00
7.200000e-06	-8.383658e-04	-8.757996e+00
7.210000e-06	3.403932e-02	-8.841081e+00
7.220000e-06	1.710748e-02	-8.897843e+00
7.230000e-06	1.741168e-02	-9.009129e+00
7.240000e-06	1.398363e-02	-9.083738e+00
7.250000e-06	2.367028e-02	-9.157846e+00
7.260000e-06	2.333981e-02	-9.211550e+00
7.270000e-06	1.369824e-02	-9.243661e+00
7.280000e-06	2.468233e-02	-9.367400e+00
7.290000e-06	2.286834e-02	-9.444284e+00
7.300000e-06	2.018861e-02	-9.557422e+00
7.310000e-06	1.838178e-02	-9.600577e+00
7.320000e-06	2.754031e-02	-9.641103e+00
7.330000e-06	2.433108e-02	-9.675665e+00
7.340000e-06	2.227552e-02	-9.706318e+00
7.350000e-06	2.318096e-02	-9.766975e+00
7.360000e-06	2.455050e-02	-9.780506e+00
7.370000e-06	2.482495e-02	-9.860634e+00
7.380000e-06	2.459745e-02	-9.874261e+00
7.390000e-06	2.863189e-02	-9.864691e+00
7.400000e-06	2.572303e-02	-9.916289e+00
7.410000e-06	2.569595e-02	-9.947869e+00
7.420000e-06	2.760416e-02	-9.965950e+00
7.430000e-06	2.879741e-02	-9.967995e+00
7.440000e-06	2.754678e-02	-9.959449e+00
7.450000e-06	3.028905e-02	-1.000803e+01
7.460000e-06	3.142517e-02	-1.001008e+01
7.470000e-06	3.041144e-02	-1.001148e+01
7.480000e-06	2.892139e-02	-1.003160e+01
7.490000e-06	3.207564e-02	-1.004006e+01
7.500000e-06	3.391026e-02	-1.000008e+01
7.510000e-06	3.324962e-02	-9.990477e+00
7.520000e-06	3.508848e-02	-1.001846e+01
7.530000e-06	3.603886e-02	-9.968874e+00
7.540000e-06	3.626020e-02	-9.946896e+00
7.550000e-06	3.543625e-02	-9.926795e+00
7.560000e-06	3.793371e-02	-9.884792e+00
7.570000e-06	3.987155e-02	-9.882190e+00
7.580000e-06	4.038549e-02	-9.841560e+00
7.590000e-06	4.295348e-02	-9.839979e+00
7.600000e-06	4.417696e-02	-9.767401e+00
7.610000e-06	4.445405e-02	-9.694393e+00
7.620000e-06	4.510084e-02	-9.672706e+00
7.630000e-06	4.676766e-02	-9.631079e+00
7.640000e-06	4.992873e-02	-9.618452e+00
7.650000e-06	4.938953e-02	-9.564798e+00
7.660000e-06	5.224498e-02	-9.442682e+00
7.670000e-06	5.288452e-02	-9.364977e+00
7.680000e-06	5.194560e-02	-9.271712e+00
7.690000e-06	5.144417e-02	-9.210002e+00
7.700000e-06	5.146943e-02	-9.125817e+00
7.710000e-06	5.241916e-02	-9.051111e+00
7.720000e-06	5.151489e-02	-8.937846e+00
7.730000e-06	4.965731e-02	-8.881658e+00
7.740000e-06	4.775838e-02	-8.828978e+00
7.750000e-06	4.468498e-02	-8.736447e+00
7.760000e-06	4.434282e-02	-8.589127e+00
7.770000e-06	4.284366e-02	-8.523215e+00
7.780000e-06	4.136863e-02	-8.450004e+00
7.790000e-06	3.872054e-02	-8.334317e+00
7.800000e-06	3.761780e-02	-8.220053e+00
7.810000e-06	3.600975e-02	-8.135788e+00
7.820000e-06	3.389037e-02	-8.010630e+00
7.830000e-06	3.297087e-02	-7.954294e+00
7.840000e-06	3.153919e-02	-7.733743e+00
7.850000e-06	2.967403e-02	-7.618979e+00
7.860000e-06	2.765236e-02	-7.483163e+00
7.870000e-06	2.668627e-02	-7.345897e+00
7.880000e-06	2.473153e-02	-7.200005e+00
7.890000e-06	2.267104e-02	-7.074243e+00
7.900000e-06	2.211796e-02	-6.925242e+00
7.910000e-06	2.262222e-02	-6.786900e+00
7.920000e-06	2.192594e-02	-6.660686e+00
7.930000e-06	1.859752e-02	-6.525242e+00
7.940000e-06	1.789032e-02	-6.397947e+00
7.950000e-06	1.737600e-02	-6.260604e+00
7.960000e-06	1.606352e-02	-6.050101e+00
7.970000e-06	1.420845e-02	-5.903837e+00
7.980000e-06	1.328768e-02	-5.777452e+00
7.990000e-06	1.280145e-02	-5.598079e+00
8.000000e-06	1.120000e-02	-5.463235e+00
8.010000e-06	1.094914e-02	-5.250660e+00
8.020000e-06	1.096121e-02	-5.061662e+00
8.030000e-06	1.056384e-02	-4.883315e+00
8.040000e-06	8.768177e-03	-4.682212e+00
8.050000e-06	7.880494e-03	-4.556343e+00
8.060000e-06	7.829469e-03	-4.417976e+00
8.070000e-06	7.276767e-03	-4.241634e+00
8.080000e-06	5.748286e-03	-4.104184e+00
8.090000e-06	6.884426e-03	-3.944871e+00
8.100000e-06	4.369088e-03	-3.773321e+00
8.110000e-06	4.790084e-03	-3.548895e+00
8.120000e-06	4.633543e-03	-3.429027e+00
8.130000e-06	4.386559e-03	-3.260107e+00
8.140000e-06	3.095988e-03	-3.062611e+00
8.150000e-06	2.764649e-03	-2.831132e+00
8.160000e-06	2.428835e-03	-2.654236e+00
8.170000e-06	4.445883e-04	-2.513239e+00
8.180000e-06	4.743734e-06	-2.306387e+00
8.190000e-06	1.761476e-03	-2.153738e+00
8.200000e-06	2.145578e-03	-1.937367e+00
8.210000e-06	-9.231297e-04	-1.767997e+00
8.220000e-06	-1.228948e-03	-1.587503e+00
8.230000e-06	-7.227179e-04	-1.388954e+00
8.240000e-06	-1.330935e-04	-1.139371e+00
8.250000e-06	-2.473414e-03	-9.564260e-01
8.260000e-06	-2.617025e-03	-7.769986e-01
8.270000e-06	-3.256646e-03	-5.669485e-01
8.280000e-06	-2.748053e-03	-3.689461e-01
8.290000e-06	-3.692405e-03	-2.210800e-01
8.300000e-06	-2.210449e-03	-5.208265e-02
8.310000e-06	1.595142e-03	1.167897e-01
8.320000e-06	1.466109e-03	3.383662e-01
8.330000e-06	-3.576985e-03	4.767620e-01
8.340000e-06	6.154958e-04	6.442043e-01
8.350000e-06	-3.865741e-03	8.115038e-01
8.360000e-06	-2.961917e-03	9.514964e-01
8.370000e-06	-3.004634e-03	1.222024e+00
8.380000e-06	8.452255e-03	1.388971e+00
8.390000e-06	3.214092e-02	1.580925e+00
8.400000e-06	4.874281e-02	1.864053e+00
8.410000e-06	-3.442808e-02	2.051555e+00
8.420000e-06	-4.691987e-02	2.228927e+00
8.430000e-06	-4.882500e-02	2.360950e+00
8.440000e-06	-5.249587e-02	2.485708e+00
8.450000e-06	5.483336e-02	2.675158e+00
8.460000e-06	6.266912e-02	2.843580e+00
8.470000e-06	-1.223602e-01	2.949424e+00
8.480000e-06	9.668158e-02	3.147263e+00
8.490000e-06	-1.593587e-02	3.307913e+00
8.500000e-06	-8.674004e-02	3.537920e+00
8.510000e-06	7.185286e-02	3.663528e+00
8.520000e-06	-1.774951e-02	3.812632e+00
8.530000e-06	-5.812988e-02	4.031053e+00
8.540000e-06	7.233470e-02	4.201549e+00
8.550000e-06	-4.944104e-02	4.429548e+00
8.560000e-06	-9.244675e-03	4.568874e+00
8.570000e-06	-3.300925e-03	4.738946e+00
8.580000e-06	-3.688131e-02	4.886291e+00
8.590000e-06	1.864017e-02	5.189446e+00
8.600000e-06	-2.609417e-02	5.337945e+00
8.610000e-06	2.682694e-03	5.497265e+00
8.620000e-06	-3.674952e-03	5.661577e+00
8.630000e-06	-6.335822e-03	5.821980e+00
8.640000e-06	-2.369149e-02	6.020047e+00
8.650000e-06	-2.847635e-02	6.148416e+00
8.660000e-06	1.297277e-02	6.293686e+00
8.670000e-06	-1.555504e-02	6.420074e+00
8.680000e-06	-2.139004e-02	6.546915e+00
8.690000e-06	-2.799246e-03	6.757319e+00
8.700000e-06	-2.418087e-02	6.824187e+00
8.710000e-06	-1.333454e-02	7.000421e+00
8.720000e-06	-2.000220e-02	7.106265e+00
8.730000e-06	-1.091634e-02	7.241053e+00
8.740000e-06	-2.761444e-03	7.338296e+00
8.750000e-06	-2.704891e-02	7.567419e+00
8.760000e-06	-1.447967e-02	7.693211e+00
8.770000e-06	-2.086184e-02	7.810504e+00
8.780000e-06	-9.112479e-03	7.926321e+00
8.790000e-06	-2.378639e-02	8.052333e+00
8.800000e-06	-1.869675e-02	8.189873e+00
8.810000e-06	-9.361018e-03	8.305341e+00
8.820000e-06	-2.281946e-02	8.400503e+00
8.830000e-06	-2.130123e-02	8.483686e+00
8.840000e-06	-2.423835e-02	8.558397e+00
8.850000e-06	-1.351307e-02	8.714130e+00
8.860000e-06	-2.382643e-02	8.766896e+00
8.870000e-06	-2.326734e-02	8.831979e+00
8.880000e-06	-2.172316e-02	8.964797e+00
8.890000e-06	-2.287613e-02	9.082686e+00
8.900000e-06	-2.133845e-02	9.168448e+00
8.910000e-06	-2.257004e-02	9.241029e+00
8.920000e-06	-2.131921e-02	9.323240e+00
8.930000e-06	-2.785329e-02	9.319448e+00
8.940000e-06	-2.565461e-02	9.441531e+00
8.950000e-06	-2.442498e-02	9.545714e+00
8.960000e-06	-2.323188e-02	9.547968e+00
8.970000e-06	-2.853256e-02	9.609554e+00
8.980000e-06	-2.784468e-02	9.673087e+00
8.990000e-06	-2.672638e-02	9.755761e+00
9.000000e-06	-2.846169e-02	9.787949e+00
9.010000e-06	-2.734372e-02	9.883007e+00
9.020000e-06	-2.987755e-02	9.902717e+00
9.030000e-06	-2.955626e-02	9.956820e+00
9.040000e-06	-3.273748e-02	9.977374e+00
9.050000e-06	-2.896536e-02	1.000902e+01
9.060000e-06	-3.073523e-02	1.001898e+01
9.070000e-06	-3.251462e-02	1.004001e+01
9.080000e-06	-3.543566e-02	1.004213e+01
9.090000e-06	-3.343974e-02	1.005316e+01
9.100000e-06	-3.301920e-02	1.006319e+01
9.110000e-06	-3.552054e-02	1.009416e+01
9.120000e-06	-3.466429e-02	1.007369e+01
9.130000e-06	-3.619529e-02	1.009479e+01
9.140000e-06	-3.786171e-02	1.009324e+01
9.150000e-06	-3.847079e-02	1.008519e+01
9.160000e-06	-3.810839e-02	1.008417e+01
9.170000e-06	-3.915478e-02	1.013271e+01
9.180000e-06	-4.077859e-02	1.004261e+01
9.190000e-06	-4.036816e-02	1.005258e+01
9.200000e-06	-4.074779e-02	1.004111e+01
9.210000e-06	-4.462318e-02	1.002100e+01
9.220000e-06	-4.473128e-02	1.002848e+01
9.230000e-06	-4.464945e-02	1.000690e+01
9.240000e-06	-4.559133e-02	9.955796e+00
9.250000e-06	-4.787043e-02	9.903143e+00
9.260000e-06	-5.002779e-02	9.840049e+00
9.270000e-06	-5.034363e-02	9.775825e+00
9.280000e-06	-5.238030e-02	9.694190e+00
9.290000e-06	-5.544551e-02	9.628558e+00
9.300000e-06	-5.540468e-02	9.577899e+00
9.310000e-06	-5.571779e-02	9.525295e+00
9.320000e-06	-5.650088e-02	9.461633e+00
9.330000e-06	-5.824128e-02	9.438398e+00
9.340000e-06	-5.966055e-02	9.304293e+00
9.350000e-06	-5.926953e-02	9.270583e+00
9.360000e-06	-5.775521e-02	9.209402e+00
9.370000e-06	-5.707646e-02	9.134867e+00
9.380000e-06	-5.620781e-02	9.010500e+00
9.390000e-06	-5.582763e-02	8.883087e+00
9.400000e-06	-5.334584e-02	8.849926e+00
9.410000e-06	-5.252262e-02	8.725893e+00
9.420000e-06	-5.133726e-02	8.630557e+00
9.430000e-06	-4.895452e-02	8.614846e+00
9.440000e-06	-4.609335e-02	8.462110e+00
9.450000e-06	-4.485318e-02	8.386401e+00
9.460000e-06	-4.369399e-02	8.272617e+00
9.470000e-06	-4.344454e-02	8.153863e+00
9.480000e-06	-3.853674e-02	8.050109e+00
9.490000e-06	-3.883353e-02	7.882790e+00
9.500000e-06	-3.792016e-02	7.826952e+00
9.510000e-06	-3.575314e-02	7.641085e+00
9.520000e-06	-3.491594e-02	7.566298e+00
9.530000e-06	-3.109084e-02	7.414971e+00
9.540000e-06	-3.159337e-02	7.219979e+00
9.550000e-06	-2.984800e-02	7.112816e+00
9.560000e-06	-2.874486e-02	6.975397e+00
9.570000e-06	-2.797380e-02	6.849585e+00
9.580000e-06	-2.681542e-02	6.734293e+00
9.590000e-06	-2.608188e-02	6.525892e+00
9.600000e-06	-2.413777e-02	6.388447e+00
9.610000e-06	-2.285087e-02	6.229635e+00
9.620000e-06	-2.276683e-02	6.082738e+00
9.630000e-06	-2.178455e-02	5.999000e+00
9.640000e-06	-2.192857e-02	5.810506e+00
9.650000e-06	-1.983833e-02	5.651110e+00
9.660000e-06	-2.001878e-02	5.492209e+00
9.670000e-06	-1.965442e-02	5.344290e+00
9.680000e-06	-1.760752e-02	5.166771e+00
9.690000e-06	-1.707726e-02	4.902321e+00
9.700000e-06	-1.668868e-02	4.754271e+00
9.710000e-06	-1.682127e-02	4.568025e+00
9.720000e-06	-1.595542e-02	4.439108e+00
9.730000e-06	-1.354439e-02	4.271185e+00
9.740000e-06	-1.446506e-02	4.041108e+00
9.750000e-06	-1.304267e-02	3.894266e+00
9.760000e-06	-1.293521e-02	3.746367e+00
9.770000e-06	-1.215817e-02	3.579429e+00
9.780000e-06	-1.183427e-02	3.418455e+00
9.790000e-06	-1.257768e-02	3.207951e+00
9.800000e-06	-1.104417e-02	3.061057e+00
9.810000e-06	-1.049565e-02	2.902160e+00
9.820000e-06	-9.410473e-03	2.722793e+00
9.830000e-06	-9.758263e-03	2.501641e+00
9.840000e-06	-9.422734e-03	2.332716e+00
9.850000e-06	-9.323396e-03	2.153843e+00
9.860000e-06	-8.709459e-03	2.006975e+00
9.870000e-06	-7.280199e-03	1.826006e+00
9.880000e-06	-7.360511e-03	1.598949e+00
9.890000e-06	-6.881499e-03	1.387975e+00
9.900000e-06	-5.909793e-03	1.199527e+00
9.910000e-06	-7.531194e-03	1.007447e+00
9.920000e-06	-6.384980e-03	7.363946e-01
9.930000e-06	-5.890387e-03	5.979972e-01
9.940000e-06	-4.412901e-03	4.210261e-01
9.950000e-06	-4.620831e-03	2.590537e-01
9.960000e-06	-3.328748e-03	-9.419931e-03
9.970000e-06	4.422872e-04	-1.383675e-01
9.980000e-06	2.793649e-03	-2.868610e-01
9.990000e-06	-1.023894e-03	-4.541067e-01
1.000000e-05	1.667113e-03	-6.557584e-01
1.001000e-05	-2.919880e-03	-8.425566e-01
1.002000e-05	1.637625e-04	-1.000975e+00
1.003000e-05	2.511257e-03	-1.178918e+00
1.004000e-05	3.151218e-02	-1.318868e+00
1.005000e-05	6.161655e-02	-1.559918e+00
1.006000e-05	-1.101369e-02	-1.782029e+00
1.007000e-05	-5.328158e-02	-2.044786e+00
1.008000e-05	-4.038729e-02	-2.327836e+00
1.009000e-05	-5.122589e-02	-2.400525e+00
1.010000e-05	1.035431e-01	-2.444032e+00
1.011000e-05	1.464759e-02	-2.612079e+00
1.012000e-05	-1.055104e-01	-2.851053e+00
1.013000e-05	1.492013e-01	-2.969340e+00
1.014000e-05	-6.380423e-02	-3.198946e+00
1.015000e-05	-7.621173e-02	-3.370073e+00
1.016000e-05	1.370105e-01	-3.475709e+00
1.017000e-05	-6.392335e-02	-3.684263e+00
1.018000e-05	-8.384812e-03	-3.876816e+00
1.019000e-05	1.016050e-01	-4.064108e+00
1.020000e-05	-1.148156e-01	-4.285735e+00
1.021000e-05	7.662145e-02	-4.380023e+00
1.022000e-05	-2.606280e-02	-4.528923e+00
1.023000e-05	-3.314455e-02	-4.781050e+00
1.024000e-05	1.072753e-01	-4.875235e+00
1.025000e-05	-8.305310e-02	-5.106236e+00
1.026000e-05	4.733155e-02	-5.303703e+00
1.027000e-05	3.800030e-02	-5.465335e+00
1.028000e-05	-2.847137e-02	-5.642156e+00
1.029000e-05	4.566375e-02	-5.790526e+00
1.030000e-05	-5.967343e-02	-5.959916e+00
1.031000e-05	7.221006e-02	-6.063561e+00
1.032000e-05	-1.539445e-03	-6.213486e+00
1.033000e-05	-1.824925e-02	-6.390055e+00
1.034000e-05	7.508077e-02	-6.557843e+00
1.035000e-05	-4.788373e-02	-6.737290e+00
1.036000e-05	3.791654e-02	-6.831501e+00
1.037000e-05	-1.609109e-02	-6.929374e+00
1.038000e-05	3.238757e-02	-7.117392e+00
1.039000e-05	4.581017e-02	-7.232655e+00
1.040000e-05	-4.104294e-02	-7.359977e+00
1.041000e-05	4.239961e-02	-7.454212e+00
1.042000e-05	-3.795022e-03	-7.611578e+00
1.043000e-05	3.299082e-02	-7.819974e+00
1.044000e-05	-1.425189e-03	-7.926891e+00
1.045000e-05	1.312450e-02	-8.032082e+00
1.046000e-05	3.885613e-02	-8.137897e+00
1.047000e-05	-1.129174e-02	-8.274690e+00
1.048000e-05	2.862098e-02	-8.357470e+00
1.049000e-05	8.474082e-03	-8.461128e+00
1.050000e-05	3.015356e-02	-8.576898e+00
1.051000e-05	-3.263163e-04	-8.655314e+00
1.052000e-05	1.792463e-02	-8.819926e+00
1.053000e-05	3.186378e-02	-8.872686e+00
1.054000e-05	1.312698e-02	-8.960474e+00
1.055000e-05	1.748052e-02	-9.032633e+00
1.056000e-05	1.379212e-02	-9.095315e+00
1.057000e-05	3.058587e-02	-9.168522e+00
1.058000e-05	1.274825e-02	-9.231634e+00
1.059000e-05	1.979698e-02	-9.336171e+00
1.060000e-05	2.526422e-02	-9.382658e+00
1.061000e-05	2.406919e-02	-9.525261e+00
1.062000e-05	1.600654e-02	-9.558352e+00
1.063000e-05	2.266840e-02	-9.621027e+00
1.064000e-05	2.899121e-02	-9.662661e+00
1.065000e-05	2.319490e-02	-9.678240e+00
1.066000e-05	2.031920e-02	-9.746893e+00
1.067000e-05	2.281154e-02	-9.809053e+00
1.068000e-05	2.685278e-02	-9.852553e+00
1.069000e-05	2.466771e-02	-9.893136e+00
1.070000e-05	2.760949e-02	-9.863788e+00
1.071000e-05	2.820196e-02	-9.925237e+00
1.072000e-05	2.461875e-02	-9.925920e+00
1.073000e-05	2.535050e-02	-9.937296e+00
1.074000e-05	2.923257e-02	-9.977924e+00
1.075000e-05	2.973098e-02	-9.977996e+00
1.076000e-05	2.745166e-02	-9.980479e+00
1.077000e-05	3.130662e-02	-1.001005e+01
1.078000e-05	3.061990e-02	-1.003950e+01
1.079000e-05	3.138198e-02	-1.000051e+01
1.080000e-05	2.843345e-02	-1.003003e+01
1.081000e-05	3.314787e-02	-1.000303e+01
1.082000e-05	3.458890e-02	-9.989507e+00
1.083000e-05	3.508435e-02	-1.000100e+01
1.084000e-05	3.553499e-02	-1.000948e+01
1.085000e-05	3.714661e-02	-9.978899e+00
1.086000e-05	3.631851e-02	-9.926818e+00
1.087000e-05	3.667312e-02	-9.905791e+00
1.088000e-05	3.947518e-02	-9.913791e+00
1.089000e-05	4.105451e-02	-9.853236e+00
1.090000e-05	4.212876e-02	-9.830057e+00
1.091000e-05	4.282834e-02	-9.789504e+00
1.092000e-05	4.368449e-02	-9.716396e+00
1.093000e-05	4.487239e-02	-9.695761e+00
1.094000e-05	4.630292e-02	-9.663208e+00
1.095000e-05	4.880437e-02	-9.629577e+00
1.096000e-05	5.046011e-02	-9.567424e+00
1.097000e-05	5.218909e-02	-9.517667e+00
1.098000e-05	5.351974e-02	-9.391033e+00
1.099000e-05	5.237597e-02	-9.332371e+00
1.100000e-05	5.025083e-02	-9.260634e+00
1.101000e-05	5.173054e-02	-9.167896e+00
1.102000e-05	5.299785e-02	-9.084292e+00
1.103000e-05	5.295340e-02	-9.041054e+00
1.104000e-05	4.987502e-02	-8.903316e+00
1.105000e-05	4.751513e-02	-8.841133e+00
1.106000e-05	4.653347e-02	-8.789450e+00
1.107000e-05	4.461535e-02	-8.681665e+00
1.108000e-05	4.436277e-02	-8.598955e+00
1.109000e-05	4.199076e-02	-8.471135e+00
1.110000e-05	4.058896e-02	-8.346446e+00
1.111000e-05	3.869430e-02	-8.284189e+00
1.112000e-05	3.749144e-02	-8.177422e+00
1.113000e-05	3.474267e-02	-8.042707e+00
1.114000e-05	3.376759e-02	-7.936897e+00
1.115000e-05	3.096230e-02	-7.858628e+00
1.116000e-05	3.131188e-02	-7.683112e+00
1.117000e-05	2.740034e-02	-7.537301e+00
1.118000e-05	2.683498e-02	-7.448553e+00
1.119000e-05	2.653890e-02	-7.282788e+00
1.120000e-05	2.444694e-02	-7.188504e+00
1.121000e-05	2.192299e-02	-7.049184e+00
1.122000e-05	2.095259e-02	-6.839559e+00
1.123000e-05	2.062512e-02	-6.745290e+00
1.124000e-05	1.985908e-02	-6.618504e+00
1.125000e-05	1.842987e-02	-6.460159e+00
1.126000e-05	1.767875e-02	-6.314790e+00
1.127000e-05	1.682793e-02	-6.134470e+00
1.128000e-05	1.489535e-02	-6.008999e+00
1.129000e-05	1.396724e-02	-5.860634e+00
1.130000e-05	1.358723e-02	-5.683269e+00
1.131000e-05	1.262382e-02	-5.537521e+00
1.132000e-05	1.098350e-02	-5.365500e+00
1.133000e-05	1.037153e-02	-5.167446e+00
1.134000e-05	1.081953e-02	-5.017026e+00
1.135000e-05	9.246623e-03	-4.786910e+00
1.136000e-05	7.739647e-03	-4.592526e+00
1.137000e-05	7.417557e-03	-4.463713e+00
1.138000e-05	7.804897e-03	-4.344870e+00
1.139000e-05	6.860455e-03	-4.179971e+00
1.140000e-05	6.374261e-03	-4.028505e+00
1.141000e-05	5.846392e-03	-3.862660e+00
1.142000e-05	4.153489e-03	-3.662208e+00
1.143000e-05	4.779139e-03	-3.493739e+00
1.144000e-05	4.445549e-03	-3.335793e+00
1.145000e-05	3.458731e-03	-3.185974e+00
1.146000e-05	2.713853e-03	-2.956898e+00
1.147000e-05	2.016098e-03	-2.777473e+00
1.148000e-05	2.168204e-03	-2.609504e+00
1.149000e-05	1.144068e-03	-2.431606e+00
1.150000e-05	2.721648e-03	-2.281190e+00
1.151000e-05	8.351095e-04	-2.019104e+00
1.152000e-05	6.078723e-04	-1.862662e+00
1.153000e-05	-1.674165e-03	-1.673712e+00
1.154000e-05	-4.205997e-04	-1.535366e+00
1.155000e-05	-2.127136e-03	-1.221612e+00
1.156000e-05	-1.220824e-03	-1.071584e+00
1.157000e-05	-1.977036e-03	-8.542642e-01
1.158000e-05	-2.177052e-03	-7.143117e-01
1.159000e-05	-3.988954e-03	-4.657140e-01
1.160000e-05	-3.173403e-03	-3.447918e-01
1.161000e-05	-2.051421e-03	-1.364146e-01
1.162000e-05	-1.302125e-03	3.002663e-02
1.163000e-05	1.742097e-03	1.940553e-01
1.164000e-05	5.254624e-05	4.305765e-01
1.165000e-05	-2.691371e-03	5.583936e-01
1.166000e-05	-2.524935e-04	7.363659e-01
1.167000e-05	-4.960384e-03	8.642068e-01
1.168000e-05	-2.319278e-03	1.125186e+00
1.169000e-05	-5.145565e-04	1.263712e+00
1.170000e-05	1.768294e-02	1.452582e+00
1.171000e-05	4.608631e-02	1.716265e+00
1.172000e-05	2.387137e-02	1.906362e+00
1.173000e-05	-6.235115e-02	2.093161e+00
1.174000e-05	-3.674319e-02	2.293660e+00
1.175000e-05	-6.151136e-02	2.461582e+00
1.176000e-05	-1.724334e-02	2.571320e+00
1.177000e-05	1.011789e-01	2.717968e+00
1.178000e-05	-4.657322e-02	2.905213e+00
1.179000e-05	-5.356109e-02	3.051603e+00
1.180000e-05	1.181210e-01	3.231023e+00
1.181000e-05	-1.145166e-01	3.442181e+00
1.182000e-05	-2.370740e-03	3.577998e+00
1.183000e-05	6.761488e-02	3.728265e+00
1.184000e-05	-8.125506e-02	3.978346e+00
1.185000e-05	2.113611e-02	4.093634e+00
1.186000e-05	2.658067e-02	4.298440e+00
1.187000e-05	-5.456018e-02	4.432635e+00
1.188000e-05	1.260995e-02	4.632058e+00
1.189000e-05	-3.016471e-02	4.831030e+00
1.190000e-05	-1.015756e-02	5.020478e+00
1.191000e-05	2.418240e-03	5.261157e+00
1.192000e-05	-2.348921e-02	5.430582e+00
1.193000e-05	1.164261e-02	5.560397e+00
1.194000e-05	-1.132924e-02	5.675213e+00
1.195000e-05	-1.012010e-02	5.956741e+00
1.196000e-05	-3.483512e-02	6.043607e+00
1.197000e-05	-1.249407e-02	6.210524e+00
1.198000e-05	1.418420e-02	6.366817e+00
1.199000e-05	-3.411333e-02	6.443106e+00
1.200000e-05	-1.552895e-03	6.671158e+00
1.201000e-05	-1.834116e-02	6.780477e+00
1.202000e-05	-1.746170e-02	6.936771e+00
1.203000e-05	-1.430628e-02	7.042657e+00
1.204000e-05	-2.120810e-02	7.188998e+00
1.205000e-05	-8.287251e-04	7.264636e+00
1.206000e-05	-1.774538e-02	7.442557e+00
1.207000e-05	-1.841459e-02	7.611078e+00
1.208000e-05	-2.059967e-02	7.757345e+00
1.209000e-05	-1.350075e-02	7.862560e+00
1.210000e-05	-1.727869e-02	8.029553e+00
1.211000e-05	-2.318432e-02	8.167320e+00
1.212000e-05	-1.367376e-02	8.241557e+00
1.213000e-05	-1.396916e-02	8.347475e+00
1.214000e-05	-2.314656e-02	8.400557e+00
1.215000e-05	-2.170604e-02	8.506665e+00
1.216000e-05	-1.950827e-02	8.630556e+00
1.217000e-05	-1.870904e-02	8.703791e+00
1.218000e-05	-2.481039e-02	8.772007e+00
1.219000e-05	-2.092488e-02	8.851662e+00
1.220000e-05	-1.904449e-02	8.979925e+00
1.221000e-05	-2.556226e-02	9.104264e+00
1.222000e-05	-2.305107e-02	9.219424e+00
1.223000e-05	-2.213674e-02	9.252079e+00
1.224000e-05	-2.261287e-02	9.347298e+00
1.225000e-05	-2.860445e-02	9.389479e+00
1.226000e-05	-2.504652e-02	9.504180e+00
1.227000e-05	-2.205257e-02	9.563864e+00
1.228000e-05	-2.639791e-02	9.588999e+00
1.229000e-05	-2.876096e-02	9.641003e+00
1.230000e-05	-2.786993e-02	9.724711e+00
1.231000e-05	-2.549670e-02	9.718347e+00
1.232000e-05	-2.888789e-02	9.818903e+00
1.233000e-05	-2.914833e-02	9.851212e+00
1.234000e-05	-3.062101e-02	9.943216e+00
1.235000e-05	-2.976342e-02	9.976872e+00
1.236000e-05	-3.066784e-02	9.969422e+00
1.237000e-05	-2.985530e-02	1.000052e+01
1.238000e-05	-3.072681e-02	1.003956e+01
1.239000e-05	-3.467675e-02	1.006153e+01
1.240000e-05	-3.494270e-02	1.004166e+01
1.241000e-05	-3.362913e-02	1.008263e+01
1.242000e-05	-3.355804e-02	1.006416e+01
1.243000e-05	-3.570039e-02	1.007516e+01
1.244000e-05	-3.649712e-02	1.012319e+01
1.245000e-05	-3.751879e-02	1.009277e+01
1.246000e-05	-3.784810e-02	1.011369e+01
1.247000e-05	-3.807834e-02	1.011364e+01
1.248000e-05	-3.824557e-02	1.008224e+01
1.249000e-05	-3.856839e-02	1.005321e+01
1.250000e-05	-4.012130e-02	1.004271e+01
1.251000e-05	-4.138204e-02	1.006251e+01
1.252000e-05	-4.383659e-02	1.002054e+01
1.253000e-05	-4.401174e-02	1.001948e+01
1.254000e-05	-4.409084e-02	9.997503e+00
1.255000e-05	-4.600148e-02	9.977375e+00
1.256000e-05	-4.676579e-02	9.904692e+00
1.257000e-05	-4.800303e-02	9.892633e+00
1.258000e-05	-4.948225e-02	9.819978e+00
1.259000e-05	-5.268401e-02	9.725391e+00
1.260000e-05	-5.376461e-02	9.721661e+00
1.261000e-05	-5.426037e-02	9.609529e+00
1.262000e-05	-5.547814e-02	9.515866e+00
1.263000e-05	-5.797611e-02	9.532266e+00
1.264000e-05	-5.799631e-02	9.418080e+00
1.265000e-05	-5.812530e-02	9.365320e+00
1.266000e-05	-5.903703e-02	9.283711e+00
1.267000e-05	-5.940939e-02	9.241054e+00
1.268000e-05	-5.649082e-02	9.185823e+00
1.269000e-05	-5.657385e-02	9.030661e+00
1.270000e-05	-5.543428e-02	8.945397e+00
1.271000e-05	-5.601896e-02	8.850733e+00
1.272000e-05	-5.168095e-02	8.806899e+00
1.273000e-05	-5.121381e-02	8.662263e+00
1.274000e-05	-4.974736e-02	8.598453e+00
1.275000e-05	-4.925712e-02	8.482187e+00
1.276000e-05	-4.609553e-02	8.420532e+00
1.277000e-05	-4.422048e-02	8.344765e+00
1.278000e-05	-4.279814e-02	8.186556e+00
1.279000e-05	-4.044388e-02	8.103067e+00
1.280000e-05	-3.937513e-02	7.998423e+00
1.281000e-05	-3.859420e-02	7.850483e+00
1.282000e-05	-3.582136e-02	7.725321e+00
1.283000e-05	-3.491870e-02	7.597951e+00
1.284000e-05	-3.381041e-02	7.441715e+00
1.285000e-05	-3.355721e-02	7.283183e+00
1.286000e-05	-3.288629e-02	7.186950e+00
1.287000e-05	-2.799296e-02	7.039058e+00
1.288000e-05	-2.946384e-02	6.944265e+00
1.289000e-05	-2.509991e-02	6.808450e+00
1.290000e-05	-2.544875e-02	6.641531e+00
1.291000e-05	-2.485261e-02	6.461209e+00
1.292000e-05	-2.422372e-02	6.293818e+00
1.293000e-05	-2.285169e-02	6.187001e+00
1.294000e-05	-2.178387e-02	6.050634e+00
1.295000e-05	-2.278843e-02	5.956222e+00
1.296000e-05	-2.178611e-02	5.734345e+00
1.297000e-05	-1.971330e-02	5.576896e+00
1.298000e-05	-1.844370e-02	5.428979e+00
1.299000e-05	-1.770889e-02	5.230533e+00
1.300000e-05	-1.710728e-02	5.039602e+00
1.301000e-05	-1.561100e-02	4.822078e+00
1.302000e-05	-1.684280e-02	4.671660e+00
1.303000e-05	-1.727981e-02	4.514241e+00
1.304000e-05	-1.656841e-02	4.368369e+00
1.305000e-05	-1.467575e-02	4.235401e+00
1.306000e-05	-1.377469e-02	3.978926e+00
1.307000e-05	-1.356022e-02	3.831034e+00
1.308000e-05	-1.273344e-02	3.691685e+00
1.309000e-05	-1.092907e-02	3.514793e+00
1.310000e-05	-1.079501e-02	3.335247e+00
1.311000e-05	-1.035520e-02	3.144871e+00
1.312000e-05	-1.091739e-02	3.007447e+00
1.313000e-05	-1.076758e-02	2.829529e+00
1.314000e-05	-1.083774e-02	2.669582e+00
1.315000e-05	-1.064577e-02	2.398504e+00
1.316000e-05	-9.045914e-03	2.219605e+00
1.317000e-05	-9.125126e-03	2.062584e+00
1.318000e-05	-8.024880e-03	1.884242e+00
1.319000e-05	-7.565745e-03	1.714788e+00
1.320000e-05	-6.930728e-03	1.533218e+00
1.321000e-05	-7.331609e-03	1.313741e+00
1.322000e-05	-6.557779e-03	1.083163e+00
1.323000e-05	-6.022192e-03	8.905851e-01
1.324000e-05	-6.881720e-03	7.027078e-01
1.325000e-05	-6.138620e-03	5.338129e-01
1.326000e-05	-5.837656e-03	3.744169e-01
1.327000e-05	-3.845645e-03	1.338932e-01
1.328000e-05	-2.121295e-03	-4.365920e-02
1.329000e-05	3.220210e-03	-2.331029e-01
1.330000e-05	2.732739e-04	-3.793700e-01
1.331000e-05	-3.365767e-04	-5.593678e-01
1.332000e-05	-2.517585e-04	-7.999151e-01
1.333000e-05	-1.376846e-03	-8.863385e-01
1.334000e-05	2.451184e-04	-1.055633e+00
1.335000e-05	1.051256e-02	-1.262125e+00
1.336000e-05	4.552023e-02	-1.423207e+00
1.337000e-05	5.667950e-02	-1.685157e+00
1.338000e-05	-6.341426e-02	-1.938361e+00
1.339000e-05	-2.094897e-02	-2.172450e+00
1.340000e-05	-7.154805e-02	-2.379969e+00
1.341000e-05	6.849593e-03	-2.430503e+00
1.342000e-05	1.190696e-01	-2.504761e+00
1.343000e-05	-8.877950e-02	-2.716390e+00
1.344000e-05	1.034929e-02	-2.855161e+00
1.345000e-05	9.930162e-02	-3.021474e+00
1.346000e-05	-1.607413e-01	-3.265233e+00
1.347000e-05	5.842732e-02	-3.432529e+00
1.348000e-05	6.918015e-02	-3.540947e+00
1.349000e-05	-1.079000e-01	-3.763050e+00
1.350000e-05	1.055676e-01	-3.968521e+00
1.351000e-05	-2.899711e-03	-4.118373e+00
1.352000e-05	-5.117746e-02	-4.368421e+00
1.353000e-05	8.413939e-02	-4.453583e+00
1.354000e-05	-9.622079e-02	-4.685332e+00
1.355000e-05	7.537926e-02	-4.830530e+00
1.356000e-05	2.676669e-02	-4.990369e+00
1.357000e-05	-7.330717e-02	-5.169973e+00
1.358000e-05	1.008883e-01	-5.297898e+00
1.359000e-05	-3.437321e-02	-5.538996e+00
1.360000e-05	3.122131e-02	-5.705817e+00
1.361000e-05	-1.383373e-02	-5.864134e+00
1.362000e-05	-1.975595e-02	-6.021028e+00
1.363000e-05	8.188111e-02	-6.107320e+00
1.364000e-05	-5.801378e-02	-6.317893e+00
1.365000e-05	5.436763e-02	-6.473211e+00
1.366000e-05	1.350125e-02	-6.612599e+00
1.367000e-05	-2.331046e-02	-6.789449e+00
1.368000e-05	3.832244e-02	-6.875611e+00
1.369000e-05	-2.880450e-02	-7.063685e+00
1.370000e-05	7.707158e-02	-7.191025e+00
1.371000e-05	-1.879566e-02	-7.285789e+00
1.372000e-05	2.216355e-04	-7.412157e+00
1.373000e-05	2.831159e-02	-7.559870e+00
1.374000e-05	1.914255e-03	-7.705761e+00
1.375000e-05	3.221414e-02	-7.803008e+00
1.376000e-05	-1.472434e-02	-8.000002e+00
1.377000e-05	4.332760e-02	-8.102688e+00
1.378000e-05	7.192640e-03	-8.210550e+00
1.379000e-05	6.093021e-03	-8.323791e+00
1.380000e-05	2.232214e-02	-8.369451e+00
1.381000e-05	1.585893e-02	-8.454665e+00
1.382000e-05	2.306148e-02	-8.590576e+00
1.383000e-05	-4.954829e-03	-8.747274e+00
1.384000e-05	3.300957e-02	-8.832582e+00
1.385000e-05	1.927870e-02	-8.898339e+00
1.386000e-05	1.501242e-02	-8.990501e+00
1.387000e-05	1.372797e-02	-9.064238e+00
1.388000e-05	2.202367e-02	-9.157917e+00
1.389000e-05	2.586879e-02	-9.200027e+00
1.390000e-05	1.144188e-02	-9.273616e+00
1.391000e-05	2.540036e-02	-9.337398e+00
1.392000e-05	2.244601e-02	-9.462583e+00
1.393000e-05	1.998783e-02	-9.566819e+00
1.394000e-05	1.622169e-02	-9.578477e+00
1.395000e-05	2.598391e-02	-9.652553e+00
1.396000e-05	2.560071e-02	-9.673161e+00
1.397000e-05	2.140766e-02	-9.705291e+00
1.398000e-05	2.398950e-02	-9.758474e+00
1.399000e-05	2.379778e-02	-9.810557e+00
1.400000e-05	2.576336e-02	-9.830132e+00
1.401000e-05	2.403953e-02	-9.843712e+00
1.402000e-05	2.838729e-02	-9.883838e+00
1.403000e-05	2.523213e-02	-9.927316e+00
1.404000e-05	2.520215e-02	-9.956794e+00
1.405000e-05	2.858896e-02	-9.945922e+00
1.406000e-05	2.948562e-02	-9.958976e+00
1.407000e-05	2.690141e-02	-1.001002e+01
1.408000e-05	2.914569e-02	-9.990501e+00
1.409000e-05	3.322747e-02	-1.003955e+01
1.410000e-05	3.067977e-02	-1.006991e+01
1.411000e-05	2.920625e-02	-1.003050e+01
1.412000e-05	3.037907e-02	-9.971506e+00
1.413000e-05	3.437475e-02	-1.000957e+01
1.414000e-05	3.445272e-02	-1.001905e+01
1.415000e-05	3.385573e-02	-1.000946e+01
1.416000e-05	3.649706e-02	-9.998396e+00
1.417000e-05	3.591028e-02	-9.968898e+00
1.418000e-05	3.665221e-02	-9.946919e+00
1.419000e-05	3.757083e-02	-9.905263e+00
1.420000e-05	4.111602e-02	-9.872737e+00
1.421000e-05	4.106491e-02	-9.842159e+00
1.422000e-05	4.168369e-02	-9.839979e+00
1.423000e-05	4.376173e-02	-9.797899e+00
1.424000e-05	4.506101e-02	-9.713847e+00
1.425000e-05	4.548635e-02	-9.685034e+00
1.426000e-05	4.793557e-02	-9.621135e+00
1.427000e-05	4.995402e-02	-9.588453e+00
1.428000e-05	5.055993e-02	-9.546394e+00
1.429000e-05	5.112090e-02	-9.443736e+00
1.430000e-05	5.238924e-02	-9.356522e+00
1.431000e-05	5.221582e-02	-9.282217e+00
1.432000e-05	5.113678e-02	-9.248950e+00
1.433000e-05	5.247364e-02	-9.135867e+00
1.434000e-05	5.288997e-02	-9.061108e+00
1.435000e-05	5.112358e-02	-8.937448e+00
1.436000e-05	4.919524e-02	-8.862162e+00
1.437000e-05	4.798085e-02	-8.819632e+00
1.438000e-05	4.607394e-02	-8.717294e+00
1.439000e-05	4.419949e-02	-8.680088e+00
1.440000e-05	4.272188e-02	-8.524295e+00
1.441000e-05	4.318862e-02	-8.430604e+00
1.442000e-05	3.997670e-02	-8.324766e+00
1.443000e-05	3.729592e-02	-8.240628e+00
1.444000e-05	3.502281e-02	-8.104818e+00
1.445000e-05	3.361400e-02	-8.028576e+00
1.446000e-05	3.218863e-02	-7.935293e+00
1.447000e-05	3.157460e-02	-7.738449e+00
1.448000e-05	3.013447e-02	-7.629029e+00
1.449000e-05	2.788667e-02	-7.492691e+00
1.450000e-05	2.561332e-02	-7.386894e+00
1.451000e-05	2.505648e-02	-7.210583e+00
1.452000e-05	2.335575e-02	-7.092815e+00
1.453000e-05	2.259458e-02	-6.966345e+00
1.454000e-05	2.151910e-02	-6.788451e+00
1.455000e-05	2.060621e-02	-6.651738e+00
1.456000e-05	1.925590e-02	-6.545345e+00
1.457000e-05	1.740075e-02	-6.418004e+00
1.458000e-05	1.675910e-02	-6.211232e+00
1.459000e-05	1.565853e-02	-6.081635e+00
1.460000e-05	1.431962e-02	-5.915316e+00
1.461000e-05	1.356536e-02	-5.779376e+00
1.462000e-05	1.303760e-02	-5.661058e+00
1.463000e-05	1.244645e-02	-5.472784e+00
1.464000e-05	1.185421e-02	-5.291609e+00
1.465000e-05	9.617140e-03	-5.122212e+00
1.466000e-05	9.412283e-03	-4.884848e+00
1.467000e-05	8.772846e-03	-4.732763e+00
1.468000e-05	8.609293e-03	-4.557396e+00
1.469000e-05	7.516846e-03	-4.411053e+00
1.470000e-05	8.495930e-03	-4.292684e+00
1.471000e-05	7.556226e-03	-4.104263e+00
1.472000e-05	6.780846e-03	-3.987897e+00
1.473000e-05	4.224467e-03	-3.767496e+00
1.474000e-05	5.621609e-03	-3.598450e+00
1.475000e-05	4.408777e-03	-3.410533e+00
1.476000e-05	5.233318e-03	-3.241113e+00
1.477000e-05	2.461506e-03	-3.092259e+00
1.478000e-05	3.620555e-03	-2.863158e+00
1.479000e-05	3.117257e-03	-2.725341e+00
1.480000e-05	1.739233e-03	-2.505343e+00
1.481000e-05	4.822286e-04	-2.387921e+00
1.482000e-05	1.757051e-03	-2.176942e+00
1.483000e-05	2.171326e-03	-1.956946e+00
1.484000e-05	7.417093e-04	-1.807977e+00
1.485000e-05	-5.134847e-04	-1.610556e+00
1.486000e-05	-1.150993e-03	-1.408106e+00
1.487000e-05	-1.002870e-03	-1.177999e+00
1.488000e-05	-1.591100e-03	-9.585286e-01
1.489000e-05	-1.926446e-03	-8.209774e-01
1.490000e-05	-2.793940e-03	-6.580775e-01
1.491000e-05	-2.000632e-03	-3.994749e-01
1.492000e-05	-3.907657e-03	-2.705826e-01
1.493000e-05	-2.292651e-03	-6.021152e-02
1.494000e-05	3.015803e-04	1.476610e-01
1.495000e-05	2.053686e-03	3.072922e-01
1.496000e-05	-1.662340e-03	4.661580e-01
1.497000e-05	-2.035065e-04	6.227053e-01
1.498000e-05	-3.383222e-03	7.909714e-01
1.499000e-05	-2.980100e-03	9.303974e-01
1.500000e-05	-3.497891e-03	1.171021e+00
1.501000e-05	5.912580e-03	1.377842e+00
1.502000e-05	2.906260e-02	1.557894e+00
1.503000e-05	5.240093e-02	1.833528e+00
1.504000e-05	-2.224057e-02	2.000021e+00
1.505000e-05	-5.257293e-02	2.168948e+00
1.506000e-05	-4.400219e-02	2.417969e+00
1.507000e-05	-5.953031e-02	2.467580e+00
1.508000e-05	3.915454e-02	2.634183e+00
1.509000e-05	8.170182e-02	2.831578e+00
1.510000e-05	-1.216377e-01	2.947942e+00
1.511000e-05	7.106236e-02	3.094238e+00
1.512000e-05	1.685180e-02	3.324785e+00
1.513000e-05	-1.057681e-01	3.527740e+00
1.514000e-05	6.365383e-02	3.663604e+00
1.515000e-05	1.615651e-03	3.802603e+00
1.516000e-05	-7.214369e-02	4.020973e+00
1.517000e-05	7.077685e-02	4.170901e+00
1.518000e-05	-3.866194e-02	4.378977e+00
1.519000e-05	-1.899520e-02	4.517846e+00
1.520000e-05	2.273743e-03	4.765843e+00
1.521000e-05	-4.123969e-02	4.896260e+00
1.522000e-05	1.710923e-02	5.057363e+00
1.523000e-05	-2.156047e-02	5.326841e+00
1.524000e-05	-2.281632e-03	5.465737e+00
1.525000e-05	-5.847619e-04	5.641580e+00
1.526000e-05	-6.713090e-03	5.832003e+00
1.527000e-05	-2.243837e-02	5.980000e+00
1.528000e-05	-3.396794e-02	6.105817e+00
1.529000e-05	7.747933e-03	6.264181e+00
1.530000e-05	-7.122709e-03	6.379949e+00
1.531000e-05	-2.573151e-02	6.505749e+00
1.532000e-05	-6.289533e-04	6.716370e+00
1.533000e-05	-2.525746e-02	6.863684e+00
1.534000e-05	-1.285200e-02	6.978425e+00
1.535000e-05	-1.814688e-02	7.104236e+00
1.536000e-05	-1.558064e-02	7.230028e+00
1.537000e-05	-2.691616e-03	7.345399e+00
1.538000e-05	-2.765852e-02	7.525810e+00
1.539000e-05	-1.334084e-02	7.643089e+00
1.540000e-05	-2.056177e-02	7.779550e+00
1.541000e-05	-8.673611e-03	7.913770e+00
1.542000e-05	-2.409666e-02	8.075633e+00
1.543000e-05	-2.067027e-02	8.197972e+00
1.544000e-05	-1.062471e-02	8.285687e+00
1.545000e-05	-2.180604e-02	8.419951e+00
1.546000e-05	-2.036485e-02	8.451583e+00
1.547000e-05	-2.284124e-02	8.547948e+00
1.548000e-05	-1.497829e-02	8.651633e+00
1.549000e-05	-2.443868e-02	8.765790e+00
1.550000e-05	-2.197003e-02	8.811453e+00
1.551000e-05	-2.021531e-02	8.925741e+00
1.552000e-05	-2.231278e-02	9.071706e+00
1.553000e-05	-2.498657e-02	9.177346e+00
1.554000e-05	-2.191441e-02	9.231977e+00
1.555000e-05	-1.918811e-02	9.292688e+00
1.556000e-05	-2.728130e-02	9.358376e+00
1.557000e-05	-2.828774e-02	9.442586e+00
1.558000e-05	-2.410969e-02	9.485663e+00
1.559000e-05	-2.132430e-02	9.566377e+00
1.560000e-05	-2.862313e-02	9.609424e+00
1.561000e-05	-2.680777e-02	9.681685e+00
1.562000e-05	-2.532582e-02	9.693770e+00
1.563000e-05	-2.883467e-02	9.789899e+00
1.564000e-05	-3.027244e-02	9.851036e+00
1.565000e-05	-2.923256e-02	9.872763e+00
1.566000e-05	-2.860085e-02	9.925345e+00
1.567000e-05	-3.260744e-02	9.957873e+00
1.568000e-05	-3.100368e-02	1.000003e+01
1.569000e-05	-3.096181e-02	1.002150e+01
1.570000e-05	-3.238146e-02	1.002058e+01
1.571000e-05	-3.620900e-02	1.006153e+01
1.572000e-05	-3.386803e-02	1.006211e+01
1.573000e-05	-3.214379e-02	1.007363e+01
1.574000e-05	-3.484379e-02	1.006266e+01
1.575000e-05	-3.516858e-02	1.009371e+01
1.576000e-05	-3.648288e-02	1.009477e+01
1.577000e-05	-3.801319e-02	1.008479e+01
1.578000e-05	-4.060493e-02	1.012529e+01
1.579000e-05	-3.857720e-02	1.010363e+01
1.580000e-05	-3.805956e-02	1.008269e+01
1.581000e-05	-4.022725e-02	1.008169e+01
1.582000e-05	-4.185755e-02	1.007108e+01
1.583000e-05	-4.210038e-02	1.002256e+01
1.584000e-05	-4.283257e-02	1.004008e+01
1.585000e-05	-4.565286e-02	1.000193e+01
1.586000e-05	-4.579789e-02	9.978424e+00
1.587000e-05	-4.601485e-02	9.956347e+00
1.588000e-05	-4.752084e-02	9.884641e+00
1.589000e-05	-4.956803e-02	9.841129e+00
1.590000e-05	-5.134259e-02	9.794451e+00
1.591000e-05	-5.161419e-02	9.682716e+00
1.592000e-05	-5.383656e-02	9.650603e+00
1.593000e-05	-5.628286e-02	9.557977e+00
1.594000e-05	-5.626951e-02	9.523319e+00
1.595000e-05	-5.758272e-02	9.461686e+00
1.596000e-05	-5.790655e-02	9.397979e+00
1.597000e-05	-5.945032e-02	9.344818e+00
1.598000e-05	-5.919279e-02	9.263109e+00
1.599000e-05	-5.828219e-02	9.199051e+00
1.600000e-05	-5.739525e-02	9.143894e+00
1.601000e-05	-5.615781e-02	9.048555e+00
1.602000e-05	-5.509642e-02	8.873189e+00
1.603000e-05	-5.510195e-02	8.819455e+00
1.604000e-05	-5.152411e-02	8.735345e+00
1.605000e-05	-5.090664e-02	8.662159e+00
1.606000e-05	-4.864015e-02	8.527374e+00
1.607000e-05	-4.640140e-02	8.471166e+00
1.608000e-05	-4.387782e-02	8.409525e+00
1.609000e-05	-4.367734e-02	8.301720e+00
1.610000e-05	-4.289228e-02	8.185898e+00
1.611000e-05	-4.108771e-02	8.040032e+00
1.612000e-05	-3.929367e-02	7.925347e+00
1.613000e-05	-3.670740e-02	7.798525e+00
1.614000e-05	-3.413467e-02	7.702738e+00
1.615000e-05	-3.406361e-02	7.587848e+00
1.616000e-05	-3.150915e-02	7.409906e+00
1.617000e-05	-3.069992e-02	7.260509e+00
1.618000e-05	-3.048963e-02	7.133320e+00
1.619000e-05	-2.951057e-02	7.005950e+00
1.620000e-05	-2.730458e-02	6.861658e+00
1.621000e-05	-2.637021e-02	6.733321e+00
1.622000e-05	-2.564850e-02	6.594822e+00
1.623000e-05	-2.513703e-02	6.388951e+00
1.624000e-05	-2.251995e-02	6.260639e+00
1.625000e-05	-2.204916e-02	6.134292e+00
1.626000e-05	-2.164849e-02	6.028532e+00
1.627000e-05	-2.099514e-02	5.819039e+00
1.628000e-05	-1.970985e-02	5.650531e+00
1.629000e-05	-1.890957e-02	5.512215e+00
1.630000e-05	-1.990086e-02	5.356346e+00
1.631000e-05	-1.871786e-02	5.187447e+00
1.632000e-05	-1.832226e-02	4.925843e+00
1.633000e-05	-1.660247e-02	4.796348e+00
1.634000e-05	-1.578335e-02	4.639982e+00
1.635000e-05	-1.498362e-02	4.482085e+00
1.636000e-05	-1.399161e-02	4.324786e+00
1.637000e-05	-1.554570e-02	4.072159e+00
1.638000e-05	-1.418022e-02	3.944339e+00
1.639000e-05	-1.290954e-02	3.787897e+00
1.640000e-05	-1.216634e-02	3.630055e+00
1.641000e-05	-1.101056e-02	3.430232e+00
1.642000e-05	-1.189338e-02	3.219055e+00
1.643000e-05	-1.171681e-02	3.071710e+00
1.644000e-05	-1.282339e-02	2.903212e+00
1.645000e-05	-9.015880e-03	2.755848e+00
1.646000e-05	-8.514747e-03	2.574270e+00
1.647000e-05	-8.427124e-03	2.344318e+00
1.648000e-05	-1.024333e-02	2.155844e+00
1.649000e-05	-8.373752e-03	2.007901e+00
1.650000e-05	-7.744113e-03	1.840056e+00
1.651000e-05	-8.595132e-03	1.576901e+00
1.652000e-05	-7.397976e-03	1.428501e+00
1.653000e-05	-6.432499e-03	1.250555e+00
1.654000e-05	-5.719384e-03	9.680245e-01
1.655000e-05	-6.118494e-03	7.789759e-01
1.656000e-05	-6.414428e-03	6.005061e-01
1.657000e-05	-4.879365e-03	4.515587e-01
1.658000e-05	-4.931706e-03	2.507075e-01
1.659000e-05	-3.482708e-03	4.210620e-02
1.660000e-05	3.140123e-04	-9.836361e-02
1.661000e-05	2.556507e-03	-2.653383e-01
1.662000e-05	-1.654748e-03	-4.615055e-01
1.663000e-05	1.004108e-03	-5.846320e-01
1.664000e-05	-2.480832e-03	-8.225779e-01
1.665000e-05	4.712344e-04	-9.689477e-01
1.666000e-05	1.241546e-03	-1.138797e+00
1.667000e-05	2.762789e-02	-1.334236e+00
1.668000e-05	5.969692e-02	-1.488346e+00
1.669000e-05	4.749004e-03	-1.760419e+00
1.670000e-05	-6.066176e-02	-2.052607e+00
1.671000e-05	-3.174089e-02	-2.254215e+00
1.672000e-05	-6.176753e-02	-2.400503e+00
1.673000e-05	8.905652e-02	-2.431027e+00
1.674000e-05	4.201291e-02	-2.560428e+00
1.675000e-05	-1.179723e-01	-2.803078e+00
1.676000e-05	1.387825e-01	-2.945312e+00
1.677000e-05	-2.424119e-02	-3.166864e+00
1.678000e-05	-1.002969e-01	-3.368922e+00
1.679000e-05	1.410649e-01	-3.513740e+00
1.680000e-05	-4.175986e-02	-3.673182e+00
1.681000e-05	-4.045363e-02	-3.882835e+00
1.682000e-05	1.208653e-01	-4.042578e+00
1.683000e-05	-1.065717e-01	-4.222707e+00
1.684000e-05	5.714330e-02	-4.369499e+00
1.685000e-05	-4.321191e-05	-4.488265e+00
1.686000e-05	-5.573249e-02	-4.756468e+00
1.687000e-05	1.160780e-01	-4.885182e+00
1.688000e-05	-6.971202e-02	-5.072753e+00
1.689000e-05	2.266567e-02	-5.242577e+00
1.690000e-05	5.866936e-02	-5.393257e+00
1.691000e-05	-4.062248e-02	-5.643632e+00
1.692000e-05	5.055880e-02	-5.779449e+00
1.693000e-05	-5.813290e-02	-5.907866e+00
1.694000e-05	5.824423e-02	-6.043107e+00
1.695000e-05	1.914704e-02	-6.172102e+00
1.696000e-05	-3.658179e-02	-6.429525e+00
1.697000e-05	8.244266e-02	-6.526291e+00
1.698000e-05	-4.536131e-02	-6.655737e+00
1.699000e-05	2.875176e-02	-6.790075e+00
1.700000e-05	-5.097104e-03	-6.907241e+00
1.701000e-05	1.864110e-02	-7.156791e+00
1.702000e-05	5.873140e-02	-7.252553e+00
1.703000e-05	-4.777870e-02	-7.369551e+00
1.704000e-05	3.971407e-02	-7.485183e+00
1.705000e-05	6.572645e-04	-7.610975e+00
1.706000e-05	2.918421e-02	-7.786474e+00
1.707000e-05	3.444618e-03	-7.904786e+00
1.708000e-05	5.018591e-03	-8.012130e+00
1.709000e-05	4.454684e-02	-8.136870e+00
1.710000e-05	-1.168813e-02	-8.252655e+00
1.711000e-05	2.506884e-02	-8.346768e+00
1.712000e-05	9.533463e-03	-8.441630e+00
1.713000e-05	2.983099e-02	-8.514892e+00
1.714000e-05	2.407032e-03	-8.701636e+00
1.715000e-05	1.173707e-02	-8.791449e+00
1.716000e-05	3.431762e-02	-8.853136e+00
1.717000e-05	1.364067e-02	-8.958973e+00
1.718000e-05	1.648033e-02	-9.043103e+00
1.719000e-05	1.193410e-02	-9.115291e+00
1.720000e-05	3.000385e-02	-9.179002e+00
1.721000e-05	1.461534e-02	-9.253058e+00
1.722000e-05	1.834507e-02	-9.274217e+00
1.723000e-05	2.458596e-02	-9.408953e+00
1.724000e-05	2.350548e-02	-9.494284e+00
1.725000e-05	1.731952e-02	-9.538973e+00
1.726000e-05	1.830509e-02	-9.601028e+00
1.727000e-05	2.900633e-02	-9.663212e+00
1.728000e-05	2.180946e-02	-9.693265e+00
1.729000e-05	2.244297e-02	-9.746898e+00
1.730000e-05	2.303097e-02	-9.778525e+00
1.731000e-05	2.703314e-02	-9.830125e+00
1.732000e-05	2.320824e-02	-9.840682e+00
1.733000e-05	2.576323e-02	-9.903787e+00
1.734000e-05	2.661778e-02	-9.905287e+00
1.735000e-05	2.574399e-02	-9.925796e+00
1.736000e-05	2.628648e-02	-9.916395e+00
1.737000e-05	3.005196e-02	-9.937944e+00
1.738000e-05	2.864208e-02	-9.957973e+00
1.739000e-05	2.659409e-02	-1.000850e+01
1.740000e-05	2.987788e-02	-9.987025e+00
1.741000e-05	3.209697e-02	-1.004153e+01
1.742000e-05	3.123867e-02	-1.000050e+01
1.743000e-05	3.003822e-02	-1.005060e+01
1.744000e-05	3.325330e-02	-1.001953e+01
1.745000e-05	3.469916e-02	-1.003098e+01
1.746000e-05	3.437872e-02	-9.999053e+00
1.747000e-05	3.540289e-02	-1.000950e+01
1.748000e-05	3.623586e-02	-9.958926e+00
1.749000e-05	3.652238e-02	-9.966421e+00
1.750000e-05	3.676509e-02	-9.928367e+00
1.751000e-05	3.956414e-02	-9.883716e+00
1.752000e-05	4.075965e-02	-9.863211e+00
1.753000e-05	4.081969e-02	-9.852658e+00
1.754000e-05	4.321053e-02	-9.820953e+00
1.755000e-05	4.406221e-02	-9.757375e+00
1.756000e-05	4.487372e-02	-9.695238e+00
1.757000e-05	4.762423e-02	-9.650981e+00
1.758000e-05	5.001844e-02	-9.621482e+00
1.759000e-05	5.040804e-02	-9.598402e+00
1.760000e-05	5.029408e-02	-9.523839e+00
1.761000e-05	5.218059e-02	-9.431080e+00
1.762000e-05	5.272568e-02	-9.325399e+00
1.763000e-05	5.151978e-02	-9.242080e+00
1.764000e-05	5.147504e-02	-9.188449e+00
1.765000e-05	5.321532e-02	-9.104791e+00
1.766000e-05	5.287951e-02	-9.020631e+00
1.767000e-05	4.991727e-02	-8.882317e+00
1.768000e-05	4.707447e-02	-8.862562e+00
1.769000e-05	4.700564e-02	-8.828053e+00
1.770000e-05	4.518401e-02	-8.736816e+00
1.771000e-05	4.411846e-02	-8.559504e+00
1.772000e-05	4.227185e-02	-8.471759e+00
1.773000e-05	4.049416e-02	-8.378396e+00
1.774000e-05	3.885628e-02	-8.271787e+00
1.775000e-05	3.636247e-02	-8.178972e+00
1.776000e-05	3.488908e-02	-8.064686e+00
1.777000e-05	3.357995e-02	-8.009449e+00
1.778000e-05	3.232282e-02	-7.830734e+00
1.779000e-05	3.114524e-02	-7.714265e+00
1.780000e-05	2.869725e-02	-7.546924e+00
1.781000e-05	2.595635e-02	-7.451056e+00
1.782000e-05	2.570454e-02	-7.264742e+00
1.783000e-05	2.404239e-02	-7.199499e+00
1.784000e-05	2.288877e-02	-7.011109e+00
1.785000e-05	2.210413e-02	-6.871763e+00
1.786000e-05	2.176628e-02	-6.746897e+00
1.787000e-05	2.071101e-02	-6.599106e+00
1.788000e-05	1.791150e-02	-6.451613e+00
1.789000e-05	1.713825e-02	-6.357295e+00
1.790000e-05	1.614459e-02	-6.196953e+00
1.791000e-05	1.513678e-02	-6.039475e+00
1.792000e-05	1.404796e-02	-5.869112e+00
1.793000e-05	1.301455e-02	-5.734345e+00
1.794000e-05	1.332175e-02	-5.569503e+00
1.795000e-05	1.061856e-02	-5.375575e+00
1.796000e-05	1.159710e-02	-5.178496e+00
1.797000e-05	1.060205e-02	-4.990081e+00
1.798000e-05	1.058743e-02	-4.839134e+00
1.799000e-05	8.708095e-03	-4.621159e+00
1.800000e-05	8.282622e-03	-4.453239e+00
1.801000e-05	7.807160e-03	-4.326369e+00
1.802000e-05	6.283278e-03	-4.229000e+00
1.803000e-05	5.213244e-03	-4.050659e+00
1.804000e-05	5.192059e-03	-3.924764e+00
1.805000e-05	5.047076e-03	-3.672640e+00
1.806000e-05	5.109619e-03	-3.536738e+00
1.807000e-05	5.547134e-03	-3.357345e+00
1.808000e-05	5.499165e-03	-3.169397e+00
1.809000e-05	3.738622e-03	-2.988548e+00
1.810000e-05	1.057296e-03	-2.798547e+00
1.811000e-05	2.530735e-03	-2.620556e+00
1.812000e-05	1.439899e-03	-2.471634e+00
1.813000e-05	2.372083e-03	-2.244113e+00
1.814000e-05	6.313987e-04	-2.061656e+00
1.815000e-05	2.983146e-03	-1.913713e+00
1.816000e-05	1.989319e-04	-1.744267e+00
1.817000e-05	1.008915e-04	-1.544942e+00
1.818000e-05	-1.578958e-03	-1.302713e+00
1.819000e-05	-1.205280e-03	-1.091287e+00
1.820000e-05	-2.377264e-03	-9.164144e-01
1.821000e-05	-1.588344e-03	-7.254421e-01
1.822000e-05	-2.960564e-03	-5.342442e-01
1.823000e-05	-2.647571e-03	-3.474156e-01
1.824000e-05	-2.762140e-03	-1.874997e-01
1.825000e-05	-2.351471e-03	1.023990e-03
1.826000e-05	1.419068e-03	1.704739e-01
1.827000e-05	6.073256e-04	3.804990e-01
1.828000e-05	-1.836388e-03	5.387922e-01
1.829000e-05	7.760810e-04	7.169123e-01
1.830000e-05	-4.171771e-03	8.635792e-01
1.831000e-05	-4.046995e-03	1.045232e+00
1.832000e-05	-1.933307e-03	1.263605e+00
1.833000e-05	1.404200e-02	1.473527e+00
1.834000e-05	4.375261e-02	1.674906e+00
1.835000e-05	3.307115e-02	1.906662e+00
1.836000e-05	-5.668451e-02	2.065661e+00
1.837000e-05	-3.655577e-02	2.284756e+00
1.838000e-05	-5.995833e-02	2.430523e+00
1.839000e-05	-3.041761e-02	2.527795e+00
1.840000e-05	9.518067e-02	2.758361e+00
1.841000e-05	-1.902378e-02	2.875688e+00
1.842000e-05	-7.962947e-02	3.021023e+00
1.843000e-05	1.265620e-01	3.169446e+00
1.844000e-05	-1.001819e-01	3.403953e+00
1.845000e-05	-2.572313e-02	3.619448e+00
1.846000e-05	7.519571e-02	3.706238e+00
1.847000e-05	-7.011499e-02	3.895737e+00
1.848000e-05	1.251898e-03	4.082627e+00
1.849000e-05	4.262468e-02	4.243734e+00
1.850000e-05	-6.112174e-02	4.472130e+00
1.851000e-05	9.419866e-03	4.610554e+00
1.852000e-05	-2.374696e-02	4.811004e+00
1.853000e-05	-1.749874e-02	5.000047e+00
1.854000e-05	8.515654e-03	5.231527e+00
1.855000e-05	-2.670342e-02	5.390552e+00
1.856000e-05	1.022745e-02	5.566889e+00
1.857000e-05	-1.128430e-02	5.733790e+00
1.858000e-05	-8.259185e-03	5.894815e+00
1.859000e-05	-3.205311e-02	6.044053e+00
1.860000e-05	-1.686830e-02	6.179924e+00
1.861000e-05	1.599742e-02	6.326241e+00
1.862000e-05	-3.342762e-02	6.472580e+00
1.863000e-05	-5.935885e-03	6.669004e+00
1.864000e-05	-1.352257e-02	6.799498e+00
1.865000e-05	-1.850069e-02	6.905294e+00
1.866000e-05	-1.332914e-02	7.032103e+00
1.867000e-05	-2.115397e-02	7.159949e+00
1.868000e-05	-2.107359e-03	7.244582e+00
1.869000e-05	-1.303210e-02	7.451981e+00
1.870000e-05	-2.134791e-02	7.610080e+00
1.871000e-05	-1.901334e-02	7.717316e+00
1.872000e-05	-1.608528e-02	7.871079e+00
1.873000e-05	-1.449960e-02	8.018425e+00
1.874000e-05	-2.300079e-02	8.124368e+00
1.875000e-05	-1.421626e-02	8.252053e+00
1.876000e-05	-1.291232e-02	8.337394e+00
1.877000e-05	-2.422744e-02	8.421603e+00
1.878000e-05	-2.104868e-02	8.484139e+00
1.879000e-05	-1.943384e-02	8.600008e+00
1.880000e-05	-1.667405e-02	8.664737e+00
1.881000e-05	-2.460250e-02	8.798048e+00
1.882000e-05	-2.185214e-02	8.864059e+00
1.883000e-05	-1.999587e-02	8.946376e+00
1.884000e-05	-2.456986e-02	9.155263e+00
1.885000e-05	-2.153974e-02	9.210449e+00
1.886000e-05	-2.284584e-02	9.263130e+00
1.887000e-05	-2.119598e-02	9.306265e+00
1.888000e-05	-2.819219e-02	9.398477e+00
1.889000e-05	-2.548395e-02	9.442182e+00
1.890000e-05	-2.281118e-02	9.504794e+00
1.891000e-05	-2.562276e-02	9.587923e+00
1.892000e-05	-2.861690e-02	9.641558e+00
1.893000e-05	-2.850548e-02	9.714158e+00
1.894000e-05	-2.518990e-02	9.775324e+00
1.895000e-05	-2.891044e-02	9.808107e+00
1.896000e-05	-2.760799e-02	9.893157e+00
1.897000e-05	-3.093587e-02	9.894687e+00
1.898000e-05	-3.090362e-02	9.953920e+00
1.899000e-05	-3.194816e-02	9.957422e+00
1.900000e-05	-2.930008e-02	1.001098e+01
1.901000e-05	-3.134408e-02	1.003103e+01
1.902000e-05	-3.573296e-02	1.005106e+01
1.903000e-05	-3.400268e-02	1.004209e+01
1.904000e-05	-3.314471e-02	1.004264e+01
1.905000e-05	-3.390051e-02	1.011212e+01
1.906000e-05	-3.643842e-02	1.010326e+01
1.907000e-05	-3.488476e-02	1.010364e+01
1.908000e-05	-3.773015e-02	1.007469e+01
1.909000e-05	-3.957543e-02	1.013279e+01
1.910000e-05	-3.808933e-02	1.008374e+01
1.911000e-05	-3.797186e-02	1.010321e+01
1.912000e-05	-3.903096e-02	1.007326e+01
1.913000e-05	-4.305346e-02	1.008261e+01
1.914000e-05	-4.114993e-02	1.008161e+01
1.915000e-05	-4.218256e-02	1.004158e+01
1.916000e-05	-4.449071e-02	1.000955e+01
1.917000e-05	-4.543483e-02	1.001000e+01
1.918000e-05	-4.469823e-02	9.958420e+00
1.919000e-05	-4.689252e-02	9.915767e+00
1.920000e-05	-4.949473e-02	9.871639e+00
1.921000e-05	-5.145368e-02	9.770530e+00
1.922000e-05	-4.980766e-02	9.775796e+00
1.923000e-05	-5.233062e-02	9.702663e+00
1.924000e-05	-5.544344e-02	9.628007e+00
1.925000e-05	-5.610575e-02	9.566820e+00
1.926000e-05	-5.807246e-02	9.484238e+00
1.927000e-05	-5.692202e-02	9.430658e+00
1.928000e-05	-5.861573e-02	9.374875e+00
1.929000e-05	-5.811971e-02	9.312763e+00
1.930000e-05	-5.868586e-02	9.260532e+00
1.931000e-05	-5.984310e-02	9.185926e+00
1.932000e-05	-5.672709e-02	9.103690e+00
1.933000e-05	-5.543359e-02	9.006453e+00
1.934000e-05	-5.457222e-02	8.870137e+00
1.935000e-05	-5.400830e-02	8.757371e+00
1.936000e-05	-5.189378e-02	8.712765e+00
1.937000e-05	-4.867894e-02	8.601005e+00
1.938000e-05	-4.843182e-02	8.514292e+00
1.939000e-05	-4.590043e-02	8.421031e+00
1.940000e-05	-4.457715e-02	8.377821e+00
1.941000e-05	-4.304776e-02	8.242655e+00
1.942000e-05	-4.071473e-02	8.172638e+00
1.943000e-05	-3.951661e-02	8.000006e+00
1.944000e-05	-3.649531e-02	7.921143e+00
1.945000e-05	-3.694920e-02	7.747843e+00
1.946000e-05	-3.483507e-02	7.661205e+00
1.947000e-05	-3.439493e-02	7.493889e+00
1.948000e-05	-3.046365e-02	7.344167e+00
1.949000e-05	-3.040174e-02	7.196451e+00
1.950000e-05	-2.823860e-02	7.102610e+00
1.951000e-05	-2.828892e-02	6.923817e+00
1.952000e-05	-2.782607e-02	6.829406e+00
1.953000e-05	-2.646521e-02	6.651089e+00
1.954000e-05	-2.487016e-02	6.500668e+00
1.955000e-05	-2.423789e-02	6.345843e+00
1.956000e-05	-2.264411e-02	6.209454e+00
1.957000e-05	-2.279218e-02	6.082535e+00
1.958000e-05	-2.165017e-02	5.893368e+00
1.959000e-05	-2.002965e-02	5.774856e+00
1.960000e-05	-1.970297e-02	5.567976e+00
1.961000e-05	-1.831332e-02	5.441559e+00
1.962000e-05	-1.844239e-02	5.250134e+00
1.963000e-05	-1.736668e-02	5.099193e+00
1.964000e-05	-1.883963e-02	4.821632e+00
1.965000e-05	-1.744952e-02	4.722765e+00
1.966000e-05	-1.649369e-02	4.545816e+00
1.967000e-05	-1.490583e-02	4.420501e+00
1.968000e-05	-1.444794e-02	4.206427e+00
1.969000e-05	-1.417535e-02	4.009499e+00
1.970000e-05	-1.214828e-02	3.872135e+00
1.971000e-05	-1.191424e-02	3.693788e+00
1.972000e-05	-1.253659e-02	3.535399e+00
1.973000e-05	-1.280894e-02	3.365294e+00
1.974000e-05	-1.296832e-02	3.185393e+00
1.975000e-05	-1.271718e-02	2.997925e+00
1.976000e-05	-1.085204e-02	2.831556e+00
1.977000e-05	-9.500111e-03	2.660162e+00
1.978000e-05	-7.942300e-03	2.439080e+00
1.979000e-05	-8.531936e-03	2.302160e+00
1.980000e-05	-9.496075e-03	2.102734e+00
1.981000e-05	-8.397515e-03	1.915367e+00
1.982000e-05	-7.492238e-03	1.703793e+00
1.983000e-05	-8.417644e-03	1.513367e+00
1.984000e-05	-8.645673e-03	1.354292e+00
1.985000e-05	-8.556539e-03	1.155293e+00
1.986000e-05	-5.698033e-03	8.722367e-01
1.987000e-05	-5.953950e-03	7.142417e-01
1.988000e-05	-5.287370e-03	5.748393e-01
1.989000e-05	-4.972132e-03	4.089748e-01
1.990000e-05	-3.847373e-03	1.448242e-01
1.991000e-05	-2.245550e-03	-3.363058e-02
1.992000e-05	2.568928e-03	-2.005240e-01
1.993000e-05	-6.886357e-04	-3.584702e-01
1.994000e-05	-2.186444e-03	-5.082132e-01
1.995000e-05	-1.025458e-03	-7.074436e-01
1.996000e-05	-1.618940e-03	-8.743108e-01
1.997000e-05	1.764623e-03	-1.033603e+00
1.998000e-05	7.916983e-03	-1.221003e+00
1.999000e-05	4.521029e-02	-1.372473e+00
2.000000e-05	6.249860e-02	-1.633629e+00
2.001000e-05	-5.376265e-02	-1.928260e+00
2.002000e-05	-2.759624e-02	-2.121368e+00
2.003000e-05	-6.895681e-02	-2.347894e+00
2.004000e-05	-9.091229e-03	-2.431576e+00
2.005000e-05	1.253316e-01	-2.483131e+00
2.006000e-05	-6.904671e-02	-2.696734e+00
2.007000e-05	-2.409346e-02	-2.873210e+00
2.008000e-05	1.214303e-01	-3.009823e+00
2.009000e-05	-1.515752e-01	-3.243231e+00
2.010000e-05	2.367311e-02	-3.412605e+00
2.011000e-05	9.401548e-02	-3.538944e+00
2.012000e-05	-1.091677e-01	-3.719374e+00
2.013000e-05	8.440967e-02	-3.938869e+00
2.014000e-05	2.989931e-02	-4.087742e+00
2.015000e-05	-7.720276e-02	-4.326814e+00
2.016000e-05	9.464994e-02	-4.430529e+00
2.017000e-05	-8.711326e-02	-4.644175e+00
2.018000e-05	5.248582e-02	-4.809550e+00
2.019000e-05	5.324960e-02	-4.958846e+00
2.020000e-05	-8.544048e-02	-5.157925e+00
2.021000e-05	9.663692e-02	-5.317344e+00
2.022000e-05	-2.304119e-02	-5.538343e+00
2.023000e-05	1.608812e-02	-5.696686e+00
2.024000e-05	2.053533e-03	-5.842156e+00
2.025000e-05	-3.432637e-02	-5.979000e+00
2.026000e-05	8.898815e-02	-6.125265e+00
2.027000e-05	-5.124252e-02	-6.274837e+00
2.028000e-05	3.961744e-02	-6.443683e+00
2.029000e-05	3.005381e-02	-6.610502e+00
2.030000e-05	-3.338367e-02	-6.766393e+00
2.031000e-05	4.153010e-02	-6.844107e+00
2.032000e-05	-3.196694e-02	-6.962073e+00
2.033000e-05	7.012896e-02	-7.168950e+00
2.034000e-05	-2.818078e-03	-7.276236e+00
2.035000e-05	-1.262980e-02	-7.421554e+00
2.036000e-05	3.492770e-02	-7.527824e+00
2.037000e-05	-1.500236e-03	-7.693862e+00
2.038000e-05	3.624359e-02	-7.851629e+00
2.039000e-05	-1.524357e-02	-7.977974e+00
2.040000e-05	3.698823e-02	-8.103759e+00
2.041000e-05	1.630493e-02	-8.188450e+00
2.042000e-05	3.824644e-04	-8.275238e+00
2.043000e-05	2.383664e-02	-8.369499e+00
2.044000e-05	1.011436e-02	-8.441664e+00
2.045000e-05	2.694454e-02	-8.598008e+00
2.046000e-05	-4.693989e-03	-8.748319e+00
2.047000e-05	3.056707e-02	-8.830029e+00
2.048000e-05	2.250904e-02	-8.926215e+00
2.049000e-05	1.408302e-02	-9.010553e+00
2.050000e-05	1.400429e-02	-9.022687e+00
2.051000e-05	1.776959e-02	-9.137364e+00
2.052000e-05	2.682479e-02	-9.209449e+00
2.053000e-05	1.140508e-02	-9.261611e+00
2.054000e-05	2.433969e-02	-9.367852e+00
2.055000e-05	2.241783e-02	-9.461158e+00
2.056000e-05	2.264349e-02	-9.496867e+00
2.057000e-05	1.624289e-02	-9.616929e+00
2.058000e-05	2.521162e-02	-9.611558e+00
2.059000e-05	2.650526e-02	-9.673783e+00
2.060000e-05	2.167498e-02	-9.707292e+00
2.061000e-05	2.428227e-02	-9.778899e+00
2.062000e-05	2.379820e-02	-9.850477e+00
2.063000e-05	2.550305e-02	-9.812084e+00
2.064000e-05	2.267166e-02	-9.862661e+00
2.065000e-05	2.772108e-02	-9.905813e+00
2.066000e-05	2.680738e-02	-9.924770e+00
2.067000e-05	2.518351e-02	-9.937318e+00
2.068000e-05	2.875087e-02	-9.937448e+00
2.069000e-05	3.004573e-02	-9.977374e+00
2.070000e-05	2.887096e-02	-9.961025e+00
2.071000e-05	2.863572e-02	-9.979499e+00
2.072000e-05	3.133103e-02	-9.991455e+00
2.073000e-05	3.155580e-02	-1.000050e+01
2.074000e-05	3.136823e-02	-1.002913e+01
2.075000e-05	3.055483e-02	-1.004055e+01
2.076000e-05	3.356766e-02	-1.001050e+01
2.077000e-05	3.324537e-02	-1.002000e+01
2.078000e-05	3.522208e-02	-9.998453e+00
2.079000e-05	3.611654e-02	-9.968479e+00
2.080000e-05	3.603978e-02	-9.957974e+00
2.081000e-05	3.691644e-02	-9.957871e+00
2.082000e-05	3.802006e-02	-9.893790e+00
2.083000e-05	4.038649e-02	-9.884739e+00
2.084000e-05	3.957876e-02	-9.821682e+00
2.085000e-05	4.165169e-02	-9.829008e+00
2.086000e-05	4.321020e-02	-9.779548e+00
2.087000e-05	4.467783e-02	-9.724869e+00
2.088000e-05	4.661034e-02	-9.653141e+00
2.089000e-05	4.730735e-02	-9.640682e+00
2.090000e-05	5.011290e-02	-9.600529e+00
2.091000e-05	4.904412e-02	-9.576848e+00
2.092000e-05	5.237528e-02	-9.493165e+00
2.093000e-05	5.323148e-02	-9.337451e+00
2.094000e-05	5.223946e-02	-9.303318e+00
2.095000e-05	5.125996e-02	-9.249557e+00
2.096000e-05	5.244919e-02	-9.154845e+00
2.097000e-05	5.100600e-02	-9.053163e+00
2.098000e-05	5.054862e-02	-8.957501e+00
2.099000e-05	4.845709e-02	-8.883340e+00
2.100000e-05	4.820038e-02	-8.830579e+00
2.101000e-05	4.592941e-02	-8.746846e+00
2.102000e-05	4.347861e-02	-8.619661e+00
2.103000e-05	4.425879e-02	-8.534894e+00
2.104000e-05	4.265025e-02	-8.431555e+00
2.105000e-05	3.918442e-02	-8.335821e+00
2.106000e-05	3.845335e-02	-8.230181e+00
2.107000e-05	3.489547e-02	-8.177345e+00
2.108000e-05	3.332058e-02	-8.051107e+00
2.109000e-05	3.189680e-02	-7.917320e+00
2.110000e-05	3.196690e-02	-7.776447e+00
2.111000e-05	3.065550e-02	-7.620110e+00
2.112000e-05	2.698061e-02	-7.504263e+00
2.113000e-05	2.768302e-02	-7.335447e+00
2.114000e-05	2.643767e-02	-7.221206e+00
2.115000e-05	2.379553e-02	-7.116897e+00
2.116000e-05	2.143856e-02	-6.965950e+00
2.117000e-05	1.945860e-02	-6.809528e+00
2.118000e-05	2.099105e-02	-6.674761e+00
2.119000e-05	1.917645e-02	-6.586825e+00
2.120000e-05	1.832453e-02	-6.428480e+00
2.121000e-05	1.752130e-02	-6.261764e+00
2.122000e-05	1.534867e-02	-6.081690e+00
2.123000e-05	1.557603e-02	-5.945870e+00
2.124000e-05	1.311250e-02	-5.799503e+00
2.125000e-05	1.298880e-02	-5.640027e+00
2.126000e-05	1.193980e-02	-5.516266e+00
2.127000e-05	1.149059e-02	-5.242688e+00
2.128000e-05	1.067486e-02	-5.113241e+00
2.129000e-05	1.042129e-02	-4.906347e+00
2.130000e-05	9.231808e-03	-4.752793e+00
2.131000e-05	9.576713e-03	-4.557447e+00
2.132000e-05	7.253543e-03	-4.430036e+00
2.133000e-05	7.793236e-03	-4.263216e+00
2.134000e-05	6.602764e-03	-4.157823e+00
2.135000e-05	8.531791e-03	-3.988397e+00
2.136000e-05	4.655820e-03	-3.788480e+00
2.137000e-05	5.375405e-03	-3.609005e+00
2.138000e-05	3.855881e-03	-3.420508e+00
2.139000e-05	6.691338e-03	-3.283710e+00
2.140000e-05	2.798894e-03	-3.085889e+00
2.141000e-05	2.788111e-03	-2.913210e+00
2.142000e-05	2.835809e-03	-2.724867e+00
2.143000e-05	2.583796e-03	-2.546393e+00
2.144000e-05	9.251169e-04	-2.339052e+00
2.145000e-05	1.402526e-03	-2.187978e+00
2.146000e-05	1.686057e-03	-1.987974e+00
2.147000e-05	6.173913e-04	-1.810104e+00
2.148000e-05	-5.966292e-04	-1.632083e+00
2.149000e-05	-9.685326e-04	-1.462256e+00
2.150000e-05	9.446907e-05	-1.167050e+00
2.151000e-05	-1.712527e-03	-1.020605e+00
2.152000e-05	-2.365202e-03	-8.605788e-01
2.153000e-05	-3.148587e-03	-6.715853e-01
2.154000e-05	-1.846108e-03	-4.105563e-01
2.155000e-05	-2.672662e-03	-2.631615e-01
2.156000e-05	-3.113454e-03	-1.237641e-01
2.157000e-05	-1.496418e-04	7.365684e-02
2.158000e-05	1.789096e-03	3.057583e-01
2.159000e-05	-1.544916e-03	4.625593e-01
2.160000e-05	-1.064625e-03	5.915289e-01
2.161000e-05	-2.740336e-03	7.510476e-01
2.162000e-05	-3.005355e-03	9.372446e-01
2.163000e-05	-3.751497e-03	1.128415e+00
2.164000e-05	2.352233e-03	1.317320e+00
2.165000e-05	2.424586e-02	1.475261e+00
2.166000e-05	5.358261e-02	1.789492e+00
2.167000e-05	-1.079667e-02	1.960421e+00
2.168000e-05	-5.689164e-02	2.119894e+00
2.169000e-05	-4.172782e-02	2.306339e+00
2.170000e-05	-6.404033e-02	2.462092e+00
2.171000e-05	2.460314e-02	2.593054e+00
2.172000e-05	9.673970e-02	2.810473e+00
2.173000e-05	-1.121857e-01	2.937365e+00
2.174000e-05	3.907995e-02	3.062684e+00
2.175000e-05	4.671028e-02	3.293230e+00
2.176000e-05	-1.172510e-01	3.504239e+00
2.177000e-05	5.249776e-02	3.631028e+00
2.178000e-05	2.097300e-02	3.810476e+00
2.179000e-05	-8.307409e-02	4.001920e+00
2.180000e-05	6.555632e-02	4.128849e+00
2.181000e-05	-2.572719e-02	4.378916e+00
2.182000e-05	-2.915691e-02	4.505240e+00
2.183000e-05	7.985173e-03	4.694788e+00
2.184000e-05	-3.965106e-02	4.863560e+00
2.185000e-05	1.167888e-02	5.145733e+00
2.186000e-05	-1.792413e-02	5.284869e+00
2.187000e-05	-7.889980e-03	5.493235e+00
2.188000e-05	3.860388e-03	5.610978e+00
2.189000e-05	-8.198587e-03	5.788923e+00
2.190000e-05	-1.874578e-02	5.978446e+00
2.191000e-05	-3.515425e-02	6.106737e+00
2.192000e-05	4.410638e-03	6.242604e+00
2.193000e-05	-2.798765e-04	6.380946e+00
2.194000e-05	-3.079875e-02	6.485715e+00
2.195000e-05	1.738299e-03	6.765765e+00
2.196000e-05	-2.595787e-02	6.842683e+00
2.197000e-05	-1.349512e-02	7.008923e+00
2.198000e-05	-1.633002e-02	7.115764e+00
2.199000e-05	-1.532347e-02	7.219497e+00
2.200000e-05	7.378645e-04	7.334271e+00
2.201000e-05	-2.614601e-02	7.475261e+00
2.202000e-05	-1.462590e-02	7.663109e+00
2.203000e-05	-2.131643e-02	7.770399e+00
2.204000e-05	-8.821215e-03	7.896185e+00
2.205000e-05	-2.197414e-02	8.065062e+00
2.206000e-05	-1.974091e-02	8.187915e+00
2.207000e-05	-1.018385e-02	8.294287e+00
2.208000e-05	-1.940928e-02	8.389022e+00
2.209000e-05	-2.070341e-02	8.443160e+00
2.210000e-05	-2.300842e-02	8.567921e+00
2.211000e-05	-1.506419e-02	8.661555e+00
2.212000e-05	-2.299194e-02	8.766321e+00
2.213000e-05	-2.288471e-02	8.790502e+00
2.214000e-05	-2.071570e-02	8.905692e+00
2.215000e-05	-2.098320e-02	9.041132e+00
2.216000e-05	-2.441066e-02	9.126291e+00
2.217000e-05	-2.319383e-02	9.211549e+00
2.218000e-05	-2.050634e-02	9.262662e+00
2.219000e-05	-2.513198e-02	9.346871e+00
2.220000e-05	-2.657146e-02	9.400083e+00
2.221000e-05	-2.496699e-02	9.484286e+00
2.222000e-05	-2.327862e-02	9.557341e+00
2.223000e-05	-2.841107e-02	9.588479e+00
2.224000e-05	-2.729602e-02	9.663083e+00
2.225000e-05	-2.747796e-02	9.733340e+00
2.226000e-05	-2.755945e-02	9.789424e+00
2.227000e-05	-2.929280e-02	9.839532e+00
2.228000e-05	-2.931530e-02	9.913234e+00
2.229000e-05	-2.951921e-02	9.925844e+00
2.230000e-05	-3.276859e-02	9.967394e+00
2.231000e-05	-3.088984e-02	1.000948e+01
2.232000e-05	-3.197167e-02	1.003998e+01
2.233000e-05	-3.115781e-02	1.004105e+01
2.234000e-05	-3.662476e-02	1.004259e+01
2.235000e-05	-3.396550e-02	1.005221e+01
2.236000e-05	-3.303823e-02	1.006319e+01
2.237000e-05	-3.517190e-02	1.006369e+01
2.238000e-05	-3.566205e-02	1.009319e+01
2.239000e-05	-3.753140e-02	1.011372e+01
2.240000e-05	-3.739963e-02	1.010419e+01
2.241000e-05	-3.908180e-02	1.009376e+01
2.242000e-05	-3.814442e-02	1.012319e+01
2.243000e-05	-3.987038e-02	1.007319e+01
2.244000e-05	-3.963396e-02	1.006271e+01
2.245000e-05	-4.153847e-02	1.007261e+01
2.246000e-05	-4.165508e-02	1.004061e+01
2.247000e-05	-4.438839e-02	1.003101e+01
2.248000e-05	-4.518413e-02	1.002003e+01
2.249000e-05	-4.518591e-02	9.998500e+00
2.250000e-05	-4.620685e-02	9.956870e+00
2.251000e-05	-4.761326e-02	9.873792e+00
2.252000e-05	-5.022394e-02	9.840108e+00
2.253000e-05	-5.047661e-02	9.768423e+00
2.254000e-05	-5.021570e-02	9.715320e+00
2.255000e-05	-5.446216e-02	9.650537e+00
2.256000e-05	-5.456875e-02	9.606929e+00
2.257000e-05	-5.792429e-02	9.555295e+00
2.258000e-05	-5.679177e-02	9.471687e+00
2.259000e-05	-5.870177e-02	9.417003e+00
2.260000e-05	-5.760329e-02	9.315369e+00
2.261000e-05	-5.732300e-02	9.281658e+00
2.262000e-05	-5.682330e-02	9.198530e+00
2.263000e-05	-5.689652e-02	9.175896e+00
2.264000e-05	-5.599356e-02	9.029155e+00
2.265000e-05	-5.535036e-02	8.914843e+00
2.266000e-05	-5.323506e-02	8.830108e+00
2.267000e-05	-5.301089e-02	8.776367e+00
2.268000e-05	-4.952069e-02	8.640607e+00
2.269000e-05	-4.889320e-02	8.566875e+00
2.270000e-05	-4.577853e-02	8.483660e+00
2.271000e-05	-4.617041e-02	8.389027e+00
2.272000e-05	-4.386523e-02	8.262769e+00
2.273000e-05	-4.229275e-02	8.238552e+00
2.274000e-05	-3.829809e-02	8.080065e+00
2.275000e-05	-3.894792e-02	7.964865e+00
2.276000e-05	-3.707565e-02	7.858504e+00
2.277000e-05	-3.587883e-02	7.684214e+00
2.278000e-05	-3.424414e-02	7.597973e+00
2.279000e-05	-3.341976e-02	7.421014e+00
2.280000e-05	-3.125538e-02	7.281533e+00
2.281000e-05	-2.918117e-02	7.135821e+00
2.282000e-05	-2.903067e-02	7.028501e+00
2.283000e-05	-2.748387e-02	6.873159e+00
2.284000e-05	-2.638127e-02	6.786399e+00
2.285000e-05	-2.538887e-02	6.555462e+00
2.286000e-05	-2.491734e-02	6.400006e+00
2.287000e-05	-2.372188e-02	6.272135e+00
2.288000e-05	-2.183231e-02	6.115320e+00
2.289000e-05	-2.205240e-02	6.029507e+00
2.290000e-05	-2.148253e-02	5.842164e+00
2.291000e-05	-2.050677e-02	5.641189e+00
2.292000e-05	-1.989059e-02	5.524767e+00
2.293000e-05	-1.956663e-02	5.365921e+00
2.294000e-05	-1.975481e-02	5.187454e+00
2.295000e-05	-1.707287e-02	4.958475e+00
2.296000e-05	-1.637297e-02	4.796971e+00
2.297000e-05	-1.668992e-02	4.619956e+00
2.298000e-05	-1.679320e-02	4.490131e+00
2.299000e-05	-1.465129e-02	4.294817e+00
2.300000e-05	-1.372522e-02	4.095222e+00
2.301000e-05	-1.441572e-02	3.935320e+00
2.302000e-05	-1.264867e-02	3.788523e+00
2.303000e-05	-1.311237e-02	3.631029e+00
2.304000e-05	-1.218620e-02	3.472110e+00
2.305000e-05	-1.239907e-02	3.241059e+00
2.306000e-05	-1.057940e-02	3.102187e+00
2.307000e-05	-1.095190e-02	2.914813e+00
2.308000e-05	-1.143222e-02	2.755900e+00
2.309000e-05	-1.009385e-02	2.584746e+00
2.310000e-05	-8.384211e-03	2.356373e+00
2.311000e-05	-8.677825e-03	2.187473e+00
2.312000e-05	-8.750508e-03	1.999529e+00
2.313000e-05	-8.750457e-03	1.810156e+00
2.314000e-05	-7.275490e-03	1.610027e+00
2.315000e-05	-7.761983e-03	1.439130e+00
2.316000e-05	-6.450517e-03	1.251109e+00
2.317000e-05	-6.836562e-03	1.028976e+00
2.318000e-05	-5.710205e-03	8.099748e-01
2.319000e-05	-5.379436e-03	6.300562e-01
2.320000e-05	-6.072669e-03	4.520577e-01
2.321000e-05	-4.557250e-03	2.532617e-01
2.322000e-05	-2.926588e-03	6.258514e-02
2.323000e-05	7.322588e-06	-8.633841e-02
2.324000e-05	2.263530e-03	-2.567856e-01
2.325000e-05	-1.477129e-03	-4.330279e-01
2.326000e-05	1.569160e-03	-5.624757e-01
2.327000e-05	-1.459773e-03	-7.805503e-01
2.328000e-05	5.938192e-04	-9.688674e-01
2.329000e-05	4.285617e-04	-1.076763e+00
2.330000e-05	2.224336e-02	-1.287211e+00
2.331000e-05	5.895587e-02	-1.507366e+00
2.332000e-05	2.224434e-02	-1.737942e+00
2.333000e-05	-6.603458e-02	-2.021977e+00
2.334000e-05	-2.500012e-02	-2.225263e+00
2.335000e-05	-7.128903e-02	-2.400525e+00
2.336000e-05	7.017138e-02	-2.432503e+00
2.337000e-05	6.586386e-02	-2.569419e+00
2.338000e-05	-1.239612e-01	-2.781552e+00
2.339000e-05	1.188655e-01	-2.937738e+00
2.340000e-05	1.232695e-02	-3.056785e+00
2.341000e-05	-1.239943e-01	-3.346919e+00
2.342000e-05	1.288813e-01	-3.464735e+00
2.343000e-05	-1.478874e-02	-3.643124e+00
2.344000e-05	-6.413609e-02	-3.855287e+00
2.345000e-05	1.315093e-01	-4.021049e+00
2.346000e-05	-8.964194e-02	-4.181027e+00
2.347000e-05	3.182956e-02	-4.368974e+00
2.348000e-05	2.482045e-02	-4.488262e+00
2.349000e-05	-7.787099e-02	-4.737994e+00
2.350000e-05	1.165185e-01	-4.873580e+00
2.351000e-05	-4.842721e-02	-5.021606e+00
2.352000e-05	-3.766689e-03	-5.241606e+00
2.353000e-05	7.413506e-02	-5.433144e+00
2.354000e-05	-4.711071e-02	-5.641127e+00
2.355000e-05	5.380505e-02	-5.737871e+00
2.356000e-05	-5.165236e-02	-5.907739e+00
2.357000e-05	4.023450e-02	-6.033077e+00
2.358000e-05	3.706214e-02	-6.150046e+00
2.359000e-05	-5.010017e-02	-6.400023e+00
2.360000e-05	8.243593e-02	-6.504314e+00
2.361000e-05	-3.654769e-02	-6.653283e+00
2.362000e-05	1.831918e-02	-6.770022e+00
2.363000e-05	6.191242e-03	-6.884841e+00
2.364000e-05	2.229798e-03	-7.114764e+00
2.365000e-05	6.803929e-02	-7.202582e+00
2.366000e-05	-4.488144e-02	-7.357866e+00
2.367000e-05	3.258490e-02	-7.442184e+00
2.368000e-05	5.111965e-03	-7.609527e+00
2.369000e-05	2.122382e-02	-7.697313e+00
2.370000e-05	1.304294e-02	-7.876710e+00
2.371000e-05	-3.625833e-03	-8.020528e+00
2.372000e-05	4.777366e-02	-8.116240e+00
2.373000e-05	-9.293155e-03	-8.222132e+00
2.374000e-05	2.246545e-02	-8.367889e+00
2.375000e-05	1.065636e-02	-8.460605e+00
2.376000e-05	2.679389e-02	-8.525793e+00
2.377000e-05	8.685989e-03	-8.652759e+00
2.378000e-05	7.067155e-03	-8.799949e+00
2.379000e-05	3.351720e-02	-8.852111e+00
2.380000e-05	1.314299e-02	-8.958395e+00
2.381000e-05	1.647700e-02	-9.021505e+00
2.382000e-05	1.331605e-02	-9.113738e+00
2.383000e-05	2.843574e-02	-9.146968e+00
2.384000e-05	1.785700e-02	-9.220558e+00
2.385000e-05	1.599989e-02	-9.294243e+00
2.386000e-05	2.362477e-02	-9.397579e+00
2.387000e-05	2.187563e-02	-9.475267e+00
2.388000e-05	1.861597e-02	-9.547973e+00
2.389000e-05	2.089935e-02	-9.580604e+00
2.390000e-05	2.870205e-02	-9.662151e+00
2.391000e-05	2.215568e-02	-9.684189e+00
2.392000e-05	2.180455e-02	-9.736374e+00
2.393000e-05	2.395923e-02	-9.778524e+00
2.394000e-05	2.704044e-02	-9.819528e+00
2.395000e-05	2.342175e-02	-9.852683e+00
2.396000e-05	2.564436e-02	-9.861740e+00
2.397000e-05	2.877756e-02	-9.905341e+00
2.398000e-05	2.658761e-02	-9.944365e+00
2.399000e-05	2.602374e-02	-9.917922e+00
2.400000e-05	2.920912e-02	-9.958397e+00
2.401000e-05	3.011048e-02	-9.988971e+00
2.402000e-05	2.688408e-02	-9.969026e+00
2.403000e-05	3.045331e-02	-9.978980e+00
2.404000e-05	3.270241e-02	-1.001100e+01
2.405000e-05	3.202417e-02	-1.004106e+01
2.406000e-05	2.949132e-02	-1.000145e+01
2.407000e-05	3.234083e-02	-1.003108e+01
2.408000e-05	3.385660e-02	-1.003008e+01
2.409000e-05	3.418239e-02	-9.969028e+00
2.410000e-05	3.597632e-02	-9.968525e+00
2.411000e-05	3.533473e-02	-9.979470e+00
2.412000e-05	3.613090e-02	-9.977374e+00
2.413000e-05	3.687849e-02	-9.936367e+00
2.414000e-05	4.036620e-02	-9.895265e+00
2.415000e-05	4.074505e-02	-9.884263e+00
2.416000e-05	4.054578e-02	-9.842134e+00
2.417000e-05	4.219299e-02	-9.837503e+00
2.418000e-05	4.423989e-02	-9.756898e+00
2.419000e-05	4.465725e-02	-9.703720e+00
2.420000e-05	4.556242e-02	-9.642183e+00
2.421000e-05	4.921582e-02	-9.630081e+00
2.422000e-05	4.967716e-02	-9.569454e+00
2.423000e-05	4.921545e-02	-9.515320e+00
2.424000e-05	5.098053e-02	-9.431131e+00
2.425000e-05	5.359483e-02	-9.342945e+00
2.426000e-05	5.219789e-02	-9.220711e+00
2.427000e-05	5.097888e-02	-9.178902e+00
2.428000e-05	5.100183e-02	-9.094841e+00
2.429000e-05	5.125317e-02	-9.050606e+00
2.430000e-05	5.020753e-02	-8.904971e+00
2.431000e-05	4.860660e-02	-8.862688e+00
2.432000e-05	4.695966e-02	-8.808000e+00
2.433000e-05	4.540945e-02	-8.675896e+00
2.434000e-05	4.296449e-02	-8.608557e+00
2.435000e-05	4.159453e-02	-8.460237e+00
2.436000e-05	3.991557e-02	-8.398450e+00
2.437000e-05	3.893863e-02	-8.313240e+00
2.438000e-05	3.721978e-02	-8.209030e+00
2.439000e-05	3.530815e-02	-8.083787e+00
2.440000e-05	3.306050e-02	-8.009476e+00
2.441000e-05	3.300030e-02	-7.851236e+00
2.442000e-05	3.080012e-02	-7.703839e+00
2.443000e-05	2.811546e-02	-7.547925e+00
2.444000e-05	2.628999e-02	-7.449158e+00
2.445000e-05	2.681588e-02	-7.314322e+00
2.446000e-05	2.581703e-02	-7.229479e+00
2.447000e-05	2.314195e-02	-7.053213e+00
2.448000e-05	2.158292e-02	-6.902239e+00
2.449000e-05	2.136869e-02	-6.766921e+00
2.450000e-05	2.080545e-02	-6.640530e+00
2.451000e-05	1.888208e-02	-6.503233e+00
2.452000e-05	1.836780e-02	-6.355972e+00
2.453000e-05	1.762545e-02	-6.249576e+00
2.454000e-05	1.548260e-02	-6.029550e+00
2.455000e-05	1.480650e-02	-5.893238e+00
2.456000e-05	1.336314e-02	-5.765919e+00
2.457000e-05	1.294448e-02	-5.648005e+00
2.458000e-05	1.111732e-02	-5.388079e+00
2.459000e-05	1.076049e-02	-5.209130e+00
2.460000e-05	1.097151e-02	-5.048608e+00
2.461000e-05	1.042770e-02	-4.840611e+00
2.462000e-05	9.598973e-03	-4.711630e+00
2.463000e-05	8.864768e-03	-4.533894e+00
2.464000e-05	7.719974e-03	-4.367447e+00
2.465000e-05	6.491152e-03	-4.230554e+00
2.466000e-05	6.182863e-03	-4.073109e+00
2.467000e-05	7.588884e-03	-3.935740e+00
2.468000e-05	5.662470e-03	-3.723745e+00
2.469000e-05	4.827535e-03	-3.535366e+00
2.470000e-05	4.972399e-03	-3.376946e+00
2.471000e-05	4.588955e-03	-3.230027e+00
2.472000e-05	3.866246e-03	-3.020076e+00
2.473000e-05	2.214599e-03	-2.841052e+00
2.474000e-05	3.018140e-03	-2.651712e+00
2.475000e-05	1.006565e-03	-2.462709e+00
2.476000e-05	2.334635e-03	-2.331266e+00
2.477000e-05	-8.635263e-06	-2.102660e+00
2.478000e-05	1.235729e-03	-1.914241e+00
2.479000e-05	1.196216e-03	-1.745395e+00
2.480000e-05	-4.289077e-04	-1.585321e+00
2.481000e-05	-1.067848e-04	-1.294342e+00
2.482000e-05	-3.012438e-03	-1.083795e+00
2.483000e-05	5.066260e-04	-9.242644e-01
2.484000e-05	-1.782354e-03	-7.063971e-01
2.485000e-05	-2.953538e-03	-5.538669e-01
2.486000e-05	-3.127555e-03	-3.679209e-01
2.487000e-05	-3.917842e-03	-2.010538e-01
2.488000e-05	4.442431e-05	7.150526e-02
2.489000e-05	-2.533756e-04	1.490451e-01
2.490000e-05	4.307453e-04	3.794486e-01
2.491000e-05	-2.720661e-03	5.162924e-01
2.492000e-05	-1.562811e-04	6.666918e-01
2.493000e-05	-3.507710e-03	8.701053e-01
2.494000e-05	-3.204939e-03	1.023609e+00
2.495000e-05	-1.671457e-03	1.251579e+00
2.496000e-05	1.112276e-02	1.410950e+00
2.497000e-05	3.846751e-02	1.641629e+00
2.498000e-05	4.001059e-02	1.862661e+00
2.499000e-05	-5.180721e-02	2.062707e+00
2.500000e-05	-3.910482e-02	2.235105e+00
2.501000e-05	-5.730949e-02	2.398600e+00
2.502000e-05	-4.217941e-02	2.497744e+00
2.503000e-05	8.648562e-02	2.696239e+00
2.504000e-05	1.028314e-02	2.852559e+00
2.505000e-05	-9.877088e-02	3.029948e+00
2.506000e-05	1.253491e-01	3.140449e+00
2.507000e-05	-7.710010e-02	3.400376e+00
2.508000e-05	-4.975507e-02	3.569897e+00
2.509000e-05	7.915915e-02	3.704711e+00
2.510000e-05	-5.668338e-02	3.885685e+00
2.511000e-05	-1.853349e-02	4.022102e+00
2.512000e-05	5.603768e-02	4.261683e+00
2.513000e-05	-6.048813e-02	4.442081e+00
2.514000e-05	5.875524e-03	4.600971e+00
2.515000e-05	-1.717405e-02	4.779895e+00
2.516000e-05	-2.618429e-02	4.977026e+00
2.517000e-05	1.331363e-02	5.199478e+00
2.518000e-05	-2.844345e-02	5.409001e+00
2.519000e-05	8.450765e-03	5.495744e+00
2.520000e-05	-8.393954e-03	5.654187e+00
2.521000e-05	-5.407104e-03	5.885766e+00
2.522000e-05	-3.084369e-02	6.012127e+00
2.523000e-05	-2.143974e-02	6.207896e+00
2.524000e-05	1.628895e-02	6.333240e+00
2.525000e-05	-2.770828e-02	6.433057e+00
2.526000e-05	-9.956233e-03	6.600480e+00
2.527000e-05	-9.000368e-03	6.810997e+00
2.528000e-05	-2.046557e-02	6.907216e+00
2.529000e-05	-1.363179e-02	7.012029e+00
2.530000e-05	-2.186188e-02	7.157369e+00
2.531000e-05	-6.019511e-03	7.221658e+00
2.532000e-05	-9.964023e-03	7.408879e+00
2.533000e-05	-2.149429e-02	7.597475e+00
2.534000e-05	-1.617264e-02	7.695386e+00
2.535000e-05	-1.734867e-02	7.810603e+00
2.536000e-05	-1.344213e-02	7.947900e+00
2.537000e-05	-2.531833e-02	8.126766e+00
2.538000e-05	-1.544891e-02	8.261579e+00
2.539000e-05	-1.069612e-02	8.325344e+00
2.540000e-05	-2.364095e-02	8.420504e+00
2.541000e-05	-2.052308e-02	8.463236e+00
2.542000e-05	-2.067509e-02	8.580100e+00
2.543000e-05	-1.558969e-02	8.673687e+00
2.544000e-05	-2.582298e-02	8.817949e+00
2.545000e-05	-2.298169e-02	8.841580e+00
2.546000e-05	-1.944077e-02	8.919494e+00
2.547000e-05	-2.441031e-02	9.093288e+00
2.548000e-05	-2.317505e-02	9.189421e+00
2.549000e-05	-2.297528e-02	9.261628e+00
2.550000e-05	-2.050754e-02	9.314740e+00
2.551000e-05	-2.845118e-02	9.388549e+00
2.552000e-05	-2.695530e-02	9.470582e+00
2.553000e-05	-2.401103e-02	9.545766e+00
2.554000e-05	-2.478061e-02	9.548947e+00
2.555000e-05	-2.900391e-02	9.610057e+00
2.556000e-05	-2.915909e-02	9.684660e+00
2.557000e-05	-2.600036e-02	9.745200e+00
2.558000e-05	-2.831621e-02	9.820554e+00
2.559000e-05	-2.825550e-02	9.880134e+00
2.560000e-05	-3.169157e-02	9.934342e+00
2.561000e-05	-3.086419e-02	9.976817e+00
2.562000e-05	-3.126173e-02	9.958872e+00
2.563000e-05	-2.956310e-02	1.001105e+01
2.564000e-05	-3.240347e-02	1.000998e+01
2.565000e-05	-3.476706e-02	1.006206e+01
2.566000e-05	-3.429692e-02	1.005216e+01
2.567000e-05	-3.317490e-02	1.005221e+01
2.568000e-05	-3.472570e-02	1.008314e+01
2.569000e-05	-3.634965e-02	1.011266e+01
2.570000e-05	-3.499383e-02	1.009369e+01
2.571000e-05	-3.703146e-02	1.008374e+01
2.572000e-05	-3.977282e-02	1.012476e+01
2.573000e-05	-3.962363e-02	1.007221e+01
2.574000e-05	-3.867710e-02	1.008327e+01
2.575000e-05	-3.913293e-02	1.010214e+01
2.576000e-05	-4.090703e-02	1.008216e+01
2.577000e-05	-4.103489e-02	1.004121e+01
2.578000e-05	-4.276125e-02	1.007108e+01
2.579000e-05	-4.377196e-02	1.004008e+01
2.580000e-05	-4.516455e-02	1.002060e+01
2.581000e-05	-4.509576e-02	9.947847e+00
2.582000e-05	-4.615652e-02	9.893868e+00
2.583000e-05	-4.928974e-02	9.884235e+00
2.584000e-05	-4.910019e-02	9.788053e+00
2.585000e-05	-5.090710e-02	9.756372e+00
2.586000e-05	-5.251858e-02	9.662691e+00
2.587000e-05	-5.462192e-02	9.629149e+00
2.588000e-05	-5.472673e-02	9.546873e+00
2.589000e-05	-5.610015e-02	9.475267e+00
2.590000e-05	-5.870424e-02	9.451585e+00
2.591000e-05	-5.727121e-02	9.387898e+00
2.592000e-05	-5.842904e-02	9.283263e+00
2.593000e-05	-5.777229e-02	9.240532e+00
2.594000e-05	-5.881369e-02	9.228399e+00
2.595000e-05	-5.704677e-02	9.115221e+00
2.596000e-05	-5.397712e-02	8.968024e+00
2.597000e-05	-5.482418e-02	8.852136e+00
2.598000e-05	-5.379627e-02	8.798898e+00
2.599000e-05	-5.222610e-02	8.714766e+00
2.600000e-05	-4.975773e-02	8.619030e+00
2.601000e-05	-4.815065e-02	8.515317e+00
2.602000e-05	-4.601421e-02	8.451108e+00
2.603000e-05	-4.347594e-02	8.356443e+00
2.604000e-05	-4.236222e-02	8.240030e+00
2.605000e-05	-4.113579e-02	8.125367e+00
2.606000e-05	-3.959638e-02	8.019979e+00
2.607000e-05	-3.775129e-02	7.903615e+00
2.608000e-05	-3.547303e-02	7.755873e+00
2.609000e-05	-3.482283e-02	7.660657e+00
2.610000e-05	-3.441600e-02	7.483791e+00
2.611000e-05	-3.109659e-02	7.334371e+00
2.612000e-05	-2.976000e-02	7.227950e+00
2.613000e-05	-2.929730e-02	7.061711e+00
2.614000e-05	-2.857893e-02	6.976395e+00
2.615000e-05	-2.694259e-02	6.820005e+00
2.616000e-05	-2.578012e-02	6.692266e+00
2.617000e-05	-2.533648e-02	6.532812e+00
2.618000e-05	-2.560930e-02	6.345375e+00
2.619000e-05	-2.323334e-02	6.208503e+00
2.620000e-05	-2.133170e-02	6.091741e+00
2.621000e-05	-2.162007e-02	5.967822e+00
2.622000e-05	-2.083702e-02	5.827399e+00
2.623000e-05	-2.031180e-02	5.598975e+00
2.624000e-05	-1.998278e-02	5.452635e+00
2.625000e-05	-1.983905e-02	5.321316e+00
2.626000e-05	-1.831436e-02	5.062661e+00
2.627000e-05	-1.724339e-02	4.891159e+00
2.628000e-05	-1.638783e-02	4.704764e+00
2.629000e-05	-1.654620e-02	4.546395e+00
2.630000e-05	-1.589116e-02	4.429454e+00
2.631000e-05	-1.449761e-02	4.220030e+00
2.632000e-05	-1.364505e-02	4.051031e+00
2.633000e-05	-1.359809e-02	3.893211e+00
2.634000e-05	-1.249169e-02	3.734239e+00
2.635000e-05	-1.272782e-02	3.545923e+00
2.636000e-05	-1.179527e-02	3.386397e+00
2.637000e-05	-1.347319e-02	3.177471e+00
2.638000e-05	-1.074400e-02	3.008002e+00
2.639000e-05	-1.089035e-02	2.842080e+00
2.640000e-05	-9.898691e-03	2.674162e+00
2.641000e-05	-9.701750e-03	2.452084e+00
2.642000e-05	-8.549782e-03	2.261658e+00
2.643000e-05	-9.905393e-03	2.132789e+00
2.644000e-05	-8.559207e-03	1.935418e+00
2.645000e-05	-8.305221e-03	1.774691e+00
2.646000e-05	-6.357514e-03	1.554868e+00
2.647000e-05	-6.933221e-03	1.356847e+00
2.648000e-05	-6.152208e-03	1.155747e+00
2.649000e-05	-7.573849e-03	9.242684e-01
2.650000e-05	-5.204437e-03	7.638445e-01
2.651000e-05	-4.908877e-03	5.549206e-01
2.652000e-05	-4.666462e-03	3.784496e-01
2.653000e-05	-4.691406e-03	2.173745e-01
2.654000e-05	-2.049555e-03	-2.300407e-02
2.655000e-05	2.802208e-03	-1.614938e-01
2.656000e-05	1.267570e-03	-3.479137e-01
2.657000e-05	-1.482733e-03	-4.676846e-01
2.658000e-05	1.685970e-03	-7.168107e-01
2.659000e-05	-9.580846e-04	-8.651317e-01
2.660000e-05	5.461818e-04	-1.011579e+00
2.661000e-05	5.483914e-03	-1.159896e+00
2.662000e-05	4.036355e-02	-1.370949e+00
2.663000e-05	6.582754e-02	-1.590577e+00
2.664000e-05	-4.175863e-02	-1.823634e+00
2.665000e-05	-3.500061e-02	-2.137660e+00
2.666000e-05	-5.962215e-02	-2.297346e+00
2.667000e-05	-2.572252e-02	-2.420601e+00
2.668000e-05	1.268710e-01	-2.443633e+00
2.669000e-05	-4.588891e-02	-2.653233e+00
2.670000e-05	-5.444394e-02	-2.851206e+00
2.671000e-05	1.434265e-01	-2.969375e+00
2.672000e-05	-1.312738e-01	-3.232052e+00
2.673000e-05	-1.474044e-02	-3.390052e+00
2.674000e-05	1.165584e-01	-3.508291e+00
2.675000e-05	-9.927825e-02	-3.708869e+00
2.676000e-05	5.819746e-02	-3.916341e+00
2.677000e-05	5.609729e-02	-4.046211e+00
2.678000e-05	-9.815966e-02	-4.276290e+00
2.679000e-05	9.602355e-02	-4.422050e+00
2.680000e-05	-7.145617e-02	-4.572603e+00
2.681000e-05	2.295458e-02	-4.820977e+00
2.682000e-05	7.703572e-02	-4.916365e+00
2.683000e-05	-9.130816e-02	-5.066372e+00
2.684000e-05	8.442452e-02	-5.313186e+00
2.685000e-05	-4.456658e-03	-5.518344e+00
2.686000e-05	7.270228e-04	-5.654707e+00
2.687000e-05	1.923441e-02	-5.812075e+00
2.688000e-05	-4.776155e-02	-5.959022e+00
2.689000e-05	8.868081e-02	-6.065110e+00
2.690000e-05	-3.918078e-02	-6.266310e+00
2.691000e-05	2.026848e-02	-6.442553e+00
2.692000e-05	4.857838e-02	-6.600476e+00
2.693000e-05	-4.286027e-02	-6.737819e+00
2.694000e-05	4.233607e-02	-6.802000e+00
2.695000e-05	-2.988183e-02	-6.991552e+00
2.696000e-05	6.033196e-02	-7.189447e+00
2.697000e-05	1.316249e-02	-7.284710e+00
2.698000e-05	-2.515154e-02	-7.410575e+00
2.699000e-05	3.830411e-02	-7.497315e+00
2.700000e-05	-4.742417e-03	-7.662651e+00
2.701000e-05	3.644107e-02	-7.799929e+00
2.702000e-05	-1.334552e-02	-7.988366e+00
2.703000e-05	2.921591e-02	-8.052186e+00
2.704000e-05	2.475370e-02	-8.179997e+00
2.705000e-05	-5.147108e-03	-8.264737e+00
2.706000e-05	2.497629e-02	-8.348419e+00
2.707000e-05	7.633788e-03	-8.442636e+00
2.708000e-05	3.006815e-02	-8.518503e+00
2.709000e-05	-3.946040e-03	-8.715389e+00
2.710000e-05	2.655401e-02	-8.799527e+00
2.711000e-05	2.432700e-02	-8.904266e+00
2.712000e-05	1.324173e-02	-8.960023e+00
2.713000e-05	1.670780e-02	-9.064163e+00
2.714000e-05	1.692593e-02	-9.137917e+00
2.715000e-05	2.922404e-02	-9.170546e+00
2.716000e-05	1.126167e-02	-9.262656e+00
2.717000e-05	2.267873e-02	-9.327320e+00
2.718000e-05	2.243446e-02	-9.442127e+00
2.719000e-05	2.200804e-02	-9.534870e+00
2.720000e-05	1.762206e-02	-9.537477e+00
2.721000e-05	2.457910e-02	-9.592056e+00
2.722000e-05	2.722089e-02	-9.662632e+00
2.723000e-05	2.101301e-02	-9.693866e+00
2.724000e-05	2.463037e-02	-9.736920e+00
2.725000e-05	2.359867e-02	-9.788526e+00
2.726000e-05	2.586160e-02	-9.852028e+00
2.727000e-05	2.247712e-02	-9.854684e+00
2.728000e-05	2.795613e-02	-9.873388e+00
2.729000e-05	2.809983e-02	-9.924368e+00
2.730000e-05	2.560007e-02	-9.926845e+00
2.731000e-05	2.676839e-02	-9.947319e+00
2.732000e-05	2.875160e-02	-9.957923e+00
2.733000e-05	2.927330e-02	-9.989421e+00
2.734000e-05	2.817764e-02	-9.988504e+00
2.735000e-05	3.120368e-02	-9.991024e+00
2.736000e-05	3.073749e-02	-9.999555e+00
2.737000e-05	3.117996e-02	-1.003945e+01
2.738000e-05	2.991001e-02	-1.001061e+01
2.739000e-05	3.278943e-02	-1.002955e+01
2.740000e-05	3.462512e-02	-1.001002e+01
2.741000e-05	3.564362e-02	-1.000051e+01
2.742000e-05	3.679369e-02	-9.958998e+00
2.743000e-05	3.555562e-02	-9.948398e+00
2.744000e-05	3.549716e-02	-9.956943e+00
2.745000e-05	3.797543e-02	-9.895845e+00
2.746000e-05	4.024129e-02	-9.864317e+00
2.747000e-05	4.022722e-02	-9.843134e+00
2.748000e-05	4.091925e-02	-9.839155e+00
2.749000e-05	4.354242e-02	-9.808954e+00
2.750000e-05	4.500636e-02	-9.746341e+00
2.751000e-05	4.455691e-02	-9.675288e+00
2.752000e-05	4.631836e-02	-9.651161e+00
2.753000e-05	4.999233e-02	-9.609525e+00
2.754000e-05	4.993094e-02	-9.547874e+00
2.755000e-05	4.983465e-02	-9.432769e+00
2.756000e-05	5.185564e-02	-9.389574e+00
2.757000e-05	5.272198e-02	-9.284291e+00
2.758000e-05	5.163821e-02	-9.229529e+00
2.759000e-05	5.052693e-02	-9.167871e+00
2.760000e-05	5.156578e-02	-9.083265e+00
2.761000e-05	5.202276e-02	-8.969004e+00
2.762000e-05	4.978457e-02	-8.883816e+00
2.763000e-05	4.763006e-02	-8.851082e+00
2.764000e-05	4.527300e-02	-8.728400e+00
2.765000e-05	4.375417e-02	-8.681139e+00
2.766000e-05	4.290487e-02	-8.537445e+00
2.767000e-05	4.150947e-02	-8.460154e+00
2.768000e-05	3.876750e-02	-8.357398e+00
2.769000e-05	3.829560e-02	-8.261682e+00
2.770000e-05	3.586655e-02	-8.136371e+00
2.771000e-05	3.490894e-02	-8.050583e+00
2.772000e-05	3.139308e-02	-7.907422e+00
2.773000e-05	3.087064e-02	-7.859030e+00
2.774000e-05	3.047381e-02	-7.610606e+00
2.775000e-05	2.819337e-02	-7.553866e+00
2.776000e-05	2.613571e-02	-7.378950e+00
2.777000e-05	2.550464e-02	-7.252083e+00
2.778000e-05	2.427835e-02	-7.155869e+00
2.779000e-05	2.203508e-02	-6.977551e+00
2.780000e-05	2.107966e-02	-6.829553e+00
2.781000e-05	2.108213e-02	-6.684761e+00
2.782000e-05	1.990892e-02	-6.558948e+00
2.783000e-05	1.858522e-02	-6.452030e+00
2.784000e-05	1.736310e-02	-6.282290e+00
2.785000e-05	1.550914e-02	-6.132818e+00
2.786000e-05	1.487614e-02	-5.955895e+00
2.787000e-05	1.440946e-02	-5.831033e+00
2.788000e-05	1.276713e-02	-5.622613e+00
2.789000e-05	1.214020e-02	-5.546341e+00
2.790000e-05	1.126908e-02	-5.313915e+00
2.791000e-05	1.058023e-02	-5.145868e+00
2.792000e-05	1.100140e-02	-4.936974e+00
2.793000e-05	9.551382e-03	-4.714967e+00
2.794000e-05	9.856091e-03	-4.598499e+00
2.795000e-05	8.361470e-03	-4.462608e+00
2.796000e-05	8.036504e-03	-4.303789e+00
2.797000e-05	6.374693e-03	-4.176920e+00
2.798000e-05	7.521845e-03	-3.997979e+00
2.799000e-05	4.926500e-03	-3.850563e+00
2.800000e-05	5.984863e-03	-3.598554e+00
2.801000e-05	4.716231e-03	-3.449712e+00
2.802000e-05	5.772071e-03	-3.272262e+00
2.803000e-05	3.710470e-03	-3.115369e+00
2.804000e-05	3.502406e-03	-2.923839e+00
2.805000e-05	2.546963e-03	-2.746416e+00
2.806000e-05	1.803482e-03	-2.576896e+00
2.807000e-05	1.892185e-03	-2.398977e+00
2.808000e-05	2.349414e-03	-2.178855e+00
2.809000e-05	1.495759e-03	-1.989475e+00
2.810000e-05	-3.749043e-04	-1.810183e+00
2.811000e-05	2.357629e-04	-1.655159e+00
2.812000e-05	1.716159e-05	-1.441634e+00
2.813000e-05	-3.499784e-04	-1.192002e+00
2.814000e-05	-2.195545e-03	-1.030157e+00
2.815000e-05	-1.708524e-03	-8.521326e-01
2.816000e-05	-2.904716e-03	-6.542342e-01
2.817000e-05	-3.596527e-03	-4.436075e-01
2.818000e-05	-3.762924e-03	-2.936416e-01
2.819000e-05	-3.092542e-03	-1.343155e-01
2.820000e-05	6.937375e-04	4.403308e-02
2.821000e-05	1.820101e-03	2.946045e-01
2.822000e-05	-1.943325e-03	4.609766e-01
2.823000e-05	-1.388841e-03	5.904763e-01
2.824000e-05	-1.395953e-03	7.504437e-01
2.825000e-05	-4.755743e-03	9.047132e-01
2.826000e-05	-5.087831e-03	1.147340e+00
2.827000e-05	1.684536e-03	1.316815e+00
2.828000e-05	2.267219e-02	1.516189e+00
2.829000e-05	5.300453e-02	1.758942e+00
2.830000e-05	1.668565e-03	1.948417e+00
2.831000e-05	-6.044428e-02	2.117341e+00
2.832000e-05	-3.947404e-02	2.316316e+00
2.833000e-05	-6.593382e-02	2.452078e+00
2.834000e-05	9.390754e-03	2.619977e+00
2.835000e-05	1.066709e-01	2.779448e+00
2.836000e-05	-9.781877e-02	2.918288e+00
2.837000e-05	1.058413e-02	3.053086e+00
2.838000e-05	7.774686e-02	3.266679e+00
2.839000e-05	-1.245845e-01	3.463762e+00
2.840000e-05	3.628498e-02	3.611972e+00
2.841000e-05	4.048312e-02	3.729376e+00
2.842000e-05	-8.624207e-02	3.988448e+00
2.843000e-05	5.663940e-02	4.117688e+00
2.844000e-05	-9.052500e-03	4.367916e+00
2.845000e-05	-3.968623e-02	4.515285e+00
2.846000e-05	1.000192e-02	4.706207e+00
2.847000e-05	-3.803366e-02	4.873558e+00
2.848000e-05	7.295922e-03	5.044659e+00
2.849000e-05	-8.987499e-03	5.283681e+00
2.850000e-05	-1.404544e-02	5.461529e+00
2.851000e-05	5.906958e-03	5.601021e+00
2.852000e-05	-8.720528e-03	5.776921e+00
2.853000e-05	-1.503908e-02	5.977896e+00
2.854000e-05	-3.571344e-02	6.104711e+00
2.855000e-05	3.425996e-04	6.222031e+00
2.856000e-05	6.479537e-03	6.349432e+00
2.857000e-05	-3.366152e-02	6.484659e+00
2.858000e-05	1.506209e-03	6.715660e+00
2.859000e-05	-2.410356e-02	6.821530e+00
2.860000e-05	-1.334906e-02	6.969397e+00
2.861000e-05	-1.558965e-02	7.084757e+00
2.862000e-05	-1.811616e-02	7.199503e+00
2.863000e-05	2.433834e-03	7.347693e+00
2.864000e-05	-2.275878e-02	7.473309e+00
2.865000e-05	-1.543084e-02	7.652109e+00
2.866000e-05	-2.213137e-02	7.768445e+00
2.867000e-05	-1.039663e-02	7.904686e+00
2.868000e-05	-2.053229e-02	8.021509e+00
2.869000e-05	-2.138664e-02	8.156345e+00
2.870000e-05	-9.497906e-03	8.315186e+00
2.871000e-05	-1.696833e-02	8.338472e+00
2.872000e-05	-2.224528e-02	8.463635e+00
2.873000e-05	-2.371038e-02	8.537324e+00
2.874000e-05	-1.544118e-02	8.642078e+00
2.875000e-05	-2.095743e-02	8.756367e+00
2.876000e-05	-2.309225e-02	8.810550e+00
2.877000e-05	-2.151694e-02	8.904606e+00
2.878000e-05	-2.023777e-02	9.051071e+00
2.879000e-05	-2.600612e-02	9.107817e+00
2.880000e-05	-2.343883e-02	9.209498e+00
2.881000e-05	-2.086332e-02	9.273136e+00
2.882000e-05	-2.435423e-02	9.357369e+00
2.883000e-05	-2.789474e-02	9.399074e+00
2.884000e-05	-2.764948e-02	9.474260e+00
2.885000e-05	-2.221113e-02	9.545294e+00
2.886000e-05	-2.750198e-02	9.599972e+00
2.887000e-05	-2.822366e-02	9.632558e+00
2.888000e-05	-2.769549e-02	9.733738e+00
2.889000e-05	-2.687000e-02	9.826825e+00
2.890000e-05	-2.854799e-02	9.863105e+00
2.891000e-05	-2.890579e-02	9.903186e+00
2.892000e-05	-3.172336e-02	9.895817e+00
2.893000e-05	-3.274246e-02	9.967944e+00
2.894000e-05	-3.137358e-02	9.999999e+00
2.895000e-05	-2.979727e-02	1.000950e+01
2.896000e-05	-3.119603e-02	1.006058e+01
2.897000e-05	-3.539979e-02	1.005061e+01
2.898000e-05	-3.430685e-02	1.005208e+01
2.899000e-05	-3.399711e-02	1.007219e+01
2.900000e-05	-3.588275e-02	1.007219e+01
2.901000e-05	-3.655911e-02	1.011268e+01
2.902000e-05	-3.677509e-02	1.013379e+01
2.903000e-05	-3.628871e-02	1.014376e+01
2.904000e-05	-4.022579e-02	1.009474e+01
2.905000e-05	-3.821040e-02	1.006424e+01
2.906000e-05	-3.930265e-02	1.010276e+01
2.907000e-05	-3.925144e-02	1.008324e+01
2.908000e-05	-4.198988e-02	1.005371e+01
2.909000e-05	-4.137664e-02	1.008216e+01
2.910000e-05	-4.274610e-02	1.005203e+01
2.911000e-05	-4.431276e-02	1.003855e+01
2.912000e-05	-4.467062e-02	9.998924e+00
2.913000e-05	-4.659529e-02	9.976845e+00
2.914000e-05	-4.721596e-02	9.923791e+00
2.915000e-05	-4.966085e-02	9.840088e+00
2.916000e-05	-4.933057e-02	9.758003e+00
2.917000e-05	-5.196552e-02	9.703719e+00
2.918000e-05	-5.368278e-02	9.670639e+00
2.919000e-05	-5.462382e-02	9.619922e+00
2.920000e-05	-5.587697e-02	9.525795e+00
2.921000e-05	-5.654991e-02	9.483212e+00
2.922000e-05	-5.860420e-02	9.420104e+00
2.923000e-05	-5.832012e-02	9.353844e+00
2.924000e-05	-5.694975e-02	9.271685e+00
2.925000e-05	-5.754346e-02	9.229529e+00
2.926000e-05	-5.688631e-02	9.174899e+00
2.927000e-05	-5.621578e-02	9.082606e+00
2.928000e-05	-5.488856e-02	8.945820e+00
2.929000e-05	-5.398158e-02	8.859085e+00
2.930000e-05	-5.290660e-02	8.796870e+00
2.931000e-05	-4.981622e-02	8.692187e+00
2.932000e-05	-4.955691e-02	8.537978e+00
2.933000e-05	-4.619962e-02	8.473187e+00
2.934000e-05	-4.627149e-02	8.409052e+00
2.935000e-05	-4.265125e-02	8.344362e+00
2.936000e-05	-4.223849e-02	8.187928e+00
2.937000e-05	-4.050914e-02	8.100582e+00
2.938000e-05	-3.945763e-02	7.956375e+00
2.939000e-05	-3.673252e-02	7.859059e+00
2.940000e-05	-3.615613e-02	7.724289e+00
2.941000e-05	-3.448748e-02	7.618452e+00
2.942000e-05	-3.394929e-02	7.471159e+00
2.943000e-05	-3.093460e-02	7.302237e+00
2.944000e-05	-3.008710e-02	7.175843e+00
2.945000e-05	-2.926708e-02	7.009028e+00
2.946000e-05	-2.831999e-02	6.893633e+00
2.947000e-05	-2.664320e-02	6.746922e+00
2.948000e-05	-2.612750e-02	6.619182e+00
2.949000e-05	-2.452687e-02	6.469109e+00
2.950000e-05	-2.425469e-02	6.293763e+00
2.951000e-05	-2.285092e-02	6.177396e+00
2.952000e-05	-2.278711e-02	6.040528e+00
2.953000e-05	-2.174838e-02	5.883293e+00
2.954000e-05	-2.095541e-02	5.731264e+00
2.955000e-05	-2.015788e-02	5.524794e+00
2.956000e-05	-1.997442e-02	5.396946e+00
2.957000e-05	-1.907950e-02	5.198976e+00
2.958000e-05	-1.685191e-02	4.969424e+00
2.959000e-05	-1.719375e-02	4.789050e+00
2.960000e-05	-1.665491e-02	4.660585e+00
2.961000e-05	-1.640692e-02	4.493238e+00
2.962000e-05	-1.543270e-02	4.355946e+00
2.963000e-05	-1.496398e-02	4.142801e+00
2.964000e-05	-1.448774e-02	3.957850e+00
2.965000e-05	-1.299387e-02	3.809526e+00
2.966000e-05	-1.222862e-02	3.673103e+00
2.967000e-05	-1.239616e-02	3.461189e+00
2.968000e-05	-1.259394e-02	3.294181e+00
2.969000e-05	-1.200030e-02	3.124238e+00
2.970000e-05	-1.063842e-02	2.975820e+00
2.971000e-05	-9.841892e-03	2.777524e+00
2.972000e-05	-1.039797e-02	2.587580e+00
2.973000e-05	-8.769872e-03	2.388896e+00
2.974000e-05	-9.007636e-03	2.169476e+00
2.975000e-05	-8.135541e-03	2.061554e+00
2.976000e-05	-8.105005e-03	1.892084e+00
2.977000e-05	-6.726156e-03	1.652556e+00
2.978000e-05	-6.695081e-03	1.481557e+00
2.979000e-05	-6.142078e-03	1.262212e+00
2.980000e-05	-5.907914e-03	1.063137e+00
2.981000e-05	-6.492292e-03	8.300524e-01
2.982000e-05	-5.463469e-03	6.410602e-01
2.983000e-05	-4.742440e-03	4.941326e-01
2.984000e-05	-3.960399e-03	3.208417e-01
2.985000e-05	-3.851794e-03	8.223627e-02
2.986000e-05	1.544333e-04	-9.575834e-02
2.987000e-05	3.518231e-03	-2.441820e-01
2.988000e-05	-1.028018e-03	-4.105053e-01
2.989000e-05	8.291394e-04	-5.630201e-01
2.990000e-05	-4.669279e-04	-8.110002e-01
2.991000e-05	2.669571e-04	-8.973149e-01
2.992000e-05	6.321051e-04	-1.084287e+00
2.993000e-05	1.654964e-02	-1.245138e+00
2.994000e-05	5.644895e-02	-1.455233e+00
2.995000e-05	3.586889e-02	-1.677764e+00
2.996000e-05	-6.643529e-02	-1.979920e+00
2.997000e-05	-2.022179e-02	-2.240153e+00
2.998000e-05	-7.676613e-02	-2.369024e+00
2.999000e-05	4.993740e-02	-2.421029e+00
3.000000e-05	9.211467e-02	-2.508339e+00
3.001000e-05	-1.245166e-01	-2.768973e+00
3.002000e-05	8.691089e-02	-2.895738e+00
3.003000e-05	4.823106e-02	-2.983708e+00
3.004000e-05	-1.458824e-01	-3.306840e+00
3.005000e-05	1.139156e-01	-3.432652e+00
3.006000e-05	1.486917e-02	-3.593999e+00
3.007000e-05	-8.550663e-02	-3.772605e+00
3.008000e-05	1.340993e-01	-3.990024e+00
3.009000e-05	-6.629331e-02	-4.159574e+00
3.010000e-05	2.616148e-03	-4.388867e+00
3.011000e-05	4.841060e-02	-4.464660e+00
3.012000e-05	-9.108624e-02	-4.705765e+00
3.013000e-05	1.107077e-01	-4.854154e+00
3.014000e-05	-2.573404e-02	-5.010502e+00
3.015000e-05	-3.025824e-02	-5.211529e+00
3.016000e-05	8.782602e-02	-5.381001e+00
3.017000e-05	-4.786535e-02	-5.590099e+00
3.018000e-05	4.955784e-02	-5.727866e+00
3.019000e-05	-4.224304e-02	-5.865762e+00
3.020000e-05	2.024637e-02	-6.032028e+00
3.021000e-05	5.605731e-02	-6.137319e+00
3.022000e-05	-5.881154e-02	-6.388943e+00
3.023000e-05	7.902632e-02	-6.484286e+00
3.024000e-05	-2.236600e-02	-6.643183e+00
3.025000e-05	5.622564e-03	-6.799977e+00
3.026000e-05	1.636932e-02	-6.873682e+00
3.027000e-05	-1.169114e-02	-7.133259e+00
3.028000e-05	7.568122e-02	-7.191029e+00
3.029000e-05	-3.931844e-02	-7.297898e+00
3.030000e-05	2.257562e-02	-7.452106e+00
3.031000e-05	1.180638e-02	-7.579924e+00
3.032000e-05	1.529704e-02	-7.735318e+00
3.033000e-05	1.998704e-02	-7.854736e+00
3.034000e-05	-9.600396e-03	-7.969532e+00
3.035000e-05	4.856085e-02	-8.094838e+00
3.036000e-05	-3.614120e-03	-8.182080e+00
3.037000e-05	1.763678e-02	-8.317845e+00
3.038000e-05	1.389518e-02	-8.411078e+00
3.039000e-05	2.282678e-02	-8.535865e+00
3.040000e-05	1.439869e-02	-8.672611e+00
3.041000e-05	2.167584e-03	-8.788949e+00
3.042000e-05	3.459692e-02	-8.841609e+00
3.043000e-05	1.568456e-02	-8.957370e+00
3.044000e-05	1.760300e-02	-8.991128e+00
3.045000e-05	1.274594e-02	-9.044737e+00
3.046000e-05	2.707327e-02	-9.137943e+00
3.047000e-05	2.090299e-02	-9.191053e+00
3.048000e-05	1.456224e-02	-9.294216e+00
3.049000e-05	2.473375e-02	-9.387972e+00
3.050000e-05	2.263538e-02	-9.493164e+00
3.051000e-05	2.018467e-02	-9.568947e+00
3.052000e-05	2.006809e-02	-9.570024e+00
3.053000e-05	2.800121e-02	-9.622135e+00
3.054000e-05	2.349032e-02	-9.674237e+00
3.055000e-05	2.188161e-02	-9.734894e+00
3.056000e-05	2.416111e-02	-9.789502e+00
3.057000e-05	2.597602e-02	-9.780533e+00
3.058000e-05	2.533938e-02	-9.833633e+00
3.059000e-05	2.501556e-02	-9.884290e+00
3.060000e-05	2.864355e-02	-9.884391e+00
3.061000e-05	2.501206e-02	-9.966842e+00
3.062000e-05	2.606018e-02	-9.966895e+00
3.063000e-05	2.992940e-02	-9.947446e+00
3.064000e-05	2.959668e-02	-9.971500e+00
3.065000e-05	2.651021e-02	-9.999923e+00
3.066000e-05	2.980079e-02	-9.998476e+00
3.067000e-05	3.338217e-02	-1.002043e+01
3.068000e-05	3.184493e-02	-1.001055e+01
3.069000e-05	2.845544e-02	-1.002108e+01
3.070000e-05	3.081442e-02	-1.000950e+01
3.071000e-05	3.422436e-02	-1.001953e+01
3.072000e-05	3.467556e-02	-9.978457e+00
3.073000e-05	3.457501e-02	-1.000945e+01
3.074000e-05	3.663447e-02	-1.000697e+01
3.075000e-05	3.544501e-02	-9.975871e+00
3.076000e-05	3.620425e-02	-9.925368e+00
3.077000e-05	3.875694e-02	-9.876236e+00
3.078000e-05	3.989616e-02	-9.853738e+00
3.079000e-05	4.049122e-02	-9.809609e+00
3.080000e-05	4.148124e-02	-9.780054e+00
3.081000e-05	4.367248e-02	-9.779420e+00
3.082000e-05	4.437055e-02	-9.684291e+00
3.083000e-05	4.661019e-02	-9.674212e+00
3.084000e-05	4.769166e-02	-9.630628e+00
3.085000e-05	4.935330e-02	-9.568499e+00
3.086000e-05	4.961072e-02	-9.536870e+00
3.087000e-05	5.128447e-02	-9.422682e+00
3.088000e-05	5.290567e-02	-9.326949e+00
3.089000e-05	5.028445e-02	-9.272637e+00
3.090000e-05	5.057324e-02	-9.187974e+00
3.091000e-05	5.138725e-02	-9.104841e+00
3.092000e-05	5.237018e-02	-9.073136e+00
3.093000e-05	4.959058e-02	-8.926944e+00
3.094000e-05	4.844652e-02	-8.872211e+00
3.095000e-05	4.755868e-02	-8.799953e+00
3.096000e-05	4.447913e-02	-8.754820e+00
3.097000e-05	4.333807e-02	-8.588578e+00
3.098000e-05	4.223752e-02	-8.512714e+00
3.099000e-05	4.165916e-02	-8.389980e+00
3.100000e-05	3.791786e-02	-8.305790e+00
3.101000e-05	3.694713e-02	-8.220055e+00
3.102000e-05	3.579520e-02	-8.095742e+00
3.103000e-05	3.457480e-02	-7.997954e+00
3.104000e-05	3.178892e-02	-7.903839e+00
3.105000e-05	2.997529e-02	-7.724348e+00
3.106000e-05	2.847389e-02	-7.599954e+00
3.107000e-05	2.613650e-02	-7.473634e+00
3.108000e-05	2.649633e-02	-7.324820e+00
3.109000e-05	2.685107e-02	-7.190074e+00
3.110000e-05	2.516298e-02	-7.053666e+00
3.111000e-05	2.148277e-02	-6.923391e+00
3.112000e-05	2.116855e-02	-6.759449e+00
3.113000e-05	1.924125e-02	-6.651130e+00
3.114000e-05	1.933285e-02	-6.504788e+00
3.115000e-05	1.867288e-02	-6.356874e+00
3.116000e-05	1.891555e-02	-6.199534e+00
3.117000e-05	1.708962e-02	-6.021626e+00
3.118000e-05	1.467053e-02	-5.884768e+00
3.119000e-05	1.264300e-02	-5.756424e+00
3.120000e-05	1.174362e-02	-5.601078e+00
3.121000e-05	1.206671e-02	-5.432108e+00
3.122000e-05	1.174949e-02	-5.249630e+00
3.123000e-05	1.122041e-02	-5.072158e+00
3.124000e-05	9.992009e-03	-4.843759e+00
3.125000e-05	8.913990e-03	-4.641162e+00
3.126000e-05	9.388781e-03	-4.526342e+00
3.127000e-05	8.498482e-03	-4.377477e+00
3.128000e-05	6.371461e-03	-4.240559e+00
3.129000e-05	4.882807e-03	-4.102212e+00
3.130000e-05	7.504325e-03	-3.925792e+00
3.131000e-05	5.786036e-03	-3.737343e+00
3.132000e-05	6.857516e-03	-3.536890e+00
3.133000e-05	4.457608e-03	-3.359496e+00
3.134000e-05	4.514468e-03	-3.209081e+00
3.135000e-05	3.138121e-03	-3.059656e+00
3.136000e-05	1.875527e-03	-2.838556e+00
3.137000e-05	3.387383e-03	-2.672737e+00
3.138000e-05	1.765489e-03	-2.483242e+00
3.139000e-05	2.348229e-03	-2.336392e+00
3.140000e-05	5.974701e-04	-2.123788e+00
3.141000e-05	1.248423e-03	-1.944371e+00
3.142000e-05	-6.163496e-04	-1.748949e+00
3.143000e-05	4.909443e-04	-1.568476e+00
3.144000e-05	-1.708109e-03	-1.365392e+00
3.145000e-05	-5.746780e-05	-1.124893e+00
3.146000e-05	-2.171015e-03	-9.194961e-01
3.147000e-05	-1.953905e-03	-7.799023e-01
3.148000e-05	-4.193761e-03	-5.559697e-01
3.149000e-05	-3.515065e-03	-3.683709e-01
3.150000e-05	-2.952932e-03	-2.200498e-01
3.151000e-05	-2.480670e-03	-6.162889e-02
3.152000e-05	1.235204e-03	1.202372e-01
3.153000e-05	1.632725e-03	3.164162e-01
3.154000e-05	-2.497944e-03	5.152634e-01
3.155000e-05	-8.724523e-04	6.442569e-01
3.156000e-05	-4.722103e-03	8.940227e-01
3.157000e-05	-2.978411e-03	1.021875e+00
3.158000e-05	-2.793148e-03	1.242507e+00
3.159000e-05	7.528525e-03	1.408969e+00
3.160000e-05	3.580360e-02	1.579555e+00
3.161000e-05	4.727292e-02	1.852607e+00
3.162000e-05	-4.234154e-02	2.031454e+00
3.163000e-05	-4.345318e-02	2.222077e+00
3.164000e-05	-5.242475e-02	2.349373e+00
3.165000e-05	-5.192134e-02	2.503683e+00
3.166000e-05	7.331450e-02	2.654710e+00
3.167000e-05	3.751691e-02	2.861604e+00
3.168000e-05	-1.128569e-01	3.019949e+00
3.169000e-05	1.165102e-01	3.117340e+00
3.170000e-05	-4.629118e-02	3.318399e+00
3.171000e-05	-7.180997e-02	3.536820e+00
3.172000e-05	7.846264e-02	3.664108e+00
3.173000e-05	-3.988854e-02	3.844133e+00
3.174000e-05	-3.892196e-02	4.021954e+00
3.175000e-05	6.619790e-02	4.192082e+00
3.176000e-05	-5.657201e-02	4.430050e+00
3.177000e-05	6.040500e-04	4.559424e+00
3.178000e-05	-1.097109e-02	4.768898e+00
3.179000e-05	-3.388525e-02	4.965864e+00
3.180000e-05	1.727225e-02	5.160445e+00
3.181000e-05	-2.444574e-02	5.378900e+00
3.182000e-05	5.324616e-03	5.535762e+00
3.183000e-05	-6.854127e-03	5.654733e+00
3.184000e-05	-5.805109e-03	5.873235e+00
3.185000e-05	-2.744804e-02	6.001074e+00
3.186000e-05	-2.523793e-02	6.179343e+00
3.187000e-05	1.676457e-02	6.252662e+00
3.188000e-05	-2.117138e-02	6.443530e+00
3.189000e-05	-1.536761e-02	6.577919e+00
3.190000e-05	-6.622514e-03	6.748391e+00
3.191000e-05	-2.330960e-02	6.935688e+00
3.192000e-05	-1.120523e-02	7.049528e+00
3.193000e-05	-2.057401e-02	7.126791e+00
3.194000e-05	-7.950641e-03	7.250056e+00
3.195000e-05	-5.990955e-03	7.388322e+00
3.196000e-05	-2.391803e-02	7.599397e+00
3.197000e-05	-1.489776e-02	7.664716e+00
3.198000e-05	-1.936972e-02	7.830504e+00
3.199000e-05	-1.119825e-02	7.947793e+00
3.200000e-05	-2.451022e-02	8.143863e+00
3.201000e-05	-1.686421e-02	8.189453e+00
3.202000e-05	-9.817271e-03	8.327236e+00
3.203000e-05	-2.376788e-02	8.391551e+00
3.204000e-05	-2.051444e-02	8.483684e+00
3.205000e-05	-2.214882e-02	8.569898e+00
3.206000e-05	-1.374420e-02	8.723135e+00
3.207000e-05	-2.501681e-02	8.745968e+00
3.208000e-05	-2.132858e-02	8.852683e+00
3.209000e-05	-2.077239e-02	8.946300e+00
3.210000e-05	-2.456998e-02	9.102562e+00
3.211000e-05	-2.439430e-02	9.156921e+00
3.212000e-05	-2.318030e-02	9.221554e+00
3.213000e-05	-1.967292e-02	9.293766e+00
3.214000e-05	-2.795306e-02	9.398423e+00
3.215000e-05	-2.596230e-02	9.452608e+00
3.216000e-05	-2.382267e-02	9.533766e+00
3.217000e-05	-2.469132e-02	9.555870e+00
3.218000e-05	-2.917192e-02	9.640974e+00
3.219000e-05	-2.883953e-02	9.651587e+00
3.220000e-05	-2.677666e-02	9.724717e+00
3.221000e-05	-2.961384e-02	9.817953e+00
3.222000e-05	-2.819357e-02	9.821686e+00
3.223000e-05	-3.094730e-02	9.873688e+00
3.224000e-05	-3.077228e-02	9.905890e+00
3.225000e-05	-3.198434e-02	9.957850e+00
3.226000e-05	-2.910263e-02	9.967499e+00
3.227000e-05	-3.050290e-02	1.003153e+01
3.228000e-05	-3.393372e-02	1.004261e+01
3.229000e-05	-3.700273e-02	1.007213e+01
3.230000e-05	-3.430551e-02	1.008161e+01
3.231000e-05	-3.437219e-02	1.008319e+01
3.232000e-05	-3.610611e-02	1.008363e+01
3.233000e-05	-3.552050e-02	1.009579e+01
3.234000e-05	-3.674205e-02	1.012322e+01
3.235000e-05	-3.725469e-02	1.009322e+01
3.236000e-05	-3.948389e-02	1.011524e+01
3.237000e-05	-3.816782e-02	1.007366e+01
3.238000e-05	-3.835178e-02	1.007314e+01
3.239000e-05	-4.115241e-02	1.006259e+01
3.240000e-05	-4.129794e-02	1.007218e+01
3.241000e-05	-4.376270e-02	1.004118e+01
3.242000e-05	-4.348883e-02	1.005008e+01
3.243000e-05	-4.443487e-02	1.001948e+01
3.244000e-05	-4.476264e-02	9.997897e+00
3.245000e-05	-4.584714e-02	9.935841e+00
3.246000e-05	-4.794480e-02	9.883717e+00
3.247000e-05	-4.785974e-02	9.818532e+00
3.248000e-05	-5.142341e-02	9.786374e+00
3.249000e-05	-5.298427e-02	9.703313e+00
3.250000e-05	-5.505269e-02	9.619529e+00
3.251000e-05	-5.583906e-02	9.597396e+00
3.252000e-05	-5.630162e-02	9.514841e+00
3.253000e-05	-5.748018e-02	9.452135e+00
3.254000e-05	-5.734322e-02	9.388375e+00
3.255000e-05	-5.837179e-02	9.334867e+00
3.256000e-05	-5.850379e-02	9.272085e+00
3.257000e-05	-5.763250e-02	9.206975e+00
3.258000e-05	-5.753848e-02	9.085342e+00
3.259000e-05	-5.457081e-02	9.028025e+00
3.260000e-05	-5.726740e-02	8.892641e+00
3.261000e-05	-5.382240e-02	8.818974e+00
3.262000e-05	-5.222657e-02	8.716292e+00
3.263000e-05	-4.903653e-02	8.619556e+00
3.264000e-05	-4.849733e-02	8.525819e+00
3.265000e-05	-4.583856e-02	8.470607e+00
3.266000e-05	-4.466185e-02	8.417898e+00
3.267000e-05	-4.347323e-02	8.272132e+00
3.268000e-05	-4.145810e-02	8.164296e+00
3.269000e-05	-4.020562e-02	8.010605e+00
3.270000e-05	-3.830705e-02	7.881740e+00
3.271000e-05	-3.747774e-02	7.809375e+00
3.272000e-05	-3.516943e-02	7.650609e+00
3.273000e-05	-3.407804e-02	7.536298e+00
3.274000e-05	-3.177050e-02	7.395926e+00
3.275000e-05	-3.064712e-02	7.239532e+00
3.276000e-05	-2.905809e-02	7.102737e+00
3.277000e-05	-2.984864e-02	6.977376e+00
3.278000e-05	-2.710390e-02	6.871082e+00
3.279000e-05	-2.726733e-02	6.703741e+00
3.280000e-05	-2.566430e-02	6.533762e+00
3.281000e-05	-2.523736e-02	6.377898e+00
3.282000e-05	-2.273505e-02	6.240033e+00
3.283000e-05	-2.201135e-02	6.102116e+00
3.284000e-05	-2.201458e-02	5.968921e+00
3.285000e-05	-2.230186e-02	5.798558e+00
3.286000e-05	-2.130128e-02	5.639530e+00
3.287000e-05	-1.900219e-02	5.441606e+00
3.288000e-05	-1.853829e-02	5.313814e+00
3.289000e-05	-1.912473e-02	5.105316e+00
3.290000e-05	-1.896976e-02	4.913663e+00
3.291000e-05	-1.786999e-02	4.715843e+00
3.292000e-05	-1.526439e-02	4.567473e+00
3.293000e-05	-1.499481e-02	4.431080e+00
3.294000e-05	-1.442751e-02	4.240708e+00
3.295000e-05	-1.414638e-02	4.041559e+00
3.296000e-05	-1.287904e-02	3.924637e+00
3.297000e-05	-1.305290e-02	3.735842e+00
3.298000e-05	-1.224684e-02	3.597951e+00
3.299000e-05	-1.196932e-02	3.409051e+00
3.300000e-05	-1.236906e-02	3.220947e+00
3.301000e-05	-1.168478e-02	3.031080e+00
3.302000e-05	-1.051995e-02	2.872161e+00
3.303000e-05	-9.941227e-03	2.705294e+00
3.304000e-05	-8.755755e-03	2.472688e+00
3.305000e-05	-9.278960e-03	2.292713e+00
3.306000e-05	-9.318263e-03	2.144764e+00
3.307000e-05	-7.792187e-03	1.968946e+00
3.308000e-05	-7.808390e-03	1.778448e+00
3.309000e-05	-6.768861e-03	1.577896e+00
3.310000e-05	-6.557332e-03	1.368376e+00
3.311000e-05	-6.471598e-03	1.197501e+00
3.312000e-05	-6.831551e-03	9.563917e-01
3.313000e-05	-6.515399e-03	7.463921e-01
3.314000e-05	-4.840021e-03	5.674721e-01
3.315000e-05	-4.334255e-03	3.686311e-01
3.316000e-05	-3.808480e-03	2.584524e-01
3.317000e-05	-2.642617e-03	1.897731e-02
3.318000e-05	2.613999e-03	-1.399152e-01
3.319000e-05	1.804428e-03	-3.483386e-01
3.320000e-05	-1.836655e-03	-4.646844e-01
3.321000e-05	1.905935e-03	-6.743106e-01
3.322000e-05	-1.292553e-03	-8.426082e-01
3.323000e-05	9.832716e-04	-9.889753e-01
3.324000e-05	2.849781e-03	-1.128921e+00
3.325000e-05	3.537305e-02	-1.320891e+00
3.326000e-05	6.663742e-02	-1.559396e+00
3.327000e-05	-2.620442e-02	-1.803106e+00
3.328000e-05	-4.272196e-02	-2.085237e+00
3.329000e-05	-5.005830e-02	-2.307216e+00
3.330000e-05	-4.350829e-02	-2.401051e+00
3.331000e-05	1.218700e-01	-2.442006e+00
3.332000e-05	-1.779157e-02	-2.621628e+00
3.333000e-05	-8.636832e-02	-2.800732e+00
3.334000e-05	1.513596e-01	-2.939846e+00
3.335000e-05	-1.046325e-01	-3.190478e+00
3.336000e-05	-4.606067e-02	-3.410002e+00
3.337000e-05	1.327230e-01	-3.525715e+00
3.338000e-05	-8.676727e-02	-3.714691e+00
3.339000e-05	2.726035e-02	-3.888389e+00
3.340000e-05	8.375897e-02	-4.054656e+00
3.341000e-05	-1.098005e-01	-4.274761e+00
3.342000e-05	9.082763e-02	-4.402025e+00
3.343000e-05	-5.196394e-02	-4.549496e+00
3.344000e-05	-7.192258e-03	-4.760066e+00
3.345000e-05	9.430069e-02	-4.936287e+00
3.346000e-05	-9.179540e-02	-5.085285e+00
3.347000e-05	6.822525e-02	-5.253161e+00
3.348000e-05	1.624909e-02	-5.421762e+00
3.349000e-05	-1.531648e-02	-5.654661e+00
3.350000e-05	3.249792e-02	-5.829026e+00
3.351000e-05	-5.410629e-02	-6.007948e+00
3.352000e-05	8.172452e-02	-6.083733e+00
3.353000e-05	-2.336832e-02	-6.252175e+00
3.354000e-05	2.669004e-04	-6.420582e+00
3.355000e-05	6.333981e-02	-6.570398e+00
3.356000e-05	-4.684420e-02	-6.725365e+00
3.357000e-05	4.165811e-02	-6.810028e+00
3.358000e-05	-2.481132e-02	-6.940622e+00
3.359000e-05	4.837426e-02	-7.149369e+00
3.360000e-05	2.936138e-02	-7.272636e+00
3.361000e-05	-3.489942e-02	-7.409502e+00
3.362000e-05	4.120044e-02	-7.483738e+00
3.363000e-05	-5.768128e-03	-7.641183e+00
3.364000e-05	3.550392e-02	-7.848950e+00
3.365000e-05	-8.685350e-03	-7.928369e+00
3.366000e-05	2.177738e-02	-8.041632e+00
3.367000e-05	3.283236e-02	-8.208871e+00
3.368000e-05	-7.661596e-03	-8.253659e+00
3.369000e-05	2.778796e-02	-8.356469e+00
3.370000e-05	8.281148e-03	-8.442185e+00
3.371000e-05	3.118257e-02	-8.547319e+00
3.372000e-05	-1.441439e-03	-8.705910e+00
3.373000e-05	2.106698e-02	-8.808505e+00
3.374000e-05	2.838558e-02	-8.863731e+00
3.375000e-05	1.384379e-02	-8.948925e+00
3.376000e-05	1.776125e-02	-9.070608e+00
3.377000e-05	1.515191e-02	-9.136293e+00
3.378000e-05	3.091199e-02	-9.158400e+00
3.379000e-05	1.299027e-02	-9.239605e+00
3.380000e-05	2.183466e-02	-9.335844e+00
3.381000e-05	2.333471e-02	-9.430127e+00
3.382000e-05	2.291027e-02	-9.543291e+00
3.383000e-05	1.717522e-02	-9.549398e+00
3.384000e-05	2.386432e-02	-9.631131e+00
3.385000e-05	2.778541e-02	-9.682133e+00
3.386000e-05	2.109483e-02	-9.704265e+00
3.387000e-05	2.418679e-02	-9.757394e+00
3.388000e-05	2.385440e-02	-9.789052e+00
3.389000e-05	2.741130e-02	-9.809554e+00
3.390000e-05	2.272789e-02	-9.854136e+00
3.391000e-05	2.726883e-02	-9.874287e+00
3.392000e-05	2.756872e-02	-9.885842e+00
3.393000e-05	2.564929e-02	-9.946318e+00
3.394000e-05	2.758954e-02	-9.956944e+00
3.395000e-05	3.006512e-02	-9.948949e+00
3.396000e-05	2.919982e-02	-9.987423e+00
3.397000e-05	2.723825e-02	-9.949050e+00
3.398000e-05	3.172164e-02	-1.000008e+01
3.399000e-05	3.221372e-02	-1.004998e+01
3.400000e-05	3.058993e-02	-1.000903e+01
3.401000e-05	2.954825e-02	-9.999610e+00
3.402000e-05	3.315075e-02	-1.000047e+01
3.403000e-05	3.290593e-02	-9.999551e+00
3.404000e-05	3.421664e-02	-1.001050e+01
3.405000e-05	3.617558e-02	-9.997898e+00
3.406000e-05	3.571523e-02	-9.978497e+00
3.407000e-05	3.539985e-02	-9.967320e+00
3.408000e-05	3.692718e-02	-9.925294e+00
3.409000e-05	4.037702e-02	-9.873714e+00
3.410000e-05	3.992115e-02	-9.842712e+00
3.411000e-05	3.985778e-02	-9.831158e+00
3.412000e-05	4.310519e-02	-9.820004e+00
3.413000e-05	4.454806e-02	-9.747924e+00
3.414000e-05	4.479530e-02	-9.714283e+00
3.415000e-05	4.607925e-02	-9.640660e+00
3.416000e-05	4.864163e-02	-9.650474e+00
3.417000e-05	4.933804e-02	-9.587420e+00
3.418000e-05	5.046110e-02	-9.495369e+00
3.419000e-05	5.189254e-02	-9.380678e+00
3.420000e-05	5.171247e-02	-9.354837e+00
3.421000e-05	5.066370e-02	-9.251003e+00
3.422000e-05	5.142141e-02	-9.179899e+00
3.423000e-05	5.174920e-02	-9.063689e+00
3.424000e-05	5.173324e-02	-9.029581e+00
3.425000e-05	5.000881e-02	-8.923290e+00
3.426000e-05	4.811176e-02	-8.839557e+00
3.427000e-05	4.629098e-02	-8.797974e+00
3.428000e-05	4.426389e-02	-8.633785e+00
3.429000e-05	4.200745e-02	-8.576523e+00
3.430000e-05	4.380204e-02	-8.481715e+00
3.431000e-05	3.858470e-02	-8.356898e+00
3.432000e-05	3.918747e-02	-8.241636e+00
3.433000e-05	3.629440e-02	-8.166897e+00
3.434000e-05	3.632218e-02	-8.061710e+00
3.435000e-05	3.202087e-02	-7.949347e+00
3.436000e-05	3.120762e-02	-7.813061e+00
3.437000e-05	3.045643e-02	-7.713315e+00
3.438000e-05	2.871885e-02	-7.503896e+00
3.439000e-05	2.624069e-02	-7.419503e+00
3.440000e-05	2.677469e-02	-7.221686e+00
3.441000e-05	2.445960e-02	-7.167946e+00
3.442000e-05	2.298009e-02	-6.968129e+00
3.443000e-05	2.126249e-02	-6.851580e+00
3.444000e-05	2.048680e-02	-6.724866e+00
3.445000e-05	2.048870e-02	-6.598971e+00
3.446000e-05	1.843387e-02	-6.440059e+00
3.447000e-05	1.715368e-02	-6.344797e+00
3.448000e-05	1.540120e-02	-6.116442e+00
3.449000e-05	1.586539e-02	-5.927450e+00
3.450000e-05	1.513372e-02	-5.840557e+00
3.451000e-05	1.387856e-02	-5.702789e+00
3.452000e-05	1.194941e-02	-5.556875e+00
3.453000e-05	1.140276e-02	-5.346421e+00
3.454000e-05	1.104092e-02	-5.156397e+00
3.455000e-05	1.196672e-02	-4.995525e+00
3.456000e-05	9.623125e-03	-4.797053e+00
3.457000e-05	9.541984e-03	-4.618505e+00
3.458000e-05	7.153868e-03	-4.471313e+00
3.459000e-05	8.552334e-03	-4.326294e+00
3.460000e-05	4.857510e-03	-4.167423e+00
3.461000e-05	6.916973e-03	-4.030554e+00
3.462000e-05	5.820895e-03	-3.802212e+00
3.463000e-05	5.955438e-03	-3.651579e+00
3.464000e-05	4.350208e-03	-3.493187e+00
3.465000e-05	4.485708e-03	-3.294892e+00
3.466000e-05	3.684377e-03	-3.167871e+00
3.467000e-05	3.346789e-03	-2.936919e+00
3.468000e-05	8.391381e-04	-2.757948e+00
3.469000e-05	3.014076e-03	-2.589525e+00
3.470000e-05	1.070922e-03	-2.400074e+00
3.471000e-05	3.181102e-03	-2.269604e+00
3.472000e-05	5.244093e-04	-2.021052e+00
3.473000e-05	7.060493e-04	-1.861113e+00
3.474000e-05	-1.184773e-03	-1.672761e+00
3.475000e-05	-1.262923e-03	-1.472810e+00
3.476000e-05	-2.191070e-03	-1.281606e+00
3.477000e-05	-1.376511e-03	-1.051606e+00
3.478000e-05	-1.635146e-03	-9.127365e-01
3.479000e-05	-2.718924e-03	-6.627657e-01
3.480000e-05	-3.586872e-03	-4.916890e-01
3.481000e-05	-3.509108e-03	-3.142631e-01
3.482000e-05	-3.734957e-03	-1.483694e-01
3.483000e-05	-1.100576e-03	4.100533e-02
3.484000e-05	1.660123e-03	2.230543e-01
3.485000e-05	-8.490763e-04	4.420276e-01
3.486000e-05	-1.867235e-03	5.799425e-01
3.487000e-05	-1.651801e-03	7.474174e-01
3.488000e-05	-4.656349e-03	8.835569e-01
3.489000e-05	-3.583067e-03	1.136164e+00
3.490000e-05	-1.199857e-04	1.295711e+00
3.491000e-05	1.776814e-02	1.505132e+00
3.492000e-05	5.094964e-02	1.716312e+00
3.493000e-05	1.394764e-02	1.927345e+00
3.494000e-05	-6.143627e-02	2.146211e+00
3.495000e-05	-3.667578e-02	2.284263e+00
3.496000e-05	-6.609639e-02	2.472077e+00
3.497000e-05	-5.954352e-03	2.590394e+00
3.498000e-05	1.079029e-01	2.789970e+00
3.499000e-05	-7.571925e-02	2.915716e+00
3.500000e-05	-2.014608e-02	3.053002e+00
3.501000e-05	1.030299e-01	3.251072e+00
3.502000e-05	-1.225321e-01	3.453131e+00
3.503000e-05	1.716296e-02	3.580523e+00
3.504000e-05	5.493589e-02	3.747865e+00
3.505000e-05	-8.775880e-02	3.945817e+00
3.506000e-05	4.177285e-02	4.065183e+00
3.507000e-05	9.619346e-03	4.345840e+00
3.508000e-05	-4.749423e-02	4.463209e+00
3.509000e-05	1.429348e-02	4.662687e+00
3.510000e-05	-3.548046e-02	4.862557e+00
3.511000e-05	-1.259585e-03	5.032008e+00
3.512000e-05	-2.584265e-03	5.251108e+00
3.513000e-05	-1.708568e-02	5.422077e+00
3.514000e-05	7.917892e-03	5.610945e+00
3.515000e-05	-1.000985e-02	5.745767e+00
3.516000e-05	-1.222297e-02	5.956440e+00
3.517000e-05	-3.740458e-02	6.073085e+00
3.518000e-05	-5.296977e-03	6.220505e+00
3.519000e-05	1.185357e-02	6.356816e+00
3.520000e-05	-3.354514e-02	6.463116e+00
3.521000e-05	4.697007e-04	6.682108e+00
3.522000e-05	-2.071985e-02	6.791575e+00
3.523000e-05	-1.501803e-02	6.977894e+00
3.524000e-05	-1.493462e-02	7.042512e+00
3.525000e-05	-2.008723e-02	7.220923e+00
3.526000e-05	1.036741e-03	7.273211e+00
3.527000e-05	-2.015447e-02	7.492086e+00
3.528000e-05	-1.647521e-02	7.640079e+00
3.529000e-05	-2.113805e-02	7.758847e+00
3.530000e-05	-1.040306e-02	7.882135e+00
3.531000e-05	-1.880132e-02	8.009555e+00
3.532000e-05	-2.210136e-02	8.148395e+00
3.533000e-05	-1.144593e-02	8.232661e+00
3.534000e-05	-1.602694e-02	8.378921e+00
3.535000e-05	-2.275760e-02	8.421580e+00
3.536000e-05	-2.568163e-02	8.546348e+00
3.537000e-05	-1.613722e-02	8.619027e+00
3.538000e-05	-2.122725e-02	8.725684e+00
3.539000e-05	-2.269421e-02	8.790049e+00
3.540000e-05	-1.997859e-02	8.882634e+00
3.541000e-05	-1.902010e-02	8.978501e+00
3.542000e-05	-2.377159e-02	9.134866e+00
3.543000e-05	-2.492482e-02	9.189424e+00
3.544000e-05	-2.254096e-02	9.232735e+00
3.545000e-05	-2.443148e-02	9.315369e+00
3.546000e-05	-2.768765e-02	9.420528e+00
3.547000e-05	-2.548657e-02	9.473210e+00
3.548000e-05	-2.279257e-02	9.555767e+00
3.549000e-05	-2.623016e-02	9.589474e+00
3.550000e-05	-2.861972e-02	9.611028e+00
3.551000e-05	-2.844032e-02	9.724661e+00
3.552000e-05	-2.760914e-02	9.756420e+00
3.553000e-05	-2.835967e-02	9.840006e+00
3.554000e-05	-2.873476e-02	9.851140e+00
3.555000e-05	-3.003440e-02	9.944770e+00
3.556000e-05	-3.258802e-02	9.995394e+00
3.557000e-05	-3.046364e-02	9.969424e+00
3.558000e-05	-2.949784e-02	1.003008e+01
3.559000e-05	-3.119712e-02	1.003055e+01
3.560000e-05	-3.520952e-02	1.006113e+01
3.561000e-05	-3.400415e-02	1.007263e+01
3.562000e-05	-3.265007e-02	1.005318e+01
3.563000e-05	-3.498138e-02	1.010419e+01
3.564000e-05	-3.654950e-02	1.009221e+01
3.565000e-05	-3.470700e-02	1.008271e+01
3.566000e-05	-3.686404e-02	1.009474e+01
3.567000e-05	-3.933405e-02	1.007474e+01
3.568000e-05	-3.894247e-02	1.010416e+01
3.569000e-05	-3.801044e-02	1.009316e+01
3.570000e-05	-3.788674e-02	1.006326e+01
3.571000e-05	-4.219835e-02	1.007164e+01
3.572000e-05	-4.189684e-02	1.006103e+01
3.573000e-05	-4.314727e-02	1.004203e+01
3.574000e-05	-4.319097e-02	1.003008e+01
3.575000e-05	-4.543083e-02	9.989426e+00
3.576000e-05	-4.584558e-02	9.997376e+00
3.577000e-05	-4.591449e-02	9.914889e+00
3.578000e-05	-4.824257e-02	9.880163e+00
3.579000e-05	-4.981458e-02	9.785455e+00
3.580000e-05	-5.202364e-02	9.703291e+00
3.581000e-05	-5.308387e-02	9.642033e+00
3.582000e-05	-5.434504e-02	9.589475e+00
3.583000e-05	-5.615555e-02	9.566295e+00
3.584000e-05	-5.705054e-02	9.484264e+00
3.585000e-05	-5.795645e-02	9.431104e+00
3.586000e-05	-5.699228e-02	9.345875e+00
3.587000e-05	-5.809773e-02	9.313237e+00
3.588000e-05	-5.846109e-02	9.230104e+00
3.589000e-05	-5.761374e-02	9.178872e+00
3.590000e-05	-5.637941e-02	9.090115e+00
3.591000e-05	-5.597696e-02	8.934897e+00
3.592000e-05	-5.560056e-02	8.869133e+00
3.593000e-05	-5.184396e-02	8.775896e+00
3.594000e-05	-5.100674e-02	8.662183e+00
3.595000e-05	-4.984676e-02	8.607973e+00
3.596000e-05	-4.825351e-02	8.472762e+00
3.597000e-05	-4.529691e-02	8.440454e+00
3.598000e-05	-4.391473e-02	8.314389e+00
3.599000e-05	-4.332981e-02	8.198503e+00
3.600000e-05	-3.979987e-02	8.111634e+00
3.601000e-05	-4.017274e-02	7.985297e+00
3.602000e-05	-3.767152e-02	7.860584e+00
3.603000e-05	-3.714281e-02	7.714791e+00
3.604000e-05	-3.421525e-02	7.629029e+00
3.605000e-05	-3.536517e-02	7.491210e+00
3.606000e-05	-3.193650e-02	7.322709e+00
3.607000e-05	-3.078807e-02	7.176825e+00
3.608000e-05	-2.831657e-02	7.060084e+00
3.609000e-05	-2.878603e-02	6.932719e+00
3.610000e-05	-2.740526e-02	6.777022e+00
3.611000e-05	-2.675477e-02	6.631110e+00
3.612000e-05	-2.534154e-02	6.441606e+00
3.613000e-05	-2.460401e-02	6.304310e+00
3.614000e-05	-2.349340e-02	6.187425e+00
3.615000e-05	-2.209159e-02	6.060557e+00
3.616000e-05	-2.178450e-02	5.933788e+00
3.617000e-05	-2.049607e-02	5.723292e+00
3.618000e-05	-1.969398e-02	5.565870e+00
3.619000e-05	-2.027925e-02	5.418951e+00
3.620000e-05	-1.912266e-02	5.210033e+00
3.621000e-05	-1.836530e-02	5.030506e+00
3.622000e-05	-1.679624e-02	4.799550e+00
3.623000e-05	-1.749754e-02	4.672107e+00
3.624000e-05	-1.589035e-02	4.503742e+00
3.625000e-05	-1.483015e-02	4.366895e+00
3.626000e-05	-1.423290e-02	4.176872e+00
3.627000e-05	-1.373053e-02	4.017425e+00
3.628000e-05	-1.304387e-02	3.830576e+00
3.629000e-05	-1.200733e-02	3.681658e+00
3.630000e-05	-1.251678e-02	3.575846e+00
3.631000e-05	-1.109874e-02	3.345662e+00
3.632000e-05	-1.159352e-02	3.176792e+00
3.633000e-05	-9.961433e-03	2.965971e+00
3.634000e-05	-1.206642e-02	2.797977e+00
3.635000e-05	-9.831368e-03	2.618610e+00
3.636000e-05	-9.367489e-03	2.418051e+00
3.637000e-05	-7.539132e-03	2.260055e+00
3.638000e-05	-8.271637e-03	2.082084e+00
3.639000e-05	-8.956357e-03	1.882740e+00
3.640000e-05	-6.977191e-03	1.712658e+00
3.641000e-05	-8.164271e-03	1.494810e+00
3.642000e-05	-5.600794e-03	1.293313e+00
3.643000e-05	-6.238560e-03	1.071135e+00
3.644000e-05	-5.227019e-03	9.015851e-01
3.645000e-05	-5.982665e-03	6.722152e-01
3.646000e-05	-5.337988e-03	5.248154e-01
3.647000e-05	-3.932132e-03	3.458206e-01
3.648000e-05	-4.629086e-03	1.038179e-01
3.649000e-05	-1.156694e-03	-5.470670e-02
3.650000e-05	3.294216e-03	-2.320793e-01
3.651000e-05	1.049062e-03	-3.899689e-01
3.652000e-05	-6.861253e-07	-5.090514e-01
3.653000e-05	-5.891161e-04	-7.399452e-01
3.654000e-05	-3.514806e-04	-8.972622e-01
3.655000e-05	-1.793756e-04	-1.074687e+00
3.656000e-05	1.313983e-02	-1.231079e+00
3.657000e-05	5.255621e-02	-1.463108e+00
3.658000e-05	4.794942e-02	-1.675687e+00
3.659000e-05	-6.530858e-02	-1.948391e+00
3.660000e-05	-2.003067e-02	-2.192129e+00
3.661000e-05	-7.926579e-02	-2.378499e+00
3.662000e-05	2.861303e-02	-2.401051e+00
3.663000e-05	1.106559e-01	-2.496161e+00
3.664000e-05	-1.132169e-01	-2.747865e+00
3.665000e-05	5.039601e-02	-2.854193e+00
3.666000e-05	7.771012e-02	-3.033552e+00
3.667000e-05	-1.556780e-01	-3.255812e+00
3.668000e-05	8.867088e-02	-3.443106e+00
3.669000e-05	4.261583e-02	-3.561499e+00
3.670000e-05	-1.005520e-01	-3.810569e+00
3.671000e-05	1.270548e-01	-3.970449e+00
3.672000e-05	-3.693422e-02	-4.158443e+00
3.673000e-05	-2.457444e-02	-4.316366e+00
3.674000e-05	6.828269e-02	-4.474131e+00
3.675000e-05	-9.791732e-02	-4.654739e+00
3.676000e-05	9.434466e-02	-4.822079e+00
3.677000e-05	3.124771e-04	-5.020478e+00
3.678000e-05	-5.154446e-02	-5.189923e+00
3.679000e-05	9.655777e-02	-5.369398e+00
3.680000e-05	-4.489990e-02	-5.610498e+00
3.681000e-05	3.985097e-02	-5.707412e+00
3.682000e-05	-3.087186e-02	-5.882738e+00
3.683000e-05	3.154298e-03	-6.011554e+00
3.684000e-05	7.041217e-02	-6.106295e+00
3.685000e-05	-6.134452e-02	-6.338916e+00
3.686000e-05	6.878668e-02	-6.454685e+00
3.687000e-05	-5.605912e-03	-6.623583e+00
3.688000e-05	-8.259892e-03	-6.739473e+00
3.689000e-05	2.721085e-02	-6.855182e+00
3.690000e-05	-2.114011e-02	-7.073113e+00
3.691000e-05	7.887060e-02	-7.190526e+00
3.692000e-05	-2.985894e-02	-7.318317e+00
3.693000e-05	1.254881e-02	-7.432656e+00
3.694000e-05	2.000498e-02	-7.569371e+00
3.695000e-05	7.891423e-03	-7.735315e+00
3.696000e-05	2.637326e-02	-7.853261e+00
3.697000e-05	-1.287932e-02	-7.990550e+00
3.698000e-05	4.867528e-02	-8.084813e+00
3.699000e-05	1.737365e-03	-8.149499e+00
3.700000e-05	1.096676e-02	-8.305811e+00
3.701000e-05	1.720536e-02	-8.410027e+00
3.702000e-05	1.895073e-02	-8.484716e+00
3.703000e-05	2.070721e-02	-8.620202e+00
3.704000e-05	-1.663610e-03	-8.757345e+00
3.705000e-05	3.465169e-02	-8.851582e+00
3.706000e-05	1.722272e-02	-8.896365e+00
3.707000e-05	1.733094e-02	-8.990079e+00
3.708000e-05	1.269940e-02	-9.105112e+00
3.709000e-05	2.431516e-02	-9.137320e+00
3.710000e-05	2.408542e-02	-9.211479e+00
3.711000e-05	1.311762e-02	-9.272191e+00
3.712000e-05	2.496567e-02	-9.388872e+00
3.713000e-05	2.340767e-02	-9.434685e+00
3.714000e-05	2.146110e-02	-9.495795e+00
3.715000e-05	1.793828e-02	-9.589999e+00
3.716000e-05	2.691321e-02	-9.622108e+00
3.717000e-05	2.541017e-02	-9.663213e+00
3.718000e-05	2.300759e-02	-9.707369e+00
3.719000e-05	2.362479e-02	-9.757424e+00
3.720000e-05	2.529225e-02	-9.830054e+00
3.721000e-05	2.470979e-02	-9.842659e+00
3.722000e-05	2.402406e-02	-9.873136e+00
3.723000e-05	2.686577e-02	-9.883787e+00
3.724000e-05	2.658615e-02	-9.914767e+00
3.725000e-05	2.707841e-02	-9.956396e+00
3.726000e-05	2.901008e-02	-9.956348e+00
3.727000e-05	2.890997e-02	-9.968023e+00
3.728000e-05	2.743536e-02	-9.988425e+00
3.729000e-05	3.020154e-02	-9.979499e+00
3.730000e-05	3.236663e-02	-9.979553e+00
3.731000e-05	3.069891e-02	-1.002048e+01
3.732000e-05	2.912751e-02	-9.990528e+00
3.733000e-05	3.189882e-02	-9.992479e+00
3.734000e-05	3.268944e-02	-1.000052e+01
3.735000e-05	3.374730e-02	-1.003108e+01
3.736000e-05	3.509877e-02	-1.001950e+01
3.737000e-05	3.612194e-02	-9.968399e+00
3.738000e-05	3.570927e-02	-9.937971e+00
3.739000e-05	3.550296e-02	-9.935867e+00
3.740000e-05	3.895231e-02	-9.884817e+00
3.741000e-05	4.030196e-02	-9.882211e+00
3.742000e-05	4.048381e-02	-9.853136e+00
3.743000e-05	4.092423e-02	-9.840053e+00
3.744000e-05	4.377496e-02	-9.758898e+00
3.745000e-05	4.453402e-02	-9.716321e+00
3.746000e-05	4.577820e-02	-9.632736e+00
3.747000e-05	4.783243e-02	-9.629581e+00
3.748000e-05	4.914418e-02	-9.578524e+00
3.749000e-05	5.029866e-02	-9.566796e+00
3.750000e-05	5.158142e-02	-9.421231e+00
3.751000e-05	5.260496e-02	-9.346421e+00
3.752000e-05	5.080129e-02	-9.292212e+00
3.753000e-05	5.175571e-02	-9.219505e+00
3.754000e-05	5.236869e-02	-9.135871e+00
3.755000e-05	5.237189e-02	-9.050634e+00
3.756000e-05	5.044533e-02	-8.968430e+00
3.757000e-05	4.973122e-02	-8.914264e+00
3.758000e-05	4.726978e-02	-8.788479e+00
3.759000e-05	4.495397e-02	-8.765345e+00
3.760000e-05	4.328863e-02	-8.650157e+00
3.761000e-05	4.251294e-02	-8.525241e+00
3.762000e-05	4.272894e-02	-8.439504e+00
3.763000e-05	3.963815e-02	-8.323815e+00
3.764000e-05	3.684889e-02	-8.200506e+00
3.765000e-05	3.547406e-02	-8.085793e+00
3.766000e-05	3.351383e-02	-8.030134e+00
3.767000e-05	3.291531e-02	-7.896371e+00
3.768000e-05	3.125464e-02	-7.767474e+00
3.769000e-05	2.992093e-02	-7.609124e+00
3.770000e-05	2.856765e-02	-7.472690e+00
3.771000e-05	2.670869e-02	-7.374871e+00
3.772000e-05	2.476929e-02	-7.227984e+00
3.773000e-05	2.335439e-02	-7.074789e+00
3.774000e-05	2.198512e-02	-6.935397e+00
3.775000e-05	2.205812e-02	-6.808975e+00
3.776000e-05	2.151965e-02	-6.639657e+00
3.777000e-05	1.916832e-02	-6.533791e+00
3.778000e-05	1.797346e-02	-6.386951e+00
3.779000e-05	1.732689e-02	-6.241610e+00
3.780000e-05	1.608695e-02	-6.050058e+00
3.781000e-05	1.452616e-02	-5.894770e+00
3.782000e-05	1.488064e-02	-5.767524e+00
3.783000e-05	1.276611e-02	-5.629505e+00
3.784000e-05	1.210292e-02	-5.450209e+00
3.785000e-05	1.185683e-02	-5.261660e+00
3.786000e-05	1.104907e-02	-5.032709e+00
3.787000e-05	1.031013e-02	-4.906315e+00
3.788000e-05	8.544316e-03	-4.722768e+00
3.789000e-05	9.311301e-03	-4.555921e+00
3.790000e-05	8.310196e-03	-4.408978e+00
3.791000e-05	6.888856e-03	-4.272134e+00
3.792000e-05	5.819285e-03	-4.144792e+00
3.793000e-05	6.376104e-03	-3.927975e+00
3.794000e-05	4.544818e-03	-3.787992e+00
3.795000e-05	5.642159e-03	-3.588448e+00
3.796000e-05	4.446093e-03	-3.359551e+00
3.797000e-05	4.538783e-03	-3.272683e+00
3.798000e-05	2.748851e-03	-3.082284e+00
3.799000e-05	2.340850e-03	-2.832657e+00
3.800000e-05	3.112903e-03	-2.681812e+00
3.801000e-05	1.588001e-03	-2.525342e+00
3.802000e-05	1.773710e-03	-2.335870e+00
3.803000e-05	1.112353e-03	-2.135846e+00
3.804000e-05	1.588966e-03	-1.938370e+00
3.805000e-05	6.222404e-04	-1.778499e+00
3.806000e-05	-6.139350e-04	-1.608601e+00
3.807000e-05	-1.132523e-03	-1.418476e+00
3.808000e-05	-1.275099e-03	-1.158421e+00
3.809000e-05	-6.744048e-04	-9.674513e-01
3.810000e-05	-2.897721e-03	-8.190537e-01
3.811000e-05	-4.156431e-03	-6.096034e-01
3.812000e-05	-3.357100e-03	-3.904761e-01
3.813000e-05	-3.580943e-03	-2.310761e-01
3.814000e-05	-2.256926e-03	-8.263284e-02
3.815000e-05	8.541604e-04	1.356845e-01
3.816000e-05	1.830883e-03	3.158585e-01
3.817000e-05	-2.613178e-03	4.636580e-01
3.818000e-05	-2.325779e-04	6.216015e-01
3.819000e-05	-3.891461e-03	7.899726e-01
3.820000e-05	-3.061169e-03	9.689177e-01
3.821000e-05	-4.029562e-03	1.230953e+00
3.822000e-05	5.843203e-03	1.339891e+00
3.823000e-05	3.240063e-02	1.598973e+00
3.824000e-05	5.233959e-02	1.831553e+00
3.825000e-05	-3.233364e-02	2.001525e+00
3.826000e-05	-4.755785e-02	2.171445e+00
3.827000e-05	-4.786368e-02	2.327921e+00
3.828000e-05	-5.920478e-02	2.483712e+00
3.829000e-05	5.971532e-02	2.661082e+00
3.830000e-05	6.137176e-02	2.831105e+00
3.831000e-05	-1.219812e-01	2.989871e+00
3.832000e-05	9.927495e-02	3.106211e+00
3.833000e-05	-1.585330e-02	3.315815e+00
3.834000e-05	-9.178951e-02	3.515316e+00
3.835000e-05	7.798981e-02	3.633028e+00
3.836000e-05	-1.892570e-02	3.832078e+00
3.837000e-05	-5.717323e-02	4.000471e+00
3.838000e-05	7.007693e-02	4.179443e+00
3.839000e-05	-4.830860e-02	4.409000e+00
3.840000e-05	-8.509574e-03	4.557890e+00
3.841000e-05	-4.568678e-03	4.737894e+00
3.842000e-05	-3.735903e-02	4.885790e+00
3.843000e-05	1.748849e-02	5.128842e+00
3.844000e-05	-2.463442e-02	5.346842e+00
3.845000e-05	2.653015e-03	5.484711e+00
3.846000e-05	-2.079983e-03	5.643529e+00
3.847000e-05	-3.944906e-03	5.813052e+00
3.848000e-05	-2.498394e-02	5.999975e+00
3.849000e-05	-3.109605e-02	6.116886e+00
3.850000e-05	1.333127e-02	6.255685e+00
3.851000e-05	-1.421209e-02	6.420999e+00
3.852000e-05	-2.026107e-02	6.498467e+00
3.853000e-05	-2.356251e-03	6.737820e+00
3.854000e-05	-2.486593e-02	6.852186e+00
3.855000e-05	-1.159358e-02	7.028926e+00
3.856000e-05	-1.896061e-02	7.083862e+00
3.857000e-05	-1.158635e-02	7.221533e+00
3.858000e-05	-4.038738e-03	7.348290e+00
3.859000e-05	-2.531394e-02	7.545891e+00
3.860000e-05	-1.462269e-02	7.654681e+00
3.861000e-05	-2.091665e-02	7.831003e+00
3.862000e-05	-1.064867e-02	7.916415e+00
3.863000e-05	-2.443020e-02	8.093662e+00
3.864000e-05	-1.698509e-02	8.191502e+00
3.865000e-05	-9.217242e-03	8.304290e+00
3.866000e-05	-2.342778e-02	8.389979e+00
3.867000e-05	-2.196460e-02	8.442637e+00
3.868000e-05	-2.369745e-02	8.557419e+00
3.869000e-05	-1.331962e-02	8.672032e+00
3.870000e-05	-2.491752e-02	8.766841e+00
3.871000e-05	-2.260077e-02	8.831008e+00
3.872000e-05	-2.033537e-02	8.933762e+00
3.873000e-05	-2.211640e-02	9.042083e+00
3.874000e-05	-2.414294e-02	9.156322e+00
3.875000e-05	-2.435767e-02	9.250577e+00
3.876000e-05	-2.011049e-02	9.313167e+00
3.877000e-05	-2.793478e-02	9.378472e+00
3.878000e-05	-2.816009e-02	9.421080e+00
3.879000e-05	-2.487321e-02	9.506210e+00
3.880000e-05	-2.182095e-02	9.597874e+00
3.881000e-05	-2.813924e-02	9.578476e+00
3.882000e-05	-2.930699e-02	9.641687e+00
3.883000e-05	-2.666744e-02	9.756244e+00
3.884000e-05	-2.705419e-02	9.778473e+00
3.885000e-05	-2.825773e-02	9.869630e+00
3.886000e-05	-2.988497e-02	9.872711e+00
3.887000e-05	-3.018662e-02	9.915294e+00
3.888000e-05	-3.168484e-02	9.968421e+00
3.889000e-05	-3.038307e-02	9.999474e+00
3.890000e-05	-2.978295e-02	1.001000e+01
3.891000e-05	-3.262085e-02	1.003108e+01
3.892000e-05	-3.480656e-02	1.006261e+01
3.893000e-05	-3.364078e-02	1.005266e+01
3.894000e-05	-3.257764e-02	1.008266e+01
3.895000e-05	-3.509660e-02	1.010371e+01
3.896000e-05	-3.449254e-02	1.010376e+01
3.897000e-05	-3.642064e-02	1.009374e+01
3.898000e-05	-3.711822e-02	1.010281e+01
3.899000e-05	-3.930245e-02	1.007427e+01
3.900000e-05	-3.891340e-02	1.009567e+01
3.901000e-05	-3.791618e-02	1.010318e+01
3.902000e-05	-4.032753e-02	1.007321e+01
3.903000e-05	-4.136937e-02	1.005166e+01
3.904000e-05	-4.260796e-02	1.004218e+01
3.905000e-05	-4.324561e-02	1.003098e+01
3.906000e-05	-4.455627e-02	1.002948e+01
3.907000e-05	-4.487037e-02	9.997372e+00
3.908000e-05	-4.583008e-02	9.975843e+00
3.909000e-05	-4.769956e-02	9.870166e+00
3.910000e-05	-4.946200e-02	9.850603e+00
3.911000e-05	-5.053239e-02	9.745354e+00
3.912000e-05	-5.171126e-02	9.692216e+00
3.913000e-05	-5.395933e-02	9.619558e+00
3.914000e-05	-5.496367e-02	9.568367e+00
3.915000e-05	-5.639457e-02	9.515339e+00
3.916000e-05	-5.751984e-02	9.443129e+00
3.917000e-05	-5.826011e-02	9.398901e+00
3.918000e-05	-5.871451e-02	9.335318e+00
3.919000e-05	-5.972384e-02	9.252158e+00
3.920000e-05	-5.803099e-02	9.218977e+00
3.921000e-05	-5.776420e-02	9.134795e+00
3.922000e-05	-5.478653e-02	8.978054e+00
3.923000e-05	-5.511935e-02	8.903238e+00
3.924000e-05	-5.351147e-02	8.840005e+00
3.925000e-05	-5.429174e-02	8.734342e+00
3.926000e-05	-5.123478e-02	8.642109e+00
3.927000e-05	-4.957843e-02	8.557370e+00
3.928000e-05	-4.565578e-02	8.460637e+00
3.929000e-05	-4.584761e-02	8.379025e+00
3.930000e-05	-4.211967e-02	8.231738e+00
3.931000e-05	-4.203986e-02	8.166402e+00
3.932000e-05	-3.937061e-02	8.030607e+00
3.933000e-05	-3.892606e-02	7.896239e+00
3.934000e-05	-3.674385e-02	7.808550e+00
3.935000e-05	-3.603984e-02	7.672237e+00
3.936000e-05	-3.504658e-02	7.536848e+00
3.937000e-05	-3.314824e-02	7.397029e+00
3.938000e-05	-3.196868e-02	7.279633e+00
3.939000e-05	-3.000446e-02	7.102812e+00
3.940000e-05	-2.899742e-02	7.005397e+00
3.941000e-05	-2.771917e-02	6.861708e+00
3.942000e-05	-2.730386e-02	6.704867e+00
3.943000e-05	-2.537017e-02	6.494771e+00
3.944000e-05	-2.434889e-02	6.447452e+00
3.945000e-05	-2.303119e-02	6.240159e+00
3.946000e-05	-2.351034e-02	6.124293e+00
3.947000e-05	-2.266504e-02	5.977951e+00
3.948000e-05	-2.069982e-02	5.848979e+00
3.949000e-05	-2.028728e-02	5.629530e+00
3.950000e-05	-1.930654e-02	5.482715e+00
3.951000e-05	-1.956499e-02	5.367314e+00
3.952000e-05	-1.804065e-02	5.135850e+00
3.953000e-05	-1.787793e-02	4.924243e+00
3.954000e-05	-1.603854e-02	4.756845e+00
3.955000e-05	-1.626370e-02	4.587475e+00
3.956000e-05	-1.527365e-02	4.460505e+00
3.957000e-05	-1.483122e-02	4.301260e+00
3.958000e-05	-1.450058e-02	4.081557e+00
3.959000e-05	-1.204945e-02	3.903316e+00
3.960000e-05	-1.225606e-02	3.766371e+00
3.961000e-05	-1.246234e-02	3.590030e+00
3.962000e-05	-1.314370e-02	3.420006e+00
3.963000e-05	-1.095878e-02	3.239025e+00
3.964000e-05	-1.125263e-02	3.081185e+00
3.965000e-05	-1.063515e-02	2.884813e+00
3.966000e-05	-9.958057e-03	2.707841e+00
3.967000e-05	-9.289478e-03	2.531734e+00
3.968000e-05	-9.688897e-03	2.303766e+00
3.969000e-05	-8.278038e-03	2.146316e+00
3.970000e-05	-7.747556e-03	1.996925e+00
3.971000e-05	-6.742874e-03	1.768001e+00
3.972000e-05	-7.264707e-03	1.617498e+00
3.973000e-05	-7.281421e-03	1.409003e+00
3.974000e-05	-6.665119e-03	1.208479e+00
3.975000e-05	-6.259029e-03	1.007420e+00
3.976000e-05	-5.380643e-03	7.569219e-01
3.977000e-05	-5.230662e-03	5.769238e-01
3.978000e-05	-4.476884e-03	4.595773e-01
3.979000e-05	-4.339568e-03	2.215324e-01
3.980000e-05	-2.797527e-03	2.099983e-02
3.981000e-05	1.200145e-03	-1.282637e-01
3.982000e-05	1.353926e-03	-3.148435e-01
3.983000e-05	-1.518999e-03	-4.536555e-01
3.984000e-05	1.762396e-03	-6.647570e-01
3.985000e-05	-2.914395e-03	-8.416041e-01
3.986000e-05	1.147356e-04	-9.894940e-01
3.987000e-05	1.994406e-03	-1.127844e+00
3.988000e-05	2.969872e-02	-1.307386e+00
3.989000e-05	6.596484e-02	-1.549469e+00
3.990000e-05	-1.093326e-02	-1.769577e+00
3.991000e-05	-5.107135e-02	-2.063657e+00
3.992000e-05	-4.031578e-02	-2.286337e+00
3.993000e-05	-5.715817e-02	-2.420050e+00
3.994000e-05	1.097355e-01	-2.443003e+00
3.995000e-05	1.308964e-02	-2.581501e+00
3.996000e-05	-1.038790e-01	-2.811580e+00
3.997000e-05	1.480708e-01	-2.919293e+00
3.998000e-05	-6.596633e-02	-3.149389e+00
3.999000e-05	-8.015498e-02	-3.349999e+00
4.000000e-05	1.428885e-01	-3.504790e+00
4.001000e-05	-6.822975e-02	-3.656183e+00
4.002000e-05	-7.604635e-03	-3.906266e+00
4.003000e-05	1.035272e-01	-4.041632e+00
4.004000e-05	-1.143083e-01	-4.251660e+00
4.005000e-05	7.714751e-02	-4.398973e+00
4.006000e-05	-2.960218e-02	-4.530398e+00
4.007000e-05	-3.363822e-02	-4.738969e+00
4.008000e-05	1.088100e-01	-4.894636e+00
4.009000e-05	-8.286807e-02	-5.054710e+00
4.010000e-05	4.701328e-02	-5.233732e+00
4.011000e-05	3.733741e-02	-5.523260e+00
4.012000e-05	-2.847474e-02	-5.661656e+00
4.013000e-05	4.260078e-02	-5.770473e+00
4.014000e-05	-6.051486e-02	-5.947341e+00
4.015000e-05	7.364843e-02	-6.054104e+00
4.016000e-05	-3.330541e-03	-6.203632e+00
4.017000e-05	-1.791265e-02	-6.419602e+00
4.018000e-05	7.355205e-02	-6.526870e+00
4.019000e-05	-4.800244e-02	-6.667291e+00
4.020000e-05	3.777637e-02	-6.809979e+00
4.021000e-05	-1.650864e-02	-6.919321e+00
4.022000e-05	3.402787e-02	-7.117394e+00
4.023000e-05	4.685018e-02	-7.222632e+00
4.024000e-05	-4.119088e-02	-7.378499e+00
4.025000e-05	3.996478e-02	-7.474665e+00
4.026000e-05	-4.306238e-03	-7.641083e+00
4.027000e-05	3.307537e-02	-7.797424e+00
4.028000e-05	-5.954600e-04	-7.916945e+00
4.029000e-05	1.221476e-02	-8.032053e+00
4.030000e-05	3.875282e-02	-8.149420e+00
4.031000e-05	-8.327800e-03	-8.252659e+00
4.032000e-05	2.640088e-02	-8.307845e+00
4.033000e-05	7.912270e-03	-8.441157e+00
4.034000e-05	3.150770e-02	-8.517802e+00
4.035000e-05	4.306395e-04	-8.676763e+00
4.036000e-05	1.745557e-02	-8.789976e+00
4.037000e-05	2.913010e-02	-8.853211e+00
4.038000e-05	1.523163e-02	-8.958946e+00
4.039000e-05	1.679178e-02	-9.042058e+00
4.040000e-05	1.373954e-02	-9.114862e+00
4.041000e-05	2.980208e-02	-9.169396e+00
4.042000e-05	1.517984e-02	-9.222087e+00
4.043000e-05	2.052223e-02	-9.295291e+00
4.044000e-05	2.361615e-02	-9.390082e+00
4.045000e-05	2.314134e-02	-9.494864e+00
4.046000e-05	1.750877e-02	-9.579973e+00
4.047000e-05	2.198069e-02	-9.601531e+00
4.048000e-05	2.847661e-02	-9.652631e+00
4.049000e-05	2.227625e-02	-9.674744e+00
4.050000e-05	2.360166e-02	-9.746821e+00
4.051000e-05	2.266489e-02	-9.779957e+00
4.052000e-05	2.623573e-02	-9.821134e+00
4.053000e-05	2.349406e-02	-9.874209e+00
4.054000e-05	2.748187e-02	-9.873713e+00
4.055000e-05	2.741511e-02	-9.875813e+00
4.056000e-05	2.489778e-02	-9.916343e+00
4.057000e-05	2.661558e-02	-9.936394e+00
4.058000e-05	2.944953e-02	-9.969898e+00
4.059000e-05	2.936902e-02	-1.000842e+01
4.060000e-05	2.773465e-02	-9.989525e+00
4.061000e-05	3.086508e-02	-9.969478e+00
4.062000e-05	3.062281e-02	-1.002155e+01
4.063000e-05	3.058423e-02	-9.980579e+00
4.064000e-05	2.958789e-02	-9.980482e+00
4.065000e-05	3.317135e-02	-1.002058e+01
4.066000e-05	3.389940e-02	-1.002098e+01
4.067000e-05	3.314152e-02	-1.000005e+01
4.068000e-05	3.626588e-02	-9.979478e+00
4.069000e-05	3.615109e-02	-9.957949e+00
4.070000e-05	3.601939e-02	-9.955922e+00
4.071000e-05	3.618225e-02	-9.925293e+00
4.072000e-05	3.905597e-02	-9.894712e+00
4.073000e-05	4.023976e-02	-9.853188e+00
4.074000e-05	4.031963e-02	-9.829636e+00
4.075000e-05	4.368839e-02	-9.808553e+00
4.076000e-05	4.410430e-02	-9.797372e+00
4.077000e-05	4.534822e-02	-9.725320e+00
4.078000e-05	4.559474e-02	-9.661688e+00
4.079000e-05	4.909599e-02	-9.599478e+00
4.080000e-05	4.981878e-02	-9.588850e+00
4.081000e-05	5.035458e-02	-9.485769e+00
4.082000e-05	5.283054e-02	-9.410087e+00
4.083000e-05	5.195586e-02	-9.314818e+00
4.084000e-05	5.190334e-02	-9.240610e+00
4.085000e-05	5.082818e-02	-9.157500e+00
4.086000e-05	5.238931e-02	-9.083717e+00
4.087000e-05	5.206830e-02	-9.011031e+00
4.088000e-05	5.026632e-02	-8.927317e+00
4.089000e-05	4.851681e-02	-8.851183e+00
4.090000e-05	4.800135e-02	-8.777950e+00
4.091000e-05	4.423353e-02	-8.654845e+00
4.092000e-05	4.319161e-02	-8.538551e+00
4.093000e-05	4.239453e-02	-8.472706e+00
4.094000e-05	4.015890e-02	-8.397350e+00
4.095000e-05	3.842257e-02	-8.292787e+00
4.096000e-05	3.682271e-02	-8.209450e+00
4.097000e-05	3.566593e-02	-8.053212e+00
4.098000e-05	3.332162e-02	-7.999029e+00
4.099000e-05	3.181844e-02	-7.832185e+00
4.100000e-05	3.096163e-02	-7.672641e+00
4.101000e-05	2.935636e-02	-7.557025e+00
4.102000e-05	2.714479e-02	-7.400553e+00
4.103000e-05	2.580450e-02	-7.313841e+00
4.104000e-05	2.450150e-02	-7.198925e+00
4.105000e-05	2.302740e-02	-7.020660e+00
4.106000e-05	2.146325e-02	-6.853809e+00
4.107000e-05	2.092017e-02	-6.725820e+00
4.108000e-05	2.014022e-02	-6.608576e+00
4.109000e-05	1.920087e-02	-6.482709e+00
4.110000e-05	1.797030e-02	-6.345822e+00
4.111000e-05	1.635969e-02	-6.127901e+00
4.112000e-05	1.469565e-02	-5.998950e+00
4.113000e-05	1.480781e-02	-5.861660e+00
4.114000e-05	1.275328e-02	-5.713843e+00
4.115000e-05	1.197009e-02	-5.577948e+00
4.116000e-05	1.149078e-02	-5.397500e+00
4.117000e-05	1.093621e-02	-5.197371e+00
4.118000e-05	1.023855e-02	-4.969577e+00
4.119000e-05	9.427784e-03	-4.819554e+00
4.120000e-05	9.088761e-03	-4.641110e+00
4.121000e-05	7.622366e-03	-4.493212e+00
4.122000e-05	7.715875e-03	-4.316371e+00
4.123000e-05	6.413519e-03	-4.189474e+00
4.124000e-05	6.934006e-03	-4.042082e+00
4.125000e-05	5.308082e-03	-3.903262e+00
4.126000e-05	4.757114e-03	-3.663088e+00
4.127000e-05	3.774976e-03	-3.504864e+00
4.128000e-05	4.258270e-03	-3.344845e+00
4.129000e-05	4.334410e-03	-3.157451e+00
4.130000e-05	3.046511e-03	-2.988297e+00
4.131000e-05	2.682607e-03	-2.777947e+00
4.132000e-05	1.612686e-03	-2.609054e+00
4.133000e-05	2.177532e-04	-2.451583e+00
4.134000e-05	8.424336e-04	-2.275185e+00
4.135000e-05	7.794970e-04	-2.070530e+00
4.136000e-05	6.276908e-04	-1.873709e+00
4.137000e-05	-9.855145e-04	-1.703315e+00
4.138000e-05	-5.808240e-05	-1.527341e+00
4.139000e-05	-1.915130e-04	-1.262740e+00
4.140000e-05	-1.347731e-03	-1.072785e+00
4.141000e-05	-2.645890e-03	-9.032893e-01
4.142000e-05	-2.817848e-03	-7.347932e-01
4.143000e-05	-3.561445e-03	-4.732130e-01
4.144000e-05	-2.497696e-03	-2.963182e-01
4.145000e-05	-3.508551e-03	-1.568710e-01
4.146000e-05	-4.143759e-04	1.094894e-02
4.147000e-05	1.897720e-03	2.110328e-01
4.148000e-05	-6.960606e-04	4.110001e-01
4.149000e-05	-2.322669e-03	5.488425e-01
4.150000e-05	-7.210420e-04	7.058671e-01
4.151000e-05	-4.013670e-03	8.236566e-01
4.152000e-05	-2.419809e-03	1.071642e+00
4.153000e-05	-5.413469e-04	1.264634e+00
4.154000e-05	1.372316e-02	1.463100e+00
4.155000e-05	4.797749e-02	1.685712e+00
4.156000e-05	2.386765e-02	1.916290e+00
4.157000e-05	-5.846278e-02	2.064682e+00
4.158000e-05	-3.569202e-02	2.253631e+00
4.159000e-05	-6.205393e-02	2.420500e+00
4.160000e-05	-2.080912e-02	2.567818e+00
4.161000e-05	1.077008e-01	2.756890e+00
4.162000e-05	-5.331676e-02	2.843638e+00
4.163000e-05	-5.252003e-02	3.052078e+00
4.164000e-05	1.163057e-01	3.200971e+00
4.165000e-05	-1.113834e-01	3.433097e+00
4.166000e-05	-4.255229e-03	3.578920e+00
4.167000e-05	6.875482e-02	3.704766e+00
4.168000e-05	-8.263766e-02	3.945266e+00
4.169000e-05	2.317676e-02	4.064158e+00
4.170000e-05	2.511246e-02	4.295709e+00
4.171000e-05	-5.541345e-02	4.452608e+00
4.172000e-05	1.512905e-02	4.651603e+00
4.173000e-05	-3.008775e-02	4.820528e+00
4.174000e-05	-1.028514e-02	5.011533e+00
4.175000e-05	2.463270e-03	5.243603e+00
4.176000e-05	-2.140900e-02	5.420525e+00
4.177000e-05	9.166526e-03	5.579394e+00
4.178000e-05	-9.738297e-03	5.686267e+00
4.179000e-05	-8.835707e-03	5.913716e+00
4.180000e-05	-3.549169e-02	6.043607e+00
4.181000e-05	-1.115895e-02	6.219505e+00
4.182000e-05	1.309371e-02	6.336320e+00
4.183000e-05	-3.488537e-02	6.462058e+00
4.184000e-05	-1.995456e-03	6.631033e+00
4.185000e-05	-1.689461e-02	6.800978e+00
4.186000e-05	-1.707298e-02	6.916317e+00
4.187000e-05	-1.484011e-02	7.051632e+00
4.188000e-05	-2.140743e-02	7.187945e+00
4.189000e-05	-3.894130e-04	7.253662e+00
4.190000e-05	-1.758315e-02	7.380458e+00
4.191000e-05	-1.929858e-02	7.618578e+00
4.192000e-05	-1.993194e-02	7.724795e+00
4.193000e-05	-1.256537e-02	7.881609e+00
4.194000e-05	-1.659390e-02	7.988395e+00
4.195000e-05	-2.451616e-02	8.124345e+00
4.196000e-05	-1.390970e-02	8.231107e+00
4.197000e-05	-1.396459e-02	8.337420e+00
4.198000e-05	-2.357231e-02	8.432056e+00
4.199000e-05	-2.219205e-02	8.504218e+00
4.200000e-05	-1.836175e-02	8.630549e+00
4.201000e-05	-1.748088e-02	8.724211e+00
4.202000e-05	-2.535742e-02	8.778448e+00
4.203000e-05	-2.347684e-02	8.862155e+00
4.204000e-05	-2.005067e-02	8.987345e+00
4.205000e-05	-2.355636e-02	9.114359e+00
4.206000e-05	-2.225927e-02	9.207946e+00
4.207000e-05	-2.397611e-02	9.251183e+00
4.208000e-05	-2.284669e-02	9.334766e+00
4.209000e-05	-2.729512e-02	9.409477e+00
4.210000e-05	-2.545617e-02	9.522657e+00
4.211000e-05	-2.365460e-02	9.534715e+00
4.212000e-05	-2.649541e-02	9.579448e+00
4.213000e-05	-2.742949e-02	9.631027e+00
4.214000e-05	-2.779998e-02	9.713586e+00
4.215000e-05	-2.738874e-02	9.764825e+00
4.216000e-05	-2.954452e-02	9.799529e+00
4.217000e-05	-2.707516e-02	9.873211e+00
4.218000e-05	-3.031011e-02	9.914762e+00
4.219000e-05	-3.141453e-02	9.967922e+00
4.220000e-05	-3.154920e-02	9.947395e+00
4.221000e-05	-2.978009e-02	1.001003e+01
4.222000e-05	-3.022528e-02	1.003213e+01
4.223000e-05	-3.470284e-02	1.002253e+01
4.224000e-05	-3.436093e-02	1.007218e+01
4.225000e-05	-3.373868e-02	1.010219e+01
4.226000e-05	-3.430582e-02	1.004271e+01
4.227000e-05	-3.570385e-02	1.009374e+01
4.228000e-05	-3.523607e-02	1.006321e+01
4.229000e-05	-3.705912e-02	1.010429e+01
4.230000e-05	-3.801199e-02	1.011371e+01
4.231000e-05	-3.937283e-02	1.011421e+01
4.232000e-05	-3.859164e-02	1.008419e+01
4.233000e-05	-3.958431e-02	1.007271e+01
4.234000e-05	-4.002189e-02	1.006166e+01
4.235000e-05	-4.054082e-02	1.005158e+01
4.236000e-05	-4.317824e-02	1.002156e+01
4.237000e-05	-4.411232e-02	1.002953e+01
4.238000e-05	-4.355024e-02	1.000750e+01
4.239000e-05	-4.568045e-02	9.976970e+00
4.240000e-05	-4.715616e-02	9.913295e+00
4.241000e-05	-4.993339e-02	9.851237e+00
4.242000e-05	-4.856672e-02	9.817971e+00
4.243000e-05	-5.225919e-02	9.753945e+00
4.244000e-05	-5.235994e-02	9.693636e+00
4.245000e-05	-5.520783e-02	9.629500e+00
4.246000e-05	-5.593126e-02	9.547345e+00
4.247000e-05	-5.788573e-02	9.444212e+00
4.248000e-05	-5.774401e-02	9.459955e+00
4.249000e-05	-5.619968e-02	9.377826e+00
4.250000e-05	-5.763570e-02	9.322762e+00
4.251000e-05	-5.863579e-02	9.259532e+00
4.252000e-05	-5.766666e-02	9.167898e+00
4.253000e-05	-5.789711e-02	9.073215e+00
4.254000e-05	-5.576038e-02	8.953499e+00
4.255000e-05	-5.453210e-02	8.882084e+00
4.256000e-05	-5.296658e-02	8.797004e+00
4.257000e-05	-5.073704e-02	8.683714e+00
4.258000e-05	-5.166309e-02	8.618526e+00
4.259000e-05	-4.748360e-02	8.504738e+00
4.260000e-05	-4.720572e-02	8.439528e+00
4.261000e-05	-4.493456e-02	8.354820e+00
4.262000e-05	-4.325431e-02	8.259604e+00
4.263000e-05	-4.024259e-02	8.082639e+00
4.264000e-05	-3.895871e-02	7.957475e+00
4.265000e-05	-3.888871e-02	7.871189e+00
4.266000e-05	-3.712674e-02	7.765322e+00
4.267000e-05	-3.503328e-02	7.620007e+00
4.268000e-05	-3.490677e-02	7.482665e+00
4.269000e-05	-3.117847e-02	7.302689e+00
4.270000e-05	-3.119804e-02	7.198424e+00
4.271000e-05	-2.906329e-02	7.039637e+00
4.272000e-05	-2.913007e-02	6.913792e+00
4.273000e-05	-2.770497e-02	6.786978e+00
4.274000e-05	-2.620221e-02	6.640135e+00
4.275000e-05	-2.574160e-02	6.511113e+00
4.276000e-05	-2.418929e-02	6.324320e+00
4.277000e-05	-2.175679e-02	6.228473e+00
4.278000e-05	-2.368580e-02	6.069588e+00
4.279000e-05	-2.172022e-02	5.913344e+00
4.280000e-05	-2.274617e-02	5.765812e+00
4.281000e-05	-1.791168e-02	5.597923e+00
4.282000e-05	-1.907605e-02	5.419055e+00
4.283000e-05	-1.725993e-02	5.239034e+00
4.284000e-05	-1.712454e-02	5.050156e+00
4.285000e-05	-1.722393e-02	4.851604e+00
4.286000e-05	-1.684881e-02	4.671658e+00
4.287000e-05	-1.687400e-02	4.524288e+00
4.288000e-05	-1.435252e-02	4.387974e+00
4.289000e-05	-1.389607e-02	4.198174e+00
4.290000e-05	-1.421220e-02	4.029449e+00
4.291000e-05	-1.296861e-02	3.831535e+00
4.292000e-05	-1.265112e-02	3.691686e+00
4.293000e-05	-1.239630e-02	3.554366e+00
4.294000e-05	-1.301023e-02	3.314713e+00
4.295000e-05	-1.148809e-02	3.165820e+00
4.296000e-05	-1.096068e-02	2.987943e+00
4.297000e-05	-8.911727e-03	2.849501e+00
4.298000e-05	-1.003698e-02	2.631553e+00
4.299000e-05	-1.005846e-02	2.380949e+00
4.300000e-05	-1.070464e-02	2.210054e+00
4.301000e-05	-9.242504e-03	2.091135e+00
4.302000e-05	-7.061267e-03	1.893364e+00
4.303000e-05	-7.059036e-03	1.693191e+00
4.304000e-05	-6.166351e-03	1.514842e+00
4.305000e-05	-6.558764e-03	1.334814e+00
4.306000e-05	-6.344937e-03	1.122858e+00
4.307000e-05	-7.034340e-03	8.611850e-01
4.308000e-05	-5.665935e-03	6.936906e-01
4.309000e-05	-4.485264e-03	5.362156e-01
4.310000e-05	-4.808464e-03	3.484957e-01
4.311000e-05	-4.413565e-03	1.252940e-01
4.312000e-05	-1.427741e-03	-4.410795e-02
4.313000e-05	2.710012e-03	-1.826016e-01
4.314000e-05	-3.593312e-04	-3.694451e-01
4.315000e-05	-9.526156e-04	-5.467689e-01
4.316000e-05	-3.639672e-05	-7.594187e-01
4.317000e-05	-4.116347e-04	-8.847833e-01
4.318000e-05	1.056919e-03	-1.005106e+00
4.319000e-05	8.707236e-03	-1.222624e+00
4.320000e-05	4.871662e-02	-1.432582e+00
4.321000e-05	5.667675e-02	-1.663631e+00
4.322000e-05	-5.954073e-02	-1.907339e+00
4.323000e-05	-2.347542e-02	-2.159944e+00
4.324000e-05	-7.685752e-02	-2.378968e+00
4.325000e-05	8.084725e-03	-2.421528e+00
4.326000e-05	1.234748e-01	-2.465188e+00
4.327000e-05	-9.863869e-02	-2.685214e+00
4.328000e-05	9.590491e-03	-2.895692e+00
4.329000e-05	1.041995e-01	-3.000577e+00
4.330000e-05	-1.595190e-01	-3.264783e+00
4.331000e-05	5.460257e-02	-3.432602e+00
4.332000e-05	7.176792e-02	-3.569444e+00
4.333000e-05	-1.094146e-01	-3.740420e+00
4.334000e-05	1.128020e-01	-3.960440e+00
4.335000e-05	-6.507533e-03	-4.096820e+00
4.336000e-05	-5.422022e-02	-4.316842e+00
4.337000e-05	8.695139e-02	-4.422608e+00
4.338000e-05	-9.662235e-02	-4.612657e+00
4.339000e-05	7.572891e-02	-4.820531e+00
4.340000e-05	2.731020e-02	-4.929343e+00
4.341000e-05	-7.108692e-02	-5.199470e+00
4.342000e-05	9.772853e-02	-5.299325e+00
4.343000e-05	-3.425106e-02	-5.557944e+00
4.344000e-05	3.038812e-02	-5.676788e+00
4.345000e-05	-1.529663e-02	-5.833153e+00
4.346000e-05	-1.649892e-02	-6.001004e+00
4.347000e-05	8.346601e-02	-6.086869e+00
4.348000e-05	-5.894872e-02	-6.317339e+00
4.349000e-05	5.664594e-02	-6.482211e+00
4.350000e-05	1.134990e-02	-6.631055e+00
4.351000e-05	-2.085968e-02	-6.777971e+00
4.352000e-05	3.374384e-02	-6.853634e+00
4.353000e-05	-2.822763e-02	-7.043708e+00
4.354000e-05	7.715671e-02	-7.209552e+00
4.355000e-05	-1.622841e-02	-7.286214e+00
4.356000e-05	1.246404e-04	-7.433054e+00
4.357000e-05	2.735861e-02	-7.537369e+00
4.358000e-05	2.825265e-03	-7.694765e+00
4.359000e-05	3.233563e-02	-7.811159e+00
4.360000e-05	-1.577566e-02	-7.988923e+00
4.361000e-05	4.363428e-02	-8.065262e+00
4.362000e-05	8.936048e-03	-8.220526e+00
4.363000e-05	7.137681e-03	-8.305239e+00
4.364000e-05	2.103340e-02	-8.388501e+00
4.365000e-05	1.498498e-02	-8.485739e+00
4.366000e-05	2.401148e-02	-8.579448e+00
4.367000e-05	-3.454097e-03	-8.716343e+00
4.368000e-05	3.259319e-02	-8.831027e+00
4.369000e-05	1.879820e-02	-8.895268e+00
4.370000e-05	1.665536e-02	-9.030550e+00
4.371000e-05	1.444442e-02	-9.082734e+00
4.372000e-05	2.115332e-02	-9.157344e+00
4.373000e-05	2.589100e-02	-9.180073e+00
4.374000e-05	1.193200e-02	-9.253817e+00
4.375000e-05	2.483705e-02	-9.357874e+00
4.376000e-05	2.303561e-02	-9.432661e+00
4.377000e-05	2.145210e-02	-9.575844e+00
4.378000e-05	1.794299e-02	-9.580503e+00
4.379000e-05	2.741011e-02	-9.632079e+00
4.380000e-05	2.504920e-02	-9.683237e+00
4.381000e-05	2.157904e-02	-9.696267e+00
4.382000e-05	2.352046e-02	-9.777998e+00
4.383000e-05	2.490401e-02	-9.780577e+00
4.384000e-05	2.544528e-02	-9.872634e+00
4.385000e-05	2.280218e-02	-9.872136e+00
4.386000e-05	2.797108e-02	-9.904737e+00
4.387000e-05	2.627255e-02	-9.965296e+00
4.388000e-05	2.412813e-02	-9.936844e+00
4.389000e-05	2.777984e-02	-9.937446e+00
4.390000e-05	3.047799e-02	-9.978948e+00
4.391000e-05	2.758002e-02	-9.978001e+00
4.392000e-05	2.843494e-02	-1.001998e+01
4.393000e-05	3.117312e-02	-9.999473e+00
4.394000e-05	3.165018e-02	-1.003003e+01
4.395000e-05	2.940541e-02	-1.003903e+01
4.396000e-05	3.074102e-02	-1.001053e+01
4.397000e-05	3.315911e-02	-1.004148e+01
4.398000e-05	3.315000e-02	-1.002000e+01
4.399000e-05	3.435904e-02	-9.959551e+00
4.400000e-05	3.651429e-02	-1.000897e+01
4.401000e-05	3.684279e-02	-9.957448e+00
4.402000e-05	3.598502e-02	-9.947846e+00
4.403000e-05	3.790816e-02	-9.924390e+00
4.404000e-05	3.988253e-02	-9.883286e+00
4.405000e-05	4.049092e-02	-9.842734e+00
4.406000e-05	4.078419e-02	-9.818603e+00
4.407000e-05	4.458788e-02	-9.778949e+00
4.408000e-05	4.464711e-02	-9.746392e+00
4.409000e-05	4.607215e-02	-9.673261e+00
4.410000e-05	4.742976e-02	-9.631583e+00
4.411000e-05	5.056121e-02	-9.609999e+00
4.412000e-05	5.086182e-02	-9.519395e+00
4.413000e-05	5.147640e-02	-9.443785e+00
4.414000e-05	5.169173e-02	-9.346955e+00
4.415000e-05	5.117088e-02	-9.291690e+00
4.416000e-05	5.199916e-02	-9.199501e+00
4.417000e-05	5.199366e-02	-9.115845e+00
4.418000e-05	5.227075e-02	-9.042734e+00
4.419000e-05	5.152067e-02	-8.988925e+00
4.420000e-05	4.997019e-02	-8.882740e+00
4.421000e-05	4.893187e-02	-8.839530e+00
4.422000e-05	4.564383e-02	-8.746450e+00
4.423000e-05	4.327934e-02	-8.673708e+00
4.424000e-05	4.314786e-02	-8.514891e+00
4.425000e-05	4.258005e-02	-8.410476e+00
4.426000e-05	4.002215e-02	-8.346316e+00
4.427000e-05	3.687071e-02	-8.211557e+00
4.428000e-05	3.519975e-02	-8.125821e+00
4.429000e-05	3.324031e-02	-8.061130e+00
4.430000e-05	3.259704e-02	-7.904295e+00
4.431000e-05	3.226369e-02	-7.768995e+00
4.432000e-05	3.167795e-02	-7.630150e+00
4.433000e-05	2.721023e-02	-7.482762e+00
4.434000e-05	2.550383e-02	-7.398000e+00
4.435000e-05	2.474487e-02	-7.270582e+00
4.436000e-05	2.471520e-02	-7.136847e+00
4.437000e-05	2.247475e-02	-6.975902e+00
4.438000e-05	2.075932e-02	-6.798526e+00
4.439000e-05	1.991214e-02	-6.683709e+00
4.440000e-05	1.949173e-02	-6.526345e+00
4.441000e-05	1.838574e-02	-6.420978e+00
4.442000e-05	1.727292e-02	-6.232214e+00
4.443000e-05	1.625449e-02	-6.101759e+00
4.444000e-05	1.448661e-02	-5.956795e+00
4.445000e-05	1.376398e-02	-5.808954e+00
4.446000e-05	1.177580e-02	-5.662683e+00
4.447000e-05	1.227427e-02	-5.484789e+00
4.448000e-05	1.023318e-02	-5.243359e+00
4.449000e-05	1.053227e-02	-5.094785e+00
4.450000e-05	9.489328e-03	-4.935893e+00
4.451000e-05	1.035064e-02	-4.734938e+00
4.452000e-05	8.925363e-03	-4.576426e+00
4.453000e-05	7.727529e-03	-4.419529e+00
4.454000e-05	7.240984e-03	-4.272183e+00
4.455000e-05	4.418315e-03	-4.095817e+00
4.456000e-05	5.764692e-03	-3.998475e+00
4.457000e-05	4.874754e-03	-3.788055e+00
4.458000e-05	5.812199e-03	-3.589524e+00
4.459000e-05	3.986289e-03	-3.449631e+00
4.460000e-05	4.618654e-03	-3.271179e+00
4.461000e-05	2.860982e-03	-3.114214e+00
4.462000e-05	2.210130e-03	-2.823714e+00
4.463000e-05	1.991172e-03	-2.714839e+00
4.464000e-05	2.216394e-03	-2.525817e+00
4.465000e-05	1.103182e-03	-2.368000e+00
4.466000e-05	1.077288e-03	-2.146345e+00
4.467000e-05	8.957002e-04	-1.947924e+00
4.468000e-05	1.442252e-04	-1.770527e+00
4.469000e-05	-3.160597e-04	-1.659582e+00
4.470000e-05	-1.282899e-03	-1.469107e+00
4.471000e-05	-7.252006e-04	-1.168025e+00
4.472000e-05	-9.825936e-04	-9.795011e-01
4.473000e-05	-1.600132e-03	-8.410526e-01
4.474000e-05	-3.488989e-03	-6.430537e-01
4.475000e-05	-3.097126e-03	-3.795011e-01
4.476000e-05	-3.064860e-03	-2.411314e-01
4.477000e-05	-3.103494e-03	-9.523797e-02
4.478000e-05	3.755866e-04	5.664052e-02
4.479000e-05	2.670091e-03	2.953146e-01
4.480000e-05	-1.335662e-03	4.841581e-01
4.481000e-05	-7.214336e-04	6.116291e-01
4.482000e-05	-4.292978e-03	7.984712e-01
4.483000e-05	-3.171923e-03	9.278396e-01
4.484000e-05	-3.879902e-03	1.209524e+00
4.485000e-05	3.876794e-03	1.339290e+00
4.486000e-05	2.721139e-02	1.517788e+00
4.487000e-05	5.535995e-02	1.809971e+00
4.488000e-05	-2.088018e-02	1.959496e+00
4.489000e-05	-5.237758e-02	2.158945e+00
4.490000e-05	-4.405392e-02	2.326866e+00
4.491000e-05	-6.539217e-02	2.441582e+00
4.492000e-05	4.342355e-02	2.681503e+00
4.493000e-05	8.238102e-02	2.820928e+00
4.494000e-05	-1.229663e-01	2.968867e+00
4.495000e-05	7.385830e-02	3.083659e+00
4.496000e-05	1.642313e-02	3.274711e+00
4.497000e-05	-1.086212e-01	3.496790e+00
4.498000e-05	6.884939e-02	3.622056e+00
4.499000e-05	7.716022e-04	3.790475e+00
4.500000e-05	-7.141649e-02	4.009446e+00
4.501000e-05	6.940846e-02	4.129020e+00
4.502000e-05	-3.931029e-02	4.420446e+00
4.503000e-05	-1.980573e-02	4.545740e+00
4.504000e-05	2.830025e-03	4.717361e+00
4.505000e-05	-3.786368e-02	4.884661e+00
4.506000e-05	1.551278e-02	5.116761e+00
4.507000e-05	-2.042256e-02	5.335863e+00
4.508000e-05	-4.602597e-03	5.492637e+00
4.509000e-05	8.691046e-04	5.621027e+00
4.510000e-05	-5.883448e-03	5.798054e+00
4.511000e-05	-2.259195e-02	5.989498e+00
4.512000e-05	-3.480273e-02	6.095362e+00
4.513000e-05	1.092606e-02	6.242607e+00
4.514000e-05	-7.096754e-03	6.379952e+00
4.515000e-05	-2.636836e-02	6.517171e+00
4.516000e-05	-9.169462e-04	6.744816e+00
4.517000e-05	-2.566737e-02	6.842107e+00
4.518000e-05	-1.388913e-02	7.008473e+00
4.519000e-05	-1.788341e-02	7.053240e+00
4.520000e-05	-1.244491e-02	7.210550e+00
4.521000e-05	-7.263055e-04	7.326616e+00
4.522000e-05	-2.740542e-02	7.525288e+00
4.523000e-05	-1.543632e-02	7.652660e+00
4.524000e-05	-2.152937e-02	7.820396e+00
4.525000e-05	-8.505045e-03	7.925796e+00
4.526000e-05	-2.325991e-02	8.001657e+00
4.527000e-05	-1.933173e-02	8.207899e+00
4.528000e-05	-1.053886e-02	8.293762e+00
4.529000e-05	-2.196709e-02	8.389047e+00
4.530000e-05	-2.169536e-02	8.452609e+00
4.531000e-05	-2.284538e-02	8.567373e+00
4.532000e-05	-1.371256e-02	8.642082e+00
4.533000e-05	-2.449029e-02	8.735340e+00
4.534000e-05	-2.387728e-02	8.781553e+00
4.535000e-05	-2.048165e-02	8.905215e+00
4.536000e-05	-2.146917e-02	9.050656e+00
4.537000e-05	-2.381487e-02	9.125897e+00
4.538000e-05	-2.360733e-02	9.210024e+00
4.539000e-05	-1.985304e-02	9.283684e+00
4.540000e-05	-2.591493e-02	9.376298e+00
4.541000e-05	-2.707136e-02	9.421058e+00
4.542000e-05	-2.443323e-02	9.463237e+00
4.543000e-05	-2.321227e-02	9.556792e+00
4.544000e-05	-2.760107e-02	9.619924e+00
4.545000e-05	-2.852786e-02	9.670629e+00
4.546000e-05	-2.578892e-02	9.702285e+00
4.547000e-05	-2.695511e-02	9.799904e+00
4.548000e-05	-2.770630e-02	9.860650e+00
4.549000e-05	-2.981067e-02	9.864161e+00
4.550000e-05	-3.034309e-02	9.975791e+00
4.551000e-05	-3.179788e-02	9.946849e+00
4.552000e-05	-2.961065e-02	9.988473e+00
4.553000e-05	-3.046078e-02	1.003103e+01
4.554000e-05	-3.155583e-02	1.003153e+01
4.555000e-05	-3.567669e-02	1.006166e+01
4.556000e-05	-3.409887e-02	1.005263e+01
4.557000e-05	-3.284294e-02	1.006264e+01
4.558000e-05	-3.534702e-02	1.007321e+01
4.559000e-05	-3.508917e-02	1.008421e+01
4.560000e-05	-3.652235e-02	1.009427e+01
4.561000e-05	-3.675821e-02	1.007422e+01
4.562000e-05	-3.826067e-02	1.009326e+01
4.563000e-05	-3.894398e-02	1.005324e+01
4.564000e-05	-3.914120e-02	1.012326e+01
4.565000e-05	-4.045036e-02	1.006271e+01
4.566000e-05	-4.028022e-02	1.008213e+01
4.567000e-05	-4.149687e-02	1.006261e+01
4.568000e-05	-4.394241e-02	1.004051e+01
4.569000e-05	-4.489954e-02	1.002840e+01
4.570000e-05	-4.486162e-02	1.000734e+01
4.571000e-05	-4.538605e-02	9.936267e+00
4.572000e-05	-4.802627e-02	9.903740e+00
4.573000e-05	-4.904213e-02	9.809657e+00
4.574000e-05	-5.067088e-02	9.734954e+00
4.575000e-05	-5.190419e-02	9.712791e+00
4.576000e-05	-5.509875e-02	9.660580e+00
4.577000e-05	-5.382539e-02	9.548400e+00
4.578000e-05	-5.584105e-02	9.524796e+00
4.579000e-05	-5.666716e-02	9.470087e+00
4.580000e-05	-5.887395e-02	9.409502e+00
4.581000e-05	-5.958694e-02	9.346369e+00
4.582000e-05	-5.762810e-02	9.272659e+00
4.583000e-05	-5.935025e-02	9.229502e+00
4.584000e-05	-5.697441e-02	9.134871e+00
4.585000e-05	-5.652283e-02	8.999558e+00
4.586000e-05	-5.588128e-02	8.903639e+00
4.587000e-05	-5.397912e-02	8.839552e+00
4.588000e-05	-5.312394e-02	8.755349e+00
4.589000e-05	-4.964986e-02	8.652059e+00
4.590000e-05	-4.987324e-02	8.535926e+00
4.591000e-05	-4.682163e-02	8.452685e+00
4.592000e-05	-4.665418e-02	8.398903e+00
4.593000e-05	-4.310866e-02	8.234214e+00
4.594000e-05	-4.241424e-02	8.175821e+00
4.595000e-05	-3.946210e-02	8.042088e+00
4.596000e-05	-3.916320e-02	7.913266e+00
4.597000e-05	-3.764862e-02	7.789004e+00
4.598000e-05	-3.636322e-02	7.724286e+00
4.599000e-05	-3.269160e-02	7.595424e+00
4.600000e-05	-3.273890e-02	7.414531e+00
4.601000e-05	-3.146868e-02	7.241137e+00
4.602000e-05	-3.048028e-02	7.102845e+00
4.603000e-05	-2.897040e-02	7.028447e+00
4.604000e-05	-2.837445e-02	6.902132e+00
4.605000e-05	-2.684939e-02	6.755392e+00
4.606000e-05	-2.507281e-02	6.544970e+00
4.607000e-05	-2.423419e-02	6.378499e+00
4.608000e-05	-2.309988e-02	6.272659e+00
4.609000e-05	-2.306284e-02	6.135268e+00
4.610000e-05	-2.241682e-02	6.007504e+00
4.611000e-05	-2.177795e-02	5.801158e+00
4.612000e-05	-2.033857e-02	5.670630e+00
4.613000e-05	-1.889570e-02	5.483791e+00
4.614000e-05	-1.765030e-02	5.354817e+00
4.615000e-05	-1.757179e-02	5.186375e+00
4.616000e-05	-1.890649e-02	4.944771e+00
4.617000e-05	-1.736891e-02	4.766447e+00
4.618000e-05	-1.647240e-02	4.599005e+00
4.619000e-05	-1.427088e-02	4.452087e+00
4.620000e-05	-1.333308e-02	4.333239e+00
4.621000e-05	-1.402731e-02	4.102190e+00
4.622000e-05	-1.245916e-02	3.936841e+00
4.623000e-05	-1.462685e-02	3.767921e+00
4.624000e-05	-1.212858e-02	3.650003e+00
4.625000e-05	-1.239654e-02	3.471610e+00
4.626000e-05	-1.050446e-02	3.250575e+00
4.627000e-05	-1.094693e-02	3.092662e+00
4.628000e-05	-1.120189e-02	2.913262e+00
4.629000e-05	-1.014258e-02	2.745946e+00
4.630000e-05	-1.002464e-02	2.544242e+00
4.631000e-05	-9.054007e-03	2.326817e+00
4.632000e-05	-9.631906e-03	2.187371e+00
4.633000e-05	-8.621784e-03	2.020028e+00
4.634000e-05	-7.974898e-03	1.819505e+00
4.635000e-05	-6.934398e-03	1.609999e+00
4.636000e-05	-7.336911e-03	1.441581e+00
4.637000e-05	-6.681066e-03	1.230578e+00
4.638000e-05	-6.860310e-03	9.995298e-01
4.639000e-05	-5.887238e-03	8.094984e-01
4.640000e-05	-5.964164e-03	6.105273e-01
4.641000e-05	-4.557581e-03	4.815851e-01
4.642000e-05	-4.851744e-03	2.711638e-01
4.643000e-05	-4.481564e-03	6.107870e-02
4.644000e-05	1.706529e-04	-8.688609e-02
4.645000e-05	1.577811e-03	-2.751584e-01
4.646000e-05	-9.763380e-04	-4.530306e-01
4.647000e-05	6.535312e-04	-6.826552e-01
4.648000e-05	-2.053216e-03	-8.320778e-01
4.649000e-05	-2.339205e-04	-9.604439e-01
4.650000e-05	8.222832e-04	-1.117316e+00
4.651000e-05	2.242477e-02	-1.325787e+00
4.652000e-05	6.402314e-02	-1.529365e+00
4.653000e-05	5.247411e-03	-1.750397e+00
4.654000e-05	-5.712452e-02	-2.044575e+00
4.655000e-05	-3.180943e-02	-2.265236e+00
4.656000e-05	-7.150637e-02	-2.399979e+00
4.657000e-05	9.327971e-02	-2.442553e+00
4.658000e-05	4.141648e-02	-2.568899e+00
4.659000e-05	-1.159748e-01	-2.792101e+00
4.660000e-05	1.422518e-01	-2.908388e+00
4.661000e-05	-2.677046e-02	-3.136784e+00
4.662000e-05	-1.078249e-01	-3.379894e+00
4.663000e-05	1.383590e-01	-3.474683e+00
4.664000e-05	-4.473426e-02	-3.622557e+00
4.665000e-05	-3.596366e-02	-3.885684e+00
4.666000e-05	1.212147e-01	-4.051004e+00
4.667000e-05	-1.075095e-01	-4.232132e+00
4.668000e-05	5.751591e-02	-4.369948e+00
4.669000e-05	-1.598101e-03	-4.496743e+00
4.670000e-05	-5.914165e-02	-4.707421e+00
4.671000e-05	1.176084e-01	-4.866584e+00
4.672000e-05	-6.850920e-02	-5.082681e+00
4.673000e-05	2.183782e-02	-5.232030e+00
4.674000e-05	5.578937e-02	-5.414227e+00
4.675000e-05	-3.817983e-02	-5.641127e+00
4.676000e-05	5.029377e-02	-5.748970e+00
4.677000e-05	-5.849873e-02	-5.927341e+00
4.678000e-05	5.923794e-02	-6.052105e+00
4.679000e-05	1.804431e-02	-6.170499e+00
4.680000e-05	-3.430536e-02	-6.409104e+00
4.681000e-05	8.157059e-02	-6.507863e+00
4.682000e-05	-4.315990e-02	-6.653687e+00
4.683000e-05	2.844237e-02	-6.810499e+00
4.684000e-05	-8.109086e-03	-6.925765e+00
4.685000e-05	1.826210e-02	-7.127345e+00
4.686000e-05	5.867397e-02	-7.222157e+00
4.687000e-05	-4.377529e-02	-7.387945e+00
4.688000e-05	3.688743e-02	-7.524208e+00
4.689000e-05	1.175277e-03	-7.630099e+00
4.690000e-05	2.932753e-02	-7.727896e+00
4.691000e-05	4.069184e-03	-7.904265e+00
4.692000e-05	3.441988e-03	-8.021080e+00
4.693000e-05	4.460255e-02	-8.124340e+00
4.694000e-05	-9.505357e-03	-8.252582e+00
4.695000e-05	2.528889e-02	-8.327343e+00
4.696000e-05	8.990904e-03	-8.401606e+00
4.697000e-05	2.960528e-02	-8.516401e+00
4.698000e-05	4.415706e-03	-8.645214e+00
4.699000e-05	1.094200e-02	-8.798948e+00
4.700000e-05	3.279669e-02	-8.874161e+00
4.701000e-05	1.389329e-02	-8.937466e+00
4.702000e-05	1.675697e-02	-9.023079e+00
4.703000e-05	1.251515e-02	-9.125313e+00
4.704000e-05	3.016917e-02	-9.158446e+00
4.705000e-05	1.646233e-02	-9.212628e+00
4.706000e-05	1.645130e-02	-9.276667e+00
4.707000e-05	2.335209e-02	-9.368127e+00
4.708000e-05	2.309077e-02	-9.486288e+00
4.709000e-05	1.806193e-02	-9.527847e+00
4.710000e-05	2.062210e-02	-9.589501e+00
4.711000e-05	2.812596e-02	-9.621032e+00
4.712000e-05	2.253290e-02	-9.716164e+00
4.713000e-05	2.276472e-02	-9.716916e+00
4.714000e-05	2.339592e-02	-9.779449e+00
4.715000e-05	2.658675e-02	-9.851105e+00
4.716000e-05	2.344993e-02	-9.832133e+00
4.717000e-05	2.604915e-02	-9.865262e+00
4.718000e-05	2.715127e-02	-9.915767e+00
4.719000e-05	2.524384e-02	-9.915296e+00
4.720000e-05	2.647960e-02	-9.945870e+00
4.721000e-05	2.855309e-02	-9.968473e+00
4.722000e-05	2.931536e-02	-9.978975e+00
4.723000e-05	2.709267e-02	-1.000002e+01
4.724000e-05	3.144769e-02	-9.999528e+00
4.725000e-05	3.070305e-02	-1.001108e+01
4.726000e-05	3.088993e-02	-1.003955e+01
4.727000e-05	2.938645e-02	-1.001056e+01
4.728000e-05	3.262970e-02	-1.003163e+01
4.729000e-05	3.296319e-02	-9.990029e+00
4.730000e-05	3.580448e-02	-1.001055e+01
4.731000e-05	3.537494e-02	-9.989553e+00
4.732000e-05	3.600083e-02	-9.958972e+00
4.733000e-05	3.607947e-02	-9.987945e+00
4.734000e-05	3.548072e-02	-9.925391e+00
4.735000e-05	4.073863e-02	-9.913813e+00
4.736000e-05	4.115048e-02	-9.863688e+00
4.737000e-05	4.105992e-02	-9.852104e+00
4.738000e-05	4.213193e-02	-9.818478e+00
4.739000e-05	4.299801e-02	-9.747895e+00
4.740000e-05	4.589300e-02	-9.725269e+00
4.741000e-05	4.688333e-02	-9.693161e+00
4.742000e-05	5.001168e-02	-9.630606e+00
4.743000e-05	4.840465e-02	-9.597350e+00
4.744000e-05	5.061147e-02	-9.515792e+00
4.745000e-05	5.199148e-02	-9.441108e+00
4.746000e-05	5.314947e-02	-9.316845e+00
4.747000e-05	5.175813e-02	-9.271258e+00
4.748000e-05	5.133303e-02	-9.199450e+00
4.749000e-05	5.210292e-02	-9.094339e+00
4.750000e-05	5.204391e-02	-9.039583e+00
4.751000e-05	5.211883e-02	-8.988394e+00
4.752000e-05	4.786624e-02	-8.881183e+00
4.753000e-05	4.655266e-02	-8.800501e+00
4.754000e-05	4.332002e-02	-8.685268e+00
4.755000e-05	4.446235e-02	-8.587173e+00
4.756000e-05	4.371107e-02	-8.502261e+00
4.757000e-05	4.141078e-02	-8.388450e+00
4.758000e-05	3.803575e-02	-8.293663e+00
4.759000e-05	3.724794e-02	-8.188052e+00
4.760000e-05	3.505557e-02	-8.063311e+00
4.761000e-05	3.290606e-02	-7.988501e+00
4.762000e-05	3.195916e-02	-7.852611e+00
4.763000e-05	3.162052e-02	-7.763815e+00
4.764000e-05	2.933551e-02	-7.575975e+00
4.765000e-05	2.615604e-02	-7.461632e+00
4.766000e-05	2.577537e-02	-7.322816e+00
4.767000e-05	2.431683e-02	-7.218878e+00
4.768000e-05	2.317298e-02	-7.021213e+00
4.769000e-05	2.128025e-02	-6.882162e+00
4.770000e-05	2.144303e-02	-6.727418e+00
4.771000e-05	2.026975e-02	-6.639681e+00
4.772000e-05	1.861025e-02	-6.472263e+00
4.773000e-05	1.700195e-02	-6.347375e+00
4.774000e-05	1.630611e-02	-6.148530e+00
4.775000e-05	1.509705e-02	-5.978055e+00
4.776000e-05	1.455089e-02	-5.871758e+00
4.777000e-05	1.344183e-02	-5.703891e+00
4.778000e-05	1.164576e-02	-5.588505e+00
4.779000e-05	1.123682e-02	-5.439081e+00
4.780000e-05	9.871639e-03	-5.168025e+00
4.781000e-05	1.105403e-02	-5.030106e+00
4.782000e-05	9.371122e-03	-4.849660e+00
4.783000e-05	9.152616e-03	-4.651653e+00
4.784000e-05	8.761483e-03	-4.505762e+00
4.785000e-05	7.307053e-03	-4.366897e+00
4.786000e-05	6.009553e-03	-4.229101e+00
4.787000e-05	5.749341e-03	-4.062662e+00
4.788000e-05	6.272924e-03	-3.925369e+00
4.789000e-05	4.644660e-03	-3.682692e+00
4.790000e-05	5.430539e-03	-3.525395e+00
4.791000e-05	4.531444e-03	-3.376947e+00
4.792000e-05	4.689687e-03	-3.229521e+00
4.793000e-05	2.444182e-03	-3.019505e+00
4.794000e-05	2.014900e-03	-2.820549e+00
4.795000e-05	2.510104e-03	-2.681583e+00
4.796000e-05	5.625992e-04	-2.482661e+00
4.797000e-05	9.619985e-04	-2.275287e+00
4.798000e-05	1.334884e-03	-2.102086e+00
4.799000e-05	1.541927e-03	-1.914814e+00
4.800000e-05	1.017931e-03	-1.735868e+00
4.801000e-05	-1.503316e-03	-1.516447e+00
4.802000e-05	6.335553e-04	-1.314914e+00
4.803000e-05	2.926052e-04	-1.113737e+00
4.804000e-05	-2.032475e-03	-9.248155e-01
4.805000e-05	-3.902517e-03	-7.454446e-01
4.806000e-05	-4.073742e-03	-5.548192e-01
4.807000e-05	-2.952144e-03	-3.579209e-01
4.808000e-05	-2.554455e-03	-1.789385e-01
4.809000e-05	-1.760216e-03	-3.005388e-02
4.810000e-05	2.997102e-03	1.298426e-01
4.811000e-05	1.817272e-03	3.799163e-01
4.812000e-05	-2.186817e-03	5.462886e-01
4.813000e-05	-1.063513e-03	7.156620e-01
4.814000e-05	-4.862958e-03	8.325792e-01
4.815000e-05	-2.310905e-03	1.023156e+00
4.816000e-05	-2.645482e-03	1.252054e+00
4.817000e-05	1.056276e-02	1.402104e+00
4.818000e-05	4.529723e-02	1.614001e+00
4.819000e-05	3.473955e-02	1.864234e+00
4.820000e-05	-5.486471e-02	2.053157e+00
4.821000e-05	-3.745193e-02	2.273105e+00
4.822000e-05	-5.849533e-02	2.408975e+00
4.823000e-05	-3.581528e-02	2.507315e+00
4.824000e-05	1.027460e-01	2.686215e+00
4.825000e-05	-2.234808e-02	2.854631e+00
4.826000e-05	-7.589087e-02	3.012373e+00
4.827000e-05	1.225623e-01	3.148893e+00
4.828000e-05	-9.583171e-02	3.368923e+00
4.829000e-05	-2.845288e-02	3.537948e+00
4.830000e-05	7.947102e-02	3.676711e+00
4.831000e-05	-7.320202e-02	3.925312e+00
4.832000e-05	3.352856e-03	4.063053e+00
4.833000e-05	4.135353e-02	4.293732e+00
4.834000e-05	-6.122995e-02	4.464556e+00
4.835000e-05	1.063751e-02	4.620473e+00
4.836000e-05	-2.513732e-02	4.809428e+00
4.837000e-05	-1.798464e-02	4.979371e+00
4.838000e-05	7.945188e-03	5.209526e+00
4.839000e-05	-2.431785e-02	5.369950e+00
4.840000e-05	7.723141e-03	5.565739e+00
4.841000e-05	-8.240286e-03	5.694608e+00
4.842000e-05	-7.501100e-03	5.873813e+00
4.843000e-05	-3.427446e-02	6.020579e+00
4.844000e-05	-1.668178e-02	6.189421e+00
4.845000e-05	1.714137e-02	6.327340e+00
4.846000e-05	-3.132697e-02	6.421453e+00
4.847000e-05	-6.398931e-03	6.570577e+00
4.848000e-05	-1.425221e-02	6.788348e+00
4.849000e-05	-2.031507e-02	6.875219e+00
4.850000e-05	-1.360800e-02	7.010505e+00
4.851000e-05	-2.211830e-02	7.146844e+00
4.852000e-05	-2.011921e-03	7.252583e+00
4.853000e-05	-1.225601e-02	7.359456e+00
4.854000e-05	-2.083624e-02	7.579448e+00
4.855000e-05	-2.019729e-02	7.745838e+00
4.856000e-05	-1.525975e-02	7.791602e+00
4.857000e-05	-1.485140e-02	7.936946e+00
4.858000e-05	-2.346340e-02	8.154739e+00
4.859000e-05	-1.439698e-02	8.210503e+00
4.860000e-05	-1.132039e-02	8.325770e+00
4.861000e-05	-2.349869e-02	8.401478e+00
4.862000e-05	-2.100318e-02	8.473740e+00
4.863000e-05	-2.107024e-02	8.556949e+00
4.864000e-05	-1.637569e-02	8.703188e+00
4.865000e-05	-2.474936e-02	8.778371e+00
4.866000e-05	-2.244906e-02	8.882558e+00
4.867000e-05	-2.049416e-02	8.967925e+00
4.868000e-05	-2.274839e-02	9.083312e+00
4.869000e-05	-2.219685e-02	9.166974e+00
4.870000e-05	-2.318661e-02	9.211554e+00
4.871000e-05	-2.273385e-02	9.315291e+00
4.872000e-05	-2.871640e-02	9.377498e+00
4.873000e-05	-2.554064e-02	9.452033e+00
4.874000e-05	-2.282410e-02	9.504790e+00
4.875000e-05	-2.518834e-02	9.566548e+00
4.876000e-05	-2.951313e-02	9.620978e+00
4.877000e-05	-2.908729e-02	9.684665e+00
4.878000e-05	-2.605193e-02	9.745242e+00
4.879000e-05	-2.789976e-02	9.809076e+00
4.880000e-05	-2.809309e-02	9.873186e+00
4.881000e-05	-3.024475e-02	9.903741e+00
4.882000e-05	-3.089828e-02	9.944895e+00
4.883000e-05	-3.194517e-02	9.967396e+00
4.884000e-05	-3.050346e-02	1.000950e+01
4.885000e-05	-3.075644e-02	1.005003e+01
4.886000e-05	-3.345824e-02	1.006108e+01
4.887000e-05	-3.544492e-02	1.007161e+01
4.888000e-05	-3.376448e-02	1.007316e+01
4.889000e-05	-3.383799e-02	1.006318e+01
4.890000e-05	-3.538466e-02	1.009461e+01
4.891000e-05	-3.632621e-02	1.007427e+01
4.892000e-05	-3.616484e-02	1.006274e+01
4.893000e-05	-3.827867e-02	1.009371e+01
4.894000e-05	-3.876934e-02	1.010376e+01
4.895000e-05	-3.864835e-02	1.008324e+01
4.896000e-05	-3.982261e-02	1.007421e+01
4.897000e-05	-4.172740e-02	1.007063e+01
4.898000e-05	-4.128462e-02	1.007161e+01
4.899000e-05	-4.195600e-02	1.004151e+01
4.900000e-05	-4.310939e-02	1.004061e+01
4.901000e-05	-4.494080e-02	1.001945e+01
4.902000e-05	-4.477376e-02	9.975896e+00
4.903000e-05	-4.743463e-02	9.924741e+00
4.904000e-05	-4.914125e-02	9.832162e+00
4.905000e-05	-4.967434e-02	9.769004e+00
4.906000e-05	-5.105321e-02	9.766298e+00
4.907000e-05	-5.261509e-02	9.671686e+00
4.908000e-05	-5.555372e-02	9.609580e+00
4.909000e-05	-5.586331e-02	9.576371e+00
4.910000e-05	-5.746773e-02	9.473766e+00
4.911000e-05	-5.733439e-02	9.451657e+00
4.912000e-05	-5.801339e-02	9.378403e+00
4.913000e-05	-5.809198e-02	9.303241e+00
4.914000e-05	-5.922447e-02	9.240105e+00
4.915000e-05	-5.823451e-02	9.197425e+00
4.916000e-05	-5.807217e-02	9.061765e+00
4.917000e-05	-5.517157e-02	8.968577e+00
4.918000e-05	-5.541117e-02	8.890632e+00
4.919000e-05	-5.312978e-02	8.828949e+00
4.920000e-05	-5.083466e-02	8.702792e+00
4.921000e-05	-5.091173e-02	8.611952e+00
4.922000e-05	-4.830155e-02	8.535266e+00
4.923000e-05	-4.686484e-02	8.430107e+00
4.924000e-05	-4.368676e-02	8.345847e+00
4.925000e-05	-4.281873e-02	8.230605e+00
4.926000e-05	-4.084538e-02	8.104217e+00
4.927000e-05	-3.971442e-02	7.997975e+00
4.928000e-05	-3.809351e-02	7.863761e+00
4.929000e-05	-3.695914e-02	7.777374e+00
4.930000e-05	-3.413173e-02	7.651083e+00
4.931000e-05	-3.346729e-02	7.482765e+00
4.932000e-05	-3.121610e-02	7.325873e+00
4.933000e-05	-3.031716e-02	7.207424e+00
4.934000e-05	-2.865764e-02	7.063209e+00
4.935000e-05	-2.782716e-02	6.914292e+00
4.936000e-05	-2.747354e-02	6.828501e+00
4.937000e-05	-2.680040e-02	6.681214e+00
4.938000e-05	-2.446161e-02	6.521587e+00
4.939000e-05	-2.355351e-02	6.345846e+00
4.940000e-05	-2.235786e-02	6.200556e+00
4.941000e-05	-2.274460e-02	6.063613e+00
4.942000e-05	-2.100153e-02	5.965321e+00
4.943000e-05	-2.044320e-02	5.723898e+00
4.944000e-05	-1.871246e-02	5.608375e+00
4.945000e-05	-1.924374e-02	5.431054e+00
4.946000e-05	-1.877735e-02	5.263285e+00
4.947000e-05	-1.748452e-02	5.049764e+00
4.948000e-05	-1.691331e-02	4.881713e+00
4.949000e-05	-1.694763e-02	4.702839e+00
4.950000e-05	-1.560578e-02	4.545820e+00
4.951000e-05	-1.454914e-02	4.419000e+00
4.952000e-05	-1.365996e-02	4.219654e+00
4.953000e-05	-1.346626e-02	4.049474e+00
4.954000e-05	-1.303173e-02	3.822684e+00
4.955000e-05	-1.323799e-02	3.683738e+00
4.956000e-05	-1.273935e-02	3.596447e+00
4.957000e-05	-1.109149e-02	3.345322e+00
4.958000e-05	-1.133668e-02	3.186921e+00
4.959000e-05	-1.096884e-02	3.007979e+00
4.960000e-05	-1.147489e-02	2.869656e+00
4.961000e-05	-9.792825e-03	2.671683e+00
4.962000e-05	-9.628634e-03	2.460105e+00
4.963000e-05	-9.770137e-03	2.261138e+00
4.964000e-05	-9.181242e-03	2.113663e+00
4.965000e-05	-7.616034e-03	1.934866e+00
4.966000e-05	-7.472473e-03	1.725291e+00
4.967000e-05	-7.875719e-03	1.524366e+00
4.968000e-05	-7.837129e-03	1.344317e+00
4.969000e-05	-6.126627e-03	1.135318e+00
4.970000e-05	-6.360090e-03	8.432114e-01
4.971000e-05	-6.111023e-03	7.162657e-01
4.972000e-05	-5.274434e-03	5.553957e-01
4.973000e-05	-4.300283e-03	3.989197e-01
4.974000e-05	-4.841365e-03	1.759260e-01
4.975000e-05	-2.667519e-03	-1.527826e-03
4.976000e-05	1.811886e-03	-1.910751e-01
4.977000e-05	6.677364e-04	-3.289411e-01
4.978000e-05	-1.453506e-03	-4.871343e-01
4.979000e-05	3.453899e-04	-7.064437e-01
4.980000e-05	-1.099796e-03	-8.947082e-01
4.981000e-05	-4.394694e-04	-1.021577e+00
4.982000e-05	5.873673e-03	-1.223554e+00
4.983000e-05	4.319268e-02	-1.441474e+00
4.984000e-05	6.401657e-02	-1.632553e+00
4.985000e-05	-5.045350e-02	-1.865734e+00
4.986000e-05	-2.631412e-02	-2.128770e+00
4.987000e-05	-7.074347e-02	-2.356398e+00
4.988000e-05	-1.330199e-02	-2.400575e+00
4.989000e-05	1.305807e-01	-2.484084e+00
4.990000e-05	-7.607466e-02	-2.685259e+00
4.991000e-05	-2.535127e-02	-2.864234e+00
4.992000e-05	1.267373e-01	-2.932896e+00
4.993000e-05	-1.505703e-01	-3.232131e+00
4.994000e-05	2.257532e-02	-3.421550e+00
4.995000e-05	9.918507e-02	-3.539388e+00
4.996000e-05	-1.126442e-01	-3.737839e+00
4.997000e-05	9.062554e-02	-3.946846e+00
4.998000e-05	2.490068e-02	-4.096211e+00
4.999000e-05	-7.898292e-02	-4.295316e+00
