# 260406_15:19:23.214241
t	CH1	CH2
0.000000e+00	-7.534603e-03	1.010587e+00
1.000000e-08	-7.138849e-03	7.784487e-01
2.000000e-08	-5.780758e-03	5.372735e-01
3.000000e-08	-5.417944e-03	3.469210e-01
4.000000e-08	-4.209638e-03	1.510605e-01
5.000000e-08	1.150776e-03	-1.488685e-01
6.000000e-08	5.217157e-03	-3.794696e-01
7.000000e-08	-2.285765e-03	-5.784907e-01
8.000000e-08	3.619361e-03	-8.315039e-01
9.000000e-08	-1.562501e-03	-1.021100e+00
1.000000e-07	2.320797e-03	-1.230997e+00
1.100000e-07	4.449870e-04	-1.505114e+00
1.200000e-07	3.262189e-02	-1.685236e+00
1.300000e-07	9.278443e-02	-1.893154e+00
1.400000e-07	-3.665088e-02	-2.230426e+00
1.500000e-07	-3.520900e-02	-2.548363e+00
1.600000e-07	-2.049987e-02	-2.758975e+00
1.700000e-07	-6.338481e-02	-2.918342e+00
1.800000e-07	-1.023859e-03	-3.147314e+00
1.900000e-07	1.631792e-01	-3.222103e+00
2.000000e-07	-1.412346e-01	-3.506263e+00
2.100000e-07	1.015232e-01	-3.663633e+00
2.200000e-07	2.134043e-03	-3.916764e+00
2.300000e-07	-1.104390e-01	-4.188973e+00
2.400000e-07	1.563624e-01	-4.388845e+00
2.500000e-07	-8.193819e-02	-4.570476e+00
2.600000e-07	3.337116e-02	-4.871652e+00
2.700000e-07	9.152638e-02	-5.010900e+00
2.800000e-07	-1.215122e-01	-5.326738e+00
2.900000e-07	1.262845e-01	-5.578922e+00
3.000000e-07	-7.917853e-02	-5.758344e+00
3.100000e-07	4.327708e-02	-6.008450e+00
3.200000e-07	4.797408e-02	-6.188370e+00
3.300000e-07	-6.200235e-02	-6.431101e+00
3.400000e-07	1.095455e-01	-6.619580e+00
3.500000e-07	-6.559319e-02	-6.843025e+00
3.600000e-07	9.155073e-02	-7.102586e+00
3.700000e-07	-1.238151e-02	-7.314131e+00
3.800000e-07	-2.278109e-02	-7.482660e+00
3.900000e-07	7.597680e-02	-7.664054e+00
4.000000e-07	-4.675332e-02	-7.896285e+00
4.100000e-07	9.089904e-02	-8.103760e+00
4.200000e-07	-2.361990e-02	-8.253580e+00
4.300000e-07	4.533029e-02	-8.421082e+00
4.400000e-07	4.577110e-03	-8.567398e+00
4.500000e-07	6.332951e-03	-8.829446e+00
4.600000e-07	5.608454e-02	-8.946819e+00
4.700000e-07	3.885096e-04	-9.085792e+00
4.800000e-07	5.224922e-02	-9.282609e+00
4.900000e-07	-1.672919e-02	-9.398854e+00
5.000000e-07	4.857286e-02	-9.587403e+00
5.100000e-07	1.888242e-02	-9.694790e+00
5.200000e-07	3.547214e-02	-9.873612e+00
5.300000e-07	2.480077e-02	-9.997946e+00
5.400000e-07	2.503030e-02	-1.016840e+01
5.500000e-07	3.655876e-02	-1.036469e+01
5.600000e-07	1.704746e-02	-1.050421e+01
5.700000e-07	4.239549e-02	-1.057845e+01
5.800000e-07	2.620007e-02	-1.071479e+01
5.900000e-07	4.041438e-02	-1.086005e+01
6.000000e-07	2.060215e-02	-1.096730e+01
6.100000e-07	4.494116e-02	-1.107271e+01
6.200000e-07	3.553772e-02	-1.125140e+01
6.300000e-07	4.116208e-02	-1.135474e+01
6.400000e-07	3.444526e-02	-1.144003e+01
6.500000e-07	4.261255e-02	-1.155685e+01
6.600000e-07	4.326571e-02	-1.166404e+01
6.700000e-07	3.786904e-02	-1.178892e+01
6.800000e-07	4.663141e-02	-1.188166e+01
6.900000e-07	4.552231e-02	-1.198940e+01
7.000000e-07	4.918897e-02	-1.208211e+01
7.100000e-07	4.365412e-02	-1.211524e+01
7.200000e-07	5.468753e-02	-1.218892e+01
7.300000e-07	5.325908e-02	-1.226051e+01
7.400000e-07	5.459182e-02	-1.229463e+01
7.500000e-07	5.086869e-02	-1.233574e+01
7.600000e-07	5.692059e-02	-1.241937e+01
7.700000e-07	5.864519e-02	-1.246151e+01
7.800000e-07	5.969867e-02	-1.249261e+01
7.900000e-07	6.485502e-02	-1.253531e+01
8.000000e-07	6.465652e-02	-1.258645e+01
8.100000e-07	6.634473e-02	-1.258993e+01
8.200000e-07	6.927656e-02	-1.260895e+01
8.300000e-07	7.185908e-02	-1.263998e+01
8.400000e-07	7.414607e-02	-1.265911e+01
8.500000e-07	7.720725e-02	-1.264209e+01
8.600000e-07	7.988573e-02	-1.272113e+01
8.700000e-07	8.144952e-02	-1.271163e+01
8.800000e-07	8.256198e-02	-1.269064e+01
8.900000e-07	8.646460e-02	-1.271109e+01
9.000000e-07	9.038807e-02	-1.269266e+01
9.100000e-07	9.361369e-02	-1.269103e+01
9.200000e-07	9.654845e-02	-1.267158e+01
9.300000e-07	1.002296e-01	-1.263848e+01
9.400000e-07	1.053529e-01	-1.263898e+01
9.500000e-07	1.090884e-01	-1.259642e+01
9.600000e-07	1.175981e-01	-1.255622e+01
9.700000e-07	1.234396e-01	-1.249314e+01
9.800000e-07	1.311546e-01	-1.245143e+01
9.900000e-07	1.375257e-01	-1.236685e+01
1.000000e-06	1.460579e-01	-1.231324e+01
1.010000e-06	1.522910e-01	-1.230161e+01
1.020000e-06	1.572215e-01	-1.220795e+01
1.030000e-06	1.573382e-01	-1.213479e+01
1.040000e-06	1.566871e-01	-1.205256e+01
1.050000e-06	1.515371e-01	-1.195728e+01
1.060000e-06	1.464763e-01	-1.189368e+01
1.070000e-06	1.374286e-01	-1.178590e+01
1.080000e-06	1.288584e-01	-1.170161e+01
1.090000e-06	1.212353e-01	-1.159832e+01
1.100000e-06	1.129918e-01	-1.145148e+01
1.110000e-06	1.061106e-01	-1.137572e+01
1.120000e-06	9.724899e-02	-1.125840e+01
1.130000e-06	8.982077e-02	-1.110366e+01
1.140000e-06	8.497544e-02	-1.097585e+01
1.150000e-06	7.847146e-02	-1.085166e+01
1.160000e-06	7.298707e-02	-1.077835e+01
1.170000e-06	6.780953e-02	-1.066108e+01
1.180000e-06	6.466529e-02	-1.047584e+01
1.190000e-06	6.184306e-02	-1.037683e+01
1.200000e-06	5.675053e-02	-1.029098e+01
1.210000e-06	5.370648e-02	-1.012324e+01
1.220000e-06	5.043942e-02	-9.955797e+00
1.230000e-06	4.724397e-02	-9.851455e+00
1.240000e-06	4.368866e-02	-9.663584e+00
1.250000e-06	4.071312e-02	-9.533268e+00
1.260000e-06	4.018545e-02	-9.396924e+00
1.270000e-06	3.776852e-02	-9.209529e+00
1.280000e-06	3.501064e-02	-9.042605e+00
1.290000e-06	3.388682e-02	-8.863109e+00
1.300000e-06	3.185111e-02	-8.734592e+00
1.310000e-06	3.006192e-02	-8.514742e+00
1.320000e-06	2.802997e-02	-8.355322e+00
1.330000e-06	2.570289e-02	-8.187876e+00
1.340000e-06	2.608580e-02	-7.997329e+00
1.350000e-06	2.430876e-02	-7.777401e+00
1.360000e-06	2.226210e-02	-7.555345e+00
1.370000e-06	2.017540e-02	-7.396846e+00
1.380000e-06	2.011752e-02	-7.198372e+00
1.390000e-06	1.928342e-02	-6.986851e+00
1.400000e-06	1.781484e-02	-6.787797e+00
1.410000e-06	1.661822e-02	-6.585797e+00
1.420000e-06	1.604469e-02	-6.397426e+00
1.430000e-06	1.509398e-02	-6.186751e+00
1.440000e-06	1.426517e-02	-5.936295e+00
1.450000e-06	1.242683e-02	-5.765316e+00
1.460000e-06	1.169731e-02	-5.546647e+00
1.470000e-06	1.093623e-02	-5.303164e+00
1.480000e-06	1.135671e-02	-5.020083e+00
1.490000e-06	9.321717e-03	-4.767952e+00
1.500000e-06	9.903985e-03	-4.567871e+00
1.510000e-06	6.918886e-03	-4.388449e+00
1.520000e-06	8.197571e-03	-4.218429e+00
1.530000e-06	6.078523e-03	-3.938224e+00
1.540000e-06	6.763034e-03	-3.697273e+00
1.550000e-06	5.764154e-03	-3.535265e+00
1.560000e-06	4.347936e-03	-3.293629e+00
1.570000e-06	3.745950e-03	-3.075113e+00
1.580000e-06	1.550316e-03	-2.788429e+00
1.590000e-06	2.672967e-03	-2.607951e+00
1.600000e-06	2.347486e-03	-2.368970e+00
1.610000e-06	2.728818e-03	-2.103188e+00
1.620000e-06	-3.527000e-04	-1.883787e+00
1.630000e-06	-2.908319e-04	-1.662160e+00
1.640000e-06	-5.934129e-04	-1.441479e+00
1.650000e-06	-6.439915e-04	-1.135245e+00
1.660000e-06	-3.356923e-03	-8.767392e-01
1.670000e-06	-3.224192e-03	-6.941470e-01
1.680000e-06	-3.038549e-03	-4.204276e-01
1.690000e-06	-3.099565e-03	-2.389298e-01
1.700000e-06	-2.241838e-03	1.075257e-03
1.710000e-06	5.584185e-03	2.941842e-01
1.720000e-06	-2.027106e-03	4.937331e-01
1.730000e-06	-1.310341e-04	7.353069e-01
1.740000e-06	-3.835448e-03	8.663103e-01
1.750000e-06	-2.513765e-03	1.186417e+00
1.760000e-06	-4.491206e-03	1.378947e+00
1.770000e-06	-6.089229e-04	1.601229e+00
1.780000e-06	1.995422e-02	1.822682e+00
1.790000e-06	7.111188e-02	2.062207e+00
1.800000e-06	-1.480421e-02	2.316841e+00
1.810000e-06	-6.343458e-02	2.570001e+00
1.820000e-06	-2.829969e-02	2.853128e+00
1.830000e-06	-3.617156e-02	3.032560e+00
1.840000e-06	-7.376480e-02	3.219000e+00
1.850000e-06	8.278799e-02	3.389422e+00
1.860000e-06	3.851911e-02	3.641050e+00
1.870000e-06	-1.375806e-01	3.791403e+00
1.880000e-06	1.432991e-01	4.021027e+00
1.890000e-06	-9.084667e-02	4.305760e+00
1.900000e-06	-2.358157e-02	4.503735e+00
1.910000e-06	5.866389e-02	4.706713e+00
1.920000e-06	-6.282044e-02	4.976371e+00
1.930000e-06	2.045566e-02	5.222599e+00
1.940000e-06	-2.182021e-02	5.475187e+00
1.950000e-06	-2.697655e-02	5.692710e+00
1.960000e-06	2.031035e-04	5.907266e+00
1.970000e-06	-3.840797e-02	6.137341e+00
1.980000e-06	-2.523749e-03	6.366466e+00
1.990000e-06	-3.574061e-02	6.506918e+00
2.000000e-06	1.145572e-02	6.769472e+00
2.010000e-06	-1.860117e-02	6.977944e+00
2.020000e-06	-2.757753e-02	7.197974e+00
2.030000e-06	1.132262e-02	7.338294e+00
2.040000e-06	-5.719608e-02	7.632074e+00
2.050000e-06	-6.101942e-03	7.791976e+00
2.060000e-06	-2.354278e-02	8.029554e+00
2.070000e-06	-1.654987e-02	8.211551e+00
2.080000e-06	-1.747147e-02	8.378449e+00
2.090000e-06	-3.793724e-02	8.547342e+00
2.100000e-06	-1.710292e-02	8.674688e+00
2.110000e-06	-3.194909e-02	8.871534e+00
2.120000e-06	-1.153692e-02	9.018425e+00
2.130000e-06	-3.417787e-02	9.178951e+00
2.140000e-06	-2.214084e-02	9.345767e+00
2.150000e-06	-2.672244e-02	9.485364e+00
2.160000e-06	-3.653174e-02	9.631660e+00
2.170000e-06	-2.564527e-02	9.819531e+00
2.180000e-06	-2.896553e-02	9.996846e+00
2.190000e-06	-2.543820e-02	1.009584e+01
2.200000e-06	-4.081465e-02	1.026421e+01
2.210000e-06	-3.045477e-02	1.041737e+01
2.220000e-06	-3.473915e-02	1.054530e+01
2.230000e-06	-3.466408e-02	1.066161e+01
2.240000e-06	-3.866421e-02	1.084048e+01
2.250000e-06	-3.629084e-02	1.092476e+01
2.260000e-06	-3.728465e-02	1.105103e+01
2.270000e-06	-4.340917e-02	1.114682e+01
2.280000e-06	-3.910818e-02	1.131279e+01
2.290000e-06	-4.082440e-02	1.140948e+01
2.300000e-06	-4.112994e-02	1.154372e+01
2.310000e-06	-4.850017e-02	1.167116e+01
2.320000e-06	-4.456680e-02	1.177572e+01
2.330000e-06	-4.793028e-02	1.185954e+01
2.340000e-06	-5.118838e-02	1.193422e+01
2.350000e-06	-4.976207e-02	1.199795e+01
2.360000e-06	-5.045900e-02	1.208218e+01
2.370000e-06	-5.331579e-02	1.218787e+01
2.380000e-06	-5.676035e-02	1.221758e+01
2.390000e-06	-5.448624e-02	1.231267e+01
2.400000e-06	-5.686891e-02	1.235485e+01
2.410000e-06	-6.178290e-02	1.242055e+01
2.420000e-06	-6.439742e-02	1.248358e+01
2.430000e-06	-6.562014e-02	1.254216e+01
2.440000e-06	-6.645687e-02	1.253632e+01
2.450000e-06	-6.986814e-02	1.259688e+01
2.460000e-06	-7.078853e-02	1.256750e+01
2.470000e-06	-7.285214e-02	1.261954e+01
2.480000e-06	-7.503203e-02	1.267158e+01
2.490000e-06	-7.995652e-02	1.268356e+01
2.500000e-06	-8.053546e-02	1.265056e+01
2.510000e-06	-8.382290e-02	1.269373e+01
2.520000e-06	-8.682814e-02	1.269269e+01
2.530000e-06	-9.007253e-02	1.271423e+01
2.540000e-06	-9.246183e-02	1.271166e+01
2.550000e-06	-9.398172e-02	1.270326e+01
2.560000e-06	-9.718257e-02	1.269163e+01
2.570000e-06	-9.865499e-02	1.267213e+01
2.580000e-06	-1.048165e-01	1.266061e+01
2.590000e-06	-1.093025e-01	1.263105e+01
2.600000e-06	-1.155424e-01	1.263888e+01
2.610000e-06	-1.185863e-01	1.258848e+01
2.620000e-06	-1.244689e-01	1.254634e+01
2.630000e-06	-1.329548e-01	1.250421e+01
2.640000e-06	-1.420672e-01	1.245311e+01
2.650000e-06	-1.493411e-01	1.237845e+01
2.660000e-06	-1.561465e-01	1.235585e+01
2.670000e-06	-1.609924e-01	1.227416e+01
2.680000e-06	-1.616946e-01	1.222800e+01
2.690000e-06	-1.629965e-01	1.214529e+01
2.700000e-06	-1.608898e-01	1.209006e+01
2.710000e-06	-1.563446e-01	1.196588e+01
2.720000e-06	-1.491973e-01	1.189216e+01
2.730000e-06	-1.397742e-01	1.180795e+01
2.740000e-06	-1.316364e-01	1.170364e+01
2.750000e-06	-1.232616e-01	1.156636e+01
2.760000e-06	-1.167795e-01	1.144058e+01
2.770000e-06	-1.065457e-01	1.133682e+01
2.780000e-06	-1.010134e-01	1.123753e+01
2.790000e-06	-9.369850e-02	1.113626e+01
2.800000e-06	-8.996740e-02	1.103895e+01
2.810000e-06	-8.209694e-02	1.089414e+01
2.820000e-06	-7.911664e-02	1.078738e+01
2.830000e-06	-7.411328e-02	1.066053e+01
2.840000e-06	-6.980559e-02	1.053732e+01
2.850000e-06	-6.416947e-02	1.040692e+01
2.860000e-06	-6.189327e-02	1.023051e+01
2.870000e-06	-5.795899e-02	1.011474e+01
2.880000e-06	-5.579648e-02	9.986396e+00
2.890000e-06	-5.265048e-02	9.799976e+00
2.900000e-06	-5.031401e-02	9.660058e+00
2.910000e-06	-4.863055e-02	9.494141e+00
2.920000e-06	-4.551442e-02	9.346398e+00
2.930000e-06	-4.444418e-02	9.198323e+00
2.940000e-06	-4.236237e-02	9.059001e+00
2.950000e-06	-4.028712e-02	8.818986e+00
2.960000e-06	-3.884585e-02	8.662611e+00
2.970000e-06	-3.641969e-02	8.502715e+00
2.980000e-06	-3.417046e-02	8.327241e+00
2.990000e-06	-3.264897e-02	8.133741e+00
3.000000e-06	-3.225826e-02	7.956794e+00
3.010000e-06	-3.187769e-02	7.746946e+00
3.020000e-06	-2.951832e-02	7.587401e+00
3.030000e-06	-2.908896e-02	7.333721e+00
3.040000e-06	-2.814634e-02	7.185795e+00
3.050000e-06	-2.739359e-02	6.935816e+00
3.060000e-06	-2.508298e-02	6.775349e+00
3.070000e-06	-2.547349e-02	6.542745e+00
3.080000e-06	-2.490932e-02	6.336742e+00
3.090000e-06	-2.259143e-02	6.115295e+00
3.100000e-06	-2.060193e-02	5.925895e+00
3.110000e-06	-2.087020e-02	5.745667e+00
3.120000e-06	-2.125584e-02	5.495188e+00
3.130000e-06	-2.082439e-02	5.283163e+00
3.140000e-06	-1.970018e-02	5.048634e+00
3.150000e-06	-1.802031e-02	4.847399e+00
3.160000e-06	-1.758400e-02	4.546373e+00
3.170000e-06	-1.621540e-02	4.346321e+00
3.180000e-06	-1.677894e-02	4.125339e+00
3.190000e-06	-1.574977e-02	3.873213e+00
3.200000e-06	-1.409481e-02	3.684135e+00
3.210000e-06	-1.357774e-02	3.492140e+00
3.220000e-06	-1.297288e-02	3.218578e+00
3.230000e-06	-1.243030e-02	2.999449e+00
3.240000e-06	-1.168506e-02	2.818401e+00
3.250000e-06	-1.116113e-02	2.525239e+00
3.260000e-06	-1.065419e-02	2.314213e+00
3.270000e-06	-9.985217e-03	2.053137e+00
3.280000e-06	-9.012631e-03	1.852160e+00
3.290000e-06	-9.206802e-03	1.570849e+00
3.300000e-06	-8.304469e-03	1.366395e+00
3.310000e-06	-7.790114e-03	1.062218e+00
3.320000e-06	-6.741827e-03	7.900027e-01
3.330000e-06	-6.223684e-03	5.993975e-01
3.340000e-06	-5.751905e-03	4.089462e-01
3.350000e-06	-4.004413e-03	9.576436e-02
3.360000e-06	2.126830e-04	-1.162882e-01
3.370000e-06	6.286806e-03	-3.063634e-01
3.380000e-06	-4.231091e-03	-5.463627e-01
3.390000e-06	3.558993e-03	-7.584738e-01
3.400000e-06	-2.229492e-03	-9.999711e-01
3.410000e-06	2.798467e-03	-1.158995e+00
3.420000e-06	7.808220e-04	-1.473455e+00
3.430000e-06	2.455592e-02	-1.661658e+00
3.440000e-06	9.122065e-02	-1.881155e+00
3.450000e-06	-1.386323e-02	-2.158663e+00
3.460000e-06	-5.037092e-02	-2.524760e+00
3.470000e-06	-1.162788e-02	-2.739396e+00
3.480000e-06	-5.531696e-02	-2.925367e+00
3.490000e-06	-3.187274e-02	-3.136345e+00
3.500000e-06	1.715806e-01	-3.201453e+00
3.510000e-06	-1.098093e-01	-3.444133e+00
3.520000e-06	4.884126e-02	-3.654134e+00
3.530000e-06	6.137498e-02	-3.913708e+00
3.540000e-06	-1.524945e-01	-4.138368e+00
3.550000e-06	1.488706e-01	-4.317889e+00
3.560000e-06	-4.416996e-02	-4.586413e+00
3.570000e-06	-1.285078e-02	-4.861147e+00
3.580000e-06	1.282788e-01	-5.009422e+00
3.590000e-06	-1.314281e-01	-5.293134e+00
3.600000e-06	1.065866e-01	-5.559169e+00
3.610000e-06	-4.234593e-02	-5.726910e+00
3.620000e-06	-1.459192e-03	-5.948494e+00
3.630000e-06	8.533824e-02	-6.146817e+00
3.640000e-06	-7.921985e-02	-6.400422e+00
3.650000e-06	1.088705e-01	-6.608498e+00
3.660000e-06	-4.948965e-02	-6.829044e+00
3.670000e-06	5.875714e-02	-7.034206e+00
3.680000e-06	2.872350e-02	-7.262556e+00
3.690000e-06	-5.317927e-02	-7.482130e+00
3.700000e-06	9.349633e-02	-7.621475e+00
3.710000e-06	-5.073849e-02	-7.873159e+00
3.720000e-06	8.029607e-02	-8.083605e+00
3.730000e-06	-7.061401e-03	-8.232055e+00
3.740000e-06	2.503922e-02	-8.400000e+00
3.750000e-06	2.571759e-02	-8.537395e+00
3.760000e-06	-1.273374e-02	-8.798916e+00
3.770000e-06	6.758117e-02	-8.895837e+00
3.780000e-06	-3.347248e-03	-9.104712e+00
3.790000e-06	5.363074e-02	-9.223553e+00
3.800000e-06	-1.210092e-02	-9.418526e+00
3.810000e-06	3.855294e-02	-9.557917e+00
3.820000e-06	3.054610e-02	-9.715237e+00
3.830000e-06	2.524679e-02	-9.853057e+00
3.840000e-06	3.290199e-02	-9.959396e+00
3.850000e-06	1.714050e-02	-1.013787e+01
3.860000e-06	4.131152e-02	-1.026271e+01
3.870000e-06	1.293463e-02	-1.045361e+01
3.880000e-06	4.365743e-02	-1.059690e+01
3.890000e-06	2.809227e-02	-1.070574e+01
3.900000e-06	4.248177e-02	-1.080945e+01
3.910000e-06	2.085050e-02	-1.094587e+01
3.920000e-06	4.064887e-02	-1.108306e+01
3.930000e-06	3.844122e-02	-1.115895e+01
3.940000e-06	3.873377e-02	-1.132624e+01
3.950000e-06	3.555276e-02	-1.141945e+01
3.960000e-06	3.722253e-02	-1.151576e+01
3.970000e-06	4.626640e-02	-1.168061e+01
3.980000e-06	3.745787e-02	-1.180687e+01
3.990000e-06	4.769090e-02	-1.188261e+01
4.000000e-06	4.474915e-02	-1.193632e+01
4.010000e-06	5.035278e-02	-1.205103e+01
4.020000e-06	4.437511e-02	-1.211428e+01
4.030000e-06	5.289386e-02	-1.218682e+01
4.040000e-06	5.226447e-02	-1.224150e+01
4.050000e-06	5.328223e-02	-1.231226e+01
4.060000e-06	5.097765e-02	-1.234534e+01
4.070000e-06	5.586108e-02	-1.239837e+01
4.080000e-06	5.888557e-02	-1.246998e+01
4.090000e-06	6.068685e-02	-1.250261e+01
4.100000e-06	6.574277e-02	-1.258579e+01
4.110000e-06	6.602529e-02	-1.258484e+01
4.120000e-06	6.585953e-02	-1.260747e+01
4.130000e-06	6.718868e-02	-1.261953e+01
4.140000e-06	7.158199e-02	-1.262953e+01
4.150000e-06	7.390026e-02	-1.268046e+01
4.160000e-06	7.585855e-02	-1.265159e+01
4.170000e-06	7.939843e-02	-1.268209e+01
4.180000e-06	8.199454e-02	-1.272214e+01
4.190000e-06	8.398392e-02	-1.268209e+01
4.200000e-06	8.661621e-02	-1.268259e+01
4.210000e-06	8.932162e-02	-1.265264e+01
4.220000e-06	9.450785e-02	-1.266159e+01
4.230000e-06	9.542354e-02	-1.268053e+01
4.240000e-06	9.982345e-02	-1.262103e+01
4.250000e-06	1.032140e-01	-1.261745e+01
4.260000e-06	1.083201e-01	-1.258587e+01
4.270000e-06	1.158312e-01	-1.252477e+01
4.280000e-06	1.224101e-01	-1.252316e+01
4.290000e-06	1.306151e-01	-1.243055e+01
4.300000e-06	1.383122e-01	-1.236880e+01
4.310000e-06	1.464027e-01	-1.232674e+01
4.320000e-06	1.511429e-01	-1.226159e+01
4.330000e-06	1.550816e-01	-1.221845e+01
4.340000e-06	1.565033e-01	-1.212437e+01
4.350000e-06	1.559167e-01	-1.208308e+01
4.360000e-06	1.529906e-01	-1.200885e+01
4.370000e-06	1.471233e-01	-1.192372e+01
4.380000e-06	1.390163e-01	-1.181890e+01
4.390000e-06	1.314202e-01	-1.171574e+01
4.400000e-06	1.233988e-01	-1.157790e+01
4.410000e-06	1.143042e-01	-1.150061e+01
4.420000e-06	1.064343e-01	-1.137522e+01
4.430000e-06	9.861653e-02	-1.124908e+01
4.440000e-06	9.127981e-02	-1.113556e+01
4.450000e-06	8.418445e-02	-1.101895e+01
4.460000e-06	7.866113e-02	-1.087316e+01
4.470000e-06	7.421182e-02	-1.079737e+01
4.480000e-06	7.035555e-02	-1.068161e+01
4.490000e-06	6.527945e-02	-1.054635e+01
4.500000e-06	6.171796e-02	-1.041055e+01
4.510000e-06	5.668328e-02	-1.027213e+01
4.520000e-06	5.404296e-02	-1.014367e+01
4.530000e-06	5.037905e-02	-9.987822e+00
4.540000e-06	4.715387e-02	-9.851106e+00
4.550000e-06	4.485495e-02	-9.703695e+00
4.560000e-06	4.222864e-02	-9.606795e+00
4.570000e-06	4.042370e-02	-9.388475e+00
4.580000e-06	3.627210e-02	-9.250931e+00
4.590000e-06	3.609033e-02	-9.074165e+00
4.600000e-06	3.392039e-02	-8.904139e+00
4.610000e-06	3.174677e-02	-8.746222e+00
4.620000e-06	2.956844e-02	-8.564819e+00
4.630000e-06	2.867654e-02	-8.366348e+00
4.640000e-06	2.717546e-02	-8.217927e+00
4.650000e-06	2.698606e-02	-8.041456e+00
4.660000e-06	2.300690e-02	-7.829001e+00
4.670000e-06	2.287346e-02	-7.617826e+00
4.680000e-06	2.108410e-02	-7.397953e+00
4.690000e-06	2.129090e-02	-7.190954e+00
4.700000e-06	1.835321e-02	-6.998930e+00
4.710000e-06	1.834062e-02	-6.766850e+00
4.720000e-06	1.729927e-02	-6.568951e+00
4.730000e-06	1.674378e-02	-6.428554e+00
4.740000e-06	1.473875e-02	-6.188872e+00
4.750000e-06	1.388356e-02	-5.986896e+00
4.760000e-06	1.283239e-02	-5.807367e+00
4.770000e-06	1.315674e-02	-5.557899e+00
4.780000e-06	1.039617e-02	-5.386389e+00
4.790000e-06	1.083148e-02	-5.094216e+00
4.800000e-06	8.485919e-03	-4.839605e+00
4.810000e-06	1.124121e-02	-4.638975e+00
4.820000e-06	7.389490e-03	-4.441475e+00
4.830000e-06	7.337989e-03	-4.208505e+00
4.840000e-06	5.759315e-03	-3.979956e+00
4.850000e-06	7.133385e-03	-3.786374e+00
4.860000e-06	5.628588e-03	-3.546343e+00
4.870000e-06	4.614817e-03	-3.335787e+00
4.880000e-06	3.565446e-03	-3.105318e+00
4.890000e-06	2.333828e-03	-2.861554e+00
4.900000e-06	1.827202e-03	-2.641032e+00
4.910000e-06	2.173282e-03	-2.399530e+00
4.920000e-06	2.221823e-03	-2.145374e+00
4.930000e-06	3.352108e-04	-1.935793e+00
4.940000e-06	-4.550633e-06	-1.724193e+00
4.950000e-06	-8.952879e-04	-1.432137e+00
4.960000e-06	-8.321201e-04	-1.156373e+00
4.970000e-06	-3.197528e-03	-9.138183e-01
4.980000e-06	-2.126124e-03	-6.777897e-01
4.990000e-06	-4.242576e-03	-4.510538e-01
5.000000e-06	-3.657896e-03	-2.405263e-01
5.010000e-06	-2.951637e-03	-2.853020e-02
5.020000e-06	5.255912e-03	2.031503e-01
5.030000e-06	-1.447346e-03	4.941817e-01
5.040000e-06	-2.717957e-03	6.916803e-01
5.050000e-06	-2.449549e-03	8.841352e-01
5.060000e-06	-2.468219e-03	1.076317e+00
5.070000e-06	-3.234226e-03	1.359416e+00
5.080000e-06	-4.192425e-03	1.572026e+00
5.090000e-06	1.438247e-02	1.821048e+00
5.100000e-06	6.501097e-02	2.002529e+00
5.110000e-06	8.680082e-03	2.285157e+00
5.120000e-06	-7.056771e-02	2.588822e+00
5.130000e-06	-2.581205e-02	2.822101e+00
5.140000e-06	-3.383595e-02	2.991128e+00
5.150000e-06	-7.191303e-02	3.228476e+00
5.160000e-06	4.476263e-02	3.337836e+00
5.170000e-06	8.629833e-02	3.592024e+00
5.180000e-06	-1.589729e-01	3.758345e+00
5.190000e-06	1.264419e-01	3.989445e+00
5.200000e-06	-5.168012e-02	4.253605e+00
5.210000e-06	-6.023525e-02	4.471651e+00
5.220000e-06	7.290480e-02	4.692230e+00
5.230000e-06	-5.800637e-02	4.925760e+00
5.240000e-06	6.914915e-03	5.230471e+00
5.250000e-06	-8.538637e-03	5.452054e+00
5.260000e-06	-3.700060e-02	5.701531e+00
5.270000e-06	7.554217e-03	5.904312e+00
5.280000e-06	-3.812594e-02	6.095288e+00
5.290000e-06	-6.006838e-03	6.326866e+00
5.300000e-06	-3.405154e-02	6.516210e+00
5.310000e-06	-2.038843e-04	6.737921e+00
5.320000e-06	-3.540284e-03	6.956368e+00
5.330000e-06	-3.797297e-02	7.116417e+00
5.340000e-06	1.941223e-02	7.346736e+00
5.350000e-06	-5.562145e-02	7.567395e+00
5.360000e-06	-1.246209e-02	7.808917e+00
5.370000e-06	-1.949427e-02	7.949452e+00
5.380000e-06	-2.222518e-02	8.199376e+00
5.390000e-06	-1.166902e-02	8.356390e+00
5.400000e-06	-3.860411e-02	8.505764e+00
5.410000e-06	-1.655281e-02	8.692687e+00
5.420000e-06	-3.191324e-02	8.830972e+00
5.430000e-06	-1.188096e-02	8.959372e+00
5.440000e-06	-3.021335e-02	9.197370e+00
5.450000e-06	-2.438866e-02	9.324717e+00
5.460000e-06	-2.472692e-02	9.484234e+00
5.470000e-06	-3.780733e-02	9.651483e+00
5.480000e-06	-2.639606e-02	9.777449e+00
5.490000e-06	-2.819750e-02	9.945370e+00
5.500000e-06	-2.389381e-02	1.010419e+01
5.510000e-06	-3.911688e-02	1.020163e+01
5.520000e-06	-3.225702e-02	1.036837e+01
5.530000e-06	-3.346895e-02	1.052422e+01
5.540000e-06	-3.466527e-02	1.062013e+01
5.550000e-06	-3.863198e-02	1.079948e+01
5.560000e-06	-3.659580e-02	1.094466e+01
5.570000e-06	-3.692694e-02	1.106110e+01
5.580000e-06	-4.284230e-02	1.114581e+01
5.590000e-06	-4.025368e-02	1.125316e+01
5.600000e-06	-4.018549e-02	1.143690e+01
5.610000e-06	-4.161406e-02	1.154274e+01
5.620000e-06	-4.716722e-02	1.162813e+01
5.630000e-06	-4.549977e-02	1.177579e+01
5.640000e-06	-4.742564e-02	1.185153e+01
5.650000e-06	-4.955694e-02	1.191425e+01
5.660000e-06	-5.070242e-02	1.196742e+01
5.670000e-06	-5.128585e-02	1.210263e+01
5.680000e-06	-5.432566e-02	1.216487e+01
5.690000e-06	-5.629307e-02	1.220050e+01
5.700000e-06	-5.399818e-02	1.228368e+01
5.710000e-06	-5.701528e-02	1.233532e+01
5.720000e-06	-6.042671e-02	1.239040e+01
5.730000e-06	-6.480457e-02	1.246161e+01
5.740000e-06	-6.504348e-02	1.250574e+01
5.750000e-06	-6.747153e-02	1.255582e+01
5.760000e-06	-6.845133e-02	1.256587e+01
5.770000e-06	-6.970153e-02	1.260743e+01
5.780000e-06	-7.440337e-02	1.261203e+01
5.790000e-06	-7.681482e-02	1.262106e+01
5.800000e-06	-7.908712e-02	1.267108e+01
5.810000e-06	-7.804868e-02	1.268163e+01
5.820000e-06	-8.306285e-02	1.268261e+01
5.830000e-06	-8.546954e-02	1.266321e+01
5.840000e-06	-8.910760e-02	1.270364e+01
5.850000e-06	-9.115574e-02	1.269418e+01
5.860000e-06	-9.495171e-02	1.269474e+01
5.870000e-06	-9.735839e-02	1.267366e+01
5.880000e-06	-1.003642e-01	1.267368e+01
5.890000e-06	-1.043471e-01	1.265113e+01
5.900000e-06	-1.076876e-01	1.267051e+01
5.910000e-06	-1.121987e-01	1.260953e+01
5.920000e-06	-1.177431e-01	1.257837e+01
5.930000e-06	-1.251194e-01	1.254534e+01
5.940000e-06	-1.319597e-01	1.252569e+01
5.950000e-06	-1.397409e-01	1.246166e+01
5.960000e-06	-1.475735e-01	1.240853e+01
5.970000e-06	-1.552652e-01	1.235678e+01
5.980000e-06	-1.597232e-01	1.227171e+01
5.990000e-06	-1.623755e-01	1.224850e+01
6.000000e-06	-1.648547e-01	1.215534e+01
6.010000e-06	-1.623175e-01	1.210314e+01
6.020000e-06	-1.556346e-01	1.196737e+01
6.030000e-06	-1.488164e-01	1.192419e+01
6.040000e-06	-1.405135e-01	1.177900e+01
6.050000e-06	-1.335281e-01	1.172426e+01
6.060000e-06	-1.245575e-01	1.159648e+01
6.070000e-06	-1.163306e-01	1.149306e+01
6.080000e-06	-1.091465e-01	1.137587e+01
6.090000e-06	-1.034913e-01	1.124009e+01
6.100000e-06	-9.402659e-02	1.113379e+01
6.110000e-06	-8.974144e-02	1.104003e+01
6.120000e-06	-8.356550e-02	1.094527e+01
6.130000e-06	-8.042973e-02	1.077851e+01
6.140000e-06	-7.247526e-02	1.071169e+01
6.150000e-06	-7.003921e-02	1.052572e+01
6.160000e-06	-6.399333e-02	1.039845e+01
6.170000e-06	-6.184185e-02	1.029206e+01
6.180000e-06	-6.000984e-02	1.014584e+01
6.190000e-06	-5.733825e-02	1.004795e+01
6.200000e-06	-5.295930e-02	9.869454e+00
6.210000e-06	-4.983876e-02	9.680662e+00
6.220000e-06	-4.784624e-02	9.504815e+00
6.230000e-06	-4.667052e-02	9.376323e+00
6.240000e-06	-4.418853e-02	9.179034e+00
6.250000e-06	-4.193747e-02	9.091164e+00
6.260000e-06	-4.005159e-02	8.881633e+00
6.270000e-06	-3.829178e-02	8.703237e+00
6.280000e-06	-3.728321e-02	8.574817e+00
6.290000e-06	-3.608732e-02	8.356376e+00
6.300000e-06	-3.430782e-02	8.146525e+00
6.310000e-06	-3.279296e-02	7.954902e+00
6.320000e-06	-3.048604e-02	7.788397e+00
6.330000e-06	-3.033730e-02	7.568405e+00
6.340000e-06	-2.906212e-02	7.426471e+00
6.350000e-06	-2.800279e-02	7.176355e+00
6.360000e-06	-2.535120e-02	6.997351e+00
6.370000e-06	-2.603287e-02	6.799328e+00
6.380000e-06	-2.679909e-02	6.576845e+00
6.390000e-06	-2.476463e-02	6.367820e+00
6.400000e-06	-2.333040e-02	6.156374e+00
6.410000e-06	-2.263669e-02	6.025924e+00
6.420000e-06	-2.188931e-02	5.775221e+00
6.430000e-06	-2.014409e-02	5.545841e+00
6.440000e-06	-1.930821e-02	5.285291e+00
6.450000e-06	-1.868178e-02	5.051034e+00
6.460000e-06	-2.011749e-02	4.778999e+00
6.470000e-06	-1.777672e-02	4.578928e+00
6.480000e-06	-1.717264e-02	4.378004e+00
6.490000e-06	-1.613257e-02	4.124873e+00
6.500000e-06	-1.714643e-02	3.946192e+00
6.510000e-06	-1.494309e-02	3.684764e+00
6.520000e-06	-1.309496e-02	3.514767e+00
6.530000e-06	-1.286534e-02	3.230689e+00
6.540000e-06	-1.225825e-02	3.011529e+00
6.550000e-06	-1.190330e-02	2.851031e+00
6.560000e-06	-9.571854e-03	2.538394e+00
6.570000e-06	-1.048581e-02	2.286766e+00
6.580000e-06	-1.006866e-02	2.103236e+00
6.590000e-06	-1.053884e-02	1.913791e+00
6.600000e-06	-9.300110e-03	1.618954e+00
6.610000e-06	-8.556604e-03	1.387476e+00
6.620000e-06	-7.482466e-03	1.097322e+00
6.630000e-06	-6.707709e-03	8.816054e-01
6.640000e-06	-4.277356e-03	6.010813e-01
6.650000e-06	-5.323700e-03	3.990501e-01
6.660000e-06	-4.109725e-03	1.877413e-01
6.670000e-06	-3.671069e-03	-7.520396e-02
6.680000e-06	6.198846e-03	-2.857605e-01
6.690000e-06	-2.908619e-03	-4.937039e-01
6.700000e-06	3.800906e-03	-7.599437e-01
6.710000e-06	-1.985778e-03	-9.577671e-01
6.720000e-06	3.517438e-03	-1.156417e+00
6.730000e-06	1.521959e-04	-1.389549e+00
6.740000e-06	1.793481e-02	-1.641628e+00
6.750000e-06	8.428114e-02	-1.820626e+00
6.760000e-06	1.442404e-02	-2.125734e+00
6.770000e-06	-6.380025e-02	-2.423629e+00
6.780000e-06	-6.375158e-03	-2.716339e+00
6.790000e-06	-5.020959e-02	-2.804684e+00
6.800000e-06	-5.306302e-02	-3.094167e+00
6.810000e-06	1.595519e-01	-3.189500e+00
6.820000e-06	-6.757105e-02	-3.440475e+00
6.830000e-06	-4.350179e-03	-3.693105e+00
6.840000e-06	1.234882e-01	-3.849055e+00
6.850000e-06	-1.767076e-01	-4.105838e+00
6.860000e-06	1.228828e-01	-4.347289e+00
6.870000e-06	2.535852e-03	-4.535609e+00
6.880000e-06	-5.798912e-02	-4.788547e+00
6.890000e-06	1.481023e-01	-4.975839e+00
6.900000e-06	-1.167067e-01	-5.222551e+00
6.910000e-06	7.108000e-02	-5.528338e+00
6.920000e-06	3.975424e-03	-5.695212e+00
6.930000e-06	-4.641207e-02	-5.936317e+00
6.940000e-06	1.133524e-01	-6.106240e+00
6.950000e-06	-8.624139e-02	-6.368394e+00
6.960000e-06	9.185932e-02	-6.566822e+00
6.970000e-06	-2.074824e-02	-6.767895e+00
6.980000e-06	2.223824e-02	-7.029052e+00
6.990000e-06	6.824398e-02	-7.241525e+00
7.000000e-06	-7.838839e-02	-7.442573e+00
7.010000e-06	9.901734e-02	-7.600973e+00
7.020000e-06	-4.286765e-02	-7.853078e+00
7.030000e-06	5.920695e-02	-8.032557e+00
7.040000e-06	1.740886e-02	-8.220072e+00
7.050000e-06	3.538750e-03	-8.360420e+00
7.060000e-06	4.667055e-02	-8.535797e+00
7.070000e-06	-2.694784e-02	-8.737323e+00
7.080000e-06	7.044753e-02	-8.914289e+00
7.090000e-06	-2.360451e-03	-9.062079e+00
7.100000e-06	4.927804e-02	-9.220425e+00
7.110000e-06	-3.602687e-03	-9.387947e+00
7.120000e-06	2.359267e-02	-9.556319e+00
7.130000e-06	4.084474e-02	-9.674236e+00
7.140000e-06	1.779284e-02	-9.830580e+00
7.150000e-06	4.048181e-02	-9.955418e+00
7.160000e-06	1.155211e-02	-1.014429e+01
7.170000e-06	4.565567e-02	-1.024111e+01
7.180000e-06	1.166791e-02	-1.045348e+01
7.190000e-06	4.199754e-02	-1.055532e+01
7.200000e-06	2.931058e-02	-1.066363e+01
7.210000e-06	3.952374e-02	-1.084997e+01
7.220000e-06	2.400477e-02	-1.090531e+01
7.230000e-06	3.607616e-02	-1.105160e+01
7.240000e-06	4.283650e-02	-1.121082e+01
7.250000e-06	3.644060e-02	-1.128376e+01
7.260000e-06	3.866306e-02	-1.139997e+01
7.270000e-06	3.561876e-02	-1.152572e+01
7.280000e-06	4.837336e-02	-1.161108e+01
7.290000e-06	3.587429e-02	-1.176782e+01
7.300000e-06	4.549595e-02	-1.191209e+01
7.310000e-06	4.505544e-02	-1.193424e+01
7.320000e-06	5.048953e-02	-1.202945e+01
7.330000e-06	4.280459e-02	-1.213469e+01
7.340000e-06	5.132153e-02	-1.218729e+01
7.350000e-06	5.497516e-02	-1.218155e+01
7.360000e-06	5.504845e-02	-1.229311e+01
7.370000e-06	5.331551e-02	-1.230431e+01
7.380000e-06	5.347340e-02	-1.235928e+01
7.390000e-06	6.014532e-02	-1.238945e+01
7.400000e-06	5.893817e-02	-1.250214e+01
7.410000e-06	6.473250e-02	-1.251626e+01
7.420000e-06	6.433475e-02	-1.257724e+01
7.430000e-06	6.665371e-02	-1.258840e+01
7.440000e-06	6.876653e-02	-1.261798e+01
7.450000e-06	7.141069e-02	-1.263145e+01
7.460000e-06	7.446951e-02	-1.265156e+01
7.470000e-06	7.572038e-02	-1.267205e+01
7.480000e-06	7.976668e-02	-1.269211e+01
7.490000e-06	8.207591e-02	-1.270214e+01
7.500000e-06	8.250739e-02	-1.268316e+01
7.510000e-06	8.470738e-02	-1.270356e+01
7.520000e-06	8.913765e-02	-1.268106e+01
7.530000e-06	9.420904e-02	-1.271261e+01
7.540000e-06	9.524582e-02	-1.265053e+01
7.550000e-06	9.959463e-02	-1.265101e+01
7.560000e-06	1.041322e-01	-1.260900e+01
7.570000e-06	1.084313e-01	-1.258782e+01
7.580000e-06	1.137283e-01	-1.257629e+01
7.590000e-06	1.204331e-01	-1.254412e+01
7.600000e-06	1.296737e-01	-1.246053e+01
7.610000e-06	1.366049e-01	-1.242745e+01
7.620000e-06	1.444733e-01	-1.232519e+01
7.630000e-06	1.496185e-01	-1.227261e+01
7.640000e-06	1.559610e-01	-1.223005e+01
7.650000e-06	1.565515e-01	-1.217577e+01
7.660000e-06	1.556091e-01	-1.209316e+01
7.670000e-06	1.535463e-01	-1.200895e+01
7.680000e-06	1.470030e-01	-1.194512e+01
7.690000e-06	1.429693e-01	-1.186000e+01
7.700000e-06	1.325477e-01	-1.172584e+01
7.710000e-06	1.217687e-01	-1.160890e+01
7.720000e-06	1.148827e-01	-1.146164e+01
7.730000e-06	1.057162e-01	-1.139485e+01
7.740000e-06	1.024239e-01	-1.127206e+01
7.750000e-06	9.064034e-02	-1.113467e+01
7.760000e-06	8.700974e-02	-1.105943e+01
7.770000e-06	7.930140e-02	-1.091371e+01
7.780000e-06	7.503392e-02	-1.076840e+01
7.790000e-06	6.999813e-02	-1.068368e+01
7.800000e-06	6.583190e-02	-1.055693e+01
7.810000e-06	6.085425e-02	-1.044251e+01
7.820000e-06	5.647942e-02	-1.025416e+01
7.830000e-06	5.316698e-02	-1.015582e+01
7.840000e-06	5.279129e-02	-1.000838e+01
7.850000e-06	4.927022e-02	-9.881613e+00
7.860000e-06	4.591702e-02	-9.746795e+00
7.870000e-06	4.241599e-02	-9.577879e+00
7.880000e-06	3.867264e-02	-9.420500e+00
7.890000e-06	3.730177e-02	-9.250053e+00
7.900000e-06	3.555527e-02	-9.093738e+00
7.910000e-06	3.434957e-02	-8.915244e+00
7.920000e-06	3.123228e-02	-8.766774e+00
7.930000e-06	2.988028e-02	-8.578873e+00
7.940000e-06	2.939350e-02	-8.387874e+00
7.950000e-06	2.795104e-02	-8.220530e+00
7.960000e-06	2.597158e-02	-8.062684e+00
7.970000e-06	2.383017e-02	-7.860555e+00
7.980000e-06	2.348798e-02	-7.628880e+00
7.990000e-06	2.115447e-02	-7.400476e+00
8.000000e-06	1.965115e-02	-7.219033e+00
8.010000e-06	1.900948e-02	-7.070055e+00
8.020000e-06	1.922639e-02	-6.829451e+00
8.030000e-06	1.736887e-02	-6.620483e+00
8.040000e-06	1.590888e-02	-6.449507e+00
8.050000e-06	1.462840e-02	-6.212506e+00
8.060000e-06	1.530275e-02	-6.008026e+00
8.070000e-06	1.396232e-02	-5.810000e+00
8.080000e-06	1.267849e-02	-5.598929e+00
8.090000e-06	9.986840e-03	-5.418878e+00
8.100000e-06	1.209340e-02	-5.144792e+00
8.110000e-06	8.856167e-03	-4.912163e+00
8.120000e-06	1.080109e-02	-4.599458e+00
8.130000e-06	7.314930e-03	-4.442554e+00
8.140000e-06	7.875834e-03	-4.244209e+00
8.150000e-06	6.089748e-03	-4.042109e+00
8.160000e-06	7.269337e-03	-3.808999e+00
8.170000e-06	5.372431e-03	-3.607952e+00
8.180000e-06	4.187256e-03	-3.355922e+00
8.190000e-06	4.320697e-03	-3.177297e+00
8.200000e-06	3.431636e-03	-2.911683e+00
8.210000e-06	2.830135e-03	-2.681634e+00
8.220000e-06	1.386530e-03	-2.457584e+00
8.230000e-06	2.155166e-03	-2.209876e+00
8.240000e-06	1.551633e-03	-1.965400e+00
8.250000e-06	2.871490e-04	-1.715815e+00
8.260000e-06	-6.496631e-04	-1.505793e+00
8.270000e-06	-1.259275e-04	-1.209577e+00
8.280000e-06	-1.332939e-03	-9.873972e-01
8.290000e-06	-3.286883e-03	-7.368184e-01
8.300000e-06	-4.998192e-03	-5.141603e-01
8.310000e-06	-3.063434e-03	-2.621105e-01
8.320000e-06	-2.032757e-03	-6.355534e-02
8.330000e-06	3.963060e-03	1.999487e-01
8.340000e-06	5.210860e-04	4.225550e-01
8.350000e-06	-2.622757e-03	6.417039e-01
8.360000e-06	-1.203928e-04	8.020775e-01
8.370000e-06	-4.681231e-03	1.085152e+00
8.380000e-06	-4.071635e-03	1.315816e+00
8.390000e-06	-4.276106e-03	1.578444e+00
8.400000e-06	1.198846e-02	1.800975e+00
8.410000e-06	5.781052e-02	1.980945e+00
8.420000e-06	3.078476e-02	2.223081e+00
8.430000e-06	-7.355088e-02	2.516684e+00
8.440000e-06	-2.703554e-02	2.781494e+00
8.450000e-06	-3.536470e-02	2.990001e+00
8.460000e-06	-6.539647e-02	3.167899e+00
8.470000e-06	1.002671e-02	3.296709e+00
8.480000e-06	1.235869e-01	3.538447e+00
8.490000e-06	-1.534262e-01	3.737343e+00
8.500000e-06	9.135071e-02	3.929363e+00
8.510000e-06	-3.785722e-03	4.198975e+00
8.520000e-06	-9.413532e-02	4.441499e+00
8.530000e-06	7.806473e-02	4.683104e+00
8.540000e-06	-4.604380e-02	4.873630e+00
8.550000e-06	-1.058137e-02	5.157917e+00
8.560000e-06	7.745856e-03	5.429626e+00
8.570000e-06	-4.487852e-02	5.612951e+00
8.580000e-06	7.899617e-03	5.820609e+00
8.590000e-06	-3.484325e-02	6.053659e+00
8.600000e-06	-1.027840e-02	6.293207e+00
8.610000e-06	-2.559414e-02	6.483179e+00
8.620000e-06	-1.212603e-02	6.736837e+00
8.630000e-06	8.233122e-03	6.916314e+00
8.640000e-06	-4.551556e-02	7.124263e+00
8.650000e-06	2.138417e-02	7.286287e+00
8.660000e-06	-4.842462e-02	7.565367e+00
8.670000e-06	-2.268563e-02	7.786837e+00
8.680000e-06	-1.258883e-02	7.927370e+00
8.690000e-06	-2.583805e-02	8.178450e+00
8.700000e-06	-8.429800e-03	8.336316e+00
8.710000e-06	-3.838001e-02	8.494213e+00
8.720000e-06	-1.826821e-02	8.632632e+00
8.730000e-06	-3.057730e-02	8.827954e+00
8.740000e-06	-1.370586e-02	8.939818e+00
8.750000e-06	-2.766161e-02	9.115888e+00
8.760000e-06	-2.762909e-02	9.305259e+00
8.770000e-06	-2.145003e-02	9.462583e+00
8.780000e-06	-3.641898e-02	9.618425e+00
8.790000e-06	-2.852893e-02	9.786419e+00
8.800000e-06	-2.786060e-02	9.914690e+00
8.810000e-06	-2.476318e-02	1.008419e+01
8.820000e-06	-3.709847e-02	1.021053e+01
8.830000e-06	-3.271088e-02	1.037790e+01
8.840000e-06	-3.322152e-02	1.053321e+01
8.850000e-06	-3.374964e-02	1.060998e+01
8.860000e-06	-3.865837e-02	1.079832e+01
8.870000e-06	-3.566099e-02	1.093571e+01
8.880000e-06	-3.603231e-02	1.100895e+01
8.890000e-06	-4.113694e-02	1.113479e+01
8.900000e-06	-4.179027e-02	1.128158e+01
8.910000e-06	-4.000356e-02	1.137689e+01
8.920000e-06	-4.153431e-02	1.145422e+01
8.930000e-06	-4.657944e-02	1.159888e+01
8.940000e-06	-4.506600e-02	1.176635e+01
8.950000e-06	-4.591476e-02	1.182250e+01
8.960000e-06	-4.978632e-02	1.190274e+01
8.970000e-06	-5.157176e-02	1.199837e+01
8.980000e-06	-4.972042e-02	1.207261e+01
8.990000e-06	-5.252729e-02	1.211634e+01
9.000000e-06	-5.642915e-02	1.219797e+01
9.010000e-06	-5.503832e-02	1.226211e+01
9.020000e-06	-5.556804e-02	1.233584e+01
9.030000e-06	-6.023866e-02	1.240785e+01
9.040000e-06	-6.467991e-02	1.248358e+01
9.050000e-06	-6.569059e-02	1.249314e+01
9.060000e-06	-6.569002e-02	1.250621e+01
9.070000e-06	-6.851234e-02	1.255642e+01
9.080000e-06	-7.119701e-02	1.258935e+01
9.090000e-06	-7.401523e-02	1.260105e+01
9.100000e-06	-7.628967e-02	1.266203e+01
9.110000e-06	-7.912943e-02	1.264108e+01
9.120000e-06	-8.019661e-02	1.264168e+01
9.130000e-06	-8.220405e-02	1.268316e+01
9.140000e-06	-8.667381e-02	1.270219e+01
9.150000e-06	-8.703012e-02	1.270264e+01
9.160000e-06	-9.278490e-02	1.269314e+01
9.170000e-06	-9.235350e-02	1.269416e+01
9.180000e-06	-9.668286e-02	1.268164e+01
9.190000e-06	-9.845098e-02	1.265261e+01
9.200000e-06	-1.040776e-01	1.265263e+01
9.210000e-06	-1.095365e-01	1.263103e+01
9.220000e-06	-1.107965e-01	1.264000e+01
9.230000e-06	-1.168176e-01	1.256690e+01
9.240000e-06	-1.235298e-01	1.258677e+01
9.250000e-06	-1.308078e-01	1.250327e+01
9.260000e-06	-1.392668e-01	1.247309e+01
9.270000e-06	-1.454185e-01	1.246955e+01
9.280000e-06	-1.536885e-01	1.236628e+01
9.290000e-06	-1.573254e-01	1.229429e+01
9.300000e-06	-1.639991e-01	1.224098e+01
9.310000e-06	-1.640088e-01	1.220640e+01
9.320000e-06	-1.610503e-01	1.211116e+01
9.330000e-06	-1.593850e-01	1.201780e+01
9.340000e-06	-1.499016e-01	1.191322e+01
9.350000e-06	-1.456303e-01	1.183948e+01
9.360000e-06	-1.310414e-01	1.172527e+01
9.370000e-06	-1.243745e-01	1.162101e+01
9.380000e-06	-1.172097e-01	1.150166e+01
9.390000e-06	-1.087059e-01	1.136741e+01
9.400000e-06	-1.041387e-01	1.124011e+01
9.410000e-06	-9.487176e-02	1.116679e+01
9.420000e-06	-9.556888e-02	1.103103e+01
9.430000e-06	-8.472880e-02	1.093632e+01
9.440000e-06	-7.954105e-02	1.082803e+01
9.450000e-06	-7.358449e-02	1.072169e+01
9.460000e-06	-6.918611e-02	1.056692e+01
9.470000e-06	-6.532325e-02	1.044893e+01
9.480000e-06	-6.011482e-02	1.028313e+01
9.490000e-06	-5.960439e-02	1.014532e+01
9.500000e-06	-5.802078e-02	9.999031e+00
9.510000e-06	-5.489515e-02	9.881184e+00
9.520000e-06	-5.237057e-02	9.712716e+00
9.530000e-06	-4.882792e-02	9.525693e+00
9.540000e-06	-4.729107e-02	9.367553e+00
9.550000e-06	-4.391463e-02	9.199510e+00
9.560000e-06	-4.132779e-02	9.133638e+00
9.570000e-06	-3.959635e-02	8.913137e+00
9.580000e-06	-3.877268e-02	8.685691e+00
9.590000e-06	-3.908327e-02	8.545822e+00
9.600000e-06	-3.607073e-02	8.388426e+00
9.610000e-06	-3.416667e-02	8.197979e+00
9.620000e-06	-3.358901e-02	8.028997e+00
9.630000e-06	-3.238072e-02	7.819029e+00
9.640000e-06	-3.109802e-02	7.610953e+00
9.650000e-06	-2.758774e-02	7.408878e+00
9.660000e-06	-2.837317e-02	7.208849e+00
9.670000e-06	-2.765536e-02	7.007528e+00
9.680000e-06	-2.571496e-02	6.810429e+00
9.690000e-06	-2.419170e-02	6.607933e+00
9.700000e-06	-2.547630e-02	6.377927e+00
9.710000e-06	-2.494781e-02	6.208930e+00
9.720000e-06	-2.252738e-02	6.010005e+00
9.730000e-06	-2.147074e-02	5.786896e+00
9.740000e-06	-2.106748e-02	5.537322e+00
9.750000e-06	-2.082348e-02	5.357870e+00
9.760000e-06	-1.828448e-02	5.131245e+00
9.770000e-06	-1.762991e-02	4.830637e+00
9.780000e-06	-1.820462e-02	4.629478e+00
9.790000e-06	-1.805734e-02	4.431508e+00
9.800000e-06	-1.638045e-02	4.209975e+00
9.810000e-06	-1.567875e-02	3.956870e+00
9.820000e-06	-1.492595e-02	3.734876e+00
9.830000e-06	-1.418435e-02	3.546320e+00
9.840000e-06	-1.305126e-02	3.274587e+00
9.850000e-06	-1.144658e-02	3.072662e+00
9.860000e-06	-1.250349e-02	2.851613e+00
9.870000e-06	-9.921894e-03	2.620159e+00
9.880000e-06	-1.082120e-02	2.327396e+00
9.890000e-06	-1.030346e-02	2.125792e+00
9.900000e-06	-1.048756e-02	1.946270e+00
9.910000e-06	-9.861326e-03	1.702683e+00
9.920000e-06	-8.016565e-03	1.419580e+00
9.930000e-06	-5.975178e-03	1.177500e+00
9.940000e-06	-6.592313e-03	8.946628e-01
9.950000e-06	-6.376346e-03	6.911116e-01
9.960000e-06	-5.493974e-03	4.526077e-01
9.970000e-06	-4.495300e-03	2.084201e-01
9.980000e-06	-3.130620e-03	-4.413026e-02
9.990000e-06	6.798680e-03	-2.631327e-01
1.000000e-05	-9.420868e-04	-4.436027e-01
1.001000e-05	1.247773e-03	-7.063116e-01
1.002000e-05	-1.395147e-03	-9.277118e-01
1.003000e-05	2.349547e-03	-1.097238e+00
1.004000e-05	8.506408e-04	-1.318366e+00
1.005000e-05	1.201422e-02	-1.590450e+00
1.006000e-05	7.497141e-02	-1.778449e+00
1.007000e-05	4.103391e-02	-2.031499e+00
1.008000e-05	-7.161898e-02	-2.361049e+00
1.009000e-05	-4.995764e-03	-2.674258e+00
1.010000e-05	-4.509511e-02	-2.873580e+00
1.011000e-05	-6.708480e-02	-3.084654e+00
1.012000e-05	1.366458e-01	-3.178446e+00
1.013000e-05	-8.765137e-03	-3.379417e+00
1.014000e-05	-6.503847e-02	-3.621103e+00
1.015000e-05	1.702433e-01	-3.799974e+00
1.016000e-05	-1.629436e-01	-4.063635e+00
1.017000e-05	8.457523e-02	-4.304232e+00
1.018000e-05	5.039216e-02	-4.443156e+00
1.019000e-05	-9.209543e-02	-4.746864e+00
1.020000e-05	1.517562e-01	-4.915311e+00
1.021000e-05	-8.585298e-02	-5.198968e+00
1.022000e-05	2.280216e-02	-5.454633e+00
1.023000e-05	5.283880e-02	-5.653181e+00
1.024000e-05	-8.209570e-02	-5.915763e+00
1.025000e-05	1.252900e-01	-6.084209e+00
1.026000e-05	-7.786885e-02	-6.306841e+00
1.027000e-05	6.416590e-02	-6.526794e+00
1.028000e-05	1.618871e-02	-6.747391e+00
1.029000e-05	-1.434944e-02	-6.988951e+00
1.030000e-05	9.863383e-02	-7.188919e+00
1.031000e-05	-8.784464e-02	-7.398951e+00
1.032000e-05	9.026089e-02	-7.548892e+00
1.033000e-05	-2.620021e-02	-7.778020e+00
1.034000e-05	3.329317e-02	-8.041579e+00
1.035000e-05	4.264729e-02	-8.186397e+00
1.036000e-05	-1.449296e-02	-8.356844e+00
1.037000e-05	6.105909e-02	-8.515817e+00
1.038000e-05	-3.424087e-02	-8.733637e+00
1.039000e-05	6.597555e-02	-8.884234e+00
1.040000e-05	6.206161e-03	-9.021552e+00
1.041000e-05	4.064590e-02	-9.218846e+00
1.042000e-05	1.065037e-02	-9.315897e+00
1.043000e-05	8.193161e-03	-9.537816e+00
1.044000e-05	5.034506e-02	-9.671154e+00
1.045000e-05	1.105942e-02	-9.789494e+00
1.046000e-05	4.664050e-02	-9.956768e+00
1.047000e-05	7.209461e-03	-1.007523e+01
1.048000e-05	4.707169e-02	-1.023001e+01
1.049000e-05	1.346390e-02	-1.041040e+01
1.050000e-05	3.748542e-02	-1.054579e+01
1.051000e-05	3.092861e-02	-1.068208e+01
1.052000e-05	3.787647e-02	-1.078787e+01
1.053000e-05	2.931180e-02	-1.086466e+01
1.054000e-05	2.892903e-02	-1.101845e+01
1.055000e-05	4.520261e-02	-1.114779e+01
1.056000e-05	3.510022e-02	-1.128364e+01
1.057000e-05	4.283111e-02	-1.140838e+01
1.058000e-05	3.246622e-02	-1.151464e+01
1.059000e-05	4.920384e-02	-1.162061e+01
1.060000e-05	3.601462e-02	-1.171627e+01
1.061000e-05	4.682888e-02	-1.183058e+01
1.062000e-05	4.471104e-02	-1.191471e+01
1.063000e-05	4.888633e-02	-1.201895e+01
1.064000e-05	4.403495e-02	-1.211411e+01
1.065000e-05	5.079154e-02	-1.217635e+01
1.066000e-05	5.621878e-02	-1.221850e+01
1.067000e-05	5.371664e-02	-1.228159e+01
1.068000e-05	5.339968e-02	-1.234569e+01
1.069000e-05	5.340469e-02	-1.238735e+01
1.070000e-05	6.016119e-02	-1.238910e+01
1.071000e-05	5.909818e-02	-1.250353e+01
1.072000e-05	6.442952e-02	-1.248377e+01
1.073000e-05	6.502692e-02	-1.256587e+01
1.074000e-05	6.533684e-02	-1.257742e+01
1.075000e-05	6.851799e-02	-1.264843e+01
1.076000e-05	7.017106e-02	-1.264056e+01
1.077000e-05	7.413999e-02	-1.266903e+01
1.078000e-05	7.622992e-02	-1.267108e+01
1.079000e-05	7.900870e-02	-1.267064e+01
1.080000e-05	8.032685e-02	-1.273256e+01
1.081000e-05	8.272563e-02	-1.269311e+01
1.082000e-05	8.593453e-02	-1.269109e+01
1.083000e-05	8.804858e-02	-1.267166e+01
1.084000e-05	9.335258e-02	-1.271256e+01
1.085000e-05	9.543490e-02	-1.267051e+01
1.086000e-05	9.936987e-02	-1.268106e+01
1.087000e-05	1.024350e-01	-1.258995e+01
1.088000e-05	1.054884e-01	-1.261885e+01
1.089000e-05	1.130002e-01	-1.256537e+01
1.090000e-05	1.217813e-01	-1.251409e+01
1.091000e-05	1.279642e-01	-1.245158e+01
1.092000e-05	1.340211e-01	-1.237740e+01
1.093000e-05	1.433724e-01	-1.236630e+01
1.094000e-05	1.508742e-01	-1.228308e+01
1.095000e-05	1.557242e-01	-1.224950e+01
1.096000e-05	1.554593e-01	-1.220737e+01
1.097000e-05	1.572914e-01	-1.211361e+01
1.098000e-05	1.548031e-01	-1.200885e+01
1.099000e-05	1.500390e-01	-1.191421e+01
1.100000e-05	1.416588e-01	-1.185045e+01
1.101000e-05	1.332078e-01	-1.176579e+01
1.102000e-05	1.245583e-01	-1.162790e+01
1.103000e-05	1.155019e-01	-1.151414e+01
1.104000e-05	1.074330e-01	-1.139780e+01
1.105000e-05	1.011611e-01	-1.133161e+01
1.106000e-05	9.379460e-02	-1.114532e+01
1.107000e-05	8.703450e-02	-1.103045e+01
1.108000e-05	8.055327e-02	-1.091424e+01
1.109000e-05	7.467575e-02	-1.081950e+01
1.110000e-05	7.122537e-02	-1.071367e+01
1.111000e-05	6.715181e-02	-1.060945e+01
1.112000e-05	6.222375e-02	-1.048156e+01
1.113000e-05	5.742873e-02	-1.034321e+01
1.114000e-05	5.440245e-02	-1.014782e+01
1.115000e-05	5.332160e-02	-1.003903e+01
1.116000e-05	4.890683e-02	-9.883187e+00
1.117000e-05	4.443409e-02	-9.767819e+00
1.118000e-05	4.271604e-02	-9.618479e+00
1.119000e-05	4.151950e-02	-9.380509e+00
1.120000e-05	3.820703e-02	-9.271515e+00
1.121000e-05	3.566413e-02	-9.114246e+00
1.122000e-05	3.453469e-02	-8.955823e+00
1.123000e-05	3.259412e-02	-8.795828e+00
1.124000e-05	3.025717e-02	-8.608925e+00
1.125000e-05	2.844179e-02	-8.429476e+00
1.126000e-05	2.824762e-02	-8.282128e+00
1.127000e-05	2.708509e-02	-8.094064e+00
1.128000e-05	2.489254e-02	-7.922683e+00
1.129000e-05	2.202100e-02	-7.661510e+00
1.130000e-05	2.162954e-02	-7.461056e+00
1.131000e-05	2.019087e-02	-7.222058e+00
1.132000e-05	1.865039e-02	-7.070589e+00
1.133000e-05	1.663091e-02	-6.820555e+00
1.134000e-05	1.757991e-02	-6.649108e+00
1.135000e-05	1.768407e-02	-6.492110e+00
1.136000e-05	1.649147e-02	-6.208591e+00
1.137000e-05	1.580857e-02	-6.049956e+00
1.138000e-05	1.316218e-02	-5.830535e+00
1.139000e-05	1.209221e-02	-5.622104e+00
1.140000e-05	9.934058e-03	-5.419487e+00
1.141000e-05	1.030038e-02	-5.175879e+00
1.142000e-05	7.835512e-03	-4.905219e+00
1.143000e-05	1.016538e-02	-4.681580e+00
1.144000e-05	7.899894e-03	-4.462109e+00
1.145000e-05	8.843072e-03	-4.284663e+00
1.146000e-05	8.354048e-03	-4.062709e+00
1.147000e-05	8.640960e-03	-3.862033e+00
1.148000e-05	5.696026e-03	-3.611504e+00
1.149000e-05	4.281746e-03	-3.398475e+00
1.150000e-05	2.133895e-03	-3.167950e+00
1.151000e-05	2.304581e-03	-2.893742e+00
1.152000e-05	4.793924e-04	-2.703216e+00
1.153000e-05	1.776258e-03	-2.441609e+00
1.154000e-05	2.589657e-03	-2.262084e+00
1.155000e-05	2.093193e-03	-1.988401e+00
1.156000e-05	1.609501e-03	-1.776825e+00
1.157000e-05	1.241930e-03	-1.546349e+00
1.158000e-05	-7.739520e-04	-1.253155e+00
1.159000e-05	-2.562300e-03	-9.784226e-01
1.160000e-05	-5.011936e-03	-7.980238e-01
1.161000e-05	-4.018222e-03	-5.462657e-01
1.162000e-05	-4.518740e-03	-3.137630e-01
1.163000e-05	-4.144550e-03	-8.416660e-02
1.164000e-05	2.480272e-03	1.472959e-01
1.165000e-05	2.818722e-03	3.899526e-01
1.166000e-05	-2.733292e-03	5.799774e-01
1.167000e-05	-9.500845e-04	8.115789e-01
1.168000e-05	-4.672921e-03	1.020550e+00
1.169000e-05	-3.319761e-03	1.304211e+00
1.170000e-05	-4.747102e-03	1.575310e+00
1.171000e-05	5.998762e-03	1.737894e+00
1.172000e-05	4.880322e-02	1.939492e+00
1.173000e-05	4.892182e-02	2.190495e+00
1.174000e-05	-6.998911e-02	2.425707e+00
1.175000e-05	-3.273762e-02	2.768971e+00
1.176000e-05	-3.513823e-02	2.938393e+00
1.177000e-05	-5.563788e-02	3.177791e+00
1.178000e-05	-2.357095e-02	3.274758e+00
1.179000e-05	1.408959e-01	3.516317e+00
1.180000e-05	-1.301373e-01	3.704338e+00
1.181000e-05	4.379040e-02	3.934242e+00
1.182000e-05	4.954085e-02	4.149293e+00
1.183000e-05	-1.206447e-01	4.431021e+00
1.184000e-05	7.261917e-02	4.568524e+00
1.185000e-05	-2.607589e-02	4.841502e+00
1.186000e-05	-2.959740e-02	5.084711e+00
1.187000e-05	1.791868e-02	5.346970e+00
1.188000e-05	-4.775352e-02	5.589475e+00
1.189000e-05	8.275792e-03	5.828999e+00
1.190000e-05	-2.796125e-02	6.032529e+00
1.191000e-05	-1.934505e-02	6.212560e+00
1.192000e-05	-1.934914e-02	6.473025e+00
1.193000e-05	-2.251542e-02	6.694687e+00
1.194000e-05	1.927357e-02	6.904282e+00
1.195000e-05	-4.807929e-02	7.084788e+00
1.196000e-05	1.663911e-02	7.265653e+00
1.197000e-05	-3.637100e-02	7.494787e+00
1.198000e-05	-3.260934e-02	7.697768e+00
1.199000e-05	-5.835961e-03	7.914789e+00
1.200000e-05	-2.984544e-02	8.126818e+00
1.201000e-05	-7.295651e-03	8.345819e+00
1.202000e-05	-3.599163e-02	8.463657e+00
1.203000e-05	-2.188455e-02	8.632529e+00
1.204000e-05	-2.853119e-02	8.747946e+00
1.205000e-05	-1.774142e-02	8.945813e+00
1.206000e-05	-2.204596e-02	9.096216e+00
1.207000e-05	-3.035366e-02	9.284185e+00
1.208000e-05	-2.005494e-02	9.421054e+00
1.209000e-05	-3.515056e-02	9.608398e+00
1.210000e-05	-2.965145e-02	9.755821e+00
1.211000e-05	-2.706569e-02	9.884192e+00
1.212000e-05	-2.580420e-02	1.006363e+01
1.213000e-05	-3.493779e-02	1.024838e+01
1.214000e-05	-3.577525e-02	1.030834e+01
1.215000e-05	-3.024955e-02	1.045263e+01
1.216000e-05	-3.388776e-02	1.056903e+01
1.217000e-05	-3.818719e-02	1.070729e+01
1.218000e-05	-3.718514e-02	1.086263e+01
1.219000e-05	-3.597987e-02	1.098840e+01
1.220000e-05	-4.126724e-02	1.110574e+01
1.221000e-05	-4.238336e-02	1.127100e+01
1.222000e-05	-3.988232e-02	1.136634e+01
1.223000e-05	-4.162394e-02	1.143206e+01
1.224000e-05	-4.599433e-02	1.158898e+01
1.225000e-05	-4.642379e-02	1.172436e+01
1.226000e-05	-4.528012e-02	1.177898e+01
1.227000e-05	-4.896976e-02	1.192421e+01
1.228000e-05	-5.145471e-02	1.198687e+01
1.229000e-05	-4.990698e-02	1.206303e+01
1.230000e-05	-5.403279e-02	1.216526e+01
1.231000e-05	-5.640970e-02	1.219742e+01
1.232000e-05	-5.471245e-02	1.225168e+01
1.233000e-05	-5.519901e-02	1.230322e+01
1.234000e-05	-5.986139e-02	1.236045e+01
1.235000e-05	-6.406149e-02	1.245100e+01
1.236000e-05	-6.442564e-02	1.246311e+01
1.237000e-05	-6.620785e-02	1.253629e+01
1.238000e-05	-6.880179e-02	1.257684e+01
1.239000e-05	-7.111218e-02	1.257840e+01
1.240000e-05	-7.058110e-02	1.262895e+01
1.241000e-05	-7.627537e-02	1.263103e+01
1.242000e-05	-7.874982e-02	1.265061e+01
1.243000e-05	-7.984614e-02	1.266361e+01
1.244000e-05	-7.985707e-02	1.269121e+01
1.245000e-05	-8.553403e-02	1.270166e+01
1.246000e-05	-8.840898e-02	1.270369e+01
1.247000e-05	-8.969214e-02	1.266267e+01
1.248000e-05	-9.369916e-02	1.271414e+01
1.249000e-05	-9.666984e-02	1.267516e+01
1.250000e-05	-9.976104e-02	1.266219e+01
1.251000e-05	-1.023943e-01	1.266216e+01
1.252000e-05	-1.061062e-01	1.264008e+01
1.253000e-05	-1.107943e-01	1.261958e+01
1.254000e-05	-1.158556e-01	1.258935e+01
1.255000e-05	-1.222463e-01	1.256637e+01
1.256000e-05	-1.287244e-01	1.255524e+01
1.257000e-05	-1.364335e-01	1.247371e+01
1.258000e-05	-1.455846e-01	1.244098e+01
1.259000e-05	-1.525657e-01	1.235730e+01
1.260000e-05	-1.579432e-01	1.229377e+01
1.261000e-05	-1.625607e-01	1.224116e+01
1.262000e-05	-1.634428e-01	1.216783e+01
1.263000e-05	-1.627521e-01	1.213169e+01
1.264000e-05	-1.578004e-01	1.200840e+01
1.265000e-05	-1.503097e-01	1.193379e+01
1.266000e-05	-1.437990e-01	1.183953e+01
1.267000e-05	-1.353941e-01	1.171585e+01
1.268000e-05	-1.276159e-01	1.162043e+01
1.269000e-05	-1.179804e-01	1.154375e+01
1.270000e-05	-1.102368e-01	1.142750e+01
1.271000e-05	-1.036163e-01	1.128121e+01
1.272000e-05	-9.696176e-02	1.115682e+01
1.273000e-05	-9.050978e-02	1.105311e+01
1.274000e-05	-8.449407e-02	1.096637e+01
1.275000e-05	-8.157857e-02	1.081309e+01
1.276000e-05	-7.537582e-02	1.070415e+01
1.277000e-05	-7.038345e-02	1.054848e+01
1.278000e-05	-6.573675e-02	1.043004e+01
1.279000e-05	-6.260657e-02	1.029316e+01
1.280000e-05	-5.976073e-02	1.017682e+01
1.281000e-05	-5.682635e-02	1.005105e+01
1.282000e-05	-5.378681e-02	9.863239e+00
1.283000e-05	-5.213215e-02	9.695342e+00
1.284000e-05	-4.722539e-02	9.546897e+00
1.285000e-05	-4.617091e-02	9.397900e+00
1.286000e-05	-4.567361e-02	9.283583e+00
1.287000e-05	-4.321510e-02	9.093714e+00
1.288000e-05	-4.105011e-02	8.937696e+00
1.289000e-05	-3.906271e-02	8.777319e+00
1.290000e-05	-3.879897e-02	8.578396e+00
1.291000e-05	-3.646269e-02	8.409056e+00
1.292000e-05	-3.465065e-02	8.218558e+00
1.293000e-05	-3.253479e-02	8.020053e+00
1.294000e-05	-3.110443e-02	7.831083e+00
1.295000e-05	-3.065173e-02	7.672082e+00
1.296000e-05	-3.039944e-02	7.448983e+00
1.297000e-05	-2.937775e-02	7.220450e+00
1.298000e-05	-2.688541e-02	7.029528e+00
1.299000e-05	-2.558189e-02	6.771979e+00
1.300000e-05	-2.555345e-02	6.670555e+00
1.301000e-05	-2.548616e-02	6.409429e+00
1.302000e-05	-2.433865e-02	6.190554e+00
1.303000e-05	-2.209017e-02	6.040559e+00
1.304000e-05	-2.220379e-02	5.799083e+00
1.305000e-05	-2.189367e-02	5.598955e+00
1.306000e-05	-2.020544e-02	5.376980e+00
1.307000e-05	-1.865326e-02	5.115816e+00
1.308000e-05	-1.956286e-02	4.872111e+00
1.309000e-05	-1.864403e-02	4.661582e+00
1.310000e-05	-1.671879e-02	4.431034e+00
1.311000e-05	-1.665338e-02	4.259061e+00
1.312000e-05	-1.553014e-02	3.986426e+00
1.313000e-05	-1.765642e-02	3.806420e+00
1.314000e-05	-1.247053e-02	3.597424e+00
1.315000e-05	-1.460625e-02	3.321671e+00
1.316000e-05	-1.122239e-02	3.084188e+00
1.317000e-05	-1.173638e-02	2.873138e+00
1.318000e-05	-8.958672e-03	2.662636e+00
1.319000e-05	-1.131570e-02	2.397374e+00
1.320000e-05	-1.044462e-02	2.146850e+00
1.321000e-05	-1.157259e-02	1.947895e+00
1.322000e-05	-9.343081e-03	1.712246e+00
1.323000e-05	-8.226277e-03	1.492610e+00
1.324000e-05	-7.244958e-03	1.220031e+00
1.325000e-05	-6.721133e-03	9.073458e-01
1.326000e-05	-5.685528e-03	6.737396e-01
1.327000e-05	-3.650207e-03	4.536315e-01
1.328000e-05	-3.401265e-03	2.706618e-01
1.329000e-05	-2.785651e-03	-4.059993e-02
1.330000e-05	2.961518e-03	-2.620264e-01
1.331000e-05	-1.801508e-03	-4.515775e-01
1.332000e-05	5.071980e-04	-6.657530e-01
1.333000e-05	-4.200871e-04	-9.046843e-01
1.334000e-05	1.854773e-03	-1.105236e+00
1.335000e-05	1.684605e-03	-1.334685e+00
1.336000e-05	9.979463e-03	-1.607896e+00
1.337000e-05	6.176979e-02	-1.710392e+00
1.338000e-05	6.581972e-02	-1.988493e+00
1.339000e-05	-7.352668e-02	-2.339943e+00
1.340000e-05	-6.020425e-03	-2.652235e+00
1.341000e-05	-4.061244e-02	-2.833075e+00
1.342000e-05	-7.292281e-02	-3.092605e+00
1.343000e-05	9.751846e-02	-3.207821e+00
1.344000e-05	5.227142e-02	-3.327362e+00
1.345000e-05	-1.175144e-01	-3.591000e+00
1.346000e-05	1.865134e-01	-3.786746e+00
1.347000e-05	-1.285135e-01	-4.032028e+00
1.348000e-05	3.017420e-02	-4.283730e+00
1.349000e-05	9.769548e-02	-4.442526e+00
1.350000e-05	-1.100009e-01	-4.726337e+00
1.351000e-05	1.335252e-01	-4.905715e+00
1.352000e-05	-4.194160e-02	-5.106264e+00
1.353000e-05	-2.782190e-02	-5.451161e+00
1.354000e-05	9.302721e-02	-5.611054e+00
1.355000e-05	-1.043163e-01	-5.893683e+00
1.356000e-05	1.248128e-01	-6.102603e+00
1.357000e-05	-5.127946e-02	-6.296213e+00
1.358000e-05	2.633809e-02	-6.514189e+00
1.359000e-05	4.898759e-02	-6.705212e+00
1.360000e-05	-4.584675e-02	-6.905784e+00
1.361000e-05	1.179241e-01	-7.166896e+00
1.362000e-05	-8.364776e-02	-7.347391e+00
1.363000e-05	6.666029e-02	-7.568265e+00
1.364000e-05	1.266266e-03	-7.787796e+00
1.365000e-05	5.537251e-03	-7.999875e+00
1.366000e-05	6.631147e-02	-8.157368e+00
1.367000e-05	-2.906917e-02	-8.335315e+00
1.368000e-05	6.739493e-02	-8.484184e+00
1.369000e-05	-3.230511e-02	-8.694111e+00
1.370000e-05	5.455800e-02	-8.863109e+00
1.371000e-05	1.764268e-02	-9.028926e+00
1.372000e-05	2.757364e-02	-9.128892e+00
1.373000e-05	2.654714e-02	-9.315735e+00
1.374000e-05	-4.404413e-03	-9.482686e+00
1.375000e-05	5.672965e-02	-9.672504e+00
1.376000e-05	8.129551e-03	-9.789450e+00
1.377000e-05	4.907126e-02	-9.915293e+00
1.378000e-05	8.853833e-03	-1.008208e+01
1.379000e-05	4.189933e-02	-1.025153e+01
1.380000e-05	1.715663e-02	-1.039988e+01
1.381000e-05	3.135610e-02	-1.052524e+01
1.382000e-05	3.612114e-02	-1.065248e+01
1.383000e-05	3.399718e-02	-1.075682e+01
1.384000e-05	3.323124e-02	-1.084553e+01
1.385000e-05	2.492745e-02	-1.101945e+01
1.386000e-05	4.861855e-02	-1.115476e+01
1.387000e-05	3.318493e-02	-1.125314e+01
1.388000e-05	4.267522e-02	-1.140667e+01
1.389000e-05	3.119561e-02	-1.150404e+01
1.390000e-05	4.889753e-02	-1.160885e+01
1.391000e-05	3.745556e-02	-1.174564e+01
1.392000e-05	4.405510e-02	-1.182945e+01
1.393000e-05	4.529068e-02	-1.192461e+01
1.394000e-05	4.833597e-02	-1.201892e+01
1.395000e-05	4.568164e-02	-1.210256e+01
1.396000e-05	4.781953e-02	-1.214530e+01
1.397000e-05	5.792895e-02	-1.219952e+01
1.398000e-05	5.403466e-02	-1.230263e+01
1.399000e-05	5.415614e-02	-1.231371e+01
1.400000e-05	5.126247e-02	-1.235674e+01
1.401000e-05	5.979669e-02	-1.239892e+01
1.402000e-05	5.778500e-02	-1.247159e+01
1.403000e-05	6.266736e-02	-1.250471e+01
1.404000e-05	6.586828e-02	-1.252682e+01
1.405000e-05	6.589662e-02	-1.257685e+01
1.406000e-05	6.717400e-02	-1.263953e+01
1.407000e-05	6.991601e-02	-1.263048e+01
1.408000e-05	7.329919e-02	-1.264101e+01
1.409000e-05	7.522696e-02	-1.267256e+01
1.410000e-05	7.743422e-02	-1.260256e+01
1.411000e-05	8.256741e-02	-1.269212e+01
1.412000e-05	8.329945e-02	-1.270214e+01
1.413000e-05	8.392371e-02	-1.267269e+01
1.414000e-05	8.632170e-02	-1.270354e+01
1.415000e-05	9.201442e-02	-1.270061e+01
1.416000e-05	9.593593e-02	-1.267256e+01
1.417000e-05	9.885838e-02	-1.265101e+01
1.418000e-05	1.016178e-01	-1.262898e+01
1.419000e-05	1.075318e-01	-1.260792e+01
1.420000e-05	1.130263e-01	-1.258579e+01
1.421000e-05	1.187349e-01	-1.251429e+01
1.422000e-05	1.249077e-01	-1.249501e+01
1.423000e-05	1.343799e-01	-1.244900e+01
1.424000e-05	1.432896e-01	-1.234617e+01
1.425000e-05	1.482817e-01	-1.229216e+01
1.426000e-05	1.521399e-01	-1.227050e+01
1.427000e-05	1.563958e-01	-1.219738e+01
1.428000e-05	1.584673e-01	-1.213426e+01
1.429000e-05	1.535825e-01	-1.200038e+01
1.430000e-05	1.500408e-01	-1.197582e+01
1.431000e-05	1.437724e-01	-1.185051e+01
1.432000e-05	1.357425e-01	-1.174529e+01
1.433000e-05	1.239497e-01	-1.165014e+01
1.434000e-05	1.162982e-01	-1.153269e+01
1.435000e-05	1.111901e-01	-1.140791e+01
1.436000e-05	1.029869e-01	-1.130262e+01
1.437000e-05	9.414423e-02	-1.117724e+01
1.438000e-05	8.735912e-02	-1.107696e+01
1.439000e-05	8.263187e-02	-1.092576e+01
1.440000e-05	7.525324e-02	-1.084846e+01
1.441000e-05	7.072523e-02	-1.072422e+01
1.442000e-05	6.735578e-02	-1.063795e+01
1.443000e-05	6.391491e-02	-1.047319e+01
1.444000e-05	5.929084e-02	-1.035375e+01
1.445000e-05	5.450087e-02	-1.018903e+01
1.446000e-05	5.202338e-02	-1.004046e+01
1.447000e-05	4.909829e-02	-9.893741e+00
1.448000e-05	4.630041e-02	-9.785875e+00
1.449000e-05	4.347058e-02	-9.630482e+00
1.450000e-05	4.108053e-02	-9.501160e+00
1.451000e-05	3.886929e-02	-9.314193e+00
1.452000e-05	3.631047e-02	-9.135819e+00
1.453000e-05	3.421976e-02	-8.977347e+00
1.454000e-05	3.222741e-02	-8.819031e+00
1.455000e-05	3.117819e-02	-8.628057e+00
1.456000e-05	2.983879e-02	-8.449982e+00
1.457000e-05	2.915838e-02	-8.273138e+00
1.458000e-05	2.632964e-02	-8.114843e+00
1.459000e-05	2.415321e-02	-7.952741e+00
1.460000e-05	2.377410e-02	-7.683637e+00
1.461000e-05	2.210952e-02	-7.524642e+00
1.462000e-05	2.157060e-02	-7.284714e+00
1.463000e-05	1.907881e-02	-7.132664e+00
1.464000e-05	1.916881e-02	-6.841589e+00
1.465000e-05	1.801466e-02	-6.683140e+00
1.466000e-05	1.686155e-02	-6.433688e+00
1.467000e-05	1.555386e-02	-6.332262e+00
1.468000e-05	1.476277e-02	-6.051662e+00
1.469000e-05	1.429279e-02	-5.851158e+00
1.470000e-05	1.379195e-02	-5.681165e+00
1.471000e-05	1.165502e-02	-5.472608e+00
1.472000e-05	1.153541e-02	-5.207450e+00
1.473000e-05	9.919342e-03	-4.976368e+00
1.474000e-05	9.856022e-03	-4.732239e+00
1.475000e-05	9.207094e-03	-4.485719e+00
1.476000e-05	6.814031e-03	-4.356292e+00
1.477000e-05	6.076482e-03	-4.104286e+00
1.478000e-05	6.959951e-03	-3.893265e+00
1.479000e-05	6.260103e-03	-3.651030e+00
1.480000e-05	5.395799e-03	-3.452506e+00
1.481000e-05	3.986571e-03	-3.198549e+00
1.482000e-05	3.908714e-03	-2.987873e+00
1.483000e-05	5.342864e-04	-2.745371e+00
1.484000e-05	2.462706e-03	-2.505215e+00
1.485000e-05	2.154119e-03	-2.283613e+00
1.486000e-05	2.570855e-03	-2.049551e+00
1.487000e-05	-1.155760e-03	-1.809955e+00
1.488000e-05	-2.779803e-04	-1.617400e+00
1.489000e-05	-1.384815e-03	-1.283686e+00
1.490000e-05	-2.323005e-04	-1.020510e+00
1.491000e-05	-3.928951e-03	-8.389540e-01
1.492000e-05	-3.666528e-03	-5.779562e-01
1.493000e-05	-5.219644e-03	-3.457658e-01
1.494000e-05	-3.198961e-03	-1.052407e-01
1.495000e-05	5.941965e-04	7.671309e-02
1.496000e-05	3.528078e-03	3.804224e-01
1.497000e-05	-3.995058e-03	5.489973e-01
1.498000e-05	8.763974e-04	7.399710e-01
1.499000e-05	-4.892204e-03	9.713488e-01
1.500000e-05	-3.492513e-03	1.253107e+00
1.501000e-05	-5.384723e-03	1.505689e+00
1.502000e-05	5.555310e-03	1.717466e+00
1.503000e-05	4.009744e-02	1.918342e+00
1.504000e-05	6.157798e-02	2.147917e+00
1.505000e-05	-6.214497e-02	2.431150e+00
1.506000e-05	-3.945263e-02	2.706317e+00
1.507000e-05	-3.401460e-02	2.906917e+00
1.508000e-05	-4.904457e-02	3.103787e+00
1.509000e-05	-4.927222e-02	3.243632e+00
1.510000e-05	1.430687e-01	3.485159e+00
1.511000e-05	-9.443767e-02	3.676209e+00
1.512000e-05	-1.690303e-02	3.842680e+00
1.513000e-05	9.516029e-02	4.105687e+00
1.514000e-05	-1.309534e-01	4.370445e+00
1.515000e-05	5.652402e-02	4.587073e+00
1.516000e-05	-2.534866e-03	4.842499e+00
1.517000e-05	-4.677458e-02	5.063210e+00
1.518000e-05	2.727746e-02	5.335291e+00
1.519000e-05	-4.573519e-02	5.557947e+00
1.520000e-05	3.965836e-04	5.739346e+00
1.521000e-05	-2.114821e-02	6.010526e+00
1.522000e-05	-2.495573e-02	6.241575e+00
1.523000e-05	-1.079004e-02	6.401950e+00
1.524000e-05	-3.208921e-02	6.642053e+00
1.525000e-05	2.244411e-02	6.852683e+00
1.526000e-05	-4.418328e-02	7.052733e+00
1.527000e-05	7.289896e-03	7.270280e+00
1.528000e-05	-2.232646e-02	7.491658e+00
1.529000e-05	-4.359555e-02	7.674188e+00
1.530000e-05	-1.365434e-03	7.975212e+00
1.531000e-05	-3.118959e-02	8.104287e+00
1.532000e-05	-6.688158e-03	8.282164e+00
1.533000e-05	-3.296174e-02	8.453081e+00
1.534000e-05	-2.539161e-02	8.580979e+00
1.535000e-05	-2.557429e-02	8.716842e+00
1.536000e-05	-2.120988e-02	8.925264e+00
1.537000e-05	-1.721885e-02	9.056239e+00
1.538000e-05	-3.357354e-02	9.273155e+00
1.539000e-05	-1.962586e-02	9.399528e+00
1.540000e-05	-3.339512e-02	9.566817e+00
1.541000e-05	-3.176492e-02	9.725868e+00
1.542000e-05	-2.657994e-02	9.883613e+00
1.543000e-05	-2.642394e-02	1.002253e+01
1.544000e-05	-3.075717e-02	1.014785e+01
1.545000e-05	-3.822963e-02	1.032529e+01
1.546000e-05	-3.090940e-02	1.043298e+01
1.547000e-05	-3.560942e-02	1.058797e+01
1.548000e-05	-3.555562e-02	1.074374e+01
1.549000e-05	-3.807694e-02	1.089408e+01
1.550000e-05	-3.657890e-02	1.098847e+01
1.551000e-05	-4.139527e-02	1.106421e+01
1.552000e-05	-4.270719e-02	1.118888e+01
1.553000e-05	-3.874935e-02	1.132529e+01
1.554000e-05	-4.135497e-02	1.147203e+01
1.555000e-05	-4.504810e-02	1.156742e+01
1.556000e-05	-4.645487e-02	1.166464e+01
1.557000e-05	-4.513419e-02	1.179893e+01
1.558000e-05	-4.977254e-02	1.186309e+01
1.559000e-05	-5.255473e-02	1.198830e+01
1.560000e-05	-4.978760e-02	1.204951e+01
1.561000e-05	-5.200317e-02	1.208476e+01
1.562000e-05	-5.540884e-02	1.221790e+01
1.563000e-05	-5.713676e-02	1.222053e+01
1.564000e-05	-5.399458e-02	1.230372e+01
1.565000e-05	-5.854285e-02	1.238887e+01
1.566000e-05	-6.382417e-02	1.243106e+01
1.567000e-05	-6.659559e-02	1.251371e+01
1.568000e-05	-6.627320e-02	1.253474e+01
1.569000e-05	-6.677693e-02	1.252678e+01
1.570000e-05	-7.097439e-02	1.261890e+01
1.571000e-05	-7.212645e-02	1.259903e+01
1.572000e-05	-7.610792e-02	1.262053e+01
1.573000e-05	-7.836761e-02	1.263108e+01
1.574000e-05	-7.933069e-02	1.265351e+01
1.575000e-05	-8.201951e-02	1.266261e+01
1.576000e-05	-8.327129e-02	1.269271e+01
1.577000e-05	-8.770044e-02	1.271364e+01
1.578000e-05	-8.961188e-02	1.268419e+01
1.579000e-05	-9.360383e-02	1.267416e+01
1.580000e-05	-9.619097e-02	1.268364e+01
1.581000e-05	-9.830124e-02	1.265363e+01
1.582000e-05	-1.003151e-01	1.265259e+01
1.583000e-05	-1.056431e-01	1.266206e+01
1.584000e-05	-1.103080e-01	1.264950e+01
1.585000e-05	-1.156140e-01	1.260800e+01
1.586000e-05	-1.214946e-01	1.254727e+01
1.587000e-05	-1.289745e-01	1.252529e+01
1.588000e-05	-1.362717e-01	1.248271e+01
1.589000e-05	-1.434825e-01	1.246061e+01
1.590000e-05	-1.505180e-01	1.236785e+01
1.591000e-05	-1.562023e-01	1.231569e+01
1.592000e-05	-1.624204e-01	1.228261e+01
1.593000e-05	-1.638095e-01	1.219743e+01
1.594000e-05	-1.625425e-01	1.210214e+01
1.595000e-05	-1.587465e-01	1.200945e+01
1.596000e-05	-1.521993e-01	1.192574e+01
1.597000e-05	-1.439927e-01	1.185059e+01
1.598000e-05	-1.358665e-01	1.179685e+01
1.599000e-05	-1.288068e-01	1.164204e+01
1.600000e-05	-1.207034e-01	1.151474e+01
1.601000e-05	-1.123342e-01	1.141843e+01
1.602000e-05	-1.035917e-01	1.132362e+01
1.603000e-05	-9.719316e-02	1.120787e+01
1.604000e-05	-9.218487e-02	1.110409e+01
1.605000e-05	-8.634693e-02	1.095745e+01
1.606000e-05	-8.072366e-02	1.085258e+01
1.607000e-05	-7.554289e-02	1.070519e+01
1.608000e-05	-7.342848e-02	1.062100e+01
1.609000e-05	-6.707398e-02	1.043108e+01
1.610000e-05	-6.351411e-02	1.031532e+01
1.611000e-05	-6.011633e-02	1.018793e+01
1.612000e-05	-5.754232e-02	1.009261e+01
1.613000e-05	-5.453788e-02	9.893717e+00
1.614000e-05	-5.214719e-02	9.727302e+00
1.615000e-05	-5.012790e-02	9.586426e+00
1.616000e-05	-4.618809e-02	9.429431e+00
1.617000e-05	-4.488413e-02	9.263161e+00
1.618000e-05	-4.427045e-02	9.126772e+00
1.619000e-05	-4.127538e-02	8.935876e+00
1.620000e-05	-4.013836e-02	8.746922e+00
1.621000e-05	-3.738584e-02	8.587949e+00
1.622000e-05	-3.747092e-02	8.389531e+00
1.623000e-05	-3.385656e-02	8.262513e+00
1.624000e-05	-3.359056e-02	8.052063e+00
1.625000e-05	-3.306994e-02	7.872108e+00
1.626000e-05	-3.007045e-02	7.664741e+00
1.627000e-05	-2.901657e-02	7.473582e+00
1.628000e-05	-2.897035e-02	7.249957e+00
1.629000e-05	-2.969303e-02	7.031561e+00
1.630000e-05	-2.660043e-02	6.842566e+00
1.631000e-05	-2.527104e-02	6.662189e+00
1.632000e-05	-2.470060e-02	6.422582e+00
1.633000e-05	-2.446997e-02	6.211633e+00
1.634000e-05	-2.196000e-02	6.072658e+00
1.635000e-05	-2.215404e-02	5.850587e+00
1.636000e-05	-2.254460e-02	5.609454e+00
1.637000e-05	-2.020148e-02	5.412033e+00
1.638000e-05	-1.886912e-02	5.176951e+00
1.639000e-05	-1.789700e-02	4.893710e+00
1.640000e-05	-1.970138e-02	4.673663e+00
1.641000e-05	-1.750449e-02	4.463189e+00
1.642000e-05	-1.575496e-02	4.284262e+00
1.643000e-05	-1.453049e-02	3.989501e+00
1.644000e-05	-1.532597e-02	3.809976e+00
1.645000e-05	-1.419331e-02	3.650054e+00
1.646000e-05	-1.224039e-02	3.395924e+00
1.647000e-05	-1.295986e-02	3.146817e+00
1.648000e-05	-1.206934e-02	2.895268e+00
1.649000e-05	-1.204944e-02	2.764867e+00
1.650000e-05	-9.922111e-03	2.449026e+00
1.651000e-05	-1.015042e-02	2.187076e+00
1.652000e-05	-9.750356e-03	1.998501e+00
1.653000e-05	-8.867243e-03	1.765845e+00
1.654000e-05	-7.497017e-03	1.493713e+00
1.655000e-05	-7.834812e-03	1.240708e+00
1.656000e-05	-6.750606e-03	9.593500e-01
1.657000e-05	-6.079920e-03	7.143158e-01
1.658000e-05	-5.294530e-03	5.047607e-01
1.659000e-05	-4.530355e-03	2.626872e-01
1.660000e-05	-4.301642e-03	5.014505e-04
1.661000e-05	4.524813e-03	-2.110711e-01
1.662000e-05	3.577099e-03	-4.089987e-01
1.663000e-05	-1.073654e-03	-6.312488e-01
1.664000e-05	2.106739e-03	-8.636527e-01
1.665000e-05	-2.071825e-04	-1.092603e+00
1.666000e-05	2.330677e-03	-1.284155e+00
1.667000e-05	5.139210e-03	-1.527896e+00
1.668000e-05	5.002453e-02	-1.737291e+00
1.669000e-05	8.152189e-02	-1.947338e+00
1.670000e-05	-6.625771e-02	-2.255663e+00
1.671000e-05	-1.385096e-02	-2.622500e+00
1.672000e-05	-3.251438e-02	-2.771472e+00
1.673000e-05	-7.084380e-02	-2.992598e+00
1.674000e-05	5.654391e-02	-3.148370e+00
1.675000e-05	1.049305e-01	-3.323212e+00
1.676000e-05	-1.550704e-01	-3.548971e+00
1.677000e-05	1.673221e-01	-3.786190e+00
1.678000e-05	-8.475397e-02	-3.990922e+00
1.679000e-05	-2.451543e-02	-4.231604e+00
1.680000e-05	1.331791e-01	-4.420947e+00
1.681000e-05	-1.133633e-01	-4.653600e+00
1.682000e-05	1.012349e-01	-4.882188e+00
1.683000e-05	1.306465e-02	-5.074584e+00
1.684000e-05	-7.374526e-02	-5.429977e+00
1.685000e-05	1.224751e-01	-5.612003e+00
1.686000e-05	-1.094415e-01	-5.831055e+00
1.687000e-05	1.019543e-01	-6.031104e+00
1.688000e-05	-1.811063e-02	-6.272653e+00
1.689000e-05	-1.213813e-02	-6.493660e+00
1.690000e-05	8.344652e-02	-6.663109e+00
1.691000e-05	-6.494012e-02	-6.886783e+00
1.692000e-05	1.191560e-01	-7.135310e+00
1.693000e-05	-6.556013e-02	-7.335313e+00
1.694000e-05	3.446231e-02	-7.516262e+00
1.695000e-05	3.330115e-02	-7.727164e+00
1.696000e-05	-2.070694e-02	-7.936820e+00
1.697000e-05	8.252773e-02	-8.135842e+00
1.698000e-05	-3.486331e-02	-8.295684e+00
1.699000e-05	6.488051e-02	-8.422608e+00
1.700000e-05	-2.179032e-02	-8.631508e+00
1.701000e-05	3.877734e-02	-8.853005e+00
1.702000e-05	3.463471e-02	-8.989998e+00
1.703000e-05	1.403454e-02	-9.146844e+00
1.704000e-05	3.985854e-02	-9.295208e+00
1.705000e-05	-1.449039e-02	-9.482186e+00
1.706000e-05	5.792434e-02	-9.640978e+00
1.707000e-05	8.609518e-03	-9.799318e+00
1.708000e-05	4.611968e-02	-9.905213e+00
1.709000e-05	1.347725e-02	-1.007065e+01
1.710000e-05	3.737104e-02	-1.023947e+01
1.711000e-05	2.439441e-02	-1.038779e+01
1.712000e-05	2.588976e-02	-1.051419e+01
1.713000e-05	3.829690e-02	-1.062050e+01
1.714000e-05	3.089165e-02	-1.078582e+01
1.715000e-05	3.743458e-02	-1.086256e+01
1.716000e-05	2.173713e-02	-1.100798e+01
1.717000e-05	4.761417e-02	-1.113619e+01
1.718000e-05	3.322578e-02	-1.127053e+01
1.719000e-05	4.415267e-02	-1.137785e+01
1.720000e-05	3.172763e-02	-1.148211e+01
1.721000e-05	4.667361e-02	-1.156685e+01
1.722000e-05	3.941260e-02	-1.172422e+01
1.723000e-05	4.219154e-02	-1.181893e+01
1.724000e-05	4.593561e-02	-1.192319e+01
1.725000e-05	4.697429e-02	-1.196690e+01
1.726000e-05	4.777197e-02	-1.208314e+01
1.727000e-05	4.650281e-02	-1.214582e+01
1.728000e-05	5.652714e-02	-1.223895e+01
1.729000e-05	5.381781e-02	-1.223108e+01
1.730000e-05	5.576997e-02	-1.230521e+01
1.731000e-05	5.147043e-02	-1.236582e+01
1.732000e-05	5.853534e-02	-1.241940e+01
1.733000e-05	5.783361e-02	-1.244098e+01
1.734000e-05	6.233143e-02	-1.252426e+01
1.735000e-05	6.624851e-02	-1.254484e+01
1.736000e-05	6.585605e-02	-1.256635e+01
1.737000e-05	6.720624e-02	-1.259750e+01
1.738000e-05	6.895789e-02	-1.263048e+01
1.739000e-05	7.392520e-02	-1.267896e+01
1.740000e-05	7.648036e-02	-1.265113e+01
1.741000e-05	7.752811e-02	-1.268109e+01
1.742000e-05	8.023157e-02	-1.268311e+01
1.743000e-05	8.179902e-02	-1.270209e+01
1.744000e-05	8.313192e-02	-1.269254e+01
1.745000e-05	8.523326e-02	-1.266219e+01
1.746000e-05	9.214766e-02	-1.267106e+01
1.747000e-05	9.584988e-02	-1.267169e+01
1.748000e-05	9.684246e-02	-1.264053e+01
1.749000e-05	1.017994e-01	-1.264900e+01
1.750000e-05	1.064871e-01	-1.259890e+01
1.751000e-05	1.118227e-01	-1.257737e+01
1.752000e-05	1.170078e-01	-1.252277e+01
1.753000e-05	1.240446e-01	-1.250156e+01
1.754000e-05	1.327476e-01	-1.239848e+01
1.755000e-05	1.408311e-01	-1.237680e+01
1.756000e-05	1.481784e-01	-1.232321e+01
1.757000e-05	1.533781e-01	-1.226148e+01
1.758000e-05	1.560309e-01	-1.222635e+01
1.759000e-05	1.563801e-01	-1.210424e+01
1.760000e-05	1.545001e-01	-1.202101e+01
1.761000e-05	1.516171e-01	-1.196629e+01
1.762000e-05	1.441920e-01	-1.189461e+01
1.763000e-05	1.354396e-01	-1.176678e+01
1.764000e-05	1.262081e-01	-1.166260e+01
1.765000e-05	1.198076e-01	-1.153379e+01
1.766000e-05	1.113574e-01	-1.146043e+01
1.767000e-05	1.024029e-01	-1.131322e+01
1.768000e-05	9.470249e-02	-1.116792e+01
1.769000e-05	8.892224e-02	-1.108149e+01
1.770000e-05	8.295937e-02	-1.094534e+01
1.771000e-05	7.613844e-02	-1.083046e+01
1.772000e-05	7.157253e-02	-1.072530e+01
1.773000e-05	6.929058e-02	-1.063051e+01
1.774000e-05	6.363194e-02	-1.049369e+01
1.775000e-05	5.893811e-02	-1.038433e+01
1.776000e-05	5.501713e-02	-1.025003e+01
1.777000e-05	5.426981e-02	-1.008161e+01
1.778000e-05	4.941940e-02	-9.935266e+00
1.779000e-05	4.640553e-02	-9.827924e+00
1.780000e-05	4.329244e-02	-9.672532e+00
1.781000e-05	4.109042e-02	-9.493666e+00
1.782000e-05	3.859827e-02	-9.374267e+00
1.783000e-05	3.556910e-02	-9.167443e+00
1.784000e-05	3.618049e-02	-9.019451e+00
1.785000e-05	3.377180e-02	-8.829882e+00
1.786000e-05	3.196968e-02	-8.671464e+00
1.787000e-05	2.964550e-02	-8.492037e+00
1.788000e-05	2.871302e-02	-8.283240e+00
1.789000e-05	2.689743e-02	-8.125314e+00
1.790000e-05	2.418503e-02	-7.933825e+00
1.791000e-05	2.312898e-02	-7.755743e+00
1.792000e-05	2.234659e-02	-7.534292e+00
1.793000e-05	2.161676e-02	-7.295315e+00
1.794000e-05	1.970533e-02	-7.155768e+00
1.795000e-05	1.793220e-02	-6.902614e+00
1.796000e-05	1.806832e-02	-6.715237e+00
1.797000e-05	1.741323e-02	-6.515294e+00
1.798000e-05	1.667737e-02	-6.355816e+00
1.799000e-05	1.521866e-02	-6.123162e+00
1.800000e-05	1.338455e-02	-5.943689e+00
1.801000e-05	1.271450e-02	-5.711713e+00
1.802000e-05	1.143848e-02	-5.504767e+00
1.803000e-05	1.079660e-02	-5.200534e+00
1.804000e-05	9.714084e-03	-4.946475e+00
1.805000e-05	9.767428e-03	-4.756246e+00
1.806000e-05	1.038955e-02	-4.545241e+00
1.807000e-05	7.702643e-03	-4.346797e+00
1.808000e-05	6.501577e-03	-4.126792e+00
1.809000e-05	7.333604e-03	-3.935793e+00
1.810000e-05	5.595841e-03	-3.671658e+00
1.811000e-05	4.497379e-03	-3.473134e+00
1.812000e-05	2.833093e-03	-3.230577e+00
1.813000e-05	3.807216e-03	-3.017901e+00
1.814000e-05	1.703987e-03	-2.797322e+00
1.815000e-05	2.202158e-03	-2.554295e+00
1.816000e-05	1.338886e-03	-2.325720e+00
1.817000e-05	1.593241e-03	-2.051533e+00
1.818000e-05	-7.089010e-05	-1.839459e+00
1.819000e-05	-3.701754e-04	-1.651551e+00
1.820000e-05	-2.123051e-03	-1.316696e+00
1.821000e-05	-1.530307e-03	-1.114660e+00
1.822000e-05	-4.184983e-03	-8.316338e-01
1.823000e-05	-2.929004e-03	-6.010851e-01
1.824000e-05	-4.522605e-03	-3.374249e-01
1.825000e-05	-3.704652e-03	-1.453700e-01
1.826000e-05	-8.030464e-04	7.575420e-02
1.827000e-05	4.456118e-03	3.178146e-01
1.828000e-05	-2.815310e-03	5.283421e-01
1.829000e-05	1.335117e-03	7.304160e-01
1.830000e-05	-5.361142e-03	9.478344e-01
1.831000e-05	-3.583164e-03	1.261100e+00
1.832000e-05	-5.307523e-03	1.462605e+00
1.833000e-05	2.353933e-03	1.714788e+00
1.834000e-05	3.039271e-02	1.895259e+00
1.835000e-05	6.897101e-02	2.106362e+00
1.836000e-05	-4.740112e-02	2.390470e+00
1.837000e-05	-4.852906e-02	2.663083e+00
1.838000e-05	-3.295258e-02	2.885737e+00
1.839000e-05	-4.148786e-02	3.044734e+00
1.840000e-05	-6.535929e-02	3.233626e+00
1.841000e-05	1.279322e-01	3.452526e+00
1.842000e-05	-4.533032e-02	3.674660e+00
1.843000e-05	-7.240170e-02	3.801054e+00
1.844000e-05	1.313522e-01	4.092578e+00
1.845000e-05	-1.285552e-01	4.357368e+00
1.846000e-05	3.117426e-02	4.516818e+00
1.847000e-05	2.388607e-02	4.759895e+00
1.848000e-05	-5.794678e-02	5.012426e+00
1.849000e-05	2.986661e-02	5.314811e+00
1.850000e-05	-4.176220e-02	5.546370e+00
1.851000e-05	-8.527089e-03	5.738263e+00
1.852000e-05	-1.052333e-02	5.980495e+00
1.853000e-05	-3.148279e-02	6.211975e+00
1.854000e-05	-6.356732e-03	6.373373e+00
1.855000e-05	-3.710325e-02	6.598479e+00
1.856000e-05	2.267214e-02	6.831501e+00
1.857000e-05	-3.641510e-02	7.034980e+00
1.858000e-05	-4.569099e-03	7.201006e+00
1.859000e-05	-7.580602e-03	7.432073e+00
1.860000e-05	-5.205252e-02	7.643687e+00
1.861000e-05	-9.657726e-04	7.851710e+00
1.862000e-05	-3.010224e-02	8.105063e+00
1.863000e-05	-9.332700e-03	8.262133e+00
1.864000e-05	-2.551721e-02	8.441477e+00
1.865000e-05	-3.170098e-02	8.578897e+00
1.866000e-05	-2.112235e-02	8.706366e+00
1.867000e-05	-2.666907e-02	8.933686e+00
1.868000e-05	-1.303199e-02	9.070590e+00
1.869000e-05	-3.464654e-02	9.222079e+00
1.870000e-05	-2.038788e-02	9.379923e+00
1.871000e-05	-3.069737e-02	9.545741e+00
1.872000e-05	-3.530316e-02	9.685292e+00
1.873000e-05	-2.478250e-02	9.872084e+00
1.874000e-05	-2.814670e-02	1.002058e+01
1.875000e-05	-2.808343e-02	1.014737e+01
1.876000e-05	-3.907966e-02	1.027326e+01
1.877000e-05	-2.865632e-02	1.043103e+01
1.878000e-05	-3.637185e-02	1.055789e+01
1.879000e-05	-3.525883e-02	1.072476e+01
1.880000e-05	-3.916986e-02	1.085050e+01
1.881000e-05	-3.506045e-02	1.095584e+01
1.882000e-05	-3.933352e-02	1.108416e+01
1.883000e-05	-4.374627e-02	1.117992e+01
1.884000e-05	-3.909726e-02	1.133571e+01
1.885000e-05	-3.994592e-02	1.144103e+01
1.886000e-05	-4.284203e-02	1.156532e+01
1.887000e-05	-4.791073e-02	1.166171e+01
1.888000e-05	-4.534967e-02	1.175840e+01
1.889000e-05	-4.843956e-02	1.187213e+01
1.890000e-05	-5.169459e-02	1.193629e+01
1.891000e-05	-4.983746e-02	1.203998e+01
1.892000e-05	-5.266360e-02	1.211424e+01
1.893000e-05	-5.485081e-02	1.218692e+01
1.894000e-05	-5.749372e-02	1.225106e+01
1.895000e-05	-5.327151e-02	1.231269e+01
1.896000e-05	-5.848257e-02	1.235935e+01
1.897000e-05	-6.233817e-02	1.237906e+01
1.898000e-05	-6.668991e-02	1.251214e+01
1.899000e-05	-6.561677e-02	1.250467e+01
1.900000e-05	-6.803647e-02	1.252622e+01
1.901000e-05	-6.990051e-02	1.260792e+01
1.902000e-05	-7.041622e-02	1.260795e+01
1.903000e-05	-7.468649e-02	1.263005e+01
1.904000e-05	-7.791410e-02	1.263213e+01
1.905000e-05	-7.930891e-02	1.269213e+01
1.906000e-05	-7.919447e-02	1.266361e+01
1.907000e-05	-8.371272e-02	1.268361e+01
1.908000e-05	-8.844103e-02	1.269314e+01
1.909000e-05	-8.994737e-02	1.270311e+01
1.910000e-05	-9.272647e-02	1.267261e+01
1.911000e-05	-9.473895e-02	1.268366e+01
1.912000e-05	-9.868812e-02	1.270159e+01
1.913000e-05	-1.004941e-01	1.269171e+01
1.914000e-05	-1.061315e-01	1.268156e+01
1.915000e-05	-1.076252e-01	1.262197e+01
1.916000e-05	-1.141911e-01	1.260890e+01
1.917000e-05	-1.198705e-01	1.256698e+01
1.918000e-05	-1.272647e-01	1.256529e+01
1.919000e-05	-1.341409e-01	1.252474e+01
1.920000e-05	-1.430884e-01	1.243114e+01
1.921000e-05	-1.506937e-01	1.239898e+01
1.922000e-05	-1.557190e-01	1.237534e+01
1.923000e-05	-1.605618e-01	1.226061e+01
1.924000e-05	-1.638187e-01	1.221885e+01
1.925000e-05	-1.628008e-01	1.210329e+01
1.926000e-05	-1.584547e-01	1.199198e+01
1.927000e-05	-1.519170e-01	1.194527e+01
1.928000e-05	-1.461867e-01	1.185211e+01
1.929000e-05	-1.363613e-01	1.176685e+01
1.930000e-05	-1.297715e-01	1.166373e+01
1.931000e-05	-1.206027e-01	1.155835e+01
1.932000e-05	-1.137798e-01	1.141958e+01
1.933000e-05	-1.050446e-01	1.134269e+01
1.934000e-05	-9.880476e-02	1.118645e+01
1.935000e-05	-9.191686e-02	1.109319e+01
1.936000e-05	-8.643951e-02	1.098745e+01
1.937000e-05	-8.199692e-02	1.087424e+01
1.938000e-05	-7.687323e-02	1.076737e+01
1.939000e-05	-7.321121e-02	1.061958e+01
1.940000e-05	-6.826933e-02	1.046159e+01
1.941000e-05	-6.469346e-02	1.035432e+01
1.942000e-05	-6.074928e-02	1.024006e+01
1.943000e-05	-5.852369e-02	1.009229e+01
1.944000e-05	-5.486169e-02	9.915792e+00
1.945000e-05	-5.281858e-02	9.758479e+00
1.946000e-05	-4.930389e-02	9.658982e+00
1.947000e-05	-4.731881e-02	9.462657e+00
1.948000e-05	-4.576840e-02	9.322712e+00
1.949000e-05	-4.467441e-02	9.167841e+00
1.950000e-05	-4.212363e-02	9.057451e+00
1.951000e-05	-3.923833e-02	8.799004e+00
1.952000e-05	-3.885805e-02	8.669532e+00
1.953000e-05	-3.702577e-02	8.481158e+00
1.954000e-05	-3.554458e-02	8.322138e+00
1.955000e-05	-3.369522e-02	8.082684e+00
1.956000e-05	-3.203676e-02	7.882666e+00
1.957000e-05	-3.094346e-02	7.695693e+00
1.958000e-05	-2.878463e-02	7.524239e+00
1.959000e-05	-3.002576e-02	7.254038e+00
1.960000e-05	-2.832044e-02	7.083686e+00
1.961000e-05	-2.737745e-02	6.903114e+00
1.962000e-05	-2.615919e-02	6.714388e+00
1.963000e-05	-2.434214e-02	6.481663e+00
1.964000e-05	-2.466305e-02	6.251684e+00
1.965000e-05	-2.323979e-02	6.063713e+00
1.966000e-05	-2.249923e-02	5.903210e+00
1.967000e-05	-2.117413e-02	5.662183e+00
1.968000e-05	-2.015864e-02	5.452135e+00
1.969000e-05	-1.910912e-02	5.230534e+00
1.970000e-05	-1.973756e-02	4.966825e+00
1.971000e-05	-1.856374e-02	4.725213e+00
1.972000e-05	-1.726945e-02	4.523190e+00
1.973000e-05	-1.735367e-02	4.344318e+00
1.974000e-05	-1.587682e-02	4.040579e+00
1.975000e-05	-1.544488e-02	3.812108e+00
1.976000e-05	-1.389762e-02	3.632626e+00
1.977000e-05	-1.295064e-02	3.420006e+00
1.978000e-05	-1.230725e-02	3.158325e+00
1.979000e-05	-1.174950e-02	2.946347e+00
1.980000e-05	-1.079340e-02	2.738317e+00
1.981000e-05	-9.930983e-03	2.481612e+00
1.982000e-05	-9.724320e-03	2.201082e+00
1.983000e-05	-1.105948e-02	2.040026e+00
1.984000e-05	-1.054643e-02	1.788876e+00
1.985000e-05	-1.011300e-02	1.524844e+00
1.986000e-05	-7.366179e-03	1.304289e+00
1.987000e-05	-6.227906e-03	1.010008e+00
1.988000e-05	-5.320009e-03	7.668713e-01
1.989000e-05	-6.094579e-03	5.243723e-01
1.990000e-05	-4.443565e-03	2.864184e-01
1.991000e-05	-3.665540e-03	6.160771e-02
1.992000e-05	2.371853e-03	-1.799197e-01
1.993000e-05	4.503413e-03	-3.588972e-01
1.994000e-05	-1.681062e-03	-5.919658e-01
1.995000e-05	2.709491e-03	-8.010001e-01
1.996000e-05	-1.275639e-03	-1.022030e+00
1.997000e-05	2.466492e-03	-1.252104e+00
1.998000e-05	3.043220e-03	-1.478337e+00
1.999000e-05	3.896030e-02	-1.684714e+00
2.000000e-05	9.106900e-02	-1.914733e+00
2.001000e-05	-5.056442e-02	-2.242501e+00
2.002000e-05	-2.635572e-02	-2.537968e+00
2.003000e-05	-2.445765e-02	-2.810975e+00
2.004000e-05	-6.605162e-02	-2.957346e+00
2.005000e-05	1.777673e-02	-3.137416e+00
2.006000e-05	1.502182e-01	-3.262554e+00
2.007000e-05	-1.543957e-01	-3.516816e+00
2.008000e-05	1.285631e-01	-3.704755e+00
2.009000e-05	-3.231206e-02	-3.936392e+00
2.010000e-05	-8.196974e-02	-4.169503e+00
2.011000e-05	1.537510e-01	-4.359973e+00
2.012000e-05	-9.821636e-02	-4.570505e+00
2.013000e-05	5.970482e-02	-4.863605e+00
2.014000e-05	6.713737e-02	-5.031578e+00
2.015000e-05	-1.122517e-01	-5.340366e+00
2.016000e-05	1.317719e-01	-5.569047e+00
2.017000e-05	-9.931601e-02	-5.819971e+00
2.018000e-05	6.705943e-02	-6.010550e+00
2.019000e-05	2.532306e-02	-6.199920e+00
2.020000e-05	-4.579913e-02	-6.422078e+00
2.021000e-05	1.034857e-01	-6.670530e+00
2.022000e-05	-7.129397e-02	-6.882628e+00
2.023000e-05	1.046176e-01	-7.073736e+00
2.024000e-05	-3.332034e-02	-7.305711e+00
2.025000e-05	-2.678333e-03	-7.514182e+00
2.026000e-05	6.351847e-02	-7.682155e+00
2.027000e-05	-4.203094e-02	-7.926793e+00
2.028000e-05	8.945872e-02	-8.085262e+00
2.029000e-05	-2.956881e-02	-8.293683e+00
2.030000e-05	5.275932e-02	-8.442105e+00
2.031000e-05	-5.218053e-03	-8.620454e+00
2.032000e-05	1.774932e-02	-8.820098e+00
2.033000e-05	4.852177e-02	-8.976818e+00
2.034000e-05	5.737497e-03	-9.076714e+00
2.035000e-05	4.803141e-02	-9.281081e+00
2.036000e-05	-1.560810e-02	-9.450485e+00
2.037000e-05	5.341610e-02	-9.629427e+00
2.038000e-05	1.464434e-02	-9.746343e+00
2.039000e-05	3.756670e-02	-9.884130e+00
2.040000e-05	1.951087e-02	-1.002095e+01
2.041000e-05	3.132423e-02	-1.023732e+01
2.042000e-05	3.165914e-02	-1.036632e+01
2.043000e-05	2.051885e-02	-1.050521e+01
2.044000e-05	4.149152e-02	-1.059845e+01
2.045000e-05	2.760181e-02	-1.070484e+01
2.046000e-05	4.067211e-02	-1.082150e+01
2.047000e-05	2.120668e-02	-1.100622e+01
2.048000e-05	4.701148e-02	-1.111319e+01
2.049000e-05	3.339651e-02	-1.121103e+01
2.050000e-05	4.213975e-02	-1.131381e+01
2.051000e-05	3.303755e-02	-1.143098e+01
2.052000e-05	4.516778e-02	-1.156724e+01
2.053000e-05	4.193355e-02	-1.168304e+01
2.054000e-05	3.938707e-02	-1.180745e+01
2.055000e-05	4.722476e-02	-1.188309e+01
2.056000e-05	4.606530e-02	-1.200837e+01
2.057000e-05	4.938274e-02	-1.206263e+01
2.058000e-05	4.414074e-02	-1.214474e+01
2.059000e-05	5.609687e-02	-1.218743e+01
2.060000e-05	5.415726e-02	-1.224010e+01
2.061000e-05	5.465788e-02	-1.232469e+01
2.062000e-05	5.402621e-02	-1.232677e+01
2.063000e-05	5.728111e-02	-1.238798e+01
2.064000e-05	5.837115e-02	-1.244158e+01
2.065000e-05	6.097587e-02	-1.244114e+01
2.066000e-05	6.390957e-02	-1.252632e+01
2.067000e-05	6.660675e-02	-1.260692e+01
2.068000e-05	6.584408e-02	-1.261838e+01
2.069000e-05	7.014684e-02	-1.261898e+01
2.070000e-05	7.255782e-02	-1.264956e+01
2.071000e-05	7.509058e-02	-1.262901e+01
2.072000e-05	7.698314e-02	-1.268314e+01
2.073000e-05	8.081405e-02	-1.268004e+01
2.074000e-05	8.202492e-02	-1.270171e+01
2.075000e-05	8.288224e-02	-1.266311e+01
2.076000e-05	8.592908e-02	-1.267309e+01
2.077000e-05	9.081656e-02	-1.267109e+01
2.078000e-05	9.387490e-02	-1.268256e+01
2.079000e-05	9.712610e-02	-1.267056e+01
2.080000e-05	9.997356e-02	-1.265003e+01
2.081000e-05	1.041897e-01	-1.259698e+01
2.082000e-05	1.095610e-01	-1.256787e+01
2.083000e-05	1.181951e-01	-1.252429e+01
2.084000e-05	1.246012e-01	-1.249314e+01
2.085000e-05	1.311759e-01	-1.243848e+01
2.086000e-05	1.384998e-01	-1.238577e+01
2.087000e-05	1.469967e-01	-1.236474e+01
2.088000e-05	1.527872e-01	-1.228098e+01
2.089000e-05	1.552340e-01	-1.220905e+01
2.090000e-05	1.565074e-01	-1.214569e+01
2.091000e-05	1.565262e-01	-1.205303e+01
2.092000e-05	1.512122e-01	-1.193634e+01
2.093000e-05	1.451391e-01	-1.189206e+01
2.094000e-05	1.369539e-01	-1.181839e+01
2.095000e-05	1.290257e-01	-1.168053e+01
2.096000e-05	1.199163e-01	-1.154530e+01
2.097000e-05	1.123272e-01	-1.142983e+01
2.098000e-05	1.049740e-01	-1.132380e+01
2.099000e-05	9.834212e-02	-1.120945e+01
2.100000e-05	8.938848e-02	-1.109999e+01
2.101000e-05	8.381832e-02	-1.101684e+01
2.102000e-05	7.742658e-02	-1.086218e+01
2.103000e-05	7.365983e-02	-1.073782e+01
2.104000e-05	6.858972e-02	-1.067063e+01
2.105000e-05	6.447793e-02	-1.050374e+01
2.106000e-05	6.014964e-02	-1.041725e+01
2.107000e-05	5.643904e-02	-1.023100e+01
2.108000e-05	5.386537e-02	-1.009416e+01
2.109000e-05	5.056346e-02	-9.955847e+00
2.110000e-05	4.787945e-02	-9.839455e+00
2.111000e-05	4.481075e-02	-9.703086e+00
2.112000e-05	4.189390e-02	-9.494692e+00
2.113000e-05	3.938405e-02	-9.376819e+00
2.114000e-05	3.656860e-02	-9.197827e+00
2.115000e-05	3.517105e-02	-9.051056e+00
2.116000e-05	3.349806e-02	-8.881559e+00
2.117000e-05	3.175798e-02	-8.693187e+00
2.118000e-05	2.973413e-02	-8.492217e+00
2.119000e-05	2.944585e-02	-8.304768e+00
2.120000e-05	2.692496e-02	-8.196399e+00
2.121000e-05	2.607644e-02	-7.978851e+00
2.122000e-05	2.339354e-02	-7.806422e+00
2.123000e-05	2.236771e-02	-7.545768e+00
2.124000e-05	2.074912e-02	-7.334324e+00
2.125000e-05	2.031562e-02	-7.197877e+00
2.126000e-05	1.946911e-02	-6.975769e+00
2.127000e-05	1.811440e-02	-6.705846e+00
2.128000e-05	1.685461e-02	-6.496271e+00
2.129000e-05	1.619513e-02	-6.346351e+00
2.130000e-05	1.456943e-02	-6.124347e+00
2.131000e-05	1.520758e-02	-5.945816e+00
2.132000e-05	1.242367e-02	-5.744541e+00
2.133000e-05	1.246987e-02	-5.524395e+00
2.134000e-05	1.040958e-02	-5.242113e+00
2.135000e-05	1.054303e-02	-5.018131e+00
2.136000e-05	8.245848e-03	-4.747776e+00
2.137000e-05	1.152066e-02	-4.555897e+00
2.138000e-05	7.644807e-03	-4.406947e+00
2.139000e-05	6.486376e-03	-4.187350e+00
2.140000e-05	5.876975e-03	-3.998344e+00
2.141000e-05	6.901732e-03	-3.705194e+00
2.142000e-05	5.879144e-03	-3.504716e+00
2.143000e-05	3.088538e-03	-3.302209e+00
2.144000e-05	4.233750e-03	-3.040087e+00
2.145000e-05	2.168953e-03	-2.798449e+00
2.146000e-05	2.313308e-03	-2.576397e+00
2.147000e-05	3.954598e-04	-2.305918e+00
2.148000e-05	1.255766e-03	-2.114212e+00
2.149000e-05	3.392683e-04	-1.863710e+00
2.150000e-05	7.880565e-04	-1.691608e+00
2.151000e-05	-1.384343e-03	-1.387900e+00
2.152000e-05	-1.475078e-03	-1.095267e+00
2.153000e-05	-3.578075e-03	-8.735895e-01
2.154000e-05	-3.631628e-03	-6.046105e-01
2.155000e-05	-4.393618e-03	-3.890249e-01
2.156000e-05	-3.708807e-03	-2.068263e-01
2.157000e-05	-8.421043e-04	4.215275e-02
2.158000e-05	4.926778e-03	3.458332e-01
2.159000e-05	-3.977286e-03	4.862382e-01
2.160000e-05	-1.063290e-04	7.179384e-01
2.161000e-05	-4.484257e-03	8.962603e-01
2.162000e-05	-2.107660e-03	1.137971e+00
2.163000e-05	-5.789479e-03	1.411074e+00
2.164000e-05	-3.184231e-05	1.674261e+00
2.165000e-05	2.314754e-02	1.854707e+00
2.166000e-05	7.111086e-02	2.084162e+00
2.167000e-05	-2.730789e-02	2.358295e+00
2.168000e-05	-5.881550e-02	2.631621e+00
2.169000e-05	-3.029826e-02	2.863654e+00
2.170000e-05	-3.704504e-02	3.066680e+00
2.171000e-05	-7.309820e-02	3.221024e+00
2.172000e-05	1.004134e-01	3.392496e+00
2.173000e-05	1.137660e-02	3.651577e+00
2.174000e-05	-1.203158e-01	3.841074e+00
2.175000e-05	1.485484e-01	4.011598e+00
2.176000e-05	-1.109156e-01	4.298293e+00
2.177000e-05	-1.326536e-03	4.485737e+00
2.178000e-05	4.932508e-02	4.725316e+00
2.179000e-05	-6.412284e-02	4.979920e+00
2.180000e-05	2.495106e-02	5.263177e+00
2.181000e-05	-3.023425e-02	5.474667e+00
2.182000e-05	-1.846830e-02	5.753612e+00
2.183000e-05	-1.440982e-03	5.958292e+00
2.184000e-05	-3.512041e-02	6.136941e+00
2.185000e-05	-3.563855e-03	6.360817e+00
2.186000e-05	-3.864232e-02	6.566891e+00
2.187000e-05	1.567833e-02	6.820421e+00
2.188000e-05	-2.515935e-02	7.019496e+00
2.189000e-05	-1.904412e-02	7.179999e+00
2.190000e-05	7.090254e-03	7.397400e+00
2.191000e-05	-5.662478e-02	7.601601e+00
2.192000e-05	-2.668725e-03	7.821454e+00
2.193000e-05	-2.663434e-02	8.052605e+00
2.194000e-05	-1.369643e-02	8.261006e+00
2.195000e-05	-1.994161e-02	8.400474e+00
2.196000e-05	-3.684676e-02	8.586899e+00
2.197000e-05	-1.910667e-02	8.705871e+00
2.198000e-05	-2.944510e-02	8.873179e+00
2.199000e-05	-9.983314e-03	9.052527e+00
2.200000e-05	-3.488033e-02	9.232551e+00
2.201000e-05	-2.188015e-02	9.357395e+00
2.202000e-05	-2.838033e-02	9.524694e+00
2.203000e-05	-3.594404e-02	9.646084e+00
2.204000e-05	-2.604623e-02	9.811004e+00
2.205000e-05	-2.879810e-02	9.990850e+00
2.206000e-05	-2.565621e-02	1.013489e+01
2.207000e-05	-4.046312e-02	1.025266e+01
2.208000e-05	-3.021820e-02	1.037095e+01
2.209000e-05	-3.549533e-02	1.051527e+01
2.210000e-05	-3.489138e-02	1.065221e+01
2.211000e-05	-3.953995e-02	1.080048e+01
2.212000e-05	-3.547705e-02	1.094534e+01
2.213000e-05	-3.799736e-02	1.105263e+01
2.214000e-05	-4.365844e-02	1.118882e+01
2.215000e-05	-4.091112e-02	1.131419e+01
2.216000e-05	-4.117531e-02	1.139742e+01
2.217000e-05	-4.210312e-02	1.158727e+01
2.218000e-05	-4.800189e-02	1.169263e+01
2.219000e-05	-4.494561e-02	1.174690e+01
2.220000e-05	-4.849253e-02	1.186298e+01
2.221000e-05	-4.998266e-02	1.193477e+01
2.222000e-05	-5.090930e-02	1.199853e+01
2.223000e-05	-5.113329e-02	1.210424e+01
2.224000e-05	-5.469597e-02	1.218684e+01
2.225000e-05	-5.754150e-02	1.223050e+01
2.226000e-05	-5.451454e-02	1.227414e+01
2.227000e-05	-5.852362e-02	1.237830e+01
2.228000e-05	-6.156415e-02	1.241951e+01
2.229000e-05	-6.584506e-02	1.251311e+01
2.230000e-05	-6.606994e-02	1.250314e+01
2.231000e-05	-6.680236e-02	1.255579e+01
2.232000e-05	-6.805019e-02	1.258745e+01
2.233000e-05	-7.014980e-02	1.258803e+01
2.234000e-05	-7.624785e-02	1.264196e+01
2.235000e-05	-7.732545e-02	1.265016e+01
2.236000e-05	-7.920699e-02	1.267208e+01
2.237000e-05	-7.868069e-02	1.266261e+01
2.238000e-05	-8.419650e-02	1.268368e+01
2.239000e-05	-8.663336e-02	1.270321e+01
2.240000e-05	-8.845928e-02	1.270366e+01
2.241000e-05	-9.230962e-02	1.271519e+01
2.242000e-05	-9.572502e-02	1.270359e+01
2.243000e-05	-9.807833e-02	1.267411e+01
2.244000e-05	-9.982638e-02	1.267368e+01
2.245000e-05	-1.044964e-01	1.267159e+01
2.246000e-05	-1.081826e-01	1.264948e+01
2.247000e-05	-1.136918e-01	1.261950e+01
2.248000e-05	-1.192036e-01	1.259582e+01
2.249000e-05	-1.253988e-01	1.254625e+01
2.250000e-05	-1.333338e-01	1.252324e+01
2.251000e-05	-1.410323e-01	1.245163e+01
2.252000e-05	-1.494727e-01	1.242040e+01
2.253000e-05	-1.554145e-01	1.233522e+01
2.254000e-05	-1.605131e-01	1.229361e+01
2.255000e-05	-1.628763e-01	1.222000e+01
2.256000e-05	-1.631939e-01	1.214530e+01
2.257000e-05	-1.594767e-01	1.207208e+01
2.258000e-05	-1.547980e-01	1.197587e+01
2.259000e-05	-1.469471e-01	1.187163e+01
2.260000e-05	-1.376751e-01	1.177888e+01
2.261000e-05	-1.301214e-01	1.172319e+01
2.262000e-05	-1.226106e-01	1.155790e+01
2.263000e-05	-1.148902e-01	1.145256e+01
2.264000e-05	-1.062302e-01	1.137677e+01
2.265000e-05	-1.000785e-01	1.122992e+01
2.266000e-05	-9.262743e-02	1.111374e+01
2.267000e-05	-8.874451e-02	1.099843e+01
2.268000e-05	-8.232998e-02	1.091311e+01
2.269000e-05	-7.821006e-02	1.078788e+01
2.270000e-05	-7.328000e-02	1.065111e+01
2.271000e-05	-6.906988e-02	1.052422e+01
2.272000e-05	-6.513789e-02	1.032590e+01
2.273000e-05	-6.109472e-02	1.022996e+01
2.274000e-05	-5.866918e-02	1.013369e+01
2.275000e-05	-5.567390e-02	9.967300e+00
2.276000e-05	-5.297214e-02	9.808029e+00
2.277000e-05	-5.082716e-02	9.621531e+00
2.278000e-05	-4.752083e-02	9.492687e+00
2.279000e-05	-4.577921e-02	9.315795e+00
2.280000e-05	-4.464061e-02	9.167377e+00
2.281000e-05	-4.227310e-02	9.041028e+00
2.282000e-05	-4.023182e-02	8.818979e+00
2.283000e-05	-3.795356e-02	8.681508e+00
2.284000e-05	-3.708151e-02	8.483641e+00
2.285000e-05	-3.485926e-02	8.313792e+00
2.286000e-05	-3.329487e-02	8.143743e+00
2.287000e-05	-3.239320e-02	7.934843e+00
2.288000e-05	-3.158231e-02	7.716321e+00
2.289000e-05	-3.088569e-02	7.545393e+00
2.290000e-05	-2.896447e-02	7.356216e+00
2.291000e-05	-2.766147e-02	7.124795e+00
2.292000e-05	-2.725839e-02	6.924817e+00
2.293000e-05	-2.540353e-02	6.735321e+00
2.294000e-05	-2.462884e-02	6.513286e+00
2.295000e-05	-2.237675e-02	6.305716e+00
2.296000e-05	-2.237165e-02	6.084217e+00
2.297000e-05	-2.236055e-02	5.947245e+00
2.298000e-05	-2.144421e-02	5.673712e+00
2.299000e-05	-2.121786e-02	5.504688e+00
2.300000e-05	-1.991952e-02	5.252137e+00
2.301000e-05	-2.007444e-02	5.037555e+00
2.302000e-05	-1.836073e-02	4.744896e+00
2.303000e-05	-1.680614e-02	4.545768e+00
2.304000e-05	-1.556288e-02	4.346871e+00
2.305000e-05	-1.502651e-02	4.064163e+00
2.306000e-05	-1.433807e-02	3.834539e+00
2.307000e-05	-1.367733e-02	3.633585e+00
2.308000e-05	-1.425110e-02	3.470083e+00
2.309000e-05	-1.340286e-02	3.217980e+00
2.310000e-05	-1.242555e-02	2.977526e+00
2.311000e-05	-1.171415e-02	2.778521e+00
2.312000e-05	-1.033841e-02	2.554793e+00
2.313000e-05	-9.225516e-03	2.281610e+00
2.314000e-05	-8.992837e-03	2.050556e+00
2.315000e-05	-7.878429e-03	1.859532e+00
2.316000e-05	-7.613480e-03	1.578875e+00
2.317000e-05	-7.693909e-03	1.346245e+00
2.318000e-05	-7.997808e-03	1.080213e+00
2.319000e-05	-6.712004e-03	7.989988e-01
2.320000e-05	-6.199953e-03	5.559499e-01
2.321000e-05	-4.982647e-03	3.373962e-01
2.322000e-05	-3.878434e-03	1.332303e-01
2.323000e-05	1.842877e-03	-1.078645e-01
2.324000e-05	7.179103e-03	-3.378395e-01
2.325000e-05	-2.967460e-03	-5.582895e-01
2.326000e-05	3.275463e-03	-8.015210e-01
2.327000e-05	-2.953752e-03	-9.999237e-01
2.328000e-05	2.743697e-03	-1.179079e+00
2.329000e-05	4.075594e-04	-1.504129e+00
2.330000e-05	2.943535e-02	-1.695131e+00
2.331000e-05	9.423621e-02	-1.883183e+00
2.332000e-05	-2.610649e-02	-2.178517e+00
2.333000e-05	-4.176011e-02	-2.546709e+00
2.334000e-05	-1.638239e-02	-2.779946e+00
2.335000e-05	-5.988572e-02	-2.956313e+00
2.336000e-05	-1.787037e-02	-3.106817e+00
2.337000e-05	1.730941e-01	-3.242503e+00
2.338000e-05	-1.291267e-01	-3.484808e+00
2.339000e-05	8.069211e-02	-3.682709e+00
2.340000e-05	2.810049e-02	-3.893338e+00
2.341000e-05	-1.328050e-01	-4.167874e+00
2.342000e-05	1.596118e-01	-4.359371e+00
2.343000e-05	-6.692263e-02	-4.556868e+00
2.344000e-05	1.157248e-02	-4.851626e+00
2.345000e-05	1.108880e-01	-5.020421e+00
2.346000e-05	-1.322873e-01	-5.315232e+00
2.347000e-05	1.192968e-01	-5.547923e+00
2.348000e-05	-6.659189e-02	-5.758369e+00
2.349000e-05	2.509712e-02	-5.999947e+00
2.350000e-05	6.794694e-02	-6.178420e+00
2.351000e-05	-7.165270e-02	-6.432549e+00
2.352000e-05	1.109113e-01	-6.631950e+00
2.353000e-05	-6.304061e-02	-6.821024e+00
2.354000e-05	7.794398e-02	-7.020634e+00
2.355000e-05	5.884292e-03	-7.264155e+00
2.356000e-05	-3.835318e-02	-7.471658e+00
2.357000e-05	8.677489e-02	-7.711050e+00
2.358000e-05	-5.128297e-02	-7.923733e+00
2.359000e-05	8.666978e-02	-8.093709e+00
2.360000e-05	-1.803184e-02	-8.242058e+00
2.361000e-05	3.688245e-02	-8.421999e+00
2.362000e-05	1.437290e-02	-8.567429e+00
2.363000e-05	-3.384606e-03	-8.808898e+00
2.364000e-05	6.213544e-02	-8.945818e+00
2.365000e-05	-1.839308e-03	-9.085789e+00
2.366000e-05	5.438788e-02	-9.261553e+00
2.367000e-05	-1.609225e-02	-9.449953e+00
2.368000e-05	4.388022e-02	-9.598924e+00
2.369000e-05	2.368595e-02	-9.734287e+00
2.370000e-05	3.147836e-02	-9.872158e+00
2.371000e-05	2.934748e-02	-9.988450e+00
2.372000e-05	2.207329e-02	-1.016787e+01
2.373000e-05	3.938461e-02	-1.029479e+01
2.374000e-05	1.508059e-02	-1.050311e+01
2.375000e-05	4.307580e-02	-1.061728e+01
2.376000e-05	2.537946e-02	-1.068426e+01
2.377000e-05	4.039635e-02	-1.084950e+01
2.378000e-05	2.203836e-02	-1.097834e+01
2.379000e-05	4.383109e-02	-1.112116e+01
2.380000e-05	3.748392e-02	-1.124042e+01
2.381000e-05	3.945179e-02	-1.131424e+01
2.382000e-05	3.583725e-02	-1.144948e+01
2.383000e-05	4.122919e-02	-1.151679e+01
2.384000e-05	4.526196e-02	-1.160903e+01
2.385000e-05	3.759647e-02	-1.177882e+01
2.386000e-05	4.700273e-02	-1.186058e+01
2.387000e-05	4.409564e-02	-1.196727e+01
2.388000e-05	4.903371e-02	-1.206108e+01
2.389000e-05	4.406711e-02	-1.211526e+01
2.390000e-05	5.574061e-02	-1.215795e+01
2.391000e-05	5.393501e-02	-1.225001e+01
2.392000e-05	5.491385e-02	-1.228316e+01
2.393000e-05	5.161900e-02	-1.231474e+01
2.394000e-05	5.655049e-02	-1.237885e+01
2.395000e-05	5.883773e-02	-1.243956e+01
2.396000e-05	6.040539e-02	-1.250164e+01
2.397000e-05	6.521566e-02	-1.250582e+01
2.398000e-05	6.515050e-02	-1.259640e+01
2.399000e-05	6.675481e-02	-1.260696e+01
2.400000e-05	6.776932e-02	-1.260850e+01
2.401000e-05	7.286269e-02	-1.262053e+01
2.402000e-05	7.429271e-02	-1.266106e+01
2.403000e-05	7.538895e-02	-1.266111e+01
2.404000e-05	7.904991e-02	-1.268159e+01
2.405000e-05	8.361045e-02	-1.270319e+01
2.406000e-05	8.312721e-02	-1.269214e+01
2.407000e-05	8.548160e-02	-1.271064e+01
2.408000e-05	8.738351e-02	-1.268261e+01
2.409000e-05	9.409374e-02	-1.270209e+01
2.410000e-05	9.654117e-02	-1.264211e+01
2.411000e-05	1.007261e-01	-1.263998e+01
2.412000e-05	1.031437e-01	-1.260800e+01
2.413000e-05	1.084463e-01	-1.256785e+01
2.414000e-05	1.163837e-01	-1.257522e+01
2.415000e-05	1.232424e-01	-1.249214e+01
2.416000e-05	1.290961e-01	-1.243103e+01
2.417000e-05	1.364203e-01	-1.235739e+01
2.418000e-05	1.454248e-01	-1.232479e+01
2.419000e-05	1.529542e-01	-1.226211e+01
2.420000e-05	1.565150e-01	-1.220990e+01
2.421000e-05	1.574332e-01	-1.214432e+01
2.422000e-05	1.541711e-01	-1.207211e+01
2.423000e-05	1.529975e-01	-1.194830e+01
2.424000e-05	1.464738e-01	-1.188316e+01
2.425000e-05	1.399708e-01	-1.180793e+01
2.426000e-05	1.291121e-01	-1.172174e+01
2.427000e-05	1.216916e-01	-1.156685e+01
2.428000e-05	1.126027e-01	-1.146208e+01
2.429000e-05	1.056631e-01	-1.134377e+01
2.430000e-05	9.895523e-02	-1.123953e+01
2.431000e-05	9.084229e-02	-1.109422e+01
2.432000e-05	8.436211e-02	-1.096638e+01
2.433000e-05	7.874331e-02	-1.087214e+01
2.434000e-05	7.371988e-02	-1.073682e+01
2.435000e-05	6.970918e-02	-1.064006e+01
2.436000e-05	6.430732e-02	-1.055425e+01
2.437000e-05	6.124953e-02	-1.040740e+01
2.438000e-05	5.724513e-02	-1.030111e+01
2.439000e-05	5.377189e-02	-1.010217e+01
2.440000e-05	5.069560e-02	-1.001837e+01
2.441000e-05	4.811611e-02	-9.872030e+00
2.442000e-05	4.585722e-02	-9.713211e+00
2.443000e-05	4.202166e-02	-9.554768e+00
2.444000e-05	3.974060e-02	-9.386924e+00
2.445000e-05	3.677040e-02	-9.208430e+00
2.446000e-05	3.648958e-02	-9.031083e+00
2.447000e-05	3.376208e-02	-8.874211e+00
2.448000e-05	3.110514e-02	-8.723242e+00
2.449000e-05	3.067467e-02	-8.544291e+00
2.450000e-05	2.924414e-02	-8.376291e+00
2.451000e-05	2.702970e-02	-8.197349e+00
2.452000e-05	2.537630e-02	-7.998077e+00
2.453000e-05	2.498160e-02	-7.837473e+00
2.454000e-05	2.335810e-02	-7.586898e+00
2.455000e-05	2.133894e-02	-7.356448e+00
2.456000e-05	1.946117e-02	-7.197949e+00
2.457000e-05	1.911820e-02	-6.996947e+00
2.458000e-05	1.855509e-02	-6.776900e+00
2.459000e-05	1.732015e-02	-6.566873e+00
2.460000e-05	1.703421e-02	-6.368474e+00
2.461000e-05	1.525850e-02	-6.157446e+00
2.462000e-05	1.395732e-02	-5.955868e+00
2.463000e-05	1.192578e-02	-5.764868e+00
2.464000e-05	1.172626e-02	-5.579451e+00
2.465000e-05	1.097190e-02	-5.323765e+00
2.466000e-05	1.121046e-02	-5.052132e+00
2.467000e-05	8.778215e-03	-4.811029e+00
2.468000e-05	9.687374e-03	-4.598000e+00
2.469000e-05	6.211931e-03	-4.370000e+00
2.470000e-05	7.997507e-03	-4.219901e+00
2.471000e-05	5.846236e-03	-3.977950e+00
2.472000e-05	6.342424e-03	-3.738396e+00
2.473000e-05	4.471148e-03	-3.555790e+00
2.474000e-05	4.587041e-03	-3.323238e+00
2.475000e-05	3.042725e-03	-3.104262e+00
2.476000e-05	2.046714e-03	-2.840981e+00
2.477000e-05	2.086478e-03	-2.630476e+00
2.478000e-05	1.833961e-03	-2.369978e+00
2.479000e-05	2.101559e-03	-2.076216e+00
2.480000e-05	-2.586831e-04	-1.924839e+00
2.481000e-05	6.609198e-05	-1.692186e+00
2.482000e-05	-1.906918e-03	-1.390560e+00
2.483000e-05	-5.866321e-04	-1.185345e+00
2.484000e-05	-2.804379e-03	-9.032394e-01
2.485000e-05	-3.129976e-03	-7.353407e-01
2.486000e-05	-4.306481e-03	-4.110790e-01
2.487000e-05	-3.948455e-03	-2.511028e-01
2.488000e-05	-2.873560e-03	2.680135e-03
2.489000e-05	4.784887e-03	2.615526e-01
2.490000e-05	-2.386419e-03	4.546815e-01
2.491000e-05	2.244219e-04	6.937331e-01
2.492000e-05	-3.166104e-03	8.736305e-01
2.493000e-05	-3.651096e-03	1.136267e+00
2.494000e-05	-4.829636e-03	1.369920e+00
2.495000e-05	-1.129583e-03	1.642025e+00
2.496000e-05	1.741725e-02	1.833052e+00
2.497000e-05	6.742249e-02	2.042105e+00
2.498000e-05	-3.950839e-03	2.337263e+00
2.499000e-05	-6.675385e-02	2.568469e+00
2.500000e-05	-2.704919e-02	2.822576e+00
2.501000e-05	-3.408535e-02	3.041530e+00
2.502000e-05	-7.319317e-02	3.169950e+00
2.503000e-05	6.683488e-02	3.347772e+00
2.504000e-05	6.292695e-02	3.591076e+00
2.505000e-05	-1.529452e-01	3.780425e+00
2.506000e-05	1.423248e-01	3.978456e+00
2.507000e-05	-7.562734e-02	4.253257e+00
2.508000e-05	-3.890680e-02	4.493131e+00
2.509000e-05	6.451605e-02	4.674713e+00
2.510000e-05	-6.464914e-02	4.926217e+00
2.511000e-05	1.370623e-02	5.192525e+00
2.512000e-05	-1.356285e-02	5.483682e+00
2.513000e-05	-2.863189e-02	5.652659e+00
2.514000e-05	4.988894e-03	5.897290e+00
2.515000e-05	-3.891827e-02	6.106241e+00
2.516000e-05	-3.823580e-03	6.366813e+00
2.517000e-05	-3.570322e-02	6.506218e+00
2.518000e-05	6.793896e-03	6.769424e+00
2.519000e-05	-1.101962e-02	6.948819e+00
2.520000e-05	-3.307860e-02	7.177894e+00
2.521000e-05	1.688865e-02	7.314815e+00
2.522000e-05	-5.715381e-02	7.580025e+00
2.523000e-05	-7.305422e-03	7.799396e+00
2.524000e-05	-2.158622e-02	8.063506e+00
2.525000e-05	-2.012033e-02	8.209875e+00
2.526000e-05	-1.515188e-02	8.360445e+00
2.527000e-05	-3.841420e-02	8.536289e+00
2.528000e-05	-1.543863e-02	8.653158e+00
2.529000e-05	-3.148962e-02	8.894149e+00
2.530000e-05	-1.169033e-02	8.978953e+00
2.531000e-05	-3.446318e-02	9.179372e+00
2.532000e-05	-2.340133e-02	9.406321e+00
2.533000e-05	-2.531117e-02	9.496236e+00
2.534000e-05	-3.649082e-02	9.643554e+00
2.535000e-05	-2.594406e-02	9.829009e+00
2.536000e-05	-2.843364e-02	9.958944e+00
2.537000e-05	-2.595109e-02	1.011472e+01
2.538000e-05	-4.073740e-02	1.024208e+01
2.539000e-05	-3.208897e-02	1.038847e+01
2.540000e-05	-3.409747e-02	1.054682e+01
2.541000e-05	-3.443722e-02	1.066056e+01
2.542000e-05	-3.862734e-02	1.080046e+01
2.543000e-05	-3.564488e-02	1.094529e+01
2.544000e-05	-3.722891e-02	1.103160e+01
2.545000e-05	-4.370973e-02	1.112584e+01
2.546000e-05	-4.058967e-02	1.128209e+01
2.547000e-05	-4.193440e-02	1.138990e+01
2.548000e-05	-4.168855e-02	1.151462e+01
2.549000e-05	-4.744464e-02	1.161091e+01
2.550000e-05	-4.442106e-02	1.172537e+01
2.551000e-05	-4.673435e-02	1.186051e+01
2.552000e-05	-5.054235e-02	1.192527e+01
2.553000e-05	-5.183967e-02	1.196943e+01
2.554000e-05	-5.091773e-02	1.213319e+01
2.555000e-05	-5.346748e-02	1.218545e+01
2.556000e-05	-5.623835e-02	1.224000e+01
2.557000e-05	-5.469051e-02	1.229259e+01
2.558000e-05	-5.722887e-02	1.237722e+01
2.559000e-05	-6.104351e-02	1.240800e+01
2.560000e-05	-6.607381e-02	1.248053e+01
2.561000e-05	-6.469422e-02	1.249271e+01
2.562000e-05	-6.667567e-02	1.255580e+01
2.563000e-05	-6.866936e-02	1.259687e+01
2.564000e-05	-7.021741e-02	1.258900e+01
2.565000e-05	-7.394392e-02	1.263048e+01
2.566000e-05	-7.664314e-02	1.266201e+01
2.567000e-05	-7.870253e-02	1.266261e+01
2.568000e-05	-7.853076e-02	1.268221e+01
2.569000e-05	-8.340592e-02	1.269364e+01
2.570000e-05	-8.503285e-02	1.272176e+01
2.571000e-05	-8.857909e-02	1.270567e+01
2.572000e-05	-9.149299e-02	1.271318e+01
2.573000e-05	-9.482020e-02	1.271216e+01
2.574000e-05	-9.777240e-02	1.271461e+01
2.575000e-05	-9.860966e-02	1.268264e+01
2.576000e-05	-1.035802e-01	1.268161e+01
2.577000e-05	-1.070176e-01	1.263053e+01
2.578000e-05	-1.140105e-01	1.261000e+01
2.579000e-05	-1.175137e-01	1.258885e+01
2.580000e-05	-1.252549e-01	1.255732e+01
2.581000e-05	-1.316867e-01	1.251464e+01
2.582000e-05	-1.404465e-01	1.248208e+01
2.583000e-05	-1.480189e-01	1.242198e+01
2.584000e-05	-1.542905e-01	1.236730e+01
2.585000e-05	-1.604687e-01	1.230309e+01
2.586000e-05	-1.626997e-01	1.221950e+01
2.587000e-05	-1.639229e-01	1.214682e+01
2.588000e-05	-1.596707e-01	1.207158e+01
2.589000e-05	-1.545194e-01	1.198735e+01
2.590000e-05	-1.484875e-01	1.186319e+01
2.591000e-05	-1.391877e-01	1.181840e+01
2.592000e-05	-1.332766e-01	1.170227e+01
2.593000e-05	-1.228845e-01	1.159785e+01
2.594000e-05	-1.178489e-01	1.147264e+01
2.595000e-05	-1.086628e-01	1.133534e+01
2.596000e-05	-1.007888e-01	1.121901e+01
2.597000e-05	-9.367630e-02	1.117482e+01
2.598000e-05	-9.075650e-02	1.104903e+01
2.599000e-05	-8.327046e-02	1.092474e+01
2.600000e-05	-7.973441e-02	1.085893e+01
2.601000e-05	-7.395290e-02	1.064064e+01
2.602000e-05	-7.017324e-02	1.053537e+01
2.603000e-05	-6.555893e-02	1.040740e+01
2.604000e-05	-6.155635e-02	1.027058e+01
2.605000e-05	-5.965912e-02	1.011519e+01
2.606000e-05	-5.683795e-02	9.997375e+00
2.607000e-05	-5.274745e-02	9.819536e+00
2.608000e-05	-5.036764e-02	9.631133e+00
2.609000e-05	-4.820821e-02	9.483637e+00
2.610000e-05	-4.673556e-02	9.345820e+00
2.611000e-05	-4.502543e-02	9.178929e+00
2.612000e-05	-4.225729e-02	9.020530e+00
2.613000e-05	-4.134994e-02	8.872508e+00
2.614000e-05	-3.963842e-02	8.662737e+00
2.615000e-05	-3.627240e-02	8.494819e+00
2.616000e-05	-3.480107e-02	8.366324e+00
2.617000e-05	-3.409406e-02	8.165373e+00
2.618000e-05	-3.391365e-02	7.976418e+00
2.619000e-05	-3.191481e-02	7.757927e+00
2.620000e-05	-2.995112e-02	7.556901e+00
2.621000e-05	-2.852821e-02	7.386370e+00
2.622000e-05	-2.826092e-02	7.165846e+00
2.623000e-05	-2.755317e-02	6.955868e+00
2.624000e-05	-2.631634e-02	6.767350e+00
2.625000e-05	-2.628641e-02	6.554849e+00
2.626000e-05	-2.290703e-02	6.364369e+00
2.627000e-05	-2.300488e-02	6.126844e+00
2.628000e-05	-2.197470e-02	5.966823e+00
2.629000e-05	-2.101680e-02	5.725293e+00
2.630000e-05	-2.014413e-02	5.494766e+00
2.631000e-05	-1.938776e-02	5.303741e+00
2.632000e-05	-2.028237e-02	5.040612e+00
2.633000e-05	-1.922945e-02	4.788924e+00
2.634000e-05	-1.728724e-02	4.577900e+00
2.635000e-05	-1.704959e-02	4.378550e+00
2.636000e-05	-1.476066e-02	4.135893e+00
2.637000e-05	-1.473963e-02	3.895238e+00
2.638000e-05	-1.290116e-02	3.675163e+00
2.639000e-05	-1.397463e-02	3.453790e+00
2.640000e-05	-1.383282e-02	3.231055e+00
2.641000e-05	-1.144975e-02	3.019929e+00
2.642000e-05	-1.016948e-02	2.819951e+00
2.643000e-05	-1.098631e-02	2.564925e+00
2.644000e-05	-1.120528e-02	2.314766e+00
2.645000e-05	-1.007228e-02	2.102139e+00
2.646000e-05	-8.420912e-03	1.832614e+00
2.647000e-05	-8.623549e-03	1.619052e+00
2.648000e-05	-7.994921e-03	1.337445e+00
2.649000e-05	-6.954808e-03	1.124290e+00
2.650000e-05	-6.121779e-03	8.400316e-01
2.651000e-05	-6.367760e-03	6.095738e-01
2.652000e-05	-5.772412e-03	3.984999e-01
2.653000e-05	-3.317256e-03	1.163937e-01
2.654000e-05	-6.698805e-04	-1.157605e-01
2.655000e-05	6.992660e-03	-2.973405e-01
2.656000e-05	-3.100022e-03	-5.057804e-01
2.657000e-05	3.376457e-03	-8.003422e-01
2.658000e-05	-2.747702e-03	-9.568922e-01
2.659000e-05	2.067673e-03	-1.167423e+00
2.660000e-05	2.560591e-04	-1.442126e+00
2.661000e-05	2.203001e-02	-1.631628e+00
2.662000e-05	8.977103e-02	-1.872601e+00
2.663000e-05	-8.848622e-04	-2.134754e+00
2.664000e-05	-5.712917e-02	-2.514729e+00
2.665000e-05	-9.070226e-03	-2.747318e+00
2.666000e-05	-5.352627e-02	-2.914705e+00
2.667000e-05	-4.475401e-02	-3.117266e+00
2.668000e-05	1.700102e-01	-3.201000e+00
2.669000e-05	-9.456259e-02	-3.462628e+00
2.670000e-05	3.136126e-02	-3.661604e+00
2.671000e-05	9.361558e-02	-3.843680e+00
2.672000e-05	-1.730344e-01	-4.145313e+00
2.673000e-05	1.403513e-01	-4.366816e+00
2.674000e-05	-2.584866e-02	-4.546710e+00
2.675000e-05	-3.418776e-02	-4.809522e+00
2.676000e-05	1.407391e-01	-4.977820e+00
2.677000e-05	-1.286614e-01	-5.314755e+00
2.678000e-05	9.205589e-02	-5.536442e+00
2.679000e-05	-2.262582e-02	-5.755762e+00
2.680000e-05	-2.262751e-02	-5.978395e+00
2.681000e-05	1.003196e-01	-6.135766e+00
2.682000e-05	-8.582186e-02	-6.428450e+00
2.683000e-05	1.036789e-01	-6.588900e+00
2.684000e-05	-3.834207e-02	-6.779472e+00
2.685000e-05	4.210271e-02	-6.992555e+00
2.686000e-05	4.700955e-02	-7.242125e+00
2.687000e-05	-6.707703e-02	-7.431533e+00
2.688000e-05	9.897649e-02	-7.622477e+00
2.689000e-05	-5.071525e-02	-7.872584e+00
2.690000e-05	7.179764e-02	-8.062105e+00
2.691000e-05	3.094099e-03	-8.221075e+00
2.692000e-05	1.630247e-02	-8.450923e+00
2.693000e-05	3.478042e-02	-8.566715e+00
2.694000e-05	-2.007622e-02	-8.775746e+00
2.695000e-05	6.994621e-02	-8.935238e+00
2.696000e-05	-3.084532e-03	-9.052610e+00
2.697000e-05	5.337287e-02	-9.220601e+00
2.698000e-05	-8.299047e-03	-9.426879e+00
2.699000e-05	2.985015e-02	-9.538324e+00
2.700000e-05	3.505666e-02	-9.694312e+00
2.701000e-05	2.321503e-02	-9.842034e+00
2.702000e-05	3.808886e-02	-9.967818e+00
2.703000e-05	1.532230e-02	-1.014684e+01
2.704000e-05	4.468005e-02	-1.029474e+01
2.705000e-05	1.175576e-02	-1.043308e+01
2.706000e-05	4.207002e-02	-1.054884e+01
2.707000e-05	2.653070e-02	-1.070419e+01
2.708000e-05	4.283547e-02	-1.081948e+01
2.709000e-05	2.405101e-02	-1.092581e+01
2.710000e-05	3.768019e-02	-1.105153e+01
2.711000e-05	4.124905e-02	-1.120850e+01
2.712000e-05	3.820369e-02	-1.133411e+01
2.713000e-05	3.835700e-02	-1.143303e+01
2.714000e-05	3.570903e-02	-1.151519e+01
2.715000e-05	4.787694e-02	-1.167208e+01
2.716000e-05	3.675986e-02	-1.175635e+01
2.717000e-05	4.767697e-02	-1.187156e+01
2.718000e-05	4.385219e-02	-1.192674e+01
2.719000e-05	5.042931e-02	-1.205155e+01
2.720000e-05	4.374096e-02	-1.208326e+01
2.721000e-05	5.337347e-02	-1.215790e+01
2.722000e-05	5.360948e-02	-1.225053e+01
2.723000e-05	5.474303e-02	-1.229269e+01
2.724000e-05	5.288213e-02	-1.231577e+01
2.725000e-05	5.469389e-02	-1.234835e+01
2.726000e-05	5.909256e-02	-1.242995e+01
2.727000e-05	5.922480e-02	-1.249313e+01
2.728000e-05	6.508185e-02	-1.256429e+01
2.729000e-05	6.405208e-02	-1.257734e+01
2.730000e-05	6.574539e-02	-1.257840e+01
2.731000e-05	6.901893e-02	-1.262048e+01
2.732000e-05	7.165023e-02	-1.264004e+01
2.733000e-05	7.461317e-02	-1.261910e+01
2.734000e-05	7.489711e-02	-1.266111e+01
2.735000e-05	7.948055e-02	-1.270304e+01
2.736000e-05	8.154426e-02	-1.268056e+01
2.737000e-05	8.240391e-02	-1.268209e+01
2.738000e-05	8.548799e-02	-1.272321e+01
2.739000e-05	8.913473e-02	-1.264114e+01
2.740000e-05	9.453006e-02	-1.269106e+01
2.741000e-05	9.481187e-02	-1.264956e+01
2.742000e-05	9.949704e-02	-1.265903e+01
2.743000e-05	1.029663e-01	-1.262895e+01
2.744000e-05	1.091136e-01	-1.256640e+01
2.745000e-05	1.163621e-01	-1.257730e+01
2.746000e-05	1.214014e-01	-1.255324e+01
2.747000e-05	1.280171e-01	-1.242093e+01
2.748000e-05	1.356563e-01	-1.237687e+01
2.749000e-05	1.456887e-01	-1.235527e+01
2.750000e-05	1.514270e-01	-1.226214e+01
2.751000e-05	1.554933e-01	-1.220950e+01
2.752000e-05	1.571171e-01	-1.215587e+01
2.753000e-05	1.573871e-01	-1.206261e+01
2.754000e-05	1.528153e-01	-1.198630e+01
2.755000e-05	1.461067e-01	-1.188414e+01
2.756000e-05	1.390046e-01	-1.182943e+01
2.757000e-05	1.318729e-01	-1.170279e+01
2.758000e-05	1.243379e-01	-1.162690e+01
2.759000e-05	1.144144e-01	-1.150157e+01
2.760000e-05	1.070898e-01	-1.137576e+01
2.761000e-05	9.960895e-02	-1.126063e+01
2.762000e-05	9.169055e-02	-1.113377e+01
2.763000e-05	8.576385e-02	-1.097742e+01
2.764000e-05	7.948864e-02	-1.087213e+01
2.765000e-05	7.527789e-02	-1.079889e+01
2.766000e-05	6.943032e-02	-1.067406e+01
2.767000e-05	6.670770e-02	-1.056634e+01
2.768000e-05	6.170307e-02	-1.045006e+01
2.769000e-05	5.711051e-02	-1.024263e+01
2.770000e-05	5.409789e-02	-1.011387e+01
2.771000e-05	5.166447e-02	-1.000790e+01
2.772000e-05	4.994879e-02	-9.861085e+00
2.773000e-05	4.553570e-02	-9.756194e+00
2.774000e-05	4.299507e-02	-9.578375e+00
2.775000e-05	3.913182e-02	-9.407433e+00
2.776000e-05	3.761072e-02	-9.251055e+00
2.777000e-05	3.570642e-02	-9.082639e+00
2.778000e-05	3.503805e-02	-8.925244e+00
2.779000e-05	3.273140e-02	-8.715721e+00
2.780000e-05	3.070277e-02	-8.546871e+00
2.781000e-05	2.866307e-02	-8.406875e+00
2.782000e-05	2.829981e-02	-8.201004e+00
2.783000e-05	2.521095e-02	-7.990427e+00
2.784000e-05	2.379665e-02	-7.849505e+00
2.785000e-05	2.249192e-02	-7.617901e+00
2.786000e-05	2.319434e-02	-7.398905e+00
2.787000e-05	1.936380e-02	-7.221055e+00
2.788000e-05	1.930952e-02	-7.029001e+00
2.789000e-05	1.760532e-02	-6.818470e+00
2.790000e-05	1.783814e-02	-6.598476e+00
2.791000e-05	1.548535e-02	-6.429031e+00
2.792000e-05	1.449378e-02	-6.239032e+00
2.793000e-05	1.508514e-02	-5.987400e+00
2.794000e-05	1.367596e-02	-5.768277e+00
2.795000e-05	1.185032e-02	-5.547901e+00
2.796000e-05	9.484878e-03	-5.367471e+00
2.797000e-05	1.143527e-02	-5.103817e+00
2.798000e-05	9.394872e-03	-4.841108e+00
2.799000e-05	9.407780e-03	-4.599978e+00
2.800000e-05	6.883841e-03	-4.400008e+00
2.801000e-05	7.645135e-03	-4.210605e+00
2.802000e-05	6.328488e-03	-4.040406e+00
2.803000e-05	7.102202e-03	-3.768846e+00
2.804000e-05	5.397603e-03	-3.577875e+00
2.805000e-05	4.912867e-03	-3.356843e+00
2.806000e-05	3.225646e-03	-3.144674e+00
2.807000e-05	2.382474e-03	-2.861631e+00
2.808000e-05	1.637830e-03	-2.670057e+00
2.809000e-05	2.469066e-03	-2.430425e+00
2.810000e-05	-1.215707e-03	-2.158880e+00
2.811000e-05	1.786374e-03	-1.956290e+00
2.812000e-05	-7.110626e-04	-1.742290e+00
2.813000e-05	3.620017e-04	-1.455288e+00
2.814000e-05	-1.968643e-03	-1.177974e+00
2.815000e-05	-5.472490e-04	-9.452947e-01
2.816000e-05	-2.745517e-03	-7.068709e-01
2.817000e-05	-4.585084e-03	-4.611315e-01
2.818000e-05	-5.077882e-03	-2.216293e-01
2.819000e-05	-3.331160e-03	-3.050375e-02
2.820000e-05	3.807974e-03	2.035789e-01
2.821000e-05	-7.772578e-04	4.816315e-01
2.822000e-05	-1.171259e-03	6.931803e-01
2.823000e-05	-7.699845e-04	8.525329e-01
2.824000e-05	-3.611416e-03	1.095288e+00
2.825000e-05	-3.160824e-03	1.388892e+00
2.826000e-05	-2.064099e-03	1.550950e+00
2.827000e-05	1.283121e-02	1.819527e+00
2.828000e-05	6.011628e-02	2.019576e+00
2.829000e-05	1.801789e-02	2.284158e+00
2.830000e-05	-7.198879e-02	2.525733e+00
2.831000e-05	-2.522140e-02	2.801022e+00
2.832000e-05	-3.518666e-02	3.000525e+00
2.833000e-05	-6.839497e-02	3.188423e+00
2.834000e-05	2.860039e-02	3.304359e+00
2.835000e-05	1.059692e-01	3.589427e+00
2.836000e-05	-1.614693e-01	3.747866e+00
2.837000e-05	1.136207e-01	3.968871e+00
2.838000e-05	-3.103765e-02	4.239948e+00
2.839000e-05	-7.648353e-02	4.443081e+00
2.840000e-05	7.380175e-02	4.694105e+00
2.841000e-05	-5.368045e-02	4.925279e+00
2.842000e-05	2.395033e-04	5.159370e+00
2.843000e-05	-2.984105e-04	5.452078e+00
2.844000e-05	-4.091111e-02	5.643004e+00
2.845000e-05	9.455249e-03	5.843205e+00
2.846000e-05	-3.647765e-02	6.123659e+00
2.847000e-05	-6.246891e-03	6.293236e+00
2.848000e-05	-3.233348e-02	6.494717e+00
2.849000e-05	-2.577395e-03	6.695720e+00
2.850000e-05	1.111695e-03	6.906842e+00
2.851000e-05	-4.335969e-02	7.108316e+00
2.852000e-05	2.141344e-02	7.287192e+00
2.853000e-05	-5.397975e-02	7.527868e+00
2.854000e-05	-1.638775e-02	7.759320e+00
2.855000e-05	-1.603613e-02	8.005918e+00
2.856000e-05	-2.388310e-02	8.179873e+00
2.857000e-05	-9.433709e-03	8.365820e+00
2.858000e-05	-4.026293e-02	8.495288e+00
2.859000e-05	-1.635538e-02	8.662564e+00
2.860000e-05	-3.246622e-02	8.781401e+00
2.861000e-05	-1.306145e-02	8.946996e+00
2.862000e-05	-3.063306e-02	9.168372e+00
2.863000e-05	-2.624522e-02	9.315219e+00
2.864000e-05	-2.341049e-02	9.464107e+00
2.865000e-05	-3.731017e-02	9.631555e+00
2.866000e-05	-2.673196e-02	9.847971e+00
2.867000e-05	-2.838442e-02	9.966770e+00
2.868000e-05	-2.647895e-02	1.009271e+01
2.869000e-05	-3.874451e-02	1.023101e+01
2.870000e-05	-3.234646e-02	1.039932e+01
2.871000e-05	-3.387372e-02	1.051524e+01
2.872000e-05	-3.587427e-02	1.062255e+01
2.873000e-05	-3.946604e-02	1.081942e+01
2.874000e-05	-3.517286e-02	1.088524e+01
2.875000e-05	-3.619408e-02	1.099903e+01
2.876000e-05	-4.313933e-02	1.111531e+01
2.877000e-05	-4.115669e-02	1.121203e+01
2.878000e-05	-4.005333e-02	1.143547e+01
2.879000e-05	-4.175855e-02	1.150421e+01
2.880000e-05	-4.669169e-02	1.164048e+01
2.881000e-05	-4.403221e-02	1.176636e+01
2.882000e-05	-4.694329e-02	1.181006e+01
2.883000e-05	-5.172199e-02	1.187421e+01
2.884000e-05	-5.196885e-02	1.199835e+01
2.885000e-05	-4.963031e-02	1.210259e+01
2.886000e-05	-5.328265e-02	1.217589e+01
2.887000e-05	-5.667369e-02	1.221096e+01
2.888000e-05	-5.451207e-02	1.227311e+01
2.889000e-05	-5.609330e-02	1.235677e+01
2.890000e-05	-5.999532e-02	1.242095e+01
2.891000e-05	-6.608962e-02	1.246251e+01
2.892000e-05	-6.388456e-02	1.250261e+01
2.893000e-05	-6.585556e-02	1.253472e+01
2.894000e-05	-6.813656e-02	1.258787e+01
2.895000e-05	-7.085817e-02	1.256641e+01
2.896000e-05	-7.284218e-02	1.261051e+01
2.897000e-05	-7.660843e-02	1.263156e+01
2.898000e-05	-7.852955e-02	1.263206e+01
2.899000e-05	-7.897208e-02	1.268204e+01
2.900000e-05	-8.185108e-02	1.269416e+01
2.901000e-05	-8.526913e-02	1.271319e+01
2.902000e-05	-8.929241e-02	1.267319e+01
2.903000e-05	-9.050161e-02	1.272417e+01
2.904000e-05	-9.388194e-02	1.268421e+01
2.905000e-05	-9.584431e-02	1.272466e+01
2.906000e-05	-9.884663e-02	1.268164e+01
2.907000e-05	-1.028533e-01	1.268206e+01
2.908000e-05	-1.082953e-01	1.263009e+01
2.909000e-05	-1.119689e-01	1.263100e+01
2.910000e-05	-1.164489e-01	1.257635e+01
2.911000e-05	-1.234192e-01	1.254527e+01
2.912000e-05	-1.316220e-01	1.252527e+01
2.913000e-05	-1.388048e-01	1.248264e+01
2.914000e-05	-1.468509e-01	1.243251e+01
2.915000e-05	-1.540689e-01	1.236637e+01
2.916000e-05	-1.590003e-01	1.229116e+01
2.917000e-05	-1.619153e-01	1.223958e+01
2.918000e-05	-1.636157e-01	1.217685e+01
2.919000e-05	-1.611339e-01	1.207298e+01
2.920000e-05	-1.571310e-01	1.198885e+01
2.921000e-05	-1.493582e-01	1.190219e+01
2.922000e-05	-1.425978e-01	1.182946e+01
2.923000e-05	-1.334940e-01	1.172574e+01
2.924000e-05	-1.252250e-01	1.160901e+01
2.925000e-05	-1.172503e-01	1.151159e+01
2.926000e-05	-1.085742e-01	1.140540e+01
2.927000e-05	-1.025040e-01	1.126899e+01
2.928000e-05	-9.514401e-02	1.116679e+01
2.929000e-05	-9.100584e-02	1.103108e+01
2.930000e-05	-8.383532e-02	1.091524e+01
2.931000e-05	-7.987403e-02	1.079940e+01
2.932000e-05	-7.442913e-02	1.069366e+01
2.933000e-05	-7.133355e-02	1.058535e+01
2.934000e-05	-6.471423e-02	1.038743e+01
2.935000e-05	-6.285553e-02	1.026209e+01
2.936000e-05	-5.883123e-02	1.015535e+01
2.937000e-05	-5.633687e-02	9.999506e+00
2.938000e-05	-5.311800e-02	9.912558e+00
2.939000e-05	-5.171874e-02	9.672611e+00
2.940000e-05	-4.945005e-02	9.516270e+00
2.941000e-05	-4.706258e-02	9.376925e+00
2.942000e-05	-4.394633e-02	9.240031e+00
2.943000e-05	-4.231074e-02	9.111214e+00
2.944000e-05	-4.044468e-02	8.849089e+00
2.945000e-05	-4.007527e-02	8.715241e+00
2.946000e-05	-3.667150e-02	8.535720e+00
2.947000e-05	-3.709481e-02	8.395876e+00
2.948000e-05	-3.316328e-02	8.228954e+00
2.949000e-05	-3.353563e-02	7.975454e+00
2.950000e-05	-3.114884e-02	7.797456e+00
2.951000e-05	-2.934944e-02	7.618458e+00
2.952000e-05	-2.786209e-02	7.396877e+00
2.953000e-05	-2.858097e-02	7.209401e+00
2.954000e-05	-2.660324e-02	6.977347e+00
2.955000e-05	-2.676605e-02	6.789479e+00
2.956000e-05	-2.543762e-02	6.588450e+00
2.957000e-05	-2.481102e-02	6.358325e+00
2.958000e-05	-2.290998e-02	6.166975e+00
2.959000e-05	-2.154865e-02	5.977476e+00
2.960000e-05	-2.084369e-02	5.756379e+00
2.961000e-05	-1.955761e-02	5.567768e+00
2.962000e-05	-1.875642e-02	5.324867e+00
2.963000e-05	-1.917304e-02	5.102763e+00
2.964000e-05	-1.947481e-02	4.810051e+00
2.965000e-05	-1.811109e-02	4.609557e+00
2.966000e-05	-1.563011e-02	4.430504e+00
2.967000e-05	-1.689427e-02	4.167925e+00
2.968000e-05	-1.421641e-02	3.915845e+00
2.969000e-05	-1.353627e-02	3.715790e+00
2.970000e-05	-1.297718e-02	3.486293e+00
2.971000e-05	-1.450528e-02	3.251585e+00
2.972000e-05	-1.218359e-02	3.030082e+00
2.973000e-05	-1.227049e-02	2.841029e+00
2.974000e-05	-9.531685e-03	2.599003e+00
2.975000e-05	-1.359132e-02	2.316871e+00
2.976000e-05	-6.345943e-03	2.103742e+00
2.977000e-05	-8.746853e-03	1.903790e+00
2.978000e-05	-7.807373e-03	1.630580e+00
2.979000e-05	-8.560012e-03	1.399499e+00
2.980000e-05	-8.803185e-03	1.217875e+00
2.981000e-05	-6.204277e-03	8.526305e-01
2.982000e-05	-8.599045e-03	6.620552e-01
2.983000e-05	-5.183120e-03	4.215265e-01
2.984000e-05	-3.201797e-03	1.658761e-01
2.985000e-05	-1.873153e-03	-5.260145e-02
2.986000e-05	7.035199e-03	-2.547064e-01
2.987000e-05	-1.052825e-03	-4.821076e-01
2.988000e-05	4.072453e-03	-7.477670e-01
2.989000e-05	-2.252603e-03	-9.368409e-01
2.990000e-05	8.063644e-04	-1.158368e+00
2.991000e-05	-9.390807e-04	-1.367350e+00
2.992000e-05	1.410215e-02	-1.631050e+00
2.993000e-05	7.943525e-02	-1.829524e+00
2.994000e-05	2.773312e-02	-2.093605e+00
2.995000e-05	-6.757424e-02	-2.441933e+00
2.996000e-05	-3.401012e-03	-2.725738e+00
2.997000e-05	-4.875443e-02	-2.903633e+00
2.998000e-05	-6.100913e-02	-3.053191e+00
2.999000e-05	1.505178e-01	-3.199972e+00
3.000000e-05	-4.676653e-02	-3.408949e+00
3.001000e-05	-3.268695e-02	-3.661608e+00
3.002000e-05	1.517101e-01	-3.799074e+00
3.003000e-05	-1.753238e-01	-4.084660e+00
3.004000e-05	1.085646e-01	-4.304837e+00
3.005000e-05	2.293915e-02	-4.493708e+00
3.006000e-05	-7.558072e-02	-4.788497e+00
3.007000e-05	1.538837e-01	-4.946316e+00
3.008000e-05	-1.059988e-01	-5.188921e+00
3.009000e-05	5.096113e-02	-5.491742e+00
3.010000e-05	2.512365e-02	-5.684233e+00
3.011000e-05	-6.531969e-02	-5.937316e+00
3.012000e-05	1.209240e-01	-6.086187e+00
3.013000e-05	-8.475359e-02	-6.367316e+00
3.014000e-05	8.270263e-02	-6.568343e+00
3.015000e-05	-5.737492e-03	-6.787316e+00
3.016000e-05	4.789364e-03	-6.979053e+00
3.017000e-05	8.362346e-02	-7.202475e+00
3.018000e-05	-8.459280e-02	-7.399001e+00
3.019000e-05	9.639447e-02	-7.609925e+00
3.020000e-05	-3.702481e-02	-7.800504e+00
3.021000e-05	4.948750e-02	-8.032030e+00
3.022000e-05	2.821540e-02	-8.199396e+00
3.023000e-05	-4.799526e-03	-8.379871e+00
3.024000e-05	5.414828e-02	-8.525216e+00
3.025000e-05	-2.983645e-02	-8.745289e+00
3.026000e-05	6.935814e-02	-8.934188e+00
3.027000e-05	4.903299e-04	-9.063555e+00
3.028000e-05	4.619874e-02	-9.197925e+00
3.029000e-05	4.107242e-03	-9.385916e+00
3.030000e-05	1.627765e-02	-9.544788e+00
3.031000e-05	4.435371e-02	-9.693210e+00
3.032000e-05	1.491211e-02	-9.832502e+00
3.033000e-05	4.524259e-02	-9.966316e+00
3.034000e-05	9.739594e-03	-1.012569e+01
3.035000e-05	4.684725e-02	-1.032159e+01
3.036000e-05	1.196689e-02	-1.043150e+01
3.037000e-05	3.953744e-02	-1.058690e+01
3.038000e-05	2.929017e-02	-1.066166e+01
3.039000e-05	3.914949e-02	-1.077795e+01
3.040000e-05	2.668143e-02	-1.091566e+01
3.041000e-05	3.284791e-02	-1.105055e+01
3.042000e-05	4.372389e-02	-1.119737e+01
3.043000e-05	3.574721e-02	-1.129474e+01
3.044000e-05	4.150348e-02	-1.141803e+01
3.045000e-05	3.487954e-02	-1.149321e+01
3.046000e-05	4.849031e-02	-1.164943e+01
3.047000e-05	3.632629e-02	-1.171582e+01
3.048000e-05	4.510936e-02	-1.186958e+01
3.049000e-05	4.412250e-02	-1.195467e+01
3.050000e-05	4.927627e-02	-1.208050e+01
3.051000e-05	4.380033e-02	-1.213414e+01
3.052000e-05	5.156229e-02	-1.217635e+01
3.053000e-05	5.496365e-02	-1.222048e+01
3.054000e-05	5.506841e-02	-1.227268e+01
3.055000e-05	5.265438e-02	-1.231426e+01
3.056000e-05	5.390040e-02	-1.238688e+01
3.057000e-05	5.952322e-02	-1.243900e+01
3.058000e-05	5.803667e-02	-1.249108e+01
3.059000e-05	6.356006e-02	-1.253529e+01
3.060000e-05	6.500117e-02	-1.258675e+01
3.061000e-05	6.625402e-02	-1.259940e+01
3.062000e-05	6.823902e-02	-1.262900e+01
3.063000e-05	7.025685e-02	-1.263943e+01
3.064000e-05	7.481907e-02	-1.265258e+01
3.065000e-05	7.547136e-02	-1.269161e+01
3.066000e-05	7.887714e-02	-1.268209e+01
3.067000e-05	8.080397e-02	-1.267316e+01
3.068000e-05	8.185858e-02	-1.269211e+01
3.069000e-05	8.444081e-02	-1.269267e+01
3.070000e-05	8.754949e-02	-1.271303e+01
3.071000e-05	9.270810e-02	-1.269359e+01
3.072000e-05	9.501258e-02	-1.266158e+01
3.073000e-05	1.001296e-01	-1.265006e+01
3.074000e-05	1.032414e-01	-1.261848e+01
3.075000e-05	1.065744e-01	-1.259845e+01
3.076000e-05	1.146810e-01	-1.258584e+01
3.077000e-05	1.213117e-01	-1.250421e+01
3.078000e-05	1.276711e-01	-1.241056e+01
3.079000e-05	1.341939e-01	-1.239935e+01
3.080000e-05	1.437672e-01	-1.234569e+01
3.081000e-05	1.517264e-01	-1.227064e+01
3.082000e-05	1.541437e-01	-1.224003e+01
3.083000e-05	1.568335e-01	-1.216490e+01
3.084000e-05	1.560811e-01	-1.209166e+01
3.085000e-05	1.548283e-01	-1.202096e+01
3.086000e-05	1.482774e-01	-1.189419e+01
3.087000e-05	1.421659e-01	-1.185045e+01
3.088000e-05	1.326341e-01	-1.170282e+01
3.089000e-05	1.245088e-01	-1.162798e+01
3.090000e-05	1.155491e-01	-1.156366e+01
3.091000e-05	1.073396e-01	-1.134740e+01
3.092000e-05	1.010243e-01	-1.124960e+01
3.093000e-05	9.259078e-02	-1.113275e+01
3.094000e-05	8.812610e-02	-1.099993e+01
3.095000e-05	8.001842e-02	-1.091321e+01
3.096000e-05	7.537745e-02	-1.084098e+01
3.097000e-05	7.067675e-02	-1.070416e+01
3.098000e-05	6.683302e-02	-1.059840e+01
3.099000e-05	6.186741e-02	-1.043203e+01
3.100000e-05	5.772104e-02	-1.035379e+01
3.101000e-05	5.497547e-02	-1.017590e+01
3.102000e-05	5.207559e-02	-1.003845e+01
3.103000e-05	4.895042e-02	-9.872210e+00
3.104000e-05	4.467275e-02	-9.754746e+00
3.105000e-05	4.361340e-02	-9.559400e+00
3.106000e-05	4.112763e-02	-9.441034e+00
3.107000e-05	3.822884e-02	-9.292005e+00
3.108000e-05	3.557876e-02	-9.073639e+00
3.109000e-05	3.448470e-02	-8.974821e+00
3.110000e-05	3.279094e-02	-8.757898e+00
3.111000e-05	3.042979e-02	-8.598399e+00
3.112000e-05	2.878795e-02	-8.387550e+00
3.113000e-05	2.834155e-02	-8.231151e+00
3.114000e-05	2.620471e-02	-8.023160e+00
3.115000e-05	2.381175e-02	-7.883036e+00
3.116000e-05	2.165187e-02	-7.639035e+00
3.117000e-05	2.232966e-02	-7.451053e+00
3.118000e-05	2.051976e-02	-7.242058e+00
3.119000e-05	1.969167e-02	-7.070558e+00
3.120000e-05	1.787512e-02	-6.819006e+00
3.121000e-05	1.787524e-02	-6.630604e+00
3.122000e-05	1.640688e-02	-6.462108e+00
3.123000e-05	1.526203e-02	-6.221608e+00
3.124000e-05	1.430990e-02	-6.020448e+00
3.125000e-05	1.225689e-02	-5.809927e+00
3.126000e-05	1.254093e-02	-5.599982e+00
3.127000e-05	1.072415e-02	-5.398457e+00
3.128000e-05	1.144360e-02	-5.166843e+00
3.129000e-05	8.437247e-03	-4.942166e+00
3.130000e-05	1.023010e-02	-4.642082e+00
3.131000e-05	8.723823e-03	-4.432107e+00
3.132000e-05	7.573721e-03	-4.262662e+00
3.133000e-05	5.594043e-03	-4.074125e+00
3.134000e-05	6.791771e-03	-3.861087e+00
3.135000e-05	5.841844e-03	-3.597949e+00
3.136000e-05	4.518719e-03	-3.376350e+00
3.137000e-05	3.161612e-03	-3.179400e+00
3.138000e-05	3.667956e-03	-2.943187e+00
3.139000e-05	2.260639e-03	-2.722739e+00
3.140000e-05	1.982961e-03	-2.452609e+00
3.141000e-05	1.562553e-03	-2.208957e+00
3.142000e-05	1.163287e-03	-1.968447e+00
3.143000e-05	2.555373e-04	-1.765343e+00
3.144000e-05	-6.755818e-04	-1.577269e+00
3.145000e-05	-1.591025e-03	-1.238534e+00
3.146000e-05	-2.144292e-03	-9.893974e-01
3.147000e-05	-2.702182e-03	-7.589208e-01
3.148000e-05	-4.507874e-03	-4.936392e-01
3.149000e-05	-3.972893e-03	-2.632355e-01
3.150000e-05	-2.266818e-03	-7.016058e-02
3.151000e-05	3.090028e-03	1.589461e-01
3.152000e-05	8.684217e-04	3.810551e-01
3.153000e-05	-3.856869e-03	5.914738e-01
3.154000e-05	1.031199e-04	8.020063e-01
3.155000e-05	-3.938013e-03	1.052084e+00
3.156000e-05	-4.059483e-03	1.275709e+00
3.157000e-05	-3.579091e-03	1.568365e+00
3.158000e-05	1.020653e-02	1.759978e+00
3.159000e-05	5.348682e-02	1.988970e+00
3.160000e-05	3.932049e-02	2.242002e+00
3.161000e-05	-7.276568e-02	2.436208e+00
3.162000e-05	-2.850114e-02	2.807947e+00
3.163000e-05	-3.515954e-02	2.998922e+00
3.164000e-05	-6.064974e-02	3.143397e+00
3.165000e-05	-6.625346e-03	3.274188e+00
3.166000e-05	1.342891e-01	3.536892e+00
3.167000e-05	-1.455818e-01	3.716842e+00
3.168000e-05	7.272215e-02	3.918990e+00
3.169000e-05	2.149288e-02	4.217472e+00
3.170000e-05	-1.072738e-01	4.438553e+00
3.171000e-05	7.561071e-02	4.651952e+00
3.172000e-05	-3.710187e-02	4.853604e+00
3.173000e-05	-1.854487e-02	5.095842e+00
3.174000e-05	1.354933e-02	5.408950e+00
3.175000e-05	-4.816522e-02	5.611005e+00
3.176000e-05	7.750604e-03	5.849028e+00
3.177000e-05	-3.127896e-02	6.052657e+00
3.178000e-05	-1.326061e-02	6.272063e+00
3.179000e-05	-2.299930e-02	6.472679e+00
3.180000e-05	-1.619826e-02	6.704764e+00
3.181000e-05	1.353393e-02	6.903214e+00
3.182000e-05	-4.753231e-02	7.115187e+00
3.183000e-05	1.927635e-02	7.294234e+00
3.184000e-05	-4.310944e-02	7.504692e+00
3.185000e-05	-2.773851e-02	7.725870e+00
3.186000e-05	-1.051172e-02	7.934247e+00
3.187000e-05	-2.892122e-02	8.176894e+00
3.188000e-05	-6.741554e-03	8.307317e+00
3.189000e-05	-3.683776e-02	8.473187e+00
3.190000e-05	-2.040968e-02	8.652557e+00
3.191000e-05	-3.077455e-02	8.836550e+00
3.192000e-05	-1.679657e-02	8.958355e+00
3.193000e-05	-2.471149e-02	9.107212e+00
3.194000e-05	-2.914224e-02	9.274787e+00
3.195000e-05	-2.218401e-02	9.421633e+00
3.196000e-05	-3.422588e-02	9.562349e+00
3.197000e-05	-2.937824e-02	9.748397e+00
3.198000e-05	-2.869795e-02	9.874742e+00
3.199000e-05	-2.547564e-02	1.006311e+01
3.200000e-05	-3.743973e-02	1.018750e+01
3.201000e-05	-3.409548e-02	1.033729e+01
3.202000e-05	-3.185791e-02	1.048461e+01
3.203000e-05	-3.387204e-02	1.058151e+01
3.204000e-05	-3.830679e-02	1.076637e+01
3.205000e-05	-3.711686e-02	1.089469e+01
3.206000e-05	-3.552549e-02	1.101740e+01
3.207000e-05	-4.114615e-02	1.112574e+01
3.208000e-05	-4.211462e-02	1.125106e+01
3.209000e-05	-4.120609e-02	1.136987e+01
3.210000e-05	-4.167698e-02	1.148171e+01
3.211000e-05	-4.582261e-02	1.161143e+01
3.212000e-05	-4.556449e-02	1.171574e+01
3.213000e-05	-4.534628e-02	1.183941e+01
3.214000e-05	-4.913291e-02	1.189316e+01
3.215000e-05	-5.107429e-02	1.200837e+01
3.216000e-05	-4.980528e-02	1.205051e+01
3.217000e-05	-5.185963e-02	1.211530e+01
3.218000e-05	-5.585373e-02	1.218642e+01
3.219000e-05	-5.545027e-02	1.226106e+01
3.220000e-05	-5.898505e-02	1.233527e+01
3.221000e-05	-5.978768e-02	1.236998e+01
3.222000e-05	-6.282071e-02	1.244258e+01
3.223000e-05	-6.290508e-02	1.251269e+01
3.224000e-05	-6.638921e-02	1.252519e+01
3.225000e-05	-6.931063e-02	1.254637e+01
3.226000e-05	-7.095586e-02	1.256750e+01
3.227000e-05	-7.106998e-02	1.260150e+01
3.228000e-05	-7.591355e-02	1.266158e+01
3.229000e-05	-7.830266e-02	1.265016e+01
3.230000e-05	-7.964342e-02	1.268209e+01
3.231000e-05	-8.261306e-02	1.267312e+01
3.232000e-05	-8.456022e-02	1.270169e+01
3.233000e-05	-8.706699e-02	1.269416e+01
3.234000e-05	-8.958497e-02	1.271319e+01
3.235000e-05	-9.408029e-02	1.268469e+01
3.236000e-05	-9.659711e-02	1.271316e+01
3.237000e-05	-9.832915e-02	1.266264e+01
3.238000e-05	-1.016441e-01	1.267258e+01
3.239000e-05	-1.064052e-01	1.264105e+01
3.240000e-05	-1.119378e-01	1.260998e+01
3.241000e-05	-1.178530e-01	1.257843e+01
3.242000e-05	-1.234493e-01	1.254827e+01
3.243000e-05	-1.284723e-01	1.254524e+01
3.244000e-05	-1.374065e-01	1.247314e+01
3.245000e-05	-1.464393e-01	1.240853e+01
3.246000e-05	-1.550437e-01	1.234695e+01
3.247000e-05	-1.581661e-01	1.232422e+01
3.248000e-05	-1.613636e-01	1.224151e+01
3.249000e-05	-1.643104e-01	1.216737e+01
3.250000e-05	-1.625989e-01	1.209306e+01
3.251000e-05	-1.569893e-01	1.199792e+01
3.252000e-05	-1.512822e-01	1.191222e+01
3.253000e-05	-1.443001e-01	1.183148e+01
3.254000e-05	-1.348462e-01	1.174625e+01
3.255000e-05	-1.262721e-01	1.163203e+01
3.256000e-05	-1.189745e-01	1.153419e+01
3.257000e-05	-1.109782e-01	1.139793e+01
3.258000e-05	-1.041027e-01	1.125251e+01
3.259000e-05	-9.567437e-02	1.114732e+01
3.260000e-05	-9.160389e-02	1.105211e+01
3.261000e-05	-8.448579e-02	1.092680e+01
3.262000e-05	-8.140774e-02	1.082101e+01
3.263000e-05	-7.487523e-02	1.070417e+01
3.264000e-05	-7.096896e-02	1.058633e+01
3.265000e-05	-6.641262e-02	1.042853e+01
3.266000e-05	-6.349626e-02	1.028264e+01
3.267000e-05	-6.030599e-02	1.016685e+01
3.268000e-05	-5.727843e-02	1.002056e+01
3.269000e-05	-5.352289e-02	9.862209e+00
3.270000e-05	-5.280430e-02	9.695691e+00
3.271000e-05	-4.857157e-02	9.555374e+00
3.272000e-05	-4.539176e-02	9.398928e+00
3.273000e-05	-4.514799e-02	9.271633e+00
3.274000e-05	-4.345895e-02	9.114664e+00
3.275000e-05	-4.031361e-02	8.903215e+00
3.276000e-05	-3.832524e-02	8.735290e+00
3.277000e-05	-3.843488e-02	8.575999e+00
3.278000e-05	-3.679511e-02	8.410454e+00
3.279000e-05	-3.417735e-02	8.249958e+00
3.280000e-05	-3.255352e-02	7.977930e+00
3.281000e-05	-3.195743e-02	7.831005e+00
3.282000e-05	-3.006130e-02	7.639561e+00
3.283000e-05	-2.871875e-02	7.429454e+00
3.284000e-05	-2.824861e-02	7.238970e+00
3.285000e-05	-2.823075e-02	7.008553e+00
3.286000e-05	-2.607305e-02	6.822554e+00
3.287000e-05	-2.570972e-02	6.628181e+00
3.288000e-05	-2.409817e-02	6.368503e+00
3.289000e-05	-2.250889e-02	6.209878e+00
3.290000e-05	-2.219650e-02	6.010106e+00
3.291000e-05	-2.117421e-02	5.789577e+00
3.292000e-05	-2.052781e-02	5.567425e+00
3.293000e-05	-1.972531e-02	5.356400e+00
3.294000e-05	-1.913781e-02	5.123245e+00
3.295000e-05	-1.856477e-02	4.851983e+00
3.296000e-05	-1.770357e-02	4.639082e+00
3.297000e-05	-1.717966e-02	4.431029e+00
3.298000e-05	-1.580006e-02	4.209007e+00
3.299000e-05	-1.514419e-02	3.975922e+00
3.300000e-05	-1.453140e-02	3.777893e+00
3.301000e-05	-1.316402e-02	3.556945e+00
3.302000e-05	-1.235764e-02	3.333692e+00
3.303000e-05	-1.171551e-02	3.071643e+00
3.304000e-05	-1.179468e-02	2.842162e+00
3.305000e-05	-1.126256e-02	2.670663e+00
3.306000e-05	-1.055610e-02	2.407496e+00
3.307000e-05	-1.040470e-02	2.155819e+00
3.308000e-05	-9.133184e-03	1.937922e+00
3.309000e-05	-8.455096e-03	1.673613e+00
3.310000e-05	-7.194866e-03	1.430628e+00
3.311000e-05	-8.308897e-03	1.237980e+00
3.312000e-05	-7.023900e-03	9.132121e-01
3.313000e-05	-6.074121e-03	6.637106e-01
3.314000e-05	-5.170202e-03	4.601265e-01
3.315000e-05	-4.351935e-03	2.196516e-01
3.316000e-05	-2.874076e-03	-6.065393e-02
3.317000e-05	5.718682e-03	-2.531526e-01
3.318000e-05	-8.671490e-04	-4.325012e-01
3.319000e-05	1.215949e-03	-7.163158e-01
3.320000e-05	-5.781982e-04	-8.962142e-01
3.321000e-05	1.896130e-03	-1.126236e+00
3.322000e-05	1.099181e-03	-1.326743e+00
3.323000e-05	1.093454e-02	-1.619525e+00
3.324000e-05	6.796402e-02	-1.748421e+00
3.325000e-05	5.228780e-02	-1.990547e+00
3.326000e-05	-7.423487e-02	-2.358992e+00
3.327000e-05	-3.737746e-03	-2.664157e+00
3.328000e-05	-4.363860e-02	-2.833681e+00
3.329000e-05	-6.985394e-02	-3.054534e+00
3.330000e-05	1.221836e-01	-3.188497e+00
3.331000e-05	1.609932e-02	-3.348293e+00
3.332000e-05	-9.554947e-02	-3.602128e+00
3.333000e-05	1.852807e-01	-3.789395e+00
3.334000e-05	-1.465807e-01	-4.033628e+00
3.335000e-05	6.272493e-02	-4.303237e+00
3.336000e-05	6.917990e-02	-4.451655e+00
3.337000e-05	-1.044597e-01	-4.747341e+00
3.338000e-05	1.459526e-01	-4.913264e+00
3.339000e-05	-6.625634e-02	-5.168408e+00
3.340000e-05	1.423714e-03	-5.484181e+00
3.341000e-05	7.384520e-02	-5.652626e+00
3.342000e-05	-9.465377e-02	-5.883134e+00
3.343000e-05	1.259178e-01	-6.043583e+00
3.344000e-05	-6.845526e-02	-6.282761e+00
3.345000e-05	4.931971e-02	-6.475814e+00
3.346000e-05	3.160086e-02	-6.705765e+00
3.347000e-05	-3.001602e-02	-6.977917e+00
3.348000e-05	1.096820e-01	-7.197941e+00
3.349000e-05	-8.938952e-02	-7.390945e+00
3.350000e-05	8.147007e-02	-7.557325e+00
3.351000e-05	-1.376598e-02	-7.796970e+00
3.352000e-05	2.229348e-02	-8.050025e+00
3.353000e-05	5.346303e-02	-8.166292e+00
3.354000e-05	-2.213951e-02	-8.357791e+00
3.355000e-05	6.517757e-02	-8.512739e+00
3.356000e-05	-3.236963e-02	-8.733267e+00
3.357000e-05	6.223949e-02	-8.874687e+00
3.358000e-05	9.613568e-03	-9.050951e+00
3.359000e-05	3.472504e-02	-9.199420e+00
3.360000e-05	1.895337e-02	-9.344816e+00
3.361000e-05	2.636184e-03	-9.543063e+00
3.362000e-05	5.400066e-02	-9.682657e+00
3.363000e-05	9.917833e-03	-9.807929e+00
3.364000e-05	4.833879e-02	-9.935318e+00
3.365000e-05	7.609848e-03	-1.008413e+01
3.366000e-05	4.519247e-02	-1.024998e+01
3.367000e-05	1.502014e-02	-1.042942e+01
3.368000e-05	3.521147e-02	-1.055524e+01
3.369000e-05	3.183801e-02	-1.065153e+01
3.370000e-05	3.564878e-02	-1.074740e+01
3.371000e-05	3.157917e-02	-1.089371e+01
3.372000e-05	2.771239e-02	-1.106050e+01
3.373000e-05	4.673609e-02	-1.115835e+01
3.374000e-05	3.390444e-02	-1.127218e+01
3.375000e-05	4.241452e-02	-1.139892e+01
3.376000e-05	3.106350e-02	-1.152469e+01
3.377000e-05	4.777201e-02	-1.159837e+01
3.378000e-05	3.660535e-02	-1.176582e+01
3.379000e-05	4.473554e-02	-1.182998e+01
3.380000e-05	4.401714e-02	-1.193309e+01
3.381000e-05	4.828702e-02	-1.198993e+01
3.382000e-05	4.523820e-02	-1.208216e+01
3.383000e-05	4.992245e-02	-1.215630e+01
3.384000e-05	5.625072e-02	-1.224048e+01
3.385000e-05	5.439205e-02	-1.229211e+01
3.386000e-05	5.416204e-02	-1.232473e+01
3.387000e-05	5.179724e-02	-1.236734e+01
3.388000e-05	5.832169e-02	-1.243986e+01
3.389000e-05	5.698891e-02	-1.242213e+01
3.390000e-05	6.347480e-02	-1.253411e+01
3.391000e-05	6.560189e-02	-1.255332e+01
3.392000e-05	6.561123e-02	-1.256844e+01
3.393000e-05	6.730560e-02	-1.262897e+01
3.394000e-05	7.001865e-02	-1.264752e+01
3.395000e-05	7.406559e-02	-1.266056e+01
3.396000e-05	7.461677e-02	-1.267958e+01
3.397000e-05	7.731144e-02	-1.269309e+01
3.398000e-05	8.031227e-02	-1.270309e+01
3.399000e-05	8.222975e-02	-1.270309e+01
3.400000e-05	8.486317e-02	-1.270262e+01
3.401000e-05	8.848389e-02	-1.271221e+01
3.402000e-05	9.254437e-02	-1.267113e+01
3.403000e-05	9.460480e-02	-1.267254e+01
3.404000e-05	9.763901e-02	-1.267006e+01
3.405000e-05	1.031344e-01	-1.264995e+01
3.406000e-05	1.066393e-01	-1.259695e+01
3.407000e-05	1.132131e-01	-1.258624e+01
3.408000e-05	1.182615e-01	-1.253369e+01
3.409000e-05	1.263229e-01	-1.244214e+01
3.410000e-05	1.348907e-01	-1.243888e+01
3.411000e-05	1.436452e-01	-1.235480e+01
3.412000e-05	1.507489e-01	-1.230374e+01
3.413000e-05	1.537808e-01	-1.224000e+01
3.414000e-05	1.563150e-01	-1.219678e+01
3.415000e-05	1.560891e-01	-1.208376e+01
3.416000e-05	1.548540e-01	-1.201948e+01
3.417000e-05	1.491588e-01	-1.192414e+01
3.418000e-05	1.439065e-01	-1.184953e+01
3.419000e-05	1.345853e-01	-1.171435e+01
3.420000e-05	1.249622e-01	-1.166800e+01
3.421000e-05	1.166932e-01	-1.155366e+01
3.422000e-05	1.094608e-01	-1.141793e+01
3.423000e-05	1.021933e-01	-1.129208e+01
3.424000e-05	9.452610e-02	-1.119889e+01
3.425000e-05	8.782912e-02	-1.103051e+01
3.426000e-05	8.170743e-02	-1.095474e+01
3.427000e-05	7.527677e-02	-1.084056e+01
3.428000e-05	7.032879e-02	-1.071429e+01
3.429000e-05	6.760632e-02	-1.061795e+01
3.430000e-05	6.228613e-02	-1.047213e+01
3.431000e-05	5.877305e-02	-1.035369e+01
3.432000e-05	5.498380e-02	-1.019840e+01
3.433000e-05	5.395770e-02	-1.002943e+01
3.434000e-05	4.916230e-02	-9.893162e+00
3.435000e-05	4.568111e-02	-9.747402e+00
3.436000e-05	4.334625e-02	-9.628554e+00
3.437000e-05	4.058389e-02	-9.453058e+00
3.438000e-05	3.854494e-02	-9.281109e+00
3.439000e-05	3.590003e-02	-9.124197e+00
3.440000e-05	3.495146e-02	-8.976352e+00
3.441000e-05	3.366276e-02	-8.756454e+00
3.442000e-05	3.032125e-02	-8.647502e+00
3.443000e-05	2.886662e-02	-8.419503e+00
3.444000e-05	2.739980e-02	-8.290159e+00
3.445000e-05	2.607654e-02	-8.082738e+00
3.446000e-05	2.489024e-02	-7.934163e+00
3.447000e-05	2.306481e-02	-7.621158e+00
3.448000e-05	2.226947e-02	-7.502184e+00
3.449000e-05	2.083790e-02	-7.272181e+00
3.450000e-05	1.982224e-02	-7.110732e+00
3.451000e-05	1.824197e-02	-6.881083e+00
3.452000e-05	1.696343e-02	-6.702233e+00
3.453000e-05	1.688990e-02	-6.452663e+00
3.454000e-05	1.520166e-02	-6.272161e+00
3.455000e-05	1.486687e-02	-6.033555e+00
3.456000e-05	1.332094e-02	-5.871032e+00
3.457000e-05	1.258613e-02	-5.642055e+00
3.458000e-05	1.084368e-02	-5.461111e+00
3.459000e-05	1.084294e-02	-5.156447e+00
3.460000e-05	9.871913e-03	-4.934821e+00
3.461000e-05	9.825184e-03	-4.661612e+00
3.462000e-05	9.437699e-03	-4.494185e+00
3.463000e-05	7.174519e-03	-4.304740e+00
3.464000e-05	6.188643e-03	-4.100242e+00
3.465000e-05	6.273809e-03	-3.852766e+00
3.466000e-05	5.557160e-03	-3.609505e+00
3.467000e-05	5.130781e-03	-3.410530e+00
3.468000e-05	3.247595e-03	-3.207952e+00
3.469000e-05	3.504002e-03	-2.954292e+00
3.470000e-05	1.201980e-03	-2.685316e+00
3.471000e-05	2.773696e-03	-2.454141e+00
3.472000e-05	2.141881e-03	-2.270962e+00
3.473000e-05	1.453459e-03	-1.968949e+00
3.474000e-05	-2.163083e-04	-1.768052e+00
3.475000e-05	-4.679717e-04	-1.536970e+00
3.476000e-05	-1.160441e-03	-1.254560e+00
3.477000e-05	-1.817731e-03	-1.040506e+00
3.478000e-05	-3.463008e-03	-7.984952e-01
3.479000e-05	-3.853759e-03	-5.667396e-01
3.480000e-05	-3.164903e-03	-3.027873e-01
3.481000e-05	-3.085834e-03	-8.324071e-02
3.482000e-05	1.292953e-03	1.462921e-01
3.483000e-05	3.407868e-03	3.804748e-01
3.484000e-05	-3.470786e-03	6.009936e-01
3.485000e-05	1.044595e-03	7.909736e-01
3.486000e-05	-5.238296e-03	1.031500e+00
3.487000e-05	-2.599935e-03	1.304682e+00
3.488000e-05	-4.138756e-03	1.474733e+00
3.489000e-05	6.028915e-03	1.757841e+00
3.490000e-05	4.444901e-02	1.938920e+00
3.491000e-05	5.657603e-02	2.189924e+00
3.492000e-05	-6.740086e-02	2.432551e+00
3.493000e-05	-3.430146e-02	2.725842e+00
3.494000e-05	-3.579621e-02	2.955346e+00
3.495000e-05	-5.163176e-02	3.127788e+00
3.496000e-05	-3.560048e-02	3.253155e+00
3.497000e-05	1.440810e-01	3.476788e+00
3.498000e-05	-1.157014e-01	3.724713e+00
3.499000e-05	1.749894e-02	3.893762e+00
3.500000e-05	7.124427e-02	4.137241e+00
3.501000e-05	-1.270214e-01	4.380953e+00
3.502000e-05	6.648815e-02	4.599522e+00
3.503000e-05	-1.461194e-02	4.833050e+00
3.504000e-05	-3.745016e-02	5.082657e+00
3.505000e-05	2.297777e-02	5.358865e+00
3.506000e-05	-4.898687e-02	5.569397e+00
3.507000e-05	5.055855e-03	5.746922e+00
3.508000e-05	-2.407223e-02	6.051577e+00
3.509000e-05	-2.254288e-02	6.222577e+00
3.510000e-05	-1.541000e-02	6.420976e+00
3.511000e-05	-2.643976e-02	6.693158e+00
3.512000e-05	2.167059e-02	6.862713e+00
3.513000e-05	-4.865327e-02	7.043638e+00
3.514000e-05	1.316671e-02	7.253107e+00
3.515000e-05	-3.023708e-02	7.485258e+00
3.516000e-05	-3.913116e-02	7.714764e+00
3.517000e-05	-4.909308e-03	7.914685e+00
3.518000e-05	-2.929203e-02	8.105839e+00
3.519000e-05	-6.089561e-03	8.324736e+00
3.520000e-05	-3.442898e-02	8.462158e+00
3.521000e-05	-2.412202e-02	8.601507e+00
3.522000e-05	-2.552236e-02	8.746870e+00
3.523000e-05	-2.008565e-02	8.936343e+00
3.524000e-05	-2.177875e-02	9.125139e+00
3.525000e-05	-3.397723e-02	9.264635e+00
3.526000e-05	-1.954927e-02	9.419928e+00
3.527000e-05	-3.381748e-02	9.597975e+00
3.528000e-05	-3.166969e-02	9.686769e+00
3.529000e-05	-2.714636e-02	9.903064e+00
3.530000e-05	-2.572371e-02	1.002251e+01
3.531000e-05	-3.242388e-02	1.020047e+01
3.532000e-05	-3.785026e-02	1.030529e+01
3.533000e-05	-3.156797e-02	1.045214e+01
3.534000e-05	-3.474676e-02	1.060845e+01
3.535000e-05	-3.769010e-02	1.073579e+01
3.536000e-05	-3.735957e-02	1.088303e+01
3.537000e-05	-3.563159e-02	1.099843e+01
3.538000e-05	-4.106619e-02	1.111424e+01
3.539000e-05	-4.284669e-02	1.120005e+01
3.540000e-05	-3.907856e-02	1.132782e+01
3.541000e-05	-4.045605e-02	1.149361e+01
3.542000e-05	-4.368984e-02	1.159932e+01
3.543000e-05	-4.616400e-02	1.172417e+01
3.544000e-05	-4.595792e-02	1.181955e+01
3.545000e-05	-4.977846e-02	1.188324e+01
3.546000e-05	-5.086711e-02	1.193985e+01
3.547000e-05	-4.903556e-02	1.204109e+01
3.548000e-05	-5.270681e-02	1.217377e+01
3.549000e-05	-5.561497e-02	1.216687e+01
3.550000e-05	-5.427025e-02	1.229148e+01
3.551000e-05	-5.513237e-02	1.235472e+01
3.552000e-05	-5.969608e-02	1.237890e+01
3.553000e-05	-6.437122e-02	1.241098e+01
3.554000e-05	-6.414726e-02	1.247224e+01
3.555000e-05	-6.528447e-02	1.253424e+01
3.556000e-05	-6.838399e-02	1.256640e+01
3.557000e-05	-7.082221e-02	1.253843e+01
3.558000e-05	-7.083145e-02	1.263898e+01
3.559000e-05	-7.557251e-02	1.261950e+01
3.560000e-05	-7.802655e-02	1.267248e+01
3.561000e-05	-7.958115e-02	1.268306e+01
3.562000e-05	-8.023126e-02	1.266116e+01
3.563000e-05	-8.467668e-02	1.266318e+01
3.564000e-05	-8.794721e-02	1.270321e+01
3.565000e-05	-8.982074e-02	1.271369e+01
3.566000e-05	-9.343802e-02	1.269366e+01
3.567000e-05	-9.512066e-02	1.271269e+01
3.568000e-05	-1.001395e-01	1.268316e+01
3.569000e-05	-1.013135e-01	1.268259e+01
3.570000e-05	-1.056133e-01	1.265008e+01
3.571000e-05	-1.100733e-01	1.262048e+01
3.572000e-05	-1.162308e-01	1.258746e+01
3.573000e-05	-1.225013e-01	1.253680e+01
3.574000e-05	-1.285979e-01	1.251479e+01
3.575000e-05	-1.364763e-01	1.246422e+01
3.576000e-05	-1.451309e-01	1.243051e+01
3.577000e-05	-1.525743e-01	1.239833e+01
3.578000e-05	-1.583298e-01	1.231319e+01
3.579000e-05	-1.620359e-01	1.224106e+01
3.580000e-05	-1.638088e-01	1.216690e+01
3.581000e-05	-1.626117e-01	1.209419e+01
3.582000e-05	-1.571392e-01	1.202796e+01
3.583000e-05	-1.527668e-01	1.193422e+01
3.584000e-05	-1.447947e-01	1.184058e+01
3.585000e-05	-1.361480e-01	1.175535e+01
3.586000e-05	-1.281397e-01	1.164954e+01
3.587000e-05	-1.183234e-01	1.150229e+01
3.588000e-05	-1.115987e-01	1.140760e+01
3.589000e-05	-1.042450e-01	1.126164e+01
3.590000e-05	-9.810825e-02	1.116737e+01
3.591000e-05	-9.239831e-02	1.109313e+01
3.592000e-05	-8.640160e-02	1.097735e+01
3.593000e-05	-8.111446e-02	1.083094e+01
3.594000e-05	-7.609693e-02	1.074324e+01
3.595000e-05	-7.178362e-02	1.059801e+01
3.596000e-05	-6.698065e-02	1.045153e+01
3.597000e-05	-6.370492e-02	1.033469e+01
3.598000e-05	-6.089764e-02	1.019892e+01
3.599000e-05	-5.743913e-02	1.003154e+01
3.600000e-05	-5.278148e-02	9.913215e+00
3.601000e-05	-5.228278e-02	9.714770e+00
3.602000e-05	-4.902420e-02	9.576797e+00
3.603000e-05	-4.688049e-02	9.399455e+00
3.604000e-05	-4.521264e-02	9.293686e+00
3.605000e-05	-4.378078e-02	9.136292e+00
3.606000e-05	-4.125129e-02	8.944900e+00
3.607000e-05	-3.942532e-02	8.756322e+00
3.608000e-05	-3.788526e-02	8.597425e+00
3.609000e-05	-3.593834e-02	8.420133e+00
3.610000e-05	-3.320810e-02	8.280533e+00
3.611000e-05	-3.416769e-02	8.030488e+00
3.612000e-05	-3.227205e-02	7.840110e+00
3.613000e-05	-2.970506e-02	7.682109e+00
3.614000e-05	-2.817588e-02	7.495161e+00
3.615000e-05	-2.914923e-02	7.231483e+00
3.616000e-05	-2.899033e-02	7.062032e+00
3.617000e-05	-2.536309e-02	6.852559e+00
3.618000e-05	-2.574392e-02	6.651983e+00
3.619000e-05	-2.481899e-02	6.437555e+00
3.620000e-05	-2.283555e-02	6.280558e+00
3.621000e-05	-2.168524e-02	6.021584e+00
3.622000e-05	-2.177491e-02	5.860960e+00
3.623000e-05	-2.189371e-02	5.627953e+00
3.624000e-05	-2.035213e-02	5.417476e+00
3.625000e-05	-1.918896e-02	5.166394e+00
3.626000e-05	-1.855328e-02	4.901662e+00
3.627000e-05	-1.789709e-02	4.692637e+00
3.628000e-05	-1.730309e-02	4.491634e+00
3.629000e-05	-1.563130e-02	4.253857e+00
3.630000e-05	-1.527329e-02	4.010034e+00
3.631000e-05	-1.530649e-02	3.776896e+00
3.632000e-05	-1.376394e-02	3.630976e+00
3.633000e-05	-1.388357e-02	3.325792e+00
3.634000e-05	-1.285606e-02	3.095242e+00
3.635000e-05	-1.140560e-02	2.913734e+00
3.636000e-05	-1.112206e-02	2.654187e+00
3.637000e-05	-1.100267e-02	2.409025e+00
3.638000e-05	-1.088800e-02	2.175924e+00
3.639000e-05	-9.787546e-03	1.977399e+00
3.640000e-05	-8.547859e-03	1.744242e+00
3.641000e-05	-9.354939e-03	1.433662e+00
3.642000e-05	-7.455172e-03	1.211156e+00
3.643000e-05	-7.601926e-03	9.497660e-01
3.644000e-05	-6.295905e-03	6.847396e-01
3.645000e-05	-5.973685e-03	4.832395e-01
3.646000e-05	-5.375825e-03	2.737157e-01
3.647000e-05	-3.522424e-03	1.842258e-02
3.648000e-05	4.329011e-03	-2.106238e-01
3.649000e-05	1.507280e-03	-4.009525e-01
3.650000e-05	3.292953e-04	-6.522601e-01
3.651000e-05	1.279304e-03	-8.626575e-01
3.652000e-05	1.146189e-04	-1.095231e+00
3.653000e-05	7.824159e-04	-1.295307e+00
3.654000e-05	6.596113e-03	-1.559467e+00
3.655000e-05	5.590917e-02	-1.748290e+00
3.656000e-05	7.359619e-02	-1.959421e+00
3.657000e-05	-7.284376e-02	-2.297768e+00
3.658000e-05	-8.873234e-03	-2.621574e+00
3.659000e-05	-3.623620e-02	-2.821526e+00
3.660000e-05	-7.141929e-02	-3.042126e+00
3.661000e-05	8.047523e-02	-3.198895e+00
3.662000e-05	7.677306e-02	-3.315762e+00
3.663000e-05	-1.442329e-01	-3.579474e+00
3.664000e-05	1.780185e-01	-3.747847e+00
3.665000e-05	-1.088111e-01	-4.010126e+00
3.666000e-05	6.349734e-03	-4.252157e+00
3.667000e-05	1.136111e-01	-4.420450e+00
3.668000e-05	-1.132468e-01	-4.706659e+00
3.669000e-05	1.234338e-01	-4.923689e+00
3.670000e-05	-1.545379e-02	-5.124761e+00
3.671000e-05	-5.107761e-02	-5.421075e+00
3.672000e-05	1.076577e-01	-5.610524e+00
3.673000e-05	-1.103040e-01	-5.872659e+00
3.674000e-05	1.166572e-01	-6.052058e+00
3.675000e-05	-3.618258e-02	-6.273053e+00
3.676000e-05	1.035044e-02	-6.475260e+00
3.677000e-05	6.511848e-02	-6.713686e+00
3.678000e-05	-5.605219e-02	-6.896170e+00
3.679000e-05	1.207382e-01	-7.147865e+00
3.680000e-05	-7.734128e-02	-7.318868e+00
3.681000e-05	5.386514e-02	-7.517319e+00
3.682000e-05	1.517473e-02	-7.776839e+00
3.683000e-05	-6.856151e-03	-7.999450e+00
3.684000e-05	7.501915e-02	-8.145816e+00
3.685000e-05	-3.241859e-02	-8.334893e+00
3.686000e-05	6.894350e-02	-8.482686e+00
3.687000e-05	-2.889474e-02	-8.681730e+00
3.688000e-05	4.709419e-02	-8.863583e+00
3.689000e-05	2.464399e-02	-8.979472e+00
3.690000e-05	2.227687e-02	-9.166867e+00
3.691000e-05	3.369865e-02	-9.345288e+00
3.692000e-05	-8.358927e-03	-9.512209e+00
3.693000e-05	5.733529e-02	-9.641004e+00
3.694000e-05	7.010873e-03	-9.787376e+00
3.695000e-05	4.800923e-02	-9.914741e+00
3.696000e-05	1.044538e-02	-1.008259e+01
3.697000e-05	4.189079e-02	-1.023950e+01
3.698000e-05	1.929843e-02	-1.037840e+01
3.699000e-05	2.947589e-02	-1.051579e+01
3.700000e-05	3.624136e-02	-1.064198e+01
3.701000e-05	3.274720e-02	-1.076584e+01
3.702000e-05	3.502157e-02	-1.085459e+01
3.703000e-05	2.498413e-02	-1.102940e+01
3.704000e-05	4.688480e-02	-1.115734e+01
3.705000e-05	3.255925e-02	-1.124313e+01
3.706000e-05	4.261343e-02	-1.140882e+01
3.707000e-05	3.140524e-02	-1.148258e+01
3.708000e-05	4.977351e-02	-1.162737e+01
3.709000e-05	3.601188e-02	-1.171174e+01
3.710000e-05	4.500325e-02	-1.183903e+01
3.711000e-05	4.718619e-02	-1.190315e+01
3.712000e-05	4.851225e-02	-1.201093e+01
3.713000e-05	4.645213e-02	-1.209366e+01
3.714000e-05	4.376327e-02	-1.211532e+01
3.715000e-05	5.672521e-02	-1.221997e+01
3.716000e-05	5.033268e-02	-1.226164e+01
3.717000e-05	5.556054e-02	-1.228469e+01
3.718000e-05	5.170191e-02	-1.235582e+01
3.719000e-05	6.020723e-02	-1.239055e+01
3.720000e-05	5.922415e-02	-1.246009e+01
3.721000e-05	6.401374e-02	-1.248371e+01
3.722000e-05	6.585034e-02	-1.255535e+01
3.723000e-05	6.507178e-02	-1.259680e+01
3.724000e-05	6.428579e-02	-1.260747e+01
3.725000e-05	6.889596e-02	-1.262953e+01
3.726000e-05	7.255222e-02	-1.267053e+01
3.727000e-05	7.571344e-02	-1.270110e+01
3.728000e-05	7.922690e-02	-1.269261e+01
3.729000e-05	8.159207e-02	-1.268414e+01
3.730000e-05	8.503841e-02	-1.269311e+01
3.731000e-05	8.388718e-02	-1.270469e+01
3.732000e-05	8.641427e-02	-1.268262e+01
3.733000e-05	8.986235e-02	-1.269164e+01
3.734000e-05	9.275071e-02	-1.265359e+01
3.735000e-05	9.745989e-02	-1.265006e+01
3.736000e-05	1.018078e-01	-1.265998e+01
3.737000e-05	1.085959e-01	-1.260648e+01
3.738000e-05	1.133050e-01	-1.256835e+01
3.739000e-05	1.208076e-01	-1.253617e+01
3.740000e-05	1.256478e-01	-1.246254e+01
3.741000e-05	1.325706e-01	-1.240048e+01
3.742000e-05	1.392317e-01	-1.237687e+01
3.743000e-05	1.480878e-01	-1.231262e+01
3.744000e-05	1.527425e-01	-1.228153e+01
3.745000e-05	1.570742e-01	-1.218790e+01
3.746000e-05	1.576282e-01	-1.206469e+01
3.747000e-05	1.574281e-01	-1.203203e+01
3.748000e-05	1.507217e-01	-1.194725e+01
3.749000e-05	1.446219e-01	-1.187951e+01
3.750000e-05	1.354988e-01	-1.173580e+01
3.751000e-05	1.253362e-01	-1.163956e+01
3.752000e-05	1.161238e-01	-1.154384e+01
3.753000e-05	1.089250e-01	-1.139993e+01
3.754000e-05	1.040221e-01	-1.134959e+01
3.755000e-05	9.769733e-02	-1.113788e+01
3.756000e-05	8.891742e-02	-1.107111e+01
3.757000e-05	8.273707e-02	-1.093482e+01
3.758000e-05	7.650373e-02	-1.083903e+01
3.759000e-05	7.174512e-02	-1.071619e+01
3.760000e-05	6.667687e-02	-1.063748e+01
3.761000e-05	6.360639e-02	-1.048269e+01
3.762000e-05	5.943130e-02	-1.036387e+01
3.763000e-05	5.612628e-02	-1.021743e+01
3.764000e-05	5.190015e-02	-1.003056e+01
3.765000e-05	4.978576e-02	-9.892641e+00
3.766000e-05	4.551186e-02	-9.786926e+00
3.767000e-05	4.394907e-02	-9.641111e+00
3.768000e-05	4.100020e-02	-9.472662e+00
3.769000e-05	3.885541e-02	-9.315666e+00
3.770000e-05	3.631635e-02	-9.156846e+00
3.771000e-05	3.494370e-02	-9.015872e+00
3.772000e-05	3.247654e-02	-8.789533e+00
3.773000e-05	2.960499e-02	-8.668559e+00
3.774000e-05	2.860663e-02	-8.462087e+00
3.775000e-05	2.831704e-02	-8.292763e+00
3.776000e-05	2.685308e-02	-8.124717e+00
3.777000e-05	2.429807e-02	-7.945319e+00
3.778000e-05	2.269158e-02	-7.733741e+00
3.779000e-05	2.236638e-02	-7.513215e+00
3.780000e-05	2.075630e-02	-7.304691e+00
3.781000e-05	2.032466e-02	-7.164166e+00
3.782000e-05	1.912778e-02	-6.892660e+00
3.783000e-05	1.669746e-02	-6.704313e+00
3.784000e-05	1.515820e-02	-6.473740e+00
3.785000e-05	1.468404e-02	-6.322721e+00
3.786000e-05	1.577225e-02	-6.091663e+00
3.787000e-05	1.318886e-02	-5.883637e+00
3.788000e-05	1.319323e-02	-5.672210e+00
3.789000e-05	1.180901e-02	-5.464716e+00
3.790000e-05	1.138375e-02	-5.229001e+00
3.791000e-05	8.842403e-03	-4.976451e+00
3.792000e-05	9.282161e-03	-4.714213e+00
3.793000e-05	9.020259e-03	-4.533816e+00
3.794000e-05	6.944389e-03	-4.336791e+00
3.795000e-05	6.590697e-03	-4.125161e+00
3.796000e-05	7.802424e-03	-3.905317e+00
3.797000e-05	6.746362e-03	-3.662557e+00
3.798000e-05	5.133904e-03	-3.490652e+00
3.799000e-05	2.636516e-03	-3.211052e+00
3.800000e-05	4.092789e-03	-2.976900e+00
3.801000e-05	3.242119e-03	-2.727818e+00
3.802000e-05	2.862304e-03	-2.525312e+00
3.803000e-05	7.795739e-04	-2.323764e+00
3.804000e-05	1.006454e-03	-2.040001e+00
3.805000e-05	1.726285e-05	-1.811531e+00
3.806000e-05	-2.540348e-04	-1.569478e+00
3.807000e-05	-2.002260e-03	-1.293184e+00
3.808000e-05	-1.168741e-03	-1.043530e+00
3.809000e-05	-1.511829e-03	-8.010802e-01
3.810000e-05	-3.557563e-03	-6.174760e-01
3.811000e-05	-4.633637e-03	-3.163196e-01
3.812000e-05	-3.479870e-03	-1.237172e-01
3.813000e-05	9.259952e-04	6.370666e-02
3.814000e-05	4.744128e-03	3.389449e-01
3.815000e-05	-4.328070e-03	5.483723e-01
3.816000e-05	1.645072e-03	7.498469e-01
3.817000e-05	-4.876630e-03	9.274187e-01
3.818000e-05	-3.009136e-03	1.261553e+00
3.819000e-05	-5.459545e-03	1.455133e+00
3.820000e-05	4.693633e-03	1.696317e+00
3.821000e-05	3.549430e-02	1.915816e+00
3.822000e-05	6.587179e-02	2.138416e+00
3.823000e-05	-5.698330e-02	2.400949e+00
3.824000e-05	-4.253691e-02	2.655712e+00
3.825000e-05	-3.439206e-02	2.916809e+00
3.826000e-05	-4.416688e-02	3.096213e+00
3.827000e-05	-5.734266e-02	3.231608e+00
3.828000e-05	1.366847e-01	3.442734e+00
3.829000e-05	-7.493758e-02	3.673659e+00
3.830000e-05	-4.130470e-02	3.873031e+00
3.831000e-05	1.135088e-01	4.075159e+00
3.832000e-05	-1.339396e-01	4.358897e+00
3.833000e-05	4.589254e-02	4.517416e+00
3.834000e-05	8.317766e-03	4.811477e+00
3.835000e-05	-5.180018e-02	5.060686e+00
3.836000e-05	2.899359e-02	5.315340e+00
3.837000e-05	-4.410213e-02	5.548372e+00
3.838000e-05	-3.781608e-03	5.755792e+00
3.839000e-05	-1.702264e-02	6.010952e+00
3.840000e-05	-2.910603e-02	6.190001e+00
3.841000e-05	-8.056682e-03	6.380450e+00
3.842000e-05	-3.319795e-02	6.652475e+00
3.843000e-05	2.339243e-02	6.852004e+00
3.844000e-05	-4.436355e-02	7.052633e+00
3.845000e-05	1.750373e-03	7.231604e+00
3.846000e-05	-1.569857e-02	7.472054e+00
3.847000e-05	-4.734889e-02	7.653707e+00
3.848000e-05	-1.174936e-03	7.862606e+00
3.849000e-05	-3.047754e-02	8.114264e+00
3.850000e-05	-8.121426e-03	8.274604e+00
3.851000e-05	-2.965138e-02	8.481606e+00
3.852000e-05	-2.910340e-02	8.618377e+00
3.853000e-05	-2.409352e-02	8.738795e+00
3.854000e-05	-2.439884e-02	8.893714e+00
3.855000e-05	-1.620578e-02	9.084089e+00
3.856000e-05	-3.436996e-02	9.253104e+00
3.857000e-05	-1.980052e-02	9.397924e+00
3.858000e-05	-3.191921e-02	9.557345e+00
3.859000e-05	-3.289590e-02	9.734209e+00
3.860000e-05	-2.583142e-02	9.842560e+00
3.861000e-05	-2.778458e-02	1.004048e+01
3.862000e-05	-3.109313e-02	1.015784e+01
3.863000e-05	-4.070031e-02	1.029467e+01
3.864000e-05	-2.959852e-02	1.048258e+01
3.865000e-05	-3.604381e-02	1.056692e+01
3.866000e-05	-3.579325e-02	1.069424e+01
3.867000e-05	-3.710551e-02	1.087411e+01
3.868000e-05	-3.399893e-02	1.096735e+01
3.869000e-05	-3.966291e-02	1.109311e+01
3.870000e-05	-4.413929e-02	1.122043e+01
3.871000e-05	-3.866570e-02	1.132379e+01
3.872000e-05	-4.065507e-02	1.143961e+01
3.873000e-05	-4.373710e-02	1.157787e+01
3.874000e-05	-4.689429e-02	1.172361e+01
3.875000e-05	-4.443140e-02	1.178740e+01
3.876000e-05	-4.823570e-02	1.187464e+01
3.877000e-05	-5.201701e-02	1.194580e+01
3.878000e-05	-5.040988e-02	1.201146e+01
3.879000e-05	-5.000352e-02	1.214274e+01
3.880000e-05	-5.448976e-02	1.217935e+01
3.881000e-05	-5.617341e-02	1.224956e+01
3.882000e-05	-5.461751e-02	1.233274e+01
3.883000e-05	-5.855369e-02	1.236682e+01
3.884000e-05	-6.289030e-02	1.242203e+01
3.885000e-05	-6.540240e-02	1.249206e+01
3.886000e-05	-6.456220e-02	1.253424e+01
3.887000e-05	-6.711738e-02	1.254537e+01
3.888000e-05	-6.940176e-02	1.255592e+01
3.889000e-05	-7.104623e-02	1.261050e+01
3.890000e-05	-7.565087e-02	1.262151e+01
3.891000e-05	-7.775851e-02	1.264101e+01
3.892000e-05	-7.828168e-02	1.266258e+01
3.893000e-05	-8.013199e-02	1.269411e+01
3.894000e-05	-8.424030e-02	1.269271e+01
3.895000e-05	-8.741362e-02	1.270419e+01
3.896000e-05	-8.880571e-02	1.271369e+01
3.897000e-05	-9.344582e-02	1.267372e+01
3.898000e-05	-9.651981e-02	1.270419e+01
3.899000e-05	-9.876295e-02	1.270316e+01
3.900000e-05	-1.003221e-01	1.268206e+01
3.901000e-05	-1.056355e-01	1.267158e+01
3.902000e-05	-1.096312e-01	1.265950e+01
3.903000e-05	-1.147074e-01	1.257898e+01
3.904000e-05	-1.205893e-01	1.262793e+01
3.905000e-05	-1.277757e-01	1.250579e+01
3.906000e-05	-1.359552e-01	1.250269e+01
3.907000e-05	-1.432016e-01	1.244094e+01
3.908000e-05	-1.508891e-01	1.240740e+01
3.909000e-05	-1.570104e-01	1.233477e+01
3.910000e-05	-1.619549e-01	1.227309e+01
3.911000e-05	-1.637928e-01	1.217790e+01
3.912000e-05	-1.624956e-01	1.211271e+01
3.913000e-05	-1.584709e-01	1.200955e+01
3.914000e-05	-1.535276e-01	1.194482e+01
3.915000e-05	-1.461226e-01	1.187103e+01
3.916000e-05	-1.362066e-01	1.175540e+01
3.917000e-05	-1.298813e-01	1.166312e+01
3.918000e-05	-1.203458e-01	1.160330e+01
3.919000e-05	-1.140909e-01	1.145903e+01
3.920000e-05	-1.052405e-01	1.128474e+01
3.921000e-05	-9.844481e-02	1.120738e+01
3.922000e-05	-9.153408e-02	1.109419e+01
3.923000e-05	-8.685344e-02	1.100692e+01
3.924000e-05	-8.126712e-02	1.085264e+01
3.925000e-05	-7.680043e-02	1.074735e+01
3.926000e-05	-7.279034e-02	1.059858e+01
3.927000e-05	-6.840395e-02	1.046214e+01
3.928000e-05	-6.396093e-02	1.034380e+01
3.929000e-05	-5.979034e-02	1.019843e+01
3.930000e-05	-5.765938e-02	1.004264e+01
3.931000e-05	-5.427390e-02	9.934793e+00
3.932000e-05	-5.205484e-02	9.796825e+00
3.933000e-05	-4.966130e-02	9.589872e+00
3.934000e-05	-4.699541e-02	9.450033e+00
3.935000e-05	-4.525045e-02	9.294712e+00
3.936000e-05	-4.389028e-02	9.155822e+00
3.937000e-05	-4.105625e-02	8.996898e+00
3.938000e-05	-3.829203e-02	8.797851e+00
3.939000e-05	-3.831185e-02	8.629429e+00
3.940000e-05	-3.612885e-02	8.411058e+00
3.941000e-05	-3.476008e-02	8.260660e+00
3.942000e-05	-3.218468e-02	8.071535e+00
3.943000e-05	-3.189507e-02	7.873112e+00
3.944000e-05	-3.093332e-02	7.714663e+00
3.945000e-05	-2.957967e-02	7.503710e+00
3.946000e-05	-2.894423e-02	7.280582e+00
3.947000e-05	-2.799110e-02	7.063163e+00
3.948000e-05	-2.657366e-02	6.852187e+00
3.949000e-05	-2.470586e-02	6.713160e+00
3.950000e-05	-2.414454e-02	6.420055e+00
3.951000e-05	-2.253152e-02	6.262108e+00
3.952000e-05	-2.236230e-02	6.072760e+00
3.953000e-05	-2.172505e-02	5.873238e+00
3.954000e-05	-2.096485e-02	5.632079e+00
3.955000e-05	-2.034101e-02	5.442507e+00
3.956000e-05	-2.097944e-02	5.199978e+00
3.957000e-05	-1.958269e-02	4.924242e+00
3.958000e-05	-1.837553e-02	4.713168e+00
3.959000e-05	-1.590951e-02	4.503764e+00
3.960000e-05	-1.593303e-02	4.294240e+00
3.961000e-05	-1.850005e-02	4.002105e+00
3.962000e-05	-1.345656e-02	3.829554e+00
3.963000e-05	-1.489905e-02	3.608500e+00
3.964000e-05	-1.039270e-02	3.389806e+00
3.965000e-05	-1.352136e-02	3.156346e+00
3.966000e-05	-1.048412e-02	2.915417e+00
3.967000e-05	-1.267816e-02	2.744817e+00
3.968000e-05	-1.156211e-02	2.461609e+00
3.969000e-05	-1.122101e-02	2.210080e+00
3.970000e-05	-9.444197e-03	1.988029e+00
3.971000e-05	-8.453223e-03	1.766775e+00
3.972000e-05	-8.755254e-03	1.504766e+00
3.973000e-05	-8.202407e-03	1.252108e+00
3.974000e-05	-6.527329e-03	9.684239e-01
3.975000e-05	-7.321630e-03	7.448709e-01
3.976000e-05	-6.160466e-03	4.962397e-01
3.977000e-05	-5.236578e-03	3.153883e-01
3.978000e-05	-3.450200e-03	3.205258e-02
3.979000e-05	2.377223e-03	-1.899474e-01
3.980000e-05	3.002361e-03	-3.710485e-01
3.981000e-05	-1.202567e-03	-6.010250e-01
3.982000e-05	2.077551e-03	-8.631038e-01
3.983000e-05	-1.753980e-03	-1.014180e+00
3.984000e-05	1.983196e-03	-1.273181e+00
3.985000e-05	3.903602e-03	-1.526892e+00
3.986000e-05	4.499796e-02	-1.705735e+00
3.987000e-05	8.687478e-02	-1.935341e+00
3.988000e-05	-6.027178e-02	-2.274656e+00
3.989000e-05	-1.939396e-02	-2.579524e+00
3.990000e-05	-3.130741e-02	-2.800998e+00
3.991000e-05	-6.788294e-02	-2.978500e+00
3.992000e-05	3.851582e-02	-3.167472e+00
3.993000e-05	1.296255e-01	-3.293705e+00
3.994000e-05	-1.583819e-01	-3.557846e+00
3.995000e-05	1.475362e-01	-3.715239e+00
3.996000e-05	-6.393064e-02	-3.948871e+00
3.997000e-05	-4.913550e-02	-4.211046e+00
3.998000e-05	1.439452e-01	-4.390449e+00
3.999000e-05	-1.068085e-01	-4.640636e+00
4.000000e-05	8.609354e-02	-4.883660e+00
4.001000e-05	3.736737e-02	-5.062605e+00
4.002000e-05	-9.483032e-02	-5.360472e+00
4.003000e-05	1.270491e-01	-5.630522e+00
4.004000e-05	-1.041632e-01	-5.860572e+00
4.005000e-05	8.954572e-02	-6.042026e+00
4.006000e-05	2.033737e-03	-6.231033e+00
4.007000e-05	-2.717353e-02	-6.494684e+00
4.008000e-05	9.254942e-02	-6.662609e+00
4.009000e-05	-6.901233e-02	-6.904708e+00
4.010000e-05	1.140491e-01	-7.144670e+00
4.011000e-05	-5.176056e-02	-7.315262e+00
4.012000e-05	2.050857e-02	-7.536262e+00
4.013000e-05	4.798635e-02	-7.693763e+00
4.014000e-05	-3.094154e-02	-7.977920e+00
4.015000e-05	8.723844e-02	-8.115239e+00
4.016000e-05	-3.461666e-02	-8.264661e+00
4.017000e-05	6.078858e-02	-8.464609e+00
4.018000e-05	-1.580316e-02	-8.681054e+00
4.019000e-05	3.159464e-02	-8.813126e+00
4.020000e-05	4.230413e-02	-8.977400e+00
4.021000e-05	8.854403e-03	-9.136292e+00
4.022000e-05	4.324160e-02	-9.303633e+00
4.023000e-05	-1.599291e-02	-9.452132e+00
4.024000e-05	5.733296e-02	-9.640427e+00
4.025000e-05	1.126209e-02	-9.755420e+00
4.026000e-05	4.272152e-02	-9.924212e+00
4.027000e-05	1.555454e-02	-1.005153e+01
4.028000e-05	3.368222e-02	-1.021745e+01
4.029000e-05	2.689721e-02	-1.036782e+01
4.030000e-05	2.385419e-02	-1.049371e+01
4.031000e-05	4.037772e-02	-1.061796e+01
4.032000e-05	2.987344e-02	-1.071581e+01
4.033000e-05	3.744767e-02	-1.089208e+01
4.034000e-05	2.253021e-02	-1.099792e+01
4.035000e-05	4.612991e-02	-1.113322e+01
4.036000e-05	3.355060e-02	-1.122203e+01
4.037000e-05	4.164861e-02	-1.134529e+01
4.038000e-05	3.289371e-02	-1.145158e+01
4.039000e-05	4.627598e-02	-1.154734e+01
4.040000e-05	4.137563e-02	-1.170214e+01
4.041000e-05	4.011319e-02	-1.180895e+01
4.042000e-05	4.598015e-02	-1.195320e+01
4.043000e-05	4.575076e-02	-1.200880e+01
4.044000e-05	4.702344e-02	-1.209356e+01
4.045000e-05	4.516987e-02	-1.213489e+01
4.046000e-05	5.735352e-02	-1.220895e+01
4.047000e-05	5.288312e-02	-1.227101e+01
4.048000e-05	5.447414e-02	-1.230476e+01
4.049000e-05	5.037756e-02	-1.235679e+01
4.050000e-05	5.801522e-02	-1.240740e+01
4.051000e-05	5.885403e-02	-1.245048e+01
4.052000e-05	6.167952e-02	-1.251361e+01
4.053000e-05	6.568797e-02	-1.253584e+01
4.054000e-05	6.518450e-02	-1.260637e+01
4.055000e-05	6.745953e-02	-1.261788e+01
4.056000e-05	6.814490e-02	-1.266002e+01
4.057000e-05	7.228703e-02	-1.264906e+01
4.058000e-05	7.522960e-02	-1.269061e+01
4.059000e-05	7.808183e-02	-1.269056e+01
4.060000e-05	8.053038e-02	-1.266219e+01
4.061000e-05	8.080809e-02	-1.271314e+01
4.062000e-05	8.489539e-02	-1.269222e+01
4.063000e-05	8.729939e-02	-1.268262e+01
4.064000e-05	9.101687e-02	-1.270159e+01
4.065000e-05	9.377807e-02	-1.268159e+01
4.066000e-05	9.855917e-02	-1.266103e+01
4.067000e-05	1.023868e-01	-1.264856e+01
4.068000e-05	1.059685e-01	-1.262745e+01
4.069000e-05	1.094513e-01	-1.255537e+01
4.070000e-05	1.185871e-01	-1.250282e+01
4.071000e-05	1.251078e-01	-1.251163e+01
4.072000e-05	1.330356e-01	-1.242740e+01
4.073000e-05	1.404422e-01	-1.236640e+01
4.074000e-05	1.481169e-01	-1.230269e+01
4.075000e-05	1.528869e-01	-1.227013e+01
4.076000e-05	1.554283e-01	-1.219742e+01
4.077000e-05	1.575199e-01	-1.209484e+01
4.078000e-05	1.555561e-01	-1.204253e+01
4.079000e-05	1.515329e-01	-1.198780e+01
4.080000e-05	1.449244e-01	-1.186056e+01
4.081000e-05	1.361380e-01	-1.177532e+01
4.082000e-05	1.276700e-01	-1.165103e+01
4.083000e-05	1.199876e-01	-1.155439e+01
4.084000e-05	1.115599e-01	-1.142800e+01
4.085000e-05	1.042304e-01	-1.130472e+01
4.086000e-05	9.625451e-02	-1.125748e+01
4.087000e-05	8.806998e-02	-1.103311e+01
4.088000e-05	8.326706e-02	-1.102682e+01
4.089000e-05	7.661517e-02	-1.085011e+01
4.090000e-05	7.270318e-02	-1.077482e+01
4.091000e-05	6.741282e-02	-1.064106e+01
4.092000e-05	6.451358e-02	-1.048415e+01
4.093000e-05	5.971440e-02	-1.041632e+01
4.094000e-05	5.623993e-02	-1.022808e+01
4.095000e-05	5.294523e-02	-1.003308e+01
4.096000e-05	5.051363e-02	-9.964795e+00
4.097000e-05	4.653797e-02	-9.828504e+00
4.098000e-05	4.295189e-02	-9.661636e+00
4.099000e-05	4.131163e-02	-9.514216e+00
4.100000e-05	3.890457e-02	-9.295320e+00
4.101000e-05	3.746188e-02	-9.167350e+00
4.102000e-05	3.429389e-02	-9.029481e+00
4.103000e-05	3.339637e-02	-8.841633e+00
4.104000e-05	3.158513e-02	-8.682086e+00
4.105000e-05	3.079322e-02	-8.481633e+00
4.106000e-05	2.731969e-02	-8.304768e+00
4.107000e-05	2.652047e-02	-8.166373e+00
4.108000e-05	2.463034e-02	-7.987844e+00
4.109000e-05	2.440271e-02	-7.705300e+00
4.110000e-05	2.164494e-02	-7.495216e+00
4.111000e-05	2.082540e-02	-7.305817e+00
4.112000e-05	2.009091e-02	-7.165346e+00
4.113000e-05	1.926366e-02	-6.944764e+00
4.114000e-05	1.778765e-02	-6.745261e+00
4.115000e-05	1.585271e-02	-6.545791e+00
4.116000e-05	1.493153e-02	-6.335845e+00
4.117000e-05	1.440473e-02	-6.113638e+00
4.118000e-05	1.458944e-02	-5.915240e+00
4.119000e-05	1.390510e-02	-5.694217e+00
4.120000e-05	1.157314e-02	-5.534293e+00
4.121000e-05	1.116141e-02	-5.280610e+00
4.122000e-05	9.792618e-03	-5.009005e+00
4.123000e-05	8.278723e-03	-4.795400e+00
4.124000e-05	9.626942e-03	-4.546345e+00
4.125000e-05	7.894392e-03	-4.367322e+00
4.126000e-05	7.873652e-03	-4.154892e+00
4.127000e-05	7.296900e-03	-3.967873e+00
4.128000e-05	5.507341e-03	-3.684092e+00
4.129000e-05	6.297490e-03	-3.491686e+00
4.130000e-05	3.093300e-03	-3.283086e+00
4.131000e-05	4.172856e-03	-3.070553e+00
4.132000e-05	2.990125e-03	-2.777398e+00
4.133000e-05	3.878802e-03	-2.565866e+00
4.134000e-05	1.979549e-03	-2.357792e+00
4.135000e-05	1.602435e-03	-2.081580e+00
4.136000e-05	-1.543305e-03	-1.850633e+00
4.137000e-05	6.286578e-04	-1.620555e+00
4.138000e-05	-1.986996e-03	-1.396972e+00
4.139000e-05	-7.419371e-04	-1.083714e+00
4.140000e-05	-3.147033e-03	-8.526329e-01
4.141000e-05	-2.286827e-03	-6.311580e-01
4.142000e-05	-4.592822e-03	-3.779224e-01
4.143000e-05	-2.255313e-03	-1.489435e-01
4.144000e-05	-1.838299e-03	4.260527e-02
4.145000e-05	5.471841e-03	3.468169e-01
4.146000e-05	-3.982761e-03	5.063158e-01
4.147000e-05	1.689543e-03	7.062369e-01
4.148000e-05	-4.474861e-03	9.167630e-01
4.149000e-05	-3.635081e-03	1.190474e+00
4.150000e-05	-5.811938e-03	1.411578e+00
4.151000e-05	2.008185e-03	1.684164e+00
4.152000e-05	2.810542e-02	1.883184e+00
4.153000e-05	7.032998e-02	2.125759e+00
4.154000e-05	-3.779308e-02	2.370895e+00
4.155000e-05	-5.293412e-02	2.652105e+00
4.156000e-05	-3.185804e-02	2.873681e+00
4.157000e-05	-4.018796e-02	3.064707e+00
4.158000e-05	-6.964058e-02	3.212076e+00
4.159000e-05	1.160661e-01	3.430632e+00
4.160000e-05	-1.981382e-02	3.652127e+00
4.161000e-05	-9.361013e-02	3.820974e+00
4.162000e-05	1.408709e-01	4.043530e+00
4.163000e-05	-1.232178e-01	4.307891e+00
4.164000e-05	1.676549e-02	4.496267e+00
4.165000e-05	3.418150e-02	4.746896e+00
4.166000e-05	-6.091702e-02	4.970925e+00
4.167000e-05	2.822899e-02	5.293683e+00
4.168000e-05	-3.684681e-02	5.507764e+00
4.169000e-05	-1.502471e-02	5.695293e+00
4.170000e-05	-7.970805e-03	5.958922e+00
4.171000e-05	-3.264129e-02	6.179446e+00
4.172000e-05	-3.122010e-03	6.358866e+00
4.173000e-05	-3.911020e-02	6.586975e+00
4.174000e-05	1.923528e-02	6.810474e+00
4.175000e-05	-3.171710e-02	7.022078e+00
4.176000e-05	-1.162238e-02	7.209423e+00
4.177000e-05	-2.742511e-03	7.419396e+00
4.178000e-05	-5.520910e-02	7.652588e+00
4.179000e-05	-1.298646e-03	7.831056e+00
4.180000e-05	-2.856009e-02	8.083562e+00
4.181000e-05	-1.225844e-02	8.242601e+00
4.182000e-05	-2.364062e-02	8.409528e+00
4.183000e-05	-3.234331e-02	8.578895e+00
4.184000e-05	-2.024047e-02	8.664842e+00
4.185000e-05	-2.903478e-02	8.863634e+00
4.186000e-05	-1.150703e-02	9.062026e+00
4.187000e-05	-3.598681e-02	9.242005e+00
4.188000e-05	-2.029235e-02	9.398399e+00
4.189000e-05	-3.118643e-02	9.514767e+00
4.190000e-05	-3.393736e-02	9.683083e+00
4.191000e-05	-2.559070e-02	9.850526e+00
4.192000e-05	-2.788816e-02	9.999951e+00
4.193000e-05	-2.693330e-02	1.015532e+01
4.194000e-05	-3.997673e-02	1.032368e+01
4.195000e-05	-2.973369e-02	1.043953e+01
4.196000e-05	-3.547571e-02	1.055634e+01
4.197000e-05	-3.540972e-02	1.066514e+01
4.198000e-05	-3.886638e-02	1.085211e+01
4.199000e-05	-3.608504e-02	1.092579e+01
4.200000e-05	-3.801729e-02	1.109363e+01
4.201000e-05	-4.306079e-02	1.120842e+01
4.202000e-05	-3.842981e-02	1.132577e+01
4.203000e-05	-4.120856e-02	1.139901e+01
4.204000e-05	-4.198252e-02	1.156577e+01
4.205000e-05	-4.701931e-02	1.169366e+01
4.206000e-05	-4.577665e-02	1.178788e+01
4.207000e-05	-4.759042e-02	1.189203e+01
4.208000e-05	-5.129944e-02	1.196579e+01
4.209000e-05	-4.959816e-02	1.202986e+01
4.210000e-05	-5.373461e-02	1.210626e+01
4.211000e-05	-5.433466e-02	1.219582e+01
4.212000e-05	-5.544799e-02	1.222053e+01
4.213000e-05	-5.341736e-02	1.230369e+01
4.214000e-05	-5.817197e-02	1.236692e+01
4.215000e-05	-6.332261e-02	1.244060e+01
4.216000e-05	-6.586910e-02	1.250319e+01
4.217000e-05	-6.537944e-02	1.251479e+01
4.218000e-05	-6.698139e-02	1.254579e+01
4.219000e-05	-7.018075e-02	1.257738e+01
4.220000e-05	-7.139728e-02	1.261898e+01
4.221000e-05	-7.527015e-02	1.264100e+01
4.222000e-05	-7.763064e-02	1.263113e+01
4.223000e-05	-7.851891e-02	1.266108e+01
4.224000e-05	-7.945242e-02	1.268258e+01
4.225000e-05	-8.374956e-02	1.266311e+01
4.226000e-05	-8.654960e-02	1.271566e+01
4.227000e-05	-9.000189e-02	1.269318e+01
4.228000e-05	-9.317988e-02	1.269416e+01
4.229000e-05	-9.541144e-02	1.272171e+01
4.230000e-05	-9.759822e-02	1.268166e+01
4.231000e-05	-1.009347e-01	1.268316e+01
4.232000e-05	-1.051026e-01	1.269151e+01
4.233000e-05	-1.086194e-01	1.265060e+01
4.234000e-05	-1.140330e-01	1.262950e+01
4.235000e-05	-1.189957e-01	1.258785e+01
4.236000e-05	-1.265679e-01	1.254582e+01
4.237000e-05	-1.344400e-01	1.248476e+01
4.238000e-05	-1.426086e-01	1.245058e+01
4.239000e-05	-1.501771e-01	1.242641e+01
4.240000e-05	-1.565239e-01	1.232480e+01
4.241000e-05	-1.605533e-01	1.229006e+01
4.242000e-05	-1.631400e-01	1.220897e+01
4.243000e-05	-1.632570e-01	1.213574e+01
4.244000e-05	-1.589455e-01	1.203043e+01
4.245000e-05	-1.537953e-01	1.197532e+01
4.246000e-05	-1.461803e-01	1.184156e+01
4.247000e-05	-1.373751e-01	1.176785e+01
4.248000e-05	-1.317065e-01	1.164121e+01
4.249000e-05	-1.211386e-01	1.158688e+01
4.250000e-05	-1.146670e-01	1.145006e+01
4.251000e-05	-1.045797e-01	1.135329e+01
4.252000e-05	-1.000519e-01	1.119845e+01
4.253000e-05	-9.334816e-02	1.110424e+01
4.254000e-05	-8.744928e-02	1.100742e+01
4.255000e-05	-8.161746e-02	1.093416e+01
4.256000e-05	-7.740664e-02	1.075690e+01
4.257000e-05	-7.297991e-02	1.063971e+01
4.258000e-05	-6.846414e-02	1.053174e+01
4.259000e-05	-6.463309e-02	1.034835e+01
4.260000e-05	-6.105135e-02	1.023003e+01
4.261000e-05	-5.753869e-02	1.010219e+01
4.262000e-05	-5.469702e-02	9.965823e+00
4.263000e-05	-5.187720e-02	9.788002e+00
4.264000e-05	-4.948868e-02	9.640028e+00
4.265000e-05	-4.686227e-02	9.472114e+00
4.266000e-05	-4.498486e-02	9.334767e+00
4.267000e-05	-4.334362e-02	9.176873e+00
4.268000e-05	-4.231640e-02	9.059400e+00
4.269000e-05	-4.035830e-02	8.818949e+00
4.270000e-05	-3.860201e-02	8.650605e+00
4.271000e-05	-3.606985e-02	8.473612e+00
4.272000e-05	-3.467477e-02	8.314690e+00
4.273000e-05	-3.305100e-02	8.103188e+00
4.274000e-05	-3.141130e-02	7.955246e+00
4.275000e-05	-3.037259e-02	7.707218e+00
4.276000e-05	-2.961407e-02	7.512693e+00
4.277000e-05	-2.910886e-02	7.292638e+00
4.278000e-05	-2.811837e-02	7.112293e+00
4.279000e-05	-2.659890e-02	6.905189e+00
4.280000e-05	-2.588403e-02	6.713318e+00
4.281000e-05	-2.528396e-02	6.470664e+00
4.282000e-05	-2.413999e-02	6.284688e+00
4.283000e-05	-2.199169e-02	6.112688e+00
4.284000e-05	-2.170633e-02	5.903768e+00
4.285000e-05	-2.120945e-02	5.671684e+00
4.286000e-05	-2.184586e-02	5.483158e+00
4.287000e-05	-1.956157e-02	5.212612e+00
4.288000e-05	-1.855642e-02	4.975873e+00
4.289000e-05	-1.834136e-02	4.734792e+00
4.290000e-05	-1.809839e-02	4.534216e+00
4.291000e-05	-1.628514e-02	4.315839e+00
4.292000e-05	-1.490756e-02	4.081588e+00
4.293000e-05	-1.556736e-02	3.853105e+00
4.294000e-05	-1.384871e-02	3.652057e+00
4.295000e-05	-1.410497e-02	3.421110e+00
4.296000e-05	-1.272244e-02	3.188946e+00
4.297000e-05	-1.239126e-02	2.936370e+00
4.298000e-05	-1.217269e-02	2.778347e+00
4.299000e-05	-1.094336e-02	2.493232e+00
4.300000e-05	-1.042299e-02	2.262134e+00
4.301000e-05	-9.550025e-03	2.042583e+00
4.302000e-05	-8.740937e-03	1.799000e+00
4.303000e-05	-8.913891e-03	1.556867e+00
4.304000e-05	-7.251387e-03	1.294766e+00
4.305000e-05	-7.437332e-03	1.032262e+00
4.306000e-05	-6.801062e-03	7.773963e-01
4.307000e-05	-5.799029e-03	5.378658e-01
4.308000e-05	-4.529887e-03	3.268723e-01
4.309000e-05	-3.811460e-03	8.415678e-02
4.310000e-05	9.459601e-04	-1.563155e-01
4.311000e-05	4.500872e-03	-3.584458e-01
4.312000e-05	-2.176678e-03	-5.813933e-01
4.313000e-05	3.661085e-03	-7.920512e-01
4.314000e-05	-1.528691e-03	-9.920262e-01
4.315000e-05	2.279120e-03	-1.222025e+00
4.316000e-05	2.377904e-03	-1.495233e+00
4.317000e-05	3.447927e-02	-1.705187e+00
4.318000e-05	9.303906e-02	-1.894184e+00
4.319000e-05	-4.178243e-02	-2.217950e+00
4.320000e-05	-3.308768e-02	-2.548295e+00
4.321000e-05	-2.050862e-02	-2.769947e+00
4.322000e-05	-6.087427e-02	-2.938470e+00
4.323000e-05	1.206103e-03	-3.176946e+00
4.324000e-05	1.632005e-01	-3.232074e+00
4.325000e-05	-1.408717e-01	-3.546238e+00
4.326000e-05	1.077245e-01	-3.703656e+00
4.327000e-05	-9.543308e-03	-3.945843e+00
4.328000e-05	-1.039903e-01	-4.169871e+00
4.329000e-05	1.597328e-01	-4.369421e+00
4.330000e-05	-8.466942e-02	-4.608997e+00
4.331000e-05	3.640692e-02	-4.802604e+00
4.332000e-05	8.590407e-02	-5.032975e+00
4.333000e-05	-1.220196e-01	-5.377864e+00
4.334000e-05	1.293706e-01	-5.588922e+00
4.335000e-05	-8.168778e-02	-5.778497e+00
4.336000e-05	4.917175e-02	-6.019524e+00
4.337000e-05	4.359255e-02	-6.188422e+00
4.338000e-05	-5.918308e-02	-6.441604e+00
4.339000e-05	1.078154e-01	-6.610603e+00
4.340000e-05	-6.906792e-02	-6.853549e+00
4.341000e-05	9.531365e-02	-7.084263e+00
4.342000e-05	-1.607551e-02	-7.313232e+00
4.343000e-05	-1.681505e-02	-7.503188e+00
4.344000e-05	7.491674e-02	-7.672158e+00
4.345000e-05	-4.664576e-02	-7.885289e+00
4.346000e-05	8.987587e-02	-8.083683e+00
4.347000e-05	-2.711586e-02	-8.232060e+00
4.348000e-05	4.629733e-02	-8.442025e+00
4.349000e-05	2.471048e-03	-8.599454e+00
4.350000e-05	9.742765e-03	-8.830529e+00
4.351000e-05	5.576718e-02	-8.945818e+00
4.352000e-05	1.406918e-04	-9.115817e+00
4.353000e-05	5.129726e-02	-9.262059e+00
4.354000e-05	-1.738185e-02	-9.451104e+00
4.355000e-05	4.992033e-02	-9.588373e+00
4.356000e-05	1.895069e-02	-9.725293e+00
4.357000e-05	3.686949e-02	-9.873087e+00
4.358000e-05	2.378290e-02	-9.989447e+00
4.359000e-05	2.554181e-02	-1.016742e+01
4.360000e-05	3.452309e-02	-1.035522e+01
4.361000e-05	1.748518e-02	-1.049271e+01
4.362000e-05	4.227609e-02	-1.060933e+01
4.363000e-05	2.626745e-02	-1.071529e+01
4.364000e-05	4.112323e-02	-1.084206e+01
4.365000e-05	2.151781e-02	-1.094635e+01
4.366000e-05	4.565597e-02	-1.109414e+01
4.367000e-05	3.588844e-02	-1.121203e+01
4.368000e-05	4.221615e-02	-1.135479e+01
4.369000e-05	3.346012e-02	-1.146053e+01
4.370000e-05	4.194286e-02	-1.154587e+01
4.371000e-05	4.281582e-02	-1.164116e+01
4.372000e-05	3.891934e-02	-1.178792e+01
4.373000e-05	4.709079e-02	-1.190356e+01
4.374000e-05	4.492066e-02	-1.201788e+01
4.375000e-05	4.788652e-02	-1.208215e+01
4.376000e-05	4.438339e-02	-1.213524e+01
4.377000e-05	5.606240e-02	-1.217790e+01
4.378000e-05	5.281349e-02	-1.224993e+01
4.379000e-05	5.551415e-02	-1.227269e+01
4.380000e-05	5.189292e-02	-1.236627e+01
4.381000e-05	5.674734e-02	-1.241801e+01
4.382000e-05	5.752285e-02	-1.245153e+01
4.383000e-05	6.023168e-02	-1.250261e+01
4.384000e-05	6.559715e-02	-1.251477e+01
4.385000e-05	6.521832e-02	-1.255585e+01
4.386000e-05	6.688535e-02	-1.260847e+01
4.387000e-05	6.921969e-02	-1.264850e+01
4.388000e-05	7.324428e-02	-1.261956e+01
4.389000e-05	7.497042e-02	-1.267153e+01
4.390000e-05	7.625097e-02	-1.267266e+01
4.391000e-05	8.065305e-02	-1.267209e+01
4.392000e-05	8.170743e-02	-1.267313e+01
4.393000e-05	8.325073e-02	-1.268374e+01
4.394000e-05	8.609715e-02	-1.265366e+01
4.395000e-05	9.033334e-02	-1.268364e+01
4.396000e-05	9.446258e-02	-1.269060e+01
4.397000e-05	9.591368e-02	-1.264953e+01
4.398000e-05	1.019350e-01	-1.263008e+01
4.399000e-05	1.055659e-01	-1.263895e+01
4.400000e-05	1.095938e-01	-1.256529e+01
4.401000e-05	1.164179e-01	-1.255534e+01
4.402000e-05	1.239177e-01	-1.249271e+01
4.403000e-05	1.307230e-01	-1.245098e+01
4.404000e-05	1.383900e-01	-1.240637e+01
4.405000e-05	1.466297e-01	-1.231416e+01
4.406000e-05	1.539639e-01	-1.226061e+01
4.407000e-05	1.558199e-01	-1.219845e+01
4.408000e-05	1.575094e-01	-1.214477e+01
4.409000e-05	1.547621e-01	-1.204061e+01
4.410000e-05	1.528385e-01	-1.196688e+01
4.411000e-05	1.450874e-01	-1.191256e+01
4.412000e-05	1.381188e-01	-1.181637e+01
4.413000e-05	1.290542e-01	-1.169311e+01
4.414000e-05	1.217697e-01	-1.157687e+01
4.415000e-05	1.125149e-01	-1.144903e+01
4.416000e-05	1.054706e-01	-1.131442e+01
4.417000e-05	9.851762e-02	-1.120905e+01
4.418000e-05	9.062161e-02	-1.111262e+01
4.419000e-05	8.322965e-02	-1.099790e+01
4.420000e-05	7.592884e-02	-1.085159e+01
4.421000e-05	7.283209e-02	-1.075680e+01
4.422000e-05	6.892362e-02	-1.066156e+01
4.423000e-05	6.446456e-02	-1.054574e+01
4.424000e-05	5.974057e-02	-1.038843e+01
4.425000e-05	5.687395e-02	-1.024156e+01
4.426000e-05	5.352985e-02	-1.007474e+01
4.427000e-05	5.097393e-02	-9.934845e+00
4.428000e-05	4.627806e-02	-9.840055e+00
4.429000e-05	4.387536e-02	-9.664112e+00
4.430000e-05	4.152288e-02	-9.533745e+00
4.431000e-05	3.878048e-02	-9.375371e+00
4.432000e-05	3.643555e-02	-9.219499e+00
4.433000e-05	3.567572e-02	-9.010583e+00
4.434000e-05	3.350465e-02	-8.902664e+00
4.435000e-05	3.180855e-02	-8.712716e+00
4.436000e-05	2.959534e-02	-8.543139e+00
4.437000e-05	2.896943e-02	-8.375744e+00
4.438000e-05	2.717776e-02	-8.185968e+00
4.439000e-05	2.537552e-02	-8.008802e+00
4.440000e-05	2.386259e-02	-7.757398e+00
4.441000e-05	2.188999e-02	-7.555847e+00
4.442000e-05	2.062696e-02	-7.376772e+00
4.443000e-05	2.016481e-02	-7.147948e+00
4.444000e-05	1.954763e-02	-6.975896e+00
4.445000e-05	1.785133e-02	-6.765322e+00
4.446000e-05	1.668767e-02	-6.575895e+00
4.447000e-05	1.638807e-02	-6.388446e+00
4.448000e-05	1.490680e-02	-6.124372e+00
4.449000e-05	1.416316e-02	-5.974892e+00
4.450000e-05	1.317684e-02	-5.734796e+00
4.451000e-05	1.257342e-02	-5.576373e+00
4.452000e-05	1.100184e-02	-5.312741e+00
4.453000e-05	1.014314e-02	-5.082132e+00
4.454000e-05	9.619756e-03	-4.758999e+00
4.455000e-05	1.070581e-02	-4.586347e+00
4.456000e-05	7.942824e-03	-4.388471e+00
4.457000e-05	7.653397e-03	-4.187920e+00
4.458000e-05	6.678762e-03	-3.980524e+00
4.459000e-05	6.257635e-03	-3.755393e+00
4.460000e-05	5.504430e-03	-3.544790e+00
4.461000e-05	4.398706e-03	-3.284289e+00
4.462000e-05	4.233650e-03	-3.040710e+00
4.463000e-05	2.443702e-03	-2.799474e+00
4.464000e-05	2.862585e-03	-2.598953e+00
4.465000e-05	1.176706e-03	-2.407924e+00
4.466000e-05	2.460949e-03	-2.123789e+00
4.467000e-05	9.425596e-04	-1.872614e+00
4.468000e-05	1.748671e-03	-1.693132e+00
4.469000e-05	-1.654827e-03	-1.419976e+00
4.470000e-05	-1.001240e-03	-1.134293e+00
4.471000e-05	-2.851268e-03	-8.737370e-01
4.472000e-05	-2.278803e-03	-6.816632e-01
4.473000e-05	-5.079250e-03	-4.089538e-01
4.474000e-05	-3.723668e-03	-1.894986e-01
4.475000e-05	-1.571278e-03	1.057756e-02
4.476000e-05	6.048127e-03	3.042118e-01
4.477000e-05	-2.827839e-03	4.657342e-01
4.478000e-05	-4.342110e-05	7.242606e-01
4.479000e-05	-4.132210e-03	9.136316e-01
4.480000e-05	-2.978441e-03	1.168921e+00
4.481000e-05	-5.038892e-03	1.389972e+00
4.482000e-05	-1.142692e-03	1.652684e+00
4.483000e-05	2.106748e-02	1.872705e+00
4.484000e-05	6.892624e-02	2.052206e+00
4.485000e-05	-1.782843e-02	2.316816e+00
4.486000e-05	-6.194109e-02	2.579396e+00
4.487000e-05	-2.766435e-02	2.882056e+00
4.488000e-05	-3.533952e-02	3.022554e+00
4.489000e-05	-7.455915e-02	3.221550e+00
4.490000e-05	8.472955e-02	3.391471e+00
4.491000e-05	3.432100e-02	3.652055e+00
4.492000e-05	-1.357110e-01	3.800427e+00
4.493000e-05	1.476688e-01	4.020526e+00
4.494000e-05	-9.650589e-02	4.254212e+00
4.495000e-05	-1.917575e-02	4.503633e+00
4.496000e-05	5.561860e-02	4.735765e+00
4.497000e-05	-6.377716e-02	4.946370e+00
4.498000e-05	2.209826e-02	5.231554e+00
4.499000e-05	-2.388656e-02	5.472662e+00
4.500000e-05	-2.524360e-02	5.644681e+00
4.501000e-05	-1.749607e-04	5.977817e+00
4.502000e-05	-3.723427e-02	6.117817e+00
4.503000e-05	-3.119880e-03	6.375387e+00
4.504000e-05	-3.762592e-02	6.544839e+00
4.505000e-05	1.260222e-02	6.760874e+00
4.506000e-05	-1.976891e-02	6.977422e+00
4.507000e-05	-2.528545e-02	7.168421e+00
4.508000e-05	1.094634e-02	7.357947e+00
4.509000e-05	-5.784955e-02	7.610551e+00
4.510000e-05	-5.005758e-03	7.850499e+00
4.511000e-05	-2.564675e-02	7.991056e+00
4.512000e-05	-1.597054e-02	8.243081e+00
4.513000e-05	-1.637822e-02	8.379426e+00
4.514000e-05	-3.728846e-02	8.546842e+00
4.515000e-05	-1.706123e-02	8.684765e+00
4.516000e-05	-3.087150e-02	8.862106e+00
4.517000e-05	-1.011062e-02	9.019505e+00
4.518000e-05	-3.384214e-02	9.209952e+00
4.519000e-05	-2.173015e-02	9.328348e+00
4.520000e-05	-2.700733e-02	9.494738e+00
4.521000e-05	-3.548608e-02	9.672634e+00
4.522000e-05	-2.682785e-02	9.831004e+00
4.523000e-05	-2.836535e-02	9.968823e+00
4.524000e-05	-2.449127e-02	1.014582e+01
4.525000e-05	-4.026108e-02	1.025153e+01
4.526000e-05	-3.119545e-02	1.041838e+01
4.527000e-05	-3.468686e-02	1.053527e+01
4.528000e-05	-3.357380e-02	1.067159e+01
4.529000e-05	-3.811646e-02	1.084203e+01
4.530000e-05	-3.544571e-02	1.094530e+01
4.531000e-05	-3.709852e-02	1.106311e+01
4.532000e-05	-4.433023e-02	1.118834e+01
4.533000e-05	-3.965939e-02	1.133169e+01
4.534000e-05	-4.081185e-02	1.138945e+01
4.535000e-05	-4.150275e-02	1.153524e+01
4.536000e-05	-4.772365e-02	1.164260e+01
4.537000e-05	-4.419335e-02	1.176640e+01
4.538000e-05	-4.749572e-02	1.184253e+01
4.539000e-05	-5.098514e-02	1.190529e+01
4.540000e-05	-5.043606e-02	1.200898e+01
4.541000e-05	-5.204395e-02	1.209376e+01
4.542000e-05	-5.421239e-02	1.217742e+01
4.543000e-05	-5.666895e-02	1.224805e+01
4.544000e-05	-5.351355e-02	1.229367e+01
4.545000e-05	-5.775679e-02	1.234575e+01
4.546000e-05	-6.147979e-02	1.243890e+01
4.547000e-05	-6.610518e-02	1.246358e+01
4.548000e-05	-6.473154e-02	1.251376e+01
4.549000e-05	-6.691269e-02	1.255532e+01
4.550000e-05	-6.808015e-02	1.256732e+01
4.551000e-05	-7.131836e-02	1.257898e+01
4.552000e-05	-7.556755e-02	1.262853e+01
4.553000e-05	-7.730360e-02	1.265108e+01
4.554000e-05	-8.096355e-02	1.264261e+01
4.555000e-05	-7.718844e-02	1.269211e+01
4.556000e-05	-8.324592e-02	1.269319e+01
4.557000e-05	-8.617869e-02	1.270316e+01
4.558000e-05	-8.925746e-02	1.267268e+01
4.559000e-05	-9.365266e-02	1.268414e+01
4.560000e-05	-9.514683e-02	1.271319e+01
4.561000e-05	-9.848538e-02	1.271216e+01
4.562000e-05	-9.974949e-02	1.267368e+01
4.563000e-05	-1.041874e-01	1.262161e+01
4.564000e-05	-1.084682e-01	1.264103e+01
4.565000e-05	-1.130931e-01	1.263856e+01
4.566000e-05	-1.185630e-01	1.259842e+01
4.567000e-05	-1.256653e-01	1.254582e+01
4.568000e-05	-1.334875e-01	1.253326e+01
4.569000e-05	-1.421923e-01	1.246166e+01
4.570000e-05	-1.493610e-01	1.240743e+01
4.571000e-05	-1.556586e-01	1.234830e+01
4.572000e-05	-1.593544e-01	1.233361e+01
4.573000e-05	-1.625654e-01	1.221998e+01
4.574000e-05	-1.631294e-01	1.211477e+01
4.575000e-05	-1.601314e-01	1.205158e+01
4.576000e-05	-1.540177e-01	1.197535e+01
4.577000e-05	-1.478033e-01	1.185269e+01
4.578000e-05	-1.389425e-01	1.177651e+01
4.579000e-05	-1.320908e-01	1.168214e+01
4.580000e-05	-1.230231e-01	1.162730e+01
4.581000e-05	-1.164482e-01	1.148056e+01
4.582000e-05	-1.063679e-01	1.134429e+01
4.583000e-05	-1.009735e-01	1.121950e+01
4.584000e-05	-9.301986e-02	1.108474e+01
4.585000e-05	-9.039307e-02	1.100050e+01
4.586000e-05	-8.234655e-02	1.088374e+01
4.587000e-05	-7.942958e-02	1.078793e+01
4.588000e-05	-7.142317e-02	1.068059e+01
4.589000e-05	-6.971615e-02	1.053537e+01
4.590000e-05	-6.486440e-02	1.037490e+01
4.591000e-05	-6.230802e-02	1.025059e+01
4.592000e-05	-5.902596e-02	1.010419e+01
4.593000e-05	-5.510257e-02	9.966374e+00
4.594000e-05	-5.175800e-02	9.829453e+00
4.595000e-05	-4.974464e-02	9.640009e+00
4.596000e-05	-4.727502e-02	9.492686e+00
4.597000e-05	-4.569433e-02	9.344773e+00
4.598000e-05	-4.378956e-02	9.178901e+00
4.599000e-05	-4.225312e-02	9.059551e+00
4.600000e-05	-3.944176e-02	8.828505e+00
4.601000e-05	-4.037141e-02	8.651657e+00
4.602000e-05	-3.544149e-02	8.493766e+00
4.603000e-05	-3.788596e-02	8.325293e+00
4.604000e-05	-3.225515e-02	8.166717e+00
4.605000e-05	-3.235090e-02	7.946313e+00
4.606000e-05	-3.045915e-02	7.755848e+00
4.607000e-05	-2.966193e-02	7.556245e+00
4.608000e-05	-3.034062e-02	7.363745e+00
4.609000e-05	-2.667382e-02	7.145289e+00
4.610000e-05	-2.796220e-02	6.944416e+00
4.611000e-05	-2.640982e-02	6.765872e+00
4.612000e-05	-2.571123e-02	6.524312e+00
4.613000e-05	-2.478188e-02	6.303817e+00
4.614000e-05	-2.191025e-02	6.125295e+00
4.615000e-05	-2.232655e-02	5.927398e+00
4.616000e-05	-2.017715e-02	5.695764e+00
4.617000e-05	-2.018662e-02	5.493763e+00
4.618000e-05	-2.035409e-02	5.272734e+00
4.619000e-05	-1.910743e-02	5.006005e+00
4.620000e-05	-1.828110e-02	4.756422e+00
4.621000e-05	-1.834485e-02	4.538396e+00
4.622000e-05	-1.794190e-02	4.346900e+00
4.623000e-05	-1.607405e-02	4.093642e+00
4.624000e-05	-1.319466e-02	3.884138e+00
4.625000e-05	-1.416035e-02	3.673187e+00
4.626000e-05	-1.322628e-02	3.471586e+00
4.627000e-05	-1.248587e-02	3.218977e+00
4.628000e-05	-1.100579e-02	3.008496e+00
4.629000e-05	-1.226115e-02	2.777972e+00
4.630000e-05	-1.235339e-02	2.503368e+00
4.631000e-05	-1.027559e-02	2.284762e+00
4.632000e-05	-9.446137e-03	2.052683e+00
4.633000e-05	-1.020419e-02	1.862108e+00
4.634000e-05	-9.487929e-03	1.547449e+00
4.635000e-05	-6.633603e-03	1.346396e+00
4.636000e-05	-7.063485e-03	1.094238e+00
4.637000e-05	-6.721964e-03	7.595525e-01
4.638000e-05	-5.637749e-03	6.079513e-01
4.639000e-05	-4.678123e-03	3.863949e-01
4.640000e-05	-5.013879e-03	1.036635e-01
4.641000e-05	-4.445389e-04	-9.526303e-02
4.642000e-05	7.014686e-03	-3.163158e-01
4.643000e-05	-3.443404e-03	-5.567105e-01
4.644000e-05	2.363541e-03	-7.900261e-01
4.645000e-05	-1.823543e-03	-9.789474e-01
4.646000e-05	4.222868e-03	-1.180573e+00
4.647000e-05	9.785433e-04	-1.463081e+00
4.648000e-05	2.507696e-02	-1.674202e+00
4.649000e-05	9.237662e-02	-1.832652e+00
4.650000e-05	-1.566351e-02	-2.157841e+00
4.651000e-05	-4.870443e-02	-2.506286e+00
4.652000e-05	-1.338247e-02	-2.757417e+00
4.653000e-05	-5.615736e-02	-2.934260e+00
4.654000e-05	-3.059318e-02	-3.075865e+00
4.655000e-05	1.727353e-01	-3.231525e+00
4.656000e-05	-1.131549e-01	-3.463054e+00
4.657000e-05	6.352844e-02	-3.662634e+00
4.658000e-05	5.847463e-02	-3.902732e+00
4.659000e-05	-1.532181e-01	-4.157343e+00
4.660000e-05	1.535149e-01	-4.347393e+00
4.661000e-05	-4.886344e-02	-4.548843e+00
4.662000e-05	-1.024649e-02	-4.841076e+00
4.663000e-05	1.253063e-01	-4.989947e+00
4.664000e-05	-1.319454e-01	-5.314129e+00
4.665000e-05	1.108283e-01	-5.547818e+00
4.666000e-05	-4.588950e-02	-5.747343e+00
4.667000e-05	3.862759e-03	-5.990371e+00
4.668000e-05	8.230230e-02	-6.157339e+00
4.669000e-05	-7.903268e-02	-6.440521e+00
4.670000e-05	1.091293e-01	-6.569426e+00
4.671000e-05	-5.209986e-02	-6.830499e+00
4.672000e-05	6.146094e-02	-7.060084e+00
4.673000e-05	2.480264e-02	-7.242583e+00
4.674000e-05	-5.078536e-02	-7.462580e+00
4.675000e-05	9.302994e-02	-7.602055e+00
4.676000e-05	-5.207970e-02	-7.892209e+00
4.677000e-05	8.078554e-02	-8.073134e+00
4.678000e-05	-8.106654e-03	-8.222079e+00
4.679000e-05	2.758074e-02	-8.421973e+00
4.680000e-05	2.267421e-02	-8.567874e+00
4.681000e-05	-1.075314e-02	-8.789400e+00
4.682000e-05	6.635833e-02	-8.954218e+00
4.683000e-05	-3.939371e-03	-9.095214e+00
4.684000e-05	5.317681e-02	-9.291954e+00
4.685000e-05	-1.333749e-02	-9.437976e+00
4.686000e-05	3.909626e-02	-9.596926e+00
4.687000e-05	2.878854e-02	-9.724263e+00
4.688000e-05	2.656809e-02	-9.841058e+00
4.689000e-05	3.223698e-02	-9.947873e+00
4.690000e-05	1.937016e-02	-1.016682e+01
4.691000e-05	4.066421e-02	-1.031271e+01
4.692000e-05	1.251136e-02	-1.048268e+01
4.693000e-05	4.228907e-02	-1.056897e+01
4.694000e-05	2.687744e-02	-1.071421e+01
4.695000e-05	4.099615e-02	-1.080948e+01
4.696000e-05	2.136377e-02	-1.093724e+01
4.697000e-05	4.093102e-02	-1.107213e+01
4.698000e-05	3.939201e-02	-1.121695e+01
4.699000e-05	4.032043e-02	-1.130524e+01
4.700000e-05	3.601475e-02	-1.145993e+01
4.701000e-05	3.830529e-02	-1.157519e+01
4.702000e-05	4.662545e-02	-1.166051e+01
4.703000e-05	3.763362e-02	-1.175645e+01
4.704000e-05	4.663602e-02	-1.188061e+01
4.705000e-05	4.449253e-02	-1.194580e+01
4.706000e-05	4.894599e-02	-1.204950e+01
4.707000e-05	4.416292e-02	-1.208582e+01
4.708000e-05	5.411152e-02	-1.218784e+01
4.709000e-05	5.399720e-02	-1.222951e+01
4.710000e-05	5.513702e-02	-1.228116e+01
4.711000e-05	5.129704e-02	-1.232480e+01
4.712000e-05	5.735516e-02	-1.238740e+01
4.713000e-05	5.827833e-02	-1.239996e+01
4.714000e-05	5.968944e-02	-1.250211e+01
4.715000e-05	6.507802e-02	-1.252277e+01
4.716000e-05	6.558875e-02	-1.255630e+01
4.717000e-05	6.645533e-02	-1.258798e+01
4.718000e-05	6.852092e-02	-1.262000e+01
4.719000e-05	7.309198e-02	-1.263008e+01
4.720000e-05	7.488750e-02	-1.265893e+01
4.721000e-05	7.673417e-02	-1.267161e+01
4.722000e-05	7.992202e-02	-1.268309e+01
4.723000e-05	8.203548e-02	-1.269161e+01
4.724000e-05	8.410744e-02	-1.270366e+01
4.725000e-05	8.627596e-02	-1.266211e+01
4.726000e-05	8.953500e-02	-1.268251e+01
4.727000e-05	9.366437e-02	-1.270054e+01
4.728000e-05	9.685149e-02	-1.270108e+01
4.729000e-05	1.008332e-01	-1.263903e+01
4.730000e-05	1.052433e-01	-1.264905e+01
4.731000e-05	1.085234e-01	-1.258690e+01
4.732000e-05	1.168087e-01	-1.252474e+01
4.733000e-05	1.219374e-01	-1.247466e+01
4.734000e-05	1.294560e-01	-1.244096e+01
4.735000e-05	1.372371e-01	-1.236683e+01
4.736000e-05	1.461715e-01	-1.231522e+01
4.737000e-05	1.525094e-01	-1.230059e+01
4.738000e-05	1.551274e-01	-1.220050e+01
4.739000e-05	1.575736e-01	-1.214580e+01
4.740000e-05	1.572118e-01	-1.203158e+01
4.741000e-05	1.527468e-01	-1.198933e+01
4.742000e-05	1.462137e-01	-1.188162e+01
4.743000e-05	1.398333e-01	-1.179850e+01
4.744000e-05	1.307216e-01	-1.168269e+01
4.745000e-05	1.221511e-01	-1.157585e+01
4.746000e-05	1.129848e-01	-1.145011e+01
4.747000e-05	1.060229e-01	-1.138532e+01
4.748000e-05	1.000040e-01	-1.126050e+01
4.749000e-05	9.114679e-02	-1.112574e+01
4.750000e-05	8.479648e-02	-1.101542e+01
4.751000e-05	7.809107e-02	-1.088364e+01
4.752000e-05	7.371112e-02	-1.077682e+01
4.753000e-05	6.885555e-02	-1.069168e+01
4.754000e-05	6.609654e-02	-1.057729e+01
4.755000e-05	6.190154e-02	-1.045996e+01
4.756000e-05	5.752488e-02	-1.028153e+01
4.757000e-05	5.358364e-02	-1.011322e+01
4.758000e-05	5.079078e-02	-9.984845e+00
4.759000e-05	4.830730e-02	-9.840580e+00
4.760000e-05	4.521665e-02	-9.713715e+00
4.761000e-05	4.288823e-02	-9.558351e+00
4.762000e-05	4.034664e-02	-9.398002e+00
4.763000e-05	3.739854e-02	-9.229002e+00
4.764000e-05	3.500954e-02	-9.072658e+00
4.765000e-05	3.396118e-02	-8.893738e+00
4.766000e-05	3.304805e-02	-8.713267e+00
4.767000e-05	2.967699e-02	-8.544748e+00
4.768000e-05	2.826071e-02	-8.375921e+00
4.769000e-05	2.729415e-02	-8.199476e+00
4.770000e-05	2.640663e-02	-8.039030e+00
4.771000e-05	2.376207e-02	-7.828504e+00
4.772000e-05	2.233075e-02	-7.566875e+00
4.773000e-05	2.183790e-02	-7.387977e+00
4.774000e-05	2.066687e-02	-7.199549e+00
4.775000e-05	1.910291e-02	-6.986455e+00
4.776000e-05	1.713156e-02	-6.776922e+00
4.777000e-05	1.803761e-02	-6.598429e+00
4.778000e-05	1.676184e-02	-6.400529e+00
4.779000e-05	1.507698e-02	-6.197974e+00
4.780000e-05	1.459753e-02	-5.966895e+00
4.781000e-05	1.296182e-02	-5.764446e+00
4.782000e-05	1.300282e-02	-5.537375e+00
4.783000e-05	1.039101e-02	-5.335270e+00
4.784000e-05	1.207517e-02	-5.073663e+00
4.785000e-05	8.273374e-03	-4.818056e+00
4.786000e-05	1.020688e-02	-4.598474e+00
4.787000e-05	7.506445e-03	-4.410504e+00
4.788000e-05	8.967847e-03	-4.209550e+00
4.789000e-05	6.759523e-03	-4.021054e+00
4.790000e-05	7.873000e-03	-3.746426e+00
4.791000e-05	5.903259e-03	-3.545845e+00
4.792000e-05	4.885609e-03	-3.335313e+00
4.793000e-05	3.273965e-03	-3.116766e+00
4.794000e-05	1.957294e-03	-2.851533e+00
4.795000e-05	9.332655e-04	-2.649553e+00
4.796000e-05	1.650486e-03	-2.411053e+00
4.797000e-05	2.790181e-03	-2.185420e+00
4.798000e-05	9.706004e-04	-1.914866e+00
4.799000e-05	1.022069e-03	-1.682642e+00
4.800000e-05	8.187779e-06	-1.442042e+00
4.801000e-05	-1.224493e-03	-1.176916e+00
4.802000e-05	-4.411539e-03	-9.448408e-01
4.803000e-05	-3.790657e-03	-6.948445e-01
4.804000e-05	-4.112704e-03	-4.605513e-01
4.805000e-05	-2.468997e-03	-2.205051e-01
4.806000e-05	-3.588801e-03	-4.055126e-02
4.807000e-05	4.029722e-03	2.616776e-01
4.808000e-05	-1.802687e-03	4.737065e-01
4.809000e-05	-1.703526e-03	6.826790e-01
4.810000e-05	-3.454952e-03	8.631015e-01
4.811000e-05	-3.016694e-03	1.127868e+00
4.812000e-05	-3.380929e-03	1.357923e+00
4.813000e-05	-2.616707e-03	1.559526e+00
4.814000e-05	1.523773e-02	1.841028e+00
4.815000e-05	6.541286e-02	2.011578e+00
4.816000e-05	5.302359e-03	2.303259e+00
4.817000e-05	-7.042751e-02	2.557941e+00
4.818000e-05	-2.715954e-02	2.823027e+00
4.819000e-05	-3.338183e-02	3.041574e+00
4.820000e-05	-7.100693e-02	3.189424e+00
4.821000e-05	4.878732e-02	3.348192e+00
4.822000e-05	8.216196e-02	3.620528e+00
4.823000e-05	-1.605633e-01	3.760945e+00
4.824000e-05	1.296269e-01	3.989445e+00
4.825000e-05	-5.830230e-02	4.263534e+00
4.826000e-05	-5.467595e-02	4.452631e+00
4.827000e-05	7.107382e-02	4.684237e+00
4.828000e-05	-6.118704e-02	4.946243e+00
4.829000e-05	7.208899e-03	5.187851e+00
4.830000e-05	-7.879849e-03	5.453084e+00
4.831000e-05	-3.463098e-02	5.652578e+00
4.832000e-05	5.747706e-03	5.876738e+00
4.833000e-05	-3.657920e-02	6.125790e+00
4.834000e-05	-5.610374e-03	6.305787e+00
4.835000e-05	-3.463410e-02	6.535262e+00
4.836000e-05	6.352382e-04	6.757918e+00
4.837000e-05	-4.394587e-03	6.997372e+00
4.838000e-05	-3.763779e-02	7.187869e+00
4.839000e-05	1.869111e-02	7.326221e+00
4.840000e-05	-5.594218e-02	7.618950e+00
4.841000e-05	-1.173819e-02	7.767295e+00
4.842000e-05	-1.814884e-02	8.008876e+00
4.843000e-05	-2.111868e-02	8.219552e+00
4.844000e-05	-1.282731e-02	8.359395e+00
4.845000e-05	-3.942288e-02	8.524795e+00
4.846000e-05	-1.686410e-02	8.692636e+00
4.847000e-05	-3.120985e-02	8.800631e+00
4.848000e-05	-1.025282e-02	9.018972e+00
4.849000e-05	-3.161135e-02	9.208900e+00
4.850000e-05	-2.402393e-02	9.335788e+00
4.851000e-05	-2.494018e-02	9.466162e+00
4.852000e-05	-3.620796e-02	9.652057e+00
4.853000e-05	-2.684527e-02	9.819424e+00
4.854000e-05	-2.806138e-02	9.985363e+00
4.855000e-05	-2.550457e-02	1.010521e+01
4.856000e-05	-4.008861e-02	1.024056e+01
4.857000e-05	-3.123730e-02	1.034840e+01
4.858000e-05	-3.314999e-02	1.051534e+01
4.859000e-05	-3.448131e-02	1.065056e+01
4.860000e-05	-3.979532e-02	1.079047e+01
4.861000e-05	-3.614387e-02	1.089534e+01
4.862000e-05	-3.657047e-02	1.102901e+01
4.863000e-05	-4.326992e-02	1.114587e+01
4.864000e-05	-4.134661e-02	1.128206e+01
4.865000e-05	-4.014147e-02	1.135802e+01
4.866000e-05	-4.197351e-02	1.152469e+01
4.867000e-05	-4.697446e-02	1.164156e+01
4.868000e-05	-4.472626e-02	1.174579e+01
4.869000e-05	-4.651169e-02	1.183010e+01
4.870000e-05	-4.951806e-02	1.190524e+01
4.871000e-05	-5.132645e-02	1.197740e+01
4.872000e-05	-5.069115e-02	1.206209e+01
4.873000e-05	-5.372401e-02	1.217634e+01
4.874000e-05	-5.590549e-02	1.224953e+01
4.875000e-05	-5.391563e-02	1.225321e+01
4.876000e-05	-6.000813e-02	1.235687e+01
4.877000e-05	-6.040214e-02	1.237858e+01
4.878000e-05	-6.640556e-02	1.248211e+01
4.879000e-05	-6.295564e-02	1.249424e+01
4.880000e-05	-6.643984e-02	1.256682e+01
4.881000e-05	-6.708709e-02	1.256737e+01
4.882000e-05	-7.178501e-02	1.258895e+01
4.883000e-05	-7.462392e-02	1.259953e+01
4.884000e-05	-7.943222e-02	1.266011e+01
4.885000e-05	-7.846837e-02	1.265209e+01
4.886000e-05	-7.873969e-02	1.267163e+01
4.887000e-05	-8.202516e-02	1.268366e+01
4.888000e-05	-8.552758e-02	1.273306e+01
4.889000e-05	-8.937132e-02	1.271316e+01
4.890000e-05	-8.993147e-02	1.270319e+01
4.891000e-05	-9.495984e-02	1.270474e+01
4.892000e-05	-9.690897e-02	1.268319e+01
4.893000e-05	-1.005720e-01	1.266226e+01
4.894000e-05	-1.048871e-01	1.266103e+01
4.895000e-05	-1.079788e-01	1.263108e+01
4.896000e-05	-1.126489e-01	1.259848e+01
4.897000e-05	-1.162650e-01	1.258845e+01
4.898000e-05	-1.248449e-01	1.255634e+01
4.899000e-05	-1.311439e-01	1.250479e+01
4.900000e-05	-1.397936e-01	1.247158e+01
4.901000e-05	-1.471817e-01	1.240048e+01
4.902000e-05	-1.546350e-01	1.238625e+01
4.903000e-05	-1.602183e-01	1.228314e+01
4.904000e-05	-1.632507e-01	1.222955e+01
4.905000e-05	-1.650590e-01	1.215532e+01
4.906000e-05	-1.606076e-01	1.203051e+01
4.907000e-05	-1.544637e-01	1.194637e+01
4.908000e-05	-1.472915e-01	1.188271e+01
4.909000e-05	-1.408023e-01	1.178856e+01
4.910000e-05	-1.336275e-01	1.171479e+01
4.911000e-05	-1.239848e-01	1.162998e+01
4.912000e-05	-1.164946e-01	1.150266e+01
4.913000e-05	-1.080219e-01	1.136584e+01
4.914000e-05	-1.027533e-01	1.127953e+01
4.915000e-05	-9.383654e-02	1.112524e+01
4.916000e-05	-8.978093e-02	1.105005e+01
4.917000e-05	-8.192962e-02	1.090427e+01
4.918000e-05	-8.019321e-02	1.079845e+01
4.919000e-05	-7.312077e-02	1.065259e+01
4.920000e-05	-7.024150e-02	1.056782e+01
4.921000e-05	-6.482370e-02	1.042890e+01
4.922000e-05	-6.173685e-02	1.026066e+01
4.923000e-05	-5.791987e-02	1.015522e+01
4.924000e-05	-5.643995e-02	9.997451e+00
4.925000e-05	-5.268459e-02	9.861555e+00
4.926000e-05	-5.148556e-02	9.660664e+00
4.927000e-05	-4.610731e-02	9.495266e+00
4.928000e-05	-4.634198e-02	9.366949e+00
4.929000e-05	-4.363762e-02	9.229034e+00
4.930000e-05	-4.316784e-02	9.099558e+00
4.931000e-05	-4.097302e-02	8.840563e+00
4.932000e-05	-3.977019e-02	8.671688e+00
4.933000e-05	-3.685976e-02	8.504842e+00
4.934000e-05	-3.562552e-02	8.367824e+00
4.935000e-05	-3.378509e-02	8.156346e+00
4.936000e-05	-3.183497e-02	7.977871e+00
4.937000e-05	-3.103866e-02	7.768872e+00
4.938000e-05	-3.023206e-02	7.626454e+00
4.939000e-05	-2.998892e-02	7.355924e+00
4.940000e-05	-2.884690e-02	7.167371e+00
4.941000e-05	-2.740696e-02	6.995897e+00
4.942000e-05	-2.610637e-02	6.768426e+00
4.943000e-05	-2.518666e-02	6.535897e+00
4.944000e-05	-2.457633e-02	6.337870e+00
4.945000e-05	-2.323824e-02	6.175895e+00
4.946000e-05	-2.196554e-02	5.978450e+00
4.947000e-05	-2.211549e-02	5.765867e+00
4.948000e-05	-2.090401e-02	5.534821e+00
4.949000e-05	-2.025585e-02	5.344263e+00
4.950000e-05	-1.882770e-02	5.062158e+00
4.951000e-05	-1.896593e-02	4.807449e+00
4.952000e-05	-1.774922e-02	4.577425e+00
4.953000e-05	-1.724389e-02	4.377456e+00
4.954000e-05	-1.572885e-02	4.187818e+00
4.955000e-05	-1.597864e-02	3.904740e+00
4.956000e-05	-1.499896e-02	3.705267e+00
4.957000e-05	-1.350346e-02	3.525315e+00
4.958000e-05	-1.351781e-02	3.262110e+00
4.959000e-05	-1.163090e-02	3.029979e+00
4.960000e-05	-1.136891e-02	2.850108e+00
4.961000e-05	-1.064318e-02	2.587450e+00
4.962000e-05	-1.050166e-02	2.325215e+00
4.963000e-05	-1.032400e-02	2.085264e+00
4.964000e-05	-9.528064e-03	1.894317e+00
4.965000e-05	-7.947788e-03	1.649161e+00
4.966000e-05	-7.812590e-03	1.408500e+00
4.967000e-05	-6.902970e-03	1.134893e+00
4.968000e-05	-6.342060e-03	8.411829e-01
4.969000e-05	-5.690205e-03	6.210265e-01
4.970000e-05	-5.397888e-03	3.994763e-01
4.971000e-05	-3.890041e-03	1.374686e-01
4.972000e-05	-9.905503e-04	-5.468040e-02
4.973000e-05	6.999594e-03	-2.942317e-01
4.974000e-05	-3.210699e-03	-4.732341e-01
4.975000e-05	4.296061e-03	-7.994721e-01
4.976000e-05	-1.834756e-03	-9.383196e-01
4.977000e-05	2.271565e-03	-1.167843e+00
4.978000e-05	1.531067e-04	-1.439525e+00
4.979000e-05	1.949850e-02	-1.632628e+00
4.980000e-05	8.588958e-02	-1.811003e+00
4.981000e-05	1.238751e-02	-2.094758e+00
4.982000e-05	-6.148999e-02	-2.483603e+00
4.983000e-05	-6.676771e-03	-2.747191e+00
4.984000e-05	-5.143193e-02	-2.896738e+00
4.985000e-05	-5.392715e-02	-3.067239e+00
4.986000e-05	1.614002e-01	-3.189999e+00
4.987000e-05	-7.634942e-02	-3.442576e+00
4.988000e-05	7.820533e-03	-3.633630e+00
4.989000e-05	1.224396e-01	-3.870554e+00
4.990000e-05	-1.766831e-01	-4.104286e+00
4.991000e-05	1.274696e-01	-4.315315e+00
4.992000e-05	-2.958303e-03	-4.515159e+00
4.993000e-05	-5.391909e-02	-4.787896e+00
4.994000e-05	1.466280e-01	-4.977873e+00
4.995000e-05	-1.190247e-01	-5.259601e+00
4.996000e-05	7.545767e-02	-5.513289e+00
4.997000e-05	-1.361732e-03	-5.714708e+00
4.998000e-05	-4.141837e-02	-5.968371e+00
4.999000e-05	1.106906e-01	-6.123743e+00
