# 260406_15:19:07.060527
t	CH1	CH2
0.000000e+00	-7.487047e-03	1.055615e+00
1.000000e-08	-5.445031e-03	7.599801e-01
2.000000e-08	-5.599237e-03	5.218761e-01
3.000000e-08	-5.958708e-03	3.478235e-01
4.000000e-08	-3.895426e-03	4.611682e-02
5.000000e-08	2.909296e-03	-1.553133e-01
6.000000e-08	5.955266e-03	-4.062871e-01
7.000000e-08	-4.259118e-03	-5.869106e-01
8.000000e-08	3.465336e-03	-8.599974e-01
9.000000e-08	-1.426553e-03	-1.018494e+00
1.000000e-07	4.002090e-03	-1.298021e+00
1.100000e-07	1.813725e-03	-1.502183e+00
1.200000e-07	4.067859e-02	-1.683230e+00
1.300000e-07	8.886971e-02	-1.933159e+00
1.400000e-07	-5.156966e-02	-2.256567e+00
1.500000e-07	-3.014006e-02	-2.573233e+00
1.600000e-07	-2.309858e-02	-2.796416e+00
1.700000e-07	-6.123846e-02	-2.985962e+00
1.800000e-07	1.208323e-02	-3.133265e+00
1.900000e-07	1.526987e-01	-3.280001e+00
2.000000e-07	-1.623573e-01	-3.543307e+00
2.100000e-07	1.484962e-01	-3.724336e+00
2.200000e-07	-9.535197e-03	-3.972756e+00
2.300000e-07	-9.781490e-02	-4.227520e+00
2.400000e-07	1.620169e-01	-4.364417e+00
2.500000e-07	-9.974877e-02	-4.636013e+00
2.600000e-07	5.450603e-02	-4.871619e+00
2.700000e-07	7.865288e-02	-5.005571e+00
2.800000e-07	-1.201670e-01	-5.323782e+00
2.900000e-07	1.393872e-01	-5.546445e+00
3.000000e-07	-9.846322e-02	-5.805992e+00
3.100000e-07	6.207895e-02	-5.996470e+00
3.200000e-07	3.187229e-02	-6.207443e+00
3.300000e-07	-4.997066e-02	-6.478070e+00
3.400000e-07	1.114971e-01	-6.639600e+00
3.500000e-07	-7.756115e-02	-6.829549e+00
3.600000e-07	1.033945e-01	-7.061203e+00
3.700000e-07	-2.673840e-02	-7.301707e+00
3.800000e-07	-7.109810e-03	-7.502230e+00
3.900000e-07	7.277970e-02	-7.632121e+00
4.000000e-07	-4.835248e-02	-7.902257e+00
4.100000e-07	9.375214e-02	-8.102704e+00
4.200000e-07	-3.138852e-02	-8.299099e+00
4.300000e-07	5.479864e-02	-8.440549e+00
4.400000e-07	-1.664198e-03	-8.577894e+00
4.500000e-07	1.324972e-02	-8.756493e+00
4.600000e-07	5.291469e-02	-8.966367e+00
4.700000e-07	-1.469944e-04	-9.093184e+00
4.800000e-07	5.318341e-02	-9.252150e+00
4.900000e-07	-1.723317e-02	-9.447476e+00
5.000000e-07	5.462462e-02	-9.606438e+00
5.100000e-07	1.398134e-02	-9.734761e+00
5.200000e-07	3.704474e-02	-9.851107e+00
5.300000e-07	2.089931e-02	-9.976470e+00
5.400000e-07	3.008362e-02	-1.018689e+01
5.500000e-07	3.548465e-02	-1.032076e+01
5.600000e-07	1.940066e-02	-1.049968e+01
5.700000e-07	4.167193e-02	-1.059492e+01
5.800000e-07	2.605873e-02	-1.070379e+01
5.900000e-07	4.008898e-02	-1.082797e+01
6.000000e-07	2.051861e-02	-1.095431e+01
6.100000e-07	4.438630e-02	-1.107063e+01
6.200000e-07	3.522696e-02	-1.123747e+01
6.300000e-07	4.222728e-02	-1.131324e+01
6.400000e-07	3.307738e-02	-1.143803e+01
6.500000e-07	4.182332e-02	-1.152484e+01
6.600000e-07	4.252688e-02	-1.166958e+01
6.700000e-07	3.795587e-02	-1.180544e+01
6.800000e-07	4.603090e-02	-1.186918e+01
6.900000e-07	4.307011e-02	-1.196527e+01
7.000000e-07	4.792201e-02	-1.204108e+01
7.100000e-07	4.238709e-02	-1.208224e+01
7.200000e-07	5.330637e-02	-1.216739e+01
7.300000e-07	4.975330e-02	-1.223953e+01
7.400000e-07	5.183250e-02	-1.227364e+01
7.500000e-07	4.883613e-02	-1.230484e+01
7.600000e-07	5.408679e-02	-1.234742e+01
7.700000e-07	5.544686e-02	-1.242855e+01
7.800000e-07	5.657964e-02	-1.246061e+01
7.900000e-07	6.017556e-02	-1.249432e+01
8.000000e-07	5.963773e-02	-1.255586e+01
8.100000e-07	6.018898e-02	-1.253690e+01
8.200000e-07	6.155583e-02	-1.261792e+01
8.300000e-07	6.505551e-02	-1.259908e+01
8.400000e-07	6.671672e-02	-1.260998e+01
8.500000e-07	6.807676e-02	-1.266113e+01
8.600000e-07	7.011027e-02	-1.266911e+01
8.700000e-07	7.153193e-02	-1.269219e+01
8.800000e-07	7.230484e-02	-1.263171e+01
8.900000e-07	7.447975e-02	-1.266016e+01
9.000000e-07	7.718959e-02	-1.265158e+01
9.100000e-07	8.132814e-02	-1.263160e+01
9.200000e-07	8.323463e-02	-1.260903e+01
9.300000e-07	8.582508e-02	-1.260898e+01
9.400000e-07	8.672736e-02	-1.257585e+01
9.500000e-07	9.177568e-02	-1.252335e+01
9.600000e-07	9.568006e-02	-1.250477e+01
9.700000e-07	9.913502e-02	-1.243169e+01
9.800000e-07	1.042322e-01	-1.241953e+01
9.900000e-07	1.099379e-01	-1.237787e+01
1.000000e-06	1.153055e-01	-1.232268e+01
1.010000e-06	1.189375e-01	-1.221008e+01
1.020000e-06	1.219623e-01	-1.217687e+01
1.030000e-06	1.239577e-01	-1.210379e+01
1.040000e-06	1.249232e-01	-1.203106e+01
1.050000e-06	1.244100e-01	-1.190840e+01
1.060000e-06	1.245392e-01	-1.186216e+01
1.070000e-06	1.208714e-01	-1.174690e+01
1.080000e-06	1.162757e-01	-1.162306e+01
1.090000e-06	1.108806e-01	-1.151582e+01
1.100000e-06	1.066545e-01	-1.145258e+01
1.110000e-06	1.035866e-01	-1.127329e+01
1.120000e-06	9.692526e-02	-1.116743e+01
1.130000e-06	9.034034e-02	-1.107371e+01
1.140000e-06	8.541627e-02	-1.092691e+01
1.150000e-06	8.114735e-02	-1.082111e+01
1.160000e-06	7.625890e-02	-1.072637e+01
1.170000e-06	7.259755e-02	-1.064106e+01
1.180000e-06	6.846381e-02	-1.050527e+01
1.190000e-06	6.488862e-02	-1.034943e+01
1.200000e-06	6.081604e-02	-1.020053e+01
1.210000e-06	5.809112e-02	-1.006464e+01
1.220000e-06	5.540594e-02	-9.927294e+00
1.230000e-06	5.171929e-02	-9.801532e+00
1.240000e-06	4.997013e-02	-9.684139e+00
1.250000e-06	4.596413e-02	-9.506872e+00
1.260000e-06	4.382558e-02	-9.325345e+00
1.270000e-06	4.097948e-02	-9.160477e+00
1.280000e-06	3.907670e-02	-9.031408e+00
1.290000e-06	3.697225e-02	-8.842689e+00
1.300000e-06	3.516680e-02	-8.676242e+00
1.310000e-06	3.276508e-02	-8.485292e+00
1.320000e-06	3.241210e-02	-8.276292e+00
1.330000e-06	2.995955e-02	-8.138875e+00
1.340000e-06	2.725951e-02	-7.938452e+00
1.350000e-06	2.585055e-02	-7.730875e+00
1.360000e-06	2.512793e-02	-7.487850e+00
1.370000e-06	2.371915e-02	-7.318774e+00
1.380000e-06	2.175432e-02	-7.119900e+00
1.390000e-06	2.091913e-02	-6.938795e+00
1.400000e-06	2.031876e-02	-6.708770e+00
1.410000e-06	1.816609e-02	-6.527877e+00
1.420000e-06	1.760633e-02	-6.340419e+00
1.430000e-06	1.672707e-02	-6.115799e+00
1.440000e-06	1.591397e-02	-5.887826e+00
1.450000e-06	1.429016e-02	-5.687314e+00
1.460000e-06	1.300622e-02	-5.486826e+00
1.470000e-06	1.240549e-02	-5.255720e+00
1.480000e-06	1.188533e-02	-4.993106e+00
1.490000e-06	8.962916e-03	-4.779954e+00
1.500000e-06	9.329701e-03	-4.498847e+00
1.510000e-06	7.273527e-03	-4.358905e+00
1.520000e-06	8.743913e-03	-4.119926e+00
1.530000e-06	6.643281e-03	-3.939422e+00
1.540000e-06	9.081776e-03	-3.737874e+00
1.550000e-06	5.569687e-03	-3.477267e+00
1.560000e-06	4.546077e-03	-3.265713e+00
1.570000e-06	2.253990e-03	-3.046057e+00
1.580000e-06	2.740868e-03	-2.769900e+00
1.590000e-06	3.542618e-03	-2.560930e+00
1.600000e-06	2.732088e-03	-2.350895e+00
1.610000e-06	2.419878e-03	-2.086697e+00
1.620000e-06	6.331201e-04	-1.916217e+00
1.630000e-06	1.255269e-03	-1.614613e+00
1.640000e-06	-1.409049e-03	-1.412104e+00
1.650000e-06	-1.152910e-03	-1.117342e+00
1.660000e-06	-3.119086e-03	-9.077146e-01
1.670000e-06	-2.413494e-03	-6.246930e-01
1.680000e-06	-5.340928e-03	-3.600264e-01
1.690000e-06	-3.257433e-03	-1.414771e-01
1.700000e-06	-1.452123e-03	7.009883e-02
1.710000e-06	6.626413e-03	3.031789e-01
1.720000e-06	-4.618299e-03	5.341842e-01
1.730000e-06	-6.702754e-04	7.131344e-01
1.740000e-06	-4.841487e-03	9.437079e-01
1.750000e-06	-2.314888e-03	1.215868e+00
1.760000e-06	-5.752864e-03	1.376942e+00
1.770000e-06	8.126142e-04	1.691655e+00
1.780000e-06	2.624391e-02	1.881173e+00
1.790000e-06	6.855524e-02	2.091683e+00
1.800000e-06	-2.499987e-02	2.373892e+00
1.810000e-06	-6.250765e-02	2.628513e+00
1.820000e-06	-2.561515e-02	2.890654e+00
1.830000e-06	-4.070110e-02	3.060178e+00
1.840000e-06	-7.068147e-02	3.268101e+00
1.850000e-06	9.797721e-02	3.407015e+00
1.860000e-06	2.437420e-02	3.669177e+00
1.870000e-06	-1.296858e-01	3.807972e+00
1.880000e-06	1.598124e-01	4.067996e+00
1.890000e-06	-1.177830e-01	4.301704e+00
1.900000e-06	-7.450754e-03	4.502283e+00
1.910000e-06	4.574316e-02	4.711785e+00
1.920000e-06	-7.069604e-02	4.996942e+00
1.930000e-06	2.762773e-02	5.248047e+00
1.940000e-06	-2.527758e-02	5.501732e+00
1.950000e-06	-2.077187e-02	5.742208e+00
1.960000e-06	-7.719565e-04	5.932213e+00
1.970000e-06	-3.708960e-02	6.187390e+00
1.980000e-06	-2.618252e-03	6.344289e+00
1.990000e-06	-3.972354e-02	6.555413e+00
2.000000e-06	1.559807e-02	6.765942e+00
2.010000e-06	-2.379309e-02	6.953897e+00
2.020000e-06	-2.642036e-02	7.157447e+00
2.030000e-06	9.306737e-03	7.385917e+00
2.040000e-06	-5.927912e-02	7.596548e+00
2.050000e-06	9.496533e-04	7.837571e+00
2.060000e-06	-2.595520e-02	8.037502e+00
2.070000e-06	-1.524573e-02	8.259604e+00
2.080000e-06	-2.248865e-02	8.386445e+00
2.090000e-06	-3.741664e-02	8.563415e+00
2.100000e-06	-1.647034e-02	8.693184e+00
2.110000e-06	-3.180831e-02	8.869678e+00
2.120000e-06	-1.146373e-02	9.058602e+00
2.130000e-06	-3.618278e-02	9.178045e+00
2.140000e-06	-2.104538e-02	9.365419e+00
2.150000e-06	-2.950769e-02	9.482241e+00
2.160000e-06	-3.564165e-02	9.630182e+00
2.170000e-06	-2.563570e-02	9.819054e+00
2.180000e-06	-2.961188e-02	9.974922e+00
2.190000e-06	-2.659278e-02	1.012374e+01
2.200000e-06	-4.118054e-02	1.027859e+01
2.210000e-06	-2.829362e-02	1.043705e+01
2.220000e-06	-3.634653e-02	1.049342e+01
2.230000e-06	-3.452967e-02	1.068116e+01
2.240000e-06	-3.868479e-02	1.078650e+01
2.250000e-06	-3.402272e-02	1.096482e+01
2.260000e-06	-3.827549e-02	1.102911e+01
2.270000e-06	-4.407621e-02	1.115489e+01
2.280000e-06	-4.017120e-02	1.131128e+01
2.290000e-06	-4.169833e-02	1.137795e+01
2.300000e-06	-4.164555e-02	1.154331e+01
2.310000e-06	-4.689815e-02	1.164706e+01
2.320000e-06	-4.347514e-02	1.174429e+01
2.330000e-06	-4.734314e-02	1.184863e+01
2.340000e-06	-4.864987e-02	1.189429e+01
2.350000e-06	-4.848783e-02	1.198847e+01
2.360000e-06	-5.018943e-02	1.207366e+01
2.370000e-06	-5.233324e-02	1.214687e+01
2.380000e-06	-5.510159e-02	1.224753e+01
2.390000e-06	-5.146371e-02	1.226921e+01
2.400000e-06	-5.669458e-02	1.234487e+01
2.410000e-06	-6.016120e-02	1.240715e+01
2.420000e-06	-6.072200e-02	1.248011e+01
2.430000e-06	-6.276883e-02	1.249226e+01
2.440000e-06	-5.783903e-02	1.253484e+01
2.450000e-06	-6.341434e-02	1.256552e+01
2.460000e-06	-6.416679e-02	1.257648e+01
2.470000e-06	-6.861246e-02	1.259855e+01
2.480000e-06	-7.270128e-02	1.267903e+01
2.490000e-06	-7.217670e-02	1.268159e+01
2.500000e-06	-7.366510e-02	1.261116e+01
2.510000e-06	-7.290574e-02	1.268266e+01
2.520000e-06	-7.527142e-02	1.271321e+01
2.530000e-06	-7.780941e-02	1.272122e+01
2.540000e-06	-7.994240e-02	1.269124e+01
2.550000e-06	-8.185540e-02	1.268266e+01
2.560000e-06	-8.496569e-02	1.267169e+01
2.570000e-06	-8.687012e-02	1.262111e+01
2.580000e-06	-9.330398e-02	1.268113e+01
2.590000e-06	-9.281167e-02	1.260008e+01
2.600000e-06	-9.673184e-02	1.258948e+01
2.610000e-06	-9.948114e-02	1.258787e+01
2.620000e-06	-1.039025e-01	1.255384e+01
2.630000e-06	-1.057983e-01	1.249419e+01
2.640000e-06	-1.108119e-01	1.246321e+01
2.650000e-06	-1.173537e-01	1.237899e+01
2.660000e-06	-1.232456e-01	1.230435e+01
2.670000e-06	-1.272984e-01	1.223119e+01
2.680000e-06	-1.306876e-01	1.215743e+01
2.690000e-06	-1.333370e-01	1.209382e+01
2.700000e-06	-1.329911e-01	1.200156e+01
2.710000e-06	-1.304440e-01	1.195329e+01
2.720000e-06	-1.275244e-01	1.185169e+01
2.730000e-06	-1.243154e-01	1.178946e+01
2.740000e-06	-1.211973e-01	1.171312e+01
2.750000e-06	-1.153267e-01	1.154748e+01
2.760000e-06	-1.116075e-01	1.142169e+01
2.770000e-06	-1.060686e-01	1.133487e+01
2.780000e-06	-1.024329e-01	1.120058e+01
2.790000e-06	-9.442427e-02	1.107479e+01
2.800000e-06	-9.206794e-02	1.100898e+01
2.810000e-06	-8.402732e-02	1.087376e+01
2.820000e-06	-8.238211e-02	1.077953e+01
2.830000e-06	-7.672569e-02	1.066158e+01
2.840000e-06	-7.347819e-02	1.049432e+01
2.850000e-06	-6.908473e-02	1.038693e+01
2.860000e-06	-6.665626e-02	1.020058e+01
2.870000e-06	-6.395236e-02	1.010472e+01
2.880000e-06	-5.994904e-02	9.918476e+00
2.890000e-06	-5.751484e-02	9.811385e+00
2.900000e-06	-5.513640e-02	9.621512e+00
2.910000e-06	-5.216442e-02	9.463244e+00
2.920000e-06	-4.980178e-02	9.316347e+00
2.930000e-06	-4.801970e-02	9.160030e+00
2.940000e-06	-4.583502e-02	8.990410e+00
2.950000e-06	-4.348969e-02	8.832034e+00
2.960000e-06	-4.098397e-02	8.653641e+00
2.970000e-06	-4.030383e-02	8.455193e+00
2.980000e-06	-3.984714e-02	8.267796e+00
2.990000e-06	-3.592872e-02	8.095850e+00
3.000000e-06	-3.562794e-02	7.906795e+00
3.010000e-06	-3.396852e-02	7.708875e+00
3.020000e-06	-3.176823e-02	7.526851e+00
3.030000e-06	-3.258924e-02	7.275226e+00
3.040000e-06	-2.845546e-02	7.096749e+00
3.050000e-06	-3.066726e-02	6.906374e+00
3.060000e-06	-2.579727e-02	6.697876e+00
3.070000e-06	-2.720250e-02	6.467772e+00
3.080000e-06	-2.380512e-02	6.307220e+00
3.090000e-06	-2.578470e-02	6.094794e+00
3.100000e-06	-2.390693e-02	5.929372e+00
3.110000e-06	-2.255650e-02	5.695247e+00
3.120000e-06	-2.267305e-02	5.506266e+00
3.130000e-06	-2.046499e-02	5.274740e+00
3.140000e-06	-1.921077e-02	4.989590e+00
3.150000e-06	-1.896547e-02	4.737854e+00
3.160000e-06	-1.752655e-02	4.548299e+00
3.170000e-06	-1.788954e-02	4.338978e+00
3.180000e-06	-1.556270e-02	4.116292e+00
3.190000e-06	-1.710945e-02	3.885719e+00
3.200000e-06	-1.644557e-02	3.645192e+00
3.210000e-06	-1.491954e-02	3.464619e+00
3.220000e-06	-1.319181e-02	3.210054e+00
3.230000e-06	-1.142110e-02	2.961033e+00
3.240000e-06	-1.220803e-02	2.759429e+00
3.250000e-06	-1.089747e-02	2.559273e+00
3.260000e-06	-1.061276e-02	2.265166e+00
3.270000e-06	-9.634990e-03	2.065613e+00
3.280000e-06	-9.549239e-03	1.857690e+00
3.290000e-06	-9.595118e-03	1.578906e+00
3.300000e-06	-7.129050e-03	1.325873e+00
3.310000e-06	-7.377573e-03	1.078271e+00
3.320000e-06	-7.115877e-03	7.630330e-01
3.330000e-06	-7.424673e-03	5.409852e-01
3.340000e-06	-4.433279e-03	3.499538e-01
3.350000e-06	-1.869340e-03	1.072719e-01
3.360000e-06	-1.100387e-04	-1.257567e-01
3.370000e-06	6.293821e-03	-3.548080e-01
3.380000e-06	-3.858326e-03	-5.538344e-01
3.390000e-06	5.615231e-03	-7.765184e-01
3.400000e-06	-3.060919e-03	-1.005466e+00
3.410000e-06	2.748822e-03	-1.209042e+00
3.420000e-06	4.609377e-04	-1.478670e+00
3.430000e-06	3.070256e-02	-1.671628e+00
3.440000e-06	8.893499e-02	-1.860651e+00
3.450000e-06	-2.380531e-02	-2.134862e+00
3.460000e-06	-4.718563e-02	-2.442732e+00
3.470000e-06	-9.998457e-03	-2.754913e+00
3.480000e-06	-6.113914e-02	-2.915306e+00
3.490000e-06	-2.100327e-02	-3.133310e+00
3.500000e-06	1.717866e-01	-3.248545e+00
3.510000e-06	-1.397037e-01	-3.470127e+00
3.520000e-06	7.274673e-02	-3.671182e+00
3.530000e-06	5.586889e-02	-3.899074e+00
3.540000e-06	-1.434171e-01	-4.155960e+00
3.550000e-06	1.660103e-01	-4.345916e+00
3.560000e-06	-6.698303e-02	-4.564782e+00
3.570000e-06	3.471421e-03	-4.827545e+00
3.580000e-06	1.260996e-01	-4.966966e+00
3.590000e-06	-1.321749e-01	-5.302207e+00
3.600000e-06	1.215477e-01	-5.564814e+00
3.610000e-06	-6.266502e-02	-5.754837e+00
3.620000e-06	1.252199e-02	-5.965340e+00
3.630000e-06	7.708789e-02	-6.125437e+00
3.640000e-06	-8.000962e-02	-6.415995e+00
3.650000e-06	1.168606e-01	-6.578394e+00
3.660000e-06	-6.106951e-02	-6.845991e+00
3.670000e-06	7.298347e-02	-7.038146e+00
3.680000e-06	1.593045e-02	-7.271073e+00
3.690000e-06	-4.690126e-02	-7.468573e+00
3.700000e-06	9.578555e-02	-7.611074e+00
3.710000e-06	-5.783160e-02	-7.869705e+00
3.720000e-06	8.561542e-02	-8.039628e+00
3.730000e-06	-1.416923e-02	-8.249071e+00
3.740000e-06	3.525920e-02	-8.397922e+00
3.750000e-06	2.275299e-02	-8.585422e+00
3.760000e-06	-8.630089e-03	-8.752891e+00
3.770000e-06	6.559693e-02	-8.913261e+00
3.780000e-06	-6.668936e-03	-9.063234e+00
3.790000e-06	5.488011e-02	-9.217499e+00
3.800000e-06	-1.457194e-02	-9.376474e+00
3.810000e-06	4.371221e-02	-9.536817e+00
3.820000e-06	2.533364e-02	-9.680761e+00
3.830000e-06	2.731472e-02	-9.871082e+00
3.840000e-06	3.194357e-02	-9.988467e+00
3.850000e-06	2.171631e-02	-1.015536e+01
3.860000e-06	4.415347e-02	-1.031018e+01
3.870000e-06	1.229368e-02	-1.045065e+01
3.880000e-06	4.283281e-02	-1.056534e+01
3.890000e-06	2.568498e-02	-1.070263e+01
3.900000e-06	4.140360e-02	-1.080802e+01
3.910000e-06	2.025504e-02	-1.094331e+01
3.920000e-06	4.113970e-02	-1.108163e+01
3.930000e-06	3.723112e-02	-1.115692e+01
3.940000e-06	3.962393e-02	-1.128376e+01
3.950000e-06	3.565378e-02	-1.140803e+01
3.960000e-06	4.090069e-02	-1.152476e+01
3.970000e-06	4.602913e-02	-1.162655e+01
3.980000e-06	3.497816e-02	-1.178532e+01
3.990000e-06	4.434839e-02	-1.185960e+01
4.000000e-06	4.176201e-02	-1.192524e+01
4.010000e-06	4.857348e-02	-1.201908e+01
4.020000e-06	4.327627e-02	-1.208376e+01
4.030000e-06	5.201569e-02	-1.220592e+01
4.040000e-06	5.035519e-02	-1.219000e+01
4.050000e-06	5.255863e-02	-1.230216e+01
4.060000e-06	4.938675e-02	-1.231384e+01
4.070000e-06	5.409555e-02	-1.236842e+01
4.080000e-06	5.534505e-02	-1.239757e+01
4.090000e-06	5.475853e-02	-1.245116e+01
4.100000e-06	5.881009e-02	-1.249276e+01
4.110000e-06	5.831430e-02	-1.254637e+01
4.120000e-06	6.028506e-02	-1.257642e+01
4.130000e-06	6.227949e-02	-1.260795e+01
4.140000e-06	6.523263e-02	-1.260796e+01
4.150000e-06	6.609283e-02	-1.261863e+01
4.160000e-06	6.800731e-02	-1.265853e+01
4.170000e-06	6.973461e-02	-1.266906e+01
4.180000e-06	7.207795e-02	-1.267213e+01
4.190000e-06	7.044993e-02	-1.266268e+01
4.200000e-06	7.362051e-02	-1.266056e+01
4.210000e-06	7.649724e-02	-1.266906e+01
4.220000e-06	8.142026e-02	-1.264056e+01
4.230000e-06	8.173112e-02	-1.262898e+01
4.240000e-06	8.589251e-02	-1.258950e+01
4.250000e-06	8.810497e-02	-1.257803e+01
4.260000e-06	9.091380e-02	-1.254642e+01
4.270000e-06	9.482261e-02	-1.251384e+01
4.280000e-06	9.869056e-02	-1.243416e+01
4.290000e-06	1.038133e-01	-1.242006e+01
4.300000e-06	1.081215e-01	-1.235790e+01
4.310000e-06	1.135266e-01	-1.232437e+01
4.320000e-06	1.180178e-01	-1.225013e+01
4.330000e-06	1.209865e-01	-1.217743e+01
4.340000e-06	1.244354e-01	-1.210382e+01
4.350000e-06	1.260276e-01	-1.206111e+01
4.360000e-06	1.240486e-01	-1.195740e+01
4.370000e-06	1.236203e-01	-1.185214e+01
4.380000e-06	1.210914e-01	-1.180845e+01
4.390000e-06	1.176487e-01	-1.165314e+01
4.400000e-06	1.119303e-01	-1.155637e+01
4.410000e-06	1.070351e-01	-1.142261e+01
4.420000e-06	1.034181e-01	-1.134535e+01
4.430000e-06	9.886126e-02	-1.118950e+01
4.440000e-06	9.245326e-02	-1.104569e+01
4.450000e-06	8.572658e-02	-1.094543e+01
4.460000e-06	8.132871e-02	-1.083119e+01
4.470000e-06	7.715414e-02	-1.073837e+01
4.480000e-06	7.283462e-02	-1.061156e+01
4.490000e-06	6.860393e-02	-1.050635e+01
4.500000e-06	6.486320e-02	-1.038963e+01
4.510000e-06	6.176448e-02	-1.023471e+01
4.520000e-06	5.860089e-02	-1.009470e+01
4.530000e-06	5.550120e-02	-9.906324e+00
4.540000e-06	5.387143e-02	-9.831209e+00
4.550000e-06	5.069597e-02	-9.665764e+00
4.560000e-06	4.672422e-02	-9.566847e+00
4.570000e-06	4.327876e-02	-9.367797e+00
4.580000e-06	4.080687e-02	-9.190554e+00
4.590000e-06	3.846343e-02	-9.013684e+00
4.600000e-06	3.642007e-02	-8.905715e+00
4.610000e-06	3.426440e-02	-8.726322e+00
4.620000e-06	3.361725e-02	-8.496217e+00
4.630000e-06	3.301790e-02	-8.327346e+00
4.640000e-06	3.094373e-02	-8.189428e+00
4.650000e-06	2.760948e-02	-8.021128e+00
4.660000e-06	2.627765e-02	-7.768976e+00
4.670000e-06	2.507774e-02	-7.509971e+00
4.680000e-06	2.305027e-02	-7.349402e+00
4.690000e-06	2.114293e-02	-7.151028e+00
4.700000e-06	2.014692e-02	-6.959951e+00
4.710000e-06	2.071632e-02	-6.737950e+00
4.720000e-06	1.897181e-02	-6.548402e+00
4.730000e-06	1.731907e-02	-6.378980e+00
4.740000e-06	1.805947e-02	-6.169480e+00
4.750000e-06	1.663831e-02	-5.929951e+00
4.760000e-06	1.407241e-02	-5.778846e+00
4.770000e-06	1.210399e-02	-5.580399e+00
4.780000e-06	1.105663e-02	-5.305823e+00
4.790000e-06	1.266336e-02	-5.074163e+00
4.800000e-06	9.835878e-03	-4.793084e+00
4.810000e-06	1.140984e-02	-4.549924e+00
4.820000e-06	7.723653e-03	-4.410933e+00
4.830000e-06	8.677504e-03	-4.200557e+00
4.840000e-06	6.377667e-03	-3.892053e+00
4.850000e-06	7.294901e-03	-3.747406e+00
4.860000e-06	6.397913e-03	-3.538369e+00
4.870000e-06	6.185979e-03	-3.326346e+00
4.880000e-06	3.954376e-03	-3.036721e+00
4.890000e-06	2.770829e-03	-2.792585e+00
4.900000e-06	1.711590e-03	-2.582035e+00
4.910000e-06	1.768896e-03	-2.380511e+00
4.920000e-06	2.466660e-03	-2.119776e+00
4.930000e-06	8.498309e-04	-1.898797e+00
4.940000e-06	1.268451e-03	-1.677741e+00
4.950000e-06	-1.633936e-03	-1.424091e+00
4.960000e-06	-6.788415e-04	-1.150371e+00
4.970000e-06	-2.710836e-03	-9.178195e-01
4.980000e-06	-2.411071e-03	-6.993670e-01
4.990000e-06	-4.475032e-03	-4.330866e-01
5.000000e-06	-3.375075e-03	-1.935816e-01
5.010000e-06	-2.281709e-03	-1.245744e-02
5.020000e-06	4.485942e-03	2.425436e-01
5.030000e-06	-2.594675e-03	5.016303e-01
5.040000e-06	-6.902481e-04	7.012266e-01
5.050000e-06	-2.357690e-03	9.506582e-01
5.060000e-06	-4.138420e-03	1.163837e+00
5.070000e-06	-4.367759e-03	1.355492e+00
5.080000e-06	-1.081545e-03	1.649497e+00
5.090000e-06	1.818154e-02	1.809651e+00
5.100000e-06	6.441178e-02	2.079073e+00
5.110000e-06	-9.846802e-04	2.282254e+00
5.120000e-06	-7.344299e-02	2.593813e+00
5.130000e-06	-2.342448e-02	2.810553e+00
5.140000e-06	-3.923779e-02	3.028073e+00
5.150000e-06	-6.934827e-02	3.198967e+00
5.160000e-06	5.982755e-02	3.373341e+00
5.170000e-06	7.550377e-02	3.619968e+00
5.180000e-06	-1.592581e-01	3.796015e+00
5.190000e-06	1.468333e-01	3.985390e+00
5.200000e-06	-7.393384e-02	4.269672e+00
5.210000e-06	-4.972720e-02	4.441653e+00
5.220000e-06	6.915827e-02	4.730654e+00
5.230000e-06	-6.516323e-02	4.903738e+00
5.240000e-06	1.581471e-02	5.205917e+00
5.250000e-06	-8.756845e-03	5.469098e+00
5.260000e-06	-3.308461e-02	5.648599e+00
5.270000e-06	3.426516e-03	5.860736e+00
5.280000e-06	-4.119225e-02	6.123736e+00
5.290000e-06	-4.681989e-03	6.342758e+00
5.300000e-06	-3.317002e-02	6.532209e+00
5.310000e-06	5.155995e-03	6.753358e+00
5.320000e-06	-8.832392e-03	6.966441e+00
5.330000e-06	-3.967871e-02	7.175365e+00
5.340000e-06	1.901793e-02	7.294763e+00
5.350000e-06	-5.869716e-02	7.563488e+00
5.360000e-06	-6.471628e-03	7.783467e+00
5.370000e-06	-2.054281e-02	7.994521e+00
5.380000e-06	-2.027139e-02	8.215465e+00
5.390000e-06	-1.452936e-02	8.366918e+00
5.400000e-06	-3.977087e-02	8.553766e+00
5.410000e-06	-1.584450e-02	8.649132e+00
5.420000e-06	-3.435914e-02	8.838499e+00
5.430000e-06	-1.204256e-02	9.007471e+00
5.440000e-06	-3.369513e-02	9.153894e+00
5.450000e-06	-2.366355e-02	9.343840e+00
5.460000e-06	-2.506109e-02	9.472684e+00
5.470000e-06	-3.571386e-02	9.628478e+00
5.480000e-06	-2.724303e-02	9.777446e+00
5.490000e-06	-3.028049e-02	9.944366e+00
5.500000e-06	-2.545755e-02	1.007279e+01
5.510000e-06	-3.844935e-02	1.021913e+01
5.520000e-06	-3.002784e-02	1.037595e+01
5.530000e-06	-3.513199e-02	1.052281e+01
5.540000e-06	-3.406158e-02	1.065748e+01
5.550000e-06	-3.949424e-02	1.078397e+01
5.560000e-06	-3.500702e-02	1.091379e+01
5.570000e-06	-3.816495e-02	1.105810e+01
5.580000e-06	-4.271096e-02	1.113434e+01
5.590000e-06	-4.027023e-02	1.121763e+01
5.600000e-06	-4.103418e-02	1.140902e+01
5.610000e-06	-3.976078e-02	1.150169e+01
5.620000e-06	-4.603163e-02	1.163808e+01
5.630000e-06	-4.328898e-02	1.168434e+01
5.640000e-06	-4.682837e-02	1.186900e+01
5.650000e-06	-4.953811e-02	1.191224e+01
5.660000e-06	-5.004918e-02	1.195592e+01
5.670000e-06	-4.923263e-02	1.207166e+01
5.680000e-06	-5.164249e-02	1.215437e+01
5.690000e-06	-5.399288e-02	1.219845e+01
5.700000e-06	-5.215166e-02	1.228113e+01
5.710000e-06	-5.506103e-02	1.231577e+01
5.720000e-06	-5.683123e-02	1.235700e+01
5.730000e-06	-6.053165e-02	1.243011e+01
5.740000e-06	-6.120966e-02	1.248421e+01
5.750000e-06	-6.316822e-02	1.249344e+01
5.760000e-06	-6.365565e-02	1.255692e+01
5.770000e-06	-6.566183e-02	1.256795e+01
5.780000e-06	-6.784486e-02	1.260048e+01
5.790000e-06	-6.998591e-02	1.265908e+01
5.800000e-06	-7.192226e-02	1.266011e+01
5.810000e-06	-7.088677e-02	1.266111e+01
5.820000e-06	-7.347724e-02	1.268268e+01
5.830000e-06	-7.602518e-02	1.267324e+01
5.840000e-06	-7.885799e-02	1.268119e+01
5.850000e-06	-8.015702e-02	1.269316e+01
5.860000e-06	-8.351110e-02	1.267319e+01
5.870000e-06	-8.491937e-02	1.266214e+01
5.880000e-06	-8.566095e-02	1.266013e+01
5.890000e-06	-8.859934e-02	1.262006e+01
5.900000e-06	-9.187714e-02	1.259908e+01
5.910000e-06	-9.629763e-02	1.260958e+01
5.920000e-06	-9.855282e-02	1.257795e+01
5.930000e-06	-1.031832e-01	1.252585e+01
5.940000e-06	-1.076996e-01	1.253329e+01
5.950000e-06	-1.130433e-01	1.245356e+01
5.960000e-06	-1.170879e-01	1.241953e+01
5.970000e-06	-1.222534e-01	1.232688e+01
5.980000e-06	-1.263810e-01	1.224209e+01
5.990000e-06	-1.293038e-01	1.217906e+01
6.000000e-06	-1.325363e-01	1.209477e+01
6.010000e-06	-1.316365e-01	1.204207e+01
6.020000e-06	-1.302037e-01	1.195747e+01
6.030000e-06	-1.285696e-01	1.183224e+01
6.040000e-06	-1.267136e-01	1.179895e+01
6.050000e-06	-1.225484e-01	1.165485e+01
6.060000e-06	-1.160302e-01	1.157101e+01
6.070000e-06	-1.122851e-01	1.148321e+01
6.080000e-06	-1.065793e-01	1.133680e+01
6.090000e-06	-1.019326e-01	1.121161e+01
6.100000e-06	-9.452703e-02	1.111582e+01
6.110000e-06	-9.304452e-02	1.100056e+01
6.120000e-06	-8.676452e-02	1.090426e+01
6.130000e-06	-8.371225e-02	1.079898e+01
6.140000e-06	-7.694913e-02	1.062314e+01
6.150000e-06	-7.511866e-02	1.054580e+01
6.160000e-06	-7.082228e-02	1.037993e+01
6.170000e-06	-6.712431e-02	1.024261e+01
6.180000e-06	-6.279898e-02	1.007532e+01
6.190000e-06	-6.202694e-02	9.989078e+00
6.200000e-06	-5.781521e-02	9.812485e+00
6.210000e-06	-5.437738e-02	9.612665e+00
6.220000e-06	-5.128185e-02	9.476714e+00
6.230000e-06	-4.989397e-02	9.327951e+00
6.240000e-06	-4.760105e-02	9.232586e+00
6.250000e-06	-4.568252e-02	8.981584e+00
6.260000e-06	-4.385274e-02	8.853087e+00
6.270000e-06	-4.254971e-02	8.693716e+00
6.280000e-06	-4.132215e-02	8.516818e+00
6.290000e-06	-3.833713e-02	8.329354e+00
6.300000e-06	-3.648954e-02	8.147956e+00
6.310000e-06	-3.485575e-02	7.947929e+00
6.320000e-06	-3.344249e-02	7.738433e+00
6.330000e-06	-3.205315e-02	7.539005e+00
6.340000e-06	-3.060526e-02	7.347350e+00
6.350000e-06	-3.012829e-02	7.118399e+00
6.360000e-06	-2.924808e-02	6.947849e+00
6.370000e-06	-2.839345e-02	6.740454e+00
6.380000e-06	-2.713211e-02	6.496853e+00
6.390000e-06	-2.574430e-02	6.307370e+00
6.400000e-06	-2.545797e-02	6.108448e+00
6.410000e-06	-2.328024e-02	5.979028e+00
6.420000e-06	-2.306312e-02	5.736371e+00
6.430000e-06	-2.079384e-02	5.486843e+00
6.440000e-06	-2.057559e-02	5.287270e+00
6.450000e-06	-1.989996e-02	5.013538e+00
6.460000e-06	-1.957072e-02	4.760082e+00
6.470000e-06	-1.863555e-02	4.549931e+00
6.480000e-06	-1.899498e-02	4.381508e+00
6.490000e-06	-1.728682e-02	4.149350e+00
6.500000e-06	-1.679947e-02	3.897643e+00
6.510000e-06	-1.484663e-02	3.695766e+00
6.520000e-06	-1.362475e-02	3.496772e+00
6.530000e-06	-1.408827e-02	3.204569e+00
6.540000e-06	-1.262129e-02	3.021063e+00
6.550000e-06	-1.209777e-02	2.811535e+00
6.560000e-06	-1.139419e-02	2.557930e+00
6.570000e-06	-1.064207e-02	2.307300e+00
6.580000e-06	-1.138407e-02	2.076793e+00
6.590000e-06	-9.777725e-03	1.874768e+00
6.600000e-06	-8.585888e-03	1.582009e+00
6.610000e-06	-7.847387e-03	1.372954e+00
6.620000e-06	-7.581829e-03	1.090368e+00
6.630000e-06	-6.397371e-03	8.246353e-01
6.640000e-06	-6.313866e-03	5.730630e-01
6.650000e-06	-5.897599e-03	3.715015e-01
6.660000e-06	-3.745105e-03	1.299299e-01
6.670000e-06	-1.444404e-03	-9.363166e-02
6.680000e-06	6.315549e-03	-2.937280e-01
6.690000e-06	-3.623236e-03	-5.022554e-01
6.700000e-06	4.325448e-03	-7.548145e-01
6.710000e-06	-2.763627e-03	-9.563119e-01
6.720000e-06	3.939368e-03	-1.185389e+00
6.730000e-06	6.656355e-05	-1.448544e+00
6.740000e-06	2.254298e-02	-1.669050e+00
6.750000e-06	8.433402e-02	-1.808020e+00
6.760000e-06	5.936338e-03	-2.102751e+00
6.770000e-06	-6.525502e-02	-2.478623e+00
6.780000e-06	-2.323618e-03	-2.743287e+00
6.790000e-06	-5.909972e-02	-2.934680e+00
6.800000e-06	-4.156715e-02	-3.141808e+00
6.810000e-06	1.705216e-01	-3.208997e+00
6.820000e-06	-8.516667e-02	-3.437492e+00
6.830000e-06	-2.507156e-03	-3.691156e+00
6.840000e-06	1.085209e-01	-3.838572e+00
6.850000e-06	-1.777082e-01	-4.122337e+00
6.860000e-06	1.470183e-01	-4.333261e+00
6.870000e-06	-2.178935e-02	-4.520783e+00
6.880000e-06	-4.901140e-02	-4.767921e+00
6.890000e-06	1.524799e-01	-5.005408e+00
6.900000e-06	-1.229646e-01	-5.257069e+00
6.910000e-06	8.657407e-02	-5.532256e+00
6.920000e-06	-1.180283e-02	-5.692758e+00
6.930000e-06	-3.731696e-02	-5.955261e+00
6.940000e-06	1.115514e-01	-6.124309e+00
6.950000e-06	-9.033229e-02	-6.352963e+00
6.960000e-06	1.045055e-01	-6.556392e+00
6.970000e-06	-3.188894e-02	-6.734890e+00
6.980000e-06	3.010854e-02	-7.028499e+00
6.990000e-06	5.985213e-02	-7.228471e+00
7.000000e-06	-7.808621e-02	-7.427074e+00
7.010000e-06	1.064696e-01	-7.594965e+00
7.020000e-06	-5.003719e-02	-7.859017e+00
7.030000e-06	6.918721e-02	-8.057575e+00
7.040000e-06	1.031295e-02	-8.177518e+00
7.050000e-06	9.134410e-03	-8.366868e+00
7.060000e-06	4.336951e-02	-8.556262e+00
7.070000e-06	-2.554379e-02	-8.771311e+00
7.080000e-06	7.248682e-02	-8.902761e+00
7.090000e-06	-6.665514e-03	-9.081078e+00
7.100000e-06	5.277509e-02	-9.219497e+00
7.110000e-06	-3.552967e-03	-9.325913e+00
7.120000e-06	2.960467e-02	-9.493912e+00
7.130000e-06	3.618739e-02	-9.700683e+00
7.140000e-06	1.769022e-02	-9.827599e+00
7.150000e-06	4.075984e-02	-9.934391e+00
7.160000e-06	1.227383e-02	-1.010223e+01
7.170000e-06	4.564507e-02	-1.027058e+01
7.180000e-06	1.119329e-02	-1.037592e+01
7.190000e-06	4.414326e-02	-1.052587e+01
7.200000e-06	2.675152e-02	-1.067016e+01
7.210000e-06	3.954839e-02	-1.078647e+01
7.220000e-06	2.398391e-02	-1.089478e+01
7.230000e-06	3.629373e-02	-1.105803e+01
7.240000e-06	3.880922e-02	-1.117389e+01
7.250000e-06	3.559112e-02	-1.128264e+01
7.260000e-06	3.973203e-02	-1.136645e+01
7.270000e-06	3.568192e-02	-1.147224e+01
7.280000e-06	4.757168e-02	-1.163753e+01
7.290000e-06	3.419527e-02	-1.174376e+01
7.300000e-06	4.562549e-02	-1.183808e+01
7.310000e-06	4.268067e-02	-1.194176e+01
7.320000e-06	4.756664e-02	-1.198855e+01
7.330000e-06	4.247794e-02	-1.209471e+01
7.340000e-06	5.099714e-02	-1.213547e+01
7.350000e-06	5.108343e-02	-1.218910e+01
7.360000e-06	5.061270e-02	-1.226064e+01
7.370000e-06	4.995193e-02	-1.231284e+01
7.380000e-06	5.153727e-02	-1.233489e+01
7.390000e-06	5.706576e-02	-1.238760e+01
7.400000e-06	5.519180e-02	-1.245863e+01
7.410000e-06	5.945281e-02	-1.248178e+01
7.420000e-06	5.854539e-02	-1.252334e+01
7.430000e-06	6.068831e-02	-1.255682e+01
7.440000e-06	6.095273e-02	-1.258685e+01
7.450000e-06	6.503078e-02	-1.261748e+01
7.460000e-06	6.394537e-02	-1.261853e+01
7.470000e-06	6.909473e-02	-1.261951e+01
7.480000e-06	6.998016e-02	-1.266016e+01
7.490000e-06	7.064291e-02	-1.267066e+01
7.500000e-06	7.188738e-02	-1.268061e+01
7.510000e-06	7.262365e-02	-1.265214e+01
7.520000e-06	7.856443e-02	-1.267958e+01
7.530000e-06	7.959989e-02	-1.264021e+01
7.540000e-06	8.170310e-02	-1.264996e+01
7.550000e-06	8.407217e-02	-1.257803e+01
7.560000e-06	8.780163e-02	-1.260797e+01
7.570000e-06	9.019581e-02	-1.258580e+01
7.580000e-06	9.430356e-02	-1.250425e+01
7.590000e-06	9.840464e-02	-1.247373e+01
7.600000e-06	1.037167e-01	-1.239903e+01
7.610000e-06	1.086961e-01	-1.238535e+01
7.620000e-06	1.130441e-01	-1.229624e+01
7.630000e-06	1.174222e-01	-1.224208e+01
7.640000e-06	1.202656e-01	-1.215895e+01
7.650000e-06	1.226897e-01	-1.212529e+01
7.660000e-06	1.250321e-01	-1.208114e+01
7.670000e-06	1.258833e-01	-1.196845e+01
7.680000e-06	1.251293e-01	-1.184323e+01
7.690000e-06	1.216213e-01	-1.179793e+01
7.700000e-06	1.175691e-01	-1.168329e+01
7.710000e-06	1.129354e-01	-1.154597e+01
7.720000e-06	1.080491e-01	-1.145304e+01
7.730000e-06	1.047309e-01	-1.134685e+01
7.740000e-06	9.860959e-02	-1.125908e+01
7.750000e-06	9.219211e-02	-1.112524e+01
7.760000e-06	8.757035e-02	-1.098038e+01
7.770000e-06	8.169230e-02	-1.086419e+01
7.780000e-06	7.706427e-02	-1.075743e+01
7.790000e-06	7.275175e-02	-1.064306e+01
7.800000e-06	7.132464e-02	-1.052735e+01
7.810000e-06	6.683573e-02	-1.037308e+01
7.820000e-06	6.183276e-02	-1.023266e+01
7.830000e-06	5.791776e-02	-1.010531e+01
7.840000e-06	5.663434e-02	-9.988975e+00
7.850000e-06	5.252701e-02	-9.842087e+00
7.860000e-06	4.924747e-02	-9.696117e+00
7.870000e-06	4.762577e-02	-9.578929e+00
7.880000e-06	4.422584e-02	-9.389406e+00
7.890000e-06	4.248039e-02	-9.223605e+00
7.900000e-06	3.843336e-02	-9.053692e+00
7.910000e-06	3.744882e-02	-8.875792e+00
7.920000e-06	3.516797e-02	-8.758895e+00
7.930000e-06	3.398579e-02	-8.535327e+00
7.940000e-06	3.161783e-02	-8.357953e+00
7.950000e-06	3.113964e-02	-8.189982e+00
7.960000e-06	2.817882e-02	-8.043560e+00
7.970000e-06	2.589757e-02	-7.791984e+00
7.980000e-06	2.479851e-02	-7.579956e+00
7.990000e-06	2.333533e-02	-7.393530e+00
8.000000e-06	2.301394e-02	-7.141057e+00
8.010000e-06	2.088411e-02	-6.971455e+00
8.020000e-06	2.015963e-02	-6.771453e+00
8.030000e-06	1.850372e-02	-6.609981e+00
8.040000e-06	1.773629e-02	-6.432983e+00
8.050000e-06	1.675785e-02	-6.180005e+00
8.060000e-06	1.631818e-02	-5.981003e+00
8.070000e-06	1.373008e-02	-5.789926e+00
8.080000e-06	1.306174e-02	-5.552526e+00
8.090000e-06	1.197064e-02	-5.380954e+00
8.100000e-06	1.323021e-02	-5.087269e+00
8.110000e-06	1.033987e-02	-4.876088e+00
8.120000e-06	1.113525e-02	-4.591510e+00
8.130000e-06	8.365659e-03	-4.422107e+00
8.140000e-06	9.257874e-03	-4.223583e+00
8.150000e-06	5.945025e-03	-4.022535e+00
8.160000e-06	7.942969e-03	-3.793558e+00
8.170000e-06	5.897106e-03	-3.530022e+00
8.180000e-06	6.232085e-03	-3.318300e+00
8.190000e-06	3.019010e-03	-3.079348e+00
8.200000e-06	3.722835e-03	-2.865568e+00
8.210000e-06	2.796958e-03	-2.645086e+00
8.220000e-06	2.927228e-03	-2.413606e+00
8.230000e-06	2.057923e-03	-2.151907e+00
8.240000e-06	1.224969e-03	-1.928844e+00
8.250000e-06	-5.723400e-05	-1.748347e+00
8.260000e-06	-7.871462e-04	-1.466721e+00
8.270000e-06	-3.294052e-04	-1.141578e+00
8.280000e-06	-1.678575e-03	-9.698261e-01
8.290000e-06	-2.948056e-03	-7.093273e-01
8.300000e-06	-4.118337e-03	-4.756143e-01
8.310000e-06	-3.399959e-03	-2.141093e-01
8.320000e-06	-2.579872e-03	6.439671e-03
8.330000e-06	3.212781e-03	1.969673e-01
8.340000e-06	1.759908e-04	4.500989e-01
8.350000e-06	-2.927329e-03	6.511252e-01
8.360000e-06	-1.277445e-03	8.496301e-01
8.370000e-06	-5.331564e-03	1.091753e+00
8.380000e-06	-4.338361e-03	1.323862e+00
8.390000e-06	-2.602968e-03	1.564942e+00
8.400000e-06	1.306903e-02	1.797997e+00
8.410000e-06	5.924371e-02	1.978621e+00
8.420000e-06	2.345218e-02	2.290150e+00
8.430000e-06	-7.954028e-02	2.513182e+00
8.440000e-06	-2.384386e-02	2.805996e+00
8.450000e-06	-4.030953e-02	2.986994e+00
8.460000e-06	-6.277577e-02	3.166417e+00
8.470000e-06	2.105343e-02	3.352707e+00
8.480000e-06	1.151413e-01	3.565865e+00
8.490000e-06	-1.672142e-01	3.744893e+00
8.500000e-06	1.111162e-01	3.935367e+00
8.510000e-06	-1.702913e-02	4.227019e+00
8.520000e-06	-9.029981e-02	4.418598e+00
8.530000e-06	7.794032e-02	4.647526e+00
8.540000e-06	-5.500842e-02	4.939703e+00
8.550000e-06	-1.331141e-03	5.123861e+00
8.560000e-06	8.448339e-03	5.417495e+00
8.570000e-06	-4.267176e-02	5.648575e+00
8.580000e-06	7.974538e-03	5.840555e+00
8.590000e-06	-3.811250e-02	6.122180e+00
8.600000e-06	-8.096587e-03	6.300727e+00
8.610000e-06	-2.606615e-02	6.480755e+00
8.620000e-06	-8.076869e-03	6.702286e+00
8.630000e-06	4.754427e-03	6.935233e+00
8.640000e-06	-4.990215e-02	7.133841e+00
8.650000e-06	2.153329e-02	7.312311e+00
8.660000e-06	-5.138451e-02	7.543888e+00
8.670000e-06	-1.750922e-02	7.783888e+00
8.680000e-06	-1.358592e-02	7.964870e+00
8.690000e-06	-2.594137e-02	8.205445e+00
8.700000e-06	-1.085072e-02	8.335337e+00
8.710000e-06	-3.932370e-02	8.502736e+00
8.720000e-06	-1.633456e-02	8.650151e+00
8.730000e-06	-3.234920e-02	8.796021e+00
8.740000e-06	-1.522641e-02	9.007369e+00
8.750000e-06	-2.979943e-02	9.152841e+00
8.760000e-06	-2.581481e-02	9.301739e+00
8.770000e-06	-2.236313e-02	9.469656e+00
8.780000e-06	-3.604664e-02	9.596572e+00
8.790000e-06	-2.934563e-02	9.765891e+00
8.800000e-06	-2.917142e-02	9.942362e+00
8.810000e-06	-2.626824e-02	1.006866e+01
8.820000e-06	-3.643998e-02	1.022647e+01
8.830000e-06	-3.176865e-02	1.034529e+01
8.840000e-06	-3.248344e-02	1.049028e+01
8.850000e-06	-3.564592e-02	1.063858e+01
8.860000e-06	-3.825517e-02	1.075437e+01
8.870000e-06	-3.582234e-02	1.088376e+01
8.880000e-06	-3.748848e-02	1.103705e+01
8.890000e-06	-4.314884e-02	1.109487e+01
8.900000e-06	-4.138103e-02	1.125863e+01
8.910000e-06	-3.913470e-02	1.139435e+01
8.920000e-06	-4.124470e-02	1.145021e+01
8.930000e-06	-4.480358e-02	1.157607e+01
8.940000e-06	-4.295920e-02	1.171329e+01
8.950000e-06	-4.483871e-02	1.178803e+01
8.960000e-06	-4.919689e-02	1.189129e+01
8.970000e-06	-5.100878e-02	1.201640e+01
8.980000e-06	-4.832831e-02	1.203856e+01
8.990000e-06	-5.062418e-02	1.213539e+01
9.000000e-06	-5.387019e-02	1.219746e+01
9.010000e-06	-5.355816e-02	1.226911e+01
9.020000e-06	-5.322168e-02	1.232582e+01
9.030000e-06	-5.614373e-02	1.239607e+01
9.040000e-06	-6.086601e-02	1.243906e+01
9.050000e-06	-6.211774e-02	1.245276e+01
9.060000e-06	-6.274247e-02	1.254474e+01
9.070000e-06	-6.277265e-02	1.255690e+01
9.080000e-06	-6.595794e-02	1.259643e+01
9.090000e-06	-6.681154e-02	1.260648e+01
9.100000e-06	-6.945186e-02	1.263903e+01
9.110000e-06	-6.984136e-02	1.264061e+01
9.120000e-06	-7.122240e-02	1.264871e+01
9.130000e-06	-7.474536e-02	1.267066e+01
9.140000e-06	-7.531705e-02	1.268224e+01
9.150000e-06	-7.737410e-02	1.269319e+01
9.160000e-06	-7.989153e-02	1.268219e+01
9.170000e-06	-8.385105e-02	1.270169e+01
9.180000e-06	-8.414409e-02	1.267323e+01
9.190000e-06	-8.539778e-02	1.266116e+01
9.200000e-06	-8.867431e-02	1.264061e+01
9.210000e-06	-9.304148e-02	1.262858e+01
9.220000e-06	-9.536614e-02	1.257850e+01
9.230000e-06	-9.744361e-02	1.256800e+01
9.240000e-06	-1.024316e-01	1.253635e+01
9.250000e-06	-1.064864e-01	1.251477e+01
9.260000e-06	-1.117695e-01	1.246216e+01
9.270000e-06	-1.155672e-01	1.240060e+01
9.280000e-06	-1.218347e-01	1.236590e+01
9.290000e-06	-1.256300e-01	1.227414e+01
9.300000e-06	-1.288111e-01	1.220796e+01
9.310000e-06	-1.307714e-01	1.216677e+01
9.320000e-06	-1.317929e-01	1.204071e+01
9.330000e-06	-1.313247e-01	1.196648e+01
9.340000e-06	-1.303308e-01	1.188527e+01
9.350000e-06	-1.261424e-01	1.180803e+01
9.360000e-06	-1.227247e-01	1.171487e+01
9.370000e-06	-1.177615e-01	1.159201e+01
9.380000e-06	-1.134490e-01	1.150374e+01
9.390000e-06	-1.064913e-01	1.132737e+01
9.400000e-06	-1.018351e-01	1.123017e+01
9.410000e-06	-9.670904e-02	1.111427e+01
9.420000e-06	-9.376654e-02	1.102903e+01
9.430000e-06	-8.710172e-02	1.092625e+01
9.440000e-06	-8.444889e-02	1.081164e+01
9.450000e-06	-7.858691e-02	1.070324e+01
9.460000e-06	-7.605961e-02	1.052538e+01
9.470000e-06	-7.004052e-02	1.043101e+01
9.480000e-06	-6.701584e-02	1.024361e+01
9.490000e-06	-6.314468e-02	1.010532e+01
9.500000e-06	-6.133302e-02	1.000959e+01
9.510000e-06	-5.757103e-02	9.812165e+00
9.520000e-06	-5.450969e-02	9.663717e+00
9.530000e-06	-5.326653e-02	9.486321e+00
9.540000e-06	-5.083179e-02	9.348480e+00
9.550000e-06	-4.752695e-02	9.251559e+00
9.560000e-06	-4.566413e-02	9.043566e+00
9.570000e-06	-4.373779e-02	8.873767e+00
9.580000e-06	-4.272887e-02	8.685795e+00
9.590000e-06	-4.084381e-02	8.506901e+00
9.600000e-06	-3.918631e-02	8.359431e+00
9.610000e-06	-3.670235e-02	8.181510e+00
9.620000e-06	-3.549012e-02	7.928480e+00
9.630000e-06	-3.379222e-02	7.770558e+00
9.640000e-06	-3.227788e-02	7.590633e+00
9.650000e-06	-3.135652e-02	7.358479e+00
9.660000e-06	-3.040140e-02	7.188956e+00
9.670000e-06	-2.936513e-02	6.967983e+00
9.680000e-06	-2.844023e-02	6.781459e+00
9.690000e-06	-2.649546e-02	6.580008e+00
9.700000e-06	-2.604218e-02	6.359406e+00
9.710000e-06	-2.487049e-02	6.149454e+00
9.720000e-06	-2.361742e-02	5.959505e+00
9.730000e-06	-2.269367e-02	5.810005e+00
9.740000e-06	-2.182282e-02	5.548399e+00
9.750000e-06	-2.154641e-02	5.307951e+00
9.760000e-06	-1.995950e-02	5.055699e+00
9.770000e-06	-1.910839e-02	4.822058e+00
9.780000e-06	-1.884710e-02	4.623012e+00
9.790000e-06	-1.884697e-02	4.401580e+00
9.800000e-06	-1.688880e-02	4.152962e+00
9.810000e-06	-1.522535e-02	3.918821e+00
9.820000e-06	-1.508324e-02	3.707275e+00
9.830000e-06	-1.488196e-02	3.538901e+00
9.840000e-06	-1.456771e-02	3.225196e+00
9.850000e-06	-1.296550e-02	3.064614e+00
9.860000e-06	-1.233185e-02	2.853564e+00
9.870000e-06	-1.227374e-02	2.602991e+00
9.880000e-06	-1.091477e-02	2.340302e+00
9.890000e-06	-9.748817e-03	2.107347e+00
9.900000e-06	-8.890997e-03	1.877345e+00
9.910000e-06	-9.676846e-03	1.625093e+00
9.920000e-06	-8.653015e-03	1.395110e+00
9.930000e-06	-7.225086e-03	1.151980e+00
9.940000e-06	-7.062720e-03	8.267923e-01
9.950000e-06	-6.395065e-03	6.456379e-01
9.960000e-06	-6.142972e-03	4.240617e-01
9.970000e-06	-4.016580e-03	1.925654e-01
9.980000e-06	-1.992035e-03	-6.017533e-02
9.990000e-06	5.828835e-03	-2.621515e-01
1.000000e-05	-2.951807e-03	-4.604502e-01
1.001000e-05	2.091920e-03	-7.236771e-01
1.002000e-05	8.551468e-05	-9.042605e-01
1.003000e-05	2.389169e-03	-1.134235e+00
1.004000e-05	-2.225183e-04	-1.374336e+00
1.005000e-05	1.556909e-02	-1.618945e+00
1.006000e-05	7.654815e-02	-1.788318e+00
1.007000e-05	3.578327e-02	-2.038621e+00
1.008000e-05	-7.746967e-02	-2.416961e+00
1.009000e-05	1.152509e-03	-2.700703e+00
1.010000e-05	-5.362869e-02	-2.871704e+00
1.011000e-05	-5.486642e-02	-3.121054e+00
1.012000e-05	1.430081e-01	-3.188440e+00
1.013000e-05	-1.571554e-02	-3.405441e+00
1.014000e-05	-6.542798e-02	-3.608097e+00
1.015000e-05	1.509954e-01	-3.827472e+00
1.016000e-05	-1.850953e-01	-4.101149e+00
1.017000e-05	1.038152e-01	-4.333708e+00
1.018000e-05	3.358827e-02	-4.489553e+00
1.019000e-05	-8.701423e-02	-4.753336e+00
1.020000e-05	1.565631e-01	-4.954237e+00
1.021000e-05	-9.355380e-02	-5.195366e+00
1.022000e-05	3.304587e-02	-5.512183e+00
1.023000e-05	4.235581e-02	-5.648600e+00
1.024000e-05	-7.931166e-02	-5.932731e+00
1.025000e-05	1.328478e-01	-6.092628e+00
1.026000e-05	-8.417659e-02	-6.332753e+00
1.027000e-05	7.659862e-02	-6.534763e+00
1.028000e-05	6.047415e-03	-6.714233e+00
1.029000e-05	-1.019552e-02	-6.995962e+00
1.030000e-05	9.698544e-02	-7.164966e+00
1.031000e-05	-9.432115e-02	-7.386917e+00
1.032000e-05	9.920515e-02	-7.555416e+00
1.033000e-05	-3.039323e-02	-7.815970e+00
1.034000e-05	4.142922e-02	-8.019022e+00
1.035000e-05	3.858982e-02	-8.144991e+00
1.036000e-05	-1.329801e-02	-8.353965e+00
1.037000e-05	6.199343e-02	-8.493711e+00
1.038000e-05	-3.668528e-02	-8.710236e+00
1.039000e-05	7.007053e-02	-8.880681e+00
1.040000e-05	2.054032e-03	-9.038547e+00
1.041000e-05	4.281114e-02	-9.187941e+00
1.042000e-05	7.550878e-03	-9.385266e+00
1.043000e-05	1.360919e-02	-9.521185e+00
1.044000e-05	5.007743e-02	-9.669177e+00
1.045000e-05	9.503580e-03	-9.786498e+00
1.046000e-05	4.570918e-02	-9.954286e+00
1.047000e-05	8.123756e-03	-1.008170e+01
1.048000e-05	4.827921e-02	-1.021908e+01
1.049000e-05	1.158882e-02	-1.038799e+01
1.050000e-05	3.894706e-02	-1.055489e+01
1.051000e-05	3.035301e-02	-1.065108e+01
1.052000e-05	3.740438e-02	-1.075489e+01
1.053000e-05	2.715523e-02	-1.083231e+01
1.054000e-05	3.111435e-02	-1.104700e+01
1.055000e-05	4.378996e-02	-1.112331e+01
1.056000e-05	3.364425e-02	-1.124026e+01
1.057000e-05	4.134759e-02	-1.136694e+01
1.058000e-05	3.250140e-02	-1.150021e+01
1.059000e-05	4.894035e-02	-1.162699e+01
1.060000e-05	3.590636e-02	-1.173381e+01
1.061000e-05	4.413365e-02	-1.181750e+01
1.062000e-05	4.068740e-02	-1.190226e+01
1.063000e-05	4.588551e-02	-1.197597e+01
1.064000e-05	4.382560e-02	-1.209219e+01
1.065000e-05	4.966340e-02	-1.218527e+01
1.066000e-05	5.228092e-02	-1.219852e+01
1.067000e-05	4.973676e-02	-1.226164e+01
1.068000e-05	5.065629e-02	-1.228576e+01
1.069000e-05	5.037366e-02	-1.237584e+01
1.070000e-05	5.610817e-02	-1.238797e+01
1.071000e-05	5.524061e-02	-1.246110e+01
1.072000e-05	5.974833e-02	-1.246264e+01
1.073000e-05	5.913148e-02	-1.253481e+01
1.074000e-05	5.870999e-02	-1.253687e+01
1.075000e-05	6.075835e-02	-1.258650e+01
1.076000e-05	6.363071e-02	-1.260790e+01
1.077000e-05	6.665047e-02	-1.262903e+01
1.078000e-05	6.620116e-02	-1.264001e+01
1.079000e-05	7.070572e-02	-1.265911e+01
1.080000e-05	7.245519e-02	-1.268318e+01
1.081000e-05	7.208519e-02	-1.267071e+01
1.082000e-05	7.279009e-02	-1.266106e+01
1.083000e-05	7.512687e-02	-1.264111e+01
1.084000e-05	8.024799e-02	-1.262208e+01
1.085000e-05	8.273479e-02	-1.263108e+01
1.086000e-05	8.450831e-02	-1.262755e+01
1.087000e-05	8.693056e-02	-1.261890e+01
1.088000e-05	8.962679e-02	-1.255535e+01
1.089000e-05	9.378175e-02	-1.251534e+01
1.090000e-05	9.761629e-02	-1.248174e+01
1.091000e-05	1.026588e-01	-1.243204e+01
1.092000e-05	1.063814e-01	-1.236753e+01
1.093000e-05	1.122558e-01	-1.231477e+01
1.094000e-05	1.175588e-01	-1.224164e+01
1.095000e-05	1.214800e-01	-1.215853e+01
1.096000e-05	1.224002e-01	-1.214589e+01
1.097000e-05	1.249645e-01	-1.205371e+01
1.098000e-05	1.257350e-01	-1.198795e+01
1.099000e-05	1.247328e-01	-1.189520e+01
1.100000e-05	1.220422e-01	-1.173896e+01
1.101000e-05	1.187157e-01	-1.173372e+01
1.102000e-05	1.145005e-01	-1.160053e+01
1.103000e-05	1.083575e-01	-1.146421e+01
1.104000e-05	1.048285e-01	-1.135885e+01
1.105000e-05	9.950501e-02	-1.128159e+01
1.106000e-05	9.391915e-02	-1.109582e+01
1.107000e-05	8.820551e-02	-1.100851e+01
1.108000e-05	8.283496e-02	-1.089479e+01
1.109000e-05	7.759095e-02	-1.077992e+01
1.110000e-05	7.455576e-02	-1.064421e+01
1.111000e-05	7.100436e-02	-1.058790e+01
1.112000e-05	6.709923e-02	-1.044268e+01
1.113000e-05	6.216034e-02	-1.032476e+01
1.114000e-05	5.908879e-02	-1.016785e+01
1.115000e-05	5.653096e-02	-1.000100e+01
1.116000e-05	5.248464e-02	-9.853687e+00
1.117000e-05	5.055599e-02	-9.753797e+00
1.118000e-05	4.716314e-02	-9.580956e+00
1.119000e-05	4.448582e-02	-9.413010e+00
1.120000e-05	4.184624e-02	-9.234135e+00
1.121000e-05	3.858610e-02	-9.107317e+00
1.122000e-05	3.779455e-02	-8.895775e+00
1.123000e-05	3.624773e-02	-8.749400e+00
1.124000e-05	3.373133e-02	-8.558400e+00
1.125000e-05	3.276171e-02	-8.359954e+00
1.126000e-05	3.051824e-02	-8.232584e+00
1.127000e-05	2.844932e-02	-8.073608e+00
1.128000e-05	2.608353e-02	-7.907486e+00
1.129000e-05	2.537883e-02	-7.634037e+00
1.130000e-05	2.391884e-02	-7.412105e+00
1.131000e-05	2.281122e-02	-7.239562e+00
1.132000e-05	2.157471e-02	-6.995641e+00
1.133000e-05	2.004818e-02	-6.773009e+00
1.134000e-05	1.880606e-02	-6.663534e+00
1.135000e-05	1.791929e-02	-6.464163e+00
1.136000e-05	1.694491e-02	-6.205540e+00
1.137000e-05	1.645180e-02	-5.993631e+00
1.138000e-05	1.445532e-02	-5.773010e+00
1.139000e-05	1.475411e-02	-5.592031e+00
1.140000e-05	1.148071e-02	-5.392936e+00
1.141000e-05	1.312690e-02	-5.097349e+00
1.142000e-05	9.533196e-03	-4.877768e+00
1.143000e-05	1.200790e-02	-4.594563e+00
1.144000e-05	9.279610e-03	-4.423139e+00
1.145000e-05	9.401991e-03	-4.256716e+00
1.146000e-05	7.291682e-03	-4.045162e+00
1.147000e-05	7.382449e-03	-3.815592e+00
1.148000e-05	5.500087e-03	-3.571503e+00
1.149000e-05	5.332664e-03	-3.381483e+00
1.150000e-05	3.989602e-03	-3.159945e+00
1.151000e-05	4.415690e-03	-2.877717e+00
1.152000e-05	2.410515e-03	-2.676618e+00
1.153000e-05	3.555223e-03	-2.415588e+00
1.154000e-05	1.987721e-03	-2.193062e+00
1.155000e-05	1.240869e-03	-1.960951e+00
1.156000e-05	-1.018217e-04	-1.760475e+00
1.157000e-05	-3.254664e-04	-1.509899e+00
1.158000e-05	-1.810441e-03	-1.215560e+00
1.159000e-05	-1.451934e-03	-9.825338e-01
1.160000e-05	-2.542253e-03	-7.519984e-01
1.161000e-05	-3.326873e-03	-5.082946e-01
1.162000e-05	-4.492007e-03	-2.473158e-01
1.163000e-05	-2.641097e-03	-7.321202e-02
1.164000e-05	2.616107e-03	2.333845e-01
1.165000e-05	2.728373e-03	4.489687e-01
1.166000e-05	-4.520962e-03	6.180223e-01
1.167000e-05	3.688778e-04	8.094927e-01
1.168000e-05	-5.503720e-03	1.038169e+00
1.169000e-05	-3.018779e-03	1.302732e+00
1.170000e-05	-5.193585e-03	1.561782e+00
1.171000e-05	9.825537e-03	1.826913e+00
1.172000e-05	5.065613e-02	1.986920e+00
1.173000e-05	4.328726e-02	2.206491e+00
1.174000e-05	-7.829347e-02	2.522678e+00
1.175000e-05	-2.804485e-02	2.774883e+00
1.176000e-05	-3.735588e-02	3.006841e+00
1.177000e-05	-5.510605e-02	3.144792e+00
1.178000e-05	-1.430644e-02	3.282329e+00
1.179000e-05	1.392816e-01	3.533882e+00
1.180000e-05	-1.467003e-01	3.733787e+00
1.181000e-05	5.260339e-02	3.912284e+00
1.182000e-05	4.423415e-02	4.184409e+00
1.183000e-05	-1.229716e-01	4.386043e+00
1.184000e-05	7.949674e-02	4.666596e+00
1.185000e-05	-3.611576e-02	4.888123e+00
1.186000e-05	-2.491302e-02	5.100782e+00
1.187000e-05	2.226337e-02	5.355941e+00
1.188000e-05	-4.685403e-02	5.586545e+00
1.189000e-05	8.596398e-03	5.817591e+00
1.190000e-05	-3.238411e-02	6.019621e+00
1.191000e-05	-1.571245e-02	6.249224e+00
1.192000e-05	-1.833952e-02	6.419600e+00
1.193000e-05	-2.313145e-02	6.669183e+00
1.194000e-05	1.616648e-02	6.870180e+00
1.195000e-05	-5.209513e-02	7.091207e+00
1.196000e-05	1.902666e-02	7.281656e+00
1.197000e-05	-3.940695e-02	7.480737e+00
1.198000e-05	-3.051308e-02	7.743806e+00
1.199000e-05	-6.752707e-03	7.912830e+00
1.200000e-05	-3.118389e-02	8.142840e+00
1.201000e-05	-9.256629e-03	8.312811e+00
1.202000e-05	-3.681928e-02	8.461207e+00
1.203000e-05	-1.981636e-02	8.678549e+00
1.204000e-05	-2.860836e-02	8.765871e+00
1.205000e-05	-1.796218e-02	8.954916e+00
1.206000e-05	-2.312719e-02	9.112708e+00
1.207000e-05	-3.061650e-02	9.270182e+00
1.208000e-05	-2.207308e-02	9.438127e+00
1.209000e-05	-3.576456e-02	9.575468e+00
1.210000e-05	-3.006358e-02	9.772861e+00
1.211000e-05	-2.692607e-02	9.871212e+00
1.212000e-05	-2.675255e-02	1.004910e+01
1.213000e-05	-3.424232e-02	1.020639e+01
1.214000e-05	-3.487839e-02	1.032232e+01
1.215000e-05	-3.226735e-02	1.043966e+01
1.216000e-05	-3.602079e-02	1.059653e+01
1.217000e-05	-3.716108e-02	1.074327e+01
1.218000e-05	-3.476974e-02	1.086111e+01
1.219000e-05	-3.629104e-02	1.105647e+01
1.220000e-05	-4.123237e-02	1.110174e+01
1.221000e-05	-4.279436e-02	1.127710e+01
1.222000e-05	-3.816387e-02	1.135434e+01
1.223000e-05	-4.136760e-02	1.151219e+01
1.224000e-05	-4.344109e-02	1.157540e+01
1.225000e-05	-4.421289e-02	1.167976e+01
1.226000e-05	-4.489749e-02	1.182708e+01
1.227000e-05	-4.897421e-02	1.183318e+01
1.228000e-05	-4.983114e-02	1.193544e+01
1.229000e-05	-4.792585e-02	1.203956e+01
1.230000e-05	-5.180216e-02	1.209227e+01
1.231000e-05	-5.346464e-02	1.220595e+01
1.232000e-05	-5.211181e-02	1.229908e+01
1.233000e-05	-5.192466e-02	1.229281e+01
1.234000e-05	-5.740634e-02	1.239397e+01
1.235000e-05	-6.149173e-02	1.240766e+01
1.236000e-05	-6.115366e-02	1.247021e+01
1.237000e-05	-6.162489e-02	1.251420e+01
1.238000e-05	-6.246957e-02	1.254482e+01
1.239000e-05	-6.532614e-02	1.259745e+01
1.240000e-05	-6.625608e-02	1.255750e+01
1.241000e-05	-6.889112e-02	1.260858e+01
1.242000e-05	-7.139339e-02	1.267108e+01
1.243000e-05	-7.135479e-02	1.268108e+01
1.244000e-05	-7.345884e-02	1.265066e+01
1.245000e-05	-7.412198e-02	1.267473e+01
1.246000e-05	-7.815147e-02	1.269171e+01
1.247000e-05	-7.940389e-02	1.268166e+01
1.248000e-05	-8.351926e-02	1.265271e+01
1.249000e-05	-8.322511e-02	1.264366e+01
1.250000e-05	-8.619864e-02	1.271174e+01
1.251000e-05	-8.792552e-02	1.263056e+01
1.252000e-05	-9.215680e-02	1.261008e+01
1.253000e-05	-9.352883e-02	1.258695e+01
1.254000e-05	-9.803169e-02	1.256745e+01
1.255000e-05	-1.022810e-01	1.254587e+01
1.256000e-05	-1.060813e-01	1.251529e+01
1.257000e-05	-1.102894e-01	1.246361e+01
1.258000e-05	-1.147857e-01	1.240951e+01
1.259000e-05	-1.205996e-01	1.235840e+01
1.260000e-05	-1.248751e-01	1.228224e+01
1.261000e-05	-1.279581e-01	1.220048e+01
1.262000e-05	-1.309359e-01	1.213537e+01
1.263000e-05	-1.327001e-01	1.204024e+01
1.264000e-05	-1.322492e-01	1.196797e+01
1.265000e-05	-1.292066e-01	1.187471e+01
1.266000e-05	-1.269650e-01	1.179951e+01
1.267000e-05	-1.238596e-01	1.172627e+01
1.268000e-05	-1.199434e-01	1.161851e+01
1.269000e-05	-1.132798e-01	1.148479e+01
1.270000e-05	-1.072510e-01	1.135801e+01
1.271000e-05	-1.035547e-01	1.126324e+01
1.272000e-05	-9.787414e-02	1.111691e+01
1.273000e-05	-9.281329e-02	1.103159e+01
1.274000e-05	-8.783651e-02	1.091585e+01
1.275000e-05	-8.526663e-02	1.082308e+01
1.276000e-05	-8.020108e-02	1.068535e+01
1.277000e-05	-7.572855e-02	1.053933e+01
1.278000e-05	-7.085721e-02	1.042264e+01
1.279000e-05	-6.721025e-02	1.025516e+01
1.280000e-05	-6.380800e-02	1.014848e+01
1.281000e-05	-6.185644e-02	1.004009e+01
1.282000e-05	-5.896239e-02	9.902767e+00
1.283000e-05	-5.574614e-02	9.663797e+00
1.284000e-05	-5.250590e-02	9.526325e+00
1.285000e-05	-5.114133e-02	9.399030e+00
1.286000e-05	-4.732672e-02	9.253134e+00
1.287000e-05	-4.612062e-02	9.107371e+00
1.288000e-05	-4.414751e-02	8.923317e+00
1.289000e-05	-4.424104e-02	8.696925e+00
1.290000e-05	-4.077730e-02	8.538479e+00
1.291000e-05	-3.818209e-02	8.380558e+00
1.292000e-05	-3.659734e-02	8.192035e+00
1.293000e-05	-3.610883e-02	8.013086e+00
1.294000e-05	-3.482930e-02	7.812088e+00
1.295000e-05	-3.239861e-02	7.621589e+00
1.296000e-05	-3.188860e-02	7.463059e+00
1.297000e-05	-3.111947e-02	7.201009e+00
1.298000e-05	-2.956376e-02	7.011558e+00
1.299000e-05	-2.804134e-02	6.832108e+00
1.300000e-05	-2.675958e-02	6.593713e+00
1.301000e-05	-2.714246e-02	6.372533e+00
1.302000e-05	-2.508198e-02	6.191608e+00
1.303000e-05	-2.391825e-02	6.033055e+00
1.304000e-05	-2.261854e-02	5.812584e+00
1.305000e-05	-2.190985e-02	5.589982e+00
1.306000e-05	-2.174780e-02	5.350482e+00
1.307000e-05	-2.025156e-02	5.138859e+00
1.308000e-05	-1.999109e-02	4.843187e+00
1.309000e-05	-1.993255e-02	4.624187e+00
1.310000e-05	-1.871390e-02	4.453135e+00
1.311000e-05	-1.701364e-02	4.193569e+00
1.312000e-05	-1.584107e-02	3.981078e+00
1.313000e-05	-1.606530e-02	3.720903e+00
1.314000e-05	-1.473157e-02	3.551478e+00
1.315000e-05	-1.405081e-02	3.317279e+00
1.316000e-05	-1.185718e-02	3.065192e+00
1.317000e-05	-1.260378e-02	2.875167e+00
1.318000e-05	-1.197894e-02	2.646291e+00
1.319000e-05	-1.071789e-02	2.371458e+00
1.320000e-05	-1.082197e-02	2.127904e+00
1.321000e-05	-1.086078e-02	1.939455e+00
1.322000e-05	-1.007972e-02	1.676751e+00
1.323000e-05	-8.847391e-03	1.424116e+00
1.324000e-05	-6.653774e-03	1.233061e+00
1.325000e-05	-6.955943e-03	9.378288e-01
1.326000e-05	-7.347568e-03	6.567421e-01
1.327000e-05	-5.504722e-03	4.341882e-01
1.328000e-05	-4.531680e-03	2.151618e-01
1.329000e-05	-2.930474e-03	-3.801500e-02
1.330000e-05	5.033638e-03	-2.695450e-01
1.331000e-05	-1.758403e-05	-4.399963e-01
1.332000e-05	-1.601731e-04	-6.712015e-01
1.333000e-05	6.064448e-04	-8.841805e-01
1.334000e-05	7.680266e-04	-1.062757e+00
1.335000e-05	9.829154e-04	-1.324256e+00
1.336000e-05	1.032964e-02	-1.598917e+00
1.337000e-05	6.611459e-02	-1.764413e+00
1.338000e-05	6.073744e-02	-2.006441e+00
1.339000e-05	-8.115850e-02	-2.382401e+00
1.340000e-05	-8.221159e-04	-2.700094e+00
1.341000e-05	-4.592948e-02	-2.819026e+00
1.342000e-05	-6.211419e-02	-3.070497e+00
1.343000e-05	1.047663e-01	-3.187395e+00
1.344000e-05	4.937353e-02	-3.343284e+00
1.345000e-05	-1.135600e-01	-3.606016e+00
1.346000e-05	1.836363e-01	-3.835866e+00
1.347000e-05	-1.613966e-01	-4.057596e+00
1.348000e-05	3.783790e-02	-4.251154e+00
1.349000e-05	8.472260e-02	-4.440601e+00
1.350000e-05	-1.126571e-01	-4.720251e+00
1.351000e-05	1.451682e-01	-4.913761e+00
1.352000e-05	-4.523146e-02	-5.162208e+00
1.353000e-05	-2.211559e-02	-5.458571e+00
1.354000e-05	9.102825e-02	-5.659576e+00
1.355000e-05	-1.096807e-01	-5.892127e+00
1.356000e-05	1.298718e-01	-6.051653e+00
1.357000e-05	-6.093394e-02	-6.311099e+00
1.358000e-05	3.954836e-02	-6.490782e+00
1.359000e-05	4.550088e-02	-6.731710e+00
1.360000e-05	-4.753287e-02	-6.964831e+00
1.361000e-05	1.175714e-01	-7.132390e+00
1.362000e-05	-9.259882e-02	-7.355383e+00
1.363000e-05	7.939838e-02	-7.555289e+00
1.364000e-05	5.838959e-04	-7.754287e+00
1.365000e-05	1.010899e-02	-7.995467e+00
1.366000e-05	6.285158e-02	-8.164738e+00
1.367000e-05	-3.230222e-02	-8.333813e+00
1.368000e-05	7.001328e-02	-8.481182e+00
1.369000e-05	-3.464847e-02	-8.700253e+00
1.370000e-05	5.987129e-02	-8.881605e+00
1.371000e-05	1.667707e-02	-8.966500e+00
1.372000e-05	2.994688e-02	-9.144915e+00
1.373000e-05	2.327272e-02	-9.322683e+00
1.374000e-05	-8.575063e-04	-9.501608e+00
1.375000e-05	5.722663e-02	-9.650103e+00
1.376000e-05	5.422065e-03	-9.805891e+00
1.377000e-05	4.680665e-02	-9.943259e+00
1.378000e-05	8.729102e-03	-1.007912e+01
1.379000e-05	4.664971e-02	-1.022805e+01
1.380000e-05	1.650487e-02	-1.039639e+01
1.381000e-05	3.352198e-02	-1.050426e+01
1.382000e-05	3.346734e-02	-1.062963e+01
1.383000e-05	3.420888e-02	-1.074689e+01
1.384000e-05	3.120642e-02	-1.086268e+01
1.385000e-05	2.778389e-02	-1.097555e+01
1.386000e-05	4.617458e-02	-1.116279e+01
1.387000e-05	3.096383e-02	-1.125958e+01
1.388000e-05	4.122633e-02	-1.135496e+01
1.389000e-05	3.214711e-02	-1.144958e+01
1.390000e-05	5.069477e-02	-1.159589e+01
1.391000e-05	3.746772e-02	-1.171171e+01
1.392000e-05	4.244763e-02	-1.178790e+01
1.393000e-05	4.255667e-02	-1.189071e+01
1.394000e-05	4.549737e-02	-1.199847e+01
1.395000e-05	4.479205e-02	-1.206208e+01
1.396000e-05	4.697171e-02	-1.212476e+01
1.397000e-05	5.429705e-02	-1.217795e+01
1.398000e-05	4.866796e-02	-1.226113e+01
1.399000e-05	5.137667e-02	-1.226266e+01
1.400000e-05	4.895060e-02	-1.235484e+01
1.401000e-05	5.679412e-02	-1.236592e+01
1.402000e-05	5.429460e-02	-1.243065e+01
1.403000e-05	5.870914e-02	-1.250223e+01
1.404000e-05	5.980778e-02	-1.254331e+01
1.405000e-05	5.918780e-02	-1.258492e+01
1.406000e-05	6.224892e-02	-1.257650e+01
1.407000e-05	6.312698e-02	-1.261743e+01
1.408000e-05	6.662029e-02	-1.260940e+01
1.409000e-05	6.689456e-02	-1.262903e+01
1.410000e-05	6.766063e-02	-1.265211e+01
1.411000e-05	7.293179e-02	-1.263171e+01
1.412000e-05	7.038804e-02	-1.265226e+01
1.413000e-05	7.569731e-02	-1.265061e+01
1.414000e-05	7.527408e-02	-1.266068e+01
1.415000e-05	7.927814e-02	-1.267106e+01
1.416000e-05	8.213213e-02	-1.264011e+01
1.417000e-05	8.215387e-02	-1.262740e+01
1.418000e-05	8.716556e-02	-1.258945e+01
1.419000e-05	8.673021e-02	-1.259792e+01
1.420000e-05	9.439155e-02	-1.251527e+01
1.421000e-05	9.754785e-02	-1.248226e+01
1.422000e-05	1.025046e-01	-1.241166e+01
1.423000e-05	1.066960e-01	-1.234890e+01
1.424000e-05	1.120105e-01	-1.234539e+01
1.425000e-05	1.162301e-01	-1.225421e+01
1.426000e-05	1.195655e-01	-1.222003e+01
1.427000e-05	1.210603e-01	-1.214587e+01
1.428000e-05	1.258673e-01	-1.205369e+01
1.429000e-05	1.250507e-01	-1.201001e+01
1.430000e-05	1.249750e-01	-1.192527e+01
1.431000e-05	1.226380e-01	-1.183898e+01
1.432000e-05	1.194928e-01	-1.169635e+01
1.433000e-05	1.149239e-01	-1.160950e+01
1.434000e-05	1.090714e-01	-1.147474e+01
1.435000e-05	1.057938e-01	-1.132693e+01
1.436000e-05	1.005214e-01	-1.124306e+01
1.437000e-05	9.488358e-02	-1.118782e+01
1.438000e-05	8.802083e-02	-1.100953e+01
1.439000e-05	8.358450e-02	-1.089572e+01
1.440000e-05	7.851699e-02	-1.080005e+01
1.441000e-05	7.589778e-02	-1.068424e+01
1.442000e-05	7.082790e-02	-1.059853e+01
1.443000e-05	6.677241e-02	-1.047314e+01
1.444000e-05	6.351812e-02	-1.029637e+01
1.445000e-05	5.953691e-02	-1.012693e+01
1.446000e-05	5.752058e-02	-1.003011e+01
1.447000e-05	5.310983e-02	-9.864237e+00
1.448000e-05	5.050288e-02	-9.758946e+00
1.449000e-05	4.920535e-02	-9.581060e+00
1.450000e-05	4.479553e-02	-9.432661e+00
1.451000e-05	4.200692e-02	-9.284261e+00
1.452000e-05	3.852199e-02	-9.107922e+00
1.453000e-05	3.856114e-02	-8.967376e+00
1.454000e-05	3.642741e-02	-8.790557e+00
1.455000e-05	3.395966e-02	-8.598936e+00
1.456000e-05	3.224189e-02	-8.412102e+00
1.457000e-05	3.018283e-02	-8.242687e+00
1.458000e-05	2.879130e-02	-8.104843e+00
1.459000e-05	2.581244e-02	-7.846171e+00
1.460000e-05	2.567160e-02	-7.694211e+00
1.461000e-05	2.533981e-02	-7.444137e+00
1.462000e-05	2.345428e-02	-7.244138e+00
1.463000e-05	2.128491e-02	-7.054695e+00
1.464000e-05	2.073351e-02	-6.863611e+00
1.465000e-05	1.901377e-02	-6.654138e+00
1.466000e-05	1.880255e-02	-6.465214e+00
1.467000e-05	1.656894e-02	-6.254745e+00
1.468000e-05	1.690093e-02	-6.034184e+00
1.469000e-05	1.531150e-02	-5.815084e+00
1.470000e-05	1.412927e-02	-5.652132e+00
1.471000e-05	1.277608e-02	-5.453262e+00
1.472000e-05	1.221980e-02	-5.189430e+00
1.473000e-05	1.185330e-02	-4.920394e+00
1.474000e-05	1.117739e-02	-4.705717e+00
1.475000e-05	9.649754e-03	-4.475670e+00
1.476000e-05	8.157002e-03	-4.276241e+00
1.477000e-05	7.340553e-03	-4.024216e+00
1.478000e-05	8.032336e-03	-3.866841e+00
1.479000e-05	6.679686e-03	-3.623034e+00
1.480000e-05	5.533365e-03	-3.403532e+00
1.481000e-05	3.783436e-03	-3.181034e+00
1.482000e-05	4.502564e-03	-2.949975e+00
1.483000e-05	3.107288e-03	-2.735797e+00
1.484000e-05	3.097661e-03	-2.465263e+00
1.485000e-05	1.309012e-03	-2.267743e+00
1.486000e-05	2.661304e-03	-2.011503e+00
1.487000e-05	-5.436009e-04	-1.811504e+00
1.488000e-05	6.547245e-04	-1.569478e+00
1.489000e-05	-1.591554e-03	-1.288180e+00
1.490000e-05	-1.122145e-03	-1.035060e+00
1.491000e-05	-2.366449e-03	-7.630551e-01
1.492000e-05	-3.394455e-03	-5.398561e-01
1.493000e-05	-4.337638e-03	-3.177434e-01
1.494000e-05	-2.952256e-03	-1.077670e-01
1.495000e-05	2.056928e-03	1.247831e-01
1.496000e-05	3.098761e-03	4.154449e-01
1.497000e-05	-5.094328e-03	5.859458e-01
1.498000e-05	2.420350e-04	8.074686e-01
1.499000e-05	-6.062625e-03	1.018470e+00
1.500000e-05	-1.665130e-03	1.259625e+00
1.501000e-05	-5.462532e-03	1.512703e+00
1.502000e-05	6.891945e-03	1.713868e+00
1.503000e-05	4.205472e-02	1.993867e+00
1.504000e-05	5.863658e-02	2.174988e+00
1.505000e-05	-6.807394e-02	2.450024e+00
1.506000e-05	-3.568388e-02	2.733329e+00
1.507000e-05	-3.579498e-02	2.933262e+00
1.508000e-05	-4.768299e-02	3.142736e+00
1.509000e-05	-4.233821e-02	3.241156e+00
1.510000e-05	1.439927e-01	3.481205e+00
1.511000e-05	-1.052772e-01	3.702232e+00
1.512000e-05	-1.035096e-02	3.851104e+00
1.513000e-05	9.772078e-02	4.172732e+00
1.514000e-05	-1.439682e-01	4.376396e+00
1.515000e-05	6.455399e-02	4.575389e+00
1.516000e-05	-8.201511e-03	4.797946e+00
1.517000e-05	-4.450656e-02	5.037152e+00
1.518000e-05	2.984966e-02	5.332361e+00
1.519000e-05	-4.727563e-02	5.608468e+00
1.520000e-05	3.801918e-03	5.773914e+00
1.521000e-05	-2.511372e-02	5.989028e+00
1.522000e-05	-2.426817e-02	6.207995e+00
1.523000e-05	-9.689547e-03	6.417017e+00
1.524000e-05	-3.314842e-02	6.649129e+00
1.525000e-05	2.115065e-02	6.880103e+00
1.526000e-05	-4.781131e-02	7.079632e+00
1.527000e-05	9.195594e-03	7.248603e+00
1.528000e-05	-2.499708e-02	7.420626e+00
1.529000e-05	-4.528544e-02	7.711782e+00
1.530000e-05	-9.159872e-04	7.891160e+00
1.531000e-05	-3.122844e-02	8.132762e+00
1.532000e-05	-7.500902e-03	8.261735e+00
1.533000e-05	-3.321888e-02	8.450078e+00
1.534000e-05	-2.552496e-02	8.607944e+00
1.535000e-05	-2.517797e-02	8.753818e+00
1.536000e-05	-2.443527e-02	8.893289e+00
1.537000e-05	-1.777932e-02	9.070208e+00
1.538000e-05	-3.318831e-02	9.258180e+00
1.539000e-05	-1.937184e-02	9.406995e+00
1.540000e-05	-3.467499e-02	9.546916e+00
1.541000e-05	-3.168536e-02	9.732762e+00
1.542000e-05	-2.643250e-02	9.851236e+00
1.543000e-05	-2.745575e-02	1.002847e+01
1.544000e-05	-3.097181e-02	1.019644e+01
1.545000e-05	-3.631933e-02	1.031221e+01
1.546000e-05	-2.902390e-02	1.041870e+01
1.547000e-05	-3.724520e-02	1.059744e+01
1.548000e-05	-3.671302e-02	1.071226e+01
1.549000e-05	-3.681442e-02	1.084023e+01
1.550000e-05	-3.591343e-02	1.094542e+01
1.551000e-05	-4.069502e-02	1.111166e+01
1.552000e-05	-4.335763e-02	1.120647e+01
1.553000e-05	-3.759805e-02	1.137286e+01
1.554000e-05	-4.076286e-02	1.140763e+01
1.555000e-05	-4.190906e-02	1.158442e+01
1.556000e-05	-4.623770e-02	1.165073e+01
1.557000e-05	-4.386550e-02	1.175750e+01
1.558000e-05	-4.839042e-02	1.187961e+01
1.559000e-05	-4.987762e-02	1.195537e+01
1.560000e-05	-4.845120e-02	1.200805e+01
1.561000e-05	-5.103421e-02	1.210521e+01
1.562000e-05	-5.341904e-02	1.215582e+01
1.563000e-05	-5.423322e-02	1.224100e+01
1.564000e-05	-5.219537e-02	1.228071e+01
1.565000e-05	-5.621132e-02	1.238789e+01
1.566000e-05	-5.980192e-02	1.241860e+01
1.567000e-05	-6.157087e-02	1.247969e+01
1.568000e-05	-6.200757e-02	1.248319e+01
1.569000e-05	-6.240152e-02	1.256537e+01
1.570000e-05	-6.453662e-02	1.252687e+01
1.571000e-05	-6.450755e-02	1.258800e+01
1.572000e-05	-7.045745e-02	1.263901e+01
1.573000e-05	-6.986898e-02	1.263008e+01
1.574000e-05	-7.125716e-02	1.263008e+01
1.575000e-05	-7.193726e-02	1.268114e+01
1.576000e-05	-7.572813e-02	1.269269e+01
1.577000e-05	-7.745262e-02	1.267311e+01
1.578000e-05	-7.811958e-02	1.268372e+01
1.579000e-05	-8.202322e-02	1.268221e+01
1.580000e-05	-8.461260e-02	1.265261e+01
1.581000e-05	-8.632138e-02	1.265056e+01
1.582000e-05	-8.707271e-02	1.268156e+01
1.583000e-05	-9.147157e-02	1.262968e+01
1.584000e-05	-9.391627e-02	1.258853e+01
1.585000e-05	-9.681372e-02	1.258750e+01
1.586000e-05	-1.005610e-01	1.255740e+01
1.587000e-05	-1.054703e-01	1.250434e+01
1.588000e-05	-1.103720e-01	1.247316e+01
1.589000e-05	-1.144322e-01	1.243066e+01
1.590000e-05	-1.191954e-01	1.234700e+01
1.591000e-05	-1.232782e-01	1.228316e+01
1.592000e-05	-1.282263e-01	1.225099e+01
1.593000e-05	-1.306246e-01	1.215733e+01
1.594000e-05	-1.315289e-01	1.209279e+01
1.595000e-05	-1.319013e-01	1.196898e+01
1.596000e-05	-1.309000e-01	1.190477e+01
1.597000e-05	-1.289177e-01	1.180059e+01
1.598000e-05	-1.228237e-01	1.174539e+01
1.599000e-05	-1.196225e-01	1.161214e+01
1.600000e-05	-1.137631e-01	1.148637e+01
1.601000e-05	-1.103794e-01	1.139905e+01
1.602000e-05	-1.035139e-01	1.126579e+01
1.603000e-05	-9.849186e-02	1.117785e+01
1.604000e-05	-9.398100e-02	1.105311e+01
1.605000e-05	-8.884793e-02	1.094687e+01
1.606000e-05	-8.417787e-02	1.086111e+01
1.607000e-05	-7.858690e-02	1.070835e+01
1.608000e-05	-7.646717e-02	1.059786e+01
1.609000e-05	-7.205033e-02	1.047264e+01
1.610000e-05	-6.783475e-02	1.029525e+01
1.611000e-05	-6.480005e-02	1.014848e+01
1.612000e-05	-6.341584e-02	1.005414e+01
1.613000e-05	-5.789620e-02	9.844246e+00
1.614000e-05	-5.592178e-02	9.714849e+00
1.615000e-05	-5.269736e-02	9.559951e+00
1.616000e-05	-5.229408e-02	9.401512e+00
1.617000e-05	-4.812043e-02	9.274188e+00
1.618000e-05	-4.689780e-02	9.085826e+00
1.619000e-05	-4.515698e-02	8.916820e+00
1.620000e-05	-4.274268e-02	8.717377e+00
1.621000e-05	-4.013307e-02	8.600458e+00
1.622000e-05	-3.896338e-02	8.421062e+00
1.623000e-05	-3.719777e-02	8.243214e+00
1.624000e-05	-3.661058e-02	8.015142e+00
1.625000e-05	-3.365287e-02	7.833114e+00
1.626000e-05	-3.307719e-02	7.653618e+00
1.627000e-05	-3.164312e-02	7.444739e+00
1.628000e-05	-3.121877e-02	7.212064e+00
1.629000e-05	-2.951899e-02	7.032117e+00
1.630000e-05	-2.890730e-02	6.833137e+00
1.631000e-05	-2.799272e-02	6.645667e+00
1.632000e-05	-2.645428e-02	6.410633e+00
1.633000e-05	-2.526826e-02	6.224117e+00
1.634000e-05	-2.428529e-02	6.074162e+00
1.635000e-05	-2.375972e-02	5.874713e+00
1.636000e-05	-2.221568e-02	5.613565e+00
1.637000e-05	-2.137719e-02	5.411112e+00
1.638000e-05	-2.054151e-02	5.140985e+00
1.639000e-05	-2.121425e-02	4.865172e+00
1.640000e-05	-1.908766e-02	4.654193e+00
1.641000e-05	-1.702670e-02	4.485662e+00
1.642000e-05	-1.704453e-02	4.245216e+00
1.643000e-05	-1.713703e-02	3.991960e+00
1.644000e-05	-1.664340e-02	3.780483e+00
1.645000e-05	-1.443640e-02	3.580554e+00
1.646000e-05	-1.440928e-02	3.339781e+00
1.647000e-05	-1.444771e-02	3.095272e+00
1.648000e-05	-1.174659e-02	2.907217e+00
1.649000e-05	-1.060627e-02	2.677249e+00
1.650000e-05	-1.086392e-02	2.362637e+00
1.651000e-05	-1.135397e-02	2.171455e+00
1.652000e-05	-1.010751e-02	1.971478e+00
1.653000e-05	-9.310240e-03	1.728454e+00
1.654000e-05	-9.104782e-03	1.454196e+00
1.655000e-05	-8.320218e-03	1.254191e+00
1.656000e-05	-6.596423e-03	9.520037e-01
1.657000e-05	-5.645562e-03	7.273996e-01
1.658000e-05	-6.458978e-03	4.967933e-01
1.659000e-05	-5.402318e-03	2.663194e-01
1.660000e-05	-3.789715e-03	1.598551e-02
1.661000e-05	3.859844e-03	-1.980474e-01
1.662000e-05	2.806883e-03	-4.069448e-01
1.663000e-05	-2.001564e-03	-6.349475e-01
1.664000e-05	2.266139e-03	-8.601777e-01
1.665000e-05	6.189701e-05	-1.080179e+00
1.666000e-05	1.729113e-03	-1.270701e+00
1.667000e-05	5.971337e-03	-1.534386e+00
1.668000e-05	5.394597e-02	-1.742834e+00
1.669000e-05	7.899777e-02	-1.945307e+00
1.670000e-05	-7.343725e-02	-2.288750e+00
1.671000e-05	-1.014300e-02	-2.606941e+00
1.672000e-05	-3.679210e-02	-2.850496e+00
1.673000e-05	-6.301952e-02	-3.006965e+00
1.674000e-05	6.128426e-02	-3.185244e+00
1.675000e-05	1.050667e-01	-3.323104e+00
1.676000e-05	-1.522263e-01	-3.544943e+00
1.677000e-05	1.925836e-01	-3.733858e+00
1.678000e-05	-1.003001e-01	-4.006017e+00
1.679000e-05	-3.002794e-02	-4.268498e+00
1.680000e-05	1.294376e-01	-4.397515e+00
1.681000e-05	-1.190556e-01	-4.697148e+00
1.682000e-05	1.140721e-01	-4.890682e+00
1.683000e-05	1.370777e-02	-5.089675e+00
1.684000e-05	-7.529347e-02	-5.423461e+00
1.685000e-05	1.227580e-01	-5.628993e+00
1.686000e-05	-1.177986e-01	-5.819094e+00
1.687000e-05	1.090611e-01	-5.990572e+00
1.688000e-05	-2.312059e-02	-6.247570e+00
1.689000e-05	-3.848683e-03	-6.479606e+00
1.690000e-05	8.395679e-02	-6.661128e+00
1.691000e-05	-7.212180e-02	-6.912254e+00
1.692000e-05	1.232163e-01	-7.141785e+00
1.693000e-05	-7.268377e-02	-7.362333e+00
1.694000e-05	4.568497e-02	-7.483264e+00
1.695000e-05	3.277497e-02	-7.752227e+00
1.696000e-05	-2.292730e-02	-7.984365e+00
1.697000e-05	8.295121e-02	-8.123738e+00
1.698000e-05	-3.791270e-02	-8.291752e+00
1.699000e-05	7.117401e-02	-8.471649e+00
1.700000e-05	-2.338151e-02	-8.629598e+00
1.701000e-05	3.948053e-02	-8.818549e+00
1.702000e-05	3.215759e-02	-8.975470e+00
1.703000e-05	1.264386e-02	-9.093765e+00
1.704000e-05	4.070003e-02	-9.311681e+00
1.705000e-05	-1.237304e-02	-9.458608e+00
1.706000e-05	5.906019e-02	-9.618022e+00
1.707000e-05	6.001293e-03	-9.785391e+00
1.708000e-05	4.564414e-02	-9.882758e+00
1.709000e-05	1.332556e-02	-1.003860e+01
1.710000e-05	4.039432e-02	-1.022697e+01
1.711000e-05	2.432078e-02	-1.034381e+01
1.712000e-05	2.567125e-02	-1.048476e+01
1.713000e-05	3.612205e-02	-1.061802e+01
1.714000e-05	2.940526e-02	-1.072483e+01
1.715000e-05	3.714096e-02	-1.083958e+01
1.716000e-05	2.317028e-02	-1.100434e+01
1.717000e-05	4.547223e-02	-1.112128e+01
1.718000e-05	3.100034e-02	-1.123907e+01
1.719000e-05	4.375277e-02	-1.134477e+01
1.720000e-05	3.220623e-02	-1.143963e+01
1.721000e-05	4.752076e-02	-1.159394e+01
1.722000e-05	3.764424e-02	-1.169223e+01
1.723000e-05	3.961563e-02	-1.178735e+01
1.724000e-05	4.241783e-02	-1.185968e+01
1.725000e-05	4.484773e-02	-1.197644e+01
1.726000e-05	4.725709e-02	-1.208915e+01
1.727000e-05	4.554267e-02	-1.213523e+01
1.728000e-05	5.377288e-02	-1.216642e+01
1.729000e-05	4.889613e-02	-1.226056e+01
1.730000e-05	5.356070e-02	-1.231229e+01
1.731000e-05	4.964491e-02	-1.232484e+01
1.732000e-05	5.507330e-02	-1.237747e+01
1.733000e-05	5.346069e-02	-1.240962e+01
1.734000e-05	5.750230e-02	-1.246218e+01
1.735000e-05	6.010944e-02	-1.249479e+01
1.736000e-05	5.909198e-02	-1.255637e+01
1.737000e-05	6.262741e-02	-1.256692e+01
1.738000e-05	6.287237e-02	-1.261748e+01
1.739000e-05	6.588300e-02	-1.260858e+01
1.740000e-05	6.705999e-02	-1.263858e+01
1.741000e-05	6.976047e-02	-1.264118e+01
1.742000e-05	7.222897e-02	-1.267018e+01
1.743000e-05	7.065833e-02	-1.270069e+01
1.744000e-05	7.225665e-02	-1.264058e+01
1.745000e-05	7.451641e-02	-1.266963e+01
1.746000e-05	7.944652e-02	-1.262058e+01
1.747000e-05	8.220872e-02	-1.264961e+01
1.748000e-05	8.290169e-02	-1.260005e+01
1.749000e-05	8.724579e-02	-1.255845e+01
1.750000e-05	8.864993e-02	-1.256645e+01
1.751000e-05	9.205997e-02	-1.252692e+01
1.752000e-05	9.711268e-02	-1.248221e+01
1.753000e-05	1.009010e-01	-1.242216e+01
1.754000e-05	1.055410e-01	-1.240001e+01
1.755000e-05	1.100431e-01	-1.231787e+01
1.756000e-05	1.157508e-01	-1.230171e+01
1.757000e-05	1.199059e-01	-1.224053e+01
1.758000e-05	1.219782e-01	-1.218640e+01
1.759000e-05	1.258979e-01	-1.209476e+01
1.760000e-05	1.255223e-01	-1.203953e+01
1.761000e-05	1.256563e-01	-1.192795e+01
1.762000e-05	1.222704e-01	-1.188063e+01
1.763000e-05	1.199357e-01	-1.173639e+01
1.764000e-05	1.155192e-01	-1.159061e+01
1.765000e-05	1.095349e-01	-1.150627e+01
1.766000e-05	1.067702e-01	-1.140801e+01
1.767000e-05	1.012302e-01	-1.129416e+01
1.768000e-05	9.616136e-02	-1.118622e+01
1.769000e-05	8.970618e-02	-1.101111e+01
1.770000e-05	8.331372e-02	-1.090674e+01
1.771000e-05	8.087473e-02	-1.084108e+01
1.772000e-05	7.576166e-02	-1.073637e+01
1.773000e-05	7.148314e-02	-1.062098e+01
1.774000e-05	6.687100e-02	-1.049469e+01
1.775000e-05	6.454071e-02	-1.033990e+01
1.776000e-05	6.108140e-02	-1.019800e+01
1.777000e-05	5.571959e-02	-1.006316e+01
1.778000e-05	5.394387e-02	-9.885292e+00
1.779000e-05	5.175760e-02	-9.778354e+00
1.780000e-05	4.882348e-02	-9.671581e+00
1.781000e-05	4.475178e-02	-9.415663e+00
1.782000e-05	4.259244e-02	-9.293818e+00
1.783000e-05	4.071697e-02	-9.149002e+00
1.784000e-05	3.750544e-02	-8.987982e+00
1.785000e-05	3.626021e-02	-8.842083e+00
1.786000e-05	3.408261e-02	-8.613614e+00
1.787000e-05	3.356842e-02	-8.422610e+00
1.788000e-05	3.136541e-02	-8.274241e+00
1.789000e-05	2.905724e-02	-8.086369e+00
1.790000e-05	2.695331e-02	-7.947875e+00
1.791000e-05	2.602650e-02	-7.725690e+00
1.792000e-05	2.546920e-02	-7.466792e+00
1.793000e-05	2.307805e-02	-7.334841e+00
1.794000e-05	2.131400e-02	-7.107720e+00
1.795000e-05	2.046633e-02	-6.905716e+00
1.796000e-05	2.016762e-02	-6.686741e+00
1.797000e-05	1.913085e-02	-6.494842e+00
1.798000e-05	1.744058e-02	-6.317275e+00
1.799000e-05	1.635186e-02	-6.085721e+00
1.800000e-05	1.499270e-02	-5.876716e+00
1.801000e-05	1.370114e-02	-5.695612e+00
1.802000e-05	1.324887e-02	-5.467197e+00
1.803000e-05	1.238214e-02	-5.233534e+00
1.804000e-05	1.174713e-02	-4.971404e+00
1.805000e-05	9.862638e-03	-4.682796e+00
1.806000e-05	1.007371e-02	-4.517296e+00
1.807000e-05	9.595474e-03	-4.329395e+00
1.808000e-05	8.101014e-03	-4.127770e+00
1.809000e-05	7.513932e-03	-3.916518e+00
1.810000e-05	5.874738e-03	-3.634738e+00
1.811000e-05	6.899353e-03	-3.435237e+00
1.812000e-05	4.224234e-03	-3.222105e+00
1.813000e-05	3.498688e-03	-2.982560e+00
1.814000e-05	1.819754e-03	-2.749449e+00
1.815000e-05	3.389062e-03	-2.517372e+00
1.816000e-05	3.341732e-03	-2.317290e+00
1.817000e-05	1.829111e-03	-1.995558e+00
1.818000e-05	-8.339925e-04	-1.843113e+00
1.819000e-05	1.256343e-03	-1.592056e+00
1.820000e-05	-2.274487e-03	-1.318797e+00
1.821000e-05	-5.364164e-04	-1.026641e+00
1.822000e-05	-3.360588e-03	-8.216155e-01
1.823000e-05	-2.291109e-03	-5.925064e-01
1.824000e-05	-4.592416e-03	-3.593748e-01
1.825000e-05	-2.933776e-03	-1.467985e-01
1.826000e-05	-2.768848e-04	6.078528e-02
1.827000e-05	6.179770e-03	3.738859e-01
1.828000e-05	-6.328160e-03	5.943873e-01
1.829000e-05	4.248423e-04	7.753133e-01
1.830000e-05	-5.602264e-03	9.343122e-01
1.831000e-05	-1.000434e-03	1.219049e+00
1.832000e-05	-6.911049e-03	1.481599e+00
1.833000e-05	4.014211e-03	1.682653e+00
1.834000e-05	3.372475e-02	1.892712e+00
1.835000e-05	6.663443e-02	2.132257e+00
1.836000e-05	-5.285511e-02	2.386966e+00
1.837000e-05	-4.603102e-02	2.700201e+00
1.838000e-05	-3.099268e-02	2.901157e+00
1.839000e-05	-4.270535e-02	3.082183e+00
1.840000e-05	-6.274768e-02	3.239106e+00
1.841000e-05	1.319801e-01	3.428574e+00
1.842000e-05	-4.849143e-02	3.660705e+00
1.843000e-05	-7.142018e-02	3.850146e+00
1.844000e-05	1.365304e-01	4.050126e+00
1.845000e-05	-1.456458e-01	4.324360e+00
1.846000e-05	3.752230e-02	4.552813e+00
1.847000e-05	1.760894e-02	4.754417e+00
1.848000e-05	-5.939901e-02	5.076022e+00
1.849000e-05	3.520565e-02	5.311182e+00
1.850000e-05	-4.094621e-02	5.524712e+00
1.851000e-05	-8.036794e-03	5.744839e+00
1.852000e-05	-1.705184e-02	5.984391e+00
1.853000e-05	-3.137073e-02	6.176471e+00
1.854000e-05	-3.099496e-03	6.355971e+00
1.855000e-05	-3.758445e-02	6.614967e+00
1.856000e-05	2.170177e-02	6.809050e+00
1.857000e-05	-3.962749e-02	6.999023e+00
1.858000e-05	-5.698242e-03	7.208550e+00
1.859000e-05	-8.170056e-03	7.397625e+00
1.860000e-05	-5.474980e-02	7.659634e+00
1.861000e-05	2.962155e-03	7.868100e+00
1.862000e-05	-3.107459e-02	8.050154e+00
1.863000e-05	-1.076061e-02	8.279132e+00
1.864000e-05	-2.797729e-02	8.446599e+00
1.865000e-05	-3.044081e-02	8.565495e+00
1.866000e-05	-2.007356e-02	8.733763e+00
1.867000e-05	-2.920686e-02	8.921674e+00
1.868000e-05	-1.365109e-02	9.069585e+00
1.869000e-05	-3.633767e-02	9.259053e+00
1.870000e-05	-1.952267e-02	9.386921e+00
1.871000e-05	-3.154869e-02	9.523792e+00
1.872000e-05	-3.233057e-02	9.710758e+00
1.873000e-05	-2.617456e-02	9.829154e+00
1.874000e-05	-2.844786e-02	9.976449e+00
1.875000e-05	-2.916795e-02	1.015484e+01
1.876000e-05	-3.906925e-02	1.028068e+01
1.877000e-05	-2.868366e-02	1.041807e+01
1.878000e-05	-3.698812e-02	1.055287e+01
1.879000e-05	-3.486697e-02	1.069129e+01
1.880000e-05	-3.769889e-02	1.081863e+01
1.881000e-05	-3.461657e-02	1.092434e+01
1.882000e-05	-3.969773e-02	1.108063e+01
1.883000e-05	-4.378944e-02	1.119894e+01
1.884000e-05	-3.890249e-02	1.127331e+01
1.885000e-05	-4.093076e-02	1.141758e+01
1.886000e-05	-4.179078e-02	1.155339e+01
1.887000e-05	-4.652664e-02	1.164968e+01
1.888000e-05	-4.306418e-02	1.174450e+01
1.889000e-05	-4.749954e-02	1.187116e+01
1.890000e-05	-5.074758e-02	1.192536e+01
1.891000e-05	-4.959753e-02	1.200857e+01
1.892000e-05	-5.113798e-02	1.209219e+01
1.893000e-05	-5.171509e-02	1.215687e+01
1.894000e-05	-5.484181e-02	1.224000e+01
1.895000e-05	-5.297976e-02	1.226129e+01
1.896000e-05	-5.599577e-02	1.233394e+01
1.897000e-05	-5.973204e-02	1.239801e+01
1.898000e-05	-6.217221e-02	1.246069e+01
1.899000e-05	-6.131189e-02	1.248179e+01
1.900000e-05	-6.083304e-02	1.252539e+01
1.901000e-05	-6.534310e-02	1.257684e+01
1.902000e-05	-6.563202e-02	1.257593e+01
1.903000e-05	-6.989128e-02	1.259801e+01
1.904000e-05	-7.024898e-02	1.260910e+01
1.905000e-05	-7.315684e-02	1.264861e+01
1.906000e-05	-7.121740e-02	1.264114e+01
1.907000e-05	-7.492106e-02	1.268271e+01
1.908000e-05	-7.668688e-02	1.268079e+01
1.909000e-05	-7.938273e-02	1.268313e+01
1.910000e-05	-8.225198e-02	1.267071e+01
1.911000e-05	-8.345749e-02	1.266156e+01
1.912000e-05	-8.535679e-02	1.263116e+01
1.913000e-05	-8.685013e-02	1.263113e+01
1.914000e-05	-9.042552e-02	1.263961e+01
1.915000e-05	-9.285510e-02	1.261006e+01
1.916000e-05	-9.675498e-02	1.260750e+01
1.917000e-05	-1.004820e-01	1.253790e+01
1.918000e-05	-1.044551e-01	1.252584e+01
1.919000e-05	-1.088369e-01	1.247374e+01
1.920000e-05	-1.151237e-01	1.241004e+01
1.921000e-05	-1.192622e-01	1.233901e+01
1.922000e-05	-1.233871e-01	1.229477e+01
1.923000e-05	-1.256491e-01	1.224101e+01
1.924000e-05	-1.302618e-01	1.215683e+01
1.925000e-05	-1.315778e-01	1.211424e+01
1.926000e-05	-1.319181e-01	1.202203e+01
1.927000e-05	-1.301597e-01	1.192632e+01
1.928000e-05	-1.287686e-01	1.183111e+01
1.929000e-05	-1.236156e-01	1.178585e+01
1.930000e-05	-1.198758e-01	1.167014e+01
1.931000e-05	-1.143922e-01	1.151540e+01
1.932000e-05	-1.114052e-01	1.141996e+01
1.933000e-05	-1.043978e-01	1.129380e+01
1.934000e-05	-9.836247e-02	1.116843e+01
1.935000e-05	-9.489399e-02	1.106371e+01
1.936000e-05	-8.989807e-02	1.094845e+01
1.937000e-05	-8.479438e-02	1.087216e+01
1.938000e-05	-8.157567e-02	1.077848e+01
1.939000e-05	-7.643590e-02	1.059098e+01
1.940000e-05	-7.530861e-02	1.045364e+01
1.941000e-05	-6.556338e-02	1.033592e+01
1.942000e-05	-6.455947e-02	1.015906e+01
1.943000e-05	-6.196831e-02	1.004316e+01
1.944000e-05	-5.879266e-02	9.874923e+00
1.945000e-05	-5.854764e-02	9.746879e+00
1.946000e-05	-5.347459e-02	9.589104e+00
1.947000e-05	-5.389761e-02	9.433113e+00
1.948000e-05	-4.821062e-02	9.285266e+00
1.949000e-05	-4.749532e-02	9.099406e+00
1.950000e-05	-4.460825e-02	8.936452e+00
1.951000e-05	-4.228997e-02	8.760478e+00
1.952000e-05	-4.034748e-02	8.602536e+00
1.953000e-05	-3.917742e-02	8.453112e+00
1.954000e-05	-3.904555e-02	8.265292e+00
1.955000e-05	-3.610558e-02	8.093163e+00
1.956000e-05	-3.404934e-02	7.824662e+00
1.957000e-05	-3.378771e-02	7.694775e+00
1.958000e-05	-3.343543e-02	7.445252e+00
1.959000e-05	-3.136373e-02	7.265642e+00
1.960000e-05	-2.972834e-02	7.045216e+00
1.961000e-05	-2.760578e-02	6.885191e+00
1.962000e-05	-2.841956e-02	6.676847e+00
1.963000e-05	-2.614171e-02	6.414699e+00
1.964000e-05	-2.557025e-02	6.244163e+00
1.965000e-05	-2.468091e-02	6.074667e+00
1.966000e-05	-2.420588e-02	5.856868e+00
1.967000e-05	-2.311644e-02	5.615116e+00
1.968000e-05	-2.107262e-02	5.451640e+00
1.969000e-05	-2.134712e-02	5.242564e+00
1.970000e-05	-2.057407e-02	4.947830e+00
1.971000e-05	-1.948584e-02	4.686243e+00
1.972000e-05	-1.787291e-02	4.494846e+00
1.973000e-05	-1.775225e-02	4.286876e+00
1.974000e-05	-1.732215e-02	4.032638e+00
1.975000e-05	-1.551801e-02	3.824612e+00
1.976000e-05	-1.563223e-02	3.593537e+00
1.977000e-05	-1.461580e-02	3.382112e+00
1.978000e-05	-1.336876e-02	3.148925e+00
1.979000e-05	-1.282161e-02	2.927799e+00
1.980000e-05	-1.153434e-02	2.769823e+00
1.981000e-05	-1.047325e-02	2.488140e+00
1.982000e-05	-1.135155e-02	2.214090e+00
1.983000e-05	-9.960793e-03	1.971035e+00
1.984000e-05	-1.006755e-02	1.741438e+00
1.985000e-05	-7.768060e-03	1.528874e+00
1.986000e-05	-8.250137e-03	1.278295e+00
1.987000e-05	-7.006531e-03	1.001987e+00
1.988000e-05	-6.697147e-03	7.395025e-01
1.989000e-05	-5.706689e-03	5.088786e-01
1.990000e-05	-4.606093e-03	3.193473e-01
1.991000e-05	-4.644949e-03	6.513933e-02
1.992000e-05	1.429288e-03	-2.054134e-01
1.993000e-05	4.761296e-03	-3.658909e-01
1.994000e-05	-1.984562e-03	-5.455896e-01
1.995000e-05	3.462447e-03	-8.300486e-01
1.996000e-05	-2.379204e-03	-1.068596e+00
1.997000e-05	2.156542e-03	-1.237651e+00
1.998000e-05	2.657417e-03	-1.521280e+00
1.999000e-05	4.250615e-02	-1.713730e+00
2.000000e-05	8.827259e-02	-1.902155e+00
2.001000e-05	-5.530734e-02	-2.266441e+00
2.002000e-05	-2.442714e-02	-2.613365e+00
2.003000e-05	-2.564370e-02	-2.786969e+00
2.004000e-05	-6.279691e-02	-2.965810e+00
2.005000e-05	2.011008e-02	-3.155390e+00
2.006000e-05	1.479764e-01	-3.281150e+00
2.007000e-05	-1.637919e-01	-3.533306e+00
2.008000e-05	1.611010e-01	-3.724684e+00
2.009000e-05	-2.361848e-02	-3.952882e+00
2.010000e-05	-8.812644e-02	-4.248967e+00
2.011000e-05	1.589370e-01	-4.367445e+00
2.012000e-05	-1.051994e-01	-4.595366e+00
2.013000e-05	6.689837e-02	-4.829125e+00
2.014000e-05	6.907704e-02	-5.019548e+00
2.015000e-05	-1.159389e-01	-5.393380e+00
2.016000e-05	1.365070e-01	-5.566842e+00
2.017000e-05	-1.028016e-01	-5.816516e+00
2.018000e-05	7.296771e-02	-6.007970e+00
2.019000e-05	2.138995e-02	-6.196363e+00
2.020000e-05	-4.486900e-02	-6.458573e+00
2.021000e-05	1.079148e-01	-6.648920e+00
2.022000e-05	-7.683129e-02	-6.839101e+00
2.023000e-05	1.104491e-01	-7.112630e+00
2.024000e-05	-3.644190e-02	-7.290703e+00
2.025000e-05	2.450910e-03	-7.500707e+00
2.026000e-05	6.615767e-02	-7.690649e+00
2.027000e-05	-4.547082e-02	-7.930236e+00
2.028000e-05	9.093760e-02	-8.103756e+00
2.029000e-05	-3.379247e-02	-8.289653e+00
2.030000e-05	5.894654e-02	-8.409598e+00
2.031000e-05	-6.691023e-03	-8.598923e+00
2.032000e-05	1.871836e-02	-8.786044e+00
2.033000e-05	4.895598e-02	-8.955417e+00
2.034000e-05	2.372669e-03	-9.112710e+00
2.035000e-05	4.964326e-02	-9.240129e+00
2.036000e-05	-1.874575e-02	-9.459622e+00
2.037000e-05	5.581174e-02	-9.589518e+00
2.038000e-05	1.353473e-02	-9.745361e+00
2.039000e-05	3.978528e-02	-9.891739e+00
2.040000e-05	1.987120e-02	-1.003702e+01
2.041000e-05	3.140315e-02	-1.019787e+01
2.042000e-05	3.179881e-02	-1.029974e+01
2.043000e-05	1.919953e-02	-1.049015e+01
2.044000e-05	4.190819e-02	-1.060604e+01
2.045000e-05	2.664182e-02	-1.070129e+01
2.046000e-05	3.964241e-02	-1.080653e+01
2.047000e-05	2.099883e-02	-1.094536e+01
2.048000e-05	4.497368e-02	-1.106218e+01
2.049000e-05	3.257901e-02	-1.116952e+01
2.050000e-05	4.169653e-02	-1.131384e+01
2.051000e-05	3.285524e-02	-1.140760e+01
2.052000e-05	4.377414e-02	-1.150532e+01
2.053000e-05	4.202589e-02	-1.164013e+01
2.054000e-05	3.906984e-02	-1.176645e+01
2.055000e-05	4.472813e-02	-1.189170e+01
2.056000e-05	4.299158e-02	-1.194492e+01
2.057000e-05	4.705738e-02	-1.204207e+01
2.058000e-05	4.287327e-02	-1.210381e+01
2.059000e-05	5.427741e-02	-1.218792e+01
2.060000e-05	4.991471e-02	-1.223855e+01
2.061000e-05	5.252249e-02	-1.228216e+01
2.062000e-05	4.799654e-02	-1.234581e+01
2.063000e-05	5.514749e-02	-1.238550e+01
2.064000e-05	5.644494e-02	-1.244960e+01
2.065000e-05	5.697138e-02	-1.246071e+01
2.066000e-05	6.036163e-02	-1.249421e+01
2.067000e-05	5.856973e-02	-1.255534e+01
2.068000e-05	5.905891e-02	-1.259490e+01
2.069000e-05	6.317170e-02	-1.259893e+01
2.070000e-05	6.400431e-02	-1.261703e+01
2.071000e-05	6.982303e-02	-1.262901e+01
2.072000e-05	6.849184e-02	-1.260905e+01
2.073000e-05	6.998001e-02	-1.266163e+01
2.074000e-05	7.166272e-02	-1.266166e+01
2.075000e-05	7.026349e-02	-1.269116e+01
2.076000e-05	7.702069e-02	-1.264011e+01
2.077000e-05	7.641138e-02	-1.266063e+01
2.078000e-05	8.249434e-02	-1.267008e+01
2.079000e-05	8.268176e-02	-1.260803e+01
2.080000e-05	8.654965e-02	-1.259956e+01
2.081000e-05	8.782347e-02	-1.258842e+01
2.082000e-05	9.106101e-02	-1.254532e+01
2.083000e-05	9.581752e-02	-1.249429e+01
2.084000e-05	1.004587e-01	-1.244268e+01
2.085000e-05	1.041528e-01	-1.244055e+01
2.086000e-05	1.103421e-01	-1.234789e+01
2.087000e-05	1.136389e-01	-1.228266e+01
2.088000e-05	1.191899e-01	-1.222051e+01
2.089000e-05	1.208179e-01	-1.216737e+01
2.090000e-05	1.245420e-01	-1.210524e+01
2.091000e-05	1.254823e-01	-1.205216e+01
2.092000e-05	1.250244e-01	-1.194595e+01
2.093000e-05	1.236650e-01	-1.183071e+01
2.094000e-05	1.200656e-01	-1.171480e+01
2.095000e-05	1.161876e-01	-1.163103e+01
2.096000e-05	1.114369e-01	-1.154592e+01
2.097000e-05	1.063617e-01	-1.142208e+01
2.098000e-05	1.019700e-01	-1.131377e+01
2.099000e-05	9.708644e-02	-1.119790e+01
2.100000e-05	9.011370e-02	-1.101366e+01
2.101000e-05	8.511871e-02	-1.096832e+01
2.102000e-05	8.064649e-02	-1.082213e+01
2.103000e-05	7.686855e-02	-1.074627e+01
2.104000e-05	7.272341e-02	-1.063111e+01
2.105000e-05	6.759124e-02	-1.054526e+01
2.106000e-05	6.455648e-02	-1.035858e+01
2.107000e-05	6.046769e-02	-1.018946e+01
2.108000e-05	5.780118e-02	-1.005324e+01
2.109000e-05	5.427845e-02	-9.928293e+00
2.110000e-05	5.177387e-02	-9.780033e+00
2.111000e-05	4.998560e-02	-9.644633e+00
2.112000e-05	4.629382e-02	-9.516795e+00
2.113000e-05	4.258779e-02	-9.315395e+00
2.114000e-05	4.007390e-02	-9.128924e+00
2.115000e-05	3.832812e-02	-9.022110e+00
2.116000e-05	3.643652e-02	-8.843154e+00
2.117000e-05	3.483240e-02	-8.632742e+00
2.118000e-05	3.264293e-02	-8.443768e+00
2.119000e-05	3.226413e-02	-8.297821e+00
2.120000e-05	2.970394e-02	-8.106747e+00
2.121000e-05	2.840451e-02	-7.960549e+00
2.122000e-05	2.696257e-02	-7.737800e+00
2.123000e-05	2.407333e-02	-7.507847e+00
2.124000e-05	2.378793e-02	-7.277871e+00
2.125000e-05	2.211826e-02	-7.140300e+00
2.126000e-05	2.164738e-02	-6.856822e+00
2.127000e-05	1.928566e-02	-6.707370e+00
2.128000e-05	1.844443e-02	-6.546321e+00
2.129000e-05	1.850540e-02	-6.350001e+00
2.130000e-05	1.754203e-02	-6.106291e+00
2.131000e-05	1.498003e-02	-5.925771e+00
2.132000e-05	1.411914e-02	-5.705767e+00
2.133000e-05	1.367385e-02	-5.497321e+00
2.134000e-05	1.209016e-02	-5.274220e+00
2.135000e-05	1.217748e-02	-5.023560e+00
2.136000e-05	9.661214e-03	-4.759917e+00
2.137000e-05	9.819536e-03	-4.538344e+00
2.138000e-05	8.669535e-03	-4.328475e+00
2.139000e-05	9.112208e-03	-4.148826e+00
2.140000e-05	7.898289e-03	-3.960945e+00
2.141000e-05	7.398806e-03	-3.715292e+00
2.142000e-05	6.493241e-03	-3.488193e+00
2.143000e-05	3.882381e-03	-3.285613e+00
2.144000e-05	3.402005e-03	-3.035591e+00
2.145000e-05	1.823190e-03	-2.810979e+00
2.146000e-05	3.757347e-03	-2.551402e+00
2.147000e-05	2.441602e-03	-2.329297e+00
2.148000e-05	2.061309e-03	-2.067172e+00
2.149000e-05	3.149023e-04	-1.875238e+00
2.150000e-05	4.137956e-05	-1.644587e+00
2.151000e-05	-8.406904e-04	-1.434854e+00
2.152000e-05	-1.043161e-03	-1.127666e+00
2.153000e-05	-3.063346e-03	-8.566670e-01
2.154000e-05	-2.822999e-03	-6.866382e-01
2.155000e-05	-4.513752e-03	-3.820038e-01
2.156000e-05	-3.593610e-03	-1.699761e-01
2.157000e-05	-1.740116e-03	1.102314e-01
2.158000e-05	4.747797e-03	3.022106e-01
2.159000e-05	-3.805619e-03	5.537855e-01
2.160000e-05	4.562559e-04	7.432869e-01
2.161000e-05	-4.057557e-03	9.233304e-01
2.162000e-05	-2.895491e-03	1.157464e+00
2.163000e-05	-5.598642e-03	1.435552e+00
2.164000e-05	1.329325e-03	1.741722e+00
2.165000e-05	2.586235e-02	1.861629e+00
2.166000e-05	6.989782e-02	2.100205e+00
2.167000e-05	-3.002111e-02	2.346296e+00
2.168000e-05	-6.010815e-02	2.607544e+00
2.169000e-05	-2.791556e-02	2.840180e+00
2.170000e-05	-4.111336e-02	3.050678e+00
2.171000e-05	-7.109383e-02	3.218050e+00
2.172000e-05	1.035309e-01	3.427512e+00
2.173000e-05	1.272121e-02	3.631550e+00
2.174000e-05	-1.208515e-01	3.807669e+00
2.175000e-05	1.579939e-01	4.028974e+00
2.176000e-05	-1.253677e-01	4.331234e+00
2.177000e-05	1.598837e-04	4.502759e+00
2.178000e-05	4.174185e-02	4.733862e+00
2.179000e-05	-6.787512e-02	4.956945e+00
2.180000e-05	3.077624e-02	5.258047e+00
2.181000e-05	-2.671218e-02	5.510687e+00
2.182000e-05	-1.985190e-02	5.690707e+00
2.183000e-05	-7.452976e-03	5.944309e+00
2.184000e-05	-3.712548e-02	6.185366e+00
2.185000e-05	-2.032448e-03	6.354837e+00
2.186000e-05	-3.870490e-02	6.585818e+00
2.187000e-05	1.938147e-02	6.785967e+00
2.188000e-05	-2.642870e-02	7.014921e+00
2.189000e-05	-2.286577e-02	7.196118e+00
2.190000e-05	6.648382e-03	7.386445e+00
2.191000e-05	-5.936413e-02	7.615996e+00
2.192000e-05	1.736627e-03	7.806926e+00
2.193000e-05	-2.796720e-02	8.079074e+00
2.194000e-05	-1.377648e-02	8.228578e+00
2.195000e-05	-2.189075e-02	8.386419e+00
2.196000e-05	-3.433996e-02	8.584814e+00
2.197000e-05	-1.714922e-02	8.732662e+00
2.198000e-05	-3.252388e-02	8.888706e+00
2.199000e-05	-1.227058e-02	9.049078e+00
2.200000e-05	-3.593898e-02	9.197070e+00
2.201000e-05	-1.937962e-02	9.346340e+00
2.202000e-05	-2.809169e-02	9.523260e+00
2.203000e-05	-3.538526e-02	9.722207e+00
2.204000e-05	-2.675922e-02	9.849527e+00
2.205000e-05	-2.883320e-02	9.953942e+00
2.206000e-05	-2.679119e-02	1.011376e+01
2.207000e-05	-3.980395e-02	1.027058e+01
2.208000e-05	-2.793010e-02	1.039608e+01
2.209000e-05	-3.682382e-02	1.060424e+01
2.210000e-05	-3.402766e-02	1.060071e+01
2.211000e-05	-3.828836e-02	1.079750e+01
2.212000e-05	-3.440978e-02	1.093229e+01
2.213000e-05	-3.880033e-02	1.103063e+01
2.214000e-05	-4.474279e-02	1.115497e+01
2.215000e-05	-3.985422e-02	1.132176e+01
2.216000e-05	-4.222708e-02	1.139695e+01
2.217000e-05	-4.020363e-02	1.149436e+01
2.218000e-05	-4.501614e-02	1.163618e+01
2.219000e-05	-4.256730e-02	1.175542e+01
2.220000e-05	-4.748003e-02	1.183158e+01
2.221000e-05	-4.968641e-02	1.189434e+01
2.222000e-05	-4.938214e-02	1.196847e+01
2.223000e-05	-5.101355e-02	1.206176e+01
2.224000e-05	-5.315301e-02	1.211495e+01
2.225000e-05	-5.489758e-02	1.219800e+01
2.226000e-05	-5.253748e-02	1.224074e+01
2.227000e-05	-5.491592e-02	1.234479e+01
2.228000e-05	-5.850049e-02	1.235748e+01
2.229000e-05	-6.124263e-02	1.243016e+01
2.230000e-05	-6.075934e-02	1.246216e+01
2.231000e-05	-6.196410e-02	1.253424e+01
2.232000e-05	-6.541193e-02	1.257795e+01
2.233000e-05	-6.544926e-02	1.258842e+01
2.234000e-05	-6.999662e-02	1.257690e+01
2.235000e-05	-7.077804e-02	1.265069e+01
2.236000e-05	-7.228235e-02	1.262956e+01
2.237000e-05	-7.061014e-02	1.265113e+01
2.238000e-05	-7.366671e-02	1.266168e+01
2.239000e-05	-7.650648e-02	1.267214e+01
2.240000e-05	-7.931159e-02	1.269364e+01
2.241000e-05	-8.168508e-02	1.266224e+01
2.242000e-05	-8.374632e-02	1.266168e+01
2.243000e-05	-8.613597e-02	1.267169e+01
2.244000e-05	-8.637005e-02	1.263111e+01
2.245000e-05	-9.010467e-02	1.267003e+01
2.246000e-05	-9.213441e-02	1.259951e+01
2.247000e-05	-9.570294e-02	1.259798e+01
2.248000e-05	-9.877886e-02	1.257640e+01
2.249000e-05	-1.038243e-01	1.252585e+01
2.250000e-05	-1.082735e-01	1.246469e+01
2.251000e-05	-1.137203e-01	1.244158e+01
2.252000e-05	-1.177526e-01	1.237851e+01
2.253000e-05	-1.226660e-01	1.231482e+01
2.254000e-05	-1.263723e-01	1.225209e+01
2.255000e-05	-1.303367e-01	1.216900e+01
2.256000e-05	-1.324014e-01	1.212432e+01
2.257000e-05	-1.315184e-01	1.203006e+01
2.258000e-05	-1.296300e-01	1.193677e+01
2.259000e-05	-1.280209e-01	1.185214e+01
2.260000e-05	-1.237866e-01	1.178940e+01
2.261000e-05	-1.211822e-01	1.163374e+01
2.262000e-05	-1.160431e-01	1.156838e+01
2.263000e-05	-1.121003e-01	1.143961e+01
2.264000e-05	-1.043521e-01	1.131430e+01
2.265000e-05	-9.978635e-02	1.118956e+01
2.266000e-05	-9.250467e-02	1.108519e+01
2.267000e-05	-9.156952e-02	1.096801e+01
2.268000e-05	-8.538849e-02	1.086374e+01
2.269000e-05	-8.241604e-02	1.078895e+01
2.270000e-05	-7.726312e-02	1.067256e+01
2.271000e-05	-7.329985e-02	1.051427e+01
2.272000e-05	-6.979347e-02	1.034832e+01
2.273000e-05	-6.646545e-02	1.021106e+01
2.274000e-05	-6.258702e-02	1.006514e+01
2.275000e-05	-5.954586e-02	9.967997e+00
2.276000e-05	-5.774251e-02	9.770558e+00
2.277000e-05	-5.430072e-02	9.591638e+00
2.278000e-05	-5.173986e-02	9.443640e+00
2.279000e-05	-4.921022e-02	9.294875e+00
2.280000e-05	-4.811251e-02	9.140380e+00
2.281000e-05	-4.539333e-02	8.990907e+00
2.282000e-05	-4.389469e-02	8.802508e+00
2.283000e-05	-4.112254e-02	8.651583e+00
2.284000e-05	-4.143387e-02	8.454686e+00
2.285000e-05	-3.829064e-02	8.328246e+00
2.286000e-05	-3.612721e-02	8.106222e+00
2.287000e-05	-3.455353e-02	7.916770e+00
2.288000e-05	-3.478367e-02	7.727774e+00
2.289000e-05	-3.250552e-02	7.507351e+00
2.290000e-05	-3.118739e-02	7.305197e+00
2.291000e-05	-3.071406e-02	7.086244e+00
2.292000e-05	-2.964415e-02	6.906746e+00
2.293000e-05	-2.778586e-02	6.698724e+00
2.294000e-05	-2.633683e-02	6.505825e+00
2.295000e-05	-2.670689e-02	6.286245e+00
2.296000e-05	-2.559710e-02	6.086691e+00
2.297000e-05	-2.283225e-02	5.908751e+00
2.298000e-05	-2.228496e-02	5.625143e+00
2.299000e-05	-2.211499e-02	5.475742e+00
2.300000e-05	-2.088749e-02	5.264618e+00
2.301000e-05	-2.063954e-02	4.993484e+00
2.302000e-05	-1.928219e-02	4.758846e+00
2.303000e-05	-1.935342e-02	4.527875e+00
2.304000e-05	-1.767957e-02	4.359850e+00
2.305000e-05	-1.653656e-02	4.087216e+00
2.306000e-05	-1.591047e-02	3.854767e+00
2.307000e-05	-1.526300e-02	3.664692e+00
2.308000e-05	-1.510063e-02	3.436613e+00
2.309000e-05	-1.355807e-02	3.170959e+00
2.310000e-05	-1.275473e-02	2.931426e+00
2.311000e-05	-1.242621e-02	2.751429e+00
2.312000e-05	-1.187489e-02	2.525752e+00
2.313000e-05	-1.019441e-02	2.254242e+00
2.314000e-05	-9.966685e-03	2.023592e+00
2.315000e-05	-9.143595e-03	1.854288e+00
2.316000e-05	-9.152166e-03	1.539953e+00
2.317000e-05	-8.540567e-03	1.329298e+00
2.318000e-05	-6.944020e-03	1.086291e+00
2.319000e-05	-6.110812e-03	7.425551e-01
2.320000e-05	-5.941643e-03	5.194326e-01
2.321000e-05	-4.389875e-03	3.388999e-01
2.322000e-05	-3.639449e-03	1.168958e-01
2.323000e-05	4.846310e-04	-1.742605e-01
2.324000e-05	6.291787e-03	-3.563594e-01
2.325000e-05	-3.511729e-03	-5.533057e-01
2.326000e-05	4.963131e-03	-8.094410e-01
2.327000e-05	-1.800764e-03	-9.865148e-01
2.328000e-05	3.414040e-03	-1.228042e+00
2.329000e-05	1.086984e-03	-1.458749e+00
2.330000e-05	3.189559e-02	-1.691129e+00
2.331000e-05	9.048074e-02	-1.891626e+00
2.332000e-05	-3.022106e-02	-2.192386e+00
2.333000e-05	-4.389511e-02	-2.501803e+00
2.334000e-05	-1.232516e-02	-2.775393e+00
2.335000e-05	-6.121721e-02	-2.913282e+00
2.336000e-05	-1.343238e-02	-3.134781e+00
2.337000e-05	1.714257e-01	-3.270075e+00
2.338000e-05	-1.502690e-01	-3.469724e+00
2.339000e-05	9.069400e-02	-3.670208e+00
2.340000e-05	4.826648e-02	-3.891853e+00
2.341000e-05	-1.365964e-01	-4.154387e+00
2.342000e-05	1.687028e-01	-4.354792e+00
2.343000e-05	-7.511818e-02	-4.553886e+00
2.344000e-05	1.421188e-02	-4.839471e+00
2.345000e-05	1.151967e-01	-4.987442e+00
2.346000e-05	-1.336912e-01	-5.310653e+00
2.347000e-05	1.288564e-01	-5.562365e+00
2.348000e-05	-6.808757e-02	-5.743861e+00
2.349000e-05	2.491861e-02	-5.966411e+00
2.350000e-05	6.625809e-02	-6.214339e+00
2.351000e-05	-7.409744e-02	-6.415991e+00
2.352000e-05	1.163746e-01	-6.626042e+00
2.353000e-05	-6.636197e-02	-6.806994e+00
2.354000e-05	8.025610e-02	-7.059129e+00
2.355000e-05	6.685410e-03	-7.239123e+00
2.356000e-05	-3.961712e-02	-7.479207e+00
2.357000e-05	9.121772e-02	-7.639621e+00
2.358000e-05	-5.425733e-02	-7.859204e+00
2.359000e-05	9.034619e-02	-8.049651e+00
2.360000e-05	-2.162404e-02	-8.259125e+00
2.361000e-05	3.957064e-02	-8.425898e+00
2.362000e-05	1.329302e-02	-8.574467e+00
2.363000e-05	-2.221976e-03	-8.783316e+00
2.364000e-05	6.166555e-02	-8.954266e+00
2.365000e-05	-5.697789e-03	-9.070659e+00
2.366000e-05	5.436750e-02	-9.228549e+00
2.367000e-05	-1.500059e-02	-9.427971e+00
2.368000e-05	4.825531e-02	-9.583390e+00
2.369000e-05	2.284620e-02	-9.692333e+00
2.370000e-05	2.830354e-02	-9.851649e+00
2.371000e-05	2.792400e-02	-9.954493e+00
2.372000e-05	2.292787e-02	-1.011384e+01
2.373000e-05	4.046492e-02	-1.027928e+01
2.374000e-05	1.344395e-02	-1.044868e+01
2.375000e-05	4.326272e-02	-1.056592e+01
2.376000e-05	2.676317e-02	-1.067273e+01
2.377000e-05	4.216560e-02	-1.081852e+01
2.378000e-05	2.145776e-02	-1.092489e+01
2.379000e-05	4.277753e-02	-1.102061e+01
2.380000e-05	3.478141e-02	-1.114700e+01
2.381000e-05	3.829201e-02	-1.130075e+01
2.382000e-05	3.521533e-02	-1.141905e+01
2.383000e-05	4.240439e-02	-1.153479e+01
2.384000e-05	4.382654e-02	-1.165053e+01
2.385000e-05	3.600025e-02	-1.171434e+01
2.386000e-05	4.447292e-02	-1.184058e+01
2.387000e-05	4.355343e-02	-1.194529e+01
2.388000e-05	4.910016e-02	-1.202858e+01
2.389000e-05	4.471367e-02	-1.211424e+01
2.390000e-05	5.293384e-02	-1.215634e+01
2.391000e-05	4.930812e-02	-1.221910e+01
2.392000e-05	5.120841e-02	-1.228260e+01
2.393000e-05	5.029743e-02	-1.230281e+01
2.394000e-05	5.429967e-02	-1.238704e+01
2.395000e-05	5.521642e-02	-1.239702e+01
2.396000e-05	5.597635e-02	-1.247073e+01
2.397000e-05	6.044441e-02	-1.251379e+01
2.398000e-05	6.094185e-02	-1.254379e+01
2.399000e-05	6.222209e-02	-1.259640e+01
2.400000e-05	6.068696e-02	-1.260738e+01
2.401000e-05	6.316688e-02	-1.259955e+01
2.402000e-05	6.652556e-02	-1.262903e+01
2.403000e-05	6.851189e-02	-1.266963e+01
2.404000e-05	7.176356e-02	-1.263111e+01
2.405000e-05	7.183406e-02	-1.269066e+01
2.406000e-05	7.172379e-02	-1.267118e+01
2.407000e-05	7.387404e-02	-1.262016e+01
2.408000e-05	7.737460e-02	-1.265061e+01
2.409000e-05	8.205773e-02	-1.262961e+01
2.410000e-05	8.187214e-02	-1.265863e+01
2.411000e-05	8.431658e-02	-1.258700e+01
2.412000e-05	8.814489e-02	-1.256853e+01
2.413000e-05	9.066516e-02	-1.252580e+01
2.414000e-05	9.605099e-02	-1.253425e+01
2.415000e-05	9.925675e-02	-1.245220e+01
2.416000e-05	1.046847e-01	-1.239957e+01
2.417000e-05	1.085400e-01	-1.236643e+01
2.418000e-05	1.122814e-01	-1.229477e+01
2.419000e-05	1.182840e-01	-1.221206e+01
2.420000e-05	1.213352e-01	-1.218842e+01
2.421000e-05	1.241774e-01	-1.210530e+01
2.422000e-05	1.251803e-01	-1.204256e+01
2.423000e-05	1.256693e-01	-1.198689e+01
2.424000e-05	1.234800e-01	-1.186521e+01
2.425000e-05	1.204287e-01	-1.176790e+01
2.426000e-05	1.170754e-01	-1.164366e+01
2.427000e-05	1.121950e-01	-1.155797e+01
2.428000e-05	1.074116e-01	-1.139966e+01
2.429000e-05	1.016614e-01	-1.129587e+01
2.430000e-05	9.800102e-02	-1.121043e+01
2.431000e-05	9.107447e-02	-1.109269e+01
2.432000e-05	8.621326e-02	-1.094690e+01
2.433000e-05	8.075542e-02	-1.088358e+01
2.434000e-05	7.752535e-02	-1.072887e+01
2.435000e-05	7.322162e-02	-1.065208e+01
2.436000e-05	6.851849e-02	-1.049732e+01
2.437000e-05	6.505931e-02	-1.040860e+01
2.438000e-05	6.161964e-02	-1.022200e+01
2.439000e-05	5.845665e-02	-1.011526e+01
2.440000e-05	5.472543e-02	-9.929902e+00
2.441000e-05	5.122068e-02	-9.850608e+00
2.442000e-05	5.027724e-02	-9.684212e+00
2.443000e-05	4.536521e-02	-9.517394e+00
2.444000e-05	4.409079e-02	-9.386847e+00
2.445000e-05	4.047677e-02	-9.191628e+00
2.446000e-05	3.880250e-02	-9.022110e+00
2.447000e-05	3.795468e-02	-8.845737e+00
2.448000e-05	3.577770e-02	-8.665820e+00
2.449000e-05	3.327474e-02	-8.525242e+00
2.450000e-05	3.171050e-02	-8.347919e+00
2.451000e-05	3.093069e-02	-8.169876e+00
2.452000e-05	2.790609e-02	-7.971032e+00
2.453000e-05	2.613517e-02	-7.781373e+00
2.454000e-05	2.466931e-02	-7.558975e+00
2.455000e-05	2.428364e-02	-7.349404e+00
2.456000e-05	2.239800e-02	-7.150454e+00
2.457000e-05	2.063196e-02	-6.950426e+00
2.458000e-05	1.929052e-02	-6.748925e+00
2.459000e-05	1.974042e-02	-6.558977e+00
2.460000e-05	1.812693e-02	-6.380477e+00
2.461000e-05	1.687268e-02	-6.131401e+00
2.462000e-05	1.569509e-02	-5.929422e+00
2.463000e-05	1.494158e-02	-5.717326e+00
2.464000e-05	1.429685e-02	-5.530451e+00
2.465000e-05	1.198492e-02	-5.307220e+00
2.466000e-05	1.240137e-02	-5.053691e+00
2.467000e-05	9.406118e-03	-4.813035e+00
2.468000e-05	1.103031e-02	-4.581425e+00
2.469000e-05	9.157401e-03	-4.382054e+00
2.470000e-05	9.150016e-03	-4.182408e+00
2.471000e-05	6.775457e-03	-3.953003e+00
2.472000e-05	7.021723e-03	-3.738371e+00
2.473000e-05	6.204536e-03	-3.539271e+00
2.474000e-05	5.231759e-03	-3.297346e+00
2.475000e-05	4.397171e-03	-3.077644e+00
2.476000e-05	3.089968e-03	-2.762508e+00
2.477000e-05	2.935056e-03	-2.602082e+00
2.478000e-05	2.337344e-03	-2.310997e+00
2.479000e-05	1.709269e-03	-2.138751e+00
2.480000e-05	3.600811e-04	-1.897218e+00
2.481000e-05	1.144621e-04	-1.695741e+00
2.482000e-05	-1.158766e-03	-1.414492e+00
2.483000e-05	-1.339916e-03	-1.139921e+00
2.484000e-05	-1.410488e-03	-8.582919e-01
2.485000e-05	-2.100502e-03	-6.865959e-01
2.486000e-05	-5.631305e-03	-3.935853e-01
2.487000e-05	-4.267954e-03	-2.346064e-01
2.488000e-05	-2.358229e-03	1.302770e-02
2.489000e-05	5.592963e-03	2.886266e-01
2.490000e-05	-3.086290e-03	4.732117e-01
2.491000e-05	-4.584645e-04	7.121815e-01
2.492000e-05	-2.822806e-03	9.007044e-01
2.493000e-05	-4.275196e-03	1.135306e+00
2.494000e-05	-5.640933e-03	1.407496e+00
2.495000e-05	-9.462539e-04	1.588024e+00
2.496000e-05	2.012589e-02	1.869574e+00
2.497000e-05	6.605074e-02	2.028099e+00
2.498000e-05	-5.546906e-03	2.302330e+00
2.499000e-05	-7.150543e-02	2.562443e+00
2.500000e-05	-2.500136e-02	2.849050e+00
2.501000e-05	-4.025968e-02	3.039128e+00
2.502000e-05	-7.108528e-02	3.188970e+00
2.503000e-05	6.907973e-02	3.365893e+00
2.504000e-05	6.528696e-02	3.578521e+00
2.505000e-05	-1.548876e-01	3.766969e+00
2.506000e-05	1.506842e-01	3.968470e+00
2.507000e-05	-8.505362e-02	4.250225e+00
2.508000e-05	-4.098113e-02	4.469653e+00
2.509000e-05	6.577362e-02	4.670234e+00
2.510000e-05	-6.497893e-02	4.922338e+00
2.511000e-05	1.866083e-02	5.234524e+00
2.512000e-05	-1.248225e-02	5.509180e+00
2.513000e-05	-3.301494e-02	5.679704e+00
2.514000e-05	2.029952e-03	5.860183e+00
2.515000e-05	-3.900483e-02	6.112788e+00
2.516000e-05	-2.086721e-03	6.322786e+00
2.517000e-05	-3.496612e-02	6.522783e+00
2.518000e-05	7.573084e-03	6.742787e+00
2.519000e-05	-1.297635e-02	6.963841e+00
2.520000e-05	-3.714675e-02	7.145316e+00
2.521000e-05	1.826665e-02	7.415837e+00
2.522000e-05	-5.919668e-02	7.576095e+00
2.523000e-05	-4.599380e-03	7.775920e+00
2.524000e-05	-2.182310e-02	7.986021e+00
2.525000e-05	-2.027969e-02	8.178571e+00
2.526000e-05	-1.531466e-02	8.365870e+00
2.527000e-05	-3.788657e-02	8.523767e+00
2.528000e-05	-1.594682e-02	8.680656e+00
2.529000e-05	-3.467614e-02	8.788104e+00
2.530000e-05	-1.098820e-02	8.989050e+00
2.531000e-05	-3.321381e-02	9.147941e+00
2.532000e-05	-2.222010e-02	9.353368e+00
2.533000e-05	-2.656137e-02	9.492809e+00
2.534000e-05	-3.613444e-02	9.628129e+00
2.535000e-05	-2.673664e-02	9.817399e+00
2.536000e-05	-2.980320e-02	9.953412e+00
2.537000e-05	-2.524389e-02	1.010271e+01
2.538000e-05	-3.865473e-02	1.022858e+01
2.539000e-05	-2.869255e-02	1.036587e+01
2.540000e-05	-3.576063e-02	1.050324e+01
2.541000e-05	-3.506962e-02	1.063956e+01
2.542000e-05	-3.894008e-02	1.077554e+01
2.543000e-05	-3.453754e-02	1.090376e+01
2.544000e-05	-3.818062e-02	1.101808e+01
2.545000e-05	-4.212791e-02	1.113437e+01
2.546000e-05	-3.938668e-02	1.124918e+01
2.547000e-05	-4.164876e-02	1.135652e+01
2.548000e-05	-4.153201e-02	1.152032e+01
2.549000e-05	-4.520629e-02	1.163698e+01
2.550000e-05	-4.250728e-02	1.175287e+01
2.551000e-05	-4.757497e-02	1.182853e+01
2.552000e-05	-4.932163e-02	1.190427e+01
2.553000e-05	-4.905376e-02	1.195657e+01
2.554000e-05	-4.851068e-02	1.204066e+01
2.555000e-05	-5.314165e-02	1.215337e+01
2.556000e-05	-5.446648e-02	1.219893e+01
2.557000e-05	-5.235549e-02	1.230966e+01
2.558000e-05	-5.544020e-02	1.234337e+01
2.559000e-05	-5.810724e-02	1.241743e+01
2.560000e-05	-6.161174e-02	1.243066e+01
2.561000e-05	-6.031378e-02	1.245327e+01
2.562000e-05	-6.273451e-02	1.252432e+01
2.563000e-05	-6.449482e-02	1.255532e+01
2.564000e-05	-6.514299e-02	1.258692e+01
2.565000e-05	-6.773117e-02	1.257898e+01
2.566000e-05	-7.056053e-02	1.263006e+01
2.567000e-05	-7.135349e-02	1.264956e+01
2.568000e-05	-7.096552e-02	1.262066e+01
2.569000e-05	-7.326064e-02	1.266314e+01
2.570000e-05	-7.555639e-02	1.273206e+01
2.571000e-05	-7.850109e-02	1.265066e+01
2.572000e-05	-8.029939e-02	1.271122e+01
2.573000e-05	-8.435286e-02	1.268319e+01
2.574000e-05	-8.476864e-02	1.264061e+01
2.575000e-05	-8.663968e-02	1.264206e+01
2.576000e-05	-8.939906e-02	1.263006e+01
2.577000e-05	-9.266260e-02	1.264061e+01
2.578000e-05	-9.561591e-02	1.258851e+01
2.579000e-05	-9.854676e-02	1.254788e+01
2.580000e-05	-1.032527e-01	1.255585e+01
2.581000e-05	-1.065339e-01	1.250311e+01
2.582000e-05	-1.115335e-01	1.247319e+01
2.583000e-05	-1.173095e-01	1.236851e+01
2.584000e-05	-1.226865e-01	1.232545e+01
2.585000e-05	-1.269105e-01	1.229171e+01
2.586000e-05	-1.283844e-01	1.217938e+01
2.587000e-05	-1.315751e-01	1.211484e+01
2.588000e-05	-1.317115e-01	1.203966e+01
2.589000e-05	-1.305156e-01	1.194696e+01
2.590000e-05	-1.267284e-01	1.187122e+01
2.591000e-05	-1.250227e-01	1.176798e+01
2.592000e-05	-1.220981e-01	1.168322e+01
2.593000e-05	-1.165450e-01	1.154896e+01
2.594000e-05	-1.115438e-01	1.145174e+01
2.595000e-05	-1.057077e-01	1.135688e+01
2.596000e-05	-1.009246e-01	1.120159e+01
2.597000e-05	-9.421357e-02	1.108529e+01
2.598000e-05	-9.273492e-02	1.100956e+01
2.599000e-05	-8.656940e-02	1.089527e+01
2.600000e-05	-8.311785e-02	1.079903e+01
2.601000e-05	-7.617236e-02	1.063266e+01
2.602000e-05	-7.460106e-02	1.050434e+01
2.603000e-05	-6.978913e-02	1.035047e+01
2.604000e-05	-6.676412e-02	1.022011e+01
2.605000e-05	-6.208818e-02	1.011632e+01
2.606000e-05	-6.129701e-02	9.939529e+00
2.607000e-05	-5.758307e-02	9.792957e+00
2.608000e-05	-5.516570e-02	9.642692e+00
2.609000e-05	-5.132180e-02	9.494242e+00
2.610000e-05	-5.082578e-02	9.338374e+00
2.611000e-05	-4.776957e-02	9.210506e+00
2.612000e-05	-4.540453e-02	8.983039e+00
2.613000e-05	-4.319026e-02	8.822191e+00
2.614000e-05	-4.230412e-02	8.665686e+00
2.615000e-05	-4.065421e-02	8.507293e+00
2.616000e-05	-3.846214e-02	8.389379e+00
2.617000e-05	-3.627021e-02	8.119405e+00
2.618000e-05	-3.606251e-02	7.948425e+00
2.619000e-05	-3.430609e-02	7.718955e+00
2.620000e-05	-3.313951e-02	7.568500e+00
2.621000e-05	-3.102904e-02	7.326799e+00
2.622000e-05	-3.095482e-02	7.097349e+00
2.623000e-05	-2.966880e-02	6.897924e+00
2.624000e-05	-2.740372e-02	6.779353e+00
2.625000e-05	-2.755342e-02	6.526800e+00
2.626000e-05	-2.571578e-02	6.317871e+00
2.627000e-05	-2.479809e-02	6.146872e+00
2.628000e-05	-2.341829e-02	5.970328e+00
2.629000e-05	-2.308665e-02	5.727852e+00
2.630000e-05	-2.251331e-02	5.528826e+00
2.631000e-05	-2.183765e-02	5.266193e+00
2.632000e-05	-2.042029e-02	5.022692e+00
2.633000e-05	-1.923534e-02	4.800033e+00
2.634000e-05	-1.915949e-02	4.559405e+00
2.635000e-05	-1.811875e-02	4.360529e+00
2.636000e-05	-1.764015e-02	4.108454e+00
2.637000e-05	-1.523469e-02	3.867820e+00
2.638000e-05	-1.517010e-02	3.695196e+00
2.639000e-05	-1.373289e-02	3.466825e+00
2.640000e-05	-1.322212e-02	3.213093e+00
2.641000e-05	-1.209989e-02	2.992061e+00
2.642000e-05	-1.273125e-02	2.781583e+00
2.643000e-05	-1.205981e-02	2.549380e+00
2.644000e-05	-1.113820e-02	2.258246e+00
2.645000e-05	-9.620391e-03	2.066143e+00
2.646000e-05	-9.757058e-03	1.834717e+00
2.647000e-05	-9.217032e-03	1.591491e+00
2.648000e-05	-7.200078e-03	1.360956e+00
2.649000e-05	-6.670224e-03	1.109297e+00
2.650000e-05	-6.285747e-03	8.050642e-01
2.651000e-05	-7.343749e-03	5.825590e-01
2.652000e-05	-5.298322e-03	3.914566e-01
2.653000e-05	-5.135911e-03	1.188086e-01
2.654000e-05	-1.539751e-03	-1.027542e-01
2.655000e-05	7.003705e-03	-3.137604e-01
2.656000e-05	-3.231532e-03	-5.037293e-01
2.657000e-05	4.291243e-03	-8.073871e-01
2.658000e-05	-3.967804e-04	-9.559332e-01
2.659000e-05	5.069899e-03	-1.137387e+00
2.660000e-05	1.660705e-03	-1.457445e+00
2.661000e-05	2.198253e-02	-1.659101e+00
2.662000e-05	8.548932e-02	-1.819069e+00
2.663000e-05	-2.249512e-03	-2.121230e+00
2.664000e-05	-6.112153e-02	-2.489724e+00
2.665000e-05	-4.757936e-03	-2.764785e+00
2.666000e-05	-5.793607e-02	-2.922732e+00
2.667000e-05	-3.913248e-02	-3.132233e+00
2.668000e-05	1.751585e-01	-3.239949e+00
2.669000e-05	-1.022385e-01	-3.408092e+00
2.670000e-05	1.127859e-02	-3.663028e+00
2.671000e-05	1.002373e-01	-3.817992e+00
2.672000e-05	-1.743377e-01	-4.132809e+00
2.673000e-05	1.498295e-01	-4.334262e+00
2.674000e-05	-3.099050e-02	-4.532806e+00
2.675000e-05	-3.724423e-02	-4.817541e+00
2.676000e-05	1.501820e-01	-4.965339e+00
2.677000e-05	-1.277144e-01	-5.248542e+00
2.678000e-05	9.574602e-02	-5.500730e+00
2.679000e-05	-2.286053e-02	-5.722278e+00
2.680000e-05	-2.637648e-02	-5.934838e+00
2.681000e-05	1.044891e-01	-6.153759e+00
2.682000e-05	-8.982782e-02	-6.374938e+00
2.683000e-05	1.070933e-01	-6.585418e+00
2.684000e-05	-4.199574e-02	-6.795890e+00
2.685000e-05	4.061439e-02	-7.018521e+00
2.686000e-05	5.155096e-02	-7.197994e+00
2.687000e-05	-7.132031e-02	-7.439596e+00
2.688000e-05	1.050826e-01	-7.606420e+00
2.689000e-05	-5.350151e-02	-7.868049e+00
2.690000e-05	7.290340e-02	-8.050200e+00
2.691000e-05	3.007845e-03	-8.227050e+00
2.692000e-05	1.458543e-02	-8.396394e+00
2.693000e-05	3.768688e-02	-8.584387e+00
2.694000e-05	-2.213640e-02	-8.743238e+00
2.695000e-05	7.187142e-02	-8.921735e+00
2.696000e-05	-5.377761e-03	-9.060625e+00
2.697000e-05	5.371001e-02	-9.208020e+00
2.698000e-05	-7.506305e-03	-9.406367e+00
2.699000e-05	3.152284e-02	-9.552316e+00
2.700000e-05	3.333628e-02	-9.693208e+00
2.701000e-05	1.935922e-02	-9.828524e+00
2.702000e-05	3.822850e-02	-9.934865e+00
2.703000e-05	1.516604e-02	-1.011371e+01
2.704000e-05	4.626704e-02	-1.026113e+01
2.705000e-05	1.125471e-02	-1.041407e+01
2.706000e-05	4.281694e-02	-1.053534e+01
2.707000e-05	2.548634e-02	-1.067211e+01
2.708000e-05	3.962312e-02	-1.079805e+01
2.709000e-05	2.360553e-02	-1.088374e+01
2.710000e-05	3.847935e-02	-1.105910e+01
2.711000e-05	3.907919e-02	-1.114539e+01
2.712000e-05	3.688407e-02	-1.131071e+01
2.713000e-05	3.834286e-02	-1.144647e+01
2.714000e-05	3.695781e-02	-1.148378e+01
2.715000e-05	4.693822e-02	-1.161708e+01
2.716000e-05	3.567162e-02	-1.174234e+01
2.717000e-05	4.522308e-02	-1.183005e+01
2.718000e-05	4.222894e-02	-1.195289e+01
2.719000e-05	4.810909e-02	-1.198860e+01
2.720000e-05	4.243565e-02	-1.209376e+01
2.721000e-05	5.164323e-02	-1.213590e+01
2.722000e-05	5.169664e-02	-1.220848e+01
2.723000e-05	5.185799e-02	-1.229113e+01
2.724000e-05	4.935724e-02	-1.229331e+01
2.725000e-05	5.237901e-02	-1.236642e+01
2.726000e-05	5.561243e-02	-1.242900e+01
2.727000e-05	5.572210e-02	-1.246165e+01
2.728000e-05	5.838763e-02	-1.251166e+01
2.729000e-05	5.918342e-02	-1.257486e+01
2.730000e-05	6.129257e-02	-1.256683e+01
2.731000e-05	6.324578e-02	-1.258750e+01
2.732000e-05	6.453861e-02	-1.260898e+01
2.733000e-05	6.580155e-02	-1.263755e+01
2.734000e-05	6.816096e-02	-1.266000e+01
2.735000e-05	7.059814e-02	-1.268011e+01
2.736000e-05	7.160750e-02	-1.266064e+01
2.737000e-05	7.101706e-02	-1.268159e+01
2.738000e-05	7.387166e-02	-1.268166e+01
2.739000e-05	7.661641e-02	-1.266018e+01
2.740000e-05	8.044710e-02	-1.267953e+01
2.741000e-05	8.258150e-02	-1.261061e+01
2.742000e-05	8.613026e-02	-1.259948e+01
2.743000e-05	8.762217e-02	-1.262950e+01
2.744000e-05	8.918813e-02	-1.256740e+01
2.745000e-05	9.532144e-02	-1.250577e+01
2.746000e-05	9.762056e-02	-1.244169e+01
2.747000e-05	1.048549e-01	-1.241058e+01
2.748000e-05	1.076937e-01	-1.238950e+01
2.749000e-05	1.120457e-01	-1.233436e+01
2.750000e-05	1.185377e-01	-1.225008e+01
2.751000e-05	1.186170e-01	-1.217898e+01
2.752000e-05	1.253168e-01	-1.212532e+01
2.753000e-05	1.235136e-01	-1.206176e+01
2.754000e-05	1.260134e-01	-1.196793e+01
2.755000e-05	1.230626e-01	-1.186214e+01
2.756000e-05	1.223865e-01	-1.179698e+01
2.757000e-05	1.170038e-01	-1.166319e+01
2.758000e-05	1.131382e-01	-1.157945e+01
2.759000e-05	1.074703e-01	-1.147049e+01
2.760000e-05	1.036920e-01	-1.127680e+01
2.761000e-05	9.838711e-02	-1.120001e+01
2.762000e-05	9.325307e-02	-1.111522e+01
2.763000e-05	8.772354e-02	-1.098737e+01
2.764000e-05	8.116560e-02	-1.089411e+01
2.765000e-05	7.675090e-02	-1.076900e+01
2.766000e-05	7.314574e-02	-1.066416e+01
2.767000e-05	7.145440e-02	-1.051683e+01
2.768000e-05	6.645261e-02	-1.041048e+01
2.769000e-05	6.196689e-02	-1.026364e+01
2.770000e-05	5.783556e-02	-1.010482e+01
2.771000e-05	5.606532e-02	-9.949951e+00
2.772000e-05	5.305465e-02	-9.842155e+00
2.773000e-05	5.053725e-02	-9.716242e+00
2.774000e-05	4.757450e-02	-9.559400e+00
2.775000e-05	4.391512e-02	-9.408450e+00
2.776000e-05	4.050108e-02	-9.201609e+00
2.777000e-05	3.841072e-02	-9.064184e+00
2.778000e-05	3.829487e-02	-8.915743e+00
2.779000e-05	3.611342e-02	-8.758351e+00
2.780000e-05	3.400654e-02	-8.556743e+00
2.781000e-05	3.262391e-02	-8.330453e+00
2.782000e-05	3.212011e-02	-8.200531e+00
2.783000e-05	2.886145e-02	-8.063085e+00
2.784000e-05	2.516080e-02	-7.782506e+00
2.785000e-05	2.500040e-02	-7.581434e+00
2.786000e-05	2.359620e-02	-7.390976e+00
2.787000e-05	2.323442e-02	-7.170532e+00
2.788000e-05	2.122018e-02	-7.021009e+00
2.789000e-05	2.062963e-02	-6.758956e+00
2.790000e-05	1.932314e-02	-6.557932e+00
2.791000e-05	1.795125e-02	-6.410134e+00
2.792000e-05	1.629995e-02	-6.211033e+00
2.793000e-05	1.613466e-02	-5.960428e+00
2.794000e-05	1.501203e-02	-5.731426e+00
2.795000e-05	1.440590e-02	-5.560448e+00
2.796000e-05	1.110397e-02	-5.367901e+00
2.797000e-05	1.256405e-02	-5.087190e+00
2.798000e-05	1.071318e-02	-4.844134e+00
2.799000e-05	1.187568e-02	-4.603478e+00
2.800000e-05	8.767708e-03	-4.403007e+00
2.801000e-05	8.561372e-03	-4.203987e+00
2.802000e-05	7.063491e-03	-4.019579e+00
2.803000e-05	8.695187e-03	-3.824882e+00
2.804000e-05	4.383760e-03	-3.550900e+00
2.805000e-05	5.253475e-03	-3.358422e+00
2.806000e-05	3.824701e-03	-3.098817e+00
2.807000e-05	3.335252e-03	-2.863664e+00
2.808000e-05	1.591673e-03	-2.664561e+00
2.809000e-05	3.057208e-03	-2.373010e+00
2.810000e-05	2.854663e-03	-2.203502e+00
2.811000e-05	1.302399e-03	-1.928346e+00
2.812000e-05	-1.478626e-05	-1.699246e+00
2.813000e-05	-1.106674e-03	-1.476618e+00
2.814000e-05	-5.924050e-04	-1.181450e+00
2.815000e-05	-2.880551e-03	-9.508747e-01
2.816000e-05	-3.154545e-03	-6.887720e-01
2.817000e-05	-4.859175e-03	-4.556155e-01
2.818000e-05	-3.482621e-03	-2.351093e-01
2.819000e-05	-2.679263e-03	4.896190e-03
2.820000e-05	3.880432e-03	2.080922e-01
2.821000e-05	-4.905518e-04	4.596289e-01
2.822000e-05	-2.892187e-03	6.496551e-01
2.823000e-05	-1.397423e-03	8.495050e-01
2.824000e-05	-5.151084e-03	1.133684e+00
2.825000e-05	-4.701141e-03	1.344839e+00
2.826000e-05	-3.969142e-03	1.576987e+00
2.827000e-05	1.407612e-02	1.809996e+00
2.828000e-05	5.973331e-02	2.058546e+00
2.829000e-05	1.810974e-02	2.300622e+00
2.830000e-05	-7.925725e-02	2.531259e+00
2.831000e-05	-2.336687e-02	2.817444e+00
2.832000e-05	-3.790872e-02	2.987071e+00
2.833000e-05	-6.574751e-02	3.145422e+00
2.834000e-05	2.783302e-02	3.332414e+00
2.835000e-05	1.079771e-01	3.585891e+00
2.836000e-05	-1.672285e-01	3.755943e+00
2.837000e-05	1.217095e-01	3.935363e+00
2.838000e-05	-2.974319e-02	4.257444e+00
2.839000e-05	-8.200580e-02	4.430105e+00
2.840000e-05	7.720317e-02	4.688628e+00
2.841000e-05	-5.752867e-02	4.868679e+00
2.842000e-05	-2.160137e-04	5.164490e+00
2.843000e-05	6.209204e-03	5.417525e+00
2.844000e-05	-4.078218e-02	5.658574e+00
2.845000e-05	6.590732e-03	5.879525e+00
2.846000e-05	-3.884418e-02	6.111678e+00
2.847000e-05	-7.491130e-03	6.312183e+00
2.848000e-05	-2.795646e-02	6.501805e+00
2.849000e-05	-5.366756e-03	6.734393e+00
2.850000e-05	2.467955e-03	6.924266e+00
2.851000e-05	-4.784990e-02	7.125263e+00
2.852000e-05	2.245987e-02	7.342864e+00
2.853000e-05	-5.416287e-02	7.551837e+00
2.854000e-05	-1.414194e-02	7.763896e+00
2.855000e-05	-1.516172e-02	7.964918e+00
2.856000e-05	-2.402802e-02	8.195926e+00
2.857000e-05	-1.163767e-02	8.324365e+00
2.858000e-05	-3.902362e-02	8.501762e+00
2.859000e-05	-1.674290e-02	8.670177e+00
2.860000e-05	-3.287995e-02	8.828048e+00
2.861000e-05	-1.303851e-02	9.005392e+00
2.862000e-05	-3.050044e-02	9.144491e+00
2.863000e-05	-2.648837e-02	9.304786e+00
2.864000e-05	-2.330198e-02	9.471678e+00
2.865000e-05	-3.482452e-02	9.589122e+00
2.866000e-05	-2.843255e-02	9.806974e+00
2.867000e-05	-3.034682e-02	9.911363e+00
2.868000e-05	-2.639908e-02	1.007271e+01
2.869000e-05	-3.690871e-02	1.021800e+01
2.870000e-05	-3.167305e-02	1.029546e+01
2.871000e-05	-3.225122e-02	1.049228e+01
2.872000e-05	-3.584842e-02	1.060103e+01
2.873000e-05	-3.890872e-02	1.078437e+01
2.874000e-05	-3.616287e-02	1.088279e+01
2.875000e-05	-3.773129e-02	1.098950e+01
2.876000e-05	-4.215483e-02	1.113324e+01
2.877000e-05	-4.093404e-02	1.123020e+01
2.878000e-05	-3.900557e-02	1.136677e+01
2.879000e-05	-4.047350e-02	1.151966e+01
2.880000e-05	-4.600858e-02	1.160500e+01
2.881000e-05	-4.382563e-02	1.169487e+01
2.882000e-05	-4.666451e-02	1.180808e+01
2.883000e-05	-4.859367e-02	1.190269e+01
2.884000e-05	-5.060335e-02	1.201592e+01
2.885000e-05	-4.843791e-02	1.201903e+01
2.886000e-05	-5.236150e-02	1.209572e+01
2.887000e-05	-5.415016e-02	1.221690e+01
2.888000e-05	-5.380007e-02	1.228003e+01
2.889000e-05	-5.479038e-02	1.230334e+01
2.890000e-05	-5.714401e-02	1.238742e+01
2.891000e-05	-6.166795e-02	1.241058e+01
2.892000e-05	-6.041053e-02	1.250269e+01
2.893000e-05	-6.196788e-02	1.253481e+01
2.894000e-05	-6.312215e-02	1.258537e+01
2.895000e-05	-6.605686e-02	1.256545e+01
2.896000e-05	-6.689814e-02	1.261945e+01
2.897000e-05	-7.101530e-02	1.260951e+01
2.898000e-05	-7.126151e-02	1.267013e+01
2.899000e-05	-7.010410e-02	1.268156e+01
2.900000e-05	-7.213260e-02	1.267326e+01
2.901000e-05	-7.480239e-02	1.268211e+01
2.902000e-05	-7.822583e-02	1.268214e+01
2.903000e-05	-7.922996e-02	1.267074e+01
2.904000e-05	-8.341982e-02	1.268071e+01
2.905000e-05	-8.467231e-02	1.265114e+01
2.906000e-05	-8.639067e-02	1.266219e+01
2.907000e-05	-8.816620e-02	1.267966e+01
2.908000e-05	-9.168970e-02	1.263156e+01
2.909000e-05	-9.475329e-02	1.259998e+01
2.910000e-05	-9.713901e-02	1.260845e+01
2.911000e-05	-1.018571e-01	1.254638e+01
2.912000e-05	-1.071194e-01	1.245534e+01
2.913000e-05	-1.114615e-01	1.246269e+01
2.914000e-05	-1.157865e-01	1.243056e+01
2.915000e-05	-1.208805e-01	1.232545e+01
2.916000e-05	-1.258350e-01	1.229234e+01
2.917000e-05	-1.288223e-01	1.221953e+01
2.918000e-05	-1.300306e-01	1.213443e+01
2.919000e-05	-1.306834e-01	1.202226e+01
2.920000e-05	-1.319917e-01	1.197850e+01
2.921000e-05	-1.295343e-01	1.187319e+01
2.922000e-05	-1.259364e-01	1.181943e+01
2.923000e-05	-1.215599e-01	1.169427e+01
2.924000e-05	-1.175337e-01	1.159955e+01
2.925000e-05	-1.120628e-01	1.146309e+01
2.926000e-05	-1.072304e-01	1.138690e+01
2.927000e-05	-1.021136e-01	1.124116e+01
2.928000e-05	-9.644189e-02	1.110735e+01
2.929000e-05	-9.235145e-02	1.102011e+01
2.930000e-05	-8.670730e-02	1.088529e+01
2.931000e-05	-8.357172e-02	1.084108e+01
2.932000e-05	-7.817493e-02	1.064271e+01
2.933000e-05	-7.559631e-02	1.050730e+01
2.934000e-05	-6.856321e-02	1.035958e+01
2.935000e-05	-6.876038e-02	1.022221e+01
2.936000e-05	-6.128960e-02	1.011688e+01
2.937000e-05	-6.182992e-02	9.999529e+00
2.938000e-05	-5.788861e-02	9.821512e+00
2.939000e-05	-5.502254e-02	9.703639e+00
2.940000e-05	-5.376716e-02	9.484270e+00
2.941000e-05	-4.964999e-02	9.348454e+00
2.942000e-05	-5.025140e-02	9.223606e+00
2.943000e-05	-4.508683e-02	9.062116e+00
2.944000e-05	-4.420392e-02	8.903638e+00
2.945000e-05	-4.249744e-02	8.665717e+00
2.946000e-05	-3.941745e-02	8.507320e+00
2.947000e-05	-3.823356e-02	8.390527e+00
2.948000e-05	-3.618346e-02	8.169034e+00
2.949000e-05	-3.651287e-02	7.959979e+00
2.950000e-05	-3.505597e-02	7.779981e+00
2.951000e-05	-3.325230e-02	7.621407e+00
2.952000e-05	-3.170485e-02	7.388501e+00
2.953000e-05	-3.056265e-02	7.148904e+00
2.954000e-05	-2.937356e-02	6.959983e+00
2.955000e-05	-2.812570e-02	6.781457e+00
2.956000e-05	-2.529182e-02	6.559380e+00
2.957000e-05	-2.563038e-02	6.339478e+00
2.958000e-05	-2.569304e-02	6.138903e+00
2.959000e-05	-2.466900e-02	5.970529e+00
2.960000e-05	-2.354274e-02	5.740381e+00
2.961000e-05	-2.188490e-02	5.580824e+00
2.962000e-05	-2.112810e-02	5.307347e+00
2.963000e-05	-1.937697e-02	5.077615e+00
2.964000e-05	-1.994835e-02	4.783561e+00
2.965000e-05	-1.846572e-02	4.601513e+00
2.966000e-05	-1.853003e-02	4.382555e+00
2.967000e-05	-1.609328e-02	4.171434e+00
2.968000e-05	-1.601048e-02	3.939299e+00
2.969000e-05	-1.478812e-02	3.717844e+00
2.970000e-05	-1.459627e-02	3.498850e+00
2.971000e-05	-1.364919e-02	3.235215e+00
2.972000e-05	-1.299565e-02	3.033587e+00
2.973000e-05	-1.180481e-02	2.834037e+00
2.974000e-05	-1.127140e-02	2.611038e+00
2.975000e-05	-1.025667e-02	2.336825e+00
2.976000e-05	-9.520266e-03	2.107794e+00
2.977000e-05	-9.196683e-03	1.889272e+00
2.978000e-05	-9.758933e-03	1.593617e+00
2.979000e-05	-8.399575e-03	1.382509e+00
2.980000e-05	-6.852357e-03	1.180879e+00
2.981000e-05	-6.669328e-03	8.757944e-01
2.982000e-05	-6.529500e-03	6.451380e-01
2.983000e-05	-4.992072e-03	4.450880e-01
2.984000e-05	-3.196810e-03	1.605627e-01
2.985000e-05	-1.880302e-03	-7.172652e-02
2.986000e-05	6.798159e-03	-2.701777e-01
2.987000e-05	-1.675339e-03	-4.206490e-01
2.988000e-05	3.086883e-03	-7.512854e-01
2.989000e-05	-1.739995e-03	-9.143368e-01
2.990000e-05	2.115744e-03	-1.144356e+00
2.991000e-05	-2.583096e-04	-1.355940e+00
2.992000e-05	1.760747e-02	-1.618544e+00
2.993000e-05	7.857043e-02	-1.787494e+00
2.994000e-05	2.974259e-02	-2.079649e+00
2.995000e-05	-7.486622e-02	-2.466020e+00
2.996000e-05	1.740616e-03	-2.720779e+00
2.997000e-05	-5.418277e-02	-2.861704e+00
2.998000e-05	-5.553966e-02	-3.092232e+00
2.999000e-05	1.541420e-01	-3.218022e+00
3.000000e-05	-3.001076e-02	-3.385464e+00
3.001000e-05	-5.869520e-02	-3.600578e+00
3.002000e-05	1.420478e-01	-3.817516e+00
3.003000e-05	-1.834452e-01	-4.091254e+00
3.004000e-05	1.133693e-01	-4.312211e+00
3.005000e-05	2.242698e-02	-4.491077e+00
3.006000e-05	-8.158762e-02	-4.753365e+00
3.007000e-05	1.602689e-01	-4.925362e+00
3.008000e-05	-1.011523e-01	-5.195941e+00
3.009000e-05	4.409859e-02	-5.500633e+00
3.010000e-05	2.914857e-02	-5.711230e+00
3.011000e-05	-7.131201e-02	-5.902283e+00
3.012000e-05	1.277890e-01	-6.080704e+00
3.013000e-05	-8.723915e-02	-6.361309e+00
3.014000e-05	8.502866e-02	-6.575287e+00
3.015000e-05	-3.733571e-03	-6.743313e+00
3.016000e-05	-2.799819e-03	-7.005421e+00
3.017000e-05	8.810965e-02	-7.195469e+00
3.018000e-05	-9.249332e-02	-7.406917e+00
3.019000e-05	1.025042e-01	-7.565441e+00
3.020000e-05	-3.615169e-02	-7.795919e+00
3.021000e-05	4.813428e-02	-8.047476e+00
3.022000e-05	3.133935e-02	-8.196338e+00
3.023000e-05	-9.027001e-03	-8.343390e+00
3.024000e-05	5.592761e-02	-8.523207e+00
3.025000e-05	-3.300030e-02	-8.712258e+00
3.026000e-05	6.885674e-02	-8.879580e+00
3.027000e-05	1.009218e-03	-9.028545e+00
3.028000e-05	4.380105e-02	-9.177421e+00
3.029000e-05	7.307589e-03	-9.335442e+00
3.030000e-05	1.709466e-02	-9.512808e+00
3.031000e-05	4.663455e-02	-9.650232e+00
3.032000e-05	1.160117e-02	-9.827996e+00
3.033000e-05	4.400667e-02	-9.894891e+00
3.034000e-05	9.617556e-03	-1.008121e+01
3.035000e-05	4.658489e-02	-1.025858e+01
3.036000e-05	1.093812e-02	-1.045600e+01
3.037000e-05	3.959280e-02	-1.054539e+01
3.038000e-05	2.877790e-02	-1.064006e+01
3.039000e-05	3.857484e-02	-1.075397e+01
3.040000e-05	2.757374e-02	-1.088223e+01
3.041000e-05	3.320808e-02	-1.100702e+01
3.042000e-05	4.351775e-02	-1.116496e+01
3.043000e-05	3.389436e-02	-1.129115e+01
3.044000e-05	4.000629e-02	-1.139555e+01
3.045000e-05	3.307007e-02	-1.148271e+01
3.046000e-05	4.870528e-02	-1.156699e+01
3.047000e-05	3.430823e-02	-1.169386e+01
3.048000e-05	4.414810e-02	-1.186903e+01
3.049000e-05	4.319870e-02	-1.188271e+01
3.050000e-05	4.841415e-02	-1.198802e+01
3.051000e-05	4.430254e-02	-1.206221e+01
3.052000e-05	4.884280e-02	-1.214432e+01
3.053000e-05	5.244207e-02	-1.221947e+01
3.054000e-05	4.994824e-02	-1.226008e+01
3.055000e-05	5.020248e-02	-1.232381e+01
3.056000e-05	4.900156e-02	-1.232390e+01
3.057000e-05	5.603369e-02	-1.239900e+01
3.058000e-05	5.489319e-02	-1.242963e+01
3.059000e-05	5.967636e-02	-1.248366e+01
3.060000e-05	6.037936e-02	-1.253382e+01
3.061000e-05	6.002777e-02	-1.255592e+01
3.062000e-05	6.206967e-02	-1.257748e+01
3.063000e-05	6.304481e-02	-1.262005e+01
3.064000e-05	6.562527e-02	-1.262860e+01
3.065000e-05	6.771965e-02	-1.263915e+01
3.066000e-05	6.992115e-02	-1.268066e+01
3.067000e-05	7.187178e-02	-1.267116e+01
3.068000e-05	6.954164e-02	-1.264961e+01
3.069000e-05	7.263159e-02	-1.268121e+01
3.070000e-05	7.602948e-02	-1.263068e+01
3.071000e-05	8.066126e-02	-1.265111e+01
3.072000e-05	8.243446e-02	-1.264903e+01
3.073000e-05	8.452184e-02	-1.259055e+01
3.074000e-05	8.642033e-02	-1.258852e+01
3.075000e-05	8.962406e-02	-1.254739e+01
3.076000e-05	9.364208e-02	-1.254631e+01
3.077000e-05	9.799714e-02	-1.246374e+01
3.078000e-05	1.024628e-01	-1.240005e+01
3.079000e-05	1.073267e-01	-1.236802e+01
3.080000e-05	1.120942e-01	-1.235479e+01
3.081000e-05	1.167304e-01	-1.227173e+01
3.082000e-05	1.198966e-01	-1.219793e+01
3.083000e-05	1.220326e-01	-1.215580e+01
3.084000e-05	1.248770e-01	-1.200369e+01
3.085000e-05	1.253486e-01	-1.200950e+01
3.086000e-05	1.244898e-01	-1.189426e+01
3.087000e-05	1.208455e-01	-1.177938e+01
3.088000e-05	1.175242e-01	-1.167424e+01
3.089000e-05	1.132214e-01	-1.157050e+01
3.090000e-05	1.093215e-01	-1.150366e+01
3.091000e-05	1.039626e-01	-1.134880e+01
3.092000e-05	1.000584e-01	-1.123260e+01
3.093000e-05	9.315168e-02	-1.114679e+01
3.094000e-05	8.992521e-02	-1.100005e+01
3.095000e-05	8.188504e-02	-1.087574e+01
3.096000e-05	7.692431e-02	-1.084895e+01
3.097000e-05	7.439212e-02	-1.070471e+01
3.098000e-05	7.083481e-02	-1.055795e+01
3.099000e-05	6.725962e-02	-1.044206e+01
3.100000e-05	6.296140e-02	-1.030572e+01
3.101000e-05	5.955151e-02	-1.012784e+01
3.102000e-05	5.685229e-02	-9.989556e+00
3.103000e-05	5.291314e-02	-9.875184e+00
3.104000e-05	5.004277e-02	-9.737719e+00
3.105000e-05	4.804044e-02	-9.541030e+00
3.106000e-05	4.543688e-02	-9.401579e+00
3.107000e-05	4.122282e-02	-9.252108e+00
3.108000e-05	4.054373e-02	-9.076293e+00
3.109000e-05	3.813107e-02	-8.906795e+00
3.110000e-05	3.581184e-02	-8.711023e+00
3.111000e-05	3.269863e-02	-8.608876e+00
3.112000e-05	3.276607e-02	-8.369001e+00
3.113000e-05	3.237045e-02	-8.191509e+00
3.114000e-05	2.914105e-02	-8.073634e+00
3.115000e-05	2.713724e-02	-7.854635e+00
3.116000e-05	2.530748e-02	-7.601585e+00
3.117000e-05	2.514411e-02	-7.433055e+00
3.118000e-05	2.207487e-02	-7.181557e+00
3.119000e-05	2.127221e-02	-6.993113e+00
3.120000e-05	2.044024e-02	-6.800633e+00
3.121000e-05	1.936469e-02	-6.592060e+00
3.122000e-05	1.822455e-02	-6.433605e+00
3.123000e-05	1.676600e-02	-6.245063e+00
3.124000e-05	1.725985e-02	-5.992556e+00
3.125000e-05	1.501233e-02	-5.812533e+00
3.126000e-05	1.385155e-02	-5.573525e+00
3.127000e-05	1.207701e-02	-5.371605e+00
3.128000e-05	1.284354e-02	-5.138802e+00
3.129000e-05	1.085863e-02	-4.906242e+00
3.130000e-05	1.094430e-02	-4.643657e+00
3.131000e-05	9.470028e-03	-4.464636e+00
3.132000e-05	9.432944e-03	-4.264217e+00
3.133000e-05	7.294070e-03	-4.024111e+00
3.134000e-05	7.522878e-03	-3.804987e+00
3.135000e-05	6.514465e-03	-3.561428e+00
3.136000e-05	6.375362e-03	-3.291477e+00
3.137000e-05	3.691677e-03	-3.159876e+00
3.138000e-05	4.114548e-03	-2.907290e+00
3.139000e-05	2.391650e-03	-2.675665e+00
3.140000e-05	3.161966e-03	-2.465083e+00
3.141000e-05	7.764667e-05	-2.244064e+00
3.142000e-05	2.992481e-03	-1.959945e+00
3.143000e-05	4.758200e-04	-1.739397e+00
3.144000e-05	2.286267e-05	-1.489271e+00
3.145000e-05	-2.677727e-03	-1.205608e+00
3.146000e-05	-2.271080e-03	-9.710551e-01
3.147000e-05	-2.569773e-03	-7.414237e-01
3.148000e-05	-4.026397e-03	-5.071995e-01
3.149000e-05	-4.003685e-03	-2.956683e-01
3.150000e-05	-2.677798e-03	-5.621183e-02
3.151000e-05	3.520356e-03	1.754332e-01
3.152000e-05	1.700087e-03	4.380987e-01
3.153000e-05	-4.328523e-03	6.100762e-01
3.154000e-05	8.600951e-05	8.195200e-01
3.155000e-05	-5.765650e-03	1.069128e+00
3.156000e-05	-2.445621e-03	1.321752e+00
3.157000e-05	-5.005498e-03	1.534358e+00
3.158000e-05	1.012631e-02	1.776441e+00
3.159000e-05	5.276319e-02	2.006993e+00
3.160000e-05	4.000747e-02	2.228515e+00
3.161000e-05	-7.877196e-02	2.470625e+00
3.162000e-05	-2.650478e-02	2.793896e+00
3.163000e-05	-3.856611e-02	2.965443e+00
3.164000e-05	-5.676957e-02	3.134815e+00
3.165000e-05	-8.337392e-03	3.341170e+00
3.166000e-05	1.380219e-01	3.555860e+00
3.167000e-05	-1.526175e-01	3.753237e+00
3.168000e-05	6.847335e-02	3.964314e+00
3.169000e-05	3.185322e-02	4.215535e+00
3.170000e-05	-1.188361e-01	4.407000e+00
3.171000e-05	7.768393e-02	4.647574e+00
3.172000e-05	-4.145045e-02	4.849171e+00
3.173000e-05	-2.102821e-02	5.172856e+00
3.174000e-05	2.116820e-02	5.405392e+00
3.175000e-05	-4.538092e-02	5.597521e+00
3.176000e-05	8.653536e-03	5.839071e+00
3.177000e-05	-3.583446e-02	6.061155e+00
3.178000e-05	-1.510201e-02	6.279152e+00
3.179000e-05	-1.624218e-02	6.460109e+00
3.180000e-05	-1.460732e-02	6.720184e+00
3.181000e-05	1.413788e-02	6.922684e+00
3.182000e-05	-5.658060e-02	7.111729e+00
3.183000e-05	1.749850e-02	7.260285e+00
3.184000e-05	-4.133411e-02	7.530184e+00
3.185000e-05	-2.604326e-02	7.724263e+00
3.186000e-05	-6.535528e-03	7.964387e+00
3.187000e-05	-2.780301e-02	8.154889e+00
3.188000e-05	-8.513643e-03	8.292842e+00
3.189000e-05	-3.939809e-02	8.482235e+00
3.190000e-05	-1.995040e-02	8.620079e+00
3.191000e-05	-2.890466e-02	8.775894e+00
3.192000e-05	-2.001849e-02	8.914338e+00
3.193000e-05	-2.477440e-02	9.111863e+00
3.194000e-05	-3.093116e-02	9.303611e+00
3.195000e-05	-1.700281e-02	9.450177e+00
3.196000e-05	-3.503157e-02	9.626018e+00
3.197000e-05	-2.948198e-02	9.743862e+00
3.198000e-05	-2.826158e-02	9.910762e+00
3.199000e-05	-2.935906e-02	1.005913e+01
3.200000e-05	-3.428476e-02	1.018452e+01
3.201000e-05	-3.563509e-02	1.034379e+01
3.202000e-05	-3.038772e-02	1.045213e+01
3.203000e-05	-3.653477e-02	1.062745e+01
3.204000e-05	-3.843832e-02	1.072247e+01
3.205000e-05	-3.466532e-02	1.086173e+01
3.206000e-05	-3.515310e-02	1.100745e+01
3.207000e-05	-4.155417e-02	1.109124e+01
3.208000e-05	-4.537572e-02	1.120908e+01
3.209000e-05	-4.049472e-02	1.136479e+01
3.210000e-05	-4.146793e-02	1.149108e+01
3.211000e-05	-4.414990e-02	1.157602e+01
3.212000e-05	-4.516717e-02	1.172334e+01
3.213000e-05	-4.510471e-02	1.177650e+01
3.214000e-05	-4.723130e-02	1.189326e+01
3.215000e-05	-4.898063e-02	1.197489e+01
3.216000e-05	-4.914833e-02	1.202961e+01
3.217000e-05	-5.319706e-02	1.213522e+01
3.218000e-05	-5.597645e-02	1.220695e+01
3.219000e-05	-5.311189e-02	1.223916e+01
3.220000e-05	-5.423210e-02	1.230224e+01
3.221000e-05	-5.762388e-02	1.240688e+01
3.222000e-05	-6.138378e-02	1.239711e+01
3.223000e-05	-6.043199e-02	1.245116e+01
3.224000e-05	-6.036678e-02	1.252379e+01
3.225000e-05	-6.218182e-02	1.254537e+01
3.226000e-05	-6.634487e-02	1.256697e+01
3.227000e-05	-6.775476e-02	1.259795e+01
3.228000e-05	-6.978014e-02	1.259801e+01
3.229000e-05	-6.981451e-02	1.263051e+01
3.230000e-05	-7.116105e-02	1.269066e+01
3.231000e-05	-7.404375e-02	1.265014e+01
3.232000e-05	-7.590154e-02	1.268321e+01
3.233000e-05	-7.741675e-02	1.272264e+01
3.234000e-05	-7.845751e-02	1.271369e+01
3.235000e-05	-8.226456e-02	1.263274e+01
3.236000e-05	-8.429731e-02	1.269124e+01
3.237000e-05	-8.670916e-02	1.268214e+01
3.238000e-05	-8.841442e-02	1.263011e+01
3.239000e-05	-9.093178e-02	1.263963e+01
3.240000e-05	-9.313828e-02	1.260998e+01
3.241000e-05	-9.780527e-02	1.256688e+01
3.242000e-05	-1.021037e-01	1.255629e+01
3.243000e-05	-1.063187e-01	1.250579e+01
3.244000e-05	-1.109003e-01	1.246116e+01
3.245000e-05	-1.148881e-01	1.242158e+01
3.246000e-05	-1.198527e-01	1.231648e+01
3.247000e-05	-1.241470e-01	1.227417e+01
3.248000e-05	-1.289245e-01	1.221848e+01
3.249000e-05	-1.303348e-01	1.213585e+01
3.250000e-05	-1.320736e-01	1.203316e+01
3.251000e-05	-1.316263e-01	1.195850e+01
3.252000e-05	-1.297976e-01	1.189527e+01
3.253000e-05	-1.277366e-01	1.176953e+01
3.254000e-05	-1.224975e-01	1.173535e+01
3.255000e-05	-1.187752e-01	1.161061e+01
3.256000e-05	-1.122561e-01	1.147685e+01
3.257000e-05	-1.079646e-01	1.140888e+01
3.258000e-05	-1.031792e-01	1.127324e+01
3.259000e-05	-9.756299e-02	1.112685e+01
3.260000e-05	-9.423797e-02	1.099116e+01
3.261000e-05	-8.852471e-02	1.093582e+01
3.262000e-05	-8.422815e-02	1.083214e+01
3.263000e-05	-7.883333e-02	1.070474e+01
3.264000e-05	-7.593551e-02	1.054891e+01
3.265000e-05	-7.014276e-02	1.040201e+01
3.266000e-05	-6.714691e-02	1.026469e+01
3.267000e-05	-6.448044e-02	1.018837e+01
3.268000e-05	-6.209950e-02	1.000103e+01
3.269000e-05	-5.774184e-02	9.871612e+00
3.270000e-05	-5.604123e-02	9.714319e+00
3.271000e-05	-5.322344e-02	9.525873e+00
3.272000e-05	-5.118266e-02	9.359505e+00
3.273000e-05	-4.825118e-02	9.252038e+00
3.274000e-05	-4.685122e-02	9.086793e+00
3.275000e-05	-4.514718e-02	8.884325e+00
3.276000e-05	-4.328788e-02	8.697268e+00
3.277000e-05	-4.025698e-02	8.538875e+00
3.278000e-05	-3.899754e-02	8.371033e+00
3.279000e-05	-3.779069e-02	8.150064e+00
3.280000e-05	-3.692008e-02	8.002080e+00
3.281000e-05	-3.390013e-02	7.852035e+00
3.282000e-05	-3.326900e-02	7.603538e+00
3.283000e-05	-3.179388e-02	7.400985e+00
3.284000e-05	-3.165883e-02	7.151007e+00
3.285000e-05	-2.838339e-02	7.011083e+00
3.286000e-05	-2.872003e-02	6.822059e+00
3.287000e-05	-2.647342e-02	6.622439e+00
3.288000e-05	-2.726635e-02	6.372008e+00
3.289000e-05	-2.440665e-02	6.190532e+00
3.290000e-05	-2.523217e-02	6.012559e+00
3.291000e-05	-2.270404e-02	5.792637e+00
3.292000e-05	-2.203134e-02	5.569928e+00
3.293000e-05	-2.074899e-02	5.360429e+00
3.294000e-05	-2.063039e-02	5.129274e+00
3.295000e-05	-1.979102e-02	4.855743e+00
3.296000e-05	-1.847432e-02	4.643087e+00
3.297000e-05	-1.874998e-02	4.434085e+00
3.298000e-05	-1.652334e-02	4.264142e+00
3.299000e-05	-1.664893e-02	3.979929e+00
3.300000e-05	-1.601813e-02	3.751899e+00
3.301000e-05	-1.358065e-02	3.530877e+00
3.302000e-05	-1.389976e-02	3.285824e+00
3.303000e-05	-1.257242e-02	3.106141e+00
3.304000e-05	-1.231913e-02	2.844216e+00
3.305000e-05	-1.159587e-02	2.654614e+00
3.306000e-05	-1.076822e-02	2.350926e+00
3.307000e-05	-1.043504e-02	2.159351e+00
3.308000e-05	-9.501202e-03	1.960376e+00
3.309000e-05	-8.837995e-03	1.648197e+00
3.310000e-05	-7.934570e-03	1.454160e+00
3.311000e-05	-7.657206e-03	1.182063e+00
3.312000e-05	-6.862719e-03	9.307771e-01
3.313000e-05	-6.237003e-03	6.182418e-01
3.314000e-05	-5.144736e-03	4.241156e-01
3.315000e-05	-3.859363e-03	2.346944e-01
3.316000e-05	-1.833206e-03	-8.023575e-03
3.317000e-05	6.248154e-03	-2.715476e-01
3.318000e-05	-1.689352e-04	-4.180736e-01
3.319000e-05	7.686661e-04	-7.006980e-01
3.320000e-05	8.081084e-05	-8.922267e-01
3.321000e-05	2.032867e-03	-1.132282e+00
3.322000e-05	6.283633e-04	-1.363858e+00
3.323000e-05	1.132911e-02	-1.595962e+00
3.324000e-05	6.790039e-02	-1.775365e+00
3.325000e-05	5.623088e-02	-2.014968e+00
3.326000e-05	-8.106543e-02	-2.373859e+00
3.327000e-05	3.719050e-04	-2.692121e+00
3.328000e-05	-4.710473e-02	-2.839128e+00
3.329000e-05	-6.193294e-02	-3.069077e+00
3.330000e-05	1.152858e-01	-3.168470e+00
3.331000e-05	3.993167e-02	-3.363833e+00
3.332000e-05	-1.070728e-01	-3.607494e+00
3.333000e-05	1.768919e-01	-3.784437e+00
3.334000e-05	-1.710158e-01	-4.058546e+00
3.335000e-05	5.290526e-02	-4.309649e+00
3.336000e-05	7.480043e-02	-4.408099e+00
3.337000e-05	-1.100557e-01	-4.691655e+00
3.338000e-05	1.506795e-01	-4.933234e+00
3.339000e-05	-5.546738e-02	-5.103883e+00
3.340000e-05	-1.122610e-02	-5.449129e+00
3.341000e-05	7.959010e-02	-5.640572e+00
3.342000e-05	-1.033649e-01	-5.918725e+00
3.343000e-05	1.320235e-01	-6.050676e+00
3.344000e-05	-6.762664e-02	-6.350157e+00
3.345000e-05	4.773835e-02	-6.523737e+00
3.346000e-05	3.754216e-02	-6.721760e+00
3.347000e-05	-3.981183e-02	-6.963809e+00
3.348000e-05	1.153701e-01	-7.133864e+00
3.349000e-05	-9.496428e-02	-7.344888e+00
3.350000e-05	8.334913e-02	-7.575438e+00
3.351000e-05	-6.923363e-03	-7.765362e+00
3.352000e-05	1.659204e-02	-8.024443e+00
3.353000e-05	5.660377e-02	-8.136391e+00
3.354000e-05	-2.772403e-02	-8.334362e+00
3.355000e-05	6.972109e-02	-8.511208e+00
3.356000e-05	-3.557851e-02	-8.670578e+00
3.357000e-05	6.189948e-02	-8.840107e+00
3.358000e-05	1.161775e-02	-9.026971e+00
3.359000e-05	3.415291e-02	-9.135993e+00
3.360000e-05	2.026309e-02	-9.323756e+00
3.361000e-05	2.281200e-03	-9.511132e+00
3.362000e-05	5.405395e-02	-9.667549e+00
3.363000e-05	7.259483e-03	-9.778469e+00
3.364000e-05	4.748375e-02	-9.923816e+00
3.365000e-05	8.182497e-03	-1.003812e+01
3.366000e-05	4.665719e-02	-1.024805e+01
3.367000e-05	1.632848e-02	-1.037684e+01
3.368000e-05	3.458564e-02	-1.052381e+01
3.369000e-05	3.179887e-02	-1.061960e+01
3.370000e-05	3.443381e-02	-1.073492e+01
3.371000e-05	3.246587e-02	-1.084971e+01
3.372000e-05	2.825172e-02	-1.099750e+01
3.373000e-05	4.490761e-02	-1.111328e+01
3.374000e-05	3.123148e-02	-1.125109e+01
3.375000e-05	4.243210e-02	-1.138447e+01
3.376000e-05	3.327053e-02	-1.149161e+01
3.377000e-05	4.883278e-02	-1.157745e+01
3.378000e-05	3.653185e-02	-1.170116e+01
3.379000e-05	4.353698e-02	-1.177847e+01
3.380000e-05	4.295033e-02	-1.189276e+01
3.381000e-05	4.601814e-02	-1.199500e+01
3.382000e-05	4.408877e-02	-1.205018e+01
3.383000e-05	4.775960e-02	-1.215481e+01
3.384000e-05	5.291671e-02	-1.218800e+01
3.385000e-05	4.940485e-02	-1.225061e+01
3.386000e-05	5.158044e-02	-1.228111e+01
3.387000e-05	5.049862e-02	-1.235537e+01
3.388000e-05	5.686090e-02	-1.237748e+01
3.389000e-05	5.399215e-02	-1.242015e+01
3.390000e-05	5.814544e-02	-1.247278e+01
3.391000e-05	6.033354e-02	-1.250529e+01
3.392000e-05	5.916570e-02	-1.251740e+01
3.393000e-05	6.029421e-02	-1.257690e+01
3.394000e-05	6.201590e-02	-1.258800e+01
3.395000e-05	6.698576e-02	-1.264850e+01
3.396000e-05	6.772903e-02	-1.266011e+01
3.397000e-05	6.972339e-02	-1.260001e+01
3.398000e-05	7.246809e-02	-1.267011e+01
3.399000e-05	7.047134e-02	-1.267168e+01
3.400000e-05	7.249110e-02	-1.268116e+01
3.401000e-05	7.452807e-02	-1.266161e+01
3.402000e-05	8.003113e-02	-1.267208e+01
3.403000e-05	8.080490e-02	-1.264000e+01
3.404000e-05	8.342853e-02	-1.263852e+01
3.405000e-05	8.673742e-02	-1.260850e+01
3.406000e-05	8.934720e-02	-1.254637e+01
3.407000e-05	9.305490e-02	-1.254622e+01
3.408000e-05	9.745273e-02	-1.244521e+01
3.409000e-05	1.015340e-01	-1.243158e+01
3.410000e-05	1.059028e-01	-1.237948e+01
3.411000e-05	1.107107e-01	-1.230584e+01
3.412000e-05	1.158283e-01	-1.225359e+01
3.413000e-05	1.204030e-01	-1.217903e+01
3.414000e-05	1.218122e-01	-1.212589e+01
3.415000e-05	1.241752e-01	-1.208424e+01
3.416000e-05	1.253406e-01	-1.204956e+01
3.417000e-05	1.251138e-01	-1.192574e+01
3.418000e-05	1.231472e-01	-1.181999e+01
3.419000e-05	1.186490e-01	-1.173431e+01
3.420000e-05	1.146845e-01	-1.161951e+01
3.421000e-05	1.096011e-01	-1.149424e+01
3.422000e-05	1.039687e-01	-1.135843e+01
3.423000e-05	9.985170e-02	-1.128167e+01
3.424000e-05	9.450709e-02	-1.109792e+01
3.425000e-05	8.947751e-02	-1.102098e+01
3.426000e-05	8.347165e-02	-1.091479e+01
3.427000e-05	7.752343e-02	-1.080153e+01
3.428000e-05	7.562796e-02	-1.071372e+01
3.429000e-05	7.177160e-02	-1.055895e+01
3.430000e-05	6.788770e-02	-1.048171e+01
3.431000e-05	6.374752e-02	-1.032787e+01
3.432000e-05	5.970063e-02	-1.017532e+01
3.433000e-05	5.707572e-02	-1.000060e+01
3.434000e-05	5.274095e-02	-9.855138e+00
3.435000e-05	4.948635e-02	-9.726373e+00
3.436000e-05	4.753960e-02	-9.559479e+00
3.437000e-05	4.527327e-02	-9.443665e+00
3.438000e-05	4.327256e-02	-9.304738e+00
3.439000e-05	3.982365e-02	-9.076744e+00
3.440000e-05	3.851314e-02	-8.909347e+00
3.441000e-05	3.600055e-02	-8.780978e+00
3.442000e-05	3.437173e-02	-8.592058e+00
3.443000e-05	3.258664e-02	-8.411007e+00
3.444000e-05	3.099560e-02	-8.244663e+00
3.445000e-05	2.783981e-02	-8.074664e+00
3.446000e-05	2.685246e-02	-7.856293e+00
3.447000e-05	2.522167e-02	-7.714165e+00
3.448000e-05	2.486850e-02	-7.422659e+00
3.449000e-05	2.348731e-02	-7.212664e+00
3.450000e-05	2.251400e-02	-7.084268e+00
3.451000e-05	2.011628e-02	-6.843662e+00
3.452000e-05	1.954183e-02	-6.644187e+00
3.453000e-05	1.825831e-02	-6.485612e+00
3.454000e-05	1.699608e-02	-6.236740e+00
3.455000e-05	1.656925e-02	-6.022684e+00
3.456000e-05	1.451953e-02	-5.844111e+00
3.457000e-05	1.370173e-02	-5.653087e+00
3.458000e-05	9.934713e-03	-5.434213e+00
3.459000e-05	1.478000e-02	-5.142858e+00
3.460000e-05	8.801044e-03	-4.919375e+00
3.461000e-05	1.427394e-02	-4.626688e+00
3.462000e-05	8.919155e-03	-4.485642e+00
3.463000e-05	8.065685e-03	-4.285268e+00
3.464000e-05	6.743141e-03	-4.115218e+00
3.465000e-05	4.882677e-03	-3.886739e+00
3.466000e-05	7.652904e-03	-3.622554e+00
3.467000e-05	3.940207e-03	-3.413585e+00
3.468000e-05	4.283662e-03	-3.141027e+00
3.469000e-05	4.636014e-03	-2.916797e+00
3.470000e-05	3.075996e-03	-2.738366e+00
3.471000e-05	3.873241e-03	-2.455218e+00
3.472000e-05	1.352185e-03	-2.265217e+00
3.473000e-05	1.193095e-03	-2.011530e+00
3.474000e-05	-1.218492e-03	-1.760953e+00
3.475000e-05	-1.332640e-03	-1.561444e+00
3.476000e-05	-2.342552e-03	-1.283689e+00
3.477000e-05	-9.980720e-04	-1.023059e+00
3.478000e-05	-2.273055e-03	-7.631062e-01
3.479000e-05	-2.483560e-03	-5.018799e-01
3.480000e-05	-3.730208e-03	-3.272711e-01
3.481000e-05	-3.149147e-03	-8.484078e-02
3.482000e-05	1.757497e-04	1.138082e-01
3.483000e-05	3.728342e-03	3.774949e-01
3.484000e-05	-5.303931e-03	5.844184e-01
3.485000e-05	1.622512e-03	7.564711e-01
3.486000e-05	-6.841675e-03	1.028522e+00
3.487000e-05	-2.430023e-03	1.270130e+00
3.488000e-05	-5.426432e-03	1.531838e+00
3.489000e-05	7.566527e-03	1.773865e+00
3.490000e-05	4.417161e-02	1.934762e+00
3.491000e-05	5.545796e-02	2.174940e+00
3.492000e-05	-7.055665e-02	2.431573e+00
3.493000e-05	-3.346505e-02	2.692734e+00
3.494000e-05	-3.458698e-02	2.944837e+00
3.495000e-05	-4.823746e-02	3.122811e+00
3.496000e-05	-3.763804e-02	3.281127e+00
3.497000e-05	1.452265e-01	3.500729e+00
3.498000e-05	-1.162366e-01	3.691214e+00
3.499000e-05	3.099126e-03	3.911178e+00
3.500000e-05	8.803552e-02	4.122258e+00
3.501000e-05	-1.406855e-01	4.388045e+00
3.502000e-05	6.572691e-02	4.584015e+00
3.503000e-05	-1.761342e-02	4.777546e+00
3.504000e-05	-3.993502e-02	5.119134e+00
3.505000e-05	3.156669e-02	5.374413e+00
3.506000e-05	-4.617734e-02	5.595442e+00
3.507000e-05	3.980852e-03	5.787939e+00
3.508000e-05	-2.811577e-02	6.036573e+00
3.509000e-05	-2.232593e-02	6.227600e+00
3.510000e-05	-1.101019e-02	6.396595e+00
3.511000e-05	-2.725847e-02	6.667653e+00
3.512000e-05	2.155990e-02	6.859150e+00
3.513000e-05	-5.233227e-02	7.040178e+00
3.514000e-05	9.469979e-03	7.248500e+00
3.515000e-05	-2.653583e-02	7.430083e+00
3.516000e-05	-4.049463e-02	7.721234e+00
3.517000e-05	-1.419922e-03	7.920708e+00
3.518000e-05	-3.187343e-02	8.112268e+00
3.519000e-05	-7.626027e-03	8.311685e+00
3.520000e-05	-3.398961e-02	8.439652e+00
3.521000e-05	-2.386003e-02	8.615499e+00
3.522000e-05	-2.571351e-02	8.775388e+00
3.523000e-05	-2.355736e-02	8.882384e+00
3.524000e-05	-2.086776e-02	9.121682e+00
3.525000e-05	-3.359351e-02	9.242209e+00
3.526000e-05	-1.902959e-02	9.417499e+00
3.527000e-05	-3.403249e-02	9.555443e+00
3.528000e-05	-3.216647e-02	9.697790e+00
3.529000e-05	-2.676792e-02	9.891683e+00
3.530000e-05	-2.769098e-02	1.005905e+01
3.531000e-05	-3.198066e-02	1.014637e+01
3.532000e-05	-3.759030e-02	1.032289e+01
3.533000e-05	-2.950429e-02	1.045808e+01
3.534000e-05	-3.682144e-02	1.056692e+01
3.535000e-05	-3.814746e-02	1.071184e+01
3.536000e-05	-3.715831e-02	1.083963e+01
3.537000e-05	-3.473292e-02	1.097594e+01
3.538000e-05	-3.978592e-02	1.110081e+01
3.539000e-05	-4.439857e-02	1.121746e+01
3.540000e-05	-3.877528e-02	1.130437e+01
3.541000e-05	-4.155956e-02	1.144756e+01
3.542000e-05	-4.291211e-02	1.157490e+01
3.543000e-05	-4.657236e-02	1.169171e+01
3.544000e-05	-4.437728e-02	1.180697e+01
3.545000e-05	-4.785659e-02	1.190176e+01
3.546000e-05	-5.057909e-02	1.195534e+01
3.547000e-05	-4.898422e-02	1.203818e+01
3.548000e-05	-5.136932e-02	1.207532e+01
3.549000e-05	-5.313961e-02	1.220597e+01
3.550000e-05	-5.324130e-02	1.225903e+01
3.551000e-05	-5.288574e-02	1.229124e+01
3.552000e-05	-5.728525e-02	1.235747e+01
3.553000e-05	-5.968439e-02	1.243650e+01
3.554000e-05	-6.075383e-02	1.246069e+01
3.555000e-05	-6.141307e-02	1.249282e+01
3.556000e-05	-6.256781e-02	1.254582e+01
3.557000e-05	-6.506812e-02	1.255650e+01
3.558000e-05	-6.514265e-02	1.257846e+01
3.559000e-05	-7.013058e-02	1.262798e+01
3.560000e-05	-7.025844e-02	1.261901e+01
3.561000e-05	-7.140588e-02	1.267111e+01
3.562000e-05	-7.175128e-02	1.267164e+01
3.563000e-05	-7.523557e-02	1.269226e+01
3.564000e-05	-7.729228e-02	1.268164e+01
3.565000e-05	-7.840641e-02	1.265221e+01
3.566000e-05	-8.194840e-02	1.267111e+01
3.567000e-05	-8.365532e-02	1.267269e+01
3.568000e-05	-8.634425e-02	1.266411e+01
3.569000e-05	-8.734668e-02	1.262116e+01
3.570000e-05	-8.975451e-02	1.263861e+01
3.571000e-05	-9.366301e-02	1.263001e+01
3.572000e-05	-9.751471e-02	1.256750e+01
3.573000e-05	-1.015870e-01	1.254687e+01
3.574000e-05	-1.044603e-01	1.249429e+01
3.575000e-05	-1.095636e-01	1.251324e+01
3.576000e-05	-1.148665e-01	1.245108e+01
3.577000e-05	-1.210768e-01	1.236750e+01
3.578000e-05	-1.232006e-01	1.229329e+01
3.579000e-05	-1.276070e-01	1.222961e+01
3.580000e-05	-1.300748e-01	1.216738e+01
3.581000e-05	-1.325639e-01	1.207319e+01
3.582000e-05	-1.317573e-01	1.199095e+01
3.583000e-05	-1.303608e-01	1.192525e+01
3.584000e-05	-1.291620e-01	1.180253e+01
3.585000e-05	-1.233876e-01	1.172685e+01
3.586000e-05	-1.209767e-01	1.166051e+01
3.587000e-05	-1.128088e-01	1.149634e+01
3.588000e-05	-1.100314e-01	1.137953e+01
3.589000e-05	-1.025835e-01	1.128484e+01
3.590000e-05	-9.910217e-02	1.118888e+01
3.591000e-05	-9.360105e-02	1.108208e+01
3.592000e-05	-8.915810e-02	1.096738e+01
3.593000e-05	-8.420215e-02	1.083258e+01
3.594000e-05	-8.049150e-02	1.072624e+01
3.595000e-05	-7.574014e-02	1.056043e+01
3.596000e-05	-7.098819e-02	1.045111e+01
3.597000e-05	-6.805312e-02	1.028576e+01
3.598000e-05	-6.566281e-02	1.019743e+01
3.599000e-05	-6.151715e-02	1.005319e+01
3.600000e-05	-5.808775e-02	9.884744e+00
3.601000e-05	-5.648330e-02	9.756846e+00
3.602000e-05	-5.406750e-02	9.559002e+00
3.603000e-05	-5.159676e-02	9.420561e+00
3.604000e-05	-4.844940e-02	9.263663e+00
3.605000e-05	-4.746374e-02	9.128796e+00
3.606000e-05	-4.538391e-02	8.907876e+00
3.607000e-05	-4.339697e-02	8.747371e+00
3.608000e-05	-4.021270e-02	8.559933e+00
3.609000e-05	-3.966695e-02	8.432134e+00
3.610000e-05	-3.752631e-02	8.263566e+00
3.611000e-05	-3.685524e-02	8.015686e+00
3.612000e-05	-3.399802e-02	7.844612e+00
3.613000e-05	-3.376364e-02	7.663668e+00
3.614000e-05	-3.230534e-02	7.403561e+00
3.615000e-05	-3.100884e-02	7.232063e+00
3.616000e-05	-2.919704e-02	7.014112e+00
3.617000e-05	-2.874530e-02	6.854087e+00
3.618000e-05	-2.775423e-02	6.624215e+00
3.619000e-05	-2.586848e-02	6.401111e+00
3.620000e-05	-2.426941e-02	6.222135e+00
3.621000e-05	-2.453398e-02	6.063636e+00
3.622000e-05	-2.347666e-02	5.804564e+00
3.623000e-05	-2.202971e-02	5.571532e+00
3.624000e-05	-2.091898e-02	5.390484e+00
3.625000e-05	-2.015154e-02	5.099910e+00
3.626000e-05	-2.025547e-02	4.876424e+00
3.627000e-05	-1.957755e-02	4.674741e+00
3.628000e-05	-1.850027e-02	4.453262e+00
3.629000e-05	-1.725367e-02	4.256667e+00
3.630000e-05	-1.595062e-02	3.982984e+00
3.631000e-05	-1.485388e-02	3.771034e+00
3.632000e-05	-1.476594e-02	3.591483e+00
3.633000e-05	-1.355748e-02	3.309829e+00
3.634000e-05	-1.364770e-02	3.137796e+00
3.635000e-05	-1.275857e-02	2.887195e+00
3.636000e-05	-1.161766e-02	2.678770e+00
3.637000e-05	-1.147343e-02	2.384007e+00
3.638000e-05	-1.068802e-02	2.172480e+00
3.639000e-05	-9.547224e-03	1.970975e+00
3.640000e-05	-8.948890e-03	1.750301e+00
3.641000e-05	-8.225041e-03	1.446697e+00
3.642000e-05	-7.985463e-03	1.244667e+00
3.643000e-05	-6.909828e-03	9.494529e-01
3.644000e-05	-6.845062e-03	6.977961e-01
3.645000e-05	-5.665483e-03	4.768407e-01
3.646000e-05	-5.220910e-03	2.781718e-01
3.647000e-05	-3.426516e-03	-7.472371e-03
3.648000e-05	4.132204e-03	-2.274675e-01
3.649000e-05	1.663592e-03	-4.375211e-01
3.650000e-05	-6.500489e-05	-6.994934e-01
3.651000e-05	2.314120e-03	-8.501028e-01
3.652000e-05	1.044266e-04	-1.061150e+00
3.653000e-05	4.715072e-04	-1.302679e+00
3.654000e-05	6.468628e-03	-1.573862e+00
3.655000e-05	5.588876e-02	-1.733361e+00
3.656000e-05	7.504291e-02	-1.963811e+00
3.657000e-05	-7.538066e-02	-2.270305e+00
3.658000e-05	-8.419047e-03	-2.648495e+00
3.659000e-05	-3.745913e-02	-2.828025e+00
3.660000e-05	-6.493381e-02	-2.998966e+00
3.661000e-05	6.987314e-02	-3.196467e+00
3.662000e-05	9.424667e-02	-3.312258e+00
3.663000e-05	-1.415589e-01	-3.555416e+00
3.664000e-05	1.916922e-01	-3.724334e+00
3.665000e-05	-1.187570e-01	-3.966540e+00
3.666000e-05	-1.230277e-02	-4.299098e+00
3.667000e-05	1.196442e-01	-4.408472e+00
3.668000e-05	-1.217459e-01	-4.699523e+00
3.669000e-05	1.202232e-01	-4.910656e+00
3.670000e-05	7.823190e-04	-5.090653e+00
3.671000e-05	-6.451768e-02	-5.397570e+00
3.672000e-05	1.158883e-01	-5.618522e+00
3.673000e-05	-1.156743e-01	-5.869519e+00
3.674000e-05	1.148842e-01	-6.040150e+00
3.675000e-05	-3.412601e-02	-6.267572e+00
3.676000e-05	4.982616e-03	-6.502255e+00
3.677000e-05	7.535625e-02	-6.669676e+00
3.678000e-05	-6.595164e-02	-6.951733e+00
3.679000e-05	1.237810e-01	-7.153809e+00
3.680000e-05	-7.816311e-02	-7.343388e+00
3.681000e-05	5.436313e-02	-7.514286e+00
3.682000e-05	2.500841e-02	-7.643209e+00
3.683000e-05	-1.496823e-02	-7.972389e+00
3.684000e-05	7.699007e-02	-8.134861e+00
3.685000e-05	-3.543058e-02	-8.312731e+00
3.686000e-05	6.948290e-02	-8.469676e+00
3.687000e-05	-2.730861e-02	-8.649657e+00
3.688000e-05	4.477624e-02	-8.839000e+00
3.689000e-05	2.866996e-02	-8.987918e+00
3.690000e-05	1.880249e-02	-9.155385e+00
3.691000e-05	3.517271e-02	-9.292654e+00
3.692000e-05	-8.612870e-03	-9.471657e+00
3.693000e-05	5.920714e-02	-9.639123e+00
3.694000e-05	6.199925e-03	-9.795866e+00
3.695000e-05	4.692385e-02	-9.872237e+00
3.696000e-05	1.136555e-02	-1.003950e+01
3.697000e-05	4.208742e-02	-1.023744e+01
3.698000e-05	2.065956e-02	-1.035231e+01
3.699000e-05	2.963196e-02	-1.051274e+01
3.700000e-05	3.669647e-02	-1.061802e+01
3.701000e-05	3.051386e-02	-1.071432e+01
3.702000e-05	3.521138e-02	-1.084010e+01
3.703000e-05	2.583983e-02	-1.097492e+01
3.704000e-05	4.658529e-02	-1.109238e+01
3.705000e-05	3.061270e-02	-1.121063e+01
3.706000e-05	4.250390e-02	-1.136284e+01
3.707000e-05	3.195558e-02	-1.145913e+01
3.708000e-05	4.842833e-02	-1.154647e+01
3.709000e-05	3.842389e-02	-1.167168e+01
3.710000e-05	4.193763e-02	-1.181752e+01
3.711000e-05	4.387968e-02	-1.184066e+01
3.712000e-05	4.520177e-02	-1.200589e+01
3.713000e-05	4.460688e-02	-1.206020e+01
3.714000e-05	4.623795e-02	-1.213281e+01
3.715000e-05	5.378847e-02	-1.214642e+01
3.716000e-05	4.966660e-02	-1.222158e+01
3.717000e-05	5.189462e-02	-1.226276e+01
3.718000e-05	4.879745e-02	-1.233384e+01
3.719000e-05	5.648148e-02	-1.240739e+01
3.720000e-05	5.481157e-02	-1.241113e+01
3.721000e-05	5.820316e-02	-1.247266e+01
3.722000e-05	6.077223e-02	-1.255381e+01
3.723000e-05	5.981960e-02	-1.257587e+01
3.724000e-05	6.073297e-02	-1.262795e+01
3.725000e-05	6.169126e-02	-1.261698e+01
3.726000e-05	6.488674e-02	-1.261850e+01
3.727000e-05	6.572846e-02	-1.261900e+01
3.728000e-05	6.896755e-02	-1.267008e+01
3.729000e-05	7.252751e-02	-1.264118e+01
3.730000e-05	7.226579e-02	-1.266156e+01
3.731000e-05	7.306565e-02	-1.266171e+01
3.732000e-05	7.373926e-02	-1.267118e+01
3.733000e-05	7.850275e-02	-1.262161e+01
3.734000e-05	8.142636e-02	-1.262004e+01
3.735000e-05	8.426219e-02	-1.265208e+01
3.736000e-05	8.676288e-02	-1.258793e+01
3.737000e-05	8.814890e-02	-1.255745e+01
3.738000e-05	9.257358e-02	-1.251587e+01
3.739000e-05	9.683522e-02	-1.248327e+01
3.740000e-05	1.010007e-01	-1.244268e+01
3.741000e-05	1.052864e-01	-1.237897e+01
3.742000e-05	1.102195e-01	-1.234379e+01
3.743000e-05	1.156295e-01	-1.225326e+01
3.744000e-05	1.198850e-01	-1.223101e+01
3.745000e-05	1.217271e-01	-1.216642e+01
3.746000e-05	1.248585e-01	-1.210226e+01
3.747000e-05	1.253091e-01	-1.207005e+01
3.748000e-05	1.243862e-01	-1.190732e+01
3.749000e-05	1.227936e-01	-1.180006e+01
3.750000e-05	1.199181e-01	-1.173577e+01
3.751000e-05	1.156798e-01	-1.163111e+01
3.752000e-05	1.100843e-01	-1.150629e+01
3.753000e-05	1.066385e-01	-1.143043e+01
3.754000e-05	1.014650e-01	-1.126416e+01
3.755000e-05	9.495134e-02	-1.117645e+01
3.756000e-05	8.919895e-02	-1.104208e+01
3.757000e-05	8.402227e-02	-1.091429e+01
3.758000e-05	8.087423e-02	-1.080153e+01
3.759000e-05	7.475812e-02	-1.070582e+01
3.760000e-05	7.191070e-02	-1.057050e+01
3.761000e-05	6.746056e-02	-1.046166e+01
3.762000e-05	6.509254e-02	-1.033795e+01
3.763000e-05	6.048696e-02	-1.016045e+01
3.764000e-05	5.718433e-02	-1.005103e+01
3.765000e-05	5.452546e-02	-9.885892e+00
3.766000e-05	5.137006e-02	-9.779450e+00
3.767000e-05	4.940846e-02	-9.653186e+00
3.768000e-05	4.502393e-02	-9.466193e+00
3.769000e-05	4.299442e-02	-9.302212e+00
3.770000e-05	3.977161e-02	-9.147325e+00
3.771000e-05	3.850221e-02	-8.968426e+00
3.772000e-05	3.671509e-02	-8.800082e+00
3.773000e-05	3.526907e-02	-8.632009e+00
3.774000e-05	3.227656e-02	-8.443207e+00
3.775000e-05	3.193335e-02	-8.275164e+00
3.776000e-05	2.857771e-02	-8.106742e+00
3.777000e-05	2.728340e-02	-7.926425e+00
3.778000e-05	2.613885e-02	-7.705770e+00
3.779000e-05	2.528316e-02	-7.506216e+00
3.780000e-05	2.347626e-02	-7.285686e+00
3.781000e-05	2.116529e-02	-7.078321e+00
3.782000e-05	2.014015e-02	-6.864738e+00
3.783000e-05	1.981320e-02	-6.686692e+00
3.784000e-05	1.935989e-02	-6.514791e+00
3.785000e-05	1.741152e-02	-6.295792e+00
3.786000e-05	1.663896e-02	-6.075188e+00
3.787000e-05	1.536639e-02	-5.876266e+00
3.788000e-05	1.403991e-02	-5.666134e+00
3.789000e-05	1.174814e-02	-5.507312e+00
3.790000e-05	1.260382e-02	-5.194037e+00
3.791000e-05	1.254273e-02	-4.971478e+00
3.792000e-05	1.089293e-02	-4.698797e+00
3.793000e-05	1.025068e-02	-4.527218e+00
3.794000e-05	7.777125e-03	-4.319296e+00
3.795000e-05	7.964908e-03	-4.118369e+00
3.796000e-05	7.525130e-03	-3.929898e+00
3.797000e-05	5.398485e-03	-3.646087e+00
3.798000e-05	6.153785e-03	-3.445087e+00
3.799000e-05	3.792149e-03	-3.232160e+00
3.800000e-05	4.503825e-03	-2.991534e+00
3.801000e-05	1.400307e-03	-2.758872e+00
3.802000e-05	3.040497e-03	-2.528399e+00
3.803000e-05	1.598898e-03	-2.287321e+00
3.804000e-05	2.228213e-03	-2.003106e+00
3.805000e-05	9.230883e-05	-1.832509e+00
3.806000e-05	7.170934e-04	-1.591532e+00
3.807000e-05	-1.499775e-03	-1.299749e+00
3.808000e-05	-2.056994e-03	-1.036085e+00
3.809000e-05	-3.639734e-03	-8.240087e-01
3.810000e-05	-3.629203e-03	-5.830053e-01
3.811000e-05	-3.713534e-03	-3.303709e-01
3.812000e-05	-3.072207e-03	-1.483220e-01
3.813000e-05	6.385349e-04	1.116778e-01
3.814000e-05	4.093053e-03	3.554146e-01
3.815000e-05	-5.745953e-03	5.758634e-01
3.816000e-05	8.900753e-04	7.448911e-01
3.817000e-05	-4.426321e-03	9.750131e-01
3.818000e-05	-1.824564e-03	1.249522e+00
3.819000e-05	-5.701278e-03	1.460177e+00
3.820000e-05	3.970624e-03	1.730181e+00
3.821000e-05	3.582045e-02	1.942709e+00
3.822000e-05	6.650002e-02	2.154408e+00
3.823000e-05	-5.610851e-02	2.385519e+00
3.824000e-05	-4.335961e-02	2.709223e+00
3.825000e-05	-3.186041e-02	2.881729e+00
3.826000e-05	-4.444814e-02	3.083256e+00
3.827000e-05	-5.911234e-02	3.272155e+00
3.828000e-05	1.356316e-01	3.437674e+00
3.829000e-05	-5.938182e-02	3.681183e+00
3.830000e-05	-5.771735e-02	3.880071e+00
3.831000e-05	1.304211e-01	4.090655e+00
3.832000e-05	-1.459859e-01	4.354445e+00
3.833000e-05	4.132047e-02	4.564287e+00
3.834000e-05	9.403351e-03	4.794566e+00
3.835000e-05	-5.639704e-02	5.047529e+00
3.836000e-05	3.527648e-02	5.342333e+00
3.837000e-05	-4.096649e-02	5.603315e+00
3.838000e-05	-6.415944e-03	5.743838e+00
3.839000e-05	-1.850408e-02	5.975966e+00
3.840000e-05	-2.900563e-02	6.187520e+00
3.841000e-05	-6.647971e-03	6.387019e+00
3.842000e-05	-3.551096e-02	6.646946e+00
3.843000e-05	2.373254e-02	6.798550e+00
3.844000e-05	-4.192503e-02	7.028027e+00
3.845000e-05	-4.133356e-03	7.226950e+00
3.846000e-05	-1.161179e-02	7.428004e+00
3.847000e-05	-5.236773e-02	7.670175e+00
3.848000e-05	1.714587e-03	7.879674e+00
3.849000e-05	-3.129012e-02	8.101783e+00
3.850000e-05	-9.233833e-03	8.270704e+00
3.851000e-05	-2.858715e-02	8.407522e+00
3.852000e-05	-2.905713e-02	8.586969e+00
3.853000e-05	-2.232768e-02	8.744193e+00
3.854000e-05	-2.886325e-02	8.890154e+00
3.855000e-05	-1.604735e-02	9.080106e+00
3.856000e-05	-3.540749e-02	9.239575e+00
3.857000e-05	-1.811554e-02	9.376448e+00
3.858000e-05	-3.137366e-02	9.534841e+00
3.859000e-05	-3.374585e-02	9.722237e+00
3.860000e-05	-2.682919e-02	9.868158e+00
3.861000e-05	-2.872619e-02	1.002748e+01
3.862000e-05	-2.862376e-02	1.017335e+01
3.863000e-05	-3.866894e-02	1.031073e+01
3.864000e-05	-2.960126e-02	1.039708e+01
3.865000e-05	-3.586291e-02	1.059592e+01
3.866000e-05	-3.590959e-02	1.071071e+01
3.867000e-05	-3.734028e-02	1.086910e+01
3.868000e-05	-3.632091e-02	1.096589e+01
3.869000e-05	-3.906459e-02	1.107111e+01
3.870000e-05	-4.400588e-02	1.119749e+01
3.871000e-05	-3.969787e-02	1.134321e+01
3.872000e-05	-4.151341e-02	1.141753e+01
3.873000e-05	-4.037745e-02	1.152390e+01
3.874000e-05	-4.574891e-02	1.174064e+01
3.875000e-05	-4.539782e-02	1.177695e+01
3.876000e-05	-4.918157e-02	1.187958e+01
3.877000e-05	-4.990520e-02	1.192486e+01
3.878000e-05	-4.834734e-02	1.200850e+01
3.879000e-05	-5.007502e-02	1.211174e+01
3.880000e-05	-5.198491e-02	1.215635e+01
3.881000e-05	-5.402598e-02	1.220755e+01
3.882000e-05	-5.315592e-02	1.229271e+01
3.883000e-05	-5.637880e-02	1.238542e+01
3.884000e-05	-5.833692e-02	1.241853e+01
3.885000e-05	-6.098562e-02	1.247016e+01
3.886000e-05	-6.212459e-02	1.250314e+01
3.887000e-05	-6.159464e-02	1.253539e+01
3.888000e-05	-6.343120e-02	1.256737e+01
3.889000e-05	-6.647310e-02	1.257698e+01
3.890000e-05	-7.072058e-02	1.257698e+01
3.891000e-05	-7.053783e-02	1.263058e+01
3.892000e-05	-7.060663e-02	1.266111e+01
3.893000e-05	-7.211023e-02	1.267069e+01
3.894000e-05	-7.481377e-02	1.265314e+01
3.895000e-05	-7.634793e-02	1.268211e+01
3.896000e-05	-7.860627e-02	1.270114e+01
3.897000e-05	-8.369267e-02	1.269219e+01
3.898000e-05	-8.413876e-02	1.269216e+01
3.899000e-05	-8.464790e-02	1.266114e+01
3.900000e-05	-8.547776e-02	1.268111e+01
3.901000e-05	-9.097508e-02	1.259956e+01
3.902000e-05	-9.390194e-02	1.260953e+01
3.903000e-05	-9.651160e-02	1.255905e+01
3.904000e-05	-9.930234e-02	1.255692e+01
3.905000e-05	-1.045375e-01	1.251527e+01
3.906000e-05	-1.092422e-01	1.248414e+01
3.907000e-05	-1.140647e-01	1.241061e+01
3.908000e-05	-1.189596e-01	1.235745e+01
3.909000e-05	-1.232167e-01	1.230476e+01
3.910000e-05	-1.280201e-01	1.223101e+01
3.911000e-05	-1.293174e-01	1.216645e+01
3.912000e-05	-1.317208e-01	1.211522e+01
3.913000e-05	-1.318996e-01	1.198708e+01
3.914000e-05	-1.309235e-01	1.192485e+01
3.915000e-05	-1.281372e-01	1.181158e+01
3.916000e-05	-1.233001e-01	1.175693e+01
3.917000e-05	-1.208823e-01	1.165269e+01
3.918000e-05	-1.140687e-01	1.152377e+01
3.919000e-05	-1.112062e-01	1.140801e+01
3.920000e-05	-1.036306e-01	1.129474e+01
3.921000e-05	-1.001260e-01	1.117950e+01
3.922000e-05	-9.378815e-02	1.106371e+01
3.923000e-05	-9.019865e-02	1.094843e+01
3.924000e-05	-8.425201e-02	1.085419e+01
3.925000e-05	-8.110171e-02	1.075785e+01
3.926000e-05	-7.669169e-02	1.059861e+01
3.927000e-05	-7.290166e-02	1.047271e+01
3.928000e-05	-6.858316e-02	1.031742e+01
3.929000e-05	-6.541698e-02	1.019051e+01
3.930000e-05	-6.228520e-02	1.007464e+01
3.931000e-05	-5.967278e-02	9.897270e+00
3.932000e-05	-5.598199e-02	9.756730e+00
3.933000e-05	-5.342648e-02	9.570031e+00
3.934000e-05	-5.192332e-02	9.412687e+00
3.935000e-05	-4.920597e-02	9.304266e+00
3.936000e-05	-4.685575e-02	9.106402e+00
3.937000e-05	-4.400742e-02	8.937353e+00
3.938000e-05	-4.371221e-02	8.750028e+00
3.939000e-05	-4.120444e-02	8.620038e+00
3.940000e-05	-3.992669e-02	8.453662e+00
3.941000e-05	-3.710077e-02	8.306695e+00
3.942000e-05	-3.625489e-02	8.074113e+00
3.943000e-05	-3.439250e-02	7.884167e+00
3.944000e-05	-3.351177e-02	7.717291e+00
3.945000e-05	-3.176177e-02	7.524673e+00
3.946000e-05	-3.125731e-02	7.243637e+00
3.947000e-05	-2.941919e-02	7.065091e+00
3.948000e-05	-2.842660e-02	6.896163e+00
3.949000e-05	-2.805971e-02	6.674816e+00
3.950000e-05	-2.692209e-02	6.455112e+00
3.951000e-05	-2.517145e-02	6.255139e+00
3.952000e-05	-2.408665e-02	6.053213e+00
3.953000e-05	-2.240215e-02	5.886272e+00
3.954000e-05	-2.187508e-02	5.594112e+00
3.955000e-05	-2.090470e-02	5.433137e+00
3.956000e-05	-2.101711e-02	5.202087e+00
3.957000e-05	-2.043556e-02	4.887301e+00
3.958000e-05	-1.997812e-02	4.676718e+00
3.959000e-05	-1.663856e-02	4.507297e+00
3.960000e-05	-1.798211e-02	4.258270e+00
3.961000e-05	-1.635366e-02	4.004159e+00
3.962000e-05	-1.570332e-02	3.832610e+00
3.963000e-05	-1.353728e-02	3.593034e+00
3.964000e-05	-1.335248e-02	3.411012e+00
3.965000e-05	-1.365912e-02	3.140401e+00
3.966000e-05	-1.202578e-02	2.928375e+00
3.967000e-05	-1.111452e-02	2.699372e+00
3.968000e-05	-1.077736e-02	2.444638e+00
3.969000e-05	-1.199684e-02	2.183535e+00
3.970000e-05	-1.090522e-02	1.982005e+00
3.971000e-05	-9.961992e-03	1.772833e+00
3.972000e-05	-8.866011e-03	1.517368e+00
3.973000e-05	-7.499002e-03	1.276769e+00
3.974000e-05	-6.410989e-03	9.950090e-01
3.975000e-05	-5.820154e-03	7.397986e-01
3.976000e-05	-6.783239e-03	5.173497e-01
3.977000e-05	-5.987931e-03	2.882960e-01
3.978000e-05	-3.609939e-03	5.468919e-02
3.979000e-05	2.264934e-03	-1.954843e-01
3.980000e-05	4.527738e-03	-4.074384e-01
3.981000e-05	-2.452406e-03	-6.174897e-01
3.982000e-05	3.885687e-03	-8.300502e-01
3.983000e-05	-2.025974e-03	-1.029649e+00
3.984000e-05	3.102704e-03	-1.259126e+00
3.985000e-05	3.366505e-03	-1.533856e+00
3.986000e-05	4.522180e-02	-1.714259e+00
3.987000e-05	8.615999e-02	-1.921780e+00
3.988000e-05	-6.000907e-02	-2.256120e+00
3.989000e-05	-2.229574e-02	-2.584415e+00
3.990000e-05	-2.739996e-02	-2.787493e+00
3.991000e-05	-6.431953e-02	-2.964416e+00
3.992000e-05	2.878788e-02	-3.135416e+00
3.993000e-05	1.388737e-01	-3.271199e+00
3.994000e-05	-1.584759e-01	-3.553738e+00
3.995000e-05	1.728936e-01	-3.674181e+00
3.996000e-05	-4.023906e-02	-3.955934e+00
3.997000e-05	-7.554688e-02	-4.227999e+00
3.998000e-05	1.554943e-01	-4.355567e+00
3.999000e-05	-1.104814e-01	-4.608045e+00
4.000000e-05	7.540306e-02	-4.900198e+00
4.001000e-05	5.534179e-02	-5.067099e+00
4.002000e-05	-1.079369e-01	-5.422358e+00
4.003000e-05	1.349550e-01	-5.596841e+00
4.004000e-05	-1.055922e-01	-5.797920e+00
4.005000e-05	8.165410e-02	-5.987019e+00
4.006000e-05	9.985677e-03	-6.227425e+00
4.007000e-05	-3.573076e-02	-6.470125e+00
4.008000e-05	1.009285e-01	-6.658053e+00
4.009000e-05	-7.592658e-02	-6.880675e+00
4.010000e-05	1.134834e-01	-7.090704e+00
4.011000e-05	-4.576089e-02	-7.310707e+00
4.012000e-05	1.251392e-02	-7.492129e+00
4.013000e-05	5.917761e-02	-7.700152e+00
4.014000e-05	-3.880242e-02	-7.931813e+00
4.015000e-05	9.005859e-02	-8.083684e+00
4.016000e-05	-3.510265e-02	-8.260653e+00
4.017000e-05	6.168069e-02	-8.429078e+00
4.018000e-05	-1.248403e-02	-8.648021e+00
4.019000e-05	2.444229e-02	-8.798045e+00
4.020000e-05	4.485912e-02	-8.965438e+00
4.021000e-05	7.495171e-03	-9.122807e+00
4.022000e-05	4.732803e-02	-9.251679e+00
4.023000e-05	-1.579776e-02	-9.439577e+00
4.024000e-05	5.634907e-02	-9.596944e+00
4.025000e-05	1.231972e-02	-9.734366e+00
4.026000e-05	4.198386e-02	-9.881180e+00
4.027000e-05	1.767679e-02	-9.988047e+00
4.028000e-05	3.344143e-02	-1.019694e+01
4.029000e-05	2.959901e-02	-1.032379e+01
4.030000e-05	2.167311e-02	-1.048023e+01
4.031000e-05	4.028190e-02	-1.058747e+01
4.032000e-05	2.833404e-02	-1.070229e+01
4.033000e-05	3.935996e-02	-1.083962e+01
4.034000e-05	2.170402e-02	-1.098492e+01
4.035000e-05	4.456472e-02	-1.109023e+01
4.036000e-05	3.282151e-02	-1.122003e+01
4.037000e-05	4.182000e-02	-1.136384e+01
4.038000e-05	3.332562e-02	-1.144855e+01
4.039000e-05	4.410584e-02	-1.156284e+01
4.040000e-05	3.948658e-02	-1.166021e+01
4.041000e-05	3.923390e-02	-1.179534e+01
4.042000e-05	4.433590e-02	-1.185071e+01
4.043000e-05	4.445299e-02	-1.198392e+01
4.044000e-05	4.628792e-02	-1.206163e+01
4.045000e-05	4.412121e-02	-1.208321e+01
4.046000e-05	5.482729e-02	-1.218695e+01
4.047000e-05	4.939961e-02	-1.223963e+01
4.048000e-05	5.159222e-02	-1.225171e+01
4.049000e-05	4.796052e-02	-1.230484e+01
4.050000e-05	5.545097e-02	-1.236694e+01
4.051000e-05	5.444795e-02	-1.239955e+01
4.052000e-05	5.615014e-02	-1.248271e+01
4.053000e-05	5.979442e-02	-1.250236e+01
4.054000e-05	5.983277e-02	-1.254537e+01
4.055000e-05	6.048421e-02	-1.259690e+01
4.056000e-05	6.097455e-02	-1.261790e+01
4.057000e-05	6.485329e-02	-1.262000e+01
4.058000e-05	6.639689e-02	-1.265110e+01
4.059000e-05	6.832286e-02	-1.262951e+01
4.060000e-05	7.090230e-02	-1.265071e+01
4.061000e-05	7.157075e-02	-1.267066e+01
4.062000e-05	7.287773e-02	-1.265116e+01
4.063000e-05	7.397098e-02	-1.263063e+01
4.064000e-05	7.774133e-02	-1.267010e+01
4.065000e-05	8.165457e-02	-1.263066e+01
4.066000e-05	8.302391e-02	-1.261898e+01
4.067000e-05	8.633542e-02	-1.262045e+01
4.068000e-05	8.721716e-02	-1.258690e+01
4.069000e-05	9.168598e-02	-1.253687e+01
4.070000e-05	9.576136e-02	-1.249329e+01
4.071000e-05	9.957451e-02	-1.247376e+01
4.072000e-05	1.033639e-01	-1.239100e+01
4.073000e-05	1.110451e-01	-1.233537e+01
4.074000e-05	1.143074e-01	-1.229374e+01
4.075000e-05	1.199472e-01	-1.223158e+01
4.076000e-05	1.208861e-01	-1.217745e+01
4.077000e-05	1.243528e-01	-1.208431e+01
4.078000e-05	1.261096e-01	-1.202266e+01
4.079000e-05	1.253219e-01	-1.196885e+01
4.080000e-05	1.232352e-01	-1.184003e+01
4.081000e-05	1.194256e-01	-1.178790e+01
4.082000e-05	1.159466e-01	-1.162271e+01
4.083000e-05	1.115258e-01	-1.156482e+01
4.084000e-05	1.065626e-01	-1.139054e+01
4.085000e-05	1.031745e-01	-1.130424e+01
4.086000e-05	9.647143e-02	-1.118898e+01
4.087000e-05	9.210199e-02	-1.104416e+01
4.088000e-05	8.531302e-02	-1.092837e+01
4.089000e-05	8.140438e-02	-1.083261e+01
4.090000e-05	7.524320e-02	-1.073574e+01
4.091000e-05	7.166315e-02	-1.063208e+01
4.092000e-05	6.749417e-02	-1.053529e+01
4.093000e-05	6.470749e-02	-1.037095e+01
4.094000e-05	6.065231e-02	-1.021896e+01
4.095000e-05	5.865607e-02	-1.008364e+01
4.096000e-05	5.494781e-02	-9.894845e+00
4.097000e-05	5.261393e-02	-9.810453e+00
4.098000e-05	4.937311e-02	-9.643714e+00
4.099000e-05	4.615963e-02	-9.476346e+00
4.100000e-05	4.283903e-02	-9.347219e+00
4.101000e-05	4.047307e-02	-9.149951e+00
4.102000e-05	3.893279e-02	-9.011554e+00
4.103000e-05	3.646782e-02	-8.842762e+00
4.104000e-05	3.448847e-02	-8.665190e+00
4.105000e-05	3.418640e-02	-8.475141e+00
4.106000e-05	3.221887e-02	-8.275794e+00
4.107000e-05	2.884285e-02	-8.148322e+00
4.108000e-05	2.711310e-02	-7.931024e+00
4.109000e-05	2.563847e-02	-7.737719e+00
4.110000e-05	2.536294e-02	-7.516775e+00
4.111000e-05	2.299780e-02	-7.307296e+00
4.112000e-05	2.198912e-02	-7.128378e+00
4.113000e-05	1.957876e-02	-6.888345e+00
4.114000e-05	1.950139e-02	-6.697247e+00
4.115000e-05	1.930694e-02	-6.548320e+00
4.116000e-05	1.880270e-02	-6.349351e+00
4.117000e-05	1.827548e-02	-6.077220e+00
4.118000e-05	1.489326e-02	-5.927768e+00
4.119000e-05	1.361639e-02	-5.695642e+00
4.120000e-05	1.196957e-02	-5.519346e+00
4.121000e-05	1.187989e-02	-5.225664e+00
4.122000e-05	1.112334e-02	-4.990931e+00
4.123000e-05	8.366559e-03	-4.729824e+00
4.124000e-05	9.968123e-03	-4.540320e+00
4.125000e-05	8.646346e-03	-4.359950e+00
4.126000e-05	9.888235e-03	-4.151325e+00
4.127000e-05	7.905865e-03	-3.929401e+00
4.128000e-05	7.070753e-03	-3.685176e+00
4.129000e-05	4.701088e-03	-3.487242e+00
4.130000e-05	3.736691e-03	-3.237637e+00
4.131000e-05	4.076789e-03	-3.023614e+00
4.132000e-05	2.199567e-03	-2.740976e+00
4.133000e-05	4.300964e-03	-2.539902e+00
4.134000e-05	1.395675e-03	-2.331475e+00
4.135000e-05	2.337463e-03	-2.047194e+00
4.136000e-05	2.796365e-05	-1.865091e+00
4.137000e-05	2.482515e-03	-1.614087e+00
4.138000e-05	-1.343453e-03	-1.413904e+00
4.139000e-05	-1.145625e-03	-1.107795e+00
4.140000e-05	-3.225153e-03	-8.556408e-01
4.141000e-05	-2.016827e-03	-6.355606e-01
4.142000e-05	-5.155506e-03	-3.609511e-01
4.143000e-05	-3.822592e-03	-1.218524e-01
4.144000e-05	-1.324802e-03	4.860270e-02
4.145000e-05	5.540626e-03	3.317658e-01
4.146000e-05	-3.794779e-03	5.338094e-01
4.147000e-05	8.372106e-04	7.238069e-01
4.148000e-05	-4.128849e-03	9.342117e-01
4.149000e-05	-1.848857e-03	1.218019e+00
4.150000e-05	-5.730051e-03	1.457570e+00
4.151000e-05	5.732634e-04	1.659698e+00
4.152000e-05	2.731680e-02	1.901180e+00
4.153000e-05	6.979708e-02	2.102359e+00
4.154000e-05	-3.387996e-02	2.374316e+00
4.155000e-05	-5.776866e-02	2.638546e+00
4.156000e-05	-2.823591e-02	2.901732e+00
4.157000e-05	-3.950588e-02	3.061155e+00
4.158000e-05	-6.857744e-02	3.220049e+00
4.159000e-05	1.116027e-01	3.408968e+00
4.160000e-05	-1.260750e-03	3.640599e+00
4.161000e-05	-1.112276e-01	3.847549e+00
4.162000e-05	1.529382e-01	4.029575e+00
4.163000e-05	-1.293923e-01	4.293158e+00
4.164000e-05	6.341394e-03	4.521304e+00
4.165000e-05	3.788089e-02	4.724388e+00
4.166000e-05	-6.479289e-02	4.984942e+00
4.167000e-05	3.230737e-02	5.278653e+00
4.168000e-05	-2.950473e-02	5.503284e+00
4.169000e-05	-1.745756e-02	5.691232e+00
4.170000e-05	-9.581523e-03	5.963813e+00
4.171000e-05	-3.663145e-02	6.135413e+00
4.172000e-05	-3.092400e-03	6.354365e+00
4.173000e-05	-3.615425e-02	6.613416e+00
4.174000e-05	2.169561e-02	6.796520e+00
4.175000e-05	-3.032795e-02	7.005991e+00
4.176000e-05	-2.063102e-02	7.165893e+00
4.177000e-05	3.112177e-03	7.394369e+00
4.178000e-05	-5.884086e-02	7.627524e+00
4.179000e-05	9.904556e-04	7.807071e+00
4.180000e-05	-2.772574e-02	8.037104e+00
4.181000e-05	-1.202577e-02	8.259602e+00
4.182000e-05	-2.287826e-02	8.385969e+00
4.183000e-05	-3.369942e-02	8.584843e+00
4.184000e-05	-1.852363e-02	8.711738e+00
4.185000e-05	-3.221722e-02	8.857125e+00
4.186000e-05	-1.285874e-02	9.058529e+00
4.187000e-05	-3.629008e-02	9.174496e+00
4.188000e-05	-1.914970e-02	9.396866e+00
4.189000e-05	-2.957783e-02	9.521792e+00
4.190000e-05	-3.413855e-02	9.650205e+00
4.191000e-05	-2.607933e-02	9.838499e+00
4.192000e-05	-3.022749e-02	9.955393e+00
4.193000e-05	-2.740878e-02	1.013484e+01
4.194000e-05	-4.024284e-02	1.026963e+01
4.195000e-05	-2.738997e-02	1.041597e+01
4.196000e-05	-3.690353e-02	1.053424e+01
4.197000e-05	-3.485573e-02	1.067121e+01
4.198000e-05	-3.876365e-02	1.079648e+01
4.199000e-05	-3.515682e-02	1.093437e+01
4.200000e-05	-3.833476e-02	1.104860e+01
4.201000e-05	-4.404691e-02	1.117499e+01
4.202000e-05	-4.000431e-02	1.127131e+01
4.203000e-05	-4.101763e-02	1.140798e+01
4.204000e-05	-4.042674e-02	1.151242e+01
4.205000e-05	-4.626991e-02	1.162805e+01
4.206000e-05	-4.337077e-02	1.174439e+01
4.207000e-05	-4.730929e-02	1.188111e+01
4.208000e-05	-4.856712e-02	1.193337e+01
4.209000e-05	-4.933458e-02	1.196648e+01
4.210000e-05	-5.077321e-02	1.211173e+01
4.211000e-05	-5.232488e-02	1.215284e+01
4.212000e-05	-5.434248e-02	1.222853e+01
4.213000e-05	-5.281733e-02	1.229119e+01
4.214000e-05	-5.639655e-02	1.232439e+01
4.215000e-05	-5.811659e-02	1.240758e+01
4.216000e-05	-6.140400e-02	1.247059e+01
4.217000e-05	-6.049270e-02	1.250223e+01
4.218000e-05	-6.141946e-02	1.251432e+01
4.219000e-05	-6.304516e-02	1.258639e+01
4.220000e-05	-6.520636e-02	1.259698e+01
4.221000e-05	-6.990686e-02	1.257900e+01
4.222000e-05	-7.177349e-02	1.263006e+01
4.223000e-05	-7.225110e-02	1.267011e+01
4.224000e-05	-7.157669e-02	1.267966e+01
4.225000e-05	-7.349945e-02	1.267264e+01
4.226000e-05	-7.576822e-02	1.269116e+01
4.227000e-05	-7.853386e-02	1.271174e+01
4.228000e-05	-8.154266e-02	1.268371e+01
4.229000e-05	-8.339823e-02	1.265266e+01
4.230000e-05	-8.572744e-02	1.266266e+01
4.231000e-05	-8.684308e-02	1.266114e+01
4.232000e-05	-9.060821e-02	1.264106e+01
4.233000e-05	-9.216452e-02	1.260951e+01
4.234000e-05	-9.580807e-02	1.256998e+01
4.235000e-05	-9.971466e-02	1.256638e+01
4.236000e-05	-1.043482e-01	1.252579e+01
4.237000e-05	-1.082078e-01	1.247324e+01
4.238000e-05	-1.134148e-01	1.247208e+01
4.239000e-05	-1.186617e-01	1.239998e+01
4.240000e-05	-1.224485e-01	1.232492e+01
4.241000e-05	-1.263188e-01	1.226254e+01
4.242000e-05	-1.299912e-01	1.215797e+01
4.243000e-05	-1.329683e-01	1.206482e+01
4.244000e-05	-1.326769e-01	1.200153e+01
4.245000e-05	-1.306058e-01	1.194587e+01
4.246000e-05	-1.283093e-01	1.181113e+01
4.247000e-05	-1.249839e-01	1.176744e+01
4.248000e-05	-1.212798e-01	1.171366e+01
4.249000e-05	-1.156134e-01	1.151793e+01
4.250000e-05	-1.113903e-01	1.143108e+01
4.251000e-05	-1.051370e-01	1.131520e+01
4.252000e-05	-1.014095e-01	1.116903e+01
4.253000e-05	-9.454005e-02	1.107419e+01
4.254000e-05	-9.189489e-02	1.096895e+01
4.255000e-05	-8.541160e-02	1.087264e+01
4.256000e-05	-8.270907e-02	1.077993e+01
4.257000e-05	-7.615657e-02	1.059109e+01
4.258000e-05	-7.349617e-02	1.046474e+01
4.259000e-05	-6.917213e-02	1.033642e+01
4.260000e-05	-6.715131e-02	1.018053e+01
4.261000e-05	-6.365612e-02	1.007522e+01
4.262000e-05	-6.009328e-02	9.948354e+00
4.263000e-05	-5.662998e-02	9.748876e+00
4.264000e-05	-5.465116e-02	9.592032e+00
4.265000e-05	-5.173406e-02	9.453087e+00
4.266000e-05	-4.921647e-02	9.294798e+00
4.267000e-05	-4.728794e-02	9.129476e+00
4.268000e-05	-4.612403e-02	8.959505e+00
4.269000e-05	-4.388809e-02	8.790558e+00
4.270000e-05	-4.210116e-02	8.653113e+00
4.271000e-05	-4.014114e-02	8.463741e+00
4.272000e-05	-3.856998e-02	8.275794e+00
4.273000e-05	-3.580239e-02	8.116275e+00
4.274000e-05	-3.467825e-02	7.905772e+00
4.275000e-05	-3.402516e-02	7.677774e+00
4.276000e-05	-3.265030e-02	7.507374e+00
4.277000e-05	-3.094935e-02	7.255193e+00
4.278000e-05	-2.977688e-02	7.115771e+00
4.279000e-05	-2.834283e-02	6.866722e+00
4.280000e-05	-2.760265e-02	6.709820e+00
4.281000e-05	-2.686724e-02	6.467219e+00
4.282000e-05	-2.586027e-02	6.275692e+00
4.283000e-05	-2.455044e-02	6.087792e+00
4.284000e-05	-2.295374e-02	5.897323e+00
4.285000e-05	-2.239696e-02	5.674717e+00
4.286000e-05	-2.069543e-02	5.496212e+00
4.287000e-05	-2.013080e-02	5.242666e+00
4.288000e-05	-2.080983e-02	4.989932e+00
4.289000e-05	-2.019256e-02	4.739272e+00
4.290000e-05	-1.862090e-02	4.537875e+00
4.291000e-05	-1.777593e-02	4.340274e+00
4.292000e-05	-1.697271e-02	4.047639e+00
4.293000e-05	-1.655582e-02	3.843663e+00
4.294000e-05	-1.490143e-02	3.644684e+00
4.295000e-05	-1.437553e-02	3.454612e+00
4.296000e-05	-1.329734e-02	3.161401e+00
4.297000e-05	-1.196939e-02	2.931400e+00
4.298000e-05	-1.139064e-02	2.739425e+00
4.299000e-05	-1.193888e-02	2.498196e+00
4.300000e-05	-1.055074e-02	2.243689e+00
4.301000e-05	-1.019930e-02	2.043609e+00
4.302000e-05	-9.170716e-03	1.805138e+00
4.303000e-05	-9.764147e-03	1.539872e+00
4.304000e-05	-7.404915e-03	1.308320e+00
4.305000e-05	-6.426548e-03	1.015591e+00
4.306000e-05	-7.436190e-03	7.609063e-01
4.307000e-05	-6.179985e-03	5.204774e-01
4.308000e-05	-4.087835e-03	3.703997e-01
4.309000e-05	-4.414185e-03	5.714333e-02
4.310000e-05	4.322731e-06	-1.439306e-01
4.311000e-05	4.860535e-03	-3.558645e-01
4.312000e-05	-2.394875e-03	-6.053855e-01
4.313000e-05	4.500414e-03	-8.289236e-01
4.314000e-05	-2.462571e-03	-1.038070e+00
4.315000e-05	2.315163e-03	-1.236540e+00
4.316000e-05	1.274014e-03	-1.519225e+00
4.317000e-05	3.507017e-02	-1.681232e+00
4.318000e-05	8.994312e-02	-1.900700e+00
4.319000e-05	-3.632622e-02	-2.224459e+00
4.320000e-05	-3.883594e-02	-2.562338e+00
4.321000e-05	-1.426867e-02	-2.765888e+00
4.322000e-05	-6.201519e-02	-2.934337e+00
4.323000e-05	-8.172442e-03	-3.124863e+00
4.324000e-05	1.666079e-01	-3.248549e+00
4.325000e-05	-1.558265e-01	-3.489695e+00
4.326000e-05	1.107412e-01	-3.663235e+00
4.327000e-05	3.417280e-02	-3.909778e+00
4.328000e-05	-1.275173e-01	-4.184315e+00
4.329000e-05	1.681907e-01	-4.384916e+00
4.330000e-05	-8.407400e-02	-4.625862e+00
4.331000e-05	2.326813e-02	-4.847124e+00
4.332000e-05	1.068477e-01	-4.997967e+00
4.333000e-05	-1.274550e-01	-5.311303e+00
4.334000e-05	1.293995e-01	-5.563889e+00
4.335000e-05	-7.707754e-02	-5.773411e+00
4.336000e-05	3.711809e-02	-5.975519e+00
4.337000e-05	5.702085e-02	-6.205963e+00
4.338000e-05	-6.629105e-02	-6.447095e+00
4.339000e-05	1.135764e-01	-6.606996e+00
4.340000e-05	-6.963726e-02	-6.808599e+00
4.341000e-05	8.651574e-02	-7.069179e+00
4.342000e-05	-3.746456e-03	-7.251125e+00
4.343000e-05	-2.714123e-02	-7.499154e+00
4.344000e-05	8.726544e-02	-7.648625e+00
4.345000e-05	-5.355300e-02	-7.900281e+00
4.346000e-05	8.868238e-02	-8.083158e+00
4.347000e-05	-2.193731e-02	-8.238079e+00
4.348000e-05	4.382036e-02	-8.406573e+00
4.349000e-05	1.115940e-02	-8.596920e+00
4.350000e-05	2.100636e-03	-8.764944e+00
4.351000e-05	5.872304e-02	-8.944813e+00
4.352000e-05	-1.037960e-03	-9.081233e+00
4.353000e-05	5.167384e-02	-9.289676e+00
4.354000e-05	-1.389023e-02	-9.428495e+00
4.355000e-05	4.830303e-02	-9.566417e+00
4.356000e-05	2.036726e-02	-9.723811e+00
4.357000e-05	3.527761e-02	-9.820178e+00
4.358000e-05	2.449019e-02	-9.976994e+00
4.359000e-05	2.589169e-02	-1.012289e+01
4.360000e-05	3.510251e-02	-1.029971e+01
4.361000e-05	1.688615e-02	-1.045063e+01
4.362000e-05	4.187390e-02	-1.058487e+01
4.363000e-05	2.687171e-02	-1.069373e+01
4.364000e-05	4.203433e-02	-1.080797e+01
4.365000e-05	2.106621e-02	-1.096439e+01
4.366000e-05	4.124240e-02	-1.107058e+01
4.367000e-05	3.480136e-02	-1.115900e+01
4.368000e-05	4.199928e-02	-1.133279e+01
4.369000e-05	3.601173e-02	-1.139852e+01
4.370000e-05	4.028446e-02	-1.148284e+01
4.371000e-05	4.250745e-02	-1.167858e+01
4.372000e-05	3.771510e-02	-1.179487e+01
4.373000e-05	4.672433e-02	-1.188158e+01
4.374000e-05	4.361835e-02	-1.196439e+01
4.375000e-05	4.628369e-02	-1.200913e+01
4.376000e-05	4.156488e-02	-1.211376e+01
4.377000e-05	5.261652e-02	-1.214739e+01
4.378000e-05	5.128355e-02	-1.222855e+01
4.379000e-05	5.211071e-02	-1.227268e+01
4.380000e-05	4.879870e-02	-1.232289e+01
4.381000e-05	5.394644e-02	-1.236789e+01
4.382000e-05	5.510530e-02	-1.242857e+01
4.383000e-05	5.727503e-02	-1.245063e+01
4.384000e-05	6.064489e-02	-1.252182e+01
4.385000e-05	5.871490e-02	-1.250584e+01
4.386000e-05	5.904419e-02	-1.257847e+01
4.387000e-05	6.244194e-02	-1.257802e+01
4.388000e-05	6.593350e-02	-1.262853e+01
4.389000e-05	6.699018e-02	-1.263003e+01
4.390000e-05	6.752851e-02	-1.267108e+01
4.391000e-05	7.121539e-02	-1.267164e+01
4.392000e-05	7.108679e-02	-1.267111e+01
4.393000e-05	7.212276e-02	-1.265166e+01
4.394000e-05	7.432059e-02	-1.262961e+01
4.395000e-05	7.710893e-02	-1.266163e+01
4.396000e-05	8.113242e-02	-1.265063e+01
4.397000e-05	8.192913e-02	-1.262011e+01
4.398000e-05	8.657420e-02	-1.258900e+01
4.399000e-05	8.749858e-02	-1.254805e+01
4.400000e-05	9.114706e-02	-1.255580e+01
4.401000e-05	9.393463e-02	-1.250574e+01
4.402000e-05	9.995595e-02	-1.248366e+01
4.403000e-05	1.046882e-01	-1.240998e+01
4.404000e-05	1.087347e-01	-1.234742e+01
4.405000e-05	1.137780e-01	-1.228224e+01
4.406000e-05	1.187050e-01	-1.224256e+01
4.407000e-05	1.220902e-01	-1.217687e+01
4.408000e-05	1.234123e-01	-1.210584e+01
4.409000e-05	1.253575e-01	-1.203213e+01
4.410000e-05	1.253032e-01	-1.191840e+01
4.411000e-05	1.241590e-01	-1.184316e+01
4.412000e-05	1.204675e-01	-1.173895e+01
4.413000e-05	1.149285e-01	-1.168363e+01
4.414000e-05	1.119400e-01	-1.157937e+01
4.415000e-05	1.076731e-01	-1.143261e+01
4.416000e-05	1.038492e-01	-1.134435e+01
4.417000e-05	9.696485e-02	-1.122003e+01
4.418000e-05	9.156447e-02	-1.104519e+01
4.419000e-05	8.687453e-02	-1.092737e+01
4.420000e-05	8.120087e-02	-1.085324e+01
4.421000e-05	7.576778e-02	-1.075887e+01
4.422000e-05	7.259322e-02	-1.064253e+01
4.423000e-05	6.935337e-02	-1.053682e+01
4.424000e-05	6.533799e-02	-1.040901e+01
4.425000e-05	6.109438e-02	-1.025213e+01
4.426000e-05	5.864137e-02	-1.007564e+01
4.427000e-05	5.563962e-02	-9.919371e+00
4.428000e-05	5.288186e-02	-9.819559e+00
4.429000e-05	4.893483e-02	-9.664716e+00
4.430000e-05	4.756285e-02	-9.517321e+00
4.431000e-05	4.284733e-02	-9.369348e+00
4.432000e-05	4.174882e-02	-9.201552e+00
4.433000e-05	3.826737e-02	-9.032134e+00
4.434000e-05	3.675203e-02	-8.894737e+00
4.435000e-05	3.401971e-02	-8.688221e+00
4.436000e-05	3.395433e-02	-8.484211e+00
4.437000e-05	3.292149e-02	-8.308220e+00
4.438000e-05	2.970482e-02	-8.148927e+00
4.439000e-05	2.688475e-02	-7.970526e+00
4.440000e-05	2.685511e-02	-7.780921e+00
4.441000e-05	2.607991e-02	-7.498876e+00
4.442000e-05	2.241348e-02	-7.368877e+00
4.443000e-05	2.063511e-02	-7.191454e+00
4.444000e-05	2.057803e-02	-6.930447e+00
4.445000e-05	2.042956e-02	-6.727901e+00
4.446000e-05	1.850708e-02	-6.569898e+00
4.447000e-05	1.670352e-02	-6.370980e+00
4.448000e-05	1.731706e-02	-6.180796e+00
4.449000e-05	1.646008e-02	-5.947398e+00
4.450000e-05	1.344877e-02	-5.698297e+00
4.451000e-05	1.328415e-02	-5.529851e+00
4.452000e-05	1.241003e-02	-5.285700e+00
4.453000e-05	1.307522e-02	-5.055642e+00
4.454000e-05	8.492417e-03	-4.800954e+00
4.455000e-05	1.086353e-02	-4.559449e+00
4.456000e-05	9.055671e-03	-4.391503e+00
4.457000e-05	9.915403e-03	-4.151007e+00
4.458000e-05	5.725490e-03	-4.001554e+00
4.459000e-05	6.259876e-03	-3.729824e+00
4.460000e-05	6.012373e-03	-3.519297e+00
4.461000e-05	5.367055e-03	-3.258221e+00
4.462000e-05	4.373528e-03	-3.107119e+00
4.463000e-05	2.452270e-03	-2.761083e+00
4.464000e-05	3.549304e-03	-2.572003e+00
4.465000e-05	1.810810e-03	-2.372979e+00
4.466000e-05	2.407115e-03	-2.119323e+00
4.467000e-05	1.104908e-04	-1.897192e+00
4.468000e-05	1.210836e-03	-1.686711e+00
4.469000e-05	-5.126142e-04	-1.406566e+00
4.470000e-05	-1.800785e-03	-1.098849e+00
4.471000e-05	-3.210706e-03	-8.772196e-01
4.472000e-05	-2.165837e-03	-6.582395e-01
4.473000e-05	-4.193135e-03	-4.030814e-01
4.474000e-05	-2.457226e-03	-1.529563e-01
4.475000e-05	-2.084604e-03	2.854250e-02
4.476000e-05	5.699821e-03	2.796751e-01
4.477000e-05	-2.981812e-03	5.011792e-01
4.478000e-05	-5.195326e-04	6.816342e-01
4.479000e-05	-3.878957e-03	8.607040e-01
4.480000e-05	-3.193129e-03	1.121914e+00
4.481000e-05	-5.017807e-03	1.384913e+00
4.482000e-05	-4.621671e-04	1.657970e+00
4.483000e-05	2.164555e-02	1.859074e+00
4.484000e-05	6.720034e-02	2.061654e+00
4.485000e-05	-1.040007e-02	2.312333e+00
4.486000e-05	-6.975475e-02	2.574438e+00
4.487000e-05	-2.551591e-02	2.850601e+00
4.488000e-05	-3.894974e-02	3.069650e+00
4.489000e-05	-7.139710e-02	3.188547e+00
4.490000e-05	7.581956e-02	3.374915e+00
4.491000e-05	5.448406e-02	3.626050e+00
4.492000e-05	-1.472249e-01	3.796445e+00
4.493000e-05	1.512427e-01	3.986994e+00
4.494000e-05	-9.329716e-02	4.268154e+00
4.495000e-05	-3.124664e-02	4.462257e+00
4.496000e-05	6.154300e-02	4.721708e+00
4.497000e-05	-6.667413e-02	4.974308e+00
4.498000e-05	1.819581e-02	5.264998e+00
4.499000e-05	-1.572025e-02	5.470627e+00
4.500000e-05	-2.791966e-02	5.680153e+00
4.501000e-05	1.758767e-03	5.909784e+00
4.502000e-05	-3.933975e-02	6.144262e+00
4.503000e-05	-4.025832e-03	6.323788e+00
4.504000e-05	-3.647167e-02	6.552932e+00
4.505000e-05	1.020727e-02	6.803441e+00
4.506000e-05	-1.499917e-02	6.994920e+00
4.507000e-05	-3.222980e-02	7.132913e+00
4.508000e-05	1.544125e-02	7.384762e+00
4.509000e-05	-6.100819e-02	7.616992e+00
4.510000e-05	-5.618062e-03	7.815446e+00
4.511000e-05	-2.234213e-02	8.027475e+00
4.512000e-05	-1.577751e-02	8.216550e+00
4.513000e-05	-1.696717e-02	8.374491e+00
4.514000e-05	-3.790818e-02	8.542266e+00
4.515000e-05	-1.712407e-02	8.690707e+00
4.516000e-05	-3.270668e-02	8.848074e+00
4.517000e-05	-1.153246e-02	9.035949e+00
4.518000e-05	-3.420591e-02	9.164469e+00
4.519000e-05	-2.195368e-02	9.333816e+00
4.520000e-05	-2.608764e-02	9.492712e+00
4.521000e-05	-3.610423e-02	9.626579e+00
4.522000e-05	-2.698012e-02	9.827479e+00
4.523000e-05	-2.936951e-02	9.964892e+00
4.524000e-05	-2.685224e-02	1.009319e+01
4.525000e-05	-3.928085e-02	1.026718e+01
4.526000e-05	-3.059933e-02	1.037495e+01
4.527000e-05	-3.488409e-02	1.052128e+01
4.528000e-05	-3.382487e-02	1.067871e+01
4.529000e-05	-3.787617e-02	1.081602e+01
4.530000e-05	-3.528145e-02	1.092376e+01
4.531000e-05	-3.752913e-02	1.104757e+01
4.532000e-05	-4.211427e-02	1.114489e+01
4.533000e-05	-3.949027e-02	1.127023e+01
4.534000e-05	-4.089764e-02	1.135655e+01
4.535000e-05	-4.109794e-02	1.154124e+01
4.536000e-05	-4.653811e-02	1.164953e+01
4.537000e-05	-4.315986e-02	1.176486e+01
4.538000e-05	-4.602094e-02	1.184903e+01
4.539000e-05	-4.796481e-02	1.189427e+01
4.540000e-05	-4.857979e-02	1.195792e+01
4.541000e-05	-4.926216e-02	1.205876e+01
4.542000e-05	-5.270321e-02	1.216587e+01
4.543000e-05	-5.451135e-02	1.218910e+01
4.544000e-05	-5.183870e-02	1.225168e+01
4.545000e-05	-5.510369e-02	1.233342e+01
4.546000e-05	-5.823029e-02	1.240703e+01
4.547000e-05	-6.114251e-02	1.244221e+01
4.548000e-05	-5.965386e-02	1.250181e+01
4.549000e-05	-6.167451e-02	1.252531e+01
4.550000e-05	-6.407865e-02	1.254642e+01
4.551000e-05	-6.502821e-02	1.258800e+01
4.552000e-05	-6.775432e-02	1.261798e+01
4.553000e-05	-7.072546e-02	1.260903e+01
4.554000e-05	-7.143783e-02	1.264105e+01
4.555000e-05	-7.100872e-02	1.264921e+01
4.556000e-05	-7.379539e-02	1.268261e+01
4.557000e-05	-7.612844e-02	1.268269e+01
4.558000e-05	-7.857752e-02	1.268421e+01
4.559000e-05	-7.940460e-02	1.268121e+01
4.560000e-05	-8.352185e-02	1.270264e+01
4.561000e-05	-8.501129e-02	1.262174e+01
4.562000e-05	-8.587324e-02	1.265114e+01
4.563000e-05	-8.976843e-02	1.263011e+01
4.564000e-05	-9.341398e-02	1.260001e+01
4.565000e-05	-9.573622e-02	1.260842e+01
4.566000e-05	-9.886055e-02	1.254737e+01
4.567000e-05	-1.036700e-01	1.255687e+01
4.568000e-05	-1.075569e-01	1.252524e+01
4.569000e-05	-1.121584e-01	1.245213e+01
4.570000e-05	-1.157695e-01	1.238898e+01
4.571000e-05	-1.224564e-01	1.232585e+01
4.572000e-05	-1.264173e-01	1.224961e+01
4.573000e-05	-1.286801e-01	1.218853e+01
4.574000e-05	-1.316898e-01	1.211534e+01
4.575000e-05	-1.328326e-01	1.204118e+01
4.576000e-05	-1.309476e-01	1.194792e+01
4.577000e-05	-1.287046e-01	1.185364e+01
4.578000e-05	-1.253283e-01	1.175790e+01
4.579000e-05	-1.226961e-01	1.166324e+01
4.580000e-05	-1.157938e-01	1.155845e+01
4.581000e-05	-1.110469e-01	1.140956e+01
4.582000e-05	-1.054134e-01	1.133585e+01
4.583000e-05	-1.020264e-01	1.122116e+01
4.584000e-05	-9.524877e-02	1.106577e+01
4.585000e-05	-9.280088e-02	1.101106e+01
4.586000e-05	-8.595915e-02	1.087374e+01
4.587000e-05	-8.369098e-02	1.079055e+01
4.588000e-05	-7.710957e-02	1.063466e+01
4.589000e-05	-7.350599e-02	1.048425e+01
4.590000e-05	-6.909928e-02	1.032840e+01
4.591000e-05	-6.727757e-02	1.022213e+01
4.592000e-05	-6.341785e-02	1.010479e+01
4.593000e-05	-6.051634e-02	9.948427e+00
4.594000e-05	-5.761179e-02	9.770107e+00
4.595000e-05	-5.548795e-02	9.601534e+00
4.596000e-05	-5.194262e-02	9.485165e+00
4.597000e-05	-5.064731e-02	9.336796e+00
4.598000e-05	-4.839259e-02	9.200954e+00
4.599000e-05	-4.609939e-02	9.021160e+00
4.600000e-05	-4.252700e-02	8.811584e+00
4.601000e-05	-4.204784e-02	8.653716e+00
4.602000e-05	-4.022150e-02	8.505221e+00
4.603000e-05	-3.796202e-02	8.318919e+00
4.604000e-05	-3.571294e-02	8.107748e+00
4.605000e-05	-3.461960e-02	7.927925e+00
4.606000e-05	-3.533089e-02	7.758000e+00
4.607000e-05	-3.177236e-02	7.589509e+00
4.608000e-05	-3.157761e-02	7.296400e+00
4.609000e-05	-2.972604e-02	7.127775e+00
4.610000e-05	-2.845893e-02	6.908876e+00
4.611000e-05	-2.686775e-02	6.759976e+00
4.612000e-05	-2.636833e-02	6.536322e+00
4.613000e-05	-2.678797e-02	6.317820e+00
4.614000e-05	-2.563185e-02	6.118849e+00
4.615000e-05	-2.259616e-02	5.919476e+00
4.616000e-05	-2.395591e-02	5.728242e+00
4.617000e-05	-2.298882e-02	5.497792e+00
4.618000e-05	-2.111219e-02	5.287771e+00
4.619000e-05	-1.932996e-02	5.004039e+00
4.620000e-05	-1.981950e-02	4.769379e+00
4.621000e-05	-1.934294e-02	4.559347e+00
4.622000e-05	-1.731731e-02	4.359479e+00
4.623000e-05	-1.543560e-02	4.089868e+00
4.624000e-05	-1.610470e-02	3.917297e+00
4.625000e-05	-1.526205e-02	3.704141e+00
4.626000e-05	-1.445451e-02	3.466742e+00
4.627000e-05	-1.318801e-02	3.221054e+00
4.628000e-05	-1.495771e-02	2.971507e+00
4.629000e-05	-1.305479e-02	2.793979e+00
4.630000e-05	-1.163943e-02	2.540780e+00
4.631000e-05	-9.218912e-03	2.286818e+00
4.632000e-05	-9.430219e-03	2.064642e+00
4.633000e-05	-9.973406e-03	1.824742e+00
4.634000e-05	-9.503584e-03	1.612003e+00
4.635000e-05	-9.401377e-03	1.350299e+00
4.636000e-05	-8.161744e-03	1.097297e+00
4.637000e-05	-7.188072e-03	7.820316e-01
4.638000e-05	-6.039299e-03	5.619002e-01
4.639000e-05	-5.294188e-03	3.719764e-01
4.640000e-05	-4.799798e-03	1.192751e-01
4.641000e-05	-3.229782e-04	-7.325546e-02
4.642000e-05	7.423594e-03	-3.227831e-01
4.643000e-05	-2.826239e-03	-5.242578e-01
4.644000e-05	4.025102e-03	-7.970173e-01
4.645000e-05	-2.790212e-03	-1.014963e+00
4.646000e-05	3.372678e-03	-1.195911e+00
4.647000e-05	-2.080921e-03	-1.479171e+00
4.648000e-05	2.457872e-02	-1.681148e+00
4.649000e-05	8.775322e-02	-1.847046e+00
4.650000e-05	-5.976078e-03	-2.163805e+00
4.651000e-05	-5.823553e-02	-2.519729e+00
4.652000e-05	-5.589475e-03	-2.713409e+00
4.653000e-05	-5.916071e-02	-2.932805e+00
4.654000e-05	-3.504767e-02	-3.103757e+00
4.655000e-05	1.731429e-01	-3.229025e+00
4.656000e-05	-1.177686e-01	-3.467547e+00
4.657000e-05	2.848031e-02	-3.691679e+00
4.658000e-05	9.165356e-02	-3.829095e+00
4.659000e-05	-1.656908e-01	-4.142809e+00
4.660000e-05	1.556266e-01	-4.325312e+00
4.661000e-05	-3.994222e-02	-4.574808e+00
4.662000e-05	-2.820435e-02	-4.808495e+00
4.663000e-05	1.416074e-01	-4.975419e+00
4.664000e-05	-1.272555e-01	-5.298574e+00
4.665000e-05	1.034299e-01	-5.523336e+00
4.666000e-05	-3.307955e-02	-5.722835e+00
4.667000e-05	-1.485425e-02	-5.965391e+00
4.668000e-05	9.543200e-02	-6.124283e+00
4.669000e-05	-8.416953e-02	-6.413414e+00
4.670000e-05	1.100816e-01	-6.586893e+00
4.671000e-05	-4.655417e-02	-6.775342e+00
4.672000e-05	5.083500e-02	-7.037032e+00
4.673000e-05	3.926817e-02	-7.217995e+00
4.674000e-05	-6.520172e-02	-7.418071e+00
4.675000e-05	1.015200e-01	-7.599020e+00
4.676000e-05	-5.095743e-02	-7.858128e+00
4.677000e-05	7.719232e-02	-8.069600e+00
4.678000e-05	-3.401387e-03	-8.176996e+00
4.679000e-05	2.083597e-02	-8.366495e+00
4.680000e-05	3.260087e-02	-8.544417e+00
4.681000e-05	-1.718266e-02	-8.753889e+00
4.682000e-05	6.744811e-02	-8.924810e+00
4.683000e-05	-3.722016e-03	-9.049732e+00
4.684000e-05	5.473701e-02	-9.226998e+00
4.685000e-05	-9.639335e-03	-9.406845e+00
4.686000e-05	3.567084e-02	-9.544337e+00
4.687000e-05	3.112305e-02	-9.683205e+00
4.688000e-05	2.201782e-02	-9.849024e+00
4.689000e-05	3.404072e-02	-9.983942e+00
4.690000e-05	1.772864e-02	-1.018436e+01
4.691000e-05	4.537447e-02	-1.030018e+01
4.692000e-05	1.190853e-02	-1.045013e+01
4.693000e-05	4.265494e-02	-1.056484e+01
4.694000e-05	2.604114e-02	-1.070121e+01
4.695000e-05	4.096202e-02	-1.079557e+01
4.696000e-05	2.205336e-02	-1.089382e+01
4.697000e-05	3.898476e-02	-1.105855e+01
4.698000e-05	3.805995e-02	-1.115545e+01
4.699000e-05	3.790916e-02	-1.127318e+01
4.700000e-05	3.632884e-02	-1.138850e+01
4.701000e-05	3.805496e-02	-1.152324e+01
4.702000e-05	4.730518e-02	-1.161758e+01
4.703000e-05	3.665200e-02	-1.172384e+01
4.704000e-05	4.486969e-02	-1.187758e+01
4.705000e-05	4.158639e-02	-1.196389e+01
4.706000e-05	4.730822e-02	-1.203948e+01
4.707000e-05	4.229237e-02	-1.210366e+01
4.708000e-05	5.141412e-02	-1.215639e+01
4.709000e-05	5.131631e-02	-1.223755e+01
4.710000e-05	5.209428e-02	-1.225166e+01
4.711000e-05	5.000223e-02	-1.232484e+01
4.712000e-05	5.202901e-02	-1.236497e+01
4.713000e-05	5.615071e-02	-1.237897e+01
4.714000e-05	5.622111e-02	-1.250166e+01
4.715000e-05	5.982462e-02	-1.251232e+01
4.716000e-05	5.936791e-02	-1.251382e+01
4.717000e-05	6.010456e-02	-1.259792e+01
4.718000e-05	6.188195e-02	-1.261845e+01
4.719000e-05	6.448676e-02	-1.262898e+01
4.720000e-05	6.657557e-02	-1.262858e+01
4.721000e-05	6.895077e-02	-1.264053e+01
4.722000e-05	7.087544e-02	-1.265110e+01
4.723000e-05	7.266324e-02	-1.269063e+01
4.724000e-05	7.122475e-02	-1.266268e+01
4.725000e-05	7.399498e-02	-1.263161e+01
4.726000e-05	7.603526e-02	-1.261071e+01
4.727000e-05	8.101179e-02	-1.263053e+01
4.728000e-05	8.255130e-02	-1.264960e+01
4.729000e-05	8.521250e-02	-1.261898e+01
4.730000e-05	8.827369e-02	-1.256642e+01
4.731000e-05	9.115103e-02	-1.256782e+01
4.732000e-05	9.515611e-02	-1.253484e+01
4.733000e-05	9.932739e-02	-1.245411e+01
4.734000e-05	1.033108e-01	-1.242013e+01
4.735000e-05	1.080732e-01	-1.235895e+01
4.736000e-05	1.132905e-01	-1.229574e+01
4.737000e-05	1.179227e-01	-1.225214e+01
4.738000e-05	1.215344e-01	-1.216745e+01
4.739000e-05	1.234327e-01	-1.210536e+01
4.740000e-05	1.256977e-01	-1.206356e+01
4.741000e-05	1.259441e-01	-1.199845e+01
4.742000e-05	1.249075e-01	-1.192307e+01
4.743000e-05	1.218405e-01	-1.175050e+01
4.744000e-05	1.178343e-01	-1.168621e+01
4.745000e-05	1.128932e-01	-1.157989e+01
4.746000e-05	1.073043e-01	-1.146361e+01
4.747000e-05	1.030406e-01	-1.128725e+01
4.748000e-05	9.940410e-02	-1.120953e+01
4.749000e-05	9.218820e-02	-1.110479e+01
4.750000e-05	8.713832e-02	-1.098842e+01
4.751000e-05	8.299467e-02	-1.085364e+01
4.752000e-05	7.735978e-02	-1.075840e+01
4.753000e-05	7.415732e-02	-1.066411e+01
4.754000e-05	6.904694e-02	-1.054740e+01
4.755000e-05	6.649590e-02	-1.043103e+01
4.756000e-05	6.176054e-02	-1.023359e+01
4.757000e-05	5.764916e-02	-1.011624e+01
4.758000e-05	5.511696e-02	-9.958926e+00
4.759000e-05	5.295080e-02	-9.821585e+00
4.760000e-05	5.076898e-02	-9.706267e+00
4.761000e-05	4.702355e-02	-9.548473e+00
4.762000e-05	4.431561e-02	-9.368475e+00
4.763000e-05	4.232547e-02	-9.192083e+00
4.764000e-05	3.869278e-02	-9.075134e+00
4.765000e-05	3.710323e-02	-8.895763e+00
4.766000e-05	3.429455e-02	-8.727769e+00
4.767000e-05	3.401220e-02	-8.487346e+00
4.768000e-05	3.119850e-02	-8.337349e+00
4.769000e-05	3.054159e-02	-8.189954e+00
4.770000e-05	2.814262e-02	-8.042608e+00
4.771000e-05	2.735366e-02	-7.783512e+00
4.772000e-05	2.497453e-02	-7.551000e+00
4.773000e-05	2.400358e-02	-7.380479e+00
4.774000e-05	2.236018e-02	-7.221557e+00
4.775000e-05	2.058644e-02	-7.002431e+00
4.776000e-05	2.013445e-02	-6.770954e+00
4.777000e-05	1.821299e-02	-6.572005e+00
4.778000e-05	1.900919e-02	-6.400555e+00
4.779000e-05	1.656311e-02	-6.192980e+00
4.780000e-05	1.633035e-02	-5.940475e+00
4.781000e-05	1.424384e-02	-5.780951e+00
4.782000e-05	1.475108e-02	-5.589928e+00
4.783000e-05	1.141127e-02	-5.310795e+00
4.784000e-05	1.204513e-02	-5.077765e+00
4.785000e-05	8.479267e-03	-4.815087e+00
4.786000e-05	1.257654e-02	-4.593005e+00
4.787000e-05	8.937917e-03	-4.382083e+00
4.788000e-05	1.030727e-02	-4.201583e+00
4.789000e-05	5.945916e-03	-3.993085e+00
4.790000e-05	8.412962e-03	-3.802933e+00
4.791000e-05	6.630479e-03	-3.509874e+00
4.792000e-05	5.288226e-03	-3.319295e+00
4.793000e-05	3.987926e-03	-3.068816e+00
4.794000e-05	4.304199e-03	-2.835633e+00
4.795000e-05	3.025764e-03	-2.625084e+00
4.796000e-05	2.437806e-03	-2.392533e+00
4.797000e-05	1.159234e-03	-2.149850e+00
4.798000e-05	4.104616e-04	-1.918321e+00
4.799000e-05	1.375244e-03	-1.707770e+00
4.800000e-05	-1.206758e-03	-1.487613e+00
4.801000e-05	-5.582773e-04	-1.160900e+00
4.802000e-05	-2.810425e-03	-9.292974e-01
4.803000e-05	-2.311542e-03	-6.988960e-01
4.804000e-05	-4.440856e-03	-4.546116e-01
4.805000e-05	-3.097893e-03	-2.045843e-01
4.806000e-05	-3.269690e-03	3.594100e-02
4.807000e-05	3.903239e-03	2.380936e-01
4.808000e-05	-1.157645e-03	4.811775e-01
4.809000e-05	-1.721097e-03	6.906751e-01
4.810000e-05	-1.858807e-03	8.501266e-01
4.811000e-05	-4.269224e-03	1.121805e+00
4.812000e-05	-4.119410e-03	1.344908e+00
4.813000e-05	-2.151873e-03	1.573974e+00
4.814000e-05	1.508830e-02	1.806521e+00
4.815000e-05	6.222413e-02	2.028521e+00
4.816000e-05	1.329377e-02	2.289749e+00
4.817000e-05	-7.656813e-02	2.503833e+00
4.818000e-05	-2.474304e-02	2.817999e+00
4.819000e-05	-3.868850e-02	3.016595e+00
4.820000e-05	-6.810770e-02	3.195522e+00
4.821000e-05	3.725708e-02	3.343911e+00
4.822000e-05	9.896981e-02	3.546042e+00
4.823000e-05	-1.606895e-01	3.747417e+00
4.824000e-05	1.286608e-01	3.962343e+00
4.825000e-05	-4.178760e-02	4.267544e+00
4.826000e-05	-7.460068e-02	4.409601e+00
4.827000e-05	7.469387e-02	4.689699e+00
4.828000e-05	-5.968838e-02	4.870707e+00
4.829000e-05	2.602791e-03	5.145464e+00
4.830000e-05	-5.677778e-04	5.448524e+00
4.831000e-05	-3.679855e-02	5.648574e+00
4.832000e-05	8.095211e-03	5.861201e+00
4.833000e-05	-3.904607e-02	6.120658e+00
4.834000e-05	-8.171584e-03	6.312761e+00
4.835000e-05	-2.994954e-02	6.529229e+00
4.836000e-05	-1.041915e-03	6.721237e+00
4.837000e-05	-1.919934e-03	6.953340e+00
4.838000e-05	-4.521596e-02	7.133838e+00
4.839000e-05	1.981052e-02	7.263284e+00
4.840000e-05	-5.472164e-02	7.521865e+00
4.841000e-05	-1.378638e-02	7.753868e+00
4.842000e-05	-1.543538e-02	7.994440e+00
4.843000e-05	-2.193994e-02	8.184896e+00
4.844000e-05	-1.299502e-02	8.354417e+00
4.845000e-05	-3.910331e-02	8.490815e+00
4.846000e-05	-1.668275e-02	8.679127e+00
4.847000e-05	-3.310309e-02	8.776571e+00
4.848000e-05	-1.336997e-02	8.996417e+00
4.849000e-05	-3.161965e-02	9.153337e+00
4.850000e-05	-2.479695e-02	9.314212e+00
4.851000e-05	-2.439311e-02	9.459584e+00
4.852000e-05	-3.596403e-02	9.608049e+00
4.853000e-05	-2.755000e-02	9.795896e+00
4.854000e-05	-2.849279e-02	9.932836e+00
4.855000e-05	-2.685353e-02	1.008219e+01
4.856000e-05	-3.839652e-02	1.023705e+01
4.857000e-05	-3.072065e-02	1.034487e+01
4.858000e-05	-3.326485e-02	1.047078e+01
4.859000e-05	-3.531589e-02	1.061808e+01
4.860000e-05	-3.814921e-02	1.079535e+01
4.861000e-05	-3.430803e-02	1.088326e+01
4.862000e-05	-3.649219e-02	1.103753e+01
4.863000e-05	-4.255260e-02	1.116431e+01
4.864000e-05	-4.113077e-02	1.124065e+01
4.865000e-05	-3.917870e-02	1.136600e+01
4.866000e-05	-4.034843e-02	1.149119e+01
4.867000e-05	-4.609544e-02	1.160557e+01
4.868000e-05	-4.354086e-02	1.172179e+01
4.869000e-05	-4.576963e-02	1.181900e+01
4.870000e-05	-4.863087e-02	1.187174e+01
4.871000e-05	-5.005798e-02	1.194502e+01
4.872000e-05	-4.836501e-02	1.205808e+01
4.873000e-05	-5.206507e-02	1.214534e+01
4.874000e-05	-5.308438e-02	1.217901e+01
4.875000e-05	-5.265877e-02	1.223068e+01
4.876000e-05	-5.495580e-02	1.232286e+01
4.877000e-05	-5.813856e-02	1.240655e+01
4.878000e-05	-6.202546e-02	1.244756e+01
4.879000e-05	-6.039165e-02	1.251373e+01
4.880000e-05	-6.217277e-02	1.253524e+01
4.881000e-05	-6.265273e-02	1.254640e+01
4.882000e-05	-6.506050e-02	1.257745e+01
4.883000e-05	-6.673225e-02	1.257958e+01
4.884000e-05	-7.154517e-02	1.259001e+01
4.885000e-05	-7.271995e-02	1.263068e+01
4.886000e-05	-6.994060e-02	1.263011e+01
4.887000e-05	-7.408092e-02	1.266216e+01
4.888000e-05	-7.444207e-02	1.267268e+01
4.889000e-05	-7.933062e-02	1.264179e+01
4.890000e-05	-8.022398e-02	1.269174e+01
4.891000e-05	-8.287444e-02	1.267176e+01
4.892000e-05	-8.532701e-02	1.269314e+01
4.893000e-05	-8.499035e-02	1.263959e+01
4.894000e-05	-8.777127e-02	1.268206e+01
4.895000e-05	-9.241288e-02	1.260858e+01
4.896000e-05	-9.498397e-02	1.260853e+01
4.897000e-05	-9.853514e-02	1.255692e+01
4.898000e-05	-1.035400e-01	1.255682e+01
4.899000e-05	-1.060841e-01	1.248534e+01
4.900000e-05	-1.125768e-01	1.245174e+01
4.901000e-05	-1.155608e-01	1.238853e+01
4.902000e-05	-1.222698e-01	1.237595e+01
4.903000e-05	-1.245632e-01	1.227261e+01
4.904000e-05	-1.289886e-01	1.219898e+01
4.905000e-05	-1.309992e-01	1.211482e+01
4.906000e-05	-1.324758e-01	1.208264e+01
4.907000e-05	-1.306501e-01	1.194792e+01
4.908000e-05	-1.289697e-01	1.188264e+01
4.909000e-05	-1.255919e-01	1.179953e+01
4.910000e-05	-1.227409e-01	1.169419e+01
4.911000e-05	-1.164328e-01	1.161898e+01
4.912000e-05	-1.126904e-01	1.147276e+01
4.913000e-05	-1.070807e-01	1.133590e+01
4.914000e-05	-1.016740e-01	1.123206e+01
4.915000e-05	-9.516057e-02	1.111632e+01
4.916000e-05	-9.249678e-02	1.101051e+01
4.917000e-05	-8.729139e-02	1.086474e+01
4.918000e-05	-8.457686e-02	1.076003e+01
4.919000e-05	-7.820228e-02	1.067422e+01
4.920000e-05	-7.460604e-02	1.051533e+01
4.921000e-05	-6.953503e-02	1.037908e+01
4.922000e-05	-6.766931e-02	1.025456e+01
4.923000e-05	-6.286571e-02	1.013627e+01
4.924000e-05	-6.091882e-02	9.960555e+00
4.925000e-05	-5.773636e-02	9.841637e+00
4.926000e-05	-5.521526e-02	9.671217e+00
4.927000e-05	-5.250043e-02	9.546320e+00
4.928000e-05	-5.028414e-02	9.367430e+00
4.929000e-05	-4.789581e-02	9.202012e+00
4.930000e-05	-4.544611e-02	9.052715e+00
4.931000e-05	-4.491965e-02	8.854212e+00
4.932000e-05	-4.181627e-02	8.675242e+00
4.933000e-05	-4.044608e-02	8.536296e+00
4.934000e-05	-3.888453e-02	8.379503e+00
4.935000e-05	-3.679144e-02	8.119855e+00
4.936000e-05	-3.436904e-02	7.969500e+00
4.937000e-05	-3.328954e-02	7.738904e+00
4.938000e-05	-3.339095e-02	7.591060e+00
4.939000e-05	-3.201134e-02	7.367826e+00
4.940000e-05	-3.024663e-02	7.159877e+00
4.941000e-05	-2.865842e-02	6.969475e+00
4.942000e-05	-2.741497e-02	6.761005e+00
4.943000e-05	-2.773159e-02	6.590433e+00
4.944000e-05	-2.588460e-02	6.359476e+00
4.945000e-05	-2.404736e-02	6.159400e+00
4.946000e-05	-2.367852e-02	6.000429e+00
4.947000e-05	-2.323467e-02	5.719810e+00
4.948000e-05	-2.220481e-02	5.518800e+00
4.949000e-05	-2.038844e-02	5.288874e+00
4.950000e-05	-2.022450e-02	5.065595e+00
4.951000e-05	-1.988816e-02	4.833482e+00
4.952000e-05	-1.891736e-02	4.611954e+00
4.953000e-05	-1.809434e-02	4.371484e+00
4.954000e-05	-1.634166e-02	4.189560e+00
4.955000e-05	-1.681650e-02	3.947850e+00
4.956000e-05	-1.567633e-02	3.728850e+00
4.957000e-05	-1.428461e-02	3.508797e+00
4.958000e-05	-1.296888e-02	3.233687e+00
4.959000e-05	-1.312640e-02	2.993585e+00
4.960000e-05	-1.305020e-02	2.793582e+00
4.961000e-05	-1.149969e-02	2.623543e+00
4.962000e-05	-9.962119e-03	2.328797e+00
4.963000e-05	-1.038284e-02	2.107243e+00
4.964000e-05	-1.017475e-02	1.928295e+00
4.965000e-05	-9.523918e-03	1.644513e+00
4.966000e-05	-7.848782e-03	1.362509e+00
4.967000e-05	-7.392939e-03	1.120828e+00
4.968000e-05	-7.558672e-03	8.871916e-01
4.969000e-05	-6.731053e-03	5.946093e-01
4.970000e-05	-5.058407e-03	4.435316e-01
4.971000e-05	-4.289278e-03	1.729078e-01
4.972000e-05	-2.017956e-03	-8.067409e-02
4.973000e-05	6.063845e-03	-2.727053e-01
4.974000e-05	-1.245415e-03	-4.821291e-01
4.975000e-05	3.037549e-03	-7.238632e-01
4.976000e-05	-1.955041e-03	-9.332579e-01
4.977000e-05	2.133450e-03	-1.184312e+00
4.978000e-05	-4.297443e-04	-1.416017e+00
4.979000e-05	1.804864e-02	-1.650019e+00
4.980000e-05	7.970868e-02	-1.786971e+00
4.981000e-05	2.323832e-02	-2.069623e+00
4.982000e-05	-7.099598e-02	-2.407641e+00
4.983000e-05	2.442310e-04	-2.732258e+00
4.984000e-05	-5.447122e-02	-2.889704e+00
4.985000e-05	-5.216301e-02	-3.091226e+00
4.986000e-05	1.600145e-01	-3.208999e+00
4.987000e-05	-4.560718e-02	-3.384940e+00
4.988000e-05	-4.525614e-02	-3.620553e+00
4.989000e-05	1.313700e-01	-3.838473e+00
4.990000e-05	-1.761612e-01	-4.101754e+00
4.991000e-05	1.221384e-01	-4.333779e+00
4.992000e-05	1.323057e-02	-4.503754e+00
4.993000e-05	-7.138720e-02	-4.774741e+00
4.994000e-05	1.576718e-01	-4.953864e+00
4.995000e-05	-1.061271e-01	-5.215940e+00
4.996000e-05	5.456354e-02	-5.502233e+00
4.997000e-05	1.679200e-02	-5.679154e+00
4.998000e-05	-5.999173e-02	-5.932809e+00
4.999000e-05	1.227459e-01	-6.103231e+00
