# 260406_15:15:47.980751
t	CH1	CH2
0.000000e+00	-6.116334e-03	9.712041e-01
1.000000e-08	-7.268674e-03	7.358936e-01
2.000000e-08	-5.378253e-03	4.743883e-01
3.000000e-08	-3.847118e-03	2.657859e-01
4.000000e-08	-3.618871e-03	-7.348218e-03
5.000000e-08	3.016026e-03	-2.099272e-01
6.000000e-08	2.685396e-03	-3.989499e-01
7.000000e-08	-3.774307e-03	-6.614088e-01
8.000000e-08	1.403793e-03	-8.530815e-01
9.000000e-08	-2.976290e-03	-1.073110e+00
1.000000e-07	1.158403e-03	-1.285183e+00
1.100000e-07	2.132026e-03	-1.548918e+00
1.200000e-07	4.803879e-02	-1.736818e+00
1.300000e-07	8.292927e-02	-1.966871e+00
1.400000e-07	-6.950931e-02	-2.315660e+00
1.500000e-07	-1.807127e-02	-2.628530e+00
1.600000e-07	-3.513975e-02	-2.822028e+00
1.700000e-07	-6.861062e-02	-3.031559e+00
1.800000e-07	3.613424e-02	-3.199528e+00
1.900000e-07	1.328703e-01	-3.315791e+00
2.000000e-07	-1.670514e-01	-3.589349e+00
2.100000e-07	1.695548e-01	-3.819379e+00
2.200000e-07	-7.369379e-02	-4.030005e+00
2.300000e-07	-4.766075e-02	-4.244162e+00
2.400000e-07	1.393472e-01	-4.451083e+00
2.500000e-07	-1.213557e-01	-4.675216e+00
2.600000e-07	9.448330e-02	-4.935870e+00
2.700000e-07	2.527939e-02	-5.116818e+00
2.800000e-07	-9.812530e-02	-5.483962e+00
2.900000e-07	1.318298e-01	-5.651685e+00
3.000000e-07	-1.238803e-01	-5.883067e+00
3.100000e-07	9.037941e-02	-6.090795e+00
3.200000e-07	-1.472784e-02	-6.335216e+00
3.300000e-07	-2.286187e-02	-6.536848e+00
3.400000e-07	8.809664e-02	-6.716297e+00
3.500000e-07	-8.007103e-02	-6.975349e+00
3.600000e-07	1.138056e-01	-7.230029e+00
3.700000e-07	-7.337977e-02	-7.388930e+00
3.800000e-07	2.009735e-02	-7.630433e+00
3.900000e-07	3.533196e-02	-7.769457e+00
4.000000e-07	-3.439862e-02	-8.032059e+00
4.100000e-07	8.189277e-02	-8.188976e+00
4.200000e-07	-4.834563e-02	-8.379474e+00
4.300000e-07	5.522591e-02	-8.524824e+00
4.400000e-07	-3.040302e-02	-8.737375e+00
4.500000e-07	2.524061e-02	-8.915773e+00
4.600000e-07	2.680851e-02	-9.093088e+00
4.700000e-07	3.793270e-03	-9.222056e+00
4.800000e-07	3.021891e-02	-9.378432e+00
4.900000e-07	-2.577897e-02	-9.579907e+00
5.000000e-07	4.641782e-02	-9.684299e+00
5.100000e-07	-2.886548e-03	-9.821113e+00
5.200000e-07	3.254761e-02	-1.001888e+01
5.300000e-07	-5.124204e-04	-1.016538e+01
5.400000e-07	2.586465e-02	-1.032683e+01
5.500000e-07	1.348328e-02	-1.045269e+01
5.600000e-07	1.269219e-02	-1.058098e+01
5.700000e-07	2.344122e-02	-1.071527e+01
5.800000e-07	1.447825e-02	-1.083012e+01
5.900000e-07	2.178048e-02	-1.096637e+01
6.000000e-07	6.544896e-03	-1.111727e+01
6.100000e-07	3.374333e-02	-1.126059e+01
6.200000e-07	1.693951e-02	-1.136841e+01
6.300000e-07	2.550189e-02	-1.145422e+01
6.400000e-07	1.366570e-02	-1.160801e+01
6.500000e-07	2.803375e-02	-1.172730e+01
6.600000e-07	2.066901e-02	-1.186161e+01
6.700000e-07	2.266833e-02	-1.192693e+01
6.800000e-07	2.641941e-02	-1.204258e+01
6.900000e-07	2.516684e-02	-1.213577e+01
7.000000e-07	2.583702e-02	-1.220006e+01
7.100000e-07	2.364724e-02	-1.224159e+01
7.200000e-07	3.371798e-02	-1.230580e+01
7.300000e-07	2.754533e-02	-1.239683e+01
7.400000e-07	2.942324e-02	-1.242156e+01
7.500000e-07	2.586738e-02	-1.246427e+01
7.600000e-07	3.256836e-02	-1.248693e+01
7.700000e-07	2.960320e-02	-1.257861e+01
7.800000e-07	3.228534e-02	-1.264011e+01
7.900000e-07	3.461056e-02	-1.271270e+01
8.000000e-07	3.396301e-02	-1.269625e+01
8.100000e-07	3.461463e-02	-1.271740e+01
8.200000e-07	3.572890e-02	-1.275850e+01
8.300000e-07	3.822794e-02	-1.279001e+01
8.400000e-07	3.779738e-02	-1.280103e+01
8.500000e-07	3.793434e-02	-1.282011e+01
8.600000e-07	4.055528e-02	-1.283206e+01
8.700000e-07	3.984557e-02	-1.280218e+01
8.800000e-07	4.001977e-02	-1.283164e+01
8.900000e-07	4.171921e-02	-1.284161e+01
9.000000e-07	4.460383e-02	-1.280959e+01
9.100000e-07	4.672382e-02	-1.280018e+01
9.200000e-07	4.743768e-02	-1.278161e+01
9.300000e-07	4.894218e-02	-1.277001e+01
9.400000e-07	5.101149e-02	-1.271745e+01
9.500000e-07	5.210355e-02	-1.272535e+01
9.600000e-07	5.440109e-02	-1.264327e+01
9.700000e-07	5.696210e-02	-1.260019e+01
9.800000e-07	6.008269e-02	-1.257953e+01
9.900000e-07	6.342378e-02	-1.250440e+01
1.000000e-06	6.496050e-02	-1.240122e+01
1.010000e-06	6.782822e-02	-1.235898e+01
1.020000e-06	6.807465e-02	-1.228587e+01
1.030000e-06	7.088446e-02	-1.224311e+01
1.040000e-06	6.982059e-02	-1.216751e+01
1.050000e-06	6.987267e-02	-1.207227e+01
1.060000e-06	6.925186e-02	-1.195911e+01
1.070000e-06	6.787749e-02	-1.191425e+01
1.080000e-06	6.573294e-02	-1.179001e+01
1.090000e-06	6.138003e-02	-1.168235e+01
1.100000e-06	6.082093e-02	-1.155756e+01
1.110000e-06	5.843118e-02	-1.142315e+01
1.120000e-06	5.481071e-02	-1.130428e+01
1.130000e-06	5.155667e-02	-1.118861e+01
1.140000e-06	4.777305e-02	-1.105282e+01
1.150000e-06	4.421863e-02	-1.095885e+01
1.160000e-06	4.325345e-02	-1.085172e+01
1.170000e-06	3.983792e-02	-1.073685e+01
1.180000e-06	4.035496e-02	-1.060061e+01
1.190000e-06	3.824357e-02	-1.046487e+01
1.200000e-06	3.344390e-02	-1.030690e+01
1.210000e-06	3.304821e-02	-1.015800e+01
1.220000e-06	2.786764e-02	-1.002167e+01
1.230000e-06	2.886291e-02	-9.865246e+00
1.240000e-06	2.720144e-02	-9.758501e+00
1.250000e-06	2.639980e-02	-9.590590e+00
1.260000e-06	2.569602e-02	-9.452716e+00
1.270000e-06	2.352129e-02	-9.232716e+00
1.280000e-06	2.109348e-02	-9.125895e+00
1.290000e-06	2.193960e-02	-8.947025e+00
1.300000e-06	1.799992e-02	-8.748452e+00
1.310000e-06	1.917564e-02	-8.526533e+00
1.320000e-06	1.554489e-02	-8.387953e+00
1.330000e-06	1.714364e-02	-8.251636e+00
1.340000e-06	1.589576e-02	-8.053163e+00
1.350000e-06	1.370171e-02	-7.802238e+00
1.360000e-06	1.346395e-02	-7.590557e+00
1.370000e-06	1.309956e-02	-7.399982e+00
1.380000e-06	1.317267e-02	-7.229606e+00
1.390000e-06	9.939379e-03	-7.021634e+00
1.400000e-06	9.115901e-03	-6.780503e+00
1.410000e-06	1.009046e-02	-6.610533e+00
1.420000e-06	8.375288e-03	-6.400982e+00
1.430000e-06	6.328293e-03	-6.208608e+00
1.440000e-06	7.285120e-03	-5.957974e+00
1.450000e-06	8.912324e-03	-5.707478e+00
1.460000e-06	6.874998e-03	-5.569450e+00
1.470000e-06	5.175193e-03	-5.287450e+00
1.480000e-06	5.288711e-03	-5.054366e+00
1.490000e-06	4.275554e-03	-4.790053e+00
1.500000e-06	4.788618e-03	-4.549075e+00
1.510000e-06	1.944970e-03	-4.370528e+00
1.520000e-06	3.553554e-03	-4.191000e+00
1.530000e-06	3.281724e-03	-3.999524e+00
1.540000e-06	2.333349e-03	-3.697448e+00
1.550000e-06	3.092464e-03	-3.557340e+00
1.560000e-06	5.484470e-04	-3.274314e+00
1.570000e-06	3.135383e-03	-3.043656e+00
1.580000e-06	-9.679316e-04	-2.768079e+00
1.590000e-06	2.155246e-03	-2.580022e+00
1.600000e-06	-1.213152e-03	-2.367894e+00
1.610000e-06	-5.447799e-05	-2.083866e+00
1.620000e-06	-2.887300e-03	-1.874311e+00
1.630000e-06	3.276265e-04	-1.621682e+00
1.640000e-06	-2.883079e-03	-1.356978e+00
1.650000e-06	-2.493563e-03	-1.133790e+00
1.660000e-06	-4.200497e-03	-8.437118e-01
1.670000e-06	-1.976120e-03	-6.628128e-01
1.680000e-06	-4.392590e-03	-4.099726e-01
1.690000e-06	-3.503248e-03	-1.689448e-01
1.700000e-06	-1.414883e-03	6.315393e-02
1.710000e-06	5.687347e-03	3.052955e-01
1.720000e-06	-4.504308e-03	5.447645e-01
1.730000e-06	1.763380e-03	7.502383e-01
1.740000e-06	-4.087255e-03	9.851945e-01
1.750000e-06	-1.493314e-04	1.201001e+00
1.760000e-06	-4.667991e-03	1.452654e+00
1.770000e-06	3.696148e-03	1.694266e+00
1.780000e-06	3.287609e-02	1.916788e+00
1.790000e-06	7.159201e-02	2.166338e+00
1.800000e-06	-4.083440e-02	2.370446e+00
1.810000e-06	-5.073910e-02	2.684059e+00
1.820000e-06	-2.853152e-02	2.915288e+00
1.830000e-06	-3.673880e-02	3.115264e+00
1.840000e-06	-6.902600e-02	3.253637e+00
1.850000e-06	1.223461e-01	3.464639e+00
1.860000e-06	-1.282616e-02	3.704610e+00
1.870000e-06	-9.606932e-02	3.892188e+00
1.880000e-06	1.578873e-01	4.073763e+00
1.890000e-06	-1.315700e-01	4.388319e+00
1.900000e-06	2.455819e-02	4.596872e+00
1.910000e-06	3.140121e-02	4.779498e+00
1.920000e-06	-5.841549e-02	5.031566e+00
1.930000e-06	3.882571e-02	5.357294e+00
1.940000e-06	-3.242009e-02	5.576871e+00
1.950000e-06	-4.084182e-03	5.777980e+00
1.960000e-06	-1.075087e-03	6.020005e+00
1.970000e-06	-3.301967e-02	6.211637e+00
1.980000e-06	1.692372e-03	6.431007e+00
1.990000e-06	-2.980830e-02	6.672112e+00
2.000000e-06	2.962859e-02	6.883190e+00
2.010000e-06	-2.871059e-02	7.074771e+00
2.020000e-06	-5.800817e-03	7.263184e+00
2.030000e-06	4.424318e-03	7.513739e+00
2.040000e-06	-4.842303e-02	7.705218e+00
2.050000e-06	9.231522e-03	7.936776e+00
2.060000e-06	-2.286974e-02	8.188374e+00
2.070000e-06	-9.982728e-04	8.336290e+00
2.080000e-06	-1.534589e-02	8.473216e+00
2.090000e-06	-2.567727e-02	8.661608e+00
2.100000e-06	-8.764944e-03	8.790505e+00
2.110000e-06	-1.993373e-02	8.988479e+00
2.120000e-06	-4.277104e-03	9.127371e+00
2.130000e-06	-2.797253e-02	9.304821e+00
2.140000e-06	-5.747999e-03	9.503119e+00
2.150000e-06	-1.948659e-02	9.601034e+00
2.160000e-06	-2.259980e-02	9.809507e+00
2.170000e-06	-1.518514e-02	9.947375e+00
2.180000e-06	-1.795673e-02	1.010427e+01
2.190000e-06	-1.727751e-02	1.023216e+01
2.200000e-06	-2.811359e-02	1.039843e+01
2.210000e-06	-1.360592e-02	1.056635e+01
2.220000e-06	-2.122420e-02	1.063471e+01
2.230000e-06	-2.225011e-02	1.077951e+01
2.240000e-06	-2.512401e-02	1.094587e+01
2.250000e-06	-1.941437e-02	1.105268e+01
2.260000e-06	-2.490790e-02	1.116645e+01
2.270000e-06	-2.855045e-02	1.129425e+01
2.280000e-06	-2.213741e-02	1.144259e+01
2.290000e-06	-2.504288e-02	1.155600e+01
2.300000e-06	-2.662230e-02	1.172229e+01
2.310000e-06	-2.984911e-02	1.179996e+01
2.320000e-06	-2.510051e-02	1.185276e+01
2.330000e-06	-2.954771e-02	1.202705e+01
2.340000e-06	-3.078426e-02	1.204166e+01
2.350000e-06	-2.939467e-02	1.212695e+01
2.360000e-06	-3.071421e-02	1.221856e+01
2.370000e-06	-3.432732e-02	1.228374e+01
2.380000e-06	-3.452576e-02	1.237755e+01
2.390000e-06	-3.058453e-02	1.239316e+01
2.400000e-06	-3.488100e-02	1.252481e+01
2.410000e-06	-3.642442e-02	1.253586e+01
2.420000e-06	-3.787456e-02	1.252959e+01
2.430000e-06	-3.627028e-02	1.260911e+01
2.440000e-06	-3.759141e-02	1.264212e+01
2.450000e-06	-3.929057e-02	1.268329e+01
2.460000e-06	-3.986838e-02	1.272642e+01
2.470000e-06	-4.380221e-02	1.273690e+01
2.480000e-06	-4.448220e-02	1.272795e+01
2.490000e-06	-4.257978e-02	1.275953e+01
2.500000e-06	-4.244022e-02	1.280008e+01
2.510000e-06	-4.420335e-02	1.280054e+01
2.520000e-06	-4.601878e-02	1.279006e+01
2.530000e-06	-4.684065e-02	1.283254e+01
2.540000e-06	-4.949360e-02	1.281856e+01
2.550000e-06	-5.136460e-02	1.279113e+01
2.560000e-06	-5.075582e-02	1.281856e+01
2.570000e-06	-5.067383e-02	1.278848e+01
2.580000e-06	-5.463927e-02	1.275693e+01
2.590000e-06	-5.642267e-02	1.275803e+01
2.600000e-06	-5.817068e-02	1.271542e+01
2.610000e-06	-5.884136e-02	1.269434e+01
2.620000e-06	-6.247933e-02	1.261224e+01
2.630000e-06	-6.413260e-02	1.259061e+01
2.640000e-06	-6.703501e-02	1.256745e+01
2.650000e-06	-7.011589e-02	1.248583e+01
2.660000e-06	-7.369376e-02	1.243327e+01
2.670000e-06	-7.593020e-02	1.240901e+01
2.680000e-06	-7.614439e-02	1.231692e+01
2.690000e-06	-7.793519e-02	1.223321e+01
2.700000e-06	-7.689374e-02	1.212708e+01
2.710000e-06	-7.653016e-02	1.200264e+01
2.720000e-06	-7.462952e-02	1.193901e+01
2.730000e-06	-7.414785e-02	1.185274e+01
2.740000e-06	-7.178896e-02	1.179803e+01
2.750000e-06	-6.772501e-02	1.169480e+01
2.760000e-06	-6.630883e-02	1.160055e+01
2.770000e-06	-6.324588e-02	1.145122e+01
2.780000e-06	-6.095452e-02	1.137703e+01
2.790000e-06	-5.798210e-02	1.118910e+01
2.800000e-06	-5.612916e-02	1.108424e+01
2.810000e-06	-5.227123e-02	1.098853e+01
2.820000e-06	-4.980009e-02	1.085427e+01
2.830000e-06	-4.576312e-02	1.072842e+01
2.840000e-06	-4.516662e-02	1.063959e+01
2.850000e-06	-4.330990e-02	1.045224e+01
2.860000e-06	-4.117224e-02	1.033495e+01
2.870000e-06	-3.979340e-02	1.018751e+01
2.880000e-06	-3.659113e-02	1.005471e+01
2.890000e-06	-3.630624e-02	9.895793e+00
2.900000e-06	-3.385733e-02	9.704999e+00
2.910000e-06	-3.214022e-02	9.537478e+00
2.920000e-06	-3.133091e-02	9.390630e+00
2.930000e-06	-3.116860e-02	9.233167e+00
2.940000e-06	-2.928444e-02	9.103742e+00
2.950000e-06	-2.792947e-02	8.875370e+00
2.960000e-06	-2.668862e-02	8.725845e+00
2.970000e-06	-2.646073e-02	8.557023e+00
2.980000e-06	-2.487743e-02	8.398457e+00
2.990000e-06	-2.387575e-02	8.190608e+00
3.000000e-06	-2.269390e-02	7.960102e+00
3.010000e-06	-2.278576e-02	7.781028e+00
3.020000e-06	-2.041162e-02	7.590058e+00
3.030000e-06	-2.069755e-02	7.347052e+00
3.040000e-06	-2.064075e-02	7.128498e+00
3.050000e-06	-2.135241e-02	6.967549e+00
3.060000e-06	-1.867183e-02	6.750523e+00
3.070000e-06	-1.790670e-02	6.545450e+00
3.080000e-06	-1.761331e-02	6.337919e+00
3.090000e-06	-1.799676e-02	6.166520e+00
3.100000e-06	-1.575058e-02	5.969473e+00
3.110000e-06	-1.527905e-02	5.684544e+00
3.120000e-06	-1.552157e-02	5.486843e+00
3.130000e-06	-1.439747e-02	5.296392e+00
3.140000e-06	-1.435030e-02	4.999233e+00
3.150000e-06	-1.236161e-02	4.779002e+00
3.160000e-06	-1.287162e-02	4.538550e+00
3.170000e-06	-1.323671e-02	4.380498e+00
3.180000e-06	-1.305200e-02	4.093943e+00
3.190000e-06	-1.079960e-02	3.893815e+00
3.200000e-06	-1.021538e-02	3.693263e+00
3.210000e-06	-1.098246e-02	3.482741e+00
3.220000e-06	-1.061103e-02	3.191654e+00
3.230000e-06	-1.023009e-02	2.959948e+00
3.240000e-06	-9.167007e-03	2.771000e+00
3.250000e-06	-9.171245e-03	2.435920e+00
3.260000e-06	-8.442075e-03	2.212687e+00
3.270000e-06	-7.099791e-03	2.021684e+00
3.280000e-06	-7.605813e-03	1.823654e+00
3.290000e-06	-8.172819e-03	1.577444e+00
3.300000e-06	-6.975124e-03	1.295816e+00
3.310000e-06	-6.501598e-03	1.071233e+00
3.320000e-06	-6.313865e-03	7.790727e-01
3.330000e-06	-6.064707e-03	5.379748e-01
3.340000e-06	-5.057326e-03	3.367886e-01
3.350000e-06	-4.186590e-03	4.373174e-02
3.360000e-06	5.780127e-04	-1.577957e-01
3.370000e-06	4.885707e-03	-3.878445e-01
3.380000e-06	-4.352777e-03	-6.202973e-01
3.390000e-06	4.179699e-03	-8.514326e-01
3.400000e-06	-3.158907e-03	-1.040000e+00
3.410000e-06	2.959314e-03	-1.262059e+00
3.420000e-06	1.144318e-05	-1.496263e+00
3.430000e-06	3.605266e-02	-1.685164e+00
3.440000e-06	8.867301e-02	-1.946287e+00
3.450000e-06	-4.674377e-02	-2.251004e+00
3.460000e-06	-3.535568e-02	-2.569925e+00
3.470000e-06	-2.225756e-02	-2.801000e+00
3.480000e-06	-6.518801e-02	-2.989399e+00
3.490000e-06	-6.627443e-03	-3.169871e+00
3.500000e-06	1.674982e-01	-3.263638e+00
3.510000e-06	-1.587769e-01	-3.547221e+00
3.520000e-06	1.194861e-01	-3.729848e+00
3.530000e-06	-2.999898e-03	-4.019397e+00
3.540000e-06	-1.129577e-01	-4.231960e+00
3.550000e-06	1.621558e-01	-4.430003e+00
3.560000e-06	-1.015254e-01	-4.653484e+00
3.570000e-06	4.074153e-02	-4.914166e+00
3.580000e-06	8.705397e-02	-5.073663e+00
3.590000e-06	-1.316739e-01	-5.441977e+00
3.600000e-06	1.361772e-01	-5.602056e+00
3.610000e-06	-9.782314e-02	-5.831483e+00
3.620000e-06	4.363492e-02	-6.031640e+00
3.630000e-06	3.499212e-02	-6.273112e+00
3.640000e-06	-6.364262e-02	-6.484773e+00
3.650000e-06	1.098727e-01	-6.695217e+00
3.660000e-06	-8.134091e-02	-6.935274e+00
3.670000e-06	9.216880e-02	-7.199475e+00
3.680000e-06	-3.139203e-02	-7.366822e+00
3.690000e-06	-2.482833e-02	-7.577976e+00
3.700000e-06	7.058362e-02	-7.759302e+00
3.710000e-06	-5.583686e-02	-8.011034e+00
3.720000e-06	8.743523e-02	-8.158429e+00
3.730000e-06	-4.037470e-02	-8.336799e+00
3.740000e-06	4.080240e-02	-8.505223e+00
3.750000e-06	-7.441960e-03	-8.728668e+00
3.760000e-06	3.158795e-04	-8.925217e+00
3.770000e-06	4.355256e-02	-9.041662e+00
3.780000e-06	-7.946610e-03	-9.179510e+00
3.790000e-06	4.108264e-02	-9.377854e+00
3.800000e-06	-2.872638e-02	-9.556420e+00
3.810000e-06	4.293204e-02	-9.674691e+00
3.820000e-06	5.826798e-03	-9.841061e+00
3.830000e-06	2.439033e-02	-9.968429e+00
3.840000e-06	5.848883e-03	-1.012642e+01
3.850000e-06	1.542452e-02	-1.026475e+01
3.860000e-06	2.448218e-02	-1.044266e+01
3.870000e-06	6.659523e-03	-1.055795e+01
3.880000e-06	2.676414e-02	-1.069422e+01
3.890000e-06	1.182728e-02	-1.085109e+01
3.900000e-06	2.517959e-02	-1.095838e+01
3.910000e-06	6.385265e-03	-1.105482e+01
3.920000e-06	3.120118e-02	-1.125056e+01
3.930000e-06	1.743699e-02	-1.135785e+01
3.940000e-06	2.529186e-02	-1.145414e+01
3.950000e-06	1.576504e-02	-1.157696e+01
3.960000e-06	2.574764e-02	-1.169427e+01
3.970000e-06	2.464441e-02	-1.180009e+01
3.980000e-06	2.057407e-02	-1.192785e+01
3.990000e-06	2.701981e-02	-1.201014e+01
4.000000e-06	2.375495e-02	-1.208422e+01
4.010000e-06	2.678747e-02	-1.219893e+01
4.020000e-06	2.329509e-02	-1.223264e+01
4.030000e-06	3.401215e-02	-1.229477e+01
4.040000e-06	2.779862e-02	-1.234695e+01
4.050000e-06	2.924607e-02	-1.243006e+01
4.060000e-06	2.645821e-02	-1.250414e+01
4.070000e-06	3.213148e-02	-1.249625e+01
4.080000e-06	3.128848e-02	-1.259001e+01
4.090000e-06	3.078726e-02	-1.262964e+01
4.100000e-06	3.538448e-02	-1.268514e+01
4.110000e-06	3.359147e-02	-1.269587e+01
4.120000e-06	3.483419e-02	-1.272733e+01
4.130000e-06	3.531340e-02	-1.278741e+01
4.140000e-06	3.800867e-02	-1.276851e+01
4.150000e-06	3.652227e-02	-1.278854e+01
4.160000e-06	3.829827e-02	-1.279058e+01
4.170000e-06	3.906006e-02	-1.282111e+01
4.180000e-06	3.967984e-02	-1.281214e+01
4.190000e-06	4.109912e-02	-1.283272e+01
4.200000e-06	4.035510e-02	-1.284117e+01
4.210000e-06	4.698977e-02	-1.278261e+01
4.220000e-06	4.619371e-02	-1.282119e+01
4.230000e-06	4.771270e-02	-1.278048e+01
4.240000e-06	5.034140e-02	-1.277801e+01
4.250000e-06	4.841621e-02	-1.275550e+01
4.260000e-06	5.043966e-02	-1.271535e+01
4.270000e-06	5.302419e-02	-1.268172e+01
4.280000e-06	5.935157e-02	-1.259161e+01
4.290000e-06	5.977033e-02	-1.259953e+01
4.300000e-06	6.176024e-02	-1.251583e+01
4.310000e-06	6.489682e-02	-1.242217e+01
4.320000e-06	6.895109e-02	-1.239094e+01
4.330000e-06	6.874857e-02	-1.235535e+01
4.340000e-06	6.791149e-02	-1.224111e+01
4.350000e-06	6.781502e-02	-1.214946e+01
4.360000e-06	7.012015e-02	-1.211577e+01
4.370000e-06	6.844421e-02	-1.201114e+01
4.380000e-06	6.891986e-02	-1.189688e+01
4.390000e-06	6.607751e-02	-1.181056e+01
4.400000e-06	6.453481e-02	-1.168380e+01
4.410000e-06	6.063251e-02	-1.151053e+01
4.420000e-06	5.824895e-02	-1.145477e+01
4.430000e-06	5.525694e-02	-1.131888e+01
4.440000e-06	5.199093e-02	-1.123064e+01
4.450000e-06	4.844548e-02	-1.104380e+01
4.460000e-06	4.327237e-02	-1.090846e+01
4.470000e-06	4.188613e-02	-1.085364e+01
4.480000e-06	4.130021e-02	-1.069740e+01
4.490000e-06	4.134250e-02	-1.061066e+01
4.500000e-06	3.695599e-02	-1.046377e+01
4.510000e-06	3.355665e-02	-1.040853e+01
4.520000e-06	3.287701e-02	-1.019066e+01
4.530000e-06	3.229463e-02	-1.001169e+01
4.540000e-06	2.845808e-02	-9.925394e+00
4.550000e-06	2.664669e-02	-9.778032e+00
4.560000e-06	2.565818e-02	-9.622236e+00
4.570000e-06	2.484222e-02	-9.463820e+00
4.580000e-06	2.319772e-02	-9.314869e+00
4.590000e-06	2.181331e-02	-9.147349e+00
4.600000e-06	2.091584e-02	-8.948072e+00
4.610000e-06	1.966949e-02	-8.792112e+00
4.620000e-06	1.796838e-02	-8.599586e+00
4.630000e-06	1.802068e-02	-8.392084e+00
4.640000e-06	1.483555e-02	-8.202213e+00
4.650000e-06	1.648659e-02	-8.044741e+00
4.660000e-06	1.333305e-02	-7.881742e+00
4.670000e-06	1.315145e-02	-7.651685e+00
4.680000e-06	1.244959e-02	-7.420159e+00
4.690000e-06	1.271845e-02	-7.232164e+00
4.700000e-06	1.147576e-02	-7.062286e+00
4.710000e-06	9.190881e-03	-6.801110e+00
4.720000e-06	9.777675e-03	-6.661682e+00
4.730000e-06	8.990070e-03	-6.432059e+00
4.740000e-06	7.290376e-03	-6.199089e+00
4.750000e-06	7.880268e-03	-5.979557e+00
4.760000e-06	6.478250e-03	-5.809024e+00
4.770000e-06	7.056124e-03	-5.591029e+00
4.780000e-06	4.044662e-03	-5.367978e+00
4.790000e-06	4.761276e-03	-5.135918e+00
4.800000e-06	4.002626e-03	-4.861692e+00
4.810000e-06	7.610298e-03	-4.590082e+00
4.820000e-06	2.597793e-03	-4.422212e+00
4.830000e-06	3.490439e-03	-4.211662e+00
4.840000e-06	1.797241e-03	-4.011629e+00
4.850000e-06	3.514081e-03	-3.749105e+00
4.860000e-06	2.625312e-03	-3.558948e+00
4.870000e-06	3.576842e-04	-3.316850e+00
4.880000e-06	1.680931e-03	-3.074867e+00
4.890000e-06	5.002577e-04	-2.852707e+00
4.900000e-06	-2.813884e-04	-2.611085e+00
4.910000e-06	-1.054601e-03	-2.388976e+00
4.920000e-06	-9.762470e-04	-2.126949e+00
4.930000e-06	-2.549291e-03	-1.895866e+00
4.940000e-06	-1.803899e-03	-1.693787e+00
4.950000e-06	-1.899570e-03	-1.460658e+00
4.960000e-06	-1.760481e-03	-1.106870e+00
4.970000e-06	-4.369197e-03	-9.068645e-01
4.980000e-06	-4.329371e-03	-6.742407e-01
4.990000e-06	-4.518932e-03	-3.816540e-01
5.000000e-06	-2.566408e-03	-2.309988e-01
5.010000e-06	-1.384805e-03	6.045230e-02
5.020000e-06	6.179394e-03	2.841603e-01
5.030000e-06	-2.637038e-03	4.956828e-01
5.040000e-06	5.637898e-04	7.552394e-01
5.050000e-06	-3.894874e-03	9.032882e-01
5.060000e-06	-2.136579e-03	1.179373e+00
5.070000e-06	-3.909984e-03	1.439002e+00
5.080000e-06	1.910535e-03	1.684004e+00
5.090000e-06	2.311221e-02	1.863057e+00
5.100000e-06	7.138956e-02	2.093662e+00
5.110000e-06	-1.562072e-02	2.316744e+00
5.120000e-06	-6.310404e-02	2.639578e+00
5.130000e-06	-2.438686e-02	2.873087e+00
5.140000e-06	-3.480632e-02	3.102609e+00
5.150000e-06	-7.143587e-02	3.231053e+00
5.160000e-06	8.565023e-02	3.421002e+00
5.170000e-06	5.024105e-02	3.643603e+00
5.180000e-06	-1.476043e-01	3.821033e+00
5.190000e-06	1.623353e-01	4.052083e+00
5.200000e-06	-9.799980e-02	4.285741e+00
5.210000e-06	-1.755342e-02	4.525318e+00
5.220000e-06	5.784090e-02	4.768348e+00
5.230000e-06	-6.546869e-02	5.000008e+00
5.240000e-06	2.917745e-02	5.312737e+00
5.250000e-06	-1.579425e-02	5.516770e+00
5.260000e-06	-1.886297e-02	5.747295e+00
5.270000e-06	9.408031e-03	6.010503e+00
5.280000e-06	-3.871001e-02	6.219002e+00
5.290000e-06	1.746424e-03	6.408980e+00
5.300000e-06	-2.893033e-02	6.619510e+00
5.310000e-06	2.219186e-02	6.842610e+00
5.320000e-06	-1.133758e-02	7.061591e+00
5.330000e-06	-2.345827e-02	7.242111e+00
5.340000e-06	1.679356e-02	7.441611e+00
5.350000e-06	-5.360294e-02	7.713639e+00
5.360000e-06	7.807701e-03	7.885694e+00
5.370000e-06	-1.716889e-02	8.127269e+00
5.380000e-06	-6.555086e-03	8.274215e+00
5.390000e-06	-9.972215e-03	8.461661e+00
5.400000e-06	-3.004979e-02	8.640561e+00
5.410000e-06	-6.703598e-03	8.829055e+00
5.420000e-06	-2.175180e-02	8.926449e+00
5.430000e-06	-2.620008e-03	9.165817e+00
5.440000e-06	-2.755898e-02	9.313738e+00
5.450000e-06	-7.591338e-03	9.463557e+00
5.460000e-06	-1.563369e-02	9.588979e+00
5.470000e-06	-2.389090e-02	9.758403e+00
5.480000e-06	-1.441154e-02	9.894823e+00
5.490000e-06	-1.828958e-02	1.009166e+01
5.500000e-06	-1.538425e-02	1.019953e+01
5.510000e-06	-2.951264e-02	1.037740e+01
5.520000e-06	-1.426794e-02	1.045474e+01
5.530000e-06	-1.954982e-02	1.065216e+01
5.540000e-06	-2.110013e-02	1.075853e+01
5.550000e-06	-2.603124e-02	1.093432e+01
5.560000e-06	-1.971976e-02	1.101117e+01
5.570000e-06	-2.305842e-02	1.113795e+01
5.580000e-06	-2.883020e-02	1.127314e+01
5.590000e-06	-2.459156e-02	1.141110e+01
5.600000e-06	-2.448390e-02	1.150638e+01
5.610000e-06	-2.432159e-02	1.167314e+01
5.620000e-06	-2.960601e-02	1.174590e+01
5.630000e-06	-2.509140e-02	1.188216e+01
5.640000e-06	-2.973157e-02	1.196642e+01
5.650000e-06	-3.053630e-02	1.201216e+01
5.660000e-06	-3.033638e-02	1.209690e+01
5.670000e-06	-3.034990e-02	1.218961e+01
5.680000e-06	-3.322625e-02	1.229629e+01
5.690000e-06	-3.426949e-02	1.234600e+01
5.700000e-06	-2.990512e-02	1.239864e+01
5.710000e-06	-3.437547e-02	1.250426e+01
5.720000e-06	-3.517246e-02	1.254485e+01
5.730000e-06	-3.844944e-02	1.257853e+01
5.740000e-06	-3.610687e-02	1.262199e+01
5.750000e-06	-3.687277e-02	1.266113e+01
5.760000e-06	-4.135641e-02	1.268482e+01
5.770000e-06	-3.909835e-02	1.273492e+01
5.780000e-06	-4.190249e-02	1.275642e+01
5.790000e-06	-4.266390e-02	1.274793e+01
5.800000e-06	-4.368687e-02	1.282898e+01
5.810000e-06	-4.155291e-02	1.278006e+01
5.820000e-06	-4.520410e-02	1.279206e+01
5.830000e-06	-4.611826e-02	1.282061e+01
5.840000e-06	-4.727717e-02	1.281356e+01
5.850000e-06	-4.852162e-02	1.281061e+01
5.860000e-06	-4.937516e-02	1.281256e+01
5.870000e-06	-5.166040e-02	1.278014e+01
5.880000e-06	-5.213570e-02	1.280046e+01
5.890000e-06	-5.443790e-02	1.275748e+01
5.900000e-06	-5.504829e-02	1.272737e+01
5.910000e-06	-5.617432e-02	1.272590e+01
5.920000e-06	-5.963726e-02	1.266389e+01
5.930000e-06	-6.274947e-02	1.264269e+01
5.940000e-06	-6.276552e-02	1.262113e+01
5.950000e-06	-6.599675e-02	1.255050e+01
5.960000e-06	-6.964657e-02	1.252595e+01
5.970000e-06	-7.247812e-02	1.246422e+01
5.980000e-06	-7.424468e-02	1.238063e+01
5.990000e-06	-7.499167e-02	1.232685e+01
6.000000e-06	-7.762359e-02	1.224224e+01
6.010000e-06	-7.689466e-02	1.217793e+01
6.020000e-06	-7.643444e-02	1.204425e+01
6.030000e-06	-7.527314e-02	1.199851e+01
6.040000e-06	-7.342881e-02	1.193630e+01
6.050000e-06	-7.249197e-02	1.185108e+01
6.060000e-06	-6.855018e-02	1.171695e+01
6.070000e-06	-6.717356e-02	1.162008e+01
6.080000e-06	-6.290337e-02	1.151229e+01
6.090000e-06	-6.171834e-02	1.134705e+01
6.100000e-06	-5.754984e-02	1.120016e+01
6.110000e-06	-5.518255e-02	1.109389e+01
6.120000e-06	-5.176815e-02	1.097058e+01
6.130000e-06	-5.063626e-02	1.090431e+01
6.140000e-06	-4.846752e-02	1.080800e+01
6.150000e-06	-4.481141e-02	1.063214e+01
6.160000e-06	-4.297640e-02	1.050382e+01
6.170000e-06	-4.073580e-02	1.033732e+01
6.180000e-06	-4.014543e-02	1.020963e+01
6.190000e-06	-3.776992e-02	1.007379e+01
6.200000e-06	-3.664671e-02	9.917919e+00
6.210000e-06	-3.388354e-02	9.755949e+00
6.220000e-06	-3.195031e-02	9.547581e+00
6.230000e-06	-3.060655e-02	9.399635e+00
6.240000e-06	-3.148562e-02	9.283314e+00
6.250000e-06	-2.956905e-02	9.146396e+00
6.260000e-06	-2.809008e-02	8.976498e+00
6.270000e-06	-2.751009e-02	8.726021e+00
6.280000e-06	-2.656520e-02	8.548555e+00
6.290000e-06	-2.585902e-02	8.391559e+00
6.300000e-06	-2.367678e-02	8.250757e+00
6.310000e-06	-2.274950e-02	8.000132e+00
6.320000e-06	-2.228578e-02	7.791681e+00
6.330000e-06	-2.228301e-02	7.611637e+00
6.340000e-06	-2.177150e-02	7.408760e+00
6.350000e-06	-2.131731e-02	7.209997e+00
6.360000e-06	-2.021796e-02	6.989155e+00
6.370000e-06	-1.882749e-02	6.800476e+00
6.380000e-06	-1.929933e-02	6.602553e+00
6.390000e-06	-1.830591e-02	6.349523e+00
6.400000e-06	-1.692816e-02	6.180024e+00
6.410000e-06	-1.602995e-02	5.990578e+00
6.420000e-06	-1.626692e-02	5.755600e+00
6.430000e-06	-1.507722e-02	5.567997e+00
6.440000e-06	-1.391161e-02	5.365921e+00
6.450000e-06	-1.431058e-02	5.112786e+00
6.460000e-06	-1.468920e-02	4.822081e+00
6.470000e-06	-1.332211e-02	4.580128e+00
6.480000e-06	-1.221259e-02	4.390549e+00
6.490000e-06	-1.177175e-02	4.157017e+00
6.500000e-06	-1.234430e-02	3.927389e+00
6.510000e-06	-1.206368e-02	3.775894e+00
6.520000e-06	-1.019342e-02	3.506316e+00
6.530000e-06	-1.030071e-02	3.244184e+00
6.540000e-06	-1.184454e-02	3.012603e+00
6.550000e-06	-1.044155e-02	2.822103e+00
6.560000e-06	-9.298174e-03	2.578448e+00
6.570000e-06	-8.144065e-03	2.305265e+00
6.580000e-06	-8.657085e-03	2.043361e+00
6.590000e-06	-8.823424e-03	1.892685e+00
6.600000e-06	-7.904565e-03	1.601548e+00
6.610000e-06	-6.974825e-03	1.337420e+00
6.620000e-06	-6.457769e-03	1.126815e+00
6.630000e-06	-6.289078e-03	7.911491e-01
6.640000e-06	-5.744760e-03	6.020012e-01
6.650000e-06	-5.261974e-03	3.599228e-01
6.660000e-06	-4.820775e-03	1.338897e-01
6.670000e-06	-8.748628e-04	-1.262643e-01
6.680000e-06	6.179146e-03	-3.052670e-01
6.690000e-06	-4.160923e-03	-5.072932e-01
6.700000e-06	3.265466e-03	-8.199974e-01
6.710000e-06	-3.423167e-03	-9.684271e-01
6.720000e-06	2.078033e-03	-1.219479e+00
6.730000e-06	-1.766051e-03	-1.480163e+00
6.740000e-06	2.597921e-02	-1.693610e+00
6.750000e-06	8.822468e-02	-1.872185e+00
6.760000e-06	-1.668205e-02	-2.165447e+00
6.770000e-06	-5.570541e-02	-2.556666e+00
6.780000e-06	-1.005916e-02	-2.767976e+00
6.790000e-06	-6.221465e-02	-2.957351e+00
6.800000e-06	-4.056611e-02	-3.148372e+00
6.810000e-06	1.765349e-01	-3.282083e+00
6.820000e-06	-1.215472e-01	-3.524190e+00
6.830000e-06	4.554296e-02	-3.717438e+00
6.840000e-06	7.038182e-02	-3.937292e+00
6.850000e-06	-1.671871e-01	-4.179879e+00
6.860000e-06	1.599729e-01	-4.388428e+00
6.870000e-06	-6.147533e-02	-4.629908e+00
6.880000e-06	-2.015860e-02	-4.872664e+00
6.890000e-06	1.314415e-01	-5.041087e+00
6.900000e-06	-1.405754e-01	-5.296224e+00
6.910000e-06	1.160629e-01	-5.620997e+00
6.920000e-06	-5.393174e-02	-5.819455e+00
6.930000e-06	-1.285946e-02	-6.021435e+00
6.940000e-06	8.081985e-02	-6.200461e+00
6.950000e-06	-8.964403e-02	-6.472568e+00
6.960000e-06	1.107049e-01	-6.661689e+00
6.970000e-06	-6.111036e-02	-6.882191e+00
6.980000e-06	5.670322e-02	-7.156326e+00
6.990000e-06	1.811340e-02	-7.326222e+00
7.000000e-06	-6.841321e-02	-7.556246e+00
7.010000e-06	9.183589e-02	-7.714327e+00
7.020000e-06	-6.268992e-02	-7.988924e+00
7.030000e-06	7.830226e-02	-8.196276e+00
7.040000e-06	-1.997648e-02	-8.294291e+00
7.050000e-06	1.676977e-02	-8.523298e+00
7.060000e-06	1.619493e-02	-8.663091e+00
7.070000e-06	-2.220249e-02	-8.863018e+00
7.080000e-06	5.653217e-02	-9.011187e+00
7.090000e-06	-1.449690e-02	-9.189876e+00
7.100000e-06	4.426515e-02	-9.307326e+00
7.110000e-06	-2.284338e-02	-9.516819e+00
7.120000e-06	3.036491e-02	-9.653742e+00
7.130000e-06	1.530989e-02	-9.810531e+00
7.140000e-06	1.294127e-02	-9.936775e+00
7.150000e-06	1.820956e-02	-1.008368e+01
7.160000e-06	6.334650e-03	-1.025312e+01
7.170000e-06	3.116193e-02	-1.042156e+01
7.180000e-06	9.158585e-04	-1.056745e+01
7.190000e-06	2.948187e-02	-1.066364e+01
7.200000e-06	9.952445e-03	-1.082001e+01
7.210000e-06	2.439960e-02	-1.088588e+01
7.220000e-06	6.523320e-03	-1.107062e+01
7.230000e-06	2.858447e-02	-1.122850e+01
7.240000e-06	2.335897e-02	-1.127478e+01
7.250000e-06	2.166191e-02	-1.145106e+01
7.260000e-06	1.783094e-02	-1.155588e+01
7.270000e-06	2.143272e-02	-1.164220e+01
7.280000e-06	2.772332e-02	-1.173801e+01
7.290000e-06	1.771923e-02	-1.192532e+01
7.300000e-06	2.853090e-02	-1.203164e+01
7.310000e-06	2.431059e-02	-1.208382e+01
7.320000e-06	2.805867e-02	-1.213843e+01
7.330000e-06	2.212157e-02	-1.222061e+01
7.340000e-06	3.243949e-02	-1.228329e+01
7.350000e-06	2.944202e-02	-1.235690e+01
7.360000e-06	2.851242e-02	-1.242909e+01
7.370000e-06	2.645315e-02	-1.247169e+01
7.380000e-06	3.146940e-02	-1.252735e+01
7.390000e-06	3.189549e-02	-1.253743e+01
7.400000e-06	3.054418e-02	-1.259756e+01
7.410000e-06	3.423552e-02	-1.262177e+01
7.420000e-06	3.427883e-02	-1.271280e+01
7.430000e-06	3.468121e-02	-1.270632e+01
7.440000e-06	3.482218e-02	-1.271898e+01
7.450000e-06	3.752766e-02	-1.277808e+01
7.460000e-06	3.741054e-02	-1.278908e+01
7.470000e-06	3.758408e-02	-1.279157e+01
7.480000e-06	4.015522e-02	-1.278166e+01
7.490000e-06	4.160453e-02	-1.281364e+01
7.500000e-06	3.986037e-02	-1.283211e+01
7.510000e-06	4.179632e-02	-1.284206e+01
7.520000e-06	4.268800e-02	-1.281164e+01
7.530000e-06	4.696401e-02	-1.281209e+01
7.540000e-06	4.586218e-02	-1.278953e+01
7.550000e-06	4.874235e-02	-1.280898e+01
7.560000e-06	5.122536e-02	-1.271701e+01
7.570000e-06	5.126215e-02	-1.267532e+01
7.580000e-06	5.399381e-02	-1.267319e+01
7.590000e-06	5.660010e-02	-1.262171e+01
7.600000e-06	5.903382e-02	-1.256796e+01
7.610000e-06	6.158574e-02	-1.248700e+01
7.620000e-06	6.439367e-02	-1.246272e+01
7.630000e-06	6.719125e-02	-1.237916e+01
7.640000e-06	6.759869e-02	-1.229785e+01
7.650000e-06	6.901124e-02	-1.227324e+01
7.660000e-06	6.940410e-02	-1.219958e+01
7.670000e-06	7.033106e-02	-1.209527e+01
7.680000e-06	6.997145e-02	-1.201212e+01
7.690000e-06	6.882812e-02	-1.193840e+01
7.700000e-06	6.630233e-02	-1.183214e+01
7.710000e-06	6.318914e-02	-1.171746e+01
7.720000e-06	6.092336e-02	-1.161041e+01
7.730000e-06	5.879613e-02	-1.144535e+01
7.740000e-06	5.648642e-02	-1.134845e+01
7.750000e-06	5.260880e-02	-1.123974e+01
7.760000e-06	4.967890e-02	-1.111280e+01
7.770000e-06	4.616387e-02	-1.100053e+01
7.780000e-06	4.355885e-02	-1.087429e+01
7.790000e-06	4.188901e-02	-1.077903e+01
7.800000e-06	3.914134e-02	-1.063269e+01
7.810000e-06	3.723535e-02	-1.051645e+01
7.820000e-06	3.467924e-02	-1.041004e+01
7.830000e-06	3.433907e-02	-1.019111e+01
7.840000e-06	3.188198e-02	-1.007230e+01
7.850000e-06	2.912385e-02	-9.917400e+00
7.860000e-06	2.685083e-02	-9.791133e+00
7.870000e-06	2.717157e-02	-9.653715e+00
7.880000e-06	2.419390e-02	-9.514894e+00
7.890000e-06	2.337946e-02	-9.324925e+00
7.900000e-06	2.188003e-02	-9.177951e+00
7.910000e-06	2.216289e-02	-8.990108e+00
7.920000e-06	1.943840e-02	-8.822210e+00
7.930000e-06	1.879205e-02	-8.672241e+00
7.940000e-06	1.913163e-02	-8.450665e+00
7.950000e-06	1.770809e-02	-8.304244e+00
7.960000e-06	1.584407e-02	-8.034770e+00
7.970000e-06	1.385311e-02	-7.914849e+00
7.980000e-06	1.349953e-02	-7.614215e+00
7.990000e-06	1.228719e-02	-7.497238e+00
8.000000e-06	1.162293e-02	-7.254266e+00
8.010000e-06	1.148654e-02	-7.084340e+00
8.020000e-06	1.142550e-02	-6.832257e+00
8.030000e-06	9.608470e-03	-6.652291e+00
8.040000e-06	9.927510e-03	-6.492262e+00
8.050000e-06	6.762356e-03	-6.295338e+00
8.060000e-06	7.974616e-03	-6.032262e+00
8.070000e-06	6.089278e-03	-5.832156e+00
8.080000e-06	7.995052e-03	-5.622634e+00
8.090000e-06	5.231004e-03	-5.420682e+00
8.100000e-06	6.914556e-03	-5.128478e+00
8.110000e-06	3.689225e-03	-4.894389e+00
8.120000e-06	5.857471e-03	-4.600686e+00
8.130000e-06	3.567117e-03	-4.453661e+00
8.140000e-06	3.953500e-03	-4.254189e+00
8.150000e-06	1.926513e-03	-4.034239e+00
8.160000e-06	3.194034e-03	-3.800212e+00
8.170000e-06	2.691107e-03	-3.578975e+00
8.180000e-06	1.490203e-03	-3.339026e+00
8.190000e-06	1.707294e-03	-3.137850e+00
8.200000e-06	4.549784e-04	-2.883308e+00
8.210000e-06	-3.324124e-04	-2.682682e+00
8.220000e-06	7.985680e-04	-2.429612e+00
8.230000e-06	6.527889e-04	-2.198508e+00
8.240000e-06	-1.063897e-03	-1.927397e+00
8.250000e-06	-1.545177e-03	-1.707721e+00
8.260000e-06	-2.739035e-03	-1.485263e+00
8.270000e-06	-2.782734e-03	-1.160598e+00
8.280000e-06	-3.538291e-03	-9.588987e-01
8.290000e-06	-3.008700e-03	-7.378723e-01
8.300000e-06	-5.153340e-03	-4.237057e-01
8.310000e-06	-2.932687e-03	-2.117326e-01
8.320000e-06	-2.658881e-03	-3.212782e-02
8.330000e-06	4.944456e-03	2.189991e-01
8.340000e-06	-9.447970e-04	4.726341e-01
8.350000e-06	-1.500377e-03	6.840841e-01
8.360000e-06	-2.040996e-03	8.721841e-01
8.370000e-06	-5.169350e-03	1.116261e+00
8.380000e-06	-3.789289e-03	1.387874e+00
8.390000e-06	-1.043622e-03	1.581525e+00
8.400000e-06	1.907242e-02	1.851129e+00
8.410000e-06	6.616421e-02	2.043106e+00
8.420000e-06	1.090961e-02	2.375713e+00
8.430000e-06	-7.391658e-02	2.546867e+00
8.440000e-06	-2.092037e-02	2.841608e+00
8.450000e-06	-3.552566e-02	3.061609e+00
8.460000e-06	-6.753662e-02	3.249974e+00
8.470000e-06	4.126460e-02	3.356925e+00
8.480000e-06	1.031514e-01	3.610955e+00
8.490000e-06	-1.669949e-01	3.819504e+00
8.500000e-06	1.395914e-01	4.010496e+00
8.510000e-06	-4.660285e-02	4.294139e+00
8.520000e-06	-6.381012e-02	4.513788e+00
8.530000e-06	7.641100e-02	4.746295e+00
8.540000e-06	-5.999907e-02	4.928375e+00
8.550000e-06	1.304281e-02	5.261584e+00
8.560000e-06	3.109016e-03	5.505639e+00
8.570000e-06	-3.292039e-02	5.697198e+00
8.580000e-06	1.675723e-02	5.956795e+00
8.590000e-06	-3.798968e-02	6.157900e+00
8.600000e-06	-2.141287e-03	6.416869e+00
8.610000e-06	-2.348300e-02	6.560853e+00
8.620000e-06	1.046814e-02	6.811078e+00
8.630000e-06	6.321634e-03	7.043053e+00
8.640000e-06	-3.775522e-02	7.190483e+00
8.650000e-06	2.414157e-02	7.409980e+00
8.660000e-06	-5.080148e-02	7.622033e+00
8.670000e-06	-1.675377e-03	7.831662e+00
8.680000e-06	-1.174683e-02	8.132738e+00
8.690000e-06	-1.241568e-02	8.313191e+00
8.700000e-06	-2.385459e-03	8.421081e+00
8.710000e-06	-3.177815e-02	8.579951e+00
8.720000e-06	-8.899667e-03	8.747424e+00
8.730000e-06	-2.182254e-02	8.884851e+00
8.740000e-06	-1.667531e-03	9.105220e+00
8.750000e-06	-2.399343e-02	9.241538e+00
8.760000e-06	-1.287577e-02	9.409612e+00
8.770000e-06	-1.306607e-02	9.576873e+00
8.780000e-06	-2.470744e-02	9.696850e+00
8.790000e-06	-1.704894e-02	9.905192e+00
8.800000e-06	-1.912735e-02	1.006209e+01
8.810000e-06	-1.318546e-02	1.020903e+01
8.820000e-06	-2.642968e-02	1.035429e+01
8.830000e-06	-1.788150e-02	1.046211e+01
8.840000e-06	-2.000714e-02	1.061099e+01
8.850000e-06	-2.147174e-02	1.078945e+01
8.860000e-06	-2.710845e-02	1.089421e+01
8.870000e-06	-2.126081e-02	1.098953e+01
8.880000e-06	-2.310983e-02	1.113584e+01
8.890000e-06	-2.588451e-02	1.124219e+01
8.900000e-06	-2.485713e-02	1.140896e+01
8.910000e-06	-2.356383e-02	1.151592e+01
8.920000e-06	-2.552952e-02	1.167168e+01
8.930000e-06	-3.123874e-02	1.176843e+01
8.940000e-06	-2.763601e-02	1.184271e+01
8.950000e-06	-2.724370e-02	1.192642e+01
8.960000e-06	-3.108541e-02	1.203061e+01
8.970000e-06	-2.870174e-02	1.207635e+01
8.980000e-06	-2.901189e-02	1.220948e+01
8.990000e-06	-3.152644e-02	1.226367e+01
9.000000e-06	-3.395915e-02	1.235688e+01
9.010000e-06	-3.307966e-02	1.242159e+01
9.020000e-06	-3.407805e-02	1.247374e+01
9.030000e-06	-3.761902e-02	1.249582e+01
9.040000e-06	-3.828350e-02	1.258746e+01
9.050000e-06	-3.582276e-02	1.261054e+01
9.060000e-06	-3.616342e-02	1.266261e+01
9.070000e-06	-3.672408e-02	1.266379e+01
9.080000e-06	-3.880006e-02	1.269590e+01
9.090000e-06	-4.114565e-02	1.276545e+01
9.100000e-06	-4.439435e-02	1.277793e+01
9.110000e-06	-4.466727e-02	1.275798e+01
9.120000e-06	-4.260304e-02	1.280818e+01
9.130000e-06	-4.574448e-02	1.278006e+01
9.140000e-06	-4.601652e-02	1.279956e+01
9.150000e-06	-4.693593e-02	1.281856e+01
9.160000e-06	-4.663550e-02	1.281066e+01
9.170000e-06	-4.911073e-02	1.282106e+01
9.180000e-06	-5.002531e-02	1.282011e+01
9.190000e-06	-5.135222e-02	1.276000e+01
9.200000e-06	-5.381564e-02	1.272997e+01
9.210000e-06	-5.591239e-02	1.276833e+01
9.220000e-06	-5.813716e-02	1.270595e+01
9.230000e-06	-5.989071e-02	1.271582e+01
9.240000e-06	-6.085817e-02	1.268372e+01
9.250000e-06	-6.297422e-02	1.263011e+01
9.260000e-06	-6.613011e-02	1.255953e+01
9.270000e-06	-6.875008e-02	1.250590e+01
9.280000e-06	-7.105466e-02	1.248377e+01
9.290000e-06	-7.346334e-02	1.239161e+01
9.300000e-06	-7.597862e-02	1.235837e+01
9.310000e-06	-7.876434e-02	1.230327e+01
9.320000e-06	-7.657390e-02	1.217011e+01
9.330000e-06	-7.656234e-02	1.211337e+01
9.340000e-06	-7.524109e-02	1.202068e+01
9.350000e-06	-7.466440e-02	1.187687e+01
9.360000e-06	-7.160924e-02	1.182161e+01
9.370000e-06	-6.865036e-02	1.171697e+01
9.380000e-06	-6.651365e-02	1.161008e+01
9.390000e-06	-6.366327e-02	1.150589e+01
9.400000e-06	-6.183587e-02	1.136790e+01
9.410000e-06	-5.837581e-02	1.119164e+01
9.420000e-06	-5.790338e-02	1.111635e+01
9.430000e-06	-5.366251e-02	1.102118e+01
9.440000e-06	-5.135285e-02	1.093587e+01
9.450000e-06	-4.696168e-02	1.080103e+01
9.460000e-06	-4.464532e-02	1.066474e+01
9.470000e-06	-4.273448e-02	1.053382e+01
9.480000e-06	-4.134390e-02	1.035747e+01
9.490000e-06	-3.957007e-02	1.022263e+01
9.500000e-06	-3.891683e-02	1.009485e+01
9.510000e-06	-3.735989e-02	9.936899e+00
9.520000e-06	-3.536109e-02	9.778103e+00
9.530000e-06	-3.278542e-02	9.590082e+00
9.540000e-06	-3.098631e-02	9.453237e+00
9.550000e-06	-3.022189e-02	9.294820e+00
9.560000e-06	-2.863072e-02	9.149421e+00
9.570000e-06	-2.845136e-02	8.928612e+00
9.580000e-06	-2.736890e-02	8.759476e+00
9.590000e-06	-2.694709e-02	8.611529e+00
9.600000e-06	-2.639361e-02	8.421664e+00
9.610000e-06	-2.445605e-02	8.242215e+00
9.620000e-06	-2.289292e-02	8.041190e+00
9.630000e-06	-2.281979e-02	7.853210e+00
9.640000e-06	-2.188833e-02	7.673782e+00
9.650000e-06	-2.093398e-02	7.472289e+00
9.660000e-06	-2.015263e-02	7.212132e+00
9.670000e-06	-1.959917e-02	7.041684e+00
9.680000e-06	-1.891513e-02	6.851208e+00
9.690000e-06	-1.880915e-02	6.691237e+00
9.700000e-06	-1.808103e-02	6.370076e+00
9.710000e-06	-1.899459e-02	6.182131e+00
9.720000e-06	-1.770664e-02	6.041578e+00
9.730000e-06	-1.681733e-02	5.819656e+00
9.740000e-06	-1.341347e-02	5.579506e+00
9.750000e-06	-1.342214e-02	5.359552e+00
9.760000e-06	-1.398731e-02	5.114873e+00
9.770000e-06	-1.354954e-02	4.811707e+00
9.780000e-06	-1.237421e-02	4.623556e+00
9.790000e-06	-1.264330e-02	4.420582e+00
9.800000e-06	-1.351524e-02	4.210302e+00
9.810000e-06	-1.308767e-02	4.000471e+00
9.820000e-06	-1.116440e-02	3.728494e+00
9.830000e-06	-1.027855e-02	3.536823e+00
9.840000e-06	-1.022105e-02	3.263312e+00
9.850000e-06	-1.037628e-02	3.062684e+00
9.860000e-06	-8.769771e-03	2.821631e+00
9.870000e-06	-8.793945e-03	2.602678e+00
9.880000e-06	-7.946303e-03	2.337469e+00
9.890000e-06	-8.839541e-03	2.124812e+00
9.900000e-06	-7.926637e-03	1.906840e+00
9.910000e-06	-7.705558e-03	1.644185e+00
9.920000e-06	-7.589137e-03	1.410573e+00
9.930000e-06	-6.417364e-03	1.178469e+00
9.940000e-06	-5.892000e-03	8.457059e-01
9.950000e-06	-4.896169e-03	6.010791e-01
9.960000e-06	-4.953485e-03	4.495490e-01
9.970000e-06	-4.679108e-03	1.595262e-01
9.980000e-06	-2.037881e-03	-9.315777e-02
9.990000e-06	6.430882e-03	-3.047366e-01
1.000000e-05	-2.731013e-03	-5.142090e-01
1.001000e-05	1.587391e-03	-7.788997e-01
1.002000e-05	-2.734645e-03	-9.383184e-01
1.003000e-05	1.675492e-03	-1.178374e+00
1.004000e-05	-8.407291e-04	-1.431558e+00
1.005000e-05	1.821052e-02	-1.659108e+00
1.006000e-05	8.118258e-02	-1.821080e+00
1.007000e-05	1.702876e-02	-2.092289e+00
1.008000e-05	-7.254162e-02	-2.511061e+00
1.009000e-05	-3.383255e-03	-2.757798e+00
1.010000e-05	-5.805587e-02	-2.945768e+00
1.011000e-05	-5.976273e-02	-3.137820e+00
1.012000e-05	1.622484e-01	-3.232104e+00
1.013000e-05	-5.118763e-02	-3.442531e+00
1.014000e-05	-2.468882e-02	-3.685138e+00
1.015000e-05	1.355195e-01	-3.913238e+00
1.016000e-05	-1.943843e-01	-4.167846e+00
1.017000e-05	1.258280e-01	-4.359371e+00
1.018000e-05	-6.409890e-03	-4.535320e+00
1.019000e-05	-6.972123e-02	-4.861509e+00
1.020000e-05	1.574543e-01	-4.999981e+00
1.021000e-05	-1.228849e-01	-5.273720e+00
1.022000e-05	6.783797e-02	-5.598948e+00
1.023000e-05	2.946809e-03	-5.756349e+00
1.024000e-05	-6.807166e-02	-6.000954e+00
1.025000e-05	1.144155e-01	-6.238432e+00
1.026000e-05	-9.604303e-02	-6.441633e+00
1.027000e-05	9.310755e-02	-6.661938e+00
1.028000e-05	-2.611209e-02	-6.831564e+00
1.029000e-05	1.155041e-02	-7.097244e+00
1.030000e-05	6.424554e-02	-7.293192e+00
1.031000e-05	-9.833330e-02	-7.534242e+00
1.032000e-05	9.838312e-02	-7.715297e+00
1.033000e-05	-5.216223e-02	-7.944774e+00
1.034000e-05	5.662584e-02	-8.105271e+00
1.035000e-05	8.764014e-03	-8.304195e+00
1.036000e-05	-1.092676e-02	-8.473514e+00
1.037000e-05	3.986755e-02	-8.609015e+00
1.038000e-05	-3.849322e-02	-8.852143e+00
1.039000e-05	6.105891e-02	-8.969480e+00
1.040000e-05	-1.248032e-02	-9.146847e+00
1.041000e-05	4.059224e-02	-9.284797e+00
1.042000e-05	-1.151868e-02	-9.466721e+00
1.043000e-05	1.369539e-02	-9.663138e+00
1.044000e-05	2.922522e-02	-9.748455e+00
1.045000e-05	2.904131e-03	-9.925847e+00
1.046000e-05	2.779430e-02	-1.003169e+01
1.047000e-05	-1.819880e-03	-1.025211e+01
1.048000e-05	3.700165e-02	-1.039106e+01
1.049000e-05	-7.434154e-04	-1.053530e+01
1.050000e-05	2.875488e-02	-1.064366e+01
1.051000e-05	1.020620e-02	-1.077888e+01
1.052000e-05	2.329338e-02	-1.091520e+01
1.053000e-05	9.297860e-03	-1.100004e+01
1.054000e-05	2.287201e-02	-1.116950e+01
1.055000e-05	2.651721e-02	-1.130617e+01
1.056000e-05	1.859280e-02	-1.141111e+01
1.057000e-05	2.162563e-02	-1.154588e+01
1.058000e-05	1.861794e-02	-1.165107e+01
1.059000e-05	3.060998e-02	-1.175696e+01
1.060000e-05	1.627319e-02	-1.187174e+01
1.061000e-05	2.757174e-02	-1.199904e+01
1.062000e-05	2.354851e-02	-1.209475e+01
1.063000e-05	2.871698e-02	-1.214685e+01
1.064000e-05	2.223025e-02	-1.221053e+01
1.065000e-05	3.019401e-02	-1.225524e+01
1.066000e-05	3.016782e-02	-1.235692e+01
1.067000e-05	2.854618e-02	-1.239904e+01
1.068000e-05	2.734658e-02	-1.243166e+01
1.069000e-05	2.937433e-02	-1.250482e+01
1.070000e-05	3.346589e-02	-1.254696e+01
1.071000e-05	3.016626e-02	-1.259046e+01
1.072000e-05	3.386753e-02	-1.262069e+01
1.073000e-05	3.358400e-02	-1.268427e+01
1.074000e-05	3.370841e-02	-1.269738e+01
1.075000e-05	3.491704e-02	-1.274693e+01
1.076000e-05	3.514541e-02	-1.274743e+01
1.077000e-05	3.743454e-02	-1.279901e+01
1.078000e-05	3.737946e-02	-1.282153e+01
1.079000e-05	4.071256e-02	-1.280058e+01
1.080000e-05	4.148746e-02	-1.282014e+01
1.081000e-05	3.861179e-02	-1.281369e+01
1.082000e-05	4.306715e-02	-1.284216e+01
1.083000e-05	4.394553e-02	-1.279161e+01
1.084000e-05	4.648770e-02	-1.281108e+01
1.085000e-05	4.337547e-02	-1.279911e+01
1.086000e-05	4.709099e-02	-1.277901e+01
1.087000e-05	4.946025e-02	-1.276695e+01
1.088000e-05	5.114191e-02	-1.268587e+01
1.089000e-05	5.423857e-02	-1.264277e+01
1.090000e-05	5.677634e-02	-1.263062e+01
1.091000e-05	5.955066e-02	-1.251854e+01
1.092000e-05	6.218064e-02	-1.253435e+01
1.093000e-05	6.312801e-02	-1.245227e+01
1.094000e-05	6.506194e-02	-1.236058e+01
1.095000e-05	6.551863e-02	-1.231537e+01
1.096000e-05	6.878686e-02	-1.229419e+01
1.097000e-05	7.023259e-02	-1.217856e+01
1.098000e-05	7.013504e-02	-1.211747e+01
1.099000e-05	7.072535e-02	-1.202261e+01
1.100000e-05	6.999633e-02	-1.195446e+01
1.101000e-05	6.730226e-02	-1.180464e+01
1.102000e-05	6.214017e-02	-1.173703e+01
1.103000e-05	6.010881e-02	-1.165064e+01
1.104000e-05	5.854868e-02	-1.149532e+01
1.105000e-05	5.680372e-02	-1.136861e+01
1.106000e-05	5.269515e-02	-1.126379e+01
1.107000e-05	4.998131e-02	-1.112595e+01
1.108000e-05	4.810385e-02	-1.095004e+01
1.109000e-05	4.400195e-02	-1.088432e+01
1.110000e-05	4.197521e-02	-1.078956e+01
1.111000e-05	3.944656e-02	-1.067124e+01
1.112000e-05	3.795862e-02	-1.055750e+01
1.113000e-05	3.507586e-02	-1.038954e+01
1.114000e-05	3.250442e-02	-1.025327e+01
1.115000e-05	3.183496e-02	-1.008425e+01
1.116000e-05	2.988831e-02	-9.979478e+00
1.117000e-05	2.823669e-02	-9.802587e+00
1.118000e-05	2.651360e-02	-9.643745e+00
1.119000e-05	2.567840e-02	-9.556899e+00
1.120000e-05	2.462859e-02	-9.308529e+00
1.121000e-05	2.136027e-02	-9.179129e+00
1.122000e-05	1.978356e-02	-9.001736e+00
1.123000e-05	1.898580e-02	-8.862188e+00
1.124000e-05	1.925607e-02	-8.675364e+00
1.125000e-05	1.965631e-02	-8.454242e+00
1.126000e-05	1.792026e-02	-8.284841e+00
1.127000e-05	1.665124e-02	-8.087448e+00
1.128000e-05	1.494963e-02	-7.947864e+00
1.129000e-05	1.354937e-02	-7.674420e+00
1.130000e-05	1.242763e-02	-7.504770e+00
1.131000e-05	1.246733e-02	-7.294370e+00
1.132000e-05	1.141770e-02	-7.074897e+00
1.133000e-05	1.151870e-02	-6.903366e+00
1.134000e-05	9.393426e-03	-6.694342e+00
1.135000e-05	9.420062e-03	-6.486942e+00
1.136000e-05	8.595168e-03	-6.337444e+00
1.137000e-05	9.171698e-03	-6.053842e+00
1.138000e-05	5.976225e-03	-5.863763e+00
1.139000e-05	5.698270e-03	-5.713131e+00
1.140000e-05	4.395969e-03	-5.495268e+00
1.141000e-05	7.855140e-03	-5.218050e+00
1.142000e-05	4.177529e-03	-4.968397e+00
1.143000e-05	5.163531e-03	-4.603714e+00
1.144000e-05	2.823966e-03	-4.473316e+00
1.145000e-05	3.768311e-03	-4.284269e+00
1.146000e-05	2.009280e-03	-4.064313e+00
1.147000e-05	4.142496e-03	-3.885358e+00
1.148000e-05	1.775789e-03	-3.621079e+00
1.149000e-05	2.191156e-03	-3.360126e+00
1.150000e-05	8.309272e-04	-3.170527e+00
1.151000e-05	1.075987e-03	-2.897544e+00
1.152000e-05	-6.562125e-04	-2.664265e+00
1.153000e-05	9.325489e-04	-2.472232e+00
1.154000e-05	-9.723565e-04	-2.201182e+00
1.155000e-05	-1.598756e-04	-1.980524e+00
1.156000e-05	-2.673128e-03	-1.739449e+00
1.157000e-05	-2.101896e-03	-1.568392e+00
1.158000e-05	-2.380893e-03	-1.191082e+00
1.159000e-05	-2.630399e-03	-9.679763e-01
1.160000e-05	-4.109134e-03	-7.672997e-01
1.161000e-05	-4.943542e-03	-4.647635e-01
1.162000e-05	-3.393475e-03	-2.737354e-01
1.163000e-05	-2.500677e-03	-4.318546e-02
1.164000e-05	2.457306e-03	1.974224e-01
1.165000e-05	1.691754e-03	4.104764e-01
1.166000e-05	-2.810846e-03	6.311263e-01
1.167000e-05	4.722987e-04	8.615576e-01
1.168000e-05	-5.012491e-03	1.075162e+00
1.169000e-05	-2.717778e-03	1.316236e+00
1.170000e-05	-1.810884e-03	1.561017e+00
1.171000e-05	1.297234e-02	1.807976e+00
1.172000e-05	5.767369e-02	2.000425e+00
1.173000e-05	3.518674e-02	2.312084e+00
1.174000e-05	-7.739193e-02	2.516314e+00
1.175000e-05	-2.208747e-02	2.801451e+00
1.176000e-05	-3.504704e-02	2.971054e+00
1.177000e-05	-5.653258e-02	3.187849e+00
1.178000e-05	1.058287e-03	3.357245e+00
1.179000e-05	1.392993e-01	3.600872e+00
1.180000e-05	-1.592722e-01	3.759453e+00
1.181000e-05	8.649238e-02	3.948896e+00
1.182000e-05	1.749597e-02	4.202658e+00
1.183000e-05	-1.057303e-01	4.452163e+00
1.184000e-05	8.063711e-02	4.692113e+00
1.185000e-05	-4.557821e-02	4.894268e+00
1.186000e-05	-6.995295e-03	5.179003e+00
1.187000e-05	2.452373e-02	5.452061e+00
1.188000e-05	-4.140913e-02	5.703237e+00
1.189000e-05	1.847061e-02	5.876290e+00
1.190000e-05	-3.397165e-02	6.117765e+00
1.191000e-05	-1.062443e-02	6.337794e+00
1.192000e-05	-1.661847e-02	6.535451e+00
1.193000e-05	-3.339117e-03	6.778925e+00
1.194000e-05	2.057956e-02	6.977476e+00
1.195000e-05	-4.548955e-02	7.188372e+00
1.196000e-05	2.599856e-02	7.358503e+00
1.197000e-05	-4.135826e-02	7.580958e+00
1.198000e-05	-1.469745e-02	7.809140e+00
1.199000e-05	-3.624437e-03	8.083034e+00
1.200000e-05	-1.795618e-02	8.241585e+00
1.201000e-05	1.210508e-03	8.419504e+00
1.202000e-05	-3.106348e-02	8.588403e+00
1.203000e-05	-1.076728e-02	8.706347e+00
1.204000e-05	-2.071472e-02	8.854262e+00
1.205000e-05	-6.051573e-03	9.102584e+00
1.206000e-05	-2.019601e-02	9.232559e+00
1.207000e-05	-1.598093e-02	9.400455e+00
1.208000e-05	-7.911097e-03	9.545924e+00
1.209000e-05	-2.472124e-02	9.696770e+00
1.210000e-05	-2.025535e-02	9.871667e+00
1.211000e-05	-1.900936e-02	1.004168e+01
1.212000e-05	-1.454086e-02	1.014888e+01
1.213000e-05	-2.337405e-02	1.032574e+01
1.214000e-05	-1.906563e-02	1.044116e+01
1.215000e-05	-1.670265e-02	1.058093e+01
1.216000e-05	-2.142128e-02	1.076888e+01
1.217000e-05	-2.676728e-02	1.089266e+01
1.218000e-05	-2.284048e-02	1.097100e+01
1.219000e-05	-2.271042e-02	1.113477e+01
1.220000e-05	-2.672612e-02	1.122164e+01
1.221000e-05	-2.552750e-02	1.138790e+01
1.222000e-05	-2.155813e-02	1.147427e+01
1.223000e-05	-2.629312e-02	1.161206e+01
1.224000e-05	-2.923735e-02	1.174740e+01
1.225000e-05	-2.641171e-02	1.183366e+01
1.226000e-05	-2.773136e-02	1.190632e+01
1.227000e-05	-3.213805e-02	1.196063e+01
1.228000e-05	-3.203508e-02	1.208425e+01
1.229000e-05	-2.831808e-02	1.213949e+01
1.230000e-05	-3.224826e-02	1.223121e+01
1.231000e-05	-3.439543e-02	1.232593e+01
1.232000e-05	-3.212148e-02	1.242211e+01
1.233000e-05	-3.222367e-02	1.245321e+01
1.234000e-05	-3.502064e-02	1.250430e+01
1.235000e-05	-3.850686e-02	1.256843e+01
1.236000e-05	-3.613257e-02	1.259916e+01
1.237000e-05	-3.789166e-02	1.267164e+01
1.238000e-05	-3.834645e-02	1.264484e+01
1.239000e-05	-4.039408e-02	1.271529e+01
1.240000e-05	-4.078272e-02	1.271535e+01
1.241000e-05	-4.314163e-02	1.272792e+01
1.242000e-05	-4.279223e-02	1.279750e+01
1.243000e-05	-4.251873e-02	1.276961e+01
1.244000e-05	-4.462427e-02	1.278161e+01
1.245000e-05	-4.539302e-02	1.281101e+01
1.246000e-05	-4.771853e-02	1.282163e+01
1.247000e-05	-4.750465e-02	1.280054e+01
1.248000e-05	-5.176318e-02	1.282206e+01
1.249000e-05	-5.038069e-02	1.280011e+01
1.250000e-05	-5.014049e-02	1.278155e+01
1.251000e-05	-5.151178e-02	1.271903e+01
1.252000e-05	-5.508026e-02	1.274843e+01
1.253000e-05	-5.815928e-02	1.272682e+01
1.254000e-05	-5.892402e-02	1.274374e+01
1.255000e-05	-6.178429e-02	1.265369e+01
1.256000e-05	-6.279077e-02	1.261163e+01
1.257000e-05	-6.628678e-02	1.258898e+01
1.258000e-05	-6.781932e-02	1.253648e+01
1.259000e-05	-7.197337e-02	1.246389e+01
1.260000e-05	-7.369575e-02	1.242163e+01
1.261000e-05	-7.488461e-02	1.233841e+01
1.262000e-05	-7.510837e-02	1.230379e+01
1.263000e-05	-7.681949e-02	1.218911e+01
1.264000e-05	-7.748081e-02	1.211583e+01
1.265000e-05	-7.660419e-02	1.199959e+01
1.266000e-05	-7.386195e-02	1.196532e+01
1.267000e-05	-7.312357e-02	1.185118e+01
1.268000e-05	-7.142056e-02	1.175750e+01
1.269000e-05	-6.845919e-02	1.162224e+01
1.270000e-05	-6.292259e-02	1.153595e+01
1.271000e-05	-6.107378e-02	1.139861e+01
1.272000e-05	-5.732037e-02	1.128277e+01
1.273000e-05	-5.781844e-02	1.110592e+01
1.274000e-05	-5.365606e-02	1.102114e+01
1.275000e-05	-5.262503e-02	1.091542e+01
1.276000e-05	-4.794632e-02	1.080066e+01
1.277000e-05	-4.567177e-02	1.068484e+01
1.278000e-05	-4.327338e-02	1.053800e+01
1.279000e-05	-4.241115e-02	1.032803e+01
1.280000e-05	-4.058466e-02	1.025078e+01
1.281000e-05	-3.773362e-02	1.013687e+01
1.282000e-05	-3.605026e-02	9.957999e+00
1.283000e-05	-3.516233e-02	9.779181e+00
1.284000e-05	-3.495263e-02	9.641134e+00
1.285000e-05	-3.264621e-02	9.444290e+00
1.286000e-05	-3.144762e-02	9.336973e+00
1.287000e-05	-3.001785e-02	9.199502e+00
1.288000e-05	-2.872561e-02	9.070635e+00
1.289000e-05	-2.686830e-02	8.791031e+00
1.290000e-05	-2.789987e-02	8.611138e+00
1.291000e-05	-2.574589e-02	8.463261e+00
1.292000e-05	-2.272011e-02	8.293844e+00
1.293000e-05	-2.330712e-02	8.066395e+00
1.294000e-05	-2.436575e-02	7.893740e+00
1.295000e-05	-2.320505e-02	7.684345e+00
1.296000e-05	-2.143915e-02	7.514394e+00
1.297000e-05	-2.075674e-02	7.261764e+00
1.298000e-05	-2.067805e-02	7.083707e+00
1.299000e-05	-1.725882e-02	6.864311e+00
1.300000e-05	-1.753085e-02	6.662739e+00
1.301000e-05	-1.838513e-02	6.403636e+00
1.302000e-05	-1.885026e-02	6.223211e+00
1.303000e-05	-1.681229e-02	6.072162e+00
1.304000e-05	-1.591322e-02	5.863787e+00
1.305000e-05	-1.647566e-02	5.592082e+00
1.306000e-05	-1.535572e-02	5.422104e+00
1.307000e-05	-1.370688e-02	5.158003e+00
1.308000e-05	-1.307669e-02	4.895744e+00
1.309000e-05	-1.373948e-02	4.624213e+00
1.310000e-05	-1.368663e-02	4.431733e+00
1.311000e-05	-1.230251e-02	4.255208e+00
1.312000e-05	-1.127502e-02	4.011628e+00
1.313000e-05	-1.037468e-02	3.780000e+00
1.314000e-05	-1.081818e-02	3.609998e+00
1.315000e-05	-1.074779e-02	3.365896e+00
1.316000e-05	-1.141126e-02	3.106790e+00
1.317000e-05	-9.171050e-03	2.874809e+00
1.318000e-05	-9.615663e-03	2.656242e+00
1.319000e-05	-8.242834e-03	2.439544e+00
1.320000e-05	-7.197680e-03	2.147398e+00
1.321000e-05	-7.150785e-03	1.958421e+00
1.322000e-05	-8.555163e-03	1.713415e+00
1.323000e-05	-8.775416e-03	1.412181e+00
1.324000e-05	-6.822317e-03	1.170999e+00
1.325000e-05	-6.216380e-03	8.748109e-01
1.326000e-05	-5.276462e-03	6.637096e-01
1.327000e-05	-6.250394e-03	4.411529e-01
1.328000e-05	-4.448306e-03	2.000016e-01
1.329000e-05	-2.453171e-03	-3.255645e-02
1.330000e-05	5.873118e-03	-2.741840e-01
1.331000e-05	-2.451671e-03	-4.231341e-01
1.332000e-05	9.656950e-05	-7.277378e-01
1.333000e-05	-6.747735e-04	-9.352419e-01
1.334000e-05	1.124832e-03	-1.146696e+00
1.335000e-05	-1.321702e-03	-1.377878e+00
1.336000e-05	1.158934e-02	-1.619409e+00
1.337000e-05	6.989451e-02	-1.789424e+00
1.338000e-05	4.609518e-02	-2.030610e+00
1.339000e-05	-8.323883e-02	-2.441504e+00
1.340000e-05	4.497716e-04	-2.715666e+00
1.341000e-05	-5.122509e-02	-2.863713e+00
1.342000e-05	-6.784662e-02	-3.105192e+00
1.343000e-05	1.217003e-01	-3.221080e+00
1.344000e-05	2.065211e-02	-3.389376e+00
1.345000e-05	-9.744368e-02	-3.631612e+00
1.346000e-05	1.834834e-01	-3.783036e+00
1.347000e-05	-1.748973e-01	-4.105168e+00
1.348000e-05	6.948785e-02	-4.306270e+00
1.349000e-05	5.457131e-02	-4.512742e+00
1.350000e-05	-1.084674e-01	-4.797429e+00
1.351000e-05	1.546188e-01	-4.990925e+00
1.352000e-05	-8.228274e-02	-5.229611e+00
1.353000e-05	6.254853e-03	-5.518798e+00
1.354000e-05	6.248553e-02	-5.734771e+00
1.355000e-05	-1.089192e-01	-5.958872e+00
1.356000e-05	1.275874e-01	-6.096908e+00
1.357000e-05	-8.252972e-02	-6.430426e+00
1.358000e-05	5.804522e-02	-6.570984e+00
1.359000e-05	1.795883e-02	-6.840031e+00
1.360000e-05	-3.266502e-02	-7.034114e+00
1.361000e-05	9.974876e-02	-7.282213e+00
1.362000e-05	-1.086652e-01	-7.492591e+00
1.363000e-05	8.468306e-02	-7.663184e+00
1.364000e-05	-2.704385e-02	-7.903192e+00
1.365000e-05	2.425427e-02	-8.074193e+00
1.366000e-05	3.971097e-02	-8.273663e+00
1.367000e-05	-3.398854e-02	-8.431139e+00
1.368000e-05	5.503487e-02	-8.608014e+00
1.369000e-05	-4.582383e-02	-8.819085e+00
1.370000e-05	5.741589e-02	-8.977375e+00
1.371000e-05	-2.327085e-03	-9.134768e+00
1.372000e-05	3.024293e-02	-9.293698e+00
1.373000e-05	9.663529e-04	-9.472640e+00
1.374000e-05	-3.297732e-03	-9.630653e+00
1.375000e-05	4.099900e-02	-9.799330e+00
1.376000e-05	-4.247690e-03	-9.893720e+00
1.377000e-05	3.394868e-02	-9.992714e+00
1.378000e-05	-5.339252e-03	-1.017004e+01
1.379000e-05	3.783918e-02	-1.038595e+01
1.380000e-05	4.418795e-04	-1.052530e+01
1.381000e-05	2.333942e-02	-1.066118e+01
1.382000e-05	1.477610e-02	-1.073680e+01
1.383000e-05	2.185943e-02	-1.086277e+01
1.384000e-05	1.344246e-02	-1.097794e+01
1.385000e-05	1.709028e-02	-1.116495e+01
1.386000e-05	3.114075e-02	-1.127325e+01
1.387000e-05	1.712423e-02	-1.138143e+01
1.388000e-05	2.338462e-02	-1.153480e+01
1.389000e-05	1.482982e-02	-1.162059e+01
1.390000e-05	3.228342e-02	-1.172593e+01
1.391000e-05	1.800153e-02	-1.187377e+01
1.392000e-05	2.752483e-02	-1.195756e+01
1.393000e-05	2.444075e-02	-1.204324e+01
1.394000e-05	2.739797e-02	-1.210733e+01
1.395000e-05	2.286603e-02	-1.221954e+01
1.396000e-05	2.832977e-02	-1.226229e+01
1.397000e-05	3.279812e-02	-1.233737e+01
1.398000e-05	2.798775e-02	-1.236801e+01
1.399000e-05	2.800980e-02	-1.245129e+01
1.400000e-05	2.669315e-02	-1.248143e+01
1.401000e-05	3.411692e-02	-1.250643e+01
1.402000e-05	2.976003e-02	-1.260006e+01
1.403000e-05	3.350097e-02	-1.266214e+01
1.404000e-05	3.426636e-02	-1.267372e+01
1.405000e-05	3.323994e-02	-1.272732e+01
1.406000e-05	3.403653e-02	-1.272748e+01
1.407000e-05	3.610913e-02	-1.277853e+01
1.408000e-05	3.841288e-02	-1.275056e+01
1.409000e-05	3.643840e-02	-1.279956e+01
1.410000e-05	3.834780e-02	-1.281163e+01
1.411000e-05	4.090859e-02	-1.286209e+01
1.412000e-05	4.000200e-02	-1.282119e+01
1.413000e-05	4.128738e-02	-1.283016e+01
1.414000e-05	4.222402e-02	-1.279209e+01
1.415000e-05	4.591881e-02	-1.280064e+01
1.416000e-05	4.596034e-02	-1.279012e+01
1.417000e-05	4.717861e-02	-1.276006e+01
1.418000e-05	4.930573e-02	-1.276755e+01
1.419000e-05	5.161295e-02	-1.272485e+01
1.420000e-05	5.293307e-02	-1.267372e+01
1.421000e-05	5.620115e-02	-1.265114e+01
1.422000e-05	5.851427e-02	-1.258909e+01
1.423000e-05	5.998440e-02	-1.253651e+01
1.424000e-05	6.213181e-02	-1.245377e+01
1.425000e-05	6.732837e-02	-1.240069e+01
1.426000e-05	6.776845e-02	-1.234743e+01
1.427000e-05	6.819387e-02	-1.228429e+01
1.428000e-05	7.028642e-02	-1.223104e+01
1.429000e-05	7.051578e-02	-1.214793e+01
1.430000e-05	7.074536e-02	-1.201171e+01
1.431000e-05	6.835322e-02	-1.195848e+01
1.432000e-05	6.673842e-02	-1.188272e+01
1.433000e-05	6.483676e-02	-1.174751e+01
1.434000e-05	6.171046e-02	-1.163222e+01
1.435000e-05	5.909118e-02	-1.149635e+01
1.436000e-05	5.762101e-02	-1.140108e+01
1.437000e-05	5.386555e-02	-1.123477e+01
1.438000e-05	5.085514e-02	-1.118696e+01
1.439000e-05	4.607777e-02	-1.100276e+01
1.440000e-05	4.386159e-02	-1.087632e+01
1.441000e-05	4.234830e-02	-1.079103e+01
1.442000e-05	4.059555e-02	-1.069534e+01
1.443000e-05	3.743953e-02	-1.058008e+01
1.444000e-05	3.577534e-02	-1.042272e+01
1.445000e-05	3.412355e-02	-1.029129e+01
1.446000e-05	3.273026e-02	-1.010595e+01
1.447000e-05	2.986459e-02	-9.990581e+00
1.448000e-05	2.806738e-02	-9.862765e+00
1.449000e-05	2.755549e-02	-9.684946e+00
1.450000e-05	2.543262e-02	-9.559403e+00
1.451000e-05	2.379557e-02	-9.398582e+00
1.452000e-05	2.292317e-02	-9.191083e+00
1.453000e-05	2.159824e-02	-9.073292e+00
1.454000e-05	1.962780e-02	-8.854838e+00
1.455000e-05	1.906862e-02	-8.696343e+00
1.456000e-05	1.899565e-02	-8.466876e+00
1.457000e-05	1.752488e-02	-8.325300e+00
1.458000e-05	1.670013e-02	-8.149454e+00
1.459000e-05	1.394263e-02	-7.989003e+00
1.460000e-05	1.421775e-02	-7.769057e+00
1.461000e-05	1.325751e-02	-7.515399e+00
1.462000e-05	1.285473e-02	-7.326802e+00
1.463000e-05	1.214965e-02	-7.135377e+00
1.464000e-05	1.077485e-02	-6.907373e+00
1.465000e-05	9.181757e-03	-6.725920e+00
1.466000e-05	9.687586e-03	-6.536922e+00
1.467000e-05	8.519048e-03	-6.368024e+00
1.468000e-05	8.741767e-03	-6.095396e+00
1.469000e-05	5.998595e-03	-5.916345e+00
1.470000e-05	6.847759e-03	-5.675893e+00
1.471000e-05	4.545370e-03	-5.506267e+00
1.472000e-05	6.609799e-03	-5.291710e+00
1.473000e-05	4.046303e-03	-5.009603e+00
1.474000e-05	5.378117e-03	-4.735924e+00
1.475000e-05	3.419919e-03	-4.494943e+00
1.476000e-05	3.958085e-03	-4.336346e+00
1.477000e-05	2.848959e-03	-4.086390e+00
1.478000e-05	3.758706e-03	-3.936867e+00
1.479000e-05	1.336306e-03	-3.641787e+00
1.480000e-05	2.718070e-03	-3.451709e+00
1.481000e-05	2.928142e-04	-3.241527e+00
1.482000e-05	1.461680e-03	-2.987075e+00
1.483000e-05	-1.439674e-03	-2.716417e+00
1.484000e-05	1.283421e-03	-2.475866e+00
1.485000e-05	-5.583073e-04	-2.283193e+00
1.486000e-05	-7.549734e-04	-2.001103e+00
1.487000e-05	-2.482870e-03	-1.770074e+00
1.488000e-05	-8.179254e-04	-1.578975e+00
1.489000e-05	-2.966040e-03	-1.263812e+00
1.490000e-05	-3.015278e-03	-1.012654e+00
1.491000e-05	-4.038436e-03	-7.775040e-01
1.492000e-05	-3.702027e-03	-5.265486e-01
1.493000e-05	-3.527884e-03	-3.053645e-01
1.494000e-05	-3.639928e-03	-8.423677e-02
1.495000e-05	2.642208e-03	1.377609e-01
1.496000e-05	2.919299e-03	3.704700e-01
1.497000e-05	-3.899819e-03	6.405236e-01
1.498000e-05	9.085299e-04	7.984250e-01
1.499000e-05	-4.647116e-03	1.031554e+00
1.500000e-05	-9.238754e-04	1.314160e+00
1.501000e-05	-4.099786e-03	1.526264e+00
1.502000e-05	9.401012e-03	1.739419e+00
1.503000e-05	4.742055e-02	1.998370e+00
1.504000e-05	5.578165e-02	2.209479e+00
1.505000e-05	-7.109856e-02	2.482682e+00
1.506000e-05	-2.773593e-02	2.757395e+00
1.507000e-05	-3.528715e-02	2.968424e+00
1.508000e-05	-4.696319e-02	3.187892e+00
1.509000e-05	-3.401577e-02	3.326308e+00
1.510000e-05	1.519731e-01	3.527796e+00
1.511000e-05	-1.199016e-01	3.756818e+00
1.512000e-05	1.870540e-02	3.947841e+00
1.513000e-05	7.768817e-02	4.156947e+00
1.514000e-05	-1.333057e-01	4.440507e+00
1.515000e-05	7.442820e-02	4.622630e+00
1.516000e-05	-2.116545e-02	4.865190e+00
1.517000e-05	-3.027623e-02	5.167871e+00
1.518000e-05	3.445094e-02	5.411005e+00
1.519000e-05	-4.484952e-02	5.610501e+00
1.520000e-05	1.473842e-02	5.872562e+00
1.521000e-05	-2.314757e-02	6.073689e+00
1.522000e-05	-1.837084e-02	6.296215e+00
1.523000e-05	-6.779562e-03	6.512717e+00
1.524000e-05	-1.770866e-02	6.727845e+00
1.525000e-05	2.975602e-02	6.937371e+00
1.526000e-05	-4.599737e-02	7.194924e+00
1.527000e-05	1.976678e-02	7.335843e+00
1.528000e-05	-2.718598e-02	7.568951e+00
1.529000e-05	-2.756180e-02	7.808849e+00
1.530000e-05	4.972465e-03	8.019078e+00
1.531000e-05	-2.363066e-02	8.219556e+00
1.532000e-05	2.350636e-03	8.368399e+00
1.533000e-05	-2.713824e-02	8.548874e+00
1.534000e-05	-1.553850e-02	8.714217e+00
1.535000e-05	-1.651774e-02	8.861133e+00
1.536000e-05	-1.073559e-02	9.062581e+00
1.537000e-05	-1.331693e-02	9.209578e+00
1.538000e-05	-2.212941e-02	9.347449e+00
1.539000e-05	-6.884410e-03	9.515744e+00
1.540000e-05	-2.459508e-02	9.644189e+00
1.541000e-05	-2.076706e-02	9.862608e+00
1.542000e-05	-1.519520e-02	1.000953e+01
1.543000e-05	-1.539436e-02	1.011738e+01
1.544000e-05	-2.191244e-02	1.026576e+01
1.545000e-05	-2.369016e-02	1.045208e+01
1.546000e-05	-1.496240e-02	1.054838e+01
1.547000e-05	-2.283267e-02	1.070434e+01
1.548000e-05	-2.592228e-02	1.087071e+01
1.549000e-05	-2.266654e-02	1.095948e+01
1.550000e-05	-2.037558e-02	1.110324e+01
1.551000e-05	-2.644748e-02	1.119063e+01
1.552000e-05	-2.900731e-02	1.136635e+01
1.553000e-05	-2.189095e-02	1.148274e+01
1.554000e-05	-2.552388e-02	1.160111e+01
1.555000e-05	-2.717359e-02	1.174688e+01
1.556000e-05	-2.918343e-02	1.182106e+01
1.557000e-05	-2.648954e-02	1.195435e+01
1.558000e-05	-3.091551e-02	1.197853e+01
1.559000e-05	-3.047697e-02	1.210477e+01
1.560000e-05	-2.844321e-02	1.215946e+01
1.561000e-05	-3.134536e-02	1.225119e+01
1.562000e-05	-3.394623e-02	1.229733e+01
1.563000e-05	-3.264407e-02	1.239963e+01
1.564000e-05	-3.144783e-02	1.244376e+01
1.565000e-05	-3.551383e-02	1.251387e+01
1.566000e-05	-3.773998e-02	1.257738e+01
1.567000e-05	-3.624432e-02	1.260801e+01
1.568000e-05	-3.818657e-02	1.262076e+01
1.569000e-05	-3.870364e-02	1.267221e+01
1.570000e-05	-3.943934e-02	1.266529e+01
1.571000e-05	-3.914058e-02	1.270730e+01
1.572000e-05	-4.344439e-02	1.272748e+01
1.573000e-05	-4.398574e-02	1.273647e+01
1.574000e-05	-4.201750e-02	1.277950e+01
1.575000e-05	-4.241379e-02	1.278949e+01
1.576000e-05	-4.563792e-02	1.278904e+01
1.577000e-05	-4.781355e-02	1.279111e+01
1.578000e-05	-4.689159e-02	1.279956e+01
1.579000e-05	-4.948342e-02	1.280111e+01
1.580000e-05	-5.073574e-02	1.281011e+01
1.581000e-05	-5.259730e-02	1.279061e+01
1.582000e-05	-5.206790e-02	1.277853e+01
1.583000e-05	-5.462344e-02	1.274690e+01
1.584000e-05	-5.547705e-02	1.269892e+01
1.585000e-05	-5.867600e-02	1.274530e+01
1.586000e-05	-6.010854e-02	1.263327e+01
1.587000e-05	-6.277063e-02	1.262229e+01
1.588000e-05	-6.548021e-02	1.259051e+01
1.589000e-05	-6.786835e-02	1.252548e+01
1.590000e-05	-7.101629e-02	1.250382e+01
1.591000e-05	-7.234555e-02	1.241264e+01
1.592000e-05	-7.546390e-02	1.239758e+01
1.593000e-05	-7.601853e-02	1.232687e+01
1.594000e-05	-7.831324e-02	1.222114e+01
1.595000e-05	-7.632535e-02	1.212638e+01
1.596000e-05	-7.594116e-02	1.204168e+01
1.597000e-05	-7.548924e-02	1.194745e+01
1.598000e-05	-7.180182e-02	1.186274e+01
1.599000e-05	-7.178108e-02	1.174898e+01
1.600000e-05	-6.820315e-02	1.164467e+01
1.601000e-05	-6.587982e-02	1.154800e+01
1.602000e-05	-6.138992e-02	1.141971e+01
1.603000e-05	-5.872332e-02	1.127390e+01
1.604000e-05	-5.730885e-02	1.112900e+01
1.605000e-05	-5.350830e-02	1.105324e+01
1.606000e-05	-5.151834e-02	1.094645e+01
1.607000e-05	-4.909824e-02	1.084259e+01
1.608000e-05	-4.747112e-02	1.070777e+01
1.609000e-05	-4.352353e-02	1.054796e+01
1.610000e-05	-4.192660e-02	1.036969e+01
1.611000e-05	-3.935963e-02	1.025421e+01
1.612000e-05	-3.989585e-02	1.011642e+01
1.613000e-05	-3.654068e-02	1.001151e+01
1.614000e-05	-3.587634e-02	9.851261e+00
1.615000e-05	-3.436971e-02	9.642809e+00
1.616000e-05	-3.319812e-02	9.516316e+00
1.617000e-05	-3.117074e-02	9.317451e+00
1.618000e-05	-2.947869e-02	9.190004e+00
1.619000e-05	-2.932551e-02	9.031711e+00
1.620000e-05	-2.817117e-02	8.842181e+00
1.621000e-05	-2.693941e-02	8.662665e+00
1.622000e-05	-2.536434e-02	8.473390e+00
1.623000e-05	-2.445288e-02	8.298372e+00
1.624000e-05	-2.400345e-02	8.137374e+00
1.625000e-05	-2.265791e-02	7.916423e+00
1.626000e-05	-2.162001e-02	7.754970e+00
1.627000e-05	-2.158131e-02	7.538472e+00
1.628000e-05	-2.090082e-02	7.283286e+00
1.629000e-05	-2.063243e-02	7.115291e+00
1.630000e-05	-2.009514e-02	6.893889e+00
1.631000e-05	-1.890597e-02	6.745393e+00
1.632000e-05	-1.830419e-02	6.503888e+00
1.633000e-05	-1.638840e-02	6.285263e+00
1.634000e-05	-1.683576e-02	6.054238e+00
1.635000e-05	-1.715455e-02	5.926316e+00
1.636000e-05	-1.559070e-02	5.641263e+00
1.637000e-05	-1.482432e-02	5.451158e+00
1.638000e-05	-1.475587e-02	5.211160e+00
1.639000e-05	-1.468703e-02	4.926418e+00
1.640000e-05	-1.288134e-02	4.682841e+00
1.641000e-05	-1.294147e-02	4.514815e+00
1.642000e-05	-1.266337e-02	4.295312e+00
1.643000e-05	-1.200801e-02	4.003084e+00
1.644000e-05	-1.067890e-02	3.801628e+00
1.645000e-05	-1.143182e-02	3.620603e+00
1.646000e-05	-1.162692e-02	3.377054e+00
1.647000e-05	-1.029726e-02	3.126969e+00
1.648000e-05	-8.507465e-03	2.956391e+00
1.649000e-05	-8.673883e-03	2.684812e+00
1.650000e-05	-1.007789e-02	2.430106e+00
1.651000e-05	-8.305984e-03	2.178600e+00
1.652000e-05	-7.623016e-03	1.960548e+00
1.653000e-05	-7.395957e-03	1.726417e+00
1.654000e-05	-8.167215e-03	1.483364e+00
1.655000e-05	-6.826124e-03	1.203150e+00
1.656000e-05	-6.110154e-03	9.284913e-01
1.657000e-05	-5.449476e-03	6.963373e-01
1.658000e-05	-5.073996e-03	4.947832e-01
1.659000e-05	-5.044610e-03	2.742067e-01
1.660000e-05	-4.004812e-03	2.907384e-02
1.661000e-05	3.019998e-03	-2.209803e-01
1.662000e-05	1.467325e-03	-4.205288e-01
1.663000e-05	-6.704894e-04	-6.646866e-01
1.664000e-05	1.821387e-03	-8.731867e-01
1.665000e-05	-2.149496e-03	-1.093638e+00
1.666000e-05	-1.279152e-03	-1.324767e+00
1.667000e-05	6.336668e-03	-1.588951e+00
1.668000e-05	5.742036e-02	-1.767372e+00
1.669000e-05	6.988063e-02	-2.009002e+00
1.670000e-05	-8.156386e-02	-2.377372e+00
1.671000e-05	-4.966318e-03	-2.693663e+00
1.672000e-05	-4.260797e-02	-2.841085e+00
1.673000e-05	-7.166195e-02	-3.043589e+00
1.674000e-05	7.258055e-02	-3.209976e+00
1.675000e-05	8.764768e-02	-3.367326e+00
1.676000e-05	-1.489789e-01	-3.630558e+00
1.677000e-05	1.999199e-01	-3.827906e+00
1.678000e-05	-1.274601e-01	-4.072037e+00
1.679000e-05	-1.151470e-03	-4.285641e+00
1.680000e-05	1.054502e-01	-4.473585e+00
1.681000e-05	-1.271191e-01	-4.736670e+00
1.682000e-05	1.301299e-01	-4.957847e+00
1.683000e-05	-2.303951e-02	-5.197851e+00
1.684000e-05	-5.749903e-02	-5.524643e+00
1.685000e-05	1.122443e-01	-5.671690e+00
1.686000e-05	-1.281960e-01	-5.904721e+00
1.687000e-05	1.147096e-01	-6.156822e+00
1.688000e-05	-5.041871e-02	-6.348297e+00
1.689000e-05	1.337453e-02	-6.567900e+00
1.690000e-05	6.142044e-02	-6.756427e+00
1.691000e-05	-6.776538e-02	-6.989559e+00
1.692000e-05	1.172010e-01	-7.182037e+00
1.693000e-05	-9.724262e-02	-7.450584e+00
1.694000e-05	5.339035e-02	-7.640059e+00
1.695000e-05	8.841781e-03	-7.853612e+00
1.696000e-05	-1.014765e-02	-8.072111e+00
1.697000e-05	6.782431e-02	-8.219560e+00
1.698000e-05	-4.885773e-02	-8.389055e+00
1.699000e-05	6.056939e-02	-8.597408e+00
1.700000e-05	-4.148010e-02	-8.769830e+00
1.701000e-05	4.203630e-02	-8.946797e+00
1.702000e-05	1.316548e-02	-9.084264e+00
1.703000e-05	1.548705e-02	-9.262590e+00
1.704000e-05	1.861572e-02	-9.380039e+00
1.705000e-05	-1.794147e-02	-9.600983e+00
1.706000e-05	4.866243e-02	-9.755799e+00
1.707000e-05	-5.298656e-03	-9.873666e+00
1.708000e-05	3.437019e-02	-1.003061e+01
1.709000e-05	-5.770347e-03	-1.016846e+01
1.710000e-05	3.198453e-02	-1.035930e+01
1.711000e-05	7.876093e-03	-1.051477e+01
1.712000e-05	1.889038e-02	-1.061056e+01
1.713000e-05	2.131025e-02	-1.072587e+01
1.714000e-05	1.659474e-02	-1.086269e+01
1.715000e-05	1.776026e-02	-1.097850e+01
1.716000e-05	1.097238e-02	-1.108937e+01
1.717000e-05	3.377599e-02	-1.124222e+01
1.718000e-05	1.608456e-02	-1.137809e+01
1.719000e-05	2.507578e-02	-1.149427e+01
1.720000e-05	1.343734e-02	-1.161109e+01
1.721000e-05	3.172815e-02	-1.171435e+01
1.722000e-05	1.970330e-02	-1.186216e+01
1.723000e-05	2.462387e-02	-1.193945e+01
1.724000e-05	2.431739e-02	-1.204366e+01
1.725000e-05	2.621753e-02	-1.210477e+01
1.726000e-05	2.590606e-02	-1.218853e+01
1.727000e-05	2.639678e-02	-1.224321e+01
1.728000e-05	3.317801e-02	-1.231527e+01
1.729000e-05	2.652726e-02	-1.239695e+01
1.730000e-05	2.852415e-02	-1.245159e+01
1.731000e-05	2.582756e-02	-1.246435e+01
1.732000e-05	3.360058e-02	-1.253746e+01
1.733000e-05	3.024933e-02	-1.262954e+01
1.734000e-05	3.347168e-02	-1.261014e+01
1.735000e-05	3.375144e-02	-1.268422e+01
1.736000e-05	3.321269e-02	-1.271385e+01
1.737000e-05	3.472608e-02	-1.273798e+01
1.738000e-05	3.551036e-02	-1.275851e+01
1.739000e-05	3.822003e-02	-1.281854e+01
1.740000e-05	3.722172e-02	-1.279109e+01
1.741000e-05	3.900461e-02	-1.283009e+01
1.742000e-05	4.014079e-02	-1.284062e+01
1.743000e-05	3.869245e-02	-1.284214e+01
1.744000e-05	4.002141e-02	-1.281204e+01
1.745000e-05	4.193121e-02	-1.282071e+01
1.746000e-05	4.539056e-02	-1.283161e+01
1.747000e-05	4.685744e-02	-1.280106e+01
1.748000e-05	4.842115e-02	-1.277908e+01
1.749000e-05	4.972215e-02	-1.277900e+01
1.750000e-05	4.929659e-02	-1.276738e+01
1.751000e-05	5.244064e-02	-1.269430e+01
1.752000e-05	5.561529e-02	-1.266227e+01
1.753000e-05	5.748228e-02	-1.259063e+01
1.754000e-05	5.951323e-02	-1.256858e+01
1.755000e-05	6.315572e-02	-1.248490e+01
1.756000e-05	6.625944e-02	-1.242164e+01
1.757000e-05	6.704785e-02	-1.234841e+01
1.758000e-05	6.739724e-02	-1.227380e+01
1.759000e-05	7.017080e-02	-1.222064e+01
1.760000e-05	7.073862e-02	-1.213898e+01
1.761000e-05	7.036477e-02	-1.207329e+01
1.762000e-05	6.884067e-02	-1.197001e+01
1.763000e-05	6.800826e-02	-1.191279e+01
1.764000e-05	6.467890e-02	-1.177758e+01
1.765000e-05	6.090020e-02	-1.167172e+01
1.766000e-05	5.970327e-02	-1.155697e+01
1.767000e-05	5.889650e-02	-1.144117e+01
1.768000e-05	5.436802e-02	-1.128547e+01
1.769000e-05	4.974719e-02	-1.114761e+01
1.770000e-05	4.883875e-02	-1.102167e+01
1.771000e-05	4.421226e-02	-1.090490e+01
1.772000e-05	4.334166e-02	-1.080166e+01
1.773000e-05	4.147665e-02	-1.070540e+01
1.774000e-05	3.853480e-02	-1.058964e+01
1.775000e-05	3.585632e-02	-1.049324e+01
1.776000e-05	3.379631e-02	-1.029488e+01
1.777000e-05	3.246040e-02	-1.013793e+01
1.778000e-05	3.043127e-02	-1.000006e+01
1.779000e-05	2.872637e-02	-9.883691e+00
1.780000e-05	2.745289e-02	-9.715928e+00
1.781000e-05	2.605629e-02	-9.589056e+00
1.782000e-05	2.379920e-02	-9.419715e+00
1.783000e-05	2.292222e-02	-9.252657e+00
1.784000e-05	2.211176e-02	-9.055743e+00
1.785000e-05	1.991195e-02	-8.904395e+00
1.786000e-05	1.844315e-02	-8.747974e+00
1.787000e-05	1.923632e-02	-8.537029e+00
1.788000e-05	1.663482e-02	-8.348424e+00
1.789000e-05	1.804749e-02	-8.179107e+00
1.790000e-05	1.410352e-02	-8.020559e+00
1.791000e-05	1.573879e-02	-7.800633e+00
1.792000e-05	1.286814e-02	-7.568058e+00
1.793000e-05	1.416108e-02	-7.359978e+00
1.794000e-05	1.064106e-02	-7.180359e+00
1.795000e-05	9.327666e-03	-6.947553e+00
1.796000e-05	8.395068e-03	-6.757524e+00
1.797000e-05	8.728195e-03	-6.586050e+00
1.798000e-05	8.537358e-03	-6.369004e+00
1.799000e-05	9.385606e-03	-6.177984e+00
1.800000e-05	6.537850e-03	-5.966401e+00
1.801000e-05	7.952236e-03	-5.714916e+00
1.802000e-05	5.375895e-03	-5.546372e+00
1.803000e-05	5.071795e-03	-5.272772e+00
1.804000e-05	4.557312e-03	-5.001685e+00
1.805000e-05	3.170536e-03	-4.797893e+00
1.806000e-05	3.937741e-03	-4.556447e+00
1.807000e-05	2.469710e-03	-4.369449e+00
1.808000e-05	4.344464e-03	-4.149449e+00
1.809000e-05	3.335870e-03	-3.944876e+00
1.810000e-05	2.619842e-03	-3.724745e+00
1.811000e-05	1.957576e-03	-3.484242e+00
1.812000e-05	2.785765e-04	-3.262209e+00
1.813000e-05	9.859048e-04	-3.023735e+00
1.814000e-05	-1.558647e-03	-2.778472e+00
1.815000e-05	1.716614e-03	-2.565394e+00
1.816000e-05	-1.557333e-03	-2.337341e+00
1.817000e-05	-9.829309e-04	-2.032183e+00
1.818000e-05	-2.052254e-03	-1.831133e+00
1.819000e-05	-6.476298e-04	-1.631103e+00
1.820000e-05	-2.880044e-03	-1.314470e+00
1.821000e-05	-1.824822e-03	-1.083738e+00
1.822000e-05	-4.487541e-03	-8.012104e-01
1.823000e-05	-3.477363e-03	-5.800289e-01
1.824000e-05	-4.121427e-03	-3.478687e-01
1.825000e-05	-3.962219e-03	-1.152670e-01
1.826000e-05	4.514612e-04	1.027131e-01
1.827000e-05	4.694581e-03	3.273182e-01
1.828000e-05	-5.167310e-03	5.578721e-01
1.829000e-05	2.535489e-03	7.289699e-01
1.830000e-05	-3.656387e-03	1.020351e+00
1.831000e-05	-1.585731e-03	1.263684e+00
1.832000e-05	-5.190116e-03	1.504237e+00
1.833000e-05	6.564714e-03	1.735867e+00
1.834000e-05	3.890366e-02	1.935265e+00
1.835000e-05	6.751770e-02	2.157341e+00
1.836000e-05	-5.825107e-02	2.401107e+00
1.837000e-05	-3.846028e-02	2.725687e+00
1.838000e-05	-3.083267e-02	2.926845e+00
1.839000e-05	-3.872817e-02	3.135266e+00
1.840000e-05	-5.973558e-02	3.272688e+00
1.841000e-05	1.441562e-01	3.535667e+00
1.842000e-05	-6.359555e-02	3.714265e+00
1.843000e-05	-4.977816e-02	3.914738e+00
1.844000e-05	1.319989e-01	4.157270e+00
1.845000e-05	-1.413120e-01	4.379476e+00
1.846000e-05	5.276249e-02	4.609475e+00
1.847000e-05	6.305372e-03	4.872608e+00
1.848000e-05	-5.033899e-02	5.104717e+00
1.849000e-05	4.213159e-02	5.387898e+00
1.850000e-05	-4.010289e-02	5.639929e+00
1.851000e-05	5.930807e-03	5.801027e+00
1.852000e-05	-1.148322e-02	6.062082e+00
1.853000e-05	-2.736915e-02	6.293682e+00
1.854000e-05	-1.784583e-03	6.441732e+00
1.855000e-05	-2.669965e-02	6.697288e+00
1.856000e-05	3.285350e-02	6.865743e+00
1.857000e-05	-3.725145e-02	7.087317e+00
1.858000e-05	7.565963e-03	7.355317e+00
1.859000e-05	-8.813092e-03	7.547300e+00
1.860000e-05	-4.224065e-02	7.767847e+00
1.861000e-05	8.874627e-03	7.976907e+00
1.862000e-05	-2.468223e-02	8.189977e+00
1.863000e-05	2.240292e-03	8.337399e+00
1.864000e-05	-2.068654e-02	8.514765e+00
1.865000e-05	-2.073398e-02	8.654237e+00
1.866000e-05	-1.262629e-02	8.841509e+00
1.867000e-05	-1.673472e-02	8.960482e+00
1.868000e-05	-8.089916e-03	9.178978e+00
1.869000e-05	-2.676022e-02	9.326920e+00
1.870000e-05	-6.278658e-03	9.484266e+00
1.871000e-05	-2.140755e-02	9.632136e+00
1.872000e-05	-2.170074e-02	9.811161e+00
1.873000e-05	-1.444200e-02	9.978975e+00
1.874000e-05	-1.687253e-02	1.009438e+01
1.875000e-05	-1.956903e-02	1.025269e+01
1.876000e-05	-2.810476e-02	1.040110e+01
1.877000e-05	-1.439233e-02	1.051593e+01
1.878000e-05	-2.194676e-02	1.069484e+01
1.879000e-05	-2.333467e-02	1.083213e+01
1.880000e-05	-2.536818e-02	1.093795e+01
1.881000e-05	-1.946836e-02	1.105472e+01
1.882000e-05	-2.539141e-02	1.117708e+01
1.883000e-05	-2.804324e-02	1.129632e+01
1.884000e-05	-2.255848e-02	1.146152e+01
1.885000e-05	-2.578760e-02	1.161848e+01
1.886000e-05	-2.676106e-02	1.170625e+01
1.887000e-05	-2.957180e-02	1.177056e+01
1.888000e-05	-2.550111e-02	1.189519e+01
1.889000e-05	-3.046053e-02	1.198090e+01
1.890000e-05	-3.245694e-02	1.204270e+01
1.891000e-05	-2.929462e-02	1.216792e+01
1.892000e-05	-3.059525e-02	1.223111e+01
1.893000e-05	-3.279284e-02	1.233577e+01
1.894000e-05	-3.391565e-02	1.238908e+01
1.895000e-05	-3.043457e-02	1.244366e+01
1.896000e-05	-3.489240e-02	1.250527e+01
1.897000e-05	-3.762468e-02	1.256692e+01
1.898000e-05	-3.739132e-02	1.255901e+01
1.899000e-05	-3.687804e-02	1.263106e+01
1.900000e-05	-3.838712e-02	1.265322e+01
1.901000e-05	-3.978128e-02	1.269337e+01
1.902000e-05	-3.903052e-02	1.271630e+01
1.903000e-05	-4.275592e-02	1.276595e+01
1.904000e-05	-4.304759e-02	1.277888e+01
1.905000e-05	-4.324951e-02	1.278896e+01
1.906000e-05	-4.201833e-02	1.279898e+01
1.907000e-05	-4.465315e-02	1.283023e+01
1.908000e-05	-4.651067e-02	1.284514e+01
1.909000e-05	-4.773561e-02	1.280011e+01
1.910000e-05	-4.927845e-02	1.278016e+01
1.911000e-05	-4.916667e-02	1.280211e+01
1.912000e-05	-5.210964e-02	1.279106e+01
1.913000e-05	-5.081789e-02	1.273956e+01
1.914000e-05	-5.513357e-02	1.277748e+01
1.915000e-05	-5.464920e-02	1.271795e+01
1.916000e-05	-5.875094e-02	1.268485e+01
1.917000e-05	-5.980259e-02	1.265372e+01
1.918000e-05	-6.229334e-02	1.264318e+01
1.919000e-05	-6.535571e-02	1.261103e+01
1.920000e-05	-6.766491e-02	1.256645e+01
1.921000e-05	-7.025227e-02	1.247437e+01
1.922000e-05	-7.126524e-02	1.243266e+01
1.923000e-05	-7.501380e-02	1.240053e+01
1.924000e-05	-7.702462e-02	1.230632e+01
1.925000e-05	-7.809696e-02	1.222868e+01
1.926000e-05	-7.642224e-02	1.214695e+01
1.927000e-05	-7.611179e-02	1.202217e+01
1.928000e-05	-7.529918e-02	1.193750e+01
1.929000e-05	-7.297266e-02	1.188377e+01
1.930000e-05	-7.248372e-02	1.178901e+01
1.931000e-05	-6.793736e-02	1.164582e+01
1.932000e-05	-6.559421e-02	1.156593e+01
1.933000e-05	-6.170012e-02	1.140173e+01
1.934000e-05	-5.958393e-02	1.129385e+01
1.935000e-05	-5.818950e-02	1.117903e+01
1.936000e-05	-5.477794e-02	1.110374e+01
1.937000e-05	-5.320735e-02	1.098800e+01
1.938000e-05	-4.911620e-02	1.084221e+01
1.939000e-05	-4.779349e-02	1.071740e+01
1.940000e-05	-4.333252e-02	1.058813e+01
1.941000e-05	-4.297054e-02	1.041174e+01
1.942000e-05	-4.066311e-02	1.028427e+01
1.943000e-05	-4.049388e-02	1.015650e+01
1.944000e-05	-3.736010e-02	1.002061e+01
1.945000e-05	-3.581817e-02	9.875241e+00
1.946000e-05	-3.378903e-02	9.663918e+00
1.947000e-05	-3.348553e-02	9.526373e+00
1.948000e-05	-3.104793e-02	9.398553e+00
1.949000e-05	-3.031932e-02	9.231131e+00
1.950000e-05	-2.848337e-02	9.103266e+00
1.951000e-05	-2.812625e-02	8.883313e+00
1.952000e-05	-2.668357e-02	8.704844e+00
1.953000e-05	-2.555714e-02	8.535318e+00
1.954000e-05	-2.498265e-02	8.355924e+00
1.955000e-05	-2.338924e-02	8.159095e+00
1.956000e-05	-2.314959e-02	7.927926e+00
1.957000e-05	-2.261925e-02	7.767523e+00
1.958000e-05	-2.226368e-02	7.569922e+00
1.959000e-05	-2.120844e-02	7.336943e+00
1.960000e-05	-2.038406e-02	7.117418e+00
1.961000e-05	-2.002567e-02	6.905870e+00
1.962000e-05	-1.889335e-02	6.758873e+00
1.963000e-05	-1.868484e-02	6.503895e+00
1.964000e-05	-1.748508e-02	6.316891e+00
1.965000e-05	-1.698408e-02	6.135391e+00
1.966000e-05	-1.602469e-02	5.928871e+00
1.967000e-05	-1.593427e-02	5.642796e+00
1.968000e-05	-1.447399e-02	5.485289e+00
1.969000e-05	-1.480727e-02	5.224733e+00
1.970000e-05	-1.421114e-02	4.988107e+00
1.971000e-05	-1.344739e-02	4.727394e+00
1.972000e-05	-1.228335e-02	4.527921e+00
1.973000e-05	-1.188369e-02	4.345870e+00
1.974000e-05	-1.195763e-02	4.065336e+00
1.975000e-05	-1.140399e-02	3.822162e+00
1.976000e-05	-1.075744e-02	3.652608e+00
1.977000e-05	-1.110258e-02	3.422608e+00
1.978000e-05	-1.143826e-02	3.158469e+00
1.979000e-05	-9.496661e-03	2.926472e+00
1.980000e-05	-9.354311e-03	2.738396e+00
1.981000e-05	-8.422826e-03	2.443233e+00
1.982000e-05	-8.849356e-03	2.191132e+00
1.983000e-05	-8.020971e-03	2.000552e+00
1.984000e-05	-8.280301e-03	1.818428e+00
1.985000e-05	-7.258843e-03	1.558320e+00
1.986000e-05	-6.351569e-03	1.263666e+00
1.987000e-05	-6.210450e-03	9.911814e-01
1.988000e-05	-6.330634e-03	7.463964e-01
1.989000e-05	-5.999070e-03	5.062909e-01
1.990000e-05	-5.058080e-03	3.062896e-01
1.991000e-05	-4.017965e-03	2.265028e-02
1.992000e-05	2.411774e-03	-1.994486e-01
1.993000e-05	3.580302e-03	-4.004711e-01
1.994000e-05	-2.497415e-03	-6.510800e-01
1.995000e-05	1.336147e-03	-8.741566e-01
1.996000e-05	-1.925149e-03	-1.074160e+00
1.997000e-05	6.121711e-04	-1.294212e+00
1.998000e-05	1.472633e-03	-1.546778e+00
1.999000e-05	4.443584e-02	-1.736770e+00
2.000000e-05	8.609206e-02	-1.947321e+00
2.001000e-05	-6.675574e-02	-2.263644e+00
2.002000e-05	-2.141934e-02	-2.660435e+00
2.003000e-05	-3.276092e-02	-2.810531e+00
2.004000e-05	-6.664417e-02	-3.012637e+00
2.005000e-05	2.381736e-02	-3.198951e+00
2.006000e-05	1.434866e-01	-3.315716e+00
2.007000e-05	-1.736300e-01	-3.610347e+00
2.008000e-05	1.679597e-01	-3.765456e+00
2.009000e-05	-5.236098e-02	-3.972034e+00
2.010000e-05	-6.567897e-02	-4.302567e+00
2.011000e-05	1.458182e-01	-4.411609e+00
2.012000e-05	-1.239515e-01	-4.713169e+00
2.013000e-05	8.539872e-02	-4.916218e+00
2.014000e-05	4.356163e-02	-5.125895e+00
2.015000e-05	-1.078605e-01	-5.433512e+00
2.016000e-05	1.368459e-01	-5.640632e+00
2.017000e-05	-1.229155e-01	-5.893164e+00
2.018000e-05	8.117490e-02	-6.084843e+00
2.019000e-05	-3.166777e-03	-6.324742e+00
2.020000e-05	-3.345712e-02	-6.546326e+00
2.021000e-05	9.651782e-02	-6.717842e+00
2.022000e-05	-8.417815e-02	-6.946431e+00
2.023000e-05	1.121900e-01	-7.210032e+00
2.024000e-05	-6.643791e-02	-7.380904e+00
2.025000e-05	1.192432e-02	-7.600433e+00
2.026000e-05	4.530477e-02	-7.789582e+00
2.027000e-05	-4.177958e-02	-8.041112e+00
2.028000e-05	8.355150e-02	-8.161480e+00
2.029000e-05	-4.922847e-02	-8.385903e+00
2.030000e-05	5.461414e-02	-8.544828e+00
2.031000e-05	-2.619437e-02	-8.717924e+00
2.032000e-05	1.950068e-02	-8.925798e+00
2.033000e-05	3.141567e-02	-9.031661e+00
2.034000e-05	1.029392e-03	-9.211033e+00
2.035000e-05	3.426698e-02	-9.377933e+00
2.036000e-05	-2.768060e-02	-9.578881e+00
2.037000e-05	4.861759e-02	-9.704772e+00
2.038000e-05	-2.417362e-03	-9.852663e+00
2.039000e-05	2.995324e-02	-9.968009e+00
2.040000e-05	4.518461e-04	-1.012691e+01
2.041000e-05	2.542462e-02	-1.033580e+01
2.042000e-05	1.728856e-02	-1.046219e+01
2.043000e-05	1.071448e-02	-1.060054e+01
2.044000e-05	2.608551e-02	-1.073622e+01
2.045000e-05	1.443554e-02	-1.082112e+01
2.046000e-05	2.315161e-02	-1.094650e+01
2.047000e-05	5.906600e-03	-1.112635e+01
2.048000e-05	3.218662e-02	-1.122264e+01
2.049000e-05	1.721475e-02	-1.135540e+01
2.050000e-05	2.559994e-02	-1.146277e+01
2.051000e-05	1.533592e-02	-1.153751e+01
2.052000e-05	2.892519e-02	-1.167533e+01
2.053000e-05	2.174403e-02	-1.183912e+01
2.054000e-05	2.095228e-02	-1.194692e+01
2.055000e-05	2.602438e-02	-1.204261e+01
2.056000e-05	2.552714e-02	-1.212535e+01
2.057000e-05	2.649992e-02	-1.221951e+01
2.058000e-05	2.464527e-02	-1.225363e+01
2.059000e-05	3.370664e-02	-1.230487e+01
2.060000e-05	2.647826e-02	-1.235898e+01
2.061000e-05	2.866101e-02	-1.245214e+01
2.062000e-05	2.766132e-02	-1.249272e+01
2.063000e-05	3.392897e-02	-1.253631e+01
2.064000e-05	3.137444e-02	-1.261801e+01
2.065000e-05	3.234695e-02	-1.261214e+01
2.066000e-05	3.443661e-02	-1.266269e+01
2.067000e-05	3.289070e-02	-1.270380e+01
2.068000e-05	3.392119e-02	-1.271693e+01
2.069000e-05	3.436703e-02	-1.276843e+01
2.070000e-05	3.810892e-02	-1.277000e+01
2.071000e-05	3.706410e-02	-1.282158e+01
2.072000e-05	3.872906e-02	-1.278911e+01
2.073000e-05	4.041512e-02	-1.282313e+01
2.074000e-05	4.064383e-02	-1.286069e+01
2.075000e-05	3.926200e-02	-1.281371e+01
2.076000e-05	4.228385e-02	-1.279116e+01
2.077000e-05	4.435669e-02	-1.281161e+01
2.078000e-05	4.707980e-02	-1.282061e+01
2.079000e-05	4.798074e-02	-1.282803e+01
2.080000e-05	5.000171e-02	-1.275796e+01
2.081000e-05	5.029026e-02	-1.270590e+01
2.082000e-05	5.101942e-02	-1.271380e+01
2.083000e-05	5.606049e-02	-1.268219e+01
2.084000e-05	5.665683e-02	-1.262009e+01
2.085000e-05	5.998575e-02	-1.257803e+01
2.086000e-05	6.125059e-02	-1.249583e+01
2.087000e-05	6.537526e-02	-1.242109e+01
2.088000e-05	6.827221e-02	-1.237996e+01
2.089000e-05	6.941420e-02	-1.231132e+01
2.090000e-05	6.868024e-02	-1.222214e+01
2.091000e-05	7.050348e-02	-1.215803e+01
2.092000e-05	6.931979e-02	-1.208285e+01
2.093000e-05	7.020351e-02	-1.198051e+01
2.094000e-05	6.712456e-02	-1.192480e+01
2.095000e-05	6.664464e-02	-1.182959e+01
2.096000e-05	6.148334e-02	-1.167267e+01
2.097000e-05	6.033153e-02	-1.152951e+01
2.098000e-05	5.786110e-02	-1.147309e+01
2.099000e-05	5.543340e-02	-1.135692e+01
2.100000e-05	5.158403e-02	-1.118959e+01
2.101000e-05	4.906211e-02	-1.105224e+01
2.102000e-05	4.539670e-02	-1.095682e+01
2.103000e-05	4.282235e-02	-1.081114e+01
2.104000e-05	4.076043e-02	-1.074640e+01
2.105000e-05	3.821289e-02	-1.061908e+01
2.106000e-05	3.609725e-02	-1.048332e+01
2.107000e-05	3.484662e-02	-1.036942e+01
2.108000e-05	3.425961e-02	-1.019603e+01
2.109000e-05	3.125769e-02	-9.991066e+00
2.110000e-05	2.892403e-02	-9.914343e+00
2.111000e-05	2.880021e-02	-9.737974e+00
2.112000e-05	2.450456e-02	-9.610660e+00
2.113000e-05	2.511595e-02	-9.451690e+00
2.114000e-05	2.132987e-02	-9.252240e+00
2.115000e-05	2.521194e-02	-9.114870e+00
2.116000e-05	2.149403e-02	-8.976978e+00
2.117000e-05	1.833295e-02	-8.786002e+00
2.118000e-05	1.929377e-02	-8.548508e+00
2.119000e-05	1.566045e-02	-8.399082e+00
2.120000e-05	1.807138e-02	-8.212637e+00
2.121000e-05	1.374708e-02	-8.039087e+00
2.122000e-05	1.493101e-02	-7.882736e+00
2.123000e-05	1.311579e-02	-7.609604e+00
2.124000e-05	1.180107e-02	-7.399604e+00
2.125000e-05	1.186305e-02	-7.192584e+00
2.126000e-05	1.077335e-02	-7.008058e+00
2.127000e-05	1.101494e-02	-6.790028e+00
2.128000e-05	9.131437e-03	-6.568024e+00
2.129000e-05	1.075721e-02	-6.401629e+00
2.130000e-05	8.644317e-03	-6.189528e+00
2.131000e-05	5.664237e-03	-5.958403e+00
2.132000e-05	5.952126e-03	-5.767498e+00
2.133000e-05	6.493895e-03	-5.568425e+00
2.134000e-05	5.730029e-03	-5.346496e+00
2.135000e-05	4.432095e-03	-5.072163e+00
2.136000e-05	4.123283e-03	-4.759808e+00
2.137000e-05	6.537297e-03	-4.578503e+00
2.138000e-05	1.331600e-03	-4.390024e+00
2.139000e-05	2.625151e-03	-4.160558e+00
2.140000e-05	2.133641e-03	-3.988003e+00
2.141000e-05	4.250671e-03	-3.697500e+00
2.142000e-05	2.295588e-03	-3.506420e+00
2.143000e-05	-4.922886e-05	-3.254316e+00
2.144000e-05	1.233802e-03	-3.073209e+00
2.145000e-05	-1.818222e-03	-2.819151e+00
2.146000e-05	1.745191e-03	-2.619477e+00
2.147000e-05	-7.287123e-04	-2.399476e+00
2.148000e-05	6.185981e-04	-2.086840e+00
2.149000e-05	-3.484600e-03	-1.894661e+00
2.150000e-05	9.897193e-06	-1.623060e+00
2.151000e-05	-3.022848e-03	-1.365525e+00
2.152000e-05	-1.558889e-03	-1.115340e+00
2.153000e-05	-5.288565e-03	-8.312156e-01
2.154000e-05	-3.438899e-03	-6.616344e-01
2.155000e-05	-4.426686e-03	-3.494975e-01
2.156000e-05	-2.613239e-03	-1.794448e-01
2.157000e-05	-1.149110e-03	5.260264e-02
2.158000e-05	5.391149e-03	3.471657e-01
2.159000e-05	-4.164714e-03	5.167682e-01
2.160000e-05	1.112765e-03	7.362710e-01
2.161000e-05	-4.916492e-03	9.248895e-01
2.162000e-05	-3.302477e-04	1.200051e+00
2.163000e-05	-5.372644e-03	1.399534e+00
2.164000e-05	3.811924e-03	1.704615e+00
2.165000e-05	2.991941e-02	1.882764e+00
2.166000e-05	7.376997e-02	2.096266e+00
2.167000e-05	-3.576857e-02	2.388879e+00
2.168000e-05	-5.372277e-02	2.675086e+00
2.169000e-05	-2.688855e-02	2.915242e+00
2.170000e-05	-3.521087e-02	3.095738e+00
2.171000e-05	-7.065575e-02	3.253584e+00
2.172000e-05	1.157376e-01	3.454589e+00
2.173000e-05	3.825465e-03	3.724161e+00
2.174000e-05	-1.099887e-01	3.851663e+00
2.175000e-05	1.630431e-01	4.064241e+00
2.176000e-05	-1.281641e-01	4.360398e+00
2.177000e-05	1.528387e-02	4.557371e+00
2.178000e-05	3.710234e-02	4.758449e+00
2.179000e-05	-6.209513e-02	5.002039e+00
2.180000e-05	4.021741e-02	5.295318e+00
2.181000e-05	-2.727055e-02	5.578447e+00
2.182000e-05	-9.201864e-03	5.808398e+00
2.183000e-05	4.396626e-04	6.001559e+00
2.184000e-05	-3.588767e-02	6.220534e+00
2.185000e-05	3.959053e-03	6.389655e+00
2.186000e-05	-3.020980e-02	6.613614e+00
2.187000e-05	3.006524e-02	6.864690e+00
2.188000e-05	-2.575339e-02	7.083768e+00
2.189000e-05	-1.048633e-02	7.271663e+00
2.190000e-05	6.852865e-03	7.534290e+00
2.191000e-05	-5.054765e-02	7.773845e+00
2.192000e-05	1.068000e-02	7.875427e+00
2.193000e-05	-2.160438e-02	8.137901e+00
2.194000e-05	-1.882735e-03	8.316820e+00
2.195000e-05	-1.564097e-02	8.473717e+00
2.196000e-05	-2.699072e-02	8.622660e+00
2.197000e-05	-8.734043e-03	8.789534e+00
2.198000e-05	-2.059460e-02	8.977932e+00
2.199000e-05	-3.909078e-03	9.147850e+00
2.200000e-05	-2.802742e-02	9.333819e+00
2.201000e-05	-6.279761e-03	9.462762e+00
2.202000e-05	-1.917890e-02	9.629985e+00
2.203000e-05	-2.357030e-02	9.778608e+00
2.204000e-05	-1.555906e-02	9.986920e+00
2.205000e-05	-1.819637e-02	1.010374e+01
2.206000e-05	-1.538037e-02	1.024106e+01
2.207000e-05	-2.739255e-02	1.035805e+01
2.208000e-05	-1.423975e-02	1.053635e+01
2.209000e-05	-2.250525e-02	1.067127e+01
2.210000e-05	-2.229550e-02	1.082115e+01
2.211000e-05	-2.623868e-02	1.093638e+01
2.212000e-05	-1.965935e-02	1.108116e+01
2.213000e-05	-2.424147e-02	1.118850e+01
2.214000e-05	-2.865983e-02	1.129532e+01
2.215000e-05	-2.289834e-02	1.138056e+01
2.216000e-05	-2.483240e-02	1.153646e+01
2.217000e-05	-2.522794e-02	1.169274e+01
2.218000e-05	-3.000218e-02	1.178156e+01
2.219000e-05	-2.539164e-02	1.192379e+01
2.220000e-05	-3.050848e-02	1.197800e+01
2.221000e-05	-3.120798e-02	1.203069e+01
2.222000e-05	-2.865732e-02	1.213543e+01
2.223000e-05	-2.886165e-02	1.220014e+01
2.224000e-05	-3.318984e-02	1.230577e+01
2.225000e-05	-3.523431e-02	1.235690e+01
2.226000e-05	-2.994502e-02	1.241214e+01
2.227000e-05	-3.398745e-02	1.251429e+01
2.228000e-05	-3.631394e-02	1.252643e+01
2.229000e-05	-3.852063e-02	1.257853e+01
2.230000e-05	-3.630790e-02	1.262256e+01
2.231000e-05	-3.849621e-02	1.263117e+01
2.232000e-05	-4.017698e-02	1.269429e+01
2.233000e-05	-3.879417e-02	1.271590e+01
2.234000e-05	-4.270578e-02	1.273638e+01
2.235000e-05	-4.263009e-02	1.274845e+01
2.236000e-05	-4.324800e-02	1.280806e+01
2.237000e-05	-4.168607e-02	1.277751e+01
2.238000e-05	-4.487167e-02	1.277011e+01
2.239000e-05	-4.598048e-02	1.284114e+01
2.240000e-05	-4.704303e-02	1.279056e+01
2.241000e-05	-4.805154e-02	1.278963e+01
2.242000e-05	-5.031153e-02	1.283056e+01
2.243000e-05	-5.129723e-02	1.279958e+01
2.244000e-05	-5.109436e-02	1.276196e+01
2.245000e-05	-5.400597e-02	1.276750e+01
2.246000e-05	-5.512368e-02	1.273845e+01
2.247000e-05	-5.756820e-02	1.273535e+01
2.248000e-05	-5.932263e-02	1.269434e+01
2.249000e-05	-6.280517e-02	1.266221e+01
2.250000e-05	-6.551413e-02	1.261003e+01
2.251000e-05	-6.766824e-02	1.254801e+01
2.252000e-05	-6.959349e-02	1.250587e+01
2.253000e-05	-7.177948e-02	1.247279e+01
2.254000e-05	-7.431176e-02	1.243106e+01
2.255000e-05	-7.538294e-02	1.232840e+01
2.256000e-05	-7.776586e-02	1.224174e+01
2.257000e-05	-7.651148e-02	1.212850e+01
2.258000e-05	-7.634968e-02	1.205377e+01
2.259000e-05	-7.612141e-02	1.196855e+01
2.260000e-05	-7.260225e-02	1.187374e+01
2.261000e-05	-7.221519e-02	1.179961e+01
2.262000e-05	-6.787136e-02	1.170429e+01
2.263000e-05	-6.789512e-02	1.157001e+01
2.264000e-05	-6.169558e-02	1.148272e+01
2.265000e-05	-6.083718e-02	1.128645e+01
2.266000e-05	-5.746450e-02	1.116958e+01
2.267000e-05	-5.570320e-02	1.107334e+01
2.268000e-05	-5.301806e-02	1.099753e+01
2.269000e-05	-4.992244e-02	1.084429e+01
2.270000e-05	-4.690906e-02	1.074645e+01
2.271000e-05	-4.494587e-02	1.063116e+01
2.272000e-05	-4.206046e-02	1.044427e+01
2.273000e-05	-4.072325e-02	1.031585e+01
2.274000e-05	-4.005046e-02	1.017958e+01
2.275000e-05	-3.834011e-02	1.006261e+01
2.276000e-05	-3.631037e-02	9.915342e+00
2.277000e-05	-3.391830e-02	9.715870e+00
2.278000e-05	-3.293643e-02	9.537972e+00
2.279000e-05	-3.107294e-02	9.419005e+00
2.280000e-05	-3.045027e-02	9.230237e+00
2.281000e-05	-2.927039e-02	9.096345e+00
2.282000e-05	-2.866597e-02	8.874949e+00
2.283000e-05	-2.688244e-02	8.724865e+00
2.284000e-05	-2.601681e-02	8.526946e+00
2.285000e-05	-2.482264e-02	8.419076e+00
2.286000e-05	-2.451513e-02	8.188074e+00
2.287000e-05	-2.320336e-02	7.971581e+00
2.288000e-05	-2.197104e-02	7.788603e+00
2.289000e-05	-2.092442e-02	7.601132e+00
2.290000e-05	-2.162324e-02	7.358079e+00
2.291000e-05	-2.073390e-02	7.158974e+00
2.292000e-05	-1.946551e-02	6.957949e+00
2.293000e-05	-1.873774e-02	6.778451e+00
2.294000e-05	-1.858600e-02	6.547502e+00
2.295000e-05	-1.768595e-02	6.345923e+00
2.296000e-05	-1.636700e-02	6.147970e+00
2.297000e-05	-1.629389e-02	5.968949e+00
2.298000e-05	-1.631091e-02	5.777500e+00
2.299000e-05	-1.638736e-02	5.535419e+00
2.300000e-05	-1.340734e-02	5.324345e+00
2.301000e-05	-1.478807e-02	5.032782e+00
2.302000e-05	-1.346468e-02	4.759524e+00
2.303000e-05	-1.364415e-02	4.547498e+00
2.304000e-05	-1.189378e-02	4.369445e+00
2.305000e-05	-1.208584e-02	4.086917e+00
2.306000e-05	-1.164007e-02	3.875689e+00
2.307000e-05	-1.146472e-02	3.653286e+00
2.308000e-05	-1.080306e-02	3.443214e+00
2.309000e-05	-1.052543e-02	3.181003e+00
2.310000e-05	-1.144447e-02	2.988498e+00
2.311000e-05	-8.978128e-03	2.791475e+00
2.312000e-05	-8.438479e-03	2.534966e+00
2.313000e-05	-8.481829e-03	2.285683e+00
2.314000e-05	-9.245501e-03	2.072205e+00
2.315000e-05	-7.360701e-03	1.801656e+00
2.316000e-05	-7.050348e-03	1.580020e+00
2.317000e-05	-6.777405e-03	1.304892e+00
2.318000e-05	-6.929247e-03	1.083184e+00
2.319000e-05	-6.412362e-03	7.889965e-01
2.320000e-05	-5.685065e-03	5.168936e-01
2.321000e-05	-5.711795e-03	3.778948e-01
2.322000e-05	-4.287666e-03	8.373184e-02
2.323000e-05	9.342632e-04	-1.473705e-01
2.324000e-05	5.931376e-03	-3.668709e-01
2.325000e-05	-4.025693e-03	-5.993182e-01
2.326000e-05	1.670731e-03	-8.211061e-01
2.327000e-05	-3.263054e-03	-1.030559e+00
2.328000e-05	2.427666e-03	-1.239584e+00
2.329000e-05	-1.525630e-03	-1.555664e+00
2.330000e-05	3.350242e-02	-1.704639e+00
2.331000e-05	9.065391e-02	-1.895763e+00
2.332000e-05	-4.117162e-02	-2.199931e+00
2.333000e-05	-4.087429e-02	-2.588776e+00
2.334000e-05	-1.984499e-02	-2.799479e+00
2.335000e-05	-6.449575e-02	-2.969405e+00
2.336000e-05	-1.613537e-02	-3.189399e+00
2.337000e-05	1.741288e-01	-3.284261e+00
2.338000e-05	-1.572736e-01	-3.516723e+00
2.339000e-05	1.031073e-01	-3.718826e+00
2.340000e-05	1.700136e-02	-3.948374e+00
2.341000e-05	-1.292227e-01	-4.239584e+00
2.342000e-05	1.654436e-01	-4.379531e+00
2.343000e-05	-9.540166e-02	-4.663038e+00
2.344000e-05	2.702232e-02	-4.862639e+00
2.345000e-05	1.013762e-01	-5.073187e+00
2.346000e-05	-1.386500e-01	-5.360980e+00
2.347000e-05	1.366579e-01	-5.671007e+00
2.348000e-05	-9.236051e-02	-5.839538e+00
2.349000e-05	3.098683e-02	-6.032163e+00
2.350000e-05	4.678520e-02	-6.251213e+00
2.351000e-05	-7.233201e-02	-6.504766e+00
2.352000e-05	1.127803e-01	-6.714272e+00
2.353000e-05	-8.059388e-02	-6.864271e+00
2.354000e-05	8.775494e-02	-7.178478e+00
2.355000e-05	-2.039800e-02	-7.367349e+00
2.356000e-05	-3.604950e-02	-7.560927e+00
2.357000e-05	7.758720e-02	-7.747478e+00
2.358000e-05	-6.026117e-02	-7.959105e+00
2.359000e-05	8.801253e-02	-8.186499e+00
2.360000e-05	-3.884561e-02	-8.325799e+00
2.361000e-05	3.590505e-02	-8.505301e+00
2.362000e-05	-3.929726e-03	-8.726341e+00
2.363000e-05	-3.717608e-03	-8.884742e+00
2.364000e-05	4.796233e-02	-9.032088e+00
2.365000e-05	-1.005620e-02	-9.179404e+00
2.366000e-05	4.362948e-02	-9.345803e+00
2.367000e-05	-2.873699e-02	-9.556819e+00
2.368000e-05	4.102040e-02	-9.703744e+00
2.369000e-05	6.030337e-03	-9.840559e+00
2.370000e-05	2.093516e-02	-9.928400e+00
2.371000e-05	9.200159e-03	-1.010533e+01
2.372000e-05	1.475773e-02	-1.031580e+01
2.373000e-05	2.706842e-02	-1.046161e+01
2.374000e-05	5.127902e-03	-1.055741e+01
2.375000e-05	2.878509e-02	-1.068375e+01
2.376000e-05	1.052749e-02	-1.082964e+01
2.377000e-05	2.496752e-02	-1.094533e+01
2.378000e-05	4.645783e-03	-1.110222e+01
2.379000e-05	3.072145e-02	-1.123259e+01
2.380000e-05	1.990674e-02	-1.132483e+01
2.381000e-05	2.406492e-02	-1.146369e+01
2.382000e-05	1.583086e-02	-1.158690e+01
2.383000e-05	2.593177e-02	-1.172473e+01
2.384000e-05	2.569833e-02	-1.180949e+01
2.385000e-05	1.908905e-02	-1.195638e+01
2.386000e-05	2.646672e-02	-1.199104e+01
2.387000e-05	2.450625e-02	-1.210422e+01
2.388000e-05	2.837689e-02	-1.218551e+01
2.389000e-05	2.265127e-02	-1.222059e+01
2.390000e-05	3.233131e-02	-1.230434e+01
2.391000e-05	2.772492e-02	-1.232695e+01
2.392000e-05	2.916586e-02	-1.241059e+01
2.393000e-05	2.577268e-02	-1.244425e+01
2.394000e-05	3.140230e-02	-1.248335e+01
2.395000e-05	3.226803e-02	-1.258801e+01
2.396000e-05	3.223245e-02	-1.263011e+01
2.397000e-05	3.290060e-02	-1.267267e+01
2.398000e-05	3.257103e-02	-1.271127e+01
2.399000e-05	3.420548e-02	-1.274738e+01
2.400000e-05	3.524924e-02	-1.273756e+01
2.401000e-05	3.707421e-02	-1.278901e+01
2.402000e-05	3.606875e-02	-1.277958e+01
2.403000e-05	3.799036e-02	-1.281154e+01
2.404000e-05	3.976511e-02	-1.285259e+01
2.405000e-05	4.120645e-02	-1.282262e+01
2.406000e-05	3.949354e-02	-1.282224e+01
2.407000e-05	4.162972e-02	-1.280067e+01
2.408000e-05	4.270275e-02	-1.282216e+01
2.409000e-05	4.546881e-02	-1.281961e+01
2.410000e-05	4.712079e-02	-1.279106e+01
2.411000e-05	4.923145e-02	-1.276746e+01
2.412000e-05	5.095089e-02	-1.274688e+01
2.413000e-05	5.003497e-02	-1.267482e+01
2.414000e-05	5.398377e-02	-1.267224e+01
2.415000e-05	5.723120e-02	-1.266004e+01
2.416000e-05	5.934073e-02	-1.256801e+01
2.417000e-05	6.260044e-02	-1.249538e+01
2.418000e-05	6.434679e-02	-1.242179e+01
2.419000e-05	6.658759e-02	-1.242001e+01
2.420000e-05	6.757846e-02	-1.230540e+01
2.421000e-05	7.063320e-02	-1.224114e+01
2.422000e-05	7.031181e-02	-1.219895e+01
2.423000e-05	7.048846e-02	-1.208545e+01
2.424000e-05	6.971203e-02	-1.198298e+01
2.425000e-05	6.932448e-02	-1.190540e+01
2.426000e-05	6.564645e-02	-1.183021e+01
2.427000e-05	6.284169e-02	-1.169390e+01
2.428000e-05	6.047509e-02	-1.157856e+01
2.429000e-05	5.865978e-02	-1.148379e+01
2.430000e-05	5.492950e-02	-1.130648e+01
2.431000e-05	5.089243e-02	-1.124171e+01
2.432000e-05	4.919347e-02	-1.107377e+01
2.433000e-05	4.608774e-02	-1.098748e+01
2.434000e-05	4.425188e-02	-1.086324e+01
2.435000e-05	4.180604e-02	-1.076843e+01
2.436000e-05	4.016737e-02	-1.066221e+01
2.437000e-05	3.784390e-02	-1.052479e+01
2.438000e-05	3.450615e-02	-1.036600e+01
2.439000e-05	3.198117e-02	-1.020958e+01
2.440000e-05	3.067866e-02	-1.005167e+01
2.441000e-05	2.887990e-02	-9.915871e+00
2.442000e-05	2.799176e-02	-9.779533e+00
2.443000e-05	2.653259e-02	-9.613215e+00
2.444000e-05	2.584891e-02	-9.493794e+00
2.445000e-05	2.405419e-02	-9.273874e+00
2.446000e-05	2.207343e-02	-9.128903e+00
2.447000e-05	2.061628e-02	-8.979078e+00
2.448000e-05	1.917371e-02	-8.779058e+00
2.449000e-05	1.859766e-02	-8.628529e+00
2.450000e-05	1.821694e-02	-8.401455e+00
2.451000e-05	1.573903e-02	-8.261712e+00
2.452000e-05	1.566434e-02	-8.032218e+00
2.453000e-05	1.452728e-02	-7.904815e+00
2.454000e-05	1.376393e-02	-7.642636e+00
2.455000e-05	1.279369e-02	-7.462734e+00
2.456000e-05	1.181236e-02	-7.231662e+00
2.457000e-05	1.156627e-02	-7.032267e+00
2.458000e-05	9.316461e-03	-6.811634e+00
2.459000e-05	8.841924e-03	-6.601634e+00
2.460000e-05	8.369175e-03	-6.462607e+00
2.461000e-05	7.840499e-03	-6.220187e+00
2.462000e-05	7.901364e-03	-5.989079e+00
2.463000e-05	7.028018e-03	-5.789530e+00
2.464000e-05	7.043418e-03	-5.579502e+00
2.465000e-05	5.762942e-03	-5.348028e+00
2.466000e-05	6.510510e-03	-5.117821e+00
2.467000e-05	2.936714e-03	-4.843212e+00
2.468000e-05	5.242031e-03	-4.619584e+00
2.469000e-05	2.784081e-03	-4.432034e+00
2.470000e-05	4.832533e-03	-4.252232e+00
2.471000e-05	1.814053e-03	-4.042633e+00
2.472000e-05	3.170121e-03	-3.819401e+00
2.473000e-05	1.337175e-03	-3.528447e+00
2.474000e-05	1.887402e-03	-3.326367e+00
2.475000e-05	1.918584e-03	-3.146267e+00
2.476000e-05	-5.410336e-04	-2.833632e+00
2.477000e-05	-2.770106e-04	-2.591208e+00
2.478000e-05	-6.159750e-04	-2.411630e+00
2.479000e-05	1.035858e-04	-2.135876e+00
2.480000e-05	-3.609944e-03	-1.896815e+00
2.481000e-05	-1.433626e-03	-1.692813e+00
2.482000e-05	-2.515899e-03	-1.473753e+00
2.483000e-05	-1.196684e-03	-1.125895e+00
2.484000e-05	-3.989423e-03	-9.138421e-01
2.485000e-05	-3.027217e-03	-6.662670e-01
2.486000e-05	-4.165140e-03	-4.321555e-01
2.487000e-05	-2.841419e-03	-2.327339e-01
2.488000e-05	-2.227179e-03	1.026077e-01
2.489000e-05	4.026254e-03	2.735816e-01
2.490000e-05	-2.762046e-03	4.937132e-01
2.491000e-05	4.034233e-04	7.557092e-01
2.492000e-05	-1.750393e-03	8.552118e-01
2.493000e-05	-2.675381e-03	1.157866e+00
2.494000e-05	-3.738257e-03	1.418952e+00
2.495000e-05	1.919031e-03	1.663082e+00
2.496000e-05	2.331745e-02	1.834160e+00
2.497000e-05	7.121872e-02	2.063734e+00
2.498000e-05	-1.005730e-02	2.367241e+00
2.499000e-05	-6.624273e-02	2.599005e+00
2.500000e-05	-2.372320e-02	2.853110e+00
2.501000e-05	-3.573625e-02	3.112134e+00
2.502000e-05	-7.242313e-02	3.251033e+00
2.503000e-05	7.722835e-02	3.409499e+00
2.504000e-05	6.725030e-02	3.622634e+00
2.505000e-05	-1.567757e-01	3.809533e+00
2.506000e-05	1.629727e-01	4.022030e+00
2.507000e-05	-8.918212e-02	4.316741e+00
2.508000e-05	-3.079090e-02	4.515794e+00
2.509000e-05	5.870564e-02	4.757403e+00
2.510000e-05	-6.504014e-02	5.060957e+00
2.511000e-05	3.206650e-02	5.281691e+00
2.512000e-05	-7.346427e-03	5.544295e+00
2.513000e-05	-2.404259e-02	5.725300e+00
2.514000e-05	1.000396e-02	5.978895e+00
2.515000e-05	-3.910920e-02	6.180528e+00
2.516000e-05	1.737811e-03	6.359575e+00
2.517000e-05	-2.816213e-02	6.569555e+00
2.518000e-05	2.055757e-02	6.881111e+00
2.519000e-05	-7.287600e-03	7.062084e+00
2.520000e-05	-2.771259e-02	7.223088e+00
2.521000e-05	2.009608e-02	7.413059e+00
2.522000e-05	-5.409734e-02	7.702665e+00
2.523000e-05	5.712246e-03	7.853694e+00
2.524000e-05	-1.652844e-02	8.104794e+00
2.525000e-05	-7.997086e-03	8.304294e+00
2.526000e-05	-7.945361e-03	8.472135e+00
2.527000e-05	-3.030225e-02	8.629133e+00
2.528000e-05	-6.480741e-03	8.759500e+00
2.529000e-05	-2.270185e-02	8.968925e+00
2.530000e-05	-3.305505e-03	9.146797e+00
2.531000e-05	-2.804228e-02	9.275242e+00
2.532000e-05	-8.005785e-03	9.481058e+00
2.533000e-05	-1.414978e-02	9.608530e+00
2.534000e-05	-2.550521e-02	9.777949e+00
2.535000e-05	-1.592873e-02	9.946920e+00
2.536000e-05	-1.926173e-02	1.006264e+01
2.537000e-05	-1.470400e-02	1.019906e+01
2.538000e-05	-2.928952e-02	1.031737e+01
2.539000e-05	-1.377151e-02	1.046324e+01
2.540000e-05	-2.184411e-02	1.068161e+01
2.541000e-05	-2.241693e-02	1.078948e+01
2.542000e-05	-2.800354e-02	1.091732e+01
2.543000e-05	-1.960635e-02	1.105256e+01
2.544000e-05	-2.259908e-02	1.115690e+01
2.545000e-05	-2.821672e-02	1.124176e+01
2.546000e-05	-2.367462e-02	1.137209e+01
2.547000e-05	-2.446274e-02	1.154885e+01
2.548000e-05	-2.531690e-02	1.162174e+01
2.549000e-05	-3.054275e-02	1.178051e+01
2.550000e-05	-2.464684e-02	1.184374e+01
2.551000e-05	-3.049102e-02	1.196700e+01
2.552000e-05	-3.110168e-02	1.202061e+01
2.553000e-05	-2.926673e-02	1.209728e+01
2.554000e-05	-2.856862e-02	1.219916e+01
2.555000e-05	-3.303479e-02	1.229375e+01
2.556000e-05	-3.523123e-02	1.237743e+01
2.557000e-05	-3.049628e-02	1.240968e+01
2.558000e-05	-3.280616e-02	1.247234e+01
2.559000e-05	-3.599477e-02	1.254535e+01
2.560000e-05	-3.864905e-02	1.258701e+01
2.561000e-05	-3.542700e-02	1.258058e+01
2.562000e-05	-3.849971e-02	1.265369e+01
2.563000e-05	-4.073371e-02	1.269469e+01
2.564000e-05	-3.926267e-02	1.268485e+01
2.565000e-05	-3.963341e-02	1.274589e+01
2.566000e-05	-4.165399e-02	1.276853e+01
2.567000e-05	-4.334303e-02	1.277906e+01
2.568000e-05	-4.293102e-02	1.276803e+01
2.569000e-05	-4.458623e-02	1.280051e+01
2.570000e-05	-4.591956e-02	1.282066e+01
2.571000e-05	-4.738839e-02	1.280959e+01
2.572000e-05	-4.858475e-02	1.280964e+01
2.573000e-05	-5.042604e-02	1.278069e+01
2.574000e-05	-5.019561e-02	1.280963e+01
2.575000e-05	-5.054332e-02	1.279955e+01
2.576000e-05	-5.337949e-02	1.277900e+01
2.577000e-05	-5.499397e-02	1.275850e+01
2.578000e-05	-5.754694e-02	1.275588e+01
2.579000e-05	-5.893049e-02	1.268379e+01
2.580000e-05	-6.162327e-02	1.265424e+01
2.581000e-05	-6.591359e-02	1.259861e+01
2.582000e-05	-6.742567e-02	1.256900e+01
2.583000e-05	-6.958013e-02	1.250497e+01
2.584000e-05	-7.134387e-02	1.245422e+01
2.585000e-05	-7.198199e-02	1.240059e+01
2.586000e-05	-7.420267e-02	1.236797e+01
2.587000e-05	-7.756441e-02	1.224479e+01
2.588000e-05	-7.855669e-02	1.217903e+01
2.589000e-05	-7.774854e-02	1.208489e+01
2.590000e-05	-7.376329e-02	1.202955e+01
2.591000e-05	-7.297551e-02	1.188489e+01
2.592000e-05	-7.237455e-02	1.178956e+01
2.593000e-05	-7.036337e-02	1.175737e+01
2.594000e-05	-6.688738e-02	1.160155e+01
2.595000e-05	-6.171399e-02	1.148387e+01
2.596000e-05	-6.049569e-02	1.133603e+01
2.597000e-05	-5.622941e-02	1.121016e+01
2.598000e-05	-5.884895e-02	1.111585e+01
2.599000e-05	-5.405579e-02	1.098163e+01
2.600000e-05	-5.090767e-02	1.088482e+01
2.601000e-05	-4.530401e-02	1.076948e+01
2.602000e-05	-4.549376e-02	1.064421e+01
2.603000e-05	-4.507039e-02	1.047492e+01
2.604000e-05	-4.093207e-02	1.032587e+01
2.605000e-05	-3.975697e-02	1.020963e+01
2.606000e-05	-3.668163e-02	1.006276e+01
2.607000e-05	-3.637134e-02	9.947344e+00
2.608000e-05	-3.415000e-02	9.798054e+00
2.609000e-05	-3.441862e-02	9.589624e+00
2.610000e-05	-3.262743e-02	9.461610e+00
2.611000e-05	-3.003499e-02	9.273837e+00
2.612000e-05	-2.887910e-02	9.136345e+00
2.613000e-05	-3.010265e-02	8.937022e+00
2.614000e-05	-2.944019e-02	8.725947e+00
2.615000e-05	-2.514190e-02	8.578052e+00
2.616000e-05	-2.285819e-02	8.440629e+00
2.617000e-05	-2.326815e-02	8.220233e+00
2.618000e-05	-2.489788e-02	7.979686e+00
2.619000e-05	-2.471799e-02	7.803186e+00
2.620000e-05	-2.039066e-02	7.663183e+00
2.621000e-05	-2.034994e-02	7.420709e+00
2.622000e-05	-2.016785e-02	7.190157e+00
2.623000e-05	-2.008997e-02	7.029628e+00
2.624000e-05	-1.875860e-02	6.811603e+00
2.625000e-05	-1.930860e-02	6.611679e+00
2.626000e-05	-1.805297e-02	6.368998e+00
2.627000e-05	-1.563361e-02	6.180077e+00
2.628000e-05	-1.524848e-02	5.991027e+00
2.629000e-05	-1.729286e-02	5.750052e+00
2.630000e-05	-1.745294e-02	5.599048e+00
2.631000e-05	-1.370381e-02	5.348421e+00
2.632000e-05	-1.265067e-02	5.073295e+00
2.633000e-05	-1.365849e-02	4.791078e+00
2.634000e-05	-1.287223e-02	4.600032e+00
2.635000e-05	-1.311659e-02	4.410952e+00
2.636000e-05	-1.179177e-02	4.149570e+00
2.637000e-05	-1.149411e-02	3.957418e+00
2.638000e-05	-1.052668e-02	3.728365e+00
2.639000e-05	-1.133110e-02	3.546889e+00
2.640000e-05	-1.057674e-02	3.223777e+00
2.641000e-05	-9.914201e-03	3.012581e+00
2.642000e-05	-9.820802e-03	2.792178e+00
2.643000e-05	-9.866984e-03	2.619648e+00
2.644000e-05	-9.300280e-03	2.295838e+00
2.645000e-05	-7.832741e-03	2.085837e+00
2.646000e-05	-7.308923e-03	1.863708e+00
2.647000e-05	-8.105823e-03	1.581678e+00
2.648000e-05	-6.571844e-03	1.369894e+00
2.649000e-05	-5.650792e-03	1.106811e+00
2.650000e-05	-6.905940e-03	8.426277e-01
2.651000e-05	-8.805023e-03	5.709737e-01
2.652000e-05	-5.111648e-03	3.604699e-01
2.653000e-05	-3.473837e-03	9.696456e-02
2.654000e-05	-5.890201e-04	-1.257406e-01
2.655000e-05	5.832686e-03	-3.267669e-01
2.656000e-05	-4.121776e-03	-5.182433e-01
2.657000e-05	3.684534e-03	-8.174023e-01
2.658000e-05	-4.470199e-03	-9.689759e-01
2.659000e-05	2.097817e-03	-1.208953e+00
2.660000e-05	-5.117016e-04	-1.441982e+00
2.661000e-05	2.366709e-02	-1.672636e+00
2.662000e-05	8.788836e-02	-1.852558e+00
2.663000e-05	-1.018097e-02	-2.148350e+00
2.664000e-05	-6.083436e-02	-2.497348e+00
2.665000e-05	-8.500100e-03	-2.768400e+00
2.666000e-05	-6.041932e-02	-2.947801e+00
2.667000e-05	-4.697896e-02	-3.128372e+00
2.668000e-05	1.784409e-01	-3.252610e+00
2.669000e-05	-1.090750e-01	-3.483638e+00
2.670000e-05	2.191025e-02	-3.726770e+00
2.671000e-05	8.883529e-02	-3.915842e+00
2.672000e-05	-1.787747e-01	-4.209980e+00
2.673000e-05	1.580374e-01	-4.379976e+00
2.674000e-05	-4.811677e-02	-4.597929e+00
2.675000e-05	-3.117679e-02	-4.834114e+00
2.676000e-05	1.433747e-01	-5.041087e+00
2.677000e-05	-1.432903e-01	-5.355821e+00
2.678000e-05	1.062505e-01	-5.640481e+00
2.679000e-05	-4.048111e-02	-5.769450e+00
2.680000e-05	-2.693477e-02	-6.040505e+00
2.681000e-05	9.222311e-02	-6.211535e+00
2.682000e-05	-9.486707e-02	-6.433114e+00
2.683000e-05	1.103490e-01	-6.642588e+00
2.684000e-05	-5.590213e-02	-6.893141e+00
2.685000e-05	4.621532e-02	-7.076321e+00
2.686000e-05	3.025064e-02	-7.336868e+00
2.687000e-05	-7.771087e-02	-7.556875e+00
2.688000e-05	9.635369e-02	-7.664303e+00
2.689000e-05	-6.347193e-02	-7.956802e+00
2.690000e-05	7.662121e-02	-8.126400e+00
2.691000e-05	-1.359495e-02	-8.274870e+00
2.692000e-05	9.668818e-03	-8.503723e+00
2.693000e-05	2.154985e-02	-8.631689e+00
2.694000e-05	-2.708813e-02	-8.823216e+00
2.695000e-05	6.168066e-02	-9.041633e+00
2.696000e-05	-1.442935e-02	-9.167455e+00
2.697000e-05	4.514800e-02	-9.335878e+00
2.698000e-05	-2.178490e-02	-9.515347e+00
2.699000e-05	2.565432e-02	-9.673164e+00
2.700000e-05	1.888379e-02	-9.819484e+00
2.701000e-05	1.099786e-02	-9.966395e+00
2.702000e-05	2.208536e-02	-1.006377e+01
2.703000e-05	4.383876e-03	-1.026157e+01
2.704000e-05	3.322519e-02	-1.037906e+01
2.705000e-05	-9.571126e-04	-1.056787e+01
2.706000e-05	2.940697e-02	-1.065322e+01
2.707000e-05	1.082478e-02	-1.081853e+01
2.708000e-05	2.620138e-02	-1.089332e+01
2.709000e-05	6.279388e-03	-1.105059e+01
2.710000e-05	2.597033e-02	-1.120801e+01
2.711000e-05	2.362738e-02	-1.130433e+01
2.712000e-05	2.230150e-02	-1.142166e+01
2.713000e-05	1.868265e-02	-1.154645e+01
2.714000e-05	2.149898e-02	-1.170269e+01
2.715000e-05	2.873874e-02	-1.177748e+01
2.716000e-05	1.863132e-02	-1.185485e+01
2.717000e-05	2.787501e-02	-1.197006e+01
2.718000e-05	2.318576e-02	-1.208469e+01
2.719000e-05	2.775811e-02	-1.217696e+01
2.720000e-05	2.235382e-02	-1.224154e+01
2.721000e-05	3.136447e-02	-1.227322e+01
2.722000e-05	2.890093e-02	-1.233590e+01
2.723000e-05	2.914749e-02	-1.240709e+01
2.724000e-05	2.736347e-02	-1.248230e+01
2.725000e-05	3.040417e-02	-1.252630e+01
2.726000e-05	3.128830e-02	-1.258538e+01
2.727000e-05	3.053761e-02	-1.261906e+01
2.728000e-05	3.490331e-02	-1.266222e+01
2.729000e-05	3.422836e-02	-1.269387e+01
2.730000e-05	3.295729e-02	-1.275690e+01
2.731000e-05	3.561822e-02	-1.273845e+01
2.732000e-05	3.641825e-02	-1.277956e+01
2.733000e-05	3.744169e-02	-1.277895e+01
2.734000e-05	3.790390e-02	-1.283016e+01
2.735000e-05	4.020303e-02	-1.282111e+01
2.736000e-05	4.166934e-02	-1.281209e+01
2.737000e-05	3.899077e-02	-1.278114e+01
2.738000e-05	4.122705e-02	-1.281219e+01
2.739000e-05	4.213477e-02	-1.282114e+01
2.740000e-05	4.645528e-02	-1.279161e+01
2.741000e-05	4.714247e-02	-1.277156e+01
2.742000e-05	4.841316e-02	-1.276645e+01
2.743000e-05	4.921583e-02	-1.274753e+01
2.744000e-05	5.098726e-02	-1.276535e+01
2.745000e-05	5.463102e-02	-1.270175e+01
2.746000e-05	5.704946e-02	-1.261969e+01
2.747000e-05	5.913740e-02	-1.256946e+01
2.748000e-05	6.021372e-02	-1.249530e+01
2.749000e-05	6.455152e-02	-1.243182e+01
2.750000e-05	6.710417e-02	-1.238961e+01
2.751000e-05	6.736742e-02	-1.232735e+01
2.752000e-05	6.869148e-02	-1.228214e+01
2.753000e-05	7.073026e-02	-1.217905e+01
2.754000e-05	7.088080e-02	-1.213532e+01
2.755000e-05	6.990449e-02	-1.201159e+01
2.756000e-05	6.837343e-02	-1.192637e+01
2.757000e-05	6.702824e-02	-1.184071e+01
2.758000e-05	6.340809e-02	-1.173750e+01
2.759000e-05	6.000772e-02	-1.158064e+01
2.760000e-05	5.903945e-02	-1.145335e+01
2.761000e-05	5.666079e-02	-1.137750e+01
2.762000e-05	5.337073e-02	-1.124132e+01
2.763000e-05	4.993950e-02	-1.108542e+01
2.764000e-05	4.630659e-02	-1.097905e+01
2.765000e-05	4.423115e-02	-1.090179e+01
2.766000e-05	4.160548e-02	-1.077990e+01
2.767000e-05	3.971223e-02	-1.066371e+01
2.768000e-05	3.734695e-02	-1.054740e+01
2.769000e-05	3.524285e-02	-1.038046e+01
2.770000e-05	3.393825e-02	-1.024129e+01
2.771000e-05	3.119796e-02	-1.007525e+01
2.772000e-05	2.933749e-02	-9.926849e+00
2.773000e-05	2.702205e-02	-9.810129e+00
2.774000e-05	2.684364e-02	-9.684766e+00
2.775000e-05	2.464975e-02	-9.546297e+00
2.776000e-05	2.370199e-02	-9.345423e+00
2.777000e-05	2.233067e-02	-9.148900e+00
2.778000e-05	2.143474e-02	-8.999162e+00
2.779000e-05	1.967309e-02	-8.820715e+00
2.780000e-05	1.861839e-02	-8.653187e+00
2.781000e-05	1.745705e-02	-8.422115e+00
2.782000e-05	1.868543e-02	-8.304765e+00
2.783000e-05	1.584390e-02	-8.116421e+00
2.784000e-05	1.416406e-02	-7.926797e+00
2.785000e-05	1.340490e-02	-7.682769e+00
2.786000e-05	1.173069e-02	-7.495737e+00
2.787000e-05	1.042260e-02	-7.223839e+00
2.788000e-05	1.215725e-02	-7.094816e+00
2.789000e-05	9.161847e-03	-6.873212e+00
2.790000e-05	1.226780e-02	-6.672162e+00
2.791000e-05	9.978041e-03	-6.475162e+00
2.792000e-05	7.430839e-03	-6.283865e+00
2.793000e-05	8.110799e-03	-6.042136e+00
2.794000e-05	4.285454e-03	-5.841613e+00
2.795000e-05	7.689907e-03	-5.610662e+00
2.796000e-05	3.008801e-03	-5.420710e+00
2.797000e-05	5.459541e-03	-5.189003e+00
2.798000e-05	3.286245e-03	-4.900846e+00
2.799000e-05	5.900219e-03	-4.648735e+00
2.800000e-05	5.644859e-03	-4.452734e+00
2.801000e-05	3.598462e-03	-4.261663e+00
2.802000e-05	2.356195e-03	-4.033081e+00
2.803000e-05	2.914235e-03	-3.852187e+00
2.804000e-05	1.405736e-03	-3.599578e+00
2.805000e-05	1.017934e-03	-3.388999e+00
2.806000e-05	6.043831e-05	-3.137944e+00
2.807000e-05	1.347352e-03	-2.874293e+00
2.808000e-05	3.723668e-04	-2.672232e+00
2.809000e-05	1.609843e-03	-2.441688e+00
2.810000e-05	3.528953e-04	-2.187577e+00
2.811000e-05	-1.456595e-03	-1.908441e+00
2.812000e-05	-1.350445e-03	-1.667340e+00
2.813000e-05	-3.680694e-03	-1.495738e+00
2.814000e-05	-2.016662e-03	-1.180049e+00
2.815000e-05	-4.860618e-03	-9.593962e-01
2.816000e-05	-2.369721e-03	-7.043397e-01
2.817000e-05	-5.066721e-03	-4.731555e-01
2.818000e-05	-2.485812e-03	-2.531791e-01
2.819000e-05	-2.608362e-03	-1.073897e-03
2.820000e-05	4.617503e-03	2.309799e-01
2.821000e-05	-5.018933e-04	4.731814e-01
2.822000e-05	-1.719109e-03	6.416579e-01
2.823000e-05	-9.371206e-04	8.716892e-01
2.824000e-05	-2.985651e-03	1.137262e+00
2.825000e-05	-2.745924e-03	1.357320e+00
2.826000e-05	-1.555217e-03	1.581408e+00
2.827000e-05	1.721358e-02	1.831530e+00
2.828000e-05	6.484563e-02	2.041133e+00
2.829000e-05	1.788808e-02	2.335187e+00
2.830000e-05	-7.628299e-02	2.538901e+00
2.831000e-05	-2.110542e-02	2.831053e+00
2.832000e-05	-3.484153e-02	3.052603e+00
2.833000e-05	-6.474894e-02	3.219551e+00
2.834000e-05	3.054320e-02	3.389005e+00
2.835000e-05	1.149645e-01	3.599530e+00
2.836000e-05	-1.718741e-01	3.799479e+00
2.837000e-05	1.301849e-01	4.020478e+00
2.838000e-05	-3.233667e-02	4.326132e+00
2.839000e-05	-7.451364e-02	4.503242e+00
2.840000e-05	8.166983e-02	4.715269e+00
2.841000e-05	-5.709128e-02	4.998381e+00
2.842000e-05	7.597643e-03	5.220205e+00
2.843000e-05	7.810072e-03	5.513762e+00
2.844000e-05	-3.491422e-02	5.693796e+00
2.845000e-05	1.904888e-02	5.975897e+00
2.846000e-05	-3.836980e-02	6.177400e+00
2.847000e-05	-3.081607e-03	6.376847e+00
2.848000e-05	-2.360907e-02	6.557904e+00
2.849000e-05	7.467420e-03	6.801005e+00
2.850000e-05	9.416694e-03	7.019588e+00
2.851000e-05	-3.971777e-02	7.211575e+00
2.852000e-05	2.735656e-02	7.397539e+00
2.853000e-05	-5.147914e-02	7.662663e+00
2.854000e-05	-4.617492e-03	7.873187e+00
2.855000e-05	-9.182271e-03	8.124641e+00
2.856000e-05	-1.367759e-02	8.232687e+00
2.857000e-05	-1.543428e-03	8.432111e+00
2.858000e-05	-3.112227e-02	8.589879e+00
2.859000e-05	-7.027780e-03	8.758923e+00
2.860000e-05	-2.400385e-02	8.896779e+00
2.861000e-05	-4.577535e-03	9.064866e+00
2.862000e-05	-2.360884e-02	9.243187e+00
2.863000e-05	-1.272245e-02	9.421108e+00
2.864000e-05	-1.299342e-02	9.588450e+00
2.865000e-05	-2.556031e-02	9.727300e+00
2.866000e-05	-1.648601e-02	9.904342e+00
2.867000e-05	-1.717582e-02	1.006261e+01
2.868000e-05	-1.451500e-02	1.018956e+01
2.869000e-05	-2.749593e-02	1.032530e+01
2.870000e-05	-1.673147e-02	1.045224e+01
2.871000e-05	-1.999194e-02	1.061954e+01
2.872000e-05	-2.400016e-02	1.075847e+01
2.873000e-05	-2.697741e-02	1.089475e+01
2.874000e-05	-1.898250e-02	1.105061e+01
2.875000e-05	-2.211335e-02	1.113682e+01
2.876000e-05	-2.726681e-02	1.126076e+01
2.877000e-05	-2.373321e-02	1.137794e+01
2.878000e-05	-2.193623e-02	1.151343e+01
2.879000e-05	-2.514948e-02	1.161969e+01
2.880000e-05	-3.113978e-02	1.174788e+01
2.881000e-05	-2.659589e-02	1.183371e+01
2.882000e-05	-2.890935e-02	1.192735e+01
2.883000e-05	-3.002007e-02	1.202114e+01
2.884000e-05	-3.162759e-02	1.209530e+01
2.885000e-05	-2.782624e-02	1.217053e+01
2.886000e-05	-3.156900e-02	1.226216e+01
2.887000e-05	-3.279857e-02	1.234745e+01
2.888000e-05	-3.129527e-02	1.241161e+01
2.889000e-05	-3.252450e-02	1.248379e+01
2.890000e-05	-3.514808e-02	1.251635e+01
2.891000e-05	-3.910445e-02	1.257790e+01
2.892000e-05	-3.635313e-02	1.259014e+01
2.893000e-05	-3.768314e-02	1.263176e+01
2.894000e-05	-3.875184e-02	1.269322e+01
2.895000e-05	-3.920161e-02	1.271582e+01
2.896000e-05	-4.051120e-02	1.270590e+01
2.897000e-05	-4.314561e-02	1.273745e+01
2.898000e-05	-4.266359e-02	1.274803e+01
2.899000e-05	-4.228818e-02	1.277155e+01
2.900000e-05	-4.396596e-02	1.280101e+01
2.901000e-05	-4.626889e-02	1.278911e+01
2.902000e-05	-4.769693e-02	1.282211e+01
2.903000e-05	-4.761830e-02	1.280158e+01
2.904000e-05	-4.919894e-02	1.282169e+01
2.905000e-05	-5.005750e-02	1.279960e+01
2.906000e-05	-5.148741e-02	1.278953e+01
2.907000e-05	-5.244404e-02	1.278851e+01
2.908000e-05	-5.576539e-02	1.273848e+01
2.909000e-05	-5.727952e-02	1.274898e+01
2.910000e-05	-5.932334e-02	1.269375e+01
2.911000e-05	-6.190870e-02	1.265271e+01
2.912000e-05	-6.391793e-02	1.260116e+01
2.913000e-05	-6.621179e-02	1.258956e+01
2.914000e-05	-6.783250e-02	1.255702e+01
2.915000e-05	-7.129767e-02	1.247384e+01
2.916000e-05	-7.369450e-02	1.242269e+01
2.917000e-05	-7.634598e-02	1.234895e+01
2.918000e-05	-7.754984e-02	1.229376e+01
2.919000e-05	-7.754739e-02	1.220813e+01
2.920000e-05	-7.619197e-02	1.207433e+01
2.921000e-05	-7.516834e-02	1.199059e+01
2.922000e-05	-7.525564e-02	1.191537e+01
2.923000e-05	-7.199979e-02	1.183118e+01
2.924000e-05	-7.037950e-02	1.174785e+01
2.925000e-05	-6.749043e-02	1.164271e+01
2.926000e-05	-6.486376e-02	1.151537e+01
2.927000e-05	-6.188688e-02	1.137810e+01
2.928000e-05	-5.737114e-02	1.124159e+01
2.929000e-05	-5.557182e-02	1.111585e+01
2.930000e-05	-5.239659e-02	1.099108e+01
2.931000e-05	-5.203529e-02	1.092485e+01
2.932000e-05	-4.702634e-02	1.078161e+01
2.933000e-05	-4.613943e-02	1.065334e+01
2.934000e-05	-4.322852e-02	1.051840e+01
2.935000e-05	-4.171540e-02	1.036993e+01
2.936000e-05	-3.955883e-02	1.022216e+01
2.937000e-05	-3.827057e-02	1.009524e+01
2.938000e-05	-3.691132e-02	9.966449e+00
2.939000e-05	-3.495387e-02	9.789559e+00
2.940000e-05	-3.354966e-02	9.589536e+00
2.941000e-05	-3.161493e-02	9.463736e+00
2.942000e-05	-3.054445e-02	9.315846e+00
2.943000e-05	-2.931429e-02	9.168918e+00
2.944000e-05	-2.812865e-02	8.988557e+00
2.945000e-05	-2.662935e-02	8.770527e+00
2.946000e-05	-2.697462e-02	8.600633e+00
2.947000e-05	-2.568050e-02	8.442235e+00
2.948000e-05	-2.268329e-02	8.274339e+00
2.949000e-05	-2.303441e-02	8.045263e+00
2.950000e-05	-2.269436e-02	7.864237e+00
2.951000e-05	-2.254116e-02	7.673740e+00
2.952000e-05	-2.108921e-02	7.473291e+00
2.953000e-05	-2.045008e-02	7.202684e+00
2.954000e-05	-1.950452e-02	7.042684e+00
2.955000e-05	-1.952347e-02	6.804587e+00
2.956000e-05	-1.818118e-02	6.703086e+00
2.957000e-05	-1.753479e-02	6.422033e+00
2.958000e-05	-1.747542e-02	6.200682e+00
2.959000e-05	-1.619773e-02	6.022683e+00
2.960000e-05	-1.622482e-02	5.849202e+00
2.961000e-05	-1.528747e-02	5.579999e+00
2.962000e-05	-1.484212e-02	5.379978e+00
2.963000e-05	-1.294957e-02	5.137945e+00
2.964000e-05	-1.350940e-02	4.863231e+00
2.965000e-05	-1.216384e-02	4.622183e+00
2.966000e-05	-1.264205e-02	4.452203e+00
2.967000e-05	-1.295681e-02	4.199107e+00
2.968000e-05	-1.147913e-02	3.957993e+00
2.969000e-05	-1.140292e-02	3.767996e+00
2.970000e-05	-9.946818e-03	3.587969e+00
2.971000e-05	-1.140238e-02	3.275294e+00
2.972000e-05	-1.047033e-02	3.061663e+00
2.973000e-05	-9.702190e-03	2.842657e+00
2.974000e-05	-8.737292e-03	2.622104e+00
2.975000e-05	-9.453074e-03	2.338494e+00
2.976000e-05	-8.297789e-03	2.128816e+00
2.977000e-05	-8.982549e-03	1.916863e+00
2.978000e-05	-7.560463e-03	1.632232e+00
2.979000e-05	-7.433828e-03	1.410620e+00
2.980000e-05	-7.468868e-03	1.169045e+00
2.981000e-05	-6.372166e-03	8.237098e-01
2.982000e-05	-6.320533e-03	6.126306e-01
2.983000e-05	-5.032977e-03	4.316253e-01
2.984000e-05	-4.206032e-03	1.615513e-01
2.985000e-05	-2.854443e-03	-1.036565e-01
2.986000e-05	6.460628e-03	-2.931853e-01
2.987000e-05	-3.071295e-03	-4.827628e-01
2.988000e-05	1.769787e-03	-7.653959e-01
2.989000e-05	-3.165087e-03	-9.573995e-01
2.990000e-05	1.499205e-03	-1.158398e+00
2.991000e-05	-1.638537e-03	-1.409504e+00
2.992000e-05	1.676391e-02	-1.660555e+00
2.993000e-05	7.861397e-02	-1.812484e+00
2.994000e-05	2.427745e-02	-2.093793e+00
2.995000e-05	-7.869558e-02	-2.452111e+00
2.996000e-05	-3.076630e-04	-2.726795e+00
2.997000e-05	-5.673004e-02	-2.915692e+00
2.998000e-05	-6.361354e-02	-3.144721e+00
2.999000e-05	1.546320e-01	-3.212080e+00
3.000000e-05	-3.326366e-02	-3.430433e+00
3.001000e-05	-4.493607e-02	-3.654137e+00
3.002000e-05	1.458638e-01	-3.932039e+00
3.003000e-05	-1.986187e-01	-4.125373e+00
3.004000e-05	1.177648e-01	-4.375848e+00
3.005000e-05	7.982296e-03	-4.536395e+00
3.006000e-05	-8.248776e-02	-4.759506e+00
3.007000e-05	1.616693e-01	-5.000533e+00
3.008000e-05	-1.182346e-01	-5.273721e+00
3.009000e-05	5.265689e-02	-5.577928e+00
3.010000e-05	1.923033e-02	-5.734921e+00
3.011000e-05	-7.922650e-02	-5.977955e+00
3.012000e-05	1.227156e-01	-6.157979e+00
3.013000e-05	-9.796930e-02	-6.419004e+00
3.014000e-05	8.676126e-02	-6.612083e+00
3.015000e-05	-1.614994e-02	-6.821062e+00
3.016000e-05	-1.086105e-03	-7.102267e+00
3.017000e-05	7.615397e-02	-7.283192e+00
3.018000e-05	-1.030255e-01	-7.483216e+00
3.019000e-05	9.972331e-02	-7.673772e+00
3.020000e-05	-4.842225e-02	-7.944325e+00
3.021000e-05	4.953289e-02	-8.105320e+00
3.022000e-05	1.484722e-02	-8.292168e+00
3.023000e-05	-1.666026e-02	-8.471187e+00
3.024000e-05	4.464380e-02	-8.629615e+00
3.025000e-05	-4.084828e-02	-8.832087e+00
3.026000e-05	6.304326e-02	-8.970433e+00
3.027000e-05	-1.124543e-02	-9.145346e+00
3.028000e-05	3.920704e-02	-9.292323e+00
3.029000e-05	-9.920257e-03	-9.453192e+00
3.030000e-05	8.641892e-03	-9.661137e+00
3.031000e-05	3.083660e-02	-9.749454e+00
3.032000e-05	1.345116e-03	-9.895199e+00
3.033000e-05	3.098112e-02	-1.006269e+01
3.034000e-05	-2.857582e-03	-1.021104e+01
3.035000e-05	3.745420e-02	-1.037098e+01
3.036000e-05	-9.014184e-04	-1.053532e+01
3.037000e-05	2.790211e-02	-1.065171e+01
3.038000e-05	1.179597e-02	-1.077901e+01
3.039000e-05	2.456161e-02	-1.092627e+01
3.040000e-05	1.097462e-02	-1.098054e+01
3.041000e-05	2.056320e-02	-1.118896e+01
3.042000e-05	2.733330e-02	-1.125482e+01
3.043000e-05	1.774016e-02	-1.145051e+01
3.044000e-05	2.241292e-02	-1.153585e+01
3.045000e-05	1.634537e-02	-1.159114e+01
3.046000e-05	3.247355e-02	-1.174746e+01
3.047000e-05	1.650066e-02	-1.188170e+01
3.048000e-05	2.666507e-02	-1.200098e+01
3.049000e-05	2.258118e-02	-1.205322e+01
3.050000e-05	2.878403e-02	-1.215633e+01
3.051000e-05	2.277572e-02	-1.219056e+01
3.052000e-05	2.988659e-02	-1.229372e+01
3.053000e-05	3.003269e-02	-1.236590e+01
3.054000e-05	2.853857e-02	-1.239903e+01
3.055000e-05	2.788065e-02	-1.245269e+01
3.056000e-05	2.801559e-02	-1.251533e+01
3.057000e-05	3.248723e-02	-1.252643e+01
3.058000e-05	3.041403e-02	-1.260908e+01
3.059000e-05	3.458384e-02	-1.268264e+01
3.060000e-05	3.202253e-02	-1.270272e+01
3.061000e-05	3.388772e-02	-1.273542e+01
3.062000e-05	3.544357e-02	-1.276888e+01
3.063000e-05	3.633545e-02	-1.277756e+01
3.064000e-05	3.729359e-02	-1.280948e+01
3.065000e-05	3.764696e-02	-1.280106e+01
3.066000e-05	4.112688e-02	-1.282219e+01
3.067000e-05	4.161083e-02	-1.283064e+01
3.068000e-05	3.950549e-02	-1.282219e+01
3.069000e-05	3.998004e-02	-1.278161e+01
3.070000e-05	4.296162e-02	-1.277063e+01
3.071000e-05	4.624840e-02	-1.279858e+01
3.072000e-05	4.619806e-02	-1.278909e+01
3.073000e-05	4.837370e-02	-1.281011e+01
3.074000e-05	5.042281e-02	-1.274838e+01
3.075000e-05	5.129970e-02	-1.272635e+01
3.076000e-05	5.329568e-02	-1.270482e+01
3.077000e-05	5.634943e-02	-1.264221e+01
3.078000e-05	5.902183e-02	-1.260914e+01
3.079000e-05	6.153474e-02	-1.252590e+01
3.080000e-05	6.336216e-02	-1.246429e+01
3.081000e-05	6.620958e-02	-1.241154e+01
3.082000e-05	6.758380e-02	-1.233537e+01
3.083000e-05	6.916975e-02	-1.227127e+01
3.084000e-05	7.078869e-02	-1.221901e+01
3.085000e-05	7.073553e-02	-1.212540e+01
3.086000e-05	7.042766e-02	-1.205174e+01
3.087000e-05	6.943741e-02	-1.195898e+01
3.088000e-05	6.680573e-02	-1.186222e+01
3.089000e-05	6.343031e-02	-1.173658e+01
3.090000e-05	6.081386e-02	-1.163109e+01
3.091000e-05	5.992103e-02	-1.151480e+01
3.092000e-05	5.673464e-02	-1.138756e+01
3.093000e-05	5.314292e-02	-1.130329e+01
3.094000e-05	5.016880e-02	-1.115543e+01
3.095000e-05	4.727736e-02	-1.102054e+01
3.096000e-05	4.320262e-02	-1.091372e+01
3.097000e-05	4.185499e-02	-1.079055e+01
3.098000e-05	4.032275e-02	-1.067324e+01
3.099000e-05	3.900368e-02	-1.054700e+01
3.100000e-05	3.486126e-02	-1.040106e+01
3.101000e-05	3.346120e-02	-1.029422e+01
3.102000e-05	3.235389e-02	-1.009443e+01
3.103000e-05	2.821792e-02	-9.968450e+00
3.104000e-05	2.914884e-02	-9.801165e+00
3.105000e-05	2.597159e-02	-9.703791e+00
3.106000e-05	2.614969e-02	-9.514374e+00
3.107000e-05	2.438971e-02	-9.378031e+00
3.108000e-05	2.367138e-02	-9.179584e+00
3.109000e-05	2.117055e-02	-9.041715e+00
3.110000e-05	1.873816e-02	-8.852791e+00
3.111000e-05	1.762093e-02	-8.653244e+00
3.112000e-05	1.830188e-02	-8.503293e+00
3.113000e-05	1.790296e-02	-8.336818e+00
3.114000e-05	1.685272e-02	-8.117998e+00
3.115000e-05	1.447330e-02	-7.967925e+00
3.116000e-05	1.450773e-02	-7.695395e+00
3.117000e-05	1.320917e-02	-7.465421e+00
3.118000e-05	1.211768e-02	-7.325368e+00
3.119000e-05	1.089896e-02	-7.137196e+00
3.120000e-05	1.065370e-02	-6.874816e+00
3.121000e-05	9.798796e-03	-6.703241e+00
3.122000e-05	8.934126e-03	-6.524866e+00
3.123000e-05	7.991219e-03	-6.274394e+00
3.124000e-05	8.485193e-03	-6.062788e+00
3.125000e-05	7.171550e-03	-5.872263e+00
3.126000e-05	6.667899e-03	-5.653682e+00
3.127000e-05	4.769631e-03	-5.482761e+00
3.128000e-05	7.093785e-03	-5.230004e+00
3.129000e-05	4.400015e-03	-4.938925e+00
3.130000e-05	4.480355e-03	-4.693191e+00
3.131000e-05	2.686438e-03	-4.473762e+00
3.132000e-05	3.183722e-03	-4.324791e+00
3.133000e-05	3.137128e-03	-4.112293e+00
3.134000e-05	3.250045e-03	-3.894865e+00
3.135000e-05	2.504528e-03	-3.629578e+00
3.136000e-05	2.574735e-03	-3.401102e+00
3.137000e-05	1.115040e-03	-3.189050e+00
3.138000e-05	8.753730e-04	-2.884816e+00
3.139000e-05	-1.483605e-03	-2.714840e+00
3.140000e-05	7.358279e-04	-2.492732e+00
3.141000e-05	-9.432287e-04	-2.262682e+00
3.142000e-05	-8.619782e-04	-2.010000e+00
3.143000e-05	-2.676087e-03	-1.747424e+00
3.144000e-05	-1.062961e-03	-1.537396e+00
3.145000e-05	-1.963580e-03	-1.222579e+00
3.146000e-05	-2.058460e-03	-9.789976e-01
3.147000e-05	-2.558285e-03	-7.799423e-01
3.148000e-05	-4.003166e-03	-4.848157e-01
3.149000e-05	-4.250418e-03	-3.017617e-01
3.150000e-05	-3.272299e-03	-4.220783e-02
3.151000e-05	3.102632e-03	1.777997e-01
3.152000e-05	1.721118e-03	4.316038e-01
3.153000e-05	-3.257412e-03	6.220813e-01
3.154000e-05	1.456840e-03	8.125076e-01
3.155000e-05	-4.102214e-03	1.044112e+00
3.156000e-05	-1.335886e-03	1.296263e+00
3.157000e-05	-3.184885e-03	1.580898e+00
3.158000e-05	1.203353e-02	1.817950e+00
3.159000e-05	5.538244e-02	1.990025e+00
3.160000e-05	4.101578e-02	2.265080e+00
3.161000e-05	-7.738340e-02	2.494817e+00
3.162000e-05	-2.212208e-02	2.818977e+00
3.163000e-05	-3.517223e-02	3.010055e+00
3.164000e-05	-5.403651e-02	3.169970e+00
3.165000e-05	-9.439828e-03	3.356846e+00
3.166000e-05	1.472841e-01	3.597425e+00
3.167000e-05	-1.551458e-01	3.788947e+00
3.168000e-05	7.261417e-02	3.968398e+00
3.169000e-05	3.376302e-02	4.232030e+00
3.170000e-05	-1.153841e-01	4.461638e+00
3.171000e-05	8.563794e-02	4.645181e+00
3.172000e-05	-3.869681e-02	4.925290e+00
3.173000e-05	-1.365482e-02	5.198929e+00
3.174000e-05	2.361218e-02	5.473062e+00
3.175000e-05	-4.547827e-02	5.684635e+00
3.176000e-05	1.962510e-02	5.874162e+00
3.177000e-05	-3.031905e-02	6.125845e+00
3.178000e-05	-1.037805e-02	6.317266e+00
3.179000e-05	-1.535193e-02	6.504276e+00
3.180000e-05	-9.880727e-03	6.781452e+00
3.181000e-05	2.117309e-02	6.966450e+00
3.182000e-05	-4.617432e-02	7.167951e+00
3.183000e-05	2.902030e-02	7.360428e+00
3.184000e-05	-3.769533e-02	7.592032e+00
3.185000e-05	-1.857599e-02	7.840632e+00
3.186000e-05	-1.888210e-03	8.035588e+00
3.187000e-05	-2.028526e-02	8.252135e+00
3.188000e-05	1.208958e-03	8.389953e+00
3.189000e-05	-2.982152e-02	8.536904e+00
3.190000e-05	-1.056991e-02	8.715844e+00
3.191000e-05	-1.937048e-02	8.883244e+00
3.192000e-05	-8.330563e-03	9.021642e+00
3.193000e-05	-1.824203e-02	9.262183e+00
3.194000e-05	-1.803396e-02	9.379504e+00
3.195000e-05	-9.149121e-03	9.535953e+00
3.196000e-05	-2.655353e-02	9.706218e+00
3.197000e-05	-1.813443e-02	9.901213e+00
3.198000e-05	-1.511729e-02	1.005068e+01
3.199000e-05	-1.420152e-02	1.014845e+01
3.200000e-05	-2.415781e-02	1.031379e+01
3.201000e-05	-2.250573e-02	1.044223e+01
3.202000e-05	-1.747825e-02	1.058953e+01
3.203000e-05	-2.208836e-02	1.073390e+01
3.204000e-05	-2.526155e-02	1.083326e+01
3.205000e-05	-2.090671e-02	1.099001e+01
3.206000e-05	-2.113343e-02	1.111375e+01
3.207000e-05	-2.720390e-02	1.119011e+01
3.208000e-05	-2.676681e-02	1.139688e+01
3.209000e-05	-2.188655e-02	1.145575e+01
3.210000e-05	-2.499833e-02	1.163064e+01
3.211000e-05	-2.975825e-02	1.171690e+01
3.212000e-05	-2.828171e-02	1.184168e+01
3.213000e-05	-2.666768e-02	1.190532e+01
3.214000e-05	-3.008587e-02	1.196161e+01
3.215000e-05	-3.139705e-02	1.207430e+01
3.216000e-05	-2.808296e-02	1.219853e+01
3.217000e-05	-3.171355e-02	1.229224e+01
3.218000e-05	-3.282931e-02	1.230542e+01
3.219000e-05	-3.207655e-02	1.240108e+01
3.220000e-05	-3.145875e-02	1.241321e+01
3.221000e-05	-3.536400e-02	1.248687e+01
3.222000e-05	-3.866480e-02	1.256906e+01
3.223000e-05	-3.692386e-02	1.259058e+01
3.224000e-05	-3.845130e-02	1.267211e+01
3.225000e-05	-3.815215e-02	1.267379e+01
3.226000e-05	-3.961079e-02	1.268540e+01
3.227000e-05	-3.970698e-02	1.270735e+01
3.228000e-05	-4.369241e-02	1.274895e+01
3.229000e-05	-4.339665e-02	1.276841e+01
3.230000e-05	-4.283019e-02	1.280055e+01
3.231000e-05	-4.290265e-02	1.280001e+01
3.232000e-05	-4.562629e-02	1.283119e+01
3.233000e-05	-4.746118e-02	1.280906e+01
3.234000e-05	-4.761153e-02	1.278109e+01
3.235000e-05	-5.039361e-02	1.279168e+01
3.236000e-05	-4.980998e-02	1.280151e+01
3.237000e-05	-5.083855e-02	1.279058e+01
3.238000e-05	-5.295749e-02	1.278948e+01
3.239000e-05	-5.564834e-02	1.273695e+01
3.240000e-05	-5.560065e-02	1.274692e+01
3.241000e-05	-5.825162e-02	1.269487e+01
3.242000e-05	-6.199052e-02	1.269369e+01
3.243000e-05	-6.458554e-02	1.260116e+01
3.244000e-05	-6.555824e-02	1.257998e+01
3.245000e-05	-6.803862e-02	1.252597e+01
3.246000e-05	-7.102564e-02	1.248484e+01
3.247000e-05	-7.349256e-02	1.245256e+01
3.248000e-05	-7.461315e-02	1.235948e+01
3.249000e-05	-7.661454e-02	1.227587e+01
3.250000e-05	-7.759967e-02	1.222016e+01
3.251000e-05	-7.690001e-02	1.212740e+01
3.252000e-05	-7.528534e-02	1.199265e+01
3.253000e-05	-7.545236e-02	1.198597e+01
3.254000e-05	-7.269100e-02	1.187364e+01
3.255000e-05	-7.183584e-02	1.174695e+01
3.256000e-05	-6.714470e-02	1.162217e+01
3.257000e-05	-6.423847e-02	1.149595e+01
3.258000e-05	-6.089029e-02	1.138021e+01
3.259000e-05	-5.941228e-02	1.123269e+01
3.260000e-05	-5.678226e-02	1.113745e+01
3.261000e-05	-5.269371e-02	1.105216e+01
3.262000e-05	-5.286280e-02	1.092642e+01
3.263000e-05	-4.899145e-02	1.083108e+01
3.264000e-05	-4.717285e-02	1.070489e+01
3.265000e-05	-4.211546e-02	1.059043e+01
3.266000e-05	-4.237589e-02	1.039003e+01
3.267000e-05	-3.926954e-02	1.024321e+01
3.268000e-05	-3.872227e-02	1.011585e+01
3.269000e-05	-3.598881e-02	9.989502e+00
3.270000e-05	-3.658611e-02	9.849184e+00
3.271000e-05	-3.377501e-02	9.591663e+00
3.272000e-05	-3.248569e-02	9.463816e+00
3.273000e-05	-2.991819e-02	9.305845e+00
3.274000e-05	-2.989618e-02	9.180000e+00
3.275000e-05	-2.835656e-02	8.969705e+00
3.276000e-05	-2.758525e-02	8.832532e+00
3.277000e-05	-2.617307e-02	8.611187e+00
3.278000e-05	-2.530092e-02	8.515211e+00
3.279000e-05	-2.412099e-02	8.263196e+00
3.280000e-05	-2.242633e-02	8.134713e+00
3.281000e-05	-2.238103e-02	7.894288e+00
3.282000e-05	-2.189391e-02	7.735293e+00
3.283000e-05	-2.176708e-02	7.537369e+00
3.284000e-05	-2.089954e-02	7.284236e+00
3.285000e-05	-2.008164e-02	7.105211e+00
3.286000e-05	-1.885843e-02	6.882741e+00
3.287000e-05	-1.843082e-02	6.663237e+00
3.288000e-05	-1.814144e-02	6.432610e+00
3.289000e-05	-1.758001e-02	6.233733e+00
3.290000e-05	-1.719109e-02	6.054211e+00
3.291000e-05	-1.551401e-02	5.904263e+00
3.292000e-05	-1.623130e-02	5.661556e+00
3.293000e-05	-1.362042e-02	5.421653e+00
3.294000e-05	-1.350129e-02	5.170573e+00
3.295000e-05	-1.369716e-02	4.914284e+00
3.296000e-05	-1.334869e-02	4.663259e+00
3.297000e-05	-1.311654e-02	4.483736e+00
3.298000e-05	-1.162508e-02	4.322715e+00
3.299000e-05	-1.203665e-02	4.001052e+00
3.300000e-05	-1.127379e-02	3.788574e+00
3.301000e-05	-1.153835e-02	3.589449e+00
3.302000e-05	-1.123125e-02	3.308442e+00
3.303000e-05	-1.071684e-02	3.105290e+00
3.304000e-05	-1.063211e-02	2.893761e+00
3.305000e-05	-9.041819e-03	2.684736e+00
3.306000e-05	-8.725916e-03	2.389996e+00
3.307000e-05	-8.079504e-03	2.148371e+00
3.308000e-05	-7.981128e-03	1.938821e+00
3.309000e-05	-7.028859e-03	1.683411e+00
3.310000e-05	-7.323460e-03	1.411656e+00
3.311000e-05	-7.031427e-03	1.219026e+00
3.312000e-05	-6.921812e-03	9.544321e-01
3.313000e-05	-7.189589e-03	6.532069e-01
3.314000e-05	-4.927931e-03	4.416817e-01
3.315000e-05	-3.725369e-03	2.306277e-01
3.316000e-05	-3.027257e-03	-5.160139e-02
3.317000e-05	5.061489e-03	-2.436340e-01
3.318000e-05	-2.341583e-05	-4.421065e-01
3.319000e-05	6.874518e-04	-7.256968e-01
3.320000e-05	-7.717145e-04	-9.262671e-01
3.321000e-05	-1.398833e-03	-1.115893e+00
3.322000e-05	-1.263870e-03	-1.396852e+00
3.323000e-05	9.136583e-03	-1.609981e+00
3.324000e-05	6.665046e-02	-1.788073e+00
3.325000e-05	5.329177e-02	-2.031510e+00
3.326000e-05	-8.539414e-02	-2.439555e+00
3.327000e-05	8.076708e-04	-2.683264e+00
3.328000e-05	-4.859296e-02	-2.892714e+00
3.329000e-05	-6.888581e-02	-3.125693e+00
3.330000e-05	1.120184e-01	-3.210478e+00
3.331000e-05	4.013487e-02	-3.388029e+00
3.332000e-05	-1.114142e-01	-3.652185e+00
3.333000e-05	1.961227e-01	-3.870238e+00
3.334000e-05	-1.713625e-01	-4.114267e+00
3.335000e-05	5.192779e-02	-4.325318e+00
3.336000e-05	6.636824e-02	-4.473242e+00
3.337000e-05	-1.171802e-01	-4.809905e+00
3.338000e-05	1.574705e-01	-4.978855e+00
3.339000e-05	-6.659447e-02	-5.219515e+00
3.340000e-05	-1.124606e-02	-5.517320e+00
3.341000e-05	7.616123e-02	-5.723768e+00
3.342000e-05	-1.186664e-01	-5.956447e+00
3.343000e-05	1.294126e-01	-6.176398e+00
3.344000e-05	-8.058559e-02	-6.385458e+00
3.345000e-05	5.017534e-02	-6.591005e+00
3.346000e-05	2.998104e-02	-6.778004e+00
3.347000e-05	-4.573603e-02	-7.070589e+00
3.348000e-05	1.092002e-01	-7.251667e+00
3.349000e-05	-1.100912e-01	-7.453087e+00
3.350000e-05	8.335989e-02	-7.641718e+00
3.351000e-05	-2.104022e-02	-7.904349e+00
3.352000e-05	1.619067e-02	-8.073241e+00
3.353000e-05	4.851893e-02	-8.242109e+00
3.354000e-05	-4.072917e-02	-8.472091e+00
3.355000e-05	5.783092e-02	-8.588133e+00
3.356000e-05	-4.778180e-02	-8.799559e+00
3.357000e-05	5.510300e-02	-8.948353e+00
3.358000e-05	1.029432e-03	-9.085817e+00
3.359000e-05	2.737608e-02	-9.262787e+00
3.360000e-05	9.085614e-03	-9.453641e+00
3.361000e-05	-6.957997e-03	-9.610585e+00
3.362000e-05	4.291028e-02	-9.746378e+00
3.363000e-05	-6.406250e-03	-9.874320e+00
3.364000e-05	3.454539e-02	-1.005004e+01
3.365000e-05	-7.564188e-03	-1.020854e+01
3.366000e-05	3.595289e-02	-1.038796e+01
3.367000e-05	3.269909e-03	-1.053425e+01
3.368000e-05	2.459504e-02	-1.065153e+01
3.369000e-05	1.729389e-02	-1.071888e+01
3.370000e-05	2.111770e-02	-1.085370e+01
3.371000e-05	1.443218e-02	-1.100799e+01
3.372000e-05	1.454867e-02	-1.117640e+01
3.373000e-05	2.948409e-02	-1.123217e+01
3.374000e-05	1.532860e-02	-1.137863e+01
3.375000e-05	2.367395e-02	-1.148380e+01
3.376000e-05	1.417367e-02	-1.160967e+01
3.377000e-05	3.213670e-02	-1.172693e+01
3.378000e-05	1.825998e-02	-1.187209e+01
3.379000e-05	2.712048e-02	-1.197756e+01
3.380000e-05	2.451878e-02	-1.205324e+01
3.381000e-05	2.766774e-02	-1.211695e+01
3.382000e-05	2.348287e-02	-1.219856e+01
3.383000e-05	2.789884e-02	-1.221322e+01
3.384000e-05	3.141913e-02	-1.233690e+01
3.385000e-05	2.570269e-02	-1.235004e+01
3.386000e-05	2.834843e-02	-1.245259e+01
3.387000e-05	2.842442e-02	-1.249333e+01
3.388000e-05	3.428057e-02	-1.255544e+01
3.389000e-05	2.995412e-02	-1.259961e+01
3.390000e-05	3.479852e-02	-1.266014e+01
3.391000e-05	3.443142e-02	-1.265380e+01
3.392000e-05	3.241971e-02	-1.274432e+01
3.393000e-05	3.344936e-02	-1.276645e+01
3.394000e-05	3.550571e-02	-1.276856e+01
3.395000e-05	3.858452e-02	-1.279053e+01
3.396000e-05	3.704408e-02	-1.279058e+01
3.397000e-05	3.961111e-02	-1.280111e+01
3.398000e-05	4.196491e-02	-1.280164e+01
3.399000e-05	4.069634e-02	-1.283064e+01
3.400000e-05	4.104400e-02	-1.279216e+01
3.401000e-05	4.153828e-02	-1.282009e+01
3.402000e-05	4.557768e-02	-1.280166e+01
3.403000e-05	4.566213e-02	-1.284064e+01
3.404000e-05	4.769288e-02	-1.280951e+01
3.405000e-05	5.057239e-02	-1.276648e+01
3.406000e-05	5.037719e-02	-1.274690e+01
3.407000e-05	5.308254e-02	-1.271224e+01
3.408000e-05	5.574781e-02	-1.260021e+01
3.409000e-05	5.937813e-02	-1.259664e+01
3.410000e-05	6.048440e-02	-1.256406e+01
3.411000e-05	6.364106e-02	-1.247425e+01
3.412000e-05	6.555342e-02	-1.243106e+01
3.413000e-05	6.645796e-02	-1.234800e+01
3.414000e-05	6.802040e-02	-1.228279e+01
3.415000e-05	7.142039e-02	-1.222964e+01
3.416000e-05	7.137385e-02	-1.211740e+01
3.417000e-05	7.037335e-02	-1.207077e+01
3.418000e-05	6.836079e-02	-1.198795e+01
3.419000e-05	6.758300e-02	-1.183129e+01
3.420000e-05	6.594742e-02	-1.178648e+01
3.421000e-05	6.074349e-02	-1.161234e+01
3.422000e-05	5.868931e-02	-1.151700e+01
3.423000e-05	5.649782e-02	-1.140166e+01
3.424000e-05	5.507912e-02	-1.134479e+01
3.425000e-05	5.062203e-02	-1.114551e+01
3.426000e-05	4.771540e-02	-1.102118e+01
3.427000e-05	4.390298e-02	-1.090684e+01
3.428000e-05	4.279179e-02	-1.080005e+01
3.429000e-05	4.060094e-02	-1.073577e+01
3.430000e-05	3.804722e-02	-1.058953e+01
3.431000e-05	3.584813e-02	-1.044167e+01
3.432000e-05	3.379047e-02	-1.031535e+01
3.433000e-05	3.081200e-02	-1.011490e+01
3.434000e-05	2.938848e-02	-9.971556e+00
3.435000e-05	2.935780e-02	-9.862186e+00
3.436000e-05	2.796491e-02	-9.716446e+00
3.437000e-05	2.439979e-02	-9.559401e+00
3.438000e-05	2.418685e-02	-9.409032e+00
3.439000e-05	2.302213e-02	-9.180135e+00
3.440000e-05	2.147467e-02	-9.092688e+00
3.441000e-05	1.908344e-02	-8.905216e+00
3.442000e-05	1.990992e-02	-8.684770e+00
3.443000e-05	1.933536e-02	-8.487428e+00
3.444000e-05	1.731779e-02	-8.347370e+00
3.445000e-05	1.570291e-02	-8.156473e+00
3.446000e-05	1.554891e-02	-8.019027e+00
3.447000e-05	1.428831e-02	-7.787529e+00
3.448000e-05	1.287172e-02	-7.568375e+00
3.449000e-05	1.173215e-02	-7.355897e+00
3.450000e-05	1.098868e-02	-7.156993e+00
3.451000e-05	1.017463e-02	-6.925853e+00
3.452000e-05	9.255421e-03	-6.755345e+00
3.453000e-05	9.434706e-03	-6.546925e+00
3.454000e-05	8.221630e-03	-6.358898e+00
3.455000e-05	7.974811e-03	-6.084396e+00
3.456000e-05	6.336352e-03	-5.895895e+00
3.457000e-05	7.437687e-03	-5.674266e+00
3.458000e-05	5.712446e-03	-5.545370e+00
3.459000e-05	6.331103e-03	-5.232735e+00
3.460000e-05	4.258022e-03	-5.041526e+00
3.461000e-05	4.469848e-03	-4.733969e+00
3.462000e-05	4.607532e-03	-4.526895e+00
3.463000e-05	2.700689e-03	-4.346894e+00
3.464000e-05	3.273783e-03	-4.165917e+00
3.465000e-05	3.786004e-03	-3.927867e+00
3.466000e-05	3.003091e-03	-3.682738e+00
3.467000e-05	2.658873e-03	-3.472659e+00
3.468000e-05	7.254513e-04	-3.211160e+00
3.469000e-05	1.740907e-03	-3.010028e+00
3.470000e-05	-1.133176e-03	-2.726467e+00
3.471000e-05	-1.238823e-04	-2.495315e+00
3.472000e-05	-8.581528e-04	-2.325214e+00
3.473000e-05	2.445107e-04	-2.010577e+00
3.474000e-05	-1.635325e-03	-1.809503e+00
3.475000e-05	-8.875372e-04	-1.600025e+00
3.476000e-05	-2.641655e-03	-1.283358e+00
3.477000e-05	-1.930729e-03	-1.041703e+00
3.478000e-05	-3.556352e-03	-8.099763e-01
3.479000e-05	-3.335203e-03	-5.384409e-01
3.480000e-05	-4.297078e-03	-3.358408e-01
3.481000e-05	-3.044193e-03	-1.162132e-01
3.482000e-05	1.470852e-03	1.147644e-01
3.483000e-05	4.110212e-03	3.894522e-01
3.484000e-05	-4.456844e-03	6.009313e-01
3.485000e-05	1.627145e-03	7.809738e-01
3.486000e-05	-5.958260e-03	9.714275e-01
3.487000e-05	-1.580549e-03	1.283686e+00
3.488000e-05	-3.523298e-03	1.546768e+00
3.489000e-05	8.942902e-03	1.719420e+00
3.490000e-05	4.647301e-02	1.948345e+00
3.491000e-05	5.970059e-02	2.211500e+00
3.492000e-05	-7.098155e-02	2.505159e+00
3.493000e-05	-2.940259e-02	2.768945e+00
3.494000e-05	-3.407554e-02	2.968998e+00
3.495000e-05	-4.381643e-02	3.127345e+00
3.496000e-05	-4.305300e-02	3.345316e+00
3.497000e-05	1.550404e-01	3.566769e+00
3.498000e-05	-1.081100e-01	3.756821e+00
3.499000e-05	-2.387613e-03	3.887845e+00
3.500000e-05	9.458122e-02	4.159353e+00
3.501000e-05	-1.412104e-01	4.461084e+00
3.502000e-05	7.262340e-02	4.670562e+00
3.503000e-05	-1.483158e-02	4.893683e+00
3.504000e-05	-3.542599e-02	5.136851e+00
3.505000e-05	3.714680e-02	5.389482e+00
3.506000e-05	-4.600611e-02	5.643130e+00
3.507000e-05	1.321440e-02	5.851162e+00
3.508000e-05	-2.087881e-02	6.084788e+00
3.509000e-05	-2.076564e-02	6.283191e+00
3.510000e-05	-4.917629e-03	6.504218e+00
3.511000e-05	-1.848145e-02	6.737818e+00
3.512000e-05	3.094570e-02	6.904821e+00
3.513000e-05	-4.694069e-02	7.147895e+00
3.514000e-05	1.824044e-02	7.327474e+00
3.515000e-05	-2.298714e-02	7.549950e+00
3.516000e-05	-3.331073e-02	7.829053e+00
3.517000e-05	5.902510e-03	7.930530e+00
3.518000e-05	-2.269899e-02	8.220480e+00
3.519000e-05	3.469792e-03	8.397448e+00
3.520000e-05	-2.585238e-02	8.527923e+00
3.521000e-05	-1.656309e-02	8.704244e+00
3.522000e-05	-1.563987e-02	8.841587e+00
3.523000e-05	-1.334781e-02	9.042586e+00
3.524000e-05	-1.261324e-02	9.240555e+00
3.525000e-05	-2.279544e-02	9.348976e+00
3.526000e-05	-5.544546e-03	9.536823e+00
3.527000e-05	-2.291824e-02	9.691692e+00
3.528000e-05	-2.105603e-02	9.872188e+00
3.529000e-05	-1.510525e-02	1.000961e+01
3.530000e-05	-1.599043e-02	1.011640e+01
3.531000e-05	-2.022203e-02	1.030382e+01
3.532000e-05	-2.478078e-02	1.041161e+01
3.533000e-05	-1.532698e-02	1.057800e+01
3.534000e-05	-2.327818e-02	1.071637e+01
3.535000e-05	-2.489184e-02	1.082269e+01
3.536000e-05	-2.275309e-02	1.096853e+01
3.537000e-05	-2.002156e-02	1.112475e+01
3.538000e-05	-2.555356e-02	1.121246e+01
3.539000e-05	-2.807480e-02	1.129743e+01
3.540000e-05	-2.159395e-02	1.149367e+01
3.541000e-05	-2.625621e-02	1.158161e+01
3.542000e-05	-2.815164e-02	1.173630e+01
3.543000e-05	-2.863420e-02	1.181005e+01
3.544000e-05	-2.662259e-02	1.190485e+01
3.545000e-05	-3.055085e-02	1.200846e+01
3.546000e-05	-3.160583e-02	1.201280e+01
3.547000e-05	-2.729773e-02	1.216743e+01
3.548000e-05	-3.058596e-02	1.227272e+01
3.549000e-05	-3.309435e-02	1.232625e+01
3.550000e-05	-3.261321e-02	1.236898e+01
3.551000e-05	-3.125370e-02	1.245127e+01
3.552000e-05	-3.495688e-02	1.249637e+01
3.553000e-05	-3.734905e-02	1.252741e+01
3.554000e-05	-3.802778e-02	1.258053e+01
3.555000e-05	-3.761685e-02	1.262913e+01
3.556000e-05	-3.761858e-02	1.265172e+01
3.557000e-05	-3.990514e-02	1.268484e+01
3.558000e-05	-3.943645e-02	1.270582e+01
3.559000e-05	-4.324547e-02	1.276648e+01
3.560000e-05	-4.235447e-02	1.277746e+01
3.561000e-05	-4.269392e-02	1.280958e+01
3.562000e-05	-4.343482e-02	1.277908e+01
3.563000e-05	-4.603065e-02	1.280011e+01
3.564000e-05	-4.733489e-02	1.283054e+01
3.565000e-05	-4.730213e-02	1.282959e+01
3.566000e-05	-4.990524e-02	1.282056e+01
3.567000e-05	-4.870504e-02	1.283001e+01
3.568000e-05	-5.166850e-02	1.279104e+01
3.569000e-05	-5.255121e-02	1.278703e+01
3.570000e-05	-5.568028e-02	1.279898e+01
3.571000e-05	-5.540914e-02	1.273588e+01
3.572000e-05	-5.736957e-02	1.270487e+01
3.573000e-05	-6.066984e-02	1.267277e+01
3.574000e-05	-6.311588e-02	1.264308e+01
3.575000e-05	-6.646373e-02	1.259006e+01
3.576000e-05	-6.754879e-02	1.256792e+01
3.577000e-05	-7.090206e-02	1.255482e+01
3.578000e-05	-7.259664e-02	1.245264e+01
3.579000e-05	-7.509680e-02	1.237006e+01
3.580000e-05	-7.606045e-02	1.230587e+01
3.581000e-05	-7.751249e-02	1.221122e+01
3.582000e-05	-7.670283e-02	1.214685e+01
3.583000e-05	-7.651274e-02	1.203116e+01
3.584000e-05	-7.583603e-02	1.193897e+01
3.585000e-05	-7.277169e-02	1.186372e+01
3.586000e-05	-7.234985e-02	1.176752e+01
3.587000e-05	-6.670717e-02	1.166421e+01
3.588000e-05	-6.570982e-02	1.154745e+01
3.589000e-05	-6.145635e-02	1.142864e+01
3.590000e-05	-5.990466e-02	1.127325e+01
3.591000e-05	-5.782567e-02	1.114800e+01
3.592000e-05	-5.421582e-02	1.105171e+01
3.593000e-05	-5.151929e-02	1.094642e+01
3.594000e-05	-4.808210e-02	1.083261e+01
3.595000e-05	-4.679173e-02	1.073692e+01
3.596000e-05	-4.313691e-02	1.055656e+01
3.597000e-05	-4.251463e-02	1.037066e+01
3.598000e-05	-4.080065e-02	1.027374e+01
3.599000e-05	-3.997317e-02	1.017745e+01
3.600000e-05	-3.573197e-02	1.001250e+01
3.601000e-05	-3.498661e-02	9.813239e+00
3.602000e-05	-3.358958e-02	9.632741e+00
3.603000e-05	-3.295354e-02	9.495893e+00
3.604000e-05	-3.033364e-02	9.336474e+00
3.605000e-05	-3.041121e-02	9.199628e+00
3.606000e-05	-2.841169e-02	9.053112e+00
3.607000e-05	-2.750637e-02	8.830635e+00
3.608000e-05	-2.655103e-02	8.704215e+00
3.609000e-05	-2.559443e-02	8.504820e+00
3.610000e-05	-2.422053e-02	8.326872e+00
3.611000e-05	-2.302159e-02	8.126348e+00
3.612000e-05	-2.272901e-02	7.928396e+00
3.613000e-05	-2.261255e-02	7.768445e+00
3.614000e-05	-2.151263e-02	7.547421e+00
3.615000e-05	-2.127254e-02	7.306965e+00
3.616000e-05	-1.959919e-02	7.105744e+00
3.617000e-05	-1.970284e-02	6.906267e+00
3.618000e-05	-1.851852e-02	6.745392e+00
3.619000e-05	-1.899616e-02	6.485334e+00
3.620000e-05	-1.685498e-02	6.255366e+00
3.621000e-05	-1.624292e-02	6.065838e+00
3.622000e-05	-1.692281e-02	5.908844e+00
3.623000e-05	-1.644318e-02	5.653263e+00
3.624000e-05	-1.499710e-02	5.453235e+00
3.625000e-05	-1.363027e-02	5.230658e+00
3.626000e-05	-1.440510e-02	4.887520e+00
3.627000e-05	-1.340172e-02	4.688259e+00
3.628000e-05	-1.223807e-02	4.514763e+00
3.629000e-05	-1.241647e-02	4.305860e+00
3.630000e-05	-1.189355e-02	4.020683e+00
3.631000e-05	-1.245827e-02	3.810680e+00
3.632000e-05	-1.105380e-02	3.642082e+00
3.633000e-05	-9.942367e-03	3.378653e+00
3.634000e-05	-1.208962e-02	3.107366e+00
3.635000e-05	-8.962390e-03	2.924867e+00
3.636000e-05	-1.176784e-02	2.685863e+00
3.637000e-05	-6.157329e-03	2.403050e+00
3.638000e-05	-7.987696e-03	2.201521e+00
3.639000e-05	-7.985513e-03	2.000495e+00
3.640000e-05	-5.454000e-03	1.770442e+00
3.641000e-05	-9.662438e-03	1.474808e+00
3.642000e-05	-7.550942e-03	1.241585e+00
3.643000e-05	-8.675825e-03	9.894461e-01
3.644000e-05	-6.325173e-03	7.148370e-01
3.645000e-05	-4.638180e-03	4.742346e-01
3.646000e-05	-5.503351e-03	2.426570e-01
3.647000e-05	-1.929394e-03	-2.940512e-02
3.648000e-05	4.621531e-03	-2.390301e-01
3.649000e-05	2.742592e-03	-4.104576e-01
3.650000e-05	-2.601498e-03	-6.230330e-01
3.651000e-05	-1.107530e-03	-8.942330e-01
3.652000e-05	-2.220523e-03	-1.071738e+00
3.653000e-05	-1.941137e-04	-1.321767e+00
3.654000e-05	4.723711e-03	-1.547950e+00
3.655000e-05	5.489419e-02	-1.768351e+00
3.656000e-05	7.606727e-02	-1.979424e+00
3.657000e-05	-7.881951e-02	-2.355750e+00
3.658000e-05	-8.076502e-03	-2.672514e+00
3.659000e-05	-4.060393e-02	-2.832111e+00
3.660000e-05	-6.985481e-02	-3.081611e+00
3.661000e-05	5.901168e-02	-3.169502e+00
3.662000e-05	1.018601e-01	-3.337399e+00
3.663000e-05	-1.632403e-01	-3.599509e+00
3.664000e-05	2.009703e-01	-3.810534e+00
3.665000e-05	-1.112681e-01	-4.033160e+00
3.666000e-05	-1.689104e-02	-4.303687e+00
3.667000e-05	1.216001e-01	-4.433191e+00
3.668000e-05	-1.323540e-01	-4.707250e+00
3.669000e-05	1.224672e-01	-4.935850e+00
3.670000e-05	-6.099439e-03	-5.178403e+00
3.671000e-05	-7.475260e-02	-5.513768e+00
3.672000e-05	1.215416e-01	-5.663366e+00
3.673000e-05	-1.309351e-01	-5.906269e+00
3.674000e-05	1.131433e-01	-6.133871e+00
3.675000e-05	-4.112131e-02	-6.334824e+00
3.676000e-05	6.159446e-04	-6.557429e+00
3.677000e-05	7.301579e-02	-6.745851e+00
3.678000e-05	-7.580389e-02	-6.969112e+00
3.679000e-05	1.199512e-01	-7.212484e+00
3.680000e-05	-9.320480e-02	-7.419607e+00
3.681000e-05	4.660118e-02	-7.600588e+00
3.682000e-05	1.632876e-02	-7.789090e+00
3.683000e-05	-2.040669e-02	-8.062238e+00
3.684000e-05	7.382526e-02	-8.180061e+00
3.685000e-05	-5.023484e-02	-8.408457e+00
3.686000e-05	6.260998e-02	-8.605986e+00
3.687000e-05	-4.041315e-02	-8.799003e+00
3.688000e-05	3.795563e-02	-8.896355e+00
3.689000e-05	1.636854e-02	-9.074663e+00
3.690000e-05	1.185201e-02	-9.240040e+00
3.691000e-05	2.226426e-02	-9.389562e+00
3.692000e-05	-2.147682e-02	-9.579053e+00
3.693000e-05	4.899017e-02	-9.735373e+00
3.694000e-05	-5.668254e-03	-9.874192e+00
3.695000e-05	3.494427e-02	-9.991084e+00
3.696000e-05	-4.830593e-03	-1.015798e+01
3.697000e-05	3.130056e-02	-1.035730e+01
3.698000e-05	8.781894e-03	-1.048369e+01
3.699000e-05	1.672533e-02	-1.061061e+01
3.700000e-05	2.196696e-02	-1.072587e+01
3.701000e-05	1.410524e-02	-1.088167e+01
3.702000e-05	1.934145e-02	-1.098653e+01
3.703000e-05	8.449900e-03	-1.113537e+01
3.704000e-05	3.451433e-02	-1.123117e+01
3.705000e-05	1.710749e-02	-1.140748e+01
3.706000e-05	2.608527e-02	-1.147270e+01
3.707000e-05	1.216399e-02	-1.161756e+01
3.708000e-05	2.994262e-02	-1.169338e+01
3.709000e-05	1.906725e-02	-1.186212e+01
3.710000e-05	2.382750e-02	-1.195700e+01
3.711000e-05	2.560487e-02	-1.205316e+01
3.712000e-05	2.681465e-02	-1.211385e+01
3.713000e-05	2.484830e-02	-1.218951e+01
3.714000e-05	2.467669e-02	-1.228161e+01
3.715000e-05	3.389497e-02	-1.228385e+01
3.716000e-05	2.821091e-02	-1.238846e+01
3.717000e-05	2.956057e-02	-1.240062e+01
3.718000e-05	2.633546e-02	-1.247275e+01
3.719000e-05	3.439001e-02	-1.253536e+01
3.720000e-05	2.968044e-02	-1.261653e+01
3.721000e-05	3.210009e-02	-1.265709e+01
3.722000e-05	3.318928e-02	-1.269265e+01
3.723000e-05	3.291746e-02	-1.271483e+01
3.724000e-05	3.499212e-02	-1.274487e+01
3.725000e-05	3.548466e-02	-1.275751e+01
3.726000e-05	3.839731e-02	-1.277901e+01
3.727000e-05	3.710470e-02	-1.278913e+01
3.728000e-05	3.934412e-02	-1.281209e+01
3.729000e-05	4.044664e-02	-1.282211e+01
3.730000e-05	3.965312e-02	-1.284264e+01
3.731000e-05	4.017011e-02	-1.283014e+01
3.732000e-05	4.278579e-02	-1.282164e+01
3.733000e-05	4.554614e-02	-1.279021e+01
3.734000e-05	4.609430e-02	-1.285064e+01
3.735000e-05	4.722118e-02	-1.278956e+01
3.736000e-05	5.008650e-02	-1.274648e+01
3.737000e-05	5.085064e-02	-1.271590e+01
3.738000e-05	5.209169e-02	-1.269382e+01
3.739000e-05	5.638899e-02	-1.266227e+01
3.740000e-05	5.891798e-02	-1.258064e+01
3.741000e-05	5.940757e-02	-1.257603e+01
3.742000e-05	6.078328e-02	-1.249327e+01
3.743000e-05	6.549053e-02	-1.242966e+01
3.744000e-05	6.840833e-02	-1.235900e+01
3.745000e-05	6.973857e-02	-1.230377e+01
3.746000e-05	6.936515e-02	-1.225014e+01
3.747000e-05	7.042859e-02	-1.213755e+01
3.748000e-05	7.052754e-02	-1.208230e+01
3.749000e-05	6.889763e-02	-1.197103e+01
3.750000e-05	6.773856e-02	-1.184379e+01
3.751000e-05	6.476230e-02	-1.178796e+01
3.752000e-05	6.238646e-02	-1.165075e+01
3.753000e-05	5.950153e-02	-1.155700e+01
3.754000e-05	5.899579e-02	-1.141911e+01
3.755000e-05	5.443870e-02	-1.132493e+01
3.756000e-05	4.934310e-02	-1.117863e+01
3.757000e-05	4.727391e-02	-1.101174e+01
3.758000e-05	4.203263e-02	-1.092735e+01
3.759000e-05	4.647824e-02	-1.083164e+01
3.760000e-05	3.957837e-02	-1.070527e+01
3.761000e-05	3.930879e-02	-1.058861e+01
3.762000e-05	3.757650e-02	-1.047225e+01
3.763000e-05	3.125402e-02	-1.032640e+01
3.764000e-05	3.490295e-02	-1.017548e+01
3.765000e-05	2.544867e-02	-1.001051e+01
3.766000e-05	3.079745e-02	-9.883291e+00
3.767000e-05	2.494501e-02	-9.746948e+00
3.768000e-05	2.811470e-02	-9.569552e+00
3.769000e-05	2.497328e-02	-9.408161e+00
3.770000e-05	2.365206e-02	-9.223637e+00
3.771000e-05	2.160419e-02	-9.094817e+00
3.772000e-05	2.044206e-02	-8.875924e+00
3.773000e-05	1.869750e-02	-8.729001e+00
3.774000e-05	1.874643e-02	-8.526453e+00
3.775000e-05	1.639501e-02	-8.347447e+00
3.776000e-05	1.610021e-02	-8.198628e+00
3.777000e-05	1.387466e-02	-7.971509e+00
3.778000e-05	1.380386e-02	-7.810709e+00
3.779000e-05	1.421965e-02	-7.537975e+00
3.780000e-05	1.276148e-02	-7.337549e+00
3.781000e-05	1.310743e-02	-7.199481e+00
3.782000e-05	9.525830e-03	-6.987029e+00
3.783000e-05	9.718591e-03	-6.757975e+00
3.784000e-05	8.769013e-03	-6.589025e+00
3.785000e-05	8.815670e-03	-6.398602e+00
3.786000e-05	7.269234e-03	-6.156945e+00
3.787000e-05	6.848060e-03	-5.947397e+00
3.788000e-05	7.466401e-03	-5.746493e+00
3.789000e-05	5.961225e-03	-5.546893e+00
3.790000e-05	6.189809e-03	-5.303772e+00
3.791000e-05	5.151145e-03	-5.042113e+00
3.792000e-05	3.540948e-03	-4.789057e+00
3.793000e-05	4.647444e-03	-4.569425e+00
3.794000e-05	3.805558e-03	-4.379449e+00
3.795000e-05	3.183389e-03	-4.156477e+00
3.796000e-05	2.630412e-03	-3.978923e+00
3.797000e-05	2.815507e-03	-3.714866e+00
3.798000e-05	1.937549e-03	-3.476263e+00
3.799000e-05	-1.495307e-04	-3.244189e+00
3.800000e-05	2.276581e-03	-2.991204e+00
3.801000e-05	-2.055850e-03	-2.777923e+00
3.802000e-05	1.447439e-03	-2.559471e+00
3.803000e-05	-2.018758e-03	-2.337367e+00
3.804000e-05	1.594964e-03	-2.053209e+00
3.805000e-05	-2.014860e-03	-1.872157e+00
3.806000e-05	1.447155e-04	-1.611629e+00
3.807000e-05	-4.438677e-03	-1.346490e+00
3.808000e-05	-1.585381e-03	-1.092713e+00
3.809000e-05	-3.673275e-03	-8.325803e-01
3.810000e-05	-3.269600e-03	-6.111236e-01
3.811000e-05	-5.489726e-03	-3.268473e-01
3.812000e-05	-3.798443e-03	-1.134122e-01
3.813000e-05	-2.999626e-04	9.413415e-02
3.814000e-05	6.288498e-03	3.677922e-01
3.815000e-05	-2.426338e-03	5.478672e-01
3.816000e-05	2.631999e-03	7.563447e-01
3.817000e-05	-6.204236e-03	9.484474e-01
3.818000e-05	-2.811119e-03	1.240607e+00
3.819000e-05	-3.447862e-03	1.483108e+00
3.820000e-05	6.280996e-03	1.745921e+00
3.821000e-05	3.627994e-02	1.946340e+00
3.822000e-05	6.905128e-02	2.167898e+00
3.823000e-05	-5.340938e-02	2.390203e+00
3.824000e-05	-4.116186e-02	2.705793e+00
3.825000e-05	-2.938525e-02	2.946768e+00
3.826000e-05	-3.733939e-02	3.095292e+00
3.827000e-05	-6.567583e-02	3.273692e+00
3.828000e-05	1.399977e-01	3.523740e+00
3.829000e-05	-4.685693e-02	3.723867e+00
3.830000e-05	-6.752821e-02	3.913764e+00
3.831000e-05	1.467108e-01	4.115850e+00
3.832000e-05	-1.469907e-01	4.390478e+00
3.833000e-05	4.329347e-02	4.618953e+00
3.834000e-05	1.401863e-02	4.848533e+00
3.835000e-05	-4.950242e-02	5.105244e+00
3.836000e-05	4.414679e-02	5.357895e+00
3.837000e-05	-3.972026e-02	5.608527e+00
3.838000e-05	1.291456e-03	5.808058e+00
3.839000e-05	-9.108555e-03	6.082112e+00
3.840000e-05	-3.006769e-02	6.292718e+00
3.841000e-05	1.176251e-05	6.470636e+00
3.842000e-05	-2.836163e-02	6.654115e+00
3.843000e-05	3.396393e-02	6.924718e+00
3.844000e-05	-3.540253e-02	7.115815e+00
3.845000e-05	4.245131e-03	7.263245e+00
3.846000e-05	-4.602913e-03	7.527323e+00
3.847000e-05	-4.536623e-02	7.745953e+00
3.848000e-05	8.785890e-03	7.915900e+00
3.849000e-05	-2.501068e-02	8.188973e+00
3.850000e-05	2.665927e-03	8.357423e+00
3.851000e-05	-1.841175e-02	8.495295e+00
3.852000e-05	-2.209603e-02	8.643639e+00
3.853000e-05	-1.235720e-02	8.791134e+00
3.854000e-05	-1.908268e-02	8.978558e+00
3.855000e-05	-6.112792e-03	9.189478e+00
3.856000e-05	-2.499361e-02	9.346872e+00
3.857000e-05	-3.887150e-03	9.484744e+00
3.858000e-05	-2.208118e-02	9.640720e+00
3.859000e-05	-2.302623e-02	9.811007e+00
3.860000e-05	-1.507949e-02	9.968999e+00
3.861000e-05	-1.755966e-02	1.010624e+01
3.862000e-05	-1.771845e-02	1.025264e+01
3.863000e-05	-2.702665e-02	1.037000e+01
3.864000e-05	-1.206676e-02	1.054543e+01
3.865000e-05	-2.344027e-02	1.067469e+01
3.866000e-05	-2.434678e-02	1.082106e+01
3.867000e-05	-2.639994e-02	1.092780e+01
3.868000e-05	-1.961263e-02	1.108669e+01
3.869000e-05	-2.388575e-02	1.115891e+01
3.870000e-05	-2.802020e-02	1.131640e+01
3.871000e-05	-2.208004e-02	1.152209e+01
3.872000e-05	-2.529208e-02	1.156901e+01
3.873000e-05	-2.652665e-02	1.170430e+01
3.874000e-05	-2.938946e-02	1.178903e+01
3.875000e-05	-2.683529e-02	1.190527e+01
3.876000e-05	-3.125908e-02	1.194793e+01
3.877000e-05	-3.186987e-02	1.203167e+01
3.878000e-05	-2.709958e-02	1.209643e+01
3.879000e-05	-3.056959e-02	1.223116e+01
3.880000e-05	-3.342071e-02	1.232525e+01
3.881000e-05	-3.316338e-02	1.234913e+01
3.882000e-05	-3.060379e-02	1.242269e+01
3.883000e-05	-3.428580e-02	1.247530e+01
3.884000e-05	-3.741547e-02	1.256638e+01
3.885000e-05	-3.700947e-02	1.255998e+01
3.886000e-05	-3.768650e-02	1.263169e+01
3.887000e-05	-3.920480e-02	1.267176e+01
3.888000e-05	-4.002842e-02	1.269330e+01
3.889000e-05	-3.830212e-02	1.271632e+01
3.890000e-05	-4.318798e-02	1.272595e+01
3.891000e-05	-4.350280e-02	1.274803e+01
3.892000e-05	-4.323491e-02	1.278948e+01
3.893000e-05	-4.179736e-02	1.279001e+01
3.894000e-05	-4.664770e-02	1.279914e+01
3.895000e-05	-4.654212e-02	1.282209e+01
3.896000e-05	-4.664785e-02	1.283113e+01
3.897000e-05	-4.996885e-02	1.281068e+01
3.898000e-05	-5.118428e-02	1.282059e+01
3.899000e-05	-5.134415e-02	1.279118e+01
3.900000e-05	-4.994868e-02	1.275953e+01
3.901000e-05	-5.383407e-02	1.274745e+01
3.902000e-05	-5.673728e-02	1.276543e+01
3.903000e-05	-5.946484e-02	1.275482e+01
3.904000e-05	-5.933892e-02	1.265175e+01
3.905000e-05	-6.210556e-02	1.264066e+01
3.906000e-05	-6.563959e-02	1.257006e+01
3.907000e-05	-6.756692e-02	1.258645e+01
3.908000e-05	-7.049772e-02	1.251535e+01
3.909000e-05	-7.228479e-02	1.242316e+01
3.910000e-05	-7.533425e-02	1.239055e+01
3.911000e-05	-7.496463e-02	1.229637e+01
3.912000e-05	-7.667866e-02	1.227271e+01
3.913000e-05	-7.779214e-02	1.213795e+01
3.914000e-05	-7.706879e-02	1.201316e+01
3.915000e-05	-7.660067e-02	1.197750e+01
3.916000e-05	-7.245018e-02	1.187422e+01
3.917000e-05	-7.261118e-02	1.177718e+01
3.918000e-05	-6.684669e-02	1.168375e+01
3.919000e-05	-6.582616e-02	1.155898e+01
3.920000e-05	-6.128128e-02	1.140114e+01
3.921000e-05	-6.071619e-02	1.127532e+01
3.922000e-05	-5.708788e-02	1.118046e+01
3.923000e-05	-5.484519e-02	1.110374e+01
3.924000e-05	-5.264084e-02	1.098853e+01
3.925000e-05	-4.893893e-02	1.083216e+01
3.926000e-05	-4.664745e-02	1.074640e+01
3.927000e-05	-4.299018e-02	1.057956e+01
3.928000e-05	-4.320290e-02	1.041214e+01
3.929000e-05	-4.040725e-02	1.030582e+01
3.930000e-05	-4.014040e-02	1.015805e+01
3.931000e-05	-3.598185e-02	1.004121e+01
3.932000e-05	-3.619496e-02	9.893766e+00
3.933000e-05	-3.300128e-02	9.685240e+00
3.934000e-05	-3.304917e-02	9.515344e+00
3.935000e-05	-3.088838e-02	9.418455e+00
3.936000e-05	-2.998610e-02	9.253137e+00
3.937000e-05	-2.905091e-02	9.102266e+00
3.938000e-05	-2.865926e-02	8.863738e+00
3.939000e-05	-2.656612e-02	8.703294e+00
3.940000e-05	-2.494145e-02	8.525343e+00
3.941000e-05	-2.434834e-02	8.358474e+00
3.942000e-05	-2.374246e-02	8.147502e+00
3.943000e-05	-2.355816e-02	7.957469e+00
3.944000e-05	-2.218019e-02	7.757974e+00
3.945000e-05	-2.138915e-02	7.600451e+00
3.946000e-05	-2.028715e-02	7.305527e+00
3.947000e-05	-2.072633e-02	7.156471e+00
3.948000e-05	-2.025905e-02	6.937918e+00
3.949000e-05	-1.870710e-02	6.738394e+00
3.950000e-05	-1.836964e-02	6.514366e+00
3.951000e-05	-1.731917e-02	6.315870e+00
3.952000e-05	-1.812853e-02	6.125394e+00
3.953000e-05	-1.656549e-02	5.988346e+00
3.954000e-05	-1.538219e-02	5.695314e+00
3.955000e-05	-1.511995e-02	5.495813e+00
3.956000e-05	-1.361883e-02	5.263165e+00
3.957000e-05	-1.481697e-02	5.021030e+00
3.958000e-05	-1.367423e-02	4.747420e+00
3.959000e-05	-1.377011e-02	4.536445e+00
3.960000e-05	-1.164528e-02	4.347392e+00
3.961000e-05	-1.181121e-02	4.092836e+00
3.962000e-05	-1.147318e-02	3.853233e+00
3.963000e-05	-1.206589e-02	3.642129e+00
3.964000e-05	-1.102885e-02	3.462108e+00
3.965000e-05	-1.064398e-02	3.169920e+00
3.966000e-05	-1.023157e-02	2.947921e+00
3.967000e-05	-9.354186e-03	2.747972e+00
3.968000e-05	-9.734395e-03	2.473258e+00
3.969000e-05	-6.893474e-03	2.231185e+00
3.970000e-05	-8.823555e-03	2.011573e+00
3.971000e-05	-9.096684e-03	1.779096e+00
3.972000e-05	-7.970861e-03	1.505392e+00
3.973000e-05	-7.232559e-03	1.303787e+00
3.974000e-05	-6.306757e-03	9.985989e-01
3.975000e-05	-7.296706e-03	7.484159e-01
3.976000e-05	-5.453247e-03	5.353434e-01
3.977000e-05	-4.787385e-03	3.262406e-01
3.978000e-05	-4.006252e-03	3.167639e-02
3.979000e-05	2.170089e-03	-1.909249e-01
3.980000e-05	3.825789e-03	-4.089261e-01
3.981000e-05	-3.486385e-03	-6.310063e-01
3.982000e-05	1.939185e-03	-8.725854e-01
3.983000e-05	-3.125813e-03	-1.073210e+00
3.984000e-05	1.383682e-03	-1.263660e+00
3.985000e-05	1.315989e-03	-1.596817e+00
3.986000e-05	4.164673e-02	-1.675795e+00
3.987000e-05	8.821909e-02	-1.957845e+00
3.988000e-05	-6.263091e-02	-2.303691e+00
3.989000e-05	-2.455598e-02	-2.619979e+00
3.990000e-05	-2.810646e-02	-2.820054e+00
3.991000e-05	-6.632859e-02	-3.020057e+00
3.992000e-05	1.228934e-02	-3.199399e+00
3.993000e-05	1.566439e-01	-3.313766e+00
3.994000e-05	-1.806770e-01	-3.569421e+00
3.995000e-05	1.609198e-01	-3.780481e+00
3.996000e-05	-3.012714e-02	-4.001979e+00
3.997000e-05	-8.310959e-02	-4.282611e+00
3.998000e-05	1.573352e-01	-4.441613e+00
3.999000e-05	-1.203348e-01	-4.704192e+00
4.000000e-05	7.275430e-02	-4.886795e+00
4.001000e-05	6.032578e-02	-5.085696e+00
4.002000e-05	-1.213189e-01	-5.412488e+00
4.003000e-05	1.412136e-01	-5.641138e+00
4.004000e-05	-1.195911e-01	-5.873564e+00
4.005000e-05	7.275971e-02	-6.072815e+00
4.006000e-05	8.541131e-03	-6.302717e+00
4.007000e-05	-4.551288e-02	-6.547320e+00
4.008000e-05	1.038279e-01	-6.724846e+00
4.009000e-05	-8.724464e-02	-6.925850e+00
4.010000e-05	1.101749e-01	-7.211558e+00
4.011000e-05	-5.710935e-02	-7.369506e+00
4.012000e-05	4.279972e-04	-7.609535e+00
4.013000e-05	5.377062e-02	-7.800057e+00
4.014000e-05	-5.069017e-02	-8.051533e+00
4.015000e-05	8.842338e-02	-8.189000e+00
4.016000e-05	-4.808350e-02	-8.387451e+00
4.017000e-05	5.256317e-02	-8.556329e+00
4.018000e-05	-2.234119e-02	-8.786321e+00
4.019000e-05	1.363356e-02	-8.905295e+00
4.020000e-05	3.629459e-02	-9.052637e+00
4.021000e-05	-2.258207e-03	-9.211134e+00
4.022000e-05	3.611221e-02	-9.397486e+00
4.023000e-05	-2.945819e-02	-9.556928e+00
4.024000e-05	4.667423e-02	-9.693751e+00
4.025000e-05	-1.373071e-03	-9.861111e+00
4.026000e-05	2.880578e-02	-9.979053e+00
4.027000e-05	2.570644e-03	-1.011540e+01
4.028000e-05	2.183449e-02	-1.032575e+01
4.029000e-05	1.832987e-02	-1.046269e+01
4.030000e-05	8.919566e-03	-1.058103e+01
4.031000e-05	2.594793e-02	-1.069534e+01
4.032000e-05	1.246903e-02	-1.087261e+01
4.033000e-05	2.322174e-02	-1.095698e+01
4.034000e-05	6.332580e-03	-1.112275e+01
4.035000e-05	3.295866e-02	-1.119162e+01
4.036000e-05	1.630206e-02	-1.137593e+01
4.037000e-05	2.421411e-02	-1.147319e+01
4.038000e-05	1.406364e-02	-1.160804e+01
4.039000e-05	2.891109e-02	-1.168585e+01
4.040000e-05	2.316885e-02	-1.186109e+01
4.041000e-05	2.223975e-02	-1.197750e+01
4.042000e-05	2.614591e-02	-1.203111e+01
4.043000e-05	2.505060e-02	-1.209592e+01
4.044000e-05	2.602688e-02	-1.218706e+01
4.045000e-05	2.334145e-02	-1.224121e+01
4.046000e-05	3.379111e-02	-1.231335e+01
4.047000e-05	2.708675e-02	-1.236743e+01
4.048000e-05	2.996800e-02	-1.242917e+01
4.049000e-05	2.659296e-02	-1.248428e+01
4.050000e-05	3.359538e-02	-1.252698e+01
4.051000e-05	2.963940e-02	-1.254848e+01
4.052000e-05	3.114735e-02	-1.262119e+01
4.053000e-05	3.454507e-02	-1.270275e+01
4.054000e-05	3.335149e-02	-1.273385e+01
4.055000e-05	3.443335e-02	-1.276740e+01
4.056000e-05	3.609366e-02	-1.275848e+01
4.057000e-05	3.862351e-02	-1.280898e+01
4.058000e-05	3.712772e-02	-1.280003e+01
4.059000e-05	3.809164e-02	-1.282014e+01
4.060000e-05	3.979453e-02	-1.280309e+01
4.061000e-05	4.161609e-02	-1.283161e+01
4.062000e-05	4.070089e-02	-1.283219e+01
4.063000e-05	4.136294e-02	-1.281064e+01
4.064000e-05	4.445212e-02	-1.284114e+01
4.065000e-05	4.560584e-02	-1.279959e+01
4.066000e-05	4.693188e-02	-1.278963e+01
4.067000e-05	4.932963e-02	-1.280696e+01
4.068000e-05	5.094248e-02	-1.271842e+01
4.069000e-05	5.216224e-02	-1.275735e+01
4.070000e-05	5.494881e-02	-1.266117e+01
4.071000e-05	5.756866e-02	-1.261916e+01
4.072000e-05	5.966004e-02	-1.255803e+01
4.073000e-05	6.134610e-02	-1.245485e+01
4.074000e-05	6.564737e-02	-1.246124e+01
4.075000e-05	6.717014e-02	-1.237801e+01
4.076000e-05	6.843171e-02	-1.233537e+01
4.077000e-05	6.990721e-02	-1.221916e+01
4.078000e-05	7.071764e-02	-1.214753e+01
4.079000e-05	7.005247e-02	-1.207472e+01
4.080000e-05	6.960694e-02	-1.201009e+01
4.081000e-05	6.875902e-02	-1.190690e+01
4.082000e-05	6.634926e-02	-1.180116e+01
4.083000e-05	6.179977e-02	-1.169379e+01
4.084000e-05	5.985123e-02	-1.153944e+01
4.085000e-05	5.810852e-02	-1.146371e+01
4.086000e-05	5.499319e-02	-1.135640e+01
4.087000e-05	5.140746e-02	-1.123068e+01
4.088000e-05	4.860570e-02	-1.109325e+01
4.089000e-05	4.483061e-02	-1.095698e+01
4.090000e-05	4.326045e-02	-1.084214e+01
4.091000e-05	4.187015e-02	-1.075740e+01
4.092000e-05	3.838865e-02	-1.067061e+01
4.093000e-05	3.695108e-02	-1.048527e+01
4.094000e-05	3.430513e-02	-1.036643e+01
4.095000e-05	3.329236e-02	-1.021803e+01
4.096000e-05	3.032335e-02	-1.002122e+01
4.097000e-05	2.915383e-02	-9.904292e+00
4.098000e-05	2.754612e-02	-9.798002e+00
4.099000e-05	2.589238e-02	-9.651007e+00
4.100000e-05	2.453286e-02	-9.484717e+00
4.101000e-05	2.323530e-02	-9.233242e+00
4.102000e-05	2.250561e-02	-9.116345e+00
4.103000e-05	2.107632e-02	-8.987501e+00
4.104000e-05	1.904600e-02	-8.799452e+00
4.105000e-05	1.786984e-02	-8.559631e+00
4.106000e-05	1.819836e-02	-8.419506e+00
4.107000e-05	1.722411e-02	-8.232059e+00
4.108000e-05	1.570943e-02	-8.053188e+00
4.109000e-05	1.362502e-02	-7.840213e+00
4.110000e-05	1.317380e-02	-7.651579e+00
4.111000e-05	1.162916e-02	-7.429608e+00
4.112000e-05	1.161271e-02	-7.220106e+00
4.113000e-05	1.070987e-02	-7.071234e+00
4.114000e-05	1.010615e-02	-6.789504e+00
4.115000e-05	1.008384e-02	-6.591102e+00
4.116000e-05	9.931741e-03	-6.429583e+00
4.117000e-05	9.078779e-03	-6.189579e+00
4.118000e-05	6.659063e-03	-5.958599e+00
4.119000e-05	6.714401e-03	-5.787875e+00
4.120000e-05	6.586870e-03	-5.589024e+00
4.121000e-05	5.655963e-03	-5.358445e+00
4.122000e-05	4.982309e-03	-5.104267e+00
4.123000e-05	4.461295e-03	-4.811658e+00
4.124000e-05	6.218072e-03	-4.590024e+00
4.125000e-05	2.497221e-03	-4.400525e+00
4.126000e-05	2.769840e-03	-4.209628e+00
4.127000e-05	2.921423e-03	-4.010979e+00
4.128000e-05	3.408613e-03	-3.756494e+00
4.129000e-05	2.922641e-03	-3.526870e+00
4.130000e-05	2.152717e-03	-3.295866e+00
4.131000e-05	2.287728e-03	-3.064786e+00
4.132000e-05	-1.180378e-03	-2.780526e+00
4.133000e-05	-9.394534e-05	-2.588498e+00
4.134000e-05	-1.584882e-03	-2.379423e+00
4.135000e-05	1.737084e-03	-2.134842e+00
4.136000e-05	-2.843048e-03	-1.883311e+00
4.137000e-05	-1.059192e-03	-1.674658e+00
4.138000e-05	-2.945408e-03	-1.392126e+00
4.139000e-05	-5.417562e-04	-1.126340e+00
4.140000e-05	-4.666811e-03	-8.741344e-01
4.141000e-05	-2.889218e-03	-6.521557e-01
4.142000e-05	-5.639235e-03	-3.904973e-01
4.143000e-05	-2.889082e-03	-1.864436e-01
4.144000e-05	-1.916117e-03	6.108275e-02
4.145000e-05	4.891010e-03	2.852158e-01
4.146000e-05	-5.221076e-03	5.147695e-01
4.147000e-05	1.426340e-03	6.958671e-01
4.148000e-05	-2.143284e-03	9.253683e-01
4.149000e-05	-1.229387e-03	1.199954e+00
4.150000e-05	-4.875660e-03	1.451080e+00
4.151000e-05	2.388272e-03	1.624187e+00
4.152000e-05	2.799892e-02	1.894262e+00
4.153000e-05	7.404567e-02	2.115746e+00
4.154000e-05	-3.105976e-02	2.389420e+00
4.155000e-05	-5.639473e-02	2.642038e+00
4.156000e-05	-2.586410e-02	2.883212e+00
4.157000e-05	-3.464002e-02	3.095238e+00
4.158000e-05	-7.392861e-02	3.224708e+00
4.159000e-05	1.065238e-01	3.472585e+00
4.160000e-05	2.098083e-02	3.674191e+00
4.161000e-05	-1.261638e-01	3.872639e+00
4.162000e-05	1.691592e-01	4.064138e+00
4.163000e-05	-1.252672e-01	4.367820e+00
4.164000e-05	7.662976e-03	4.569395e+00
4.165000e-05	4.417740e-02	4.797878e+00
4.166000e-05	-6.488156e-02	5.021638e+00
4.167000e-05	3.687527e-02	5.305296e+00
4.168000e-05	-2.328787e-02	5.556946e+00
4.169000e-05	-1.177154e-02	5.766922e+00
4.170000e-05	2.514058e-03	5.999054e+00
4.171000e-05	-3.670500e-02	6.220554e+00
4.172000e-05	4.084890e-03	6.420105e+00
4.173000e-05	-3.262673e-02	6.662661e+00
4.174000e-05	2.750981e-02	6.852713e+00
4.175000e-05	-2.088601e-02	7.073163e+00
4.176000e-05	-1.243748e-02	7.253588e+00
4.177000e-05	9.993650e-03	7.443220e+00
4.178000e-05	-5.315558e-02	7.705846e+00
4.179000e-05	1.013543e-02	7.896248e+00
4.180000e-05	-2.022555e-02	8.126892e+00
4.181000e-05	-4.344354e-03	8.334820e+00
4.182000e-05	-1.280701e-02	8.452168e+00
4.183000e-05	-2.752574e-02	8.643136e+00
4.184000e-05	-6.849505e-03	8.798004e+00
4.185000e-05	-2.182436e-02	8.957430e+00
4.186000e-05	-2.614511e-03	9.168979e+00
4.187000e-05	-2.834394e-02	9.324769e+00
4.188000e-05	-7.282554e-03	9.453113e+00
4.189000e-05	-1.889411e-02	9.620561e+00
4.190000e-05	-2.315681e-02	9.788502e+00
4.191000e-05	-1.367037e-02	9.957849e+00
4.192000e-05	-1.712561e-02	1.008480e+01
4.193000e-05	-1.555787e-02	1.022961e+01
4.194000e-05	-2.939484e-02	1.037890e+01
4.195000e-05	-1.408259e-02	1.050430e+01
4.196000e-05	-2.252884e-02	1.063264e+01
4.197000e-05	-2.146776e-02	1.079808e+01
4.198000e-05	-2.695596e-02	1.088485e+01
4.199000e-05	-1.795189e-02	1.102166e+01
4.200000e-05	-2.388872e-02	1.115843e+01
4.201000e-05	-2.833339e-02	1.125432e+01
4.202000e-05	-2.342998e-02	1.143012e+01
4.203000e-05	-2.497152e-02	1.153740e+01
4.204000e-05	-2.565713e-02	1.166477e+01
4.205000e-05	-3.049738e-02	1.177901e+01
4.206000e-05	-2.489737e-02	1.188222e+01
4.207000e-05	-2.909622e-02	1.195693e+01
4.208000e-05	-3.155739e-02	1.202224e+01
4.209000e-05	-3.099250e-02	1.212740e+01
4.210000e-05	-2.985562e-02	1.217951e+01
4.211000e-05	-3.289555e-02	1.231432e+01
4.212000e-05	-3.417648e-02	1.237803e+01
4.213000e-05	-2.945985e-02	1.240213e+01
4.214000e-05	-3.388107e-02	1.248480e+01
4.215000e-05	-3.665454e-02	1.252688e+01
4.216000e-05	-3.976260e-02	1.256801e+01
4.217000e-05	-3.733597e-02	1.263014e+01
4.218000e-05	-3.760824e-02	1.264266e+01
4.219000e-05	-3.942734e-02	1.268477e+01
4.220000e-05	-3.891317e-02	1.268535e+01
4.221000e-05	-4.241263e-02	1.276585e+01
4.222000e-05	-4.297607e-02	1.276738e+01
4.223000e-05	-4.379146e-02	1.277846e+01
4.224000e-05	-4.235618e-02	1.277848e+01
4.225000e-05	-4.521114e-02	1.280008e+01
4.226000e-05	-4.542124e-02	1.280208e+01
4.227000e-05	-4.804600e-02	1.279958e+01
4.228000e-05	-4.956357e-02	1.281066e+01
4.229000e-05	-5.201258e-02	1.283114e+01
4.230000e-05	-5.082067e-02	1.276003e+01
4.231000e-05	-5.147779e-02	1.275804e+01
4.232000e-05	-5.386047e-02	1.277800e+01
4.233000e-05	-5.552054e-02	1.271743e+01
4.234000e-05	-5.860429e-02	1.266694e+01
4.235000e-05	-5.903839e-02	1.271424e+01
4.236000e-05	-6.247013e-02	1.265364e+01
4.237000e-05	-6.412600e-02	1.262003e+01
4.238000e-05	-6.711867e-02	1.257800e+01
4.239000e-05	-7.084787e-02	1.253692e+01
4.240000e-05	-7.206991e-02	1.241272e+01
4.241000e-05	-7.396551e-02	1.241006e+01
4.242000e-05	-7.507915e-02	1.232737e+01
4.243000e-05	-7.774296e-02	1.225171e+01
4.244000e-05	-7.660699e-02	1.218798e+01
4.245000e-05	-7.573011e-02	1.201282e+01
4.246000e-05	-7.584414e-02	1.201905e+01
4.247000e-05	-7.373474e-02	1.190427e+01
4.248000e-05	-7.283540e-02	1.177958e+01
4.249000e-05	-6.829376e-02	1.167675e+01
4.250000e-05	-6.799638e-02	1.157956e+01
4.251000e-05	-6.257365e-02	1.146281e+01
4.252000e-05	-6.002575e-02	1.132540e+01
4.253000e-05	-5.580637e-02	1.118006e+01
4.254000e-05	-5.579481e-02	1.107519e+01
4.255000e-05	-5.227158e-02	1.097851e+01
4.256000e-05	-5.071391e-02	1.087479e+01
4.257000e-05	-4.837066e-02	1.074742e+01
4.258000e-05	-4.556142e-02	1.065059e+01
4.259000e-05	-4.197573e-02	1.047276e+01
4.260000e-05	-4.020982e-02	1.031632e+01
4.261000e-05	-3.917622e-02	1.018060e+01
4.262000e-05	-3.753470e-02	1.003261e+01
4.263000e-05	-3.546784e-02	9.914343e+00
4.264000e-05	-3.527792e-02	9.754924e+00
4.265000e-05	-3.338994e-02	9.558873e+00
4.266000e-05	-3.133465e-02	9.408553e+00
4.267000e-05	-3.042107e-02	9.232058e+00
4.268000e-05	-2.838312e-02	9.134818e+00
4.269000e-05	-2.847530e-02	8.905401e+00
4.270000e-05	-2.765848e-02	8.725344e+00
4.271000e-05	-2.666181e-02	8.557450e+00
4.272000e-05	-2.431009e-02	8.369926e+00
4.273000e-05	-2.299881e-02	8.240053e+00
4.274000e-05	-2.309264e-02	7.991005e+00
4.275000e-05	-2.252916e-02	7.820074e+00
4.276000e-05	-2.173418e-02	7.620178e+00
4.277000e-05	-2.072588e-02	7.390025e+00
4.278000e-05	-2.041734e-02	7.148974e+00
4.279000e-05	-2.027248e-02	6.968423e+00
4.280000e-05	-1.838116e-02	6.799949e+00
4.281000e-05	-1.869717e-02	6.556474e+00
4.282000e-05	-1.726850e-02	6.367945e+00
4.283000e-05	-1.649821e-02	6.168025e+00
4.284000e-05	-1.580095e-02	5.948868e+00
4.285000e-05	-1.724752e-02	5.705991e+00
4.286000e-05	-1.652759e-02	5.566394e+00
4.287000e-05	-1.402500e-02	5.305816e+00
4.288000e-05	-1.459106e-02	5.032188e+00
4.289000e-05	-1.347240e-02	4.769047e+00
4.290000e-05	-1.273158e-02	4.567898e+00
4.291000e-05	-1.225908e-02	4.378921e+00
4.292000e-05	-1.241277e-02	4.127440e+00
4.293000e-05	-1.191222e-02	3.903410e+00
4.294000e-05	-1.101485e-02	3.674837e+00
4.295000e-05	-1.083570e-02	3.475233e+00
4.296000e-05	-1.079658e-02	3.171102e+00
4.297000e-05	-9.676294e-03	2.999051e+00
4.298000e-05	-8.819921e-03	2.788949e+00
4.299000e-05	-9.729027e-03	2.524466e+00
4.300000e-05	-9.347407e-03	2.273729e+00
4.301000e-05	-7.910381e-03	2.013182e+00
4.302000e-05	-7.341196e-03	1.791582e+00
4.303000e-05	-8.035653e-03	1.529442e+00
4.304000e-05	-6.981768e-03	1.336766e+00
4.305000e-05	-6.642602e-03	1.034712e+00
4.306000e-05	-6.102998e-03	7.904938e-01
4.307000e-05	-6.479186e-03	5.694410e-01
4.308000e-05	-5.459060e-03	3.188397e-01
4.309000e-05	-4.005650e-03	7.270572e-02
4.310000e-05	8.681607e-04	-1.152695e-01
4.311000e-05	6.293203e-03	-3.572471e-01
4.312000e-05	-5.322113e-03	-5.873959e-01
4.313000e-05	3.960834e-03	-8.410301e-01
4.314000e-05	-3.529489e-03	-1.019983e+00
4.315000e-05	2.534259e-03	-1.248538e+00
4.316000e-05	-1.795066e-03	-1.523191e+00
4.317000e-05	3.068755e-02	-1.704714e+00
4.318000e-05	9.147990e-02	-1.854292e+00
4.319000e-05	-3.461530e-02	-2.230556e+00
4.320000e-05	-4.574408e-02	-2.579425e+00
4.321000e-05	-1.554105e-02	-2.789504e+00
4.322000e-05	-6.378266e-02	-2.947530e+00
4.323000e-05	-2.797175e-02	-3.199474e+00
4.324000e-05	1.812116e-01	-3.272739e+00
4.325000e-05	-1.521711e-01	-3.524319e+00
4.326000e-05	8.506487e-02	-3.757930e+00
4.327000e-05	3.810871e-02	-3.968850e+00
4.328000e-05	-1.432840e-01	-4.220534e+00
4.329000e-05	1.671627e-01	-4.420005e+00
4.330000e-05	-9.052151e-02	-4.631539e+00
4.331000e-05	1.302539e-02	-4.913740e+00
4.332000e-05	1.163371e-01	-5.063217e+00
4.333000e-05	-1.442617e-01	-5.398503e+00
4.334000e-05	1.358272e-01	-5.640558e+00
4.335000e-05	-8.178894e-02	-5.821010e+00
4.336000e-05	1.781562e-02	-6.062637e+00
4.337000e-05	5.885051e-02	-6.293166e+00
4.338000e-05	-8.154451e-02	-6.473822e+00
4.339000e-05	1.161318e-01	-6.684291e+00
4.340000e-05	-7.840536e-02	-6.915699e+00
4.341000e-05	8.026916e-02	-7.198482e+00
4.342000e-05	-8.118232e-03	-7.356874e+00
4.343000e-05	-4.870081e-02	-7.556952e+00
4.344000e-05	8.466658e-02	-7.758379e+00
4.345000e-05	-6.436341e-02	-7.998982e+00
4.346000e-05	8.766131e-02	-8.156499e+00
4.347000e-05	-3.534113e-02	-8.314277e+00
4.348000e-05	3.054702e-02	-8.525304e+00
4.349000e-05	3.854340e-03	-8.684372e+00
4.350000e-05	-1.111319e-02	-8.902217e+00
4.351000e-05	5.058714e-02	-9.022613e+00
4.352000e-05	-1.355029e-02	-9.211034e+00
4.353000e-05	4.507944e-02	-9.365382e+00
4.354000e-05	-2.748270e-02	-9.535925e+00
4.355000e-05	3.840127e-02	-9.704274e+00
4.356000e-05	8.581390e-03	-9.789584e+00
4.357000e-05	1.789685e-02	-9.957929e+00
4.358000e-05	1.050880e-02	-1.009478e+01
4.359000e-05	1.057593e-02	-1.030327e+01
4.360000e-05	2.979366e-02	-1.046113e+01
4.361000e-05	3.674381e-03	-1.056846e+01
4.362000e-05	2.955672e-02	-1.069372e+01
4.363000e-05	9.162460e-03	-1.082111e+01
4.364000e-05	2.502977e-02	-1.092641e+01
4.365000e-05	4.747531e-03	-1.108524e+01
4.366000e-05	3.062815e-02	-1.121051e+01
4.367000e-05	2.036256e-02	-1.133640e+01
4.368000e-05	2.320253e-02	-1.144211e+01
4.369000e-05	1.573097e-02	-1.155689e+01
4.370000e-05	2.459878e-02	-1.169275e+01
4.371000e-05	2.663958e-02	-1.180159e+01
4.372000e-05	1.961298e-02	-1.193490e+01
4.373000e-05	2.767702e-02	-1.201104e+01
4.374000e-05	2.280720e-02	-1.209480e+01
4.375000e-05	2.802880e-02	-1.215746e+01
4.376000e-05	2.298284e-02	-1.224011e+01
4.377000e-05	3.325610e-02	-1.232377e+01
4.378000e-05	2.823660e-02	-1.235748e+01
4.379000e-05	2.919922e-02	-1.240109e+01
4.380000e-05	2.549300e-02	-1.249320e+01
4.381000e-05	3.216073e-02	-1.253643e+01
4.382000e-05	3.293120e-02	-1.257943e+01
4.383000e-05	3.188645e-02	-1.263954e+01
4.384000e-05	3.403339e-02	-1.264262e+01
4.385000e-05	3.284851e-02	-1.270530e+01
4.386000e-05	3.472057e-02	-1.273635e+01
4.387000e-05	3.563114e-02	-1.276948e+01
4.388000e-05	3.768747e-02	-1.276896e+01
4.389000e-05	3.754442e-02	-1.279905e+01
4.390000e-05	3.835897e-02	-1.279066e+01
4.391000e-05	3.969326e-02	-1.284219e+01
4.392000e-05	4.072758e-02	-1.282221e+01
4.393000e-05	3.986970e-02	-1.286264e+01
4.394000e-05	4.167211e-02	-1.281119e+01
4.395000e-05	4.272119e-02	-1.278113e+01
4.396000e-05	4.622938e-02	-1.282211e+01
4.397000e-05	4.616756e-02	-1.277011e+01
4.398000e-05	4.953032e-02	-1.277946e+01
4.399000e-05	4.999909e-02	-1.274785e+01
4.400000e-05	5.107848e-02	-1.273488e+01
4.401000e-05	5.396071e-02	-1.271374e+01
4.402000e-05	5.744332e-02	-1.264071e+01
4.403000e-05	5.944519e-02	-1.257746e+01
4.404000e-05	6.215779e-02	-1.252490e+01
4.405000e-05	6.487937e-02	-1.240275e+01
4.406000e-05	6.725535e-02	-1.238951e+01
4.407000e-05	6.768606e-02	-1.230592e+01
4.408000e-05	6.925958e-02	-1.225167e+01
4.409000e-05	7.081143e-02	-1.217901e+01
4.410000e-05	7.041751e-02	-1.212537e+01
4.411000e-05	7.009886e-02	-1.201006e+01
4.412000e-05	6.825116e-02	-1.193582e+01
4.413000e-05	6.610144e-02	-1.183859e+01
4.414000e-05	6.234992e-02	-1.171483e+01
4.415000e-05	6.014302e-02	-1.158811e+01
4.416000e-05	5.882375e-02	-1.146377e+01
4.417000e-05	5.585111e-02	-1.136840e+01
4.418000e-05	5.243084e-02	-1.125363e+01
4.419000e-05	4.967722e-02	-1.111277e+01
4.420000e-05	4.586799e-02	-1.097741e+01
4.421000e-05	4.357474e-02	-1.087327e+01
4.422000e-05	4.106993e-02	-1.074840e+01
4.423000e-05	3.915657e-02	-1.069266e+01
4.424000e-05	3.699406e-02	-1.053532e+01
4.425000e-05	3.508751e-02	-1.035148e+01
4.426000e-05	3.308799e-02	-1.018816e+01
4.427000e-05	3.044225e-02	-1.005316e+01
4.428000e-05	2.978253e-02	-9.916321e+00
4.429000e-05	2.744054e-02	-9.800504e+00
4.430000e-05	2.592742e-02	-9.692639e+00
4.431000e-05	2.543755e-02	-9.506244e+00
4.432000e-05	2.469795e-02	-9.293849e+00
4.433000e-05	2.263521e-02	-9.147921e+00
4.434000e-05	2.055056e-02	-9.009475e+00
4.435000e-05	1.915224e-02	-8.779583e+00
4.436000e-05	1.947390e-02	-8.640107e+00
4.437000e-05	1.866260e-02	-8.421085e+00
4.438000e-05	1.665440e-02	-8.272163e+00
4.439000e-05	1.526346e-02	-8.073792e+00
4.440000e-05	1.451437e-02	-7.914770e+00
4.441000e-05	1.417904e-02	-7.622262e+00
4.442000e-05	1.262335e-02	-7.453189e+00
4.443000e-05	1.165262e-02	-7.233238e+00
4.444000e-05	1.115112e-02	-7.072190e+00
4.445000e-05	1.143900e-02	-6.822081e+00
4.446000e-05	9.356009e-03	-6.641634e+00
4.447000e-05	9.337188e-03	-6.453634e+00
4.448000e-05	8.063020e-03	-6.291185e+00
4.449000e-05	9.029224e-03	-5.999030e+00
4.450000e-05	5.962880e-03	-5.810053e+00
4.451000e-05	6.174158e-03	-5.641077e+00
4.452000e-05	5.582165e-03	-5.359054e+00
4.453000e-05	6.783139e-03	-5.135394e+00
4.454000e-05	4.419761e-03	-4.873685e+00
4.455000e-05	4.825748e-03	-4.620632e+00
4.456000e-05	3.379024e-03	-4.420607e+00
4.457000e-05	4.034079e-03	-4.241708e+00
4.458000e-05	2.287610e-03	-4.031100e+00
4.459000e-05	3.652209e-03	-3.777531e+00
4.460000e-05	3.252524e-03	-3.548949e+00
4.461000e-05	1.939958e-03	-3.336797e+00
4.462000e-05	1.888489e-04	-3.115842e+00
4.463000e-05	-7.453169e-04	-2.842137e+00
4.464000e-05	1.285131e-03	-2.602630e+00
4.465000e-05	-7.699565e-04	-2.400546e+00
4.466000e-05	-5.860258e-04	-2.159475e+00
4.467000e-05	-1.775397e-03	-1.937366e+00
4.468000e-05	-5.041824e-04	-1.714289e+00
4.469000e-05	-2.893579e-03	-1.463684e+00
4.470000e-05	-1.921165e-03	-1.168317e+00
4.471000e-05	-3.575723e-03	-9.268120e-01
4.472000e-05	-2.884582e-03	-6.763118e-01
4.473000e-05	-4.728853e-03	-4.015989e-01
4.474000e-05	-3.950747e-03	-2.419738e-01
4.475000e-05	-2.195374e-03	1.976304e-03
4.476000e-05	5.704421e-03	2.851330e-01
4.477000e-05	-1.608785e-03	4.936630e-01
4.478000e-05	-6.874923e-04	6.852594e-01
4.479000e-05	-2.321050e-03	8.632355e-01
4.480000e-05	-3.418628e-03	1.145346e+00
4.481000e-05	-4.022276e-03	1.389981e+00
4.482000e-05	1.114563e-03	1.649633e+00
4.483000e-05	2.143696e-02	1.873158e+00
4.484000e-05	6.990262e-02	2.093110e+00
4.485000e-05	-2.956046e-03	2.326293e+00
4.486000e-05	-7.066621e-02	2.578503e+00
4.487000e-05	-2.169863e-02	2.873662e+00
4.488000e-05	-3.567254e-02	3.062612e+00
4.489000e-05	-7.109645e-02	3.221580e+00
4.490000e-05	6.543680e-02	3.409086e+00
4.491000e-05	8.163572e-02	3.661210e+00
4.492000e-05	-1.661375e-01	3.831552e+00
4.493000e-05	1.596169e-01	4.000632e+00
4.494000e-05	-7.984146e-02	4.315192e+00
4.495000e-05	-3.989285e-02	4.514317e+00
4.496000e-05	7.160767e-02	4.756917e+00
4.497000e-05	-6.475358e-02	4.978059e+00
4.498000e-05	2.378416e-02	5.242588e+00
4.499000e-05	-7.059343e-03	5.515316e+00
4.500000e-05	-2.624410e-02	5.693772e+00
4.501000e-05	1.328917e-02	5.958998e+00
4.502000e-05	-3.925996e-02	6.198982e+00
4.503000e-05	1.880456e-03	6.387898e+00
4.504000e-05	-2.852184e-02	6.591482e+00
4.505000e-05	1.547092e-02	6.851058e+00
4.506000e-05	-4.278194e-03	7.011686e+00
4.507000e-05	-2.995443e-02	7.221662e+00
4.508000e-05	2.403813e-02	7.411736e+00
4.509000e-05	-5.522807e-02	7.663217e+00
4.510000e-05	3.530450e-03	7.865290e+00
4.511000e-05	-1.441326e-02	8.104845e+00
4.512000e-05	-7.753198e-03	8.293694e+00
4.513000e-05	-6.459847e-03	8.451186e+00
4.514000e-05	-3.083048e-02	8.610506e+00
4.515000e-05	-7.087387e-03	8.756500e+00
4.516000e-05	-2.423915e-02	8.906957e+00
4.517000e-05	-1.992362e-03	9.134319e+00
4.518000e-05	-2.566771e-02	9.283217e+00
4.519000e-05	-9.337595e-03	9.432110e+00
4.520000e-05	-1.536195e-02	9.609456e+00
4.521000e-05	-2.487123e-02	9.747875e+00
4.522000e-05	-1.632243e-02	9.945324e+00
4.523000e-05	-1.800162e-02	1.006271e+01
4.524000e-05	-1.460161e-02	1.019909e+01
4.525000e-05	-2.864172e-02	1.032787e+01
4.526000e-05	-1.618354e-02	1.048375e+01
4.527000e-05	-2.116885e-02	1.062069e+01
4.528000e-05	-2.098269e-02	1.079003e+01
4.529000e-05	-2.658699e-02	1.093535e+01
4.530000e-05	-2.040644e-02	1.100963e+01
4.531000e-05	-2.381163e-02	1.112585e+01
4.532000e-05	-2.722253e-02	1.126124e+01
4.533000e-05	-2.350537e-02	1.145004e+01
4.534000e-05	-2.305774e-02	1.153646e+01
4.535000e-05	-2.582413e-02	1.166319e+01
4.536000e-05	-3.026590e-02	1.175005e+01
4.537000e-05	-2.525228e-02	1.187217e+01
4.538000e-05	-2.944842e-02	1.193645e+01
4.539000e-05	-3.223858e-02	1.201167e+01
4.540000e-05	-3.058039e-02	1.209487e+01
4.541000e-05	-2.851361e-02	1.219961e+01
4.542000e-05	-3.230770e-02	1.228477e+01
4.543000e-05	-3.455761e-02	1.232748e+01
4.544000e-05	-3.102289e-02	1.241116e+01
4.545000e-05	-3.373267e-02	1.248382e+01
4.546000e-05	-3.646076e-02	1.253683e+01
4.547000e-05	-3.883844e-02	1.257893e+01
4.548000e-05	-3.688527e-02	1.261011e+01
4.549000e-05	-3.738446e-02	1.266121e+01
4.550000e-05	-3.868245e-02	1.266324e+01
4.551000e-05	-3.850167e-02	1.274480e+01
4.552000e-05	-4.193419e-02	1.273747e+01
4.553000e-05	-4.301561e-02	1.274698e+01
4.554000e-05	-4.402480e-02	1.279898e+01
4.555000e-05	-4.260560e-02	1.278853e+01
4.556000e-05	-4.530930e-02	1.280964e+01
4.557000e-05	-4.566745e-02	1.280056e+01
4.558000e-05	-4.759237e-02	1.279963e+01
4.559000e-05	-4.899578e-02	1.281011e+01
4.560000e-05	-5.208206e-02	1.277011e+01
4.561000e-05	-5.061405e-02	1.278998e+01
4.562000e-05	-5.004116e-02	1.279003e+01
4.563000e-05	-5.347604e-02	1.276896e+01
4.564000e-05	-5.599138e-02	1.275643e+01
4.565000e-05	-5.777341e-02	1.273292e+01
4.566000e-05	-5.841405e-02	1.270432e+01
4.567000e-05	-6.265357e-02	1.262169e+01
4.568000e-05	-6.477321e-02	1.260961e+01
4.569000e-05	-6.711302e-02	1.260851e+01
4.570000e-05	-6.870390e-02	1.253592e+01
4.571000e-05	-7.177099e-02	1.247422e+01
4.572000e-05	-7.399750e-02	1.243163e+01
4.573000e-05	-7.553177e-02	1.234587e+01
4.574000e-05	-7.737193e-02	1.229324e+01
4.575000e-05	-7.694864e-02	1.213753e+01
4.576000e-05	-7.773286e-02	1.207380e+01
4.577000e-05	-7.600791e-02	1.201958e+01
4.578000e-05	-7.272336e-02	1.186477e+01
4.579000e-05	-7.223754e-02	1.180963e+01
4.580000e-05	-6.980699e-02	1.171640e+01
4.581000e-05	-6.746013e-02	1.160006e+01
4.582000e-05	-6.216512e-02	1.151384e+01
4.583000e-05	-6.180650e-02	1.131655e+01
4.584000e-05	-5.739838e-02	1.121103e+01
4.585000e-05	-5.655289e-02	1.112482e+01
4.586000e-05	-5.118972e-02	1.101058e+01
4.587000e-05	-5.121830e-02	1.087479e+01
4.588000e-05	-4.897213e-02	1.076850e+01
4.589000e-05	-4.631383e-02	1.066116e+01
4.590000e-05	-4.207850e-02	1.052580e+01
4.591000e-05	-4.077318e-02	1.034737e+01
4.592000e-05	-3.997049e-02	1.018111e+01
4.593000e-05	-3.805729e-02	1.008521e+01
4.594000e-05	-3.532434e-02	9.915870e+00
4.595000e-05	-3.453719e-02	9.767499e+00
4.596000e-05	-3.306111e-02	9.560455e+00
4.597000e-05	-3.138700e-02	9.422661e+00
4.598000e-05	-3.035758e-02	9.285236e+00
4.599000e-05	-2.978280e-02	9.115893e+00
4.600000e-05	-2.901316e-02	8.945950e+00
4.601000e-05	-2.765183e-02	8.738447e+00
4.602000e-05	-2.601843e-02	8.599002e+00
4.603000e-05	-2.477584e-02	8.422103e+00
4.604000e-05	-2.344810e-02	8.251209e+00
4.605000e-05	-2.392309e-02	8.012658e+00
4.606000e-05	-2.203462e-02	7.842658e+00
4.607000e-05	-2.240121e-02	7.640683e+00
4.608000e-05	-2.174312e-02	7.420734e+00
4.609000e-05	-2.092496e-02	7.200952e+00
4.610000e-05	-2.050206e-02	6.981105e+00
4.611000e-05	-1.958479e-02	6.780981e+00
4.612000e-05	-1.854296e-02	6.652131e+00
4.613000e-05	-1.728097e-02	6.349999e+00
4.614000e-05	-1.685198e-02	6.179024e+00
4.615000e-05	-1.711210e-02	6.011053e+00
4.616000e-05	-1.583471e-02	5.788976e+00
4.617000e-05	-1.493876e-02	5.548920e+00
4.618000e-05	-1.480110e-02	5.328944e+00
4.619000e-05	-1.348572e-02	5.135387e+00
4.620000e-05	-1.318716e-02	4.822081e+00
4.621000e-05	-1.282622e-02	4.600128e+00
4.622000e-05	-1.242728e-02	4.400578e+00
4.623000e-05	-1.241676e-02	4.228548e+00
4.624000e-05	-1.097383e-02	3.955892e+00
4.625000e-05	-1.204358e-02	3.736842e+00
4.626000e-05	-1.080778e-02	3.567318e+00
4.627000e-05	-1.176913e-02	3.242254e+00
4.628000e-05	-1.051760e-02	3.011079e+00
4.629000e-05	-9.289908e-03	2.810997e+00
4.630000e-05	-9.421831e-03	2.599576e+00
4.631000e-05	-9.043483e-03	2.347915e+00
4.632000e-05	-7.286120e-03	2.085713e+00
4.633000e-05	-6.890997e-03	1.914287e+00
4.634000e-05	-8.150781e-03	1.582600e+00
4.635000e-05	-7.592664e-03	1.380425e+00
4.636000e-05	-6.047937e-03	1.116783e+00
4.637000e-05	-5.982347e-03	8.316490e-01
4.638000e-05	-5.846327e-03	6.000476e-01
4.639000e-05	-5.156589e-03	3.994200e-01
4.640000e-05	-3.539648e-03	1.183383e-01
4.641000e-05	-1.610089e-03	-1.057644e-01
4.642000e-05	5.827074e-03	-3.363157e-01
4.643000e-05	-4.511937e-03	-5.462944e-01
4.644000e-05	3.679434e-03	-7.579263e-01
4.645000e-05	-2.816828e-03	-9.794511e-01
4.646000e-05	2.361171e-03	-1.209480e+00
4.647000e-05	-1.607422e-03	-1.454135e+00
4.648000e-05	2.077043e-02	-1.644662e+00
4.649000e-05	8.670569e-02	-1.872208e+00
4.650000e-05	-1.439484e-03	-2.148423e+00
4.651000e-05	-6.433321e-02	-2.536247e+00
4.652000e-05	-4.414806e-03	-2.747874e+00
4.653000e-05	-6.021804e-02	-2.937300e+00
4.654000e-05	-5.293870e-02	-3.177822e+00
4.655000e-05	1.780431e-01	-3.241113e+00
4.656000e-05	-9.362548e-02	-3.453691e+00
4.657000e-05	1.288037e-03	-3.694816e+00
4.658000e-05	1.029430e-01	-3.946694e+00
4.659000e-05	-1.880147e-01	-4.199955e+00
4.660000e-05	1.540831e-01	-4.358952e+00
4.661000e-05	-3.585485e-02	-4.557904e+00
4.662000e-05	-4.709820e-02	-4.862638e+00
4.663000e-05	1.494587e-01	-5.051613e+00
4.664000e-05	-1.427303e-01	-5.324878e+00
4.665000e-05	9.972764e-02	-5.609005e+00
4.666000e-05	-2.523321e-02	-5.757478e+00
4.667000e-05	-4.086439e-02	-6.032034e+00
4.668000e-05	1.009258e-01	-6.202609e+00
4.669000e-05	-9.989008e-02	-6.472063e+00
4.670000e-05	1.082379e-01	-6.642663e+00
4.671000e-05	-4.835010e-02	-6.883716e+00
4.672000e-05	3.643663e-02	-7.147347e+00
4.673000e-05	4.383230e-02	-7.295741e+00
4.674000e-05	-8.625627e-02	-7.494801e+00
4.675000e-05	9.942923e-02	-7.706300e+00
4.676000e-05	-6.378971e-02	-7.978899e+00
4.677000e-05	7.168969e-02	-8.136821e+00
4.678000e-05	-7.614499e-03	-8.303719e+00
4.679000e-05	3.943224e-03	-8.513196e+00
4.680000e-05	2.854185e-02	-8.662747e+00
4.681000e-05	-3.165503e-02	-8.843088e+00
4.682000e-05	6.230275e-02	-8.999583e+00
4.683000e-05	-1.580307e-02	-9.117481e+00
4.684000e-05	4.362471e-02	-9.325354e+00
4.685000e-05	-2.111870e-02	-9.534819e+00
4.686000e-05	2.293696e-02	-9.672644e+00
4.687000e-05	2.290630e-02	-9.808560e+00
4.688000e-05	8.496483e-03	-9.915875e+00
4.689000e-05	2.368327e-02	-1.010317e+01
4.690000e-05	7.195338e-04	-1.026170e+01
4.691000e-05	3.415907e-02	-1.041108e+01
4.692000e-05	-8.545127e-04	-1.053588e+01
4.693000e-05	3.072664e-02	-1.067416e+01
4.694000e-05	1.076954e-02	-1.080901e+01
4.695000e-05	2.590980e-02	-1.091685e+01
4.696000e-05	5.861790e-03	-1.108272e+01
4.697000e-05	2.541097e-02	-1.122001e+01
4.698000e-05	2.473343e-02	-1.131483e+01
4.699000e-05	2.082463e-02	-1.141364e+01
4.700000e-05	1.903228e-02	-1.153745e+01
4.701000e-05	1.991171e-02	-1.162222e+01
4.702000e-05	3.022233e-02	-1.182908e+01
4.703000e-05	1.773557e-02	-1.190492e+01
4.704000e-05	2.788966e-02	-1.201003e+01
4.705000e-05	2.317047e-02	-1.208329e+01
4.706000e-05	2.814206e-02	-1.213798e+01
4.707000e-05	2.155794e-02	-1.221063e+01
4.708000e-05	3.176695e-02	-1.230324e+01
4.709000e-05	3.025085e-02	-1.234592e+01
4.710000e-05	2.918519e-02	-1.238013e+01
4.711000e-05	2.651587e-02	-1.248217e+01
4.712000e-05	3.017891e-02	-1.246485e+01
4.713000e-05	3.252335e-02	-1.258848e+01
4.714000e-05	3.050765e-02	-1.260956e+01
4.715000e-05	3.421273e-02	-1.263017e+01
4.716000e-05	3.501771e-02	-1.271335e+01
4.717000e-05	3.379205e-02	-1.271895e+01
4.718000e-05	3.410992e-02	-1.273693e+01
4.719000e-05	3.535636e-02	-1.277953e+01
4.720000e-05	3.812548e-02	-1.276910e+01
4.721000e-05	3.725994e-02	-1.282064e+01
4.722000e-05	3.985376e-02	-1.282058e+01
4.723000e-05	4.150378e-02	-1.282166e+01
4.724000e-05	4.031385e-02	-1.285311e+01
4.725000e-05	4.045844e-02	-1.279164e+01
4.726000e-05	4.176728e-02	-1.283108e+01
4.727000e-05	4.629697e-02	-1.282116e+01
4.728000e-05	4.639754e-02	-1.278151e+01
4.729000e-05	4.890120e-02	-1.275901e+01
4.730000e-05	4.969882e-02	-1.273840e+01
4.731000e-05	5.086524e-02	-1.270387e+01
4.732000e-05	5.427575e-02	-1.266317e+01
4.733000e-05	5.692235e-02	-1.265021e+01
4.734000e-05	5.902236e-02	-1.255809e+01
4.735000e-05	6.043386e-02	-1.249590e+01
4.736000e-05	6.372771e-02	-1.245422e+01
4.737000e-05	6.587703e-02	-1.240856e+01
4.738000e-05	6.744318e-02	-1.232593e+01
4.739000e-05	6.838933e-02	-1.224114e+01
4.740000e-05	7.133619e-02	-1.219003e+01
4.741000e-05	7.054337e-02	-1.212587e+01
4.742000e-05	6.978472e-02	-1.202154e+01
4.743000e-05	6.817079e-02	-1.196697e+01
4.744000e-05	6.649727e-02	-1.183169e+01
4.745000e-05	6.440443e-02	-1.176438e+01
4.746000e-05	6.104611e-02	-1.160061e+01
4.747000e-05	5.807741e-02	-1.149480e+01
4.748000e-05	5.664950e-02	-1.140909e+01
4.749000e-05	5.265926e-02	-1.127176e+01
4.750000e-05	5.026758e-02	-1.112635e+01
4.751000e-05	4.546436e-02	-1.094901e+01
4.752000e-05	4.277381e-02	-1.088430e+01
4.753000e-05	4.232450e-02	-1.077850e+01
4.754000e-05	4.093945e-02	-1.068329e+01
4.755000e-05	3.732895e-02	-1.053590e+01
4.756000e-05	3.524090e-02	-1.042113e+01
4.757000e-05	3.318712e-02	-1.024124e+01
4.758000e-05	3.218921e-02	-1.009329e+01
4.759000e-05	2.873845e-02	-9.946896e+00
4.760000e-05	2.763477e-02	-9.819612e+00
4.761000e-05	2.673608e-02	-9.654715e+00
4.762000e-05	2.556008e-02	-9.495320e+00
4.763000e-05	2.418346e-02	-9.355979e+00
4.764000e-05	2.233510e-02	-9.168425e+00
4.765000e-05	2.184636e-02	-9.019105e+00
4.766000e-05	2.006980e-02	-8.862133e+00
4.767000e-05	1.826431e-02	-8.652765e+00
4.768000e-05	1.896555e-02	-8.422564e+00
4.769000e-05	1.707968e-02	-8.294187e+00
4.770000e-05	1.639068e-02	-8.105342e+00
4.771000e-05	1.343461e-02	-7.927347e+00
4.772000e-05	1.357872e-02	-7.713170e+00
4.773000e-05	1.375742e-02	-7.465763e+00
4.774000e-05	1.179077e-02	-7.294692e+00
4.775000e-05	1.071506e-02	-7.104895e+00
4.776000e-05	9.660739e-03	-6.851742e+00
4.777000e-05	9.945886e-03	-6.654787e+00
4.778000e-05	1.002098e-02	-6.462265e+00
4.779000e-05	8.578990e-03	-6.333267e+00
4.780000e-05	7.604033e-03	-6.062063e+00
4.781000e-05	6.529762e-03	-5.842580e+00
4.782000e-05	6.039855e-03	-5.665183e+00
4.783000e-05	4.425893e-03	-5.440159e+00
4.784000e-05	7.070346e-03	-5.178527e+00
4.785000e-05	2.792169e-03	-4.939345e+00
4.786000e-05	6.166133e-03	-4.642659e+00
4.787000e-05	2.845973e-03	-4.483733e+00
4.788000e-05	4.393038e-03	-4.294162e+00
4.789000e-05	1.651945e-03	-4.053686e+00
4.790000e-05	4.588426e-03	-3.873210e+00
4.791000e-05	2.071474e-03	-3.600502e+00
4.792000e-05	1.235498e-03	-3.379500e+00
4.793000e-05	5.592670e-04	-3.127397e+00
4.794000e-05	5.258142e-04	-2.914813e+00
4.795000e-05	7.369578e-05	-2.703586e+00
4.796000e-05	-8.096684e-04	-2.491659e+00
4.797000e-05	-6.938097e-04	-2.201049e+00
4.798000e-05	-1.587199e-03	-1.967393e+00
4.799000e-05	-1.094706e-03	-1.737888e+00
4.800000e-05	-2.116760e-03	-1.487187e+00
4.801000e-05	-2.597553e-03	-1.180525e+00
4.802000e-05	-3.648419e-03	-9.289198e-01
4.803000e-05	-3.490378e-03	-7.258421e-01
4.804000e-05	-4.763293e-03	-4.527367e-01
4.805000e-05	-3.567019e-03	-2.426289e-01
4.806000e-05	-2.832413e-03	-3.152626e-02
4.807000e-05	4.724927e-03	1.905536e-01
4.808000e-05	-5.929512e-05	4.411303e-01
4.809000e-05	-2.773534e-03	6.721318e-01
4.810000e-05	-5.286562e-04	8.516530e-01
4.811000e-05	-2.984747e-03	1.115292e+00
4.812000e-05	-2.562214e-03	1.318392e+00
4.813000e-05	-2.063413e-03	1.578055e+00
4.814000e-05	1.533500e-02	1.850527e+00
4.815000e-05	6.367465e-02	2.061105e+00
4.816000e-05	2.452660e-02	2.301691e+00
4.817000e-05	-7.928279e-02	2.565876e+00
4.818000e-05	-2.107324e-02	2.831575e+00
4.819000e-05	-3.540843e-02	3.022159e+00
4.820000e-05	-6.184737e-02	3.203474e+00
4.821000e-05	2.054975e-02	3.389875e+00
4.822000e-05	1.271173e-01	3.609500e+00
4.823000e-05	-1.741487e-01	3.790999e+00
4.824000e-05	1.187322e-01	3.958529e+00
4.825000e-05	-1.681902e-02	4.232114e+00
4.826000e-05	-8.703141e-02	4.483341e+00
4.827000e-05	8.512232e-02	4.676243e+00
4.828000e-05	-5.382309e-02	4.957425e+00
4.829000e-05	3.963304e-03	5.220603e+00
4.830000e-05	1.112485e-02	5.494162e+00
4.831000e-05	-3.871183e-02	5.684767e+00
4.832000e-05	1.970493e-02	5.956219e+00
4.833000e-05	-3.541032e-02	6.136370e+00
4.834000e-05	-5.203383e-03	6.346872e+00
4.835000e-05	-2.129335e-02	6.546402e+00
4.836000e-05	3.371571e-03	6.810029e+00
4.837000e-05	1.273530e-02	7.019555e+00
4.838000e-05	-4.302865e-02	7.209479e+00
4.839000e-05	2.949196e-02	7.378058e+00
4.840000e-05	-4.869586e-02	7.601088e+00
4.841000e-05	-6.631028e-03	7.862140e+00
4.842000e-05	-6.470639e-03	8.083238e+00
4.843000e-05	-1.525271e-02	8.252664e+00
4.844000e-05	-6.201775e-04	8.430580e+00
4.845000e-05	-3.144994e-02	8.580007e+00
4.846000e-05	-7.529002e-03	8.726396e+00
4.847000e-05	-2.206167e-02	8.905848e+00
4.848000e-05	-4.324882e-03	9.103818e+00
4.849000e-05	-2.188785e-02	9.223661e+00
4.850000e-05	-1.376271e-02	9.409135e+00
4.851000e-05	-1.129485e-02	9.546870e+00
4.852000e-05	-2.550954e-02	9.716877e+00
4.853000e-05	-1.658917e-02	9.904243e+00
4.854000e-05	-1.656298e-02	1.003119e+01
4.855000e-05	-1.405384e-02	1.019853e+01
4.856000e-05	-2.707576e-02	1.029587e+01
4.857000e-05	-1.740741e-02	1.049217e+01
4.858000e-05	-1.885758e-02	1.060156e+01
4.859000e-05	-2.186726e-02	1.075740e+01
4.860000e-05	-2.795052e-02	1.089323e+01
4.861000e-05	-1.982941e-02	1.101046e+01
4.862000e-05	-2.199300e-02	1.114594e+01
4.863000e-05	-2.736837e-02	1.121111e+01
4.864000e-05	-2.618398e-02	1.140053e+01
4.865000e-05	-2.348360e-02	1.152735e+01
4.866000e-05	-2.510678e-02	1.165119e+01
4.867000e-05	-2.960043e-02	1.176698e+01
4.868000e-05	-2.709869e-02	1.185114e+01
4.869000e-05	-2.880299e-02	1.194638e+01
4.870000e-05	-2.997213e-02	1.203111e+01
4.871000e-05	-3.066274e-02	1.209437e+01
4.872000e-05	-2.940092e-02	1.216011e+01
4.873000e-05	-3.229955e-02	1.230420e+01
4.874000e-05	-3.408912e-02	1.233583e+01
4.875000e-05	-3.068722e-02	1.243014e+01
4.876000e-05	-3.389629e-02	1.244324e+01
4.877000e-05	-3.490022e-02	1.250490e+01
4.878000e-05	-3.799895e-02	1.257798e+01
4.879000e-05	-3.673304e-02	1.258011e+01
4.880000e-05	-3.880144e-02	1.261921e+01
4.881000e-05	-3.915077e-02	1.265384e+01
4.882000e-05	-3.927239e-02	1.271529e+01
4.883000e-05	-4.046597e-02	1.274538e+01
4.884000e-05	-4.353121e-02	1.271740e+01
4.885000e-05	-4.388786e-02	1.275803e+01
4.886000e-05	-4.169476e-02	1.277958e+01
4.887000e-05	-4.401306e-02	1.281958e+01
4.888000e-05	-4.584018e-02	1.282113e+01
4.889000e-05	-4.758751e-02	1.282109e+01
4.890000e-05	-4.760397e-02	1.277811e+01
4.891000e-05	-5.021924e-02	1.281954e+01
4.892000e-05	-5.087504e-02	1.279099e+01
4.893000e-05	-5.052816e-02	1.276961e+01
4.894000e-05	-5.276757e-02	1.274751e+01
4.895000e-05	-5.535536e-02	1.275696e+01
4.896000e-05	-5.648038e-02	1.273592e+01
4.897000e-05	-5.841077e-02	1.268497e+01
4.898000e-05	-6.119238e-02	1.266216e+01
4.899000e-05	-6.336765e-02	1.263211e+01
4.900000e-05	-6.583509e-02	1.260950e+01
4.901000e-05	-6.832615e-02	1.255640e+01
4.902000e-05	-7.250305e-02	1.246579e+01
4.903000e-05	-7.358809e-02	1.245121e+01
4.904000e-05	-7.458881e-02	1.234940e+01
4.905000e-05	-7.702096e-02	1.231422e+01
4.906000e-05	-7.711752e-02	1.225908e+01
4.907000e-05	-7.707730e-02	1.212477e+01
4.908000e-05	-7.452069e-02	1.196956e+01
4.909000e-05	-7.445063e-02	1.192640e+01
4.910000e-05	-7.322754e-02	1.183066e+01
4.911000e-05	-6.987543e-02	1.169693e+01
4.912000e-05	-6.669193e-02	1.165961e+01
4.913000e-05	-6.410669e-02	1.151590e+01
4.914000e-05	-6.265062e-02	1.133753e+01
4.915000e-05	-5.721170e-02	1.121221e+01
4.916000e-05	-5.675420e-02	1.112647e+01
4.917000e-05	-5.156436e-02	1.101066e+01
4.918000e-05	-5.265827e-02	1.089542e+01
4.919000e-05	-4.801485e-02	1.080808e+01
4.920000e-05	-4.640977e-02	1.067322e+01
4.921000e-05	-4.317069e-02	1.053593e+01
4.922000e-05	-4.330498e-02	1.035905e+01
4.923000e-05	-3.911157e-02	1.023113e+01
4.924000e-05	-3.742404e-02	1.011332e+01
4.925000e-05	-3.670151e-02	1.000890e+01
4.926000e-05	-3.583707e-02	9.799109e+00
4.927000e-05	-3.330755e-02	9.559661e+00
4.928000e-05	-3.111035e-02	9.442815e+00
4.929000e-05	-3.145460e-02	9.315844e+00
4.930000e-05	-3.107772e-02	9.147951e+00
4.931000e-05	-2.824138e-02	9.008003e+00
4.932000e-05	-2.656967e-02	8.769049e+00
4.933000e-05	-2.641648e-02	8.589635e+00
4.934000e-05	-2.670278e-02	8.442665e+00
4.935000e-05	-2.506725e-02	8.283236e+00
4.936000e-05	-2.303879e-02	8.061237e+00
4.937000e-05	-2.170857e-02	7.863165e+00
4.938000e-05	-2.202661e-02	7.683785e+00
4.939000e-05	-2.087182e-02	7.514187e+00
4.940000e-05	-2.104096e-02	7.232106e+00
4.941000e-05	-2.088425e-02	7.041659e+00
4.942000e-05	-2.018446e-02	6.862132e+00
4.943000e-05	-1.894729e-02	6.661762e+00
4.944000e-05	-1.788567e-02	6.380582e+00
4.945000e-05	-1.698230e-02	6.241108e+00
4.946000e-05	-1.733987e-02	6.011606e+00
4.947000e-05	-1.638743e-02	5.842658e+00
4.948000e-05	-1.598675e-02	5.590499e+00
4.949000e-05	-1.425782e-02	5.417529e+00
4.950000e-05	-1.488790e-02	5.127445e+00
4.951000e-05	-1.398767e-02	4.813232e+00
4.952000e-05	-1.300487e-02	4.651708e+00
4.953000e-05	-1.189230e-02	4.421653e+00
4.954000e-05	-1.253947e-02	4.221154e+00
4.955000e-05	-1.228471e-02	3.979419e+00
4.956000e-05	-1.175425e-02	3.748396e+00
4.957000e-05	-9.663732e-03	3.529919e+00
4.958000e-05	-9.697758e-03	3.264862e+00
4.959000e-05	-1.097154e-02	3.063732e+00
4.960000e-05	-1.025230e-02	2.833084e+00
4.961000e-05	-9.042288e-03	2.621604e+00
4.962000e-05	-8.885833e-03	2.326896e+00
4.963000e-05	-8.597084e-03	2.136917e+00
4.964000e-05	-7.883974e-03	1.925791e+00
4.965000e-05	-7.715458e-03	1.633203e+00
4.966000e-05	-6.643346e-03	1.390575e+00
4.967000e-05	-6.697090e-03	1.157520e+00
4.968000e-05	-6.602403e-03	8.832356e-01
4.969000e-05	-6.091250e-03	6.621290e-01
4.970000e-05	-5.289874e-03	4.200290e-01
4.971000e-05	-4.335082e-03	1.594724e-01
4.972000e-05	-3.913206e-03	-5.263534e-02
4.973000e-05	7.214564e-03	-3.031855e-01
4.974000e-05	-2.045597e-03	-5.042930e-01
4.975000e-05	2.202747e-03	-7.663461e-01
4.976000e-05	-2.551350e-03	-9.258247e-01
4.977000e-05	1.498690e-03	-1.165822e+00
4.978000e-05	-8.737915e-04	-1.416478e+00
4.979000e-05	1.448092e-02	-1.621584e+00
4.980000e-05	7.509913e-02	-1.830633e+00
4.981000e-05	3.276211e-02	-2.103117e+00
4.982000e-05	-8.124432e-02	-2.462564e+00
4.983000e-05	4.166864e-04	-2.694266e+00
4.984000e-05	-5.516583e-02	-2.923871e+00
4.985000e-05	-6.774740e-02	-3.108295e+00
4.986000e-05	1.496038e-01	-3.221556e+00
4.987000e-05	-1.273966e-02	-3.459037e+00
4.988000e-05	-6.477348e-02	-3.663118e+00
4.989000e-05	1.593697e-01	-3.885138e+00
4.990000e-05	-2.016220e-01	-4.146320e+00
4.991000e-05	1.066549e-01	-4.347895e+00
4.992000e-05	2.106428e-02	-4.484847e+00
4.993000e-05	-9.277945e-02	-4.838539e+00
4.994000e-05	1.653843e-01	-5.040558e+00
4.995000e-05	-1.083170e-01	-5.293616e+00
4.996000e-05	4.034544e-02	-5.569926e+00
4.997000e-05	3.373504e-02	-5.746400e+00
4.998000e-05	-9.352731e-02	-5.989006e+00
4.999000e-05	1.255169e-01	-6.138954e+00
