# 260406_15:22:57.787632
t	CH1	CH2
0.000000e+00	-7.821894e-03	1.252059e+00
1.000000e-08	-6.425276e-03	1.010426e+00
2.000000e-08	-5.922260e-03	7.262655e-01
3.000000e-08	-4.862935e-03	5.051642e-01
4.000000e-08	-5.020844e-03	2.951891e-01
5.000000e-08	-4.988788e-03	-4.224922e-05
6.000000e-08	3.208950e-03	-1.900463e-01
7.000000e-08	2.000932e-03	-4.199964e-01
8.000000e-08	-8.674006e-04	-6.621001e-01
9.000000e-08	7.529834e-04	-8.432292e-01
1.000000e-07	-5.175071e-04	-1.054157e+00
1.100000e-07	3.628581e-04	-1.323228e+00
1.200000e-07	4.565038e-03	-1.527944e+00
1.300000e-07	5.137227e-02	-1.676887e+00
1.400000e-07	7.358410e-02	-1.976920e+00
1.500000e-07	-6.529317e-02	-2.296837e+00
1.600000e-07	-1.674993e-02	-2.611548e+00
1.700000e-07	-3.396121e-02	-2.820522e+00
1.800000e-07	-7.300006e-02	-3.018449e+00
1.900000e-07	6.518705e-02	-3.188447e+00
2.000000e-07	8.722729e-02	-3.285782e+00
2.100000e-07	-1.465262e-01	-3.558995e+00
2.200000e-07	1.681047e-01	-3.737440e+00
2.300000e-07	-8.073595e-02	-3.990970e+00
2.400000e-07	-1.532124e-02	-4.193127e+00
2.500000e-07	1.153592e-01	-4.441024e+00
2.600000e-07	-1.106349e-01	-4.674726e+00
2.700000e-07	1.009277e-01	-4.854256e+00
2.800000e-07	4.039481e-03	-5.094761e+00
2.900000e-07	-6.168008e-02	-5.402073e+00
3.000000e-07	1.118590e-01	-5.613050e+00
3.100000e-07	-1.096939e-01	-5.844178e+00
3.200000e-07	9.415464e-02	-6.026103e+00
3.300000e-07	-2.323175e-02	-6.243727e+00
3.400000e-07	-6.111088e-03	-6.437833e+00
3.500000e-07	7.095587e-02	-6.674753e+00
3.600000e-07	-6.069803e-02	-6.918290e+00
3.700000e-07	1.082202e-01	-7.139489e+00
3.800000e-07	-6.797438e-02	-7.350387e+00
3.900000e-07	2.976140e-02	-7.529961e+00
4.000000e-07	2.635934e-02	-7.770933e+00
4.100000e-07	-1.801527e-02	-7.992518e+00
4.200000e-07	7.094223e-02	-8.139862e+00
4.300000e-07	-3.759540e-02	-8.297807e+00
4.400000e-07	5.758869e-02	-8.455134e+00
4.500000e-07	-2.621757e-02	-8.646850e+00
4.600000e-07	3.059122e-02	-8.844598e+00
4.700000e-07	2.573523e-02	-8.992546e+00
4.800000e-07	1.226674e-02	-9.130887e+00
4.900000e-07	2.918502e-02	-9.319761e+00
5.000000e-07	-1.804523e-02	-9.488205e+00
5.100000e-07	4.647226e-02	-9.645626e+00
5.200000e-07	1.468720e-03	-9.780015e+00
5.300000e-07	3.489614e-02	-9.917883e+00
5.400000e-07	5.117149e-03	-1.004460e+01
5.500000e-07	2.956982e-02	-1.023569e+01
5.600000e-07	1.580442e-02	-1.040146e+01
5.700000e-07	1.646538e-02	-1.048731e+01
5.800000e-07	2.661304e-02	-1.066413e+01
5.900000e-07	1.939356e-02	-1.077851e+01
6.000000e-07	2.509507e-02	-1.086566e+01
6.100000e-07	1.210082e-02	-1.100360e+01
6.200000e-07	3.526827e-02	-1.115684e+01
6.300000e-07	2.136738e-02	-1.122515e+01
6.400000e-07	3.036686e-02	-1.136252e+01
6.500000e-07	1.895835e-02	-1.144728e+01
6.600000e-07	3.355013e-02	-1.156299e+01
6.700000e-07	2.485582e-02	-1.167931e+01
6.800000e-07	2.731621e-02	-1.180359e+01
6.900000e-07	3.064444e-02	-1.187836e+01
7.000000e-07	3.090234e-02	-1.201402e+01
7.100000e-07	3.005665e-02	-1.206780e+01
7.200000e-07	2.862649e-02	-1.217986e+01
7.300000e-07	3.761453e-02	-1.220360e+01
7.400000e-07	3.315964e-02	-1.224513e+01
7.500000e-07	3.501626e-02	-1.229936e+01
7.600000e-07	3.098849e-02	-1.238094e+01
7.700000e-07	3.694485e-02	-1.238707e+01
7.800000e-07	3.673402e-02	-1.248763e+01
7.900000e-07	3.902556e-02	-1.252976e+01
8.000000e-07	4.001576e-02	-1.254236e+01
8.100000e-07	3.873703e-02	-1.256292e+01
8.200000e-07	4.117732e-02	-1.257467e+01
8.300000e-07	4.321724e-02	-1.259513e+01
8.400000e-07	4.484471e-02	-1.259523e+01
8.500000e-07	4.473495e-02	-1.261570e+01
8.600000e-07	4.612740e-02	-1.265628e+01
8.700000e-07	4.855731e-02	-1.271830e+01
8.800000e-07	4.661736e-02	-1.264888e+01
8.900000e-07	4.763331e-02	-1.268835e+01
9.000000e-07	5.168544e-02	-1.269829e+01
9.100000e-07	5.560749e-02	-1.266828e+01
9.200000e-07	5.575218e-02	-1.264822e+01
9.300000e-07	5.717713e-02	-1.264670e+01
9.400000e-07	6.041328e-02	-1.261563e+01
9.500000e-07	6.111523e-02	-1.260350e+01
9.600000e-07	6.188104e-02	-1.255302e+01
9.700000e-07	6.554809e-02	-1.248129e+01
9.800000e-07	6.973285e-02	-1.247683e+01
9.900000e-07	7.348406e-02	-1.240615e+01
1.000000e-06	7.555936e-02	-1.240244e+01
1.010000e-06	7.858825e-02	-1.233821e+01
1.020000e-06	8.255079e-02	-1.221566e+01
1.030000e-06	8.464455e-02	-1.219199e+01
1.040000e-06	8.492631e-02	-1.210723e+01
1.050000e-06	8.392828e-02	-1.202470e+01
1.060000e-06	8.259962e-02	-1.198194e+01
1.070000e-06	8.059945e-02	-1.185715e+01
1.080000e-06	7.657692e-02	-1.172141e+01
1.090000e-06	7.240224e-02	-1.167760e+01
1.100000e-06	7.044523e-02	-1.154236e+01
1.110000e-06	6.783771e-02	-1.144565e+01
1.120000e-06	6.586491e-02	-1.126881e+01
1.130000e-06	6.062890e-02	-1.116299e+01
1.140000e-06	5.649912e-02	-1.102613e+01
1.150000e-06	5.342195e-02	-1.098929e+01
1.160000e-06	5.015451e-02	-1.083515e+01
1.170000e-06	4.563398e-02	-1.076036e+01
1.180000e-06	4.313117e-02	-1.059255e+01
1.190000e-06	4.220884e-02	-1.052774e+01
1.200000e-06	4.029956e-02	-1.040894e+01
1.210000e-06	3.619394e-02	-1.015444e+01
1.220000e-06	3.532870e-02	-1.008610e+01
1.230000e-06	3.476049e-02	-9.947735e+00
1.240000e-06	3.195003e-02	-9.712369e+00
1.250000e-06	2.977872e-02	-9.603651e+00
1.260000e-06	2.860624e-02	-9.488634e+00
1.270000e-06	2.749487e-02	-9.330915e+00
1.280000e-06	2.573467e-02	-9.140841e+00
1.290000e-06	2.238084e-02	-8.993444e+00
1.300000e-06	2.153156e-02	-8.843944e+00
1.310000e-06	2.183163e-02	-8.658102e+00
1.320000e-06	2.152056e-02	-8.475608e+00
1.330000e-06	2.068088e-02	-8.287159e+00
1.340000e-06	1.882940e-02	-8.107259e+00
1.350000e-06	1.757997e-02	-7.920864e+00
1.360000e-06	1.608852e-02	-7.717180e+00
1.370000e-06	1.422550e-02	-7.477711e+00
1.380000e-06	1.416602e-02	-7.318787e+00
1.390000e-06	1.330643e-02	-7.109592e+00
1.400000e-06	1.212676e-02	-6.928109e+00
1.410000e-06	1.193079e-02	-6.696208e+00
1.420000e-06	1.177739e-02	-6.497189e+00
1.430000e-06	1.109853e-02	-6.350288e+00
1.440000e-06	9.727216e-03	-6.094161e+00
1.450000e-06	9.908657e-03	-5.886688e+00
1.460000e-06	8.459859e-03	-5.682708e+00
1.470000e-06	6.674882e-03	-5.496135e+00
1.480000e-06	5.857846e-03	-5.223550e+00
1.490000e-06	6.948641e-03	-4.980845e+00
1.500000e-06	6.468602e-03	-4.748237e+00
1.510000e-06	6.360732e-03	-4.507237e+00
1.520000e-06	3.871052e-03	-4.319266e+00
1.530000e-06	6.767910e-03	-4.126262e+00
1.540000e-06	3.973517e-03	-3.907739e+00
1.550000e-06	3.590785e-03	-3.673582e+00
1.560000e-06	2.086695e-03	-3.445008e+00
1.570000e-06	4.133719e-03	-3.203029e+00
1.580000e-06	1.924264e-03	-2.975875e+00
1.590000e-06	-4.210736e-04	-2.737768e+00
1.600000e-06	4.122148e-04	-2.505671e+00
1.610000e-06	1.748128e-03	-2.295715e+00
1.620000e-06	1.180381e-03	-2.051979e+00
1.630000e-06	-8.564773e-04	-1.820526e+00
1.640000e-06	-3.920529e-04	-1.590449e+00
1.650000e-06	-2.683647e-03	-1.338187e+00
1.660000e-06	-1.279149e-03	-1.052955e+00
1.670000e-06	-4.177377e-03	-8.514764e-01
1.680000e-06	-3.878877e-03	-6.002708e-01
1.690000e-06	-4.338075e-03	-3.452420e-01
1.700000e-06	-2.395410e-03	-1.266344e-01
1.710000e-06	-2.649535e-05	9.334067e-02
1.720000e-06	3.678563e-03	3.874462e-01
1.730000e-06	-3.220363e-03	5.475213e-01
1.740000e-06	1.324704e-03	7.579197e-01
1.750000e-06	-4.359650e-03	9.586135e-01
1.760000e-06	-2.637998e-03	1.254232e+00
1.770000e-06	-4.884074e-03	1.504238e+00
1.780000e-06	4.895004e-03	1.707342e+00
1.790000e-06	3.637725e-02	1.904890e+00
1.800000e-06	6.450207e-02	2.137020e+00
1.810000e-06	-5.134572e-02	2.421127e+00
1.820000e-06	-4.525135e-02	2.725856e+00
1.830000e-06	-2.977354e-02	2.927390e+00
1.840000e-06	-4.595062e-02	3.097860e+00
1.850000e-06	-5.602658e-02	3.243686e+00
1.860000e-06	1.335169e-01	3.454408e+00
1.870000e-06	-5.698753e-02	3.674258e+00
1.880000e-06	-4.109065e-02	3.866809e+00
1.890000e-06	1.127560e-01	4.096406e+00
1.900000e-06	-1.205879e-01	4.400520e+00
1.910000e-06	3.495979e-02	4.549970e+00
1.920000e-06	1.141738e-02	4.811146e+00
1.930000e-06	-4.823636e-02	5.038254e+00
1.940000e-06	3.176478e-02	5.299909e+00
1.950000e-06	-3.596411e-02	5.568941e+00
1.960000e-06	-1.322555e-03	5.730692e+00
1.970000e-06	-1.264733e-02	6.012574e+00
1.980000e-06	-2.792799e-02	6.224225e+00
1.990000e-06	-3.473442e-03	6.382050e+00
2.000000e-06	-2.872895e-02	6.664175e+00
2.010000e-06	2.583121e-02	6.855731e+00
2.020000e-06	-3.396458e-02	7.064807e+00
2.030000e-06	-5.283182e-04	7.253632e+00
2.040000e-06	-9.844099e-03	7.476326e+00
2.050000e-06	-3.985725e-02	7.697332e+00
2.060000e-06	2.321661e-03	7.896335e+00
2.070000e-06	-2.482121e-02	8.087866e+00
2.080000e-06	-2.742098e-03	8.265430e+00
2.090000e-06	-2.336846e-02	8.433753e+00
2.100000e-06	-2.463582e-02	8.633552e+00
2.110000e-06	-1.491028e-02	8.762413e+00
2.120000e-06	-1.819915e-02	8.918337e+00
2.130000e-06	-1.051716e-02	9.078907e+00
2.140000e-06	-2.742530e-02	9.294204e+00
2.150000e-06	-1.086411e-02	9.451223e+00
2.160000e-06	-2.266670e-02	9.550968e+00
2.170000e-06	-2.548335e-02	9.740490e+00
2.180000e-06	-2.057521e-02	9.878384e+00
2.190000e-06	-2.004382e-02	1.005468e+01
2.200000e-06	-2.035717e-02	1.019305e+01
2.210000e-06	-2.872247e-02	1.031736e+01
2.220000e-06	-1.910963e-02	1.047470e+01
2.230000e-06	-2.538207e-02	1.060367e+01
2.240000e-06	-2.713735e-02	1.078853e+01
2.250000e-06	-2.775989e-02	1.089725e+01
2.260000e-06	-2.475175e-02	1.100104e+01
2.270000e-06	-2.834170e-02	1.110836e+01
2.280000e-06	-3.097780e-02	1.122555e+01
2.290000e-06	-2.642806e-02	1.136089e+01
2.300000e-06	-2.876970e-02	1.148873e+01
2.310000e-06	-3.037428e-02	1.160311e+01
2.320000e-06	-3.222917e-02	1.172988e+01
2.330000e-06	-2.981941e-02	1.182464e+01
2.340000e-06	-3.406693e-02	1.189733e+01
2.350000e-06	-3.609790e-02	1.197049e+01
2.360000e-06	-3.357052e-02	1.204670e+01
2.370000e-06	-3.555165e-02	1.211944e+01
2.380000e-06	-3.779280e-02	1.217214e+01
2.390000e-06	-3.795621e-02	1.222788e+01
2.400000e-06	-3.572096e-02	1.234147e+01
2.410000e-06	-3.974009e-02	1.242401e+01
2.420000e-06	-4.269105e-02	1.244520e+01
2.430000e-06	-4.318281e-02	1.251786e+01
2.440000e-06	-4.217485e-02	1.251937e+01
2.450000e-06	-4.276445e-02	1.254152e+01
2.460000e-06	-4.568768e-02	1.262262e+01
2.470000e-06	-4.516360e-02	1.260410e+01
2.480000e-06	-4.920829e-02	1.263520e+01
2.490000e-06	-5.006304e-02	1.268618e+01
2.500000e-06	-5.008148e-02	1.267878e+01
2.510000e-06	-4.996498e-02	1.270788e+01
2.520000e-06	-5.201881e-02	1.271833e+01
2.530000e-06	-5.401197e-02	1.272886e+01
2.540000e-06	-5.597947e-02	1.269890e+01
2.550000e-06	-5.812567e-02	1.269731e+01
2.560000e-06	-5.994019e-02	1.271881e+01
2.570000e-06	-5.982811e-02	1.268576e+01
2.580000e-06	-6.054286e-02	1.272778e+01
2.590000e-06	-6.420203e-02	1.265575e+01
2.600000e-06	-6.650958e-02	1.262570e+01
2.610000e-06	-6.916180e-02	1.261410e+01
2.620000e-06	-7.085399e-02	1.257402e+01
2.630000e-06	-7.460478e-02	1.252187e+01
2.640000e-06	-7.756390e-02	1.250879e+01
2.650000e-06	-8.001933e-02	1.248473e+01
2.660000e-06	-8.271140e-02	1.241513e+01
2.670000e-06	-8.630093e-02	1.236192e+01
2.680000e-06	-8.976244e-02	1.228576e+01
2.690000e-06	-9.086017e-02	1.221454e+01
2.700000e-06	-8.979961e-02	1.214089e+01
2.710000e-06	-9.016863e-02	1.206570e+01
2.720000e-06	-8.928017e-02	1.193087e+01
2.730000e-06	-8.644009e-02	1.189620e+01
2.740000e-06	-8.226885e-02	1.177292e+01
2.750000e-06	-8.017558e-02	1.166723e+01
2.760000e-06	-7.547007e-02	1.158141e+01
2.770000e-06	-7.155182e-02	1.146613e+01
2.780000e-06	-6.746083e-02	1.134034e+01
2.790000e-06	-6.560738e-02	1.120352e+01
2.800000e-06	-6.209413e-02	1.113774e+01
2.810000e-06	-5.904510e-02	1.095200e+01
2.820000e-06	-5.582786e-02	1.087573e+01
2.830000e-06	-5.340260e-02	1.079239e+01
2.840000e-06	-4.985022e-02	1.067610e+01
2.850000e-06	-4.741018e-02	1.051821e+01
2.860000e-06	-4.454071e-02	1.035046e+01
2.870000e-06	-4.243483e-02	1.022352e+01
2.880000e-06	-4.139200e-02	1.006823e+01
2.890000e-06	-3.927012e-02	9.950987e+00
2.900000e-06	-3.890308e-02	9.772542e+00
2.910000e-06	-3.602093e-02	9.613497e+00
2.920000e-06	-3.543479e-02	9.484101e+00
2.930000e-06	-3.421423e-02	9.327358e+00
2.940000e-06	-3.244287e-02	9.161017e+00
2.950000e-06	-2.891261e-02	8.921291e+00
2.960000e-06	-2.879509e-02	8.821419e+00
2.970000e-06	-2.883724e-02	8.583602e+00
2.980000e-06	-2.760423e-02	8.475635e+00
2.990000e-06	-2.624882e-02	8.266810e+00
3.000000e-06	-2.556551e-02	8.095206e+00
3.010000e-06	-2.541954e-02	7.876734e+00
3.020000e-06	-2.378126e-02	7.716336e+00
3.030000e-06	-2.175766e-02	7.497789e+00
3.040000e-06	-2.234945e-02	7.296185e+00
3.050000e-06	-2.277924e-02	7.076686e+00
3.060000e-06	-2.126489e-02	6.908682e+00
3.070000e-06	-1.981052e-02	6.667211e+00
3.080000e-06	-1.977212e-02	6.476732e+00
3.090000e-06	-1.957925e-02	6.255706e+00
3.100000e-06	-1.852287e-02	6.066236e+00
3.110000e-06	-1.739120e-02	5.857810e+00
3.120000e-06	-1.744672e-02	5.644085e+00
3.130000e-06	-1.814096e-02	5.454080e+00
3.140000e-06	-1.558771e-02	5.232922e+00
3.150000e-06	-1.416147e-02	4.918262e+00
3.160000e-06	-1.391428e-02	4.686213e+00
3.170000e-06	-1.479598e-02	4.494285e+00
3.180000e-06	-1.355494e-02	4.308263e+00
3.190000e-06	-1.283009e-02	4.032028e+00
3.200000e-06	-1.191012e-02	3.812481e+00
3.210000e-06	-1.317922e-02	3.622001e+00
3.220000e-06	-1.146350e-02	3.343925e+00
3.230000e-06	-1.085558e-02	3.128818e+00
3.240000e-06	-9.791831e-03	2.918343e+00
3.250000e-06	-1.007454e-02	2.757791e+00
3.260000e-06	-9.283471e-03	2.432683e+00
3.270000e-06	-8.551813e-03	2.209930e+00
3.280000e-06	-8.219464e-03	2.011026e+00
3.290000e-06	-8.999723e-03	1.771375e+00
3.300000e-06	-7.884132e-03	1.496217e+00
3.310000e-06	-7.733178e-03	1.264060e+00
3.320000e-06	-6.529871e-03	1.010500e+00
3.330000e-06	-5.993088e-03	7.377943e-01
3.340000e-06	-5.584198e-03	5.151669e-01
3.350000e-06	-4.453542e-03	3.062893e-01
3.360000e-06	-4.169009e-03	2.507632e-03
3.370000e-06	3.316619e-03	-1.779962e-01
3.380000e-06	2.493921e-03	-3.994950e-01
3.390000e-06	-1.685311e-03	-6.115240e-01
3.400000e-06	1.547892e-03	-8.611279e-01
3.410000e-06	-1.755242e-03	-1.064128e+00
3.420000e-06	2.003724e-04	-1.233630e+00
3.430000e-06	3.823937e-03	-1.487417e+00
3.440000e-06	4.808973e-02	-1.716890e+00
3.450000e-06	8.002210e-02	-1.917810e+00
3.460000e-06	-6.081278e-02	-2.285357e+00
3.470000e-06	-2.053391e-02	-2.601544e+00
3.480000e-06	-3.128786e-02	-2.809974e+00
3.490000e-06	-7.316956e-02	-3.002043e+00
3.500000e-06	4.963278e-02	-3.156886e+00
3.510000e-06	1.086475e-01	-3.293807e+00
3.520000e-06	-1.486114e-01	-3.597889e+00
3.530000e-06	1.513814e-01	-3.746288e+00
3.540000e-06	-6.056809e-02	-3.990514e+00
3.550000e-06	-3.400356e-02	-4.232078e+00
3.560000e-06	1.263213e-01	-4.409997e+00
3.570000e-06	-1.060420e-01	-4.643251e+00
3.580000e-06	8.756859e-02	-4.883808e+00
3.590000e-06	2.120768e-02	-5.085758e+00
3.600000e-06	-8.143447e-02	-5.352045e+00
3.610000e-06	1.173966e-01	-5.601000e+00
3.620000e-06	-1.039031e-01	-5.834202e+00
3.630000e-06	8.515861e-02	-6.010599e+00
3.640000e-06	-8.888552e-03	-6.203073e+00
3.650000e-06	-2.114667e-02	-6.476853e+00
3.660000e-06	8.079512e-02	-6.665828e+00
3.670000e-06	-6.622848e-02	-6.889257e+00
3.680000e-06	1.056644e-01	-7.148862e+00
3.690000e-06	-5.676879e-02	-7.347840e+00
3.700000e-06	1.805032e-02	-7.518363e+00
3.710000e-06	3.377301e-02	-7.720933e+00
3.720000e-06	-2.878045e-02	-7.979488e+00
3.730000e-06	7.547881e-02	-8.136940e+00
3.740000e-06	-3.495150e-02	-8.286305e+00
3.750000e-06	5.377614e-02	-8.455106e+00
3.760000e-06	-2.157354e-02	-8.685754e+00
3.770000e-06	2.444742e-02	-8.873226e+00
3.780000e-06	3.147837e-02	-8.943021e+00
3.790000e-06	6.621808e-03	-9.139387e+00
3.800000e-06	3.127538e-02	-9.337336e+00
3.810000e-06	-2.011558e-02	-9.507805e+00
3.820000e-06	4.810983e-02	-9.663126e+00
3.830000e-06	3.695831e-03	-9.770543e+00
3.840000e-06	3.286764e-02	-9.928336e+00
3.850000e-06	5.848463e-03	-1.006513e+01
3.860000e-06	2.647514e-02	-1.022614e+01
3.870000e-06	1.798160e-02	-1.038049e+01
3.880000e-06	1.449924e-02	-1.053884e+01
3.890000e-06	2.830485e-02	-1.064363e+01
3.900000e-06	2.015489e-02	-1.073038e+01
3.910000e-06	2.459765e-02	-1.084570e+01
3.920000e-06	1.007610e-02	-1.099364e+01
3.930000e-06	3.421938e-02	-1.113889e+01
3.940000e-06	2.291115e-02	-1.125873e+01
3.950000e-06	2.928238e-02	-1.133146e+01
3.960000e-06	1.992793e-02	-1.146873e+01
3.970000e-06	3.285672e-02	-1.161247e+01
3.980000e-06	2.637502e-02	-1.171033e+01
3.990000e-06	2.586146e-02	-1.180362e+01
4.000000e-06	3.051659e-02	-1.190943e+01
4.010000e-06	3.002304e-02	-1.201502e+01
4.020000e-06	3.037841e-02	-1.206823e+01
4.030000e-06	2.922198e-02	-1.214991e+01
4.040000e-06	3.864629e-02	-1.219447e+01
4.050000e-06	3.349484e-02	-1.225568e+01
4.060000e-06	3.440500e-02	-1.229983e+01
4.070000e-06	3.114315e-02	-1.237237e+01
4.080000e-06	3.833051e-02	-1.243200e+01
4.090000e-06	3.673247e-02	-1.244610e+01
4.100000e-06	3.860136e-02	-1.249028e+01
4.110000e-06	4.033657e-02	-1.252136e+01
4.120000e-06	3.876351e-02	-1.254190e+01
4.130000e-06	4.020739e-02	-1.259350e+01
4.140000e-06	4.270546e-02	-1.263512e+01
4.150000e-06	4.605927e-02	-1.262512e+01
4.160000e-06	4.425343e-02	-1.264820e+01
4.170000e-06	4.492615e-02	-1.267833e+01
4.180000e-06	4.901056e-02	-1.267726e+01
4.190000e-06	4.842209e-02	-1.266823e+01
4.200000e-06	4.947037e-02	-1.271076e+01
4.210000e-06	5.043922e-02	-1.272726e+01
4.220000e-06	5.402119e-02	-1.269820e+01
4.230000e-06	5.523941e-02	-1.266718e+01
4.240000e-06	5.660713e-02	-1.263715e+01
4.250000e-06	6.006334e-02	-1.262762e+01
4.260000e-06	6.120687e-02	-1.257355e+01
4.270000e-06	6.364390e-02	-1.259291e+01
4.280000e-06	6.651324e-02	-1.251033e+01
4.290000e-06	6.953028e-02	-1.248773e+01
4.300000e-06	7.276643e-02	-1.242755e+01
4.310000e-06	7.493293e-02	-1.240201e+01
4.320000e-06	7.848824e-02	-1.230784e+01
4.330000e-06	8.213947e-02	-1.223415e+01
4.340000e-06	8.346924e-02	-1.215197e+01
4.350000e-06	8.382020e-02	-1.212929e+01
4.360000e-06	8.322694e-02	-1.207816e+01
4.370000e-06	8.254143e-02	-1.198289e+01
4.380000e-06	8.117327e-02	-1.183720e+01
4.390000e-06	7.798508e-02	-1.176189e+01
4.400000e-06	7.396365e-02	-1.164720e+01
4.410000e-06	7.179536e-02	-1.149984e+01
4.420000e-06	6.720725e-02	-1.140462e+01
4.430000e-06	6.346216e-02	-1.134018e+01
4.440000e-06	5.918433e-02	-1.116195e+01
4.450000e-06	5.714435e-02	-1.101915e+01
4.460000e-06	5.226595e-02	-1.096881e+01
4.470000e-06	5.104156e-02	-1.086508e+01
4.480000e-06	4.593228e-02	-1.073987e+01
4.490000e-06	4.596675e-02	-1.066462e+01
4.500000e-06	4.185361e-02	-1.049726e+01
4.510000e-06	4.017875e-02	-1.035289e+01
4.520000e-06	3.701544e-02	-1.022602e+01
4.530000e-06	3.427738e-02	-1.008673e+01
4.540000e-06	3.430747e-02	-9.929266e+00
4.550000e-06	3.215095e-02	-9.782075e+00
4.560000e-06	3.121958e-02	-9.666107e+00
4.570000e-06	2.850312e-02	-9.488211e+00
4.580000e-06	2.565524e-02	-9.371291e+00
4.590000e-06	2.596579e-02	-9.190893e+00
4.600000e-06	2.449107e-02	-8.962971e+00
4.610000e-06	2.280163e-02	-8.864129e+00
4.620000e-06	2.200035e-02	-8.656604e+00
4.630000e-06	2.094209e-02	-8.456205e+00
4.640000e-06	2.030103e-02	-8.316663e+00
4.650000e-06	1.769138e-02	-8.158741e+00
4.660000e-06	1.660717e-02	-7.930346e+00
4.670000e-06	1.634977e-02	-7.728262e+00
4.680000e-06	1.540473e-02	-7.509739e+00
4.690000e-06	1.432644e-02	-7.295263e+00
4.700000e-06	1.441920e-02	-7.140216e+00
4.710000e-06	1.356131e-02	-6.936707e+00
4.720000e-06	1.142427e-02	-6.706687e+00
4.730000e-06	1.060008e-02	-6.498738e+00
4.740000e-06	1.073376e-02	-6.338192e+00
4.750000e-06	1.122606e-02	-6.105708e+00
4.760000e-06	9.522205e-03	-5.897183e+00
4.770000e-06	8.520940e-03	-5.655634e+00
4.780000e-06	7.658864e-03	-5.459037e+00
4.790000e-06	7.327397e-03	-5.272958e+00
4.800000e-06	5.716666e-03	-4.970850e+00
4.810000e-06	6.181092e-03	-4.729230e+00
4.820000e-06	6.530259e-03	-4.527792e+00
4.830000e-06	4.784681e-03	-4.317792e+00
4.840000e-06	5.198800e-03	-4.117742e+00
4.850000e-06	4.776310e-03	-3.888693e+00
4.860000e-06	4.732429e-03	-3.683683e+00
4.870000e-06	2.962659e-03	-3.453105e+00
4.880000e-06	1.688479e-03	-3.241533e+00
4.890000e-06	2.007578e-03	-2.960351e+00
4.900000e-06	1.106470e-03	-2.709247e+00
4.910000e-06	1.733989e-03	-2.488267e+00
4.920000e-06	2.757569e-04	-2.285714e+00
4.930000e-06	-1.458871e-03	-2.061983e+00
4.940000e-06	-1.173563e-03	-1.833509e+00
4.950000e-06	-1.546045e-05	-1.602851e+00
4.960000e-06	-1.112383e-03	-1.335290e+00
4.970000e-06	-1.780809e-03	-1.063112e+00
4.980000e-06	-3.577641e-03	-8.710036e-01
4.990000e-06	-3.515861e-03	-6.097772e-01
5.000000e-06	-4.320588e-03	-3.267671e-01
5.010000e-06	-3.693992e-03	-1.457195e-01
5.020000e-06	1.829565e-04	7.430928e-02
5.030000e-06	4.576916e-03	3.478898e-01
5.040000e-06	-3.519087e-03	5.159434e-01
5.050000e-06	1.377933e-03	7.379411e-01
5.060000e-06	-4.378909e-03	9.284174e-01
5.070000e-06	-2.768046e-03	1.222650e+00
5.080000e-06	-5.901548e-03	1.453804e+00
5.090000e-06	4.053681e-03	1.694869e+00
5.100000e-06	3.352117e-02	1.886887e+00
5.110000e-06	6.747990e-02	2.177413e+00
5.120000e-06	-4.466933e-02	2.410545e+00
5.130000e-06	-4.892450e-02	2.663258e+00
5.140000e-06	-3.120042e-02	2.927360e+00
5.150000e-06	-4.344155e-02	3.116884e+00
5.160000e-06	-6.030932e-02	3.233700e+00
5.170000e-06	1.269069e-01	3.453283e+00
5.180000e-06	-3.841339e-02	3.675312e+00
5.190000e-06	-6.042157e-02	3.863257e+00
5.200000e-06	1.229602e-01	4.065364e+00
5.210000e-06	-1.190125e-01	4.358992e+00
5.220000e-06	2.621248e-02	4.589468e+00
5.230000e-06	2.140752e-02	4.782649e+00
5.240000e-06	-5.256816e-02	5.054729e+00
5.250000e-06	3.007750e-02	5.297387e+00
5.260000e-06	-3.280755e-02	5.518991e+00
5.270000e-06	-3.389816e-03	5.739519e+00
5.280000e-06	-9.078680e-03	6.002620e+00
5.290000e-06	-3.023529e-02	6.182149e+00
5.300000e-06	-1.367038e-03	6.392071e+00
5.310000e-06	-3.030820e-02	6.613173e+00
5.320000e-06	2.379277e-02	6.833179e+00
5.330000e-06	-3.095647e-02	7.104703e+00
5.340000e-06	-3.661196e-03	7.263074e+00
5.350000e-06	-5.713020e-03	7.445750e+00
5.360000e-06	-4.290850e-02	7.697827e+00
5.370000e-06	2.566703e-03	7.876307e+00
5.380000e-06	-2.162107e-02	8.096853e+00
5.390000e-06	-4.077367e-03	8.295331e+00
5.400000e-06	-2.143537e-02	8.444230e+00
5.410000e-06	-2.545122e-02	8.622598e+00
5.420000e-06	-1.333619e-02	8.760990e+00
5.430000e-06	-2.037510e-02	8.928888e+00
5.440000e-06	-1.054382e-02	9.098404e+00
5.450000e-06	-2.740806e-02	9.257204e+00
5.460000e-06	-1.086099e-02	9.413123e+00
5.470000e-06	-2.245497e-02	9.540989e+00
5.480000e-06	-2.596289e-02	9.729410e+00
5.490000e-06	-1.715034e-02	9.888354e+00
5.500000e-06	-1.963480e-02	1.004515e+01
5.510000e-06	-2.154047e-02	1.017107e+01
5.520000e-06	-3.067819e-02	1.032801e+01
5.530000e-06	-1.793147e-02	1.044566e+01
5.540000e-06	-2.543854e-02	1.058364e+01
5.550000e-06	-2.768542e-02	1.073996e+01
5.560000e-06	-2.759620e-02	1.085621e+01
5.570000e-06	-2.358509e-02	1.100204e+01
5.580000e-06	-2.782694e-02	1.108886e+01
5.590000e-06	-3.150652e-02	1.124302e+01
5.600000e-06	-2.552443e-02	1.134201e+01
5.610000e-06	-2.899420e-02	1.144932e+01
5.620000e-06	-3.162207e-02	1.156551e+01
5.630000e-06	-3.422095e-02	1.173888e+01
5.640000e-06	-3.109701e-02	1.184212e+01
5.650000e-06	-3.338840e-02	1.190736e+01
5.660000e-06	-3.613307e-02	1.194146e+01
5.670000e-06	-3.288395e-02	1.211715e+01
5.680000e-06	-3.467890e-02	1.213941e+01
5.690000e-06	-3.778870e-02	1.218412e+01
5.700000e-06	-3.796467e-02	1.222725e+01
5.710000e-06	-3.650226e-02	1.233091e+01
5.720000e-06	-4.005835e-02	1.240404e+01
5.730000e-06	-4.202486e-02	1.244563e+01
5.740000e-06	-4.394684e-02	1.246831e+01
5.750000e-06	-4.303658e-02	1.249933e+01
5.760000e-06	-4.433369e-02	1.257302e+01
5.770000e-06	-4.532192e-02	1.261402e+01
5.780000e-06	-4.551440e-02	1.263362e+01
5.790000e-06	-4.824551e-02	1.263568e+01
5.800000e-06	-4.941797e-02	1.266518e+01
5.810000e-06	-4.985104e-02	1.270681e+01
5.820000e-06	-4.983923e-02	1.267733e+01
5.830000e-06	-5.402031e-02	1.269784e+01
5.840000e-06	-5.454730e-02	1.274828e+01
5.850000e-06	-5.532066e-02	1.271886e+01
5.860000e-06	-5.759841e-02	1.271833e+01
5.870000e-06	-5.842285e-02	1.270928e+01
5.880000e-06	-6.083446e-02	1.269825e+01
5.890000e-06	-6.015546e-02	1.268636e+01
5.900000e-06	-6.443622e-02	1.266573e+01
5.910000e-06	-6.446508e-02	1.263673e+01
5.920000e-06	-6.906020e-02	1.261507e+01
5.930000e-06	-7.015989e-02	1.256147e+01
5.940000e-06	-7.491540e-02	1.255287e+01
5.950000e-06	-7.725590e-02	1.252684e+01
5.960000e-06	-7.885865e-02	1.248576e+01
5.970000e-06	-8.534038e-02	1.246562e+01
5.980000e-06	-8.631717e-02	1.237296e+01
5.990000e-06	-8.896458e-02	1.227922e+01
6.000000e-06	-8.842439e-02	1.221407e+01
6.010000e-06	-8.952807e-02	1.214034e+01
6.020000e-06	-9.042743e-02	1.206733e+01
6.030000e-06	-8.908822e-02	1.198097e+01
6.040000e-06	-8.632204e-02	1.189818e+01
6.050000e-06	-8.235479e-02	1.179402e+01
6.060000e-06	-8.029995e-02	1.169876e+01
6.070000e-06	-7.563819e-02	1.158291e+01
6.080000e-06	-7.244738e-02	1.144770e+01
6.090000e-06	-6.741978e-02	1.133886e+01
6.100000e-06	-6.537072e-02	1.122505e+01
6.110000e-06	-5.834430e-02	1.112826e+01
6.120000e-06	-5.784025e-02	1.099304e+01
6.130000e-06	-5.799025e-02	1.092673e+01
6.140000e-06	-5.580877e-02	1.077352e+01
6.150000e-06	-5.071670e-02	1.067573e+01
6.160000e-06	-4.709183e-02	1.048879e+01
6.170000e-06	-4.594736e-02	1.037144e+01
6.180000e-06	-4.318316e-02	1.022350e+01
6.190000e-06	-4.009112e-02	1.009018e+01
6.200000e-06	-3.558431e-02	9.980364e+00
6.210000e-06	-3.716595e-02	9.786544e+00
6.220000e-06	-3.663507e-02	9.613547e+00
6.230000e-06	-3.786870e-02	9.445654e+00
6.240000e-06	-3.459493e-02	9.320762e+00
6.250000e-06	-3.346527e-02	9.180422e+00
6.260000e-06	-3.075105e-02	8.934020e+00
6.270000e-06	-2.927842e-02	8.794495e+00
6.280000e-06	-2.795643e-02	8.624124e+00
6.290000e-06	-2.771670e-02	8.496185e+00
6.300000e-06	-2.534557e-02	8.318715e+00
6.310000e-06	-2.485817e-02	8.107212e+00
6.320000e-06	-2.344439e-02	7.887338e+00
6.330000e-06	-2.510892e-02	7.728767e+00
6.340000e-06	-2.462717e-02	7.488318e+00
6.350000e-06	-2.373189e-02	7.305633e+00
6.360000e-06	-2.095778e-02	7.054662e+00
6.370000e-06	-2.208785e-02	6.878234e+00
6.380000e-06	-2.011598e-02	6.658210e+00
6.390000e-06	-2.019466e-02	6.495132e+00
6.400000e-06	-1.773165e-02	6.265663e+00
6.410000e-06	-1.833451e-02	6.074711e+00
6.420000e-06	-1.686829e-02	5.898718e+00
6.430000e-06	-1.685318e-02	5.675734e+00
6.440000e-06	-1.843329e-02	5.465109e+00
6.450000e-06	-1.813413e-02	5.243954e+00
6.460000e-06	-1.596921e-02	4.907368e+00
6.470000e-06	-1.301487e-02	4.706238e+00
6.480000e-06	-1.337316e-02	4.496237e+00
6.490000e-06	-1.376350e-02	4.316212e+00
6.500000e-06	-1.283361e-02	4.093559e+00
6.510000e-06	-1.180527e-02	3.843125e+00
6.520000e-06	-1.349867e-02	3.634058e+00
6.530000e-06	-1.016691e-02	3.391503e+00
6.540000e-06	-1.298220e-02	3.177847e+00
6.550000e-06	-7.995972e-03	2.927771e+00
6.560000e-06	-1.216457e-02	2.718245e+00
6.570000e-06	-8.608686e-03	2.452508e+00
6.580000e-06	-8.438380e-03	2.213051e+00
6.590000e-06	-8.735825e-03	2.041450e+00
6.600000e-06	-7.629418e-03	1.819397e+00
6.610000e-06	-8.477438e-03	1.516766e+00
6.620000e-06	-5.544225e-03	1.307188e+00
6.630000e-06	-6.236400e-03	1.001854e+00
6.640000e-06	-7.604490e-03	7.068733e-01
6.650000e-06	-5.997095e-03	5.252919e-01
6.660000e-06	-4.736729e-03	3.267406e-01
6.670000e-06	-2.810651e-03	5.163508e-02
6.680000e-06	2.440764e-03	-1.499199e-01
6.690000e-06	3.464875e-03	-3.479938e-01
6.700000e-06	2.589304e-04	-5.816315e-01
6.710000e-06	2.610579e-03	-8.216777e-01
6.720000e-06	-1.787093e-03	-1.053676e+00
6.730000e-06	-8.635326e-04	-1.243734e+00
6.740000e-06	2.571634e-03	-1.516336e+00
6.750000e-06	4.460914e-02	-1.695257e+00
6.760000e-06	8.323399e-02	-1.866911e+00
6.770000e-06	-5.461212e-02	-2.231779e+00
6.780000e-06	-2.528655e-02	-2.599598e+00
6.790000e-06	-2.699439e-02	-2.791945e+00
6.800000e-06	-7.178366e-02	-2.952047e+00
6.810000e-06	3.481272e-02	-3.168343e+00
6.820000e-06	1.269946e-01	-3.293183e+00
6.830000e-06	-1.466937e-01	-3.528466e+00
6.840000e-06	1.356745e-01	-3.695788e+00
6.850000e-06	-4.430437e-02	-3.969015e+00
6.860000e-06	-5.365163e-02	-4.223100e+00
6.870000e-06	1.378096e-01	-4.369944e+00
6.880000e-06	-1.012565e-01	-4.621650e+00
6.890000e-06	7.214842e-02	-4.845204e+00
6.900000e-06	4.110803e-02	-5.053226e+00
6.910000e-06	-9.229463e-02	-5.341116e+00
6.920000e-06	1.197542e-01	-5.601045e+00
6.930000e-06	-1.011904e-01	-5.812647e+00
6.940000e-06	7.244242e-02	-6.031024e+00
6.950000e-06	7.323214e-03	-6.222597e+00
6.960000e-06	-3.445441e-02	-6.456252e+00
6.970000e-06	8.783569e-02	-6.644154e+00
6.980000e-06	-6.737879e-02	-6.876280e+00
6.990000e-06	1.006697e-01	-7.089315e+00
7.000000e-06	-4.599616e-02	-7.296885e+00
7.010000e-06	4.014782e-03	-7.498333e+00
7.020000e-06	4.716552e-02	-7.709332e+00
7.030000e-06	-3.558410e-02	-7.937962e+00
7.040000e-06	7.855665e-02	-8.107333e+00
7.050000e-06	-3.544561e-02	-8.276830e+00
7.060000e-06	5.040575e-02	-8.444152e+00
7.070000e-06	-1.736536e-02	-8.635724e+00
7.080000e-06	1.579682e-02	-8.804469e+00
7.090000e-06	3.606266e-02	-8.992089e+00
7.100000e-06	3.908936e-03	-9.106860e+00
7.110000e-06	3.610978e-02	-9.297234e+00
7.120000e-06	-2.049401e-02	-9.515201e+00
7.130000e-06	4.567397e-02	-9.614619e+00
7.140000e-06	4.985333e-03	-9.770936e+00
7.150000e-06	2.975241e-02	-9.886812e+00
7.160000e-06	8.539025e-03	-1.003263e+01
7.170000e-06	2.319010e-02	-1.019382e+01
7.180000e-06	2.087563e-02	-1.036944e+01
7.190000e-06	1.322552e-02	-1.048738e+01
7.200000e-06	3.087651e-02	-1.059302e+01
7.210000e-06	1.852634e-02	-1.069992e+01
7.220000e-06	2.525220e-02	-1.088713e+01
7.230000e-06	9.559778e-03	-1.099197e+01
7.240000e-06	3.546247e-02	-1.116836e+01
7.250000e-06	2.193730e-02	-1.122422e+01
7.260000e-06	2.929695e-02	-1.134093e+01
7.270000e-06	1.959605e-02	-1.146668e+01
7.280000e-06	3.228951e-02	-1.156299e+01
7.290000e-06	2.740971e-02	-1.169933e+01
7.300000e-06	2.561472e-02	-1.177305e+01
7.310000e-06	3.090479e-02	-1.186936e+01
7.320000e-06	3.055962e-02	-1.202199e+01
7.330000e-06	3.087121e-02	-1.207725e+01
7.340000e-06	2.783612e-02	-1.210986e+01
7.350000e-06	3.851589e-02	-1.218405e+01
7.360000e-06	3.272266e-02	-1.226510e+01
7.370000e-06	3.487043e-02	-1.227739e+01
7.380000e-06	3.041681e-02	-1.244146e+01
7.390000e-06	3.845351e-02	-1.246397e+01
7.400000e-06	3.746216e-02	-1.247618e+01
7.410000e-06	3.793761e-02	-1.248986e+01
7.420000e-06	4.048996e-02	-1.252289e+01
7.430000e-06	3.960391e-02	-1.256347e+01
7.440000e-06	4.042780e-02	-1.259304e+01
7.450000e-06	4.206206e-02	-1.259410e+01
7.460000e-06	4.391950e-02	-1.260568e+01
7.470000e-06	4.449636e-02	-1.266783e+01
7.480000e-06	4.611269e-02	-1.269870e+01
7.490000e-06	4.896648e-02	-1.269826e+01
7.500000e-06	4.848223e-02	-1.268878e+01
7.510000e-06	5.001990e-02	-1.265775e+01
7.520000e-06	5.024651e-02	-1.266881e+01
7.530000e-06	5.344143e-02	-1.266675e+01
7.540000e-06	5.496972e-02	-1.264728e+01
7.550000e-06	5.749274e-02	-1.261713e+01
7.560000e-06	5.871008e-02	-1.262615e+01
7.570000e-06	6.066442e-02	-1.259405e+01
7.580000e-06	6.230317e-02	-1.254300e+01
7.590000e-06	6.691421e-02	-1.251026e+01
7.600000e-06	6.978046e-02	-1.246913e+01
7.610000e-06	7.257396e-02	-1.246560e+01
7.620000e-06	7.549284e-02	-1.239240e+01
7.630000e-06	7.816770e-02	-1.230884e+01
7.640000e-06	8.142340e-02	-1.220558e+01
7.650000e-06	8.268876e-02	-1.215289e+01
7.660000e-06	8.414619e-02	-1.213887e+01
7.670000e-06	8.488862e-02	-1.208763e+01
7.680000e-06	8.206715e-02	-1.196243e+01
7.690000e-06	8.110414e-02	-1.186675e+01
7.700000e-06	7.703510e-02	-1.175189e+01
7.710000e-06	7.523264e-02	-1.168011e+01
7.720000e-06	7.066594e-02	-1.154981e+01
7.730000e-06	6.757948e-02	-1.143459e+01
7.740000e-06	6.446905e-02	-1.131043e+01
7.750000e-06	5.929534e-02	-1.117290e+01
7.760000e-06	5.622571e-02	-1.108721e+01
7.770000e-06	5.349332e-02	-1.096079e+01
7.780000e-06	4.978704e-02	-1.082510e+01
7.790000e-06	4.749755e-02	-1.077044e+01
7.800000e-06	4.522745e-02	-1.064403e+01
7.810000e-06	4.303649e-02	-1.052984e+01
7.820000e-06	3.841579e-02	-1.035044e+01
7.830000e-06	3.694594e-02	-1.021505e+01
7.840000e-06	3.568746e-02	-1.006561e+01
7.850000e-06	3.470504e-02	-9.938261e+00
7.860000e-06	3.064228e-02	-9.793946e+00
7.870000e-06	3.067075e-02	-9.685085e+00
7.880000e-06	2.936248e-02	-9.519309e+00
7.890000e-06	2.705803e-02	-9.320794e+00
7.900000e-06	2.496296e-02	-9.211496e+00
7.910000e-06	2.419616e-02	-9.035553e+00
7.920000e-06	2.352155e-02	-8.856559e+00
7.930000e-06	2.265318e-02	-8.698161e+00
7.940000e-06	1.943411e-02	-8.425183e+00
7.950000e-06	1.990436e-02	-8.298784e+00
7.960000e-06	1.850572e-02	-8.138791e+00
7.970000e-06	1.701398e-02	-7.960368e+00
7.980000e-06	1.572971e-02	-7.708740e+00
7.990000e-06	1.669887e-02	-7.528811e+00
8.000000e-06	1.610682e-02	-7.347743e+00
8.010000e-06	1.392088e-02	-7.140745e+00
8.020000e-06	1.183643e-02	-6.899687e+00
8.030000e-06	1.216079e-02	-6.686742e+00
8.040000e-06	1.109843e-02	-6.519287e+00
8.050000e-06	1.021809e-02	-6.297545e+00
8.060000e-06	9.700196e-03	-6.117662e+00
8.070000e-06	1.062091e-02	-5.885688e+00
8.080000e-06	9.564342e-03	-5.706687e+00
8.090000e-06	7.108288e-03	-5.527687e+00
8.100000e-06	7.302628e-03	-5.253004e+00
8.110000e-06	7.921103e-03	-5.011978e+00
8.120000e-06	6.213825e-03	-4.756312e+00
8.130000e-06	5.797287e-03	-4.529268e+00
8.140000e-06	5.116636e-03	-4.348820e+00
8.150000e-06	4.931144e-03	-4.157294e+00
8.160000e-06	4.816158e-03	-3.939316e+00
8.170000e-06	4.126357e-03	-3.682739e+00
8.180000e-06	3.463927e-03	-3.484712e+00
8.190000e-06	1.889283e-03	-3.273032e+00
8.200000e-06	1.990993e-03	-2.992454e+00
8.210000e-06	9.224926e-04	-2.788348e+00
8.220000e-06	2.349505e-03	-2.506141e+00
8.230000e-06	1.340415e-03	-2.344168e+00
8.240000e-06	5.153511e-05	-2.013035e+00
8.250000e-06	-1.878278e-03	-1.852535e+00
8.260000e-06	-8.604169e-04	-1.642004e+00
8.270000e-06	-2.455831e-03	-1.348789e+00
8.280000e-06	-1.738069e-03	-1.084688e+00
8.290000e-06	-3.047352e-03	-8.411090e-01
8.300000e-06	-3.051812e-03	-6.014788e-01
8.310000e-06	-4.937373e-03	-3.677971e-01
8.320000e-06	-3.503517e-03	-1.767683e-01
8.330000e-06	-1.273468e-04	8.375809e-02
8.340000e-06	4.582597e-03	3.178896e-01
8.350000e-06	-4.157292e-03	5.274458e-01
8.360000e-06	1.080644e-03	7.554173e-01
8.370000e-06	-4.217184e-03	9.195437e-01
8.380000e-06	-2.678186e-03	1.242150e+00
8.390000e-06	-5.379004e-03	1.473800e+00
8.400000e-06	3.007665e-03	1.724293e+00
8.410000e-06	3.088542e-02	1.906261e+00
8.420000e-06	6.839331e-02	2.115735e+00
8.430000e-06	-3.762032e-02	2.400595e+00
8.440000e-06	-5.195711e-02	2.694253e+00
8.450000e-06	-3.015165e-02	2.905835e+00
8.460000e-06	-4.133352e-02	3.084906e+00
8.470000e-06	-6.475034e-02	3.242680e+00
8.480000e-06	1.182358e-01	3.453253e+00
8.490000e-06	-2.007505e-02	3.654779e+00
8.500000e-06	-7.915319e-02	3.833326e+00
8.510000e-06	1.311128e-01	4.083655e+00
8.520000e-06	-1.129897e-01	4.358940e+00
8.530000e-06	1.329288e-02	4.557512e+00
8.540000e-06	3.184020e-02	4.759422e+00
8.550000e-06	-5.360238e-02	5.025718e+00
8.560000e-06	2.905933e-02	5.285857e+00
8.570000e-06	-3.236725e-02	5.516936e+00
8.580000e-06	-7.055737e-03	5.739492e+00
8.590000e-06	-4.471254e-03	6.021118e+00
8.600000e-06	-3.110151e-02	6.221544e+00
8.610000e-06	7.050983e-04	6.422070e+00
8.620000e-06	-2.993348e-02	6.581693e+00
8.630000e-06	2.186489e-02	6.864126e+00
8.640000e-06	-2.856157e-02	7.033699e+00
8.650000e-06	-7.477440e-03	7.223702e+00
8.660000e-06	1.763877e-04	7.454705e+00
8.670000e-06	-4.602101e-02	7.664249e+00
8.680000e-06	7.933147e-04	7.825858e+00
8.690000e-06	-2.193400e-02	8.155856e+00
8.700000e-06	-2.947368e-03	8.266281e+00
8.710000e-06	-1.838319e-02	8.432701e+00
8.720000e-06	-2.691495e-02	8.592071e+00
8.730000e-06	-1.295160e-02	8.748361e+00
8.740000e-06	-2.119357e-02	8.917757e+00
8.750000e-06	-9.461209e-03	9.107274e+00
8.760000e-06	-2.775803e-02	9.265198e+00
8.770000e-06	-1.236473e-02	9.393123e+00
8.780000e-06	-2.127643e-02	9.551492e+00
8.790000e-06	-2.616274e-02	9.717817e+00
8.800000e-06	-1.733274e-02	9.895778e+00
8.810000e-06	-2.000353e-02	1.003415e+01
8.820000e-06	-1.936051e-02	1.015104e+01
8.830000e-06	-3.128348e-02	1.031796e+01
8.840000e-06	-1.957654e-02	1.045515e+01
8.850000e-06	-2.506279e-02	1.058419e+01
8.860000e-06	-2.654257e-02	1.070994e+01
8.870000e-06	-2.850812e-02	1.087728e+01
8.880000e-06	-2.455024e-02	1.097154e+01
8.890000e-06	-2.758431e-02	1.107640e+01
8.900000e-06	-3.131987e-02	1.117405e+01
8.910000e-06	-2.774838e-02	1.132196e+01
8.920000e-06	-2.946854e-02	1.148725e+01
8.930000e-06	-3.002086e-02	1.161257e+01
8.940000e-06	-3.373831e-02	1.169885e+01
8.950000e-06	-3.071658e-02	1.180257e+01
8.960000e-06	-3.419310e-02	1.186728e+01
8.970000e-06	-3.604402e-02	1.195047e+01
8.980000e-06	-3.431146e-02	1.204815e+01
8.990000e-06	-3.547355e-02	1.214046e+01
9.000000e-06	-3.743011e-02	1.218259e+01
9.010000e-06	-3.835129e-02	1.225627e+01
9.020000e-06	-3.600614e-02	1.234143e+01
9.030000e-06	-3.971010e-02	1.241352e+01
9.040000e-06	-4.175597e-02	1.246570e+01
9.050000e-06	-4.310940e-02	1.248793e+01
9.060000e-06	-4.255010e-02	1.251986e+01
9.070000e-06	-4.330640e-02	1.255299e+01
9.080000e-06	-4.626521e-02	1.260302e+01
9.090000e-06	-4.578756e-02	1.262470e+01
9.100000e-06	-4.939784e-02	1.260618e+01
9.110000e-06	-5.036433e-02	1.270633e+01
9.120000e-06	-5.020962e-02	1.265680e+01
9.130000e-06	-4.917328e-02	1.268681e+01
9.140000e-06	-5.197177e-02	1.270878e+01
9.150000e-06	-5.379675e-02	1.269831e+01
9.160000e-06	-5.585223e-02	1.269938e+01
9.170000e-06	-5.740569e-02	1.273983e+01
9.180000e-06	-5.963203e-02	1.269838e+01
9.190000e-06	-5.951092e-02	1.269976e+01
9.200000e-06	-6.040694e-02	1.269823e+01
9.210000e-06	-6.336415e-02	1.266625e+01
9.220000e-06	-6.543485e-02	1.266617e+01
9.230000e-06	-6.789603e-02	1.261362e+01
9.240000e-06	-7.038144e-02	1.259362e+01
9.250000e-06	-7.371932e-02	1.255147e+01
9.260000e-06	-7.724002e-02	1.252879e+01
9.270000e-06	-7.991603e-02	1.243716e+01
9.280000e-06	-8.349424e-02	1.242602e+01
9.290000e-06	-8.618737e-02	1.238246e+01
9.300000e-06	-8.828411e-02	1.225831e+01
9.310000e-06	-8.977378e-02	1.222408e+01
9.320000e-06	-9.002640e-02	1.215184e+01
9.330000e-06	-8.946302e-02	1.204665e+01
9.340000e-06	-8.833391e-02	1.200242e+01
9.350000e-06	-8.668399e-02	1.192573e+01
9.360000e-06	-8.167968e-02	1.180402e+01
9.370000e-06	-8.101215e-02	1.171690e+01
9.380000e-06	-7.509332e-02	1.161540e+01
9.390000e-06	-7.276997e-02	1.148830e+01
9.400000e-06	-6.746338e-02	1.138941e+01
9.410000e-06	-6.512196e-02	1.122357e+01
9.420000e-06	-6.266645e-02	1.109771e+01
9.430000e-06	-5.918534e-02	1.099505e+01
9.440000e-06	-5.611097e-02	1.089729e+01
9.450000e-06	-5.250894e-02	1.083255e+01
9.460000e-06	-5.090939e-02	1.068518e+01
9.470000e-06	-4.690211e-02	1.051929e+01
9.480000e-06	-4.535814e-02	1.038984e+01
9.490000e-06	-4.330359e-02	1.022466e+01
9.500000e-06	-4.283165e-02	1.009824e+01
9.510000e-06	-3.972216e-02	9.973517e+00
9.520000e-06	-3.840641e-02	9.804099e+00
9.530000e-06	-3.645582e-02	9.634002e+00
9.540000e-06	-3.582930e-02	9.465209e+00
9.550000e-06	-3.388209e-02	9.339387e+00
9.560000e-06	-3.226181e-02	9.192442e+00
9.570000e-06	-3.159358e-02	8.972972e+00
9.580000e-06	-3.137346e-02	8.812523e+00
9.590000e-06	-2.863700e-02	8.644106e+00
9.600000e-06	-2.731426e-02	8.507185e+00
9.610000e-06	-2.651804e-02	8.337811e+00
9.620000e-06	-2.576885e-02	8.168306e+00
9.630000e-06	-2.541787e-02	7.927789e+00
9.640000e-06	-2.465512e-02	7.729766e+00
9.650000e-06	-2.322018e-02	7.509788e+00
9.660000e-06	-2.264637e-02	7.288707e+00
9.670000e-06	-2.218733e-02	7.109687e+00
9.680000e-06	-2.159687e-02	6.895286e+00
9.690000e-06	-2.025524e-02	6.748884e+00
9.700000e-06	-2.011674e-02	6.454208e+00
9.710000e-06	-1.893526e-02	6.315611e+00
9.720000e-06	-1.877856e-02	6.106738e+00
9.730000e-06	-1.780038e-02	5.898163e+00
9.740000e-06	-1.749954e-02	5.704685e+00
9.750000e-06	-1.760992e-02	5.505583e+00
9.760000e-06	-1.507793e-02	5.243003e+00
9.770000e-06	-1.481810e-02	4.960369e+00
9.780000e-06	-1.438969e-02	4.716769e+00
9.790000e-06	-1.427034e-02	4.557813e+00
9.800000e-06	-1.314884e-02	4.347445e+00
9.810000e-06	-1.246884e-02	4.074185e+00
9.820000e-06	-1.210577e-02	3.844028e+00
9.830000e-06	-1.215940e-02	3.662508e+00
9.840000e-06	-1.126141e-02	3.452451e+00
9.850000e-06	-1.056721e-02	3.199898e+00
9.860000e-06	-1.100720e-02	2.948321e+00
9.870000e-06	-1.006529e-02	2.759372e+00
9.880000e-06	-8.947349e-03	2.485159e+00
9.890000e-06	-8.259234e-03	2.212562e+00
9.900000e-06	-8.517066e-03	2.021607e+00
9.910000e-06	-9.104576e-03	1.811400e+00
9.920000e-06	-6.473665e-03	1.507348e+00
9.930000e-06	-6.871440e-03	1.284738e+00
9.940000e-06	-5.436601e-03	1.012453e+00
9.950000e-06	-6.295792e-03	7.488684e-01
9.960000e-06	-4.973192e-03	5.268446e-01
9.970000e-06	-4.056130e-03	2.972694e-01
9.980000e-06	-3.898273e-03	3.400889e-02
9.990000e-06	1.535171e-03	-1.470211e-01
1.000000e-05	4.566357e-03	-3.684936e-01
1.001000e-05	-2.165349e-03	-6.196449e-01
1.002000e-05	3.348332e-03	-8.205516e-01
1.003000e-05	-6.305127e-04	-1.031650e+00
1.004000e-05	2.094545e-03	-1.262083e+00
1.005000e-05	1.878543e-03	-1.524336e+00
1.006000e-05	3.904737e-02	-1.665313e+00
1.007000e-05	8.627288e-02	-1.914807e+00
1.008000e-05	-4.839352e-02	-2.210676e+00
1.009000e-05	-3.014253e-02	-2.549893e+00
1.010000e-05	-2.403943e-02	-2.800996e+00
1.011000e-05	-6.975371e-02	-2.958997e+00
1.012000e-05	2.145659e-02	-3.108442e+00
1.013000e-05	1.395605e-01	-3.263233e+00
1.014000e-05	-1.430945e-01	-3.506410e+00
1.015000e-05	1.215530e-01	-3.677237e+00
1.016000e-05	-2.661210e-02	-3.967435e+00
1.017000e-05	-7.442741e-02	-4.201627e+00
1.018000e-05	1.416953e-01	-4.409941e+00
1.019000e-05	-9.690239e-02	-4.613720e+00
1.020000e-05	5.578446e-02	-4.843208e+00
1.021000e-05	6.047639e-02	-5.023227e+00
1.022000e-05	-1.030244e-01	-5.350016e+00
1.023000e-05	1.223312e-01	-5.601991e+00
1.024000e-05	-9.405520e-02	-5.802650e+00
1.025000e-05	5.786388e-02	-6.023573e+00
1.026000e-05	2.210072e-02	-6.205146e+00
1.027000e-05	-4.604089e-02	-6.454204e+00
1.028000e-05	9.364851e-02	-6.604150e+00
1.029000e-05	-6.820515e-02	-6.885258e+00
1.030000e-05	9.417530e-02	-7.128406e+00
1.031000e-05	-3.354800e-02	-7.296357e+00
1.032000e-05	-8.436762e-03	-7.497377e+00
1.033000e-05	5.485298e-02	-7.666253e+00
1.034000e-05	-3.946952e-02	-7.948461e+00
1.035000e-05	7.962715e-02	-8.096759e+00
1.036000e-05	-3.284627e-02	-8.266331e+00
1.037000e-05	4.434668e-02	-8.454658e+00
1.038000e-05	-7.986366e-03	-8.632744e+00
1.039000e-05	8.529774e-03	-8.814622e+00
1.040000e-05	3.959510e-02	-8.960468e+00
1.041000e-05	4.033320e-04	-9.158409e+00
1.042000e-05	4.004848e-02	-9.267257e+00
1.043000e-05	-2.194982e-02	-9.465822e+00
1.044000e-05	4.284237e-02	-9.633571e+00
1.045000e-05	7.530323e-03	-9.719891e+00
1.046000e-05	2.858997e-02	-9.876852e+00
1.047000e-05	1.163565e-02	-1.001505e+01
1.048000e-05	2.037967e-02	-1.018462e+01
1.049000e-05	2.393758e-02	-1.034088e+01
1.050000e-05	1.012322e-02	-1.051836e+01
1.051000e-05	3.062756e-02	-1.059157e+01
1.052000e-05	1.829994e-02	-1.068983e+01
1.053000e-05	2.687417e-02	-1.087515e+01
1.054000e-05	1.014747e-02	-1.095392e+01
1.055000e-05	3.412513e-02	-1.113733e+01
1.056000e-05	2.275923e-02	-1.123363e+01
1.057000e-05	3.008854e-02	-1.132844e+01
1.058000e-05	1.887236e-02	-1.144618e+01
1.059000e-05	3.039164e-02	-1.153292e+01
1.060000e-05	2.882860e-02	-1.169934e+01
1.061000e-05	2.543636e-02	-1.179462e+01
1.062000e-05	3.314053e-02	-1.190933e+01
1.063000e-05	3.048506e-02	-1.200400e+01
1.064000e-05	3.207376e-02	-1.207721e+01
1.065000e-05	2.804465e-02	-1.213891e+01
1.066000e-05	3.651599e-02	-1.220355e+01
1.067000e-05	3.338104e-02	-1.224620e+01
1.068000e-05	3.236706e-02	-1.228883e+01
1.069000e-05	3.236936e-02	-1.233039e+01
1.070000e-05	3.815383e-02	-1.241552e+01
1.071000e-05	3.882218e-02	-1.243710e+01
1.072000e-05	4.030535e-02	-1.250876e+01
1.073000e-05	4.138330e-02	-1.253086e+01
1.074000e-05	3.694320e-02	-1.250349e+01
1.075000e-05	3.828355e-02	-1.262307e+01
1.076000e-05	4.290269e-02	-1.259407e+01
1.077000e-05	4.512858e-02	-1.262505e+01
1.078000e-05	4.410608e-02	-1.264720e+01
1.079000e-05	4.537685e-02	-1.266680e+01
1.080000e-05	4.858848e-02	-1.269778e+01
1.081000e-05	5.001067e-02	-1.268933e+01
1.082000e-05	4.944013e-02	-1.269630e+01
1.083000e-05	5.042792e-02	-1.268923e+01
1.084000e-05	5.234058e-02	-1.268883e+01
1.085000e-05	5.424054e-02	-1.265723e+01
1.086000e-05	5.658472e-02	-1.262813e+01
1.087000e-05	5.893306e-02	-1.265712e+01
1.088000e-05	5.942405e-02	-1.258457e+01
1.089000e-05	6.298584e-02	-1.256299e+01
1.090000e-05	6.555060e-02	-1.249141e+01
1.091000e-05	6.965353e-02	-1.248823e+01
1.092000e-05	7.289050e-02	-1.245659e+01
1.093000e-05	7.527122e-02	-1.239246e+01
1.094000e-05	7.705542e-02	-1.232074e+01
1.095000e-05	8.046110e-02	-1.222663e+01
1.096000e-05	8.248069e-02	-1.219245e+01
1.097000e-05	8.376590e-02	-1.208836e+01
1.098000e-05	8.341515e-02	-1.205763e+01
1.099000e-05	8.260136e-02	-1.198237e+01
1.100000e-05	8.161277e-02	-1.183931e+01
1.101000e-05	7.831538e-02	-1.177292e+01
1.102000e-05	7.508037e-02	-1.165820e+01
1.103000e-05	7.038584e-02	-1.156144e+01
1.104000e-05	6.618867e-02	-1.144655e+01
1.105000e-05	6.406587e-02	-1.134139e+01
1.106000e-05	6.084737e-02	-1.116707e+01
1.107000e-05	5.777073e-02	-1.104819e+01
1.108000e-05	5.291856e-02	-1.096037e+01
1.109000e-05	4.976447e-02	-1.086613e+01
1.110000e-05	4.696305e-02	-1.076184e+01
1.111000e-05	4.563614e-02	-1.061411e+01
1.112000e-05	4.202660e-02	-1.054972e+01
1.113000e-05	4.019657e-02	-1.040242e+01
1.114000e-05	3.696775e-02	-1.022565e+01
1.115000e-05	3.543406e-02	-1.008773e+01
1.116000e-05	3.388482e-02	-9.939291e+00
1.117000e-05	3.179995e-02	-9.783945e+00
1.118000e-05	3.080208e-02	-9.676208e+00
1.119000e-05	2.844270e-02	-9.487788e+00
1.120000e-05	2.624813e-02	-9.390344e+00
1.121000e-05	2.579925e-02	-9.173469e+00
1.122000e-05	2.437220e-02	-9.025078e+00
1.123000e-05	2.364469e-02	-8.865656e+00
1.124000e-05	2.126347e-02	-8.639685e+00
1.125000e-05	2.140655e-02	-8.478183e+00
1.126000e-05	2.042142e-02	-8.316861e+00
1.127000e-05	1.874316e-02	-8.159370e+00
1.128000e-05	1.810025e-02	-7.962345e+00
1.129000e-05	1.652418e-02	-7.750822e+00
1.130000e-05	1.525436e-02	-7.558766e+00
1.131000e-05	1.421679e-02	-7.308291e+00
1.132000e-05	1.407164e-02	-7.170847e+00
1.133000e-05	1.384187e-02	-6.937237e+00
1.134000e-05	1.238310e-02	-6.698191e+00
1.135000e-05	1.114044e-02	-6.518742e+00
1.136000e-05	1.021751e-02	-6.329293e+00
1.137000e-05	1.110548e-02	-6.109237e+00
1.138000e-05	9.720031e-03	-5.938188e+00
1.139000e-05	8.439812e-03	-5.687215e+00
1.140000e-05	7.675241e-03	-5.538190e+00
1.141000e-05	8.446975e-03	-5.254082e+00
1.142000e-05	7.575230e-03	-5.041904e+00
1.143000e-05	5.409182e-03	-4.709343e+00
1.144000e-05	6.210366e-03	-4.539793e+00
1.145000e-05	5.103594e-03	-4.388747e+00
1.146000e-05	4.362080e-03	-4.146272e+00
1.147000e-05	3.766357e-03	-3.939846e+00
1.148000e-05	4.143033e-03	-3.717192e+00
1.149000e-05	4.805850e-03	-3.465536e+00
1.150000e-05	1.542913e-03	-3.264554e+00
1.151000e-05	1.636484e-03	-2.990455e+00
1.152000e-05	7.072385e-04	-2.739372e+00
1.153000e-05	2.033518e-03	-2.518346e+00
1.154000e-05	-1.152052e-03	-2.306750e+00
1.155000e-05	6.004254e-05	-2.084608e+00
1.156000e-05	-1.055031e-03	-1.884583e+00
1.157000e-05	-3.767671e-05	-1.602532e+00
1.158000e-05	-3.296370e-03	-1.345298e+00
1.159000e-05	-2.682974e-03	-1.083665e+00
1.160000e-05	-3.508655e-03	-8.721052e-01
1.161000e-05	-3.332037e-03	-6.514089e-01
1.162000e-05	-4.538780e-03	-3.378471e-01
1.163000e-05	-3.338099e-03	-1.272735e-01
1.164000e-05	-1.026145e-03	8.272946e-02
1.165000e-05	4.398201e-03	3.279134e-01
1.166000e-05	-3.690076e-03	5.064882e-01
1.167000e-05	9.360166e-06	7.183899e-01
1.168000e-05	-4.468393e-03	9.679221e-01
1.169000e-05	-2.523656e-03	1.211554e+00
1.170000e-05	-4.963206e-03	1.423175e+00
1.171000e-05	2.989881e-03	1.692175e+00
1.172000e-05	2.878169e-02	1.885883e+00
1.173000e-05	6.923945e-02	2.095813e+00
1.174000e-05	-3.036578e-02	2.348088e+00
1.175000e-05	-5.643373e-02	2.663228e+00
1.176000e-05	-2.839992e-02	2.874708e+00
1.177000e-05	-3.947856e-02	3.064806e+00
1.178000e-05	-6.751447e-02	3.222129e+00
1.179000e-05	1.078107e-01	3.433782e+00
1.180000e-05	-4.399584e-04	3.674777e+00
1.181000e-05	-9.714985e-02	3.854652e+00
1.182000e-05	1.362793e-01	4.044157e+00
1.183000e-05	-1.040267e-01	4.336859e+00
1.184000e-05	1.487258e-03	4.509407e+00
1.185000e-05	3.812827e-02	4.788966e+00
1.186000e-05	-5.698497e-02	4.972196e+00
1.187000e-05	2.815084e-02	5.286279e+00
1.188000e-05	-2.724944e-02	5.526882e+00
1.189000e-05	-1.033703e-02	5.720940e+00
1.190000e-05	-6.630906e-04	6.021516e+00
1.191000e-05	-3.273850e-02	6.190996e+00
1.192000e-05	6.648204e-04	6.379996e+00
1.193000e-05	-3.146215e-02	6.583164e+00
1.194000e-05	2.001245e-02	6.812722e+00
1.195000e-05	-2.375393e-02	7.074648e+00
1.196000e-05	-1.252944e-02	7.222680e+00
1.197000e-05	5.310525e-03	7.384178e+00
1.198000e-05	-4.573140e-02	7.634727e+00
1.199000e-05	8.420826e-04	7.855254e+00
1.200000e-05	-2.077155e-02	8.058803e+00
1.201000e-05	-7.197565e-03	8.255829e+00
1.202000e-05	-1.658106e-02	8.402648e+00
1.203000e-05	-2.855908e-02	8.562074e+00
1.204000e-05	-1.145120e-02	8.706910e+00
1.205000e-05	-2.227885e-02	8.896883e+00
1.206000e-05	-8.302509e-03	9.087332e+00
1.207000e-05	-2.721815e-02	9.244623e+00
1.208000e-05	-1.127661e-02	9.413045e+00
1.209000e-05	-2.020640e-02	9.529889e+00
1.210000e-05	-2.776998e-02	9.748357e+00
1.211000e-05	-1.887697e-02	9.846349e+00
1.212000e-05	-2.024059e-02	1.000310e+01
1.213000e-05	-1.911233e-02	1.017996e+01
1.214000e-05	-3.096954e-02	1.029731e+01
1.215000e-05	-1.989656e-02	1.046562e+01
1.216000e-05	-2.387955e-02	1.055262e+01
1.217000e-05	-2.666001e-02	1.073881e+01
1.218000e-05	-2.880388e-02	1.085621e+01
1.219000e-05	-2.360890e-02	1.096902e+01
1.220000e-05	-2.686409e-02	1.107726e+01
1.221000e-05	-3.349118e-02	1.117560e+01
1.222000e-05	-2.846909e-02	1.130196e+01
1.223000e-05	-2.808127e-02	1.143572e+01
1.224000e-05	-2.879982e-02	1.157044e+01
1.225000e-05	-3.393957e-02	1.172791e+01
1.226000e-05	-3.143225e-02	1.181297e+01
1.227000e-05	-3.414602e-02	1.187778e+01
1.228000e-05	-3.630255e-02	1.197146e+01
1.229000e-05	-3.458890e-02	1.204513e+01
1.230000e-05	-3.455064e-02	1.213136e+01
1.231000e-05	-3.738711e-02	1.220462e+01
1.232000e-05	-3.856163e-02	1.223825e+01
1.233000e-05	-3.638046e-02	1.235043e+01
1.234000e-05	-3.954043e-02	1.239307e+01
1.235000e-05	-4.207585e-02	1.244668e+01
1.236000e-05	-4.458500e-02	1.251828e+01
1.237000e-05	-4.198679e-02	1.253039e+01
1.238000e-05	-4.324505e-02	1.253095e+01
1.239000e-05	-4.540006e-02	1.257357e+01
1.240000e-05	-4.614704e-02	1.265462e+01
1.241000e-05	-4.860950e-02	1.264720e+01
1.242000e-05	-4.929521e-02	1.267773e+01
1.243000e-05	-5.003048e-02	1.264673e+01
1.244000e-05	-4.897727e-02	1.270673e+01
1.245000e-05	-5.274975e-02	1.270888e+01
1.246000e-05	-5.441829e-02	1.271936e+01
1.247000e-05	-5.530500e-02	1.272640e+01
1.248000e-05	-5.736294e-02	1.275981e+01
1.249000e-05	-5.905511e-02	1.273781e+01
1.250000e-05	-6.033526e-02	1.270783e+01
1.251000e-05	-5.974145e-02	1.263676e+01
1.252000e-05	-6.355307e-02	1.267725e+01
1.253000e-05	-6.481458e-02	1.260513e+01
1.254000e-05	-6.768139e-02	1.261367e+01
1.255000e-05	-6.951182e-02	1.256202e+01
1.256000e-05	-7.423217e-02	1.257132e+01
1.257000e-05	-7.733235e-02	1.248936e+01
1.258000e-05	-7.974590e-02	1.249723e+01
1.259000e-05	-8.294458e-02	1.242460e+01
1.260000e-05	-8.567963e-02	1.235149e+01
1.261000e-05	-8.854328e-02	1.226680e+01
1.262000e-05	-8.903213e-02	1.217405e+01
1.263000e-05	-9.028756e-02	1.215089e+01
1.264000e-05	-8.974147e-02	1.207675e+01
1.265000e-05	-8.875201e-02	1.201099e+01
1.266000e-05	-8.690947e-02	1.191778e+01
1.267000e-05	-8.213693e-02	1.181360e+01
1.268000e-05	-8.042759e-02	1.169833e+01
1.269000e-05	-7.504273e-02	1.160247e+01
1.270000e-05	-7.319246e-02	1.148770e+01
1.271000e-05	-6.868464e-02	1.135093e+01
1.272000e-05	-6.582240e-02	1.125507e+01
1.273000e-05	-6.181496e-02	1.105734e+01
1.274000e-05	-5.863935e-02	1.098205e+01
1.275000e-05	-5.532847e-02	1.087978e+01
1.276000e-05	-5.374108e-02	1.078252e+01
1.277000e-05	-5.134557e-02	1.063633e+01
1.278000e-05	-4.843684e-02	1.049981e+01
1.279000e-05	-4.487224e-02	1.042247e+01
1.280000e-05	-4.439324e-02	1.022608e+01
1.281000e-05	-4.184615e-02	1.012731e+01
1.282000e-05	-3.941883e-02	1.001054e+01
1.283000e-05	-3.812720e-02	9.794099e+00
1.284000e-05	-3.773085e-02	9.635122e+00
1.285000e-05	-3.539389e-02	9.485186e+00
1.286000e-05	-3.314750e-02	9.319289e+00
1.287000e-05	-3.232789e-02	9.173525e+00
1.288000e-05	-3.285336e-02	8.955022e+00
1.289000e-05	-3.027147e-02	8.834025e+00
1.290000e-05	-2.859911e-02	8.624732e+00
1.291000e-05	-2.801401e-02	8.477211e+00
1.292000e-05	-2.666166e-02	8.338290e+00
1.293000e-05	-2.614443e-02	8.098836e+00
1.294000e-05	-2.465568e-02	7.908321e+00
1.295000e-05	-2.472529e-02	7.739368e+00
1.296000e-05	-2.379045e-02	7.539914e+00
1.297000e-05	-2.375130e-02	7.307290e+00
1.298000e-05	-2.127401e-02	7.120237e+00
1.299000e-05	-2.098047e-02	6.916291e+00
1.300000e-05	-2.123673e-02	6.749411e+00
1.301000e-05	-2.060955e-02	6.527833e+00
1.302000e-05	-1.895835e-02	6.316286e+00
1.303000e-05	-1.879045e-02	6.116741e+00
1.304000e-05	-1.827500e-02	5.927289e+00
1.305000e-05	-1.738240e-02	5.683732e+00
1.306000e-05	-1.645695e-02	5.465207e+00
1.307000e-05	-1.609354e-02	5.284106e+00
1.308000e-05	-1.526450e-02	4.951970e+00
1.309000e-05	-1.359251e-02	4.738317e+00
1.310000e-05	-1.411968e-02	4.527739e+00
1.311000e-05	-1.415143e-02	4.348840e+00
1.312000e-05	-1.236662e-02	4.116288e+00
1.313000e-05	-1.260178e-02	3.874111e+00
1.314000e-05	-1.229002e-02	3.662606e+00
1.315000e-05	-1.158328e-02	3.407458e+00
1.316000e-05	-1.066287e-02	3.210949e+00
1.317000e-05	-9.596946e-03	2.958922e+00
1.318000e-05	-9.671401e-03	2.788924e+00
1.319000e-05	-8.721315e-03	2.525211e+00
1.320000e-05	-8.165975e-03	2.263058e+00
1.321000e-05	-7.402332e-03	2.042581e+00
1.322000e-05	-8.320241e-03	1.810052e+00
1.323000e-05	-7.781219e-03	1.546471e+00
1.324000e-05	-5.808017e-03	1.295289e+00
1.325000e-05	-6.497015e-03	1.072129e+00
1.326000e-05	-6.289005e-03	7.679023e-01
1.327000e-05	-6.886710e-03	5.468444e-01
1.328000e-05	-3.964617e-03	3.793170e-01
1.329000e-05	-3.395981e-03	8.126409e-02
1.330000e-05	1.872680e-03	-1.559635e-01
1.331000e-05	4.564881e-03	-3.794436e-01
1.332000e-05	-2.074929e-03	-5.904686e-01
1.333000e-05	3.168474e-03	-8.425764e-01
1.334000e-05	-1.715309e-03	-1.051971e+00
1.335000e-05	1.990719e-03	-1.220925e+00
1.336000e-05	1.847828e-03	-1.475309e+00
1.337000e-05	3.640729e-02	-1.654284e+00
1.338000e-05	8.824377e-02	-1.895307e+00
1.339000e-05	-4.149607e-02	-2.170650e+00
1.340000e-05	-3.598118e-02	-2.549014e+00
1.341000e-05	-2.102294e-02	-2.769021e+00
1.342000e-05	-6.703347e-02	-2.939018e+00
1.343000e-05	9.175478e-03	-3.157837e+00
1.344000e-05	1.505706e-01	-3.234176e+00
1.345000e-05	-1.401172e-01	-3.526837e+00
1.346000e-05	1.004499e-01	-3.706633e+00
1.347000e-05	-7.590901e-03	-3.949385e+00
1.348000e-05	-9.433448e-02	-4.192047e+00
1.349000e-05	1.481981e-01	-4.379491e+00
1.350000e-05	-8.478437e-02	-4.601572e+00
1.351000e-05	3.814557e-02	-4.833282e+00
1.352000e-05	7.565965e-02	-5.033200e+00
1.353000e-05	-1.116510e-01	-5.317992e+00
1.354000e-05	1.195258e-01	-5.591969e+00
1.355000e-05	-8.462012e-02	-5.800544e+00
1.356000e-05	4.302470e-02	-6.011048e+00
1.357000e-05	3.840211e-02	-6.141996e+00
1.358000e-05	-5.682977e-02	-6.405125e+00
1.359000e-05	9.774308e-02	-6.623177e+00
1.360000e-05	-6.688164e-02	-6.852679e+00
1.361000e-05	8.566012e-02	-7.096803e+00
1.362000e-05	-2.044248e-02	-7.295280e+00
1.363000e-05	-2.174680e-02	-7.485806e+00
1.364000e-05	6.500450e-02	-7.688231e+00
1.365000e-05	-4.648068e-02	-7.941358e+00
1.366000e-05	7.888617e-02	-8.088332e+00
1.367000e-05	-2.813549e-02	-8.296304e+00
1.368000e-05	3.972356e-02	-8.434580e+00
1.369000e-05	-1.607539e-03	-8.605193e+00
1.370000e-05	1.929792e-03	-8.824517e+00
1.371000e-05	4.531446e-02	-8.959966e+00
1.372000e-05	-3.350059e-03	-9.137359e+00
1.373000e-05	4.218539e-02	-9.276204e+00
1.374000e-05	-2.198122e-02	-9.437174e+00
1.375000e-05	3.981294e-02	-9.592498e+00
1.376000e-05	1.095603e-02	-9.749436e+00
1.377000e-05	2.602486e-02	-9.875302e+00
1.378000e-05	1.500535e-02	-1.004447e+01
1.379000e-05	1.842796e-02	-1.013400e+01
1.380000e-05	2.588291e-02	-1.035999e+01
1.381000e-05	8.570510e-03	-1.048828e+01
1.382000e-05	3.123387e-02	-1.060307e+01
1.383000e-05	1.786456e-02	-1.071734e+01
1.384000e-05	2.929504e-02	-1.085560e+01
1.385000e-05	1.012600e-02	-1.096504e+01
1.386000e-05	3.242529e-02	-1.112690e+01
1.387000e-05	2.377658e-02	-1.122350e+01
1.388000e-05	2.825587e-02	-1.132999e+01
1.389000e-05	2.228616e-02	-1.142512e+01
1.390000e-05	2.872624e-02	-1.157031e+01
1.391000e-05	3.006585e-02	-1.166870e+01
1.392000e-05	2.514313e-02	-1.177407e+01
1.393000e-05	3.267215e-02	-1.189986e+01
1.394000e-05	2.908386e-02	-1.199249e+01
1.395000e-05	3.191057e-02	-1.207778e+01
1.396000e-05	2.838942e-02	-1.210889e+01
1.397000e-05	3.813426e-02	-1.224509e+01
1.398000e-05	3.354494e-02	-1.225618e+01
1.399000e-05	3.480257e-02	-1.230786e+01
1.400000e-05	3.254560e-02	-1.239089e+01
1.401000e-05	3.722723e-02	-1.238450e+01
1.402000e-05	3.673323e-02	-1.246765e+01
1.403000e-05	3.832219e-02	-1.247973e+01
1.404000e-05	4.083238e-02	-1.257084e+01
1.405000e-05	3.949013e-02	-1.257394e+01
1.406000e-05	4.024481e-02	-1.257406e+01
1.407000e-05	4.133386e-02	-1.260410e+01
1.408000e-05	4.432875e-02	-1.263762e+01
1.409000e-05	4.454467e-02	-1.264665e+01
1.410000e-05	4.480103e-02	-1.269735e+01
1.411000e-05	4.728267e-02	-1.267881e+01
1.412000e-05	4.862199e-02	-1.272883e+01
1.413000e-05	4.916477e-02	-1.268726e+01
1.414000e-05	5.060178e-02	-1.267870e+01
1.415000e-05	5.277078e-02	-1.267777e+01
1.416000e-05	5.619975e-02	-1.265821e+01
1.417000e-05	5.676206e-02	-1.262623e+01
1.418000e-05	5.753488e-02	-1.267612e+01
1.419000e-05	5.879597e-02	-1.259300e+01
1.420000e-05	6.186818e-02	-1.255296e+01
1.421000e-05	6.678775e-02	-1.251126e+01
1.422000e-05	6.936923e-02	-1.247011e+01
1.423000e-05	7.124738e-02	-1.243507e+01
1.424000e-05	7.481778e-02	-1.237397e+01
1.425000e-05	7.814125e-02	-1.231878e+01
1.426000e-05	8.052645e-02	-1.223718e+01
1.427000e-05	8.173308e-02	-1.218499e+01
1.428000e-05	8.431081e-02	-1.213034e+01
1.429000e-05	8.530360e-02	-1.207563e+01
1.430000e-05	8.216629e-02	-1.201500e+01
1.431000e-05	8.045548e-02	-1.189870e+01
1.432000e-05	7.760608e-02	-1.178401e+01
1.433000e-05	7.563671e-02	-1.165813e+01
1.434000e-05	7.125346e-02	-1.156086e+01
1.435000e-05	6.756347e-02	-1.149705e+01
1.436000e-05	6.518466e-02	-1.133986e+01
1.437000e-05	6.146306e-02	-1.123502e+01
1.438000e-05	5.740769e-02	-1.108818e+01
1.439000e-05	5.299676e-02	-1.098249e+01
1.440000e-05	4.984299e-02	-1.084713e+01
1.441000e-05	4.736203e-02	-1.072082e+01
1.442000e-05	4.505924e-02	-1.061460e+01
1.443000e-05	4.202683e-02	-1.053081e+01
1.444000e-05	4.039454e-02	-1.039385e+01
1.445000e-05	3.804373e-02	-1.023602e+01
1.446000e-05	3.622355e-02	-1.009713e+01
1.447000e-05	3.432208e-02	-9.928861e+00
1.448000e-05	3.308582e-02	-9.793002e+00
1.449000e-05	3.060234e-02	-9.697109e+00
1.450000e-05	2.857439e-02	-9.548215e+00
1.451000e-05	2.717742e-02	-9.341871e+00
1.452000e-05	2.540248e-02	-9.202398e+00
1.453000e-05	2.435138e-02	-9.016108e+00
1.454000e-05	2.409411e-02	-8.836656e+00
1.455000e-05	2.274521e-02	-8.718663e+00
1.456000e-05	2.164737e-02	-8.498683e+00
1.457000e-05	2.013207e-02	-8.348715e+00
1.458000e-05	1.915539e-02	-8.133366e+00
1.459000e-05	1.769425e-02	-7.980372e+00
1.460000e-05	1.609077e-02	-7.752292e+00
1.461000e-05	1.616797e-02	-7.530263e+00
1.462000e-05	1.528061e-02	-7.319791e+00
1.463000e-05	1.489403e-02	-7.160266e+00
1.464000e-05	1.237554e-02	-6.929840e+00
1.465000e-05	1.265154e-02	-6.709263e+00
1.466000e-05	1.227041e-02	-6.550813e+00
1.467000e-05	1.186715e-02	-6.390374e+00
1.468000e-05	8.303710e-03	-6.157790e+00
1.469000e-05	8.164010e-03	-5.938667e+00
1.470000e-05	8.874277e-03	-5.696790e+00
1.471000e-05	7.843290e-03	-5.488292e+00
1.472000e-05	7.156093e-03	-5.285587e+00
1.473000e-05	7.280420e-03	-5.041979e+00
1.474000e-05	7.192477e-03	-4.779840e+00
1.475000e-05	7.710527e-03	-4.559318e+00
1.476000e-05	5.315982e-03	-4.340348e+00
1.477000e-05	5.072415e-03	-4.137268e+00
1.478000e-05	3.472761e-03	-3.959844e+00
1.479000e-05	2.684855e-03	-3.736139e+00
1.480000e-05	1.868371e-03	-3.507087e+00
1.481000e-05	1.088431e-03	-3.255587e+00
1.482000e-05	3.090285e-03	-3.064502e+00
1.483000e-05	1.575262e-03	-2.808400e+00
1.484000e-05	8.334015e-04	-2.547771e+00
1.485000e-05	9.358113e-04	-2.378271e+00
1.486000e-05	-7.227121e-05	-2.105659e+00
1.487000e-05	-1.515292e-03	-1.874559e+00
1.488000e-05	-1.346621e-03	-1.632030e+00
1.489000e-05	-2.995603e-03	-1.359852e+00
1.490000e-05	-2.402857e-03	-1.085163e+00
1.491000e-05	-3.999233e-03	-8.746093e-01
1.492000e-05	-3.502157e-03	-6.530637e-01
1.493000e-05	-4.420400e-03	-3.788736e-01
1.494000e-05	-3.088954e-03	-1.593235e-01
1.495000e-05	-1.071794e-03	7.523421e-02
1.496000e-05	5.433172e-03	3.158846e-01
1.497000e-05	-2.596182e-03	5.353872e-01
1.498000e-05	1.013060e-04	7.173636e-01
1.499000e-05	-4.318309e-03	9.344371e-01
1.500000e-05	-3.689761e-03	1.189549e+00
1.501000e-05	-5.328135e-03	1.431626e+00
1.502000e-05	4.533371e-04	1.664883e+00
1.503000e-05	2.593047e-02	1.884757e+00
1.504000e-05	6.934523e-02	2.065383e+00
1.505000e-05	-2.116139e-02	2.387065e+00
1.506000e-05	-5.948823e-02	2.602728e+00
1.507000e-05	-2.829007e-02	2.875229e+00
1.508000e-05	-3.829071e-02	3.065880e+00
1.509000e-05	-6.934369e-02	3.242677e+00
1.510000e-05	9.567055e-02	3.442723e+00
1.511000e-05	1.947321e-02	3.654204e+00
1.512000e-05	-1.127672e-01	3.833250e+00
1.513000e-05	1.391314e-01	4.051628e+00
1.514000e-05	-9.363336e-02	4.317356e+00
1.515000e-05	-9.928317e-03	4.517885e+00
1.516000e-05	4.609002e-02	4.749464e+00
1.517000e-05	-5.888114e-02	4.963125e+00
1.518000e-05	2.399473e-02	5.267354e+00
1.519000e-05	-2.198884e-02	5.528409e+00
1.520000e-05	-1.493587e-02	5.707907e+00
1.521000e-05	1.904906e-03	5.999515e+00
1.522000e-05	-3.513504e-02	6.178492e+00
1.523000e-05	1.175861e-03	6.379416e+00
1.524000e-05	-3.093083e-02	6.573643e+00
1.525000e-05	1.925194e-02	6.792627e+00
1.526000e-05	-1.674758e-02	7.043273e+00
1.527000e-05	-1.804989e-02	7.214623e+00
1.528000e-05	7.160203e-03	7.412123e+00
1.529000e-05	-4.845118e-02	7.672300e+00
1.530000e-05	-4.207034e-04	7.864751e+00
1.531000e-05	-2.028664e-02	8.097282e+00
1.532000e-05	-7.114596e-03	8.245277e+00
1.533000e-05	-1.305296e-02	8.440649e+00
1.534000e-05	-2.956875e-02	8.613022e+00
1.535000e-05	-1.150794e-02	8.707940e+00
1.536000e-05	-2.231040e-02	8.897811e+00
1.537000e-05	-5.960943e-03	9.025273e+00
1.538000e-05	-2.796072e-02	9.244147e+00
1.539000e-05	-1.458865e-02	9.382070e+00
1.540000e-05	-2.061348e-02	9.560485e+00
1.541000e-05	-2.727731e-02	9.717336e+00
1.542000e-05	-1.730857e-02	9.844727e+00
1.543000e-05	-1.984264e-02	1.001312e+01
1.544000e-05	-1.837678e-02	1.014201e+01
1.545000e-05	-3.081753e-02	1.026728e+01
1.546000e-05	-2.112243e-02	1.047510e+01
1.547000e-05	-2.536047e-02	1.056159e+01
1.548000e-05	-2.678666e-02	1.069841e+01
1.549000e-05	-2.859592e-02	1.085363e+01
1.550000e-05	-2.398657e-02	1.094102e+01
1.551000e-05	-2.744365e-02	1.107673e+01
1.552000e-05	-3.245985e-02	1.122354e+01
1.553000e-05	-2.761543e-02	1.136946e+01
1.554000e-05	-2.883904e-02	1.143762e+01
1.555000e-05	-2.979029e-02	1.159151e+01
1.556000e-05	-3.447620e-02	1.170788e+01
1.557000e-05	-3.100451e-02	1.179309e+01
1.558000e-05	-3.385228e-02	1.187633e+01
1.559000e-05	-3.576429e-02	1.196091e+01
1.560000e-05	-3.604584e-02	1.204460e+01
1.561000e-05	-3.571405e-02	1.213181e+01
1.562000e-05	-3.747636e-02	1.214349e+01
1.563000e-05	-3.733975e-02	1.224525e+01
1.564000e-05	-3.610469e-02	1.235141e+01
1.565000e-05	-3.854276e-02	1.239359e+01
1.566000e-05	-4.197119e-02	1.242515e+01
1.567000e-05	-4.395646e-02	1.247628e+01
1.568000e-05	-4.322908e-02	1.251794e+01
1.569000e-05	-4.329544e-02	1.254096e+01
1.570000e-05	-4.502413e-02	1.259262e+01
1.571000e-05	-4.539584e-02	1.261560e+01
1.572000e-05	-4.901810e-02	1.265580e+01
1.573000e-05	-5.028763e-02	1.267576e+01
1.574000e-05	-4.974833e-02	1.270580e+01
1.575000e-05	-4.829447e-02	1.268783e+01
1.576000e-05	-5.198071e-02	1.271784e+01
1.577000e-05	-5.439221e-02	1.270833e+01
1.578000e-05	-5.471785e-02	1.270838e+01
1.579000e-05	-5.699429e-02	1.271886e+01
1.580000e-05	-5.959960e-02	1.272941e+01
1.581000e-05	-6.010779e-02	1.268783e+01
1.582000e-05	-5.999197e-02	1.268578e+01
1.583000e-05	-6.330129e-02	1.268776e+01
1.584000e-05	-6.376978e-02	1.262573e+01
1.585000e-05	-6.755393e-02	1.263502e+01
1.586000e-05	-6.972417e-02	1.260352e+01
1.587000e-05	-7.390750e-02	1.257242e+01
1.588000e-05	-7.587016e-02	1.253936e+01
1.589000e-05	-7.995305e-02	1.249723e+01
1.590000e-05	-8.237877e-02	1.246461e+01
1.591000e-05	-8.534024e-02	1.239349e+01
1.592000e-05	-8.778797e-02	1.228925e+01
1.593000e-05	-8.982015e-02	1.221617e+01
1.594000e-05	-9.098776e-02	1.212189e+01
1.595000e-05	-8.930970e-02	1.207868e+01
1.596000e-05	-8.805463e-02	1.196394e+01
1.597000e-05	-8.569478e-02	1.189676e+01
1.598000e-05	-8.264080e-02	1.176452e+01
1.599000e-05	-8.042521e-02	1.173831e+01
1.600000e-05	-7.625774e-02	1.161297e+01
1.601000e-05	-7.282446e-02	1.145928e+01
1.602000e-05	-6.877506e-02	1.135089e+01
1.603000e-05	-6.565962e-02	1.126470e+01
1.604000e-05	-6.222818e-02	1.112931e+01
1.605000e-05	-5.968230e-02	1.100450e+01
1.606000e-05	-5.539018e-02	1.089881e+01
1.607000e-05	-5.391204e-02	1.083305e+01
1.608000e-05	-5.172437e-02	1.066668e+01
1.609000e-05	-4.952237e-02	1.052039e+01
1.610000e-05	-4.567449e-02	1.041299e+01
1.611000e-05	-4.352294e-02	1.024613e+01
1.612000e-05	-4.283853e-02	1.009876e+01
1.613000e-05	-3.968799e-02	9.971516e+00
1.614000e-05	-3.811863e-02	9.794549e+00
1.615000e-05	-3.628941e-02	9.645609e+00
1.616000e-05	-3.658470e-02	9.527660e+00
1.617000e-05	-3.547053e-02	9.340293e+00
1.618000e-05	-3.356577e-02	9.222596e+00
1.619000e-05	-3.149627e-02	8.984074e+00
1.620000e-05	-3.063822e-02	8.854150e+00
1.621000e-05	-2.852170e-02	8.684703e+00
1.622000e-05	-2.828853e-02	8.516258e+00
1.623000e-05	-2.740212e-02	8.328318e+00
1.624000e-05	-2.641635e-02	8.159342e+00
1.625000e-05	-2.535269e-02	7.968816e+00
1.626000e-05	-2.357399e-02	7.729365e+00
1.627000e-05	-2.295208e-02	7.529693e+00
1.628000e-05	-2.252571e-02	7.328286e+00
1.629000e-05	-2.280921e-02	7.158789e+00
1.630000e-05	-2.199023e-02	6.928789e+00
1.631000e-05	-2.146003e-02	6.709838e+00
1.632000e-05	-1.959328e-02	6.567237e+00
1.633000e-05	-1.922060e-02	6.295742e+00
1.634000e-05	-1.816641e-02	6.128838e+00
1.635000e-05	-1.699675e-02	5.938817e+00
1.636000e-05	-1.796181e-02	5.704733e+00
1.637000e-05	-1.749102e-02	5.466162e+00
1.638000e-05	-1.619198e-02	5.226109e+00
1.639000e-05	-1.506247e-02	4.982029e+00
1.640000e-05	-1.481167e-02	4.810346e+00
1.641000e-05	-1.361350e-02	4.558292e+00
1.642000e-05	-1.297967e-02	4.357873e+00
1.643000e-05	-1.288095e-02	4.113211e+00
1.644000e-05	-1.335034e-02	3.885634e+00
1.645000e-05	-1.192890e-02	3.654155e+00
1.646000e-05	-1.057213e-02	3.504135e+00
1.647000e-05	-1.061385e-02	3.201000e+00
1.648000e-05	-1.010810e-02	3.009876e+00
1.649000e-05	-9.908052e-03	2.779923e+00
1.650000e-05	-9.191981e-03	2.494717e+00
1.651000e-05	-9.375215e-03	2.284159e+00
1.652000e-05	-9.543198e-03	2.051654e+00
1.653000e-05	-6.930405e-03	1.862579e+00
1.654000e-05	-6.785161e-03	1.597421e+00
1.655000e-05	-6.917659e-03	1.356793e+00
1.656000e-05	-7.164694e-03	1.084441e+00
1.657000e-05	-5.938971e-03	7.793248e-01
1.658000e-05	-4.263878e-03	5.873721e-01
1.659000e-05	-3.835660e-03	3.773197e-01
1.660000e-05	-3.893936e-03	8.520921e-02
1.661000e-05	1.371905e-04	-8.691331e-02
1.662000e-05	5.701628e-03	-3.468372e-01
1.663000e-05	-2.243943e-03	-5.488872e-01
1.664000e-05	3.081962e-03	-7.810488e-01
1.665000e-05	-2.144022e-03	-9.610465e-01
1.666000e-05	2.531496e-03	-1.200550e+00
1.667000e-05	1.269640e-03	-1.482211e+00
1.668000e-05	3.096685e-02	-1.655309e+00
1.669000e-05	8.899818e-02	-1.894831e+00
1.670000e-05	-3.159490e-02	-2.151143e+00
1.671000e-05	-4.111246e-02	-2.555361e+00
1.672000e-05	-1.983683e-02	-2.819392e+00
1.673000e-05	-6.545022e-02	-2.926388e+00
1.674000e-05	-4.331694e-03	-3.137413e+00
1.675000e-05	1.587143e-01	-3.232629e+00
1.676000e-05	-1.330210e-01	-3.504383e+00
1.677000e-05	8.174944e-02	-3.657282e+00
1.678000e-05	1.214497e-02	-3.906834e+00
1.679000e-05	-1.133963e-01	-4.181423e+00
1.680000e-05	1.440944e-01	-4.368916e+00
1.681000e-05	-7.482803e-02	-4.541020e+00
1.682000e-05	2.129899e-02	-4.822627e+00
1.683000e-05	9.132639e-02	-5.022099e+00
1.684000e-05	-1.175372e-01	-5.287363e+00
1.685000e-05	1.155588e-01	-5.539944e+00
1.686000e-05	-7.131715e-02	-5.748469e+00
1.687000e-05	2.593558e-02	-6.000524e+00
1.688000e-05	5.173339e-02	-6.172065e+00
1.689000e-05	-6.436770e-02	-6.404651e+00
1.690000e-05	9.932033e-02	-6.612200e+00
1.691000e-05	-6.307504e-02	-6.835203e+00
1.692000e-05	7.525077e-02	-7.085926e+00
1.693000e-05	-6.773763e-03	-7.255226e+00
1.694000e-05	-3.399047e-02	-7.506855e+00
1.695000e-05	7.252797e-02	-7.636303e+00
1.696000e-05	-4.740751e-02	-7.919907e+00
1.697000e-05	7.703566e-02	-8.096233e+00
1.698000e-05	-2.363447e-02	-8.285731e+00
1.699000e-05	3.296200e-02	-8.444594e+00
1.700000e-05	5.517251e-03	-8.584670e+00
1.701000e-05	-5.059796e-03	-8.784094e+00
1.702000e-05	4.965736e-02	-8.929916e+00
1.703000e-05	-4.632212e-03	-9.108361e+00
1.704000e-05	4.328731e-02	-9.256657e+00
1.705000e-05	-2.069027e-02	-9.455296e+00
1.706000e-05	3.761593e-02	-9.614072e+00
1.707000e-05	1.499316e-02	-9.729411e+00
1.708000e-05	2.325237e-02	-9.857203e+00
1.709000e-05	1.761210e-02	-1.000152e+01
1.710000e-05	1.500140e-02	-1.021249e+01
1.711000e-05	3.004419e-02	-1.034096e+01
1.712000e-05	6.996711e-03	-1.049726e+01
1.713000e-05	3.264939e-02	-1.060297e+01
1.714000e-05	1.696532e-02	-1.070738e+01
1.715000e-05	2.897100e-02	-1.084508e+01
1.716000e-05	1.100401e-02	-1.097149e+01
1.717000e-05	3.216280e-02	-1.107731e+01
1.718000e-05	2.610322e-02	-1.126467e+01
1.719000e-05	2.746675e-02	-1.135004e+01
1.720000e-05	2.161390e-02	-1.144468e+01
1.721000e-05	2.829317e-02	-1.152142e+01
1.722000e-05	3.066647e-02	-1.169715e+01
1.723000e-05	2.431871e-02	-1.174304e+01
1.724000e-05	3.261218e-02	-1.187933e+01
1.725000e-05	3.000932e-02	-1.199301e+01
1.726000e-05	3.301677e-02	-1.208615e+01
1.727000e-05	2.798748e-02	-1.212983e+01
1.728000e-05	3.738181e-02	-1.219349e+01
1.729000e-05	3.428476e-02	-1.222515e+01
1.730000e-05	3.376388e-02	-1.228826e+01
1.731000e-05	3.187941e-02	-1.235246e+01
1.732000e-05	3.688402e-02	-1.238252e+01
1.733000e-05	3.748187e-02	-1.243555e+01
1.734000e-05	3.659031e-02	-1.248868e+01
1.735000e-05	4.053778e-02	-1.249989e+01
1.736000e-05	3.918897e-02	-1.256299e+01
1.737000e-05	4.087984e-02	-1.254497e+01
1.738000e-05	4.141821e-02	-1.263562e+01
1.739000e-05	4.356235e-02	-1.260722e+01
1.740000e-05	4.462256e-02	-1.259728e+01
1.741000e-05	4.520241e-02	-1.269926e+01
1.742000e-05	4.742248e-02	-1.268878e+01
1.743000e-05	4.838861e-02	-1.269028e+01
1.744000e-05	4.795264e-02	-1.270778e+01
1.745000e-05	4.980358e-02	-1.272778e+01
1.746000e-05	5.292274e-02	-1.265923e+01
1.747000e-05	5.505314e-02	-1.266828e+01
1.748000e-05	5.650369e-02	-1.262675e+01
1.749000e-05	5.869612e-02	-1.262513e+01
1.750000e-05	5.909558e-02	-1.262454e+01
1.751000e-05	6.180900e-02	-1.258337e+01
1.752000e-05	6.460088e-02	-1.252026e+01
1.753000e-05	6.760795e-02	-1.248728e+01
1.754000e-05	7.171725e-02	-1.247553e+01
1.755000e-05	7.490933e-02	-1.239352e+01
1.756000e-05	7.926606e-02	-1.232884e+01
1.757000e-05	7.971383e-02	-1.227758e+01
1.758000e-05	8.208630e-02	-1.218352e+01
1.759000e-05	8.333143e-02	-1.211126e+01
1.760000e-05	8.386559e-02	-1.204613e+01
1.761000e-05	8.201823e-02	-1.199252e+01
1.762000e-05	8.150778e-02	-1.183730e+01
1.763000e-05	7.840144e-02	-1.180357e+01
1.764000e-05	7.452826e-02	-1.168673e+01
1.765000e-05	6.992733e-02	-1.158189e+01
1.766000e-05	6.789782e-02	-1.146460e+01
1.767000e-05	6.628695e-02	-1.136131e+01
1.768000e-05	6.103450e-02	-1.119550e+01
1.769000e-05	5.697919e-02	-1.107921e+01
1.770000e-05	5.404457e-02	-1.098135e+01
1.771000e-05	5.073015e-02	-1.087808e+01
1.772000e-05	4.759483e-02	-1.075100e+01
1.773000e-05	4.385903e-02	-1.064561e+01
1.774000e-05	4.360731e-02	-1.052032e+01
1.775000e-05	4.065606e-02	-1.040358e+01
1.776000e-05	3.818950e-02	-1.024512e+01
1.777000e-05	3.466963e-02	-1.007824e+01
1.778000e-05	3.501900e-02	-9.959441e+00
1.779000e-05	3.245316e-02	-9.803552e+00
1.780000e-05	3.105544e-02	-9.688161e+00
1.781000e-05	2.908886e-02	-9.511340e+00
1.782000e-05	2.706766e-02	-9.340867e+00
1.783000e-05	2.642871e-02	-9.193524e+00
1.784000e-05	2.476658e-02	-9.034125e+00
1.785000e-05	2.283610e-02	-8.896710e+00
1.786000e-05	2.196378e-02	-8.708231e+00
1.787000e-05	2.126989e-02	-8.517137e+00
1.788000e-05	2.063675e-02	-8.329292e+00
1.789000e-05	1.888920e-02	-8.141446e+00
1.790000e-05	1.776030e-02	-8.002379e+00
1.791000e-05	1.710989e-02	-7.752941e+00
1.792000e-05	1.579642e-02	-7.550869e+00
1.793000e-05	1.446330e-02	-7.387891e+00
1.794000e-05	1.368387e-02	-7.170321e+00
1.795000e-05	1.310126e-02	-6.948815e+00
1.796000e-05	1.271573e-02	-6.729295e+00
1.797000e-05	1.198903e-02	-6.550288e+00
1.798000e-05	1.096194e-02	-6.360874e+00
1.799000e-05	9.766928e-03	-6.148267e+00
1.800000e-05	9.679506e-03	-5.887268e+00
1.801000e-05	7.147808e-03	-5.705813e+00
1.802000e-05	8.093438e-03	-5.577323e+00
1.803000e-05	7.697752e-03	-5.318111e+00
1.804000e-05	6.092777e-03	-5.034084e+00
1.805000e-05	6.720598e-03	-4.780947e+00
1.806000e-05	3.124642e-03	-4.569900e+00
1.807000e-05	7.674512e-03	-4.369449e+00
1.808000e-05	4.242264e-03	-4.152319e+00
1.809000e-05	4.549948e-03	-4.019946e+00
1.810000e-05	4.121415e-03	-3.716289e+00
1.811000e-05	1.711387e-03	-3.487188e+00
1.812000e-05	1.525984e-03	-3.286214e+00
1.813000e-05	-2.063072e-03	-3.063607e+00
1.814000e-05	1.119478e-03	-2.839926e+00
1.815000e-05	2.442249e-03	-2.589900e+00
1.816000e-05	1.014521e-03	-2.388772e+00
1.817000e-05	3.624385e-04	-2.114138e+00
1.818000e-05	-5.939847e-04	-1.895638e+00
1.819000e-05	9.276137e-04	-1.673013e+00
1.820000e-05	-3.620160e-03	-1.358822e+00
1.821000e-05	-4.524401e-03	-1.136663e+00
1.822000e-05	-5.768797e-03	-8.826380e-01
1.823000e-05	-3.991354e-03	-6.936601e-01
1.824000e-05	-2.562450e-03	-4.004011e-01
1.825000e-05	-2.538208e-03	-1.883735e-01
1.826000e-05	-1.858383e-03	2.110169e-02
1.827000e-05	4.485926e-03	3.038332e-01
1.828000e-05	-3.312091e-03	4.952632e-01
1.829000e-05	4.572982e-04	7.549658e-01
1.830000e-05	-3.965331e-03	9.168344e-01
1.831000e-05	-3.449387e-03	1.158019e+00
1.832000e-05	-6.269917e-03	1.421023e+00
1.833000e-05	-2.712252e-04	1.663751e+00
1.834000e-05	2.401049e-02	1.905331e+00
1.835000e-05	7.042116e-02	2.084336e+00
1.836000e-05	-1.355926e-02	2.355937e+00
1.837000e-05	-6.383393e-02	2.622220e+00
1.838000e-05	-2.688438e-02	2.844279e+00
1.839000e-05	-3.698891e-02	3.054305e+00
1.840000e-05	-6.900615e-02	3.220653e+00
1.841000e-05	8.414469e-02	3.410623e+00
1.842000e-05	3.684538e-02	3.642752e+00
1.843000e-05	-1.269341e-01	3.833121e+00
1.844000e-05	1.374618e-01	4.012174e+00
1.845000e-05	-8.255176e-02	4.326904e+00
1.846000e-05	-2.300701e-02	4.485783e+00
1.847000e-05	5.404703e-02	4.728937e+00
1.848000e-05	-5.521410e-02	4.961969e+00
1.849000e-05	1.980299e-02	5.233649e+00
1.850000e-05	-1.813342e-02	5.486857e+00
1.851000e-05	-1.976497e-02	5.664939e+00
1.852000e-05	5.263121e-03	5.989016e+00
1.853000e-05	-3.531901e-02	6.178941e+00
1.854000e-05	1.354069e-03	6.381491e+00
1.855000e-05	-3.071128e-02	6.549992e+00
1.856000e-05	1.538542e-02	6.811096e+00
1.857000e-05	-1.370078e-02	7.011119e+00
1.858000e-05	-2.182232e-02	7.211569e+00
1.859000e-05	1.271384e-02	7.353123e+00
1.860000e-05	-4.731864e-02	7.644654e+00
1.861000e-05	-2.542493e-03	7.834174e+00
1.862000e-05	-1.904410e-02	8.095756e+00
1.863000e-05	-1.089240e-02	8.204279e+00
1.864000e-05	-1.210770e-02	8.413026e+00
1.865000e-05	-3.224501e-02	8.550991e+00
1.866000e-05	-1.010375e-02	8.707411e+00
1.867000e-05	-2.217668e-02	8.866802e+00
1.868000e-05	-6.251109e-03	9.025748e+00
1.869000e-05	-2.697377e-02	9.212695e+00
1.870000e-05	-1.397540e-02	9.401519e+00
1.871000e-05	-1.914890e-02	9.528409e+00
1.872000e-05	-2.965595e-02	9.728237e+00
1.873000e-05	-1.896385e-02	9.825244e+00
1.874000e-05	-2.033437e-02	1.000009e+01
1.875000e-05	-1.756524e-02	1.015001e+01
1.876000e-05	-3.090231e-02	1.026636e+01
1.877000e-05	-1.912128e-02	1.041362e+01
1.878000e-05	-2.748314e-02	1.054249e+01
1.879000e-05	-2.482321e-02	1.068883e+01
1.880000e-05	-3.079081e-02	1.082413e+01
1.881000e-05	-2.342762e-02	1.097301e+01
1.882000e-05	-2.665613e-02	1.108575e+01
1.883000e-05	-3.165562e-02	1.118149e+01
1.884000e-05	-2.808187e-02	1.133048e+01
1.885000e-05	-2.962123e-02	1.141572e+01
1.886000e-05	-2.953380e-02	1.157254e+01
1.887000e-05	-3.508819e-02	1.167833e+01
1.888000e-05	-3.091082e-02	1.178262e+01
1.889000e-05	-3.285104e-02	1.184628e+01
1.890000e-05	-3.454523e-02	1.195891e+01
1.891000e-05	-3.405693e-02	1.205460e+01
1.892000e-05	-3.408617e-02	1.211029e+01
1.893000e-05	-3.724532e-02	1.219407e+01
1.894000e-05	-4.027449e-02	1.221673e+01
1.895000e-05	-3.744123e-02	1.233981e+01
1.896000e-05	-3.909689e-02	1.240207e+01
1.897000e-05	-4.175711e-02	1.244562e+01
1.898000e-05	-4.337500e-02	1.250833e+01
1.899000e-05	-4.220774e-02	1.253829e+01
1.900000e-05	-4.346856e-02	1.256291e+01
1.901000e-05	-4.443072e-02	1.259299e+01
1.902000e-05	-4.479060e-02	1.259420e+01
1.903000e-05	-4.836322e-02	1.264515e+01
1.904000e-05	-4.961858e-02	1.269673e+01
1.905000e-05	-5.019942e-02	1.265578e+01
1.906000e-05	-4.890545e-02	1.267681e+01
1.907000e-05	-5.246069e-02	1.268730e+01
1.908000e-05	-5.260443e-02	1.272881e+01
1.909000e-05	-5.514219e-02	1.270638e+01
1.910000e-05	-5.625604e-02	1.274786e+01
1.911000e-05	-5.824759e-02	1.271934e+01
1.912000e-05	-6.013005e-02	1.266838e+01
1.913000e-05	-5.995421e-02	1.270686e+01
1.914000e-05	-6.250187e-02	1.268770e+01
1.915000e-05	-6.498138e-02	1.263528e+01
1.916000e-05	-6.789977e-02	1.262607e+01
1.917000e-05	-6.971802e-02	1.258350e+01
1.918000e-05	-7.208838e-02	1.255187e+01
1.919000e-05	-7.636104e-02	1.252036e+01
1.920000e-05	-7.917414e-02	1.248678e+01
1.921000e-05	-8.222847e-02	1.244412e+01
1.922000e-05	-8.536961e-02	1.238094e+01
1.923000e-05	-8.790229e-02	1.229830e+01
1.924000e-05	-8.967886e-02	1.220573e+01
1.925000e-05	-8.985804e-02	1.213291e+01
1.926000e-05	-8.991109e-02	1.206823e+01
1.927000e-05	-8.874057e-02	1.197510e+01
1.928000e-05	-8.718541e-02	1.191784e+01
1.929000e-05	-8.282319e-02	1.180452e+01
1.930000e-05	-8.025686e-02	1.173779e+01
1.931000e-05	-7.656899e-02	1.158502e+01
1.932000e-05	-7.284374e-02	1.149933e+01
1.933000e-05	-6.873844e-02	1.135136e+01
1.934000e-05	-6.671632e-02	1.125416e+01
1.935000e-05	-6.333626e-02	1.116984e+01
1.936000e-05	-6.034936e-02	1.104513e+01
1.937000e-05	-5.616765e-02	1.090984e+01
1.938000e-05	-5.398558e-02	1.085402e+01
1.939000e-05	-5.161965e-02	1.065868e+01
1.940000e-05	-4.924912e-02	1.053231e+01
1.941000e-05	-4.465548e-02	1.038247e+01
1.942000e-05	-4.410358e-02	1.025465e+01
1.943000e-05	-4.338488e-02	1.009981e+01
1.944000e-05	-4.160888e-02	1.000047e+01
1.945000e-05	-3.857524e-02	9.785099e+00
1.946000e-05	-3.649345e-02	9.695632e+00
1.947000e-05	-3.616197e-02	9.486760e+00
1.948000e-05	-3.490439e-02	9.340841e+00
1.949000e-05	-3.320691e-02	9.182016e+00
1.950000e-05	-3.206424e-02	8.994999e+00
1.951000e-05	-3.079768e-02	8.845624e+00
1.952000e-05	-2.987318e-02	8.676257e+00
1.953000e-05	-2.800031e-02	8.529285e+00
1.954000e-05	-2.703746e-02	8.369817e+00
1.955000e-05	-2.668317e-02	8.120418e+00
1.956000e-05	-2.519697e-02	7.938814e+00
1.957000e-05	-2.373098e-02	7.740418e+00
1.958000e-05	-2.322437e-02	7.601367e+00
1.959000e-05	-2.414582e-02	7.299760e+00
1.960000e-05	-2.276140e-02	7.148740e+00
1.961000e-05	-2.046949e-02	6.939392e+00
1.962000e-05	-2.041912e-02	6.759365e+00
1.963000e-05	-2.045945e-02	6.518312e+00
1.964000e-05	-2.113301e-02	6.297842e+00
1.965000e-05	-1.764884e-02	6.117317e+00
1.966000e-05	-1.696302e-02	6.000297e+00
1.967000e-05	-1.744359e-02	5.716739e+00
1.968000e-05	-1.712060e-02	5.527217e+00
1.969000e-05	-1.549975e-02	5.287108e+00
1.970000e-05	-1.525765e-02	5.012029e+00
1.971000e-05	-1.502194e-02	4.808826e+00
1.972000e-05	-1.541258e-02	4.539316e+00
1.973000e-05	-1.313796e-02	4.350823e+00
1.974000e-05	-1.247659e-02	4.105764e+00
1.975000e-05	-1.160749e-02	3.885663e+00
1.976000e-05	-1.155228e-02	3.675133e+00
1.977000e-05	-1.100142e-02	3.496734e+00
1.978000e-05	-1.140718e-02	3.241930e+00
1.979000e-05	-9.995217e-03	2.969446e+00
1.980000e-05	-1.016796e-02	2.809874e+00
1.981000e-05	-9.397334e-03	2.478347e+00
1.982000e-05	-9.784710e-03	2.285659e+00
1.983000e-05	-8.580982e-03	2.073160e+00
1.984000e-05	-6.824503e-03	1.864558e+00
1.985000e-05	-9.042367e-03	1.579901e+00
1.986000e-05	-6.298407e-03	1.336348e+00
1.987000e-05	-6.709867e-03	1.074613e+00
1.988000e-05	-4.264805e-03	8.213760e-01
1.989000e-05	-5.817799e-03	6.099000e-01
1.990000e-05	-4.003254e-03	3.493722e-01
1.991000e-05	-4.114803e-03	9.674060e-02
1.992000e-05	-4.644518e-05	-1.368872e-01
1.993000e-05	3.609795e-03	-3.263898e-01
1.994000e-05	-2.877400e-03	-5.258911e-01
1.995000e-05	3.012830e-03	-7.784476e-01
1.996000e-05	-2.601379e-04	-9.884188e-01
1.997000e-05	1.110582e-03	-1.201171e+00
1.998000e-05	3.111902e-04	-1.472276e+00
1.999000e-05	3.026597e-02	-1.684657e+00
2.000000e-05	9.052312e-02	-1.884229e+00
2.001000e-05	-2.392726e-02	-2.159417e+00
2.002000e-05	-4.894354e-02	-2.545888e+00
2.003000e-05	-1.840422e-02	-2.777413e+00
2.004000e-05	-6.409905e-02	-2.915436e+00
2.005000e-05	-1.626605e-02	-3.146885e+00
2.006000e-05	1.635393e-01	-3.222631e+00
2.007000e-05	-1.188693e-01	-3.494230e+00
2.008000e-05	6.581919e-02	-3.666154e+00
2.009000e-05	3.329849e-02	-3.906902e+00
2.010000e-05	-1.316594e-01	-4.150969e+00
2.011000e-05	1.440870e-01	-4.348894e+00
2.012000e-05	-6.122572e-02	-4.539990e+00
2.013000e-05	2.661797e-03	-4.812672e+00
2.014000e-05	1.037620e-01	-4.991075e+00
2.015000e-05	-1.217499e-01	-5.257384e+00
2.016000e-05	1.094735e-01	-5.547845e+00
2.017000e-05	-5.537667e-02	-5.751566e+00
2.018000e-05	9.437887e-03	-6.009971e+00
2.019000e-05	6.522681e-02	-6.141616e+00
2.020000e-05	-7.388543e-02	-6.403195e+00
2.021000e-05	1.003692e-01	-6.642125e+00
2.022000e-05	-5.598977e-02	-6.832175e+00
2.023000e-05	6.513528e-02	-7.087223e+00
2.024000e-05	7.995825e-03	-7.275229e+00
2.025000e-05	-4.717907e-02	-7.415202e+00
2.026000e-05	7.689078e-02	-7.653144e+00
2.027000e-05	-4.782431e-02	-7.925306e+00
2.028000e-05	7.466601e-02	-8.085758e+00
2.029000e-05	-1.729817e-02	-8.284202e+00
2.030000e-05	2.518278e-02	-8.434024e+00
2.031000e-05	1.419359e-02	-8.584143e+00
2.032000e-05	-1.150116e-02	-8.813069e+00
2.033000e-05	5.326418e-02	-8.940884e+00
2.034000e-05	-7.028347e-03	-9.088257e+00
2.035000e-05	4.395953e-02	-9.256052e+00
2.036000e-05	-1.837983e-02	-9.425569e+00
2.037000e-05	3.379876e-02	-9.591536e+00
2.038000e-05	1.897351e-02	-9.719409e+00
2.039000e-05	1.924085e-02	-9.865826e+00
2.040000e-05	2.109815e-02	-9.983570e+00
2.041000e-05	1.234558e-02	-1.013257e+01
2.042000e-05	3.135288e-02	-1.030938e+01
2.043000e-05	6.921584e-03	-1.049578e+01
2.044000e-05	3.248399e-02	-1.057152e+01
2.045000e-05	1.663094e-02	-1.067733e+01
2.046000e-05	2.926902e-02	-1.082307e+01
2.047000e-05	1.167144e-02	-1.098994e+01
2.048000e-05	3.152787e-02	-1.109083e+01
2.049000e-05	2.597856e-02	-1.120264e+01
2.050000e-05	2.751342e-02	-1.135141e+01
2.051000e-05	2.413569e-02	-1.143570e+01
2.052000e-05	2.674289e-02	-1.153136e+01
2.053000e-05	3.165450e-02	-1.166653e+01
2.054000e-05	2.377474e-02	-1.178257e+01
2.055000e-05	3.207777e-02	-1.189685e+01
2.056000e-05	2.841483e-02	-1.199202e+01
2.057000e-05	3.253447e-02	-1.206773e+01
2.058000e-05	2.863800e-02	-1.215086e+01
2.059000e-05	3.773483e-02	-1.221352e+01
2.060000e-05	3.422010e-02	-1.224515e+01
2.061000e-05	3.469904e-02	-1.227783e+01
2.062000e-05	3.213832e-02	-1.233899e+01
2.063000e-05	3.582979e-02	-1.242350e+01
2.064000e-05	3.665467e-02	-1.245510e+01
2.065000e-05	3.737980e-02	-1.247871e+01
2.066000e-05	4.116053e-02	-1.253091e+01
2.067000e-05	3.969942e-02	-1.257299e+01
2.068000e-05	4.007651e-02	-1.260404e+01
2.069000e-05	4.127499e-02	-1.259452e+01
2.070000e-05	4.379946e-02	-1.262617e+01
2.071000e-05	4.433974e-02	-1.266670e+01
2.072000e-05	4.495591e-02	-1.267720e+01
2.073000e-05	4.818600e-02	-1.270780e+01
2.074000e-05	4.825902e-02	-1.264978e+01
2.075000e-05	4.867321e-02	-1.273778e+01
2.076000e-05	4.984744e-02	-1.266623e+01
2.077000e-05	5.263885e-02	-1.265875e+01
2.078000e-05	5.537966e-02	-1.269828e+01
2.079000e-05	5.602419e-02	-1.262877e+01
2.080000e-05	5.804131e-02	-1.261812e+01
2.081000e-05	5.953965e-02	-1.259655e+01
2.082000e-05	6.103029e-02	-1.255249e+01
2.083000e-05	6.568781e-02	-1.251239e+01
2.084000e-05	6.738154e-02	-1.246976e+01
2.085000e-05	7.153040e-02	-1.244613e+01
2.086000e-05	7.431667e-02	-1.242544e+01
2.087000e-05	7.807648e-02	-1.232984e+01
2.088000e-05	8.134504e-02	-1.229618e+01
2.089000e-05	8.244739e-02	-1.217255e+01
2.090000e-05	8.397700e-02	-1.216124e+01
2.091000e-05	8.422799e-02	-1.205668e+01
2.092000e-05	8.272944e-02	-1.197300e+01
2.093000e-05	8.179726e-02	-1.189673e+01
2.094000e-05	7.823031e-02	-1.179500e+01
2.095000e-05	7.600098e-02	-1.166026e+01
2.096000e-05	7.130232e-02	-1.158192e+01
2.097000e-05	6.819355e-02	-1.142662e+01
2.098000e-05	6.551816e-02	-1.132086e+01
2.099000e-05	6.226607e-02	-1.121293e+01
2.100000e-05	5.782930e-02	-1.108931e+01
2.101000e-05	5.496456e-02	-1.094991e+01
2.102000e-05	5.027134e-02	-1.086718e+01
2.103000e-05	4.830331e-02	-1.080099e+01
2.104000e-05	4.460317e-02	-1.064610e+01
2.105000e-05	4.300374e-02	-1.054889e+01
2.106000e-05	4.104393e-02	-1.039255e+01
2.107000e-05	3.864481e-02	-1.025718e+01
2.108000e-05	3.641989e-02	-1.011921e+01
2.109000e-05	3.411202e-02	-9.970916e+00
2.110000e-05	3.271519e-02	-9.803572e+00
2.111000e-05	3.111567e-02	-9.697685e+00
2.112000e-05	2.964371e-02	-9.560838e+00
2.113000e-05	2.714798e-02	-9.341919e+00
2.114000e-05	2.578508e-02	-9.231924e+00
2.115000e-05	2.511518e-02	-9.033633e+00
2.116000e-05	2.312154e-02	-8.907132e+00
2.117000e-05	2.127461e-02	-8.748737e+00
2.118000e-05	2.125459e-02	-8.508740e+00
2.119000e-05	2.134282e-02	-8.340266e+00
2.120000e-05	1.969996e-02	-8.151942e+00
2.121000e-05	1.750330e-02	-7.982450e+00
2.122000e-05	1.560138e-02	-7.750895e+00
2.123000e-05	1.598054e-02	-7.569843e+00
2.124000e-05	1.561111e-02	-7.380867e+00
2.125000e-05	1.345752e-02	-7.190926e+00
2.126000e-05	1.204643e-02	-6.939841e+00
2.127000e-05	1.208900e-02	-6.779920e+00
2.128000e-05	1.169193e-02	-6.540346e+00
2.129000e-05	1.103739e-02	-6.390347e+00
2.130000e-05	1.011953e-02	-6.129892e+00
2.131000e-05	9.362967e-03	-5.960768e+00
2.132000e-05	6.925641e-03	-5.747800e+00
2.133000e-05	7.909269e-03	-5.549792e+00
2.134000e-05	7.428357e-03	-5.316138e+00
2.135000e-05	6.575110e-03	-5.027158e+00
2.136000e-05	4.027604e-03	-4.690844e+00
2.137000e-05	6.401182e-03	-4.569897e+00
2.138000e-05	4.847504e-03	-4.361824e+00
2.139000e-05	4.859664e-03	-4.211423e+00
2.140000e-05	3.160702e-03	-3.980400e+00
2.141000e-05	4.503613e-03	-3.758293e+00
2.142000e-05	3.065283e-03	-3.507216e+00
2.143000e-05	1.317253e-03	-3.276639e+00
2.144000e-05	1.211158e-03	-3.044089e+00
2.145000e-05	5.214954e-05	-2.829926e+00
2.146000e-05	3.678346e-04	-2.560900e+00
2.147000e-05	-5.006501e-04	-2.398822e+00
2.148000e-05	-3.309544e-04	-2.107644e+00
2.149000e-05	-9.648567e-04	-1.895590e+00
2.150000e-05	-9.471090e-04	-1.702237e+00
2.151000e-05	-2.521509e-03	-1.401904e+00
2.152000e-05	-3.013999e-03	-1.127268e+00
2.153000e-05	-3.093147e-03	-9.051615e-01
2.154000e-05	-3.448315e-03	-6.741077e-01
2.155000e-05	-4.955030e-03	-4.208775e-01
2.156000e-05	-5.092040e-03	-1.599764e-01
2.157000e-05	-1.787592e-03	5.988847e-04
2.158000e-05	4.713904e-03	2.843306e-01
2.159000e-05	-2.450252e-03	5.052858e-01
2.160000e-05	-8.308225e-04	6.963360e-01
2.161000e-05	-2.368338e-03	9.444318e-01
2.162000e-05	-1.799809e-03	1.168039e+00
2.163000e-05	-5.548230e-03	1.382153e+00
2.164000e-05	-1.416613e-04	1.632729e+00
2.165000e-05	2.090919e-02	1.841728e+00
2.166000e-05	6.785598e-02	2.074731e+00
2.167000e-05	-6.878243e-03	2.315860e+00
2.168000e-05	-6.555499e-02	2.559751e+00
2.169000e-05	-2.538914e-02	2.852207e+00
2.170000e-05	-3.552961e-02	3.032729e+00
2.171000e-05	-6.859156e-02	3.202596e+00
2.172000e-05	7.098082e-02	3.372197e+00
2.173000e-05	5.501598e-02	3.633124e+00
2.174000e-05	-1.366574e-01	3.790604e+00
2.175000e-05	1.317352e-01	4.051678e+00
2.176000e-05	-6.817124e-02	4.285831e+00
2.177000e-05	-3.659171e-02	4.494784e+00
2.178000e-05	5.962685e-02	4.718361e+00
2.179000e-05	-5.561400e-02	4.911964e+00
2.180000e-05	1.587960e-02	5.214246e+00
2.181000e-05	-1.338023e-02	5.476884e+00
2.182000e-05	-2.259158e-02	5.715731e+00
2.183000e-05	8.025481e-03	5.948962e+00
2.184000e-05	-3.445652e-02	6.148514e+00
2.185000e-05	3.369740e-04	6.340888e+00
2.186000e-05	-2.905062e-02	6.549612e+00
2.187000e-05	1.065414e-02	6.811020e+00
2.188000e-05	-8.573375e-03	6.982644e+00
2.189000e-05	-2.705555e-02	7.209495e+00
2.190000e-05	1.226663e-02	7.372171e+00
2.191000e-05	-4.738297e-02	7.613245e+00
2.192000e-05	-3.941475e-03	7.806699e+00
2.193000e-05	-1.696456e-02	8.063673e+00
2.194000e-05	-1.182556e-02	8.214225e+00
2.195000e-05	-8.561976e-03	8.413045e+00
2.196000e-05	-3.164432e-02	8.531466e+00
2.197000e-05	-1.364216e-02	8.718406e+00
2.198000e-05	-2.540971e-02	8.918182e+00
2.199000e-05	-6.401360e-03	9.045199e+00
2.200000e-05	-2.541703e-02	9.201675e+00
2.201000e-05	-1.609498e-02	9.372021e+00
2.202000e-05	-1.765835e-02	9.497885e+00
2.203000e-05	-2.799877e-02	9.699330e+00
2.204000e-05	-1.866680e-02	9.844749e+00
2.205000e-05	-2.233315e-02	9.982096e+00
2.206000e-05	-1.816246e-02	1.012096e+01
2.207000e-05	-3.031986e-02	1.029528e+01
2.208000e-05	-2.149210e-02	1.039225e+01
2.209000e-05	-2.543790e-02	1.056099e+01
2.210000e-05	-2.564475e-02	1.068788e+01
2.211000e-05	-2.837298e-02	1.087465e+01
2.212000e-05	-2.498595e-02	1.091949e+01
2.213000e-05	-2.795821e-02	1.106525e+01
2.214000e-05	-3.236660e-02	1.118249e+01
2.215000e-05	-2.697656e-02	1.131984e+01
2.216000e-05	-2.911438e-02	1.144474e+01
2.217000e-05	-3.021290e-02	1.155254e+01
2.218000e-05	-3.444084e-02	1.167780e+01
2.219000e-05	-2.909606e-02	1.181252e+01
2.220000e-05	-3.269719e-02	1.184573e+01
2.221000e-05	-3.650781e-02	1.193989e+01
2.222000e-05	-3.548738e-02	1.200422e+01
2.223000e-05	-3.403028e-02	1.209893e+01
2.224000e-05	-3.664719e-02	1.217299e+01
2.225000e-05	-3.921019e-02	1.220727e+01
2.226000e-05	-3.551712e-02	1.233841e+01
2.227000e-05	-3.942917e-02	1.240259e+01
2.228000e-05	-4.150777e-02	1.246517e+01
2.229000e-05	-4.212199e-02	1.250883e+01
2.230000e-05	-4.131578e-02	1.253828e+01
2.231000e-05	-4.277268e-02	1.253149e+01
2.232000e-05	-4.529260e-02	1.259302e+01
2.233000e-05	-4.472179e-02	1.258367e+01
2.234000e-05	-4.741023e-02	1.266662e+01
2.235000e-05	-4.968916e-02	1.264563e+01
2.236000e-05	-5.002575e-02	1.269733e+01
2.237000e-05	-4.768853e-02	1.273881e+01
2.238000e-05	-5.140282e-02	1.268788e+01
2.239000e-05	-5.335758e-02	1.271740e+01
2.240000e-05	-5.449673e-02	1.271888e+01
2.241000e-05	-5.517059e-02	1.272786e+01
2.242000e-05	-5.858929e-02	1.271930e+01
2.243000e-05	-6.033839e-02	1.268788e+01
2.244000e-05	-5.944543e-02	1.268678e+01
2.245000e-05	-6.206205e-02	1.266623e+01
2.246000e-05	-6.604607e-02	1.266563e+01
2.247000e-05	-6.840792e-02	1.265567e+01
2.248000e-05	-6.859386e-02	1.261355e+01
2.249000e-05	-7.096452e-02	1.257247e+01
2.250000e-05	-7.562936e-02	1.252888e+01
2.251000e-05	-7.933676e-02	1.249666e+01
2.252000e-05	-8.244116e-02	1.248660e+01
2.253000e-05	-8.551987e-02	1.235252e+01
2.254000e-05	-8.796298e-02	1.232925e+01
2.255000e-05	-9.121406e-02	1.221567e+01
2.256000e-05	-9.041056e-02	1.217139e+01
2.257000e-05	-8.852270e-02	1.206821e+01
2.258000e-05	-8.942187e-02	1.197497e+01
2.259000e-05	-8.540725e-02	1.188633e+01
2.260000e-05	-8.467291e-02	1.179457e+01
2.261000e-05	-7.808708e-02	1.173983e+01
2.262000e-05	-7.578971e-02	1.159460e+01
2.263000e-05	-7.181970e-02	1.145830e+01
2.264000e-05	-6.936547e-02	1.139299e+01
2.265000e-05	-6.692190e-02	1.127610e+01
2.266000e-05	-6.267563e-02	1.113877e+01
2.267000e-05	-6.374514e-02	1.102510e+01
2.268000e-05	-5.741804e-02	1.091926e+01
2.269000e-05	-5.483668e-02	1.082303e+01
2.270000e-05	-4.995962e-02	1.065875e+01
2.271000e-05	-4.793077e-02	1.055189e+01
2.272000e-05	-4.469594e-02	1.040245e+01
2.273000e-05	-4.318493e-02	1.026521e+01
2.274000e-05	-4.266066e-02	1.010987e+01
2.275000e-05	-4.233798e-02	9.971924e+00
2.276000e-05	-3.995480e-02	9.824050e+00
2.277000e-05	-3.806673e-02	9.668687e+00
2.278000e-05	-3.518358e-02	9.506763e+00
2.279000e-05	-3.537834e-02	9.350865e+00
2.280000e-05	-3.221983e-02	9.201975e+00
2.281000e-05	-3.237961e-02	9.066177e+00
2.282000e-05	-2.884883e-02	8.834558e+00
2.283000e-05	-2.880420e-02	8.676157e+00
2.284000e-05	-2.810828e-02	8.529289e+00
2.285000e-05	-2.789246e-02	8.359347e+00
2.286000e-05	-2.662435e-02	8.190391e+00
2.287000e-05	-2.664276e-02	7.952394e+00
2.288000e-05	-2.569784e-02	7.779892e+00
2.289000e-05	-2.319260e-02	7.570918e+00
2.290000e-05	-2.284483e-02	7.358843e+00
2.291000e-05	-2.080257e-02	7.141420e+00
2.292000e-05	-1.956698e-02	6.958397e+00
2.293000e-05	-2.066906e-02	6.769840e+00
2.294000e-05	-1.912208e-02	6.547389e+00
2.295000e-05	-1.910000e-02	6.338338e+00
2.296000e-05	-1.932490e-02	6.138922e+00
2.297000e-05	-1.944571e-02	5.969845e+00
2.298000e-05	-1.914991e-02	5.728264e+00
2.299000e-05	-1.591218e-02	5.506818e+00
2.300000e-05	-1.522080e-02	5.286762e+00
2.301000e-05	-1.345768e-02	5.022084e+00
2.302000e-05	-1.346513e-02	4.799950e+00
2.303000e-05	-1.462552e-02	4.578871e+00
2.304000e-05	-1.355140e-02	4.369921e+00
2.305000e-05	-1.454134e-02	4.168239e+00
2.306000e-05	-1.085950e-02	3.894837e+00
2.307000e-05	-1.202444e-02	3.706258e+00
2.308000e-05	-1.140293e-02	3.486686e+00
2.309000e-05	-1.246666e-02	3.230981e+00
2.310000e-05	-8.611671e-03	3.031479e+00
2.311000e-05	-7.135706e-03	2.848946e+00
2.312000e-05	-9.787974e-03	2.579291e+00
2.313000e-05	-1.063557e-02	2.285687e+00
2.314000e-05	-8.845646e-03	2.076209e+00
2.315000e-05	-8.462628e-03	1.884609e+00
2.316000e-05	-7.398436e-03	1.580403e+00
2.317000e-05	-6.245397e-03	1.349270e+00
2.318000e-05	-7.093546e-03	1.115765e+00
2.319000e-05	-6.325148e-03	8.395050e-01
2.320000e-05	-5.204456e-03	6.099260e-01
2.321000e-05	-3.796887e-03	3.500249e-01
2.322000e-05	-4.662879e-03	1.336380e-01
2.323000e-05	-1.693166e-03	-6.586097e-02
2.324000e-05	4.949026e-03	-3.152647e-01
2.325000e-05	-2.904496e-03	-5.463647e-01
2.326000e-05	2.312847e-03	-7.989235e-01
2.327000e-05	-2.902381e-03	-9.394476e-01
2.328000e-05	2.776319e-03	-1.179046e+00
2.329000e-05	4.815661e-04	-1.453175e+00
2.330000e-05	2.561447e-02	-1.642025e+00
2.331000e-05	8.778268e-02	-1.851703e+00
2.332000e-05	-1.316660e-02	-2.129040e+00
2.333000e-05	-5.325446e-02	-2.495360e+00
2.334000e-05	-1.486361e-02	-2.757392e+00
2.335000e-05	-6.216027e-02	-2.868912e+00
2.336000e-05	-2.702807e-02	-3.105887e+00
2.337000e-05	1.637779e-01	-3.221628e+00
2.338000e-05	-1.040388e-01	-3.463728e+00
2.339000e-05	4.877188e-02	-3.656758e+00
2.340000e-05	5.469043e-02	-3.874730e+00
2.341000e-05	-1.457573e-01	-4.169489e+00
2.342000e-05	1.395069e-01	-4.347440e+00
2.343000e-05	-4.822068e-02	-4.538544e+00
2.344000e-05	-1.501703e-02	-4.833674e+00
2.345000e-05	1.173478e-01	-4.991044e+00
2.346000e-05	-1.204853e-01	-5.286331e+00
2.347000e-05	9.802108e-02	-5.539436e+00
2.348000e-05	-4.239427e-02	-5.759466e+00
2.349000e-05	-6.807944e-03	-5.989996e+00
2.350000e-05	7.938767e-02	-6.149889e+00
2.351000e-05	-7.852345e-02	-6.391603e+00
2.352000e-05	9.744925e-02	-6.589499e+00
2.353000e-05	-4.955285e-02	-6.804098e+00
2.354000e-05	5.239372e-02	-7.035203e+00
2.355000e-05	2.206805e-02	-7.264731e+00
2.356000e-05	-5.653470e-02	-7.494753e+00
2.357000e-05	8.288002e-02	-7.655180e+00
2.358000e-05	-4.833825e-02	-7.877855e+00
2.359000e-05	6.831447e-02	-8.025257e+00
2.360000e-05	-9.666495e-03	-8.255102e+00
2.361000e-05	1.925473e-02	-8.423474e+00
2.362000e-05	2.183749e-02	-8.582622e+00
2.363000e-05	-1.766413e-02	-8.791998e+00
2.364000e-05	5.572855e-02	-8.927912e+00
2.365000e-05	-6.310580e-03	-9.108829e+00
2.366000e-05	4.298659e-02	-9.245026e+00
2.367000e-05	-1.637163e-02	-9.405141e+00
2.368000e-05	2.950544e-02	-9.591597e+00
2.369000e-05	2.264225e-02	-9.688310e+00
2.370000e-05	1.746904e-02	-9.834776e+00
2.371000e-05	2.356584e-02	-1.002257e+01
2.372000e-05	1.055160e-02	-1.013194e+01
2.373000e-05	3.265870e-02	-1.034796e+01
2.374000e-05	5.196680e-03	-1.041675e+01
2.375000e-05	3.193765e-02	-1.059305e+01
2.376000e-05	1.692331e-02	-1.067836e+01
2.377000e-05	2.960122e-02	-1.084502e+01
2.378000e-05	1.194528e-02	-1.091991e+01
2.379000e-05	2.917033e-02	-1.108880e+01
2.380000e-05	2.721539e-02	-1.120119e+01
2.381000e-05	2.575397e-02	-1.131991e+01
2.382000e-05	2.401544e-02	-1.143357e+01
2.383000e-05	2.541575e-02	-1.153441e+01
2.384000e-05	3.299488e-02	-1.167873e+01
2.385000e-05	2.395051e-02	-1.176204e+01
2.386000e-05	3.269165e-02	-1.189785e+01
2.387000e-05	2.900127e-02	-1.200144e+01
2.388000e-05	3.192740e-02	-1.208618e+01
2.389000e-05	2.737925e-02	-1.209934e+01
2.390000e-05	3.674768e-02	-1.218244e+01
2.391000e-05	3.493014e-02	-1.223615e+01
2.392000e-05	3.368610e-02	-1.227830e+01
2.393000e-05	3.206224e-02	-1.232993e+01
2.394000e-05	3.511490e-02	-1.240249e+01
2.395000e-05	3.833900e-02	-1.245760e+01
2.396000e-05	3.696916e-02	-1.247926e+01
2.397000e-05	4.038011e-02	-1.252836e+01
2.398000e-05	3.924568e-02	-1.257249e+01
2.399000e-05	3.935298e-02	-1.260402e+01
2.400000e-05	4.164373e-02	-1.262360e+01
2.401000e-05	4.298500e-02	-1.263567e+01
2.402000e-05	4.421605e-02	-1.266820e+01
2.403000e-05	4.469379e-02	-1.269778e+01
2.404000e-05	4.713808e-02	-1.268875e+01
2.405000e-05	4.911878e-02	-1.272676e+01
2.406000e-05	4.837318e-02	-1.272976e+01
2.407000e-05	5.052271e-02	-1.270023e+01
2.408000e-05	5.211532e-02	-1.268033e+01
2.409000e-05	5.458811e-02	-1.266823e+01
2.410000e-05	5.684167e-02	-1.266815e+01
2.411000e-05	5.727277e-02	-1.266658e+01
2.412000e-05	6.055596e-02	-1.261499e+01
2.413000e-05	6.161007e-02	-1.255352e+01
2.414000e-05	6.518888e-02	-1.254131e+01
2.415000e-05	6.833443e-02	-1.246978e+01
2.416000e-05	7.154128e-02	-1.247756e+01
2.417000e-05	7.469024e-02	-1.240402e+01
2.418000e-05	7.691264e-02	-1.237086e+01
2.419000e-05	8.112237e-02	-1.225773e+01
2.420000e-05	8.249463e-02	-1.219357e+01
2.421000e-05	8.373396e-02	-1.215086e+01
2.422000e-05	8.337919e-02	-1.206660e+01
2.423000e-05	8.235833e-02	-1.203344e+01
2.424000e-05	8.303723e-02	-1.191866e+01
2.425000e-05	7.965298e-02	-1.181460e+01
2.426000e-05	7.631751e-02	-1.171823e+01
2.427000e-05	7.079354e-02	-1.158247e+01
2.428000e-05	6.791329e-02	-1.147523e+01
2.429000e-05	6.493280e-02	-1.134191e+01
2.430000e-05	6.149542e-02	-1.124505e+01
2.431000e-05	5.760550e-02	-1.108068e+01
2.432000e-05	5.603219e-02	-1.099150e+01
2.433000e-05	5.064946e-02	-1.086616e+01
2.434000e-05	4.795844e-02	-1.078244e+01
2.435000e-05	4.582746e-02	-1.067768e+01
2.436000e-05	4.443412e-02	-1.054242e+01
2.437000e-05	4.181935e-02	-1.044350e+01
2.438000e-05	3.794070e-02	-1.027663e+01
2.439000e-05	3.640325e-02	-1.010928e+01
2.440000e-05	3.494147e-02	-9.980966e+00
2.441000e-05	3.328119e-02	-9.853104e+00
2.442000e-05	3.104031e-02	-9.718259e+00
2.443000e-05	2.986250e-02	-9.558891e+00
2.444000e-05	2.794830e-02	-9.390948e+00
2.445000e-05	2.610203e-02	-9.214971e+00
2.446000e-05	2.499320e-02	-9.077137e+00
2.447000e-05	2.363011e-02	-8.868176e+00
2.448000e-05	2.122694e-02	-8.740265e+00
2.449000e-05	2.061648e-02	-8.507714e+00
2.450000e-05	2.063468e-02	-8.340741e+00
2.451000e-05	2.023409e-02	-8.212472e+00
2.452000e-05	1.744654e-02	-8.042598e+00
2.453000e-05	1.716249e-02	-7.791969e+00
2.454000e-05	1.581483e-02	-7.578341e+00
2.455000e-05	1.517154e-02	-7.372896e+00
2.456000e-05	1.223516e-02	-7.240975e+00
2.457000e-05	1.346702e-02	-6.971892e+00
2.458000e-05	1.197749e-02	-6.781392e+00
2.459000e-05	1.141234e-02	-6.610395e+00
2.460000e-05	9.631363e-03	-6.411975e+00
2.461000e-05	1.064904e-02	-6.140475e+00
2.462000e-05	9.877016e-03	-5.950322e+00
2.463000e-05	8.215751e-03	-5.739392e+00
2.464000e-05	6.710387e-03	-5.576822e+00
2.465000e-05	5.995280e-03	-5.348313e+00
2.466000e-05	8.098244e-03	-5.044234e+00
2.467000e-05	5.634099e-03	-4.792853e+00
2.468000e-05	6.170614e-03	-4.570397e+00
2.469000e-05	3.856076e-03	-4.420974e+00
2.470000e-05	4.000293e-03	-4.210450e+00
2.471000e-05	3.162678e-03	-4.000352e+00
2.472000e-05	3.764100e-03	-3.748742e+00
2.473000e-05	3.541920e-03	-3.527768e+00
2.474000e-05	1.939338e-03	-3.275717e+00
2.475000e-05	1.588791e-03	-3.094589e+00
2.476000e-05	-8.826313e-04	-2.832003e+00
2.477000e-05	9.617253e-04	-2.581429e+00
2.478000e-05	-1.844380e-04	-2.389876e+00
2.479000e-05	2.616415e-04	-2.108267e+00
2.480000e-05	-1.727333e-03	-1.895213e+00
2.481000e-05	-1.060413e-03	-1.666214e+00
2.482000e-05	-1.107760e-03	-1.413358e+00
2.483000e-05	-2.387243e-03	-1.116769e+00
2.484000e-05	-3.729222e-03	-9.161867e-01
2.485000e-05	-3.766216e-03	-6.761393e-01
2.486000e-05	-3.325057e-03	-4.219813e-01
2.487000e-05	-3.096178e-03	-2.320551e-01
2.488000e-05	-1.879401e-03	3.123045e-02
2.489000e-05	4.558580e-03	2.737817e-01
2.490000e-05	-1.923931e-03	4.842831e-01
2.491000e-05	-1.371789e-03	6.837569e-01
2.492000e-05	-2.871777e-03	8.533856e-01
2.493000e-05	-3.796959e-03	1.149015e+00
2.494000e-05	-3.547503e-03	1.399544e+00
2.495000e-05	-3.426958e-04	1.622174e+00
2.496000e-05	1.957271e-02	1.853805e+00
2.497000e-05	6.687279e-02	2.054203e+00
2.498000e-05	2.351975e-03	2.335980e+00
2.499000e-05	-6.869112e-02	2.548067e+00
2.500000e-05	-2.664093e-02	2.843230e+00
2.501000e-05	-3.609286e-02	3.043602e+00
2.502000e-05	-6.713045e-02	3.191518e+00
2.503000e-05	5.859447e-02	3.349518e+00
2.504000e-05	7.257905e-02	3.612126e+00
2.505000e-05	-1.439615e-01	3.810552e+00
2.506000e-05	1.255738e-01	4.010125e+00
2.507000e-05	-5.326029e-02	4.286801e+00
2.508000e-05	-4.889827e-02	4.475780e+00
2.509000e-05	5.994994e-02	4.707411e+00
2.510000e-05	-5.675009e-02	4.968890e+00
2.511000e-05	1.170517e-02	5.213124e+00
2.512000e-05	-4.175038e-03	5.474779e+00
2.513000e-05	-2.680434e-02	5.684732e+00
2.514000e-05	8.461169e-03	5.917907e+00
2.515000e-05	-3.468097e-02	6.128909e+00
2.516000e-05	7.835755e-05	6.339962e+00
2.517000e-05	-2.783589e-02	6.530556e+00
2.518000e-05	6.643275e-03	6.770547e+00
2.519000e-05	-3.827470e-03	6.973018e+00
2.520000e-05	-3.169948e-02	7.180993e+00
2.521000e-05	1.379380e-02	7.342492e+00
2.522000e-05	-4.722034e-02	7.622145e+00
2.523000e-05	-5.213221e-03	7.803195e+00
2.524000e-05	-1.400576e-02	8.044349e+00
2.525000e-05	-1.484346e-02	8.194722e+00
2.526000e-05	-8.851912e-03	8.391044e+00
2.527000e-05	-3.327833e-02	8.549964e+00
2.528000e-05	-1.052351e-02	8.656835e+00
2.529000e-05	-2.416995e-02	8.866652e+00
2.530000e-05	-7.242129e-03	9.045799e+00
2.531000e-05	-2.683470e-02	9.202597e+00
2.532000e-05	-1.756617e-02	9.371584e+00
2.533000e-05	-1.746796e-02	9.507332e+00
2.534000e-05	-2.786210e-02	9.675250e+00
2.535000e-05	-1.906664e-02	9.853695e+00
2.536000e-05	-2.151625e-02	9.952041e+00
2.537000e-05	-1.781558e-02	1.010989e+01
2.538000e-05	-3.106821e-02	1.027480e+01
2.539000e-05	-2.239061e-02	1.041312e+01
2.540000e-05	-2.257990e-02	1.055091e+01
2.541000e-05	-2.490554e-02	1.064635e+01
2.542000e-05	-3.042983e-02	1.084570e+01
2.543000e-05	-2.631291e-02	1.090991e+01
2.544000e-05	-2.610931e-02	1.105580e+01
2.545000e-05	-3.189832e-02	1.120241e+01
2.546000e-05	-2.864859e-02	1.126929e+01
2.547000e-05	-2.879268e-02	1.139464e+01
2.548000e-05	-2.970731e-02	1.150251e+01
2.549000e-05	-3.445452e-02	1.167633e+01
2.550000e-05	-3.146030e-02	1.178302e+01
2.551000e-05	-3.301422e-02	1.185625e+01
2.552000e-05	-3.496435e-02	1.192240e+01
2.553000e-05	-3.494909e-02	1.202555e+01
2.554000e-05	-3.417466e-02	1.209836e+01
2.555000e-05	-3.667267e-02	1.213299e+01
2.556000e-05	-3.818884e-02	1.218672e+01
2.557000e-05	-3.584636e-02	1.231893e+01
2.558000e-05	-3.858564e-02	1.238254e+01
2.559000e-05	-4.179711e-02	1.240470e+01
2.560000e-05	-4.351815e-02	1.249631e+01
2.561000e-05	-4.180948e-02	1.251991e+01
2.562000e-05	-4.271603e-02	1.255144e+01
2.563000e-05	-4.351300e-02	1.258357e+01
2.564000e-05	-4.465798e-02	1.259458e+01
2.565000e-05	-4.710941e-02	1.267612e+01
2.566000e-05	-4.959057e-02	1.266571e+01
2.567000e-05	-5.014138e-02	1.268680e+01
2.568000e-05	-4.856737e-02	1.270786e+01
2.569000e-05	-5.094895e-02	1.269680e+01
2.570000e-05	-5.214885e-02	1.272828e+01
2.571000e-05	-5.506904e-02	1.271081e+01
2.572000e-05	-5.594681e-02	1.270781e+01
2.573000e-05	-5.860024e-02	1.267736e+01
2.574000e-05	-5.875728e-02	1.269831e+01
2.575000e-05	-5.981615e-02	1.268728e+01
2.576000e-05	-6.261850e-02	1.269825e+01
2.577000e-05	-6.410040e-02	1.266520e+01
2.578000e-05	-6.674414e-02	1.262405e+01
2.579000e-05	-6.923934e-02	1.257455e+01
2.580000e-05	-7.259906e-02	1.257202e+01
2.581000e-05	-7.602739e-02	1.255892e+01
2.582000e-05	-7.921918e-02	1.247771e+01
2.583000e-05	-8.257628e-02	1.246417e+01
2.584000e-05	-8.468888e-02	1.240147e+01
2.585000e-05	-8.752159e-02	1.229981e+01
2.586000e-05	-8.912829e-02	1.222565e+01
2.587000e-05	-9.098693e-02	1.216244e+01
2.588000e-05	-9.023929e-02	1.206968e+01
2.589000e-05	-8.759758e-02	1.200452e+01
2.590000e-05	-8.565314e-02	1.194779e+01
2.591000e-05	-8.433632e-02	1.179555e+01
2.592000e-05	-8.081495e-02	1.173086e+01
2.593000e-05	-7.776803e-02	1.163410e+01
2.594000e-05	-7.334212e-02	1.148930e+01
2.595000e-05	-6.937475e-02	1.138199e+01
2.596000e-05	-6.731427e-02	1.130658e+01
2.597000e-05	-6.291181e-02	1.112982e+01
2.598000e-05	-6.066319e-02	1.105360e+01
2.599000e-05	-5.624843e-02	1.091934e+01
2.600000e-05	-5.546671e-02	1.082412e+01
2.601000e-05	-5.138745e-02	1.069730e+01
2.602000e-05	-4.956014e-02	1.052037e+01
2.603000e-05	-4.562246e-02	1.041347e+01
2.604000e-05	-4.484183e-02	1.027771e+01
2.605000e-05	-4.264123e-02	1.010894e+01
2.606000e-05	-4.097559e-02	1.002347e+01
2.607000e-05	-3.854250e-02	9.886676e+00
2.608000e-05	-3.736875e-02	9.688182e+00
2.609000e-05	-3.481906e-02	9.527737e+00
2.610000e-05	-3.442932e-02	9.350292e+00
2.611000e-05	-3.373974e-02	9.212600e+00
2.612000e-05	-3.289515e-02	9.046132e+00
2.613000e-05	-2.967957e-02	8.886228e+00
2.614000e-05	-2.927375e-02	8.697784e+00
2.615000e-05	-2.872639e-02	8.508762e+00
2.616000e-05	-2.665965e-02	8.340916e+00
2.617000e-05	-2.550120e-02	8.169969e+00
2.618000e-05	-2.558828e-02	8.001819e+00
2.619000e-05	-2.356787e-02	7.742971e+00
2.620000e-05	-2.311948e-02	7.580900e+00
2.621000e-05	-2.267533e-02	7.339819e+00
2.622000e-05	-2.273953e-02	7.149943e+00
2.623000e-05	-2.110346e-02	6.960871e+00
2.624000e-05	-2.044061e-02	6.799924e+00
2.625000e-05	-1.991326e-02	6.550865e+00
2.626000e-05	-1.992288e-02	6.348869e+00
2.627000e-05	-1.876321e-02	6.159795e+00
2.628000e-05	-1.745712e-02	6.001000e+00
2.629000e-05	-1.659814e-02	5.771368e+00
2.630000e-05	-1.707793e-02	5.517287e+00
2.631000e-05	-1.515378e-02	5.307237e+00
2.632000e-05	-1.479078e-02	5.024132e+00
2.633000e-05	-1.444709e-02	4.769397e+00
2.634000e-05	-1.402326e-02	4.580872e+00
2.635000e-05	-1.334175e-02	4.391447e+00
2.636000e-05	-1.208787e-02	4.159247e+00
2.637000e-05	-1.208093e-02	3.907292e+00
2.638000e-05	-1.191125e-02	3.675668e+00
2.639000e-05	-1.136194e-02	3.466791e+00
2.640000e-05	-1.005491e-02	3.244206e+00
2.641000e-05	-1.046441e-02	3.021552e+00
2.642000e-05	-1.047946e-02	2.841979e+00
2.643000e-05	-9.778981e-03	2.598445e+00
2.644000e-05	-8.443003e-03	2.325688e+00
2.645000e-05	-8.430767e-03	2.084085e+00
2.646000e-05	-8.345383e-03	1.895734e+00
2.647000e-05	-7.633666e-03	1.599355e+00
2.648000e-05	-6.620367e-03	1.368902e+00
2.649000e-05	-6.666251e-03	1.116292e+00
2.650000e-05	-6.880706e-03	8.526061e-01
2.651000e-05	-5.689696e-03	6.215550e-01
2.652000e-05	-5.276854e-03	3.899235e-01
2.653000e-05	-4.531128e-03	1.486930e-01
2.654000e-05	-9.252070e-04	-9.478585e-02
2.655000e-05	5.366838e-03	-3.268107e-01
2.656000e-05	-2.923744e-03	-5.153569e-01
2.657000e-05	1.799238e-03	-7.784163e-01
2.658000e-05	-2.145837e-03	-9.894924e-01
2.659000e-05	1.829204e-03	-1.139970e+00
2.660000e-05	-4.685057e-04	-1.443673e+00
2.661000e-05	2.257841e-02	-1.633231e+00
2.662000e-05	8.638147e-02	-1.844175e+00
2.663000e-05	-5.272763e-03	-2.158012e+00
2.664000e-05	-5.760224e-02	-2.477352e+00
2.665000e-05	-1.165279e-02	-2.777940e+00
2.666000e-05	-5.891563e-02	-2.878263e+00
2.667000e-05	-3.607854e-02	-3.106333e+00
2.668000e-05	1.593643e-01	-3.241673e+00
2.669000e-05	-8.946613e-02	-3.472706e+00
2.670000e-05	3.070667e-02	-3.647057e+00
2.671000e-05	7.621451e-02	-3.886303e+00
2.672000e-05	-1.591480e-01	-4.169462e+00
2.673000e-05	1.272694e-01	-4.317910e+00
2.674000e-05	-3.300704e-02	-4.517840e+00
2.675000e-05	-3.035201e-02	-4.821069e+00
2.676000e-05	1.270158e-01	-4.990570e+00
2.677000e-05	-1.182447e-01	-5.224803e+00
2.678000e-05	8.547638e-02	-5.538436e+00
2.679000e-05	-2.419627e-02	-5.748937e+00
2.680000e-05	-2.316354e-02	-5.958466e+00
2.681000e-05	8.980427e-02	-6.169890e+00
2.682000e-05	-8.188119e-02	-6.390568e+00
2.683000e-05	9.154905e-02	-6.601971e+00
2.684000e-05	-4.142788e-02	-6.842522e+00
2.685000e-05	3.741778e-02	-7.075272e+00
2.686000e-05	3.727537e-02	-7.214675e+00
2.687000e-05	-6.223857e-02	-7.474698e+00
2.688000e-05	8.680958e-02	-7.644148e+00
2.689000e-05	-4.622156e-02	-7.916253e+00
2.690000e-05	6.301563e-02	-8.086707e+00
2.691000e-05	-8.611337e-04	-8.232175e+00
2.692000e-05	9.446398e-03	-8.404547e+00
2.693000e-05	2.722150e-02	-8.592443e+00
2.694000e-05	-2.241445e-02	-8.771039e+00
2.695000e-05	5.884497e-02	-8.906911e+00
2.696000e-05	-6.248349e-03	-9.076803e+00
2.697000e-05	4.163533e-02	-9.253574e+00
2.698000e-05	-1.270452e-02	-9.412243e+00
2.699000e-05	2.496548e-02	-9.603018e+00
2.700000e-05	2.647326e-02	-9.706806e+00
2.701000e-05	1.300268e-02	-9.845178e+00
2.702000e-05	2.787982e-02	-9.972518e+00
2.703000e-05	7.186255e-03	-1.016194e+01
2.704000e-05	3.442120e-02	-1.026886e+01
2.705000e-05	2.514349e-03	-1.045473e+01
2.706000e-05	3.157130e-02	-1.056154e+01
2.707000e-05	1.888591e-02	-1.070888e+01
2.708000e-05	2.895897e-02	-1.079395e+01
2.709000e-05	1.317003e-02	-1.091189e+01
2.710000e-05	2.830566e-02	-1.108733e+01
2.711000e-05	3.003624e-02	-1.119557e+01
2.712000e-05	2.412914e-02	-1.134138e+01
2.713000e-05	2.359515e-02	-1.141410e+01
2.714000e-05	2.388990e-02	-1.152988e+01
2.715000e-05	3.315579e-02	-1.167668e+01
2.716000e-05	2.277660e-02	-1.174396e+01
2.717000e-05	3.171207e-02	-1.184725e+01
2.718000e-05	2.953494e-02	-1.199294e+01
2.719000e-05	3.355165e-02	-1.209467e+01
2.720000e-05	2.707347e-02	-1.208939e+01
2.721000e-05	3.407579e-02	-1.217300e+01
2.722000e-05	3.449524e-02	-1.221605e+01
2.723000e-05	3.414153e-02	-1.230836e+01
2.724000e-05	3.247254e-02	-1.233988e+01
2.725000e-05	3.379126e-02	-1.241297e+01
2.726000e-05	3.754259e-02	-1.243565e+01
2.727000e-05	3.685584e-02	-1.252718e+01
2.728000e-05	4.039847e-02	-1.253089e+01
2.729000e-05	3.901217e-02	-1.254286e+01
2.730000e-05	3.943036e-02	-1.258404e+01
2.731000e-05	4.179817e-02	-1.262365e+01
2.732000e-05	4.245367e-02	-1.262517e+01
2.733000e-05	4.316674e-02	-1.267667e+01
2.734000e-05	4.402875e-02	-1.266778e+01
2.735000e-05	4.770408e-02	-1.271828e+01
2.736000e-05	4.924814e-02	-1.270931e+01
2.737000e-05	4.799945e-02	-1.270926e+01
2.738000e-05	5.031180e-02	-1.270773e+01
2.739000e-05	5.324545e-02	-1.270827e+01
2.740000e-05	5.470795e-02	-1.264775e+01
2.741000e-05	5.550906e-02	-1.267772e+01
2.742000e-05	5.814036e-02	-1.263557e+01
2.743000e-05	5.907036e-02	-1.261505e+01
2.744000e-05	6.100489e-02	-1.258297e+01
2.745000e-05	6.505258e-02	-1.253236e+01
2.746000e-05	6.773739e-02	-1.248026e+01
2.747000e-05	7.012605e-02	-1.245907e+01
2.748000e-05	7.512517e-02	-1.242297e+01
2.749000e-05	7.927511e-02	-1.235146e+01
2.750000e-05	8.159717e-02	-1.228718e+01
2.751000e-05	8.167619e-02	-1.221347e+01
2.752000e-05	8.290991e-02	-1.215136e+01
2.753000e-05	8.390100e-02	-1.208668e+01
2.754000e-05	8.292236e-02	-1.203397e+01
2.755000e-05	8.089953e-02	-1.191931e+01
2.756000e-05	7.995672e-02	-1.177410e+01
2.757000e-05	7.710011e-02	-1.171921e+01
2.758000e-05	7.234606e-02	-1.160239e+01
2.759000e-05	6.822536e-02	-1.143723e+01
2.760000e-05	6.597250e-02	-1.136236e+01
2.761000e-05	6.322612e-02	-1.124810e+01
2.762000e-05	5.780264e-02	-1.107086e+01
2.763000e-05	5.432313e-02	-1.102247e+01
2.764000e-05	5.153773e-02	-1.083713e+01
2.765000e-05	4.987703e-02	-1.082095e+01
2.766000e-05	4.602283e-02	-1.068658e+01
2.767000e-05	4.309652e-02	-1.055094e+01
2.768000e-05	4.084363e-02	-1.041395e+01
2.769000e-05	3.942219e-02	-1.025616e+01
2.770000e-05	3.720155e-02	-1.012974e+01
2.771000e-05	3.459747e-02	-9.972369e+00
2.772000e-05	3.155563e-02	-9.865603e+00
2.773000e-05	3.108350e-02	-9.688735e+00
2.774000e-05	2.946502e-02	-9.560446e+00
2.775000e-05	2.655794e-02	-9.362871e+00
2.776000e-05	2.642530e-02	-9.214554e+00
2.777000e-05	2.552542e-02	-9.106057e+00
2.778000e-05	2.426399e-02	-8.908761e+00
2.779000e-05	2.255134e-02	-8.730738e+00
2.780000e-05	2.084815e-02	-8.519337e+00
2.781000e-05	2.079263e-02	-8.361819e+00
2.782000e-05	1.913378e-02	-8.142975e+00
2.783000e-05	1.718884e-02	-8.013481e+00
2.784000e-05	1.637239e-02	-7.761945e+00
2.785000e-05	1.668901e-02	-7.590946e+00
2.786000e-05	1.515663e-02	-7.402370e+00
2.787000e-05	1.331303e-02	-7.201951e+00
2.788000e-05	1.143244e-02	-6.991997e+00
2.789000e-05	1.336208e-02	-6.750425e+00
2.790000e-05	1.198220e-02	-6.612397e+00
2.791000e-05	1.090245e-02	-6.403003e+00
2.792000e-05	9.081976e-03	-6.182300e+00
2.793000e-05	9.894739e-03	-5.970422e+00
2.794000e-05	8.199027e-03	-5.770847e+00
2.795000e-05	6.798788e-03	-5.590849e+00
2.796000e-05	6.537497e-03	-5.317291e+00
2.797000e-05	7.938745e-03	-5.095562e+00
2.798000e-05	5.930864e-03	-4.821426e+00
2.799000e-05	5.232096e-03	-4.590951e+00
2.800000e-05	3.904589e-03	-4.411553e+00
2.801000e-05	5.079158e-03	-4.201901e+00
2.802000e-05	3.120922e-03	-4.000529e+00
2.803000e-05	4.886108e-03	-3.772375e+00
2.804000e-05	2.460618e-03	-3.579325e+00
2.805000e-05	2.492273e-03	-3.386267e+00
2.806000e-05	1.063890e-03	-3.128167e+00
2.807000e-05	1.124569e-03	-2.881510e+00
2.808000e-05	1.530548e-03	-2.631558e+00
2.809000e-05	4.175670e-04	-2.399900e+00
2.810000e-05	4.810226e-04	-2.146796e+00
2.811000e-05	-1.770462e-04	-1.906267e+00
2.812000e-05	-7.415701e-04	-1.725687e+00
2.813000e-05	-3.115921e-03	-1.452058e+00
2.814000e-05	-2.282076e-03	-1.137775e+00
2.815000e-05	-2.305883e-03	-9.062418e-01
2.816000e-05	-2.381395e-03	-6.962130e-01
2.817000e-05	-3.998030e-03	-4.510090e-01
2.818000e-05	-3.917914e-03	-2.019563e-01
2.819000e-05	-1.568814e-03	1.004868e-02
2.820000e-05	4.929373e-03	2.617803e-01
2.821000e-05	-1.069022e-03	5.132530e-01
2.822000e-05	-8.197473e-04	6.848095e-01
2.823000e-05	-1.487716e-03	8.828271e-01
2.824000e-05	-2.753878e-03	1.127957e+00
2.825000e-05	-4.165597e-03	1.349921e+00
2.826000e-05	-1.884933e-03	1.620200e+00
2.827000e-05	1.740098e-02	1.843226e+00
2.828000e-05	6.462636e-02	2.033182e+00
2.829000e-05	9.867108e-03	2.285857e+00
2.830000e-05	-6.968372e-02	2.528989e+00
2.831000e-05	-2.468240e-02	2.832652e+00
2.832000e-05	-3.449142e-02	3.023200e+00
2.833000e-05	-6.742754e-02	3.189021e+00
2.834000e-05	4.417767e-02	3.338990e+00
2.835000e-05	8.761368e-02	3.611023e+00
2.836000e-05	-1.440316e-01	3.811645e+00
2.837000e-05	1.155768e-01	3.989996e+00
2.838000e-05	-3.855157e-02	4.254855e+00
2.839000e-05	-6.367400e-02	4.435834e+00
2.840000e-05	6.390276e-02	4.646382e+00
2.841000e-05	-5.252860e-02	4.928065e+00
2.842000e-05	5.441767e-03	5.222118e+00
2.843000e-05	7.324814e-04	5.467307e+00
2.844000e-05	-2.850558e-02	5.684250e+00
2.845000e-05	9.566917e-03	5.916906e+00
2.846000e-05	-3.525345e-02	6.141909e+00
2.847000e-05	-5.958585e-03	6.319834e+00
2.848000e-05	-2.374298e-02	6.526912e+00
2.849000e-05	2.198763e-03	6.790438e+00
2.850000e-05	1.984335e-03	6.971941e+00
2.851000e-05	-3.414781e-02	7.169965e+00
2.852000e-05	1.783870e-02	7.328537e+00
2.853000e-05	-4.620468e-02	7.592125e+00
2.854000e-05	-1.065180e-02	7.802015e+00
2.855000e-05	-1.433185e-02	8.045823e+00
2.856000e-05	-1.458008e-02	8.213570e+00
2.857000e-05	-7.607703e-03	8.401045e+00
2.858000e-05	-3.244404e-02	8.558938e+00
2.859000e-05	-9.606686e-03	8.697905e+00
2.860000e-05	-2.162078e-02	8.833149e+00
2.861000e-05	-9.923217e-03	8.964676e+00
2.862000e-05	-2.656109e-02	9.171141e+00
2.863000e-05	-1.877929e-02	9.349411e+00
2.864000e-05	-1.575217e-02	9.529357e+00
2.865000e-05	-2.847203e-02	9.665751e+00
2.866000e-05	-1.926355e-02	9.835647e+00
2.867000e-05	-2.096467e-02	9.971491e+00
2.868000e-05	-1.698269e-02	1.013741e+01
2.869000e-05	-2.969955e-02	1.026525e+01
2.870000e-05	-2.214764e-02	1.041162e+01
2.871000e-05	-2.306212e-02	1.056147e+01
2.872000e-05	-2.582608e-02	1.066635e+01
2.873000e-05	-2.938575e-02	1.082312e+01
2.874000e-05	-2.585299e-02	1.095043e+01
2.875000e-05	-2.636078e-02	1.107528e+01
2.876000e-05	-3.168997e-02	1.118096e+01
2.877000e-05	-2.924422e-02	1.130780e+01
2.878000e-05	-2.822871e-02	1.141762e+01
2.879000e-05	-2.740352e-02	1.152148e+01
2.880000e-05	-3.322361e-02	1.167675e+01
2.881000e-05	-3.037046e-02	1.177156e+01
2.882000e-05	-3.372564e-02	1.185565e+01
2.883000e-05	-3.475030e-02	1.191739e+01
2.884000e-05	-3.560655e-02	1.201560e+01
2.885000e-05	-3.415589e-02	1.212026e+01
2.886000e-05	-3.716473e-02	1.219254e+01
2.887000e-05	-3.832767e-02	1.221670e+01
2.888000e-05	-3.565062e-02	1.227933e+01
2.889000e-05	-3.841794e-02	1.240144e+01
2.890000e-05	-4.003767e-02	1.243562e+01
2.891000e-05	-4.329590e-02	1.247580e+01
2.892000e-05	-4.223089e-02	1.250078e+01
2.893000e-05	-4.356940e-02	1.251147e+01
2.894000e-05	-4.406910e-02	1.259397e+01
2.895000e-05	-4.419471e-02	1.266355e+01
2.896000e-05	-4.775738e-02	1.263615e+01
2.897000e-05	-4.905133e-02	1.264773e+01
2.898000e-05	-4.983971e-02	1.271675e+01
2.899000e-05	-4.751286e-02	1.268780e+01
2.900000e-05	-5.178161e-02	1.267778e+01
2.901000e-05	-5.292768e-02	1.268793e+01
2.902000e-05	-5.446893e-02	1.269846e+01
2.903000e-05	-5.587692e-02	1.271036e+01
2.904000e-05	-5.914964e-02	1.269733e+01
2.905000e-05	-5.978855e-02	1.270791e+01
2.906000e-05	-5.972477e-02	1.266733e+01
2.907000e-05	-6.178631e-02	1.265773e+01
2.908000e-05	-6.476170e-02	1.264620e+01
2.909000e-05	-6.616853e-02	1.261558e+01
2.910000e-05	-7.017017e-02	1.259457e+01
2.911000e-05	-7.221324e-02	1.259052e+01
2.912000e-05	-7.561356e-02	1.253939e+01
2.913000e-05	-7.926319e-02	1.246768e+01
2.914000e-05	-8.123087e-02	1.242370e+01
2.915000e-05	-8.394327e-02	1.241449e+01
2.916000e-05	-8.821119e-02	1.231936e+01
2.917000e-05	-9.064061e-02	1.218617e+01
2.918000e-05	-9.175457e-02	1.218192e+01
2.919000e-05	-9.118177e-02	1.208916e+01
2.920000e-05	-8.949279e-02	1.199452e+01
2.921000e-05	-8.593340e-02	1.193879e+01
2.922000e-05	-8.417736e-02	1.179502e+01
2.923000e-05	-7.978084e-02	1.172884e+01
2.924000e-05	-7.644915e-02	1.163555e+01
2.925000e-05	-7.412894e-02	1.151136e+01
2.926000e-05	-6.935749e-02	1.133344e+01
2.927000e-05	-6.859235e-02	1.126718e+01
2.928000e-05	-6.407221e-02	1.115026e+01
2.929000e-05	-6.135398e-02	1.099563e+01
2.930000e-05	-5.645489e-02	1.092931e+01
2.931000e-05	-5.477394e-02	1.086310e+01
2.932000e-05	-5.129054e-02	1.070873e+01
2.933000e-05	-4.828985e-02	1.054192e+01
2.934000e-05	-4.583291e-02	1.043552e+01
2.935000e-05	-4.489959e-02	1.027718e+01
2.936000e-05	-4.326890e-02	1.014079e+01
2.937000e-05	-4.122653e-02	1.003255e+01
2.938000e-05	-3.850001e-02	9.875203e+00
2.939000e-05	-3.842510e-02	9.675132e+00
2.940000e-05	-3.512721e-02	9.549342e+00
2.941000e-05	-3.475282e-02	9.351917e+00
2.942000e-05	-3.409308e-02	9.234029e+00
2.943000e-05	-3.190420e-02	9.046609e+00
2.944000e-05	-2.944451e-02	8.888787e+00
2.945000e-05	-2.827668e-02	8.716185e+00
2.946000e-05	-2.849945e-02	8.518815e+00
2.947000e-05	-2.764143e-02	8.378974e+00
2.948000e-05	-2.562179e-02	8.171538e+00
2.949000e-05	-2.526791e-02	7.981470e+00
2.950000e-05	-2.461544e-02	7.790466e+00
2.951000e-05	-2.376065e-02	7.591425e+00
2.952000e-05	-2.210324e-02	7.361343e+00
2.953000e-05	-2.194363e-02	7.163343e+00
2.954000e-05	-2.098470e-02	6.981365e+00
2.955000e-05	-2.131439e-02	6.782449e+00
2.956000e-05	-1.988986e-02	6.590464e+00
2.957000e-05	-1.940149e-02	6.369371e+00
2.958000e-05	-1.805660e-02	6.160296e+00
2.959000e-05	-1.720441e-02	6.010895e+00
2.960000e-05	-1.747938e-02	5.818823e+00
2.961000e-05	-1.648334e-02	5.507842e+00
2.962000e-05	-1.513711e-02	5.357712e+00
2.963000e-05	-1.545592e-02	5.056607e+00
2.964000e-05	-1.413936e-02	4.781399e+00
2.965000e-05	-1.410479e-02	4.589922e+00
2.966000e-05	-1.229353e-02	4.420947e+00
2.967000e-05	-1.346211e-02	4.139940e+00
2.968000e-05	-1.276953e-02	3.908192e+00
2.969000e-05	-1.233243e-02	3.705811e+00
2.970000e-05	-1.109237e-02	3.516692e+00
2.971000e-05	-1.097087e-02	3.253185e+00
2.972000e-05	-1.041606e-02	3.043580e+00
2.973000e-05	-9.724699e-03	2.830453e+00
2.974000e-05	-9.788409e-03	2.589424e+00
2.975000e-05	-9.533033e-03	2.336740e+00
2.976000e-05	-9.015492e-03	2.105214e+00
2.977000e-05	-8.131330e-03	1.856238e+00
2.978000e-05	-8.197042e-03	1.592056e+00
2.979000e-05	-7.966126e-03	1.388321e+00
2.980000e-05	-6.828022e-03	1.147194e+00
2.981000e-05	-6.145704e-03	8.315114e-01
2.982000e-05	-5.313094e-03	6.415075e-01
2.983000e-05	-5.749020e-03	3.904537e-01
2.984000e-05	-4.280973e-03	1.789508e-01
2.985000e-05	-2.009243e-03	-8.473447e-02
2.986000e-05	5.671867e-03	-2.648094e-01
2.987000e-05	-1.985903e-03	-4.947619e-01
2.988000e-05	2.320982e-03	-7.799923e-01
2.989000e-05	-2.435575e-03	-9.564635e-01
2.990000e-05	8.157868e-04	-1.178842e+00
2.991000e-05	-8.584688e-04	-1.392095e+00
2.992000e-05	1.986548e-02	-1.654105e+00
2.993000e-05	8.350576e-02	-1.792201e+00
2.994000e-05	6.018183e-03	-2.095812e+00
2.995000e-05	-6.057809e-02	-2.463751e+00
2.996000e-05	-9.707725e-03	-2.728436e+00
2.997000e-05	-5.720095e-02	-2.875285e+00
2.998000e-05	-4.477889e-02	-3.155864e+00
2.999000e-05	1.575138e-01	-3.220550e+00
3.000000e-05	-7.301460e-02	-3.443223e+00
3.001000e-05	7.211998e-03	-3.633105e+00
3.002000e-05	9.668429e-02	-3.861801e+00
3.003000e-05	-1.633534e-01	-4.096438e+00
3.004000e-05	1.198403e-01	-4.316414e+00
3.005000e-05	-1.989593e-02	-4.527736e+00
3.006000e-05	-4.640258e-02	-4.781094e+00
3.007000e-05	1.346453e-01	-4.970516e+00
3.008000e-05	-1.101458e-01	-5.245332e+00
3.009000e-05	7.446278e-02	-5.518935e+00
3.010000e-05	-9.392735e-03	-5.696861e+00
3.011000e-05	-4.099681e-02	-5.959937e+00
3.012000e-05	9.704671e-02	-6.118862e+00
3.013000e-05	-8.260305e-02	-6.411940e+00
3.014000e-05	8.851659e-02	-6.601495e+00
3.015000e-05	-2.781628e-02	-6.810121e+00
3.016000e-05	2.612416e-02	-7.025247e+00
3.017000e-05	4.966937e-02	-7.252649e+00
3.018000e-05	-7.212422e-02	-7.434601e+00
3.019000e-05	8.758436e-02	-7.644571e+00
3.020000e-05	-4.251500e-02	-7.843828e+00
3.021000e-05	5.562301e-02	-8.054730e+00
3.022000e-05	6.503342e-03	-8.242150e+00
3.023000e-05	3.114539e-03	-8.373493e+00
3.024000e-05	3.515422e-02	-8.542012e+00
3.025000e-05	-2.707228e-02	-8.798989e+00
3.026000e-05	5.895247e-02	-8.898833e+00
3.027000e-05	-5.061825e-03	-9.075254e+00
3.028000e-05	4.132871e-02	-9.285498e+00
3.029000e-05	-9.781315e-03	-9.406568e+00
3.030000e-05	1.938945e-02	-9.558941e+00
3.031000e-05	3.025950e-02	-9.697787e+00
3.032000e-05	1.107535e-02	-9.865727e+00
3.033000e-05	2.906797e-02	-9.981938e+00
3.034000e-05	4.652713e-03	-1.011046e+01
3.035000e-05	3.591773e-02	-1.029783e+01
3.036000e-05	4.807655e-03	-1.040565e+01
3.037000e-05	3.183792e-02	-1.060157e+01
3.038000e-05	1.839231e-02	-1.068688e+01
3.039000e-05	2.724588e-02	-1.083357e+01
3.040000e-05	1.355874e-02	-1.092886e+01
3.041000e-05	2.714094e-02	-1.106820e+01
3.042000e-05	3.066055e-02	-1.120257e+01
3.043000e-05	2.261996e-02	-1.131883e+01
3.044000e-05	2.512707e-02	-1.142415e+01
3.045000e-05	2.361470e-02	-1.154983e+01
3.046000e-05	3.456841e-02	-1.168675e+01
3.047000e-05	2.294402e-02	-1.175301e+01
3.048000e-05	3.140059e-02	-1.181728e+01
3.049000e-05	2.741404e-02	-1.193147e+01
3.050000e-05	3.203409e-02	-1.205465e+01
3.051000e-05	2.839151e-02	-1.211889e+01
3.052000e-05	3.659744e-02	-1.217346e+01
3.053000e-05	3.560238e-02	-1.220610e+01
3.054000e-05	3.315369e-02	-1.228625e+01
3.055000e-05	3.087305e-02	-1.236044e+01
3.056000e-05	3.500025e-02	-1.239249e+01
3.057000e-05	3.785853e-02	-1.245508e+01
3.058000e-05	3.656747e-02	-1.249821e+01
3.059000e-05	3.974875e-02	-1.255091e+01
3.060000e-05	3.938797e-02	-1.254339e+01
3.061000e-05	4.003599e-02	-1.256362e+01
3.062000e-05	4.149026e-02	-1.260612e+01
3.063000e-05	4.312539e-02	-1.263655e+01
3.064000e-05	4.401264e-02	-1.269717e+01
3.065000e-05	4.415203e-02	-1.267780e+01
3.066000e-05	4.762410e-02	-1.266970e+01
3.067000e-05	4.932184e-02	-1.271930e+01
3.068000e-05	4.794015e-02	-1.269828e+01
3.069000e-05	4.890110e-02	-1.268226e+01
3.070000e-05	5.179195e-02	-1.267822e+01
3.071000e-05	5.390408e-02	-1.268825e+01
3.072000e-05	5.611094e-02	-1.265717e+01
3.073000e-05	5.913083e-02	-1.263665e+01
3.074000e-05	6.099349e-02	-1.261457e+01
3.075000e-05	6.087123e-02	-1.262350e+01
3.076000e-05	6.310870e-02	-1.252087e+01
3.077000e-05	6.796787e-02	-1.250966e+01
3.078000e-05	7.171957e-02	-1.250558e+01
3.079000e-05	7.428050e-02	-1.241402e+01
3.080000e-05	7.651355e-02	-1.238084e+01
3.081000e-05	8.075232e-02	-1.227820e+01
3.082000e-05	8.291844e-02	-1.224305e+01
3.083000e-05	8.381082e-02	-1.217187e+01
3.084000e-05	8.376101e-02	-1.209514e+01
3.085000e-05	8.399743e-02	-1.202400e+01
3.086000e-05	8.224171e-02	-1.191026e+01
3.087000e-05	8.030844e-02	-1.183350e+01
3.088000e-05	7.555365e-02	-1.171925e+01
3.089000e-05	7.259558e-02	-1.161399e+01
3.090000e-05	6.782236e-02	-1.147762e+01
3.091000e-05	6.713881e-02	-1.139244e+01
3.092000e-05	6.261550e-02	-1.128655e+01
3.093000e-05	5.889527e-02	-1.112031e+01
3.094000e-05	5.554198e-02	-1.101262e+01
3.095000e-05	5.229346e-02	-1.090871e+01
3.096000e-05	4.943242e-02	-1.078400e+01
3.097000e-05	4.419918e-02	-1.069621e+01
3.098000e-05	4.345391e-02	-1.059235e+01
3.099000e-05	4.202812e-02	-1.043403e+01
3.100000e-05	3.815011e-02	-1.029915e+01
3.101000e-05	3.492872e-02	-1.012977e+01
3.102000e-05	3.461102e-02	-1.001092e+01
3.103000e-05	3.402677e-02	-9.855132e+00
3.104000e-05	3.097447e-02	-9.729315e+00
3.105000e-05	2.826881e-02	-9.582369e+00
3.106000e-05	2.834064e-02	-9.383023e+00
3.107000e-05	2.670342e-02	-9.234504e+00
3.108000e-05	2.469310e-02	-9.078659e+00
3.109000e-05	2.209033e-02	-8.928315e+00
3.110000e-05	2.159401e-02	-8.781742e+00
3.111000e-05	2.112878e-02	-8.570394e+00
3.112000e-05	1.985184e-02	-8.420371e+00
3.113000e-05	1.909323e-02	-8.212949e+00
3.114000e-05	1.912346e-02	-8.053557e+00
3.115000e-05	1.697950e-02	-7.826475e+00
3.116000e-05	1.473183e-02	-7.613949e+00
3.117000e-05	1.360153e-02	-7.421971e+00
3.118000e-05	1.374157e-02	-7.203004e+00
3.119000e-05	1.283681e-02	-6.973524e+00
3.120000e-05	1.111134e-02	-6.789449e+00
3.121000e-05	1.139854e-02	-6.611425e+00
3.122000e-05	1.090708e-02	-6.412453e+00
3.123000e-05	9.718090e-03	-6.182479e+00
3.124000e-05	1.002513e-02	-5.990399e+00
3.125000e-05	8.086347e-03	-5.739876e+00
3.126000e-05	7.532509e-03	-5.580951e+00
3.127000e-05	6.498611e-03	-5.329770e+00
3.128000e-05	7.415540e-03	-5.127636e+00
3.129000e-05	5.246110e-03	-4.805048e+00
3.130000e-05	6.067822e-03	-4.620450e+00
3.131000e-05	3.712601e-03	-4.452004e+00
3.132000e-05	5.206975e-03	-4.212477e+00
3.133000e-05	3.033865e-03	-4.041552e+00
3.134000e-05	4.016990e-03	-3.780902e+00
3.135000e-05	3.236034e-03	-3.538846e+00
3.136000e-05	2.529056e-03	-3.366716e+00
3.137000e-05	9.641898e-04	-3.107193e+00
3.138000e-05	-6.359306e-04	-2.863508e+00
3.139000e-05	1.686474e-03	-2.672984e+00
3.140000e-05	3.066477e-04	-2.451506e+00
3.141000e-05	1.082389e-03	-2.177700e+00
3.142000e-05	-6.232030e-04	-1.916791e+00
3.143000e-05	-2.716629e-04	-1.716141e+00
3.144000e-05	-9.699887e-04	-1.435112e+00
3.145000e-05	-2.239175e-03	-1.188902e+00
3.146000e-05	-2.962922e-03	-8.852446e-01
3.147000e-05	-3.154744e-03	-7.072895e-01
3.148000e-05	-3.729837e-03	-4.825863e-01
3.149000e-05	-4.197640e-03	-2.699825e-01
3.150000e-05	-2.651632e-03	-3.197757e-02
3.151000e-05	4.954054e-03	2.412253e-01
3.152000e-05	6.386184e-04	4.632042e-01
3.153000e-05	-1.803764e-03	6.543070e-01
3.154000e-05	-1.431565e-03	8.527279e-01
3.155000e-05	-4.004610e-03	1.094937e+00
3.156000e-05	-3.054451e-03	1.396990e+00
3.157000e-05	-1.321867e-03	1.598045e+00
3.158000e-05	1.533188e-02	1.802651e+00
3.159000e-05	6.175704e-02	2.061599e+00
3.160000e-05	1.834709e-02	2.324005e+00
3.161000e-05	-7.050507e-02	2.598417e+00
3.162000e-05	-2.643345e-02	2.811099e+00
3.163000e-05	-3.446462e-02	3.012075e+00
3.164000e-05	-6.468560e-02	3.199446e+00
3.165000e-05	3.209303e-02	3.330941e+00
3.166000e-05	1.012294e-01	3.580543e+00
3.167000e-05	-1.440939e-01	3.770064e+00
3.168000e-05	1.033960e-01	3.984544e+00
3.169000e-05	-1.990712e-02	4.183226e+00
3.170000e-05	-7.318267e-02	4.465252e+00
3.171000e-05	6.371364e-02	4.703879e+00
3.172000e-05	-5.131319e-02	4.968437e+00
3.173000e-05	-3.200227e-04	5.231590e+00
3.174000e-05	7.713383e-03	5.432673e+00
3.175000e-05	-3.201902e-02	5.663205e+00
3.176000e-05	1.189326e-02	5.886354e+00
3.177000e-05	-3.372560e-02	6.127907e+00
3.178000e-05	-5.920481e-03	6.296411e+00
3.179000e-05	-2.555195e-02	6.497835e+00
3.180000e-05	-8.660515e-04	6.747939e+00
3.181000e-05	6.691908e-03	6.899987e+00
3.182000e-05	-3.787744e-02	7.138016e+00
3.183000e-05	1.668996e-02	7.320461e+00
3.184000e-05	-4.325151e-02	7.580569e+00
3.185000e-05	-1.153349e-02	7.821016e+00
3.186000e-05	-1.067269e-02	8.004242e+00
3.187000e-05	-1.896502e-02	8.232119e+00
3.188000e-05	-6.978607e-03	8.369518e+00
3.189000e-05	-3.318103e-02	8.538411e+00
3.190000e-05	-1.287612e-02	8.656302e+00
3.191000e-05	-2.193378e-02	8.825172e+00
3.192000e-05	-1.004085e-02	9.044098e+00
3.193000e-05	-2.361231e-02	9.171015e+00
3.194000e-05	-1.983672e-02	9.350438e+00
3.195000e-05	-1.439041e-02	9.486382e+00
3.196000e-05	-2.857988e-02	9.656202e+00
3.197000e-05	-1.992075e-02	9.764145e+00
3.198000e-05	-2.175268e-02	9.969990e+00
3.199000e-05	-1.818148e-02	1.010888e+01
3.200000e-05	-3.093703e-02	1.025723e+01
3.201000e-05	-2.124110e-02	1.037054e+01
3.202000e-05	-2.132865e-02	1.051988e+01
3.203000e-05	-2.414614e-02	1.067680e+01
3.204000e-05	-3.029726e-02	1.080212e+01
3.205000e-05	-2.574277e-02	1.093891e+01
3.206000e-05	-2.580446e-02	1.102468e+01
3.207000e-05	-3.121376e-02	1.112146e+01
3.208000e-05	-2.864899e-02	1.130826e+01
3.209000e-05	-2.868698e-02	1.141464e+01
3.210000e-05	-2.970699e-02	1.153943e+01
3.211000e-05	-3.253160e-02	1.167672e+01
3.212000e-05	-3.027947e-02	1.180254e+01
3.213000e-05	-3.257463e-02	1.187530e+01
3.214000e-05	-3.618394e-02	1.187789e+01
3.215000e-05	-3.470050e-02	1.201417e+01
3.216000e-05	-3.375833e-02	1.208925e+01
3.217000e-05	-3.577202e-02	1.215362e+01
3.218000e-05	-3.803306e-02	1.219620e+01
3.219000e-05	-3.662553e-02	1.229883e+01
3.220000e-05	-3.755817e-02	1.241394e+01
3.221000e-05	-4.003759e-02	1.243410e+01
3.222000e-05	-4.404808e-02	1.247721e+01
3.223000e-05	-4.289953e-02	1.249034e+01
3.224000e-05	-4.269867e-02	1.254289e+01
3.225000e-05	-4.274959e-02	1.259344e+01
3.226000e-05	-4.438600e-02	1.261412e+01
3.227000e-05	-4.663289e-02	1.260605e+01
3.228000e-05	-4.847689e-02	1.266535e+01
3.229000e-05	-5.044210e-02	1.265733e+01
3.230000e-05	-4.913647e-02	1.269885e+01
3.231000e-05	-5.224830e-02	1.267823e+01
3.232000e-05	-5.376283e-02	1.270891e+01
3.233000e-05	-5.404999e-02	1.271833e+01
3.234000e-05	-5.671898e-02	1.271836e+01
3.235000e-05	-5.743405e-02	1.271938e+01
3.236000e-05	-5.946391e-02	1.271689e+01
3.237000e-05	-5.944143e-02	1.269670e+01
3.238000e-05	-6.371813e-02	1.268675e+01
3.239000e-05	-6.572979e-02	1.262460e+01
3.240000e-05	-6.628013e-02	1.262557e+01
3.241000e-05	-6.839227e-02	1.259497e+01
3.242000e-05	-7.295532e-02	1.260249e+01
3.243000e-05	-7.633683e-02	1.251886e+01
3.244000e-05	-7.866313e-02	1.248679e+01
3.245000e-05	-8.231108e-02	1.244558e+01
3.246000e-05	-8.531980e-02	1.241349e+01
3.247000e-05	-8.839580e-02	1.232086e+01
3.248000e-05	-8.880352e-02	1.224567e+01
3.249000e-05	-9.113102e-02	1.215244e+01
3.250000e-05	-8.995596e-02	1.206028e+01
3.251000e-05	-8.969112e-02	1.203349e+01
3.252000e-05	-8.635235e-02	1.193883e+01
3.253000e-05	-8.457554e-02	1.182510e+01
3.254000e-05	-8.171564e-02	1.171789e+01
3.255000e-05	-7.745904e-02	1.163612e+01
3.256000e-05	-7.336159e-02	1.149833e+01
3.257000e-05	-6.979334e-02	1.136397e+01
3.258000e-05	-6.763070e-02	1.127613e+01
3.259000e-05	-6.308342e-02	1.116036e+01
3.260000e-05	-6.101880e-02	1.105555e+01
3.261000e-05	-5.674361e-02	1.091181e+01
3.262000e-05	-5.470769e-02	1.088455e+01
3.263000e-05	-5.076852e-02	1.069933e+01
3.264000e-05	-5.015482e-02	1.055300e+01
3.265000e-05	-4.622283e-02	1.044512e+01
3.266000e-05	-4.413992e-02	1.028718e+01
3.267000e-05	-4.142096e-02	1.013034e+01
3.268000e-05	-4.051404e-02	1.000345e+01
3.269000e-05	-3.967048e-02	9.847606e+00
3.270000e-05	-3.747762e-02	9.687266e+00
3.271000e-05	-3.589972e-02	9.530887e+00
3.272000e-05	-3.532708e-02	9.390444e+00
3.273000e-05	-3.326773e-02	9.233654e+00
3.274000e-05	-3.076311e-02	9.076630e+00
3.275000e-05	-2.926887e-02	8.888661e+00
3.276000e-05	-2.974866e-02	8.707286e+00
3.277000e-05	-2.901919e-02	8.528892e+00
3.278000e-05	-2.617712e-02	8.421374e+00
3.279000e-05	-2.546411e-02	8.182948e+00
3.280000e-05	-2.481845e-02	7.961470e+00
3.281000e-05	-2.385086e-02	7.780478e+00
3.282000e-05	-2.236089e-02	7.604026e+00
3.283000e-05	-2.334713e-02	7.380969e+00
3.284000e-05	-2.258778e-02	7.181424e+00
3.285000e-05	-2.169241e-02	6.982950e+00
3.286000e-05	-1.887530e-02	6.801002e+00
3.287000e-05	-1.930300e-02	6.560846e+00
3.288000e-05	-1.924913e-02	6.360347e+00
3.289000e-05	-1.911574e-02	6.181344e+00
3.290000e-05	-1.760467e-02	6.002050e+00
3.291000e-05	-1.776912e-02	5.769893e+00
3.292000e-05	-1.737278e-02	5.529317e+00
3.293000e-05	-1.559779e-02	5.338366e+00
3.294000e-05	-1.567041e-02	5.076639e+00
3.295000e-05	-1.422363e-02	4.833974e+00
3.296000e-05	-1.415082e-02	4.592457e+00
3.297000e-05	-1.385950e-02	4.419929e+00
3.298000e-05	-1.319759e-02	4.141398e+00
3.299000e-05	-1.217074e-02	3.898291e+00
3.300000e-05	-1.144470e-02	3.705264e+00
3.301000e-05	-1.262218e-02	3.508746e+00
3.302000e-05	-1.188784e-02	3.263605e+00
3.303000e-05	-1.039614e-02	3.043084e+00
3.304000e-05	-9.276605e-03	2.854081e+00
3.305000e-05	-1.027037e-02	2.581376e+00
3.306000e-05	-1.058212e-02	2.316869e+00
3.307000e-05	-8.630517e-03	2.096214e+00
3.308000e-05	-7.524127e-03	1.905589e+00
3.309000e-05	-8.855313e-03	1.643633e+00
3.310000e-05	-8.350892e-03	1.409379e+00
3.311000e-05	-6.649826e-03	1.157268e+00
3.312000e-05	-6.316748e-03	8.425830e-01
3.313000e-05	-6.216754e-03	6.125076e-01
3.314000e-05	-6.842440e-03	3.809539e-01
3.315000e-05	-4.593260e-03	1.588509e-01
3.316000e-05	-1.021929e-03	-6.376066e-02
3.317000e-05	6.089069e-03	-3.027845e-01
3.318000e-05	-1.925140e-03	-4.352043e-01
3.319000e-05	1.364763e-03	-7.684947e-01
3.320000e-05	-2.568730e-03	-9.574335e-01
3.321000e-05	-1.522583e-04	-1.128365e+00
3.322000e-05	-2.019612e-03	-1.410146e+00
3.323000e-05	1.863455e-02	-1.622103e+00
3.324000e-05	8.145171e-02	-1.820649e+00
3.325000e-05	1.615421e-02	-2.105306e+00
3.326000e-05	-6.613415e-02	-2.462730e+00
3.327000e-05	-7.726298e-03	-2.726833e+00
3.328000e-05	-5.522158e-02	-2.896238e+00
3.329000e-05	-5.200119e-02	-3.083702e+00
3.330000e-05	1.509073e-01	-3.211499e+00
3.331000e-05	-5.458944e-02	-3.420596e+00
3.332000e-05	-1.522336e-02	-3.633079e+00
3.333000e-05	1.167649e-01	-3.842723e+00
3.334000e-05	-1.624905e-01	-4.116336e+00
3.335000e-05	1.094522e-01	-4.316835e+00
3.336000e-05	-4.324814e-03	-4.477306e+00
3.337000e-05	-6.140243e-02	-4.791490e+00
3.338000e-05	1.377447e-01	-4.988869e+00
3.339000e-05	-1.005737e-01	-5.214102e+00
3.340000e-05	6.073793e-02	-5.547383e+00
3.341000e-05	7.123450e-03	-5.697732e+00
3.342000e-05	-5.552584e-02	-5.929915e+00
3.343000e-05	1.031332e-01	-6.089286e+00
3.344000e-05	-8.210628e-02	-6.381016e+00
3.345000e-05	8.011710e-02	-6.601441e+00
3.346000e-05	-1.484768e-02	-6.781437e+00
3.347000e-05	1.330521e-02	-7.033072e+00
3.348000e-05	6.161716e-02	-7.252173e+00
3.349000e-05	-7.897750e-02	-7.404177e+00
3.350000e-05	8.565244e-02	-7.612517e+00
3.351000e-05	-3.806485e-02	-7.832173e+00
3.352000e-05	4.782149e-02	-8.012149e+00
3.353000e-05	1.613940e-02	-8.213674e+00
3.354000e-05	-3.808812e-03	-8.383047e+00
3.355000e-05	4.058415e-02	-8.502494e+00
3.356000e-05	-3.026824e-02	-8.779534e+00
3.357000e-05	5.764980e-02	-8.917335e+00
3.358000e-05	-2.977865e-03	-9.066803e+00
3.359000e-05	3.706178e-02	-9.233545e+00
3.360000e-05	-4.994537e-03	-9.401593e+00
3.361000e-05	1.450610e-02	-9.580916e+00
3.362000e-05	3.448705e-02	-9.655831e+00
3.363000e-05	7.138450e-03	-9.824198e+00
3.364000e-05	3.138575e-02	-9.970444e+00
3.365000e-05	3.312443e-03	-1.011834e+01
3.366000e-05	3.667686e-02	-1.033782e+01
3.367000e-05	4.309852e-03	-1.045567e+01
3.368000e-05	3.010748e-02	-1.055154e+01
3.369000e-05	1.847661e-02	-1.068676e+01
3.370000e-05	2.681131e-02	-1.081254e+01
3.371000e-05	1.413037e-02	-1.095024e+01
3.372000e-05	2.349800e-02	-1.109881e+01
3.373000e-05	3.062167e-02	-1.120144e+01
3.374000e-05	2.312738e-02	-1.130824e+01
3.375000e-05	2.626751e-02	-1.141502e+01
3.376000e-05	2.249490e-02	-1.152935e+01
3.377000e-05	3.429671e-02	-1.165663e+01
3.378000e-05	2.288157e-02	-1.175204e+01
3.379000e-05	3.102532e-02	-1.183825e+01
3.380000e-05	2.875406e-02	-1.197244e+01
3.381000e-05	3.196700e-02	-1.202618e+01
3.382000e-05	2.707491e-02	-1.212781e+01
3.383000e-05	3.366070e-02	-1.219294e+01
3.384000e-05	3.680289e-02	-1.222512e+01
3.385000e-05	3.380682e-02	-1.230783e+01
3.386000e-05	3.256191e-02	-1.235939e+01
3.387000e-05	3.405707e-02	-1.242995e+01
3.388000e-05	3.901524e-02	-1.244660e+01
3.389000e-05	3.634876e-02	-1.249873e+01
3.390000e-05	4.006018e-02	-1.252936e+01
3.391000e-05	3.931783e-02	-1.255242e+01
3.392000e-05	4.012900e-02	-1.260349e+01
3.393000e-05	4.078970e-02	-1.262512e+01
3.394000e-05	4.311339e-02	-1.264565e+01
3.395000e-05	4.473060e-02	-1.266717e+01
3.396000e-05	4.600890e-02	-1.268723e+01
3.397000e-05	4.688369e-02	-1.268978e+01
3.398000e-05	4.840345e-02	-1.270883e+01
3.399000e-05	4.915158e-02	-1.268678e+01
3.400000e-05	5.084051e-02	-1.270936e+01
3.401000e-05	5.169694e-02	-1.272878e+01
3.402000e-05	5.488920e-02	-1.265718e+01
3.403000e-05	5.519628e-02	-1.264768e+01
3.404000e-05	5.839759e-02	-1.266657e+01
3.405000e-05	5.986846e-02	-1.261654e+01
3.406000e-05	6.202305e-02	-1.256295e+01
3.407000e-05	6.586887e-02	-1.253237e+01
3.408000e-05	6.851210e-02	-1.249983e+01
3.409000e-05	6.986741e-02	-1.248763e+01
3.410000e-05	7.338872e-02	-1.240350e+01
3.411000e-05	7.771695e-02	-1.238236e+01
3.412000e-05	8.103206e-02	-1.229718e+01
3.413000e-05	8.301450e-02	-1.219510e+01
3.414000e-05	8.383886e-02	-1.215087e+01
3.415000e-05	8.435263e-02	-1.207821e+01
3.416000e-05	8.387010e-02	-1.201402e+01
3.417000e-05	8.271087e-02	-1.191932e+01
3.418000e-05	7.972350e-02	-1.177502e+01
3.419000e-05	7.689562e-02	-1.169983e+01
3.420000e-05	7.317339e-02	-1.164397e+01
3.421000e-05	6.820514e-02	-1.149771e+01
3.422000e-05	6.584824e-02	-1.140440e+01
3.423000e-05	6.293255e-02	-1.122773e+01
3.424000e-05	5.893992e-02	-1.113181e+01
3.425000e-05	5.507311e-02	-1.102347e+01
3.426000e-05	5.228814e-02	-1.089574e+01
3.427000e-05	4.822093e-02	-1.080247e+01
3.428000e-05	4.588893e-02	-1.071723e+01
3.429000e-05	4.374455e-02	-1.059292e+01
3.430000e-05	4.117855e-02	-1.047456e+01
3.431000e-05	3.856516e-02	-1.031828e+01
3.432000e-05	3.624185e-02	-1.012031e+01
3.433000e-05	3.484666e-02	-1.001504e+01
3.434000e-05	3.312099e-02	-9.865232e+00
3.435000e-05	3.085505e-02	-9.738865e+00
3.436000e-05	2.949955e-02	-9.592998e+00
3.437000e-05	2.878419e-02	-9.432047e+00
3.438000e-05	2.669560e-02	-9.237132e+00
3.439000e-05	2.405291e-02	-9.106713e+00
3.440000e-05	2.284564e-02	-8.951341e+00
3.441000e-05	2.243585e-02	-8.758346e+00
3.442000e-05	2.201772e-02	-8.560920e+00
3.443000e-05	1.970158e-02	-8.411871e+00
3.444000e-05	1.893832e-02	-8.244030e+00
3.445000e-05	1.764487e-02	-8.074533e+00
3.446000e-05	1.748687e-02	-7.855051e+00
3.447000e-05	1.601700e-02	-7.634395e+00
3.448000e-05	1.503811e-02	-7.413053e+00
3.449000e-05	1.418802e-02	-7.253425e+00
3.450000e-05	1.301579e-02	-7.023525e+00
3.451000e-05	1.191954e-02	-6.811525e+00
3.452000e-05	1.119750e-02	-6.592450e+00
3.453000e-05	1.047289e-02	-6.424030e+00
3.454000e-05	1.041151e-02	-6.214000e+00
3.455000e-05	1.053130e-02	-6.021900e+00
3.456000e-05	9.185316e-03	-5.771371e+00
3.457000e-05	7.772591e-03	-5.660000e+00
3.458000e-05	6.255714e-03	-5.330895e+00
3.459000e-05	7.018304e-03	-5.128217e+00
3.460000e-05	4.868410e-03	-4.876588e+00
3.461000e-05	6.188004e-03	-4.619483e+00
3.462000e-05	4.666773e-03	-4.441553e+00
3.463000e-05	5.703164e-03	-4.242958e+00
3.464000e-05	3.623510e-03	-4.071573e+00
3.465000e-05	4.205481e-03	-3.782475e+00
3.466000e-05	3.696950e-03	-3.588847e+00
3.467000e-05	3.236711e-03	-3.378270e+00
3.468000e-05	1.275967e-03	-3.158223e+00
3.469000e-05	7.271383e-04	-2.883612e+00
3.470000e-05	4.840064e-04	-2.642008e+00
3.471000e-05	2.071223e-03	-2.430929e+00
3.472000e-05	-1.525222e-03	-2.139851e+00
3.473000e-05	-1.192316e-03	-1.936770e+00
3.474000e-05	-4.642233e-04	-1.706745e+00
3.475000e-05	-6.076130e-04	-1.495587e+00
3.476000e-05	-1.734314e-03	-1.187872e+00
3.477000e-05	-2.778069e-03	-9.767682e-01
3.478000e-05	-2.350444e-03	-7.492946e-01
3.479000e-05	-3.650179e-03	-4.625365e-01
3.480000e-05	-3.708997e-03	-2.120327e-01
3.481000e-05	-3.377170e-03	-6.108000e-02
3.482000e-05	4.108890e-03	2.232276e-01
3.483000e-05	1.465454e-03	4.446790e-01
3.484000e-05	-1.806782e-03	6.632781e-01
3.485000e-05	-4.952754e-04	8.322003e-01
3.486000e-05	-3.631744e-03	1.103782e+00
3.487000e-05	-3.426804e-03	1.337989e+00
3.488000e-05	-2.762425e-03	1.551116e+00
3.489000e-05	1.445632e-02	1.821073e+00
3.490000e-05	5.946125e-02	1.971201e+00
3.491000e-05	2.497594e-02	2.245877e+00
3.492000e-05	-7.163987e-02	2.527011e+00
3.493000e-05	-2.747114e-02	2.831095e+00
3.494000e-05	-3.432928e-02	2.981072e+00
3.495000e-05	-6.252156e-02	3.180544e+00
3.496000e-05	1.902690e-02	3.306940e+00
3.497000e-05	1.109351e-01	3.600100e+00
3.498000e-05	-1.409539e-01	3.759962e+00
3.499000e-05	9.213567e-02	3.959440e+00
3.500000e-05	-2.875272e-03	4.193274e+00
3.501000e-05	-8.278029e-02	4.414175e+00
3.502000e-05	6.737631e-02	4.643756e+00
3.503000e-05	-4.538968e-02	4.928457e+00
3.504000e-05	-8.038568e-03	5.171590e+00
3.505000e-05	1.004833e-02	5.403251e+00
3.506000e-05	-3.480278e-02	5.644627e+00
3.507000e-05	1.219052e-02	5.876826e+00
3.508000e-05	-3.196306e-02	6.065858e+00
3.509000e-05	-8.518708e-03	6.297380e+00
3.510000e-05	-2.232045e-02	6.489386e+00
3.511000e-05	-7.291920e-03	6.708510e+00
3.512000e-05	1.000552e-02	6.968464e+00
3.513000e-05	-3.861709e-02	7.139384e+00
3.514000e-05	1.769745e-02	7.309544e+00
3.515000e-05	-4.016925e-02	7.571513e+00
3.516000e-05	-1.593675e-02	7.750991e+00
3.517000e-05	-8.686379e-03	7.953664e+00
3.518000e-05	-1.917041e-02	8.173094e+00
3.519000e-05	-4.772015e-03	8.360417e+00
3.520000e-05	-3.412786e-02	8.508359e+00
3.521000e-05	-1.278778e-02	8.657259e+00
3.522000e-05	-2.248225e-02	8.835147e+00
3.523000e-05	-9.690007e-03	8.964166e+00
3.524000e-05	-2.270084e-02	9.171586e+00
3.525000e-05	-2.071151e-02	9.317910e+00
3.526000e-05	-1.485675e-02	9.506885e+00
3.527000e-05	-2.818032e-02	9.645178e+00
3.528000e-05	-2.057424e-02	9.824493e+00
3.529000e-05	-1.967917e-02	9.929986e+00
3.530000e-05	-1.711776e-02	1.009738e+01
3.531000e-05	-2.888379e-02	1.027468e+01
3.532000e-05	-2.406719e-02	1.037146e+01
3.533000e-05	-2.233703e-02	1.051984e+01
3.534000e-05	-2.528744e-02	1.064580e+01
3.535000e-05	-2.904565e-02	1.079311e+01
3.536000e-05	-2.512094e-02	1.090844e+01
3.537000e-05	-2.465462e-02	1.103470e+01
3.538000e-05	-3.103201e-02	1.114854e+01
3.539000e-05	-2.972277e-02	1.127020e+01
3.540000e-05	-2.792956e-02	1.139107e+01
3.541000e-05	-2.851511e-02	1.148986e+01
3.542000e-05	-3.278756e-02	1.164669e+01
3.543000e-05	-3.120063e-02	1.175246e+01
3.544000e-05	-3.327847e-02	1.181467e+01
3.545000e-05	-3.494447e-02	1.189741e+01
3.546000e-05	-3.516077e-02	1.202612e+01
3.547000e-05	-3.366208e-02	1.206773e+01
3.548000e-05	-3.681018e-02	1.215306e+01
3.549000e-05	-3.862266e-02	1.221620e+01
3.550000e-05	-3.696283e-02	1.226686e+01
3.551000e-05	-3.772713e-02	1.238249e+01
3.552000e-05	-4.012090e-02	1.243463e+01
3.553000e-05	-4.349293e-02	1.245668e+01
3.554000e-05	-4.173470e-02	1.251956e+01
3.555000e-05	-4.350765e-02	1.252241e+01
3.556000e-05	-4.430124e-02	1.257304e+01
3.557000e-05	-4.578172e-02	1.260405e+01
3.558000e-05	-4.607017e-02	1.264412e+01
3.559000e-05	-4.922263e-02	1.261625e+01
3.560000e-05	-5.056353e-02	1.264575e+01
3.561000e-05	-4.927069e-02	1.268681e+01
3.562000e-05	-5.106971e-02	1.267626e+01
3.563000e-05	-5.314825e-02	1.269731e+01
3.564000e-05	-5.584968e-02	1.270933e+01
3.565000e-05	-5.603473e-02	1.268788e+01
3.566000e-05	-5.687078e-02	1.268933e+01
3.567000e-05	-5.957011e-02	1.268830e+01
3.568000e-05	-6.045076e-02	1.267780e+01
3.569000e-05	-6.279390e-02	1.266635e+01
3.570000e-05	-6.492553e-02	1.261468e+01
3.571000e-05	-6.691913e-02	1.265460e+01
3.572000e-05	-6.948886e-02	1.257547e+01
3.573000e-05	-7.226071e-02	1.257302e+01
3.574000e-05	-7.571024e-02	1.255884e+01
3.575000e-05	-7.848024e-02	1.251773e+01
3.576000e-05	-8.187965e-02	1.244517e+01
3.577000e-05	-8.605931e-02	1.239247e+01
3.578000e-05	-8.769132e-02	1.233936e+01
3.579000e-05	-8.910454e-02	1.217568e+01
3.580000e-05	-9.061129e-02	1.213401e+01
3.581000e-05	-9.163109e-02	1.212926e+01
3.582000e-05	-8.913218e-02	1.199295e+01
3.583000e-05	-8.580890e-02	1.191771e+01
3.584000e-05	-8.395983e-02	1.180555e+01
3.585000e-05	-8.215068e-02	1.172039e+01
3.586000e-05	-7.888279e-02	1.161660e+01
3.587000e-05	-7.424883e-02	1.152079e+01
3.588000e-05	-6.868343e-02	1.136404e+01
3.589000e-05	-6.699551e-02	1.123671e+01
3.590000e-05	-6.228898e-02	1.115134e+01
3.591000e-05	-6.293196e-02	1.104458e+01
3.592000e-05	-5.601403e-02	1.093929e+01
3.593000e-05	-5.643977e-02	1.084305e+01
3.594000e-05	-5.160729e-02	1.070729e+01
3.595000e-05	-5.017972e-02	1.056397e+01
3.596000e-05	-4.425797e-02	1.042313e+01
3.597000e-05	-4.449105e-02	1.030626e+01
3.598000e-05	-4.346066e-02	1.014144e+01
3.599000e-05	-4.097666e-02	1.003207e+01
3.600000e-05	-3.802019e-02	9.846777e+00
3.601000e-05	-3.762445e-02	9.678262e+00
3.602000e-05	-3.635982e-02	9.530337e+00
3.603000e-05	-3.407262e-02	9.360998e+00
3.604000e-05	-3.209371e-02	9.264179e+00
3.605000e-05	-3.290341e-02	9.075758e+00
3.606000e-05	-3.090288e-02	8.887182e+00
3.607000e-05	-2.895215e-02	8.686780e+00
3.608000e-05	-2.664059e-02	8.549394e+00
3.609000e-05	-2.752719e-02	8.372998e+00
3.610000e-05	-2.590284e-02	8.184099e+00
3.611000e-05	-2.501492e-02	7.992398e+00
3.612000e-05	-2.389553e-02	7.812953e+00
3.613000e-05	-2.263065e-02	7.644053e+00
3.614000e-05	-2.260288e-02	7.440972e+00
3.615000e-05	-2.234983e-02	7.151451e+00
3.616000e-05	-2.170290e-02	6.981899e+00
3.617000e-05	-1.998734e-02	6.800974e+00
3.618000e-05	-1.981768e-02	6.582001e+00
3.619000e-05	-1.948648e-02	6.399471e+00
3.620000e-05	-1.840735e-02	6.159896e+00
3.621000e-05	-1.694004e-02	5.970476e+00
3.622000e-05	-1.781192e-02	5.721397e+00
3.623000e-05	-1.727566e-02	5.568871e+00
3.624000e-05	-1.568489e-02	5.349394e+00
3.625000e-05	-1.505988e-02	5.094634e+00
3.626000e-05	-1.516139e-02	4.852132e+00
3.627000e-05	-1.465977e-02	4.590426e+00
3.628000e-05	-1.307784e-02	4.372030e+00
3.629000e-05	-1.174237e-02	4.170806e+00
3.630000e-05	-1.359055e-02	3.936718e+00
3.631000e-05	-1.294480e-02	3.707293e+00
3.632000e-05	-1.213314e-02	3.518341e+00
3.633000e-05	-1.052938e-02	3.294661e+00
3.634000e-05	-1.219116e-02	3.023130e+00
3.635000e-05	-9.623034e-03	2.863581e+00
3.636000e-05	-9.873471e-03	2.581402e+00
3.637000e-05	-8.494404e-03	2.357743e+00
3.638000e-05	-8.980834e-03	2.075739e+00
3.639000e-05	-7.473711e-03	1.905721e+00
3.640000e-05	-8.068914e-03	1.646060e+00
3.641000e-05	-7.915680e-03	1.449952e+00
3.642000e-05	-6.917291e-03	1.146324e+00
3.643000e-05	-5.995750e-03	8.731090e-01
3.644000e-05	-6.386734e-03	6.515327e-01
3.645000e-05	-5.587698e-03	4.105528e-01
3.646000e-05	-4.400571e-03	1.694011e-01
3.647000e-05	-1.615785e-03	-9.323053e-02
3.648000e-05	6.112262e-03	-2.742071e-01
3.649000e-05	-2.190401e-03	-4.343318e-01
3.650000e-05	2.159437e-03	-7.464332e-01
3.651000e-05	-1.063457e-03	-9.268672e-01
3.652000e-05	1.358160e-03	-1.126911e+00
3.653000e-05	-1.194110e-03	-1.400569e+00
3.654000e-05	1.517925e-02	-1.612174e+00
3.655000e-05	7.765313e-02	-1.801020e+00
3.656000e-05	2.447753e-02	-2.094353e+00
3.657000e-05	-6.835696e-02	-2.411195e+00
3.658000e-05	-6.529673e-03	-2.697335e+00
3.659000e-05	-5.022184e-02	-2.864735e+00
3.660000e-05	-5.714842e-02	-3.114305e+00
3.661000e-05	1.426967e-01	-3.200974e+00
3.662000e-05	-3.277372e-02	-3.400648e+00
3.663000e-05	-3.482023e-02	-3.662128e+00
3.664000e-05	1.361102e-01	-3.842069e+00
3.665000e-05	-1.593850e-01	-4.115755e+00
3.666000e-05	9.519597e-02	-4.316384e+00
3.667000e-05	1.561121e-02	-4.495759e+00
3.668000e-05	-7.323735e-02	-4.770940e+00
3.669000e-05	1.402735e-01	-4.947839e+00
3.670000e-05	-9.180414e-02	-5.232618e+00
3.671000e-05	4.404034e-02	-5.517380e+00
3.672000e-05	2.336164e-02	-5.727329e+00
3.673000e-05	-6.815684e-02	-5.937386e+00
3.674000e-05	1.105692e-01	-6.107806e+00
3.675000e-05	-7.726120e-02	-6.380489e+00
3.676000e-05	7.015190e-02	-6.569416e+00
3.677000e-05	-5.235344e-03	-6.768415e+00
3.678000e-05	-2.722560e-04	-7.023597e+00
3.679000e-05	7.310463e-02	-7.181627e+00
3.680000e-05	-8.104627e-02	-7.413124e+00
3.681000e-05	8.310825e-02	-7.594044e+00
3.682000e-05	-3.326571e-02	-7.805668e+00
3.683000e-05	3.839586e-02	-8.043196e+00
3.684000e-05	2.553313e-02	-8.221044e+00
3.685000e-05	-1.043245e-02	-8.361015e+00
3.686000e-05	4.609275e-02	-8.529069e+00
3.687000e-05	-3.335697e-02	-8.759939e+00
3.688000e-05	5.643599e-02	-8.869332e+00
3.689000e-05	-2.255865e-03	-9.055802e+00
3.690000e-05	3.432100e-02	-9.273048e+00
3.691000e-05	2.247025e-04	-9.403042e+00
3.692000e-05	1.034973e-02	-9.569436e+00
3.693000e-05	3.633882e-02	-9.665283e+00
3.694000e-05	3.819183e-03	-9.825176e+00
3.695000e-05	3.328717e-02	-9.980945e+00
3.696000e-05	3.093052e-03	-1.011184e+01
3.697000e-05	3.667095e-02	-1.023832e+01
3.698000e-05	3.647456e-03	-1.043467e+01
3.699000e-05	2.764069e-02	-1.055095e+01
3.700000e-05	2.056894e-02	-1.067630e+01
3.701000e-05	2.718833e-02	-1.078198e+01
3.702000e-05	1.531397e-02	-1.093038e+01
3.703000e-05	2.134303e-02	-1.104520e+01
3.704000e-05	3.147799e-02	-1.114344e+01
3.705000e-05	2.162906e-02	-1.131833e+01
3.706000e-05	2.657253e-02	-1.141364e+01
3.707000e-05	2.171985e-02	-1.151091e+01
3.708000e-05	3.554613e-02	-1.162455e+01
3.709000e-05	2.289460e-02	-1.177201e+01
3.710000e-05	3.060155e-02	-1.183720e+01
3.711000e-05	2.913177e-02	-1.197141e+01
3.712000e-05	3.235458e-02	-1.207562e+01
3.713000e-05	2.721832e-02	-1.212731e+01
3.714000e-05	3.185399e-02	-1.216097e+01
3.715000e-05	3.545989e-02	-1.222515e+01
3.716000e-05	3.396695e-02	-1.230773e+01
3.717000e-05	3.355490e-02	-1.231991e+01
3.718000e-05	3.350585e-02	-1.240254e+01
3.719000e-05	3.826666e-02	-1.246457e+01
3.720000e-05	3.650174e-02	-1.247673e+01
3.721000e-05	4.007933e-02	-1.251091e+01
3.722000e-05	3.931268e-02	-1.253149e+01
3.723000e-05	3.926394e-02	-1.257454e+01
3.724000e-05	4.148969e-02	-1.259362e+01
3.725000e-05	4.350432e-02	-1.263417e+01
3.726000e-05	4.485278e-02	-1.269665e+01
3.727000e-05	4.471258e-02	-1.267663e+01
3.728000e-05	4.674243e-02	-1.267725e+01
3.729000e-05	4.893972e-02	-1.269738e+01
3.730000e-05	4.914104e-02	-1.267030e+01
3.731000e-05	4.959802e-02	-1.271878e+01
3.732000e-05	5.162659e-02	-1.269973e+01
3.733000e-05	5.509992e-02	-1.270878e+01
3.734000e-05	5.604194e-02	-1.266868e+01
3.735000e-05	5.755038e-02	-1.266723e+01
3.736000e-05	5.995475e-02	-1.262557e+01
3.737000e-05	6.183383e-02	-1.259352e+01
3.738000e-05	6.454425e-02	-1.257246e+01
3.739000e-05	6.824128e-02	-1.251131e+01
3.740000e-05	7.077998e-02	-1.246713e+01
3.741000e-05	7.458167e-02	-1.241352e+01
3.742000e-05	7.708842e-02	-1.240234e+01
3.743000e-05	8.083827e-02	-1.232768e+01
3.744000e-05	8.144472e-02	-1.218353e+01
3.745000e-05	8.348006e-02	-1.216244e+01
3.746000e-05	8.493616e-02	-1.209773e+01
3.747000e-05	8.349949e-02	-1.204450e+01
3.748000e-05	8.282111e-02	-1.193029e+01
3.749000e-05	7.938079e-02	-1.180355e+01
3.750000e-05	7.630611e-02	-1.171081e+01
3.751000e-05	7.204938e-02	-1.164352e+01
3.752000e-05	6.864074e-02	-1.151679e+01
3.753000e-05	6.571629e-02	-1.137394e+01
3.754000e-05	6.246401e-02	-1.126766e+01
3.755000e-05	5.842746e-02	-1.113937e+01
3.756000e-05	5.461039e-02	-1.101650e+01
3.757000e-05	5.159852e-02	-1.094829e+01
3.758000e-05	4.882718e-02	-1.080394e+01
3.759000e-05	4.561963e-02	-1.066721e+01
3.760000e-05	4.335855e-02	-1.056185e+01
3.761000e-05	4.138835e-02	-1.049511e+01
3.762000e-05	3.883746e-02	-1.030974e+01
3.763000e-05	3.654104e-02	-1.012031e+01
3.764000e-05	3.337089e-02	-1.004155e+01
3.765000e-05	3.164321e-02	-9.895656e+00
3.766000e-05	3.140330e-02	-9.708845e+00
3.767000e-05	3.067277e-02	-9.631476e+00
3.768000e-05	2.759304e-02	-9.434978e+00
3.769000e-05	2.612618e-02	-9.275106e+00
3.770000e-05	2.436812e-02	-9.108162e+00
3.771000e-05	2.345873e-02	-8.919842e+00
3.772000e-05	2.228427e-02	-8.760369e+00
3.773000e-05	2.034194e-02	-8.562419e+00
3.774000e-05	1.953238e-02	-8.411875e+00
3.775000e-05	1.931681e-02	-8.233932e+00
3.776000e-05	1.881550e-02	-8.104579e+00
3.777000e-05	1.707559e-02	-7.835056e+00
3.778000e-05	1.623586e-02	-7.633471e+00
3.779000e-05	1.527610e-02	-7.413600e+00
3.780000e-05	1.330075e-02	-7.254957e+00
3.781000e-05	1.345185e-02	-7.023503e+00
3.782000e-05	1.294234e-02	-6.863501e+00
3.783000e-05	1.138574e-02	-6.611955e+00
3.784000e-05	1.062939e-02	-6.473480e+00
3.785000e-05	8.804472e-03	-6.243028e+00
3.786000e-05	9.619253e-03	-6.031950e+00
3.787000e-05	8.877810e-03	-5.802949e+00
3.788000e-05	9.410147e-03	-5.622529e+00
3.789000e-05	6.174032e-03	-5.361426e+00
3.790000e-05	7.869146e-03	-5.136270e+00
3.791000e-05	5.474530e-03	-4.856682e+00
3.792000e-05	6.822148e-03	-4.602504e+00
3.793000e-05	4.672529e-03	-4.452580e+00
3.794000e-05	5.128310e-03	-4.263083e+00
3.795000e-05	3.666219e-03	-4.063009e+00
3.796000e-05	4.503729e-03	-3.802975e+00
3.797000e-05	3.256917e-03	-3.619829e+00
3.798000e-05	2.843734e-03	-3.377820e+00
3.799000e-05	2.225282e-03	-3.159268e+00
3.800000e-05	1.371169e-03	-2.875114e+00
3.801000e-05	1.017030e-03	-2.673085e+00
3.802000e-05	3.453537e-04	-2.432033e+00
3.803000e-05	1.186873e-03	-2.190927e+00
3.804000e-05	7.761748e-04	-1.917772e+00
3.805000e-05	-1.163006e-03	-1.748196e+00
3.806000e-05	-1.414223e-03	-1.456188e+00
3.807000e-05	-2.593863e-03	-1.220352e+00
3.808000e-05	-1.465949e-03	-9.877507e-01
3.809000e-05	-3.138292e-03	-7.192996e-01
3.810000e-05	-3.211762e-03	-4.746391e-01
3.811000e-05	-2.483899e-03	-2.729865e-01
3.812000e-05	-3.111876e-03	-2.305788e-02
3.813000e-05	3.007174e-03	1.801477e-01
3.814000e-05	5.897677e-04	4.227243e-01
3.815000e-05	-1.957163e-03	6.542030e-01
3.816000e-05	-4.084311e-04	8.336738e-01
3.817000e-05	-4.523519e-03	1.044883e+00
3.818000e-05	-2.359530e-03	1.335988e+00
3.819000e-05	-2.389856e-03	1.568020e+00
3.820000e-05	1.119365e-02	1.780145e+00
3.821000e-05	5.608900e-02	1.990020e+00
3.822000e-05	3.236781e-02	2.261825e+00
3.823000e-05	-7.031188e-02	2.477935e+00
3.824000e-05	-2.810928e-02	2.791067e+00
3.825000e-05	-3.335934e-02	2.980570e+00
3.826000e-05	-6.062412e-02	3.149994e+00
3.827000e-05	5.303302e-03	3.337962e+00
3.828000e-05	1.196180e-01	3.579041e+00
3.829000e-05	-1.338285e-01	3.739440e+00
3.830000e-05	7.699051e-02	3.896965e+00
3.831000e-05	1.264801e-02	4.182670e+00
3.832000e-05	-9.364859e-02	4.423202e+00
3.833000e-05	6.765116e-02	4.643274e+00
3.834000e-05	-3.871672e-02	4.887283e+00
3.835000e-05	-1.590384e-02	5.192588e+00
3.836000e-05	1.468921e-02	5.412699e+00
3.837000e-05	-3.599605e-02	5.642596e+00
3.838000e-05	1.269470e-02	5.823871e+00
3.839000e-05	-3.094789e-02	6.096407e+00
3.840000e-05	-1.072050e-02	6.266928e+00
3.841000e-05	-1.898269e-02	6.485302e+00
3.842000e-05	-1.082229e-02	6.739955e+00
3.843000e-05	1.429518e-02	6.918511e+00
3.844000e-05	-3.929983e-02	7.118387e+00
3.845000e-05	1.789268e-02	7.339286e+00
3.846000e-05	-3.795036e-02	7.560012e+00
3.847000e-05	-1.966792e-02	7.771436e+00
3.848000e-05	-5.696721e-03	7.970140e+00
3.849000e-05	-2.141853e-02	8.192066e+00
3.850000e-05	-4.109118e-03	8.339910e+00
3.851000e-05	-3.205407e-02	8.488384e+00
3.852000e-05	-1.246743e-02	8.674903e+00
3.853000e-05	-2.163656e-02	8.833070e+00
3.854000e-05	-1.160012e-02	8.953139e+00
3.855000e-05	-2.078818e-02	9.180989e+00
3.856000e-05	-2.144000e-02	9.307885e+00
3.857000e-05	-1.428921e-02	9.456305e+00
3.858000e-05	-2.682066e-02	9.615097e+00
3.859000e-05	-1.963843e-02	9.772668e+00
3.860000e-05	-1.997629e-02	9.929461e+00
3.861000e-05	-1.820524e-02	1.010791e+01
3.862000e-05	-2.764621e-02	1.024417e+01
3.863000e-05	-2.434835e-02	1.034049e+01
3.864000e-05	-2.235732e-02	1.052051e+01
3.865000e-05	-2.668525e-02	1.065522e+01
3.866000e-05	-2.715523e-02	1.081362e+01
3.867000e-05	-2.482846e-02	1.090886e+01
3.868000e-05	-2.509724e-02	1.102622e+01
3.869000e-05	-3.053806e-02	1.112243e+01
3.870000e-05	-2.902620e-02	1.126735e+01
3.871000e-05	-2.777139e-02	1.139404e+01
3.872000e-05	-2.854038e-02	1.153988e+01
3.873000e-05	-3.221208e-02	1.165578e+01
3.874000e-05	-3.114462e-02	1.173087e+01
3.875000e-05	-3.137648e-02	1.183422e+01
3.876000e-05	-3.523735e-02	1.191891e+01
3.877000e-05	-3.572634e-02	1.201302e+01
3.878000e-05	-3.374833e-02	1.206933e+01
3.879000e-05	-3.695146e-02	1.216201e+01
3.880000e-05	-3.873842e-02	1.222520e+01
3.881000e-05	-3.655072e-02	1.233830e+01
3.882000e-05	-3.733759e-02	1.238296e+01
3.883000e-05	-4.093801e-02	1.244417e+01
3.884000e-05	-4.310265e-02	1.247625e+01
3.885000e-05	-4.229807e-02	1.248773e+01
3.886000e-05	-4.338791e-02	1.255142e+01
3.887000e-05	-4.502721e-02	1.256399e+01
3.888000e-05	-4.480369e-02	1.261360e+01
3.889000e-05	-4.572683e-02	1.262462e+01
3.890000e-05	-4.959060e-02	1.265665e+01
3.891000e-05	-5.121463e-02	1.267773e+01
3.892000e-05	-4.980465e-02	1.269733e+01
3.893000e-05	-5.048836e-02	1.270831e+01
3.894000e-05	-5.370918e-02	1.271688e+01
3.895000e-05	-5.558800e-02	1.269033e+01
3.896000e-05	-5.567353e-02	1.271883e+01
3.897000e-05	-5.878231e-02	1.269936e+01
3.898000e-05	-6.031130e-02	1.269733e+01
3.899000e-05	-5.895820e-02	1.272731e+01
3.900000e-05	-6.109688e-02	1.269675e+01
3.901000e-05	-6.480178e-02	1.264617e+01
3.902000e-05	-6.900023e-02	1.263467e+01
3.903000e-05	-7.027592e-02	1.259407e+01
3.904000e-05	-7.220152e-02	1.253197e+01
3.905000e-05	-7.496130e-02	1.253089e+01
3.906000e-05	-7.859753e-02	1.251728e+01
3.907000e-05	-8.202029e-02	1.243510e+01
3.908000e-05	-8.495768e-02	1.240559e+01
3.909000e-05	-8.804552e-02	1.233939e+01
3.910000e-05	-8.991530e-02	1.220662e+01
3.911000e-05	-9.084085e-02	1.214252e+01
3.912000e-05	-9.043837e-02	1.209987e+01
3.913000e-05	-8.862149e-02	1.201502e+01
3.914000e-05	-8.622329e-02	1.191891e+01
3.915000e-05	-8.447117e-02	1.183510e+01
3.916000e-05	-8.158521e-02	1.174039e+01
3.917000e-05	-7.853171e-02	1.166715e+01
3.918000e-05	-7.385869e-02	1.148883e+01
3.919000e-05	-7.106192e-02	1.139457e+01
3.920000e-05	-6.736227e-02	1.127821e+01
3.921000e-05	-6.250659e-02	1.117946e+01
3.922000e-05	-6.080548e-02	1.106620e+01
3.923000e-05	-5.724569e-02	1.094894e+01
3.924000e-05	-5.590523e-02	1.084505e+01
3.925000e-05	-5.227351e-02	1.066884e+01
3.926000e-05	-5.027165e-02	1.056300e+01
3.927000e-05	-4.644253e-02	1.043455e+01
3.928000e-05	-4.404864e-02	1.030678e+01
3.929000e-05	-4.195537e-02	1.011987e+01
3.930000e-05	-4.061443e-02	1.002410e+01
3.931000e-05	-3.913246e-02	9.868209e+00
3.932000e-05	-3.800972e-02	9.720208e+00
3.933000e-05	-3.552279e-02	9.599790e+00
3.934000e-05	-3.486162e-02	9.382970e+00
3.935000e-05	-3.368081e-02	9.256155e+00
3.936000e-05	-3.163532e-02	9.088257e+00
3.937000e-05	-2.954454e-02	8.906738e+00
3.938000e-05	-2.887437e-02	8.739289e+00
3.939000e-05	-2.842261e-02	8.539895e+00
3.940000e-05	-2.749170e-02	8.421499e+00
3.941000e-05	-2.549870e-02	8.204973e+00
3.942000e-05	-2.565532e-02	8.001076e+00
3.943000e-05	-2.396085e-02	7.813453e+00
3.944000e-05	-2.389939e-02	7.613077e+00
3.945000e-05	-2.295085e-02	7.393524e+00
3.946000e-05	-2.262553e-02	7.181475e+00
3.947000e-05	-2.127821e-02	7.012050e+00
3.948000e-05	-2.113045e-02	6.832528e+00
3.949000e-05	-1.996372e-02	6.590625e+00
3.950000e-05	-1.828460e-02	6.380003e+00
3.951000e-05	-1.858705e-02	6.201899e+00
3.952000e-05	-1.971299e-02	5.992451e+00
3.953000e-05	-1.918268e-02	5.770920e+00
3.954000e-05	-1.683887e-02	5.579850e+00
3.955000e-05	-1.543033e-02	5.381345e+00
3.956000e-05	-1.593762e-02	5.117639e+00
3.957000e-05	-1.626278e-02	4.833528e+00
3.958000e-05	-1.367558e-02	4.591982e+00
3.959000e-05	-1.350418e-02	4.431478e+00
3.960000e-05	-1.327815e-02	4.209876e+00
3.961000e-05	-1.350475e-02	3.957844e+00
3.962000e-05	-1.257530e-02	3.757294e+00
3.963000e-05	-1.187172e-02	3.559245e+00
3.964000e-05	-1.109290e-02	3.283609e+00
3.965000e-05	-1.063311e-02	3.034611e+00
3.966000e-05	-9.801027e-03	2.863532e+00
3.967000e-05	-1.017826e-02	2.600977e+00
3.968000e-05	-1.019644e-02	2.388321e+00
3.969000e-05	-9.221571e-03	2.146768e+00
3.970000e-05	-7.406698e-03	1.916743e+00
3.971000e-05	-8.484250e-03	1.673055e+00
3.972000e-05	-6.661969e-03	1.400005e+00
3.973000e-05	-7.321603e-03	1.188401e+00
3.974000e-05	-5.456785e-03	9.041367e-01
3.975000e-05	-6.398511e-03	6.340390e-01
3.976000e-05	-6.221933e-03	4.219840e-01
3.977000e-05	-4.729523e-03	2.104562e-01
3.978000e-05	-2.317455e-03	-3.265301e-02
3.979000e-05	6.723546e-03	-2.737307e-01
3.980000e-05	-1.993355e-03	-4.526803e-01
3.981000e-05	1.084003e-03	-7.168870e-01
3.982000e-05	-1.393117e-03	-9.263132e-01
3.983000e-05	6.868300e-04	-1.156340e+00
3.984000e-05	-9.382877e-04	-1.378495e+00
3.985000e-05	1.521149e-02	-1.642054e+00
3.986000e-05	7.473133e-02	-1.819593e+00
3.987000e-05	3.367167e-02	-2.054154e+00
3.988000e-05	-7.127347e-02	-2.451121e+00
3.989000e-05	-7.422477e-03	-2.696357e+00
3.990000e-05	-4.834454e-02	-2.904179e+00
3.991000e-05	-5.980082e-02	-3.104286e+00
3.992000e-05	1.345540e-01	-3.200464e+00
3.993000e-05	-1.188217e-02	-3.382143e+00
3.994000e-05	-5.551459e-02	-3.623077e+00
3.995000e-05	1.493084e-01	-3.783168e+00
3.996000e-05	-1.541392e-01	-4.085832e+00
3.997000e-05	8.072063e-02	-4.297836e+00
3.998000e-05	3.462886e-02	-4.475758e+00
3.999000e-05	-8.293915e-02	-4.789495e+00
4.000000e-05	1.374303e-01	-4.928887e+00
4.001000e-05	-8.175526e-02	-5.161142e+00
4.002000e-05	2.607221e-02	-5.506881e+00
4.003000e-05	4.064161e-02	-5.666734e+00
4.004000e-05	-7.824015e-02	-5.898385e+00
4.005000e-05	1.139273e-01	-6.088283e+00
4.006000e-05	-7.154725e-02	-6.360436e+00
4.007000e-05	5.952905e-02	-6.558417e+00
4.008000e-05	6.220888e-03	-6.768961e+00
4.009000e-05	-1.347659e-02	-6.944068e+00
4.010000e-05	8.148207e-02	-7.200995e+00
4.011000e-05	-8.447153e-02	-7.420620e+00
4.012000e-05	7.894109e-02	-7.633016e+00
4.013000e-05	-2.283388e-02	-7.803223e+00
4.014000e-05	2.967007e-02	-8.024153e+00
4.015000e-05	3.070807e-02	-8.193043e+00
4.016000e-05	-1.833334e-02	-8.381039e+00
4.017000e-05	5.005464e-02	-8.499340e+00
4.018000e-05	-3.235445e-02	-8.769411e+00
4.019000e-05	5.562982e-02	-8.908283e+00
4.020000e-05	1.293025e-03	-9.055178e+00
4.021000e-05	3.031414e-02	-9.213072e+00
4.022000e-05	3.282922e-03	-9.351940e+00
4.023000e-05	3.624821e-03	-9.559486e+00
4.024000e-05	4.036634e-02	-9.675806e+00
4.025000e-05	3.375386e-03	-9.814149e+00
4.026000e-05	3.417775e-02	-9.959915e+00
4.027000e-05	9.817512e-04	-1.011036e+01
4.028000e-05	3.628076e-02	-1.024682e+01
4.029000e-05	6.444117e-03	-1.045400e+01
4.030000e-05	2.624653e-02	-1.056144e+01
4.031000e-05	2.024907e-02	-1.066626e+01
4.032000e-05	2.501245e-02	-1.077399e+01
4.033000e-05	1.835048e-02	-1.090881e+01
4.034000e-05	2.046606e-02	-1.109572e+01
4.035000e-05	3.239556e-02	-1.121199e+01
4.036000e-05	2.132156e-02	-1.133921e+01
4.037000e-05	2.766293e-02	-1.143307e+01
4.038000e-05	2.109400e-02	-1.153943e+01
4.039000e-05	3.432657e-02	-1.166463e+01
4.040000e-05	2.359466e-02	-1.174196e+01
4.041000e-05	2.909355e-02	-1.184775e+01
4.042000e-05	2.929777e-02	-1.194152e+01
4.043000e-05	3.139630e-02	-1.205515e+01
4.044000e-05	2.876523e-02	-1.210829e+01
4.045000e-05	3.349964e-02	-1.222299e+01
4.046000e-05	3.655171e-02	-1.222423e+01
4.047000e-05	3.361786e-02	-1.231723e+01
4.048000e-05	3.334358e-02	-1.234034e+01
4.049000e-05	3.201255e-02	-1.240345e+01
4.050000e-05	3.881712e-02	-1.245457e+01
4.051000e-05	3.454513e-02	-1.252660e+01
4.052000e-05	3.951607e-02	-1.250098e+01
4.053000e-05	4.016882e-02	-1.252239e+01
4.054000e-05	4.013236e-02	-1.256302e+01
4.055000e-05	4.362511e-02	-1.260309e+01
4.056000e-05	4.367241e-02	-1.262722e+01
4.057000e-05	4.485331e-02	-1.263715e+01
4.058000e-05	4.332310e-02	-1.266685e+01
4.059000e-05	4.625862e-02	-1.271978e+01
4.060000e-05	4.871339e-02	-1.271776e+01
4.061000e-05	4.747770e-02	-1.270880e+01
4.062000e-05	5.028272e-02	-1.271885e+01
4.063000e-05	5.209371e-02	-1.272876e+01
4.064000e-05	5.631467e-02	-1.267885e+01
4.065000e-05	5.593916e-02	-1.269778e+01
4.066000e-05	5.848084e-02	-1.263717e+01
4.067000e-05	6.028120e-02	-1.261512e+01
4.068000e-05	6.043696e-02	-1.255444e+01
4.069000e-05	6.340168e-02	-1.256159e+01
4.070000e-05	6.749038e-02	-1.251073e+01
4.071000e-05	6.986402e-02	-1.245918e+01
4.072000e-05	7.439539e-02	-1.243500e+01
4.073000e-05	7.752055e-02	-1.239236e+01
4.074000e-05	8.056492e-02	-1.227778e+01
4.075000e-05	8.283250e-02	-1.221605e+01
4.076000e-05	8.327584e-02	-1.217134e+01
4.077000e-05	8.522618e-02	-1.212823e+01
4.078000e-05	8.339565e-02	-1.204405e+01
4.079000e-05	8.128703e-02	-1.193091e+01
4.080000e-05	7.983887e-02	-1.183451e+01
4.081000e-05	7.657056e-02	-1.173136e+01
4.082000e-05	7.284773e-02	-1.162547e+01
4.083000e-05	6.785012e-02	-1.151967e+01
4.084000e-05	6.760544e-02	-1.139342e+01
4.085000e-05	6.331852e-02	-1.125758e+01
4.086000e-05	5.842706e-02	-1.115189e+01
4.087000e-05	5.451238e-02	-1.101505e+01
4.088000e-05	5.096458e-02	-1.091823e+01
4.089000e-05	4.724050e-02	-1.082295e+01
4.090000e-05	4.511688e-02	-1.068774e+01
4.091000e-05	4.416555e-02	-1.058150e+01
4.092000e-05	4.164628e-02	-1.044658e+01
4.093000e-05	3.936758e-02	-1.027769e+01
4.094000e-05	3.629969e-02	-1.014139e+01
4.095000e-05	3.523267e-02	-1.002245e+01
4.096000e-05	3.183817e-02	-9.895609e+00
4.097000e-05	3.008660e-02	-9.728792e+00
4.098000e-05	2.945036e-02	-9.593575e+00
4.099000e-05	2.761222e-02	-9.435028e+00
4.100000e-05	2.659056e-02	-9.305132e+00
4.101000e-05	2.463664e-02	-9.127763e+00
4.102000e-05	2.453752e-02	-8.950867e+00
4.103000e-05	2.276044e-02	-8.811372e+00
4.104000e-05	2.123094e-02	-8.611995e+00
4.105000e-05	1.977281e-02	-8.419028e+00
4.106000e-05	1.830028e-02	-8.254028e+00
4.107000e-05	1.778510e-02	-8.107133e+00
4.108000e-05	1.758286e-02	-7.855085e+00
4.109000e-05	1.642219e-02	-7.635006e+00
4.110000e-05	1.492999e-02	-7.454056e+00
4.111000e-05	1.396087e-02	-7.244158e+00
4.112000e-05	1.377033e-02	-7.066103e+00
4.113000e-05	1.292771e-02	-6.862454e+00
4.114000e-05	1.148421e-02	-6.633079e+00
4.115000e-05	1.019141e-02	-6.484058e+00
4.116000e-05	9.935550e-03	-6.255081e+00
4.117000e-05	1.048376e-02	-6.011475e+00
4.118000e-05	8.964607e-03	-5.822127e+00
4.119000e-05	7.876255e-03	-5.621029e+00
4.120000e-05	6.683198e-03	-5.422928e+00
4.121000e-05	8.104314e-03	-5.159875e+00
4.122000e-05	5.828931e-03	-4.885161e+00
4.123000e-05	5.382244e-03	-4.653081e+00
4.124000e-05	6.277002e-03	-4.454057e+00
4.125000e-05	5.212686e-03	-4.274014e+00
4.126000e-05	3.745988e-03	-4.074109e+00
4.127000e-05	3.693591e-03	-3.835080e+00
4.128000e-05	3.547650e-03	-3.600425e+00
4.129000e-05	3.227705e-03	-3.359372e+00
4.130000e-05	1.575648e-03	-3.157875e+00
4.131000e-05	1.700817e-03	-2.906659e+00
4.132000e-05	1.656070e-03	-2.644660e+00
4.133000e-05	1.570992e-03	-2.473583e+00
4.134000e-05	2.187127e-04	-2.261931e+00
4.135000e-05	-6.080373e-04	-1.939371e+00
4.136000e-05	-1.817939e-03	-1.726293e+00
4.137000e-05	-9.962478e-04	-1.526269e+00
4.138000e-05	-2.300505e-03	-1.210379e+00
4.139000e-05	-2.211517e-03	-9.883734e-01
4.140000e-05	-2.728910e-03	-7.573509e-01
4.141000e-05	-4.757162e-03	-4.561117e-01
4.142000e-05	-4.485055e-03	-2.636142e-01
4.143000e-05	-2.669860e-03	-6.413415e-02
4.144000e-05	4.292998e-03	1.821211e-01
4.145000e-05	1.244197e-03	4.521538e-01
4.146000e-05	-3.884701e-03	6.411015e-01
4.147000e-05	-7.672553e-04	8.110713e-01
4.148000e-05	-4.953360e-03	1.063850e+00
4.149000e-05	-3.042195e-03	1.316935e+00
4.150000e-05	-2.085184e-03	1.537042e+00
4.151000e-05	1.169559e-02	1.820645e+00
4.152000e-05	5.326573e-02	1.959570e+00
4.153000e-05	3.692017e-02	2.242175e+00
4.154000e-05	-6.985470e-02	2.476281e+00
4.155000e-05	-3.061277e-02	2.778544e+00
4.156000e-05	-3.261340e-02	2.990068e+00
4.157000e-05	-5.749618e-02	3.149994e+00
4.158000e-05	-4.612874e-03	3.325810e+00
4.159000e-05	1.256358e-01	3.537986e+00
4.160000e-05	-1.274942e-01	3.738486e+00
4.161000e-05	5.693303e-02	3.907409e+00
4.162000e-05	2.900182e-02	4.141093e+00
4.163000e-05	-9.940160e-02	4.433150e+00
4.164000e-05	6.761501e-02	4.642624e+00
4.165000e-05	-3.062897e-02	4.865727e+00
4.166000e-05	-2.114317e-02	5.138564e+00
4.167000e-05	1.713698e-02	5.372123e+00
4.168000e-05	-3.942859e-02	5.632124e+00
4.169000e-05	1.086476e-02	5.812798e+00
4.170000e-05	-2.799439e-02	6.066281e+00
4.171000e-05	-1.270701e-02	6.265828e+00
4.172000e-05	-1.678786e-02	6.437274e+00
4.173000e-05	-1.443506e-02	6.707433e+00
4.174000e-05	1.710464e-02	6.885886e+00
4.175000e-05	-3.878062e-02	7.128487e+00
4.176000e-05	1.626462e-02	7.268308e+00
4.177000e-05	-3.512510e-02	7.519957e+00
4.178000e-05	-2.418963e-02	7.739983e+00
4.179000e-05	-3.580038e-03	7.951513e+00
4.180000e-05	-2.145740e-02	8.162041e+00
4.181000e-05	-1.810214e-03	8.328413e+00
4.182000e-05	-3.004521e-02	8.528837e+00
4.183000e-05	-1.415954e-02	8.644753e+00
4.184000e-05	-2.204810e-02	8.832997e+00
4.185000e-05	-1.133287e-02	8.981687e+00
4.186000e-05	-1.847495e-02	9.150511e+00
4.187000e-05	-2.208416e-02	9.297855e+00
4.188000e-05	-1.385077e-02	9.476230e+00
4.189000e-05	-2.708856e-02	9.655169e+00
4.190000e-05	-2.165129e-02	9.772615e+00
4.191000e-05	-1.942323e-02	9.938906e+00
4.192000e-05	-1.796330e-02	1.007728e+01
4.193000e-05	-2.630960e-02	1.023477e+01
4.194000e-05	-2.533885e-02	1.034901e+01
4.195000e-05	-2.070999e-02	1.050978e+01
4.196000e-05	-2.496438e-02	1.060570e+01
4.197000e-05	-2.790635e-02	1.079262e+01
4.198000e-05	-2.562958e-02	1.088783e+01
4.199000e-05	-2.442710e-02	1.100359e+01
4.200000e-05	-3.050217e-02	1.114696e+01
4.201000e-05	-3.028050e-02	1.124773e+01
4.202000e-05	-2.707207e-02	1.141506e+01
4.203000e-05	-2.899966e-02	1.146833e+01
4.204000e-05	-3.235448e-02	1.163617e+01
4.205000e-05	-3.180371e-02	1.172151e+01
4.206000e-05	-3.118528e-02	1.182523e+01
4.207000e-05	-3.568778e-02	1.190826e+01
4.208000e-05	-3.598845e-02	1.201257e+01
4.209000e-05	-3.385314e-02	1.207628e+01
4.210000e-05	-3.616965e-02	1.215109e+01
4.211000e-05	-3.923296e-02	1.221512e+01
4.212000e-05	-3.787853e-02	1.227783e+01
4.213000e-05	-3.697819e-02	1.237244e+01
4.214000e-05	-4.011366e-02	1.242467e+01
4.215000e-05	-4.308827e-02	1.246630e+01
4.216000e-05	-4.241784e-02	1.250778e+01
4.217000e-05	-4.367362e-02	1.253942e+01
4.218000e-05	-4.466674e-02	1.257257e+01
4.219000e-05	-4.573912e-02	1.258355e+01
4.220000e-05	-4.631124e-02	1.264620e+01
4.221000e-05	-4.922311e-02	1.262517e+01
4.222000e-05	-5.030118e-02	1.268528e+01
4.223000e-05	-5.003588e-02	1.266723e+01
4.224000e-05	-5.052046e-02	1.267786e+01
4.225000e-05	-5.314601e-02	1.270776e+01
4.226000e-05	-5.461521e-02	1.269833e+01
4.227000e-05	-5.548995e-02	1.270741e+01
4.228000e-05	-5.827128e-02	1.272935e+01
4.229000e-05	-5.923387e-02	1.267728e+01
4.230000e-05	-6.135022e-02	1.267733e+01
4.231000e-05	-6.220935e-02	1.269626e+01
4.232000e-05	-6.477557e-02	1.264515e+01
4.233000e-05	-6.774419e-02	1.261465e+01
4.234000e-05	-6.895556e-02	1.258412e+01
4.235000e-05	-7.146457e-02	1.260149e+01
4.236000e-05	-7.506981e-02	1.253037e+01
4.237000e-05	-7.875519e-02	1.252728e+01
4.238000e-05	-8.132628e-02	1.243513e+01
4.239000e-05	-8.488826e-02	1.238250e+01
4.240000e-05	-8.699378e-02	1.230939e+01
4.241000e-05	-9.001835e-02	1.224513e+01
4.242000e-05	-9.074543e-02	1.215197e+01
4.243000e-05	-9.146439e-02	1.209973e+01
4.244000e-05	-8.928243e-02	1.205358e+01
4.245000e-05	-8.651701e-02	1.190884e+01
4.246000e-05	-8.429768e-02	1.184510e+01
4.247000e-05	-8.124950e-02	1.175289e+01
4.248000e-05	-7.793556e-02	1.164560e+01
4.249000e-05	-7.384700e-02	1.154083e+01
4.250000e-05	-7.103689e-02	1.135409e+01
4.251000e-05	-6.848981e-02	1.131823e+01
4.252000e-05	-6.397976e-02	1.119144e+01
4.253000e-05	-6.229397e-02	1.104566e+01
4.254000e-05	-5.806478e-02	1.094189e+01
4.255000e-05	-5.502873e-02	1.083458e+01
4.256000e-05	-5.017235e-02	1.073932e+01
4.257000e-05	-5.022430e-02	1.057400e+01
4.258000e-05	-4.558160e-02	1.044466e+01
4.259000e-05	-4.467685e-02	1.032776e+01
4.260000e-05	-4.153717e-02	1.018147e+01
4.261000e-05	-4.209520e-02	1.004408e+01
4.262000e-05	-3.904068e-02	9.907212e+00
4.263000e-05	-3.791899e-02	9.738789e+00
4.264000e-05	-3.470832e-02	9.569867e+00
4.265000e-05	-3.516064e-02	9.421525e+00
4.266000e-05	-3.288095e-02	9.254707e+00
4.267000e-05	-3.192360e-02	9.058663e+00
4.268000e-05	-2.963183e-02	8.908261e+00
4.269000e-05	-3.004793e-02	8.749317e+00
4.270000e-05	-2.833474e-02	8.569920e+00
4.271000e-05	-2.757819e-02	8.412029e+00
4.272000e-05	-2.643026e-02	8.224531e+00
4.273000e-05	-2.613319e-02	8.032973e+00
4.274000e-05	-2.481759e-02	7.823525e+00
4.275000e-05	-2.240493e-02	7.644654e+00
4.276000e-05	-2.263216e-02	7.443552e+00
4.277000e-05	-2.229249e-02	7.221001e+00
4.278000e-05	-2.227595e-02	6.991975e+00
4.279000e-05	-1.951434e-02	6.822553e+00
4.280000e-05	-1.994014e-02	6.551500e+00
4.281000e-05	-2.018236e-02	6.401473e+00
4.282000e-05	-1.979250e-02	6.172426e+00
4.283000e-05	-1.817443e-02	6.023154e+00
4.284000e-05	-1.861051e-02	5.770956e+00
4.285000e-05	-1.682651e-02	5.539926e+00
4.286000e-05	-1.550301e-02	5.400322e+00
4.287000e-05	-1.509185e-02	5.088687e+00
4.288000e-05	-1.545962e-02	4.843533e+00
4.289000e-05	-1.596120e-02	4.612578e+00
4.290000e-05	-1.418456e-02	4.441532e+00
4.291000e-05	-1.404210e-02	4.151950e+00
4.292000e-05	-1.343221e-02	3.938367e+00
4.293000e-05	-1.272773e-02	3.777325e+00
4.294000e-05	-1.094696e-02	3.549297e+00
4.295000e-05	-1.026289e-02	3.276762e+00
4.296000e-05	-1.104925e-02	3.084210e+00
4.297000e-05	-1.071121e-02	2.843633e+00
4.298000e-05	-1.014648e-02	2.634012e+00
4.299000e-05	-9.777235e-03	2.327823e+00
4.300000e-05	-8.782890e-03	2.156768e+00
4.301000e-05	-8.766962e-03	1.936266e+00
4.302000e-05	-7.243687e-03	1.654138e+00
4.303000e-05	-7.038613e-03	1.461530e+00
4.304000e-05	-6.157313e-03	1.200402e+00
4.305000e-05	-6.511224e-03	8.951380e-01
4.306000e-05	-5.393459e-03	6.845367e-01
4.307000e-05	-4.687160e-03	4.425328e-01
4.308000e-05	-4.524275e-03	1.818274e-01
4.309000e-05	-4.351692e-03	-5.315184e-02
4.310000e-05	4.967660e-03	-2.641805e-01
4.311000e-05	2.454974e-04	-4.436052e-01
4.312000e-05	1.324034e-03	-7.078597e-01
4.313000e-05	-3.911082e-04	-9.052855e-01
4.314000e-05	1.122374e-03	-1.096382e+00
4.315000e-05	6.855995e-04	-1.399945e+00
4.316000e-05	1.170395e-02	-1.621551e+00
4.317000e-05	6.985045e-02	-1.798921e+00
4.318000e-05	4.293834e-02	-2.013148e+00
4.319000e-05	-7.163709e-02	-2.402171e+00
4.320000e-05	-7.990941e-03	-2.674304e+00
4.321000e-05	-4.643445e-02	-2.855178e+00
4.322000e-05	-6.380684e-02	-3.065758e+00
4.323000e-05	1.204879e-01	-3.219496e+00
4.324000e-05	8.990115e-03	-3.378494e+00
4.325000e-05	-7.242898e-02	-3.654102e+00
4.326000e-05	1.573573e-01	-3.811647e+00
4.327000e-05	-1.472710e-01	-4.063257e+00
4.328000e-05	6.044812e-02	-4.306732e+00
4.329000e-05	5.098730e-02	-4.473677e+00
4.330000e-05	-8.938146e-02	-4.747936e+00
4.331000e-05	1.348254e-01	-4.898436e+00
4.332000e-05	-6.817164e-02	-5.191539e+00
4.333000e-05	7.790634e-03	-5.497331e+00
4.334000e-05	5.586045e-02	-5.674728e+00
4.335000e-05	-8.701602e-02	-5.918357e+00
4.336000e-05	1.139126e-01	-6.086653e+00
4.337000e-05	-6.450287e-02	-6.348484e+00
4.338000e-05	4.748262e-02	-6.548910e+00
4.339000e-05	1.870601e-02	-6.738408e+00
4.340000e-05	-2.382158e-02	-6.962645e+00
4.341000e-05	8.927011e-02	-7.202015e+00
4.342000e-05	-8.430675e-02	-7.393067e+00
4.343000e-05	6.980028e-02	-7.611019e+00
4.344000e-05	-1.498400e-02	-7.815219e+00
4.345000e-05	2.173942e-02	-8.004068e+00
4.346000e-05	4.254176e-02	-8.191545e+00
4.347000e-05	-2.409383e-02	-8.361913e+00
4.348000e-05	5.122172e-02	-8.538836e+00
4.349000e-05	-3.412289e-02	-8.748931e+00
4.350000e-05	5.059156e-02	-8.868757e+00
4.351000e-05	6.169905e-03	-9.054725e+00
4.352000e-05	2.846208e-02	-9.232021e+00
4.353000e-05	9.434617e-03	-9.362062e+00
4.354000e-05	-2.065680e-03	-9.529940e+00
4.355000e-05	4.244098e-02	-9.657733e+00
4.356000e-05	3.696121e-03	-9.813099e+00
4.357000e-05	3.484652e-02	-9.930460e+00
4.358000e-05	5.343106e-04	-1.007929e+01
4.359000e-05	3.383150e-02	-1.022582e+01
4.360000e-05	7.496655e-03	-1.041262e+01
4.361000e-05	2.493643e-02	-1.053987e+01
4.362000e-05	2.214004e-02	-1.066673e+01
4.363000e-05	2.541963e-02	-1.075097e+01
4.364000e-05	1.861507e-02	-1.088834e+01
4.365000e-05	1.787392e-02	-1.103415e+01
4.366000e-05	3.402366e-02	-1.115299e+01
4.367000e-05	2.143039e-02	-1.125833e+01
4.368000e-05	2.754255e-02	-1.141099e+01
4.369000e-05	2.042550e-02	-1.148883e+01
4.370000e-05	3.461871e-02	-1.161360e+01
4.371000e-05	2.265992e-02	-1.174191e+01
4.372000e-05	2.921848e-02	-1.182622e+01
4.373000e-05	2.943407e-02	-1.194041e+01
4.374000e-05	3.204396e-02	-1.202360e+01
4.375000e-05	2.869368e-02	-1.212878e+01
4.376000e-05	3.204206e-02	-1.216296e+01
4.377000e-05	3.619803e-02	-1.221510e+01
4.378000e-05	3.471076e-02	-1.226725e+01
4.379000e-05	3.414413e-02	-1.235889e+01
4.380000e-05	3.182859e-02	-1.239189e+01
4.381000e-05	3.783152e-02	-1.243610e+01
4.382000e-05	3.652764e-02	-1.247915e+01
4.383000e-05	3.998059e-02	-1.250184e+01
4.384000e-05	3.911195e-02	-1.254144e+01
4.385000e-05	3.967078e-02	-1.257404e+01
4.386000e-05	4.248360e-02	-1.259457e+01
4.387000e-05	4.313433e-02	-1.261512e+01
4.388000e-05	4.354108e-02	-1.259472e+01
4.389000e-05	4.513528e-02	-1.268822e+01
4.390000e-05	4.750411e-02	-1.271885e+01
4.391000e-05	4.864894e-02	-1.271985e+01
4.392000e-05	4.697069e-02	-1.271828e+01
4.393000e-05	5.032053e-02	-1.270790e+01
4.394000e-05	5.259043e-02	-1.270828e+01
4.395000e-05	5.466974e-02	-1.268830e+01
4.396000e-05	5.531044e-02	-1.268770e+01
4.397000e-05	5.791886e-02	-1.260573e+01
4.398000e-05	6.082195e-02	-1.263612e+01
4.399000e-05	5.923921e-02	-1.259451e+01
4.400000e-05	6.391897e-02	-1.253094e+01
4.401000e-05	6.751353e-02	-1.253279e+01
4.402000e-05	7.113775e-02	-1.245665e+01
4.403000e-05	7.312057e-02	-1.241503e+01
4.404000e-05	7.613932e-02	-1.238239e+01
4.405000e-05	8.056293e-02	-1.230721e+01
4.406000e-05	8.218240e-02	-1.221352e+01
4.407000e-05	8.311024e-02	-1.215149e+01
4.408000e-05	8.337696e-02	-1.207826e+01
4.409000e-05	8.327192e-02	-1.200500e+01
4.410000e-05	8.216785e-02	-1.191929e+01
4.411000e-05	7.971637e-02	-1.180500e+01
4.412000e-05	7.611662e-02	-1.176087e+01
4.413000e-05	7.347881e-02	-1.162555e+01
4.414000e-05	6.935840e-02	-1.151831e+01
4.415000e-05	6.624721e-02	-1.142257e+01
4.416000e-05	6.378211e-02	-1.128770e+01
4.417000e-05	5.819124e-02	-1.114242e+01
4.418000e-05	5.440360e-02	-1.105453e+01
4.419000e-05	5.129094e-02	-1.093826e+01
4.420000e-05	4.810301e-02	-1.080253e+01
4.421000e-05	4.563603e-02	-1.072876e+01
4.422000e-05	4.395985e-02	-1.061400e+01
4.423000e-05	4.179460e-02	-1.045518e+01
4.424000e-05	3.848206e-02	-1.035983e+01
4.425000e-05	3.596101e-02	-1.016187e+01
4.426000e-05	3.504193e-02	-1.001405e+01
4.427000e-05	3.277933e-02	-9.876733e+00
4.428000e-05	3.156951e-02	-9.750991e+00
4.429000e-05	3.013235e-02	-9.613076e+00
4.430000e-05	2.788947e-02	-9.425104e+00
4.431000e-05	2.657310e-02	-9.296133e+00
4.432000e-05	2.462719e-02	-9.148363e+00
4.433000e-05	2.389677e-02	-8.980892e+00
4.434000e-05	2.181717e-02	-8.771925e+00
4.435000e-05	2.072162e-02	-8.612973e+00
4.436000e-05	2.069556e-02	-8.423027e+00
4.437000e-05	1.983788e-02	-8.274607e+00
4.438000e-05	1.891156e-02	-8.086184e+00
4.439000e-05	1.747742e-02	-7.876634e+00
4.440000e-05	1.627184e-02	-7.614035e+00
4.441000e-05	1.455384e-02	-7.444083e+00
4.442000e-05	1.329703e-02	-7.285131e+00
4.443000e-05	1.347083e-02	-7.056133e+00
4.444000e-05	1.304760e-02	-6.854028e+00
4.445000e-05	1.249362e-02	-6.674155e+00
4.446000e-05	1.076063e-02	-6.484132e+00
4.447000e-05	1.115577e-02	-6.245558e+00
4.448000e-05	1.028293e-02	-6.052029e+00
4.449000e-05	7.976969e-03	-5.843403e+00
4.450000e-05	7.987381e-03	-5.663528e+00
4.451000e-05	7.331876e-03	-5.432406e+00
4.452000e-05	8.893975e-03	-5.168717e+00
4.453000e-05	6.302977e-03	-4.927138e+00
4.454000e-05	6.496606e-03	-4.674558e+00
4.455000e-05	4.949655e-03	-4.475633e+00
4.456000e-05	5.089130e-03	-4.296589e+00
4.457000e-05	4.360451e-03	-4.085135e+00
4.458000e-05	4.853334e-03	-3.835984e+00
4.459000e-05	3.497337e-03	-3.601381e+00
4.460000e-05	2.404934e-03	-3.371428e+00
4.461000e-05	2.415860e-03	-3.167823e+00
4.462000e-05	6.233272e-04	-2.947189e+00
4.463000e-05	1.688450e-03	-2.715214e+00
4.464000e-05	-4.473025e-04	-2.465109e+00
4.465000e-05	1.720971e-03	-2.232005e+00
4.466000e-05	-1.426845e-06	-1.988823e+00
4.467000e-05	-1.148571e-03	-1.748797e+00
4.468000e-05	-1.631472e-03	-1.528741e+00
4.469000e-05	-1.196658e-03	-1.230958e+00
4.470000e-05	-2.964141e-03	-9.688535e-01
4.471000e-05	-3.068140e-03	-7.888988e-01
4.472000e-05	-5.748662e-03	-5.252418e-01
4.473000e-05	-2.523269e-03	-2.751167e-01
4.474000e-05	-3.099148e-03	-3.256277e-02
4.475000e-05	2.380911e-03	1.674938e-01
4.476000e-05	9.466464e-04	4.315251e-01
4.477000e-05	-2.636652e-03	6.126003e-01
4.478000e-05	2.881472e-04	8.005975e-01
4.479000e-05	-5.054483e-03	1.053223e+00
4.480000e-05	-4.209662e-03	1.306359e+00
4.481000e-05	-2.714622e-03	1.527438e+00
4.482000e-05	1.012357e-02	1.789494e+00
4.483000e-05	5.004687e-02	1.969074e+00
4.484000e-05	4.383607e-02	2.251649e+00
4.485000e-05	-6.696455e-02	2.475277e+00
4.486000e-05	-3.205888e-02	2.778995e+00
4.487000e-05	-3.373336e-02	2.970045e+00
4.488000e-05	-5.511082e-02	3.128991e+00
4.489000e-05	-1.466644e-02	3.296838e+00
4.490000e-05	1.320980e-01	3.528988e+00
4.491000e-05	-1.197473e-01	3.738387e+00
4.492000e-05	3.745697e-02	3.896886e+00
4.493000e-05	4.666142e-02	4.131144e+00
4.494000e-05	-1.076300e-01	4.412699e+00
4.495000e-05	6.370954e-02	4.612720e+00
4.496000e-05	-2.139152e-02	4.894205e+00
4.497000e-05	-2.521002e-02	5.138983e+00
4.498000e-05	2.056338e-02	5.382646e+00
4.499000e-05	-4.063762e-02	5.601573e+00
4.500000e-05	9.260216e-03	5.814670e+00
4.501000e-05	-2.434815e-02	6.044853e+00
4.502000e-05	-1.503522e-02	6.224778e+00
4.503000e-05	-1.352311e-02	6.464234e+00
4.504000e-05	-1.750767e-02	6.697881e+00
4.505000e-05	1.853883e-02	6.907359e+00
4.506000e-05	-4.038904e-02	7.125835e+00
4.507000e-05	1.632265e-02	7.316158e+00
4.508000e-05	-2.828160e-02	7.510412e+00
4.509000e-05	-2.609677e-02	7.759987e+00
4.510000e-05	-3.316424e-03	7.928637e+00
4.511000e-05	-2.273566e-02	8.182115e+00
4.512000e-05	-1.699940e-03	8.327906e+00
4.513000e-05	-3.003356e-02	8.517855e+00
4.514000e-05	-1.594040e-02	8.633776e+00
4.515000e-05	-1.980285e-02	8.791042e+00
4.516000e-05	-1.320215e-02	8.983592e+00
4.517000e-05	-1.631162e-02	9.168966e+00
4.518000e-05	-2.268942e-02	9.286935e+00
4.519000e-05	-1.207328e-02	9.484277e+00
4.520000e-05	-2.695242e-02	9.612595e+00
4.521000e-05	-2.301212e-02	9.782091e+00
4.522000e-05	-1.883136e-02	9.898911e+00
4.523000e-05	-1.693916e-02	1.009580e+01
4.524000e-05	-2.453411e-02	1.022317e+01
4.525000e-05	-2.624425e-02	1.034201e+01
4.526000e-05	-2.075231e-02	1.051871e+01
4.527000e-05	-2.579574e-02	1.064622e+01
4.528000e-05	-2.736441e-02	1.077107e+01
4.529000e-05	-2.647164e-02	1.091838e+01
4.530000e-05	-2.430910e-02	1.100362e+01
4.531000e-05	-2.959172e-02	1.114041e+01
4.532000e-05	-3.132598e-02	1.125378e+01
4.533000e-05	-2.651502e-02	1.139304e+01
4.534000e-05	-3.028179e-02	1.147773e+01
4.535000e-05	-3.169240e-02	1.161525e+01
4.536000e-05	-3.201839e-02	1.173946e+01
4.537000e-05	-3.075989e-02	1.181318e+01
4.538000e-05	-3.414831e-02	1.191883e+01
4.539000e-05	-3.560500e-02	1.198349e+01
4.540000e-05	-3.339791e-02	1.208761e+01
4.541000e-05	-3.715039e-02	1.216044e+01
4.542000e-05	-3.967563e-02	1.219415e+01
4.543000e-05	-3.850397e-02	1.226688e+01
4.544000e-05	-3.731129e-02	1.234149e+01
4.545000e-05	-4.027926e-02	1.240352e+01
4.546000e-05	-4.322285e-02	1.246478e+01
4.547000e-05	-4.266714e-02	1.251881e+01
4.548000e-05	-4.228960e-02	1.250941e+01
4.549000e-05	-4.460506e-02	1.258159e+01
4.550000e-05	-4.521593e-02	1.258302e+01
4.551000e-05	-4.652116e-02	1.264512e+01
4.552000e-05	-5.004583e-02	1.262530e+01
4.553000e-05	-5.063404e-02	1.267630e+01
4.554000e-05	-5.049843e-02	1.269731e+01
4.555000e-05	-5.094239e-02	1.270734e+01
4.556000e-05	-5.267879e-02	1.273696e+01
4.557000e-05	-5.370857e-02	1.271934e+01
4.558000e-05	-5.567845e-02	1.270831e+01
4.559000e-05	-5.773433e-02	1.273891e+01
4.560000e-05	-5.886228e-02	1.266686e+01
4.561000e-05	-5.999913e-02	1.271675e+01
4.562000e-05	-6.259106e-02	1.265523e+01
4.563000e-05	-6.549508e-02	1.266620e+01
4.564000e-05	-6.718024e-02	1.263565e+01
4.565000e-05	-6.831648e-02	1.262409e+01
4.566000e-05	-7.134108e-02	1.255052e+01
4.567000e-05	-7.427950e-02	1.254142e+01
4.568000e-05	-7.796949e-02	1.252734e+01
4.569000e-05	-8.135100e-02	1.246473e+01
4.570000e-05	-8.495063e-02	1.237409e+01
4.571000e-05	-8.693839e-02	1.235048e+01
4.572000e-05	-8.964018e-02	1.226667e+01
4.573000e-05	-9.052643e-02	1.219300e+01
4.574000e-05	-9.082177e-02	1.208828e+01
4.575000e-05	-8.798770e-02	1.203355e+01
4.576000e-05	-8.859640e-02	1.189784e+01
4.577000e-05	-8.582175e-02	1.183518e+01
4.578000e-05	-8.140798e-02	1.174042e+01
4.579000e-05	-7.814522e-02	1.164620e+01
4.580000e-05	-7.410539e-02	1.147986e+01
4.581000e-05	-7.093241e-02	1.140552e+01
4.582000e-05	-6.743044e-02	1.127876e+01
4.583000e-05	-6.443157e-02	1.118049e+01
4.584000e-05	-6.249585e-02	1.109560e+01
4.585000e-05	-5.778827e-02	1.095039e+01
4.586000e-05	-5.460347e-02	1.085313e+01
4.587000e-05	-5.037731e-02	1.067934e+01
4.588000e-05	-5.024288e-02	1.058342e+01
4.589000e-05	-4.583163e-02	1.049463e+01
4.590000e-05	-4.511713e-02	1.030979e+01
4.591000e-05	-4.262038e-02	1.017095e+01
4.592000e-05	-4.251850e-02	1.009513e+01
4.593000e-05	-3.926770e-02	9.898786e+00
4.594000e-05	-3.835453e-02	9.700866e+00
4.595000e-05	-3.558155e-02	9.558968e+00
4.596000e-05	-3.520015e-02	9.392078e+00
4.597000e-05	-3.293445e-02	9.285078e+00
4.598000e-05	-3.238269e-02	9.167762e+00
4.599000e-05	-3.117914e-02	8.928866e+00
4.600000e-05	-2.989172e-02	8.738840e+00
4.601000e-05	-2.854142e-02	8.610946e+00
4.602000e-05	-2.759464e-02	8.433053e+00
4.603000e-05	-2.669954e-02	8.194605e+00
4.604000e-05	-2.567859e-02	8.064528e+00
4.605000e-05	-2.488714e-02	7.854605e+00
4.606000e-05	-2.388550e-02	7.644130e+00
4.607000e-05	-2.343681e-02	7.381060e+00
4.608000e-05	-2.235378e-02	7.222077e+00
4.609000e-05	-2.185911e-02	7.023031e+00
4.610000e-05	-2.175286e-02	6.843582e+00
4.611000e-05	-2.030425e-02	6.614076e+00
4.612000e-05	-1.987822e-02	6.389456e+00
4.613000e-05	-1.967541e-02	6.221503e+00
4.614000e-05	-1.874549e-02	6.091529e+00
4.615000e-05	-1.705175e-02	5.823525e+00
4.616000e-05	-1.814147e-02	5.580451e+00
4.617000e-05	-1.700668e-02	5.380947e+00
4.618000e-05	-1.506021e-02	5.116772e+00
4.619000e-05	-1.562135e-02	4.864580e+00
4.620000e-05	-1.531454e-02	4.673056e+00
4.621000e-05	-1.459589e-02	4.452556e+00
4.622000e-05	-1.318786e-02	4.224029e+00
4.623000e-05	-1.273175e-02	3.958772e+00
4.624000e-05	-1.273923e-02	3.777327e+00
4.625000e-05	-1.206879e-02	3.588325e+00
4.626000e-05	-1.196871e-02	3.307738e+00
4.627000e-05	-1.107338e-02	3.105738e+00
4.628000e-05	-1.031549e-02	2.884184e+00
4.629000e-05	-9.094211e-03	2.664089e+00
4.630000e-05	-9.936410e-03	2.368851e+00
4.631000e-05	-8.945319e-03	2.128318e+00
4.632000e-05	-9.464018e-03	1.937345e+00
4.633000e-05	-8.249527e-03	1.694164e+00
4.634000e-05	-6.592886e-03	1.453606e+00
4.635000e-05	-6.361384e-03	1.240979e+00
4.636000e-05	-6.020688e-03	8.927406e-01
4.637000e-05	-5.606281e-03	6.841355e-01
4.638000e-05	-5.730968e-03	4.425365e-01
4.639000e-05	-5.055486e-03	2.295050e-01
4.640000e-05	-3.732662e-03	-3.262407e-02
4.641000e-05	6.053094e-03	-2.526290e-01
4.642000e-05	1.159892e-03	-4.720238e-01
4.643000e-05	1.012015e-03	-6.672797e-01
4.644000e-05	-4.063788e-04	-9.138082e-01
4.645000e-05	7.900011e-04	-1.126808e+00
4.646000e-05	-3.217365e-04	-1.327938e+00
4.647000e-05	1.082234e-02	-1.608970e+00
4.648000e-05	6.521415e-02	-1.788915e+00
4.649000e-05	5.194776e-02	-1.991641e+00
4.650000e-05	-7.133854e-02	-2.360589e+00
4.651000e-05	-9.315886e-03	-2.654803e+00
4.652000e-05	-4.383251e-02	-2.863125e+00
4.653000e-05	-6.597670e-02	-3.047251e+00
4.654000e-05	1.072173e-01	-3.188992e+00
4.655000e-05	2.753034e-02	-3.347911e+00
4.656000e-05	-9.053747e-02	-3.641100e+00
4.657000e-05	1.574903e-01	-3.801112e+00
4.658000e-05	-1.363546e-01	-4.044229e+00
4.659000e-05	4.160149e-02	-4.275730e+00
4.660000e-05	6.673701e-02	-4.464200e+00
4.661000e-05	-9.612533e-02	-4.779487e+00
4.662000e-05	1.292049e-01	-4.949287e+00
4.663000e-05	-5.281654e-02	-5.198462e+00
4.664000e-05	-1.100326e-02	-5.465727e+00
4.665000e-05	7.074520e-02	-5.624680e+00
4.666000e-05	-9.398608e-02	-5.896803e+00
4.667000e-05	1.114888e-01	-6.057204e+00
4.668000e-05	-5.669370e-02	-6.347355e+00
4.669000e-05	3.494352e-02	-6.519357e+00
4.670000e-05	3.145363e-02	-6.746381e+00
4.671000e-05	-3.393434e-02	-6.932566e+00
4.672000e-05	9.580216e-02	-7.191967e+00
4.673000e-05	-7.982166e-02	-7.381046e+00
4.674000e-05	6.405365e-02	-7.570517e+00
4.675000e-05	-7.118072e-03	-7.781589e+00
4.676000e-05	8.182927e-03	-8.012670e+00
4.677000e-05	4.747366e-02	-8.150441e+00
4.678000e-05	-2.828948e-02	-8.340914e+00
4.679000e-05	5.465121e-02	-8.469935e+00
4.680000e-05	-3.288842e-02	-8.739381e+00
4.681000e-05	4.756726e-02	-8.877232e+00
4.682000e-05	1.154524e-02	-9.044174e+00
4.683000e-05	2.384049e-02	-9.181967e+00
4.684000e-05	1.380574e-02	-9.340465e+00
4.685000e-05	-6.177816e-03	-9.528855e+00
4.686000e-05	4.351361e-02	-9.644677e+00
4.687000e-05	2.606098e-03	-9.814092e+00
4.688000e-05	3.545924e-02	-9.948360e+00
4.689000e-05	2.357444e-03	-1.010783e+01
4.690000e-05	3.337217e-02	-1.024525e+01
4.691000e-05	9.794133e-03	-1.042410e+01
4.692000e-05	2.465242e-02	-1.054896e+01
4.693000e-05	2.465500e-02	-1.065480e+01
4.694000e-05	2.401791e-02	-1.079144e+01
4.695000e-05	1.995592e-02	-1.087834e+01
4.696000e-05	1.671052e-02	-1.103520e+01
4.697000e-05	3.398248e-02	-1.121346e+01
4.698000e-05	2.165956e-02	-1.127738e+01
4.699000e-05	2.882416e-02	-1.137262e+01
4.700000e-05	2.014471e-02	-1.149025e+01
4.701000e-05	3.552317e-02	-1.162662e+01
4.702000e-05	2.567937e-02	-1.173941e+01
4.703000e-05	3.033724e-02	-1.182564e+01
4.704000e-05	3.048575e-02	-1.197088e+01
4.705000e-05	3.105271e-02	-1.200312e+01
4.706000e-05	2.922881e-02	-1.209823e+01
4.707000e-05	3.153100e-02	-1.216191e+01
4.708000e-05	3.713403e-02	-1.222415e+01
4.709000e-05	3.343337e-02	-1.225626e+01
4.710000e-05	3.490179e-02	-1.230836e+01
4.711000e-05	3.314110e-02	-1.239397e+01
4.712000e-05	3.969963e-02	-1.244653e+01
4.713000e-05	3.721466e-02	-1.246821e+01
4.714000e-05	4.085943e-02	-1.252983e+01
4.715000e-05	4.060926e-02	-1.256139e+01
4.716000e-05	3.916119e-02	-1.260404e+01
4.717000e-05	4.019282e-02	-1.258264e+01
4.718000e-05	4.120957e-02	-1.264464e+01
4.719000e-05	4.458600e-02	-1.265623e+01
4.720000e-05	4.496062e-02	-1.268125e+01
4.721000e-05	4.850972e-02	-1.267773e+01
4.722000e-05	4.951878e-02	-1.269873e+01
4.723000e-05	4.986878e-02	-1.271731e+01
4.724000e-05	4.984802e-02	-1.265980e+01
4.725000e-05	5.116875e-02	-1.271028e+01
4.726000e-05	5.328052e-02	-1.269773e+01
4.727000e-05	5.474925e-02	-1.267823e+01
4.728000e-05	5.641315e-02	-1.262665e+01
4.729000e-05	5.965716e-02	-1.261415e+01
4.730000e-05	6.114736e-02	-1.259352e+01
4.731000e-05	6.495859e-02	-1.259339e+01
4.732000e-05	6.811333e-02	-1.252031e+01
4.733000e-05	7.092073e-02	-1.247763e+01
4.734000e-05	7.259879e-02	-1.244460e+01
4.735000e-05	7.640317e-02	-1.237094e+01
4.736000e-05	7.956092e-02	-1.230778e+01
4.737000e-05	8.176956e-02	-1.224505e+01
4.738000e-05	8.254747e-02	-1.216196e+01
4.739000e-05	8.385160e-02	-1.211876e+01
4.740000e-05	8.339132e-02	-1.202505e+01
4.741000e-05	8.240880e-02	-1.190039e+01
4.742000e-05	8.004873e-02	-1.181560e+01
4.743000e-05	7.724129e-02	-1.174126e+01
4.744000e-05	7.399359e-02	-1.162710e+01
4.745000e-05	6.855309e-02	-1.155876e+01
4.746000e-05	6.622362e-02	-1.140500e+01
4.747000e-05	6.302057e-02	-1.127868e+01
4.748000e-05	5.877335e-02	-1.115039e+01
4.749000e-05	5.494641e-02	-1.106407e+01
4.750000e-05	5.078989e-02	-1.093931e+01
4.751000e-05	4.895991e-02	-1.081405e+01
4.752000e-05	4.721073e-02	-1.071724e+01
4.753000e-05	4.437488e-02	-1.060400e+01
4.754000e-05	4.148491e-02	-1.045873e+01
4.755000e-05	3.800655e-02	-1.032779e+01
4.756000e-05	3.675279e-02	-1.015339e+01
4.757000e-05	3.395262e-02	-1.007560e+01
4.758000e-05	3.296350e-02	-9.876659e+00
4.759000e-05	3.165164e-02	-9.758366e+00
4.760000e-05	3.131053e-02	-9.623027e+00
4.761000e-05	2.758830e-02	-9.456676e+00
4.762000e-05	2.700203e-02	-9.295183e+00
4.763000e-05	2.524071e-02	-9.139389e+00
4.764000e-05	2.432989e-02	-8.950920e+00
4.765000e-05	2.221334e-02	-8.801423e+00
4.766000e-05	2.087265e-02	-8.583000e+00
4.767000e-05	2.083970e-02	-8.432576e+00
4.768000e-05	1.990082e-02	-8.245154e+00
4.769000e-05	1.799389e-02	-8.116234e+00
4.770000e-05	1.753326e-02	-7.867661e+00
4.771000e-05	1.688031e-02	-7.664055e+00
4.772000e-05	1.616656e-02	-7.454632e+00
4.773000e-05	1.353326e-02	-7.275684e+00
4.774000e-05	1.369896e-02	-7.088057e+00
4.775000e-05	1.273660e-02	-6.854132e+00
4.776000e-05	1.126876e-02	-6.634082e+00
4.777000e-05	9.215179e-03	-6.506607e+00
4.778000e-05	1.078639e-02	-6.283632e+00
4.779000e-05	1.111965e-02	-6.043553e+00
4.780000e-05	9.346414e-03	-5.832982e+00
4.781000e-05	8.090766e-03	-5.632579e+00
4.782000e-05	7.387879e-03	-5.444525e+00
4.783000e-05	8.388499e-03	-5.149322e+00
4.784000e-05	5.542246e-03	-4.928150e+00
4.785000e-05	5.184040e-03	-4.654131e+00
4.786000e-05	5.524204e-03	-4.465658e+00
4.787000e-05	5.101438e-03	-4.305716e+00
4.788000e-05	3.856909e-03	-4.085163e+00
4.789000e-05	3.797996e-03	-3.895133e+00
4.790000e-05	4.269458e-03	-3.630527e+00
4.791000e-05	3.366384e-03	-3.380928e+00
4.792000e-05	1.666219e-03	-3.210952e+00
4.793000e-05	1.160013e-03	-2.927743e+00
4.794000e-05	5.782962e-04	-2.705791e+00
4.795000e-05	2.008258e-03	-2.455114e+00
4.796000e-05	-1.501074e-03	-2.271936e+00
4.797000e-05	-1.505859e-03	-1.970874e+00
4.798000e-05	-8.158940e-05	-1.798325e+00
4.799000e-05	-1.810307e-03	-1.538822e+00
4.800000e-05	-1.305689e-03	-1.264032e+00
4.801000e-05	-2.635699e-03	-9.899000e-01
4.802000e-05	-2.672608e-03	-8.104499e-01
4.803000e-05	-3.868622e-03	-5.366907e-01
4.804000e-05	-6.303922e-03	-3.037392e-01
4.805000e-05	-3.957162e-03	-6.359165e-02
4.806000e-05	7.190602e-04	1.094900e-01
4.807000e-05	3.562799e-03	4.015976e-01
4.808000e-05	-3.862359e-03	6.495976e-01
4.809000e-05	2.216269e-04	7.901236e-01
4.810000e-05	-2.846144e-03	1.020225e+00
4.811000e-05	-2.253499e-03	1.285285e+00
4.812000e-05	-3.817855e-03	1.504840e+00
4.813000e-05	6.607289e-03	1.788966e+00
4.814000e-05	4.644657e-02	1.957965e+00
4.815000e-05	4.852050e-02	2.211650e+00
4.816000e-05	-6.353665e-02	2.473256e+00
4.817000e-05	-3.495397e-02	2.768964e+00
4.818000e-05	-3.239987e-02	2.938490e+00
4.819000e-05	-5.273072e-02	3.178436e+00
4.820000e-05	-2.403854e-02	3.293788e+00
4.821000e-05	1.333986e-01	3.527906e+00
4.822000e-05	-1.072488e-01	3.715962e+00
4.823000e-05	2.101226e-02	3.966353e+00
4.824000e-05	6.485290e-02	4.121564e+00
4.825000e-05	-1.121099e-01	4.401548e+00
4.826000e-05	5.673076e-02	4.613698e+00
4.827000e-05	-1.641372e-02	4.872252e+00
4.828000e-05	-3.215678e-02	5.095906e+00
4.829000e-05	2.631094e-02	5.380544e+00
4.830000e-05	-3.891511e-02	5.600575e+00
4.831000e-05	8.752532e-03	5.763119e+00
4.832000e-05	-2.084508e-02	6.034204e+00
4.833000e-05	-1.836691e-02	6.245782e+00
4.834000e-05	-1.244662e-02	6.455729e+00
4.835000e-05	-2.035393e-02	6.716351e+00
4.836000e-05	2.170824e-02	6.906882e+00
4.837000e-05	-3.812559e-02	7.057406e+00
4.838000e-05	1.188557e-02	7.293861e+00
4.839000e-05	-2.536419e-02	7.538406e+00
4.840000e-05	-2.840219e-02	7.767887e+00
4.841000e-05	-4.693775e-04	7.958590e+00
4.842000e-05	-2.320453e-02	8.148935e+00
4.843000e-05	-2.128261e-03	8.327385e+00
4.844000e-05	-2.860382e-02	8.477231e+00
4.845000e-05	-1.785441e-02	8.654228e+00
4.846000e-05	-1.831733e-02	8.792072e+00
4.847000e-05	-1.295104e-02	8.972514e+00
4.848000e-05	-1.460518e-02	9.138458e+00
4.849000e-05	-2.525389e-02	9.297358e+00
4.850000e-05	-1.250710e-02	9.475772e+00
4.851000e-05	-2.534064e-02	9.612594e+00
4.852000e-05	-2.250667e-02	9.733989e+00
4.853000e-05	-1.902482e-02	9.909782e+00
4.854000e-05	-1.767403e-02	1.004628e+01
4.855000e-05	-2.481651e-02	1.022412e+01
4.856000e-05	-2.773317e-02	1.033098e+01
4.857000e-05	-2.156353e-02	1.048818e+01
4.858000e-05	-2.438440e-02	1.062560e+01
4.859000e-05	-2.807419e-02	1.079149e+01
4.860000e-05	-2.683600e-02	1.089731e+01
4.861000e-05	-2.416603e-02	1.097262e+01
4.862000e-05	-2.889911e-02	1.113889e+01
4.863000e-05	-3.110309e-02	1.127618e+01
4.864000e-05	-2.780697e-02	1.137214e+01
4.865000e-05	-2.963673e-02	1.147033e+01
4.866000e-05	-3.219382e-02	1.164515e+01
4.867000e-05	-3.238048e-02	1.173691e+01
4.868000e-05	-3.085613e-02	1.184460e+01
4.869000e-05	-3.323934e-02	1.189891e+01
4.870000e-05	-3.533407e-02	1.198149e+01
4.871000e-05	-3.484676e-02	1.207723e+01
4.872000e-05	-3.723821e-02	1.215254e+01
4.873000e-05	-3.799913e-02	1.221420e+01
4.874000e-05	-3.705696e-02	1.227733e+01
4.875000e-05	-3.718174e-02	1.231096e+01
4.876000e-05	-4.098220e-02	1.241314e+01
4.877000e-05	-4.345314e-02	1.247573e+01
4.878000e-05	-4.205937e-02	1.250686e+01
4.879000e-05	-4.230834e-02	1.254846e+01
4.880000e-05	-4.458029e-02	1.257352e+01
4.881000e-05	-4.640921e-02	1.258462e+01
4.882000e-05	-4.636011e-02	1.261610e+01
4.883000e-05	-4.824564e-02	1.263623e+01
4.884000e-05	-5.042215e-02	1.266583e+01
4.885000e-05	-4.970248e-02	1.267681e+01
4.886000e-05	-5.040736e-02	1.265828e+01
4.887000e-05	-5.288387e-02	1.270783e+01
4.888000e-05	-5.518862e-02	1.269781e+01
4.889000e-05	-5.539167e-02	1.276894e+01
4.890000e-05	-5.637925e-02	1.272733e+01
4.891000e-05	-6.045866e-02	1.269828e+01
4.892000e-05	-5.817066e-02	1.272735e+01
4.893000e-05	-6.410126e-02	1.265725e+01
4.894000e-05	-6.125499e-02	1.265518e+01
4.895000e-05	-6.603688e-02	1.264565e+01
4.896000e-05	-6.766609e-02	1.261417e+01
4.897000e-05	-7.174454e-02	1.258355e+01
4.898000e-05	-7.573947e-02	1.255141e+01
4.899000e-05	-7.586261e-02	1.250876e+01
4.900000e-05	-8.160226e-02	1.247660e+01
4.901000e-05	-8.312162e-02	1.240297e+01
4.902000e-05	-8.594276e-02	1.234936e+01
4.903000e-05	-9.023095e-02	1.225678e+01
4.904000e-05	-8.989970e-02	1.216349e+01
4.905000e-05	-9.037454e-02	1.209974e+01
4.906000e-05	-8.775645e-02	1.206362e+01
4.907000e-05	-8.662760e-02	1.193992e+01
4.908000e-05	-8.601045e-02	1.183625e+01
4.909000e-05	-8.173632e-02	1.175139e+01
4.910000e-05	-7.986845e-02	1.168568e+01
4.911000e-05	-7.452562e-02	1.153236e+01
4.912000e-05	-7.088982e-02	1.140407e+01
4.913000e-05	-6.811376e-02	1.130928e+01
4.914000e-05	-6.284878e-02	1.115354e+01
4.915000e-05	-6.182719e-02	1.108516e+01
4.916000e-05	-5.631876e-02	1.093045e+01
4.917000e-05	-5.671723e-02	1.088513e+01
4.918000e-05	-5.200110e-02	1.076934e+01
4.919000e-05	-5.042680e-02	1.060460e+01
4.920000e-05	-4.527745e-02	1.049719e+01
4.921000e-05	-4.472567e-02	1.033926e+01
4.922000e-05	-4.288512e-02	1.016149e+01
4.923000e-05	-4.266048e-02	1.009566e+01
4.924000e-05	-3.880188e-02	9.928313e+00
4.925000e-05	-3.836449e-02	9.740740e+00
4.926000e-05	-3.601328e-02	9.559969e+00
4.927000e-05	-3.438904e-02	9.414627e+00
4.928000e-05	-3.248015e-02	9.275707e+00
4.929000e-05	-3.311204e-02	9.148819e+00
4.930000e-05	-3.212647e-02	8.928313e+00
4.931000e-05	-3.106346e-02	8.728866e+00
4.932000e-05	-2.811230e-02	8.582973e+00
4.933000e-05	-2.776241e-02	8.432608e+00
4.934000e-05	-2.648133e-02	8.224507e+00
4.935000e-05	-2.592685e-02	8.054128e+00
4.936000e-05	-2.453355e-02	7.825183e+00
4.937000e-05	-2.411158e-02	7.664734e+00
4.938000e-05	-2.386144e-02	7.424629e+00
4.939000e-05	-2.253535e-02	7.253101e+00
4.940000e-05	-2.207990e-02	7.083079e+00
4.941000e-05	-2.072194e-02	6.872084e+00
4.942000e-05	-2.022440e-02	6.653484e+00
4.943000e-05	-1.929371e-02	6.422026e+00
4.944000e-05	-1.961284e-02	6.233029e+00
4.945000e-05	-1.871072e-02	6.083107e+00
4.946000e-05	-1.741572e-02	5.803560e+00
4.947000e-05	-1.735215e-02	5.632406e+00
4.948000e-05	-1.720409e-02	5.391449e+00
4.949000e-05	-1.548464e-02	5.158247e+00
4.950000e-05	-1.440533e-02	4.895162e+00
4.951000e-05	-1.440976e-02	4.674609e+00
4.952000e-05	-1.469028e-02	4.463109e+00
4.953000e-05	-1.346344e-02	4.254036e+00
4.954000e-05	-1.221554e-02	3.979430e+00
4.955000e-05	-1.226903e-02	3.759925e+00
4.956000e-05	-1.208420e-02	3.608952e+00
4.957000e-05	-1.149260e-02	3.366369e+00
4.958000e-05	-1.089065e-02	3.096689e+00
4.959000e-05	-1.045005e-02	2.914664e+00
4.960000e-05	-9.115405e-03	2.664532e+00
4.961000e-05	-9.452606e-03	2.389401e+00
4.962000e-05	-8.331831e-03	2.178846e+00
4.963000e-05	-7.109374e-03	1.957872e+00
4.964000e-05	-8.023080e-03	1.706217e+00
4.965000e-05	-7.201832e-03	1.483112e+00
4.966000e-05	-6.737819e-03	1.221055e+00
4.967000e-05	-6.207288e-03	9.662981e-01
4.968000e-05	-6.939550e-03	7.052617e-01
4.969000e-05	-5.838536e-03	4.616855e-01
4.970000e-05	-3.704188e-03	2.531102e-01
4.971000e-05	-2.723057e-03	-1.259776e-02
4.972000e-05	4.278609e-03	-2.431503e-01
4.973000e-05	1.052499e-03	-4.115790e-01
4.974000e-05	7.517226e-04	-7.038095e-01
4.975000e-05	1.351029e-03	-8.557583e-01
4.976000e-05	-1.037090e-03	-1.115311e+00
4.977000e-05	1.626299e-04	-1.307311e+00
4.978000e-05	8.011547e-03	-1.590018e+00
4.979000e-05	6.278080e-02	-1.738515e+00
4.980000e-05	5.655368e-02	-1.988545e+00
4.981000e-05	-6.999371e-02	-2.350461e+00
4.982000e-05	-1.050067e-02	-2.644254e+00
4.983000e-05	-4.033659e-02	-2.843229e+00
4.984000e-05	-6.839623e-02	-3.035679e+00
4.985000e-05	9.358414e-02	-3.169469e+00
4.986000e-05	4.698123e-02	-3.356985e+00
4.987000e-05	-1.076972e-01	-3.603519e+00
4.988000e-05	1.578469e-01	-3.779491e+00
4.989000e-05	-1.225681e-01	-4.043652e+00
4.990000e-05	2.405572e-02	-4.256229e+00
4.991000e-05	8.183103e-02	-4.423575e+00
4.992000e-05	-9.975073e-02	-4.707332e+00
4.993000e-05	1.213232e-01	-4.867784e+00
4.994000e-05	-3.637763e-02	-5.129434e+00
4.995000e-05	-2.841210e-02	-5.484299e+00
4.996000e-05	8.315337e-02	-5.655205e+00
4.997000e-05	-1.000169e-01	-5.885807e+00
4.998000e-05	1.065416e-01	-6.055179e+00
4.999000e-05	-4.722812e-02	-6.316851e+00
