# 260406_15:34:34.185621
t	CH1	CH2
0.000000e+00	-8.534863e-03	2.552578e+00
1.000000e-08	-7.422177e-03	2.209894e+00
2.000000e-08	-7.305625e-03	2.007238e+00
3.000000e-08	-8.044111e-03	1.640979e+00
4.000000e-08	-7.108755e-03	1.325242e+00
5.000000e-08	-6.046261e-03	1.048974e+00
6.000000e-08	-5.793002e-03	7.562616e-01
7.000000e-08	-5.049356e-03	4.511490e-01
8.000000e-08	-4.214347e-03	1.668721e-01
9.000000e-08	-3.601066e-04	-8.681942e-02
1.000000e-07	8.387820e-03	-3.579499e-01
1.100000e-07	-4.666895e-03	-5.626314e-01
1.200000e-07	4.695532e-03	-8.762957e-01
1.300000e-07	-3.859418e-03	-1.138451e+00
1.400000e-07	3.806243e-03	-1.414267e+00
1.500000e-07	-2.467879e-03	-1.665293e+00
1.600000e-07	2.921074e-02	-1.906846e+00
1.700000e-07	8.754067e-02	-2.170447e+00
1.800000e-07	2.397156e-03	-2.550925e+00
1.900000e-07	-7.830063e-02	-2.897327e+00
2.000000e-07	9.605836e-03	-3.242633e+00
2.100000e-07	-3.792658e-02	-3.462663e+00
2.200000e-07	-5.964189e-02	-3.662713e+00
2.300000e-07	2.423289e-02	-3.896169e+00
2.400000e-07	1.495282e-01	-4.094789e+00
2.500000e-07	-1.774011e-01	-4.357357e+00
2.600000e-07	1.775605e-01	-4.610980e+00
2.700000e-07	-9.447723e-02	-4.825693e+00
2.800000e-07	-1.243384e-03	-5.190934e+00
2.900000e-07	8.967823e-02	-5.482588e+00
3.000000e-07	-1.180628e-01	-5.787429e+00
3.100000e-07	1.629186e-01	-5.978904e+00
3.200000e-07	-9.531791e-02	-6.236244e+00
3.300000e-07	1.951538e-02	-6.580357e+00
3.400000e-07	4.789480e-02	-6.792463e+00
3.500000e-07	-7.791430e-02	-7.137747e+00
3.600000e-07	1.132511e-01	-7.359854e+00
3.700000e-07	-1.040572e-01	-7.644039e+00
3.800000e-07	1.210033e-01	-7.926720e+00
3.900000e-07	-4.165217e-02	-8.168879e+00
4.000000e-07	1.423152e-02	-8.381962e+00
4.100000e-07	5.399015e-02	-8.644938e+00
4.200000e-07	-5.388569e-02	-8.855573e+00
4.300000e-07	6.957752e-02	-9.126120e+00
4.400000e-07	-5.827099e-02	-9.308676e+00
4.500000e-07	8.879307e-02	-9.589830e+00
4.600000e-07	-2.502777e-02	-9.770356e+00
4.700000e-07	3.223545e-02	-9.967380e+00
4.800000e-07	-6.370718e-03	-1.018231e+01
4.900000e-07	1.966250e-02	-1.042139e+01
5.000000e-07	3.152059e-02	-1.058044e+01
5.100000e-07	-8.584120e-03	-1.079188e+01
5.200000e-07	4.749586e-02	-1.096083e+01
5.300000e-07	-8.779818e-03	-1.113186e+01
5.400000e-07	3.452134e-02	-1.139935e+01
5.500000e-07	-1.239333e-02	-1.156118e+01
5.600000e-07	5.316946e-02	-1.177080e+01
5.700000e-07	3.120088e-03	-1.197083e+01
5.800000e-07	2.960698e-02	-1.213875e+01
5.900000e-07	5.584838e-03	-1.232615e+01
6.000000e-07	3.607863e-02	-1.248507e+01
6.100000e-07	1.474312e-02	-1.265341e+01
6.200000e-07	1.689160e-02	-1.282936e+01
6.300000e-07	2.812331e-02	-1.295868e+01
6.400000e-07	2.209833e-02	-1.312655e+01
6.500000e-07	2.781446e-02	-1.322487e+01
6.600000e-07	1.749069e-02	-1.341084e+01
6.700000e-07	3.996340e-02	-1.354852e+01
6.800000e-07	2.166679e-02	-1.367552e+01
6.900000e-07	3.075839e-02	-1.375028e+01
7.000000e-07	2.370101e-02	-1.389760e+01
7.100000e-07	3.820432e-02	-1.405334e+01
7.200000e-07	2.589413e-02	-1.413866e+01
7.300000e-07	3.289298e-02	-1.421392e+01
7.400000e-07	3.369368e-02	-1.434918e+01
7.500000e-07	3.560779e-02	-1.445244e+01
7.600000e-07	3.491282e-02	-1.451760e+01
7.700000e-07	3.853292e-02	-1.461028e+01
7.800000e-07	4.106833e-02	-1.465501e+01
7.900000e-07	3.632486e-02	-1.473813e+01
8.000000e-07	3.760740e-02	-1.479173e+01
8.100000e-07	4.210655e-02	-1.487486e+01
8.200000e-07	4.265903e-02	-1.489607e+01
8.300000e-07	4.269364e-02	-1.494008e+01
8.400000e-07	4.533956e-02	-1.495931e+01
8.500000e-07	4.790471e-02	-1.499184e+01
8.600000e-07	4.745507e-02	-1.501331e+01
8.700000e-07	4.896633e-02	-1.503445e+01
8.800000e-07	5.363635e-02	-1.509600e+01
8.900000e-07	5.376340e-02	-1.510552e+01
9.000000e-07	5.483717e-02	-1.511702e+01
9.100000e-07	5.530359e-02	-1.513862e+01
9.200000e-07	5.681227e-02	-1.514703e+01
9.300000e-07	5.825596e-02	-1.515705e+01
9.400000e-07	6.109294e-02	-1.509747e+01
9.500000e-07	6.464806e-02	-1.514455e+01
9.600000e-07	6.695440e-02	-1.511487e+01
9.700000e-07	6.879863e-02	-1.507341e+01
9.800000e-07	7.343956e-02	-1.502036e+01
9.900000e-07	7.657953e-02	-1.497016e+01
1.000000e-06	8.101920e-02	-1.492953e+01
1.010000e-06	8.480217e-02	-1.491537e+01
1.020000e-06	8.993151e-02	-1.483229e+01
1.030000e-06	9.325452e-02	-1.478168e+01
1.040000e-06	9.420886e-02	-1.470567e+01
1.050000e-06	9.760114e-02	-1.463331e+01
1.060000e-06	9.649656e-02	-1.455817e+01
1.070000e-06	9.418556e-02	-1.450297e+01
1.080000e-06	9.135466e-02	-1.435015e+01
1.090000e-06	8.777352e-02	-1.426334e+01
1.100000e-06	8.310668e-02	-1.414926e+01
1.110000e-06	7.748027e-02	-1.408384e+01
1.120000e-06	7.268784e-02	-1.397062e+01
1.130000e-06	6.841797e-02	-1.381068e+01
1.140000e-06	6.385762e-02	-1.370650e+01
1.150000e-06	5.995506e-02	-1.355763e+01
1.160000e-06	5.734141e-02	-1.339236e+01
1.170000e-06	5.188198e-02	-1.333543e+01
1.180000e-06	4.862108e-02	-1.316825e+01
1.190000e-06	4.472781e-02	-1.301231e+01
1.200000e-06	4.239394e-02	-1.293604e+01
1.210000e-06	3.911771e-02	-1.278770e+01
1.220000e-06	3.830402e-02	-1.260023e+01
1.230000e-06	3.663723e-02	-1.248294e+01
1.240000e-06	3.430997e-02	-1.230449e+01
1.250000e-06	3.132060e-02	-1.213712e+01
1.260000e-06	3.007071e-02	-1.190649e+01
1.270000e-06	2.969705e-02	-1.175663e+01
1.280000e-06	2.674613e-02	-1.154822e+01
1.290000e-06	2.563844e-02	-1.134649e+01
1.300000e-06	2.542096e-02	-1.110757e+01
1.310000e-06	2.318780e-02	-1.096617e+01
1.320000e-06	2.129771e-02	-1.071662e+01
1.330000e-06	1.978408e-02	-1.059730e+01
1.340000e-06	2.006044e-02	-1.032852e+01
1.350000e-06	1.957763e-02	-1.015454e+01
1.360000e-06	1.746515e-02	-9.916044e+00
1.370000e-06	1.674499e-02	-9.715062e+00
1.380000e-06	1.629358e-02	-9.492536e+00
1.390000e-06	1.505752e-02	-9.261406e+00
1.400000e-06	1.351297e-02	-9.061402e+00
1.410000e-06	1.216994e-02	-8.779828e+00
1.420000e-06	1.077744e-02	-8.590198e+00
1.430000e-06	1.105286e-02	-8.346139e+00
1.440000e-06	9.996104e-03	-8.124634e+00
1.450000e-06	1.048823e-02	-7.883860e+00
1.460000e-06	8.826450e-03	-7.557219e+00
1.470000e-06	9.577297e-03	-7.316714e+00
1.480000e-06	7.682395e-03	-7.083952e+00
1.490000e-06	6.635187e-03	-6.829850e+00
1.500000e-06	6.505029e-03	-6.578195e+00
1.510000e-06	4.706771e-03	-6.335618e+00
1.520000e-06	5.201528e-03	-6.071950e+00
1.530000e-06	4.808461e-03	-5.789246e+00
1.540000e-06	4.752357e-03	-5.584741e+00
1.550000e-06	3.427559e-03	-5.271353e+00
1.560000e-06	3.275394e-03	-4.966116e+00
1.570000e-06	2.672665e-03	-4.660430e+00
1.580000e-06	3.101443e-03	-4.398900e+00
1.590000e-06	3.427505e-03	-4.178824e+00
1.600000e-06	2.516422e-03	-3.905603e+00
1.610000e-06	6.645998e-04	-3.570448e+00
1.620000e-06	-1.381977e-03	-3.366192e+00
1.630000e-06	2.071297e-04	-3.083553e+00
1.640000e-06	-1.891340e-03	-2.788296e+00
1.650000e-06	2.801875e-04	-2.506163e+00
1.660000e-06	-1.621053e-03	-2.239520e+00
1.670000e-06	-1.355971e-03	-1.926215e+00
1.680000e-06	-3.375997e-03	-1.651556e+00
1.690000e-06	-1.056777e-03	-1.335735e+00
1.700000e-06	-3.100458e-03	-1.050425e+00
1.710000e-06	-3.338839e-03	-7.593919e-01
1.720000e-06	-5.301036e-03	-4.715001e-01
1.730000e-06	-3.495494e-03	-1.989223e-01
1.740000e-06	-2.701629e-03	5.328808e-02
1.750000e-06	6.894149e-03	3.580249e-01
1.760000e-06	-3.988096e-03	6.410565e-01
1.770000e-06	2.017055e-03	8.246367e-01
1.780000e-06	-3.083933e-03	1.158451e+00
1.790000e-06	5.335382e-04	1.410633e+00
1.800000e-06	-6.328249e-03	1.716478e+00
1.810000e-06	6.407295e-03	1.969449e+00
1.820000e-06	2.345501e-02	2.179002e+00
1.830000e-06	8.289068e-02	2.463271e+00
1.840000e-06	-3.639947e-02	2.791633e+00
1.850000e-06	-5.985805e-02	3.096264e+00
1.860000e-06	-2.540048e-02	3.371554e+00
1.870000e-06	-1.432003e-02	3.654665e+00
1.880000e-06	-5.535430e-02	3.886292e+00
1.890000e-06	-1.363689e-02	4.011639e+00
1.900000e-06	1.108335e-01	4.338349e+00
1.910000e-06	-7.625241e-02	4.635538e+00
1.920000e-06	-2.147758e-02	4.842593e+00
1.930000e-06	1.012021e-01	5.181884e+00
1.940000e-06	-1.387695e-01	5.465741e+00
1.950000e-06	8.217742e-02	5.738772e+00
1.960000e-06	-4.914435e-02	6.001584e+00
1.970000e-06	2.278850e-02	6.244067e+00
1.980000e-06	-1.509564e-02	6.538381e+00
1.990000e-06	-3.656847e-02	6.801534e+00
2.000000e-06	3.372185e-02	7.083614e+00
2.010000e-06	-5.667333e-02	7.318276e+00
2.020000e-06	1.268080e-02	7.601960e+00
2.030000e-06	-4.548776e-02	7.896246e+00
2.040000e-06	2.886760e-02	8.169329e+00
2.050000e-06	-3.212357e-03	8.390409e+00
2.060000e-06	-4.392691e-02	8.601488e+00
2.070000e-06	1.743940e-02	8.883034e+00
2.080000e-06	-3.354443e-02	9.115093e+00
2.090000e-06	-1.683735e-03	9.297673e+00
2.100000e-06	-3.712997e-02	9.556746e+00
2.110000e-06	8.694396e-03	9.758927e+00
2.120000e-06	-2.067878e-02	9.999856e+00
2.130000e-06	-2.056650e-02	1.017138e+01
2.140000e-06	-2.723677e-02	1.043033e+01
2.150000e-06	-1.236114e-02	1.057931e+01
2.160000e-06	-5.916143e-03	1.079041e+01
2.170000e-06	-3.148847e-02	1.096985e+01
2.180000e-06	-1.456097e-02	1.119986e+01
2.190000e-06	-1.727401e-02	1.138081e+01
2.200000e-06	-1.471419e-02	1.155236e+01
2.210000e-06	-3.605128e-02	1.178091e+01
2.220000e-06	-1.161757e-02	1.195880e+01
2.230000e-06	-2.007845e-02	1.214975e+01
2.240000e-06	-2.517100e-02	1.232615e+01
2.250000e-06	-3.199527e-02	1.248662e+01
2.260000e-06	-1.895928e-02	1.264446e+01
2.270000e-06	-2.291373e-02	1.275938e+01
2.280000e-06	-3.384418e-02	1.290921e+01
2.290000e-06	-2.499303e-02	1.309755e+01
2.300000e-06	-2.681852e-02	1.325507e+01
2.310000e-06	-2.715927e-02	1.336276e+01
2.320000e-06	-3.832929e-02	1.349707e+01
2.330000e-06	-2.430835e-02	1.366501e+01
2.340000e-06	-3.277687e-02	1.382173e+01
2.350000e-06	-3.310255e-02	1.389763e+01
2.360000e-06	-3.728902e-02	1.407495e+01
2.370000e-06	-3.199153e-02	1.417171e+01
2.380000e-06	-3.615958e-02	1.430955e+01
2.390000e-06	-4.173326e-02	1.440078e+01
2.400000e-06	-3.558830e-02	1.452495e+01
2.410000e-06	-4.045943e-02	1.458073e+01
2.420000e-06	-3.852159e-02	1.466492e+01
2.430000e-06	-4.350039e-02	1.470820e+01
2.440000e-06	-4.047144e-02	1.476931e+01
2.450000e-06	-4.671270e-02	1.490591e+01
2.460000e-06	-4.752627e-02	1.491554e+01
2.470000e-06	-4.818150e-02	1.495665e+01
2.480000e-06	-4.690057e-02	1.499030e+01
2.490000e-06	-5.022571e-02	1.504189e+01
2.500000e-06	-5.370637e-02	1.511499e+01
2.510000e-06	-5.183880e-02	1.507556e+01
2.520000e-06	-5.707177e-02	1.513905e+01
2.530000e-06	-5.585611e-02	1.516713e+01
2.540000e-06	-5.810958e-02	1.516075e+01
2.550000e-06	-5.765874e-02	1.517721e+01
2.560000e-06	-6.173235e-02	1.521018e+01
2.570000e-06	-6.429232e-02	1.522028e+01
2.580000e-06	-6.521711e-02	1.521118e+01
2.590000e-06	-6.892050e-02	1.519916e+01
2.600000e-06	-6.933131e-02	1.517820e+01
2.610000e-06	-7.184804e-02	1.516018e+01
2.620000e-06	-7.290067e-02	1.514665e+01
2.630000e-06	-7.896445e-02	1.511600e+01
2.640000e-06	-8.288626e-02	1.508201e+01
2.650000e-06	-8.610920e-02	1.502391e+01
2.660000e-06	-9.067702e-02	1.495968e+01
2.670000e-06	-9.481465e-02	1.493610e+01
2.680000e-06	-9.880866e-02	1.488404e+01
2.690000e-06	-1.001533e-01	1.482133e+01
2.700000e-06	-1.033016e-01	1.473765e+01
2.710000e-06	-1.032229e-01	1.469449e+01
2.720000e-06	-1.022905e-01	1.455062e+01
2.730000e-06	-9.867573e-02	1.448344e+01
2.740000e-06	-9.601827e-02	1.442168e+01
2.750000e-06	-9.064135e-02	1.431399e+01
2.760000e-06	-8.636629e-02	1.419923e+01
2.770000e-06	-8.235625e-02	1.412433e+01
2.780000e-06	-7.634675e-02	1.392757e+01
2.790000e-06	-7.315129e-02	1.379226e+01
2.800000e-06	-6.771115e-02	1.370499e+01
2.810000e-06	-6.488903e-02	1.357614e+01
2.820000e-06	-5.911875e-02	1.342028e+01
2.830000e-06	-5.833960e-02	1.330441e+01
2.840000e-06	-5.520125e-02	1.316707e+01
2.850000e-06	-5.302999e-02	1.303123e+01
2.860000e-06	-4.833944e-02	1.286239e+01
2.870000e-06	-4.669049e-02	1.269601e+01
2.880000e-06	-4.485413e-02	1.258023e+01
2.890000e-06	-4.234703e-02	1.238130e+01
2.900000e-06	-3.901092e-02	1.224233e+01
2.910000e-06	-3.861148e-02	1.209386e+01
2.920000e-06	-3.747593e-02	1.190449e+01
2.930000e-06	-3.624842e-02	1.170547e+01
2.940000e-06	-3.356126e-02	1.152547e+01
2.950000e-06	-3.339315e-02	1.130546e+01
2.960000e-06	-3.116848e-02	1.108406e+01
2.970000e-06	-3.110934e-02	1.093464e+01
2.980000e-06	-2.935684e-02	1.069506e+01
2.990000e-06	-2.858678e-02	1.049296e+01
3.000000e-06	-2.689485e-02	1.028401e+01
3.010000e-06	-2.588452e-02	1.010461e+01
3.020000e-06	-2.487948e-02	9.852908e+00
3.030000e-06	-2.407455e-02	9.649373e+00
3.040000e-06	-2.419444e-02	9.379273e+00
3.050000e-06	-2.325624e-02	9.178747e+00
3.060000e-06	-2.264577e-02	8.947543e+00
3.070000e-06	-2.175308e-02	8.736613e+00
3.080000e-06	-2.105169e-02	8.483062e+00
3.090000e-06	-2.023533e-02	8.272957e+00
3.100000e-06	-1.938428e-02	8.009800e+00
3.110000e-06	-1.839721e-02	7.818773e+00
3.120000e-06	-1.827952e-02	7.534060e+00
3.130000e-06	-1.824651e-02	7.220435e+00
3.140000e-06	-1.784868e-02	7.008722e+00
3.150000e-06	-1.720178e-02	6.757295e+00
3.160000e-06	-1.574647e-02	6.481053e+00
3.170000e-06	-1.548511e-02	6.219376e+00
3.180000e-06	-1.425529e-02	5.989421e+00
3.190000e-06	-1.482148e-02	5.704609e+00
3.200000e-06	-1.298760e-02	5.453034e+00
3.210000e-06	-1.214906e-02	5.186712e+00
3.220000e-06	-1.279727e-02	4.862924e+00
3.230000e-06	-1.218046e-02	4.589245e+00
3.240000e-06	-1.151843e-02	4.327089e+00
3.250000e-06	-1.133266e-02	4.050926e+00
3.260000e-06	-1.172712e-02	3.767793e+00
3.270000e-06	-1.062155e-02	3.504638e+00
3.280000e-06	-9.329679e-03	3.209374e+00
3.290000e-06	-8.766160e-03	2.947238e+00
3.300000e-06	-9.688801e-03	2.715083e+00
3.310000e-06	-9.261773e-03	2.388292e+00
3.320000e-06	-8.106384e-03	2.113626e+00
3.330000e-06	-7.268722e-03	1.850974e+00
3.340000e-06	-7.882629e-03	1.545636e+00
3.350000e-06	-7.712939e-03	1.260397e+00
3.360000e-06	-6.706251e-03	9.226068e-01
3.370000e-06	-4.928960e-03	6.494226e-01
3.380000e-06	-4.953534e-03	3.767695e-01
3.390000e-06	-3.498970e-03	3.257532e-02
3.400000e-06	3.605711e-03	-1.995041e-01
3.410000e-06	6.747905e-03	-4.416368e-01
3.420000e-06	-5.131381e-03	-7.279010e-01
3.430000e-06	3.291977e-03	-9.695299e-01
3.440000e-06	-2.742972e-03	-1.255238e+00
3.450000e-06	2.118123e-03	-1.535501e+00
3.460000e-06	5.059672e-03	-1.771455e+00
3.470000e-06	4.484729e-02	-2.001007e+00
3.480000e-06	9.580030e-02	-2.256770e+00
3.490000e-06	-7.882038e-02	-2.686217e+00
3.500000e-06	-1.389389e-02	-3.034643e+00
3.510000e-06	-2.792275e-02	-3.317298e+00
3.520000e-06	-1.938422e-02	-3.506845e+00
3.530000e-06	-9.314923e-02	-3.707350e+00
3.540000e-06	1.528085e-01	-3.897374e+00
3.550000e-06	-9.755398e-03	-4.179983e+00
3.560000e-06	-6.273691e-02	-4.467614e+00
3.570000e-06	1.563794e-01	-4.686574e+00
3.580000e-06	-1.826795e-01	-5.014030e+00
3.590000e-06	1.450038e-01	-5.264644e+00
3.600000e-06	-5.556112e-02	-5.571480e+00
3.610000e-06	1.254876e-03	-5.834617e+00
3.620000e-06	1.137994e-01	-6.076172e+00
3.630000e-06	-1.409569e-01	-6.383984e+00
3.640000e-06	1.204484e-01	-6.664665e+00
3.650000e-06	-6.943086e-02	-6.899777e+00
3.660000e-06	3.515447e-02	-7.224013e+00
3.670000e-06	2.321840e-02	-7.454563e+00
3.680000e-06	-4.999544e-02	-7.730931e+00
3.690000e-06	1.235275e-01	-8.021459e+00
3.700000e-06	-9.866977e-02	-8.253587e+00
3.710000e-06	9.968494e-02	-8.506149e+00
3.720000e-06	-3.723930e-02	-8.740351e+00
3.730000e-06	2.106384e-02	-9.031931e+00
3.740000e-06	9.932832e-03	-9.168383e+00
3.750000e-06	-1.328251e-02	-9.442812e+00
3.760000e-06	7.572485e-02	-9.653037e+00
3.770000e-06	-3.883965e-02	-9.845567e+00
3.780000e-06	5.388663e-02	-1.006254e+01
3.790000e-06	-3.474410e-02	-1.027512e+01
3.800000e-06	6.086653e-02	-1.046709e+01
3.810000e-06	-1.457788e-02	-1.068602e+01
3.820000e-06	3.387035e-02	-1.086414e+01
3.830000e-06	1.559797e-02	-1.104352e+01
3.840000e-06	1.455035e-02	-1.127405e+01
3.850000e-06	1.233056e-02	-1.145296e+01
3.860000e-06	9.776070e-03	-1.161602e+01
3.870000e-06	4.371259e-02	-1.187389e+01
3.880000e-06	9.503430e-04	-1.206446e+01
3.890000e-06	2.861678e-02	-1.220139e+01
3.900000e-06	6.599550e-03	-1.234920e+01
3.910000e-06	4.273312e-02	-1.253876e+01
3.920000e-06	3.216343e-03	-1.271660e+01
3.930000e-06	3.191363e-02	-1.289607e+01
3.940000e-06	1.790209e-02	-1.302146e+01
3.950000e-06	3.051632e-02	-1.314923e+01
3.960000e-06	1.588424e-02	-1.330612e+01
3.970000e-06	3.091501e-02	-1.345289e+01
3.980000e-06	3.095657e-02	-1.357133e+01
3.990000e-06	2.485774e-02	-1.371760e+01
4.000000e-06	2.761096e-02	-1.383394e+01
4.010000e-06	3.111124e-02	-1.396026e+01
4.020000e-06	3.528228e-02	-1.407408e+01
4.030000e-06	2.647063e-02	-1.418118e+01
4.040000e-06	3.555179e-02	-1.429297e+01
4.050000e-06	3.280291e-02	-1.440991e+01
4.060000e-06	3.572295e-02	-1.447555e+01
4.070000e-06	3.453509e-02	-1.454773e+01
4.080000e-06	4.108399e-02	-1.466231e+01
4.090000e-06	3.846962e-02	-1.468557e+01
4.100000e-06	3.686209e-02	-1.479963e+01
4.110000e-06	4.005986e-02	-1.481180e+01
4.120000e-06	4.441646e-02	-1.487289e+01
4.130000e-06	4.149437e-02	-1.487752e+01
4.140000e-06	4.394963e-02	-1.498765e+01
4.150000e-06	4.657030e-02	-1.499128e+01
4.160000e-06	4.813777e-02	-1.502181e+01
4.170000e-06	4.692580e-02	-1.506387e+01
4.180000e-06	5.042892e-02	-1.506442e+01
4.190000e-06	5.402725e-02	-1.511395e+01
4.200000e-06	5.375128e-02	-1.511755e+01
4.210000e-06	5.529045e-02	-1.511800e+01
4.220000e-06	5.706733e-02	-1.513755e+01
4.230000e-06	5.907152e-02	-1.509753e+01
4.240000e-06	5.835000e-02	-1.514657e+01
4.250000e-06	6.289092e-02	-1.509652e+01
4.260000e-06	6.631928e-02	-1.509602e+01
4.270000e-06	6.798841e-02	-1.507387e+01
4.280000e-06	7.073943e-02	-1.507332e+01
4.290000e-06	7.414268e-02	-1.504321e+01
4.300000e-06	7.968676e-02	-1.501218e+01
4.310000e-06	8.269476e-02	-1.492750e+01
4.320000e-06	8.697991e-02	-1.486349e+01
4.330000e-06	9.234284e-02	-1.488075e+01
4.340000e-06	9.509315e-02	-1.476920e+01
4.350000e-06	9.649602e-02	-1.468497e+01
4.360000e-06	9.663902e-02	-1.460086e+01
4.370000e-06	9.620142e-02	-1.450617e+01
4.380000e-06	9.334493e-02	-1.444236e+01
4.390000e-06	8.983255e-02	-1.435707e+01
4.400000e-06	8.581295e-02	-1.424426e+01
4.410000e-06	8.317317e-02	-1.411652e+01
4.420000e-06	7.654174e-02	-1.398069e+01
4.430000e-06	7.076725e-02	-1.391399e+01
4.440000e-06	6.604511e-02	-1.375776e+01
4.450000e-06	6.261207e-02	-1.367286e+01
4.460000e-06	5.893276e-02	-1.349649e+01
4.470000e-06	5.442075e-02	-1.338968e+01
4.480000e-06	5.097630e-02	-1.327181e+01
4.490000e-06	4.781679e-02	-1.316712e+01
4.500000e-06	4.495122e-02	-1.299873e+01
4.510000e-06	4.149771e-02	-1.285201e+01
4.520000e-06	3.960860e-02	-1.271542e+01
4.530000e-06	3.807868e-02	-1.255458e+01
4.540000e-06	3.619096e-02	-1.241025e+01
4.550000e-06	3.286863e-02	-1.223285e+01
4.560000e-06	3.042257e-02	-1.207389e+01
4.570000e-06	2.961341e-02	-1.185439e+01
4.580000e-06	2.829506e-02	-1.169443e+01
4.590000e-06	2.715032e-02	-1.150191e+01
4.600000e-06	2.587278e-02	-1.127281e+01
4.610000e-06	2.390558e-02	-1.108193e+01
4.620000e-06	2.296148e-02	-1.086293e+01
4.630000e-06	2.163337e-02	-1.070399e+01
4.640000e-06	2.010382e-02	-1.044354e+01
4.650000e-06	1.897501e-02	-1.023183e+01
4.660000e-06	1.813203e-02	-1.002128e+01
4.670000e-06	1.801986e-02	-9.860904e+00
4.680000e-06	1.683586e-02	-9.651853e+00
4.690000e-06	1.482157e-02	-9.427228e+00
4.700000e-06	1.452237e-02	-9.178192e+00
4.710000e-06	1.363861e-02	-8.967244e+00
4.720000e-06	1.228455e-02	-8.706663e+00
4.730000e-06	1.110356e-02	-8.473508e+00
4.740000e-06	1.137007e-02	-8.231430e+00
4.750000e-06	1.011577e-02	-8.038246e+00
4.760000e-06	8.477134e-03	-7.738093e+00
4.770000e-06	7.946696e-03	-7.472380e+00
4.780000e-06	9.879219e-03	-7.230904e+00
4.790000e-06	7.677371e-03	-6.977097e+00
4.800000e-06	6.772333e-03	-6.726088e+00
4.810000e-06	4.958343e-03	-6.492558e+00
4.820000e-06	6.757254e-03	-6.260871e+00
4.830000e-06	4.800807e-03	-5.967821e+00
4.840000e-06	4.658613e-03	-5.714114e+00
4.850000e-06	3.338428e-03	-5.413030e+00
4.860000e-06	3.835953e-03	-5.127691e+00
4.870000e-06	3.012455e-03	-4.861879e+00
4.880000e-06	3.017425e-03	-4.567737e+00
4.890000e-06	1.374885e-03	-4.347189e+00
4.900000e-06	3.243121e-03	-4.029005e+00
4.910000e-06	1.724876e-03	-3.818768e+00
4.920000e-06	1.245325e-03	-3.545588e+00
4.930000e-06	4.540719e-05	-3.212054e+00
4.940000e-06	-1.751580e-03	-2.976162e+00
4.950000e-06	-1.062114e-03	-2.692582e+00
4.960000e-06	-1.224493e-03	-2.407371e+00
4.970000e-06	-2.468651e-03	-2.124180e+00
4.980000e-06	-2.246219e-03	-1.829926e+00
4.990000e-06	-1.844737e-03	-1.577190e+00
5.000000e-06	-2.557774e-03	-1.168395e+00
5.010000e-06	-3.877984e-03	-9.052419e-01
5.020000e-06	-4.040618e-03	-7.026000e-01
5.030000e-06	-3.967082e-03	-3.568396e-01
5.040000e-06	-3.986793e-03	-1.106057e-01
5.050000e-06	4.171649e-04	1.395288e-01
5.060000e-06	5.392173e-03	4.447105e-01
5.070000e-06	-6.039841e-03	6.883470e-01
5.080000e-06	4.255487e-03	9.689522e-01
5.090000e-06	-6.783181e-03	1.244260e+00
5.100000e-06	4.346373e-04	1.568922e+00
5.110000e-06	-7.103042e-03	1.822683e+00
5.120000e-06	1.573632e-02	2.042610e+00
5.130000e-06	4.196952e-02	2.306320e+00
5.140000e-06	7.075179e-02	2.602588e+00
5.150000e-06	-8.959458e-02	2.916351e+00
5.160000e-06	-2.300852e-02	3.180030e+00
5.170000e-06	-3.762125e-02	3.525297e+00
5.180000e-06	-7.672771e-03	3.738871e+00
5.190000e-06	-7.442500e-02	3.948023e+00
5.200000e-06	5.117569e-02	4.160346e+00
5.210000e-06	8.353009e-02	4.455038e+00
5.220000e-06	-1.474360e-01	4.717271e+00
5.230000e-06	1.219513e-01	4.991932e+00
5.240000e-06	-4.995392e-02	5.317720e+00
5.250000e-06	-3.840741e-02	5.580006e+00
5.260000e-06	4.363534e-02	5.866537e+00
5.270000e-06	-4.307044e-02	6.086748e+00
5.280000e-06	3.242630e-02	6.378403e+00
5.290000e-06	-4.766558e-02	6.675562e+00
5.300000e-06	4.480582e-03	6.926248e+00
5.310000e-06	-2.169938e-03	7.159906e+00
5.320000e-06	-3.809457e-02	7.464590e+00
5.330000e-06	4.483703e-03	7.717226e+00
5.340000e-06	-3.551249e-02	8.032958e+00
5.350000e-06	4.351178e-02	8.245089e+00
5.360000e-06	-4.005930e-02	8.477141e+00
5.370000e-06	-1.661351e-02	8.718167e+00
5.380000e-06	6.447711e-03	8.949277e+00
5.390000e-06	-3.694217e-02	9.159833e+00
5.400000e-06	8.603240e-04	9.380882e+00
5.410000e-06	-3.870970e-02	9.592487e+00
5.420000e-06	1.945298e-02	9.874965e+00
5.430000e-06	-3.625340e-02	1.005504e+01
5.440000e-06	-1.321806e-02	1.028512e+01
5.450000e-06	-2.762506e-02	1.048506e+01
5.460000e-06	-6.425866e-03	1.069502e+01
5.470000e-06	-1.414364e-02	1.086756e+01
5.480000e-06	-3.549084e-02	1.106302e+01
5.490000e-06	-4.048503e-03	1.125204e+01
5.500000e-06	-2.453054e-02	1.147400e+01
5.510000e-06	-1.711959e-02	1.165611e+01
5.520000e-06	-3.668122e-02	1.186199e+01
5.530000e-06	-5.195191e-03	1.206556e+01
5.540000e-06	-2.595743e-02	1.215234e+01
5.550000e-06	-2.831901e-02	1.236780e+01
5.560000e-06	-2.633721e-02	1.253076e+01
5.570000e-06	-2.172407e-02	1.269552e+01
5.580000e-06	-2.545392e-02	1.286347e+01
5.590000e-06	-3.644821e-02	1.300041e+01
5.600000e-06	-1.963528e-02	1.317776e+01
5.610000e-06	-3.040185e-02	1.332610e+01
5.620000e-06	-3.018807e-02	1.343402e+01
5.630000e-06	-3.418474e-02	1.359080e+01
5.640000e-06	-2.517733e-02	1.367760e+01
5.650000e-06	-3.292967e-02	1.384239e+01
5.660000e-06	-3.777126e-02	1.397173e+01
5.670000e-06	-3.286734e-02	1.412762e+01
5.680000e-06	-3.572328e-02	1.422339e+01
5.690000e-06	-3.688226e-02	1.434865e+01
5.700000e-06	-4.143504e-02	1.445384e+01
5.710000e-06	-3.483654e-02	1.455710e+01
5.720000e-06	-4.085200e-02	1.461379e+01
5.730000e-06	-4.085938e-02	1.469552e+01
5.740000e-06	-4.139810e-02	1.474778e+01
5.750000e-06	-4.245847e-02	1.480133e+01
5.760000e-06	-4.514839e-02	1.485304e+01
5.770000e-06	-5.034150e-02	1.491715e+01
5.780000e-06	-4.464282e-02	1.492870e+01
5.790000e-06	-5.078185e-02	1.502086e+01
5.800000e-06	-5.087774e-02	1.503294e+01
5.810000e-06	-5.403399e-02	1.508399e+01
5.820000e-06	-5.230817e-02	1.511595e+01
5.830000e-06	-5.632506e-02	1.513862e+01
5.840000e-06	-5.687191e-02	1.516913e+01
5.850000e-06	-5.693206e-02	1.515913e+01
5.860000e-06	-5.926625e-02	1.521073e+01
5.870000e-06	-6.125869e-02	1.519068e+01
5.880000e-06	-6.667604e-02	1.518973e+01
5.890000e-06	-6.588372e-02	1.517965e+01
5.900000e-06	-6.975927e-02	1.516975e+01
5.910000e-06	-6.914109e-02	1.518960e+01
5.920000e-06	-7.317023e-02	1.515960e+01
5.930000e-06	-7.584051e-02	1.514707e+01
5.940000e-06	-7.970533e-02	1.508597e+01
5.950000e-06	-8.351545e-02	1.504491e+01
5.960000e-06	-8.711449e-02	1.506290e+01
5.970000e-06	-9.309176e-02	1.495875e+01
5.980000e-06	-9.525612e-02	1.491657e+01
5.990000e-06	-9.979235e-02	1.486289e+01
6.000000e-06	-1.021164e-01	1.481920e+01
6.010000e-06	-1.039632e-01	1.473546e+01
6.020000e-06	-1.021234e-01	1.459476e+01
6.030000e-06	-9.943823e-02	1.454865e+01
6.040000e-06	-9.842920e-02	1.448484e+01
6.050000e-06	-9.200842e-02	1.436965e+01
6.060000e-06	-8.987821e-02	1.425089e+01
6.070000e-06	-8.338013e-02	1.416857e+01
6.080000e-06	-8.185940e-02	1.399038e+01
6.090000e-06	-7.376184e-02	1.386591e+01
6.100000e-06	-7.111564e-02	1.374905e+01
6.110000e-06	-6.499876e-02	1.364183e+01
6.120000e-06	-6.216934e-02	1.350446e+01
6.130000e-06	-5.889609e-02	1.337970e+01
6.140000e-06	-5.654754e-02	1.325128e+01
6.150000e-06	-5.376520e-02	1.312541e+01
6.160000e-06	-5.035450e-02	1.296712e+01
6.170000e-06	-4.763823e-02	1.280028e+01
6.180000e-06	-4.609516e-02	1.265383e+01
6.190000e-06	-4.399321e-02	1.252609e+01
6.200000e-06	-4.078691e-02	1.233607e+01
6.210000e-06	-3.866665e-02	1.220028e+01
6.220000e-06	-3.798072e-02	1.200877e+01
6.230000e-06	-3.703227e-02	1.182031e+01
6.240000e-06	-3.558729e-02	1.163136e+01
6.250000e-06	-3.261074e-02	1.142926e+01
6.260000e-06	-3.317332e-02	1.121932e+01
6.270000e-06	-3.160972e-02	1.101085e+01
6.280000e-06	-3.009219e-02	1.084995e+01
6.290000e-06	-2.827908e-02	1.063176e+01
6.300000e-06	-2.860852e-02	1.044033e+01
6.310000e-06	-2.727343e-02	1.018930e+01
6.320000e-06	-2.500198e-02	9.968846e+00
6.330000e-06	-2.386254e-02	9.767121e+00
6.340000e-06	-2.348436e-02	9.546642e+00
6.350000e-06	-2.413258e-02	9.354141e+00
6.360000e-06	-2.255103e-02	9.094559e+00
6.370000e-06	-2.159891e-02	8.881454e+00
6.380000e-06	-2.190296e-02	8.622302e+00
6.390000e-06	-2.094136e-02	8.429798e+00
6.400000e-06	-1.953566e-02	8.216124e+00
6.410000e-06	-1.856227e-02	7.933565e+00
6.420000e-06	-1.802582e-02	7.662407e+00
6.430000e-06	-1.844930e-02	7.410744e+00
6.440000e-06	-1.722973e-02	7.137093e+00
6.450000e-06	-1.616921e-02	6.913485e+00
6.460000e-06	-1.792931e-02	6.632853e+00
6.470000e-06	-1.604885e-02	6.387796e+00
6.480000e-06	-1.625566e-02	6.136113e+00
6.490000e-06	-1.381734e-02	5.924134e+00
6.500000e-06	-1.161748e-02	5.602374e+00
6.510000e-06	-1.374043e-02	5.368743e+00
6.520000e-06	-7.235690e-03	5.029948e+00
6.530000e-06	-1.256904e-02	4.725717e+00
6.540000e-06	-1.128284e-02	4.453531e+00
6.550000e-06	-1.445981e-02	4.210377e+00
6.560000e-06	-1.364728e-02	3.905187e+00
6.570000e-06	-1.259523e-02	3.643551e+00
6.580000e-06	-1.215986e-02	3.388274e+00
6.590000e-06	-9.321197e-03	3.102636e+00
6.600000e-06	-7.873484e-03	2.871526e+00
6.610000e-06	-4.519259e-03	2.557211e+00
6.620000e-06	-5.287089e-03	2.259954e+00
6.630000e-06	-6.186095e-03	1.999796e+00
6.640000e-06	-8.663792e-03	1.682703e+00
6.650000e-06	-1.010858e-02	1.438897e+00
6.660000e-06	-1.051011e-02	1.126079e+00
6.670000e-06	-8.953298e-03	8.188671e-01
6.680000e-06	-6.901171e-03	5.157319e-01
6.690000e-06	-2.821712e-03	2.609463e-01
6.700000e-06	7.933294e-04	-7.276288e-02
6.710000e-06	1.176721e-02	-3.058443e-01
6.720000e-06	-6.127623e-04	-5.709336e-01
6.730000e-06	2.447443e-03	-8.441817e-01
6.740000e-06	-3.407488e-03	-1.077320e+00
6.750000e-06	-7.533083e-04	-1.383582e+00
6.760000e-06	-4.567068e-03	-1.643685e+00
6.770000e-06	1.894786e-02	-1.874764e+00
6.780000e-06	7.212226e-02	-2.105298e+00
6.790000e-06	5.148932e-02	-2.456665e+00
6.800000e-06	-9.912896e-02	-2.812138e+00
6.810000e-06	1.928651e-02	-3.189979e+00
6.820000e-06	-4.425869e-02	-3.403032e+00
6.830000e-06	-3.476467e-02	-3.579462e+00
6.840000e-06	-4.514223e-02	-3.852039e+00
6.850000e-06	1.912219e-01	-3.979483e+00
6.860000e-06	-1.668496e-01	-4.285723e+00
6.870000e-06	1.081751e-01	-4.539827e+00
6.880000e-06	-1.279936e-03	-4.791486e+00
6.890000e-06	-8.941183e-02	-5.107347e+00
6.900000e-06	1.517499e-01	-5.360077e+00
6.910000e-06	-1.358154e-01	-5.717823e+00
6.920000e-06	1.341739e-01	-5.937375e+00
6.930000e-06	-2.494180e-02	-6.161486e+00
6.940000e-06	-5.578729e-02	-6.518777e+00
6.950000e-06	1.032122e-01	-6.769330e+00
6.960000e-06	-1.114868e-01	-7.095116e+00
6.970000e-06	1.169134e-01	-7.275726e+00
6.980000e-06	-8.233796e-02	-7.569935e+00
6.990000e-06	7.389267e-02	-7.865215e+00
7.000000e-06	2.183304e-02	-8.107219e+00
7.010000e-06	-4.459311e-02	-8.368329e+00
7.020000e-06	9.227094e-02	-8.581861e+00
7.030000e-06	-7.200125e-02	-8.853518e+00
7.040000e-06	7.358778e-02	-9.065089e+00
7.050000e-06	-5.235950e-02	-9.255068e+00
7.060000e-06	6.191824e-02	-9.526675e+00
7.070000e-06	7.583200e-03	-9.718750e+00
7.080000e-06	5.642710e-03	-9.959225e+00
7.090000e-06	2.246615e-02	-1.012823e+01
7.100000e-06	-8.766277e-03	-1.037993e+01
7.110000e-06	5.400393e-02	-1.056036e+01
7.120000e-06	-2.414639e-02	-1.073925e+01
7.130000e-06	5.300545e-02	-1.089828e+01
7.140000e-06	-9.616697e-03	-1.118871e+01
7.150000e-06	3.660524e-02	-1.133873e+01
7.160000e-06	-1.143783e-02	-1.149818e+01
7.170000e-06	4.297255e-02	-1.172073e+01
7.180000e-06	1.412696e-02	-1.187562e+01
7.190000e-06	2.077656e-02	-1.213665e+01
7.200000e-06	1.385680e-02	-1.228352e+01
7.210000e-06	2.513997e-02	-1.246601e+01
7.220000e-06	2.812083e-02	-1.261076e+01
7.230000e-06	8.463525e-03	-1.277168e+01
7.240000e-06	3.240791e-02	-1.290920e+01
7.250000e-06	1.641416e-02	-1.305449e+01
7.260000e-06	3.211428e-02	-1.322291e+01
7.270000e-06	1.392412e-02	-1.336118e+01
7.280000e-06	4.085946e-02	-1.347450e+01
7.290000e-06	2.187001e-02	-1.365046e+01
7.300000e-06	3.012979e-02	-1.376718e+01
7.310000e-06	2.451646e-02	-1.389554e+01
7.320000e-06	3.693593e-02	-1.402081e+01
7.330000e-06	2.927075e-02	-1.411602e+01
7.340000e-06	2.927675e-02	-1.421142e+01
7.350000e-06	3.332841e-02	-1.433705e+01
7.360000e-06	3.457515e-02	-1.446234e+01
7.370000e-06	3.567565e-02	-1.452612e+01
7.380000e-06	3.653207e-02	-1.458128e+01
7.390000e-06	4.181821e-02	-1.464334e+01
7.400000e-06	3.714310e-02	-1.472700e+01
7.410000e-06	3.738637e-02	-1.476021e+01
7.420000e-06	4.068221e-02	-1.484326e+01
7.430000e-06	4.307588e-02	-1.486547e+01
7.440000e-06	4.225548e-02	-1.489655e+01
7.450000e-06	4.512269e-02	-1.493971e+01
7.460000e-06	4.770940e-02	-1.497984e+01
7.470000e-06	4.462827e-02	-1.504334e+01
7.480000e-06	4.993431e-02	-1.504339e+01
7.490000e-06	5.050437e-02	-1.509590e+01
7.500000e-06	5.521954e-02	-1.511495e+01
7.510000e-06	5.369558e-02	-1.510647e+01
7.520000e-06	5.540773e-02	-1.512852e+01
7.530000e-06	5.756800e-02	-1.514700e+01
7.540000e-06	5.589605e-02	-1.512802e+01
7.550000e-06	6.155304e-02	-1.510692e+01
7.560000e-06	6.321866e-02	-1.514595e+01
7.570000e-06	6.832995e-02	-1.508547e+01
7.580000e-06	6.843384e-02	-1.509487e+01
7.590000e-06	7.272549e-02	-1.505383e+01
7.600000e-06	7.483389e-02	-1.501128e+01
7.610000e-06	8.009799e-02	-1.497710e+01
7.620000e-06	8.402803e-02	-1.492600e+01
7.630000e-06	8.904903e-02	-1.488236e+01
7.640000e-06	9.166918e-02	-1.483073e+01
7.650000e-06	9.542320e-02	-1.474710e+01
7.660000e-06	9.762105e-02	-1.467338e+01
7.670000e-06	9.752862e-02	-1.456826e+01
7.680000e-06	9.346892e-02	-1.447442e+01
7.690000e-06	9.150508e-02	-1.440123e+01
7.700000e-06	9.069947e-02	-1.432539e+01
7.710000e-06	8.495648e-02	-1.423171e+01
7.720000e-06	7.847234e-02	-1.408390e+01
7.730000e-06	7.277801e-02	-1.396810e+01
7.740000e-06	7.005746e-02	-1.384186e+01
7.750000e-06	6.570921e-02	-1.371759e+01
7.760000e-06	6.108098e-02	-1.358123e+01
7.770000e-06	5.798370e-02	-1.350339e+01
7.780000e-06	5.433241e-02	-1.335763e+01
7.790000e-06	4.910564e-02	-1.320778e+01
7.800000e-06	4.518988e-02	-1.307394e+01
7.810000e-06	4.316057e-02	-1.294859e+01
7.820000e-06	4.181556e-02	-1.284825e+01
7.830000e-06	3.914646e-02	-1.267183e+01
7.840000e-06	3.616145e-02	-1.250399e+01
7.850000e-06	3.523041e-02	-1.229664e+01
7.860000e-06	3.338951e-02	-1.216772e+01
7.870000e-06	3.108759e-02	-1.204975e+01
7.880000e-06	2.865904e-02	-1.182913e+01
7.890000e-06	2.742822e-02	-1.160778e+01
7.900000e-06	2.636706e-02	-1.137865e+01
7.910000e-06	2.533763e-02	-1.117720e+01
7.920000e-06	2.364365e-02	-1.097919e+01
7.930000e-06	2.187732e-02	-1.077930e+01
7.940000e-06	2.094630e-02	-1.061026e+01
7.950000e-06	2.090156e-02	-1.041022e+01
7.960000e-06	1.931318e-02	-1.017807e+01
7.970000e-06	1.830214e-02	-9.935222e+00
7.980000e-06	1.813407e-02	-9.757196e+00
7.990000e-06	1.648700e-02	-9.574518e+00
8.000000e-06	1.477756e-02	-9.344487e+00
8.010000e-06	1.341396e-02	-9.083008e+00
8.020000e-06	1.318693e-02	-8.872480e+00
8.030000e-06	1.241923e-02	-8.630274e+00
8.040000e-06	1.147269e-02	-8.388271e+00
8.050000e-06	1.092587e-02	-8.157168e+00
8.060000e-06	1.018032e-02	-7.925614e+00
8.070000e-06	9.359123e-03	-7.659350e+00
8.080000e-06	8.482993e-03	-7.386296e+00
8.090000e-06	7.000940e-03	-7.146089e+00
8.100000e-06	6.743621e-03	-6.862436e+00
8.110000e-06	6.805529e-03	-6.588377e+00
8.120000e-06	6.630540e-03	-6.368345e+00
8.130000e-06	5.327994e-03	-6.163059e+00
8.140000e-06	4.270475e-03	-5.842501e+00
8.150000e-06	5.129541e-03	-5.618347e+00
8.160000e-06	3.078248e-03	-5.335588e+00
8.170000e-06	5.173751e-03	-5.039254e+00
8.180000e-06	2.108298e-03	-4.695583e+00
8.190000e-06	3.613575e-03	-4.461030e+00
8.200000e-06	2.287163e-03	-4.220403e+00
8.210000e-06	2.780953e-03	-3.956738e+00
8.220000e-06	4.631782e-04	-3.671006e+00
8.230000e-06	3.695933e-04	-3.438449e+00
8.240000e-06	3.298232e-04	-3.156139e+00
8.250000e-06	-1.154522e-03	-2.850025e+00
8.260000e-06	-1.018152e-03	-2.558820e+00
8.270000e-06	-1.114105e-03	-2.313183e+00
8.280000e-06	-7.374937e-04	-2.009296e+00
8.290000e-06	-3.303667e-03	-1.774284e+00
8.300000e-06	-2.720498e-03	-1.450951e+00
8.310000e-06	-3.419907e-03	-1.082633e+00
8.320000e-06	-2.247299e-03	-7.504011e-01
8.330000e-06	-3.851565e-03	-5.236854e-01
8.340000e-06	-3.667853e-03	-2.310790e-01
8.350000e-06	-4.764461e-03	1.104125e-03
8.360000e-06	6.257023e-03	3.087708e-01
8.370000e-06	-1.176910e-03	5.889450e-01
8.380000e-06	-1.653316e-03	8.011528e-01
8.390000e-06	-1.857026e-03	1.073296e+00
8.400000e-06	-2.570790e-03	1.379005e+00
8.410000e-06	-1.907685e-03	1.687268e+00
8.420000e-06	1.849704e-03	1.917344e+00
8.430000e-06	1.977614e-02	2.116373e+00
8.440000e-06	7.160907e-02	2.380087e+00
8.450000e-06	5.389375e-03	2.757479e+00
8.460000e-06	-8.206968e-02	3.054138e+00
8.470000e-06	-1.712854e-02	3.295296e+00
8.480000e-06	-2.371121e-02	3.632030e+00
8.490000e-06	-3.429179e-02	3.822079e+00
8.500000e-06	-4.805884e-02	4.020534e+00
8.510000e-06	1.009710e-01	4.265819e+00
8.520000e-06	-1.424219e-02	4.567905e+00
8.530000e-06	-9.312403e-02	4.769481e+00
8.540000e-06	1.524659e-01	5.099274e+00
8.550000e-06	-1.448983e-01	5.433487e+00
8.560000e-06	6.214407e-02	5.686142e+00
8.570000e-06	-3.095367e-02	5.928351e+00
8.580000e-06	1.931216e-03	6.191509e+00
8.590000e-06	5.783891e-03	6.494697e+00
8.600000e-06	-5.041412e-02	6.769878e+00
8.610000e-06	3.475190e-02	7.002483e+00
8.620000e-06	-4.445929e-02	7.256119e+00
8.630000e-06	1.517661e-03	7.548930e+00
8.640000e-06	-3.216182e-02	7.852488e+00
8.650000e-06	7.159404e-03	8.136798e+00
8.660000e-06	1.885315e-02	8.378851e+00
8.670000e-06	-5.212972e-02	8.530830e+00
8.680000e-06	9.042854e-03	8.793054e+00
8.690000e-06	-2.039323e-02	8.994586e+00
8.700000e-06	-1.294102e-02	9.264564e+00
8.710000e-06	-2.468965e-02	9.465569e+00
8.720000e-06	-1.022094e-02	9.717197e+00
8.730000e-06	-2.740172e-03	9.938779e+00
8.740000e-06	-2.711816e-02	1.010775e+01
8.750000e-06	-2.126169e-02	1.035718e+01
8.760000e-06	-1.979530e-02	1.054833e+01
8.770000e-06	-5.800381e-03	1.076680e+01
8.780000e-06	-2.617755e-02	1.094878e+01
8.790000e-06	-2.389347e-02	1.111762e+01
8.800000e-06	-1.054360e-02	1.132823e+01
8.810000e-06	-1.887323e-02	1.153670e+01
8.820000e-06	-2.965856e-02	1.174925e+01
8.830000e-06	-2.154844e-02	1.190862e+01
8.840000e-06	-1.458706e-02	1.209609e+01
8.850000e-06	-2.554540e-02	1.225342e+01
8.860000e-06	-3.150335e-02	1.242449e+01
8.870000e-06	-1.956584e-02	1.263041e+01
8.880000e-06	-2.374793e-02	1.274128e+01
8.890000e-06	-3.193654e-02	1.290662e+01
8.900000e-06	-3.031398e-02	1.302397e+01
8.910000e-06	-2.311809e-02	1.324296e+01
8.920000e-06	-2.795724e-02	1.337020e+01
8.930000e-06	-3.584307e-02	1.349510e+01
8.940000e-06	-2.701497e-02	1.367391e+01
8.950000e-06	-3.071802e-02	1.373876e+01
8.960000e-06	-3.315614e-02	1.385762e+01
8.970000e-06	-3.981214e-02	1.402334e+01
8.980000e-06	-3.219511e-02	1.420871e+01
8.990000e-06	-3.690439e-02	1.427600e+01
9.000000e-06	-3.880666e-02	1.436028e+01
9.010000e-06	-3.757045e-02	1.450547e+01
9.020000e-06	-3.870328e-02	1.450978e+01
9.030000e-06	-3.975902e-02	1.461442e+01
9.040000e-06	-4.293737e-02	1.474869e+01
9.050000e-06	-3.935065e-02	1.477923e+01
9.060000e-06	-4.590975e-02	1.486996e+01
9.070000e-06	-4.611301e-02	1.488304e+01
9.080000e-06	-4.932660e-02	1.494770e+01
9.090000e-06	-4.654975e-02	1.496918e+01
9.100000e-06	-5.121142e-02	1.503230e+01
9.110000e-06	-5.205406e-02	1.505494e+01
9.120000e-06	-5.056646e-02	1.510599e+01
9.130000e-06	-5.501397e-02	1.514607e+01
9.140000e-06	-5.626505e-02	1.517765e+01
9.150000e-06	-5.937962e-02	1.516965e+01
9.160000e-06	-5.687971e-02	1.517065e+01
9.170000e-06	-6.236551e-02	1.520925e+01
9.180000e-06	-6.217206e-02	1.522025e+01
9.190000e-06	-6.452555e-02	1.521026e+01
9.200000e-06	-6.709235e-02	1.520973e+01
9.210000e-06	-6.942663e-02	1.516865e+01
9.220000e-06	-7.199858e-02	1.516062e+01
9.230000e-06	-7.338767e-02	1.514705e+01
9.240000e-06	-7.874435e-02	1.515507e+01
9.250000e-06	-8.252999e-02	1.509491e+01
9.260000e-06	-8.407544e-02	1.504289e+01
9.270000e-06	-9.151793e-02	1.498078e+01
9.280000e-06	-9.150370e-02	1.498710e+01
9.290000e-06	-9.720761e-02	1.488394e+01
9.300000e-06	-9.985708e-02	1.481234e+01
9.310000e-06	-1.040906e-01	1.475660e+01
9.320000e-06	-1.045710e-01	1.468597e+01
9.330000e-06	-1.023730e-01	1.459030e+01
9.340000e-06	-9.975528e-02	1.452615e+01
9.350000e-06	-9.847247e-02	1.441178e+01
9.360000e-06	-8.961067e-02	1.432757e+01
9.370000e-06	-8.795728e-02	1.421035e+01
9.380000e-06	-8.127991e-02	1.413499e+01
9.390000e-06	-7.853363e-02	1.394907e+01
9.400000e-06	-7.204832e-02	1.386226e+01
9.410000e-06	-6.797955e-02	1.374492e+01
9.420000e-06	-6.751823e-02	1.358860e+01
9.430000e-06	-6.124353e-02	1.345033e+01
9.440000e-06	-5.907071e-02	1.329652e+01
9.450000e-06	-5.392293e-02	1.314780e+01
9.460000e-06	-5.390151e-02	1.303183e+01
9.470000e-06	-4.895246e-02	1.289199e+01
9.480000e-06	-4.631685e-02	1.272709e+01
9.490000e-06	-4.419710e-02	1.257922e+01
9.500000e-06	-4.209510e-02	1.246141e+01
9.510000e-06	-4.105672e-02	1.227486e+01
9.520000e-06	-3.850162e-02	1.210549e+01
9.530000e-06	-3.688870e-02	1.193457e+01
9.540000e-06	-3.614995e-02	1.174707e+01
9.550000e-06	-3.547899e-02	1.150757e+01
9.560000e-06	-3.375419e-02	1.138715e+01
9.570000e-06	-3.052306e-02	1.113715e+01
9.580000e-06	-3.037045e-02	1.095775e+01
9.590000e-06	-2.953786e-02	1.074682e+01
9.600000e-06	-2.867668e-02	1.056660e+01
9.610000e-06	-2.699809e-02	1.034659e+01
9.620000e-06	-2.645688e-02	1.010662e+01
9.630000e-06	-2.612582e-02	9.885510e+00
9.640000e-06	-2.473449e-02	9.661409e+00
9.650000e-06	-2.334015e-02	9.451455e+00
9.660000e-06	-2.212678e-02	9.219379e+00
9.670000e-06	-2.229547e-02	8.999728e+00
9.680000e-06	-2.114138e-02	8.787642e+00
9.690000e-06	-2.096014e-02	8.566740e+00
9.700000e-06	-1.988391e-02	8.274488e+00
9.710000e-06	-2.073315e-02	8.060955e+00
9.720000e-06	-1.915356e-02	7.800326e+00
9.730000e-06	-1.935982e-02	7.577168e+00
9.740000e-06	-1.769375e-02	7.283003e+00
9.750000e-06	-1.701815e-02	7.032404e+00
9.760000e-06	-1.656341e-02	6.789873e+00
9.770000e-06	-1.580137e-02	6.555143e+00
9.780000e-06	-1.479903e-02	6.273580e+00
9.790000e-06	-1.439528e-02	6.019904e+00
9.800000e-06	-1.437836e-02	5.818745e+00
9.810000e-06	-1.395370e-02	5.545141e+00
9.820000e-06	-1.292014e-02	5.241275e+00
9.830000e-06	-1.200094e-02	4.894156e+00
9.840000e-06	-1.272947e-02	4.650401e+00
9.850000e-06	-1.140585e-02	4.399369e+00
9.860000e-06	-1.082748e-02	4.162608e+00
9.870000e-06	-1.080119e-02	3.830424e+00
9.880000e-06	-1.052779e-02	3.579295e+00
9.890000e-06	-9.937101e-03	3.261630e+00
9.900000e-06	-9.427992e-03	3.019916e+00
9.910000e-06	-8.740729e-03	2.785769e+00
9.920000e-06	-8.438652e-03	2.420548e+00
9.930000e-06	-8.434712e-03	2.158788e+00
9.940000e-06	-7.136521e-03	1.944084e+00
9.950000e-06	-6.514904e-03	1.651370e+00
9.960000e-06	-6.584313e-03	1.302181e+00
9.970000e-06	-6.688500e-03	9.784161e-01
9.980000e-06	-6.021973e-03	7.131540e-01
9.990000e-06	-4.554622e-03	4.003949e-01
1.000000e-05	-3.048044e-03	1.746857e-01
1.001000e-05	-1.464620e-04	-1.600024e-01
1.002000e-05	7.944623e-03	-3.805563e-01
1.003000e-05	-5.169140e-03	-6.958194e-01
1.004000e-05	5.050333e-03	-9.273459e-01
1.005000e-05	-4.584012e-03	-1.200084e+00
1.006000e-05	3.047538e-03	-1.495372e+00
1.007000e-05	-4.180728e-04	-1.747921e+00
1.008000e-05	3.550737e-02	-1.929401e+00
1.009000e-05	9.632310e-02	-2.193615e+00
1.010000e-05	-3.918372e-02	-2.593510e+00
1.011000e-05	-4.870768e-02	-2.991929e+00
1.012000e-05	-5.866953e-03	-3.254241e+00
1.013000e-05	-2.862107e-02	-3.484216e+00
1.014000e-05	-8.243024e-02	-3.685268e+00
1.015000e-05	8.176937e-02	-3.956327e+00
1.016000e-05	8.143660e-02	-4.106844e+00
1.017000e-05	-1.472001e-01	-4.430509e+00
1.018000e-05	1.944977e-01	-4.633114e+00
1.019000e-05	-1.607398e-01	-4.938806e+00
1.020000e-05	7.442621e-02	-5.213068e+00
1.021000e-05	2.277081e-02	-5.506227e+00
1.022000e-05	-7.716480e-02	-5.803113e+00
1.023000e-05	1.595838e-01	-5.992084e+00
1.024000e-05	-1.333947e-01	-6.318301e+00
1.025000e-05	7.676984e-02	-6.593514e+00
1.026000e-05	-9.221116e-03	-6.865099e+00
1.027000e-05	-3.045569e-02	-7.180885e+00
1.028000e-05	8.324719e-02	-7.411485e+00
1.029000e-05	-9.491641e-02	-7.727122e+00
1.030000e-05	1.396601e-01	-7.999883e+00
1.031000e-05	-8.262639e-02	-8.162010e+00
1.032000e-05	6.035720e-02	-8.463496e+00
1.033000e-05	9.854810e-03	-8.723173e+00
1.034000e-05	-2.178967e-02	-8.939304e+00
1.035000e-05	4.876232e-02	-9.129277e+00
1.036000e-05	-4.645534e-02	-9.368756e+00
1.037000e-05	9.397049e-02	-9.561883e+00
1.038000e-05	-4.186388e-02	-9.791959e+00
1.039000e-05	4.964344e-02	-9.999960e+00
1.040000e-05	-2.525686e-02	-1.018239e+01
1.041000e-05	4.377136e-02	-1.041539e+01
1.042000e-05	9.356602e-03	-1.064052e+01
1.043000e-05	1.004064e-02	-1.083244e+01
1.044000e-05	3.451043e-02	-1.097239e+01
1.045000e-05	-5.367706e-04	-1.124444e+01
1.046000e-05	2.728061e-02	-1.141041e+01
1.047000e-05	-6.073109e-03	-1.159081e+01
1.048000e-05	5.301102e-02	-1.178286e+01
1.049000e-05	-9.484889e-04	-1.202292e+01
1.050000e-05	3.222053e-02	-1.216978e+01
1.051000e-05	2.426030e-03	-1.234725e+01
1.052000e-05	4.231970e-02	-1.247607e+01
1.053000e-05	8.111047e-03	-1.266557e+01
1.054000e-05	2.563025e-02	-1.284386e+01
1.055000e-05	2.236850e-02	-1.294923e+01
1.056000e-05	2.639128e-02	-1.312760e+01
1.057000e-05	2.225946e-02	-1.324450e+01
1.058000e-05	2.347397e-02	-1.342287e+01
1.059000e-05	3.764723e-02	-1.350920e+01
1.060000e-05	2.160584e-02	-1.367509e+01
1.061000e-05	2.991519e-02	-1.378236e+01
1.062000e-05	2.610100e-02	-1.393763e+01
1.063000e-05	3.836058e-02	-1.403594e+01
1.064000e-05	2.473464e-02	-1.415971e+01
1.065000e-05	3.357324e-02	-1.425442e+01
1.066000e-05	3.353886e-02	-1.433971e+01
1.067000e-05	3.589140e-02	-1.448500e+01
1.068000e-05	3.411155e-02	-1.456120e+01
1.069000e-05	3.887112e-02	-1.460033e+01
1.070000e-05	4.054940e-02	-1.467502e+01
1.071000e-05	3.668996e-02	-1.473823e+01
1.072000e-05	3.707055e-02	-1.481123e+01
1.073000e-05	4.335717e-02	-1.485484e+01
1.074000e-05	4.193389e-02	-1.491448e+01
1.075000e-05	4.363786e-02	-1.493715e+01
1.076000e-05	4.455346e-02	-1.501068e+01
1.077000e-05	4.692925e-02	-1.499386e+01
1.078000e-05	4.738371e-02	-1.504332e+01
1.079000e-05	4.985110e-02	-1.505392e+01
1.080000e-05	5.327631e-02	-1.511592e+01
1.081000e-05	5.360223e-02	-1.515700e+01
1.082000e-05	5.536752e-02	-1.509803e+01
1.083000e-05	5.599556e-02	-1.511700e+01
1.084000e-05	5.767951e-02	-1.513663e+01
1.085000e-05	5.814586e-02	-1.511800e+01
1.086000e-05	6.196261e-02	-1.508687e+01
1.087000e-05	6.627401e-02	-1.509647e+01
1.088000e-05	6.776746e-02	-1.504290e+01
1.089000e-05	6.953275e-02	-1.508341e+01
1.090000e-05	7.389251e-02	-1.501181e+01
1.091000e-05	7.847646e-02	-1.501268e+01
1.092000e-05	8.179478e-02	-1.495607e+01
1.093000e-05	8.619795e-02	-1.488499e+01
1.094000e-05	8.997333e-02	-1.482083e+01
1.095000e-05	9.350182e-02	-1.477870e+01
1.096000e-05	9.500411e-02	-1.469592e+01
1.097000e-05	9.756598e-02	-1.464081e+01
1.098000e-05	9.691317e-02	-1.457817e+01
1.099000e-05	9.405031e-02	-1.446386e+01
1.100000e-05	9.050071e-02	-1.436970e+01
1.101000e-05	8.693278e-02	-1.424386e+01
1.102000e-05	8.213207e-02	-1.415860e+01
1.103000e-05	7.764562e-02	-1.406079e+01
1.104000e-05	7.231700e-02	-1.390601e+01
1.105000e-05	6.795825e-02	-1.377070e+01
1.106000e-05	6.374777e-02	-1.369094e+01
1.107000e-05	5.997406e-02	-1.354658e+01
1.108000e-05	5.678440e-02	-1.341133e+01
1.109000e-05	5.216731e-02	-1.331444e+01
1.110000e-05	4.820349e-02	-1.316660e+01
1.111000e-05	4.364857e-02	-1.303131e+01
1.112000e-05	4.121283e-02	-1.289238e+01
1.113000e-05	4.057875e-02	-1.273549e+01
1.114000e-05	3.866576e-02	-1.257921e+01
1.115000e-05	3.576785e-02	-1.245188e+01
1.116000e-05	3.395645e-02	-1.226454e+01
1.117000e-05	3.221065e-02	-1.209449e+01
1.118000e-05	3.080825e-02	-1.190592e+01
1.119000e-05	2.823660e-02	-1.173502e+01
1.120000e-05	2.713982e-02	-1.149439e+01
1.121000e-05	2.627977e-02	-1.129489e+01
1.122000e-05	2.466469e-02	-1.111654e+01
1.123000e-05	2.237374e-02	-1.092312e+01
1.124000e-05	2.112097e-02	-1.070611e+01
1.125000e-05	2.057827e-02	-1.056604e+01
1.126000e-05	1.968251e-02	-1.032294e+01
1.127000e-05	1.825934e-02	-1.006398e+01
1.128000e-05	1.891321e-02	-9.854539e+00
1.129000e-05	1.793982e-02	-9.633960e+00
1.130000e-05	1.610590e-02	-9.419834e+00
1.131000e-05	1.427599e-02	-9.209899e+00
1.132000e-05	1.329346e-02	-8.968197e+00
1.133000e-05	1.241673e-02	-8.758226e+00
1.134000e-05	1.072933e-02	-8.535445e+00
1.135000e-05	1.105460e-02	-8.253062e+00
1.136000e-05	1.054747e-02	-8.102983e+00
1.137000e-05	1.005865e-02	-7.818703e+00
1.138000e-05	9.187952e-03	-7.545139e+00
1.139000e-05	8.532307e-03	-7.293509e+00
1.140000e-05	7.274099e-03	-7.063352e+00
1.141000e-05	7.544835e-03	-6.767797e+00
1.142000e-05	6.349132e-03	-6.545568e+00
1.143000e-05	6.607023e-03	-6.274039e+00
1.144000e-05	5.142038e-03	-6.020350e+00
1.145000e-05	5.874669e-03	-5.789244e+00
1.146000e-05	3.172776e-03	-5.505066e+00
1.147000e-05	3.582541e-03	-5.219824e+00
1.148000e-05	2.610817e-03	-4.902513e+00
1.149000e-05	3.178144e-03	-4.577825e+00
1.150000e-05	2.194151e-03	-4.398295e+00
1.151000e-05	3.431942e-03	-4.155691e+00
1.152000e-05	2.069692e-03	-3.871397e+00
1.153000e-05	8.776484e-04	-3.567795e+00
1.154000e-05	-1.680941e-03	-3.292163e+00
1.155000e-05	-4.160581e-04	-3.018923e+00
1.156000e-05	-2.177505e-03	-2.727237e+00
1.157000e-05	4.455277e-05	-2.481581e+00
1.158000e-05	-2.047446e-03	-2.186265e+00
1.159000e-05	-1.615884e-03	-1.904133e+00
1.160000e-05	-2.336376e-03	-1.621399e+00
1.161000e-05	-1.820909e-03	-1.312629e+00
1.162000e-05	-4.083647e-03	-1.026346e+00
1.163000e-05	-4.146050e-03	-6.550107e-01
1.164000e-05	-4.998918e-03	-4.129448e-01
1.165000e-05	-3.409479e-03	-1.858059e-01
1.166000e-05	-3.183973e-04	1.274461e-01
1.167000e-05	6.729339e-03	3.915779e-01
1.168000e-05	-6.119000e-03	6.326918e-01
1.169000e-05	2.994540e-03	8.768434e-01
1.170000e-05	-4.437909e-03	1.233033e+00
1.171000e-05	4.147474e-04	1.476318e+00
1.172000e-05	-6.962055e-03	1.782629e+00
1.173000e-05	1.204244e-02	1.991105e+00
1.174000e-05	3.003268e-02	2.243638e+00
1.175000e-05	8.391002e-02	2.488399e+00
1.176000e-05	-6.729622e-02	2.854166e+00
1.177000e-05	-3.924701e-02	3.148401e+00
1.178000e-05	-3.358881e-02	3.423063e+00
1.179000e-05	-7.617478e-03	3.655769e+00
1.180000e-05	-6.965884e-02	3.907768e+00
1.181000e-05	1.733913e-02	4.095750e+00
1.182000e-05	1.088552e-01	4.391430e+00
1.183000e-05	-1.207239e-01	4.635218e+00
1.184000e-05	4.950173e-02	4.898272e+00
1.185000e-05	3.546620e-02	5.274067e+00
1.186000e-05	-1.034322e-01	5.517851e+00
1.187000e-05	7.423767e-02	5.771980e+00
1.188000e-05	-5.431761e-02	6.053713e+00
1.189000e-05	3.347117e-02	6.326221e+00
1.190000e-05	-3.203156e-02	6.592081e+00
1.191000e-05	-1.939944e-02	6.854662e+00
1.192000e-05	2.139102e-02	7.097796e+00
1.193000e-05	-5.316150e-02	7.381035e+00
1.194000e-05	1.349519e-02	7.644168e+00
1.195000e-05	-4.812499e-02	7.939383e+00
1.196000e-05	4.174234e-02	8.212530e+00
1.197000e-05	-2.067553e-02	8.403466e+00
1.198000e-05	-3.355710e-02	8.653592e+00
1.199000e-05	1.546117e-02	8.866247e+00
1.200000e-05	-4.038172e-02	9.147295e+00
1.201000e-05	3.083912e-03	9.358829e+00
1.202000e-05	-4.301999e-02	9.569859e+00
1.203000e-05	1.891109e-02	9.781856e+00
1.204000e-05	-3.183432e-02	9.990963e+00
1.205000e-05	-1.469693e-02	1.022188e+01
1.206000e-05	-3.042013e-02	1.045099e+01
1.207000e-05	-9.269546e-03	1.064091e+01
1.208000e-05	-9.546088e-03	1.084443e+01
1.209000e-05	-3.396879e-02	1.101243e+01
1.210000e-05	-7.434203e-03	1.123186e+01
1.211000e-05	-2.261683e-02	1.138079e+01
1.212000e-05	-1.324421e-02	1.160231e+01
1.213000e-05	-3.914753e-02	1.183239e+01
1.214000e-05	-7.886743e-03	1.198879e+01
1.215000e-05	-2.511401e-02	1.214976e+01
1.216000e-05	-2.526369e-02	1.231917e+01
1.217000e-05	-3.061815e-02	1.248765e+01
1.218000e-05	-2.019206e-02	1.265544e+01
1.219000e-05	-2.329451e-02	1.281096e+01
1.220000e-05	-3.615261e-02	1.293936e+01
1.221000e-05	-2.177529e-02	1.317713e+01
1.222000e-05	-2.983714e-02	1.326555e+01
1.223000e-05	-2.711015e-02	1.342033e+01
1.224000e-05	-3.678007e-02	1.353068e+01
1.225000e-05	-2.440079e-02	1.366444e+01
1.226000e-05	-3.373679e-02	1.382382e+01
1.227000e-05	-3.574309e-02	1.396668e+01
1.228000e-05	-3.478188e-02	1.406713e+01
1.229000e-05	-3.387892e-02	1.424024e+01
1.230000e-05	-3.649991e-02	1.431615e+01
1.231000e-05	-4.221454e-02	1.442432e+01
1.232000e-05	-3.427317e-02	1.448803e+01
1.233000e-05	-4.137938e-02	1.456041e+01
1.234000e-05	-3.988654e-02	1.468554e+01
1.235000e-05	-4.247608e-02	1.471867e+01
1.236000e-05	-4.151044e-02	1.482138e+01
1.237000e-05	-4.578230e-02	1.488247e+01
1.238000e-05	-4.970005e-02	1.488807e+01
1.239000e-05	-4.593798e-02	1.492765e+01
1.240000e-05	-4.859411e-02	1.500031e+01
1.241000e-05	-5.031333e-02	1.502339e+01
1.242000e-05	-5.422677e-02	1.505442e+01
1.243000e-05	-5.259963e-02	1.506802e+01
1.244000e-05	-5.641468e-02	1.515858e+01
1.245000e-05	-5.663349e-02	1.513768e+01
1.246000e-05	-5.795061e-02	1.515920e+01
1.247000e-05	-5.903251e-02	1.518018e+01
1.248000e-05	-6.123217e-02	1.522977e+01
1.249000e-05	-6.490595e-02	1.518921e+01
1.250000e-05	-6.468788e-02	1.517118e+01
1.251000e-05	-6.921620e-02	1.519075e+01
1.252000e-05	-6.870110e-02	1.516863e+01
1.253000e-05	-7.249399e-02	1.515715e+01
1.254000e-05	-7.415747e-02	1.515755e+01
1.255000e-05	-7.944806e-02	1.509549e+01
1.256000e-05	-8.297713e-02	1.505389e+01
1.257000e-05	-8.617841e-02	1.500978e+01
1.258000e-05	-9.246908e-02	1.495878e+01
1.259000e-05	-9.519326e-02	1.489654e+01
1.260000e-05	-9.969006e-02	1.486289e+01
1.261000e-05	-1.001242e-01	1.479915e+01
1.262000e-05	-1.034501e-01	1.476562e+01
1.263000e-05	-1.028642e-01	1.467449e+01
1.264000e-05	-1.017676e-01	1.458965e+01
1.265000e-05	-9.876410e-02	1.449489e+01
1.266000e-05	-9.405397e-02	1.440873e+01
1.267000e-05	-9.053036e-02	1.425289e+01
1.268000e-05	-8.435677e-02	1.419772e+01
1.269000e-05	-8.241870e-02	1.407181e+01
1.270000e-05	-7.541517e-02	1.392499e+01
1.271000e-05	-7.384466e-02	1.377863e+01
1.272000e-05	-6.502745e-02	1.367339e+01
1.273000e-05	-6.474330e-02	1.350507e+01
1.274000e-05	-5.934916e-02	1.336875e+01
1.275000e-05	-5.854587e-02	1.327504e+01
1.276000e-05	-5.504030e-02	1.313544e+01
1.277000e-05	-5.205193e-02	1.302010e+01
1.278000e-05	-4.792922e-02	1.283178e+01
1.279000e-05	-4.529968e-02	1.269296e+01
1.280000e-05	-4.329918e-02	1.253515e+01
1.281000e-05	-4.235466e-02	1.237774e+01
1.282000e-05	-3.898866e-02	1.221173e+01
1.283000e-05	-3.844769e-02	1.202133e+01
1.284000e-05	-3.614158e-02	1.185339e+01
1.285000e-05	-3.676380e-02	1.168346e+01
1.286000e-05	-3.435218e-02	1.147341e+01
1.287000e-05	-3.183212e-02	1.126296e+01
1.288000e-05	-3.079735e-02	1.109396e+01
1.289000e-05	-3.038666e-02	1.088401e+01
1.290000e-05	-2.833882e-02	1.069186e+01
1.291000e-05	-2.732674e-02	1.050391e+01
1.292000e-05	-2.734077e-02	1.020141e+01
1.293000e-05	-2.639046e-02	1.007038e+01
1.294000e-05	-2.405933e-02	9.811250e+00
1.295000e-05	-2.319557e-02	9.557097e+00
1.296000e-05	-2.512942e-02	9.347197e+00
1.297000e-05	-2.325298e-02	9.175668e+00
1.298000e-05	-2.159909e-02	8.902542e+00
1.299000e-05	-2.014727e-02	8.644406e+00
1.300000e-05	-2.140218e-02	8.421457e+00
1.301000e-05	-2.080633e-02	8.220851e+00
1.302000e-05	-1.884834e-02	7.955094e+00
1.303000e-05	-1.786301e-02	7.725187e+00
1.304000e-05	-1.796954e-02	7.491854e+00
1.305000e-05	-1.842440e-02	7.198350e+00
1.306000e-05	-1.691040e-02	6.939218e+00
1.307000e-05	-1.575109e-02	6.705168e+00
1.308000e-05	-1.537969e-02	6.431000e+00
1.309000e-05	-1.511332e-02	6.217794e+00
1.310000e-05	-1.374493e-02	5.977188e+00
1.311000e-05	-1.367575e-02	5.683004e+00
1.312000e-05	-1.337741e-02	5.459402e+00
1.313000e-05	-1.295809e-02	5.145007e+00
1.314000e-05	-1.222019e-02	4.808873e+00
1.315000e-05	-1.156434e-02	4.594691e+00
1.316000e-05	-1.153421e-02	4.264936e+00
1.317000e-05	-1.176809e-02	3.947718e+00
1.318000e-05	-1.147208e-02	3.685686e+00
1.319000e-05	-9.124680e-03	3.491004e+00
1.320000e-05	-9.198986e-03	3.178790e+00
1.321000e-05	-1.021700e-02	2.904109e+00
1.322000e-05	-8.621654e-03	2.640925e+00
1.323000e-05	-7.391815e-03	2.313160e+00
1.324000e-05	-7.512001e-03	2.060975e+00
1.325000e-05	-8.009823e-03	1.777469e+00
1.326000e-05	-7.246978e-03	1.462050e+00
1.327000e-05	-6.552016e-03	1.187286e+00
1.328000e-05	-6.229752e-03	8.715738e-01
1.329000e-05	-5.494258e-03	5.568421e-01
1.330000e-05	-4.780440e-03	3.146593e-01
1.331000e-05	-2.256897e-03	4.662465e-04
1.332000e-05	5.471132e-03	-2.732154e-01
1.333000e-05	2.023255e-03	-4.779460e-01
1.334000e-05	-2.178424e-03	-7.795326e-01
1.335000e-05	1.424626e-03	-1.044107e+00
1.336000e-05	-1.124649e-04	-1.307796e+00
1.337000e-05	-6.782982e-05	-1.591534e+00
1.338000e-05	1.095656e-02	-1.833662e+00
1.339000e-05	5.549793e-02	-2.064709e+00
1.340000e-05	8.437340e-02	-2.329481e+00
1.341000e-05	-1.009141e-01	-2.708001e+00
1.342000e-05	8.285568e-03	-3.138322e+00
1.343000e-05	-4.023005e-02	-3.360503e+00
1.344000e-05	-1.973970e-02	-3.558899e+00
1.345000e-05	-8.571079e-02	-3.750452e+00
1.346000e-05	1.922300e-01	-3.959429e+00
1.347000e-05	-9.331673e-02	-4.203584e+00
1.348000e-05	1.230850e-02	-4.487723e+00
1.349000e-05	8.964567e-02	-4.737873e+00
1.350000e-05	-1.650176e-01	-5.055219e+00
1.351000e-05	1.697151e-01	-5.357918e+00
1.352000e-05	-1.099541e-01	-5.635117e+00
1.353000e-05	6.950584e-02	-5.908217e+00
1.354000e-05	5.599060e-02	-6.079328e+00
1.355000e-05	-1.166518e-01	-6.445619e+00
1.356000e-05	1.300828e-01	-6.718224e+00
1.357000e-05	-1.048271e-01	-6.970414e+00
1.358000e-05	8.487851e-02	-7.284544e+00
1.359000e-05	-3.117410e-02	-7.509249e+00
1.360000e-05	6.124202e-03	-7.783009e+00
1.361000e-05	8.590242e-02	-8.066016e+00
1.362000e-05	-8.731013e-02	-8.297722e+00
1.363000e-05	1.094391e-01	-8.500280e+00
1.364000e-05	-6.435000e-02	-8.781888e+00
1.365000e-05	5.354970e-02	-9.032963e+00
1.366000e-05	-2.183388e-02	-9.212986e+00
1.367000e-05	2.239778e-02	-9.446064e+00
1.368000e-05	4.668598e-02	-9.686650e+00
1.369000e-05	-2.497536e-02	-9.877651e+00
1.370000e-05	4.573628e-02	-1.007659e+01
1.371000e-05	-2.992171e-02	-1.034722e+01
1.372000e-05	6.507212e-02	-1.053818e+01
1.373000e-05	-2.455855e-02	-1.072670e+01
1.374000e-05	4.828611e-02	-1.084699e+01
1.375000e-05	1.367073e-04	-1.109815e+01
1.376000e-05	2.674935e-02	-1.130857e+01
1.377000e-05	2.005250e-04	-1.147497e+01
1.378000e-05	2.649671e-02	-1.164552e+01
1.379000e-05	3.047683e-02	-1.186355e+01
1.380000e-05	9.055000e-03	-1.206397e+01
1.381000e-05	2.342219e-02	-1.222346e+01
1.382000e-05	1.429861e-02	-1.244093e+01
1.383000e-05	3.684987e-02	-1.254028e+01
1.384000e-05	4.429552e-03	-1.273825e+01
1.385000e-05	3.513921e-02	-1.286615e+01
1.386000e-05	1.653134e-02	-1.303544e+01
1.387000e-05	3.265581e-02	-1.320078e+01
1.388000e-05	1.198059e-02	-1.330915e+01
1.389000e-05	3.646790e-02	-1.344447e+01
1.390000e-05	2.776589e-02	-1.359079e+01
1.391000e-05	2.892025e-02	-1.375875e+01
1.392000e-05	2.319105e-02	-1.383442e+01
1.393000e-05	3.251889e-02	-1.395863e+01
1.394000e-05	3.291826e-02	-1.407665e+01
1.395000e-05	2.864769e-02	-1.426129e+01
1.396000e-05	3.399034e-02	-1.427653e+01
1.397000e-05	3.400607e-02	-1.440173e+01
1.398000e-05	3.568795e-02	-1.453555e+01
1.399000e-05	3.519842e-02	-1.458863e+01
1.400000e-05	4.062813e-02	-1.466184e+01
1.401000e-05	3.824293e-02	-1.467509e+01
1.402000e-05	3.773831e-02	-1.480821e+01
1.403000e-05	3.842287e-02	-1.482134e+01
1.404000e-05	4.316600e-02	-1.486339e+01
1.405000e-05	4.277918e-02	-1.491618e+01
1.406000e-05	4.588901e-02	-1.497710e+01
1.407000e-05	4.470892e-02	-1.500024e+01
1.408000e-05	4.599292e-02	-1.505329e+01
1.409000e-05	4.802942e-02	-1.507589e+01
1.410000e-05	5.204285e-02	-1.507595e+01
1.411000e-05	5.364805e-02	-1.509693e+01
1.412000e-05	5.374676e-02	-1.512748e+01
1.413000e-05	5.575801e-02	-1.513795e+01
1.414000e-05	5.637597e-02	-1.514753e+01
1.415000e-05	5.764060e-02	-1.512745e+01
1.416000e-05	5.969052e-02	-1.507802e+01
1.417000e-05	6.354701e-02	-1.507502e+01
1.418000e-05	6.533467e-02	-1.510540e+01
1.419000e-05	6.741584e-02	-1.509389e+01
1.420000e-05	7.189269e-02	-1.503432e+01
1.421000e-05	7.738193e-02	-1.502176e+01
1.422000e-05	7.876459e-02	-1.496065e+01
1.423000e-05	8.238688e-02	-1.493592e+01
1.424000e-05	8.822151e-02	-1.486386e+01
1.425000e-05	9.273022e-02	-1.482023e+01
1.426000e-05	9.389725e-02	-1.475808e+01
1.427000e-05	9.575075e-02	-1.464592e+01
1.428000e-05	9.894591e-02	-1.461183e+01
1.429000e-05	9.598856e-02	-1.454557e+01
1.430000e-05	9.131665e-02	-1.443024e+01
1.431000e-05	8.963212e-02	-1.433612e+01
1.432000e-05	8.564423e-02	-1.424271e+01
1.433000e-05	8.092314e-02	-1.410698e+01
1.434000e-05	7.464155e-02	-1.399018e+01
1.435000e-05	7.063037e-02	-1.386497e+01
1.436000e-05	6.730661e-02	-1.373865e+01
1.437000e-05	6.166738e-02	-1.366286e+01
1.438000e-05	5.660662e-02	-1.350487e+01
1.439000e-05	5.444274e-02	-1.336876e+01
1.440000e-05	5.062929e-02	-1.327233e+01
1.441000e-05	4.782004e-02	-1.309454e+01
1.442000e-05	4.350331e-02	-1.295923e+01
1.443000e-05	4.217098e-02	-1.284073e+01
1.444000e-05	4.018728e-02	-1.267384e+01
1.445000e-05	3.605968e-02	-1.250499e+01
1.446000e-05	3.475070e-02	-1.236867e+01
1.447000e-05	3.321674e-02	-1.220075e+01
1.448000e-05	3.245175e-02	-1.207131e+01
1.449000e-05	3.011403e-02	-1.186274e+01
1.450000e-05	2.722035e-02	-1.163186e+01
1.451000e-05	2.630773e-02	-1.147238e+01
1.452000e-05	2.615868e-02	-1.121035e+01
1.453000e-05	2.512964e-02	-1.103180e+01
1.454000e-05	2.245091e-02	-1.084990e+01
1.455000e-05	2.004733e-02	-1.068238e+01
1.456000e-05	1.999279e-02	-1.044290e+01
1.457000e-05	1.909010e-02	-1.021325e+01
1.458000e-05	1.952295e-02	-9.968799e+00
1.459000e-05	1.685337e-02	-9.808251e+00
1.460000e-05	1.652221e-02	-9.607853e+00
1.461000e-05	1.504334e-02	-9.377069e+00
1.462000e-05	1.418834e-02	-9.145493e+00
1.463000e-05	1.273804e-02	-8.923567e+00
1.464000e-05	1.202598e-02	-8.713937e+00
1.465000e-05	1.140476e-02	-8.420372e+00
1.466000e-05	1.119531e-02	-8.219220e+00
1.467000e-05	1.035978e-02	-8.008194e+00
1.468000e-05	9.461914e-03	-7.694934e+00
1.469000e-05	8.085769e-03	-7.439804e+00
1.470000e-05	8.804385e-03	-7.178266e+00
1.471000e-05	6.015438e-03	-6.925646e+00
1.472000e-05	7.630066e-03	-6.713509e+00
1.473000e-05	6.563848e-03	-6.441454e+00
1.474000e-05	7.298034e-03	-6.229270e+00
1.475000e-05	3.202824e-03	-5.935109e+00
1.476000e-05	5.161803e-03	-5.661533e+00
1.477000e-05	2.803143e-03	-5.428242e+00
1.478000e-05	6.251824e-03	-5.115107e+00
1.479000e-05	1.546026e-03	-4.766723e+00
1.480000e-05	2.754386e-03	-4.525137e+00
1.481000e-05	1.767570e-03	-4.293156e+00
1.482000e-05	2.779341e-03	-4.020877e+00
1.483000e-05	1.577476e-03	-3.725188e+00
1.484000e-05	7.026479e-05	-3.472529e+00
1.485000e-05	7.197165e-04	-3.219322e+00
1.486000e-05	-1.184762e-03	-2.925583e+00
1.487000e-05	-1.565244e-03	-2.620946e+00
1.488000e-05	-1.499592e-03	-2.388258e+00
1.489000e-05	-9.301050e-04	-2.061956e+00
1.490000e-05	-1.755218e-03	-1.816843e+00
1.491000e-05	-1.257107e-03	-1.515054e+00
1.492000e-05	-3.216315e-03	-1.168788e+00
1.493000e-05	-2.923812e-03	-9.125840e-01
1.494000e-05	-4.150787e-03	-5.883185e-01
1.495000e-05	-3.148558e-03	-3.142343e-01
1.496000e-05	-4.252287e-03	-6.102651e-02
1.497000e-05	3.381202e-03	2.315905e-01
1.498000e-05	3.347344e-03	5.053681e-01
1.499000e-05	-4.801488e-03	7.269511e-01
1.500000e-05	2.725529e-03	1.043204e+00
1.501000e-05	-4.533664e-03	1.285247e+00
1.502000e-05	-4.313314e-04	1.564605e+00
1.503000e-05	-4.503196e-03	1.904711e+00
1.504000e-05	1.817347e-02	2.075217e+00
1.505000e-05	5.671363e-02	2.297876e+00
1.506000e-05	4.580123e-02	2.645269e+00
1.507000e-05	-9.304496e-02	3.000003e+00
1.508000e-05	-1.511145e-02	3.244092e+00
1.509000e-05	-3.522581e-02	3.549500e+00
1.510000e-05	-1.679077e-02	3.751583e+00
1.511000e-05	-6.587106e-02	3.968900e+00
1.512000e-05	7.492991e-02	4.201531e+00
1.513000e-05	4.896603e-02	4.496795e+00
1.514000e-05	-1.453935e-01	4.758365e+00
1.515000e-05	1.606043e-01	5.053067e+00
1.516000e-05	-1.110349e-01	5.349475e+00
1.517000e-05	1.580521e-02	5.602535e+00
1.518000e-05	8.036516e-03	5.927246e+00
1.519000e-05	-2.273917e-02	6.148852e+00
1.520000e-05	2.519909e-02	6.392511e+00
1.521000e-05	-5.452843e-02	6.715825e+00
1.522000e-05	2.119397e-02	6.929353e+00
1.523000e-05	-2.216772e-02	7.200515e+00
1.524000e-05	-1.971413e-02	7.476172e+00
1.525000e-05	-1.203307e-02	7.789875e+00
1.526000e-05	-1.953964e-02	8.036712e+00
1.527000e-05	3.613079e-02	8.327269e+00
1.528000e-05	-4.904294e-02	8.536199e+00
1.529000e-05	-4.077194e-03	8.778304e+00
1.530000e-05	-4.224371e-03	8.949382e+00
1.531000e-05	-2.741508e-02	9.211910e+00
1.532000e-05	-8.295529e-03	9.391938e+00
1.533000e-05	-3.009886e-02	9.643577e+00
1.534000e-05	9.799449e-03	9.926622e+00
1.535000e-05	-3.499156e-02	1.010767e+01
1.536000e-05	-1.544157e-02	1.031622e+01
1.537000e-05	-2.377784e-02	1.048667e+01
1.538000e-05	-6.103890e-03	1.071660e+01
1.539000e-05	-1.881424e-02	1.091670e+01
1.540000e-05	-3.057599e-02	1.110605e+01
1.541000e-05	-4.264923e-03	1.130565e+01
1.542000e-05	-2.405742e-02	1.149612e+01
1.543000e-05	-2.284646e-02	1.170715e+01
1.544000e-05	-3.163806e-02	1.189554e+01
1.545000e-05	-7.764287e-03	1.206391e+01
1.546000e-05	-2.516766e-02	1.219486e+01
1.547000e-05	-3.074539e-02	1.242231e+01
1.548000e-05	-2.358965e-02	1.258275e+01
1.549000e-05	-2.288001e-02	1.272510e+01
1.550000e-05	-2.669101e-02	1.290452e+01
1.551000e-05	-3.551556e-02	1.303242e+01
1.552000e-05	-2.025596e-02	1.320134e+01
1.553000e-05	-2.905317e-02	1.336715e+01
1.554000e-05	-3.314895e-02	1.347497e+01
1.555000e-05	-3.251872e-02	1.363081e+01
1.556000e-05	-2.728674e-02	1.376813e+01
1.557000e-05	-3.240271e-02	1.386492e+01
1.558000e-05	-3.980779e-02	1.398176e+01
1.559000e-05	-3.275061e-02	1.418565e+01
1.560000e-05	-3.624678e-02	1.429504e+01
1.561000e-05	-3.602039e-02	1.439013e+01
1.562000e-05	-3.908768e-02	1.444289e+01
1.563000e-05	-3.672249e-02	1.458818e+01
1.564000e-05	-4.050374e-02	1.463388e+01
1.565000e-05	-4.237558e-02	1.474464e+01
1.566000e-05	-3.922306e-02	1.473975e+01
1.567000e-05	-4.534829e-02	1.482139e+01
1.568000e-05	-4.494731e-02	1.490502e+01
1.569000e-05	-5.058131e-02	1.491667e+01
1.570000e-05	-4.484621e-02	1.495985e+01
1.571000e-05	-5.156979e-02	1.499079e+01
1.572000e-05	-5.143647e-02	1.506247e+01
1.573000e-05	-5.229241e-02	1.511547e+01
1.574000e-05	-5.369468e-02	1.510650e+01
1.575000e-05	-5.580508e-02	1.518755e+01
1.576000e-05	-5.885070e-02	1.517015e+01
1.577000e-05	-5.681444e-02	1.516868e+01
1.578000e-05	-6.118327e-02	1.516965e+01
1.579000e-05	-6.294463e-02	1.519028e+01
1.580000e-05	-6.599659e-02	1.515971e+01
1.581000e-05	-6.591200e-02	1.516971e+01
1.582000e-05	-6.846160e-02	1.517956e+01
1.583000e-05	-6.991149e-02	1.517815e+01
1.584000e-05	-7.317063e-02	1.519807e+01
1.585000e-05	-7.717840e-02	1.513657e+01
1.586000e-05	-7.948822e-02	1.508452e+01
1.587000e-05	-8.447341e-02	1.503233e+01
1.588000e-05	-8.844076e-02	1.498978e+01
1.589000e-05	-9.391074e-02	1.495665e+01
1.590000e-05	-9.629103e-02	1.491601e+01
1.591000e-05	-9.992203e-02	1.481238e+01
1.592000e-05	-1.028703e-01	1.478965e+01
1.593000e-05	-1.035558e-01	1.470559e+01
1.594000e-05	-1.028529e-01	1.464031e+01
1.595000e-05	-9.843449e-02	1.454707e+01
1.596000e-05	-9.839636e-02	1.441438e+01
1.597000e-05	-9.146744e-02	1.434762e+01
1.598000e-05	-8.935352e-02	1.425073e+01
1.599000e-05	-8.192375e-02	1.410692e+01
1.600000e-05	-8.089220e-02	1.396968e+01
1.601000e-05	-7.381314e-02	1.383342e+01
1.602000e-05	-7.016297e-02	1.376700e+01
1.603000e-05	-6.491208e-02	1.361875e+01
1.604000e-05	-6.149935e-02	1.345344e+01
1.605000e-05	-5.919919e-02	1.332814e+01
1.606000e-05	-5.639095e-02	1.322971e+01
1.607000e-05	-5.378181e-02	1.306181e+01
1.608000e-05	-4.906966e-02	1.293605e+01
1.609000e-05	-4.829095e-02	1.281817e+01
1.610000e-05	-4.556666e-02	1.261980e+01
1.611000e-05	-4.324896e-02	1.251392e+01
1.612000e-05	-4.098855e-02	1.231547e+01
1.613000e-05	-3.908567e-02	1.218907e+01
1.614000e-05	-3.812072e-02	1.198012e+01
1.615000e-05	-3.578890e-02	1.177920e+01
1.616000e-05	-3.394148e-02	1.167023e+01
1.617000e-05	-3.290092e-02	1.140173e+01
1.618000e-05	-3.335244e-02	1.116728e+01
1.619000e-05	-3.111275e-02	1.097828e+01
1.620000e-05	-2.898107e-02	1.082067e+01
1.621000e-05	-2.937288e-02	1.057875e+01
1.622000e-05	-2.744815e-02	1.036770e+01
1.623000e-05	-2.669634e-02	1.017722e+01
1.624000e-05	-2.422488e-02	9.967193e+00
1.625000e-05	-2.455728e-02	9.785494e+00
1.626000e-05	-2.353000e-02	9.486961e+00
1.627000e-05	-2.322603e-02	9.293512e+00
1.628000e-05	-2.271824e-02	9.072282e+00
1.629000e-05	-2.157061e-02	8.808375e+00
1.630000e-05	-2.135938e-02	8.578224e+00
1.631000e-05	-2.040575e-02	8.335795e+00
1.632000e-05	-1.912339e-02	8.155558e+00
1.633000e-05	-1.871352e-02	7.882903e+00
1.634000e-05	-1.913358e-02	7.619342e+00
1.635000e-05	-1.770449e-02	7.346687e+00
1.636000e-05	-1.732977e-02	7.144057e+00
1.637000e-05	-1.609577e-02	6.861458e+00
1.638000e-05	-1.620383e-02	6.600763e+00
1.639000e-05	-1.521897e-02	6.365617e+00
1.640000e-05	-1.443792e-02	6.083581e+00
1.641000e-05	-1.359819e-02	5.822412e+00
1.642000e-05	-1.363861e-02	5.567742e+00
1.643000e-05	-1.275007e-02	5.315163e+00
1.644000e-05	-1.231702e-02	5.018665e+00
1.645000e-05	-1.173227e-02	4.714009e+00
1.646000e-05	-1.168299e-02	4.428450e+00
1.647000e-05	-1.127287e-02	4.166769e+00
1.648000e-05	-1.069672e-02	3.855500e+00
1.649000e-05	-1.074504e-02	3.639449e+00
1.650000e-05	-1.000578e-02	3.384684e+00
1.651000e-05	-8.881060e-03	3.071478e+00
1.652000e-05	-9.549344e-03	2.838923e+00
1.653000e-05	-8.515023e-03	2.463657e+00
1.654000e-05	-8.088536e-03	2.219872e+00
1.655000e-05	-7.796770e-03	1.986238e+00
1.656000e-05	-7.468471e-03	1.652529e+00
1.657000e-05	-6.998935e-03	1.367789e+00
1.658000e-05	-6.797439e-03	1.070545e+00
1.659000e-05	-6.210876e-03	7.257357e-01
1.660000e-05	-5.767497e-03	4.736253e-01
1.661000e-05	-4.100916e-03	2.288172e-01
1.662000e-05	-7.959641e-04	-9.629202e-02
1.663000e-05	8.052366e-03	-3.684271e-01
1.664000e-05	-5.257705e-03	-6.226090e-01
1.665000e-05	4.543460e-03	-8.867692e-01
1.666000e-05	-2.236126e-03	-1.138475e+00
1.667000e-05	3.255123e-03	-1.453065e+00
1.668000e-05	-4.638230e-03	-1.696291e+00
1.669000e-05	2.717437e-02	-1.927342e+00
1.670000e-05	8.629046e-02	-2.138843e+00
1.671000e-05	1.123381e-02	-2.467476e+00
1.672000e-05	-8.490944e-02	-2.885776e+00
1.673000e-05	1.215640e-02	-3.211538e+00
1.674000e-05	-3.793721e-02	-3.442612e+00
1.675000e-05	-5.526035e-02	-3.653184e+00
1.676000e-05	8.437768e-03	-3.876215e+00
1.677000e-05	1.628863e-01	-4.074692e+00
1.678000e-05	-1.817794e-01	-4.349401e+00
1.679000e-05	1.752052e-01	-4.590303e+00
1.680000e-05	-8.271814e-02	-4.856691e+00
1.681000e-05	-1.563410e-02	-5.170927e+00
1.682000e-05	1.036125e-01	-5.463669e+00
1.683000e-05	-1.272833e-01	-5.718409e+00
1.684000e-05	1.644069e-01	-5.978930e+00
1.685000e-05	-8.604474e-02	-6.255618e+00
1.686000e-05	8.104380e-03	-6.518859e+00
1.687000e-05	5.825833e-02	-6.770959e+00
1.688000e-05	-8.844517e-02	-7.137777e+00
1.689000e-05	1.182546e-01	-7.357904e+00
1.690000e-05	-1.051874e-01	-7.623015e+00
1.691000e-05	1.171334e-01	-7.867400e+00
1.692000e-05	-3.432656e-02	-8.099382e+00
1.693000e-05	4.745574e-03	-8.409909e+00
1.694000e-05	6.145041e-02	-8.624992e+00
1.695000e-05	-5.795812e-02	-8.907746e+00
1.696000e-05	7.319417e-02	-9.087124e+00
1.697000e-05	-6.145855e-02	-9.318774e+00
1.698000e-05	8.625265e-02	-9.529755e+00
1.699000e-05	-2.230683e-02	-9.779304e+00
1.700000e-05	3.013017e-02	-9.998831e+00
1.701000e-05	-2.975703e-03	-1.017039e+01
1.702000e-05	1.422704e-02	-1.043039e+01
1.703000e-05	3.607682e-02	-1.060241e+01
1.704000e-05	-1.100579e-02	-1.078836e+01
1.705000e-05	4.989346e-02	-1.097133e+01
1.706000e-05	-9.637283e-03	-1.118033e+01
1.707000e-05	3.770218e-02	-1.134983e+01
1.708000e-05	-1.460354e-02	-1.156981e+01
1.709000e-05	5.110541e-02	-1.175868e+01
1.710000e-05	2.532580e-03	-1.191971e+01
1.711000e-05	2.933868e-02	-1.212868e+01
1.712000e-05	6.485764e-03	-1.228710e+01
1.713000e-05	3.401549e-02	-1.250397e+01
1.714000e-05	1.739057e-02	-1.261197e+01
1.715000e-05	1.748869e-02	-1.275286e+01
1.716000e-05	2.983089e-02	-1.297825e+01
1.717000e-05	2.068408e-02	-1.312612e+01
1.718000e-05	2.754513e-02	-1.322149e+01
1.719000e-05	1.652601e-02	-1.338118e+01
1.720000e-05	3.839280e-02	-1.348510e+01
1.721000e-05	2.085287e-02	-1.368449e+01
1.722000e-05	3.137580e-02	-1.379028e+01
1.723000e-05	2.256371e-02	-1.394608e+01
1.724000e-05	4.034740e-02	-1.402324e+01
1.725000e-05	2.667878e-02	-1.415908e+01
1.726000e-05	3.261035e-02	-1.419434e+01
1.727000e-05	3.406448e-02	-1.433758e+01
1.728000e-05	3.389969e-02	-1.444238e+01
1.729000e-05	3.425095e-02	-1.453812e+01
1.730000e-05	3.477048e-02	-1.460233e+01
1.731000e-05	3.997516e-02	-1.466346e+01
1.732000e-05	3.738351e-02	-1.474755e+01
1.733000e-05	3.798680e-02	-1.478916e+01
1.734000e-05	4.342746e-02	-1.484229e+01
1.735000e-05	4.392482e-02	-1.489550e+01
1.736000e-05	4.361851e-02	-1.489858e+01
1.737000e-05	4.483752e-02	-1.497068e+01
1.738000e-05	4.531303e-02	-1.503186e+01
1.739000e-05	4.633291e-02	-1.503379e+01
1.740000e-05	4.751021e-02	-1.503187e+01
1.741000e-05	5.252818e-02	-1.511337e+01
1.742000e-05	5.322617e-02	-1.506605e+01
1.743000e-05	5.428431e-02	-1.510805e+01
1.744000e-05	5.722433e-02	-1.511800e+01
1.745000e-05	5.885241e-02	-1.512650e+01
1.746000e-05	5.911056e-02	-1.512747e+01
1.747000e-05	5.930528e-02	-1.513750e+01
1.748000e-05	6.496170e-02	-1.511747e+01
1.749000e-05	6.703992e-02	-1.505544e+01
1.750000e-05	6.848964e-02	-1.504489e+01
1.751000e-05	7.214013e-02	-1.500389e+01
1.752000e-05	7.675047e-02	-1.500871e+01
1.753000e-05	8.169592e-02	-1.496765e+01
1.754000e-05	8.619636e-02	-1.489590e+01
1.755000e-05	8.909600e-02	-1.481236e+01
1.756000e-05	9.411791e-02	-1.477828e+01
1.757000e-05	9.583090e-02	-1.475657e+01
1.758000e-05	9.777655e-02	-1.464339e+01
1.759000e-05	9.608334e-02	-1.456920e+01
1.760000e-05	9.353222e-02	-1.449454e+01
1.761000e-05	9.104490e-02	-1.438868e+01
1.762000e-05	8.823096e-02	-1.428389e+01
1.763000e-05	8.395452e-02	-1.419008e+01
1.764000e-05	7.921993e-02	-1.405277e+01
1.765000e-05	7.472984e-02	-1.395749e+01
1.766000e-05	6.928954e-02	-1.382186e+01
1.767000e-05	6.361808e-02	-1.372497e+01
1.768000e-05	5.951924e-02	-1.358765e+01
1.769000e-05	5.716730e-02	-1.346286e+01
1.770000e-05	5.287794e-02	-1.332749e+01
1.771000e-05	4.905036e-02	-1.314765e+01
1.772000e-05	4.606149e-02	-1.302388e+01
1.773000e-05	4.330210e-02	-1.296562e+01
1.774000e-05	4.118555e-02	-1.277907e+01
1.775000e-05	3.841623e-02	-1.261071e+01
1.776000e-05	3.684117e-02	-1.244244e+01
1.777000e-05	3.503153e-02	-1.230597e+01
1.778000e-05	3.150510e-02	-1.216760e+01
1.779000e-05	3.000260e-02	-1.194614e+01
1.780000e-05	2.907876e-02	-1.174407e+01
1.781000e-05	2.724054e-02	-1.156875e+01
1.782000e-05	2.619993e-02	-1.131554e+01
1.783000e-05	2.587138e-02	-1.113760e+01
1.784000e-05	2.428800e-02	-1.092619e+01
1.785000e-05	2.195145e-02	-1.076805e+01
1.786000e-05	2.062745e-02	-1.056925e+01
1.787000e-05	2.089707e-02	-1.035817e+01
1.788000e-05	1.825718e-02	-1.014512e+01
1.789000e-05	1.761101e-02	-9.895114e+00
1.790000e-05	1.617968e-02	-9.765141e+00
1.791000e-05	1.650092e-02	-9.505488e+00
1.792000e-05	1.416525e-02	-9.272431e+00
1.793000e-05	1.331004e-02	-9.022377e+00
1.794000e-05	1.306359e-02	-8.790806e+00
1.795000e-05	1.237052e-02	-8.587170e+00
1.796000e-05	1.100715e-02	-8.307091e+00
1.797000e-05	9.446019e-03	-8.127190e+00
1.798000e-05	9.086795e-03	-7.823384e+00
1.799000e-05	9.017526e-03	-7.598771e+00
1.800000e-05	9.032558e-03	-7.333715e+00
1.801000e-05	7.768126e-03	-7.064484e+00
1.802000e-05	7.938416e-03	-6.821377e+00
1.803000e-05	5.945458e-03	-6.577268e+00
1.804000e-05	7.603798e-03	-6.357218e+00
1.805000e-05	4.026291e-03	-6.092029e+00
1.806000e-05	5.049476e-03	-5.829852e+00
1.807000e-05	4.123720e-03	-5.557270e+00
1.808000e-05	3.370949e-03	-5.271979e+00
1.809000e-05	3.311777e-03	-5.006720e+00
1.810000e-05	2.369367e-03	-4.638976e+00
1.811000e-05	2.565155e-03	-4.452422e+00
1.812000e-05	3.017706e-03	-4.207896e+00
1.813000e-05	1.893393e-03	-3.935689e+00
1.814000e-05	1.898902e-03	-3.629503e+00
1.815000e-05	-6.742883e-04	-3.408292e+00
1.816000e-05	6.857125e-04	-3.104585e+00
1.817000e-05	-1.339635e-03	-2.798291e+00
1.818000e-05	-4.694965e-04	-2.524759e+00
1.819000e-05	-2.204654e-03	-2.251524e+00
1.820000e-05	-9.351143e-05	-1.976263e+00
1.821000e-05	-3.123091e-03	-1.694134e+00
1.822000e-05	-1.185443e-03	-1.346892e+00
1.823000e-05	-5.043514e-03	-1.041376e+00
1.824000e-05	-2.753822e-03	-7.993634e-01
1.825000e-05	-4.705838e-03	-4.620516e-01
1.826000e-05	-3.338324e-03	-1.989474e-01
1.827000e-05	-2.967593e-03	7.421309e-02
1.828000e-05	7.410045e-03	3.389987e-01
1.829000e-05	-3.471734e-03	6.316052e-01
1.830000e-05	5.854977e-04	8.521104e-01
1.831000e-05	-3.109570e-03	1.149501e+00
1.832000e-05	-1.355015e-03	1.422162e+00
1.833000e-05	-4.450650e-03	1.707996e+00
1.834000e-05	5.765095e-03	1.938396e+00
1.835000e-05	2.291489e-02	2.158930e+00
1.836000e-05	8.271730e-02	2.464664e+00
1.837000e-05	-3.005487e-02	2.813109e+00
1.838000e-05	-6.380642e-02	3.084713e+00
1.839000e-05	-2.581125e-02	3.340450e+00
1.840000e-05	-1.515182e-02	3.632686e+00
1.841000e-05	-5.331241e-02	3.864643e+00
1.842000e-05	-1.969949e-02	4.044664e+00
1.843000e-05	1.106270e-01	4.307325e+00
1.844000e-05	-6.457470e-02	4.581484e+00
1.845000e-05	-3.436887e-02	4.822141e+00
1.846000e-05	1.148161e-01	5.171411e+00
1.847000e-05	-1.448061e-01	5.454164e+00
1.848000e-05	8.201470e-02	5.708778e+00
1.849000e-05	-4.756566e-02	6.023006e+00
1.850000e-05	1.848155e-02	6.242612e+00
1.851000e-05	-1.121561e-02	6.509250e+00
1.852000e-05	-4.041816e-02	6.802458e+00
1.853000e-05	3.562374e-02	7.073563e+00
1.854000e-05	-5.421855e-02	7.317276e+00
1.855000e-05	1.274927e-02	7.592961e+00
1.856000e-05	-4.612076e-02	7.844217e+00
1.857000e-05	2.586735e-02	8.181006e+00
1.858000e-05	2.912890e-04	8.390959e+00
1.859000e-05	-4.563896e-02	8.618957e+00
1.860000e-05	1.690159e-02	8.841616e+00
1.861000e-05	-3.279044e-02	9.104045e+00
1.862000e-05	-2.630445e-03	9.307121e+00
1.863000e-05	-3.738191e-02	9.537151e+00
1.864000e-05	5.738911e-03	9.679777e+00
1.865000e-05	-1.851280e-02	9.988906e+00
1.866000e-05	-1.984665e-02	1.018083e+01
1.867000e-05	-2.763816e-02	1.036931e+01
1.868000e-05	-1.372791e-02	1.056183e+01
1.869000e-05	-7.624127e-03	1.075091e+01
1.870000e-05	-3.070874e-02	1.095888e+01
1.871000e-05	-1.577489e-02	1.116878e+01
1.872000e-05	-1.642167e-02	1.134931e+01
1.873000e-05	-1.505652e-02	1.156924e+01
1.874000e-05	-3.617893e-02	1.176976e+01
1.875000e-05	-1.201867e-02	1.196815e+01
1.876000e-05	-1.926466e-02	1.211867e+01
1.877000e-05	-2.556605e-02	1.225660e+01
1.878000e-05	-3.266536e-02	1.245402e+01
1.879000e-05	-1.971575e-02	1.259289e+01
1.880000e-05	-2.384638e-02	1.278181e+01
1.881000e-05	-3.485019e-02	1.289713e+01
1.882000e-05	-2.547248e-02	1.307605e+01
1.883000e-05	-2.595997e-02	1.325586e+01
1.884000e-05	-2.814111e-02	1.336025e+01
1.885000e-05	-3.872449e-02	1.351715e+01
1.886000e-05	-2.406007e-02	1.365396e+01
1.887000e-05	-3.107748e-02	1.379023e+01
1.888000e-05	-3.435888e-02	1.389705e+01
1.889000e-05	-3.792316e-02	1.406392e+01
1.890000e-05	-3.264798e-02	1.418016e+01
1.891000e-05	-3.531819e-02	1.429713e+01
1.892000e-05	-4.170032e-02	1.440171e+01
1.893000e-05	-3.587285e-02	1.448510e+01
1.894000e-05	-4.046491e-02	1.459980e+01
1.895000e-05	-3.848003e-02	1.465294e+01
1.896000e-05	-4.308968e-02	1.474813e+01
1.897000e-05	-4.039037e-02	1.480941e+01
1.898000e-05	-4.690467e-02	1.484189e+01
1.899000e-05	-4.640291e-02	1.491607e+01
1.900000e-05	-4.718996e-02	1.493818e+01
1.901000e-05	-4.789786e-02	1.498028e+01
1.902000e-05	-5.179269e-02	1.504233e+01
1.903000e-05	-5.291652e-02	1.507607e+01
1.904000e-05	-4.994127e-02	1.509502e+01
1.905000e-05	-5.702415e-02	1.511652e+01
1.906000e-05	-5.647574e-02	1.517765e+01
1.907000e-05	-5.860796e-02	1.518958e+01
1.908000e-05	-5.640714e-02	1.517863e+01
1.909000e-05	-6.195390e-02	1.522026e+01
1.910000e-05	-6.401441e-02	1.521020e+01
1.911000e-05	-6.427230e-02	1.517967e+01
1.912000e-05	-6.767402e-02	1.520968e+01
1.913000e-05	-6.960624e-02	1.516070e+01
1.914000e-05	-7.284087e-02	1.516808e+01
1.915000e-05	-7.300547e-02	1.514720e+01
1.916000e-05	-7.922519e-02	1.512502e+01
1.917000e-05	-8.178283e-02	1.509501e+01
1.918000e-05	-8.657403e-02	1.503428e+01
1.919000e-05	-8.990888e-02	1.498025e+01
1.920000e-05	-9.352082e-02	1.490560e+01
1.921000e-05	-9.973827e-02	1.489299e+01
1.922000e-05	-1.004319e-01	1.483076e+01
1.923000e-05	-1.034294e-01	1.475762e+01
1.924000e-05	-1.029720e-01	1.466447e+01
1.925000e-05	-1.024893e-01	1.460013e+01
1.926000e-05	-9.956930e-02	1.449450e+01
1.927000e-05	-9.577980e-02	1.442018e+01
1.928000e-05	-9.137018e-02	1.429489e+01
1.929000e-05	-8.615075e-02	1.420928e+01
1.930000e-05	-8.313672e-02	1.407289e+01
1.931000e-05	-7.554303e-02	1.391652e+01
1.932000e-05	-7.384110e-02	1.382080e+01
1.933000e-05	-6.750345e-02	1.369444e+01
1.934000e-05	-6.569436e-02	1.357910e+01
1.935000e-05	-5.992911e-02	1.341231e+01
1.936000e-05	-5.813198e-02	1.328512e+01
1.937000e-05	-5.354749e-02	1.317607e+01
1.938000e-05	-5.148589e-02	1.302028e+01
1.939000e-05	-4.936481e-02	1.288194e+01
1.940000e-05	-4.782675e-02	1.269552e+01
1.941000e-05	-4.463597e-02	1.256767e+01
1.942000e-05	-4.229719e-02	1.241175e+01
1.943000e-05	-4.063575e-02	1.227391e+01
1.944000e-05	-3.904634e-02	1.207096e+01
1.945000e-05	-3.536231e-02	1.189404e+01
1.946000e-05	-3.487578e-02	1.174454e+01
1.947000e-05	-3.509567e-02	1.149549e+01
1.948000e-05	-3.352769e-02	1.133454e+01
1.949000e-05	-3.153876e-02	1.113514e+01
1.950000e-05	-3.063675e-02	1.091564e+01
1.951000e-05	-3.002934e-02	1.071602e+01
1.952000e-05	-2.911003e-02	1.053349e+01
1.953000e-05	-2.630681e-02	1.025549e+01
1.954000e-05	-2.632703e-02	1.010504e+01
1.955000e-05	-2.467838e-02	9.853338e+00
1.956000e-05	-2.391158e-02	9.660349e+00
1.957000e-05	-2.268359e-02	9.409826e+00
1.958000e-05	-2.215899e-02	9.199770e+00
1.959000e-05	-2.280079e-02	8.907097e+00
1.960000e-05	-2.092714e-02	8.715596e+00
1.961000e-05	-2.191613e-02	8.534588e+00
1.962000e-05	-2.011601e-02	8.264357e+00
1.963000e-05	-1.939217e-02	8.060321e+00
1.964000e-05	-1.791005e-02	7.778721e+00
1.965000e-05	-1.783126e-02	7.505563e+00
1.966000e-05	-1.723026e-02	7.230907e+00
1.967000e-05	-1.576192e-02	7.018299e+00
1.968000e-05	-1.712205e-02	6.766189e+00
1.969000e-05	-1.545789e-02	6.522528e+00
1.970000e-05	-1.524658e-02	6.220880e+00
1.971000e-05	-1.370343e-02	6.018825e+00
1.972000e-05	-1.388446e-02	5.784111e+00
1.973000e-05	-1.387722e-02	5.503583e+00
1.974000e-05	-1.222063e-02	5.206719e+00
1.975000e-05	-1.074955e-02	4.870976e+00
1.976000e-05	-1.203504e-02	4.597321e+00
1.977000e-05	-1.229996e-02	4.355667e+00
1.978000e-05	-1.063383e-02	4.011423e+00
1.979000e-05	-1.026618e-02	3.777242e+00
1.980000e-05	-1.106066e-02	3.527113e+00
1.981000e-05	-1.061365e-02	3.209427e+00
1.982000e-05	-8.210218e-03	2.966317e+00
1.983000e-05	-8.621954e-03	2.693115e+00
1.984000e-05	-9.080287e-03	2.427795e+00
1.985000e-05	-8.365561e-03	2.123655e+00
1.986000e-05	-6.735698e-03	1.860477e+00
1.987000e-05	-6.374762e-03	1.536184e+00
1.988000e-05	-7.677214e-03	1.252072e+00
1.989000e-05	-7.235264e-03	9.531540e-01
1.990000e-05	-5.906896e-03	6.710224e-01
1.991000e-05	-4.865480e-03	3.792408e-01
1.992000e-05	-3.894124e-03	1.115831e-01
1.993000e-05	1.389169e-03	-1.806077e-01
1.994000e-05	7.019622e-03	-4.352354e-01
1.995000e-05	-4.600994e-03	-7.584999e-01
1.996000e-05	4.212140e-03	-9.805776e-01
1.997000e-05	-3.419281e-03	-1.232636e+00
1.998000e-05	2.682971e-03	-1.556899e+00
1.999000e-05	3.541930e-03	-1.769055e+00
2.000000e-05	4.259076e-02	-1.991051e+00
2.001000e-05	9.789478e-02	-2.287244e+00
2.002000e-05	-7.541508e-02	-2.654691e+00
2.003000e-05	-1.754354e-02	-2.981267e+00
2.004000e-05	-2.409410e-02	-3.295372e+00
2.005000e-05	-1.942496e-02	-3.529348e+00
2.006000e-05	-9.476732e-02	-3.738950e+00
2.007000e-05	1.452988e-01	-3.969400e+00
2.008000e-05	2.998338e-03	-4.139480e+00
2.009000e-05	-8.046637e-02	-4.424169e+00
2.010000e-05	1.693612e-01	-4.694671e+00
2.011000e-05	-1.841815e-01	-4.939533e+00
2.012000e-05	1.409286e-01	-5.253097e+00
2.013000e-05	-4.580282e-02	-5.580431e+00
2.014000e-05	-1.060273e-02	-5.835192e+00
2.015000e-05	1.263054e-01	-6.085243e+00
2.016000e-05	-1.444496e-01	-6.390489e+00
2.017000e-05	1.162473e-01	-6.674121e+00
2.018000e-05	-6.433242e-02	-6.918127e+00
2.019000e-05	2.577180e-02	-7.202535e+00
2.020000e-05	3.526644e-02	-7.464670e+00
2.021000e-05	-5.762553e-02	-7.758283e+00
2.022000e-05	1.306058e-01	-7.971534e+00
2.023000e-05	-1.010054e-01	-8.256664e+00
2.024000e-05	9.589140e-02	-8.476150e+00
2.025000e-05	-3.118147e-02	-8.717754e+00
2.026000e-05	1.491580e-02	-8.979432e+00
2.027000e-05	1.801943e-02	-9.180908e+00
2.028000e-05	-2.003382e-02	-9.401314e+00
2.029000e-05	8.072073e-02	-9.683063e+00
2.030000e-05	-4.145885e-02	-9.845565e+00
2.031000e-05	5.446010e-02	-1.004404e+01
2.032000e-05	-3.546699e-02	-1.023555e+01
2.033000e-05	6.020995e-02	-1.048615e+01
2.034000e-05	-1.100488e-02	-1.067649e+01
2.035000e-05	3.007379e-02	-1.088357e+01
2.036000e-05	1.870567e-02	-1.099407e+01
2.037000e-05	1.281707e-02	-1.128499e+01
2.038000e-05	1.538746e-02	-1.140444e+01
2.039000e-05	6.494340e-03	-1.161304e+01
2.040000e-05	4.514092e-02	-1.182191e+01
2.041000e-05	5.153625e-04	-1.204142e+01
2.042000e-05	3.093703e-02	-1.218891e+01
2.043000e-05	5.319497e-03	-1.235931e+01
2.044000e-05	4.290547e-02	-1.251920e+01
2.045000e-05	2.337045e-03	-1.270560e+01
2.046000e-05	3.156894e-02	-1.286501e+01
2.047000e-05	1.928412e-02	-1.301183e+01
2.048000e-05	3.102972e-02	-1.316718e+01
2.049000e-05	1.674756e-02	-1.326655e+01
2.050000e-05	2.880961e-02	-1.342389e+01
2.051000e-05	3.199535e-02	-1.353973e+01
2.052000e-05	2.431261e-02	-1.370612e+01
2.053000e-05	2.676537e-02	-1.383243e+01
2.054000e-05	2.927620e-02	-1.393815e+01
2.055000e-05	3.538541e-02	-1.406550e+01
2.056000e-05	2.483793e-02	-1.419118e+01
2.057000e-05	3.419724e-02	-1.427492e+01
2.058000e-05	3.387558e-02	-1.444166e+01
2.059000e-05	3.678271e-02	-1.447448e+01
2.060000e-05	3.351321e-02	-1.458970e+01
2.061000e-05	3.958408e-02	-1.461134e+01
2.062000e-05	3.839930e-02	-1.471557e+01
2.063000e-05	3.712518e-02	-1.478763e+01
2.064000e-05	3.838088e-02	-1.482131e+01
2.065000e-05	4.269741e-02	-1.485337e+01
2.066000e-05	4.211417e-02	-1.485592e+01
2.067000e-05	4.450912e-02	-1.493863e+01
2.068000e-05	4.532413e-02	-1.499976e+01
2.069000e-05	4.634103e-02	-1.500284e+01
2.070000e-05	4.722340e-02	-1.506382e+01
2.071000e-05	5.068264e-02	-1.505294e+01
2.072000e-05	5.334638e-02	-1.507642e+01
2.073000e-05	5.309516e-02	-1.507602e+01
2.074000e-05	5.547579e-02	-1.510750e+01
2.075000e-05	5.722540e-02	-1.511750e+01
2.076000e-05	5.732592e-02	-1.512655e+01
2.077000e-05	5.762463e-02	-1.512600e+01
2.078000e-05	6.307871e-02	-1.509542e+01
2.079000e-05	6.734216e-02	-1.508639e+01
2.080000e-05	6.714580e-02	-1.508389e+01
2.081000e-05	7.027464e-02	-1.503287e+01
2.082000e-05	7.399674e-02	-1.506231e+01
2.083000e-05	7.923902e-02	-1.496963e+01
2.084000e-05	8.260801e-02	-1.494607e+01
2.085000e-05	8.718146e-02	-1.489534e+01
2.086000e-05	9.206421e-02	-1.483281e+01
2.087000e-05	9.548304e-02	-1.478712e+01
2.088000e-05	9.592468e-02	-1.465394e+01
2.089000e-05	9.752849e-02	-1.459286e+01
2.090000e-05	9.594589e-02	-1.453620e+01
2.091000e-05	9.275525e-02	-1.445126e+01
2.092000e-05	9.023719e-02	-1.432652e+01
2.093000e-05	8.651584e-02	-1.424326e+01
2.094000e-05	8.260844e-02	-1.412747e+01
2.095000e-05	7.704891e-02	-1.400861e+01
2.096000e-05	7.162649e-02	-1.390646e+01
2.097000e-05	6.670711e-02	-1.377962e+01
2.098000e-05	6.201091e-02	-1.364341e+01
2.099000e-05	5.921227e-02	-1.353509e+01
2.100000e-05	5.598597e-02	-1.341221e+01
2.101000e-05	5.115197e-02	-1.323386e+01
2.102000e-05	4.643498e-02	-1.313507e+01
2.103000e-05	4.380157e-02	-1.300030e+01
2.104000e-05	4.209737e-02	-1.288388e+01
2.105000e-05	4.008644e-02	-1.270449e+01
2.106000e-05	3.808877e-02	-1.256720e+01
2.107000e-05	3.599446e-02	-1.239972e+01
2.108000e-05	3.393378e-02	-1.223236e+01
2.109000e-05	3.113948e-02	-1.208301e+01
2.110000e-05	2.889468e-02	-1.189442e+01
2.111000e-05	2.771617e-02	-1.168489e+01
2.112000e-05	2.733538e-02	-1.148099e+01
2.113000e-05	2.550949e-02	-1.123431e+01
2.114000e-05	2.345073e-02	-1.104339e+01
2.115000e-05	2.305840e-02	-1.089396e+01
2.116000e-05	2.179338e-02	-1.067546e+01
2.117000e-05	2.068200e-02	-1.047401e+01
2.118000e-05	1.856199e-02	-1.025341e+01
2.119000e-05	1.856719e-02	-1.008088e+01
2.120000e-05	1.843474e-02	-9.839829e+00
2.121000e-05	1.654810e-02	-9.671430e+00
2.122000e-05	1.533829e-02	-9.351179e+00
2.123000e-05	1.379986e-02	-9.147717e+00
2.124000e-05	1.333437e-02	-8.986697e+00
2.125000e-05	1.200473e-02	-8.726117e+00
2.126000e-05	1.259472e-02	-8.484479e+00
2.127000e-05	1.062285e-02	-8.233004e+00
2.128000e-05	1.068001e-02	-8.050955e+00
2.129000e-05	8.834417e-03	-7.777618e+00
2.130000e-05	9.114757e-03	-7.452910e+00
2.131000e-05	7.381575e-03	-7.242433e+00
2.132000e-05	6.813481e-03	-6.991163e+00
2.133000e-05	7.383791e-03	-6.715093e+00
2.134000e-05	6.686347e-03	-6.494083e+00
2.135000e-05	5.677292e-03	-6.243883e+00
2.136000e-05	3.899821e-03	-5.997667e+00
2.137000e-05	6.510651e-03	-5.695088e+00
2.138000e-05	3.861030e-03	-5.473383e+00
2.139000e-05	4.132609e-03	-5.149215e+00
2.140000e-05	2.102824e-03	-4.810304e+00
2.141000e-05	3.293654e-03	-4.557796e+00
2.142000e-05	1.287864e-03	-4.336717e+00
2.143000e-05	3.481473e-03	-4.073928e+00
2.144000e-05	1.547432e-03	-3.830442e+00
2.145000e-05	2.124138e-03	-3.515687e+00
2.146000e-05	-1.871046e-04	-3.252053e+00
2.147000e-05	-8.856693e-04	-2.969837e+00
2.148000e-05	-1.245519e-03	-2.682081e+00
2.149000e-05	5.477121e-04	-2.429419e+00
2.150000e-05	-1.562630e-03	-2.114189e+00
2.151000e-05	-2.125300e-03	-1.881949e+00
2.152000e-05	-2.820277e-03	-1.566266e+00
2.153000e-05	-3.271092e-03	-1.229946e+00
2.154000e-05	-2.220425e-03	-9.162382e-01
2.155000e-05	-3.636992e-03	-6.805504e-01
2.156000e-05	-3.898367e-03	-3.772171e-01
2.157000e-05	-4.122769e-03	-1.142555e-01
2.158000e-05	1.352558e-03	1.690514e-01
2.159000e-05	6.276902e-03	4.451853e-01
2.160000e-05	-6.272638e-03	6.983197e-01
2.161000e-05	3.459028e-03	9.509511e-01
2.162000e-05	-4.596072e-03	1.273188e+00
2.163000e-05	1.445624e-03	1.529101e+00
2.164000e-05	-7.826601e-03	1.842208e+00
2.165000e-05	1.531329e-02	2.052160e+00
2.166000e-05	4.009728e-02	2.296241e+00
2.167000e-05	7.485305e-02	2.583035e+00
2.168000e-05	-8.848999e-02	2.908321e+00
2.169000e-05	-2.373923e-02	3.250528e+00
2.170000e-05	-3.706847e-02	3.485293e+00
2.171000e-05	-5.748781e-03	3.747425e+00
2.172000e-05	-7.634485e-02	3.927381e+00
2.173000e-05	4.548754e-02	4.129929e+00
2.174000e-05	9.073530e-02	4.452563e+00
2.175000e-05	-1.475543e-01	4.697769e+00
2.176000e-05	1.160851e-01	4.959075e+00
2.177000e-05	-3.604362e-02	5.316924e+00
2.178000e-05	-4.998594e-02	5.531028e+00
2.179000e-05	4.765581e-02	5.882090e+00
2.180000e-05	-4.655714e-02	6.116719e+00
2.181000e-05	3.539361e-02	6.317805e+00
2.182000e-05	-4.322701e-02	6.645040e+00
2.183000e-05	2.185934e-04	6.886718e+00
2.184000e-05	1.262476e-03	7.160401e+00
2.185000e-05	-4.208851e-02	7.434540e+00
2.186000e-05	7.237384e-03	7.727175e+00
2.187000e-05	-3.851442e-02	8.021036e+00
2.188000e-05	4.595424e-02	8.275063e+00
2.189000e-05	-3.772596e-02	8.474540e+00
2.190000e-05	-2.206382e-02	8.715142e+00
2.191000e-05	7.807111e-03	8.918803e+00
2.192000e-05	-3.716285e-02	9.138430e+00
2.193000e-05	2.646000e-03	9.379431e+00
2.194000e-05	-4.170365e-02	9.610435e+00
2.195000e-05	1.900982e-02	9.852565e+00
2.196000e-05	-3.570531e-02	1.005254e+01
2.197000e-05	-1.269410e-02	1.026352e+01
2.198000e-05	-2.782184e-02	1.044409e+01
2.199000e-05	-6.979516e-03	1.066354e+01
2.200000e-05	-1.274131e-02	1.084455e+01
2.201000e-05	-3.669364e-02	1.105804e+01
2.202000e-05	-4.954911e-03	1.124292e+01
2.203000e-05	-2.372683e-02	1.147295e+01
2.204000e-05	-1.535553e-02	1.168559e+01
2.205000e-05	-3.764685e-02	1.190052e+01
2.206000e-05	-7.320919e-03	1.205247e+01
2.207000e-05	-2.589901e-02	1.219378e+01
2.208000e-05	-2.750642e-02	1.238928e+01
2.209000e-05	-2.643193e-02	1.255915e+01
2.210000e-05	-2.113631e-02	1.268605e+01
2.211000e-05	-2.616398e-02	1.285404e+01
2.212000e-05	-3.605545e-02	1.297236e+01
2.213000e-05	-2.001642e-02	1.312875e+01
2.214000e-05	-3.279811e-02	1.329565e+01
2.215000e-05	-2.792327e-02	1.345349e+01
2.216000e-05	-3.687322e-02	1.358080e+01
2.217000e-05	-2.113578e-02	1.370509e+01
2.218000e-05	-3.388138e-02	1.385529e+01
2.219000e-05	-3.718391e-02	1.399121e+01
2.220000e-05	-3.238059e-02	1.410655e+01
2.221000e-05	-3.730374e-02	1.425326e+01
2.222000e-05	-3.635510e-02	1.433973e+01
2.223000e-05	-4.343348e-02	1.445435e+01
2.224000e-05	-3.385496e-02	1.454765e+01
2.225000e-05	-4.001665e-02	1.461334e+01
2.226000e-05	-4.054265e-02	1.468549e+01
2.227000e-05	-3.972682e-02	1.475865e+01
2.228000e-05	-4.333967e-02	1.481226e+01
2.229000e-05	-4.568367e-02	1.490399e+01
2.230000e-05	-4.966376e-02	1.492760e+01
2.231000e-05	-4.601424e-02	1.493978e+01
2.232000e-05	-4.973576e-02	1.498233e+01
2.233000e-05	-5.125866e-02	1.504384e+01
2.234000e-05	-5.354888e-02	1.510342e+01
2.235000e-05	-5.276808e-02	1.511755e+01
2.236000e-05	-5.614123e-02	1.514553e+01
2.237000e-05	-5.662077e-02	1.517010e+01
2.238000e-05	-5.630678e-02	1.513065e+01
2.239000e-05	-6.008110e-02	1.518118e+01
2.240000e-05	-6.246185e-02	1.521073e+01
2.241000e-05	-6.551900e-02	1.518123e+01
2.242000e-05	-6.546329e-02	1.520181e+01
2.243000e-05	-7.030126e-02	1.519015e+01
2.244000e-05	-6.950241e-02	1.516813e+01
2.245000e-05	-7.164057e-02	1.515817e+01
2.246000e-05	-7.483266e-02	1.514760e+01
2.247000e-05	-8.000679e-02	1.509636e+01
2.248000e-05	-8.436930e-02	1.506339e+01
2.249000e-05	-8.639062e-02	1.500186e+01
2.250000e-05	-9.320306e-02	1.497920e+01
2.251000e-05	-9.672960e-02	1.490609e+01
2.252000e-05	-1.013769e-01	1.487246e+01
2.253000e-05	-1.015010e-01	1.484070e+01
2.254000e-05	-1.034354e-01	1.469514e+01
2.255000e-05	-1.033300e-01	1.465286e+01
2.256000e-05	-1.001101e-01	1.457017e+01
2.257000e-05	-9.766317e-02	1.444242e+01
2.258000e-05	-9.261276e-02	1.438910e+01
2.259000e-05	-9.063544e-02	1.427289e+01
2.260000e-05	-8.319132e-02	1.411560e+01
2.261000e-05	-8.269116e-02	1.401181e+01
2.262000e-05	-7.461436e-02	1.392542e+01
2.263000e-05	-7.206152e-02	1.376810e+01
2.264000e-05	-6.592969e-02	1.364176e+01
2.265000e-05	-6.316287e-02	1.354549e+01
2.266000e-05	-5.915782e-02	1.337018e+01
2.267000e-05	-5.679136e-02	1.325420e+01
2.268000e-05	-5.371493e-02	1.310296e+01
2.269000e-05	-5.120388e-02	1.298508e+01
2.270000e-05	-4.876096e-02	1.284928e+01
2.271000e-05	-4.639418e-02	1.264131e+01
2.272000e-05	-4.390925e-02	1.251649e+01
2.273000e-05	-4.062960e-02	1.234752e+01
2.274000e-05	-3.956485e-02	1.224015e+01
2.275000e-05	-3.796323e-02	1.205928e+01
2.276000e-05	-3.630575e-02	1.184988e+01
2.277000e-05	-3.523948e-02	1.165080e+01
2.278000e-05	-3.381317e-02	1.145175e+01
2.279000e-05	-3.283579e-02	1.122831e+01
2.280000e-05	-3.195048e-02	1.102193e+01
2.281000e-05	-3.043871e-02	1.089193e+01
2.282000e-05	-2.868268e-02	1.062478e+01
2.283000e-05	-2.775545e-02	1.043933e+01
2.284000e-05	-2.679927e-02	1.021028e+01
2.285000e-05	-2.495930e-02	1.000980e+01
2.286000e-05	-2.424540e-02	9.757671e+00
2.287000e-05	-2.243065e-02	9.545216e+00
2.288000e-05	-2.382357e-02	9.316668e+00
2.289000e-05	-2.274575e-02	9.104535e+00
2.290000e-05	-2.151201e-02	8.874456e+00
2.291000e-05	-2.084911e-02	8.652852e+00
2.292000e-05	-2.107594e-02	8.401395e+00
2.293000e-05	-1.999779e-02	8.217145e+00
2.294000e-05	-1.849819e-02	7.916143e+00
2.295000e-05	-1.757834e-02	7.693109e+00
2.296000e-05	-1.765988e-02	7.429793e+00
2.297000e-05	-1.712660e-02	7.165615e+00
2.298000e-05	-1.606176e-02	6.936084e+00
2.299000e-05	-1.609348e-02	6.642979e+00
2.300000e-05	-1.508318e-02	6.407296e+00
2.301000e-05	-1.428547e-02	6.155715e+00
2.302000e-05	-1.395492e-02	5.935039e+00
2.303000e-05	-1.442850e-02	5.649952e+00
2.304000e-05	-1.273140e-02	5.377120e+00
2.305000e-05	-1.269160e-02	5.052400e+00
2.306000e-05	-1.152088e-02	4.757665e+00
2.307000e-05	-1.178973e-02	4.491606e+00
2.308000e-05	-1.107660e-02	4.250400e+00
2.309000e-05	-1.119104e-02	3.936184e+00
2.310000e-05	-1.065663e-02	3.683481e+00
2.311000e-05	-1.061236e-02	3.416823e+00
2.312000e-05	-9.109700e-03	3.126138e+00
2.313000e-05	-9.855121e-03	2.872051e+00
2.314000e-05	-9.453436e-03	2.585738e+00
2.315000e-05	-7.665852e-03	2.301528e+00
2.316000e-05	-7.116215e-03	2.009371e+00
2.317000e-05	-8.002237e-03	1.744782e+00
2.318000e-05	-7.347824e-03	1.430471e+00
2.319000e-05	-6.697371e-03	1.157209e+00
2.320000e-05	-4.929550e-03	8.288223e-01
2.321000e-05	-6.274284e-03	5.157343e-01
2.322000e-05	-5.525653e-03	2.426503e-01
2.323000e-05	-3.065941e-03	-4.268527e-02
2.324000e-05	8.546120e-03	-3.058430e-01
2.325000e-05	-2.337765e-03	-5.290745e-01
2.326000e-05	1.416952e-03	-7.941116e-01
2.327000e-05	-1.016551e-03	-1.075217e+00
2.328000e-05	2.336458e-03	-1.370554e+00
2.329000e-05	-2.736102e-03	-1.611662e+00
2.330000e-05	1.759429e-02	-1.875787e+00
2.331000e-05	6.891395e-02	-2.065271e+00
2.332000e-05	5.746169e-02	-2.433719e+00
2.333000e-05	-1.032109e-01	-2.813586e+00
2.334000e-05	1.832717e-02	-3.151878e+00
2.335000e-05	-4.473185e-02	-3.391528e+00
2.336000e-05	-3.064621e-02	-3.592503e+00
2.337000e-05	-5.543331e-02	-3.864086e+00
2.338000e-05	1.971661e-01	-4.011058e+00
2.339000e-05	-1.619653e-01	-4.276742e+00
2.340000e-05	9.764161e-02	-4.548348e+00
2.341000e-05	1.242144e-02	-4.822060e+00
2.342000e-05	-1.044964e-01	-5.098301e+00
2.343000e-05	1.595105e-01	-5.352500e+00
2.344000e-05	-1.370596e-01	-5.695273e+00
2.345000e-05	1.259945e-01	-5.948323e+00
2.346000e-05	-1.333558e-02	-6.169931e+00
2.347000e-05	-6.662541e-02	-6.506223e+00
2.348000e-05	1.121073e-01	-6.728826e+00
2.349000e-05	-1.147083e-01	-7.017120e+00
2.350000e-05	1.169057e-01	-7.307271e+00
2.351000e-05	-7.799272e-02	-7.568908e+00
2.352000e-05	6.377607e-02	-7.853591e+00
2.353000e-05	3.157451e-02	-8.117172e+00
2.354000e-05	-5.109605e-02	-8.320780e+00
2.355000e-05	9.893640e-02	-8.540408e+00
2.356000e-05	-7.480863e-02	-8.854565e+00
2.357000e-05	7.231595e-02	-9.054615e+00
2.358000e-05	-4.746260e-02	-9.296569e+00
2.359000e-05	5.791689e-02	-9.507299e+00
2.360000e-05	1.284183e-02	-9.697696e+00
2.361000e-05	-1.790299e-04	-9.938202e+00
2.362000e-05	2.642001e-02	-1.015970e+01
2.363000e-05	-1.270887e-02	-1.036888e+01
2.364000e-05	5.707507e-02	-1.053826e+01
2.365000e-05	-2.573100e-02	-1.075875e+01
2.366000e-05	5.462148e-02	-1.092972e+01
2.367000e-05	-8.938402e-03	-1.109868e+01
2.368000e-05	3.500568e-02	-1.134865e+01
2.369000e-05	-1.083829e-02	-1.153810e+01
2.370000e-05	4.150075e-02	-1.170918e+01
2.371000e-05	1.739952e-02	-1.191670e+01
2.372000e-05	1.970938e-02	-1.212567e+01
2.373000e-05	1.467365e-02	-1.226452e+01
2.374000e-05	2.201338e-02	-1.244192e+01
2.375000e-05	2.834553e-02	-1.260234e+01
2.376000e-05	7.743590e-03	-1.276826e+01
2.377000e-05	3.356186e-02	-1.290760e+01
2.378000e-05	1.664960e-02	-1.305502e+01
2.379000e-05	3.351930e-02	-1.319083e+01
2.380000e-05	1.382902e-02	-1.336808e+01
2.381000e-05	3.954709e-02	-1.348450e+01
2.382000e-05	2.253411e-02	-1.364141e+01
2.383000e-05	2.917178e-02	-1.377868e+01
2.384000e-05	2.268869e-02	-1.389607e+01
2.385000e-05	3.603439e-02	-1.399134e+01
2.386000e-05	2.927928e-02	-1.408805e+01
2.387000e-05	3.075682e-02	-1.422387e+01
2.388000e-05	3.426960e-02	-1.429750e+01
2.389000e-05	3.482211e-02	-1.443089e+01
2.390000e-05	3.590734e-02	-1.450657e+01
2.391000e-05	3.648632e-02	-1.456078e+01
2.392000e-05	4.035642e-02	-1.464546e+01
2.393000e-05	3.608679e-02	-1.473697e+01
2.394000e-05	3.676243e-02	-1.475920e+01
2.395000e-05	4.038668e-02	-1.481087e+01
2.396000e-05	4.410202e-02	-1.489544e+01
2.397000e-05	4.276040e-02	-1.492705e+01
2.398000e-05	4.532645e-02	-1.496853e+01
2.399000e-05	4.697048e-02	-1.499024e+01
2.400000e-05	4.777473e-02	-1.506234e+01
2.401000e-05	4.767047e-02	-1.506492e+01
2.402000e-05	5.118648e-02	-1.505492e+01
2.403000e-05	5.172495e-02	-1.513840e+01
2.404000e-05	5.331793e-02	-1.512690e+01
2.405000e-05	5.572551e-02	-1.514705e+01
2.406000e-05	5.765623e-02	-1.509715e+01
2.407000e-05	5.818936e-02	-1.512703e+01
2.408000e-05	6.065008e-02	-1.513647e+01
2.409000e-05	6.520070e-02	-1.505650e+01
2.410000e-05	6.676052e-02	-1.509439e+01
2.411000e-05	6.799210e-02	-1.501339e+01
2.412000e-05	7.196878e-02	-1.503186e+01
2.413000e-05	7.586509e-02	-1.498178e+01
2.414000e-05	7.862178e-02	-1.494915e+01
2.415000e-05	8.383284e-02	-1.492700e+01
2.416000e-05	9.023549e-02	-1.479384e+01
2.417000e-05	9.339753e-02	-1.481775e+01
2.418000e-05	9.529695e-02	-1.472704e+01
2.419000e-05	9.674402e-02	-1.466439e+01
2.420000e-05	9.917038e-02	-1.457028e+01
2.421000e-05	9.483875e-02	-1.450454e+01
2.422000e-05	9.154636e-02	-1.437118e+01
2.423000e-05	8.713752e-02	-1.431499e+01
2.424000e-05	8.393794e-02	-1.419163e+01
2.425000e-05	7.932666e-02	-1.408594e+01
2.426000e-05	7.548635e-02	-1.399815e+01
2.427000e-05	7.162450e-02	-1.384181e+01
2.428000e-05	6.723608e-02	-1.376564e+01
2.429000e-05	6.198937e-02	-1.361025e+01
2.430000e-05	5.795784e-02	-1.350394e+01
2.431000e-05	5.294908e-02	-1.337707e+01
2.432000e-05	4.780526e-02	-1.319928e+01
2.433000e-05	4.458213e-02	-1.305441e+01
2.434000e-05	4.299134e-02	-1.290512e+01
2.435000e-05	4.134807e-02	-1.281968e+01
2.436000e-05	3.991119e-02	-1.264274e+01
2.437000e-05	3.885450e-02	-1.247657e+01
2.438000e-05	3.624508e-02	-1.230704e+01
2.439000e-05	3.289793e-02	-1.213812e+01
2.440000e-05	3.048492e-02	-1.198013e+01
2.441000e-05	2.834036e-02	-1.182068e+01
2.442000e-05	2.644893e-02	-1.157930e+01
2.443000e-05	2.544341e-02	-1.138975e+01
2.444000e-05	2.459270e-02	-1.116007e+01
2.445000e-05	2.410236e-02	-1.096922e+01
2.446000e-05	2.320374e-02	-1.080977e+01
2.447000e-05	2.177738e-02	-1.063935e+01
2.448000e-05	2.135902e-02	-1.038022e+01
2.449000e-05	1.922880e-02	-1.021778e+01
2.450000e-05	1.790147e-02	-9.968694e+00
2.451000e-05	1.643403e-02	-9.737722e+00
2.452000e-05	1.540178e-02	-9.547091e+00
2.453000e-05	1.317677e-02	-9.326040e+00
2.454000e-05	1.275706e-02	-9.085037e+00
2.455000e-05	1.287709e-02	-8.842984e+00
2.456000e-05	1.254798e-02	-8.622253e+00
2.457000e-05	1.159688e-02	-8.400271e+00
2.458000e-05	1.145537e-02	-8.167198e+00
2.459000e-05	1.025186e-02	-7.896569e+00
2.460000e-05	9.626972e-03	-7.620425e+00
2.461000e-05	7.422742e-03	-7.378349e+00
2.462000e-05	7.714122e-03	-7.114169e+00
2.463000e-05	6.171689e-03	-6.903028e+00
2.464000e-05	6.110436e-03	-6.652853e+00
2.465000e-05	6.343083e-03	-6.438326e+00
2.466000e-05	5.592146e-03	-6.155639e+00
2.467000e-05	5.732719e-03	-5.862956e+00
2.468000e-05	4.494995e-03	-5.599499e+00
2.469000e-05	3.364722e-03	-5.364143e+00
2.470000e-05	3.972850e-03	-5.042880e+00
2.471000e-05	1.848467e-03	-4.734132e+00
2.472000e-05	3.105721e-03	-4.452083e+00
2.473000e-05	1.352761e-03	-4.230850e+00
2.474000e-05	2.512550e-03	-3.988295e+00
2.475000e-05	2.433221e-03	-3.692655e+00
2.476000e-05	2.787468e-04	-3.460925e+00
2.477000e-05	1.755279e-03	-3.175293e+00
2.478000e-05	-2.680124e-03	-2.840948e+00
2.479000e-05	9.785445e-05	-2.578844e+00
2.480000e-05	-2.672995e-03	-2.294109e+00
2.481000e-05	-3.519682e-04	-2.009875e+00
2.482000e-05	-3.693173e-03	-1.724286e+00
2.483000e-05	-8.664492e-04	-1.459950e+00
2.484000e-05	-3.794315e-03	-1.092159e+00
2.485000e-05	-2.435877e-03	-8.505725e-01
2.486000e-05	-4.521317e-03	-5.242382e-01
2.487000e-05	-2.008555e-03	-2.831567e-01
2.488000e-05	-4.716257e-03	2.165433e-02
2.489000e-05	4.977419e-03	3.252917e-01
2.490000e-05	2.586185e-04	5.384711e-01
2.491000e-05	-9.812998e-04	8.000500e-01
2.492000e-05	-3.993936e-06	1.037241e+00
2.493000e-05	-3.153015e-03	1.318876e+00
2.494000e-05	-3.007603e-03	1.685684e+00
2.495000e-05	1.097687e-03	1.926242e+00
2.496000e-05	1.903411e-02	2.106875e+00
2.497000e-05	7.044181e-02	2.360931e+00
2.498000e-05	1.393441e-02	2.727871e+00
2.499000e-05	-8.490122e-02	3.033794e+00
2.500000e-05	-1.620127e-02	3.276268e+00
2.501000e-05	-2.778904e-02	3.562531e+00
2.502000e-05	-3.166833e-02	3.782983e+00
2.503000e-05	-5.131411e-02	4.010560e+00
2.504000e-05	9.841877e-02	4.225240e+00
2.505000e-05	-2.373946e-04	4.530275e+00
2.506000e-05	-1.093249e-01	4.778430e+00
2.507000e-05	1.583926e-01	5.106271e+00
2.508000e-05	-1.463078e-01	5.401534e+00
2.509000e-05	6.012563e-02	5.643067e+00
2.510000e-05	-2.350628e-02	5.938299e+00
2.511000e-05	-2.555770e-03	6.180433e+00
2.512000e-05	1.015151e-02	6.475168e+00
2.513000e-05	-5.332492e-02	6.747872e+00
2.514000e-05	3.418410e-02	6.989955e+00
2.515000e-05	-4.196745e-02	7.224094e+00
2.516000e-05	-1.986348e-03	7.528383e+00
2.517000e-05	-3.049844e-02	7.782465e+00
2.518000e-05	3.034005e-03	8.118178e+00
2.519000e-05	2.267734e-02	8.357780e+00
2.520000e-05	-5.126527e-02	8.550304e+00
2.521000e-05	7.835481e-03	8.780408e+00
2.522000e-05	-1.955456e-02	9.021538e+00
2.523000e-05	-1.666639e-02	9.256066e+00
2.524000e-05	-2.153715e-02	9.474092e+00
2.525000e-05	-1.210831e-02	9.685727e+00
2.526000e-05	-9.940688e-04	9.916722e+00
2.527000e-05	-2.860410e-02	1.014775e+01
2.528000e-05	-2.196013e-02	1.034815e+01
2.529000e-05	-1.907851e-02	1.051915e+01
2.530000e-05	-6.288335e-03	1.074823e+01
2.531000e-05	-2.325833e-02	1.090773e+01
2.532000e-05	-2.412091e-02	1.114715e+01
2.533000e-05	-8.989851e-03	1.133865e+01
2.534000e-05	-1.941604e-02	1.150870e+01
2.535000e-05	-2.912904e-02	1.173820e+01
2.536000e-05	-2.272692e-02	1.191563e+01
2.537000e-05	-1.360787e-02	1.212652e+01
2.538000e-05	-2.458171e-02	1.222494e+01
2.539000e-05	-3.238934e-02	1.245341e+01
2.540000e-05	-2.125256e-02	1.258988e+01
2.541000e-05	-2.306984e-02	1.278825e+01
2.542000e-05	-2.987316e-02	1.289557e+01
2.543000e-05	-3.113762e-02	1.304352e+01
2.544000e-05	-2.288675e-02	1.321181e+01
2.545000e-05	-2.826803e-02	1.334018e+01
2.546000e-05	-3.541602e-02	1.354659e+01
2.547000e-05	-2.729521e-02	1.363031e+01
2.548000e-05	-2.988817e-02	1.380068e+01
2.549000e-05	-3.222164e-02	1.386652e+01
2.550000e-05	-3.951950e-02	1.400339e+01
2.551000e-05	-3.158285e-02	1.414958e+01
2.552000e-05	-3.557165e-02	1.427602e+01
2.553000e-05	-3.882144e-02	1.441021e+01
2.554000e-05	-3.820518e-02	1.447397e+01
2.555000e-05	-3.903731e-02	1.460913e+01
2.556000e-05	-3.918557e-02	1.464346e+01
2.557000e-05	-4.299813e-02	1.471615e+01
2.558000e-05	-3.933746e-02	1.480931e+01
2.559000e-05	-4.683304e-02	1.484338e+01
2.560000e-05	-4.495608e-02	1.489545e+01
2.561000e-05	-4.893194e-02	1.496720e+01
2.562000e-05	-4.583094e-02	1.496076e+01
2.563000e-05	-5.205038e-02	1.497086e+01
2.564000e-05	-5.260143e-02	1.506486e+01
2.565000e-05	-5.130688e-02	1.510557e+01
2.566000e-05	-5.581745e-02	1.508752e+01
2.567000e-05	-5.622662e-02	1.516010e+01
2.568000e-05	-5.885511e-02	1.518963e+01
2.569000e-05	-5.626728e-02	1.516966e+01
2.570000e-05	-6.202240e-02	1.522068e+01
2.571000e-05	-6.257777e-02	1.518971e+01
2.572000e-05	-6.589315e-02	1.520128e+01
2.573000e-05	-6.791755e-02	1.522121e+01
2.574000e-05	-6.995742e-02	1.519918e+01
2.575000e-05	-7.191136e-02	1.517913e+01
2.576000e-05	-7.268563e-02	1.518810e+01
2.577000e-05	-7.836866e-02	1.508654e+01
2.578000e-05	-8.041873e-02	1.508396e+01
2.579000e-05	-8.584719e-02	1.504236e+01
2.580000e-05	-8.883570e-02	1.498027e+01
2.581000e-05	-9.453201e-02	1.494810e+01
2.582000e-05	-9.710832e-02	1.489602e+01
2.583000e-05	-1.004547e-01	1.480176e+01
2.584000e-05	-1.035146e-01	1.474825e+01
2.585000e-05	-1.037789e-01	1.474492e+01
2.586000e-05	-1.023937e-01	1.460383e+01
2.587000e-05	-9.932232e-02	1.454445e+01
2.588000e-05	-9.876201e-02	1.447178e+01
2.589000e-05	-9.110688e-02	1.433652e+01
2.590000e-05	-8.784833e-02	1.420035e+01
2.591000e-05	-8.287231e-02	1.410507e+01
2.592000e-05	-7.800791e-02	1.396760e+01
2.593000e-05	-7.381877e-02	1.385331e+01
2.594000e-05	-6.886407e-02	1.371455e+01
2.595000e-05	-6.749813e-02	1.357772e+01
2.596000e-05	-6.069429e-02	1.346233e+01
2.597000e-05	-5.937846e-02	1.333515e+01
2.598000e-05	-5.433817e-02	1.318817e+01
2.599000e-05	-5.305728e-02	1.307128e+01
2.600000e-05	-4.873805e-02	1.290499e+01
2.601000e-05	-4.706928e-02	1.274557e+01
2.602000e-05	-4.469730e-02	1.261228e+01
2.603000e-05	-4.283652e-02	1.244284e+01
2.604000e-05	-3.989070e-02	1.231486e+01
2.605000e-05	-3.950097e-02	1.211502e+01
2.606000e-05	-3.775881e-02	1.193611e+01
2.607000e-05	-3.606666e-02	1.176612e+01
2.608000e-05	-3.414627e-02	1.154665e+01
2.609000e-05	-3.418945e-02	1.135770e+01
2.610000e-05	-3.088940e-02	1.112612e+01
2.611000e-05	-2.986192e-02	1.094817e+01
2.612000e-05	-2.824260e-02	1.076622e+01
2.613000e-05	-2.936201e-02	1.056865e+01
2.614000e-05	-2.642233e-02	1.033763e+01
2.615000e-05	-2.692786e-02	1.014561e+01
2.616000e-05	-2.486676e-02	9.914016e+00
2.617000e-05	-2.459580e-02	9.711454e+00
2.618000e-05	-2.275792e-02	9.420912e+00
2.619000e-05	-2.314209e-02	9.261426e+00
2.620000e-05	-2.241544e-02	9.010701e+00
2.621000e-05	-2.143606e-02	8.777695e+00
2.622000e-05	-2.032719e-02	8.537196e+00
2.623000e-05	-1.962174e-02	8.336141e+00
2.624000e-05	-1.973075e-02	8.081480e+00
2.625000e-05	-1.813011e-02	7.829851e+00
2.626000e-05	-1.891480e-02	7.548720e+00
2.627000e-05	-1.827360e-02	7.321980e+00
2.628000e-05	-1.735312e-02	7.022383e+00
2.629000e-05	-1.594480e-02	6.839404e+00
2.630000e-05	-1.571359e-02	6.554667e+00
2.631000e-05	-1.489813e-02	6.314508e+00
2.632000e-05	-1.401003e-02	6.043478e+00
2.633000e-05	-1.398979e-02	5.799875e+00
2.634000e-05	-1.347074e-02	5.574617e+00
2.635000e-05	-1.273067e-02	5.262378e+00
2.636000e-05	-1.144099e-02	4.944111e+00
2.637000e-05	-1.223101e-02	4.651405e+00
2.638000e-05	-1.201402e-02	4.409368e+00
2.639000e-05	-1.138747e-02	4.122554e+00
2.640000e-05	-1.025346e-02	3.829400e+00
2.641000e-05	-9.832219e-03	3.616793e+00
2.642000e-05	-1.020621e-02	3.322059e+00
2.643000e-05	-8.738611e-03	3.019845e+00
2.644000e-05	-9.205234e-03	2.807718e+00
2.645000e-05	-9.227191e-03	2.432005e+00
2.646000e-05	-9.861740e-03	2.206317e+00
2.647000e-05	-6.602962e-03	1.892608e+00
2.648000e-05	-8.204466e-03	1.590868e+00
2.649000e-05	-4.930995e-03	1.293131e+00
2.650000e-05	-8.361140e-03	9.487696e-01
2.651000e-05	-2.839830e-03	7.116541e-01
2.652000e-05	-6.562611e-03	4.294512e-01
2.653000e-05	-3.081062e-03	1.537870e-01
2.654000e-05	-1.843773e-03	-1.184511e-01
2.655000e-05	7.992568e-03	-3.610813e-01
2.656000e-05	-5.875626e-03	-6.857919e-01
2.657000e-05	5.345127e-03	-9.274234e-01
2.658000e-05	-4.804149e-03	-1.163534e+00
2.659000e-05	5.056842e-03	-1.515292e+00
2.660000e-05	-2.102708e-03	-1.757347e+00
2.661000e-05	3.525012e-02	-1.968476e+00
2.662000e-05	9.479490e-02	-2.192060e+00
2.663000e-05	-3.014545e-02	-2.580984e+00
2.664000e-05	-5.517721e-02	-2.951455e+00
2.665000e-05	-3.443024e-03	-3.285272e+00
2.666000e-05	-2.986946e-02	-3.506216e+00
2.667000e-05	-7.898537e-02	-3.694621e+00
2.668000e-05	7.081148e-02	-3.825268e+00
2.669000e-05	9.813150e-02	-4.096271e+00
2.670000e-05	-1.562949e-01	-4.370984e+00
2.671000e-05	2.005640e-01	-4.650588e+00
2.672000e-05	-1.545755e-01	-4.917328e+00
2.673000e-05	6.293688e-02	-5.182965e+00
2.674000e-05	3.560746e-02	-5.465747e+00
2.675000e-05	-8.606370e-02	-5.782508e+00
2.676000e-05	1.651968e-01	-6.020962e+00
2.677000e-05	-1.312006e-01	-6.337851e+00
2.678000e-05	6.798725e-02	-6.611986e+00
2.679000e-05	1.752776e-03	-6.824640e+00
2.680000e-05	-4.177737e-02	-7.178911e+00
2.681000e-05	9.210323e-02	-7.390933e+00
2.682000e-05	-1.001907e-01	-7.656622e+00
2.683000e-05	1.403919e-01	-7.980281e+00
2.684000e-05	-7.731898e-02	-8.180956e+00
2.685000e-05	5.362525e-02	-8.432542e+00
2.686000e-05	1.852287e-02	-8.703671e+00
2.687000e-05	-2.871455e-02	-8.937750e+00
2.688000e-05	5.493131e-02	-9.147668e+00
2.689000e-05	-5.255581e-02	-9.380904e+00
2.690000e-05	9.456587e-02	-9.592360e+00
2.691000e-05	-3.918329e-02	-9.791960e+00
2.692000e-05	4.906110e-02	-1.000088e+01
2.693000e-05	-2.330615e-02	-1.021344e+01
2.694000e-05	3.917744e-02	-1.045356e+01
2.695000e-05	1.217512e-02	-1.062394e+01
2.696000e-05	5.070512e-03	-1.080349e+01
2.697000e-05	3.736208e-02	-1.100288e+01
2.698000e-05	-1.193771e-03	-1.120291e+01
2.699000e-05	3.122021e-02	-1.139083e+01
2.700000e-05	-8.702815e-03	-1.160094e+01
2.701000e-05	5.303151e-02	-1.182139e+01
2.702000e-05	-2.343312e-03	-1.199338e+01
2.703000e-05	3.142863e-02	-1.219081e+01
2.704000e-05	1.469991e-03	-1.233630e+01
2.705000e-05	4.140015e-02	-1.250560e+01
2.706000e-05	9.921021e-03	-1.263494e+01
2.707000e-05	2.476996e-02	-1.280239e+01
2.708000e-05	2.389594e-02	-1.299926e+01
2.709000e-05	2.478737e-02	-1.311722e+01
2.710000e-05	2.294701e-02	-1.324352e+01
2.711000e-05	2.115931e-02	-1.339234e+01
2.712000e-05	3.854701e-02	-1.354918e+01
2.713000e-05	2.198200e-02	-1.367505e+01
2.714000e-05	2.988858e-02	-1.382986e+01
2.715000e-05	2.538003e-02	-1.391758e+01
2.716000e-05	3.704319e-02	-1.407229e+01
2.717000e-05	2.446446e-02	-1.413118e+01
2.718000e-05	3.371707e-02	-1.426394e+01
2.719000e-05	3.319687e-02	-1.435868e+01
2.720000e-05	3.580584e-02	-1.436444e+01
2.721000e-05	3.442727e-02	-1.454812e+01
2.722000e-05	3.860540e-02	-1.463183e+01
2.723000e-05	3.932745e-02	-1.468307e+01
2.724000e-05	3.557982e-02	-1.475863e+01
2.725000e-05	3.770924e-02	-1.482126e+01
2.726000e-05	4.266093e-02	-1.484136e+01
2.727000e-05	4.199263e-02	-1.489800e+01
2.728000e-05	4.362289e-02	-1.491918e+01
2.729000e-05	4.521639e-02	-1.494826e+01
2.730000e-05	4.696582e-02	-1.500234e+01
2.731000e-05	4.692498e-02	-1.504439e+01
2.732000e-05	4.887251e-02	-1.507342e+01
2.733000e-05	5.302644e-02	-1.507450e+01
2.734000e-05	5.305064e-02	-1.511595e+01
2.735000e-05	5.434250e-02	-1.510555e+01
2.736000e-05	5.592539e-02	-1.511905e+01
2.737000e-05	5.810431e-02	-1.517705e+01
2.738000e-05	5.773619e-02	-1.511757e+01
2.739000e-05	6.079160e-02	-1.510749e+01
2.740000e-05	6.520280e-02	-1.508442e+01
2.741000e-05	6.828602e-02	-1.508437e+01
2.742000e-05	6.972146e-02	-1.503387e+01
2.743000e-05	7.354829e-02	-1.503376e+01
2.744000e-05	7.767469e-02	-1.497076e+01
2.745000e-05	8.065627e-02	-1.491805e+01
2.746000e-05	8.613916e-02	-1.486492e+01
2.747000e-05	9.026638e-02	-1.484028e+01
2.748000e-05	9.440704e-02	-1.473975e+01
2.749000e-05	9.469754e-02	-1.468554e+01
2.750000e-05	9.816934e-02	-1.464226e+01
2.751000e-05	9.699735e-02	-1.456915e+01
2.752000e-05	9.380432e-02	-1.446399e+01
2.753000e-05	9.094795e-02	-1.435850e+01
2.754000e-05	8.743603e-02	-1.424631e+01
2.755000e-05	8.292451e-02	-1.417852e+01
2.756000e-05	7.695659e-02	-1.403124e+01
2.757000e-05	7.240178e-02	-1.389707e+01
2.758000e-05	6.825973e-02	-1.378931e+01
2.759000e-05	6.290943e-02	-1.367251e+01
2.760000e-05	5.895978e-02	-1.356810e+01
2.761000e-05	5.713033e-02	-1.344276e+01
2.762000e-05	5.228825e-02	-1.329695e+01
2.763000e-05	4.835880e-02	-1.315665e+01
2.764000e-05	4.461420e-02	-1.305886e+01
2.765000e-05	4.228106e-02	-1.290412e+01
2.766000e-05	3.969150e-02	-1.274709e+01
2.767000e-05	3.750383e-02	-1.258016e+01
2.768000e-05	3.710675e-02	-1.243178e+01
2.769000e-05	3.346048e-02	-1.227251e+01
2.770000e-05	3.206067e-02	-1.211499e+01
2.771000e-05	2.959114e-02	-1.186637e+01
2.772000e-05	2.918217e-02	-1.171505e+01
2.773000e-05	2.700829e-02	-1.155459e+01
2.774000e-05	2.667647e-02	-1.133542e+01
2.775000e-05	2.437978e-02	-1.112447e+01
2.776000e-05	2.245222e-02	-1.092562e+01
2.777000e-05	2.186338e-02	-1.077459e+01
2.778000e-05	2.030479e-02	-1.057559e+01
2.779000e-05	1.978949e-02	-1.032747e+01
2.780000e-05	1.812628e-02	-1.008451e+01
2.781000e-05	1.904534e-02	-9.904537e+00
2.782000e-05	1.746354e-02	-9.693513e+00
2.783000e-05	1.508755e-02	-9.432255e+00
2.784000e-05	1.506894e-02	-9.209824e+00
2.785000e-05	1.344355e-02	-9.010350e+00
2.786000e-05	1.302791e-02	-8.808225e+00
2.787000e-05	1.009790e-02	-8.537565e+00
2.788000e-05	1.153086e-02	-8.325084e+00
2.789000e-05	1.089595e-02	-8.073035e+00
2.790000e-05	1.026094e-02	-7.821355e+00
2.791000e-05	7.830386e-03	-7.525990e+00
2.792000e-05	8.452294e-03	-7.284882e+00
2.793000e-05	8.221255e-03	-7.009827e+00
2.794000e-05	6.752761e-03	-6.788294e+00
2.795000e-05	6.049773e-03	-6.547185e+00
2.796000e-05	5.864563e-03	-6.302962e+00
2.797000e-05	4.318325e-03	-6.041298e+00
2.798000e-05	5.400544e-03	-5.809245e+00
2.799000e-05	3.076212e-03	-5.514162e+00
2.800000e-05	4.355331e-03	-5.220900e+00
2.801000e-05	3.493864e-03	-4.906536e+00
2.802000e-05	3.987670e-03	-4.589946e+00
2.803000e-05	2.285016e-03	-4.389346e+00
2.804000e-05	3.501536e-03	-4.135111e+00
2.805000e-05	1.836769e-03	-3.883508e+00
2.806000e-05	1.390779e-03	-3.577321e+00
2.807000e-05	-4.129541e-04	-3.324058e+00
2.808000e-05	6.744422e-04	-3.051901e+00
2.809000e-05	-2.307733e-03	-2.744313e+00
2.810000e-05	9.180838e-04	-2.481052e+00
2.811000e-05	-1.273349e-03	-2.238842e+00
2.812000e-05	-7.293982e-04	-1.903205e+00
2.813000e-05	-2.664291e-03	-1.671448e+00
2.814000e-05	-3.475440e-03	-1.343579e+00
2.815000e-05	-3.680460e-03	-1.028446e+00
2.816000e-05	-3.799023e-03	-6.762069e-01
2.817000e-05	-2.938020e-03	-4.299724e-01
2.818000e-05	-4.109483e-03	-1.778133e-01
2.819000e-05	-1.893913e-03	7.639685e-02
2.820000e-05	7.709591e-03	4.110801e-01
2.821000e-05	-5.107972e-03	6.627167e-01
2.822000e-05	3.012594e-03	8.557432e-01
2.823000e-05	-5.096703e-03	1.230980e+00
2.824000e-05	2.049538e-03	1.463839e+00
2.825000e-05	-7.020929e-03	1.762002e+00
2.826000e-05	1.037172e-02	1.980531e+00
2.827000e-05	2.745739e-02	2.252037e+00
2.828000e-05	8.626157e-02	2.497875e+00
2.829000e-05	-6.211350e-02	2.864238e+00
2.830000e-05	-4.288769e-02	3.148349e+00
2.831000e-05	-3.197445e-02	3.414636e+00
2.832000e-05	-7.448766e-03	3.695219e+00
2.833000e-05	-6.859404e-02	3.864688e+00
2.834000e-05	8.983761e-03	4.065742e+00
2.835000e-05	1.111138e-01	4.350409e+00
2.836000e-05	-1.126477e-01	4.624489e+00
2.837000e-05	3.640386e-02	4.874700e+00
2.838000e-05	4.865638e-02	5.233618e+00
2.839000e-05	-1.137124e-01	5.496766e+00
2.840000e-05	8.031990e-02	5.791405e+00
2.841000e-05	-5.408863e-02	6.053668e+00
2.842000e-05	3.213432e-02	6.254746e+00
2.843000e-05	-2.868662e-02	6.573005e+00
2.844000e-05	-2.277175e-02	6.803612e+00
2.845000e-05	2.400074e-02	7.105196e+00
2.846000e-05	-5.577987e-02	7.390914e+00
2.847000e-05	1.498480e-02	7.654540e+00
2.848000e-05	-4.944926e-02	7.898776e+00
2.849000e-05	3.991168e-02	8.190484e+00
2.850000e-05	-1.756435e-02	8.391009e+00
2.851000e-05	-3.583531e-02	8.653518e+00
2.852000e-05	1.811692e-02	8.875073e+00
2.853000e-05	-3.953691e-02	9.126174e+00
2.854000e-05	3.756391e-03	9.317355e+00
2.855000e-05	-4.469623e-02	9.518329e+00
2.856000e-05	1.706077e-02	9.772359e+00
2.857000e-05	-3.040317e-02	1.006149e+01
2.858000e-05	-1.402438e-02	1.019141e+01
2.859000e-05	-2.950682e-02	1.042192e+01
2.860000e-05	-1.012500e-02	1.063191e+01
2.861000e-05	-8.989144e-03	1.081286e+01
2.862000e-05	-3.419758e-02	1.101236e+01
2.863000e-05	-8.122022e-03	1.121039e+01
2.864000e-05	-2.159737e-02	1.138139e+01
2.865000e-05	-1.400099e-02	1.161188e+01
2.866000e-05	-3.936024e-02	1.180091e+01
2.867000e-05	-7.676943e-03	1.199975e+01
2.868000e-05	-2.415615e-02	1.219025e+01
2.869000e-05	-2.485162e-02	1.226763e+01
2.870000e-05	-3.075128e-02	1.247615e+01
2.871000e-05	-1.979695e-02	1.261412e+01
2.872000e-05	-2.365324e-02	1.281286e+01
2.873000e-05	-3.599058e-02	1.296776e+01
2.874000e-05	-2.139874e-02	1.310763e+01
2.875000e-05	-2.913004e-02	1.331360e+01
2.876000e-05	-2.723331e-02	1.340131e+01
2.877000e-05	-3.845369e-02	1.360918e+01
2.878000e-05	-2.284749e-02	1.365400e+01
2.879000e-05	-3.325049e-02	1.376181e+01
2.880000e-05	-3.553360e-02	1.396863e+01
2.881000e-05	-3.713478e-02	1.405737e+01
2.882000e-05	-3.273286e-02	1.424229e+01
2.883000e-05	-3.460993e-02	1.433760e+01
2.884000e-05	-4.284067e-02	1.440177e+01
2.885000e-05	-3.426181e-02	1.450600e+01
2.886000e-05	-4.068341e-02	1.464023e+01
2.887000e-05	-3.869884e-02	1.464595e+01
2.888000e-05	-4.370460e-02	1.471068e+01
2.889000e-05	-4.090302e-02	1.480078e+01
2.890000e-05	-4.558078e-02	1.483444e+01
2.891000e-05	-4.779186e-02	1.493602e+01
2.892000e-05	-4.693655e-02	1.498970e+01
2.893000e-05	-4.970178e-02	1.496923e+01
2.894000e-05	-5.022837e-02	1.504139e+01
2.895000e-05	-5.322634e-02	1.504454e+01
2.896000e-05	-5.119570e-02	1.508552e+01
2.897000e-05	-5.767128e-02	1.510860e+01
2.898000e-05	-5.712206e-02	1.517866e+01
2.899000e-05	-5.775725e-02	1.517861e+01
2.900000e-05	-5.843767e-02	1.518829e+01
2.901000e-05	-6.187907e-02	1.518918e+01
2.902000e-05	-6.529569e-02	1.517921e+01
2.903000e-05	-6.502937e-02	1.520075e+01
2.904000e-05	-6.889505e-02	1.521016e+01
2.905000e-05	-6.927238e-02	1.516870e+01
2.906000e-05	-7.292915e-02	1.515818e+01
2.907000e-05	-7.458211e-02	1.519657e+01
2.908000e-05	-7.957740e-02	1.515507e+01
2.909000e-05	-8.276864e-02	1.505544e+01
2.910000e-05	-8.642281e-02	1.504086e+01
2.911000e-05	-9.225309e-02	1.499018e+01
2.912000e-05	-9.473887e-02	1.492609e+01
2.913000e-05	-9.970583e-02	1.488452e+01
2.914000e-05	-1.013217e-01	1.483186e+01
2.915000e-05	-1.040810e-01	1.473804e+01
2.916000e-05	-1.030280e-01	1.467388e+01
2.917000e-05	-1.023191e-01	1.461071e+01
2.918000e-05	-9.949451e-02	1.449392e+01
2.919000e-05	-9.479214e-02	1.441023e+01
2.920000e-05	-8.964954e-02	1.426447e+01
2.921000e-05	-8.468514e-02	1.417712e+01
2.922000e-05	-8.311049e-02	1.401289e+01
2.923000e-05	-7.491936e-02	1.389545e+01
2.924000e-05	-7.323376e-02	1.380318e+01
2.925000e-05	-6.522596e-02	1.368288e+01
2.926000e-05	-6.605716e-02	1.353655e+01
2.927000e-05	-5.895310e-02	1.340128e+01
2.928000e-05	-5.801796e-02	1.327442e+01
2.929000e-05	-5.404361e-02	1.316549e+01
2.930000e-05	-5.265806e-02	1.299063e+01
2.931000e-05	-4.893848e-02	1.284131e+01
2.932000e-05	-4.647894e-02	1.270396e+01
2.933000e-05	-4.321594e-02	1.254462e+01
2.934000e-05	-4.201531e-02	1.236970e+01
2.935000e-05	-4.014736e-02	1.223173e+01
2.936000e-05	-3.828223e-02	1.206088e+01
2.937000e-05	-3.610728e-02	1.188341e+01
2.938000e-05	-3.525691e-02	1.170444e+01
2.939000e-05	-3.427524e-02	1.146389e+01
2.940000e-05	-3.354332e-02	1.130148e+01
2.941000e-05	-3.106867e-02	1.107241e+01
2.942000e-05	-2.947770e-02	1.088351e+01
2.943000e-05	-2.893116e-02	1.067406e+01
2.944000e-05	-2.821519e-02	1.050344e+01
2.945000e-05	-2.697632e-02	1.027146e+01
2.946000e-05	-2.627401e-02	1.010236e+01
2.947000e-05	-2.483013e-02	9.789702e+00
2.948000e-05	-2.379021e-02	9.557272e+00
2.949000e-05	-2.352633e-02	9.387671e+00
2.950000e-05	-2.218956e-02	9.157619e+00
2.951000e-05	-2.240974e-02	8.915038e+00
2.952000e-05	-2.056137e-02	8.683983e+00
2.953000e-05	-2.078238e-02	8.492529e+00
2.954000e-05	-1.939904e-02	8.249675e+00
2.955000e-05	-1.893365e-02	7.957691e+00
2.956000e-05	-1.944286e-02	7.745192e+00
2.957000e-05	-1.873204e-02	7.470358e+00
2.958000e-05	-1.736431e-02	7.199874e+00
2.959000e-05	-1.701021e-02	6.955690e+00
2.960000e-05	-1.689945e-02	6.716112e+00
2.961000e-05	-1.591417e-02	6.430930e+00
2.962000e-05	-1.488890e-02	6.208776e+00
2.963000e-05	-1.337780e-02	5.987291e+00
2.964000e-05	-1.437904e-02	5.682009e+00
2.965000e-05	-1.256497e-02	5.429899e+00
2.966000e-05	-1.309813e-02	5.083011e+00
2.967000e-05	-1.248138e-02	4.769321e+00
2.968000e-05	-1.242496e-02	4.527192e+00
2.969000e-05	-1.141487e-02	4.336004e+00
2.970000e-05	-1.134742e-02	4.019797e+00
2.971000e-05	-1.057620e-02	3.755713e+00
2.972000e-05	-1.042330e-02	3.462502e+00
2.973000e-05	-9.830385e-03	3.186748e+00
2.974000e-05	-9.436498e-03	2.894688e+00
2.975000e-05	-8.364965e-03	2.639525e+00
2.976000e-05	-8.566679e-03	2.326238e+00
2.977000e-05	-8.493930e-03	2.071005e+00
2.978000e-05	-7.794411e-03	1.787268e+00
2.979000e-05	-6.766596e-03	1.443053e+00
2.980000e-05	-7.022584e-03	1.208740e+00
2.981000e-05	-6.134053e-03	8.505776e-01
2.982000e-05	-5.148679e-03	6.068171e-01
2.983000e-05	-4.560004e-03	3.546619e-01
2.984000e-05	-3.751288e-03	2.947249e-02
2.985000e-05	4.856351e-03	-2.536840e-01
2.986000e-05	3.969177e-03	-4.673921e-01
2.987000e-05	-2.555500e-03	-8.305514e-01
2.988000e-05	1.520717e-03	-1.022635e+00
2.989000e-05	-1.645072e-03	-1.275873e+00
2.990000e-05	8.520479e-04	-1.582554e+00
2.991000e-05	1.008229e-02	-1.821634e+00
2.992000e-05	5.293853e-02	-2.002713e+00
2.993000e-05	8.828106e-02	-2.348428e+00
2.994000e-05	-9.910989e-02	-2.739028e+00
2.995000e-05	6.262923e-03	-3.066222e+00
2.996000e-05	-3.905126e-02	-3.378379e+00
2.997000e-05	-1.763244e-02	-3.538380e+00
2.998000e-05	-9.030478e-02	-3.794474e+00
2.999000e-05	1.895392e-01	-3.969951e+00
3.000000e-05	-7.791169e-02	-4.194137e+00
3.001000e-05	-2.369756e-03	-4.495794e+00
3.002000e-05	1.056452e-01	-4.697852e+00
3.003000e-05	-1.703396e-01	-5.074189e+00
3.004000e-05	1.714717e-01	-5.336772e+00
3.005000e-05	-1.020942e-01	-5.603639e+00
3.006000e-05	5.785637e-02	-5.895192e+00
3.007000e-05	6.872751e-02	-6.096378e+00
3.008000e-05	-1.246697e-01	-6.484088e+00
3.009000e-05	1.331020e-01	-6.707246e+00
3.010000e-05	-1.032264e-01	-6.971507e+00
3.011000e-05	7.726868e-02	-7.263692e+00
3.012000e-05	-2.047824e-02	-7.487226e+00
3.013000e-05	-4.228062e-03	-7.832936e+00
3.014000e-05	9.450335e-02	-8.074090e+00
3.015000e-05	-9.266138e-02	-8.316274e+00
3.016000e-05	1.113151e-01	-8.547724e+00
3.017000e-05	-6.171562e-02	-8.769882e+00
3.018000e-05	4.843409e-02	-9.002934e+00
3.019000e-05	-1.643270e-02	-9.211911e+00
3.020000e-05	1.510660e-02	-9.444040e+00
3.021000e-05	5.371920e-02	-9.676167e+00
3.022000e-05	-2.880397e-02	-9.886146e+00
3.023000e-05	4.885805e-02	-1.008410e+01
3.024000e-05	-3.203759e-02	-1.029610e+01
3.025000e-05	6.585194e-02	-1.049572e+01
3.026000e-05	-2.399764e-02	-1.072759e+01
3.027000e-05	4.663002e-02	-1.087762e+01
3.028000e-05	2.821640e-03	-1.104557e+01
3.029000e-05	2.463369e-02	-1.131810e+01
3.030000e-05	2.001866e-03	-1.147612e+01
3.031000e-05	2.342486e-02	-1.168460e+01
3.032000e-05	3.383666e-02	-1.186455e+01
3.033000e-05	7.160114e-03	-1.210509e+01
3.034000e-05	2.509855e-02	-1.220296e+01
3.035000e-05	1.204050e-02	-1.240136e+01
3.036000e-05	3.864197e-02	-1.256973e+01
3.037000e-05	3.722033e-03	-1.270667e+01
3.038000e-05	3.432805e-02	-1.290557e+01
3.039000e-05	1.548033e-02	-1.302197e+01
3.040000e-05	3.242530e-02	-1.319881e+01
3.041000e-05	1.452604e-02	-1.331808e+01
3.042000e-05	3.536097e-02	-1.346554e+01
3.043000e-05	2.714186e-02	-1.360084e+01
3.044000e-05	2.801921e-02	-1.373815e+01
3.045000e-05	2.555974e-02	-1.386346e+01
3.046000e-05	3.319563e-02	-1.396022e+01
3.047000e-05	3.221825e-02	-1.408760e+01
3.048000e-05	2.714599e-02	-1.418284e+01
3.049000e-05	3.445028e-02	-1.429610e+01
3.050000e-05	3.340299e-02	-1.445029e+01
3.051000e-05	3.664788e-02	-1.450550e+01
3.052000e-05	3.436499e-02	-1.458970e+01
3.053000e-05	4.112552e-02	-1.463283e+01
3.054000e-05	3.785510e-02	-1.472559e+01
3.055000e-05	3.741604e-02	-1.479918e+01
3.056000e-05	3.953709e-02	-1.479331e+01
3.057000e-05	4.289642e-02	-1.485592e+01
3.058000e-05	4.121448e-02	-1.491710e+01
3.059000e-05	4.374836e-02	-1.497923e+01
3.060000e-05	4.611860e-02	-1.500133e+01
3.061000e-05	4.819212e-02	-1.501239e+01
3.062000e-05	4.831838e-02	-1.509389e+01
3.063000e-05	5.237588e-02	-1.509497e+01
3.064000e-05	5.292877e-02	-1.507645e+01
3.065000e-05	5.357485e-02	-1.509694e+01
3.066000e-05	5.580206e-02	-1.513750e+01
3.067000e-05	5.676320e-02	-1.516808e+01
3.068000e-05	5.814196e-02	-1.514655e+01
3.069000e-05	5.889652e-02	-1.509754e+01
3.070000e-05	6.348677e-02	-1.510652e+01
3.071000e-05	6.590549e-02	-1.509689e+01
3.072000e-05	6.749785e-02	-1.506487e+01
3.073000e-05	7.170957e-02	-1.504429e+01
3.074000e-05	7.596619e-02	-1.500126e+01
3.075000e-05	7.924772e-02	-1.499808e+01
3.076000e-05	8.259194e-02	-1.493704e+01
3.077000e-05	8.849512e-02	-1.488437e+01
3.078000e-05	9.224337e-02	-1.479981e+01
3.079000e-05	9.449693e-02	-1.473658e+01
3.080000e-05	9.597692e-02	-1.468396e+01
3.081000e-05	9.706918e-02	-1.461078e+01
3.082000e-05	9.558629e-02	-1.451455e+01
3.083000e-05	9.306616e-02	-1.442276e+01
3.084000e-05	9.038426e-02	-1.427757e+01
3.085000e-05	8.660500e-02	-1.423184e+01
3.086000e-05	8.051515e-02	-1.408594e+01
3.087000e-05	7.462938e-02	-1.393966e+01
3.088000e-05	7.090530e-02	-1.386434e+01
3.089000e-05	6.599351e-02	-1.373820e+01
3.090000e-05	6.074727e-02	-1.359241e+01
3.091000e-05	5.821804e-02	-1.351549e+01
3.092000e-05	5.519460e-02	-1.335813e+01
3.093000e-05	5.084327e-02	-1.324284e+01
3.094000e-05	4.561740e-02	-1.310499e+01
3.095000e-05	4.318508e-02	-1.295822e+01
3.096000e-05	4.217875e-02	-1.281183e+01
3.097000e-05	3.992065e-02	-1.266336e+01
3.098000e-05	3.634004e-02	-1.253502e+01
3.099000e-05	3.537652e-02	-1.237710e+01
3.100000e-05	3.348900e-02	-1.217875e+01
3.101000e-05	3.068820e-02	-1.206081e+01
3.102000e-05	2.897833e-02	-1.184431e+01
3.103000e-05	2.791476e-02	-1.165334e+01
3.104000e-05	2.711950e-02	-1.146281e+01
3.105000e-05	2.582700e-02	-1.121326e+01
3.106000e-05	2.349970e-02	-1.097883e+01
3.107000e-05	2.252687e-02	-1.087080e+01
3.108000e-05	2.092433e-02	-1.062295e+01
3.109000e-05	1.984201e-02	-1.047188e+01
3.110000e-05	1.892438e-02	-1.020073e+01
3.111000e-05	1.871980e-02	-1.002982e+01
3.112000e-05	1.845522e-02	-9.809776e+00
3.113000e-05	1.714303e-02	-9.607799e+00
3.114000e-05	1.412227e-02	-9.356223e+00
3.115000e-05	1.341680e-02	-9.124616e+00
3.116000e-05	1.295128e-02	-8.886139e+00
3.117000e-05	1.238745e-02	-8.703934e+00
3.118000e-05	1.119270e-02	-8.410901e+00
3.119000e-05	1.035344e-02	-8.180301e+00
3.120000e-05	1.078151e-02	-7.957292e+00
3.121000e-05	9.883446e-03	-7.745083e+00
3.122000e-05	7.632576e-03	-7.419824e+00
3.123000e-05	8.033321e-03	-7.178251e+00
3.124000e-05	6.472694e-03	-6.985189e+00
3.125000e-05	7.223606e-03	-6.712984e+00
3.126000e-05	5.670769e-03	-6.451479e+00
3.127000e-05	5.339404e-03	-6.199324e+00
3.128000e-05	4.553057e-03	-5.906161e+00
3.129000e-05	5.356779e-03	-5.642033e+00
3.130000e-05	3.029387e-03	-5.398850e+00
3.131000e-05	4.235816e-03	-5.124682e+00
3.132000e-05	2.247618e-03	-4.790268e+00
3.133000e-05	4.713362e-03	-4.495137e+00
3.134000e-05	2.073213e-03	-4.293480e+00
3.135000e-05	3.525721e-03	-4.001451e+00
3.136000e-05	1.358734e-03	-3.753711e+00
3.137000e-05	1.451281e-03	-3.512607e+00
3.138000e-05	-4.191233e-04	-3.229422e+00
3.139000e-05	-8.597541e-04	-2.915085e+00
3.140000e-05	-1.553938e-03	-2.612424e+00
3.141000e-05	-1.011904e-03	-2.399817e+00
3.142000e-05	-1.356090e-03	-2.071000e+00
3.143000e-05	-1.868777e-03	-1.797897e+00
3.144000e-05	-1.150288e-03	-1.545108e+00
3.145000e-05	-3.164311e-03	-1.146266e+00
3.146000e-05	-3.453287e-03	-8.721068e-01
3.147000e-05	-4.147385e-03	-6.388400e-01
3.148000e-05	-3.832383e-03	-3.456857e-01
3.149000e-05	-4.125890e-03	-5.212533e-02
3.150000e-05	2.321402e-03	1.911840e-01
3.151000e-05	2.811943e-03	4.668444e-01
3.152000e-05	-4.549558e-03	7.963710e-01
3.153000e-05	9.235716e-04	9.646065e-01
3.154000e-05	-2.078699e-03	1.285767e+00
3.155000e-05	-2.507457e-03	1.603083e+00
3.156000e-05	-2.152919e-03	1.864161e+00
3.157000e-05	1.664735e-02	2.043688e+00
3.158000e-05	5.432044e-02	2.287373e+00
3.159000e-05	5.029953e-02	2.633264e+00
3.160000e-05	-9.529022e-02	2.939001e+00
3.161000e-05	-1.677440e-02	3.212591e+00
3.162000e-05	-3.609581e-02	3.577872e+00
3.163000e-05	-1.254336e-02	3.799404e+00
3.164000e-05	-6.975408e-02	3.979927e+00
3.165000e-05	7.285395e-02	4.221457e+00
3.166000e-05	5.617796e-02	4.496223e+00
3.167000e-05	-1.487091e-01	4.750372e+00
3.168000e-05	1.576697e-01	4.951584e+00
3.169000e-05	-1.031444e-01	5.338929e+00
3.170000e-05	6.836018e-03	5.611469e+00
3.171000e-05	1.592476e-02	5.886222e+00
3.172000e-05	-2.651182e-02	6.137752e+00
3.173000e-05	2.648254e-02	6.403460e+00
3.174000e-05	-5.622541e-02	6.674721e+00
3.175000e-05	2.018570e-02	6.938350e+00
3.176000e-05	-1.829450e-02	7.201036e+00
3.177000e-05	-2.286454e-02	7.525198e+00
3.178000e-05	-8.779482e-03	7.758383e+00
3.179000e-05	-2.334043e-02	8.014142e+00
3.180000e-05	3.869762e-02	8.305748e+00
3.181000e-05	-4.855139e-02	8.497777e+00
3.182000e-05	-4.777322e-03	8.735724e+00
3.183000e-05	-1.682047e-03	8.961331e+00
3.184000e-05	-2.989516e-02	9.231485e+00
3.185000e-05	-6.468335e-03	9.423016e+00
3.186000e-05	-3.215626e-02	9.674038e+00
3.187000e-05	1.346745e-02	9.844094e+00
3.188000e-05	-3.349992e-02	1.009509e+01
3.189000e-05	-1.671195e-02	1.026509e+01
3.190000e-05	-2.542887e-02	1.048472e+01
3.191000e-05	-6.251446e-03	1.065660e+01
3.192000e-05	-1.562882e-02	1.089515e+01
3.193000e-05	-3.077183e-02	1.106507e+01
3.194000e-05	-3.952857e-03	1.126459e+01
3.195000e-05	-2.402018e-02	1.143457e+01
3.196000e-05	-2.009766e-02	1.171567e+01
3.197000e-05	-3.351095e-02	1.185502e+01
3.198000e-05	-8.067198e-03	1.204405e+01
3.199000e-05	-2.668054e-02	1.220284e+01
3.200000e-05	-2.850121e-02	1.238186e+01
3.201000e-05	-2.421104e-02	1.257983e+01
3.202000e-05	-2.185942e-02	1.273715e+01
3.203000e-05	-2.575736e-02	1.285497e+01
3.204000e-05	-3.286158e-02	1.300195e+01
3.205000e-05	-2.011935e-02	1.316986e+01
3.206000e-05	-3.163536e-02	1.331718e+01
3.207000e-05	-3.297546e-02	1.349352e+01
3.208000e-05	-3.136075e-02	1.358989e+01
3.209000e-05	-2.684189e-02	1.371860e+01
3.210000e-05	-3.282174e-02	1.383342e+01
3.211000e-05	-3.877512e-02	1.395018e+01
3.212000e-05	-3.102584e-02	1.416813e+01
3.213000e-05	-3.586515e-02	1.423339e+01
3.214000e-05	-3.593357e-02	1.437918e+01
3.215000e-05	-4.004851e-02	1.445389e+01
3.216000e-05	-3.551558e-02	1.454865e+01
3.217000e-05	-4.230918e-02	1.459384e+01
3.218000e-05	-4.199864e-02	1.468512e+01
3.219000e-05	-3.995365e-02	1.476818e+01
3.220000e-05	-4.410348e-02	1.481226e+01
3.221000e-05	-4.503266e-02	1.487560e+01
3.222000e-05	-5.078739e-02	1.494570e+01
3.223000e-05	-4.384456e-02	1.496873e+01
3.224000e-05	-5.031362e-02	1.502031e+01
3.225000e-05	-5.124210e-02	1.503229e+01
3.226000e-05	-5.317686e-02	1.508450e+01
3.227000e-05	-5.491155e-02	1.510757e+01
3.228000e-05	-5.602461e-02	1.513815e+01
3.229000e-05	-5.801175e-02	1.512863e+01
3.230000e-05	-5.572015e-02	1.515821e+01
3.231000e-05	-6.127091e-02	1.517918e+01
3.232000e-05	-6.211514e-02	1.516066e+01
3.233000e-05	-6.567022e-02	1.517868e+01
3.234000e-05	-6.559152e-02	1.522973e+01
3.235000e-05	-6.867422e-02	1.518810e+01
3.236000e-05	-7.131154e-02	1.513970e+01
3.237000e-05	-7.405370e-02	1.517665e+01
3.238000e-05	-7.735582e-02	1.510552e+01
3.239000e-05	-7.931730e-02	1.506504e+01
3.240000e-05	-8.390959e-02	1.503179e+01
3.241000e-05	-8.756403e-02	1.499970e+01
3.242000e-05	-9.406337e-02	1.497823e+01
3.243000e-05	-9.613552e-02	1.488412e+01
3.244000e-05	-1.014843e-01	1.488288e+01
3.245000e-05	-1.029514e-01	1.477870e+01
3.246000e-05	-1.035614e-01	1.472689e+01
3.247000e-05	-1.028962e-01	1.462184e+01
3.248000e-05	-9.863323e-02	1.453705e+01
3.249000e-05	-9.766105e-02	1.447131e+01
3.250000e-05	-9.069756e-02	1.434864e+01
3.251000e-05	-9.011746e-02	1.424331e+01
3.252000e-05	-8.273791e-02	1.413499e+01
3.253000e-05	-8.073943e-02	1.400118e+01
3.254000e-05	-7.328049e-02	1.387339e+01
3.255000e-05	-7.009332e-02	1.376602e+01
3.256000e-05	-6.595235e-02	1.358020e+01
3.257000e-05	-6.152300e-02	1.347496e+01
3.258000e-05	-5.858127e-02	1.335772e+01
3.259000e-05	-5.516798e-02	1.323081e+01
3.260000e-05	-5.443892e-02	1.307291e+01
3.261000e-05	-5.051988e-02	1.295607e+01
3.262000e-05	-4.803896e-02	1.279772e+01
3.263000e-05	-4.500103e-02	1.266038e+01
3.264000e-05	-4.393955e-02	1.247444e+01
3.265000e-05	-4.004211e-02	1.229651e+01
3.266000e-05	-3.866452e-02	1.215612e+01
3.267000e-05	-3.743122e-02	1.197720e+01
3.268000e-05	-3.582353e-02	1.179973e+01
3.269000e-05	-3.512564e-02	1.165925e+01
3.270000e-05	-3.394316e-02	1.138976e+01
3.271000e-05	-3.304955e-02	1.121875e+01
3.272000e-05	-3.148632e-02	1.101880e+01
3.273000e-05	-2.948366e-02	1.083885e+01
3.274000e-05	-2.848111e-02	1.059973e+01
3.275000e-05	-2.731289e-02	1.037925e+01
3.276000e-05	-2.766663e-02	1.019725e+01
3.277000e-05	-2.497365e-02	9.967619e+00
3.278000e-05	-2.495154e-02	9.705063e+00
3.279000e-05	-2.261430e-02	9.504509e+00
3.280000e-05	-2.478086e-02	9.304538e+00
3.281000e-05	-2.261859e-02	9.062404e+00
3.282000e-05	-2.195673e-02	8.829428e+00
3.283000e-05	-2.058012e-02	8.638746e+00
3.284000e-05	-2.045359e-02	8.386298e+00
3.285000e-05	-1.948826e-02	8.144088e+00
3.286000e-05	-1.852886e-02	7.885510e+00
3.287000e-05	-1.855729e-02	7.621281e+00
3.288000e-05	-1.895442e-02	7.347117e+00
3.289000e-05	-1.757546e-02	7.126037e+00
3.290000e-05	-1.575617e-02	6.860531e+00
3.291000e-05	-1.661095e-02	6.597849e+00
3.292000e-05	-1.597926e-02	6.336665e+00
3.293000e-05	-1.479133e-02	6.113683e+00
3.294000e-05	-1.382532e-02	5.850913e+00
3.295000e-05	-1.410790e-02	5.587793e+00
3.296000e-05	-1.317938e-02	5.346035e+00
3.297000e-05	-1.192940e-02	4.997693e+00
3.298000e-05	-1.255864e-02	4.653558e+00
3.299000e-05	-1.208400e-02	4.460025e+00
3.300000e-05	-1.145809e-02	4.137240e+00
3.301000e-05	-1.098061e-02	3.859457e+00
3.302000e-05	-1.115260e-02	3.630976e+00
3.303000e-05	-1.130525e-02	3.375736e+00
3.304000e-05	-9.500467e-03	3.053552e+00
3.305000e-05	-8.499191e-03	2.809449e+00
3.306000e-05	-8.328613e-03	2.515608e+00
3.307000e-05	-9.127443e-03	2.250923e+00
3.308000e-05	-8.103162e-03	1.977890e+00
3.309000e-05	-7.558928e-03	1.693079e+00
3.310000e-05	-6.849352e-03	1.407365e+00
3.311000e-05	-6.847352e-03	1.062054e+00
3.312000e-05	-6.218686e-03	7.642633e-01
3.313000e-05	-5.640609e-03	4.841053e-01
3.314000e-05	-4.600737e-03	2.184462e-01
3.315000e-05	-2.517516e-03	-9.574185e-02
3.316000e-05	8.961896e-03	-3.368685e-01
3.317000e-05	-3.726947e-03	-5.935825e-01
3.318000e-05	4.725367e-03	-8.742894e-01
3.319000e-05	-3.967820e-03	-1.138867e+00
3.320000e-05	4.159031e-03	-1.441159e+00
3.321000e-05	-3.499316e-03	-1.654792e+00
3.322000e-05	2.598595e-02	-1.906867e+00
3.323000e-05	8.124555e-02	-2.110400e+00
3.324000e-05	2.033101e-02	-2.519348e+00
3.325000e-05	-8.864007e-02	-2.856894e+00
3.326000e-05	1.530621e-02	-3.193637e+00
3.327000e-05	-4.119520e-02	-3.412638e+00
3.328000e-05	-5.100159e-02	-3.612664e+00
3.329000e-05	-1.878989e-03	-3.884188e+00
3.330000e-05	1.711736e-01	-4.054138e+00
3.331000e-05	-1.874946e-01	-4.338379e+00
3.332000e-05	1.704533e-01	-4.530005e+00
3.333000e-05	-6.998414e-02	-4.834118e+00
3.334000e-05	-3.190959e-02	-5.168905e+00
3.335000e-05	1.164530e-01	-5.423120e+00
3.336000e-05	-1.328526e-01	-5.739430e+00
3.337000e-05	1.622408e-01	-5.969400e+00
3.338000e-05	-7.935693e-02	-6.222194e+00
3.339000e-05	-4.728696e-03	-6.558834e+00
3.340000e-05	7.036853e-02	-6.789934e+00
3.341000e-05	-9.341760e-02	-7.118326e+00
3.342000e-05	1.196763e-01	-7.349277e+00
3.343000e-05	-1.051147e-01	-7.591166e+00
3.344000e-05	1.117388e-01	-7.916301e+00
3.345000e-05	-2.397362e-02	-8.127749e+00
3.346000e-05	-5.896609e-03	-8.399930e+00
3.347000e-05	6.948370e-02	-8.643058e+00
3.348000e-05	-6.287036e-02	-8.876722e+00
3.349000e-05	7.460810e-02	-9.115196e+00
3.350000e-05	-6.129692e-02	-9.254826e+00
3.351000e-05	8.482716e-02	-9.578353e+00
3.352000e-05	-1.692776e-02	-9.778432e+00
3.353000e-05	2.457406e-02	-9.969879e+00
3.354000e-05	3.165227e-04	-1.015936e+01
3.355000e-05	9.232977e-03	-1.039346e+01
3.356000e-05	4.058155e-02	-1.062088e+01
3.357000e-05	-1.431642e-02	-1.077890e+01
3.358000e-05	5.186133e-02	-1.091133e+01
3.359000e-05	-1.063417e-02	-1.119038e+01
3.360000e-05	3.730730e-02	-1.134933e+01
3.361000e-05	-1.453710e-02	-1.155824e+01
3.362000e-05	5.160685e-02	-1.179021e+01
3.363000e-05	5.135006e-03	-1.196833e+01
3.364000e-05	2.623863e-02	-1.214770e+01
3.365000e-05	6.837282e-03	-1.230609e+01
3.366000e-05	3.296375e-02	-1.249454e+01
3.367000e-05	1.916908e-02	-1.262234e+01
3.368000e-05	1.584136e-02	-1.282186e+01
3.369000e-05	3.021630e-02	-1.292822e+01
3.370000e-05	1.944485e-02	-1.309657e+01
3.371000e-05	2.841251e-02	-1.322247e+01
3.372000e-05	1.540525e-02	-1.338133e+01
3.373000e-05	4.081980e-02	-1.347607e+01
3.374000e-05	2.052874e-02	-1.364244e+01
3.375000e-05	2.995257e-02	-1.379131e+01
3.376000e-05	2.252174e-02	-1.387707e+01
3.377000e-05	3.791406e-02	-1.400284e+01
3.378000e-05	2.692631e-02	-1.410918e+01
3.379000e-05	3.199164e-02	-1.426589e+01
3.380000e-05	3.373877e-02	-1.433913e+01
3.381000e-05	3.376977e-02	-1.444394e+01
3.382000e-05	3.507150e-02	-1.451815e+01
3.383000e-05	3.751475e-02	-1.460234e+01
3.384000e-05	4.115408e-02	-1.465457e+01
3.385000e-05	3.706586e-02	-1.472712e+01
3.386000e-05	3.745854e-02	-1.479973e+01
3.387000e-05	4.139436e-02	-1.484434e+01
3.388000e-05	4.273642e-02	-1.487445e+01
3.389000e-05	4.272216e-02	-1.494802e+01
3.390000e-05	4.589620e-02	-1.496875e+01
3.391000e-05	4.670890e-02	-1.499284e+01
3.392000e-05	4.775727e-02	-1.501394e+01
3.393000e-05	4.878358e-02	-1.503442e+01
3.394000e-05	5.215287e-02	-1.509590e+01
3.395000e-05	5.322114e-02	-1.508702e+01
3.396000e-05	5.422464e-02	-1.511752e+01
3.397000e-05	5.719353e-02	-1.513613e+01
3.398000e-05	5.734465e-02	-1.517655e+01
3.399000e-05	5.889554e-02	-1.513702e+01
3.400000e-05	6.089768e-02	-1.507747e+01
3.401000e-05	6.502112e-02	-1.508447e+01
3.402000e-05	6.653163e-02	-1.508299e+01
3.403000e-05	6.874691e-02	-1.505444e+01
3.404000e-05	7.364264e-02	-1.505486e+01
3.405000e-05	7.700293e-02	-1.501026e+01
3.406000e-05	8.102766e-02	-1.498798e+01
3.407000e-05	8.543531e-02	-1.489455e+01
3.408000e-05	8.983808e-02	-1.489236e+01
3.409000e-05	9.395161e-02	-1.479820e+01
3.410000e-05	9.429853e-02	-1.474654e+01
3.411000e-05	9.738271e-02	-1.463194e+01
3.412000e-05	9.651423e-02	-1.454870e+01
3.413000e-05	9.488850e-02	-1.451551e+01
3.414000e-05	9.122971e-02	-1.439171e+01
3.415000e-05	8.851411e-02	-1.429589e+01
3.416000e-05	8.366710e-02	-1.417858e+01
3.417000e-05	7.849873e-02	-1.410334e+01
3.418000e-05	7.368712e-02	-1.393912e+01
3.419000e-05	6.946377e-02	-1.384271e+01
3.420000e-05	6.449164e-02	-1.370555e+01
3.421000e-05	6.018511e-02	-1.357873e+01
3.422000e-05	5.715192e-02	-1.345331e+01
3.423000e-05	5.271361e-02	-1.330708e+01
3.424000e-05	4.888459e-02	-1.316977e+01
3.425000e-05	4.607453e-02	-1.302341e+01
3.426000e-05	4.240494e-02	-1.291560e+01
3.427000e-05	4.051662e-02	-1.275715e+01
3.428000e-05	3.895605e-02	-1.259926e+01
3.429000e-05	3.756488e-02	-1.252499e+01
3.430000e-05	3.414613e-02	-1.229507e+01
3.431000e-05	3.136108e-02	-1.213810e+01
3.432000e-05	3.027006e-02	-1.195762e+01
3.433000e-05	2.962276e-02	-1.179910e+01
3.434000e-05	2.709222e-02	-1.157727e+01
3.435000e-05	2.588500e-02	-1.135765e+01
3.436000e-05	2.531498e-02	-1.116812e+01
3.437000e-05	2.334235e-02	-1.093722e+01
3.438000e-05	2.129845e-02	-1.076772e+01
3.439000e-05	1.988882e-02	-1.059877e+01
3.440000e-05	2.034223e-02	-1.034855e+01
3.441000e-05	1.934753e-02	-1.013562e+01
3.442000e-05	1.810953e-02	-9.917617e+00
3.443000e-05	1.664072e-02	-9.724093e+00
3.444000e-05	1.614200e-02	-9.494516e+00
3.445000e-05	1.497827e-02	-9.281480e+00
3.446000e-05	1.363838e-02	-9.060879e+00
3.447000e-05	1.246007e-02	-8.860884e+00
3.448000e-05	1.136432e-02	-8.639724e+00
3.449000e-05	1.137437e-02	-8.356242e+00
3.450000e-05	1.053609e-02	-8.125188e+00
3.451000e-05	9.825032e-03	-7.865960e+00
3.452000e-05	9.381069e-03	-7.588722e+00
3.453000e-05	8.802415e-03	-7.336743e+00
3.454000e-05	7.879012e-03	-7.084110e+00
3.455000e-05	6.981700e-03	-6.821404e+00
3.456000e-05	5.482911e-03	-6.609824e+00
3.457000e-05	6.279154e-03	-6.345720e+00
3.458000e-05	4.918971e-03	-6.104529e+00
3.459000e-05	5.343500e-03	-5.811003e+00
3.460000e-05	3.874725e-03	-5.597246e+00
3.461000e-05	3.718649e-03	-5.252029e+00
3.462000e-05	2.822020e-03	-5.009793e+00
3.463000e-05	3.277823e-03	-4.660004e+00
3.464000e-05	2.212438e-03	-4.430924e+00
3.465000e-05	2.682069e-03	-4.237871e+00
3.466000e-05	2.194066e-03	-3.933616e+00
3.467000e-05	1.928974e-03	-3.649875e+00
3.468000e-05	-1.265533e-03	-3.408317e+00
3.469000e-05	7.326791e-04	-3.104628e+00
3.470000e-05	-1.548340e-03	-2.818823e+00
3.471000e-05	1.550856e-04	-2.533032e+00
3.472000e-05	-2.383537e-03	-2.233554e+00
3.473000e-05	-1.306880e-03	-1.959318e+00
3.474000e-05	-2.437429e-03	-1.714752e+00
3.475000e-05	-2.199480e-03	-1.416886e+00
3.476000e-05	-3.504248e-03	-1.031480e+00
3.477000e-05	-3.659375e-03	-7.984697e-01
3.478000e-05	-3.264534e-03	-5.026552e-01
3.479000e-05	-3.338931e-03	-1.895225e-01
3.480000e-05	-3.567071e-03	2.423426e-02
3.481000e-05	6.904128e-03	3.594762e-01
3.482000e-05	-3.139938e-03	6.000290e-01
3.483000e-05	3.451236e-04	8.411602e-01
3.484000e-05	-3.944611e-03	1.147448e+00
3.485000e-05	-1.586772e-03	1.409057e+00
3.486000e-05	-5.611186e-03	1.698871e+00
3.487000e-05	4.532682e-03	1.948850e+00
3.488000e-05	2.239783e-02	2.128476e+00
3.489000e-05	8.105634e-02	2.443110e+00
3.490000e-05	-2.290306e-02	2.799554e+00
3.491000e-05	-6.785038e-02	3.064192e+00
3.492000e-05	-2.317439e-02	3.329976e+00
3.493000e-05	-1.745022e-02	3.643112e+00
3.494000e-05	-5.137254e-02	3.872137e+00
3.495000e-05	-2.501778e-02	4.023534e+00
3.496000e-05	1.128021e-01	4.318273e+00
3.497000e-05	-5.473134e-02	4.560033e+00
3.498000e-05	-4.913722e-02	4.823639e+00
3.499000e-05	1.232642e-01	5.159980e+00
3.500000e-05	-1.499831e-01	5.494192e+00
3.501000e-05	8.248690e-02	5.697703e+00
3.502000e-05	-4.679119e-02	5.992384e+00
3.503000e-05	1.798816e-02	6.235987e+00
3.504000e-05	-7.537678e-03	6.498327e+00
3.505000e-05	-4.354070e-02	6.791406e+00
3.506000e-05	3.556907e-02	7.054059e+00
3.507000e-05	-5.479428e-02	7.318754e+00
3.508000e-05	1.024866e-02	7.621986e+00
3.509000e-05	-4.282029e-02	7.844144e+00
3.510000e-05	2.482479e-02	8.179804e+00
3.511000e-05	4.395384e-03	8.390884e+00
3.512000e-05	-4.895237e-02	8.580985e+00
3.513000e-05	1.477387e-02	8.834558e+00
3.514000e-05	-3.109051e-02	9.075140e+00
3.515000e-05	-5.327561e-03	9.298169e+00
3.516000e-05	-3.525640e-02	9.517152e+00
3.517000e-05	3.769490e-03	9.739254e+00
3.518000e-05	-1.458650e-02	9.968832e+00
3.519000e-05	-2.094590e-02	1.016088e+01
3.520000e-05	-2.645452e-02	1.035928e+01
3.521000e-05	-1.571552e-02	1.054181e+01
3.522000e-05	-7.560304e-03	1.079935e+01
3.523000e-05	-2.907104e-02	1.097985e+01
3.524000e-05	-1.756826e-02	1.114980e+01
3.525000e-05	-1.541060e-02	1.131819e+01
3.526000e-05	-1.633533e-02	1.153930e+01
3.527000e-05	-3.530714e-02	1.175873e+01
3.528000e-05	-1.516329e-02	1.197918e+01
3.529000e-05	-1.889922e-02	1.209865e+01
3.530000e-05	-2.388549e-02	1.229607e+01
3.531000e-05	-3.278786e-02	1.247507e+01
3.532000e-05	-1.945501e-02	1.260194e+01
3.533000e-05	-2.393111e-02	1.277938e+01
3.534000e-05	-3.296358e-02	1.291908e+01
3.535000e-05	-2.677694e-02	1.309599e+01
3.536000e-05	-2.675311e-02	1.323249e+01
3.537000e-05	-2.658360e-02	1.336186e+01
3.538000e-05	-3.730779e-02	1.354773e+01
3.539000e-05	-2.467366e-02	1.365399e+01
3.540000e-05	-3.220984e-02	1.377279e+01
3.541000e-05	-3.318507e-02	1.388652e+01
3.542000e-05	-3.895932e-02	1.407342e+01
3.543000e-05	-3.276093e-02	1.421119e+01
3.544000e-05	-3.646596e-02	1.430654e+01
3.545000e-05	-3.997547e-02	1.443276e+01
3.546000e-05	-3.473755e-02	1.447452e+01
3.547000e-05	-4.044115e-02	1.458865e+01
3.548000e-05	-3.946531e-02	1.464492e+01
3.549000e-05	-4.367989e-02	1.472718e+01
3.550000e-05	-3.895630e-02	1.479036e+01
3.551000e-05	-4.751904e-02	1.485441e+01
3.552000e-05	-4.681899e-02	1.489604e+01
3.553000e-05	-4.826119e-02	1.493862e+01
3.554000e-05	-4.712507e-02	1.496075e+01
3.555000e-05	-5.011324e-02	1.502381e+01
3.556000e-05	-5.340061e-02	1.501391e+01
3.557000e-05	-5.038413e-02	1.508457e+01
3.558000e-05	-5.701457e-02	1.515665e+01
3.559000e-05	-5.775217e-02	1.511011e+01
3.560000e-05	-6.023507e-02	1.514815e+01
3.561000e-05	-5.805016e-02	1.524973e+01
3.562000e-05	-6.173805e-02	1.518118e+01
3.563000e-05	-6.372723e-02	1.522073e+01
3.564000e-05	-6.407145e-02	1.518168e+01
3.565000e-05	-6.654416e-02	1.516776e+01
3.566000e-05	-6.893514e-02	1.521918e+01
3.567000e-05	-7.223876e-02	1.514820e+01
3.568000e-05	-7.432087e-02	1.513800e+01
3.569000e-05	-8.071241e-02	1.511649e+01
3.570000e-05	-8.330399e-02	1.505544e+01
3.571000e-05	-8.602168e-02	1.503241e+01
3.572000e-05	-8.885940e-02	1.498920e+01
3.573000e-05	-9.360882e-02	1.492667e+01
3.574000e-05	-9.706635e-02	1.488396e+01
3.575000e-05	-1.000379e-01	1.483229e+01
3.576000e-05	-1.038051e-01	1.469910e+01
3.577000e-05	-1.042011e-01	1.466489e+01
3.578000e-05	-1.043046e-01	1.458076e+01
3.579000e-05	-9.943002e-02	1.453344e+01
3.580000e-05	-9.659123e-02	1.439071e+01
3.581000e-05	-9.057659e-02	1.429554e+01
3.582000e-05	-8.480148e-02	1.420073e+01
3.583000e-05	-8.162435e-02	1.408382e+01
3.584000e-05	-7.589753e-02	1.396605e+01
3.585000e-05	-7.482686e-02	1.382221e+01
3.586000e-05	-6.775169e-02	1.373537e+01
3.587000e-05	-6.570411e-02	1.355665e+01
3.588000e-05	-5.872484e-02	1.343336e+01
3.589000e-05	-5.886535e-02	1.328562e+01
3.590000e-05	-5.324307e-02	1.316717e+01
3.591000e-05	-5.235447e-02	1.301135e+01
3.592000e-05	-4.820978e-02	1.285239e+01
3.593000e-05	-4.779371e-02	1.270559e+01
3.594000e-05	-4.422478e-02	1.255820e+01
3.595000e-05	-4.201000e-02	1.241038e+01
3.596000e-05	-3.938272e-02	1.225441e+01
3.597000e-05	-3.912215e-02	1.209444e+01
3.598000e-05	-3.688362e-02	1.187551e+01
3.599000e-05	-3.479080e-02	1.169710e+01
3.600000e-05	-3.368940e-02	1.151594e+01
3.601000e-05	-3.314632e-02	1.132652e+01
3.602000e-05	-3.045192e-02	1.111454e+01
3.603000e-05	-2.951335e-02	1.092354e+01
3.604000e-05	-2.883666e-02	1.072764e+01
3.605000e-05	-2.881599e-02	1.052549e+01
3.606000e-05	-2.679761e-02	1.029399e+01
3.607000e-05	-2.555337e-02	1.007654e+01
3.608000e-05	-2.413140e-02	9.874336e+00
3.609000e-05	-2.501099e-02	9.638849e+00
3.610000e-05	-2.371053e-02	9.410425e+00
3.611000e-05	-2.286418e-02	9.187801e+00
3.612000e-05	-2.111749e-02	8.965626e+00
3.613000e-05	-2.085583e-02	8.735592e+00
3.614000e-05	-2.035191e-02	8.514065e+00
3.615000e-05	-2.072943e-02	8.273858e+00
3.616000e-05	-1.970571e-02	8.001331e+00
3.617000e-05	-1.861003e-02	7.778221e+00
3.618000e-05	-1.893286e-02	7.507513e+00
3.619000e-05	-1.742884e-02	7.260404e+00
3.620000e-05	-1.697538e-02	6.999324e+00
3.621000e-05	-1.642152e-02	6.747669e+00
3.622000e-05	-1.610848e-02	6.512033e+00
3.623000e-05	-1.479667e-02	6.260905e+00
3.624000e-05	-1.349493e-02	6.030477e+00
3.625000e-05	-1.441452e-02	5.726694e+00
3.626000e-05	-1.346373e-02	5.464483e+00
3.627000e-05	-1.256337e-02	5.217641e+00
3.628000e-05	-1.204120e-02	4.861475e+00
3.629000e-05	-1.280527e-02	4.649271e+00
3.630000e-05	-1.278825e-02	4.346266e+00
3.631000e-05	-1.072345e-02	4.051481e+00
3.632000e-05	-1.045178e-02	3.787842e+00
3.633000e-05	-1.039845e-02	3.506767e+00
3.634000e-05	-1.020329e-02	3.240025e+00
3.635000e-05	-8.664825e-03	2.967242e+00
3.636000e-05	-1.031865e-02	2.714582e+00
3.637000e-05	-7.937694e-03	2.387295e+00
3.638000e-05	-8.190975e-03	2.134185e+00
3.639000e-05	-7.090210e-03	1.871051e+00
3.640000e-05	-7.473809e-03	1.595689e+00
3.641000e-05	-6.770324e-03	1.260925e+00
3.642000e-05	-6.039717e-03	9.346543e-01
3.643000e-05	-5.318499e-03	6.694740e-01
3.644000e-05	-5.278369e-03	3.684157e-01
3.645000e-05	-3.674260e-03	8.308058e-02
3.646000e-05	2.528035e-03	-1.810289e-01
3.647000e-05	6.605469e-03	-4.311603e-01
3.648000e-05	-5.214512e-03	-7.183707e-01
3.649000e-05	4.557644e-03	-9.694787e-01
3.650000e-05	-2.878105e-03	-1.205214e+00
3.651000e-05	3.542989e-03	-1.567450e+00
3.652000e-05	2.633022e-03	-1.769978e+00
3.653000e-05	4.208557e-02	-1.980533e+00
3.654000e-05	9.937750e-02	-2.254342e+00
3.655000e-05	-6.943214e-02	-2.663741e+00
3.656000e-05	-2.408826e-02	-2.983666e+00
3.657000e-05	-2.091515e-02	-3.256295e+00
3.658000e-05	-2.043265e-02	-3.516818e+00
3.659000e-05	-9.349238e-02	-3.719800e+00
3.660000e-05	1.343056e-01	-3.938768e+00
3.661000e-05	1.829111e-02	-4.159404e+00
3.662000e-05	-9.855951e-02	-4.434117e+00
3.663000e-05	1.770846e-01	-4.695267e+00
3.664000e-05	-1.875200e-01	-4.992510e+00
3.665000e-05	1.329957e-01	-5.244146e+00
3.666000e-05	-3.240322e-02	-5.558956e+00
3.667000e-05	-2.447902e-02	-5.843617e+00
3.668000e-05	1.345072e-01	-6.034066e+00
3.669000e-05	-1.456637e-01	-6.379984e+00
3.670000e-05	1.135052e-01	-6.644112e+00
3.671000e-05	-5.514247e-02	-6.887699e+00
3.672000e-05	1.357965e-02	-7.191410e+00
3.673000e-05	4.621112e-02	-7.423562e+00
3.674000e-05	-6.740098e-02	-7.740377e+00
3.675000e-05	1.344126e-01	-8.001010e+00
3.676000e-05	-9.998359e-02	-8.255163e+00
3.677000e-05	9.102273e-02	-8.437571e+00
3.678000e-05	-2.392967e-02	-8.727730e+00
3.679000e-05	7.100850e-03	-8.951280e+00
3.680000e-05	2.579924e-02	-9.169880e+00
3.681000e-05	-2.740640e-02	-9.421913e+00
3.682000e-05	8.511223e-02	-9.624462e+00
3.683000e-05	-4.387670e-02	-9.843589e+00
3.684000e-05	5.591751e-02	-1.006402e+01
3.685000e-05	-3.503770e-02	-1.025407e+01
3.686000e-05	5.748773e-02	-1.049570e+01
3.687000e-05	-7.040969e-03	-1.063462e+01
3.688000e-05	2.690845e-02	-1.087551e+01
3.689000e-05	2.097662e-02	-1.102294e+01
3.690000e-05	9.073923e-03	-1.128657e+01
3.691000e-05	1.848492e-02	-1.142296e+01
3.692000e-05	3.311992e-03	-1.164399e+01
3.693000e-05	4.743378e-02	-1.180497e+01
3.694000e-05	-1.358657e-03	-1.203154e+01
3.695000e-05	3.130390e-02	-1.218084e+01
3.696000e-05	3.574226e-03	-1.238933e+01
3.697000e-05	4.206030e-02	-1.255818e+01
3.698000e-05	3.821170e-03	-1.266655e+01
3.699000e-05	2.999424e-02	-1.284452e+01
3.700000e-05	1.844163e-02	-1.301241e+01
3.701000e-05	3.022243e-02	-1.317920e+01
3.702000e-05	1.852737e-02	-1.329505e+01
3.703000e-05	2.889077e-02	-1.345339e+01
3.704000e-05	3.235306e-02	-1.352971e+01
3.705000e-05	2.298296e-02	-1.372660e+01
3.706000e-05	2.804539e-02	-1.382236e+01
3.707000e-05	2.781856e-02	-1.393871e+01
3.708000e-05	3.676385e-02	-1.407560e+01
3.709000e-05	2.571163e-02	-1.418031e+01
3.710000e-05	3.538184e-02	-1.428442e+01
3.711000e-05	3.297622e-02	-1.437986e+01
3.712000e-05	3.642702e-02	-1.449402e+01
3.713000e-05	3.364815e-02	-1.454963e+01
3.714000e-05	3.986188e-02	-1.462236e+01
3.715000e-05	3.859110e-02	-1.468612e+01
3.716000e-05	3.682618e-02	-1.473768e+01
3.717000e-05	3.790645e-02	-1.485081e+01
3.718000e-05	4.380571e-02	-1.487536e+01
3.719000e-05	4.182695e-02	-1.490657e+01
3.720000e-05	4.382684e-02	-1.494870e+01
3.721000e-05	4.589582e-02	-1.493974e+01
3.722000e-05	4.744600e-02	-1.504232e+01
3.723000e-05	4.826302e-02	-1.499389e+01
3.724000e-05	4.927072e-02	-1.507592e+01
3.725000e-05	5.320035e-02	-1.511640e+01
3.726000e-05	5.325659e-02	-1.511752e+01
3.727000e-05	5.544857e-02	-1.514607e+01
3.728000e-05	5.633743e-02	-1.511905e+01
3.729000e-05	5.794435e-02	-1.512750e+01
3.730000e-05	5.872957e-02	-1.511748e+01
3.731000e-05	6.158504e-02	-1.510605e+01
3.732000e-05	6.651391e-02	-1.508550e+01
3.733000e-05	6.770902e-02	-1.506497e+01
3.734000e-05	6.944086e-02	-1.505387e+01
3.735000e-05	7.454166e-02	-1.509226e+01
3.736000e-05	7.842864e-02	-1.497976e+01
3.737000e-05	8.262441e-02	-1.493647e+01
3.738000e-05	8.666345e-02	-1.489594e+01
3.739000e-05	9.138267e-02	-1.482124e+01
3.740000e-05	9.399673e-02	-1.475825e+01
3.741000e-05	9.508472e-02	-1.468502e+01
3.742000e-05	9.762821e-02	-1.463081e+01
3.743000e-05	9.565208e-02	-1.456828e+01
3.744000e-05	9.274912e-02	-1.447141e+01
3.745000e-05	8.949442e-02	-1.432807e+01
3.746000e-05	8.594805e-02	-1.423279e+01
3.747000e-05	8.215204e-02	-1.410855e+01
3.748000e-05	7.671480e-02	-1.403917e+01
3.749000e-05	7.093195e-02	-1.388539e+01
3.750000e-05	6.696728e-02	-1.380830e+01
3.751000e-05	6.294466e-02	-1.370191e+01
3.752000e-05	5.924849e-02	-1.352655e+01
3.753000e-05	5.608942e-02	-1.344026e+01
3.754000e-05	5.051840e-02	-1.325434e+01
3.755000e-05	4.743001e-02	-1.314620e+01
3.756000e-05	4.377963e-02	-1.301980e+01
3.757000e-05	4.179510e-02	-1.283291e+01
3.758000e-05	3.914751e-02	-1.273549e+01
3.759000e-05	3.777883e-02	-1.254913e+01
3.760000e-05	3.626913e-02	-1.241983e+01
3.761000e-05	3.268352e-02	-1.222394e+01
3.762000e-05	3.145390e-02	-1.211447e+01
3.763000e-05	3.039546e-02	-1.187486e+01
3.764000e-05	2.876676e-02	-1.170247e+01
3.765000e-05	2.712213e-02	-1.150502e+01
3.766000e-05	2.620997e-02	-1.128480e+01
3.767000e-05	2.384604e-02	-1.104283e+01
3.768000e-05	2.320517e-02	-1.089344e+01
3.769000e-05	2.010685e-02	-1.072554e+01
3.770000e-05	1.971624e-02	-1.050552e+01
3.771000e-05	2.029544e-02	-1.030149e+01
3.772000e-05	1.789458e-02	-1.005235e+01
3.773000e-05	2.038648e-02	-9.861953e+00
3.774000e-05	1.863218e-02	-9.571883e+00
3.775000e-05	1.437548e-02	-9.440300e+00
3.776000e-05	1.548899e-02	-9.167848e+00
3.777000e-05	1.015690e-02	-8.958121e+00
3.778000e-05	1.321704e-02	-8.766191e+00
3.779000e-05	9.052995e-03	-8.484461e+00
3.780000e-05	1.112232e-02	-8.261907e+00
3.781000e-05	1.012995e-02	-8.040880e+00
3.782000e-05	1.076567e-02	-7.747018e+00
3.783000e-05	9.718434e-03	-7.523011e+00
3.784000e-05	9.521131e-03	-7.239907e+00
3.785000e-05	7.072354e-03	-6.981272e+00
3.786000e-05	7.253365e-03	-6.765691e+00
3.787000e-05	4.274524e-03	-6.534163e+00
3.788000e-05	5.825482e-03	-6.251873e+00
3.789000e-05	3.997579e-03	-6.007241e+00
3.790000e-05	6.285360e-03	-5.745189e+00
3.791000e-05	2.539114e-03	-5.502059e+00
3.792000e-05	5.042308e-03	-5.186740e+00
3.793000e-05	3.917256e-03	-4.892455e+00
3.794000e-05	3.863967e-03	-4.568267e+00
3.795000e-05	1.689426e-03	-4.324740e+00
3.796000e-05	3.069490e-03	-4.124032e+00
3.797000e-05	1.539440e-03	-3.828894e+00
3.798000e-05	1.601067e-03	-3.536712e+00
3.799000e-05	-1.010416e-03	-3.272605e+00
3.800000e-05	2.890861e-04	-2.967315e+00
3.801000e-05	-1.605659e-03	-2.694083e+00
3.802000e-05	4.573627e-04	-2.431446e+00
3.803000e-05	-1.451484e-03	-2.162233e+00
3.804000e-05	-1.084323e-03	-1.862076e+00
3.805000e-05	-2.980069e-03	-1.589815e+00
3.806000e-05	-2.273115e-03	-1.210420e+00
3.807000e-05	-3.106002e-03	-9.662621e-01
3.808000e-05	-4.185740e-03	-6.820554e-01
3.809000e-05	-3.808804e-03	-3.873960e-01
3.810000e-05	-3.706086e-03	-1.442582e-01
3.811000e-05	7.160649e-04	1.595749e-01
3.812000e-05	6.314498e-03	4.252628e-01
3.813000e-05	-5.918893e-03	6.957381e-01
3.814000e-05	3.692290e-03	9.684197e-01
3.815000e-05	-5.288109e-03	1.233638e+00
3.816000e-05	1.007958e-03	1.507373e+00
3.817000e-05	-7.952354e-03	1.831637e+00
3.818000e-05	1.407835e-02	2.040059e+00
3.819000e-05	3.694485e-02	2.253862e+00
3.820000e-05	7.769973e-02	2.620530e+00
3.821000e-05	-8.536607e-02	2.914844e+00
3.822000e-05	-2.561170e-02	3.170004e+00
3.823000e-05	-3.682246e-02	3.474720e+00
3.824000e-05	-4.976278e-03	3.715352e+00
3.825000e-05	-7.598230e-02	3.977373e+00
3.826000e-05	3.931433e-02	4.158398e+00
3.827000e-05	9.506700e-02	4.403165e+00
3.828000e-05	-1.470080e-01	4.696343e+00
3.829000e-05	1.062484e-01	4.937826e+00
3.830000e-05	-2.388003e-02	5.286746e+00
3.831000e-05	-5.966937e-02	5.569332e+00
3.832000e-05	5.617906e-02	5.813062e+00
3.833000e-05	-4.755851e-02	6.086743e+00
3.834000e-05	3.429150e-02	6.348806e+00
3.835000e-05	-4.446736e-02	6.663111e+00
3.836000e-05	-4.050129e-03	6.894647e+00
3.837000e-05	6.808197e-03	7.119273e+00
3.838000e-05	-4.477870e-02	7.423116e+00
3.839000e-05	9.694732e-03	7.686796e+00
3.840000e-05	-4.204333e-02	7.978411e+00
3.841000e-05	4.518346e-02	8.243659e+00
3.842000e-05	-3.499049e-02	8.444571e+00
3.843000e-05	-2.261878e-02	8.645644e+00
3.844000e-05	1.152841e-02	8.916168e+00
3.845000e-05	-3.944410e-02	9.108830e+00
3.846000e-05	2.634516e-03	9.349909e+00
3.847000e-05	-4.344056e-02	9.621409e+00
3.848000e-05	2.158885e-02	9.813967e+00
3.849000e-05	-3.437793e-02	1.005299e+01
3.850000e-05	-1.314168e-02	1.027547e+01
3.851000e-05	-2.913209e-02	1.044404e+01
3.852000e-05	-7.344047e-03	1.066405e+01
3.853000e-05	-1.113480e-02	1.086352e+01
3.854000e-05	-3.571621e-02	1.102251e+01
3.855000e-05	-4.765577e-03	1.123400e+01
3.856000e-05	-2.313254e-02	1.147394e+01
3.857000e-05	-1.377940e-02	1.164652e+01
3.858000e-05	-3.900249e-02	1.183046e+01
3.859000e-05	-6.386007e-03	1.200091e+01
3.860000e-05	-2.469246e-02	1.220129e+01
3.861000e-05	-2.679123e-02	1.239823e+01
3.862000e-05	-2.824728e-02	1.250765e+01
3.863000e-05	-2.152791e-02	1.267554e+01
3.864000e-05	-2.365612e-02	1.283997e+01
3.865000e-05	-3.657315e-02	1.298128e+01
3.866000e-05	-2.055970e-02	1.317770e+01
3.867000e-05	-3.130067e-02	1.332565e+01
3.868000e-05	-2.840955e-02	1.344244e+01
3.869000e-05	-3.554534e-02	1.355026e+01
3.870000e-05	-2.421797e-02	1.372708e+01
3.871000e-05	-3.277085e-02	1.382394e+01
3.872000e-05	-3.674538e-02	1.394066e+01
3.873000e-05	-3.374647e-02	1.412457e+01
3.874000e-05	-3.566765e-02	1.421327e+01
3.875000e-05	-3.583381e-02	1.434915e+01
3.876000e-05	-4.180939e-02	1.448229e+01
3.877000e-05	-3.429922e-02	1.451710e+01
3.878000e-05	-4.133251e-02	1.463236e+01
3.879000e-05	-4.076321e-02	1.469609e+01
3.880000e-05	-4.131184e-02	1.473968e+01
3.881000e-05	-4.195303e-02	1.479183e+01
3.882000e-05	-4.435799e-02	1.487304e+01
3.883000e-05	-5.053124e-02	1.493660e+01
3.884000e-05	-4.613079e-02	1.495868e+01
3.885000e-05	-5.155658e-02	1.501131e+01
3.886000e-05	-4.966248e-02	1.504194e+01
3.887000e-05	-5.360112e-02	1.508299e+01
3.888000e-05	-5.181312e-02	1.510555e+01
3.889000e-05	-5.662163e-02	1.514762e+01
3.890000e-05	-5.733942e-02	1.513863e+01
3.891000e-05	-5.756936e-02	1.518976e+01
3.892000e-05	-5.978237e-02	1.514923e+01
3.893000e-05	-6.161097e-02	1.521020e+01
3.894000e-05	-6.551113e-02	1.520076e+01
3.895000e-05	-6.525719e-02	1.518965e+01
3.896000e-05	-6.935022e-02	1.519820e+01
3.897000e-05	-7.005903e-02	1.518008e+01
3.898000e-05	-7.244044e-02	1.514872e+01
3.899000e-05	-7.567331e-02	1.514702e+01
3.900000e-05	-7.973769e-02	1.513649e+01
3.901000e-05	-8.313629e-02	1.508497e+01
3.902000e-05	-8.603904e-02	1.501223e+01
3.903000e-05	-9.286864e-02	1.495675e+01
3.904000e-05	-9.590229e-02	1.492610e+01
3.905000e-05	-1.005970e-01	1.486486e+01
3.906000e-05	-1.014735e-01	1.482025e+01
3.907000e-05	-1.033927e-01	1.471612e+01
3.908000e-05	-1.039346e-01	1.465341e+01
3.909000e-05	-1.006079e-01	1.456012e+01
3.910000e-05	-9.755745e-02	1.448184e+01
3.911000e-05	-9.163729e-02	1.437915e+01
3.912000e-05	-9.033185e-02	1.423591e+01
3.913000e-05	-8.449407e-02	1.415757e+01
3.914000e-05	-8.122019e-02	1.402173e+01
3.915000e-05	-7.329294e-02	1.392649e+01
3.916000e-05	-7.239908e-02	1.375756e+01
3.917000e-05	-6.692930e-02	1.365181e+01
3.918000e-05	-6.371694e-02	1.350454e+01
3.919000e-05	-5.905363e-02	1.336983e+01
3.920000e-05	-5.630381e-02	1.327133e+01
3.921000e-05	-5.460617e-02	1.309389e+01
3.922000e-05	-5.056954e-02	1.298663e+01
3.923000e-05	-4.772325e-02	1.281977e+01
3.924000e-05	-4.598389e-02	1.265233e+01
3.925000e-05	-4.414335e-02	1.252452e+01
3.926000e-05	-4.233649e-02	1.235754e+01
3.927000e-05	-3.978085e-02	1.219920e+01
3.928000e-05	-3.822599e-02	1.198933e+01
3.929000e-05	-3.492453e-02	1.181028e+01
3.930000e-05	-3.428627e-02	1.164189e+01
3.931000e-05	-3.428927e-02	1.143981e+01
3.932000e-05	-3.326212e-02	1.124038e+01
3.933000e-05	-3.081140e-02	1.104133e+01
3.934000e-05	-3.066762e-02	1.088291e+01
3.935000e-05	-2.975690e-02	1.065341e+01
3.936000e-05	-2.759498e-02	1.043885e+01
3.937000e-05	-2.608641e-02	1.025193e+01
3.938000e-05	-2.470819e-02	1.003080e+01
3.939000e-05	-2.477211e-02	9.769197e+00
3.940000e-05	-2.407416e-02	9.538113e+00
3.941000e-05	-2.287273e-02	9.346168e+00
3.942000e-05	-2.315058e-02	9.106012e+00
3.943000e-05	-2.120979e-02	8.912956e+00
3.944000e-05	-2.056239e-02	8.641302e+00
3.945000e-05	-2.017507e-02	8.429852e+00
3.946000e-05	-2.080447e-02	8.178671e+00
3.947000e-05	-1.904283e-02	7.904039e+00
3.948000e-05	-1.814236e-02	7.692005e+00
3.949000e-05	-1.724555e-02	7.408798e+00
3.950000e-05	-1.828017e-02	7.168118e+00
3.951000e-05	-1.769127e-02	6.945661e+00
3.952000e-05	-1.534204e-02	6.661380e+00
3.953000e-05	-1.493249e-02	6.408321e+00
3.954000e-05	-1.534734e-02	6.157242e+00
3.955000e-05	-1.490903e-02	5.936689e+00
3.956000e-05	-1.441949e-02	5.650951e+00
3.957000e-05	-1.278288e-02	5.388818e+00
3.958000e-05	-1.352676e-02	5.052457e+00
3.959000e-05	-1.123050e-02	4.755711e+00
3.960000e-05	-1.151544e-02	4.473609e+00
3.961000e-05	-1.080795e-02	4.230395e+00
3.962000e-05	-1.144813e-02	3.916238e+00
3.963000e-05	-1.171057e-02	3.712607e+00
3.964000e-05	-9.607779e-03	3.399846e+00
3.965000e-05	-9.983723e-03	3.116134e+00
3.966000e-05	-9.465747e-03	2.892030e+00
3.967000e-05	-8.931642e-03	2.598740e+00
3.968000e-05	-8.606286e-03	2.263453e+00
3.969000e-05	-7.437384e-03	2.031396e+00
3.970000e-05	-7.400727e-03	1.716659e+00
3.971000e-05	-6.551574e-03	1.461949e+00
3.972000e-05	-7.140505e-03	1.106734e+00
3.973000e-05	-4.764204e-03	8.093760e-01
3.974000e-05	-5.988911e-03	5.441859e-01
3.975000e-05	-4.318491e-03	2.809751e-01
3.976000e-05	-3.824923e-03	-5.325782e-02
3.977000e-05	6.434582e-03	-2.657394e-01
3.978000e-05	-5.879698e-04	-5.179287e-01
3.979000e-05	1.995501e-03	-8.326578e-01
3.980000e-05	-4.140838e-04	-1.106243e+00
3.981000e-05	1.181213e-03	-1.341556e+00
3.982000e-05	-1.492363e-03	-1.622160e+00
3.983000e-05	1.674712e-02	-1.884239e+00
3.984000e-05	6.539195e-02	-2.083668e+00
3.985000e-05	6.426738e-02	-2.423163e+00
3.986000e-05	-1.038726e-01	-2.782586e+00
3.987000e-05	1.799654e-02	-3.158455e+00
3.988000e-05	-4.648952e-02	-3.381506e+00
3.989000e-05	-2.740245e-02	-3.609459e+00
3.990000e-05	-6.292142e-02	-3.830607e+00
3.991000e-05	2.019094e-01	-3.990956e+00
3.992000e-05	-1.552692e-01	-4.275718e+00
3.993000e-05	8.334933e-02	-4.540876e+00
3.994000e-05	2.894433e-02	-4.790563e+00
3.995000e-05	-1.217090e-01	-5.117321e+00
3.996000e-05	1.612626e-01	-5.388935e+00
3.997000e-05	-1.365930e-01	-5.685221e+00
3.998000e-05	1.198425e-01	-5.908247e+00
3.999000e-05	6.559815e-04	-6.171033e+00
4.000000e-05	-7.761266e-02	-6.478126e+00
4.001000e-05	1.203681e-01	-6.727305e+00
4.002000e-05	-1.135420e-01	-7.034095e+00
4.003000e-05	1.103515e-01	-7.306272e+00
4.004000e-05	-7.227772e-02	-7.528351e+00
4.005000e-05	5.457958e-02	-7.907071e+00
4.006000e-05	4.392847e-02	-8.074697e+00
4.007000e-05	-6.191863e-02	-8.368359e+00
4.008000e-05	1.034037e-01	-8.560385e+00
4.009000e-05	-7.361394e-02	-8.861992e+00
4.010000e-05	7.016390e-02	-9.063590e+00
4.011000e-05	-4.439657e-02	-9.233042e+00
4.012000e-05	5.251175e-02	-9.537750e+00
4.013000e-05	2.139272e-02	-9.707249e+00
4.014000e-05	-6.887873e-03	-9.927675e+00
4.015000e-05	2.879032e-02	-1.009975e+01
4.016000e-05	-1.709698e-02	-1.034976e+01
4.017000e-05	5.973245e-02	-1.055733e+01
4.018000e-05	-2.663551e-02	-1.074875e+01
4.019000e-05	5.378779e-02	-1.092720e+01
4.020000e-05	-8.117676e-03	-1.112773e+01
4.021000e-05	3.671830e-02	-1.135763e+01
4.022000e-05	-1.085716e-02	-1.151660e+01
4.023000e-05	3.965679e-02	-1.170065e+01
4.024000e-05	1.671116e-02	-1.191615e+01
4.025000e-05	1.717025e-02	-1.209567e+01
4.026000e-05	1.745898e-02	-1.226552e+01
4.027000e-05	2.278169e-02	-1.245249e+01
4.028000e-05	3.206856e-02	-1.257283e+01
4.029000e-05	5.326257e-03	-1.277924e+01
4.030000e-05	3.320201e-02	-1.290613e+01
4.031000e-05	1.460416e-02	-1.306452e+01
4.032000e-05	3.335506e-02	-1.322028e+01
4.033000e-05	1.430874e-02	-1.336821e+01
4.034000e-05	3.883075e-02	-1.346552e+01
4.035000e-05	2.277149e-02	-1.359046e+01
4.036000e-05	3.041386e-02	-1.372723e+01
4.037000e-05	2.566350e-02	-1.388542e+01
4.038000e-05	3.671648e-02	-1.398173e+01
4.039000e-05	2.640639e-02	-1.410810e+01
4.040000e-05	2.837877e-02	-1.423332e+01
4.041000e-05	3.403805e-02	-1.428558e+01
4.042000e-05	3.430056e-02	-1.446341e+01
4.043000e-05	3.658247e-02	-1.448757e+01
4.044000e-05	3.741712e-02	-1.456123e+01
4.045000e-05	4.160709e-02	-1.466446e+01
4.046000e-05	3.646307e-02	-1.473710e+01
4.047000e-05	3.656369e-02	-1.475828e+01
4.048000e-05	4.004534e-02	-1.484134e+01
4.049000e-05	4.479343e-02	-1.486344e+01
4.050000e-05	4.096964e-02	-1.491608e+01
4.051000e-05	4.427295e-02	-1.497015e+01
4.052000e-05	4.532163e-02	-1.503224e+01
4.053000e-05	5.058338e-02	-1.502381e+01
4.054000e-05	5.003574e-02	-1.506339e+01
4.055000e-05	5.138909e-02	-1.504645e+01
4.056000e-05	5.283499e-02	-1.510545e+01
4.057000e-05	5.329777e-02	-1.513610e+01
4.058000e-05	5.652311e-02	-1.509748e+01
4.059000e-05	5.679726e-02	-1.508653e+01
4.060000e-05	5.810548e-02	-1.513800e+01
4.061000e-05	5.892455e-02	-1.513545e+01
4.062000e-05	6.413582e-02	-1.508707e+01
4.063000e-05	6.864074e-02	-1.512497e+01
4.064000e-05	6.859836e-02	-1.507446e+01
4.065000e-05	7.233343e-02	-1.500232e+01
4.066000e-05	7.601612e-02	-1.500181e+01
4.067000e-05	7.977259e-02	-1.495908e+01
4.068000e-05	8.327826e-02	-1.488502e+01
4.069000e-05	8.826708e-02	-1.485486e+01
4.070000e-05	9.365197e-02	-1.479976e+01
4.071000e-05	9.482808e-02	-1.469562e+01
4.072000e-05	9.713969e-02	-1.466439e+01
4.073000e-05	9.732508e-02	-1.458875e+01
4.074000e-05	9.603858e-02	-1.450444e+01
4.075000e-05	9.216661e-02	-1.441071e+01
4.076000e-05	8.851373e-02	-1.431539e+01
4.077000e-05	8.329377e-02	-1.424128e+01
4.078000e-05	7.995142e-02	-1.406389e+01
4.079000e-05	7.457412e-02	-1.397815e+01
4.080000e-05	6.966323e-02	-1.388339e+01
4.081000e-05	6.552122e-02	-1.371609e+01
4.082000e-05	6.088597e-02	-1.359968e+01
4.083000e-05	5.871481e-02	-1.349339e+01
4.084000e-05	5.327858e-02	-1.334860e+01
4.085000e-05	4.967808e-02	-1.324185e+01
4.086000e-05	4.610880e-02	-1.310499e+01
4.087000e-05	4.376257e-02	-1.294712e+01
4.088000e-05	4.016833e-02	-1.284218e+01
4.089000e-05	3.847107e-02	-1.265338e+01
4.090000e-05	3.743632e-02	-1.248502e+01
4.091000e-05	3.575675e-02	-1.236517e+01
4.092000e-05	3.229451e-02	-1.218873e+01
4.093000e-05	3.112858e-02	-1.200923e+01
4.094000e-05	2.903125e-02	-1.179171e+01
4.095000e-05	2.776788e-02	-1.161123e+01
4.096000e-05	2.621081e-02	-1.143873e+01
4.097000e-05	2.428406e-02	-1.120123e+01
4.098000e-05	2.341166e-02	-1.094930e+01
4.099000e-05	2.321253e-02	-1.080928e+01
4.100000e-05	2.154183e-02	-1.064127e+01
4.101000e-05	1.974584e-02	-1.039083e+01
4.102000e-05	1.928135e-02	-1.022970e+01
4.103000e-05	1.887558e-02	-9.948721e+00
4.104000e-05	1.759066e-02	-9.756670e+00
4.105000e-05	1.682972e-02	-9.537593e+00
4.106000e-05	1.406032e-02	-9.325515e+00
4.107000e-05	1.464010e-02	-9.063488e+00
4.108000e-05	1.297616e-02	-8.912584e+00
4.109000e-05	1.145237e-02	-8.652355e+00
4.110000e-05	1.066110e-02	-8.387247e+00
4.111000e-05	1.196128e-02	-8.196722e+00
4.112000e-05	1.040543e-02	-7.917066e+00
4.113000e-05	8.668487e-03	-7.641406e+00
4.114000e-05	9.020566e-03	-7.380295e+00
4.115000e-05	8.990995e-03	-7.167694e+00
4.116000e-05	7.152160e-03	-6.894485e+00
4.117000e-05	5.414777e-03	-6.652404e+00
4.118000e-05	5.421053e-03	-6.398821e+00
4.119000e-05	5.910834e-03	-6.136191e+00
4.120000e-05	5.141703e-03	-5.853510e+00
4.121000e-05	5.273731e-03	-5.640851e+00
4.122000e-05	3.275759e-03	-5.345665e+00
4.123000e-05	3.913432e-03	-5.041975e+00
4.124000e-05	1.983072e-03	-4.765168e+00
4.125000e-05	4.266570e-03	-4.462058e+00
4.126000e-05	1.685052e-03	-4.260925e+00
4.127000e-05	2.290490e-03	-4.000822e+00
4.128000e-05	1.275161e-03	-3.674079e+00
4.129000e-05	1.404369e-03	-3.449899e+00
4.130000e-05	1.352799e-04	-3.189317e+00
4.131000e-05	-1.734110e-03	-2.841999e+00
4.132000e-05	-7.824993e-04	-2.587817e+00
4.133000e-05	-8.091085e-04	-2.326113e+00
4.134000e-05	-4.258409e-04	-2.029324e+00
4.135000e-05	-3.367660e-03	-1.726265e+00
4.136000e-05	-1.887987e-03	-1.463531e+00
4.137000e-05	-3.632826e-03	-1.125162e+00
4.138000e-05	-2.957330e-03	-8.615278e-01
4.139000e-05	-5.263116e-03	-5.467658e-01
4.140000e-05	-3.263796e-03	-2.831053e-01
4.141000e-05	-2.822295e-03	-3.090250e-02
4.142000e-05	5.061975e-03	2.843168e-01
4.143000e-05	-5.135779e-04	5.283684e-01
4.144000e-05	-3.326261e-03	7.879786e-01
4.145000e-05	1.404344e-03	1.034239e+00
4.146000e-05	-3.645421e-03	1.346921e+00
4.147000e-05	-2.959646e-03	1.655162e+00
4.148000e-05	-1.006772e-03	1.876266e+00
4.149000e-05	1.946633e-02	2.077371e+00
4.150000e-05	6.728328e-02	2.300104e+00
4.151000e-05	1.930396e-02	2.697847e+00
4.152000e-05	-8.742414e-02	3.021584e+00
4.153000e-05	-1.516828e-02	3.284820e+00
4.154000e-05	-2.999633e-02	3.579480e+00
4.155000e-05	-2.886259e-02	3.811031e+00
4.156000e-05	-5.528625e-02	3.998456e+00
4.157000e-05	9.516195e-02	4.243664e+00
4.158000e-05	8.878895e-03	4.538851e+00
4.159000e-05	-1.185947e-01	4.779029e+00
4.160000e-05	1.624045e-01	5.097747e+00
4.161000e-05	-1.439575e-01	5.382035e+00
4.162000e-05	5.490798e-02	5.654089e+00
4.163000e-05	-1.795253e-02	5.928827e+00
4.164000e-05	-5.728028e-03	6.170433e+00
4.165000e-05	1.240956e-02	6.432068e+00
4.166000e-05	-5.344972e-02	6.747327e+00
4.167000e-05	3.120232e-02	6.959456e+00
4.168000e-05	-4.025344e-02	7.223569e+00
4.169000e-05	-5.516324e-03	7.549280e+00
4.170000e-05	-2.527903e-02	7.792464e+00
4.171000e-05	-1.543618e-03	8.116222e+00
4.172000e-05	2.525894e-02	8.327825e+00
4.173000e-05	-5.113849e-02	8.537352e+00
4.174000e-05	7.656869e-03	8.759354e+00
4.175000e-05	-1.529712e-02	9.012984e+00
4.176000e-05	-2.000132e-02	9.244562e+00
4.177000e-05	-1.933745e-02	9.465543e+00
4.178000e-05	-1.596809e-02	9.675722e+00
4.179000e-05	1.101740e-03	9.927728e+00
4.180000e-05	-3.029113e-02	1.010872e+01
4.181000e-05	-1.999571e-02	1.031767e+01
4.182000e-05	-1.965943e-02	1.054825e+01
4.183000e-05	-5.646290e-03	1.073923e+01
4.184000e-05	-2.312756e-02	1.091822e+01
4.185000e-05	-2.548043e-02	1.111867e+01
4.186000e-05	-8.114562e-03	1.132765e+01
4.187000e-05	-2.016274e-02	1.150815e+01
4.188000e-05	-2.846626e-02	1.172665e+01
4.189000e-05	-2.530467e-02	1.189562e+01
4.190000e-05	-1.097816e-02	1.209560e+01
4.191000e-05	-2.654604e-02	1.225392e+01
4.192000e-05	-2.873854e-02	1.239299e+01
4.193000e-05	-2.071341e-02	1.261131e+01
4.194000e-05	-2.374186e-02	1.274818e+01
4.195000e-05	-2.970583e-02	1.291502e+01
4.196000e-05	-3.299869e-02	1.303492e+01
4.197000e-05	-2.110005e-02	1.320131e+01
4.198000e-05	-2.936704e-02	1.337075e+01
4.199000e-05	-3.504493e-02	1.346502e+01
4.200000e-05	-2.668772e-02	1.364284e+01
4.201000e-05	-2.965805e-02	1.372873e+01
4.202000e-05	-3.220518e-02	1.389597e+01
4.203000e-05	-3.886281e-02	1.399091e+01
4.204000e-05	-3.116256e-02	1.409818e+01
4.205000e-05	-3.632709e-02	1.427390e+01
4.206000e-05	-3.942007e-02	1.441126e+01
4.207000e-05	-3.679193e-02	1.447499e+01
4.208000e-05	-3.822712e-02	1.455878e+01
4.209000e-05	-4.063500e-02	1.462442e+01
4.210000e-05	-4.380602e-02	1.470458e+01
4.211000e-05	-3.829539e-02	1.481028e+01
4.212000e-05	-4.611818e-02	1.485286e+01
4.213000e-05	-4.457109e-02	1.489547e+01
4.214000e-05	-4.912991e-02	1.493713e+01
4.215000e-05	-4.484987e-02	1.493973e+01
4.216000e-05	-5.261596e-02	1.504029e+01
4.217000e-05	-5.324034e-02	1.505296e+01
4.218000e-05	-5.127629e-02	1.511605e+01
4.219000e-05	-5.457856e-02	1.514707e+01
4.220000e-05	-5.581454e-02	1.513800e+01
4.221000e-05	-5.862020e-02	1.517963e+01
4.222000e-05	-5.711980e-02	1.521868e+01
4.223000e-05	-6.208338e-02	1.521926e+01
4.224000e-05	-6.224400e-02	1.520068e+01
4.225000e-05	-6.424863e-02	1.520113e+01
4.226000e-05	-6.661059e-02	1.517070e+01
4.227000e-05	-7.055631e-02	1.519965e+01
4.228000e-05	-7.199989e-02	1.517913e+01
4.229000e-05	-7.154098e-02	1.515913e+01
4.230000e-05	-7.769663e-02	1.513852e+01
4.231000e-05	-8.122055e-02	1.506342e+01
4.232000e-05	-8.584689e-02	1.503386e+01
4.233000e-05	-8.672091e-02	1.496133e+01
4.234000e-05	-9.398038e-02	1.496760e+01
4.235000e-05	-9.788190e-02	1.490449e+01
4.236000e-05	-1.009499e-01	1.486186e+01
4.237000e-05	-1.031878e-01	1.478813e+01
4.238000e-05	-1.027542e-01	1.470555e+01
4.239000e-05	-1.023984e-01	1.463178e+01
4.240000e-05	-9.819642e-02	1.451655e+01
4.241000e-05	-9.671762e-02	1.444026e+01
4.242000e-05	-9.110486e-02	1.429849e+01
4.243000e-05	-8.930884e-02	1.419970e+01
4.244000e-05	-8.120675e-02	1.412544e+01
4.245000e-05	-7.828296e-02	1.398915e+01
4.246000e-05	-7.362402e-02	1.387126e+01
4.247000e-05	-6.956639e-02	1.372749e+01
4.248000e-05	-6.513869e-02	1.357862e+01
4.249000e-05	-6.059526e-02	1.344189e+01
4.250000e-05	-5.881829e-02	1.333704e+01
4.251000e-05	-5.510789e-02	1.323860e+01
4.252000e-05	-5.279747e-02	1.305183e+01
4.253000e-05	-4.834911e-02	1.290552e+01
4.254000e-05	-4.638657e-02	1.275757e+01
4.255000e-05	-4.441606e-02	1.263073e+01
4.256000e-05	-4.291064e-02	1.247197e+01
4.257000e-05	-4.075211e-02	1.227434e+01
4.258000e-05	-3.835285e-02	1.212651e+01
4.259000e-05	-3.744734e-02	1.194660e+01
4.260000e-05	-3.505969e-02	1.176760e+01
4.261000e-05	-3.459612e-02	1.154762e+01
4.262000e-05	-3.411472e-02	1.135810e+01
4.263000e-05	-3.099235e-02	1.118767e+01
4.264000e-05	-3.077164e-02	1.096770e+01
4.265000e-05	-2.896188e-02	1.078630e+01
4.266000e-05	-2.865283e-02	1.054857e+01
4.267000e-05	-2.684652e-02	1.037604e+01
4.268000e-05	-2.736540e-02	1.017619e+01
4.269000e-05	-2.487924e-02	9.925543e+00
4.270000e-05	-2.388251e-02	9.720883e+00
4.271000e-05	-2.228993e-02	9.491932e+00
4.272000e-05	-2.325730e-02	9.251430e+00
4.273000e-05	-2.208747e-02	9.021254e+00
4.274000e-05	-2.138189e-02	8.768271e+00
4.275000e-05	-2.077295e-02	8.567192e+00
4.276000e-05	-2.107625e-02	8.316641e+00
4.277000e-05	-2.008078e-02	8.102432e+00
4.278000e-05	-1.786302e-02	7.820329e+00
4.279000e-05	-1.905175e-02	7.617118e+00
4.280000e-05	-1.838417e-02	7.302528e+00
4.281000e-05	-1.735842e-02	7.061982e+00
4.282000e-05	-1.543113e-02	6.839826e+00
4.283000e-05	-1.588146e-02	6.504216e+00
4.284000e-05	-1.658604e-02	6.264507e+00
4.285000e-05	-1.434434e-02	6.061505e+00
4.286000e-05	-1.412629e-02	5.829199e+00
4.287000e-05	-1.319413e-02	5.546613e+00
4.288000e-05	-1.312727e-02	5.240930e+00
4.289000e-05	-1.233126e-02	4.933634e+00
4.290000e-05	-1.192056e-02	4.650925e+00
4.291000e-05	-1.148990e-02	4.418875e+00
4.292000e-05	-1.105763e-02	4.132107e+00
4.293000e-05	-1.052255e-02	3.840448e+00
4.294000e-05	-1.002646e-02	3.598374e+00
4.295000e-05	-9.647245e-03	3.272584e+00
4.296000e-05	-8.888418e-03	3.030872e+00
4.297000e-05	-9.591440e-03	2.767795e+00
4.298000e-05	-8.018251e-03	2.441396e+00
4.299000e-05	-7.843604e-03	2.176340e+00
4.300000e-05	-6.728140e-03	1.925133e+00
4.301000e-05	-8.082122e-03	1.607820e+00
4.302000e-05	-6.398287e-03	1.314762e+00
4.303000e-05	-5.917729e-03	9.578200e-01
4.304000e-05	-5.877709e-03	7.136329e-01
4.305000e-05	-5.377197e-03	4.503989e-01
4.306000e-05	-3.919684e-03	1.262320e-01
4.307000e-05	4.922156e-04	-1.074222e-01
4.308000e-05	8.205355e-03	-3.790037e-01
4.309000e-05	-6.550384e-03	-6.747680e-01
4.310000e-05	5.755396e-03	-8.973944e-01
4.311000e-05	-3.945191e-03	-1.160059e+00
4.312000e-05	4.236845e-03	-1.496244e+00
4.313000e-05	-3.108873e-03	-1.716345e+00
4.314000e-05	3.350529e-02	-1.958949e+00
4.315000e-05	9.472185e-02	-2.232109e+00
4.316000e-05	-2.298717e-02	-2.570555e+00
4.317000e-05	-6.228475e-02	-2.940976e+00
4.318000e-05	-3.691794e-04	-3.255688e+00
4.319000e-05	-3.147638e-02	-3.466266e+00
4.320000e-05	-7.387203e-02	-3.666245e+00
4.321000e-05	5.956169e-02	-3.917692e+00
4.322000e-05	1.134630e-01	-4.075345e+00
4.323000e-05	-1.621173e-01	-4.402036e+00
4.324000e-05	2.000512e-01	-4.613584e+00
4.325000e-05	-1.447043e-01	-4.919277e+00
4.326000e-05	4.833587e-02	-5.181539e+00
4.327000e-05	4.924017e-02	-5.486798e+00
4.328000e-05	-9.683117e-02	-5.811456e+00
4.329000e-05	1.687722e-01	-6.012040e+00
4.330000e-05	-1.249488e-01	-6.288328e+00
4.331000e-05	5.711049e-02	-6.621533e+00
4.332000e-05	1.223649e-02	-6.833092e+00
4.333000e-05	-5.253054e-02	-7.139435e+00
4.334000e-05	9.927874e-02	-7.391461e+00
4.335000e-05	-1.021928e-01	-7.675125e+00
4.336000e-05	1.381357e-01	-7.969282e+00
4.337000e-05	-7.172024e-02	-8.180435e+00
4.338000e-05	4.279047e-02	-8.423038e+00
4.339000e-05	2.693563e-02	-8.695597e+00
4.340000e-05	-3.552228e-02	-8.948223e+00
4.341000e-05	6.011029e-02	-9.086202e+00
4.342000e-05	-5.489460e-02	-9.340232e+00
4.343000e-05	9.426996e-02	-9.620859e+00
4.344000e-05	-3.713321e-02	-9.781936e+00
4.345000e-05	4.557341e-02	-9.992436e+00
4.346000e-05	-1.938785e-02	-1.023286e+01
4.347000e-05	3.346506e-02	-1.041399e+01
4.348000e-05	1.739580e-02	-1.061194e+01
4.349000e-05	2.880611e-03	-1.078241e+01
4.350000e-05	4.040080e-02	-1.099189e+01
4.351000e-05	-5.193836e-03	-1.123289e+01
4.352000e-05	3.185925e-02	-1.140091e+01
4.353000e-05	-9.523379e-03	-1.161242e+01
4.354000e-05	5.422192e-02	-1.179133e+01
4.355000e-05	-1.642338e-03	-1.200176e+01
4.356000e-05	3.190978e-02	-1.215826e+01
4.357000e-05	3.595400e-03	-1.234813e+01
4.358000e-05	3.873322e-02	-1.252854e+01
4.359000e-05	9.700561e-03	-1.262544e+01
4.360000e-05	2.276505e-02	-1.283289e+01
4.361000e-05	2.583300e-02	-1.298028e+01
4.362000e-05	2.563209e-02	-1.313663e+01
4.363000e-05	2.473402e-02	-1.326547e+01
4.364000e-05	1.935851e-02	-1.343281e+01
4.365000e-05	3.864620e-02	-1.355018e+01
4.366000e-05	2.150777e-02	-1.367452e+01
4.367000e-05	3.024659e-02	-1.378081e+01
4.368000e-05	2.445458e-02	-1.391863e+01
4.369000e-05	3.873180e-02	-1.405481e+01
4.370000e-05	2.545675e-02	-1.413026e+01
4.371000e-05	3.360945e-02	-1.425487e+01
4.372000e-05	3.273044e-02	-1.439066e+01
4.373000e-05	3.672145e-02	-1.448392e+01
4.374000e-05	3.592548e-02	-1.452818e+01
4.375000e-05	3.827585e-02	-1.461231e+01
4.376000e-05	3.949027e-02	-1.466647e+01
4.377000e-05	3.724479e-02	-1.472863e+01
4.378000e-05	3.820616e-02	-1.477878e+01
4.379000e-05	4.220959e-02	-1.487289e+01
4.380000e-05	4.164643e-02	-1.485645e+01
4.381000e-05	4.388594e-02	-1.494910e+01
4.382000e-05	4.675432e-02	-1.494868e+01
4.383000e-05	4.767705e-02	-1.499179e+01
4.384000e-05	4.675295e-02	-1.505390e+01
4.385000e-05	4.886202e-02	-1.505502e+01
4.386000e-05	5.369376e-02	-1.507492e+01
4.387000e-05	5.287390e-02	-1.508703e+01
4.388000e-05	5.484242e-02	-1.515855e+01
4.389000e-05	5.615329e-02	-1.510803e+01
4.390000e-05	5.850783e-02	-1.513902e+01
4.391000e-05	5.778213e-02	-1.514805e+01
4.392000e-05	6.085775e-02	-1.510602e+01
4.393000e-05	6.558253e-02	-1.507500e+01
4.394000e-05	6.800439e-02	-1.505392e+01
4.395000e-05	6.947648e-02	-1.503482e+01
4.396000e-05	7.367216e-02	-1.500341e+01
4.397000e-05	7.652752e-02	-1.494068e+01
4.398000e-05	8.153555e-02	-1.492850e+01
4.399000e-05	8.626595e-02	-1.487492e+01
4.400000e-05	9.112735e-02	-1.482231e+01
4.401000e-05	9.328577e-02	-1.480023e+01
4.402000e-05	9.483798e-02	-1.469605e+01
4.403000e-05	9.863169e-02	-1.464241e+01
4.404000e-05	9.692332e-02	-1.457973e+01
4.405000e-05	9.375944e-02	-1.450334e+01
4.406000e-05	9.009101e-02	-1.440913e+01
4.407000e-05	8.822151e-02	-1.424344e+01
4.408000e-05	8.309834e-02	-1.416005e+01
4.409000e-05	7.764004e-02	-1.406323e+01
4.410000e-05	7.248299e-02	-1.391652e+01
4.411000e-05	6.805730e-02	-1.377133e+01
4.412000e-05	6.366427e-02	-1.373651e+01
4.413000e-05	5.935259e-02	-1.357858e+01
4.414000e-05	5.652699e-02	-1.344231e+01
4.415000e-05	5.241273e-02	-1.329544e+01
4.416000e-05	4.860001e-02	-1.314867e+01
4.417000e-05	4.479215e-02	-1.301188e+01
4.418000e-05	4.211955e-02	-1.286544e+01
4.419000e-05	4.018936e-02	-1.277760e+01
4.420000e-05	3.817925e-02	-1.259070e+01
4.421000e-05	3.666026e-02	-1.246193e+01
4.422000e-05	3.421550e-02	-1.228551e+01
4.423000e-05	3.323295e-02	-1.213557e+01
4.424000e-05	3.091173e-02	-1.193657e+01
4.425000e-05	2.913043e-02	-1.175752e+01
4.426000e-05	2.601867e-02	-1.154705e+01
4.427000e-05	2.589474e-02	-1.130805e+01
4.428000e-05	2.483684e-02	-1.114546e+01
4.429000e-05	2.290538e-02	-1.093609e+01
4.430000e-05	2.129812e-02	-1.074664e+01
4.431000e-05	2.083062e-02	-1.058915e+01
4.432000e-05	2.078545e-02	-1.031701e+01
4.433000e-05	1.872662e-02	-1.016507e+01
4.434000e-05	1.826876e-02	-9.894038e+00
4.435000e-05	1.681748e-02	-9.704039e+00
4.436000e-05	1.689239e-02	-9.443437e+00
4.437000e-05	1.417270e-02	-9.239406e+00
4.438000e-05	1.437741e-02	-9.000322e+00
4.439000e-05	1.201711e-02	-8.778350e+00
4.440000e-05	1.014899e-02	-8.567597e+00
4.441000e-05	1.217744e-02	-8.305063e+00
4.442000e-05	8.586233e-03	-8.084505e+00
4.443000e-05	1.184332e-02	-7.831257e+00
4.444000e-05	1.046953e-02	-7.515568e+00
4.445000e-05	9.607301e-03	-7.314113e+00
4.446000e-05	8.918849e-03	-7.093377e+00
4.447000e-05	4.597157e-03	-6.799399e+00
4.448000e-05	7.513791e-03	-6.537216e+00
4.449000e-05	4.450784e-03	-6.356988e+00
4.450000e-05	4.890831e-03	-6.040403e+00
4.451000e-05	4.974150e-03	-5.778747e+00
4.452000e-05	4.613059e-03	-5.558140e+00
4.453000e-05	6.580490e-03	-5.231451e+00
4.454000e-05	3.393485e-03	-4.925520e+00
4.455000e-05	2.783999e-03	-4.628899e+00
4.456000e-05	1.615873e-03	-4.398872e+00
4.457000e-05	2.912895e-03	-4.166242e+00
4.458000e-05	2.609394e-03	-3.872461e+00
4.459000e-05	-3.578748e-04	-3.579300e+00
4.460000e-05	-8.103359e-04	-3.365710e+00
4.461000e-05	-2.516081e-04	-3.071925e+00
4.462000e-05	-1.271722e-03	-2.736242e+00
4.463000e-05	4.879448e-04	-2.474055e+00
4.464000e-05	-7.613393e-04	-2.200371e+00
4.465000e-05	1.224497e-03	-1.935709e+00
4.466000e-05	-3.861450e-03	-1.623478e+00
4.467000e-05	-2.690306e-03	-1.304158e+00
4.468000e-05	-5.005404e-03	-1.030495e+00
4.469000e-05	-3.975480e-03	-7.387158e-01
4.470000e-05	-3.796179e-03	-4.204774e-01
4.471000e-05	-6.114901e-03	-1.788647e-01
4.472000e-05	-1.097235e-04	8.637072e-02
4.473000e-05	6.804953e-03	3.800538e-01
4.474000e-05	-2.413936e-03	6.021566e-01
4.475000e-05	2.768446e-03	8.647195e-01
4.476000e-05	-3.201418e-03	1.180029e+00
4.477000e-05	-9.564953e-04	1.444242e+00
4.478000e-05	-7.946122e-03	1.748504e+00
4.479000e-05	8.902202e-03	1.979475e+00
4.480000e-05	2.521563e-02	2.180081e+00
4.481000e-05	8.573954e-02	2.506868e+00
4.482000e-05	-5.732082e-02	2.803215e+00
4.483000e-05	-4.541551e-02	3.126897e+00
4.484000e-05	-2.883197e-02	3.382585e+00
4.485000e-05	-6.676870e-03	3.675162e+00
4.486000e-05	-6.501766e-02	3.904193e+00
4.487000e-05	3.602267e-03	4.063719e+00
4.488000e-05	1.108443e-01	4.380454e+00
4.489000e-05	-1.087943e-01	4.653087e+00
4.490000e-05	2.155688e-02	4.843241e+00
4.491000e-05	6.406840e-02	5.223488e+00
4.492000e-05	-1.210721e-01	5.496718e+00
4.493000e-05	8.316645e-02	5.747432e+00
4.494000e-05	-5.189672e-02	6.043587e+00
4.495000e-05	3.156661e-02	6.265221e+00
4.496000e-05	-2.622487e-02	6.560406e+00
4.497000e-05	-2.789795e-02	6.843066e+00
4.498000e-05	2.774617e-02	7.074619e+00
4.499000e-05	-5.634724e-02	7.342358e+00
4.500000e-05	1.433693e-02	7.623563e+00
4.501000e-05	-4.980358e-02	7.937199e+00
4.502000e-05	3.857089e-02	8.170960e+00
4.503000e-05	-1.324629e-02	8.402017e+00
4.504000e-05	-3.745823e-02	8.583514e+00
4.505000e-05	1.918004e-02	8.834148e+00
4.506000e-05	-3.841682e-02	9.117174e+00
4.507000e-05	2.747640e-03	9.348276e+00
4.508000e-05	-4.237695e-02	9.528784e+00
4.509000e-05	1.309133e-02	9.819437e+00
4.510000e-05	-2.834083e-02	9.990362e+00
4.511000e-05	-1.714469e-02	1.019042e+01
4.512000e-05	-2.860902e-02	1.039044e+01
4.513000e-05	-1.001013e-02	1.062286e+01
4.514000e-05	-8.000197e-03	1.079396e+01
4.515000e-05	-3.014622e-02	1.098191e+01
4.516000e-05	-7.654466e-03	1.121133e+01
4.517000e-05	-2.265160e-02	1.134184e+01
4.518000e-05	-1.510421e-02	1.158286e+01
4.519000e-05	-4.146269e-02	1.180336e+01
4.520000e-05	-8.901011e-03	1.197026e+01
4.521000e-05	-2.457156e-02	1.213823e+01
4.522000e-05	-2.478316e-02	1.230507e+01
4.523000e-05	-3.000833e-02	1.250460e+01
4.524000e-05	-1.870234e-02	1.264302e+01
4.525000e-05	-2.226417e-02	1.281236e+01
4.526000e-05	-3.514385e-02	1.292978e+01
4.527000e-05	-2.263883e-02	1.308563e+01
4.528000e-05	-2.997525e-02	1.325499e+01
4.529000e-05	-2.970909e-02	1.340936e+01
4.530000e-05	-4.005282e-02	1.353768e+01
4.531000e-05	-2.461168e-02	1.365347e+01
4.532000e-05	-3.208769e-02	1.383077e+01
4.533000e-05	-3.334206e-02	1.393808e+01
4.534000e-05	-3.520374e-02	1.410500e+01
4.535000e-05	-3.305092e-02	1.421216e+01
4.536000e-05	-3.465403e-02	1.432715e+01
4.537000e-05	-4.258283e-02	1.443284e+01
4.538000e-05	-3.632859e-02	1.451395e+01
4.539000e-05	-4.270377e-02	1.460128e+01
4.540000e-05	-3.991535e-02	1.467397e+01
4.541000e-05	-4.284714e-02	1.473810e+01
4.542000e-05	-4.122080e-02	1.483126e+01
4.543000e-05	-4.504824e-02	1.486294e+01
4.544000e-05	-4.705207e-02	1.489664e+01
4.545000e-05	-4.611581e-02	1.492720e+01
4.546000e-05	-4.936535e-02	1.497878e+01
4.547000e-05	-5.110156e-02	1.505342e+01
4.548000e-05	-5.339611e-02	1.507394e+01
4.549000e-05	-5.213510e-02	1.511607e+01
4.550000e-05	-5.820316e-02	1.511810e+01
4.551000e-05	-5.712746e-02	1.515705e+01
4.552000e-05	-5.720223e-02	1.516816e+01
4.553000e-05	-5.699481e-02	1.517068e+01
4.554000e-05	-6.077892e-02	1.518114e+01
4.555000e-05	-6.410543e-02	1.520021e+01
4.556000e-05	-6.436648e-02	1.523016e+01
4.557000e-05	-6.903885e-02	1.519966e+01
4.558000e-05	-6.993122e-02	1.516865e+01
4.559000e-05	-7.370288e-02	1.514855e+01
4.560000e-05	-7.435088e-02	1.513900e+01
4.561000e-05	-7.883260e-02	1.507550e+01
4.562000e-05	-8.119068e-02	1.506291e+01
4.563000e-05	-8.529091e-02	1.502288e+01
4.564000e-05	-9.126267e-02	1.495981e+01
4.565000e-05	-9.462888e-02	1.491607e+01
4.566000e-05	-9.880853e-02	1.489542e+01
4.567000e-05	-1.015102e-01	1.475026e+01
4.568000e-05	-1.047336e-01	1.473662e+01
4.569000e-05	-1.029546e-01	1.464484e+01
4.570000e-05	-1.016028e-01	1.459920e+01
4.571000e-05	-9.878325e-02	1.451399e+01
4.572000e-05	-9.514916e-02	1.441968e+01
4.573000e-05	-8.969311e-02	1.426491e+01
4.574000e-05	-8.366404e-02	1.417561e+01
4.575000e-05	-8.275063e-02	1.405184e+01
4.576000e-05	-7.513790e-02	1.392747e+01
4.577000e-05	-7.378097e-02	1.376873e+01
4.578000e-05	-6.557201e-02	1.367346e+01
4.579000e-05	-6.594745e-02	1.355557e+01
4.580000e-05	-5.943790e-02	1.338878e+01
4.581000e-05	-5.813073e-02	1.328499e+01
4.582000e-05	-5.310808e-02	1.313649e+01
4.583000e-05	-5.111461e-02	1.296818e+01
4.584000e-05	-4.823991e-02	1.282181e+01
4.585000e-05	-4.601990e-02	1.271596e+01
4.586000e-05	-4.328329e-02	1.252659e+01
4.587000e-05	-4.138373e-02	1.240018e+01
4.588000e-05	-3.956381e-02	1.221233e+01
4.589000e-05	-3.867296e-02	1.203186e+01
4.590000e-05	-3.665677e-02	1.189296e+01
4.591000e-05	-3.555379e-02	1.171346e+01
4.592000e-05	-3.464916e-02	1.147386e+01
4.593000e-05	-3.267215e-02	1.126143e+01
4.594000e-05	-3.031215e-02	1.110299e+01
4.595000e-05	-2.999802e-02	1.089304e+01
4.596000e-05	-2.920166e-02	1.068444e+01
4.597000e-05	-2.843676e-02	1.053246e+01
4.598000e-05	-2.663240e-02	1.029036e+01
4.599000e-05	-2.619884e-02	1.009393e+01
4.600000e-05	-2.498532e-02	9.830781e+00
4.601000e-05	-2.419616e-02	9.587321e+00
4.602000e-05	-2.319773e-02	9.376745e+00
4.603000e-05	-2.233131e-02	9.158597e+00
4.604000e-05	-2.194882e-02	8.923587e+00
4.605000e-05	-2.083511e-02	8.674039e+00
4.606000e-05	-2.113707e-02	8.481936e+00
4.607000e-05	-2.008924e-02	8.241300e+00
4.608000e-05	-1.988188e-02	7.988695e+00
4.609000e-05	-1.865547e-02	7.756143e+00
4.610000e-05	-1.893448e-02	7.443307e+00
4.611000e-05	-1.701892e-02	7.248322e+00
4.612000e-05	-1.635215e-02	6.997668e+00
4.613000e-05	-1.689012e-02	6.715616e+00
4.614000e-05	-1.567887e-02	6.430400e+00
4.615000e-05	-1.454029e-02	6.209748e+00
4.616000e-05	-1.374070e-02	5.958843e+00
4.617000e-05	-1.449099e-02	5.702475e+00
4.618000e-05	-1.332240e-02	5.439003e+00
4.619000e-05	-1.181134e-02	5.125031e+00
4.620000e-05	-1.210480e-02	4.860297e+00
4.621000e-05	-1.241520e-02	4.527243e+00
4.622000e-05	-1.144967e-02	4.315039e+00
4.623000e-05	-1.011182e-02	4.009272e+00
4.624000e-05	-1.034614e-02	3.716212e+00
4.625000e-05	-9.940436e-03	3.482929e+00
4.626000e-05	-9.428223e-03	3.228295e+00
4.627000e-05	-9.303935e-03	2.924133e+00
4.628000e-05	-9.125994e-03	2.650550e+00
4.629000e-05	-8.130777e-03	2.335638e+00
4.630000e-05	-7.979266e-03	2.062551e+00
4.631000e-05	-6.667998e-03	1.840939e+00
4.632000e-05	-6.511580e-03	1.472133e+00
4.633000e-05	-6.242557e-03	1.208891e+00
4.634000e-05	-6.106734e-03	8.516012e-01
4.635000e-05	-5.974200e-03	5.868374e-01
4.636000e-05	-4.400046e-03	3.151870e-01
4.637000e-05	-3.775060e-03	2.042013e-02
4.638000e-05	4.302830e-03	-2.431615e-01
4.639000e-05	3.674261e-03	-4.658945e-01
4.640000e-05	-2.500345e-03	-7.995536e-01
4.641000e-05	2.685661e-03	-1.023185e+00
4.642000e-05	-9.083312e-04	-1.287448e+00
4.643000e-05	1.318028e-03	-1.581581e+00
4.644000e-05	9.276858e-03	-1.801583e+00
4.645000e-05	5.134376e-02	-1.992137e+00
4.646000e-05	9.161966e-02	-2.348505e+00
4.647000e-05	-9.594286e-02	-2.708378e+00
4.648000e-05	9.864087e-04	-3.106798e+00
4.649000e-05	-3.804862e-02	-3.348921e+00
4.650000e-05	-1.673197e-02	-3.548478e+00
4.651000e-05	-9.245633e-02	-3.789536e+00
4.652000e-05	1.835057e-01	-3.988376e+00
4.653000e-05	-6.187410e-02	-4.213135e+00
4.654000e-05	-1.853805e-02	-4.456198e+00
4.655000e-05	1.204269e-01	-4.717905e+00
4.656000e-05	-1.736967e-01	-5.024089e+00
4.657000e-05	1.692073e-01	-5.315730e+00
4.658000e-05	-9.349443e-02	-5.653463e+00
4.659000e-05	4.481776e-02	-5.875768e+00
4.660000e-05	8.151703e-02	-6.096873e+00
4.661000e-05	-1.303984e-01	-6.463090e+00
4.662000e-05	1.319079e-01	-6.705124e+00
4.663000e-05	-9.677465e-02	-6.930882e+00
4.664000e-05	6.816108e-02	-7.266138e+00
4.665000e-05	-8.480901e-03	-7.496622e+00
4.666000e-05	-1.635900e-02	-7.822440e+00
4.667000e-05	1.015884e-01	-8.053563e+00
4.668000e-05	-9.788792e-02	-8.295698e+00
4.669000e-05	1.099863e-01	-8.497259e+00
4.670000e-05	-5.575530e-02	-8.771930e+00
4.671000e-05	4.172042e-02	-9.011037e+00
4.672000e-05	-9.505912e-03	-9.200539e+00
4.673000e-05	7.577952e-03	-9.454115e+00
4.674000e-05	6.001667e-02	-9.685122e+00
4.675000e-05	-3.231228e-02	-9.886695e+00
4.676000e-05	5.055431e-02	-1.011563e+01
4.677000e-05	-3.292190e-02	-1.032562e+01
4.678000e-05	6.490187e-02	-1.051812e+01
4.679000e-05	-2.198775e-02	-1.068607e+01
4.680000e-05	4.278215e-02	-1.091710e+01
4.681000e-05	5.267775e-03	-1.106660e+01
4.682000e-05	2.301094e-02	-1.127660e+01
4.683000e-05	3.964407e-03	-1.146597e+01
4.684000e-05	1.934378e-02	-1.164602e+01
4.685000e-05	3.537236e-02	-1.188497e+01
4.686000e-05	6.666694e-03	-1.209402e+01
4.687000e-05	2.512758e-02	-1.220241e+01
4.688000e-05	1.015295e-02	-1.239089e+01
4.689000e-05	3.884792e-02	-1.256978e+01
4.690000e-05	3.363460e-03	-1.271918e+01
4.691000e-05	3.513693e-02	-1.289505e+01
4.692000e-05	1.680319e-02	-1.302244e+01
4.693000e-05	3.244865e-02	-1.317073e+01
4.694000e-05	1.439154e-02	-1.332913e+01
4.695000e-05	3.427450e-02	-1.345445e+01
4.696000e-05	2.861636e-02	-1.359031e+01
4.697000e-05	2.655065e-02	-1.374653e+01
4.698000e-05	2.477431e-02	-1.385347e+01
4.699000e-05	3.162446e-02	-1.396971e+01
4.700000e-05	3.386658e-02	-1.409742e+01
4.701000e-05	2.587735e-02	-1.419174e+01
4.702000e-05	3.494472e-02	-1.429642e+01
4.703000e-05	3.422322e-02	-1.439983e+01
4.704000e-05	3.678538e-02	-1.449650e+01
4.705000e-05	3.411602e-02	-1.456068e+01
4.706000e-05	3.976846e-02	-1.464241e+01
4.707000e-05	3.876991e-02	-1.467710e+01
4.708000e-05	3.714758e-02	-1.477763e+01
4.709000e-05	3.916323e-02	-1.482276e+01
4.710000e-05	4.261543e-02	-1.484234e+01
4.711000e-05	4.220197e-02	-1.494610e+01
4.712000e-05	4.509665e-02	-1.497018e+01
4.713000e-05	4.525001e-02	-1.498926e+01
4.714000e-05	4.720302e-02	-1.499230e+01
4.715000e-05	4.800289e-02	-1.503484e+01
4.716000e-05	5.174724e-02	-1.507589e+01
4.717000e-05	5.197560e-02	-1.504598e+01
4.718000e-05	5.294665e-02	-1.511647e+01
4.719000e-05	5.616405e-02	-1.514702e+01
4.720000e-05	5.765741e-02	-1.512860e+01
4.721000e-05	5.799291e-02	-1.514752e+01
4.722000e-05	5.881481e-02	-1.510500e+01
4.723000e-05	6.381068e-02	-1.511747e+01
4.724000e-05	6.602048e-02	-1.506545e+01
4.725000e-05	6.790403e-02	-1.505482e+01
4.726000e-05	7.085099e-02	-1.504441e+01
4.727000e-05	7.617171e-02	-1.502226e+01
4.728000e-05	7.816928e-02	-1.495023e+01
4.729000e-05	8.344512e-02	-1.492605e+01
4.730000e-05	8.739134e-02	-1.486439e+01
4.731000e-05	9.222121e-02	-1.483181e+01
4.732000e-05	9.362962e-02	-1.475762e+01
4.733000e-05	9.637672e-02	-1.469492e+01
4.734000e-05	9.765391e-02	-1.460126e+01
4.735000e-05	9.507953e-02	-1.451653e+01
4.736000e-05	9.289695e-02	-1.445021e+01
4.737000e-05	9.005903e-02	-1.435907e+01
4.738000e-05	8.595514e-02	-1.421283e+01
4.739000e-05	8.046156e-02	-1.413645e+01
4.740000e-05	7.614744e-02	-1.404273e+01
4.741000e-05	7.169955e-02	-1.387439e+01
4.742000e-05	6.597732e-02	-1.373718e+01
4.743000e-05	6.076656e-02	-1.362331e+01
4.744000e-05	5.849717e-02	-1.348292e+01
4.745000e-05	5.492558e-02	-1.342008e+01
4.746000e-05	5.044247e-02	-1.323279e+01
4.747000e-05	4.595256e-02	-1.309502e+01
4.748000e-05	4.350229e-02	-1.295925e+01
4.749000e-05	4.206841e-02	-1.283983e+01
4.750000e-05	3.983856e-02	-1.267494e+01
4.751000e-05	3.664681e-02	-1.253902e+01
4.752000e-05	3.578919e-02	-1.237728e+01
4.753000e-05	3.294192e-02	-1.223280e+01
4.754000e-05	3.100795e-02	-1.203129e+01
4.755000e-05	2.866992e-02	-1.184294e+01
4.756000e-05	2.793475e-02	-1.165241e+01
4.757000e-05	2.751689e-02	-1.144080e+01
4.758000e-05	2.556303e-02	-1.121231e+01
4.759000e-05	2.452070e-02	-1.105181e+01
4.760000e-05	2.196241e-02	-1.084194e+01
4.761000e-05	2.153854e-02	-1.065349e+01
4.762000e-05	2.092521e-02	-1.044339e+01
4.763000e-05	1.957774e-02	-1.024288e+01
4.764000e-05	1.813222e-02	-1.003125e+01
4.765000e-05	1.818888e-02	-9.789276e+00
4.766000e-05	1.675086e-02	-9.608873e+00
4.767000e-05	1.483068e-02	-9.366196e+00
4.768000e-05	1.333070e-02	-9.137671e+00
4.769000e-05	1.275365e-02	-8.925667e+00
4.770000e-05	1.271594e-02	-8.685911e+00
4.771000e-05	1.153831e-02	-8.430851e+00
4.772000e-05	1.042855e-02	-8.190774e+00
4.773000e-05	1.032708e-02	-7.987754e+00
4.774000e-05	9.353823e-03	-7.705464e+00
4.775000e-05	8.308207e-03	-7.450953e+00
4.776000e-05	7.775443e-03	-7.180377e+00
4.777000e-05	7.492125e-03	-6.996617e+00
4.778000e-05	7.842021e-03	-6.684511e+00
4.779000e-05	6.888186e-03	-6.432981e+00
4.780000e-05	5.940325e-03	-6.231800e+00
4.781000e-05	4.051338e-03	-5.936566e+00
4.782000e-05	4.941339e-03	-5.693584e+00
4.783000e-05	3.625818e-03	-5.461872e+00
4.784000e-05	3.806742e-03	-5.116564e+00
4.785000e-05	2.748042e-03	-4.819821e+00
4.786000e-05	3.703500e-03	-4.515162e+00
4.787000e-05	2.861600e-03	-4.294133e+00
4.788000e-05	3.021823e-03	-4.061478e+00
4.789000e-05	1.138372e-03	-3.736691e+00
4.790000e-05	5.174226e-04	-3.473582e+00
4.791000e-05	7.675522e-05	-3.230018e+00
4.792000e-05	-7.044206e-04	-2.932633e+00
4.793000e-05	-1.321879e-03	-2.642499e+00
4.794000e-05	-9.824751e-04	-2.408767e+00
4.795000e-05	-1.469412e-03	-2.102625e+00
4.796000e-05	-2.183201e-03	-1.839395e+00
4.797000e-05	-2.509702e-03	-1.537111e+00
4.798000e-05	-2.307251e-03	-1.195792e+00
4.799000e-05	-3.565186e-03	-9.057080e-01
4.800000e-05	-4.770282e-03	-6.384461e-01
4.801000e-05	-3.749520e-03	-3.357870e-01
4.802000e-05	-3.145104e-03	-8.212408e-02
4.803000e-05	2.975811e-03	2.331114e-01
4.804000e-05	4.211318e-03	4.752894e-01
4.805000e-05	-5.356026e-03	7.268483e-01
4.806000e-05	3.062492e-03	1.001551e+00
4.807000e-05	-6.049085e-03	1.285772e+00
4.808000e-05	-1.858175e-04	1.590104e+00
4.809000e-05	-5.195047e-03	1.863238e+00
4.810000e-05	1.757960e-02	2.045217e+00
4.811000e-05	4.978432e-02	2.276296e+00
4.812000e-05	5.771702e-02	2.663643e+00
4.813000e-05	-9.392493e-02	2.958474e+00
4.814000e-05	-1.736391e-02	3.213116e+00
4.815000e-05	-3.685324e-02	3.526330e+00
4.816000e-05	-1.133502e-02	3.779430e+00
4.817000e-05	-7.168335e-02	3.969377e+00
4.818000e-05	6.688301e-02	4.180004e+00
4.819000e-05	6.490632e-02	4.478246e+00
4.820000e-05	-1.509212e-01	4.737799e+00
4.821000e-05	1.533919e-01	5.000583e+00
4.822000e-05	-9.296798e-02	5.340378e+00
4.823000e-05	-3.552269e-03	5.570911e+00
4.824000e-05	2.237391e-02	5.866672e+00
4.825000e-05	-2.936589e-02	6.127276e+00
4.826000e-05	2.893611e-02	6.400957e+00
4.827000e-05	-5.229891e-02	6.685670e+00
4.828000e-05	1.554202e-02	6.916850e+00
4.829000e-05	-1.479547e-02	7.171433e+00
4.830000e-05	-2.795496e-02	7.525101e+00
4.831000e-05	-4.827452e-03	7.748882e+00
4.832000e-05	-2.611287e-02	8.053440e+00
4.833000e-05	4.068075e-02	8.304670e+00
4.834000e-05	-4.754894e-02	8.515772e+00
4.835000e-05	-8.846992e-03	8.686722e+00
4.836000e-05	2.195341e-03	8.930406e+00
4.837000e-05	-3.220286e-02	9.190908e+00
4.838000e-05	-4.923401e-03	9.389461e+00
4.839000e-05	-3.395603e-02	9.652991e+00
4.840000e-05	1.731680e-02	9.876571e+00
4.841000e-05	-3.577163e-02	1.011605e+01
4.842000e-05	-1.564480e-02	1.028502e+01
4.843000e-05	-2.681967e-02	1.043504e+01
4.844000e-05	-6.133778e-03	1.068557e+01
4.845000e-05	-1.617822e-02	1.093717e+01
4.846000e-05	-3.262201e-02	1.108607e+01
4.847000e-05	-3.171132e-03	1.128455e+01
4.848000e-05	-2.416866e-02	1.142560e+01
4.849000e-05	-1.917667e-02	1.166407e+01
4.850000e-05	-3.363352e-02	1.185457e+01
4.851000e-05	-7.624356e-03	1.203097e+01
4.852000e-05	-2.582250e-02	1.219294e+01
4.853000e-05	-2.928437e-02	1.236933e+01
4.854000e-05	-2.534236e-02	1.254873e+01
4.855000e-05	-2.167424e-02	1.271512e+01
4.856000e-05	-2.672822e-02	1.285602e+01
4.857000e-05	-3.447315e-02	1.300184e+01
4.858000e-05	-2.041696e-02	1.320878e+01
4.859000e-05	-2.997998e-02	1.331865e+01
4.860000e-05	-3.185043e-02	1.347551e+01
4.861000e-05	-3.298468e-02	1.362976e+01
4.862000e-05	-2.615233e-02	1.373815e+01
4.863000e-05	-3.203860e-02	1.387590e+01
4.864000e-05	-3.877629e-02	1.401073e+01
4.865000e-05	-3.294535e-02	1.412861e+01
4.866000e-05	-3.693516e-02	1.422396e+01
4.867000e-05	-3.603769e-02	1.436818e+01
4.868000e-05	-4.076128e-02	1.441397e+01
4.869000e-05	-3.523542e-02	1.455010e+01
4.870000e-05	-4.132957e-02	1.466294e+01
4.871000e-05	-4.077614e-02	1.468660e+01
4.872000e-05	-4.019014e-02	1.475876e+01
4.873000e-05	-4.377672e-02	1.483235e+01
4.874000e-05	-4.457050e-02	1.488552e+01
4.875000e-05	-5.053423e-02	1.492608e+01
4.876000e-05	-4.545609e-02	1.494925e+01
4.877000e-05	-5.189540e-02	1.504192e+01
4.878000e-05	-4.968433e-02	1.503191e+01
4.879000e-05	-5.280853e-02	1.509547e+01
4.880000e-05	-5.372614e-02	1.511603e+01
4.881000e-05	-5.668556e-02	1.512800e+01
4.882000e-05	-5.795625e-02	1.517708e+01
4.883000e-05	-5.670786e-02	1.515865e+01
4.884000e-05	-6.130899e-02	1.519916e+01
4.885000e-05	-6.248517e-02	1.521013e+01
4.886000e-05	-6.548759e-02	1.520969e+01
4.887000e-05	-6.561876e-02	1.520974e+01
4.888000e-05	-6.924660e-02	1.519871e+01
4.889000e-05	-7.049979e-02	1.518863e+01
4.890000e-05	-7.240024e-02	1.515865e+01
4.891000e-05	-7.600586e-02	1.510647e+01
4.892000e-05	-7.951405e-02	1.508494e+01
4.893000e-05	-8.412403e-02	1.502239e+01
4.894000e-05	-8.684846e-02	1.499133e+01
4.895000e-05	-9.367668e-02	1.495823e+01
4.896000e-05	-9.687050e-02	1.489697e+01
4.897000e-05	-1.006208e-01	1.485226e+01
4.898000e-05	-1.022575e-01	1.478975e+01
4.899000e-05	-1.032452e-01	1.469597e+01
4.900000e-05	-1.028692e-01	1.465336e+01
4.901000e-05	-9.938121e-02	1.453652e+01
4.902000e-05	-9.748234e-02	1.442377e+01
4.903000e-05	-9.154732e-02	1.431807e+01
4.904000e-05	-8.958598e-02	1.427179e+01
4.905000e-05	-8.323672e-02	1.414647e+01
4.906000e-05	-8.078821e-02	1.401013e+01
4.907000e-05	-7.312829e-02	1.389284e+01
4.908000e-05	-7.057681e-02	1.374815e+01
4.909000e-05	-6.526036e-02	1.359976e+01
4.910000e-05	-6.221901e-02	1.350297e+01
4.911000e-05	-5.869054e-02	1.337565e+01
4.912000e-05	-5.612344e-02	1.319925e+01
4.913000e-05	-5.377386e-02	1.309441e+01
4.914000e-05	-5.055576e-02	1.297657e+01
4.915000e-05	-4.801065e-02	1.274870e+01
4.916000e-05	-4.499831e-02	1.264941e+01
4.917000e-05	-4.292371e-02	1.251494e+01
4.918000e-05	-4.167676e-02	1.233701e+01
4.919000e-05	-3.879691e-02	1.215718e+01
4.920000e-05	-3.725881e-02	1.194868e+01
4.921000e-05	-3.613040e-02	1.178123e+01
4.922000e-05	-3.526657e-02	1.162871e+01
4.923000e-05	-3.341324e-02	1.142971e+01
4.924000e-05	-3.217256e-02	1.118875e+01
4.925000e-05	-3.072659e-02	1.098828e+01
4.926000e-05	-3.030812e-02	1.087028e+01
4.927000e-05	-2.882219e-02	1.062128e+01
4.928000e-05	-2.782785e-02	1.039777e+01
4.929000e-05	-2.674404e-02	1.018827e+01
4.930000e-05	-2.603905e-02	9.968571e+00
4.931000e-05	-2.455239e-02	9.745542e+00
4.932000e-05	-2.298522e-02	9.504536e+00
4.933000e-05	-2.322291e-02	9.316064e+00
4.934000e-05	-2.255665e-02	9.054407e+00
4.935000e-05	-2.140439e-02	8.849851e+00
4.936000e-05	-2.159835e-02	8.609299e+00
4.937000e-05	-2.120130e-02	8.359175e+00
4.938000e-05	-2.052551e-02	8.126067e+00
4.939000e-05	-1.878279e-02	7.894482e+00
4.940000e-05	-1.745281e-02	7.640849e+00
4.941000e-05	-1.786573e-02	7.388167e+00
4.942000e-05	-1.751942e-02	7.094587e+00
4.943000e-05	-1.669328e-02	6.873033e+00
4.944000e-05	-1.639085e-02	6.639150e+00
4.945000e-05	-1.522924e-02	6.335192e+00
4.946000e-05	-1.477793e-02	6.125033e+00
4.947000e-05	-1.422075e-02	5.873857e+00
4.948000e-05	-1.385040e-02	5.578323e+00
4.949000e-05	-1.319880e-02	5.366591e+00
4.950000e-05	-1.202085e-02	4.956820e+00
4.951000e-05	-1.139579e-02	4.704612e+00
4.952000e-05	-1.168996e-02	4.471475e+00
4.953000e-05	-1.195067e-02	4.167266e+00
4.954000e-05	-1.196768e-02	3.873533e+00
4.955000e-05	-1.033177e-02	3.642451e+00
4.956000e-05	-9.759350e-03	3.415287e+00
4.957000e-05	-9.633378e-03	3.071474e+00
4.958000e-05	-9.278074e-03	2.838424e+00
4.959000e-05	-8.407216e-03	2.534157e+00
4.960000e-05	-8.773718e-03	2.260423e+00
4.961000e-05	-8.257762e-03	1.967868e+00
4.962000e-05	-7.026404e-03	1.715027e+00
4.963000e-05	-5.908360e-03	1.418840e+00
4.964000e-05	-5.936360e-03	1.082073e+00
4.965000e-05	-5.965625e-03	7.663686e-01
4.966000e-05	-5.448123e-03	5.135792e-01
4.967000e-05	-3.526148e-03	2.168713e-01
4.968000e-05	-2.081299e-03	-9.482047e-02
4.969000e-05	8.965276e-03	-3.384211e-01
4.970000e-05	-3.879238e-03	-6.040312e-01
4.971000e-05	4.170327e-03	-8.957417e-01
4.972000e-05	-3.682128e-03	-1.086850e+00
4.973000e-05	3.916878e-03	-1.432560e+00
4.974000e-05	-3.358174e-03	-1.675741e+00
4.975000e-05	2.433271e-02	-1.897766e+00
4.976000e-05	7.837497e-02	-2.089871e+00
4.977000e-05	2.757430e-02	-2.486301e+00
4.978000e-05	-9.224583e-02	-2.846744e+00
4.979000e-05	1.708915e-02	-3.213013e+00
4.980000e-05	-4.280177e-02	-3.422609e+00
4.981000e-05	-4.679745e-02	-3.612590e+00
4.982000e-05	-1.393831e-02	-3.843588e+00
4.983000e-05	1.778605e-01	-4.013166e+00
4.984000e-05	-1.853339e-01	-4.348375e+00
4.985000e-05	1.623029e-01	-4.561305e+00
4.986000e-05	-5.504454e-02	-4.804614e+00
4.987000e-05	-4.875823e-02	-5.160381e+00
4.988000e-05	1.263914e-01	-5.433588e+00
4.989000e-05	-1.378220e-01	-5.718927e+00
4.990000e-05	1.581813e-01	-5.949380e+00
4.991000e-05	-6.315496e-02	-6.223214e+00
4.992000e-05	-1.822193e-02	-6.528355e+00
4.993000e-05	7.851558e-02	-6.782484e+00
4.994000e-05	-9.900672e-02	-7.137227e+00
4.995000e-05	1.233654e-01	-7.368826e+00
4.996000e-05	-1.005674e-01	-7.610460e+00
4.997000e-05	1.011317e-01	-7.856597e+00
4.998000e-05	-1.397151e-02	-8.138775e+00
4.999000e-05	-1.608209e-02	-8.380309e+00
